# 3ds Max Wavefront OBJ Exporter v0.99 - (c)2007 guruware
# File Created: 27.07.2026 16:33:57

mtllib left_ankle_roll_link.mtl

#
# object node
#

v  0.0246 -0.0179 0.0089
v  0.0247 -0.0179 0.0080
v  0.0250 -0.0176 0.0085
v  0.0248 -0.0176 0.0090
v  0.0246 -0.0176 0.0094
v  0.0241 -0.0179 0.0097
v  0.0244 -0.0176 0.0098
v  0.0240 -0.0176 0.0102
v  0.0235 -0.0179 0.0103
v  0.0236 -0.0176 0.0105
v  0.0232 -0.0176 0.0107
v  0.0227 -0.0179 0.0106
v  0.0227 -0.0176 0.0109
v  0.0222 -0.0176 0.0110
v  0.0218 -0.0179 0.0107
v  0.0218 -0.0176 0.0110
v  0.0209 -0.0179 0.0105
v  0.0213 -0.0176 0.0109
v  0.0208 -0.0176 0.0107
v  0.0202 -0.0179 0.0100
v  0.0204 -0.0176 0.0105
v  0.0200 -0.0176 0.0102
v  0.0196 -0.0179 0.0093
v  0.0196 -0.0176 0.0098
v  0.0194 -0.0176 0.0094
v  0.0193 -0.0179 0.0084
v  0.0192 -0.0176 0.0090
v  0.0190 -0.0176 0.0085
v  0.0193 -0.0179 0.0080
v  0.0190 -0.0176 0.0080
v  0.0193 -0.0179 0.0076
v  0.0190 -0.0176 0.0075
v  0.0196 -0.0179 0.0067
v  0.0192 -0.0176 0.0070
v  0.0194 -0.0176 0.0066
v  0.0202 -0.0179 0.0060
v  0.0196 -0.0176 0.0062
v  0.0200 -0.0176 0.0058
v  0.0209 -0.0179 0.0055
v  0.0204 -0.0176 0.0055
v  0.0208 -0.0176 0.0053
v  0.0218 -0.0179 0.0053
v  0.0213 -0.0176 0.0051
v  0.0218 -0.0176 0.0050
v  0.0227 -0.0179 0.0054
v  0.0222 -0.0176 0.0050
v  0.0227 -0.0176 0.0051
v  0.0232 -0.0176 0.0053
v  0.0235 -0.0179 0.0057
v  0.0236 -0.0176 0.0055
v  0.0240 -0.0176 0.0058
v  0.0241 -0.0179 0.0063
v  0.0244 -0.0176 0.0062
v  0.0246 -0.0176 0.0066
v  0.0246 -0.0179 0.0071
v  0.0248 -0.0176 0.0070
v  0.0250 -0.0176 0.0075
v  0.0250 -0.0176 0.0080
v  0.0220 -0.0179 0.0080
v  0.0190 0.0178 0.0080
v  0.0194 0.0181 0.0071
v  0.0192 0.0178 0.0070
v  0.0199 0.0181 0.0063
v  0.0196 0.0178 0.0062
v  0.0205 0.0181 0.0057
v  0.0204 0.0178 0.0055
v  0.0213 0.0181 0.0054
v  0.0213 0.0178 0.0051
v  0.0222 0.0181 0.0053
v  0.0222 0.0178 0.0050
v  0.0231 0.0181 0.0055
v  0.0232 0.0178 0.0053
v  0.0238 0.0181 0.0060
v  0.0240 0.0178 0.0058
v  0.0244 0.0181 0.0067
v  0.0246 0.0178 0.0066
v  0.0247 0.0181 0.0076
v  0.0250 0.0178 0.0075
v  0.0247 0.0181 0.0084
v  0.0250 0.0178 0.0085
v  0.0244 0.0181 0.0093
v  0.0246 0.0178 0.0094
v  0.0238 0.0181 0.0100
v  0.0240 0.0178 0.0102
v  0.0231 0.0181 0.0105
v  0.0232 0.0178 0.0107
v  0.0222 0.0181 0.0107
v  0.0222 0.0178 0.0110
v  0.0213 0.0181 0.0106
v  0.0213 0.0178 0.0109
v  0.0205 0.0181 0.0103
v  0.0204 0.0178 0.0105
v  0.0199 0.0181 0.0097
v  0.0196 0.0178 0.0098
v  0.0194 0.0181 0.0089
v  0.0192 0.0178 0.0090
v  0.0193 0.0181 0.0080
v  0.0220 0.0181 0.0080
v  -0.0260 -0.0112 -0.0083
v  -0.0260 -0.0119 -0.0072
v  -0.0262 -0.0119 -0.0072
v  -0.0260 -0.0134 -0.0039
v  -0.0260 -0.0137 -0.0024
v  -0.0262 -0.0137 -0.0024
v  -0.0260 -0.0139 -0.0015
v  -0.0260 -0.0139 -0.0007
v  -0.0262 -0.0139 -0.0007
v  -0.0260 -0.0135 0.0033
v  -0.0260 -0.0132 0.0044
v  -0.0262 -0.0132 0.0044
v  -0.0260 -0.0116 0.0078
v  -0.0260 -0.0107 0.0089
v  -0.0262 -0.0107 0.0089
v  -0.0260 -0.0015 0.0139
v  -0.0260 -0.0002 0.0140
v  -0.0262 -0.0002 0.0140
v  -0.0260 0.0034 0.0136
v  -0.0260 0.0049 0.0131
v  -0.0262 0.0049 0.0131
v  -0.0260 0.0057 0.0128
v  -0.0260 0.0065 0.0124
v  -0.0262 0.0065 0.0124
v  -0.0260 0.0097 0.0101
v  -0.0260 0.0105 0.0093
v  -0.0262 0.0105 0.0093
v  -0.0260 0.0126 0.0062
v  -0.0260 0.0132 0.0049
v  -0.0262 0.0132 0.0049
v  -0.0260 0.0129 -0.0056
v  -0.0260 0.0123 -0.0068
v  -0.0262 0.0123 -0.0068
v  -0.0260 0.0102 -0.0097
v  -0.0260 0.0090 -0.0108
v  -0.0262 0.0090 -0.0107
v  -0.0260 0.0083 -0.0113
v  -0.0260 0.0076 -0.0118
v  -0.0262 0.0076 -0.0117
v  -0.0260 0.0040 -0.0134
v  -0.0260 0.0029 -0.0137
v  -0.0262 0.0029 -0.0137
v  -0.0260 -0.0009 -0.0140
v  -0.0260 -0.0023 -0.0138
v  -0.0262 -0.0023 -0.0138
v  -0.0262 -0.0036 0.0135
v  -0.0264 -0.0035 0.0134
v  -0.0264 -0.0052 0.0128
v  -0.0262 0.0136 -0.0036
v  -0.0264 0.0134 -0.0036
v  -0.0264 0.0138 -0.0019
v  -0.0265 -0.0035 0.0132
v  -0.0265 -0.0051 0.0127
v  -0.0265 0.0133 -0.0035
v  -0.0265 0.0136 -0.0019
v  -0.0265 -0.0034 0.0130
v  -0.0265 -0.0050 0.0125
v  -0.0265 0.0131 -0.0035
v  -0.0265 0.0134 -0.0018
v  -0.0265 -0.0038 -0.0129
v  -0.0265 -0.0039 -0.0131
v  -0.0265 -0.0055 -0.0125
v  -0.0265 0.0136 -0.0002
v  -0.0265 0.0138 -0.0002
v  -0.0265 0.0135 0.0015
v  -0.0265 0.0137 0.0015
v  -0.0265 0.0132 0.0031
v  -0.0265 0.0134 0.0031
v  -0.0265 -0.0065 0.0118
v  -0.0265 -0.0066 0.0120
v  -0.0265 -0.0079 0.0109
v  -0.0265 -0.0080 0.0110
v  -0.0265 -0.0092 0.0098
v  -0.0265 -0.0093 0.0100
v  -0.0265 -0.0054 -0.0124
v  -0.0265 -0.0070 -0.0118
v  -0.0265 -0.0069 -0.0116
v  -0.0265 -0.0083 -0.0108
v  -0.0265 -0.0082 -0.0107
v  -0.0265 -0.0096 -0.0097
v  -0.0265 -0.0095 -0.0096
v  -0.0264 -0.0039 -0.0133
v  -0.0264 -0.0055 -0.0127
v  -0.0264 0.0139 -0.0002
v  -0.0264 0.0138 0.0015
v  -0.0264 0.0135 0.0032
v  -0.0264 -0.0067 0.0121
v  -0.0264 -0.0081 0.0112
v  -0.0264 -0.0094 0.0101
v  -0.0264 -0.0070 -0.0119
v  -0.0264 -0.0084 -0.0109
v  -0.0264 -0.0097 -0.0098
v  -0.0262 -0.0039 -0.0134
v  -0.0262 -0.0056 -0.0128
v  -0.0265 0.0011 -0.0135
v  -0.0265 0.0028 -0.0132
v  -0.0265 0.0011 -0.0136
v  -0.0265 0.0028 -0.0134
v  -0.0264 0.0011 -0.0138
v  -0.0264 0.0028 -0.0136
v  -0.0262 0.0012 -0.0139
v  -0.0265 0.0059 -0.0122
v  -0.0265 0.0074 -0.0114
v  -0.0265 0.0060 -0.0123
v  -0.0265 0.0075 -0.0115
v  -0.0264 0.0061 -0.0125
v  -0.0264 0.0076 -0.0117
v  -0.0262 0.0061 -0.0126
v  -0.0265 0.0110 -0.0080
v  -0.0265 0.0119 -0.0066
v  -0.0265 0.0111 -0.0081
v  -0.0265 0.0120 -0.0066
v  -0.0264 0.0113 -0.0082
v  -0.0264 0.0122 -0.0067
v  -0.0262 0.0113 -0.0082
v  -0.0262 0.0139 -0.0019
v  -0.0262 0.0140 -0.0002
v  -0.0262 0.0139 0.0015
v  -0.0262 0.0137 0.0032
v  -0.0265 0.0112 0.0076
v  -0.0265 0.0102 0.0090
v  -0.0265 0.0113 0.0078
v  -0.0265 0.0103 0.0091
v  -0.0264 0.0115 0.0078
v  -0.0264 0.0104 0.0092
v  -0.0262 0.0116 0.0079
v  -0.0265 0.0077 0.0111
v  -0.0265 0.0063 0.0120
v  -0.0265 0.0078 0.0113
v  -0.0265 0.0063 0.0122
v  -0.0264 0.0079 0.0114
v  -0.0264 0.0064 0.0123
v  -0.0262 0.0079 0.0115
v  -0.0265 0.0015 0.0134
v  -0.0265 -0.0002 0.0135
v  -0.0265 0.0015 0.0136
v  -0.0265 -0.0002 0.0137
v  -0.0264 0.0015 0.0138
v  -0.0264 -0.0002 0.0139
v  -0.0262 0.0015 0.0139
v  -0.0262 -0.0052 0.0129
v  -0.0262 -0.0067 0.0122
v  -0.0262 -0.0082 0.0113
v  -0.0262 -0.0095 0.0102
v  -0.0265 -0.0121 0.0058
v  -0.0265 -0.0127 0.0043
v  -0.0265 -0.0123 0.0059
v  -0.0265 -0.0129 0.0043
v  -0.0264 -0.0124 0.0060
v  -0.0264 -0.0131 0.0044
v  -0.0262 -0.0125 0.0060
v  -0.0265 -0.0134 0.0010
v  -0.0265 -0.0134 -0.0006
v  -0.0265 -0.0136 0.0010
v  -0.0265 -0.0136 -0.0006
v  -0.0264 -0.0138 0.0010
v  -0.0264 -0.0138 -0.0007
v  -0.0262 -0.0139 0.0011
v  -0.0265 -0.0123 -0.0055
v  -0.0265 -0.0115 -0.0069
v  -0.0265 -0.0125 -0.0055
v  -0.0265 -0.0117 -0.0070
v  -0.0264 -0.0126 -0.0056
v  -0.0264 -0.0118 -0.0071
v  -0.0262 -0.0127 -0.0057
v  -0.0262 -0.0071 -0.0120
v  -0.0262 -0.0085 -0.0110
v  -0.0262 -0.0098 -0.0099
v  -0.0265 -0.0022 -0.0133
v  -0.0265 -0.0022 -0.0135
v  -0.0264 -0.0023 -0.0137
v  -0.0260 -0.0033 -0.0136
v  -0.0260 -0.0006 -0.0140
v  -0.0262 -0.0006 -0.0139
v  -0.0264 -0.0006 -0.0138
v  -0.0265 -0.0006 -0.0137
v  -0.0265 -0.0005 -0.0135
v  -0.0260 0.0012 -0.0140
v  -0.0260 0.0016 -0.0139
v  -0.0260 0.0045 -0.0133
v  -0.0262 0.0045 -0.0132
v  -0.0264 0.0045 -0.0131
v  -0.0265 0.0044 -0.0130
v  -0.0265 0.0044 -0.0128
v  -0.0260 0.0061 -0.0126
v  -0.0260 0.0063 -0.0126
v  -0.0265 0.0087 -0.0104
v  -0.0265 0.0088 -0.0105
v  -0.0264 0.0089 -0.0106
v  -0.0260 0.0103 -0.0096
v  -0.0262 0.0102 -0.0096
v  -0.0264 0.0102 -0.0095
v  -0.0265 0.0100 -0.0094
v  -0.0265 0.0099 -0.0092
v  -0.0260 0.0114 -0.0083
v  -0.0260 0.0117 -0.0078
v  -0.0260 0.0130 -0.0052
v  -0.0262 0.0130 -0.0052
v  -0.0264 0.0129 -0.0052
v  -0.0265 0.0128 -0.0051
v  -0.0265 0.0126 -0.0051
v  -0.0260 0.0136 -0.0036
v  -0.0260 0.0135 0.0039
v  -0.0260 0.0137 0.0032
v  -0.0260 0.0140 0.0015
v  -0.0260 0.0141 -0.0002
v  -0.0260 0.0140 -0.0009
v  -0.0260 0.0139 -0.0019
v  -0.0260 0.0137 -0.0033
v  -0.0265 0.0127 0.0047
v  -0.0265 0.0129 0.0048
v  -0.0264 0.0131 0.0048
v  -0.0260 0.0125 0.0064
v  -0.0262 0.0125 0.0064
v  -0.0264 0.0124 0.0064
v  -0.0265 0.0122 0.0063
v  -0.0265 0.0120 0.0062
v  -0.0260 0.0116 0.0079
v  -0.0260 0.0114 0.0083
v  -0.0260 0.0093 0.0105
v  -0.0262 0.0093 0.0105
v  -0.0264 0.0092 0.0104
v  -0.0265 0.0091 0.0103
v  -0.0265 0.0090 0.0101
v  -0.0260 0.0080 0.0116
v  -0.0260 0.0078 0.0116
v  -0.0264 0.0049 0.0130
v  -0.0265 0.0048 0.0128
v  -0.0265 0.0047 0.0127
v  -0.0260 0.0033 0.0136
v  -0.0262 0.0032 0.0136
v  -0.0264 0.0032 0.0135
v  -0.0265 0.0032 0.0133
v  -0.0265 0.0031 0.0131
v  -0.0260 0.0016 0.0139
v  -0.0260 0.0010 0.0140
v  -0.0260 -0.0019 0.0139
v  -0.0262 -0.0019 0.0138
v  -0.0264 -0.0019 0.0137
v  -0.0265 -0.0018 0.0136
v  -0.0265 -0.0018 0.0134
v  -0.0260 -0.0036 0.0135
v  -0.0260 -0.0100 0.0097
v  -0.0260 -0.0095 0.0102
v  -0.0260 -0.0082 0.0113
v  -0.0260 -0.0068 0.0122
v  -0.0260 -0.0061 0.0126
v  -0.0260 -0.0052 0.0130
v  -0.0260 -0.0039 0.0134
v  -0.0265 -0.0103 0.0086
v  -0.0265 -0.0105 0.0087
v  -0.0264 -0.0106 0.0088
v  -0.0260 -0.0117 0.0075
v  -0.0262 -0.0117 0.0075
v  -0.0264 -0.0116 0.0075
v  -0.0265 -0.0115 0.0074
v  -0.0265 -0.0113 0.0073
v  -0.0260 -0.0126 0.0060
v  -0.0260 -0.0128 0.0056
v  -0.0260 -0.0137 0.0028
v  -0.0262 -0.0136 0.0028
v  -0.0264 -0.0135 0.0027
v  -0.0265 -0.0134 0.0027
v  -0.0265 -0.0132 0.0027
v  -0.0260 -0.0139 0.0011
v  -0.0260 -0.0139 0.0009
v  -0.0264 -0.0136 -0.0024
v  -0.0265 -0.0134 -0.0023
v  -0.0265 -0.0132 -0.0023
v  -0.0260 -0.0133 -0.0041
v  -0.0262 -0.0133 -0.0040
v  -0.0264 -0.0132 -0.0040
v  -0.0265 -0.0130 -0.0040
v  -0.0265 -0.0129 -0.0039
v  -0.0260 -0.0127 -0.0057
v  -0.0260 -0.0125 -0.0062
v  -0.0260 -0.0110 -0.0086
v  -0.0262 -0.0109 -0.0086
v  -0.0264 -0.0109 -0.0085
v  -0.0265 -0.0107 -0.0084
v  -0.0265 -0.0106 -0.0083
v  -0.0260 -0.0098 -0.0099
v  -0.0260 -0.0040 -0.0134
v  -0.0260 -0.0056 -0.0128
v  -0.0260 -0.0071 -0.0120
v  -0.0260 -0.0077 -0.0116
v  -0.0260 -0.0085 -0.0111
v  -0.0260 -0.0096 -0.0101
v  -0.0190 -0.0056 -0.0128
v  -0.0187 -0.0066 -0.0122
v  -0.0190 -0.0067 -0.0123
v  -0.0187 -0.0077 -0.0116
v  -0.0190 -0.0077 -0.0116
v  -0.0187 -0.0087 -0.0109
v  -0.0190 -0.0087 -0.0109
v  -0.0187 -0.0096 -0.0101
v  -0.0190 -0.0096 -0.0101
v  -0.0187 -0.0104 -0.0092
v  -0.0190 -0.0105 -0.0092
v  -0.0187 -0.0112 -0.0082
v  -0.0190 -0.0112 -0.0083
v  -0.0187 -0.0118 -0.0072
v  -0.0190 -0.0119 -0.0073
v  -0.0187 -0.0124 -0.0062
v  -0.0190 -0.0125 -0.0062
v  -0.0187 -0.0129 -0.0050
v  -0.0190 -0.0130 -0.0051
v  -0.0187 -0.0133 -0.0039
v  -0.0190 -0.0134 -0.0039
v  -0.0187 -0.0136 -0.0027
v  -0.0190 -0.0137 -0.0027
v  -0.0187 -0.0138 -0.0015
v  -0.0190 -0.0139 -0.0015
v  -0.0187 -0.0139 -0.0003
v  -0.0190 -0.0139 -0.0003
v  -0.0187 -0.0138 0.0009
v  -0.0190 -0.0139 0.0009
v  -0.0187 -0.0137 0.0021
v  -0.0190 -0.0138 0.0021
v  -0.0187 -0.0135 0.0033
v  -0.0190 -0.0135 0.0033
v  -0.0187 -0.0131 0.0045
v  -0.0190 -0.0132 0.0045
v  -0.0187 -0.0127 0.0056
v  -0.0190 -0.0128 0.0056
v  -0.0188 -0.0122 0.0067
v  -0.0190 -0.0122 0.0067
v  -0.0187 -0.0115 0.0077
v  -0.0190 -0.0116 0.0078
v  -0.0187 -0.0108 0.0087
v  -0.0190 -0.0109 0.0088
v  -0.0187 -0.0100 0.0096
v  -0.0190 -0.0100 0.0097
v  -0.0188 -0.0091 0.0105
v  -0.0190 -0.0092 0.0105
v  -0.0187 -0.0082 0.0112
v  -0.0190 -0.0082 0.0113
v  -0.0187 -0.0072 0.0119
v  -0.0190 -0.0072 0.0120
v  -0.0187 -0.0061 0.0125
v  -0.0190 -0.0061 0.0126
v  -0.0187 -0.0050 0.0130
v  -0.0190 -0.0050 0.0130
v  -0.0187 -0.0038 0.0134
v  -0.0190 -0.0039 0.0134
v  -0.0187 -0.0027 0.0137
v  -0.0190 -0.0027 0.0137
v  -0.0187 -0.0015 0.0139
v  -0.0190 -0.0015 0.0139
v  -0.0188 -0.0002 0.0139
v  -0.0190 -0.0002 0.0140
v  -0.0187 0.0010 0.0139
v  -0.0190 0.0010 0.0140
v  -0.0188 0.0022 0.0138
v  -0.0190 0.0022 0.0138
v  -0.0187 0.0034 0.0135
v  -0.0190 0.0034 0.0136
v  -0.0188 0.0045 0.0132
v  -0.0190 0.0046 0.0133
v  -0.0187 0.0057 0.0128
v  -0.0190 0.0057 0.0128
v  -0.0188 0.0068 0.0122
v  -0.0190 0.0068 0.0123
v  -0.0188 0.0078 0.0116
v  -0.0190 0.0078 0.0116
v  -0.0187 0.0088 0.0109
v  -0.0190 0.0088 0.0109
v  -0.0187 0.0097 0.0101
v  -0.0190 0.0097 0.0101
v  -0.0187 0.0105 0.0092
v  -0.0190 0.0106 0.0092
v  -0.0188 0.0113 0.0082
v  -0.0190 0.0114 0.0083
v  -0.0187 0.0120 0.0072
v  -0.0190 0.0120 0.0073
v  -0.0187 0.0126 0.0062
v  -0.0190 0.0126 0.0062
v  -0.0187 0.0130 0.0050
v  -0.0190 0.0131 0.0051
v  -0.0187 0.0134 0.0039
v  -0.0190 0.0135 0.0039
v  -0.0187 0.0137 0.0027
v  -0.0190 0.0138 0.0027
v  -0.0187 0.0139 0.0015
v  -0.0190 0.0140 0.0015
v  -0.0187 0.0140 0.0003
v  -0.0190 0.0141 0.0003
v  -0.0187 0.0140 -0.0009
v  -0.0190 0.0140 -0.0009
v  -0.0187 0.0138 -0.0021
v  -0.0190 0.0139 -0.0021
v  -0.0187 0.0136 -0.0033
v  -0.0190 0.0137 -0.0033
v  -0.0187 0.0133 -0.0045
v  -0.0190 0.0133 -0.0045
v  -0.0187 0.0128 -0.0056
v  -0.0190 0.0129 -0.0056
v  -0.0187 0.0123 -0.0067
v  -0.0190 0.0123 -0.0067
v  -0.0187 0.0116 -0.0077
v  -0.0190 0.0117 -0.0078
v  -0.0187 0.0109 -0.0087
v  -0.0190 0.0110 -0.0088
v  -0.0187 0.0101 -0.0096
v  -0.0190 0.0102 -0.0097
v  -0.0187 0.0092 -0.0105
v  -0.0190 0.0093 -0.0105
v  -0.0187 0.0083 -0.0112
v  -0.0190 0.0083 -0.0113
v  -0.0187 0.0073 -0.0119
v  -0.0190 0.0073 -0.0120
v  -0.0187 0.0062 -0.0125
v  -0.0190 0.0063 -0.0126
v  -0.0187 0.0051 -0.0130
v  -0.0190 0.0051 -0.0130
v  -0.0187 0.0040 -0.0134
v  -0.0190 0.0040 -0.0134
v  -0.0187 0.0028 -0.0137
v  -0.0190 0.0028 -0.0137
v  -0.0187 0.0016 -0.0139
v  -0.0190 0.0016 -0.0139
v  -0.0187 0.0004 -0.0139
v  -0.0190 0.0004 -0.0140
v  -0.0187 -0.0008 -0.0139
v  -0.0190 -0.0009 -0.0140
v  -0.0187 -0.0021 -0.0138
v  -0.0190 -0.0021 -0.0138
v  -0.0187 -0.0033 -0.0135
v  -0.0190 -0.0033 -0.0136
v  -0.0187 -0.0044 -0.0132
v  -0.0190 -0.0044 -0.0133
v  -0.0187 -0.0055 -0.0128
v  -0.0186 -0.0066 -0.0121
v  -0.0186 -0.0076 -0.0114
v  -0.0186 -0.0085 -0.0107
v  -0.0186 -0.0094 -0.0099
v  -0.0186 -0.0103 -0.0091
v  -0.0186 -0.0110 -0.0081
v  -0.0186 -0.0117 -0.0071
v  -0.0186 -0.0123 -0.0061
v  -0.0186 -0.0128 -0.0050
v  -0.0186 -0.0131 -0.0038
v  -0.0186 -0.0134 -0.0027
v  -0.0186 -0.0136 -0.0015
v  -0.0186 -0.0137 -0.0003
v  -0.0186 -0.0137 0.0009
v  -0.0186 -0.0135 0.0021
v  -0.0186 -0.0133 0.0033
v  -0.0186 -0.0130 0.0044
v  -0.0186 -0.0125 0.0055
v  -0.0186 -0.0120 0.0066
v  -0.0186 -0.0114 0.0076
v  -0.0186 -0.0107 0.0086
v  -0.0186 -0.0099 0.0095
v  -0.0186 -0.0090 0.0103
v  -0.0186 -0.0081 0.0111
v  -0.0186 -0.0071 0.0118
v  -0.0186 -0.0060 0.0123
v  -0.0186 -0.0049 0.0128
v  -0.0186 -0.0038 0.0132
v  -0.0186 -0.0026 0.0135
v  -0.0186 -0.0014 0.0137
v  -0.0186 -0.0002 0.0137
v  -0.0186 0.0010 0.0137
v  -0.0186 0.0022 0.0136
v  -0.0186 0.0033 0.0134
v  -0.0186 0.0045 0.0130
v  -0.0186 0.0056 0.0126
v  -0.0186 0.0067 0.0121
v  -0.0186 0.0077 0.0114
v  -0.0186 0.0087 0.0107
v  -0.0186 0.0096 0.0099
v  -0.0186 0.0104 0.0091
v  -0.0186 0.0112 0.0081
v  -0.0186 0.0118 0.0071
v  -0.0186 0.0124 0.0061
v  -0.0186 0.0129 0.0050
v  -0.0186 0.0133 0.0038
v  -0.0186 0.0135 0.0027
v  -0.0186 0.0137 0.0015
v  -0.0186 0.0138 0.0003
v  -0.0186 0.0138 -0.0009
v  -0.0186 0.0137 -0.0021
v  -0.0186 0.0134 -0.0033
v  -0.0186 0.0131 -0.0044
v  -0.0186 0.0126 -0.0055
v  -0.0186 0.0121 -0.0066
v  -0.0186 0.0115 -0.0076
v  -0.0186 0.0108 -0.0086
v  -0.0186 0.0100 -0.0095
v  -0.0186 0.0091 -0.0103
v  -0.0186 0.0082 -0.0111
v  -0.0186 0.0072 -0.0118
v  -0.0186 0.0061 -0.0123
v  -0.0186 0.0050 -0.0128
v  -0.0186 0.0039 -0.0132
v  -0.0186 0.0027 -0.0135
v  -0.0186 0.0016 -0.0137
v  -0.0186 0.0004 -0.0137
v  -0.0186 -0.0008 -0.0137
v  -0.0186 -0.0020 -0.0136
v  -0.0186 -0.0032 -0.0134
v  -0.0186 -0.0044 -0.0130
v  -0.0186 -0.0055 -0.0126
v  -0.0185 -0.0064 -0.0118
v  -0.0185 -0.0074 -0.0112
v  -0.0185 -0.0084 -0.0105
v  -0.0185 -0.0093 -0.0098
v  -0.0185 -0.0101 -0.0089
v  -0.0185 -0.0108 -0.0080
v  -0.0185 -0.0115 -0.0070
v  -0.0185 -0.0120 -0.0060
v  -0.0185 -0.0125 -0.0049
v  -0.0185 -0.0129 -0.0038
v  -0.0185 -0.0132 -0.0026
v  -0.0185 -0.0134 -0.0015
v  -0.0185 -0.0134 -0.0003
v  -0.0185 -0.0134 0.0009
v  -0.0185 -0.0133 0.0021
v  -0.0185 -0.0130 0.0032
v  -0.0185 -0.0127 0.0043
v  -0.0185 -0.0123 0.0054
v  -0.0185 -0.0118 0.0065
v  -0.0185 -0.0112 0.0075
v  -0.0185 -0.0105 0.0085
v  -0.0185 -0.0097 0.0093
v  -0.0185 -0.0088 0.0102
v  -0.0185 -0.0079 0.0109
v  -0.0185 -0.0069 0.0115
v  -0.0185 -0.0059 0.0121
v  -0.0185 -0.0048 0.0126
v  -0.0185 -0.0037 0.0130
v  -0.0185 -0.0026 0.0132
v  -0.0185 -0.0014 0.0134
v  -0.0185 -0.0002 0.0135
v  -0.0185 0.0009 0.0135
v  -0.0185 0.0021 0.0133
v  -0.0185 0.0033 0.0131
v  -0.0185 0.0044 0.0128
v  -0.0185 0.0055 0.0124
v  -0.0185 0.0066 0.0118
v  -0.0185 0.0076 0.0112
v  -0.0185 0.0085 0.0105
v  -0.0185 0.0094 0.0098
v  -0.0185 0.0102 0.0089
v  -0.0185 0.0110 0.0080
v  -0.0185 0.0116 0.0070
v  -0.0185 0.0122 0.0060
v  -0.0185 0.0126 0.0049
v  -0.0185 0.0130 0.0038
v  -0.0185 0.0133 0.0026
v  -0.0185 0.0135 0.0015
v  -0.0185 0.0136 0.0003
v  -0.0185 0.0135 -0.0009
v  -0.0185 0.0134 -0.0021
v  -0.0185 0.0132 -0.0032
v  -0.0185 0.0128 -0.0043
v  -0.0185 0.0124 -0.0054
v  -0.0185 0.0119 -0.0065
v  -0.0185 0.0113 -0.0075
v  -0.0185 0.0106 -0.0085
v  -0.0185 0.0098 -0.0093
v  -0.0185 0.0090 -0.0102
v  -0.0185 0.0080 -0.0109
v  -0.0185 0.0071 -0.0115
v  -0.0185 0.0060 -0.0121
v  -0.0185 0.0050 -0.0126
v  -0.0185 0.0038 -0.0130
v  -0.0185 0.0027 -0.0132
v  -0.0185 0.0015 -0.0134
v  -0.0185 0.0004 -0.0135
v  -0.0185 -0.0008 -0.0135
v  -0.0185 -0.0020 -0.0133
v  -0.0185 -0.0031 -0.0131
v  -0.0185 -0.0043 -0.0128
v  -0.0185 -0.0054 -0.0124
v  -0.0260 -0.0024 -0.0055
v  -0.0262 -0.0031 -0.0052
v  -0.0260 -0.0030 -0.0051
v  -0.0262 -0.0037 -0.0047
v  -0.0260 -0.0037 -0.0047
v  -0.0262 -0.0043 -0.0042
v  -0.0260 -0.0043 -0.0041
v  -0.0262 -0.0048 -0.0036
v  -0.0260 -0.0048 -0.0035
v  -0.0262 -0.0053 -0.0029
v  -0.0260 -0.0052 -0.0029
v  -0.0262 -0.0056 -0.0022
v  -0.0260 -0.0055 -0.0022
v  -0.0262 -0.0058 -0.0014
v  -0.0260 -0.0058 -0.0014
v  -0.0262 -0.0060 -0.0007
v  -0.0260 -0.0059 -0.0007
v  -0.0262 -0.0060 0.0001
v  -0.0260 -0.0059 0.0001
v  -0.0262 -0.0059 0.0009
v  -0.0260 -0.0059 0.0009
v  -0.0262 -0.0058 0.0017
v  -0.0260 -0.0057 0.0017
v  -0.0262 -0.0055 0.0024
v  -0.0260 -0.0054 0.0024
v  -0.0262 -0.0051 0.0031
v  -0.0260 -0.0051 0.0031
v  -0.0262 -0.0047 0.0038
v  -0.0260 -0.0046 0.0038
v  -0.0262 -0.0041 0.0044
v  -0.0260 -0.0041 0.0043
v  -0.0262 -0.0035 0.0049
v  -0.0260 -0.0035 0.0048
v  -0.0262 -0.0029 0.0053
v  -0.0260 -0.0028 0.0053
v  -0.0262 -0.0021 0.0057
v  -0.0260 -0.0021 0.0056
v  -0.0262 -0.0014 0.0059
v  -0.0260 -0.0014 0.0058
v  -0.0262 -0.0006 0.0060
v  -0.0260 -0.0006 0.0060
v  -0.0262 0.0002 0.0061
v  -0.0260 0.0002 0.0060
v  -0.0262 0.0010 0.0060
v  -0.0260 0.0010 0.0059
v  -0.0262 0.0018 0.0058
v  -0.0260 0.0017 0.0058
v  -0.0262 0.0025 0.0056
v  -0.0260 0.0025 0.0055
v  -0.0262 0.0032 0.0052
v  -0.0260 0.0032 0.0051
v  -0.0262 0.0039 0.0047
v  -0.0260 0.0038 0.0047
v  -0.0262 0.0044 0.0042
v  -0.0260 0.0044 0.0041
v  -0.0262 0.0050 0.0036
v  -0.0260 0.0049 0.0035
v  -0.0262 0.0054 0.0029
v  -0.0260 0.0053 0.0029
v  -0.0262 0.0057 0.0022
v  -0.0260 0.0057 0.0022
v  -0.0262 0.0060 0.0014
v  -0.0260 0.0059 0.0014
v  -0.0262 0.0061 0.0007
v  -0.0260 0.0060 0.0007
v  -0.0262 0.0061 -0.0001
v  -0.0260 0.0061 -0.0001
v  -0.0262 0.0061 -0.0009
v  -0.0260 0.0060 -0.0009
v  -0.0262 0.0059 -0.0017
v  -0.0260 0.0058 -0.0017
v  -0.0262 0.0056 -0.0024
v  -0.0260 0.0056 -0.0024
v  -0.0262 0.0052 -0.0031
v  -0.0260 0.0052 -0.0031
v  -0.0262 0.0048 -0.0038
v  -0.0260 0.0047 -0.0038
v  -0.0262 0.0043 -0.0044
v  -0.0260 0.0042 -0.0043
v  -0.0262 0.0037 -0.0049
v  -0.0260 0.0036 -0.0048
v  -0.0262 0.0030 -0.0053
v  -0.0260 0.0029 -0.0053
v  -0.0262 0.0023 -0.0057
v  -0.0260 0.0022 -0.0056
v  -0.0262 0.0015 -0.0059
v  -0.0260 0.0015 -0.0058
v  -0.0262 0.0007 -0.0060
v  -0.0260 0.0007 -0.0060
v  -0.0262 -0.0001 -0.0061
v  -0.0260 -0.0001 -0.0060
v  -0.0262 -0.0009 -0.0060
v  -0.0260 -0.0009 -0.0059
v  -0.0262 -0.0016 -0.0058
v  -0.0260 -0.0016 -0.0058
v  -0.0262 -0.0024 -0.0056
v  -0.0264 -0.0032 -0.0053
v  -0.0264 -0.0038 -0.0049
v  -0.0264 -0.0045 -0.0043
v  -0.0264 -0.0050 -0.0037
v  -0.0264 -0.0054 -0.0030
v  -0.0264 -0.0058 -0.0023
v  -0.0264 -0.0060 -0.0015
v  -0.0264 -0.0061 -0.0007
v  -0.0264 -0.0062 0.0001
v  -0.0264 -0.0061 0.0010
v  -0.0264 -0.0059 0.0017
v  -0.0264 -0.0057 0.0025
v  -0.0264 -0.0053 0.0032
v  -0.0264 -0.0048 0.0039
v  -0.0264 -0.0043 0.0045
v  -0.0264 -0.0036 0.0050
v  -0.0264 -0.0029 0.0055
v  -0.0264 -0.0022 0.0058
v  -0.0264 -0.0014 0.0061
v  -0.0264 -0.0006 0.0062
v  -0.0264 0.0002 0.0062
v  -0.0264 0.0010 0.0062
v  -0.0264 0.0018 0.0060
v  -0.0264 0.0026 0.0057
v  -0.0264 0.0033 0.0053
v  -0.0264 0.0040 0.0049
v  -0.0264 0.0046 0.0043
v  -0.0264 0.0051 0.0037
v  -0.0264 0.0055 0.0030
v  -0.0264 0.0059 0.0023
v  -0.0264 0.0061 0.0015
v  -0.0264 0.0063 0.0007
v  -0.0264 0.0063 -0.0001
v  -0.0264 0.0062 -0.0010
v  -0.0264 0.0061 -0.0017
v  -0.0264 0.0058 -0.0025
v  -0.0264 0.0054 -0.0032
v  -0.0264 0.0049 -0.0039
v  -0.0264 0.0044 -0.0045
v  -0.0264 0.0038 -0.0050
v  -0.0264 0.0031 -0.0055
v  -0.0264 0.0023 -0.0058
v  -0.0264 0.0015 -0.0061
v  -0.0264 0.0007 -0.0062
v  -0.0264 -0.0001 -0.0062
v  -0.0264 -0.0009 -0.0062
v  -0.0264 -0.0017 -0.0060
v  -0.0264 -0.0025 -0.0057
v  -0.0265 -0.0033 -0.0056
v  -0.0265 -0.0046 -0.0045
v  -0.0265 -0.0052 -0.0038
v  -0.0265 -0.0056 -0.0031
v  -0.0265 -0.0060 -0.0024
v  -0.0265 -0.0063 -0.0015
v  -0.0265 -0.0064 -0.0007
v  -0.0265 -0.0064 0.0001
v  -0.0265 -0.0064 0.0010
v  -0.0265 -0.0062 0.0018
v  -0.0265 -0.0059 0.0026
v  -0.0265 -0.0055 0.0034
v  -0.0265 -0.0050 0.0041
v  -0.0265 -0.0044 0.0047
v  -0.0265 -0.0038 0.0052
v  -0.0265 -0.0031 0.0057
v  -0.0265 -0.0023 0.0061
v  -0.0265 -0.0015 0.0063
v  -0.0265 -0.0006 0.0065
v  -0.0265 0.0002 0.0065
v  -0.0265 0.0011 0.0064
v  -0.0265 0.0019 0.0062
v  -0.0265 0.0027 0.0059
v  -0.0265 0.0034 0.0056
v  -0.0265 0.0041 0.0051
v  -0.0265 0.0048 0.0045
v  -0.0265 0.0053 0.0038
v  -0.0265 0.0058 0.0031
v  -0.0265 0.0061 0.0024
v  -0.0265 0.0064 0.0015
v  -0.0265 0.0065 0.0007
v  -0.0265 0.0066 -0.0001
v  -0.0265 0.0065 -0.0010
v  -0.0265 0.0063 -0.0018
v  -0.0265 0.0060 -0.0026
v  -0.0265 0.0056 -0.0034
v  -0.0265 0.0051 -0.0041
v  -0.0265 0.0046 -0.0047
v  -0.0265 0.0039 -0.0052
v  -0.0265 0.0032 -0.0057
v  -0.0265 0.0024 -0.0061
v  -0.0265 0.0016 -0.0063
v  -0.0265 0.0008 -0.0065
v  -0.0265 -0.0001 -0.0065
v  -0.0265 -0.0009 -0.0064
v  -0.0265 -0.0018 -0.0062
v  -0.0265 -0.0026 -0.0059
v  -0.0190 -0.0055 -0.0022
v  -0.0190 -0.0057 -0.0015
v  -0.0188 -0.0058 -0.0015
v  -0.0190 -0.0059 0.0009
v  -0.0190 -0.0057 0.0017
v  -0.0188 -0.0057 0.0017
v  -0.0190 -0.0046 0.0038
v  -0.0190 -0.0040 0.0044
v  -0.0188 -0.0041 0.0044
v  -0.0190 -0.0021 0.0056
v  -0.0190 -0.0012 0.0059
v  -0.0188 -0.0012 0.0059
v  -0.0190 0.0010 0.0059
v  -0.0190 0.0020 0.0057
v  -0.0188 0.0020 0.0057
v  -0.0190 0.0025 0.0055
v  -0.0190 0.0030 0.0053
v  -0.0188 0.0030 0.0053
v  -0.0190 0.0049 0.0035
v  -0.0190 0.0052 0.0030
v  -0.0188 0.0053 0.0030
v  -0.0190 0.0060 0.0007
v  -0.0190 0.0061 -0.0001
v  -0.0188 0.0061 -0.0001
v  -0.0190 0.0056 -0.0024
v  -0.0190 0.0052 -0.0031
v  -0.0188 0.0052 -0.0032
v  -0.0190 0.0036 -0.0048
v  -0.0190 0.0028 -0.0053
v  -0.0188 0.0029 -0.0053
v  -0.0185 -0.0003 -0.0065
v  -0.0185 -0.0003 -0.0063
v  -0.0185 -0.0014 -0.0061
v  -0.0185 -0.0015 -0.0063
v  -0.0185 -0.0025 -0.0058
v  -0.0185 -0.0026 -0.0059
v  -0.0185 -0.0035 -0.0052
v  -0.0185 -0.0036 -0.0054
v  -0.0185 -0.0043 -0.0045
v  -0.0185 -0.0045 -0.0046
v  -0.0185 -0.0051 -0.0037
v  -0.0185 -0.0052 -0.0038
v  -0.0186 -0.0003 -0.0061
v  -0.0186 -0.0014 -0.0060
v  -0.0186 -0.0024 -0.0056
v  -0.0186 -0.0034 -0.0051
v  -0.0186 -0.0042 -0.0044
v  -0.0186 -0.0049 -0.0036
v  -0.0188 -0.0003 -0.0060
v  -0.0188 -0.0013 -0.0059
v  -0.0185 0.0020 -0.0062
v  -0.0185 0.0031 -0.0058
v  -0.0185 0.0019 -0.0060
v  -0.0185 0.0030 -0.0056
v  -0.0186 0.0019 -0.0059
v  -0.0186 0.0029 -0.0054
v  -0.0188 0.0019 -0.0058
v  -0.0185 0.0049 -0.0043
v  -0.0185 0.0056 -0.0034
v  -0.0185 0.0048 -0.0042
v  -0.0185 0.0054 -0.0033
v  -0.0186 0.0046 -0.0041
v  -0.0186 0.0053 -0.0032
v  -0.0188 0.0046 -0.0040
v  -0.0185 0.0064 -0.0012
v  -0.0185 0.0066 -0.0001
v  -0.0185 0.0063 -0.0012
v  -0.0185 0.0064 -0.0001
v  -0.0186 0.0061 -0.0012
v  -0.0186 0.0062 -0.0001
v  -0.0188 0.0060 -0.0011
v  -0.0185 0.0062 0.0022
v  -0.0185 0.0057 0.0033
v  -0.0185 0.0060 0.0022
v  -0.0185 0.0055 0.0032
v  -0.0186 0.0058 0.0021
v  -0.0186 0.0054 0.0031
v  -0.0188 0.0057 0.0021
v  -0.0185 0.0042 0.0050
v  -0.0185 0.0032 0.0057
v  -0.0185 0.0040 0.0049
v  -0.0185 0.0031 0.0055
v  -0.0186 0.0039 0.0048
v  -0.0186 0.0030 0.0054
v  -0.0188 0.0039 0.0047
v  -0.0185 -0.0002 0.0065
v  -0.0185 -0.0013 0.0064
v  -0.0185 -0.0002 0.0063
v  -0.0185 -0.0013 0.0062
v  -0.0186 -0.0001 0.0061
v  -0.0186 -0.0012 0.0060
v  -0.0188 -0.0001 0.0060
v  -0.0185 -0.0035 0.0055
v  -0.0185 -0.0044 0.0047
v  -0.0185 -0.0034 0.0053
v  -0.0185 -0.0042 0.0046
v  -0.0186 -0.0033 0.0052
v  -0.0186 -0.0041 0.0045
v  -0.0188 -0.0032 0.0051
v  -0.0185 -0.0058 0.0029
v  -0.0185 -0.0062 0.0018
v  -0.0185 -0.0056 0.0028
v  -0.0185 -0.0060 0.0017
v  -0.0186 -0.0054 0.0027
v  -0.0186 -0.0058 0.0017
v  -0.0188 -0.0053 0.0027
v  -0.0185 -0.0064 -0.0005
v  -0.0185 -0.0062 -0.0017
v  -0.0185 -0.0062 -0.0005
v  -0.0185 -0.0060 -0.0016
v  -0.0186 -0.0061 -0.0005
v  -0.0186 -0.0059 -0.0016
v  -0.0188 -0.0060 -0.0005
v  -0.0188 -0.0024 -0.0055
v  -0.0188 -0.0033 -0.0050
v  -0.0188 -0.0042 -0.0043
v  -0.0188 -0.0049 -0.0035
v  -0.0190 -0.0009 -0.0059
v  -0.0190 -0.0003 -0.0060
v  -0.0190 0.0007 -0.0060
v  -0.0190 0.0008 -0.0060
v  -0.0188 0.0008 -0.0060
v  -0.0186 0.0008 -0.0061
v  -0.0185 0.0008 -0.0063
v  -0.0185 0.0009 -0.0065
v  -0.0190 0.0019 -0.0057
v  -0.0190 0.0022 -0.0056
v  -0.0190 0.0038 -0.0047
v  -0.0188 0.0038 -0.0048
v  -0.0186 0.0038 -0.0048
v  -0.0185 0.0039 -0.0050
v  -0.0185 0.0041 -0.0051
v  -0.0190 0.0045 -0.0040
v  -0.0190 0.0047 -0.0038
v  -0.0190 0.0057 -0.0022
v  -0.0188 0.0057 -0.0022
v  -0.0186 0.0058 -0.0022
v  -0.0185 0.0059 -0.0023
v  -0.0185 0.0061 -0.0023
v  -0.0190 0.0060 -0.0011
v  -0.0190 0.0060 -0.0009
v  -0.0190 0.0060 0.0010
v  -0.0188 0.0060 0.0010
v  -0.0186 0.0061 0.0010
v  -0.0185 0.0063 0.0011
v  -0.0185 0.0065 0.0011
v  -0.0190 0.0057 0.0020
v  -0.0190 0.0057 0.0022
v  -0.0190 0.0046 0.0039
v  -0.0188 0.0047 0.0039
v  -0.0186 0.0047 0.0040
v  -0.0185 0.0049 0.0041
v  -0.0185 0.0050 0.0042
v  -0.0190 0.0039 0.0047
v  -0.0190 0.0038 0.0047
v  -0.0186 0.0020 0.0058
v  -0.0185 0.0021 0.0060
v  -0.0185 0.0021 0.0062
v  -0.0190 0.0009 0.0059
v  -0.0188 0.0009 0.0060
v  -0.0186 0.0010 0.0061
v  -0.0185 0.0010 0.0062
v  -0.0185 0.0010 0.0064
v  -0.0190 -0.0001 0.0060
v  -0.0190 -0.0006 0.0060
v  -0.0190 -0.0022 0.0055
v  -0.0188 -0.0023 0.0056
v  -0.0186 -0.0023 0.0057
v  -0.0185 -0.0024 0.0058
v  -0.0185 -0.0024 0.0060
v  -0.0190 -0.0032 0.0050
v  -0.0190 -0.0035 0.0048
v  -0.0190 -0.0048 0.0036
v  -0.0188 -0.0048 0.0036
v  -0.0186 -0.0049 0.0037
v  -0.0185 -0.0050 0.0038
v  -0.0185 -0.0052 0.0039
v  -0.0190 -0.0053 0.0027
v  -0.0190 -0.0054 0.0024
v  -0.0190 -0.0059 0.0006
v  -0.0188 -0.0059 0.0006
v  -0.0186 -0.0061 0.0006
v  -0.0185 -0.0062 0.0006
v  -0.0185 -0.0064 0.0007
v  -0.0190 -0.0059 -0.0005
v  -0.0190 -0.0059 -0.0007
v  -0.0190 -0.0054 -0.0025
v  -0.0188 -0.0054 -0.0026
v  -0.0186 -0.0055 -0.0026
v  -0.0185 -0.0056 -0.0027
v  -0.0185 -0.0058 -0.0028
v  -0.0190 -0.0048 -0.0035
v  -0.0190 -0.0013 -0.0058
v  -0.0190 -0.0024 -0.0055
v  -0.0190 -0.0033 -0.0050
v  -0.0190 -0.0037 -0.0047
v  -0.0190 -0.0041 -0.0043
v  0.0642 -0.0257 -0.0147
v  0.0548 -0.0265 -0.0147
v  0.0642 -0.0257 -0.0103
v  0.0548 -0.0265 -0.0099
v  0.0642 -0.0260 -0.0150
v  0.0549 -0.0268 -0.0150
v  0.0017 -0.0242 -0.0068
v  0.0051 -0.0244 -0.0068
v  0.0051 -0.0244 -0.0147
v  -0.0042 -0.0241 -0.0147
v  -0.0042 -0.0241 -0.0068
v  -0.0007 -0.0242 -0.0068
v  0.0005 -0.0242 -0.0068
v  -0.0360 0.0231 -0.0147
v  -0.0360 0.0231 -0.0068
v  -0.0384 0.0225 -0.0147
v  -0.0393 0.0223 -0.0068
v  -0.0404 0.0219 -0.0147
v  -0.0404 0.0219 -0.0068
v  -0.0408 0.0217 -0.0147
v  -0.0415 0.0214 -0.0068
v  -0.0439 0.0204 -0.0147
v  -0.0426 0.0210 -0.0068
v  -0.0447 0.0199 -0.0068
v  -0.0447 0.0199 -0.0147
v  -0.0448 0.0202 -0.0150
v  -0.0427 0.0213 -0.0150
v  -0.0405 0.0221 -0.0150
v  -0.0360 0.0234 -0.0150
v  0.0051 0.0246 -0.0147
v  0.0051 0.0246 -0.0068
v  0.0017 0.0244 -0.0068
v  -0.0033 0.0243 -0.0147
v  -0.0042 0.0243 -0.0068
v  -0.0042 0.0243 -0.0147
v  -0.0007 0.0244 -0.0068
v  0.0005 0.0244 -0.0068
v  0.0051 0.0249 -0.0150
v  -0.0042 0.0246 -0.0150
v  0.0549 0.0267 -0.0147
v  0.0642 0.0259 -0.0147
v  0.0549 0.0267 -0.0099
v  0.0642 0.0259 -0.0103
v  0.0549 0.0270 -0.0150
v  0.0642 0.0262 -0.0150
v  -0.0005 0.0249 -0.0068
v  -0.0430 0.0226 -0.0068
v  -0.0443 0.0221 -0.0068
v  -0.0417 0.0220 -0.0068
v  0.0006 0.0254 -0.0068
v  0.0012 0.0251 -0.0068
v  0.0062 0.0256 -0.0068
v  0.0014 0.0250 -0.0068
v  0.0017 0.0245 -0.0068
v  -0.0374 0.0244 -0.0068
v  -0.0397 0.0230 -0.0068
v  -0.0338 0.0250 -0.0068
v  -0.0393 0.0225 -0.0068
v  0.0000 0.0253 -0.0068
v  -0.0032 0.0254 -0.0068
v  0.0020 0.0254 -0.0068
v  -0.0474 0.0203 -0.0068
v  -0.0493 0.0165 -0.0068
v  -0.0306 0.0252 -0.0068
v  -0.0303 0.0238 -0.0068
v  0.0151 0.0264 -0.0068
v  0.0181 0.0259 -0.0068
v  0.0235 0.0272 -0.0068
v  0.0295 0.0274 -0.0068
v  -0.0559 0.0019 -0.0068
v  -0.0548 0.0073 -0.0068
v  -0.0569 0.0075 -0.0068
v  -0.0500 0.0184 -0.0068
v  -0.0521 0.0163 -0.0068
v  -0.0526 0.0122 -0.0068
v  -0.0528 0.0156 -0.0068
v  -0.0417 0.0226 -0.0068
v  -0.0413 0.0231 -0.0068
v  -0.0408 0.0235 -0.0068
v  -0.0408 0.0233 -0.0068
v  -0.0402 0.0233 -0.0068
v  0.0132 0.0262 -0.0068
v  0.0112 0.0251 -0.0068
v  0.0172 0.0258 -0.0068
v  -0.0579 0.0001 -0.0068
v  -0.0559 0.0001 -0.0068
v  -0.0578 0.0020 -0.0068
v  -0.0576 0.0036 -0.0068
v  -0.0545 0.0131 -0.0068
v  -0.0553 0.0118 -0.0068
v  -0.0559 0.0104 -0.0068
v  -0.0132 0.0254 -0.0068
v  -0.0202 0.0239 -0.0068
v  -0.0168 0.0254 -0.0068
v  -0.0293 0.0253 -0.0068
v  0.1117 -0.0061 -0.0150
v  0.1105 -0.0093 -0.0150
v  0.1090 -0.0073 -0.0150
v  0.1122 0.0039 -0.0150
v  0.1125 0.0001 -0.0150
v  0.1103 0.0001 -0.0150
v  -0.0543 0.0143 -0.0150
v  -0.0520 0.0173 -0.0150
v  -0.0496 0.0165 -0.0150
v  0.1101 0.0030 -0.0150
v  0.1100 0.0035 -0.0150
v  0.1109 0.0086 -0.0150
v  0.1094 0.0063 -0.0150
v  0.1092 0.0068 -0.0150
v  0.0305 0.0300 -0.0150
v  0.0386 0.0303 -0.0150
v  0.0383 0.0281 -0.0150
v  0.1042 -0.0175 -0.0150
v  0.1034 -0.0153 -0.0150
v  0.1067 -0.0151 -0.0150
v  0.1056 -0.0129 -0.0150
v  0.1088 -0.0124 -0.0150
v  0.1073 -0.0105 -0.0150
v  0.1098 -0.0046 -0.0150
v  0.1099 -0.0041 -0.0150
v  0.1123 -0.0027 -0.0150
v  0.1102 -0.0013 -0.0150
v  0.1103 -0.0008 -0.0150
v  0.1086 0.0084 -0.0150
v  0.1081 0.0094 -0.0150
v  0.1090 0.0123 -0.0150
v  -0.0257 -0.0262 -0.0150
v  -0.0328 -0.0259 -0.0150
v  -0.0360 -0.0232 -0.0150
v  -0.0363 -0.0254 -0.0150
v  -0.0405 -0.0219 -0.0150
v  -0.0399 -0.0246 -0.0150
v  -0.0448 -0.0200 -0.0150
v  -0.0438 -0.0231 -0.0150
v  -0.0474 -0.0210 -0.0150
v  0.1075 -0.0102 -0.0150
v  0.1076 -0.0102 -0.0150
v  0.1088 -0.0077 -0.0150
v  0.1079 0.0098 -0.0150
v  0.1063 0.0122 -0.0150
v  0.1061 0.0159 -0.0150
v  0.1060 0.0127 -0.0150
v  -0.0473 0.0185 -0.0150
v  -0.0492 0.0199 -0.0150
v  -0.0461 0.0220 -0.0150
v  -0.0427 0.0237 -0.0150
v  -0.0398 0.0248 -0.0150
v  -0.0359 0.0257 -0.0150
v  -0.0281 0.0242 -0.0150
v  -0.0304 0.0263 -0.0150
v  -0.0201 0.0242 -0.0150
v  -0.0209 0.0264 -0.0150
v  -0.0051 0.0268 -0.0150
v  0.0062 0.0271 -0.0150
v  0.0060 0.0249 -0.0150
v  0.0888 -0.0228 -0.0150
v  0.0921 -0.0242 -0.0150
v  0.0862 -0.0234 -0.0150
v  0.0855 -0.0257 -0.0150
v  0.0841 -0.0237 -0.0150
v  0.0985 -0.0214 -0.0150
v  0.0986 -0.0188 -0.0150
v  0.1015 -0.0197 -0.0150
v  0.0996 -0.0182 -0.0150
v  0.1023 -0.0163 -0.0150
v  0.1039 0.0150 -0.0150
v  0.1033 0.0156 -0.0150
v  0.1024 0.0192 -0.0150
v  0.0786 0.0247 -0.0150
v  0.0767 0.0271 -0.0150
v  0.0819 0.0242 -0.0150
v  0.0865 0.0257 -0.0150
v  0.0853 0.0237 -0.0150
v  0.1008 0.0176 -0.0150
v  0.0997 0.0184 -0.0150
v  0.0976 0.0221 -0.0150
v  0.0966 0.0201 -0.0150
v  0.0950 0.0209 -0.0150
v  0.0924 0.0243 -0.0150
v  0.0919 0.0221 -0.0150
v  0.0886 0.0231 -0.0150
v  0.0099 -0.0272 -0.0150
v  0.0164 -0.0258 -0.0150
v  0.0169 -0.0281 -0.0150
v  0.0172 -0.0259 -0.0150
v  0.0307 -0.0298 -0.0150
v  0.0910 -0.0222 -0.0150
v  0.0946 -0.0209 -0.0150
v  0.0955 -0.0205 -0.0150
v  0.0454 0.0277 -0.0150
v  0.0471 0.0298 -0.0150
v  0.0583 0.0289 -0.0150
v  0.0312 0.0278 -0.0150
v  0.0298 0.0277 -0.0150
v  0.0188 0.0286 -0.0150
v  0.0181 0.0262 -0.0150
v  0.0169 0.0283 -0.0150
v  0.0172 0.0261 -0.0150
v  0.0112 0.0254 -0.0150
v  -0.0572 -0.0079 -0.0150
v  -0.0546 -0.0087 -0.0150
v  -0.0556 -0.0118 -0.0150
v  -0.0533 -0.0115 -0.0150
v  -0.0534 -0.0153 -0.0150
v  -0.0516 -0.0140 -0.0150
v  -0.0506 -0.0184 -0.0150
v  -0.0496 -0.0163 -0.0150
v  -0.0474 -0.0183 -0.0150
v  -0.0281 -0.0240 -0.0150
v  -0.0201 -0.0240 -0.0150
v  -0.0115 -0.0264 -0.0150
v  -0.0042 -0.0244 -0.0150
v  0.0028 -0.0268 -0.0150
v  0.0051 -0.0247 -0.0150
v  0.0112 -0.0252 -0.0150
v  0.0700 -0.0254 -0.0150
v  0.0718 -0.0275 -0.0150
v  0.0582 -0.0287 -0.0150
v  0.0723 -0.0252 -0.0150
v  0.0771 -0.0247 -0.0150
v  0.0818 -0.0241 -0.0150
v  0.0752 0.0251 -0.0150
v  0.0684 0.0258 -0.0150
v  0.0651 0.0261 -0.0150
v  0.0265 -0.0272 -0.0150
v  0.0320 -0.0277 -0.0150
v  0.0376 -0.0301 -0.0150
v  0.0388 -0.0279 -0.0150
v  0.0445 -0.0298 -0.0150
v  0.0455 -0.0275 -0.0150
v  0.0540 -0.0268 -0.0150
v  -0.0516 0.0142 -0.0150
v  -0.0533 0.0117 -0.0150
v  -0.0561 0.0110 -0.0150
v  -0.0546 0.0089 -0.0150
v  -0.0574 0.0074 -0.0150
v  -0.0555 0.0060 -0.0150
v  -0.0582 0.0037 -0.0150
v  -0.0561 0.0030 -0.0150
v  -0.0584 0.0001 -0.0150
v  -0.0562 0.0001 -0.0150
v  -0.0581 -0.0038 -0.0150
v  -0.0561 -0.0028 -0.0150
v  -0.0555 -0.0058 -0.0150
v  0.0610 0.0001 0.0066
v  0.0676 0.0001 0.0031
v  0.0639 -0.0029 0.0050
v  0.1073 -0.0072 -0.0125
v  0.0926 -0.0060 -0.0076
v  0.0932 -0.0040 -0.0077
v  0.0879 -0.0192 -0.0093
v  0.0803 -0.0178 -0.0058
v  0.0837 -0.0161 -0.0063
v  0.0374 -0.0108 0.0198
v  0.0383 -0.0077 0.0203
v  0.0449 -0.0091 0.0153
v  0.0373 -0.0115 0.0196
v  0.0435 -0.0131 0.0147
v  0.0426 -0.0166 0.0133
v  0.0392 -0.0165 0.0153
v  0.0390 -0.0160 0.0158
v  0.0388 -0.0155 0.0163
v  0.0374 -0.0121 0.0192
v  0.0506 -0.0138 0.0102
v  0.0493 -0.0155 0.0102
v  0.0459 -0.0168 0.0113
v  0.0535 -0.0173 0.0068
v  0.0837 -0.0206 -0.0087
v  0.0886 -0.0224 -0.0117
v  0.0862 -0.0231 -0.0116
v  0.0917 -0.0213 -0.0118
v  0.0938 -0.0205 -0.0119
v  0.0982 -0.0182 -0.0121
v  0.0868 -0.0140 -0.0068
v  0.1011 -0.0162 -0.0123
v  0.0896 -0.0113 -0.0072
v  0.1030 -0.0145 -0.0124
v  0.1057 -0.0112 -0.0125
v  0.0908 -0.0097 -0.0073
v  0.1060 -0.0107 -0.0125
v  0.0918 -0.0080 -0.0075
v  0.1066 -0.0094 -0.0125
v  0.0915 0.0001 -0.0070
v  0.0964 0.0001 -0.0087
v  0.1079 -0.0039 -0.0125
v  0.1081 0.0001 -0.0125
v  0.0733 -0.0032 0.0003
v  0.0768 0.0001 -0.0012
v  0.0845 0.0001 -0.0043
v  0.0539 0.0001 0.0106
v  0.0547 -0.0026 0.0101
v  0.0470 0.0001 0.0150
v  0.0458 -0.0047 0.0156
v  0.0390 0.0001 0.0208
v  0.0407 0.0001 0.0195
v  0.0390 -0.0005 0.0208
v  0.0388 -0.0043 0.0207
v  0.0386 -0.0055 0.0206
v  0.0831 -0.0036 -0.0039
v  0.0820 -0.0072 -0.0037
v  0.0803 -0.0102 -0.0034
v  0.0780 -0.0128 -0.0030
v  0.0694 -0.0117 0.0011
v  0.0711 -0.0093 0.0008
v  0.0725 -0.0064 0.0005
v  0.0767 -0.0191 -0.0051
v  0.0776 -0.0211 -0.0070
v  0.0854 -0.0232 -0.0115
v  0.0518 -0.0119 0.0102
v  0.0698 -0.0195 -0.0026
v  0.0619 -0.0183 0.0019
v  0.0698 -0.0179 -0.0015
v  0.0629 -0.0169 0.0023
v  0.0727 -0.0165 -0.0020
v  0.0652 -0.0155 0.0018
v  0.0674 -0.0137 0.0015
v  0.0595 -0.0128 0.0057
v  0.0610 -0.0107 0.0055
v  0.0528 -0.0099 0.0102
v  0.0622 -0.0084 0.0053
v  0.0536 -0.0076 0.0102
v  0.0632 -0.0058 0.0051
v  0.0543 -0.0052 0.0101
v  0.0388 0.0042 0.0207
v  0.0769 0.0193 -0.0052
v  0.0804 0.0179 -0.0058
v  0.0653 0.0156 0.0018
v  0.0897 0.0114 -0.0072
v  0.1043 0.0133 -0.0124
v  0.0918 0.0081 -0.0075
v  0.1057 0.0114 -0.0125
v  0.0976 0.0187 -0.0121
v  0.0982 0.0184 -0.0121
v  0.0869 0.0141 -0.0068
v  0.1012 0.0163 -0.0123
v  0.1030 0.0147 -0.0124
v  0.0854 0.0234 -0.0115
v  0.0862 0.0233 -0.0116
v  0.0614 0.0184 0.0022
v  0.0657 0.0190 -0.0002
v  0.0732 0.0203 -0.0045
v  0.0747 0.0207 -0.0054
v  0.0436 0.0132 0.0147
v  0.0426 0.0168 0.0133
v  0.0459 0.0170 0.0113
v  0.0392 0.0167 0.0153
v  0.0390 0.0162 0.0158
v  0.0388 0.0157 0.0163
v  0.0374 0.0123 0.0192
v  0.0373 0.0118 0.0195
v  0.0374 0.0110 0.0198
v  0.0383 0.0079 0.0203
v  0.0449 0.0093 0.0153
v  0.0386 0.0057 0.0206
v  0.0458 0.0048 0.0156
v  0.0547 0.0027 0.0101
v  0.0639 0.0030 0.0050
v  0.0932 0.0042 -0.0077
v  0.0831 0.0038 -0.0039
v  0.0733 0.0034 0.0003
v  0.1060 0.0109 -0.0125
v  0.1066 0.0096 -0.0125
v  0.1075 0.0067 -0.0125
v  0.0528 0.0100 0.0102
v  0.0507 0.0139 0.0102
v  0.0579 0.0147 0.0059
v  0.0479 0.0171 0.0101
v  0.0595 0.0129 0.0057
v  0.0694 0.0118 0.0011
v  0.0781 0.0129 -0.0030
v  0.0711 0.0094 0.0008
v  0.0803 0.0104 -0.0034
v  0.0725 0.0066 0.0005
v  0.0820 0.0073 -0.0037
v  0.0926 0.0062 -0.0076
v  0.1080 0.0035 -0.0125
v  0.0543 0.0054 0.0101
v  0.0632 0.0059 0.0051
v  0.0537 0.0078 0.0102
v  0.0623 0.0086 0.0053
v  0.0610 0.0109 0.0055
v  0.0675 0.0139 0.0014
v  0.0756 0.0150 -0.0026
v  0.0838 0.0162 -0.0063
v  0.0886 0.0226 -0.0117
v  0.0917 0.0215 -0.0118
v  0.0417 0.0277 -0.0147
v  0.0359 0.0278 -0.0147
v  0.0313 0.0276 -0.0147
v  0.0265 0.0271 -0.0147
v  0.0181 0.0259 -0.0147
v  0.0172 0.0258 -0.0147
v  0.0113 0.0251 -0.0147
v  0.0164 0.0257 -0.0147
v  0.0749 0.0248 -0.0147
v  0.0821 0.0239 -0.0147
v  0.0851 0.0234 -0.0147
v  0.0982 0.0189 -0.0147
v  0.0952 0.0205 -0.0147
v  0.0934 0.0213 -0.0147
v  0.0898 0.0225 -0.0147
v  0.0888 0.0227 -0.0147
v  0.0860 0.0233 -0.0147
v  0.1033 0.0151 -0.0147
v  0.1024 0.0160 -0.0147
v  0.1010 0.0171 -0.0147
v  0.1004 0.0175 -0.0147
v  0.0996 0.0180 -0.0147
v  0.1046 0.0139 -0.0147
v  0.1074 0.0101 -0.0147
v  0.1085 0.0079 -0.0147
v  0.1072 0.0104 -0.0147
v  0.1070 0.0107 -0.0147
v  0.1063 0.0118 -0.0147
v  0.1053 0.0130 -0.0147
v  0.1100 0.0001 -0.0147
v  0.1100 0.0009 -0.0147
v  0.1099 0.0015 -0.0147
v  0.1093 0.0053 -0.0147
v  0.1096 0.0043 -0.0147
v  -0.0202 0.0239 -0.0147
v  -0.0303 0.0238 -0.0147
v  0.0800 -0.0240 -0.0147
v  0.0862 -0.0231 -0.0147
v  0.1097 -0.0032 -0.0147
v  0.1093 -0.0051 -0.0147
v  0.1074 -0.0099 -0.0147
v  0.1044 -0.0138 -0.0147
v  0.1026 -0.0156 -0.0147
v  0.1004 -0.0173 -0.0147
v  0.0966 -0.0196 -0.0147
v  0.0949 -0.0204 -0.0147
v  0.0932 -0.0211 -0.0147
v  0.0888 -0.0225 -0.0147
v  -0.0559 0.0001 -0.0147
v  -0.0559 0.0019 -0.0147
v  -0.0548 0.0073 -0.0147
v  -0.0526 0.0122 -0.0147
v  -0.0472 0.0183 -0.0147
v  -0.0493 0.0165 -0.0147
v  0.0265 -0.0269 -0.0147
v  0.0181 -0.0258 -0.0147
v  0.0172 -0.0256 -0.0147
v  0.0313 -0.0274 -0.0147
v  0.0360 -0.0276 -0.0147
v  0.0418 -0.0275 -0.0147
v  -0.0447 -0.0197 -0.0147
v  -0.0472 -0.0181 -0.0147
v  -0.0493 -0.0163 -0.0147
v  -0.0526 -0.0120 -0.0147
v  -0.0548 -0.0071 -0.0147
v  -0.0559 -0.0017 -0.0147
v  0.0112 -0.0249 -0.0147
v  0.1128 0.0001 -0.0147
v  0.1126 0.0029 -0.0147
v  0.1121 0.0057 -0.0147
v  0.1092 0.0124 -0.0147
v  0.1099 0.0113 -0.0147
v  0.1102 0.0108 -0.0147
v  0.1112 0.0086 -0.0147
v  0.1063 0.0162 -0.0147
v  0.1070 0.0154 -0.0147
v  0.1084 0.0137 -0.0147
v  0.1038 0.0184 -0.0147
v  0.1030 0.0191 -0.0147
v  0.0955 0.0234 -0.0147
v  0.0989 0.0218 -0.0147
v  0.1021 0.0198 -0.0147
v  0.0866 0.0260 -0.0147
v  0.0879 0.0258 -0.0147
v  0.0890 0.0255 -0.0147
v  0.0928 0.0244 -0.0147
v  0.0800 0.0270 -0.0147
v  0.0781 0.0273 -0.0147
v  0.0670 0.0284 -0.0147
v  0.0586 0.0292 -0.0147
v  0.0521 0.0297 -0.0147
v  0.0519 0.0297 -0.0147
v  0.0402 0.0305 -0.0147
v  0.0458 0.0302 -0.0147
v  0.0347 0.0306 -0.0147
v  0.0390 0.0306 -0.0147
v  0.0211 0.0292 -0.0147
v  0.0228 0.0294 -0.0147
v  0.0245 0.0296 -0.0147
v  0.0312 0.0304 -0.0147
v  0.0177 0.0287 -0.0147
v  0.0169 0.0286 -0.0147
v  0.0089 0.0276 -0.0147
v  0.0046 0.0273 -0.0147
v  0.0019 0.0272 -0.0147
v  -0.0026 0.0271 -0.0147
v  -0.0169 0.0267 -0.0147
v  -0.0221 0.0267 -0.0147
v  -0.0270 0.0267 -0.0147
v  -0.0315 0.0265 -0.0147
v  -0.0355 0.0261 -0.0147
v  -0.0358 0.0260 -0.0147
v  -0.0391 0.0253 -0.0147
v  -0.0399 0.0250 -0.0147
v  0.1121 -0.0055 -0.0147
v  0.1102 -0.0106 -0.0147
v  0.1070 -0.0152 -0.0147
v  0.0881 -0.0255 -0.0147
v  0.1030 -0.0189 -0.0147
v  0.0980 -0.0221 -0.0147
v  0.0948 -0.0235 -0.0147
v  0.0922 -0.0244 -0.0147
v  0.0855 -0.0260 -0.0147
v  0.0781 -0.0271 -0.0147
v  0.0719 -0.0278 -0.0147
v  0.0521 -0.0295 -0.0147
v  0.0445 -0.0301 -0.0147
v  0.0390 -0.0304 -0.0147
v  0.0292 -0.0300 -0.0147
v  0.0169 -0.0284 -0.0147
v  -0.0428 0.0240 -0.0147
v  -0.0355 -0.0259 -0.0147
v  -0.0399 -0.0248 -0.0147
v  -0.0291 -0.0264 -0.0147
v  0.0046 -0.0271 -0.0147
v  0.0028 -0.0271 -0.0147
v  -0.0163 -0.0266 -0.0147
v  -0.0257 -0.0265 -0.0147
v  -0.0453 0.0228 -0.0147
v  -0.0587 0.0001 -0.0147
v  -0.0583 0.0049 -0.0147
v  -0.0577 0.0075 -0.0147
v  -0.0567 0.0104 -0.0147
v  -0.0540 0.0153 -0.0147
v  -0.0522 0.0175 -0.0147
v  -0.0504 0.0192 -0.0147
v  -0.0583 -0.0046 -0.0147
v  -0.0575 -0.0080 -0.0147
v  -0.0567 -0.0102 -0.0147
v  -0.0454 -0.0226 -0.0147
v  -0.0475 -0.0212 -0.0147
v  -0.0504 -0.0190 -0.0147
v  -0.0540 -0.0150 -0.0147
v  -0.0559 -0.0119 -0.0147
v  0.0861 0.0270 -0.0116
v  0.0831 0.0276 -0.0116
v  0.0851 0.0272 -0.0114
v  0.0441 0.0315 -0.0114
v  0.0445 0.0315 -0.0114
v  0.0441 0.0315 -0.0115
v  0.0553 0.0307 -0.0114
v  0.0602 0.0302 -0.0115
v  0.0557 0.0306 -0.0114
v  0.0771 0.0284 -0.0114
v  0.0757 0.0286 -0.0116
v  0.0669 0.0296 -0.0114
v  0.0667 0.0296 -0.0114
v  0.0780 0.0283 -0.0114
v  0.0781 0.0283 -0.0114
v  0.0838 0.0275 -0.0114
v  0.0874 0.0267 -0.0116
v  0.0886 0.0264 -0.0114
v  0.0886 0.0264 -0.0116
v  0.1131 0.0001 -0.0114
v  0.1132 0.0001 -0.0116
v  0.1132 0.0015 -0.0116
v  0.1129 0.0041 -0.0114
v  0.1129 0.0047 -0.0116
v  0.1123 0.0072 -0.0114
v  0.1123 0.0077 -0.0116
v  0.1120 0.0085 -0.0114
v  0.1120 0.0086 -0.0116
v  0.1114 0.0100 -0.0114
v  0.1114 0.0104 -0.0116
v  0.1101 0.0127 -0.0114
v  0.1101 0.0129 -0.0116
v  0.1086 0.0149 -0.0114
v  0.1084 0.0153 -0.0116
v  0.1076 0.0161 -0.0114
v  0.1077 0.0162 -0.0116
v  0.1067 0.0171 -0.0114
v  0.1065 0.0174 -0.0116
v  0.1056 0.0181 -0.0114
v  0.1038 0.0196 -0.0116
v  0.1045 0.0190 -0.0114
v  0.1017 0.0210 -0.0114
v  0.1011 0.0214 -0.0116
v  0.0993 0.0223 -0.0114
v  0.0992 0.0224 -0.0116
v  0.0986 0.0227 -0.0114
v  0.0976 0.0232 -0.0116
v  0.0943 0.0246 -0.0114
v  0.0935 0.0249 -0.0116
v  0.0894 0.0262 -0.0114
v  0.0350 0.0318 -0.0114
v  0.0328 0.0317 -0.0115
v  0.0293 0.0315 -0.0114
v  0.0271 0.0312 -0.0115
v  0.0210 0.0305 -0.0114
v  0.0171 0.0300 -0.0115
v  0.0171 0.0300 -0.0114
v  0.0408 0.0317 -0.0114
v  0.0383 0.0318 -0.0115
v  0.0375 0.0318 -0.0115
v  0.0356 0.0318 -0.0115
v  0.0940 -0.0244 -0.0114
v  0.0886 -0.0262 -0.0114
v  0.0886 -0.0262 -0.0116
v  0.1070 -0.0167 -0.0116
v  0.1079 -0.0157 -0.0116
v  0.1083 -0.0152 -0.0114
v  0.1069 -0.0167 -0.0114
v  0.1056 -0.0179 -0.0114
v  0.1046 -0.0188 -0.0116
v  0.1043 -0.0190 -0.0114
v  0.1017 -0.0208 -0.0116
v  0.1014 -0.0210 -0.0114
v  0.1007 -0.0215 -0.0116
v  0.1006 -0.0214 -0.0114
v  0.0981 -0.0228 -0.0116
v  0.0979 -0.0228 -0.0114
v  0.0954 -0.0240 -0.0116
v  0.0939 -0.0245 -0.0116
v  0.1080 -0.0156 -0.0116
v  0.1088 -0.0144 -0.0114
v  0.1089 -0.0145 -0.0116
v  0.1105 -0.0118 -0.0114
v  0.1104 -0.0121 -0.0116
v  0.1107 -0.0117 -0.0116
v  0.1106 -0.0117 -0.0114
v  0.1116 -0.0095 -0.0114
v  0.1114 -0.0102 -0.0116
v  0.1115 -0.0098 -0.0116
v  0.1124 -0.0067 -0.0114
v  0.1124 -0.0071 -0.0116
v  0.1129 -0.0036 -0.0114
v  0.1130 -0.0038 -0.0116
v  0.1131 -0.0031 -0.0116
v  0.0441 -0.0313 -0.0114
v  0.0441 -0.0313 -0.0115
v  0.0445 -0.0313 -0.0114
v  0.0464 -0.0311 -0.0115
v  0.0554 -0.0305 -0.0114
v  0.0628 -0.0298 -0.0116
v  0.0557 -0.0304 -0.0114
v  0.0593 -0.0301 -0.0114
v  0.0770 -0.0282 -0.0116
v  0.0668 -0.0294 -0.0114
v  0.0667 -0.0294 -0.0114
v  0.0861 -0.0268 -0.0116
v  0.0862 -0.0268 -0.0114
v  0.0842 -0.0272 -0.0116
v  0.0814 -0.0277 -0.0114
v  0.0739 -0.0286 -0.0114
v  0.0067 0.0289 -0.0115
v  0.0018 0.0287 -0.0115
v  0.0052 0.0288 -0.0114
v  0.0018 0.0287 -0.0114
v  0.0057 0.0289 -0.0114
v  0.0095 0.0291 -0.0114
v  0.0141 0.0296 -0.0115
v  0.0171 -0.0298 -0.0114
v  0.0171 -0.0298 -0.0115
v  0.0251 -0.0308 -0.0115
v  0.0268 -0.0310 -0.0114
v  0.0273 -0.0311 -0.0115
v  0.0273 -0.0311 -0.0114
v  0.0319 -0.0315 -0.0115
v  0.0325 -0.0315 -0.0114
v  0.0356 -0.0316 -0.0114
v  0.0373 -0.0316 -0.0115
v  0.0380 -0.0316 -0.0114
v  -0.0330 0.0289 -0.0115
v  -0.0340 0.0288 -0.0115
v  -0.0321 0.0290 -0.0114
v  -0.0572 0.0167 -0.0114
v  -0.0574 0.0163 -0.0115
v  -0.0578 0.0158 -0.0114
v  -0.0590 0.0136 -0.0115
v  -0.0595 0.0128 -0.0114
v  -0.0597 0.0124 -0.0115
v  -0.0605 0.0106 -0.0114
v  -0.0604 0.0106 -0.0115
v  -0.0345 0.0288 -0.0114
v  -0.0350 0.0287 -0.0115
v  -0.0361 0.0287 -0.0114
v  -0.0379 0.0283 -0.0115
v  -0.0394 0.0281 -0.0114
v  -0.0393 0.0280 -0.0115
v  -0.0398 0.0280 -0.0114
v  -0.0411 0.0276 -0.0115
v  -0.0436 0.0269 -0.0114
v  -0.0448 0.0264 -0.0115
v  -0.0455 0.0261 -0.0114
v  -0.0465 0.0256 -0.0115
v  -0.0471 0.0254 -0.0114
v  -0.0479 0.0248 -0.0115
v  -0.0494 0.0240 -0.0114
v  -0.0506 0.0231 -0.0115
v  -0.0502 0.0235 -0.0114
v  -0.0518 0.0222 -0.0115
v  -0.0531 0.0212 -0.0114
v  -0.0532 0.0211 -0.0115
v  -0.0547 0.0197 -0.0114
v  -0.0557 0.0185 -0.0115
v  -0.0557 0.0187 -0.0114
v  -0.0563 0.0178 -0.0115
v  -0.0572 0.0166 -0.0115
v  -0.0010 0.0287 -0.0115
v  -0.0156 0.0288 -0.0114
v  -0.0205 0.0288 -0.0115
v  -0.0268 0.0289 -0.0114
v  -0.0303 0.0289 -0.0115
v  -0.0328 0.0289 -0.0115
v  -0.0622 0.0030 -0.0114
v  -0.0622 0.0033 -0.0114
v  -0.0621 0.0030 -0.0115
v  -0.0620 0.0047 -0.0114
v  -0.0615 0.0068 -0.0115
v  -0.0616 0.0068 -0.0114
v  0.0018 -0.0285 -0.0115
v  0.0043 -0.0286 -0.0115
v  0.0018 -0.0286 -0.0114
v  0.0056 -0.0286 -0.0115
v  0.0079 -0.0288 -0.0114
v  0.0104 -0.0290 -0.0115
v  0.0119 -0.0291 -0.0115
v  0.0151 -0.0295 -0.0114
v  -0.0624 0.0005 -0.0114
v  -0.0623 0.0001 -0.0115
v  -0.0624 0.0001 -0.0114
v  -0.0605 -0.0104 -0.0114
v  -0.0604 -0.0104 -0.0115
v  -0.0598 -0.0119 -0.0115
v  -0.0592 -0.0133 -0.0114
v  -0.0591 -0.0133 -0.0115
v  -0.0576 -0.0159 -0.0114
v  -0.0574 -0.0161 -0.0115
v  -0.0572 -0.0165 -0.0114
v  -0.0563 -0.0176 -0.0115
v  -0.0557 -0.0184 -0.0114
v  -0.0555 -0.0185 -0.0115
v  -0.0547 -0.0195 -0.0114
v  -0.0532 -0.0208 -0.0115
v  -0.0537 -0.0205 -0.0114
v  -0.0531 -0.0210 -0.0114
v  -0.0518 -0.0220 -0.0115
v  -0.0504 -0.0232 -0.0114
v  -0.0508 -0.0228 -0.0115
v  -0.0494 -0.0238 -0.0114
v  -0.0496 -0.0236 -0.0115
v  -0.0474 -0.0250 -0.0114
v  -0.0466 -0.0253 -0.0115
v  -0.0455 -0.0259 -0.0114
v  -0.0444 -0.0263 -0.0115
v  -0.0443 -0.0264 -0.0114
v  -0.0433 -0.0267 -0.0115
v  -0.0409 -0.0275 -0.0114
v  -0.0407 -0.0275 -0.0115
v  -0.0398 -0.0277 -0.0115
v  -0.0394 -0.0279 -0.0114
v  -0.0393 -0.0279 -0.0115
v  -0.0375 -0.0283 -0.0114
v  -0.0362 -0.0284 -0.0115
v  -0.0340 -0.0287 -0.0114
v  -0.0350 -0.0285 -0.0115
v  -0.0323 -0.0287 -0.0115
v  -0.0295 -0.0288 -0.0114
v  -0.0272 -0.0287 -0.0115
v  -0.0283 -0.0287 -0.0114
v  -0.0212 -0.0286 -0.0114
v  -0.0170 -0.0286 -0.0115
v  -0.0128 -0.0286 -0.0114
v  -0.0118 -0.0286 -0.0114
v  -0.0623 -0.0024 -0.0114
v  -0.0621 -0.0028 -0.0115
v  -0.0622 -0.0028 -0.0114
v  -0.0616 -0.0066 -0.0114
v  -0.0606 -0.0101 -0.0114
v  -0.0611 -0.0087 -0.0114
v  -0.0615 -0.0066 -0.0115
v  -0.0616 -0.0062 -0.0115
v  0.0353 0.0118 0.0213
v  0.0355 0.0120 0.0217
v  0.0353 0.0130 0.0214
v  0.0351 0.0127 0.0210
v  0.0353 0.0135 0.0212
v  0.0351 0.0132 0.0208
v  0.0354 0.0140 0.0209
v  0.0352 0.0136 0.0205
v  0.0352 0.0137 0.0205
v  0.0354 0.0140 0.0208
v  0.0356 0.0119 0.0217
v  0.0366 0.0061 0.0222
v  0.0368 0.0043 0.0223
v  0.0370 0.0054 0.0227
v  0.0372 0.0016 0.0229
v  0.0370 0.0001 0.0225
v  0.0373 0.0001 0.0229
v  0.0364 0.0078 0.0220
v  0.0364 0.0088 0.0223
v  0.0356 0.0110 0.0215
v  0.0362 0.0096 0.0222
v  0.0359 0.0107 0.0220
v  0.0357 0.0116 0.0218
v  0.0364 0.0170 0.0176
v  0.0367 0.0174 0.0180
v  0.0353 -0.0116 0.0213
v  0.0355 -0.0118 0.0217
v  0.0356 -0.0118 0.0217
v  0.0359 -0.0106 0.0220
v  0.0359 -0.0105 0.0220
v  0.0362 -0.0082 0.0219
v  0.0362 -0.0094 0.0222
v  0.0365 -0.0082 0.0224
v  0.0366 -0.0075 0.0225
v  0.0366 -0.0059 0.0222
v  0.0369 -0.0060 0.0226
v  0.0368 -0.0048 0.0223
v  0.0371 -0.0040 0.0228
v  0.0370 -0.0010 0.0225
v  0.0370 0.0179 0.0173
v  0.0367 0.0174 0.0170
v  0.0367 0.0174 0.0171
v  0.0368 0.0176 0.0178
v  0.0352 -0.0134 0.0205
v  0.0354 -0.0138 0.0209
v  0.0351 -0.0133 0.0206
v  0.0353 -0.0129 0.0214
v  0.0351 -0.0130 0.0208
v  0.0351 -0.0125 0.0210
v  0.0369 0.0175 0.0168
v  0.0372 0.0180 0.0170
v  0.0370 0.0175 0.0166
v  0.0374 0.0180 0.0167
v  0.0354 -0.0138 0.0208
v  0.0352 -0.0135 0.0205
v  0.0393 0.0180 0.0140
v  0.0386 0.0175 0.0144
v  0.0379 0.0175 0.0154
v  0.0367 -0.0172 0.0180
v  0.0364 -0.0168 0.0176
v  0.0368 -0.0175 0.0177
v  0.0367 -0.0172 0.0172
v  0.0370 -0.0177 0.0174
v  0.0367 -0.0172 0.0170
v  0.0374 -0.0178 0.0167
v  0.0374 -0.0173 0.0161
v  0.0385 -0.0173 0.0144
v  0.0394 -0.0178 0.0140
v  0.0361 0.0190 0.0131
v  0.0362 0.0190 0.0131
v  0.0361 0.0190 0.0154
v  0.0362 0.0190 0.0154
v  0.0361 0.0190 0.0157
v  0.0362 0.0190 0.0157
v  0.0360 0.0191 0.0162
v  0.0360 0.0190 0.0161
v  0.0361 0.0190 0.0160
v  0.0361 0.0190 0.0159
v  0.0362 0.0190 0.0158
v  0.0360 0.0191 0.0161
v  0.0359 0.0191 0.0160
v  0.0357 0.0193 0.0161
v  0.0360 0.0193 0.0163
v  0.0357 0.0194 0.0162
v  0.0360 0.0194 0.0163
v  0.0358 0.0195 0.0161
v  0.0360 0.0192 0.0163
v  0.0357 0.0192 0.0161
v  0.0357 0.0192 0.0160
v  0.0358 0.0191 0.0160
v  0.0360 0.0191 0.0163
v  0.0267 0.0225 0.0117
v  0.0298 0.0215 0.0131
v  0.0298 0.0214 0.0131
v  0.0299 0.0217 0.0131
v  0.0298 0.0217 0.0131
v  0.0298 0.0216 0.0131
v  0.0165 0.0249 0.0088
v  0.0165 0.0248 0.0088
v  0.0200 0.0243 0.0095
v  0.0165 0.0251 0.0087
v  0.0151 0.0252 0.0085
v  0.0165 0.0250 0.0088
v  0.0128 0.0254 0.0083
v  0.0160 0.0249 0.0087
v  0.0128 0.0251 0.0084
v  0.0234 0.0235 0.0105
v  0.0267 0.0226 0.0117
v  0.0234 0.0234 0.0105
v  0.0122 0.0254 0.0083
v  0.0091 0.0254 0.0084
v  0.0091 0.0253 0.0084
v  0.0201 0.0245 0.0094
v  0.0200 0.0244 0.0095
v  0.0234 0.0236 0.0105
v  0.0235 0.0237 0.0105
v  0.0267 0.0227 0.0117
v  0.0091 0.0253 0.0085
v  0.0091 0.0252 0.0085
v  0.0102 0.0252 0.0084
v  0.0267 0.0226 0.0118
v  0.0088 0.0253 0.0084
v  0.0086 0.0254 0.0083
v  0.0087 0.0255 0.0082
v  0.0086 0.0256 0.0080
v  0.0085 0.0256 0.0080
v  0.0084 0.0253 0.0081
v  0.0084 0.0254 0.0082
v  0.0085 0.0253 0.0083
v  0.0085 0.0254 0.0082
v  0.0086 0.0253 0.0083
v  0.0087 0.0252 0.0084
v  0.0088 0.0252 0.0085
v  0.0087 0.0254 0.0083
v  0.0085 0.0255 0.0082
v  0.0088 0.0254 0.0083
v  0.0086 0.0255 0.0082
v  0.0085 0.0255 0.0081
v  0.0084 0.0256 0.0080
v  0.0084 0.0255 0.0079
v  0.0084 0.0254 0.0079
v  0.0084 0.0254 0.0080
v  0.0084 0.0255 0.0080
v  0.0084 0.0261 0.0068
v  0.0084 0.0269 0.0058
v  0.0084 0.0268 0.0058
v  0.0085 0.0270 0.0059
v  0.0086 0.0271 0.0059
v  0.0084 0.0270 0.0054
v  0.0086 0.0273 0.0055
v  0.0086 0.0274 0.0051
v  0.0085 0.0272 0.0055
v  0.0084 0.0272 0.0055
v  0.0084 0.0271 0.0051
v  0.0084 0.0272 0.0051
v  0.0085 0.0274 0.0051
v  0.0085 0.0273 0.0051
v  0.0084 0.0273 0.0051
v  0.0084 0.0272 0.0047
v  0.0086 0.0275 0.0044
v  0.0085 0.0275 0.0044
v  0.0084 0.0274 0.0044
v  0.0084 0.0272 0.0044
v  0.0084 0.0273 0.0044
v  0.0084 0.0275 0.0042
v  0.0076 0.0274 0.0039
v  0.0079 0.0274 0.0039
v  0.0078 0.0275 0.0038
v  0.0076 0.0275 0.0039
v  0.0074 0.0275 0.0040
v  0.0075 0.0274 0.0040
v  0.0074 0.0273 0.0042
v  0.0086 0.0275 0.0042
v  0.0084 0.0276 0.0039
v  0.0083 0.0275 0.0039
v  0.0071 0.0274 0.0044
v  0.0072 0.0274 0.0044
v  0.0072 0.0275 0.0041
v  0.0074 0.0275 0.0039
v  0.0074 0.0275 0.0038
v  0.0078 0.0276 0.0038
v  0.0077 0.0276 0.0037
v  0.0081 0.0276 0.0037
v  0.0074 0.0272 0.0044
v  0.0075 0.0273 0.0040
v  0.0073 0.0273 0.0044
v  0.0074 0.0272 0.0042
v  0.0082 0.0274 0.0040
v  0.0083 0.0274 0.0042
v  0.0079 0.0273 0.0039
v  0.0080 0.0273 0.0039
v  0.0081 0.0274 0.0039
v  0.0083 0.0273 0.0042
v  0.0083 0.0273 0.0041
v  0.0081 0.0273 0.0039
v  0.0082 0.0273 0.0040
v  0.0081 0.0275 0.0039
v  0.0081 0.0276 0.0038
v  0.0083 0.0275 0.0040
v  0.0073 0.0274 0.0042
v  0.0073 0.0274 0.0044
v  0.0077 0.0273 0.0039
v  0.0071 0.0274 0.0048
v  0.0071 0.0273 0.0052
v  0.0072 0.0273 0.0052
v  0.0074 0.0271 0.0048
v  0.0073 0.0272 0.0052
v  0.0074 0.0271 0.0051
v  0.0074 0.0270 0.0055
v  0.0071 0.0272 0.0056
v  0.0071 0.0270 0.0059
v  0.0072 0.0272 0.0056
v  0.0072 0.0270 0.0059
v  0.0073 0.0270 0.0059
v  0.0074 0.0268 0.0059
v  0.0074 0.0268 0.0058
v  0.0073 0.0269 0.0059
v  0.0074 0.0254 0.0081
v  0.0074 0.0254 0.0080
v  0.0074 0.0261 0.0069
v  0.0071 0.0263 0.0070
v  0.0073 0.0255 0.0081
v  0.0072 0.0256 0.0081
v  0.0071 0.0256 0.0081
v  0.0073 0.0254 0.0081
v  0.0073 0.0254 0.0083
v  0.0073 0.0253 0.0083
v  0.0072 0.0255 0.0083
v  0.0071 0.0254 0.0084
v  0.0071 0.0253 0.0084
v  0.0067 0.0253 0.0085
v  0.0067 0.0253 0.0086
v  0.0069 0.0254 0.0085
v  0.0071 0.0255 0.0082
v  0.0070 0.0254 0.0083
v  0.0072 0.0252 0.0084
v  0.0073 0.0253 0.0082
v  0.0070 0.0252 0.0086
v  0.0067 0.0252 0.0086
v  0.0067 0.0251 0.0086
v  0.0069 0.0251 0.0086
v  0.0069 0.0253 0.0085
v  0.0072 0.0253 0.0084
v  0.0072 0.0254 0.0083
v  0.0026 0.0252 0.0087
v  -0.0058 0.0248 0.0093
v  -0.0058 0.0250 0.0092
v  -0.0093 0.0246 0.0096
v  -0.0085 0.0248 0.0095
v  -0.0075 0.0250 0.0093
v  -0.0111 0.0245 0.0097
v  -0.0111 0.0245 0.0098
v  -0.0111 0.0243 0.0098
v  -0.0168 0.0229 0.0113
v  -0.0140 0.0238 0.0104
v  -0.0168 0.0229 0.0112
v  -0.0143 0.0238 0.0104
v  -0.0112 0.0245 0.0097
v  -0.0138 0.0237 0.0104
v  -0.0146 0.0235 0.0106
v  -0.0167 0.0228 0.0113
v  -0.0244 0.0149 0.0182
v  -0.0228 0.0182 0.0156
v  -0.0229 0.0182 0.0156
v  -0.0189 0.0217 0.0123
v  -0.0253 0.0110 0.0204
v  -0.0245 0.0150 0.0182
v  -0.0253 0.0110 0.0205
v  -0.0250 0.0132 0.0194
v  -0.0254 0.0111 0.0205
v  -0.0235 0.0173 0.0163
v  -0.0245 0.0152 0.0180
v  -0.0246 0.0150 0.0182
v  -0.0224 0.0191 0.0148
v  -0.0217 0.0196 0.0143
v  -0.0209 0.0205 0.0135
v  -0.0203 0.0209 0.0131
v  -0.0204 0.0210 0.0131
v  -0.0190 0.0219 0.0122
v  -0.0186 0.0220 0.0121
v  -0.0175 0.0226 0.0115
v  -0.0207 0.0203 0.0135
v  -0.0216 0.0195 0.0143
v  -0.0230 0.0182 0.0156
v  -0.0222 0.0188 0.0149
v  -0.0228 0.0181 0.0156
v  -0.0234 0.0171 0.0164
v  -0.0237 0.0166 0.0169
v  -0.0242 0.0150 0.0180
v  -0.0243 0.0149 0.0182
v  -0.0248 0.0130 0.0194
v  -0.0248 0.0130 0.0193
v  -0.0252 0.0110 0.0204
v  -0.0252 0.0109 0.0203
v  -0.0256 0.0094 0.0210
v  -0.0257 0.0086 0.0212
v  -0.0256 0.0086 0.0212
v  -0.0254 0.0086 0.0211
v  -0.0254 0.0086 0.0210
v  -0.0254 0.0087 0.0210
v  -0.0255 0.0086 0.0211
v  -0.0257 0.0067 0.0214
v  -0.0254 0.0074 0.0211
v  -0.0255 0.0067 0.0212
v  -0.0256 0.0067 0.0214
v  -0.0255 0.0067 0.0213
v  -0.0256 0.0030 0.0215
v  -0.0257 0.0030 0.0215
v  -0.0258 0.0030 0.0215
v  -0.0255 0.0030 0.0214
v  -0.0255 0.0030 0.0213
v  -0.0255 0.0001 0.0213
v  -0.0255 0.0001 0.0214
v  -0.0256 0.0001 0.0215
v  -0.0258 0.0001 0.0215
v  -0.0257 0.0001 0.0215
v  -0.0258 -0.0028 0.0215
v  -0.0257 -0.0028 0.0215
v  -0.0256 -0.0028 0.0215
v  -0.0255 -0.0028 0.0214
v  -0.0255 -0.0028 0.0213
v  -0.0255 -0.0065 0.0212
v  -0.0255 -0.0065 0.0213
v  -0.0256 -0.0065 0.0214
v  -0.0257 -0.0065 0.0214
v  -0.0257 -0.0084 0.0212
v  -0.0256 -0.0084 0.0212
v  -0.0255 -0.0084 0.0211
v  -0.0254 -0.0084 0.0211
v  -0.0254 -0.0084 0.0210
v  -0.0252 -0.0105 0.0204
v  -0.0254 -0.0109 0.0205
v  -0.0253 -0.0108 0.0205
v  -0.0256 -0.0088 0.0211
v  -0.0253 -0.0108 0.0204
v  -0.0252 -0.0107 0.0203
v  -0.0252 -0.0108 0.0204
v  -0.0249 -0.0129 0.0194
v  -0.0168 -0.0227 0.0113
v  -0.0167 -0.0226 0.0113
v  -0.0187 -0.0216 0.0122
v  -0.0248 -0.0128 0.0194
v  -0.0229 -0.0180 0.0156
v  -0.0238 -0.0164 0.0169
v  -0.0237 -0.0168 0.0166
v  -0.0168 -0.0228 0.0112
v  -0.0175 -0.0224 0.0115
v  -0.0186 -0.0218 0.0121
v  -0.0208 -0.0204 0.0134
v  -0.0205 -0.0206 0.0132
v  -0.0203 -0.0207 0.0132
v  -0.0201 -0.0209 0.0129
v  -0.0190 -0.0217 0.0122
v  -0.0222 -0.0190 0.0147
v  -0.0211 -0.0201 0.0137
v  -0.0217 -0.0194 0.0143
v  -0.0210 -0.0202 0.0136
v  -0.0208 -0.0203 0.0135
v  -0.0247 -0.0144 0.0185
v  -0.0250 -0.0129 0.0194
v  -0.0245 -0.0148 0.0182
v  -0.0252 -0.0124 0.0197
v  -0.0248 -0.0129 0.0192
v  -0.0243 -0.0147 0.0182
v  -0.0242 -0.0149 0.0179
v  -0.0237 -0.0163 0.0169
v  -0.0233 -0.0170 0.0162
v  -0.0228 -0.0179 0.0156
v  -0.0228 -0.0178 0.0156
v  -0.0206 -0.0203 0.0134
v  -0.0221 -0.0188 0.0147
v  -0.0217 -0.0193 0.0143
v  -0.0244 -0.0147 0.0182
v  -0.0237 -0.0164 0.0169
v  -0.0229 -0.0179 0.0156
v  -0.0226 -0.0185 0.0151
v  -0.0140 -0.0235 0.0104
v  -0.0140 -0.0236 0.0104
v  -0.0143 -0.0236 0.0104
v  -0.0111 -0.0243 0.0097
v  -0.0111 -0.0243 0.0098
v  -0.0111 -0.0241 0.0098
v  -0.0078 -0.0245 0.0094
v  -0.0085 -0.0246 0.0095
v  -0.0097 -0.0245 0.0095
v  -0.0058 -0.0246 0.0093
v  -0.0058 -0.0248 0.0092
v  -0.0027 -0.0249 0.0090
v  0.0067 -0.0251 0.0085
v  0.0067 -0.0251 0.0086
v  0.0067 -0.0249 0.0086
v  0.0022 -0.0248 0.0089
v  0.0067 -0.0250 0.0086
v  0.0074 -0.0251 0.0081
v  0.0073 -0.0251 0.0081
v  0.0073 -0.0252 0.0082
v  0.0073 -0.0251 0.0082
v  0.0073 -0.0251 0.0083
v  0.0071 -0.0253 0.0083
v  0.0071 -0.0254 0.0081
v  0.0072 -0.0254 0.0081
v  0.0068 -0.0251 0.0085
v  0.0071 -0.0252 0.0084
v  0.0069 -0.0251 0.0085
v  0.0071 -0.0251 0.0084
v  0.0072 -0.0252 0.0083
v  0.0070 -0.0252 0.0084
v  0.0072 -0.0253 0.0083
v  0.0073 -0.0253 0.0082
v  0.0073 -0.0253 0.0081
v  0.0073 -0.0252 0.0081
v  0.0072 -0.0251 0.0083
v  0.0073 -0.0250 0.0083
v  0.0072 -0.0251 0.0084
v  0.0072 -0.0250 0.0084
v  0.0070 -0.0250 0.0085
v  0.0068 -0.0249 0.0086
v  0.0070 -0.0250 0.0086
v  0.0074 -0.0252 0.0080
v  0.0071 -0.0261 0.0070
v  0.0073 -0.0267 0.0059
v  0.0074 -0.0266 0.0058
v  0.0071 -0.0268 0.0059
v  0.0072 -0.0268 0.0059
v  0.0073 -0.0268 0.0059
v  0.0074 -0.0268 0.0055
v  0.0071 -0.0270 0.0056
v  0.0071 -0.0271 0.0052
v  0.0072 -0.0270 0.0056
v  0.0072 -0.0271 0.0052
v  0.0073 -0.0271 0.0052
v  0.0073 -0.0270 0.0052
v  0.0074 -0.0269 0.0051
v  0.0071 -0.0272 0.0048
v  0.0071 -0.0272 0.0044
v  0.0072 -0.0272 0.0044
v  0.0074 -0.0270 0.0044
v  0.0074 -0.0269 0.0048
v  0.0073 -0.0271 0.0044
v  0.0073 -0.0272 0.0044
v  0.0084 -0.0272 0.0044
v  0.0084 -0.0271 0.0044
v  0.0083 -0.0272 0.0042
v  0.0078 -0.0273 0.0038
v  0.0076 -0.0273 0.0039
v  0.0078 -0.0271 0.0039
v  0.0077 -0.0271 0.0039
v  0.0076 -0.0272 0.0039
v  0.0085 -0.0273 0.0041
v  0.0086 -0.0273 0.0044
v  0.0085 -0.0273 0.0044
v  0.0076 -0.0274 0.0037
v  0.0080 -0.0274 0.0037
v  0.0078 -0.0274 0.0038
v  0.0084 -0.0274 0.0039
v  0.0083 -0.0273 0.0039
v  0.0072 -0.0273 0.0042
v  0.0071 -0.0273 0.0041
v  0.0073 -0.0273 0.0040
v  0.0073 -0.0273 0.0039
v  0.0076 -0.0273 0.0038
v  0.0073 -0.0272 0.0042
v  0.0074 -0.0270 0.0041
v  0.0075 -0.0271 0.0040
v  0.0074 -0.0271 0.0042
v  0.0078 -0.0272 0.0039
v  0.0081 -0.0272 0.0039
v  0.0080 -0.0271 0.0039
v  0.0082 -0.0272 0.0040
v  0.0083 -0.0271 0.0042
v  0.0083 -0.0271 0.0041
v  0.0082 -0.0271 0.0040
v  0.0084 -0.0270 0.0044
v  0.0074 -0.0273 0.0040
v  0.0081 -0.0273 0.0039
v  0.0083 -0.0273 0.0040
v  0.0084 -0.0273 0.0042
v  0.0075 -0.0272 0.0040
v  0.0084 -0.0270 0.0047
v  0.0084 -0.0270 0.0051
v  0.0084 -0.0269 0.0051
v  0.0084 -0.0271 0.0051
v  0.0085 -0.0271 0.0051
v  0.0085 -0.0272 0.0051
v  0.0086 -0.0272 0.0051
v  0.0084 -0.0268 0.0054
v  0.0084 -0.0270 0.0055
v  0.0084 -0.0268 0.0058
v  0.0084 -0.0267 0.0058
v  0.0086 -0.0269 0.0059
v  0.0085 -0.0270 0.0055
v  0.0086 -0.0271 0.0055
v  0.0084 -0.0266 0.0058
v  0.0085 -0.0269 0.0059
v  0.0084 -0.0268 0.0059
v  0.0086 -0.0254 0.0080
v  0.0085 -0.0254 0.0080
v  0.0084 -0.0254 0.0080
v  0.0084 -0.0259 0.0068
v  0.0084 -0.0253 0.0080
v  0.0084 -0.0253 0.0079
v  0.0084 -0.0252 0.0079
v  0.0086 -0.0253 0.0082
v  0.0087 -0.0252 0.0083
v  0.0086 -0.0252 0.0083
v  0.0091 -0.0252 0.0084
v  0.0091 -0.0251 0.0084
v  0.0089 -0.0252 0.0084
v  0.0087 -0.0253 0.0083
v  0.0086 -0.0254 0.0081
v  0.0084 -0.0252 0.0081
v  0.0084 -0.0252 0.0080
v  0.0084 -0.0251 0.0081
v  0.0086 -0.0251 0.0083
v  0.0088 -0.0251 0.0084
v  0.0091 -0.0251 0.0085
v  0.0091 -0.0250 0.0085
v  0.0088 -0.0250 0.0085
v  0.0085 -0.0252 0.0082
v  0.0085 -0.0253 0.0082
v  0.0165 -0.0248 0.0088
v  0.0128 -0.0252 0.0083
v  0.0165 -0.0248 0.0087
v  0.0165 -0.0249 0.0088
v  0.0357 -0.0191 0.0161
v  0.0357 -0.0190 0.0161
v  0.0329 -0.0202 0.0146
v  0.0357 -0.0190 0.0160
v  0.0329 -0.0201 0.0145
v  0.0358 -0.0189 0.0160
v  0.0329 -0.0201 0.0146
v  0.0357 -0.0192 0.0162
v  0.0358 -0.0193 0.0161
v  0.0329 -0.0204 0.0147
v  0.0329 -0.0203 0.0147
v  0.0298 -0.0215 0.0131
v  0.0299 -0.0215 0.0131
v  0.0234 -0.0234 0.0105
v  0.0298 -0.0214 0.0131
v  0.0234 -0.0233 0.0105
v  0.0298 -0.0213 0.0131
v  0.0298 -0.0212 0.0131
v  0.0234 -0.0232 0.0105
v  0.0200 -0.0241 0.0095
v  0.0200 -0.0242 0.0095
v  0.0201 -0.0243 0.0094
v  0.0235 -0.0235 0.0105
v  0.0165 -0.0247 0.0088
v  0.0165 -0.0246 0.0088
v  0.0128 -0.0250 0.0084
v  0.0102 -0.0250 0.0084
v  0.0200 -0.0240 0.0095
v  0.0122 -0.0252 0.0083
v  0.0106 -0.0252 0.0083
v  0.0360 -0.0192 0.0163
v  0.0360 -0.0191 0.0163
v  0.0360 -0.0190 0.0163
v  0.0360 -0.0190 0.0162
v  0.0360 -0.0189 0.0162
v  0.0360 -0.0189 0.0161
v  0.0359 -0.0189 0.0160
v  0.0360 -0.0188 0.0161
v  0.0360 -0.0189 0.0163
v  0.0361 -0.0188 0.0159
v  0.0361 -0.0188 0.0161
v  0.0362 -0.0188 0.0157
v  0.0361 -0.0188 0.0157
v  0.0361 -0.0188 0.0160
v  0.0362 -0.0188 0.0154
v  0.0361 -0.0188 0.0154
v  0.0361 -0.0188 0.0136
v  0.0362 -0.0188 0.0136
v  0.0362 -0.0188 0.0131
v  0.0361 -0.0188 0.0131
v  0.0088 -0.0243 0.0085
v  0.0086 -0.0243 0.0084
v  0.0091 -0.0243 0.0085
v  0.0089 -0.0243 0.0085
v  0.0085 -0.0243 0.0083
v  0.0084 -0.0243 0.0082
v  0.0084 -0.0243 0.0080
v  0.0084 -0.0248 0.0079
v  0.0091 -0.0237 0.0086
v  0.0091 -0.0231 0.0086
v  0.0089 -0.0231 0.0086
v  0.0086 -0.0231 0.0085
v  0.0085 -0.0231 0.0084
v  0.0084 -0.0231 0.0083
v  0.0084 -0.0231 0.0082
v  0.0084 -0.0231 0.0080
v  0.0073 -0.0231 0.0083
v  0.0074 -0.0231 0.0082
v  0.0073 -0.0231 0.0084
v  0.0067 -0.0231 0.0087
v  0.0071 -0.0231 0.0086
v  0.0084 0.0250 0.0079
v  0.0084 0.0245 0.0080
v  0.0084 0.0245 0.0081
v  0.0084 0.0245 0.0082
v  0.0086 0.0245 0.0084
v  0.0085 0.0245 0.0083
v  0.0087 0.0245 0.0085
v  0.0091 0.0245 0.0085
v  0.0091 0.0239 0.0086
v  0.0084 0.0233 0.0080
v  0.0084 0.0233 0.0081
v  0.0084 0.0233 0.0082
v  0.0085 0.0233 0.0083
v  0.0086 0.0233 0.0085
v  0.0087 0.0233 0.0085
v  0.0091 0.0233 0.0086
v  0.0067 0.0233 0.0087
v  0.0068 0.0233 0.0087
v  0.0070 0.0233 0.0087
v  0.0071 0.0233 0.0086
v  0.0072 0.0233 0.0086
v  0.0073 0.0233 0.0084
v  0.0074 0.0233 0.0082
v  -0.0423 -0.0028 0.0187
v  -0.0423 0.0030 0.0187
v  -0.0427 -0.0028 0.0185
v  -0.0431 0.0030 0.0183
v  -0.0429 -0.0028 0.0185
v  -0.0431 -0.0028 0.0183
v  -0.0341 0.0030 0.0205
v  -0.0341 -0.0028 0.0205
v  -0.0615 0.0030 -0.0087
v  -0.0616 0.0001 -0.0087
v  -0.0598 0.0030 -0.0040
v  -0.0588 0.0001 -0.0013
v  -0.0586 0.0030 -0.0013
v  -0.0548 0.0001 0.0059
v  -0.0547 0.0030 0.0059
v  -0.0579 0.0030 0.0003
v  -0.0496 0.0001 0.0125
v  -0.0477 0.0030 0.0145
v  -0.0501 0.0030 0.0119
v  -0.0529 0.0030 0.0085
v  -0.0521 -0.0028 0.0096
v  -0.0496 -0.0028 0.0125
v  -0.0488 -0.0028 0.0133
v  -0.0477 -0.0028 0.0145
v  -0.0442 0.0030 0.0175
v  -0.0547 -0.0028 0.0059
v  -0.0586 -0.0028 -0.0013
v  -0.0607 -0.0028 -0.0065
v  -0.0615 -0.0028 -0.0087
v  -0.0598 0.0106 -0.0088
v  -0.0613 0.0041 -0.0087
v  -0.0598 0.0106 -0.0087
v  -0.0605 0.0081 -0.0087
v  -0.0599 -0.0099 -0.0087
v  -0.0598 -0.0104 -0.0089
v  -0.0598 -0.0104 -0.0087
v  -0.0608 -0.0069 -0.0087
v  0.0397 0.0192 0.0166
v  0.0396 0.0193 0.0166
v  0.0387 0.0193 0.0169
v  0.0389 0.0192 0.0169
v  0.0391 0.0193 0.0168
v  0.0393 0.0190 0.0167
v  0.0391 0.0190 0.0168
v  0.0388 0.0190 0.0169
v  0.0387 0.0191 0.0169
v  0.0386 0.0191 0.0169
v  0.0384 0.0192 0.0169
v  0.0382 0.0193 0.0168
v  0.0382 0.0194 0.0168
v  0.0381 0.0193 0.0168
v  0.0383 0.0197 0.0166
v  0.0378 0.0196 0.0166
v  0.0377 0.0196 0.0166
v  0.0393 0.0194 0.0166
v  0.0389 0.0196 0.0165
v  0.0385 0.0197 0.0166
v  0.0395 0.0193 0.0167
v  0.0397 0.0193 0.0166
v  0.0395 0.0192 0.0167
v  0.0397 0.0191 0.0166
v  0.0395 0.0191 0.0167
v  0.0392 0.0190 0.0168
v  0.0396 0.0190 0.0166
v  0.0385 0.0192 0.0169
v  0.0385 0.0193 0.0169
v  0.0387 0.0192 0.0169
v  0.0388 0.0192 0.0169
v  0.0386 0.0195 0.0168
v  0.0383 0.0194 0.0168
v  0.0383 0.0192 0.0169
v  0.0393 0.0191 0.0168
v  0.0392 0.0191 0.0168
v  0.0391 0.0192 0.0169
v  0.0390 0.0191 0.0169
v  0.0389 0.0190 0.0169
v  0.0395 0.0190 0.0165
v  0.0395 0.0190 0.0166
v  0.0389 0.0191 0.0169
v  0.0388 0.0191 0.0169
v  0.0396 0.0192 0.0167
v  0.0394 0.0192 0.0167
v  0.0393 0.0193 0.0168
v  0.0393 0.0192 0.0168
v  0.0392 0.0192 0.0168
v  0.0311 0.0236 0.0120
v  0.0307 0.0234 0.0123
v  0.0347 0.0218 0.0145
v  0.0342 0.0215 0.0146
v  0.0305 0.0231 0.0125
v  0.0380 0.0204 0.0160
v  0.0370 0.0209 0.0154
v  0.0357 0.0216 0.0146
v  0.0461 0.0191 0.0129
v  0.0493 0.0193 0.0110
v  0.0525 0.0195 0.0091
v  0.0493 0.0193 0.0111
v  0.0461 0.0192 0.0130
v  0.0510 0.0194 0.0099
v  0.0525 0.0195 0.0090
v  0.0446 0.0190 0.0136
v  0.0418 0.0190 0.0153
v  0.0411 0.0190 0.0156
v  0.0396 0.0190 0.0165
v  0.0410 0.0190 0.0157
v  0.0468 0.0195 0.0126
v  0.0461 0.0194 0.0130
v  0.0461 0.0193 0.0130
v  0.0525 0.0196 0.0092
v  0.0493 0.0194 0.0111
v  0.0525 0.0196 0.0093
v  0.0525 0.0197 0.0093
v  0.0524 0.0198 0.0093
v  0.0523 0.0199 0.0093
v  0.0533 0.0191 0.0090
v  0.0533 0.0189 0.0090
v  0.0533 0.0190 0.0091
v  0.0529 0.0194 0.0090
v  0.0530 0.0194 0.0089
v  0.0530 0.0194 0.0090
v  0.0531 0.0197 0.0090
v  0.0529 0.0198 0.0091
v  0.0527 0.0198 0.0091
v  0.0537 0.0192 0.0091
v  0.0534 0.0195 0.0090
v  0.0535 0.0194 0.0091
v  0.0527 0.0195 0.0090
v  0.0528 0.0195 0.0090
v  0.0529 0.0195 0.0090
v  0.0531 0.0194 0.0090
v  0.0528 0.0196 0.0091
v  0.0528 0.0195 0.0091
v  0.0531 0.0196 0.0091
v  0.0527 0.0198 0.0092
v  0.0528 0.0197 0.0091
v  0.0531 0.0195 0.0090
v  0.0527 0.0195 0.0091
v  0.0533 0.0191 0.0091
v  0.0534 0.0190 0.0091
v  0.0534 0.0190 0.0092
v  0.0535 0.0191 0.0092
v  0.0531 0.0193 0.0090
v  0.0531 0.0193 0.0089
v  0.0532 0.0192 0.0090
v  0.0533 0.0192 0.0090
v  0.0535 0.0193 0.0091
v  0.0534 0.0192 0.0091
v  0.0536 0.0191 0.0092
v  0.0537 0.0191 0.0092
v  0.0533 0.0193 0.0091
v  0.0534 0.0194 0.0091
v  0.0528 0.0195 0.0089
v  0.0532 0.0192 0.0089
v  0.0533 0.0191 0.0089
v  0.0533 0.0189 0.0091
v  0.0533 0.0187 0.0094
v  0.0532 0.0186 0.0095
v  0.0533 0.0186 0.0095
v  0.0534 0.0186 0.0095
v  0.0535 0.0188 0.0093
v  0.0533 0.0181 0.0100
v  0.0537 0.0184 0.0096
v  0.0535 0.0185 0.0096
v  0.0536 0.0188 0.0094
v  0.0537 0.0188 0.0094
v  0.0538 0.0187 0.0094
v  0.0533 0.0188 0.0093
v  0.0534 0.0188 0.0093
v  0.0533 0.0188 0.0092
v  0.0534 0.0189 0.0092
v  0.0533 0.0189 0.0092
v  0.0532 0.0187 0.0093
v  0.0533 0.0187 0.0092
v  0.0533 0.0188 0.0091
v  0.0531 0.0186 0.0093
v  0.0526 0.0185 0.0096
v  0.0527 0.0185 0.0098
v  0.0530 0.0183 0.0101
v  0.0531 0.0185 0.0098
v  0.0529 0.0184 0.0099
v  0.0531 0.0185 0.0097
v  0.0530 0.0185 0.0096
v  0.0531 0.0181 0.0101
v  0.0501 0.0179 0.0119
v  0.0488 0.0180 0.0125
v  0.0489 0.0178 0.0126
v  0.0447 0.0176 0.0151
v  0.0487 0.0181 0.0124
v  0.0485 0.0182 0.0123
v  0.0484 0.0182 0.0121
v  0.0446 0.0178 0.0150
v  0.0445 0.0180 0.0149
v  0.0444 0.0180 0.0148
v  0.0442 0.0180 0.0146
v  0.0436 0.0176 0.0158
v  0.0424 0.0178 0.0163
v  0.0423 0.0179 0.0162
v  0.0422 0.0180 0.0161
v  0.0398 0.0180 0.0172
v  0.0400 0.0180 0.0174
v  0.0401 0.0179 0.0175
v  0.0402 0.0178 0.0177
v  0.0403 0.0176 0.0177
v  0.0396 0.0173 0.0184
v  0.0398 0.0175 0.0181
v  0.0395 0.0178 0.0180
v  0.0394 0.0180 0.0175
v  0.0391 0.0179 0.0178
v  0.0396 0.0179 0.0176
v  0.0393 0.0179 0.0179
v  0.0398 0.0179 0.0178
v  0.0387 0.0174 0.0184
v  0.0389 0.0174 0.0185
v  0.0392 0.0174 0.0185
v  0.0396 0.0171 0.0185
v  0.0382 0.0137 0.0215
v  0.0384 0.0144 0.0210
v  0.0378 0.0139 0.0216
v  0.0388 0.0153 0.0201
v  0.0373 0.0140 0.0215
v  0.0380 0.0157 0.0200
v  0.0390 0.0042 0.0234
v  0.0395 0.0037 0.0235
v  0.0391 0.0072 0.0232
v  0.0392 0.0001 0.0235
v  0.0393 0.0001 0.0236
v  0.0397 0.0001 0.0236
v  0.0375 0.0119 0.0224
v  0.0377 0.0112 0.0225
v  0.0383 0.0107 0.0227
v  0.0379 0.0107 0.0226
v  0.0381 0.0096 0.0228
v  0.0384 0.0084 0.0230
v  0.0385 0.0079 0.0230
v  0.0390 0.0097 0.0227
v  0.0381 0.0127 0.0220
v  0.0378 0.0124 0.0223
v  0.0377 0.0132 0.0220
v  0.0373 0.0124 0.0222
v  0.0372 0.0132 0.0219
v  0.0401 0.0001 0.0234
v  0.0399 0.0035 0.0233
v  0.0022 0.0271 0.0054
v  0.0018 0.0268 0.0062
v  0.0018 0.0271 0.0054
v  0.0074 0.0244 0.0044
v  0.0074 0.0231 0.0062
v  0.0074 0.0234 0.0062
v  0.0074 0.0244 0.0048
v  0.0392 0.0190 0.0165
v  0.0375 0.0190 0.0164
v  0.0374 0.0191 0.0165
v  0.0372 0.0191 0.0165
v  0.0364 0.0192 0.0164
v  0.0363 0.0192 0.0164
v  0.0362 0.0192 0.0163
v  0.0367 0.0193 0.0165
v  0.0369 0.0192 0.0165
v  0.0370 0.0192 0.0165
v  0.0371 0.0191 0.0165
v  0.0626 0.0202 0.0039
v  0.0640 0.0204 0.0031
v  0.0614 0.0210 0.0039
v  0.0603 0.0279 -0.0071
v  0.0539 0.0264 -0.0027
v  0.0583 0.0236 0.0013
v  0.0714 0.0265 -0.0073
v  0.0492 0.0291 -0.0070
v  0.0736 0.0248 -0.0053
v  0.0722 0.0219 -0.0017
v  0.0756 0.0227 -0.0037
v  0.0747 0.0237 -0.0044
v  0.0759 0.0228 -0.0039
v  0.0804 0.0239 -0.0066
v  0.0559 0.0193 0.0079
v  0.0604 0.0220 0.0031
v  0.0474 0.0200 0.0118
v  0.0387 0.0211 0.0144
v  0.0218 0.0263 0.0074
v  0.0261 0.0252 0.0094
v  0.0293 0.0264 0.0057
v  0.0341 0.0240 0.0102
v  0.0362 0.0272 0.0017
v  0.0329 0.0288 -0.0021
v  0.0269 0.0279 0.0020
v  0.0405 0.0304 -0.0080
v  0.0388 0.0299 -0.0064
v  0.0427 0.0280 -0.0026
v  0.0370 0.0295 -0.0050
v  0.0475 0.0254 0.0018
v  0.0519 0.0226 0.0057
v  0.0199 0.0267 0.0067
v  0.0410 0.0247 0.0062
v  0.0454 0.0218 0.0102
v  0.0305 0.0235 0.0122
v  0.0251 0.0253 0.0094
v  0.0195 0.0266 0.0070
v  0.0258 0.0247 0.0101
v  0.0220 0.0258 0.0084
v  0.0191 0.0264 0.0072
v  0.0179 0.0271 0.0060
v  0.0106 0.0271 0.0058
v  0.0122 0.0275 0.0051
v  0.0137 0.0271 0.0059
v  0.0150 0.0274 0.0053
v  0.0164 0.0269 0.0064
v  0.0395 0.0180 0.0172
v  0.0382 0.0166 0.0152
v  0.0379 0.0157 0.0160
v  0.1100 0.0001 -0.0125
v  0.1098 0.0027 -0.0125
v  0.1076 0.0096 -0.0125
v  0.1086 0.0075 -0.0125
v  0.1093 0.0053 -0.0125
v  -0.0569 0.0020 -0.0046
v  -0.0548 0.0020 0.0002
v  -0.0551 0.0011 -0.0005
v  -0.0468 0.0011 0.0115
v  -0.0473 0.0020 0.0110
v  -0.0457 0.0020 0.0126
v  -0.0441 0.0011 0.0141
v  -0.0501 0.0020 0.0077
v  -0.0515 0.0011 0.0058
v  -0.0514 0.0020 0.0058
v  -0.0525 0.0020 0.0042
v  -0.0442 0.0020 0.0140
v  -0.0412 0.0020 0.0164
v  -0.0412 0.0001 0.0164
v  -0.0552 0.0001 -0.0005
v  -0.0515 0.0001 0.0058
v  -0.0468 0.0001 0.0115
v  -0.0441 0.0001 0.0141
v  -0.0285 0.0001 0.0189
v  -0.0350 0.0001 0.0179
v  -0.0285 0.0020 0.0188
v  -0.0343 0.0020 0.0180
v  -0.0400 0.0020 0.0167
v  -0.0399 0.0250 -0.0136
v  -0.0385 0.0255 -0.0135
v  -0.0350 0.0261 -0.0135
v  -0.0305 0.0266 -0.0134
v  -0.0287 0.0266 -0.0134
v  -0.0250 0.0267 -0.0133
v  0.0028 0.0273 -0.0130
v  -0.0058 0.0270 -0.0131
v  -0.0145 0.0268 -0.0132
v  0.0169 0.0286 -0.0129
v  0.0163 0.0285 -0.0129
v  0.0046 0.0273 -0.0130
v  0.0057 0.0274 -0.0130
v  0.0084 0.0276 -0.0129
v  0.0171 0.0286 -0.0129
v  0.0170 0.0286 -0.0129
v  0.0218 0.0293 -0.0129
v  0.0302 0.0303 -0.0129
v  0.0353 0.0306 -0.0128
v  0.0375 0.0306 -0.0128
v  0.0390 0.0306 -0.0128
v  0.0406 0.0305 -0.0128
v  0.0494 0.0299 -0.0129
v  0.0647 0.0287 -0.0128
v  0.0521 0.0297 -0.0129
v  0.0781 0.0273 -0.0127
v  0.0789 0.0272 -0.0127
v  0.0858 0.0262 -0.0126
v  0.0881 0.0257 -0.0125
v  0.0904 0.0252 -0.0124
v  0.0938 0.0241 -0.0124
v  0.0973 0.0226 -0.0125
v  0.0980 0.0223 -0.0125
v  0.1007 0.0207 -0.0126
v  0.1036 0.0186 -0.0127
v  0.1060 0.0164 -0.0128
v  0.1070 0.0154 -0.0128
v  0.1083 0.0138 -0.0128
v  0.1088 0.0131 -0.0128
v  0.1099 0.0114 -0.0127
v  0.1102 0.0108 -0.0127
v  0.1111 0.0089 -0.0126
v  0.1120 0.0060 -0.0125
v  0.1121 0.0057 -0.0124
v  0.1126 0.0031 -0.0123
v  0.1128 0.0001 -0.0122
v  0.0084 0.0234 0.0062
v  0.0099 0.0235 0.0061
v  0.0084 0.0231 0.0062
v  0.0103 0.0231 0.0061
v  0.0105 0.0234 0.0085
v  0.1069 0.0109 -0.0125
v  0.1045 0.0140 -0.0124
v  0.1064 0.0116 -0.0125
v  0.1004 0.0175 -0.0122
v  0.1023 0.0161 -0.0123
v  0.1038 0.0147 -0.0124
v  0.0993 0.0183 -0.0121
v  0.0991 0.0184 -0.0121
v  0.0960 0.0201 -0.0120
v  0.0949 0.0206 -0.0119
v  0.0926 0.0215 -0.0118
v  0.0894 0.0226 -0.0117
v  0.0888 0.0227 -0.0117
v  0.0851 0.0234 -0.0114
v  0.0789 0.0243 -0.0109
v  0.0761 0.0247 -0.0108
v  -0.0500 0.0035 0.0076
v  -0.0569 0.0033 -0.0049
v  -0.0555 0.0034 -0.0015
v  -0.0538 0.0034 0.0018
v  -0.0520 0.0034 0.0048
v  -0.0457 0.0036 0.0126
v  -0.0456 0.0049 0.0126
v  -0.0434 0.0050 0.0146
v  -0.0439 0.0077 0.0139
v  -0.0409 0.0077 0.0162
v  -0.0411 0.0049 0.0164
v  -0.0465 0.0077 0.0112
v  -0.0518 0.0048 0.0048
v  -0.0508 0.0076 0.0056
v  -0.0499 0.0049 0.0076
v  -0.0495 0.0076 0.0075
v  -0.0490 0.0076 0.0082
v  -0.0557 0.0075 -0.0038
v  -0.0543 0.0075 -0.0005
v  -0.0553 0.0047 -0.0015
v  -0.0536 0.0048 0.0018
v  -0.0537 0.0075 0.0006
v  -0.0531 0.0075 0.0017
v  -0.0515 0.0076 0.0046
v  -0.0567 0.0047 -0.0049
v  -0.0486 0.0144 0.0039
v  -0.0480 0.0142 0.0050
v  -0.0498 0.0111 0.0054
v  -0.0529 0.0115 -0.0007
v  -0.0419 0.0131 0.0129
v  -0.0393 0.0126 0.0151
v  -0.0398 0.0119 0.0154
v  -0.0464 0.0139 0.0074
v  -0.0442 0.0135 0.0104
v  -0.0456 0.0108 0.0110
v  -0.0431 0.0105 0.0136
v  -0.0405 0.0098 0.0159
v  -0.0521 0.0154 -0.0045
v  -0.0505 0.0149 -0.0001
v  -0.0404 0.0210 0.0010
v  -0.0392 0.0204 0.0035
v  -0.0440 0.0174 0.0047
v  -0.0475 0.0162 0.0024
v  -0.0314 0.0213 0.0063
v  -0.0318 0.0185 0.0108
v  -0.0344 0.0186 0.0096
v  -0.0357 0.0158 0.0129
v  -0.0386 0.0157 0.0117
v  -0.0381 0.0139 0.0144
v  -0.0403 0.0143 0.0127
v  -0.0236 0.0219 0.0077
v  -0.0244 0.0217 0.0079
v  -0.0261 0.0227 0.0051
v  -0.0262 0.0211 0.0085
v  -0.0290 0.0200 0.0095
v  -0.0203 0.0235 0.0041
v  -0.0189 0.0229 0.0067
v  -0.0205 0.0226 0.0070
v  -0.0229 0.0221 0.0076
v  -0.0143 0.0234 0.0061
v  -0.0144 0.0240 0.0034
v  -0.0123 0.0236 0.0059
v  -0.0062 0.0239 0.0055
v  -0.0032 0.0244 0.0026
v  -0.0032 0.0240 0.0054
v  -0.0164 0.0250 -0.0036
v  -0.0231 0.0248 -0.0032
v  -0.0297 0.0245 -0.0027
v  -0.0359 0.0235 -0.0022
v  -0.0415 0.0215 -0.0016
v  -0.0466 0.0185 -0.0009
v  -0.0489 0.0167 -0.0006
v  -0.0424 0.0148 0.0105
v  -0.0406 0.0163 0.0096
v  -0.0362 0.0192 0.0078
v  -0.0454 0.0180 0.0020
v  -0.0460 0.0158 0.0053
v  -0.0339 0.0224 0.0024
v  -0.0282 0.0236 0.0015
v  -0.0220 0.0242 0.0007
v  -0.0156 0.0245 0.0001
v  -0.0032 0.0250 -0.0020
v  0.0020 0.0249 -0.0009
v  0.0088 0.0253 -0.0019
v  0.0023 0.0242 0.0051
v  0.0076 0.0251 -0.0008
v  0.0020 0.0241 0.0051
v  0.0007 0.0241 0.0052
v  -0.0396 0.0076 0.0166
v  -0.0339 0.0072 0.0179
v  -0.0348 0.0046 0.0179
v  -0.0283 0.0067 0.0187
v  0.0343 0.0198 0.0121
v  0.0347 0.0195 0.0128
v  0.0330 0.0204 0.0113
v  0.0308 0.0207 0.0108
v  0.0293 0.0217 0.0096
v  0.0304 0.0208 0.0106
v  0.0267 0.0218 0.0090
v  0.0244 0.0229 0.0076
v  0.0227 0.0225 0.0077
v  0.0187 0.0231 0.0067
v  0.0198 0.0238 0.0060
v  0.0396 0.0180 0.0140
v  0.0409 0.0180 0.0132
v  0.0443 0.0180 0.0111
v  0.0364 0.0123 0.0189
v  0.0363 0.0117 0.0193
v  0.0364 0.0110 0.0195
v  0.0376 0.0057 0.0202
v  0.0366 0.0104 0.0196
v  0.0380 0.0001 0.0205
v  0.0534 0.0189 0.0054
v  0.0533 0.0190 0.0053
v  0.0535 0.0190 0.0052
v  0.0559 0.0193 0.0037
v  0.0610 0.0200 0.0007
v  0.0456 0.0181 0.0104
v  0.0526 0.0185 0.0063
v  0.0527 0.0185 0.0062
v  0.0531 0.0186 0.0060
v  0.0532 0.0186 0.0058
v  0.0533 0.0187 0.0057
v  0.0533 0.0188 0.0056
v  0.0621 0.0202 0.0000
v  0.0674 0.0211 -0.0032
v  0.0730 0.0225 -0.0069
v  0.0341 0.0197 0.0143
v  0.0303 0.0208 0.0126
v  0.0259 0.0219 0.0110
v  0.0273 0.0216 0.0114
v  0.0213 0.0227 0.0096
v  0.0174 0.0232 0.0088
v  0.0140 0.0234 0.0085
v  0.0158 0.0233 0.0063
v  0.0116 0.0232 0.0061
v  0.0111 0.0233 0.0061
v  0.0153 0.0233 0.0062
v  0.0163 0.0234 0.0063
v  0.0115 0.0235 0.0060
v  0.0137 0.0235 0.0061
v  0.0149 0.0235 0.0062
v  0.0084 0.0244 0.0047
v  0.0111 0.0245 0.0046
v  0.0140 0.0245 0.0047
v  0.0142 0.0245 0.0047
v  0.0157 0.0244 0.0049
v  0.0167 0.0243 0.0051
v  -0.0386 0.0125 0.0154
v  -0.0332 0.0116 0.0168
v  -0.0343 0.0096 0.0173
v  -0.0277 0.0106 0.0178
v  -0.0279 0.0099 0.0181
v  -0.0281 0.0089 0.0184
v  0.0022 0.0233 0.0065
v  0.0009 0.0232 0.0066
v  -0.0034 0.0228 0.0068
v  -0.0037 0.0231 0.0068
v  -0.0243 0.0168 0.0133
v  -0.0240 0.0170 0.0130
v  -0.0226 0.0182 0.0118
v  -0.0225 0.0185 0.0117
v  -0.0214 0.0189 0.0110
v  -0.0217 0.0190 0.0111
v  -0.0206 0.0194 0.0105
v  -0.0200 0.0199 0.0101
v  -0.0199 0.0198 0.0101
v  -0.0182 0.0207 0.0093
v  -0.0176 0.0208 0.0091
v  -0.0155 0.0214 0.0084
v  -0.0161 0.0216 0.0086
v  -0.0185 0.0208 0.0094
v  -0.0204 0.0199 0.0103
v  -0.0223 0.0186 0.0116
v  -0.0115 0.0225 0.0076
v  -0.0071 0.0229 0.0071
v  -0.0059 0.0230 0.0070
v  -0.0155 0.0225 0.0074
v  -0.0190 0.0218 0.0082
v  -0.0223 0.0208 0.0093
v  -0.0253 0.0194 0.0106
v  -0.0279 0.0177 0.0121
v  -0.0132 0.0222 0.0079
v  -0.0301 0.0157 0.0138
v  -0.0331 0.0127 0.0162
v  -0.0322 0.0137 0.0155
v  -0.0272 0.0122 0.0169
v  -0.0247 0.0163 0.0137
v  -0.0261 0.0142 0.0154
v  -0.0255 0.0065 0.0189
v  -0.0255 0.0001 0.0191
v  -0.0270 0.0001 0.0190
v  -0.0146 0.0215 0.0107
v  -0.0136 0.0218 0.0105
v  -0.0146 0.0215 0.0108
v  -0.0093 0.0226 0.0098
v  -0.0101 0.0224 0.0099
v  -0.0120 0.0221 0.0102
v  -0.0037 0.0230 0.0092
v  -0.0037 0.0231 0.0093
v  -0.0140 0.0217 0.0093
v  -0.0094 0.0225 0.0085
v  -0.0036 0.0229 0.0080
v  -0.0096 0.0224 0.0074
v  -0.0126 0.0220 0.0078
v  -0.0144 0.0217 0.0082
v  -0.0219 0.0166 0.0147
v  -0.0233 0.0145 0.0162
v  -0.0242 0.0125 0.0174
v  -0.0253 0.0084 0.0187
v  -0.0251 0.0095 0.0185
v  -0.0249 0.0103 0.0183
v  -0.0206 0.0181 0.0136
v  -0.0189 0.0195 0.0125
v  -0.0169 0.0206 0.0115
v  0.0047 0.0232 0.0088
v  -0.0428 0.0240 -0.0136
v  -0.0452 0.0229 -0.0136
v  -0.0457 0.0226 -0.0136
v  -0.0488 0.0206 -0.0137
v  -0.0498 0.0197 -0.0137
v  -0.0504 0.0192 -0.0137
v  -0.0512 0.0185 -0.0137
v  -0.0534 0.0160 -0.0137
v  -0.0536 0.0157 -0.0137
v  -0.0540 0.0153 -0.0137
v  -0.0553 0.0132 -0.0137
v  -0.0564 0.0109 -0.0137
v  -0.0567 0.0102 -0.0138
v  -0.0579 0.0069 -0.0138
v  -0.0583 0.0049 -0.0138
v  -0.0585 0.0035 -0.0138
v  -0.0587 0.0001 -0.0138
v  -0.0053 0.0266 0.0066
v  -0.0075 0.0265 0.0067
v  -0.0123 0.0262 0.0070
v  0.0069 0.0254 0.0083
v  0.0260 0.0304 -0.0070
v  0.0196 0.0299 -0.0071
v  0.0324 0.0304 -0.0068
v  0.0269 0.0293 -0.0026
v  0.0211 0.0293 -0.0029
v  0.0153 0.0290 -0.0029
v  0.0096 0.0285 -0.0029
v  0.0097 0.0285 -0.0030
v  0.0134 0.0292 -0.0072
v  0.0018 0.0286 -0.0087
v  0.0018 0.0282 -0.0041
v  0.0095 0.0285 -0.0030
v  0.0018 0.0276 0.0021
v  0.0018 0.0280 -0.0015
v  -0.0576 0.0156 -0.0101
v  -0.0599 0.0112 -0.0101
v  -0.0544 0.0196 -0.0101
v  -0.0502 0.0232 -0.0101
v  -0.0403 0.0276 -0.0101
v  -0.0453 0.0259 -0.0101
v  -0.0343 0.0286 -0.0101
v  -0.0127 0.0287 -0.0101
v  -0.0211 0.0287 -0.0101
v  -0.0282 0.0288 -0.0101
v  -0.0131 0.0286 -0.0087
v  -0.0413 0.0270 -0.0087
v  -0.0387 0.0277 -0.0087
v  -0.0350 0.0283 -0.0087
v  -0.0307 0.0286 -0.0087
v  -0.0246 0.0286 -0.0087
v  -0.0499 0.0229 -0.0087
v  -0.0491 0.0235 -0.0087
v  -0.0458 0.0253 -0.0087
v  -0.0451 0.0257 -0.0087
v  -0.0422 0.0268 -0.0087
v  -0.0547 0.0189 -0.0087
v  -0.0526 0.0208 -0.0087
v  -0.0521 0.0213 -0.0087
v  -0.0586 0.0133 -0.0087
v  -0.0581 0.0142 -0.0087
v  -0.0568 0.0162 -0.0087
v  -0.0556 0.0177 -0.0087
v  0.0677 0.0170 0.0032
v  0.0522 0.0151 0.0121
v  0.0641 0.0001 0.0078
v  0.0663 0.0001 0.0066
v  0.0660 0.0033 0.0067
v  0.1072 0.0076 -0.0099
v  0.0798 0.0214 -0.0044
v  0.0835 0.0198 -0.0048
v  0.0871 0.0179 -0.0052
v  0.0904 0.0154 -0.0056
v  0.1034 0.0139 -0.0096
v  0.1049 0.0120 -0.0097
v  0.0933 0.0125 -0.0059
v  0.1062 0.0099 -0.0098
v  0.0956 0.0088 -0.0062
v  0.0729 0.0001 0.0034
v  0.0815 0.0001 -0.0004
v  0.0761 0.0037 0.0019
v  0.0909 0.0001 -0.0041
v  0.0864 0.0042 -0.0025
v  0.1010 0.0001 -0.0077
v  0.0971 0.0046 -0.0064
v  0.1079 0.0052 -0.0100
v  0.0568 0.0001 0.0119
v  0.0564 0.0030 0.0121
v  0.0494 0.0001 0.0166
v  0.0426 0.0001 0.0214
v  0.0471 0.0052 0.0179
v  0.0447 0.0145 0.0168
v  0.0462 0.0100 0.0175
v  0.0599 0.0159 0.0076
v  0.0756 0.0183 -0.0009
v  0.0784 0.0163 -0.0013
v  0.0699 0.0150 0.0029
v  0.0811 0.0140 -0.0017
v  0.0720 0.0128 0.0026
v  0.0834 0.0112 -0.0020
v  0.0737 0.0101 0.0023
v  0.0631 0.0117 0.0072
v  0.0616 0.0139 0.0074
v  0.0560 0.0058 0.0121
v  0.0852 0.0079 -0.0023
v  0.0752 0.0071 0.0021
v  0.0654 0.0064 0.0069
v  0.0644 0.0092 0.0070
v  0.0554 0.0084 0.0121
v  0.0545 0.0108 0.0122
v  0.0534 0.0130 0.0122
v  -0.0250 0.0106 0.0193
v  -0.0157 0.0221 0.0110
v  0.0074 0.0245 0.0042
v  0.0075 0.0245 0.0040
v  0.0077 0.0245 0.0039
v  0.0080 0.0245 0.0039
v  0.0082 0.0245 0.0040
v  0.0083 0.0245 0.0041
v  0.0084 0.0245 0.0044
v  0.0526 0.0185 0.0080
v  0.0143 0.0257 -0.0020
v  0.0199 0.0261 -0.0021
v  0.0308 0.0256 -0.0015
v  0.0289 0.0253 -0.0002
v  0.0254 0.0261 -0.0020
v  0.0252 0.0247 0.0024
v  0.0331 0.0277 -0.0079
v  0.0370 0.0278 -0.0088
v  0.0394 0.0273 -0.0079
v  0.0409 0.0277 -0.0093
v  0.0242 0.0270 -0.0057
v  0.0302 0.0270 -0.0056
v  0.0360 0.0265 -0.0051
v  0.0313 0.0276 -0.0074
v  0.0533 0.0191 0.0052
v  0.0533 0.0191 0.0071
v  0.0532 0.0193 0.0069
v  0.0533 0.0188 0.0065
v  0.0534 0.0189 0.0071
v  0.0529 0.0194 0.0069
v  0.0530 0.0194 0.0048
v  0.0532 0.0193 0.0050
v  0.0525 0.0195 0.0070
v  0.0525 0.0195 0.0049
v  0.0528 0.0195 0.0048
v  0.0529 0.0195 0.0048
v  0.0534 0.0188 0.0072
v  0.0533 0.0188 0.0073
v  0.0533 0.0187 0.0066
v  0.0533 0.0187 0.0074
v  0.0532 0.0186 0.0075
v  0.0531 0.0186 0.0076
v  0.0464 0.0191 0.0085
v  0.0392 0.0190 0.0120
v  0.0414 0.0190 0.0110
v  -0.0337 0.0097 0.0201
v  -0.0333 0.0116 0.0196
v  -0.0415 0.0106 0.0182
v  -0.0408 0.0127 0.0177
v  -0.0404 0.0136 0.0174
v  -0.0326 0.0134 0.0189
v  -0.0398 0.0147 0.0169
v  -0.0318 0.0149 0.0180
v  -0.0386 0.0160 0.0162
v  -0.0308 0.0162 0.0170
v  -0.0357 0.0182 0.0144
v  -0.0287 0.0186 0.0150
v  -0.0334 0.0199 0.0131
v  -0.0313 0.0212 0.0120
v  -0.0261 0.0207 0.0131
v  -0.0298 0.0221 0.0113
v  -0.0162 0.0258 0.0076
v  -0.0158 0.0248 0.0090
v  -0.0217 0.0249 0.0087
v  -0.0196 0.0239 0.0101
v  -0.0258 0.0237 0.0098
v  -0.0231 0.0225 0.0115
v  -0.0268 0.0234 0.0101
v  -0.0554 0.0106 0.0021
v  -0.0540 0.0132 0.0026
v  -0.0556 0.0135 -0.0011
v  -0.0543 0.0106 0.0041
v  -0.0531 0.0106 0.0061
v  -0.0522 0.0129 0.0060
v  -0.0053 0.0269 0.0058
v  -0.0592 0.0106 -0.0070
v  -0.0534 0.0169 -0.0013
v  -0.0506 0.0198 -0.0016
v  -0.0473 0.0222 -0.0019
v  -0.0437 0.0242 -0.0023
v  -0.0400 0.0258 -0.0027
v  -0.0319 0.0275 -0.0034
v  -0.0360 0.0268 -0.0030
v  -0.0236 0.0279 -0.0039
v  -0.0151 0.0282 -0.0044
v  -0.0144 0.0277 -0.0004
v  -0.0134 0.0271 0.0033
v  -0.0125 0.0265 0.0063
v  -0.0221 0.0252 0.0080
v  -0.0189 0.0258 0.0073
v  -0.0209 0.0265 0.0043
v  -0.0164 0.0262 0.0068
v  -0.0424 0.0106 0.0178
v  -0.0450 0.0120 0.0152
v  -0.0468 0.0106 0.0141
v  -0.0476 0.0123 0.0124
v  -0.0481 0.0106 0.0127
v  -0.0575 0.0106 -0.0022
v  -0.0502 0.0161 0.0056
v  -0.0476 0.0188 0.0050
v  -0.0445 0.0210 0.0043
v  -0.0413 0.0229 0.0035
v  -0.0378 0.0245 0.0028
v  -0.0342 0.0257 0.0021
v  -0.0304 0.0265 0.0015
v  -0.0268 0.0249 0.0075
v  -0.0281 0.0254 0.0057
v  -0.0300 0.0238 0.0085
v  -0.0316 0.0244 0.0066
v  -0.0331 0.0225 0.0096
v  -0.0349 0.0232 0.0075
v  -0.0386 0.0192 0.0120
v  -0.0379 0.0216 0.0086
v  -0.0408 0.0198 0.0097
v  -0.0506 0.0106 0.0097
v  -0.0500 0.0126 0.0094
v  -0.0459 0.0153 0.0118
v  -0.0434 0.0149 0.0144
v  -0.0482 0.0157 0.0088
v  -0.0436 0.0178 0.0108
v  -0.0412 0.0173 0.0133
v  -0.0457 0.0183 0.0080
v  -0.0225 0.0273 0.0004
v  -0.0412 0.0138 0.0170
v  -0.0407 0.0146 0.0166
v  -0.0394 0.0162 0.0157
v  -0.0364 0.0185 0.0139
v  -0.0319 0.0216 0.0114
v  -0.0273 0.0238 0.0095
v  0.0385 -0.0191 0.0169
v  0.0383 -0.0192 0.0168
v  0.0385 -0.0192 0.0168
v  0.0386 -0.0193 0.0168
v  0.0389 -0.0191 0.0169
v  0.0388 -0.0189 0.0169
v  0.0387 -0.0190 0.0169
v  0.0388 -0.0190 0.0169
v  0.0391 -0.0191 0.0168
v  0.0386 -0.0195 0.0166
v  0.0389 -0.0194 0.0165
v  0.0390 -0.0191 0.0168
v  0.0383 -0.0195 0.0166
v  0.0381 -0.0195 0.0166
v  0.0377 -0.0194 0.0166
v  0.0382 -0.0192 0.0168
v  0.0381 -0.0191 0.0168
v  0.0384 -0.0190 0.0169
v  0.0383 -0.0190 0.0169
v  0.0385 -0.0190 0.0169
v  0.0393 -0.0188 0.0167
v  0.0390 -0.0188 0.0168
v  0.0391 -0.0188 0.0168
v  0.0389 -0.0188 0.0168
v  0.0388 -0.0188 0.0169
v  0.0387 -0.0189 0.0169
v  0.0386 -0.0189 0.0169
v  0.0396 -0.0188 0.0166
v  0.0395 -0.0188 0.0166
v  0.0394 -0.0188 0.0166
v  0.0395 -0.0188 0.0165
v  0.0394 -0.0188 0.0167
v  0.0394 -0.0189 0.0167
v  0.0392 -0.0188 0.0168
v  0.0395 -0.0189 0.0167
v  0.0397 -0.0189 0.0166
v  0.0397 -0.0190 0.0166
v  0.0395 -0.0190 0.0167
v  0.0393 -0.0190 0.0168
v  0.0396 -0.0191 0.0166
v  0.0397 -0.0191 0.0166
v  0.0394 -0.0191 0.0167
v  0.0394 -0.0190 0.0167
v  0.0394 -0.0192 0.0166
v  0.0391 -0.0193 0.0166
v  0.0393 -0.0189 0.0168
v  0.0392 -0.0189 0.0168
v  0.0390 -0.0189 0.0169
v  0.0391 -0.0189 0.0168
v  0.0389 -0.0189 0.0169
v  0.0391 -0.0190 0.0169
v  0.0392 -0.0190 0.0168
v  0.0371 -0.0198 0.0162
v  0.0347 -0.0211 0.0148
v  0.0347 -0.0216 0.0145
v  0.0371 -0.0207 0.0154
v  0.0305 -0.0229 0.0125
v  0.0307 -0.0232 0.0123
v  0.0311 -0.0234 0.0120
v  0.0339 -0.0223 0.0136
v  0.0461 -0.0191 0.0130
v  0.0461 -0.0192 0.0130
v  0.0524 -0.0196 0.0093
v  0.0461 -0.0190 0.0130
v  0.0461 -0.0189 0.0129
v  0.0460 -0.0189 0.0128
v  0.0422 -0.0191 0.0152
v  0.0452 -0.0192 0.0134
v  0.0493 -0.0191 0.0111
v  0.0493 -0.0192 0.0111
v  0.0525 -0.0194 0.0093
v  0.0525 -0.0193 0.0090
v  0.0495 -0.0191 0.0108
v  0.0525 -0.0193 0.0091
v  0.0493 -0.0191 0.0110
v  0.0525 -0.0193 0.0092
v  0.0525 -0.0194 0.0092
v  0.0523 -0.0197 0.0093
v  0.0532 -0.0192 0.0090
v  0.0531 -0.0193 0.0090
v  0.0531 -0.0194 0.0091
v  0.0535 -0.0193 0.0090
v  0.0537 -0.0189 0.0092
v  0.0531 -0.0195 0.0090
v  0.0526 -0.0197 0.0092
v  0.0534 -0.0190 0.0091
v  0.0535 -0.0189 0.0092
v  0.0533 -0.0189 0.0091
v  0.0534 -0.0188 0.0091
v  0.0533 -0.0189 0.0090
v  0.0533 -0.0188 0.0091
v  0.0531 -0.0191 0.0090
v  0.0533 -0.0191 0.0091
v  0.0532 -0.0190 0.0090
v  0.0531 -0.0191 0.0089
v  0.0533 -0.0191 0.0090
v  0.0527 -0.0193 0.0090
v  0.0527 -0.0193 0.0091
v  0.0528 -0.0193 0.0090
v  0.0529 -0.0192 0.0090
v  0.0528 -0.0194 0.0091
v  0.0529 -0.0193 0.0090
v  0.0530 -0.0192 0.0090
v  0.0530 -0.0192 0.0089
v  0.0526 -0.0195 0.0092
v  0.0528 -0.0195 0.0091
v  0.0526 -0.0194 0.0092
v  0.0526 -0.0196 0.0092
v  0.0527 -0.0196 0.0091
v  0.0529 -0.0195 0.0091
v  0.0529 -0.0194 0.0091
v  0.0531 -0.0192 0.0090
v  0.0534 -0.0192 0.0091
v  0.0536 -0.0189 0.0092
v  0.0531 -0.0195 0.0091
v  0.0528 -0.0193 0.0089
v  0.0529 -0.0192 0.0089
v  0.0532 -0.0191 0.0089
v  0.0527 -0.0196 0.0092
v  0.0533 -0.0187 0.0090
v  0.0535 -0.0183 0.0096
v  0.0534 -0.0184 0.0095
v  0.0535 -0.0186 0.0093
v  0.0534 -0.0186 0.0093
v  0.0531 -0.0183 0.0097
v  0.0530 -0.0183 0.0096
v  0.0532 -0.0184 0.0095
v  0.0538 -0.0187 0.0093
v  0.0537 -0.0186 0.0094
v  0.0538 -0.0184 0.0095
v  0.0536 -0.0181 0.0098
v  0.0537 -0.0187 0.0093
v  0.0529 -0.0182 0.0099
v  0.0527 -0.0183 0.0098
v  0.0533 -0.0187 0.0092
v  0.0533 -0.0186 0.0093
v  0.0534 -0.0187 0.0092
v  0.0535 -0.0187 0.0092
v  0.0533 -0.0187 0.0091
v  0.0533 -0.0186 0.0092
v  0.0533 -0.0185 0.0094
v  0.0532 -0.0185 0.0093
v  0.0532 -0.0184 0.0092
v  0.0532 -0.0185 0.0092
v  0.0533 -0.0185 0.0092
v  0.0533 -0.0186 0.0091
v  0.0526 -0.0183 0.0096
v  0.0529 -0.0183 0.0095
v  0.0531 -0.0184 0.0093
v  0.0531 -0.0184 0.0094
v  0.0531 -0.0179 0.0101
v  0.0530 -0.0181 0.0101
v  0.0531 -0.0183 0.0098
v  0.0533 -0.0184 0.0095
v  0.0489 -0.0176 0.0126
v  0.0447 -0.0174 0.0151
v  0.0488 -0.0178 0.0125
v  0.0446 -0.0176 0.0150
v  0.0487 -0.0179 0.0124
v  0.0445 -0.0178 0.0149
v  0.0485 -0.0180 0.0123
v  0.0444 -0.0178 0.0148
v  0.0484 -0.0180 0.0121
v  0.0442 -0.0178 0.0146
v  0.0425 -0.0174 0.0164
v  0.0403 -0.0174 0.0177
v  0.0424 -0.0176 0.0163
v  0.0402 -0.0176 0.0176
v  0.0423 -0.0177 0.0162
v  0.0401 -0.0177 0.0175
v  0.0422 -0.0178 0.0161
v  0.0400 -0.0178 0.0174
v  0.0420 -0.0178 0.0159
v  0.0398 -0.0178 0.0172
v  0.0401 -0.0174 0.0179
v  0.0398 -0.0172 0.0181
v  0.0395 -0.0176 0.0180
v  0.0392 -0.0172 0.0185
v  0.0393 -0.0174 0.0183
v  0.0396 -0.0169 0.0185
v  0.0393 -0.0177 0.0179
v  0.0391 -0.0177 0.0178
v  0.0387 -0.0172 0.0184
v  0.0389 -0.0175 0.0181
v  0.0380 -0.0155 0.0200
v  0.0378 -0.0137 0.0216
v  0.0373 -0.0138 0.0215
v  0.0392 -0.0159 0.0194
v  0.0382 -0.0135 0.0215
v  0.0383 -0.0105 0.0227
v  0.0379 -0.0105 0.0226
v  0.0378 -0.0122 0.0223
v  0.0376 -0.0114 0.0224
v  0.0375 -0.0118 0.0223
v  0.0374 -0.0118 0.0223
v  0.0372 -0.0129 0.0220
v  0.0377 -0.0130 0.0220
v  0.0391 -0.0070 0.0232
v  0.0384 -0.0083 0.0230
v  0.0381 -0.0094 0.0228
v  0.0392 -0.0012 0.0235
v  0.0390 -0.0048 0.0233
v  0.0395 -0.0035 0.0235
v  0.0399 -0.0041 0.0233
v  0.0386 -0.0107 0.0224
v  0.0390 -0.0093 0.0227
v  0.0394 -0.0076 0.0229
v  0.0381 -0.0132 0.0217
v  0.0382 -0.0122 0.0221
v  0.0018 -0.0266 0.0062
v  0.0018 -0.0269 0.0054
v  0.0022 -0.0269 0.0054
v  0.0074 -0.0242 0.0044
v  0.0074 -0.0229 0.0062
v  0.0074 -0.0232 0.0062
v  0.0074 -0.0242 0.0048
v  0.0371 -0.0189 0.0165
v  0.0392 -0.0188 0.0165
v  0.0375 -0.0188 0.0164
v  0.0364 -0.0190 0.0164
v  0.0372 -0.0189 0.0165
v  0.0362 -0.0190 0.0163
v  0.0367 -0.0191 0.0165
v  0.0369 -0.0190 0.0165
v  0.0363 -0.0190 0.0164
v  0.0374 -0.0189 0.0165
v  0.0370 -0.0190 0.0165
v  0.0216 -0.0262 0.0074
v  0.0263 -0.0250 0.0095
v  0.0251 -0.0251 0.0094
v  0.0305 -0.0233 0.0122
v  0.0195 -0.0264 0.0070
v  0.0199 -0.0265 0.0067
v  0.0227 -0.0254 0.0087
v  0.0191 -0.0262 0.0072
v  0.0277 -0.0239 0.0111
v  0.0247 -0.0248 0.0096
v  0.0109 -0.0272 0.0050
v  0.0087 -0.0269 0.0059
v  0.0166 -0.0270 0.0057
v  0.0100 -0.0269 0.0058
v  0.0122 -0.0269 0.0058
v  0.0139 -0.0272 0.0052
v  0.0148 -0.0268 0.0060
v  0.0157 -0.0271 0.0055
v  0.0169 -0.0266 0.0065
v  0.0175 -0.0265 0.0067
v  0.0395 -0.0178 0.0172
v  0.0379 -0.0155 0.0160
v  0.0382 -0.0164 0.0152
v  0.1076 -0.0094 -0.0125
v  0.1088 -0.0067 -0.0125
v  0.1093 -0.0051 -0.0125
v  0.1096 -0.0039 -0.0125
v  0.1100 -0.0009 -0.0125
v  -0.0441 -0.0018 0.0141
v  -0.0441 -0.0009 0.0141
v  -0.0412 -0.0018 0.0164
v  -0.0571 -0.0018 -0.0049
v  -0.0578 -0.0018 -0.0068
v  -0.0551 -0.0018 -0.0005
v  -0.0551 -0.0009 -0.0005
v  -0.0521 -0.0018 0.0048
v  -0.0515 -0.0009 0.0058
v  -0.0514 -0.0018 0.0058
v  -0.0468 -0.0009 0.0115
v  -0.0457 -0.0018 0.0126
v  -0.0468 -0.0018 0.0115
v  -0.0501 -0.0018 0.0076
v  -0.0354 -0.0018 0.0178
v  -0.0297 -0.0018 0.0187
v  -0.0285 -0.0018 0.0188
v  0.1125 -0.0036 -0.0123
v  0.1128 -0.0005 -0.0122
v  0.1121 -0.0055 -0.0124
v  0.1118 -0.0066 -0.0125
v  0.1108 -0.0093 -0.0126
v  0.1105 -0.0100 -0.0127
v  0.1078 -0.0142 -0.0128
v  0.1095 -0.0118 -0.0127
v  0.1102 -0.0106 -0.0127
v  0.1070 -0.0152 -0.0128
v  0.1056 -0.0167 -0.0127
v  0.1032 -0.0187 -0.0127
v  0.1003 -0.0208 -0.0126
v  0.0980 -0.0221 -0.0125
v  0.0970 -0.0225 -0.0124
v  0.0935 -0.0240 -0.0124
v  0.0922 -0.0244 -0.0124
v  0.0898 -0.0252 -0.0124
v  0.0881 -0.0256 -0.0125
v  0.0858 -0.0260 -0.0126
v  0.0804 -0.0268 -0.0127
v  0.0781 -0.0271 -0.0127
v  0.0685 -0.0281 -0.0128
v  0.0402 -0.0303 -0.0129
v  0.0443 -0.0301 -0.0128
v  0.0515 -0.0296 -0.0128
v  0.0521 -0.0295 -0.0128
v  0.0390 -0.0304 -0.0129
v  0.0342 -0.0303 -0.0129
v  0.0285 -0.0299 -0.0129
v  0.0171 -0.0285 -0.0129
v  0.0169 -0.0284 -0.0129
v  0.0103 -0.0229 0.0061
v  0.0099 -0.0233 0.0061
v  0.0084 -0.0229 0.0062
v  0.0084 -0.0233 0.0062
v  0.0105 -0.0232 0.0085
v  0.1069 -0.0107 -0.0125
v  0.0894 -0.0224 -0.0117
v  0.0926 -0.0213 -0.0118
v  0.0888 -0.0225 -0.0117
v  0.1065 -0.0113 -0.0125
v  0.0995 -0.0179 -0.0122
v  0.1004 -0.0173 -0.0122
v  0.1047 -0.0136 -0.0124
v  0.1038 -0.0145 -0.0124
v  0.1023 -0.0159 -0.0123
v  0.0949 -0.0204 -0.0119
v  0.0963 -0.0198 -0.0120
v  0.0991 -0.0182 -0.0121
v  -0.0411 -0.0043 0.0164
v  -0.0457 -0.0034 0.0126
v  -0.0500 -0.0033 0.0076
v  -0.0520 -0.0032 0.0048
v  -0.0538 -0.0032 0.0018
v  -0.0569 -0.0031 -0.0049
v  -0.0555 -0.0032 -0.0015
v  -0.0499 -0.0047 0.0076
v  -0.0495 -0.0074 0.0075
v  -0.0505 -0.0074 0.0061
v  -0.0518 -0.0046 0.0048
v  -0.0508 -0.0074 0.0056
v  -0.0536 -0.0046 0.0018
v  -0.0569 -0.0073 -0.0068
v  -0.0572 -0.0059 -0.0068
v  -0.0549 -0.0073 -0.0019
v  -0.0567 -0.0045 -0.0049
v  -0.0543 -0.0073 -0.0005
v  -0.0553 -0.0045 -0.0015
v  -0.0531 -0.0073 0.0017
v  -0.0528 -0.0074 0.0023
v  -0.0409 -0.0075 0.0162
v  -0.0425 -0.0075 0.0150
v  -0.0434 -0.0048 0.0146
v  -0.0437 -0.0075 0.0140
v  -0.0456 -0.0047 0.0126
v  -0.0452 -0.0075 0.0125
v  -0.0479 -0.0074 0.0095
v  -0.0393 -0.0124 0.0151
v  -0.0399 -0.0125 0.0147
v  -0.0401 -0.0109 0.0156
v  -0.0431 -0.0103 0.0136
v  -0.0407 -0.0086 0.0161
v  -0.0456 -0.0106 0.0110
v  -0.0498 -0.0109 0.0054
v  -0.0529 -0.0113 -0.0007
v  -0.0553 -0.0116 -0.0068
v  -0.0559 -0.0101 -0.0068
v  -0.0508 -0.0148 -0.0009
v  -0.0512 -0.0149 -0.0020
v  -0.0546 -0.0128 -0.0068
v  -0.0528 -0.0154 -0.0068
v  -0.0493 -0.0143 0.0024
v  -0.0446 -0.0133 0.0100
v  -0.0471 -0.0138 0.0065
v  -0.0480 -0.0140 0.0050
v  -0.0423 -0.0129 0.0126
v  -0.0506 -0.0176 -0.0068
v  -0.0489 -0.0165 -0.0006
v  -0.0466 -0.0183 -0.0009
v  -0.0460 -0.0156 0.0053
v  -0.0387 -0.0132 0.0148
v  -0.0062 -0.0237 0.0055
v  -0.0032 -0.0238 0.0054
v  -0.0032 -0.0243 0.0015
v  -0.0123 -0.0234 0.0059
v  -0.0144 -0.0238 0.0034
v  -0.0203 -0.0233 0.0041
v  -0.0169 -0.0230 0.0064
v  -0.0261 -0.0225 0.0051
v  -0.0236 -0.0218 0.0077
v  -0.0211 -0.0223 0.0072
v  -0.0314 -0.0212 0.0063
v  -0.0362 -0.0190 0.0078
v  -0.0344 -0.0184 0.0096
v  -0.0305 -0.0191 0.0102
v  -0.0277 -0.0204 0.0090
v  -0.0247 -0.0214 0.0080
v  -0.0373 -0.0144 0.0139
v  -0.0333 -0.0173 0.0115
v  -0.0325 -0.0179 0.0111
v  -0.0422 -0.0228 -0.0068
v  -0.0430 -0.0224 -0.0068
v  -0.0415 -0.0213 -0.0016
v  -0.0454 -0.0213 -0.0068
v  -0.0481 -0.0196 -0.0068
v  -0.0388 -0.0239 -0.0068
v  -0.0359 -0.0233 -0.0022
v  -0.0370 -0.0243 -0.0068
v  -0.0352 -0.0246 -0.0068
v  -0.0297 -0.0243 -0.0027
v  -0.0314 -0.0250 -0.0068
v  -0.0032 -0.0250 -0.0042
v  -0.0032 -0.0252 -0.0068
v  -0.0164 -0.0248 -0.0036
v  -0.0168 -0.0252 -0.0068
v  -0.0231 -0.0246 -0.0032
v  -0.0246 -0.0251 -0.0068
v  -0.0306 -0.0250 -0.0068
v  -0.0475 -0.0160 0.0024
v  -0.0454 -0.0178 0.0020
v  -0.0440 -0.0172 0.0047
v  -0.0404 -0.0208 0.0010
v  -0.0392 -0.0202 0.0035
v  -0.0339 -0.0222 0.0024
v  -0.0282 -0.0234 0.0015
v  -0.0220 -0.0240 0.0007
v  -0.0156 -0.0243 0.0001
v  -0.0032 -0.0246 -0.0008
v  -0.0386 -0.0155 0.0117
v  -0.0406 -0.0161 0.0096
v  -0.0403 -0.0141 0.0127
v  -0.0424 -0.0146 0.0105
v  0.0088 -0.0251 -0.0019
v  0.0132 -0.0260 -0.0068
v  0.0076 -0.0254 -0.0068
v  0.0078 -0.0249 -0.0008
v  0.0020 -0.0247 -0.0009
v  0.0020 -0.0240 0.0051
v  0.0076 -0.0249 -0.0008
v  0.0023 -0.0240 0.0051
v  0.0020 -0.0252 -0.0068
v  0.0007 -0.0239 0.0052
v  -0.0355 -0.0071 0.0175
v  -0.0348 -0.0044 0.0179
v  -0.0298 -0.0066 0.0185
v  -0.0283 -0.0065 0.0187
v  -0.0285 -0.0021 0.0188
v  0.0342 -0.0195 0.0125
v  0.0343 -0.0197 0.0121
v  0.0334 -0.0200 0.0116
v  0.0322 -0.0201 0.0114
v  0.0304 -0.0206 0.0106
v  0.0299 -0.0213 0.0098
v  0.0279 -0.0213 0.0095
v  0.0255 -0.0225 0.0080
v  0.0235 -0.0222 0.0080
v  0.0196 -0.0228 0.0069
v  0.0198 -0.0236 0.0060
v  0.0187 -0.0229 0.0067
v  0.0443 -0.0178 0.0111
v  0.0439 -0.0178 0.0113
v  0.0396 -0.0178 0.0140
v  0.0363 -0.0115 0.0193
v  0.0364 -0.0108 0.0195
v  0.0364 -0.0121 0.0189
v  0.0376 -0.0055 0.0202
v  0.0848 -0.0233 -0.0114
v  0.0789 -0.0241 -0.0109
v  0.0710 -0.0218 -0.0056
v  0.0559 -0.0191 0.0037
v  0.0533 -0.0188 0.0053
v  0.0621 -0.0200 0.0000
v  0.0679 -0.0210 -0.0035
v  0.0534 -0.0187 0.0054
v  0.0533 -0.0186 0.0056
v  0.0533 -0.0185 0.0057
v  0.0532 -0.0184 0.0058
v  0.0532 -0.0184 0.0059
v  0.0505 -0.0181 0.0075
v  0.0526 -0.0183 0.0063
v  0.0289 -0.0210 0.0120
v  0.0303 -0.0206 0.0126
v  0.0333 -0.0198 0.0139
v  0.0273 -0.0214 0.0114
v  0.0242 -0.0220 0.0104
v  0.0197 -0.0227 0.0092
v  0.0174 -0.0230 0.0088
v  0.0174 -0.0230 0.0065
v  0.0163 -0.0231 0.0086
v  0.0132 -0.0232 0.0085
v  0.0136 -0.0230 0.0061
v  0.0111 -0.0231 0.0061
v  0.0138 -0.0233 0.0061
v  0.0153 -0.0231 0.0062
v  0.0172 -0.0231 0.0065
v  0.0178 -0.0240 0.0054
v  0.0157 -0.0242 0.0049
v  0.0152 -0.0242 0.0048
v  0.0142 -0.0243 0.0047
v  0.0123 -0.0243 0.0046
v  0.0084 -0.0242 0.0047
v  -0.0343 -0.0094 0.0173
v  -0.0280 -0.0087 0.0184
v  -0.0279 -0.0097 0.0181
v  -0.0338 -0.0115 0.0166
v  -0.0283 -0.0105 0.0177
v  -0.0277 -0.0104 0.0178
v  0.0022 -0.0231 0.0065
v  0.0009 -0.0230 0.0066
v  -0.0034 -0.0226 0.0068
v  -0.0037 -0.0229 0.0068
v  -0.0161 -0.0214 0.0086
v  -0.0165 -0.0213 0.0087
v  -0.0155 -0.0212 0.0084
v  -0.0182 -0.0205 0.0093
v  -0.0182 -0.0203 0.0093
v  -0.0200 -0.0197 0.0101
v  -0.0206 -0.0192 0.0105
v  -0.0211 -0.0191 0.0108
v  -0.0227 -0.0179 0.0119
v  -0.0177 -0.0209 0.0091
v  -0.0188 -0.0205 0.0096
v  -0.0206 -0.0195 0.0105
v  -0.0226 -0.0182 0.0118
v  -0.0231 -0.0177 0.0122
v  -0.0243 -0.0166 0.0133
v  -0.0059 -0.0228 0.0070
v  -0.0331 -0.0125 0.0162
v  -0.0322 -0.0135 0.0155
v  -0.0301 -0.0155 0.0138
v  -0.0279 -0.0175 0.0121
v  -0.0223 -0.0206 0.0093
v  -0.0155 -0.0223 0.0074
v  -0.0148 -0.0217 0.0082
v  -0.0115 -0.0223 0.0076
v  -0.0190 -0.0216 0.0082
v  -0.0253 -0.0192 0.0106
v  -0.0256 -0.0149 0.0147
v  -0.0269 -0.0126 0.0165
v  -0.0276 -0.0110 0.0175
v  -0.0270 -0.0124 0.0166
v  -0.0255 -0.0063 0.0189
v  -0.0142 -0.0215 0.0088
v  -0.0153 -0.0212 0.0091
v  -0.0151 -0.0213 0.0096
v  -0.0095 -0.0222 0.0080
v  -0.0096 -0.0222 0.0074
v  -0.0144 -0.0215 0.0082
v  -0.0035 -0.0227 0.0075
v  -0.0094 -0.0223 0.0086
v  -0.0036 -0.0228 0.0080
v  -0.0092 -0.0224 0.0098
v  -0.0037 -0.0229 0.0093
v  -0.0140 -0.0215 0.0093
v  -0.0146 -0.0213 0.0108
v  -0.0120 -0.0219 0.0102
v  -0.0073 -0.0227 0.0071
v  -0.0253 -0.0082 0.0187
v  -0.0251 -0.0093 0.0185
v  -0.0249 -0.0101 0.0183
v  -0.0243 -0.0120 0.0175
v  -0.0233 -0.0143 0.0162
v  -0.0219 -0.0164 0.0147
v  -0.0166 -0.0206 0.0114
v  -0.0184 -0.0196 0.0122
v  -0.0169 -0.0204 0.0115
v  -0.0206 -0.0179 0.0136
v  -0.0201 -0.0184 0.0132
v  -0.0189 -0.0193 0.0125
v  -0.0124 -0.0260 0.0070
v  0.0069 -0.0253 0.0083
v  -0.0075 -0.0263 0.0067
v  -0.0055 -0.0264 0.0066
v  0.0211 -0.0291 -0.0029
v  0.0388 -0.0297 -0.0065
v  0.0325 -0.0303 -0.0069
v  0.0400 -0.0300 -0.0075
v  0.0261 -0.0302 -0.0071
v  0.0098 -0.0283 -0.0031
v  0.0196 -0.0297 -0.0072
v  0.0083 -0.0281 -0.0015
v  0.0368 -0.0293 -0.0048
v  0.0326 -0.0286 -0.0019
v  0.0269 -0.0291 -0.0026
v  0.0310 -0.0283 -0.0008
v  0.0261 -0.0276 0.0025
v  0.0153 -0.0288 -0.0029
v  0.0095 -0.0283 -0.0030
v  0.0018 -0.0284 -0.0087
v  0.0018 -0.0274 0.0021
v  0.0018 -0.0278 -0.0014
v  0.0018 -0.0281 -0.0051
v  -0.0599 -0.0110 -0.0101
v  -0.0282 -0.0286 -0.0101
v  -0.0211 -0.0285 -0.0101
v  -0.0127 -0.0285 -0.0101
v  -0.0403 -0.0274 -0.0101
v  -0.0343 -0.0284 -0.0101
v  -0.0453 -0.0257 -0.0101
v  -0.0502 -0.0230 -0.0101
v  -0.0544 -0.0194 -0.0101
v  -0.0576 -0.0154 -0.0101
v  -0.0583 -0.0135 -0.0087
v  -0.0573 -0.0153 -0.0087
v  -0.0543 -0.0190 -0.0087
v  -0.0556 -0.0175 -0.0087
v  -0.0565 -0.0164 -0.0087
v  -0.0490 -0.0233 -0.0087
v  -0.0499 -0.0227 -0.0087
v  -0.0518 -0.0213 -0.0087
v  -0.0526 -0.0206 -0.0087
v  -0.0459 -0.0251 -0.0087
v  -0.0425 -0.0265 -0.0087
v  -0.0401 -0.0272 -0.0087
v  -0.0311 -0.0284 -0.0087
v  -0.0328 -0.0283 -0.0087
v  -0.0351 -0.0281 -0.0087
v  -0.0389 -0.0275 -0.0087
v  -0.0214 -0.0284 -0.0087
v  0.0933 -0.0122 -0.0060
v  0.0957 -0.0086 -0.0062
v  0.0853 -0.0077 -0.0023
v  0.0565 -0.0027 0.0121
v  0.0437 -0.0164 0.0163
v  0.1062 -0.0096 -0.0098
v  0.1049 -0.0117 -0.0097
v  0.1034 -0.0136 -0.0096
v  0.0998 -0.0169 -0.0093
v  0.0870 -0.0177 -0.0052
v  0.0805 -0.0238 -0.0066
v  0.0756 -0.0225 -0.0037
v  0.0796 -0.0213 -0.0043
v  0.0869 -0.0231 -0.0082
v  0.0834 -0.0197 -0.0048
v  0.0579 -0.0176 0.0077
v  0.0508 -0.0169 0.0120
v  0.0724 -0.0198 -0.0004
v  0.0728 -0.0219 -0.0021
v  0.0651 -0.0186 0.0036
v  0.0644 -0.0203 0.0029
v  0.0564 -0.0192 0.0076
v  0.0447 -0.0143 0.0168
v  0.0462 -0.0098 0.0175
v  0.0661 -0.0030 0.0067
v  0.0761 -0.0034 0.0019
v  0.0865 -0.0038 -0.0025
v  0.0971 -0.0043 -0.0064
v  0.1079 -0.0048 -0.0100
v  0.0545 -0.0106 0.0122
v  0.0615 -0.0137 0.0074
v  0.0631 -0.0115 0.0072
v  0.0699 -0.0149 0.0029
v  0.0720 -0.0126 0.0026
v  0.0522 -0.0149 0.0121
v  0.0598 -0.0158 0.0076
v  0.0676 -0.0168 0.0032
v  0.1072 -0.0072 -0.0099
v  0.0784 -0.0162 -0.0013
v  0.0904 -0.0153 -0.0056
v  0.0811 -0.0138 -0.0017
v  0.0834 -0.0110 -0.0020
v  0.0738 -0.0099 0.0023
v  0.0752 -0.0068 0.0021
v  0.0644 -0.0090 0.0070
v  0.0654 -0.0061 0.0069
v  0.0554 -0.0081 0.0121
v  0.0560 -0.0055 0.0121
v  0.0471 -0.0050 0.0179
v  -0.0157 -0.0220 0.0110
v  -0.0250 -0.0104 0.0193
v  0.0084 -0.0243 0.0044
v  0.0083 -0.0243 0.0042
v  0.0083 -0.0243 0.0041
v  0.0082 -0.0243 0.0040
v  0.0081 -0.0243 0.0039
v  0.0078 -0.0243 0.0039
v  0.0077 -0.0243 0.0039
v  0.0076 -0.0243 0.0040
v  0.0075 -0.0243 0.0040
v  0.0074 -0.0243 0.0041
v  0.0526 -0.0183 0.0080
v  0.0143 -0.0255 -0.0020
v  0.0199 -0.0259 -0.0021
v  0.0227 -0.0269 -0.0068
v  0.0377 -0.0276 -0.0089
v  0.0336 -0.0275 -0.0081
v  0.0302 -0.0268 -0.0056
v  0.0313 -0.0274 -0.0074
v  0.0295 -0.0272 -0.0068
v  0.0286 -0.0272 -0.0068
v  0.0242 -0.0268 -0.0057
v  0.0254 -0.0259 -0.0020
v  0.0330 -0.0258 -0.0030
v  0.0370 -0.0265 -0.0059
v  0.0252 -0.0245 0.0024
v  0.0409 -0.0275 -0.0093
v  0.0525 -0.0193 0.0049
v  0.0525 -0.0193 0.0070
v  0.0528 -0.0193 0.0048
v  0.0529 -0.0192 0.0069
v  0.0529 -0.0193 0.0048
v  0.0530 -0.0192 0.0048
v  0.0532 -0.0191 0.0069
v  0.0532 -0.0191 0.0049
v  0.0533 -0.0189 0.0071
v  0.0533 -0.0189 0.0052
v  0.0534 -0.0187 0.0071
v  0.0533 -0.0186 0.0065
v  0.0534 -0.0186 0.0072
v  0.0533 -0.0185 0.0066
v  0.0533 -0.0186 0.0073
v  0.0533 -0.0185 0.0074
v  0.0532 -0.0184 0.0075
v  0.0531 -0.0184 0.0076
v  0.0435 -0.0188 0.0100
v  0.0392 -0.0188 0.0120
v  0.0487 -0.0190 0.0071
v  -0.0337 -0.0095 0.0201
v  -0.0158 -0.0246 0.0090
v  -0.0196 -0.0237 0.0101
v  -0.0231 -0.0223 0.0115
v  -0.0217 -0.0247 0.0087
v  -0.0162 -0.0256 0.0076
v  -0.0313 -0.0210 0.0120
v  -0.0298 -0.0219 0.0113
v  -0.0261 -0.0205 0.0132
v  -0.0268 -0.0232 0.0101
v  -0.0258 -0.0235 0.0098
v  -0.0287 -0.0184 0.0151
v  -0.0334 -0.0197 0.0131
v  -0.0308 -0.0160 0.0170
v  -0.0357 -0.0180 0.0144
v  -0.0318 -0.0147 0.0180
v  -0.0386 -0.0158 0.0162
v  -0.0398 -0.0145 0.0169
v  -0.0326 -0.0132 0.0189
v  -0.0404 -0.0134 0.0174
v  -0.0333 -0.0114 0.0196
v  -0.0408 -0.0125 0.0177
v  -0.0415 -0.0104 0.0182
v  -0.0412 -0.0171 0.0133
v  -0.0434 -0.0147 0.0144
v  -0.0459 -0.0151 0.0118
v  -0.0468 -0.0104 0.0141
v  -0.0485 -0.0104 0.0123
v  -0.0476 -0.0121 0.0124
v  -0.0236 -0.0277 -0.0039
v  -0.0068 -0.0266 0.0059
v  -0.0125 -0.0263 0.0063
v  -0.0134 -0.0269 0.0033
v  -0.0144 -0.0275 -0.0004
v  -0.0151 -0.0280 -0.0044
v  -0.0319 -0.0273 -0.0034
v  -0.0360 -0.0267 -0.0030
v  -0.0400 -0.0256 -0.0027
v  -0.0437 -0.0240 -0.0023
v  -0.0473 -0.0220 -0.0019
v  -0.0506 -0.0196 -0.0016
v  -0.0534 -0.0167 -0.0013
v  -0.0556 -0.0133 -0.0011
v  -0.0580 -0.0104 -0.0036
v  -0.0540 -0.0130 0.0026
v  -0.0561 -0.0104 0.0009
v  -0.0412 -0.0136 0.0170
v  -0.0424 -0.0104 0.0178
v  -0.0431 -0.0104 0.0173
v  -0.0164 -0.0260 0.0068
v  -0.0189 -0.0256 0.0073
v  -0.0209 -0.0263 0.0043
v  -0.0221 -0.0250 0.0080
v  -0.0450 -0.0118 0.0152
v  -0.0459 -0.0104 0.0150
v  -0.0281 -0.0252 0.0057
v  -0.0268 -0.0247 0.0075
v  -0.0316 -0.0242 0.0066
v  -0.0300 -0.0236 0.0085
v  -0.0349 -0.0230 0.0075
v  -0.0331 -0.0223 0.0096
v  -0.0379 -0.0214 0.0086
v  -0.0386 -0.0190 0.0120
v  -0.0408 -0.0196 0.0097
v  -0.0436 -0.0176 0.0108
v  -0.0457 -0.0181 0.0080
v  -0.0445 -0.0208 0.0043
v  -0.0512 -0.0104 0.0090
v  -0.0500 -0.0124 0.0094
v  -0.0482 -0.0155 0.0088
v  -0.0502 -0.0159 0.0056
v  -0.0476 -0.0186 0.0050
v  -0.0304 -0.0263 0.0015
v  -0.0342 -0.0255 0.0021
v  -0.0378 -0.0243 0.0028
v  -0.0413 -0.0227 0.0035
v  -0.0522 -0.0127 0.0060
v  -0.0538 -0.0104 0.0050
v  -0.0225 -0.0271 0.0004
v  -0.0273 -0.0236 0.0095
v  -0.0319 -0.0214 0.0114
v  -0.0364 -0.0183 0.0139
v  -0.0394 -0.0160 0.0157
v  -0.0407 -0.0144 0.0166
v  -0.0420 0.0076 0.0185
v  -0.0429 0.0072 0.0182
v  -0.0422 0.0036 0.0187
v  -0.0420 -0.0070 0.0186
v  -0.0429 -0.0066 0.0182
v  -0.0431 -0.0042 0.0183
v  -0.0416 -0.0099 0.0183
v  -0.0428 -0.0079 0.0181
v  -0.0340 0.0062 0.0204
v  -0.0340 -0.0060 0.0204
v  -0.0474 -0.0066 0.0144
v  -0.0583 -0.0066 -0.0019
v  -0.0517 -0.0066 0.0095
v  -0.0552 -0.0066 0.0043
v  -0.0552 0.0068 0.0043
v  -0.0583 0.0068 -0.0019
v  -0.0587 0.0068 -0.0028
v  -0.0517 0.0068 0.0095
v  -0.0474 0.0068 0.0144
v  0.0467 0.0273 -0.0095
v  -0.0399 -0.0248 -0.0136
v  -0.0428 -0.0238 -0.0136
v  -0.0450 -0.0228 -0.0136
v  -0.0452 -0.0227 -0.0136
v  -0.0454 -0.0226 -0.0136
v  -0.0477 -0.0211 -0.0136
v  -0.0498 -0.0195 -0.0137
v  -0.0501 -0.0193 -0.0137
v  -0.0504 -0.0190 -0.0137
v  -0.0523 -0.0171 -0.0137
v  -0.0536 -0.0155 -0.0137
v  -0.0543 -0.0146 -0.0137
v  -0.0557 -0.0122 -0.0137
v  -0.0570 -0.0094 -0.0138
v  -0.0580 -0.0063 -0.0138
v  -0.0567 -0.0102 -0.0138
v  -0.0586 -0.0030 -0.0138
v  -0.0582 -0.0054 -0.0137
v  -0.0322 -0.0263 -0.0134
v  -0.0364 -0.0257 -0.0135
v  -0.0344 -0.0260 -0.0135
v  -0.0061 -0.0268 -0.0131
v  -0.0186 -0.0265 -0.0133
v  -0.0270 -0.0265 -0.0133
v  0.0100 -0.0276 -0.0129
v  0.0057 -0.0272 -0.0130
v  0.0046 -0.0271 -0.0130
v  0.0032 -0.0271 -0.0130
v  -0.0447 -0.0197 -0.0068
v  -0.0493 -0.0163 -0.0068
v  -0.0526 -0.0120 -0.0068
v  -0.0548 -0.0071 -0.0068
v  -0.0559 -0.0017 -0.0068
v  0.0519 -0.0224 0.0057
v  0.0583 -0.0234 0.0013
v  0.0604 -0.0218 0.0031
v  0.0614 -0.0208 0.0039
v  0.0387 -0.0209 0.0144
v  0.0603 -0.0277 -0.0071
v  0.0736 -0.0246 -0.0053
v  0.0714 -0.0263 -0.0073
v  0.0780 -0.0281 -0.0114
v  0.0747 -0.0235 -0.0044
v  0.0427 -0.0278 -0.0026
v  0.0362 -0.0270 0.0017
v  0.0293 -0.0262 0.0057
v  0.0341 -0.0238 0.0102
v  0.0474 -0.0198 0.0118
v  0.0454 -0.0216 0.0102
v  0.0539 -0.0262 -0.0027
v  0.0475 -0.0252 0.0018
v  0.0410 -0.0245 0.0062
v  0.0492 -0.0289 -0.0070
v  0.0172 -0.0256 -0.0068
v  0.0181 -0.0258 -0.0068
v  0.0442 -0.0273 -0.0094
v  0.0696 -0.0252 -0.0105
v  0.0112 -0.0249 -0.0068
v  0.0607 0.0261 -0.0101
v  0.0340 0.0242 0.0018
v  0.0493 0.0236 -0.0022
v  0.0454 0.0258 -0.0059
v  0.0320 0.0216 0.0090
v  0.0281 0.0235 0.0052
v  0.0358 0.0194 0.0125
v  0.0417 0.0200 0.0090
v  0.0531 0.0213 0.0012
v  0.0645 0.0237 -0.0065
v  0.0702 0.0252 -0.0104
v  0.0380 0.0222 0.0056
v  0.0607 -0.0259 -0.0101
v  0.0702 -0.0250 -0.0103
v  0.0645 -0.0235 -0.0065
v  0.0531 -0.0211 0.0012
v  0.0358 -0.0192 0.0125
v  0.0417 -0.0198 0.0090
v  0.0320 -0.0214 0.0090
v  0.0281 -0.0233 0.0052
v  0.0340 -0.0240 0.0018
v  0.0454 -0.0256 -0.0059
v  0.0493 -0.0234 -0.0022
v  0.0380 -0.0220 0.0056
v  -0.0404 -0.0217 -0.0147
v  -0.0416 -0.0212 -0.0068
v  -0.0359 -0.0229 -0.0068
v  -0.0359 -0.0229 -0.0147
v  -0.0393 -0.0221 -0.0068
v  -0.0404 -0.0217 -0.0068
v  -0.0395 -0.0226 -0.0068
v  0.0014 -0.0248 -0.0068
v  -0.0003 -0.0248 -0.0068
v  -0.0007 -0.0243 -0.0068
v  -0.0303 -0.0236 -0.0068
v  0.0009 -0.0251 -0.0068
v  0.0003 -0.0251 -0.0068
v  -0.0003 -0.0249 -0.0068
v  -0.0405 -0.0231 -0.0068
v  -0.0411 -0.0230 -0.0068
v  -0.0202 -0.0237 -0.0068
v  -0.0415 -0.0226 -0.0068
v  -0.0417 -0.0220 -0.0068
v  -0.0417 -0.0214 -0.0068
v  -0.0399 -0.0230 -0.0068
v  -0.0202 -0.0237 -0.0147
v  -0.0303 -0.0236 -0.0147
v  0.0992 -0.0355 -0.0285
v  0.0862 -0.0364 -0.0285
v  0.0992 0.0356 -0.0285
v  0.0154 0.0296 -0.0285
v  0.0256 -0.0311 -0.0285
v  0.0162 -0.0295 -0.0285
v  0.0332 0.0330 -0.0285
v  0.0358 0.0337 -0.0285
v  0.0358 -0.0336 -0.0285
v  0.0043 0.0289 -0.0285
v  0.0385 -0.0345 -0.0285
v  0.1030 -0.0350 -0.0285
v  -0.0338 0.0297 -0.0285
v  -0.0333 0.0297 -0.0285
v  -0.0255 -0.0292 -0.0285
v  0.0464 -0.0367 -0.0285
v  0.0426 -0.0360 -0.0285
v  0.0418 -0.0357 -0.0285
v  0.0273 -0.0314 -0.0285
v  0.0256 0.0312 -0.0285
v  0.0265 0.0314 -0.0285
v  0.0464 0.0368 -0.0285
v  0.0728 0.0368 -0.0285
v  0.0729 -0.0367 -0.0285
v  0.0868 0.0365 -0.0285
v  0.0982 0.0357 -0.0285
v  0.0426 0.0361 -0.0285
v  0.0061 -0.0288 -0.0285
v  0.0027 -0.0287 -0.0285
v  0.0018 0.0288 -0.0285
v  0.0018 -0.0287 -0.0285
v  -0.0080 -0.0288 -0.0285
v  -0.0080 0.0289 -0.0285
v  0.0010 0.0288 -0.0285
v  -0.0637 -0.0088 -0.0285
v  -0.0628 -0.0114 -0.0285
v  -0.0620 -0.0130 -0.0285
v  -0.0324 -0.0295 -0.0285
v  -0.0333 -0.0296 -0.0285
v  -0.0377 -0.0294 -0.0285
v  -0.0640 -0.0080 -0.0285
v  -0.0648 -0.0044 -0.0285
v  -0.0651 -0.0029 -0.0285
v  0.1030 0.0351 -0.0285
v  0.1115 0.0335 -0.0285
v  0.1115 -0.0334 -0.0285
v  0.1187 0.0314 -0.0285
v  0.1187 -0.0313 -0.0285
v  0.1247 0.0288 -0.0285
v  0.1247 -0.0287 -0.0285
v  0.1302 -0.0253 -0.0285
v  -0.0394 -0.0292 -0.0285
v  -0.0430 -0.0285 -0.0285
v  -0.0449 -0.0280 -0.0285
v  -0.0464 -0.0274 -0.0285
v  -0.0497 -0.0259 -0.0285
v  -0.0513 -0.0249 -0.0285
v  -0.0542 -0.0228 -0.0285
v  -0.0569 -0.0204 -0.0285
v  -0.0581 -0.0191 -0.0285
v  -0.0561 0.0212 -0.0285
v  -0.0581 0.0191 -0.0285
v  -0.0609 0.0153 -0.0285
v  -0.0497 0.0260 -0.0285
v  -0.0448 0.0281 -0.0285
v  -0.0547 0.0225 -0.0285
v  -0.0426 0.0287 -0.0285
v  -0.0397 0.0293 -0.0285
v  0.1415 0.0069 -0.0285
v  0.1421 0.0000 -0.0285
v  0.1302 0.0254 -0.0285
v  -0.0602 -0.0162 -0.0285
v  -0.0615 -0.0141 -0.0285
v  -0.0652 -0.0009 -0.0285
v  -0.0653 0.0001 -0.0285
v  -0.0651 0.0032 -0.0285
v  -0.0641 0.0077 -0.0285
v  -0.0614 0.0143 -0.0285
v  0.1415 -0.0068 -0.0285
v  0.1401 -0.0122 -0.0285
v  0.1401 0.0123 -0.0285
v  0.1344 0.0217 -0.0285
v  0.1378 0.0172 -0.0285
v  0.1378 -0.0171 -0.0285
v  0.1344 -0.0216 -0.0285
v  -0.0238 0.0267 -0.0150
v  -0.0334 0.0263 -0.0150
v  -0.0385 -0.0253 -0.0150
v  -0.0378 0.0256 -0.0150
v  -0.0399 -0.0249 -0.0150
v  -0.0458 -0.0224 -0.0150
v  -0.0317 -0.0263 -0.0150
v  -0.0249 -0.0266 -0.0150
v  0.0014 0.0272 -0.0150
v  0.0036 -0.0271 -0.0150
v  0.0147 0.0283 -0.0150
v  0.0169 -0.0285 -0.0150
v  0.0169 0.0286 -0.0150
v  0.0278 -0.0299 -0.0150
v  0.0292 0.0301 -0.0150
v  0.0386 -0.0304 -0.0150
v  0.0402 0.0305 -0.0150
v  0.0523 -0.0295 -0.0150
v  0.0598 0.0291 -0.0150
v  -0.0586 -0.0031 -0.0150
v  -0.0571 -0.0092 -0.0150
v  -0.0587 0.0001 -0.0150
v  -0.0419 0.0243 -0.0150
v  -0.0473 0.0215 -0.0150
v  0.0813 0.0268 -0.0150
v  0.0791 -0.0270 -0.0150
v  0.0887 0.0255 -0.0150
v  0.0890 -0.0254 -0.0150
v  0.0957 0.0233 -0.0150
v  0.0958 -0.0231 -0.0150
v  0.1014 0.0202 -0.0150
v  -0.0543 -0.0146 -0.0150
v  -0.0506 -0.0189 -0.0150
v  -0.0520 0.0176 -0.0150
v  -0.0557 0.0124 -0.0150
v  -0.0580 0.0064 -0.0150
v  0.1021 -0.0196 -0.0150
v  0.1066 -0.0157 -0.0150
v  0.1061 0.0163 -0.0150
v  0.1097 -0.0115 -0.0150
v  0.1120 -0.0060 -0.0150
v  0.1128 0.0001 -0.0150
v  0.1121 0.0056 -0.0150
v  0.1099 0.0113 -0.0150
v  -0.0606 0.0106 -0.0116
v  -0.0607 0.0102 -0.0116
v  -0.0604 0.0105 -0.0116
v  -0.0616 0.0068 -0.0116
v  -0.0616 0.0058 -0.0116
v  -0.0619 0.0057 -0.0116
v  -0.0617 0.0056 -0.0116
v  -0.0621 0.0031 -0.0116
v  -0.0625 0.0010 -0.0116
v  -0.0623 0.0005 -0.0116
v  -0.0625 0.0001 -0.0116
v  -0.0623 0.0001 -0.0116
v  -0.0625 -0.0004 -0.0116
v  -0.0623 -0.0009 -0.0116
v  -0.0623 -0.0030 -0.0116
v  -0.0615 -0.0066 -0.0116
v  -0.0604 -0.0104 -0.0116
v  -0.0605 -0.0100 -0.0116
v  -0.0606 -0.0105 -0.0116
v  -0.0619 -0.0054 -0.0116
v  -0.0469 -0.0251 -0.0116
v  -0.0478 -0.0247 -0.0116
v  -0.0479 -0.0248 -0.0117
v  -0.0604 -0.0109 -0.0116
v  -0.0549 -0.0194 -0.0116
v  -0.0528 -0.0212 -0.0116
v  -0.0566 -0.0172 -0.0116
v  -0.0598 -0.0118 -0.0116
v  -0.0586 -0.0146 -0.0116
v  -0.0572 -0.0163 -0.0116
v  -0.0577 -0.0160 -0.0116
v  -0.0567 -0.0173 -0.0116
v  -0.0540 -0.0204 -0.0116
v  -0.0527 -0.0215 -0.0116
v  -0.0520 -0.0218 -0.0116
v  -0.0503 -0.0234 -0.0116
v  -0.0494 -0.0239 -0.0117
v  -0.0332 -0.0286 -0.0116
v  -0.0328 -0.0288 -0.0117
v  -0.0292 -0.0286 -0.0116
v  -0.0291 -0.0288 -0.0117
v  -0.0291 -0.0286 -0.0116
v  -0.0449 -0.0263 -0.0117
v  -0.0443 -0.0265 -0.0117
v  -0.0421 -0.0271 -0.0116
v  -0.0422 -0.0273 -0.0117
v  -0.0408 -0.0275 -0.0116
v  -0.0391 -0.0281 -0.0117
v  -0.0364 -0.0283 -0.0116
v  -0.0365 -0.0285 -0.0117
v  -0.0333 -0.0288 -0.0117
v  0.0018 -0.0284 -0.0117
v  0.0013 -0.0284 -0.0117
v  0.0018 -0.0286 -0.0117
v  -0.0057 -0.0284 -0.0117
v  -0.0156 -0.0287 -0.0117
v  -0.0245 -0.0287 -0.0117
v  -0.0655 -0.0022 -0.0282
v  -0.0654 -0.0026 -0.0282
v  -0.0642 -0.0027 -0.0198
v  -0.0639 -0.0093 -0.0282
v  -0.0630 -0.0117 -0.0282
v  -0.0620 -0.0114 -0.0198
v  -0.0333 -0.0299 -0.0282
v  -0.0333 -0.0298 -0.0275
v  -0.0372 -0.0297 -0.0282
v  -0.0392 -0.0295 -0.0282
v  -0.0391 -0.0291 -0.0199
v  -0.0409 -0.0293 -0.0282
v  -0.0449 -0.0276 -0.0199
v  -0.0446 -0.0284 -0.0282
v  -0.0502 -0.0259 -0.0282
v  -0.0488 -0.0267 -0.0282
v  -0.0504 -0.0250 -0.0199
v  -0.0479 -0.0271 -0.0282
v  -0.0453 -0.0282 -0.0282
v  -0.0520 -0.0248 -0.0282
v  -0.0517 -0.0250 -0.0282
v  -0.0552 -0.0213 -0.0199
v  -0.0559 -0.0218 -0.0282
v  -0.0549 -0.0226 -0.0282
v  -0.0539 -0.0234 -0.0282
v  -0.0535 -0.0238 -0.0282
v  -0.0532 -0.0239 -0.0282
v  -0.0530 -0.0241 -0.0282
v  -0.0527 -0.0243 -0.0282
v  -0.0522 -0.0246 -0.0282
v  -0.0515 -0.0251 -0.0282
v  -0.0510 -0.0255 -0.0282
v  -0.0591 -0.0167 -0.0198
v  -0.0591 -0.0182 -0.0282
v  -0.0567 -0.0210 -0.0282
v  -0.0624 -0.0129 -0.0282
v  -0.0612 -0.0152 -0.0282
v  -0.0600 -0.0171 -0.0282
v  -0.0652 -0.0044 -0.0282
v  -0.0648 -0.0061 -0.0282
v  -0.0638 -0.0057 -0.0198
v  -0.0656 -0.0004 -0.0282
v  -0.0644 0.0001 -0.0198
v  -0.0656 0.0001 -0.0282
v  -0.0333 -0.0295 -0.0186
v  -0.0031 0.0285 -0.0117
v  -0.0011 0.0285 -0.0117
v  0.0013 0.0287 -0.0117
v  0.0018 0.0285 -0.0117
v  0.0018 0.0287 -0.0117
v  -0.0133 0.0285 -0.0117
v  -0.0092 0.0285 -0.0117
v  -0.0154 0.0288 -0.0117
v  -0.0072 0.0285 -0.0117
v  -0.0052 0.0285 -0.0117
v  -0.0255 0.0286 -0.0116
v  -0.0235 0.0286 -0.0116
v  -0.0245 0.0288 -0.0117
v  -0.0215 0.0286 -0.0116
v  -0.0174 0.0286 -0.0116
v  -0.0276 0.0287 -0.0116
v  -0.0291 0.0289 -0.0117
v  -0.0296 0.0287 -0.0116
v  -0.0317 0.0287 -0.0116
v  -0.0333 0.0289 -0.0117
v  -0.0337 0.0287 -0.0116
v  -0.0338 0.0289 -0.0117
v  -0.0357 0.0285 -0.0116
v  -0.0359 0.0287 -0.0117
v  -0.0377 0.0282 -0.0116
v  -0.0379 0.0284 -0.0117
v  -0.0387 0.0282 -0.0117
v  -0.0397 0.0278 -0.0116
v  -0.0399 0.0280 -0.0117
v  -0.0417 0.0273 -0.0116
v  -0.0418 0.0275 -0.0117
v  -0.0437 0.0267 -0.0116
v  -0.0438 0.0268 -0.0117
v  -0.0455 0.0259 -0.0116
v  -0.0475 0.0252 -0.0117
v  -0.0466 0.0254 -0.0116
v  -0.0478 0.0248 -0.0116
v  -0.0492 0.0240 -0.0116
v  -0.0493 0.0241 -0.0117
v  -0.0508 0.0228 -0.0116
v  -0.0510 0.0230 -0.0116
v  -0.0524 0.0216 -0.0116
v  -0.0526 0.0217 -0.0116
v  -0.0540 0.0202 -0.0116
v  -0.0541 0.0204 -0.0116
v  -0.0554 0.0187 -0.0116
v  -0.0555 0.0189 -0.0116
v  -0.0567 0.0171 -0.0116
v  -0.0568 0.0173 -0.0116
v  -0.0576 0.0162 -0.0116
v  -0.0578 0.0155 -0.0116
v  -0.0580 0.0156 -0.0116
v  -0.0589 0.0137 -0.0116
v  -0.0590 0.0139 -0.0116
v  -0.0598 0.0119 -0.0116
v  -0.0599 0.0123 -0.0116
v  -0.0602 0.0110 -0.0116
v  -0.0603 0.0112 -0.0116
v  -0.0624 0.0131 -0.0282
v  -0.0629 0.0120 -0.0282
v  -0.0620 0.0117 -0.0198
v  -0.0653 0.0037 -0.0282
v  -0.0654 0.0028 -0.0282
v  -0.0655 0.0010 -0.0282
v  -0.0655 0.0019 -0.0282
v  -0.0632 0.0112 -0.0282
v  -0.0640 0.0091 -0.0282
v  -0.0637 0.0060 -0.0198
v  -0.0645 0.0075 -0.0282
v  -0.0648 0.0062 -0.0282
v  -0.0617 0.0145 -0.0282
v  -0.0590 0.0170 -0.0198
v  -0.0606 0.0163 -0.0282
v  -0.0551 0.0215 -0.0199
v  -0.0584 0.0192 -0.0282
v  -0.0598 0.0174 -0.0282
v  -0.0501 0.0261 -0.0282
v  -0.0508 0.0257 -0.0282
v  -0.0503 0.0251 -0.0199
v  -0.0532 0.0240 -0.0282
v  -0.0562 0.0216 -0.0282
v  -0.0479 0.0272 -0.0282
v  -0.0449 0.0277 -0.0199
v  -0.0452 0.0283 -0.0282
v  -0.0377 0.0298 -0.0282
v  -0.0392 0.0297 -0.0282
v  -0.0391 0.0292 -0.0199
v  -0.0409 0.0294 -0.0282
v  -0.0445 0.0285 -0.0282
v  -0.0333 0.0296 -0.0193
v  -0.0333 0.0300 -0.0282
v  -0.0342 0.0300 -0.0282
v  0.0992 -0.0344 -0.0226
v  0.0992 -0.0356 -0.0271
v  0.1050 -0.0348 -0.0271
v  0.1104 -0.0321 -0.0209
v  0.0992 -0.0338 -0.0210
v  0.1110 -0.0337 -0.0271
v  0.1142 -0.0329 -0.0271
v  0.1163 -0.0322 -0.0271
v  0.1179 -0.0302 -0.0210
v  0.1179 -0.0317 -0.0271
v  0.1210 -0.0306 -0.0271
v  0.1252 -0.0287 -0.0271
v  0.1242 -0.0278 -0.0209
v  0.1288 -0.0265 -0.0271
v  0.1298 -0.0246 -0.0209
v  0.1302 -0.0256 -0.0271
v  0.1320 -0.0241 -0.0271
v  0.1347 -0.0215 -0.0271
v  0.1342 -0.0211 -0.0210
v  0.1377 -0.0176 -0.0271
v  0.1377 -0.0169 -0.0210
v  0.1415 -0.0083 -0.0271
v  0.1417 -0.0069 -0.0210
v  0.1402 -0.0121 -0.0210
v  0.1405 -0.0120 -0.0271
v  0.1390 -0.0153 -0.0271
v  0.1421 -0.0042 -0.0271
v  0.1423 -0.0011 -0.0210
v  0.1424 0.0000 -0.0271
v  0.0992 -0.0358 -0.0282
v  0.1054 -0.0350 -0.0282
v  0.1115 -0.0337 -0.0282
v  0.1171 -0.0322 -0.0282
v  0.1218 -0.0304 -0.0282
v  0.1225 -0.0301 -0.0282
v  0.1316 -0.0246 -0.0282
v  0.1302 -0.0257 -0.0282
v  0.1285 -0.0269 -0.0282
v  0.1251 -0.0288 -0.0282
v  0.1341 -0.0223 -0.0282
v  0.1364 -0.0196 -0.0282
v  0.1378 -0.0176 -0.0282
v  0.1402 -0.0126 -0.0282
v  0.1401 -0.0130 -0.0282
v  0.1399 -0.0135 -0.0282
v  0.1397 -0.0139 -0.0282
v  0.1395 -0.0143 -0.0282
v  0.1394 -0.0147 -0.0282
v  0.1385 -0.0164 -0.0282
v  0.1415 -0.0082 -0.0282
v  0.1414 -0.0086 -0.0282
v  0.1411 -0.0100 -0.0282
v  0.1412 -0.0095 -0.0282
v  0.1413 -0.0091 -0.0282
v  0.1410 -0.0104 -0.0282
v  0.1408 -0.0109 -0.0282
v  0.1407 -0.0113 -0.0282
v  0.1406 -0.0117 -0.0282
v  0.1404 -0.0122 -0.0282
v  0.1424 0.0000 -0.0282
v  0.1424 -0.0009 -0.0282
v  0.1421 -0.0045 -0.0282
v  0.1418 -0.0069 -0.0282
v  0.0018 -0.0290 -0.0282
v  0.0010 -0.0290 -0.0282
v  -0.0245 -0.0295 -0.0282
v  -0.0255 -0.0295 -0.0282
v  -0.0325 0.0299 -0.0282
v  -0.0157 0.0293 -0.0282
v  -0.0080 0.0292 -0.0282
v  0.0018 0.0291 -0.0282
v  0.1422 0.0043 -0.0282
v  0.1419 0.0060 -0.0282
v  0.1415 0.0084 -0.0282
v  0.1401 0.0130 -0.0282
v  0.1405 0.0118 -0.0282
v  0.1409 0.0107 -0.0282
v  0.1411 0.0101 -0.0282
v  0.1414 0.0090 -0.0282
v  0.1394 0.0146 -0.0282
v  0.1399 0.0135 -0.0282
v  0.1339 0.0226 -0.0282
v  0.1345 0.0220 -0.0282
v  0.1363 0.0198 -0.0282
v  0.1383 0.0167 -0.0282
v  0.1321 0.0243 -0.0282
v  0.1291 0.0266 -0.0282
v  0.1254 0.0288 -0.0282
v  0.1226 0.0302 -0.0282
v  0.1209 0.0309 -0.0282
v  0.1159 0.0326 -0.0282
v  0.1180 0.0320 -0.0282
v  0.1038 0.0353 -0.0282
v  0.1047 0.0352 -0.0282
v  0.1066 0.0349 -0.0282
v  0.1079 0.0346 -0.0282
v  0.1138 0.0333 -0.0282
v  0.1001 0.0358 -0.0282
v  0.0992 0.0359 -0.0282
v  0.1101 0.0340 -0.0271
v  0.0992 0.0357 -0.0271
v  0.0992 0.0356 -0.0268
v  0.0992 0.0339 -0.0210
v  0.1108 0.0321 -0.0210
v  0.1179 0.0318 -0.0271
v  0.1183 0.0301 -0.0209
v  0.1217 0.0304 -0.0271
v  0.1244 0.0277 -0.0210
v  0.1244 0.0291 -0.0271
v  0.1301 0.0246 -0.0210
v  0.1302 0.0257 -0.0271
v  0.1344 0.0210 -0.0210
v  0.1344 0.0219 -0.0271
v  0.1378 0.0168 -0.0210
v  0.1377 0.0177 -0.0271
v  0.1392 0.0151 -0.0271
v  0.1403 0.0119 -0.0210
v  0.1403 0.0126 -0.0271
v  0.1418 0.0067 -0.0210
v  0.1417 0.0071 -0.0271
v  0.1424 0.0008 -0.0271
v  0.0993 -0.0333 -0.0203
v  0.0993 -0.0334 -0.0205
v  0.1104 -0.0319 -0.0206
v  0.1241 -0.0276 -0.0207
v  0.1238 -0.0274 -0.0204
v  0.1179 -0.0300 -0.0207
v  0.1297 -0.0245 -0.0207
v  0.1296 -0.0242 -0.0204
v  0.1340 -0.0210 -0.0207
v  0.1376 -0.0169 -0.0206
v  0.1373 -0.0167 -0.0204
v  0.1338 -0.0208 -0.0204
v  0.1401 -0.0120 -0.0206
v  0.1399 -0.0119 -0.0203
v  0.1416 -0.0068 -0.0206
v  0.1414 -0.0067 -0.0203
v  0.1422 -0.0010 -0.0206
v  0.1420 -0.0010 -0.0203
v  0.1169 -0.0267 -0.0184
v  0.1108 -0.0285 -0.0184
v  0.1000 -0.0309 -0.0185
v  0.1198 -0.0256 -0.0184
v  0.1220 -0.0247 -0.0184
v  0.1257 -0.0229 -0.0184
v  0.1262 -0.0226 -0.0184
v  0.1295 -0.0205 -0.0184
v  0.1396 0.0000 -0.0184
v  0.1395 -0.0028 -0.0184
v  0.1389 -0.0063 -0.0184
v  0.1380 -0.0096 -0.0184
v  0.1373 -0.0112 -0.0184
v  0.1365 -0.0127 -0.0184
v  0.1345 -0.0157 -0.0184
v  0.1323 -0.0181 -0.0184
v  0.0171 -0.0296 -0.0117
v  0.0171 -0.0299 -0.0118
v  0.0173 -0.0297 -0.0117
v  0.0172 -0.0299 -0.0118
v  0.0174 -0.0297 -0.0117
v  0.0174 -0.0299 -0.0118
v  0.0096 -0.0290 -0.0117
v  0.0167 -0.0296 -0.0117
v  0.0129 -0.0291 -0.0117
v  0.0095 -0.0290 -0.0117
v  0.0060 -0.0285 -0.0117
v  0.0023 -0.0286 -0.0117
v  0.0018 -0.0290 -0.0245
v  0.0018 -0.0289 -0.0200
v  -0.0156 -0.0291 -0.0200
v  -0.0245 -0.0293 -0.0199
v  0.0255 -0.0314 -0.0282
v  0.0247 -0.0312 -0.0282
v  0.0146 -0.0297 -0.0282
v  0.0043 -0.0291 -0.0282
v  0.0023 0.0285 -0.0117
v  0.0060 0.0286 -0.0117
v  0.0097 0.0291 -0.0117
v  0.0095 0.0289 -0.0117
v  0.0129 0.0295 -0.0118
v  0.0171 0.0298 -0.0117
v  0.0166 0.0299 -0.0118
v  0.0171 0.0300 -0.0118
v  0.0027 0.0291 -0.0282
v  0.0061 0.0292 -0.0282
v  0.0129 0.0296 -0.0282
v  0.0192 0.0303 -0.0282
v  0.0255 0.0315 -0.0282
v  -0.0245 0.0294 -0.0199
v  -0.0156 0.0292 -0.0200
v  0.0018 0.0290 -0.0200
v  0.0018 0.0290 -0.0202
v  0.0173 0.0300 -0.0118
v  0.0173 0.0298 -0.0117
v  0.0174 0.0300 -0.0118
v  0.0174 0.0298 -0.0117
v  0.1424 0.0000 -0.0276
v  0.0915 0.0366 -0.0282
v  0.0464 0.0371 -0.0282
v  0.0473 0.0371 -0.0282
v  0.0657 0.0371 -0.0282
v  0.0804 0.0370 -0.0282
v  0.0841 0.0369 -0.0282
v  0.1104 -0.0124 -0.0115
v  0.1115 -0.0102 -0.0115
v  0.1097 -0.0115 -0.0127
v  0.1111 -0.0087 -0.0126
v  0.1118 -0.0095 -0.0115
v  0.1115 -0.0075 -0.0125
v  0.1122 -0.0081 -0.0115
v  0.1120 -0.0060 -0.0125
v  0.1128 -0.0056 -0.0115
v  0.1124 -0.0044 -0.0124
v  0.1132 -0.0026 -0.0116
v  0.1128 -0.0011 -0.0122
v  0.1133 0.0001 -0.0116
v  0.1093 -0.0141 -0.0115
v  0.1073 -0.0166 -0.0115
v  0.1074 -0.0148 -0.0128
v  0.1066 -0.0157 -0.0128
v  0.1058 -0.0180 -0.0116
v  0.1050 -0.0172 -0.0127
v  0.1051 -0.0186 -0.0116
v  0.1041 -0.0181 -0.0127
v  0.1036 -0.0197 -0.0116
v  0.1021 -0.0196 -0.0126
v  0.0991 -0.0215 -0.0125
v  0.0991 -0.0224 -0.0116
v  0.1023 -0.0195 -0.0126
v  0.1015 -0.0210 -0.0116
v  0.0888 -0.0254 -0.0125
v  0.0893 -0.0261 -0.0116
v  0.0917 -0.0246 -0.0124
v  0.0931 -0.0249 -0.0116
v  0.0955 -0.0233 -0.0124
v  0.0969 -0.0234 -0.0116
v  0.0843 -0.0263 -0.0126
v  0.0793 -0.0270 -0.0127
v  0.0764 -0.0283 -0.0116
v  0.0852 -0.0270 -0.0116
v  0.0858 -0.0269 -0.0116
v  0.0889 -0.0262 -0.0116
v  0.0610 -0.0289 -0.0128
v  0.0578 -0.0302 -0.0116
v  0.0677 -0.0282 -0.0128
v  0.0667 -0.0294 -0.0116
v  0.0738 -0.0276 -0.0127
v  0.0791 -0.0270 -0.0127
v  0.0539 -0.0294 -0.0128
v  0.0523 -0.0295 -0.0129
v  0.0448 -0.0312 -0.0116
v  0.0462 -0.0300 -0.0129
v  0.0444 -0.0312 -0.0116
v  0.0356 -0.0316 -0.0116
v  0.0391 -0.0304 -0.0128
v  0.0370 -0.0305 -0.0128
v  0.0351 -0.0315 -0.0117
v  0.0333 -0.0303 -0.0129
v  0.0310 -0.0313 -0.0117
v  0.0305 -0.0313 -0.0117
v  0.0278 -0.0299 -0.0129
v  0.0263 -0.0297 -0.0129
v  0.0179 -0.0297 -0.0117
v  0.0464 -0.0370 -0.0282
v  0.0632 -0.0370 -0.0282
v  0.0838 -0.0368 -0.0282
v  0.0871 -0.0367 -0.0282
v  0.0983 -0.0359 -0.0282
v  0.1377 -0.0176 -0.0276
v  0.1424 -0.0007 -0.0276
v  0.1418 -0.0070 -0.0276
v  0.1403 -0.0125 -0.0276
v  0.1344 -0.0219 -0.0276
v  0.1302 -0.0256 -0.0276
v  0.1245 -0.0291 -0.0276
v  0.1101 -0.0340 -0.0276
v  0.1180 -0.0318 -0.0276
v  0.0851 -0.0348 -0.0210
v  0.0886 -0.0364 -0.0271
v  0.0890 -0.0356 -0.0240
v  0.0772 -0.0360 -0.0240
v  0.0764 -0.0368 -0.0271
v  0.0688 -0.0351 -0.0208
v  0.0523 -0.0352 -0.0210
v  0.0537 -0.0360 -0.0238
v  0.0548 -0.0368 -0.0271
v  0.0262 0.0298 -0.0129
v  0.0302 0.0302 -0.0129
v  0.0300 0.0314 -0.0117
v  0.1132 0.0018 -0.0116
v  0.1126 0.0033 -0.0123
v  0.1133 0.0005 -0.0116
v  0.1118 0.0069 -0.0125
v  0.1121 0.0056 -0.0124
v  0.1129 0.0055 -0.0115
v  0.1132 0.0025 -0.0116
v  0.1125 0.0038 -0.0123
v  0.1122 0.0082 -0.0115
v  0.1114 0.0105 -0.0115
v  0.1106 0.0099 -0.0127
v  0.1099 0.0113 -0.0127
v  0.1103 0.0126 -0.0115
v  0.1098 0.0114 -0.0127
v  0.1070 0.0169 -0.0115
v  0.1061 0.0163 -0.0128
v  0.1091 0.0145 -0.0115
v  0.1079 0.0142 -0.0128
v  0.1087 0.0131 -0.0128
v  0.0793 0.0281 -0.0116
v  0.0777 0.0273 -0.0127
v  0.0858 0.0270 -0.0116
v  0.0854 0.0262 -0.0126
v  0.0884 0.0264 -0.0116
v  0.0873 0.0258 -0.0126
v  0.0889 0.0263 -0.0116
v  0.0887 0.0255 -0.0125
v  0.0930 0.0250 -0.0116
v  0.0916 0.0248 -0.0124
v  0.0960 0.0239 -0.0116
v  0.0956 0.0233 -0.0124
v  0.0995 0.0223 -0.0116
v  0.0982 0.0221 -0.0125
v  0.1024 0.0206 -0.0116
v  0.1016 0.0201 -0.0126
v  0.1049 0.0188 -0.0116
v  0.1047 0.0177 -0.0127
v  0.1056 0.0168 -0.0127
v  0.0578 0.0303 -0.0116
v  0.0598 0.0291 -0.0128
v  0.0667 0.0295 -0.0116
v  0.0627 0.0288 -0.0128
v  0.0719 0.0289 -0.0116
v  0.0789 0.0281 -0.0116
v  0.0364 0.0306 -0.0128
v  0.0402 0.0305 -0.0128
v  0.0439 0.0314 -0.0116
v  0.0425 0.0304 -0.0128
v  0.0444 0.0313 -0.0116
v  0.0492 0.0298 -0.0129
v  0.0564 0.0293 -0.0128
v  0.0351 0.0316 -0.0117
v  0.0346 0.0316 -0.0117
v  0.0305 0.0314 -0.0117
v  0.1414 0.0066 -0.0203
v  0.1393 0.0043 -0.0184
v  0.1360 0.0137 -0.0184
v  0.1375 0.0108 -0.0184
v  0.1401 0.0114 -0.0203
v  0.1379 0.0100 -0.0184
v  0.1386 0.0077 -0.0184
v  0.1389 0.0064 -0.0184
v  0.1375 0.0166 -0.0203
v  0.1339 0.0165 -0.0184
v  0.1327 0.0178 -0.0184
v  0.1341 0.0207 -0.0204
v  0.1315 0.0190 -0.0184
v  0.1298 0.0242 -0.0204
v  0.1285 0.0213 -0.0184
v  0.1251 0.0233 -0.0184
v  0.1238 0.0275 -0.0204
v  0.1212 0.0252 -0.0184
v  0.1165 0.0269 -0.0184
v  0.1181 0.0297 -0.0204
v  0.1107 0.0315 -0.0204
v  0.1109 0.0286 -0.0184
v  0.0993 0.0334 -0.0203
v  0.1000 0.0310 -0.0185
v  0.1402 0.0118 -0.0206
v  0.1417 0.0066 -0.0206
v  0.1377 0.0167 -0.0207
v  0.1342 0.0209 -0.0207
v  0.1300 0.0244 -0.0207
v  0.1243 0.0276 -0.0207
v  0.1182 0.0300 -0.0207
v  0.0992 0.0337 -0.0206
v  0.1107 0.0319 -0.0206
v  0.0531 0.0357 -0.0224
v  0.0523 0.0353 -0.0210
v  0.0587 0.0353 -0.0210
v  0.0850 0.0349 -0.0210
v  0.0851 0.0359 -0.0240
v  0.0735 0.0369 -0.0271
v  0.0548 0.0369 -0.0271
v  0.0538 0.0362 -0.0239
v  0.0859 0.0367 -0.0271
v  0.0956 0.0360 -0.0271
v  0.0444 -0.0315 -0.0117
v  0.0832 -0.0276 -0.0116
v  0.0853 -0.0272 -0.0116
v  0.0889 -0.0264 -0.0116
v  0.0757 -0.0286 -0.0116
v  0.0764 -0.0285 -0.0116
v  0.0448 -0.0314 -0.0117
v  0.0529 -0.0308 -0.0116
v  0.0599 -0.0302 -0.0116
v  0.0650 -0.0298 -0.0116
v  0.0998 -0.0306 -0.0182
v  0.0996 -0.0303 -0.0178
v  0.0925 -0.0314 -0.0178
v  0.0835 -0.0325 -0.0178
v  0.0835 -0.0330 -0.0185
v  0.0900 -0.0324 -0.0185
v  0.0351 -0.0318 -0.0117
v  0.0356 -0.0318 -0.0117
v  0.0688 -0.0347 -0.0203
v  0.0687 -0.0349 -0.0205
v  0.0850 -0.0345 -0.0204
v  0.0870 -0.0343 -0.0203
v  0.0850 -0.0344 -0.0203
v  0.0850 -0.0346 -0.0206
v  0.0519 -0.0349 -0.0202
v  0.0520 -0.0350 -0.0204
v  0.0521 -0.0350 -0.0206
v  0.0506 -0.0342 -0.0185
v  0.0685 -0.0339 -0.0185
v  0.0754 -0.0336 -0.0185
v  0.0808 -0.0332 -0.0185
v  0.0500 -0.0339 -0.0178
v  0.0623 -0.0336 -0.0178
v  0.0682 -0.0334 -0.0178
v  0.0800 -0.0328 -0.0178
v  0.1134 0.0001 -0.0115
v  0.1133 -0.0026 -0.0115
v  0.1131 -0.0050 -0.0115
v  0.1128 -0.0066 -0.0115
v  0.1124 -0.0081 -0.0115
v  0.1119 -0.0096 -0.0115
v  0.1112 -0.0111 -0.0115
v  0.1101 -0.0133 -0.0115
v  0.1092 -0.0146 -0.0115
v  0.1070 -0.0170 -0.0115
v  0.1060 -0.0180 -0.0115
v  0.1052 -0.0186 -0.0115
v  0.1026 -0.0206 -0.0115
v  0.0991 -0.0226 -0.0115
v  0.0981 -0.0230 -0.0116
v  0.0893 -0.0263 -0.0116
v  0.0924 -0.0253 -0.0116
v  0.0954 -0.0242 -0.0116
v  0.0970 -0.0235 -0.0116
v  0.0454 -0.0319 -0.0127
v  0.1392 0.0000 -0.0182
v  0.1392 -0.0013 -0.0182
v  0.1390 0.0000 -0.0181
v  0.1387 0.0000 -0.0181
v  0.1385 -0.0035 -0.0181
v  0.1369 -0.0111 -0.0182
v  0.1385 -0.0063 -0.0182
v  0.1283 -0.0208 -0.0182
v  0.1323 -0.0175 -0.0182
v  0.1354 -0.0138 -0.0182
v  0.1250 -0.0228 -0.0182
v  0.1186 -0.0257 -0.0182
v  0.1108 -0.0281 -0.0182
v  0.1128 -0.0272 -0.0179
v  0.1287 -0.0200 -0.0180
v  0.1257 -0.0219 -0.0180
v  0.1255 -0.0220 -0.0180
v  0.1220 -0.0238 -0.0179
v  0.1176 -0.0256 -0.0179
v  0.1335 -0.0156 -0.0180
v  0.1315 -0.0177 -0.0180
v  0.1336 -0.0154 -0.0180
v  0.1355 -0.0127 -0.0180
v  0.1364 -0.0110 -0.0180
v  0.1370 -0.0098 -0.0180
v  0.1379 -0.0070 -0.0181
v  0.1380 -0.0064 -0.0181
v  0.0416 0.0360 -0.0282
v  0.0425 0.0364 -0.0282
v  0.0264 0.0317 -0.0282
v  0.0298 0.0324 -0.0282
v  0.0362 0.0341 -0.0282
v  0.0371 0.0344 -0.0282
v  0.0385 0.0349 -0.0282
v  0.0406 0.0357 -0.0282
v  0.0133 0.0296 -0.0241
v  0.0190 0.0303 -0.0239
v  0.0249 0.0313 -0.0249
v  0.0240 0.0311 -0.0219
v  0.0231 0.0310 -0.0201
v  0.0176 0.0301 -0.0196
v  0.0224 0.0308 -0.0187
v  0.0199 0.0304 -0.0150
v  0.0111 0.0293 -0.0156
v  0.0124 0.0295 -0.0198
v  0.0239 0.0309 -0.0117
v  0.0273 0.0313 -0.0117
v  0.0305 0.0316 -0.0117
v  0.0300 0.0316 -0.0117
v  0.0461 0.0369 -0.0271
v  0.0505 0.0369 -0.0271
v  0.0434 0.0366 -0.0282
v  0.0340 0.0335 -0.0270
v  0.0312 0.0323 -0.0153
v  0.0330 0.0326 -0.0153
v  0.0276 0.0316 -0.0154
v  0.0348 0.0334 -0.0195
v  0.0333 0.0332 -0.0244
v  0.0309 0.0325 -0.0196
v  0.0383 0.0348 -0.0268
v  0.0404 0.0355 -0.0268
v  0.0413 0.0358 -0.0245
v  0.0417 0.0359 -0.0254
v  0.0414 0.0359 -0.0269
v  0.0388 0.0346 -0.0202
v  0.0405 0.0353 -0.0228
v  0.0405 0.0355 -0.0242
v  0.0379 0.0341 -0.0190
v  0.0376 0.0342 -0.0195
v  0.0366 0.0336 -0.0175
v  0.0367 0.0339 -0.0194
v  0.0337 0.0325 -0.0145
v  0.0395 0.0351 -0.0242
v  0.0374 0.0344 -0.0242
v  0.1389 0.0011 -0.0181
v  0.1383 0.0064 -0.0181
v  0.1385 0.0036 -0.0181
v  0.1381 0.0063 -0.0180
v  0.1321 0.0175 -0.0181
v  0.1334 0.0157 -0.0180
v  0.1352 0.0138 -0.0181
v  0.1355 0.0128 -0.0180
v  0.1367 0.0111 -0.0181
v  0.1369 0.0100 -0.0180
v  0.1379 0.0069 -0.0180
v  0.1281 0.0208 -0.0181
v  0.1309 0.0183 -0.0180
v  0.1319 0.0174 -0.0180
v  0.1248 0.0228 -0.0181
v  0.1255 0.0221 -0.0180
v  0.1280 0.0206 -0.0180
v  0.1106 0.0281 -0.0180
v  0.1105 0.0279 -0.0179
v  0.1151 0.0266 -0.0179
v  0.1184 0.0256 -0.0180
v  0.1202 0.0247 -0.0179
v  0.1248 0.0225 -0.0180
v  0.0996 0.0305 -0.0180
v  0.0996 0.0304 -0.0178
v  0.1108 0.0282 -0.0182
v  0.0998 0.0307 -0.0182
v  0.0999 0.0308 -0.0183
v  0.1283 0.0209 -0.0182
v  0.1250 0.0229 -0.0182
v  0.1186 0.0258 -0.0182
v  0.1323 0.0176 -0.0182
v  0.1369 0.0112 -0.0182
v  0.1354 0.0139 -0.0182
v  0.1385 0.0064 -0.0182
v  0.1392 0.0011 -0.0182
v  0.0835 0.0331 -0.0185
v  0.0835 0.0330 -0.0183
v  0.0835 0.0329 -0.0182
v  0.0835 0.0326 -0.0178
v  0.0835 0.0327 -0.0180
v  0.0708 0.0339 -0.0185
v  0.0714 0.0334 -0.0178
v  0.0500 0.0340 -0.0178
v  0.0537 0.0339 -0.0178
v  0.0506 0.0343 -0.0185
v  0.0623 0.0337 -0.0178
v  0.0689 0.0335 -0.0178
v  0.0637 0.0351 -0.0206
v  0.0519 0.0350 -0.0202
v  0.0850 0.0345 -0.0203
v  0.0521 0.0351 -0.0206
v  0.0850 0.0347 -0.0206
v  0.0494 0.0361 -0.0239
v  0.0436 0.0352 -0.0210
v  0.0488 0.0357 -0.0224
v  0.0449 0.0359 -0.0234
v  0.0460 0.0367 -0.0264
v  0.0310 0.0317 -0.0117
v  0.0351 0.0319 -0.0117
v  0.0413 0.0340 -0.0179
v  0.0400 0.0344 -0.0191
v  0.0397 0.0334 -0.0161
v  0.0388 0.0330 -0.0152
v  0.0381 0.0328 -0.0145
v  0.0427 0.0358 -0.0234
v  0.0437 0.0364 -0.0258
v  0.0422 0.0345 -0.0190
v  0.0889 0.0265 -0.0116
v  0.0930 0.0252 -0.0116
v  0.0960 0.0241 -0.0116
v  0.0982 0.0231 -0.0116
v  0.0997 0.0224 -0.0115
v  0.1025 0.0208 -0.0115
v  0.1038 0.0199 -0.0115
v  0.1049 0.0190 -0.0115
v  0.1080 0.0161 -0.0115
v  0.1060 0.0181 -0.0115
v  0.1057 0.0184 -0.0115
v  0.1118 0.0099 -0.0115
v  0.1111 0.0114 -0.0115
v  0.1100 0.0135 -0.0115
v  0.1092 0.0146 -0.0115
v  0.1134 0.0005 -0.0115
v  0.1134 0.0021 -0.0115
v  0.1133 0.0037 -0.0115
v  0.1129 0.0061 -0.0115
v  0.1123 0.0084 -0.0115
v  0.0781 0.0284 -0.0116
v  0.0771 0.0285 -0.0116
v  0.0757 0.0287 -0.0116
v  0.0650 0.0299 -0.0116
v  0.0599 0.0303 -0.0116
v  0.0529 0.0309 -0.0116
v  0.0444 0.0316 -0.0117
v  0.0885 0.0266 -0.0116
v  0.0853 0.0273 -0.0116
v  0.0832 0.0277 -0.0116
v  0.0439 0.0316 -0.0117
v  0.0484 0.0332 -0.0160
v  0.0305 -0.0315 -0.0117
v  0.0273 -0.0312 -0.0117
v  0.0179 -0.0300 -0.0118
v  0.0132 -0.0295 -0.0241
v  0.0247 -0.0312 -0.0241
v  0.0250 -0.0313 -0.0250
v  0.0111 -0.0292 -0.0157
v  0.0202 -0.0303 -0.0154
v  0.0123 -0.0294 -0.0198
v  0.0225 -0.0307 -0.0189
v  0.0239 -0.0310 -0.0218
v  0.0342 -0.0335 -0.0282
v  0.0425 -0.0363 -0.0282
v  0.0417 -0.0360 -0.0282
v  0.0384 -0.0347 -0.0282
v  0.0358 -0.0339 -0.0282
v  0.0378 -0.0326 -0.0142
v  0.0397 -0.0333 -0.0161
v  0.0412 -0.0339 -0.0178
v  0.0422 -0.0344 -0.0190
v  0.0436 -0.0351 -0.0210
v  0.0477 -0.0351 -0.0210
v  0.0481 -0.0351 -0.0210
v  0.0310 -0.0316 -0.0117
v  0.0394 -0.0347 -0.0210
v  0.0379 -0.0340 -0.0190
v  0.0363 -0.0337 -0.0190
v  0.0371 -0.0342 -0.0234
v  0.0330 -0.0331 -0.0236
v  0.0411 -0.0357 -0.0260
v  0.0401 -0.0353 -0.0259
v  0.0380 -0.0346 -0.0259
v  0.0274 -0.0315 -0.0152
v  0.0306 -0.0323 -0.0192
v  0.0344 -0.0332 -0.0190
v  0.0371 -0.0337 -0.0180
v  0.0340 -0.0325 -0.0148
v  0.0328 -0.0324 -0.0151
v  0.0310 -0.0321 -0.0152
v  0.0391 -0.0349 -0.0234
v  0.0401 -0.0352 -0.0235
v  0.0410 -0.0355 -0.0238
v  0.0420 -0.0360 -0.0263
v  0.0455 -0.0369 -0.0282
v  0.0631 -0.0369 -0.0276
v  0.0838 -0.0367 -0.0276
v  0.0917 -0.0363 -0.0276
v  0.0461 -0.0367 -0.0271
v  0.0438 -0.0352 -0.0214
v  0.0449 -0.0358 -0.0234
v  0.0450 -0.0359 -0.0238
v  0.0451 -0.0360 -0.0239
v  0.0427 -0.0357 -0.0234
v  0.0399 -0.0343 -0.0190
v  0.0437 -0.0363 -0.0258
v  -0.0586 0.0031 -0.0137
v  -0.0566 0.0105 -0.0138
v  -0.0574 0.0083 -0.0138
v  -0.0579 0.0065 -0.0138
v  -0.0583 0.0051 -0.0137
v  -0.0561 0.0116 -0.0137
v  -0.0557 0.0124 -0.0137
v  -0.0544 0.0146 -0.0137
v  -0.0538 0.0154 -0.0137
v  -0.0532 0.0163 -0.0137
v  -0.0520 0.0176 -0.0137
v  -0.0509 0.0187 -0.0137
v  -0.0500 0.0195 -0.0137
v  -0.0483 0.0208 -0.0137
v  -0.0476 0.0214 -0.0136
v  -0.0454 0.0227 -0.0136
v  -0.0444 0.0232 -0.0136
v  -0.0419 0.0243 -0.0136
v  -0.0411 0.0246 -0.0136
v  -0.0361 0.0259 -0.0135
v  -0.0240 0.0267 -0.0133
v  -0.0300 0.0265 -0.0134
v  -0.0322 0.0264 -0.0134
v  -0.0334 0.0263 -0.0135
v  -0.0055 0.0270 -0.0131
v  -0.0165 0.0267 -0.0133
v  0.0020 0.0272 -0.0130
v  0.0061 0.0274 -0.0130
v  0.0092 0.0276 -0.0129
v  -0.0252 -0.0266 -0.0133
v  -0.0287 -0.0265 -0.0134
v  -0.0317 -0.0263 -0.0134
v  -0.0362 -0.0258 -0.0135
v  0.0036 -0.0271 -0.0130
v  -0.0026 -0.0270 -0.0131
v  -0.0116 -0.0268 -0.0132
v  -0.0222 -0.0266 -0.0133
v  0.0049 -0.0272 -0.0130
v  0.0091 -0.0275 -0.0129
v  0.0169 -0.0285 -0.0129
v  0.0170 -0.0285 -0.0129
v  -0.0399 -0.0249 -0.0136
v  -0.0401 -0.0248 -0.0136
v  -0.0427 -0.0239 -0.0136
v  -0.0459 -0.0223 -0.0136
v  -0.0477 -0.0212 -0.0136
v  -0.0500 -0.0194 -0.0137
v  -0.0505 -0.0190 -0.0137
v  -0.0528 -0.0166 -0.0137
v  -0.0540 -0.0151 -0.0137
v  -0.0558 -0.0122 -0.0137
v  -0.0566 -0.0104 -0.0138
v  -0.0571 -0.0090 -0.0138
v  -0.0578 -0.0069 -0.0138
v  -0.0583 -0.0050 -0.0137
v  -0.0585 -0.0035 -0.0137
v  0.0232 0.0305 -0.0338
v  0.0258 0.0310 -0.0338
v  0.0258 0.0000 -0.0338
v  -0.0066 0.0001 -0.0338
v  -0.0066 0.0288 -0.0338
v  -0.0024 0.0287 -0.0338
v  0.0145 0.0292 -0.0338
v  -0.0066 -0.0287 -0.0338
v  -0.0024 -0.0286 -0.0338
v  -0.0003 -0.0286 -0.0338
v  -0.0003 0.0287 -0.0338
v  0.0018 -0.0285 -0.0338
v  0.0018 0.0286 -0.0338
v  0.0139 -0.0291 -0.0338
v  0.0232 -0.0304 -0.0338
v  0.0258 -0.0309 -0.0338
v  0.0581 0.0367 -0.0285
v  0.0361 -0.0335 -0.0285
v  0.0415 -0.0354 -0.0285
v  0.0568 0.0367 -0.0285
v  0.0478 0.0367 -0.0285
v  0.0465 0.0367 -0.0285
v  0.0327 0.0326 -0.0285
v  0.0356 0.0335 -0.0285
v  0.0378 0.0341 -0.0285
v  0.0271 0.0313 -0.0285
v  0.0257 0.0310 -0.0285
v  0.0309 -0.0321 -0.0285
v  0.0192 0.0298 -0.0285
v  0.0257 -0.0309 -0.0285
v  0.0243 -0.0306 -0.0285
v  0.0428 -0.0359 -0.0285
v  0.0451 -0.0365 -0.0285
v  0.0465 -0.0366 -0.0285
v  0.1198 0.0309 -0.0285
v  0.1191 0.0312 -0.0285
v  0.0978 -0.0356 -0.0285
v  0.1184 0.0314 -0.0285
v  0.1178 0.0317 -0.0285
v  0.0441 0.0364 -0.0285
v  0.0428 0.0360 -0.0285
v  0.0187 -0.0297 -0.0285
v  0.0146 0.0293 -0.0285
v  0.0130 -0.0290 -0.0285
v  0.0089 0.0288 -0.0285
v  0.0092 -0.0287 -0.0285
v  0.1217 0.0301 -0.0285
v  0.1211 0.0304 -0.0285
v  0.1204 0.0307 -0.0285
v  0.0991 0.0355 -0.0285
v  0.0910 0.0362 -0.0285
v  0.0821 -0.0365 -0.0285
v  0.0555 -0.0366 -0.0285
v  0.0568 -0.0366 -0.0285
v  0.0805 0.0367 -0.0285
v  0.0847 0.0365 -0.0285
v  0.0018 -0.0285 -0.0285
v  0.0032 0.0286 -0.0285
v  0.0018 0.0286 -0.0285
v  0.1107 0.0336 -0.0285
v  0.1056 0.0347 -0.0285
v  0.1004 0.0354 -0.0285
v  0.1237 0.0292 -0.0285
v  0.1230 0.0296 -0.0285
v  0.1224 0.0298 -0.0285
v  0.1171 0.0319 -0.0285
v  0.1118 0.0334 -0.0285
v  -0.0242 -0.0290 -0.0285
v  -0.0186 -0.0288 -0.0285
v  -0.0116 0.0287 -0.0285
v  -0.0130 -0.0287 -0.0285
v  -0.0101 0.0287 -0.0285
v  -0.0116 -0.0286 -0.0285
v  0.0004 -0.0285 -0.0285
v  -0.0333 -0.0294 -0.0285
v  -0.0353 0.0295 -0.0285
v  -0.0359 0.0294 -0.0285
v  -0.0319 0.0294 -0.0285
v  -0.0333 0.0295 -0.0285
v  -0.0347 0.0295 -0.0285
v  0.1296 -0.0256 -0.0285
v  0.1301 -0.0252 -0.0285
v  0.1243 0.0289 -0.0285
v  0.1304 -0.0250 -0.0285
v  0.1249 0.0286 -0.0285
v  -0.0365 0.0294 -0.0285
v  -0.0371 0.0294 -0.0285
v  -0.0383 0.0293 -0.0285
v  -0.0389 0.0292 -0.0285
v  -0.0395 0.0291 -0.0285
v  -0.0401 0.0291 -0.0285
v  0.0991 -0.0354 -0.0285
v  0.1056 -0.0346 -0.0285
v  0.1093 -0.0339 -0.0285
v  -0.0413 0.0288 -0.0285
v  -0.0419 0.0287 -0.0285
v  -0.0425 0.0286 -0.0285
v  0.1310 -0.0246 -0.0285
v  0.1315 -0.0241 -0.0285
v  0.1318 -0.0239 -0.0285
v  0.1144 -0.0326 -0.0285
v  0.1195 -0.0310 -0.0285
v  0.1207 -0.0305 -0.0285
v  -0.0649 0.0033 -0.0285
v  -0.0651 0.0015 -0.0285
v  0.1246 -0.0287 -0.0285
v  0.1272 -0.0272 -0.0285
v  0.1323 -0.0234 -0.0285
v  0.1329 -0.0229 -0.0285
v  0.1334 -0.0224 -0.0285
v  0.1390 -0.0142 -0.0285
v  0.1392 -0.0139 -0.0285
v  -0.0636 0.0090 -0.0285
v  -0.0641 0.0071 -0.0285
v  -0.0648 0.0037 -0.0285
v  0.1402 -0.0112 -0.0285
v  0.1404 -0.0106 -0.0285
v  -0.0549 0.0221 -0.0285
v  -0.0574 0.0197 -0.0285
v  -0.0582 0.0188 -0.0285
v  -0.0596 0.0170 -0.0285
v  0.1400 -0.0119 -0.0285
v  -0.0615 0.0139 -0.0285
v  -0.0630 0.0104 -0.0285
v  -0.0569 -0.0202 -0.0285
v  -0.0560 -0.0210 -0.0285
v  -0.0526 -0.0239 -0.0285
v  -0.0510 -0.0249 -0.0285
v  -0.0476 -0.0267 -0.0285
v  -0.0459 -0.0275 -0.0285
v  -0.0428 -0.0284 -0.0285
v  0.1336 -0.0221 -0.0285
v  0.1341 -0.0216 -0.0285
v  0.1346 -0.0211 -0.0285
v  -0.0431 0.0285 -0.0285
v  -0.0446 0.0280 -0.0285
v  -0.0464 0.0274 -0.0285
v  -0.0404 -0.0289 -0.0285
v  -0.0347 -0.0294 -0.0285
v  0.1379 -0.0165 -0.0285
v  0.1381 -0.0161 -0.0285
v  -0.0496 0.0258 -0.0285
v  -0.0520 0.0243 -0.0285
v  -0.0645 -0.0057 -0.0285
v  -0.0625 -0.0117 -0.0285
v  -0.0651 0.0001 -0.0285
v  -0.0604 -0.0156 -0.0285
v  -0.0597 -0.0167 -0.0285
v  0.1395 -0.0132 -0.0285
v  0.1397 -0.0126 -0.0285
v  0.1255 0.0283 -0.0285
v  0.1367 0.0184 -0.0285
v  0.1362 0.0192 -0.0285
v  0.1351 -0.0206 -0.0285
v  0.1353 -0.0203 -0.0285
v  0.1357 -0.0197 -0.0285
v  0.1384 -0.0155 -0.0285
v  0.1387 -0.0149 -0.0285
v  0.1406 -0.0099 -0.0285
v  0.1413 -0.0071 -0.0285
v  0.1418 -0.0031 -0.0285
v  0.1418 -0.0014 -0.0285
v  0.1419 0.0000 -0.0285
v  0.1417 0.0040 -0.0285
v  0.1362 -0.0192 -0.0285
v  0.1366 -0.0186 -0.0285
v  0.1368 -0.0183 -0.0285
v  0.1399 0.0123 -0.0285
v  0.1385 0.0154 -0.0285
v  0.1378 0.0168 -0.0285
v  0.1339 0.0220 -0.0285
v  0.1312 0.0245 -0.0285
v  0.1280 0.0268 -0.0285
v  0.1413 0.0067 -0.0285
v  0.1411 0.0079 -0.0285
v  0.1409 0.0089 -0.0285
v  0.1372 -0.0177 -0.0285
v  0.1376 -0.0171 -0.0285
v  -0.0122 -0.0283 -0.0354
v  -0.0148 -0.0284 -0.0354
v  -0.0122 0.0001 -0.0354
v  -0.0122 0.0284 -0.0354
v  -0.0300 0.0289 -0.0354
v  -0.0201 -0.0285 -0.0354
v  -0.0307 -0.0288 -0.0354
v  -0.0360 -0.0289 -0.0354
v  -0.0375 -0.0288 -0.0354
v  -0.0396 -0.0286 -0.0354
v  -0.0480 -0.0262 -0.0354
v  -0.0510 -0.0245 -0.0354
v  -0.0526 -0.0234 -0.0354
v  -0.0536 -0.0227 -0.0354
v  -0.0595 -0.0164 -0.0354
v  -0.0602 -0.0153 -0.0354
v  -0.0563 -0.0203 -0.0354
v  -0.0586 -0.0176 -0.0354
v  -0.0432 -0.0279 -0.0354
v  -0.0465 -0.0268 -0.0354
v  -0.0637 -0.0076 -0.0354
v  -0.0643 -0.0051 -0.0354
v  -0.0646 -0.0032 -0.0354
v  -0.0643 0.0053 -0.0354
v  -0.0640 0.0067 -0.0354
v  -0.0628 0.0102 -0.0354
v  -0.0623 0.0114 -0.0354
v  -0.0561 0.0206 -0.0354
v  -0.0526 0.0235 -0.0354
v  -0.0504 0.0249 -0.0354
v  -0.0478 0.0264 -0.0354
v  -0.0445 0.0276 -0.0354
v  -0.0430 0.0281 -0.0354
v  -0.0375 0.0289 -0.0354
v  -0.0613 -0.0134 -0.0354
v  -0.0628 -0.0101 -0.0354
v  -0.0649 0.0000 -0.0354
v  -0.0647 0.0027 -0.0354
v  -0.0602 0.0155 -0.0354
v  -0.0567 0.0199 -0.0354
v  0.0469 0.0366 -0.0354
v  0.0495 0.0366 -0.0354
v  0.0531 -0.0366 -0.0354
v  0.0558 -0.0366 -0.0354
v  0.0469 -0.0365 -0.0354
v  0.0438 0.0000 -0.0354
v  0.0457 -0.0364 -0.0354
v  0.0438 -0.0358 -0.0354
v  0.0453 0.0364 -0.0354
v  0.0438 0.0359 -0.0354
v  0.0558 0.0367 -0.0354
v  0.0584 0.0368 -0.0354
v  0.0667 -0.0367 -0.0354
v  0.0667 0.0368 -0.0354
v  0.0719 -0.0368 -0.0354
v  0.0688 0.0369 -0.0354
v  0.1410 -0.0056 -0.0354
v  0.1410 -0.0060 -0.0354
v  0.1302 -0.0250 -0.0354
v  0.1297 -0.0254 -0.0354
v  0.1294 -0.0256 -0.0354
v  0.1291 -0.0258 -0.0354
v  0.1414 0.0015 -0.0354
v  0.1414 0.0008 -0.0354
v  0.1414 0.0000 -0.0354
v  0.1414 -0.0006 -0.0354
v  0.1414 -0.0013 -0.0354
v  0.1408 0.0072 -0.0354
v  0.1409 0.0067 -0.0354
v  0.1409 0.0063 -0.0354
v  0.1410 0.0058 -0.0354
v  0.1411 0.0053 -0.0354
v  0.1411 0.0048 -0.0354
v  0.1412 0.0044 -0.0354
v  0.1413 -0.0026 -0.0354
v  0.1412 -0.0033 -0.0354
v  0.1412 -0.0040 -0.0354
v  0.1411 -0.0046 -0.0354
v  0.1410 -0.0053 -0.0354
v  0.1409 -0.0066 -0.0354
v  0.1408 -0.0069 -0.0354
v  0.1407 -0.0076 -0.0354
v  0.1286 -0.0262 -0.0354
v  0.1283 -0.0264 -0.0354
v  0.1272 -0.0271 -0.0354
v  0.0965 -0.0358 -0.0354
v  0.0860 -0.0364 -0.0354
v  0.0756 -0.0367 -0.0354
v  0.0793 0.0368 -0.0354
v  0.1281 0.0266 -0.0354
v  0.1285 0.0263 -0.0354
v  0.1401 -0.0102 -0.0354
v  0.1399 -0.0108 -0.0354
v  0.1398 -0.0112 -0.0354
v  0.1343 -0.0211 -0.0354
v  0.1341 -0.0213 -0.0354
v  0.1336 -0.0218 -0.0354
v  0.1334 -0.0220 -0.0354
v  0.1312 -0.0241 -0.0354
v  0.1310 -0.0244 -0.0354
v  0.1305 -0.0248 -0.0354
v  0.0991 0.0356 -0.0354
v  0.1018 0.0353 -0.0354
v  0.1174 0.0318 -0.0354
v  0.1203 0.0307 -0.0354
v  0.1232 0.0294 -0.0354
v  0.1382 -0.0152 -0.0354
v  0.1379 -0.0158 -0.0354
v  0.1377 -0.0161 -0.0354
v  0.1085 -0.0341 -0.0354
v  0.1055 -0.0347 -0.0354
v  0.0991 -0.0355 -0.0354
v  0.1412 0.0034 -0.0354
v  0.1413 0.0025 -0.0354
v  0.1406 -0.0079 -0.0354
v  0.1405 -0.0086 -0.0354
v  0.1404 -0.0089 -0.0354
v  0.0892 0.0364 -0.0354
v  0.1064 0.0346 -0.0354
v  0.1095 0.0340 -0.0354
v  0.1170 0.0320 -0.0354
v  0.1123 0.0334 -0.0354
v  0.1245 0.0288 -0.0354
v  0.1277 0.0269 -0.0354
v  0.1402 -0.0096 -0.0354
v  0.1401 -0.0099 -0.0354
v  0.1396 -0.0118 -0.0354
v  0.1395 -0.0121 -0.0354
v  0.1392 -0.0127 -0.0354
v  0.1354 -0.0198 -0.0354
v  0.1349 -0.0203 -0.0354
v  0.1347 -0.0205 -0.0354
v  0.1325 -0.0230 -0.0354
v  0.1320 -0.0235 -0.0354
v  0.1317 -0.0237 -0.0354
v  0.1405 0.0086 -0.0354
v  0.1406 0.0081 -0.0354
v  0.1407 0.0077 -0.0354
v  0.1374 -0.0167 -0.0354
v  0.1372 -0.0170 -0.0354
v  0.1369 -0.0175 -0.0354
v  0.1262 -0.0277 -0.0354
v  0.1225 -0.0297 -0.0354
v  0.1219 -0.0300 -0.0354
v  0.1175 -0.0317 -0.0354
v  0.1137 -0.0329 -0.0354
v  0.1391 -0.0131 -0.0354
v  0.1388 -0.0137 -0.0354
v  0.1387 -0.0140 -0.0354
v  0.1367 -0.0178 -0.0354
v  0.1363 -0.0184 -0.0354
v  0.1361 -0.0187 -0.0354
v  0.1359 -0.0189 -0.0354
v  0.1356 -0.0195 -0.0354
v  0.1332 -0.0223 -0.0354
v  0.1327 -0.0228 -0.0354
v  0.1384 -0.0146 -0.0354
v  0.1383 -0.0149 -0.0354
v  0.1401 0.0100 -0.0354
v  0.1403 0.0095 -0.0354
v  0.1404 0.0091 -0.0354
v  0.1289 0.0261 -0.0354
v  0.1293 0.0258 -0.0354
v  0.1301 0.0252 -0.0354
v  0.1304 0.0249 -0.0354
v  0.1308 0.0246 -0.0354
v  0.1312 0.0243 -0.0354
v  0.1397 0.0114 -0.0354
v  0.1399 0.0109 -0.0354
v  0.1400 0.0104 -0.0354
v  0.1315 0.0240 -0.0354
v  0.1319 0.0237 -0.0354
v  0.1322 0.0233 -0.0354
v  0.1393 0.0127 -0.0354
v  0.1394 0.0123 -0.0354
v  0.1396 0.0118 -0.0354
v  0.1326 0.0230 -0.0354
v  0.1329 0.0227 -0.0354
v  0.1332 0.0223 -0.0354
v  0.1387 0.0140 -0.0354
v  0.1389 0.0136 -0.0354
v  0.1391 0.0132 -0.0354
v  0.1336 0.0220 -0.0354
v  0.1339 0.0216 -0.0354
v  0.1342 0.0213 -0.0354
v  0.1381 0.0153 -0.0354
v  0.1383 0.0149 -0.0354
v  0.1385 0.0145 -0.0354
v  0.1345 0.0209 -0.0354
v  0.1348 0.0205 -0.0354
v  0.1351 0.0202 -0.0354
v  0.1375 0.0166 -0.0354
v  0.1377 0.0162 -0.0354
v  0.1379 0.0158 -0.0354
v  0.1368 0.0178 -0.0354
v  0.1370 0.0174 -0.0354
v  0.1372 0.0170 -0.0354
v  0.1354 0.0198 -0.0354
v  0.1357 0.0194 -0.0354
v  0.1360 0.0190 -0.0354
v  0.1362 0.0186 -0.0354
v  0.1365 0.0182 -0.0354
v  0.0568 0.0372 -0.0290
v  0.0555 0.0372 -0.0290
v  0.0465 0.0372 -0.0290
v  0.0992 0.0360 -0.0289
v  0.0979 0.0362 -0.0289
v  0.0926 0.0366 -0.0289
v  0.0825 0.0371 -0.0289
v  0.0716 0.0373 -0.0289
v  0.0451 0.0371 -0.0290
v  0.0426 0.0365 -0.0290
v  0.1058 0.0351 -0.0289
v  0.1084 0.0347 -0.0289
v  0.1110 0.0341 -0.0289
v  0.1160 0.0328 -0.0290
v  0.1173 0.0324 -0.0290
v  0.0256 0.0315 -0.0290
v  0.0308 0.0327 -0.0290
v  0.0359 0.0341 -0.0290
v  0.0413 0.0359 -0.0290
v  0.1424 0.0000 -0.0290
v  0.1423 0.0015 -0.0290
v  0.1423 0.0018 -0.0290
v  0.1423 0.0022 -0.0290
v  0.1423 0.0025 -0.0290
v  0.1423 0.0029 -0.0290
v  0.1422 0.0033 -0.0290
v  0.1422 0.0036 -0.0290
v  0.1422 0.0040 -0.0290
v  0.1422 0.0043 -0.0290
v  0.1421 0.0047 -0.0290
v  0.1421 0.0050 -0.0290
v  0.1419 0.0065 -0.0290
v  0.1415 0.0084 -0.0290
v  0.1405 0.0120 -0.0290
v  0.1396 0.0144 -0.0290
v  0.1379 0.0175 -0.0290
v  0.1367 0.0194 -0.0290
v  0.1359 0.0204 -0.0290
v  0.1235 0.0299 -0.0290
v  0.1214 0.0308 -0.0290
v  0.1252 0.0290 -0.0290
v  0.1344 0.0221 -0.0290
v  0.1331 0.0234 -0.0290
v  0.1318 0.0246 -0.0290
v  0.1289 0.0268 -0.0290
v  0.1260 0.0286 -0.0290
v  0.0018 0.0291 -0.0290
v  0.0091 0.0293 -0.0290
v  0.0130 0.0296 -0.0290
v  0.0154 0.0298 -0.0290
v  0.0186 0.0303 -0.0290
v  0.0242 0.0312 -0.0290
v  0.1381 -0.0171 -0.0290
v  0.1273 -0.0278 -0.0290
v  0.1209 -0.0309 -0.0290
v  0.1222 -0.0304 -0.0290
v  0.1235 -0.0298 -0.0290
v  0.1297 -0.0262 -0.0290
v  0.1308 -0.0254 -0.0290
v  0.1351 -0.0213 -0.0290
v  0.1331 -0.0233 -0.0290
v  0.1325 -0.0239 -0.0290
v  0.1373 -0.0185 -0.0290
v  0.1395 -0.0145 -0.0290
v  0.1405 -0.0119 -0.0290
v  0.1392 -0.0152 -0.0290
v  0.1415 -0.0085 -0.0290
v  0.1416 -0.0079 -0.0290
v  0.1418 -0.0066 -0.0290
v  0.1422 -0.0040 -0.0290
v  0.0004 0.0291 -0.0290
v  -0.0116 0.0292 -0.0290
v  0.1057 -0.0350 -0.0289
v  0.1005 -0.0358 -0.0289
v  0.0992 -0.0359 -0.0289
v  0.1109 -0.0340 -0.0289
v  0.1160 -0.0327 -0.0290
v  -0.0130 0.0293 -0.0290
v  -0.0333 0.0300 -0.0290
v  0.0792 -0.0371 -0.0289
v  0.0686 -0.0372 -0.0289
v  0.0581 -0.0371 -0.0290
v  0.0568 -0.0371 -0.0290
v  0.0844 -0.0369 -0.0289
v  0.0897 -0.0367 -0.0289
v  -0.0656 0.0001 -0.0290
v  -0.0654 0.0035 -0.0290
v  -0.0646 0.0071 -0.0290
v  -0.0640 0.0092 -0.0290
v  -0.0626 0.0128 -0.0290
v  -0.0621 0.0137 -0.0290
v  -0.0609 0.0158 -0.0290
v  -0.0603 0.0168 -0.0290
v  -0.0586 0.0191 -0.0290
v  -0.0582 0.0196 -0.0290
v  -0.0564 0.0214 -0.0290
v  -0.0536 0.0238 -0.0290
v  -0.0524 0.0247 -0.0290
v  -0.0493 0.0266 -0.0290
v  -0.0474 0.0275 -0.0290
v  -0.0460 0.0280 -0.0290
v  -0.0438 0.0288 -0.0290
v  -0.0427 0.0291 -0.0290
v  -0.0405 0.0295 -0.0290
v  -0.0390 0.0297 -0.0290
v  -0.0387 0.0297 -0.0290
v  -0.0383 0.0298 -0.0290
v  -0.0376 0.0298 -0.0290
v  -0.0380 0.0298 -0.0290
v  -0.0369 0.0299 -0.0290
v  -0.0373 0.0299 -0.0290
v  -0.0362 0.0299 -0.0290
v  -0.0365 0.0299 -0.0290
v  -0.0348 0.0300 -0.0290
v  -0.0351 0.0300 -0.0290
v  -0.0355 0.0299 -0.0290
v  -0.0358 0.0299 -0.0290
v  0.0465 -0.0371 -0.0290
v  0.0478 -0.0371 -0.0290
v  -0.0333 -0.0299 -0.0290
v  -0.0373 -0.0298 -0.0290
v  -0.0384 -0.0297 -0.0290
v  -0.0408 -0.0293 -0.0290
v  -0.0429 -0.0289 -0.0290
v  -0.0507 -0.0257 -0.0290
v  -0.0505 -0.0258 -0.0290
v  -0.0499 -0.0261 -0.0290
v  -0.0497 -0.0263 -0.0290
v  -0.0494 -0.0264 -0.0290
v  -0.0491 -0.0265 -0.0290
v  -0.0486 -0.0268 -0.0290
v  -0.0464 -0.0278 -0.0290
v  -0.0442 -0.0286 -0.0290
v  -0.0523 -0.0247 -0.0290
v  -0.0520 -0.0248 -0.0290
v  -0.0518 -0.0250 -0.0290
v  -0.0515 -0.0252 -0.0290
v  -0.0510 -0.0255 -0.0290
v  -0.0533 -0.0240 -0.0290
v  -0.0530 -0.0242 -0.0290
v  -0.0528 -0.0243 -0.0290
v  -0.0572 -0.0205 -0.0290
v  -0.0565 -0.0213 -0.0290
v  -0.0537 -0.0236 -0.0290
v  -0.0603 -0.0167 -0.0290
v  -0.0589 -0.0187 -0.0290
v  -0.0577 -0.0200 -0.0290
v  -0.0622 -0.0135 -0.0290
v  -0.0609 -0.0157 -0.0290
v  -0.0651 -0.0049 -0.0290
v  -0.0651 -0.0052 -0.0290
v  -0.0650 -0.0056 -0.0290
v  -0.0649 -0.0059 -0.0290
v  -0.0648 -0.0066 -0.0290
v  -0.0647 -0.0070 -0.0290
v  -0.0646 -0.0073 -0.0290
v  -0.0645 -0.0077 -0.0290
v  -0.0644 -0.0080 -0.0290
v  -0.0642 -0.0087 -0.0290
v  -0.0641 -0.0090 -0.0290
v  -0.0639 -0.0093 -0.0290
v  -0.0638 -0.0097 -0.0290
v  -0.0637 -0.0100 -0.0290
v  -0.0636 -0.0104 -0.0290
v  -0.0630 -0.0117 -0.0290
v  -0.0656 -0.0014 -0.0290
v  -0.0654 -0.0035 -0.0290
v  -0.0653 -0.0042 -0.0290
v  -0.0652 -0.0045 -0.0290
v  -0.0655 -0.0021 -0.0290
v  -0.0655 -0.0028 -0.0290
v  -0.0654 -0.0031 -0.0290
v  0.0426 -0.0364 -0.0290
v  0.0440 -0.0367 -0.0290
v  -0.0116 -0.0291 -0.0290
v  -0.0174 -0.0293 -0.0290
v  -0.0319 -0.0298 -0.0290
v  0.0256 -0.0314 -0.0290
v  0.0270 -0.0317 -0.0290
v  0.0326 -0.0330 -0.0290
v  0.0376 -0.0345 -0.0290
v  0.0386 -0.0348 -0.0290
v  0.0417 -0.0360 -0.0290
v  0.0407 -0.0356 -0.0290
v  -0.0101 -0.0291 -0.0290
v  0.0018 -0.0290 -0.0290
v  0.0191 -0.0302 -0.0290
v  0.0147 -0.0297 -0.0290
v  0.0090 -0.0292 -0.0290
v  0.0033 -0.0290 -0.0290
v  -0.0075 -0.0287 -0.0338
v  -0.0075 0.0001 -0.0338
v  0.0336 -0.0328 -0.0338
v  0.0411 0.0000 -0.0338
v  0.0411 -0.0352 -0.0338
v  0.0429 -0.0365 -0.0340
v  0.0427 -0.0361 -0.0343
v  0.0431 -0.0366 -0.0344
v  0.0428 -0.0361 -0.0345
v  0.0431 -0.0366 -0.0346
v  0.0431 -0.0365 -0.0347
v  0.0430 -0.0363 -0.0348
v  0.0429 -0.0362 -0.0347
v  0.0409 -0.0357 -0.0334
v  0.0417 -0.0355 -0.0338
v  0.0424 -0.0363 -0.0337
v  0.0424 -0.0359 -0.0340
v  0.0427 -0.0360 -0.0342
v  -0.0024 -0.0291 -0.0334
v  0.0005 -0.0290 -0.0334
v  0.0018 -0.0290 -0.0334
v  -0.0066 -0.0292 -0.0334
v  -0.0037 -0.0291 -0.0334
v  -0.0075 -0.0292 -0.0334
v  -0.0070 -0.0292 -0.0334
v  -0.0115 -0.0291 -0.0347
v  -0.0113 -0.0288 -0.0350
v  -0.0102 -0.0287 -0.0342
v  -0.0116 -0.0293 -0.0346
v  -0.0106 -0.0293 -0.0339
v  -0.0092 -0.0292 -0.0335
v  -0.0088 -0.0287 -0.0339
v  -0.0089 -0.0292 -0.0334
v  0.0434 -0.0361 -0.0351
v  0.0429 0.0000 -0.0347
v  -0.0115 0.0001 -0.0351
v  -0.0115 -0.0286 -0.0351
v  0.0992 -0.0365 -0.0346
v  0.1055 -0.0357 -0.0346
v  0.1100 -0.0348 -0.0346
v  0.1150 -0.0335 -0.0346
v  0.1172 -0.0328 -0.0346
v  0.1202 -0.0317 -0.0346
v  0.1243 -0.0299 -0.0346
v  0.1261 -0.0290 -0.0346
v  0.1289 -0.0272 -0.0346
v  0.1294 -0.0268 -0.0346
v  0.1314 -0.0253 -0.0346
v  0.1333 -0.0236 -0.0346
v  0.1340 -0.0229 -0.0346
v  0.1363 -0.0201 -0.0346
v  0.1371 -0.0190 -0.0346
v  0.1377 -0.0180 -0.0346
v  0.1394 -0.0149 -0.0346
v  0.1398 -0.0139 -0.0346
v  0.1401 -0.0132 -0.0346
v  0.1413 -0.0095 -0.0346
v  0.1420 -0.0056 -0.0346
v  0.1423 -0.0026 -0.0346
v  0.1424 0.0000 -0.0346
v  0.0966 -0.0367 -0.0346
v  0.0861 -0.0374 -0.0346
v  0.0757 -0.0377 -0.0346
v  0.0719 -0.0377 -0.0346
v  0.0557 -0.0376 -0.0346
v  0.0469 -0.0375 -0.0346
v  0.0531 -0.0376 -0.0346
v  -0.0637 -0.0105 -0.0347
v  -0.0621 -0.0139 -0.0347
v  -0.0617 -0.0147 -0.0347
v  -0.0611 -0.0158 -0.0347
v  -0.0598 -0.0177 -0.0347
v  -0.0592 -0.0185 -0.0347
v  -0.0579 -0.0200 -0.0347
v  -0.0567 -0.0212 -0.0347
v  -0.0539 -0.0236 -0.0347
v  -0.0511 -0.0256 -0.0347
v  -0.0487 -0.0269 -0.0346
v  -0.0480 -0.0273 -0.0346
v  -0.0463 -0.0279 -0.0346
v  -0.0451 -0.0284 -0.0346
v  -0.0432 -0.0289 -0.0346
v  -0.0142 -0.0293 -0.0346
v  -0.0278 -0.0297 -0.0346
v  -0.0333 -0.0299 -0.0346
v  -0.0360 -0.0299 -0.0346
v  -0.0386 -0.0297 -0.0346
v  -0.0399 -0.0296 -0.0346
v  -0.0417 -0.0293 -0.0346
v  -0.0658 0.0001 -0.0346
v  -0.0656 -0.0032 -0.0346
v  -0.0655 -0.0041 -0.0346
v  -0.0646 -0.0080 -0.0346
v  -0.0653 -0.0051 -0.0346
v  0.0427 0.0000 -0.0343
v  0.0424 0.0000 -0.0340
v  0.0415 0.0000 -0.0338
v  -0.0094 0.0001 -0.0339
v  -0.0098 0.0001 -0.0341
v  -0.0107 0.0001 -0.0345
v  0.0392 -0.0350 -0.0334
v  0.0397 -0.0352 -0.0334
v  0.0257 -0.0314 -0.0334
v  0.0321 -0.0329 -0.0334
v  0.0346 -0.0336 -0.0334
v  0.0172 -0.0300 -0.0334
v  0.0138 -0.0296 -0.0334
v  0.0191 -0.0302 -0.0334
v  0.0244 -0.0311 -0.0334
v  0.0105 -0.0293 -0.0334
v  0.0062 -0.0291 -0.0334
v  0.0455 -0.0373 -0.0346
v  -0.0075 0.0288 -0.0338
v  0.0399 0.0348 -0.0338
v  0.0411 0.0353 -0.0338
v  0.0351 0.0333 -0.0338
v  0.0274 0.0314 -0.0338
v  0.0430 0.0364 -0.0348
v  0.0429 0.0363 -0.0347
v  0.0431 0.0366 -0.0347
v  0.0428 0.0362 -0.0345
v  0.0431 0.0367 -0.0346
v  0.0427 0.0362 -0.0343
v  0.0429 0.0366 -0.0340
v  0.0430 0.0367 -0.0343
v  0.0427 0.0361 -0.0342
v  0.0424 0.0364 -0.0337
v  0.0425 0.0360 -0.0341
v  0.0423 0.0359 -0.0340
v  0.0415 0.0360 -0.0334
v  0.0422 0.0358 -0.0339
v  0.0409 0.0358 -0.0334
v  0.0018 0.0291 -0.0334
v  -0.0011 0.0292 -0.0334
v  -0.0024 0.0292 -0.0334
v  -0.0053 0.0292 -0.0334
v  -0.0066 0.0293 -0.0334
v  -0.0071 0.0293 -0.0334
v  -0.0075 0.0293 -0.0334
v  -0.0089 0.0288 -0.0339
v  -0.0102 0.0288 -0.0342
v  -0.0113 0.0289 -0.0350
v  -0.0114 0.0291 -0.0348
v  -0.0091 0.0293 -0.0335
v  -0.0104 0.0293 -0.0338
v  -0.0116 0.0294 -0.0346
v  0.0434 0.0362 -0.0351
v  -0.0115 0.0287 -0.0351
v  0.1423 0.0027 -0.0346
v  0.1422 0.0041 -0.0346
v  0.1416 0.0081 -0.0346
v  0.1403 0.0127 -0.0346
v  0.1414 0.0092 -0.0346
v  0.1396 0.0146 -0.0346
v  0.1389 0.0160 -0.0346
v  0.1374 0.0187 -0.0346
v  0.1371 0.0191 -0.0346
v  0.1352 0.0216 -0.0346
v  0.1333 0.0236 -0.0346
v  0.1327 0.0243 -0.0346
v  0.1301 0.0264 -0.0346
v  0.1289 0.0273 -0.0346
v  0.1267 0.0287 -0.0346
v  0.1248 0.0297 -0.0346
v  0.1206 0.0317 -0.0346
v  0.1175 0.0328 -0.0346
v  0.1124 0.0343 -0.0346
v  0.1097 0.0350 -0.0346
v  0.1094 0.0350 -0.0346
v  0.0992 0.0366 -0.0346
v  0.1019 0.0363 -0.0346
v  0.1064 0.0356 -0.0346
v  0.0892 0.0374 -0.0346
v  0.0793 0.0378 -0.0346
v  0.0688 0.0378 -0.0346
v  0.0557 0.0377 -0.0346
v  0.0584 0.0377 -0.0346
v  0.0495 0.0376 -0.0346
v  0.0469 0.0376 -0.0346
v  -0.0307 0.0299 -0.0346
v  -0.0406 0.0296 -0.0346
v  -0.0371 0.0299 -0.0346
v  -0.0333 0.0300 -0.0346
v  -0.0440 0.0288 -0.0346
v  -0.0438 0.0289 -0.0346
v  -0.0568 0.0212 -0.0347
v  -0.0579 0.0202 -0.0347
v  -0.0548 0.0231 -0.0347
v  -0.0536 0.0240 -0.0347
v  -0.0518 0.0252 -0.0347
v  -0.0485 0.0271 -0.0346
v  -0.0461 0.0281 -0.0346
v  -0.0611 0.0159 -0.0347
v  -0.0592 0.0186 -0.0347
v  -0.0637 0.0106 -0.0347
v  -0.0627 0.0130 -0.0347
v  -0.0612 0.0157 -0.0347
v  -0.0650 0.0067 -0.0346
v  -0.0653 0.0054 -0.0346
v  -0.0656 0.0032 -0.0346
v  -0.0657 0.0027 -0.0346
v  0.0257 0.0315 -0.0334
v  0.0270 0.0318 -0.0334
v  0.0322 0.0330 -0.0334
v  0.0348 0.0337 -0.0334
v  0.0365 0.0342 -0.0334
v  0.0032 0.0291 -0.0334
v  0.0086 0.0293 -0.0334
v  0.0102 0.0294 -0.0334
v  0.0138 0.0297 -0.0334
v  0.0172 0.0300 -0.0334
v  0.0197 0.0304 -0.0334
v  0.0445 0.0372 -0.0346
v  0.0257 -0.0314 -0.0312
v  0.0344 -0.0335 -0.0310
v  0.0409 -0.0357 -0.0309
v  0.0387 -0.0349 -0.0310
v  0.0419 -0.0361 -0.0310
v  0.0429 -0.0365 -0.0320
v  0.0565 -0.0374 -0.0309
v  0.0776 -0.0375 -0.0317
v  0.0924 -0.0369 -0.0317
v  0.0992 -0.0365 -0.0336
v  0.0448 -0.0371 -0.0318
v  0.0468 -0.0374 -0.0320
v  0.0257 0.0315 -0.0312
v  0.0428 0.0365 -0.0303
v  0.0419 0.0362 -0.0310
v  0.0387 0.0350 -0.0310
v  0.0409 0.0358 -0.0309
v  0.0563 0.0376 -0.0324
v  0.0992 0.0362 -0.0300
v  0.0924 0.0370 -0.0317
v  0.0776 0.0376 -0.0317
v  0.0468 0.0375 -0.0312
v  0.0448 0.0372 -0.0318
v  0.1289 -0.0270 -0.0318
v  0.1236 -0.0301 -0.0318
v  0.1171 -0.0327 -0.0318
v  0.1332 -0.0235 -0.0318
v  0.1367 -0.0194 -0.0318
v  0.1395 -0.0145 -0.0318
v  0.1413 -0.0092 -0.0318
v  0.1424 0.0000 -0.0318
v  0.1422 -0.0035 -0.0318
v  0.1094 -0.0347 -0.0318
v  0.1094 0.0348 -0.0318
v  0.1171 0.0328 -0.0318
v  0.1236 0.0302 -0.0318
v  0.1289 0.0271 -0.0318
v  0.1332 0.0236 -0.0318
v  0.1367 0.0195 -0.0318
v  0.1395 0.0146 -0.0318
v  0.1413 0.0093 -0.0318
v  0.1422 0.0036 -0.0318
# 6111 vertices

vn 0.6483 -0.7282 0.2225
vn 0.6854 -0.7282 0.0000
vn 0.6764 -0.7278 0.1129
vn 0.6688 -0.7071 0.2296
vn 0.6031 -0.7278 0.3264
vn 0.5409 -0.7282 0.4210
vn 0.5580 -0.7071 0.4343
vn 0.4644 -0.7278 0.5045
vn 0.3749 -0.7282 0.5738
vn 0.3867 -0.7071 0.5920
vn 0.2755 -0.7278 0.6280
vn 0.1683 -0.7282 0.6644
vn 0.1736 -0.7071 0.6855
vn 0.0566 -0.7278 0.6834
vn -0.0749 -0.7176 0.6924
vn -0.0764 -0.7192 0.6906
vn -0.2907 -0.7165 0.6342
vn -0.1343 -0.7627 0.6326
vn -0.2965 -0.7192 0.6284
vn -0.4808 -0.7165 0.5054
vn -0.3325 -0.7627 0.5547
vn -0.4844 -0.7192 0.4981
vn -0.6189 -0.7165 0.3219
vn -0.4946 -0.7627 0.4167
vn -0.6199 -0.7192 0.3138
vn -0.6846 -0.7165 0.1338
vn -0.6031 -0.7627 0.2336
vn -0.6974 -0.7071 0.1164
vn -0.7071 -0.7071 0.0000
vn -0.6920 -0.7068 -0.1469
vn -0.6820 -0.7192 -0.1331
vn -0.6080 -0.7165 -0.3421
vn -0.6194 -0.7627 -0.1861
vn -0.6018 -0.7192 -0.3474
vn -0.4640 -0.7165 -0.5210
vn -0.5254 -0.7627 -0.3771
vn -0.4564 -0.7192 -0.5239
vn -0.2697 -0.7165 -0.6434
vn -0.3745 -0.7627 -0.5273
vn -0.2615 -0.7192 -0.6437
vn -0.0462 -0.7165 -0.6961
vn -0.1829 -0.7627 -0.6203
vn -0.0384 -0.7192 -0.6938
vn 0.1628 -0.7269 -0.6671
vn 0.0284 -0.7627 -0.6461
vn 0.1736 -0.7071 -0.6855
vn 0.2755 -0.7278 -0.6280
vn 0.3749 -0.7281 -0.5738
vn 0.3868 -0.7071 -0.5920
vn 0.4645 -0.7278 -0.5045
vn 0.5409 -0.7281 -0.4210
vn 0.5580 -0.7071 -0.4343
vn 0.6031 -0.7278 -0.3264
vn 0.6483 -0.7281 -0.2226
vn 0.6688 -0.7071 -0.2296
vn 0.6764 -0.7278 -0.1129
vn 0.7071 -0.7071 -0.0000
vn -0.0000 -1.0000 0.0000
vn 0.0000 -1.0000 0.0000
vn -0.0000 -1.0000 -0.0000
vn 0.0000 -1.0000 -0.0000
vn -0.7071 0.7071 -0.0000
vn -0.6688 0.7071 -0.2296
vn -0.5580 0.7071 -0.4343
vn -0.3867 0.7071 -0.5920
vn -0.1736 0.7071 -0.6855
vn 0.0584 0.7071 -0.7047
vn 0.2840 0.7071 -0.6476
vn 0.4789 0.7071 -0.5202
vn 0.6219 0.7071 -0.3365
vn 0.6975 0.7071 -0.1164
vn 0.6975 0.7071 0.1164
vn 0.6219 0.7071 0.3365
vn 0.4789 0.7071 0.5202
vn 0.2840 0.7071 0.6475
vn 0.0584 0.7071 0.7047
vn -0.1736 0.7071 0.6855
vn -0.3868 0.7071 0.5920
vn -0.5580 0.7071 0.4343
vn -0.6688 0.7071 0.2296
vn 0.0000 1.0000 0.0000
vn 0.0000 1.0000 -0.0000
vn -0.0000 1.0000 -0.0000
vn -0.0000 1.0000 0.0000
vn -0.9864 0.0000 0.1646
vn -0.9458 0.0012 0.3247
vn -1.0000 0.0012 0.0000
vn -0.9458 0.0000 0.3247
vn -0.8795 0.0000 0.4759
vn -0.7891 0.0012 0.6142
vn -0.7891 0.0000 0.6142
vn -0.6773 0.0000 0.7357
vn -0.5469 0.0012 0.8372
vn -0.5470 -0.0000 0.8372
vn -0.4017 0.0000 0.9158
vn -0.2455 0.0012 0.9694
vn -0.2455 0.0000 0.9694
vn -0.0826 0.0000 0.9966
vn 0.0826 0.0012 0.9966
vn 0.0826 -0.0000 0.9966
vn 0.2455 0.0000 0.9694
vn 0.4017 0.0012 0.9158
vn 0.4017 -0.0000 0.9158
vn 0.5469 0.0000 0.8372
vn 0.6773 0.0012 0.7357
vn 0.6773 -0.0000 0.7357
vn 0.7891 0.0000 0.6142
vn 0.8795 0.0012 0.4759
vn 0.8795 -0.0000 0.4759
vn 0.9458 0.0000 0.3247
vn 0.9864 0.0012 0.1646
vn 0.9864 -0.0000 0.1646
vn 1.0000 0.0000 -0.0000
vn 0.9864 0.0012 -0.1646
vn 0.9864 -0.0000 -0.1646
vn 0.9458 0.0000 -0.3247
vn 0.8795 0.0012 -0.4760
vn 0.8795 -0.0000 -0.4760
vn 0.7891 0.0000 -0.6142
vn 0.6773 0.0012 -0.7357
vn 0.6773 -0.0000 -0.7357
vn 0.5470 0.0000 -0.8372
vn 0.4017 0.0012 -0.9158
vn 0.4017 -0.0000 -0.9158
vn 0.2455 0.0000 -0.9694
vn 0.0826 0.0012 -0.9966
vn 0.0826 0.0000 -0.9966
vn -0.0826 0.0000 -0.9966
vn -0.2455 0.0012 -0.9694
vn -0.2455 -0.0000 -0.9694
vn -0.4017 0.0000 -0.9158
vn -0.5469 0.0012 -0.8372
vn -0.5470 -0.0000 -0.8372
vn -0.6773 0.0000 -0.7357
vn -0.7891 0.0012 -0.6142
vn -0.7891 -0.0000 -0.6142
vn -0.8795 0.0000 -0.4759
vn -0.9458 0.0012 -0.3247
vn -0.9458 -0.0000 -0.3247
vn -0.9864 0.0000 -0.1646
vn -1.0000 0.0000 -0.0000
vn -0.1372 -0.8105 -0.5694
vn -0.1008 -0.8544 -0.5098
vn -0.3822 -0.7944 -0.4722
vn -0.1110 -0.9621 -0.2492
vn -0.0972 -0.9786 -0.1811
vn -0.3851 -0.9085 -0.1621
vn -0.1519 -0.9825 -0.1078
vn -0.0990 -0.9945 -0.0336
vn -0.3844 -0.9224 -0.0370
vn -0.1457 -0.9576 0.2484
vn -0.1002 -0.9418 0.3208
vn -0.3829 -0.8747 0.2970
vn -0.1254 -0.8102 0.5725
vn -0.0975 -0.7711 0.6292
vn -0.3851 -0.7128 0.5862
vn -0.1372 -0.0878 0.9866
vn -0.1008 -0.0143 0.9948
vn -0.3822 -0.0117 0.9240
vn -0.1110 0.2652 0.9578
vn -0.0972 0.3325 0.9381
vn -0.3851 0.3139 0.8679
vn -0.1520 0.3979 0.9048
vn -0.0990 0.4682 0.8781
vn -0.3844 0.4292 0.8173
vn -0.1448 0.6936 0.7057
vn -0.1002 0.7487 0.6553
vn -0.3829 0.6946 0.6090
vn -0.1253 0.9009 0.4154
vn -0.0974 0.9305 0.3532
vn -0.3851 0.8640 0.3242
vn -0.1361 0.8988 -0.4166
vn -0.1008 0.8687 -0.4850
vn -0.3822 0.8061 -0.4519
vn -0.1110 0.6968 -0.7086
vn -0.0972 0.6462 -0.7570
vn -0.3851 0.5946 -0.7058
vn -0.1520 0.5846 -0.7969
vn -0.0990 0.5263 -0.8445
vn -0.3844 0.4932 -0.7804
vn -0.1457 0.2637 -0.9535
vn -0.1002 0.1931 -0.9760
vn -0.3829 0.1802 -0.9060
vn -0.1254 -0.0907 -0.9880
vn -0.0975 -0.1593 -0.9824
vn -0.3851 -0.1512 -0.9104
vn -0.3863 -0.2327 0.8925
vn -0.7033 -0.1848 0.6865
vn -0.7033 -0.2677 0.6585
vn -0.3863 0.8893 -0.2448
vn -0.7033 0.6869 -0.1832
vn -0.7033 0.7042 -0.0974
vn -0.9212 -0.1012 0.3758
vn -0.9212 -0.1466 0.3605
vn -0.9212 0.3760 -0.1003
vn -0.9212 0.3855 -0.0533
vn -0.9948 -0.0265 0.0983
vn -0.9948 -0.0384 0.0943
vn -0.9948 0.0984 -0.0262
vn -0.9948 0.1009 -0.0140
vn -0.9948 -0.0293 -0.0975
vn -0.9212 -0.1118 -0.3728
vn -0.9212 -0.1568 -0.3562
vn -0.9948 0.1018 -0.0014
vn -0.9212 0.3891 -0.0055
vn -0.9948 0.1012 0.0111
vn -0.9212 0.3869 0.0423
vn -0.9948 0.0991 0.0234
vn -0.9212 0.3787 0.0895
vn -0.9948 -0.0496 0.0889
vn -0.9212 -0.1898 0.3398
vn -0.9948 -0.0602 0.0821
vn -0.9212 -0.2301 0.3139
vn -0.9948 -0.0698 0.0741
vn -0.9212 -0.2669 0.2832
vn -0.9948 -0.0410 -0.0932
vn -0.9212 -0.1994 -0.3342
vn -0.9950 -0.0523 -0.0850
vn -0.9212 -0.2389 -0.3072
vn -0.9950 -0.0600 -0.0793
vn -0.9212 -0.2749 -0.2755
vn -0.9948 -0.0719 -0.0721
vn -0.7033 -0.2043 -0.6809
vn -0.7033 -0.2864 -0.6507
vn -0.7033 0.7108 -0.0101
vn -0.7033 0.7067 0.0773
vn -0.7033 0.6918 0.1636
vn -0.7033 -0.3466 0.6206
vn -0.7033 -0.4203 0.5734
vn -0.7033 -0.4876 0.5174
vn -0.7033 -0.3642 -0.6105
vn -0.7033 -0.4364 -0.5611
vn -0.7033 -0.5021 -0.5033
vn -0.3851 -0.2725 -0.8818
vn -0.3800 -0.3727 -0.8466
vn -0.9948 0.0079 -0.1015
vn -0.9948 0.0204 -0.0998
vn -0.9212 0.0304 -0.3880
vn -0.9212 0.0778 -0.3813
vn -0.7033 0.0555 -0.7087
vn -0.7033 0.1422 -0.6965
vn -0.3861 0.0642 -0.9202
vn -0.9948 0.0441 -0.0918
vn -0.9948 0.0550 -0.0857
vn -0.9212 0.1685 -0.3508
vn -0.9212 0.2103 -0.3274
vn -0.7033 0.3078 -0.6408
vn -0.7033 0.3842 -0.5981
vn -0.3854 0.3949 -0.8340
vn -0.9948 0.0823 -0.0600
vn -0.9948 0.0890 -0.0494
vn -0.9212 0.3144 -0.2294
vn -0.9212 0.3402 -0.1890
vn -0.7033 0.5743 -0.4190
vn -0.7033 0.6214 -0.3452
vn -0.3856 0.7409 -0.5499
vn -0.3836 0.9140 -0.1322
vn -0.3850 0.9229 -0.0055
vn -0.3800 0.9195 0.1006
vn -0.3850 0.8999 0.2049
vn -0.9948 0.0839 0.0576
vn -0.9948 0.0762 0.0675
vn -0.9212 0.3208 0.2203
vn -0.9212 0.2913 0.2581
vn -0.7033 0.5860 0.4024
vn -0.7033 0.5321 0.4714
vn -0.3861 0.7648 0.5157
vn -0.9948 0.0574 0.0841
vn -0.9948 0.0467 0.0905
vn -0.9212 0.2196 0.3213
vn -0.9212 0.1784 0.3459
vn -0.7033 0.4011 0.5869
vn -0.7033 0.3259 0.6318
vn -0.3854 0.5248 0.7590
vn -0.9948 0.0108 0.1012
vn -0.9948 -0.0017 0.1018
vn -0.9212 0.0414 0.3870
vn -0.9212 -0.0064 0.3892
vn -0.7033 0.0757 0.7069
vn -0.7033 -0.0118 0.7108
vn -0.3856 0.1057 0.9166
vn -0.3836 -0.3425 0.8576
vn -0.3851 -0.4566 0.8020
vn -0.3800 -0.5468 0.7460
vn -0.3850 -0.6274 0.6769
vn -0.9948 -0.0919 0.0439
vn -0.9948 -0.0966 0.0322
vn -0.9212 -0.3512 0.1677
vn -0.9212 -0.3691 0.1233
vn -0.7033 -0.6415 0.3063
vn -0.7033 -0.6743 0.2251
vn -0.3861 -0.8290 0.4045
vn -0.9948 -0.1015 0.0077
vn -0.9948 -0.1017 -0.0048
vn -0.9212 -0.3880 0.0295
vn -0.9212 -0.3887 -0.0184
vn -0.7033 -0.7089 0.0539
vn -0.7033 -0.7101 -0.0336
vn -0.3854 -0.9197 0.0750
vn -0.9948 -0.0931 -0.0412
vn -0.9948 -0.0873 -0.0524
vn -0.9212 -0.3558 -0.1576
vn -0.9212 -0.3338 -0.2001
vn -0.7033 -0.6500 -0.2879
vn -0.7033 -0.6097 -0.3656
vn -0.3856 -0.8466 -0.3667
vn -0.3850 -0.4662 -0.7965
vn -0.3836 -0.5715 -0.7254
vn -0.3864 -0.6566 -0.6478
vn -0.9948 -0.0170 -0.1003
vn -0.9212 -0.0652 -0.3837
vn -0.7033 -0.1190 -0.7009
vn -0.1505 -0.2283 -0.9619
vn -0.0986 -0.0200 -0.9949
vn -0.3865 -0.0334 -0.9217
vn -0.7033 -0.0320 -0.7102
vn -0.9212 -0.0175 -0.3888
vn -0.9948 -0.0046 -0.1017
vn -0.0986 0.0554 -0.9936
vn -0.1529 0.1331 -0.9792
vn -0.0985 0.3360 -0.9367
vn -0.3857 0.3020 -0.8718
vn -0.7033 0.2267 -0.6738
vn -0.9212 0.1241 -0.3689
vn -0.9948 0.0325 -0.0965
vn -0.0986 0.4059 -0.9086
vn -0.1135 0.4670 -0.8769
vn -0.9948 0.0651 -0.0783
vn -0.9212 0.2490 -0.2991
vn -0.7033 0.4548 -0.5464
vn -0.0986 0.7443 -0.6605
vn -0.3857 0.6769 -0.6270
vn -0.7033 0.5185 -0.4864
vn -0.9212 0.2838 -0.2663
vn -0.9948 0.0743 -0.0697
vn -0.0985 0.7921 -0.6024
vn -0.1726 0.8307 -0.5292
vn -0.0961 0.9312 -0.3517
vn -0.3862 0.8584 -0.3375
vn -0.7033 0.6592 -0.2662
vn -0.9212 0.3609 -0.1457
vn -0.9948 0.0944 -0.0381
vn -0.0970 0.9546 -0.2815
vn -0.1505 0.9472 0.2833
vn -0.0984 0.9723 0.2120
vn -0.0984 0.9893 0.1077
vn -0.0970 0.9953 0.0031
vn -0.1501 0.9861 -0.0711
vn -0.0996 0.9843 -0.1460
vn -0.1329 0.9692 -0.2072
vn -0.9948 0.0955 0.0354
vn -0.9212 0.3649 0.1354
vn -0.7033 0.6665 0.2473
vn -0.0986 0.8716 0.4802
vn -0.3865 0.8149 0.4319
vn -0.7033 0.6310 0.3274
vn -0.9212 0.3455 0.1792
vn -0.9948 0.0904 0.0469
vn -0.0986 0.8328 0.5448
vn -0.1529 0.7815 0.6049
vn -0.0966 0.6432 0.7596
vn -0.3857 0.6040 0.6975
vn -0.7033 0.4702 0.5332
vn -0.9212 0.2574 0.2919
vn -0.9948 0.0673 0.0764
vn -0.0974 0.5846 0.8055
vn -0.1135 0.5259 0.8429
vn -0.7033 0.2458 0.6670
vn -0.9212 0.1346 0.3652
vn -0.9948 0.0352 0.0955
vn -0.0985 0.1999 0.9749
vn -0.3856 0.2045 0.8997
vn -0.7033 0.1620 0.6922
vn -0.9212 0.0887 0.3790
vn -0.9948 0.0232 0.0991
vn -0.0985 0.1256 0.9872
vn -0.1726 0.0430 0.9841
vn -0.0986 -0.1607 0.9821
vn -0.3862 -0.1370 0.9122
vn -0.7033 -0.0990 0.7040
vn -0.9212 -0.0542 0.3854
vn -0.9948 -0.0142 0.1008
vn -0.0986 -0.2345 0.9671
vn -0.1505 -0.7189 0.6786
vn -0.0984 -0.6698 0.7360
vn -0.0983 -0.5879 0.8029
vn -0.0970 -0.5003 0.8604
vn -0.1501 -0.4315 0.8896
vn -0.0996 -0.3657 0.9254
vn -0.1329 -0.3052 0.9430
vn -0.9948 -0.0784 0.0650
vn -0.9212 -0.2997 0.2483
vn -0.7033 -0.5474 0.4535
vn -0.0986 -0.8517 0.5147
vn -0.3865 -0.7815 0.4898
vn -0.7033 -0.5990 0.3828
vn -0.9212 -0.3279 0.2096
vn -0.9948 -0.0858 0.0548
vn -0.0986 -0.8882 0.4488
vn -0.1529 -0.9146 0.3744
vn -0.0985 -0.9792 0.1773
vn -0.3857 -0.9060 0.1743
vn -0.7033 -0.6969 0.1406
vn -0.9212 -0.3815 0.0770
vn -0.9948 -0.0998 0.0201
vn -0.0986 -0.9898 0.1028
vn -0.1135 -0.9930 0.0340
vn -0.7033 -0.7006 -0.1207
vn -0.9212 -0.3835 -0.0661
vn -0.9948 -0.1003 -0.0173
vn -0.0986 -0.9442 -0.3143
vn -0.3856 -0.8814 -0.2727
vn -0.7033 -0.6804 -0.2058
vn -0.9212 -0.3725 -0.1127
vn -0.9948 -0.0975 -0.0295
vn -0.0986 -0.9177 -0.3848
vn -0.1726 -0.8737 -0.4548
vn -0.0986 -0.7701 -0.6302
vn -0.3862 -0.7215 -0.5747
vn -0.7033 -0.5601 -0.4377
vn -0.9212 -0.3067 -0.2396
vn -0.9948 -0.0802 -0.0627
vn -0.0986 -0.7203 -0.6867
vn -0.0984 -0.3025 -0.9481
vn -0.0983 -0.4014 -0.9106
vn -0.0970 -0.4949 -0.8635
vn -0.1500 -0.5546 -0.8185
vn -0.0996 -0.6186 -0.7794
vn -0.1329 -0.6640 -0.7358
vn 0.1291 -0.4001 -0.9073
vn 0.4969 -0.4175 -0.7608
vn 0.1290 -0.4765 -0.8697
vn 0.4969 -0.4822 -0.7215
vn 0.1303 -0.5508 -0.8244
vn 0.4969 -0.5433 -0.6767
vn 0.1303 -0.6208 -0.7730
vn 0.4969 -0.6002 -0.6268
vn 0.1304 -0.6855 -0.7163
vn 0.4969 -0.6525 -0.5721
vn 0.1306 -0.7454 -0.6536
vn 0.4969 -0.6999 -0.5130
vn 0.1304 -0.7999 -0.5859
vn 0.4969 -0.7420 -0.4501
vn 0.1299 -0.8477 -0.5143
vn 0.4969 -0.7783 -0.3837
vn 0.1305 -0.8891 -0.4387
vn 0.4969 -0.8088 -0.3144
vn 0.1305 -0.9241 -0.3590
vn 0.4969 -0.8332 -0.2427
vn 0.1296 -0.9521 -0.2768
vn 0.4969 -0.8511 -0.1692
vn 0.1294 -0.9725 -0.1938
vn 0.4969 -0.8627 -0.0944
vn 0.1304 -0.9856 -0.1081
vn 0.4969 -0.8676 -0.0188
vn 0.1304 -0.9912 -0.0212
vn 0.4969 -0.8659 0.0569
vn 0.1302 -0.9894 0.0649
vn 0.4969 -0.8577 0.1321
vn 0.1305 -0.9799 0.1508
vn 0.4969 -0.8429 0.2064
vn 0.1306 -0.9629 0.2360
vn 0.4969 -0.8217 0.2791
vn 0.1301 -0.9388 0.3189
vn 0.4969 -0.7943 0.3496
vn 0.1305 -0.9075 0.3992
vn 0.4969 -0.7608 0.4175
vn 0.1306 -0.8691 0.4770
vn 0.4969 -0.7215 0.4822
vn 0.1301 -0.8241 0.5514
vn 0.4969 -0.6767 0.5433
vn 0.1297 -0.7734 0.6205
vn 0.4969 -0.6268 0.6002
vn 0.1305 -0.7163 0.6855
vn 0.4969 -0.5721 0.6525
vn 0.1304 -0.6534 0.7457
vn 0.4969 -0.5130 0.6999
vn 0.1291 -0.5857 0.8002
vn 0.4969 -0.4501 0.7419
vn 0.1290 -0.5149 0.8475
vn 0.4969 -0.3837 0.7783
vn 0.1303 -0.4386 0.8892
vn 0.4969 -0.3144 0.8088
vn 0.1303 -0.3590 0.9242
vn 0.4969 -0.2427 0.8332
vn 0.1304 -0.2775 0.9518
vn 0.4969 -0.1692 0.8512
vn 0.1306 -0.1933 0.9724
vn 0.4969 -0.0944 0.8626
vn 0.1304 -0.1075 0.9856
vn 0.4969 -0.0188 0.8676
vn 0.1300 -0.0216 0.9913
vn 0.4969 0.0569 0.8659
vn 0.1305 0.0647 0.9893
vn 0.4969 0.1321 0.8577
vn 0.1305 0.1511 0.9799
vn 0.4969 0.2064 0.8429
vn 0.1296 0.2364 0.9630
vn 0.4969 0.2791 0.8217
vn 0.1294 0.3184 0.9391
vn 0.4969 0.3496 0.7943
vn 0.1304 0.3992 0.9075
vn 0.4969 0.4175 0.7608
vn 0.1304 0.4772 0.8691
vn 0.4969 0.4822 0.7215
vn 0.1288 0.5519 0.8239
vn 0.4969 0.5433 0.6767
vn 0.1285 0.6201 0.7740
vn 0.4969 0.6002 0.6268
vn 0.1301 0.6857 0.7162
vn 0.4969 0.6525 0.5721
vn 0.1301 0.7456 0.6536
vn 0.4969 0.6999 0.5130
vn 0.1305 0.7995 0.5864
vn 0.4969 0.7420 0.4501
vn 0.1306 0.8477 0.5142
vn 0.4969 0.7784 0.3837
vn 0.1301 0.8895 0.4380
vn 0.4969 0.8088 0.3144
vn 0.1297 0.9241 0.3595
vn 0.4969 0.8332 0.2427
vn 0.1305 0.9518 0.2776
vn 0.4969 0.8512 0.1692
vn 0.1304 0.9725 0.1930
vn 0.4969 0.8626 0.0944
vn 0.1291 0.9858 0.1071
vn 0.4969 0.8676 0.0188
vn 0.1290 0.9914 0.0222
vn 0.4969 0.8659 -0.0569
vn 0.1303 0.9894 -0.0648
vn 0.4969 0.8577 -0.1321
vn 0.1303 0.9799 -0.1511
vn 0.4969 0.8429 -0.2064
vn 0.1285 0.9630 -0.2371
vn 0.4969 0.8217 -0.2791
vn 0.1279 0.9395 -0.3177
vn 0.4969 0.7943 -0.3496
vn 0.1299 0.9075 -0.3995
vn 0.4969 0.7608 -0.4175
vn 0.1300 0.8693 -0.4770
vn 0.4969 0.7215 -0.4822
vn 0.1305 0.8244 -0.5507
vn 0.4969 0.6767 -0.5433
vn 0.1305 0.7730 -0.6208
vn 0.4969 0.6268 -0.6002
vn 0.1296 0.7158 -0.6862
vn 0.4969 0.5721 -0.6525
vn 0.1294 0.6541 -0.7453
vn 0.4969 0.5130 -0.6999
vn 0.1304 0.5864 -0.7995
vn 0.4969 0.4501 -0.7420
vn 0.1304 0.5140 -0.8478
vn 0.4969 0.3837 -0.7784
vn 0.1303 0.4385 -0.8892
vn 0.4969 0.3144 -0.8088
vn 0.1306 0.3594 -0.9240
vn 0.4969 0.2427 -0.8332
vn 0.1306 0.2771 -0.9519
vn 0.4969 0.1692 -0.8511
vn 0.1302 0.1932 -0.9725
vn 0.4969 0.0944 -0.8626
vn 0.1305 0.1081 -0.9855
vn 0.4969 0.0188 -0.8676
vn 0.1306 0.0214 -0.9912
vn 0.4969 -0.0569 -0.8659
vn 0.1301 -0.0655 -0.9893
vn 0.4969 -0.1321 -0.8577
vn 0.1297 -0.1507 -0.9800
vn 0.4969 -0.2064 -0.8429
vn 0.1305 -0.2355 -0.9631
vn 0.4969 -0.2791 -0.8217
vn 0.1304 -0.3191 -0.9387
vn 0.4969 -0.3496 -0.7943
vn 0.8629 -0.2431 -0.4430
vn 0.8629 -0.2808 -0.4202
vn 0.8629 -0.3164 -0.3941
vn 0.8629 -0.3495 -0.3650
vn 0.8629 -0.3800 -0.3331
vn 0.8629 -0.4076 -0.2988
vn 0.8629 -0.4321 -0.2621
vn 0.8629 -0.4533 -0.2235
vn 0.8629 -0.4710 -0.1831
vn 0.8629 -0.4852 -0.1413
vn 0.8629 -0.4957 -0.0985
vn 0.8629 -0.5023 -0.0549
vn 0.8629 -0.5052 -0.0110
vn 0.8629 -0.5043 0.0331
vn 0.8629 -0.4995 0.0769
vn 0.8629 -0.4909 0.1202
vn 0.8629 -0.4785 0.1625
vn 0.8629 -0.4625 0.2036
vn 0.8629 -0.4430 0.2431
vn 0.8629 -0.4201 0.2808
vn 0.8629 -0.3941 0.3164
vn 0.8629 -0.3650 0.3495
vn 0.8629 -0.3332 0.3800
vn 0.8629 -0.2988 0.4076
vn 0.8629 -0.2621 0.4321
vn 0.8629 -0.2234 0.4533
vn 0.8629 -0.1831 0.4710
vn 0.8629 -0.1413 0.4852
vn 0.8629 -0.0985 0.4957
vn 0.8629 -0.0549 0.5023
vn 0.8629 -0.0110 0.5052
vn 0.8629 0.0331 0.5043
vn 0.8629 0.0769 0.4995
vn 0.8629 0.1202 0.4908
vn 0.8629 0.1625 0.4785
vn 0.8629 0.2036 0.4625
vn 0.8629 0.2431 0.4430
vn 0.8629 0.2808 0.4201
vn 0.8629 0.3164 0.3941
vn 0.8629 0.3495 0.3650
vn 0.8629 0.3800 0.3331
vn 0.8629 0.4076 0.2988
vn 0.8629 0.4321 0.2621
vn 0.8629 0.4533 0.2234
vn 0.8629 0.4710 0.1831
vn 0.8629 0.4852 0.1413
vn 0.8629 0.4957 0.0985
vn 0.8629 0.5024 0.0549
vn 0.8629 0.5052 0.0110
vn 0.8629 0.5043 -0.0331
vn 0.8629 0.4995 -0.0769
vn 0.8629 0.4909 -0.1202
vn 0.8629 0.4785 -0.1625
vn 0.8629 0.4625 -0.2036
vn 0.8629 0.4430 -0.2431
vn 0.8629 0.4202 -0.2808
vn 0.8629 0.3941 -0.3164
vn 0.8629 0.3650 -0.3495
vn 0.8629 0.3332 -0.3800
vn 0.8629 0.2988 -0.4076
vn 0.8629 0.2621 -0.4321
vn 0.8629 0.2234 -0.4533
vn 0.8629 0.1831 -0.4710
vn 0.8629 0.1413 -0.4852
vn 0.8629 0.0985 -0.4957
vn 0.8629 0.0549 -0.5024
vn 0.8629 0.0110 -0.5052
vn 0.8629 -0.0331 -0.5043
vn 0.8629 -0.0769 -0.4995
vn 0.8629 -0.1202 -0.4909
vn 0.8629 -0.1625 -0.4785
vn 0.8629 -0.2036 -0.4625
vn 0.9910 -0.0645 -0.1175
vn 0.9910 -0.0745 -0.1115
vn 0.9910 -0.0840 -0.1046
vn 0.9910 -0.0927 -0.0968
vn 0.9910 -0.1008 -0.0884
vn 0.9910 -0.1082 -0.0793
vn 0.9910 -0.1147 -0.0696
vn 0.9910 -0.1203 -0.0593
vn 0.9910 -0.1250 -0.0486
vn 0.9910 -0.1287 -0.0375
vn 0.9910 -0.1315 -0.0261
vn 0.9910 -0.1333 -0.0146
vn 0.9910 -0.1341 -0.0029
vn 0.9910 -0.1338 0.0088
vn 0.9910 -0.1325 0.0204
vn 0.9910 -0.1302 0.0319
vn 0.9910 -0.1270 0.0431
vn 0.9910 -0.1227 0.0540
vn 0.9910 -0.1175 0.0645
vn 0.9910 -0.1115 0.0745
vn 0.9910 -0.1046 0.0839
vn 0.9910 -0.0969 0.0928
vn 0.9910 -0.0884 0.1008
vn 0.9910 -0.0793 0.1081
vn 0.9910 -0.0696 0.1147
vn 0.9910 -0.0593 0.1203
vn 0.9910 -0.0486 0.1250
vn 0.9910 -0.0375 0.1287
vn 0.9910 -0.0261 0.1315
vn 0.9910 -0.0146 0.1333
vn 0.9910 -0.0029 0.1340
vn 0.9910 0.0088 0.1338
vn 0.9910 0.0204 0.1325
vn 0.9910 0.0319 0.1302
vn 0.9910 0.0431 0.1270
vn 0.9910 0.0540 0.1227
vn 0.9910 0.0645 0.1175
vn 0.9910 0.0745 0.1115
vn 0.9910 0.0839 0.1046
vn 0.9910 0.0927 0.0968
vn 0.9910 0.1008 0.0884
vn 0.9910 0.1081 0.0793
vn 0.9910 0.1147 0.0696
vn 0.9910 0.1203 0.0593
vn 0.9910 0.1250 0.0486
vn 0.9910 0.1287 0.0375
vn 0.9910 0.1315 0.0261
vn 0.9910 0.1333 0.0146
vn 0.9910 0.1341 0.0029
vn 0.9910 0.1338 -0.0088
vn 0.9910 0.1325 -0.0204
vn 0.9910 0.1302 -0.0319
vn 0.9910 0.1270 -0.0431
vn 0.9910 0.1227 -0.0540
vn 0.9910 0.1176 -0.0645
vn 0.9910 0.1115 -0.0745
vn 0.9910 0.1046 -0.0840
vn 0.9910 0.0969 -0.0927
vn 0.9910 0.0884 -0.1008
vn 0.9910 0.0793 -0.1082
vn 0.9910 0.0695 -0.1146
vn 0.9910 0.0593 -0.1203
vn 0.9910 0.0486 -0.1250
vn 0.9910 0.0375 -0.1287
vn 0.9910 0.0261 -0.1315
vn 0.9910 0.0146 -0.1333
vn 0.9910 0.0029 -0.1341
vn 0.9910 -0.0088 -0.1338
vn 0.9910 -0.0204 -0.1325
vn 0.9910 -0.0319 -0.1302
vn 0.9910 -0.0431 -0.1270
vn 0.9910 -0.0540 -0.1227
vn -0.1321 0.3999 0.9070
vn -0.5047 0.4480 0.7380
vn -0.1322 0.5138 0.8476
vn -0.5047 0.5404 0.6732
vn -0.1309 0.6205 0.7732
vn -0.5047 0.6237 0.5969
vn -0.1309 0.7164 0.6853
vn -0.5047 0.6963 0.5104
vn -0.1324 0.7999 0.5853
vn -0.5047 0.7569 0.4151
vn -0.1326 0.8686 0.4774
vn -0.5047 0.8046 0.3128
vn -0.1310 0.9240 0.3593
vn -0.5047 0.8386 0.2051
vn -0.1310 0.9630 0.2354
vn -0.5047 0.8582 0.0939
vn -0.1327 0.9854 0.1067
vn -0.5047 0.8631 -0.0190
vn -0.1330 0.9909 -0.0206
vn -0.5047 0.8532 -0.1314
vn -0.1312 0.9798 -0.1509
vn -0.5047 0.8288 -0.2417
vn -0.1312 0.9517 -0.2776
vn -0.5047 0.7901 -0.3478
vn -0.1309 0.9075 -0.3992
vn -0.5047 0.7380 -0.4479
vn -0.1306 0.8475 -0.5145
vn -0.5047 0.6732 -0.5404
vn -0.1310 0.7729 -0.6209
vn -0.5047 0.5969 -0.6237
vn -0.1314 0.6855 -0.7161
vn -0.5047 0.5104 -0.6963
vn -0.1308 0.5864 -0.7994
vn -0.5047 0.4151 -0.7569
vn -0.1306 0.4766 -0.8693
vn -0.5047 0.3128 -0.8046
vn -0.1314 0.3588 -0.9241
vn -0.5047 0.2051 -0.8386
vn -0.1316 0.2358 -0.9629
vn -0.5047 0.0939 -0.8582
vn -0.1308 0.1081 -0.9855
vn -0.5047 -0.0190 -0.8631
vn -0.1308 -0.0220 -0.9912
vn -0.5047 -0.1314 -0.8532
vn -0.1318 -0.1515 -0.9796
vn -0.5047 -0.2417 -0.8288
vn -0.1320 -0.2770 -0.9517
vn -0.5047 -0.3478 -0.7901
vn -0.1308 -0.3992 -0.9075
vn -0.5047 -0.4479 -0.7380
vn -0.1309 -0.5146 -0.8474
vn -0.5047 -0.5404 -0.6732
vn -0.1311 -0.6206 -0.7731
vn -0.5047 -0.6237 -0.5969
vn -0.1312 -0.7163 -0.6854
vn -0.5047 -0.6963 -0.5104
vn -0.1309 -0.7995 -0.5863
vn -0.5047 -0.7569 -0.4151
vn -0.1310 -0.8693 -0.4766
vn -0.5047 -0.8046 -0.3128
vn -0.1310 -0.9240 -0.3593
vn -0.5047 -0.8386 -0.2051
vn -0.1310 -0.9630 -0.2354
vn -0.5047 -0.8582 -0.0939
vn -0.1311 -0.9855 -0.1079
vn -0.5047 -0.8631 0.0190
vn -0.1311 -0.9911 0.0219
vn -0.5047 -0.8532 0.1314
vn -0.1309 -0.9799 0.1507
vn -0.5047 -0.8288 0.2417
vn -0.1309 -0.9517 0.2778
vn -0.5047 -0.7901 0.3478
vn -0.1313 -0.9073 0.3994
vn -0.5047 -0.7380 0.4479
vn -0.1313 -0.8475 0.5144
vn -0.5047 -0.6732 0.5404
vn -0.1308 -0.7733 0.6204
vn -0.5047 -0.5969 0.6237
vn -0.1306 -0.6854 0.7163
vn -0.5047 -0.5104 0.6963
vn -0.1312 -0.5858 0.7998
vn -0.5047 -0.4151 0.7569
vn -0.1315 -0.4769 0.8691
vn -0.5047 -0.3128 0.8046
vn -0.1308 -0.3595 0.9239
vn -0.5047 -0.2051 0.8386
vn -0.1307 -0.2353 0.9631
vn -0.5047 -0.0939 0.8582
vn -0.1316 -0.1073 0.9855
vn -0.5047 0.0190 0.8631
vn -0.1318 0.0214 0.9910
vn -0.5047 0.1314 0.8532
vn -0.1308 0.1507 0.9799
vn -0.5047 0.2417 0.8288
vn -0.1309 0.2778 0.9517
vn -0.5047 0.3478 0.7901
vn -0.8707 0.2552 0.4204
vn -0.9196 0.2480 0.3046
vn -0.8707 0.3553 0.3401
vn -0.8707 0.3967 0.2908
vn -0.8707 0.4312 0.2365
vn -0.8707 0.4584 0.1782
vn -0.8707 0.4777 0.1168
vn -0.8707 0.4889 0.0535
vn -0.8707 0.4917 -0.0108
vn -0.8707 0.4861 -0.0749
vn -0.8707 0.4722 -0.1377
vn -0.8707 0.4501 -0.1981
vn -0.8707 0.4204 -0.2552
vn -0.8707 0.3835 -0.3079
vn -0.8707 0.3401 -0.3553
vn -0.8707 0.2908 -0.3967
vn -0.8707 0.2365 -0.4312
vn -0.8707 0.1782 -0.4584
vn -0.8707 0.1168 -0.4778
vn -0.8707 0.0535 -0.4889
vn -0.8707 -0.0108 -0.4917
vn -0.8707 -0.0749 -0.4861
vn -0.8707 -0.1377 -0.4721
vn -0.8707 -0.1981 -0.4501
vn -0.8707 -0.2552 -0.4204
vn -0.8707 -0.3079 -0.3835
vn -0.8707 -0.3553 -0.3401
vn -0.8707 -0.3967 -0.2908
vn -0.8707 -0.4312 -0.2365
vn -0.8707 -0.4584 -0.1782
vn -0.8707 -0.4777 -0.1168
vn -0.8707 -0.4889 -0.0535
vn -0.8707 -0.4917 0.0108
vn -0.8707 -0.4861 0.0749
vn -0.8707 -0.4722 0.1377
vn -0.8707 -0.4501 0.1981
vn -0.8707 -0.4204 0.2552
vn -0.8707 -0.3835 0.3079
vn -0.8707 -0.3400 0.3553
vn -0.8707 -0.2908 0.3967
vn -0.8707 -0.2365 0.4312
vn -0.8707 -0.1782 0.4584
vn -0.8707 -0.1168 0.4777
vn -0.8707 -0.0535 0.4889
vn -0.8707 0.0108 0.4917
vn -0.8707 0.0749 0.4861
vn -0.8707 0.1377 0.4722
vn -0.8707 0.1981 0.4501
vn -0.9933 0.0358 0.1100
vn -0.9927 0.0997 0.0672
vn -0.9921 0.1009 0.0740
vn -0.9921 0.1097 0.0602
vn -0.9921 0.1167 0.0454
vn -0.9921 0.1216 0.0297
vn -0.9921 0.1244 0.0136
vn -0.9921 0.1251 -0.0027
vn -0.9921 0.1237 -0.0191
vn -0.9921 0.1202 -0.0350
vn -0.9921 0.1146 -0.0504
vn -0.9921 0.1070 -0.0649
vn -0.9921 0.0976 -0.0784
vn -0.9921 0.0865 -0.0904
vn -0.9921 0.0740 -0.1010
vn -0.9921 0.0602 -0.1097
vn -0.9921 0.0454 -0.1167
vn -0.9921 0.0297 -0.1216
vn -0.9921 0.0136 -0.1245
vn -0.9921 -0.0028 -0.1252
vn -0.9921 -0.0191 -0.1237
vn -0.9921 -0.0350 -0.1201
vn -0.9921 -0.0504 -0.1146
vn -0.9921 -0.0650 -0.1070
vn -0.9921 -0.0784 -0.0976
vn -0.9921 -0.0904 -0.0865
vn -0.9921 -0.1010 -0.0740
vn -0.9921 -0.1098 -0.0602
vn -0.9921 -0.1167 -0.0454
vn -0.9921 -0.1216 -0.0297
vn -0.9921 -0.1244 -0.0136
vn -0.9921 -0.1251 0.0027
vn -0.9921 -0.1237 0.0191
vn -0.9921 -0.1202 0.0350
vn -0.9921 -0.1146 0.0504
vn -0.9921 -0.1070 0.0650
vn -0.9921 -0.0976 0.0784
vn -0.9921 -0.0865 0.0904
vn -0.9921 -0.0740 0.1009
vn -0.9921 -0.0602 0.1097
vn -0.9921 -0.0454 0.1167
vn -0.9921 -0.0297 0.1216
vn -0.9921 -0.0136 0.1244
vn -0.9921 0.0027 0.1251
vn -0.9921 0.0191 0.1237
vn -0.9921 0.0350 0.1202
vn -0.9921 0.0504 0.1145
vn 0.0542 0.9356 0.3489
vn 0.0958 0.9654 0.2424
vn 0.3819 0.8952 0.2298
vn 0.0609 0.9828 -0.1745
vn 0.0949 0.9548 -0.2817
vn 0.3829 0.8863 -0.2604
vn 0.0695 0.7576 -0.6490
vn 0.0939 0.6794 -0.7277
vn 0.3840 0.6280 -0.6768
vn 0.0812 0.3247 -0.9423
vn 0.0930 0.2156 -0.9721
vn 0.3850 0.1934 -0.9024
vn 0.0931 -0.1942 -0.9765
vn 0.0989 -0.2985 -0.9493
vn 0.3799 -0.2880 -0.8791
vn 0.0501 -0.4020 -0.9143
vn 0.0973 -0.4993 -0.8610
vn 0.3804 -0.4544 -0.8055
vn 0.0520 -0.8108 -0.5830
vn 0.0963 -0.8675 -0.4880
vn 0.3814 -0.8023 -0.4592
vn 0.0572 -0.9943 -0.0903
vn 0.0954 -0.9952 0.0203
vn 0.3824 -0.9239 0.0160
vn 0.0655 -0.9021 0.4266
vn 0.0944 -0.8470 0.5231
vn 0.3835 -0.7853 0.4861
vn 0.0752 -0.5605 0.8248
vn 0.0934 -0.4639 0.8810
vn 0.3845 -0.4259 0.8190
vn 0.9957 0.0051 0.0923
vn 0.9278 0.0207 0.3725
vn 0.9278 0.0869 0.3628
vn 0.9957 0.0215 0.0899
vn 0.9278 0.1503 0.3415
vn 0.9957 0.0373 0.0846
vn 0.9278 0.2089 0.3091
vn 0.9957 0.0518 0.0766
vn 0.9278 0.2607 0.2669
vn 0.9957 0.0646 0.0661
vn 0.9278 0.3042 0.2160
vn 0.9957 0.0754 0.0535
vn 0.7127 0.0390 0.7004
vn 0.7127 0.1634 0.6822
vn 0.7127 0.2826 0.6420
vn 0.7127 0.3927 0.5812
vn 0.7127 0.4902 0.5018
vn 0.7127 0.5719 0.4062
vn 0.3856 0.0529 0.9211
vn 0.3802 0.2230 0.8976
vn 0.9957 -0.0276 0.0883
vn 0.9957 -0.0429 0.0819
vn 0.9278 -0.1115 0.3561
vn 0.9278 -0.1733 0.3304
vn 0.7127 -0.2096 0.6694
vn 0.7127 -0.3257 0.6212
vn 0.3794 -0.2685 0.8854
vn 0.9957 -0.0690 0.0616
vn 0.9957 -0.0789 0.0483
vn 0.9278 -0.2783 0.2485
vn 0.9278 -0.3182 0.1948
vn 0.7127 -0.5232 0.4671
vn 0.7127 -0.5983 0.3662
vn 0.3788 -0.6847 0.6226
vn 0.9957 -0.0908 0.0175
vn 0.9957 -0.0925 0.0010
vn 0.9278 -0.3663 0.0705
vn 0.9278 -0.3731 0.0040
vn 0.7127 -0.6888 0.1326
vn 0.7127 -0.7014 0.0075
vn 0.3787 -0.9073 0.1827
vn 0.9957 -0.0869 -0.0316
vn 0.9957 -0.0799 -0.0466
vn 0.9278 -0.3507 -0.1273
vn 0.9278 -0.3223 -0.1879
vn 0.7127 -0.6593 -0.2394
vn 0.7127 -0.6060 -0.3533
vn 0.3797 -0.8716 -0.3101
vn 0.9957 -0.0584 -0.0717
vn 0.9957 -0.0447 -0.0809
vn 0.9278 -0.2357 -0.2892
vn 0.9278 -0.1803 -0.3266
vn 0.7127 -0.4432 -0.5437
vn 0.7127 -0.3390 -0.6141
vn 0.3832 -0.5854 -0.7144
vn 0.9957 0.0032 -0.0924
vn 0.9957 0.0196 -0.0904
vn 0.9278 0.0127 -0.3729
vn 0.9278 0.0791 -0.3646
vn 0.7127 0.0239 -0.7011
vn 0.7127 0.1487 -0.6855
vn 0.3798 0.0235 -0.9248
vn 0.9957 0.0501 -0.0777
vn 0.9957 0.0632 -0.0675
vn 0.9278 0.2022 -0.3136
vn 0.9278 0.2549 -0.2724
vn 0.7127 0.3801 -0.5895
vn 0.7127 0.4793 -0.5122
vn 0.3791 0.4943 -0.7823
vn 0.9957 0.0829 -0.0410
vn 0.9957 0.0888 -0.0255
vn 0.9278 0.3344 -0.1655
vn 0.9278 0.3586 -0.1031
vn 0.7127 0.6287 -0.3111
vn 0.7127 0.6741 -0.1939
vn 0.3787 0.8258 -0.4179
vn 0.9957 0.0922 0.0073
vn 0.9957 0.0894 0.0236
vn 0.9278 0.3719 0.0295
vn 0.9278 0.3607 0.0954
vn 0.7127 0.6993 0.0554
vn 0.7127 0.6781 0.1793
vn 0.3790 0.9230 0.0660
vn 0.3867 0.3715 0.8441
vn 0.3800 0.5104 0.7715
vn 0.3809 0.6518 0.6558
vn 0.3810 0.7563 0.5318
vn -0.0030 0.1312 0.9913
vn 0.0925 0.0480 0.9946
vn 0.0873 -0.0671 0.9939
vn 0.0975 -0.1631 0.9818
vn 0.3805 -0.1197 0.9170
vn 0.7127 -0.0867 0.6961
vn 0.9278 -0.0461 0.3702
vn 0.9957 -0.0114 0.0918
vn 0.0976 -0.2710 0.9576
vn 0.0177 -0.3878 0.9216
vn 0.0975 -0.6407 0.7616
vn 0.3785 -0.5761 0.7245
vn 0.7127 -0.4314 0.5531
vn 0.9278 -0.2295 0.2942
vn 0.9957 -0.0569 0.0729
vn 0.0975 -0.7213 0.6858
vn 0.0381 -0.7997 0.5992
vn 0.0988 -0.9390 0.3293
vn 0.3783 -0.8666 0.3254
vn 0.7127 -0.6540 0.2535
vn 0.9278 -0.3479 0.1348
vn 0.9957 -0.0862 0.0334
vn 0.0975 -0.9701 0.2224
vn 0.0579 -0.9918 0.1140
vn 0.0986 -0.9758 -0.1954
vn 0.3787 -0.9106 -0.1653
vn 0.7127 -0.6915 -0.1178
vn 0.9278 -0.3678 -0.0627
vn 0.9957 -0.0911 -0.0155
vn 0.0975 -0.9480 -0.3031
vn 0.0763 -0.9133 -0.4002
vn 0.0984 -0.7398 -0.6656
vn 0.3795 -0.6971 -0.6083
vn 0.7127 -0.5332 -0.4558
vn 0.9278 -0.2836 -0.2424
vn 0.9957 -0.0703 -0.0601
vn 0.0975 -0.6611 -0.7439
vn 0.0918 -0.5885 -0.8033
vn 0.7127 -0.2239 -0.6647
vn 0.9278 -0.1191 -0.3536
vn 0.9957 -0.0295 -0.0876
vn 0.0975 -0.1019 -0.9900
vn 0.3829 -0.1309 -0.9145
vn 0.7127 -0.1016 -0.6941
vn 0.9278 -0.0540 -0.3691
vn 0.9957 -0.0134 -0.0915
vn 0.0977 0.0083 -0.9952
vn 0.0074 0.1330 -0.9911
vn 0.0975 0.4168 -0.9038
vn 0.3792 0.3613 -0.8519
vn 0.7127 0.2687 -0.6479
vn 0.9278 0.1429 -0.3446
vn 0.9957 0.0354 -0.0854
vn 0.0976 0.5144 -0.8520
vn 0.0279 0.6153 -0.7878
vn 0.0975 0.8192 -0.5652
vn 0.3782 0.7486 -0.5445
vn 0.7127 0.5630 -0.4184
vn 0.9278 0.2995 -0.2225
vn 0.9957 0.0742 -0.0551
vn 0.0975 0.8768 -0.4708
vn 0.0481 0.9281 -0.3692
vn 0.0999 0.9926 -0.0685
vn 0.3784 0.9219 -0.0829
vn 0.7127 0.6979 -0.0704
vn 0.9278 0.3712 -0.0374
vn 0.9957 0.0920 -0.0093
vn 0.0989 0.9943 0.0409
vn 0.0674 0.9866 0.1486
vn 0.0995 0.8890 0.4470
vn 0.3791 0.8338 0.4013
vn 0.7127 0.6352 0.2975
vn 0.9278 0.3379 0.1583
vn 0.9957 0.0837 0.0392
vn 0.0985 0.8345 0.5422
vn 0.0978 0.2550 0.9620
vn 0.0979 0.4013 0.9107
vn 0.0990 0.5372 0.8377
vn 0.0507 0.6286 0.7760
vn 0.0968 0.7084 0.6992
vn 0.0846 0.7773 0.6234
vn -0.0922 0.9957 0.0025
vn -0.0788 0.9969 -0.0002
vn -0.0901 0.9959 -0.0000
vn -0.0788 0.9969 -0.0005
vn -0.0639 0.7042 -0.7071
vn -0.0546 0.7050 -0.7071
vn -0.0639 0.7027 -0.7086
vn -0.0550 0.7053 -0.7067
vn 0.0328 0.9995 -0.0034
vn 0.0625 0.9980 0.0000
vn 0.0581 0.9983 -0.0017
vn 0.0249 0.9997 -0.0015
vn 0.0215 0.9998 -0.0000
vn 0.0246 0.9997 -0.0035
vn 0.0263 0.9996 -0.0066
vn 0.1777 -0.9841 0.0000
vn 0.1839 -0.9829 -0.0020
vn 0.2781 -0.9606 0.0001
vn 0.2936 -0.9559 -0.0023
vn 0.3309 -0.9437 0.0006
vn 0.3412 -0.9400 -0.0005
vn 0.3720 -0.9282 0.0017
vn 0.3747 -0.9271 0.0036
vn 0.4436 -0.8962 0.0016
vn 0.4149 -0.9099 0.0029
vn 0.5234 -0.8520 -0.0104
vn 0.5203 -0.8540 -0.0000
vn 0.3680 -0.6038 -0.7071
vn 0.3672 -0.6109 -0.7013
vn 0.3303 -0.6542 -0.6804
vn 0.2680 -0.6089 -0.7466
vn 0.2615 -0.6626 -0.7018
vn 0.2400 -0.6758 -0.6969
vn 0.2335 -0.6676 -0.7070
vn 0.2221 -0.7739 -0.5931
vn 0.1283 -0.7044 -0.6981
vn 0.1255 -0.6959 -0.7071
vn 0.0588 -0.9983 -0.0016
vn 0.0625 -0.9980 -0.0000
vn 0.0335 -0.9994 -0.0023
vn 0.0220 -0.9998 -0.0008
vn 0.0214 -0.9998 -0.0000
vn 0.0204 -0.9998 0.0005
vn 0.0230 -0.9997 -0.0009
vn 0.0271 -0.9996 -0.0024
vn 0.0317 -0.7064 -0.7071
vn 0.0345 -0.7096 -0.7037
vn 0.0155 -0.7051 -0.7089
vn 0.0198 -0.6954 -0.7183
vn 0.0142 -0.7070 -0.7071
vn -0.0786 -0.9969 -0.0006
vn -0.0926 -0.9957 -0.0005
vn -0.0783 -0.9969 -0.0010
vn -0.0924 -0.9957 -0.0001
vn -0.0556 -0.7049 -0.7071
vn -0.0624 -0.7044 -0.7071
vn -0.0627 -0.7031 -0.7084
vn 0.0000 0.0000 1.0000
vn -0.0000 0.0000 1.0000
vn 0.0000 -0.0000 1.0000
vn -0.0000 -0.0000 1.0000
vn -0.0000 0.0001 1.0000
vn -0.0000 0.0005 1.0000
vn -0.0000 0.0000 -1.0000
vn 0.0000 0.0000 -1.0000
vn -0.0000 -0.0000 -1.0000
vn 0.0000 -0.0000 -1.0000
vn -0.0002 -0.0001 -1.0000
vn -0.0001 -0.0001 -1.0000
vn -0.4849 -0.0065 -0.8745
vn -0.4343 -0.0140 -0.9007
vn -0.4595 0.0359 -0.8874
vn -0.3116 0.0769 -0.9471
vn -0.3344 0.0661 -0.9401
vn -0.3334 0.0317 -0.9422
vn -0.2865 0.4634 -0.8386
vn -0.3278 0.4278 -0.8424
vn -0.3347 0.3444 -0.8772
vn -0.5293 0.3146 -0.7880
vn -0.5594 0.2264 -0.7974
vn -0.5316 0.2264 -0.8162
vn -0.5096 0.3661 -0.7787
vn -0.4861 0.3780 -0.7879
vn -0.4128 0.5548 -0.7223
vn -0.4601 0.5162 -0.7224
vn -0.4859 0.4988 -0.7177
vn -0.4786 0.4725 -0.7400
vn -0.4932 0.4069 -0.7689
vn -0.4617 0.3381 -0.8200
vn -0.4394 0.4221 -0.7929
vn -0.3962 0.5578 -0.7293
vn -0.3689 0.5815 -0.7251
vn -0.2696 0.5782 -0.7700
vn -0.2339 0.6112 -0.7561
vn -0.2230 0.6406 -0.7348
vn -0.2513 0.5384 -0.8043
vn -0.2695 0.4712 -0.8398
vn -0.2875 0.3717 -0.8827
vn -0.3340 0.2507 -0.9086
vn -0.2925 0.2894 -0.9114
vn -0.3378 0.1854 -0.9228
vn -0.3002 0.2251 -0.9269
vn -0.3080 0.1733 -0.9355
vn -0.3368 0.1378 -0.9314
vn -0.3099 0.1418 -0.9402
vn -0.3345 0.0987 -0.9372
vn -0.3100 0.1138 -0.9439
vn -0.3476 0.0001 -0.9376
vn -0.3167 0.0024 -0.9485
vn -0.3105 0.0344 -0.9500
vn -0.3095 0.0028 -0.9509
vn -0.4198 0.0501 -0.9062
vn -0.3972 -0.0072 -0.9177
vn -0.3679 -0.0009 -0.9299
vn -0.5207 -0.0009 -0.8537
vn -0.5067 0.0407 -0.8611
vn -0.5550 0.0003 -0.8318
vn -0.5555 0.1014 -0.8253
vn -0.6086 -0.0221 -0.7932
vn -0.5854 -0.0737 -0.8074
vn -0.5969 0.0298 -0.8017
vn -0.5832 0.0966 -0.8066
vn -0.5776 0.1620 -0.8000
vn -0.3743 0.0404 -0.9264
vn -0.3722 0.0929 -0.9235
vn -0.3744 0.1626 -0.9129
vn -0.3851 0.2130 -0.8980
vn -0.4134 0.2117 -0.8856
vn -0.4182 0.1520 -0.8955
vn -0.4175 0.0897 -0.9042
vn -0.3120 0.5422 -0.7802
vn -0.2489 0.6399 -0.7270
vn -0.2077 0.6956 -0.6878
vn -0.4824 0.2717 -0.8327
vn -0.2916 0.6340 -0.7163
vn -0.3375 0.6009 -0.7246
vn -0.3545 0.4947 -0.7935
vn -0.3935 0.4547 -0.7990
vn -0.3532 0.4005 -0.8455
vn -0.4057 0.3490 -0.8447
vn -0.4087 0.2847 -0.8671
vn -0.4577 0.2447 -0.8548
vn -0.4547 0.2072 -0.8662
vn -0.4951 0.2074 -0.8437
vn -0.4572 0.1427 -0.8778
vn -0.5018 0.1453 -0.8527
vn -0.4595 0.0855 -0.8841
vn -0.5077 0.0883 -0.8570
vn -0.5850 -0.0853 -0.8065
vn -0.3067 -0.5339 -0.7880
vn -0.3240 -0.4152 -0.8501
vn -0.3977 -0.3852 -0.8327
vn -0.3353 -0.1716 -0.9264
vn -0.3016 -0.1920 -0.9339
vn -0.3344 -0.1088 -0.9361
vn -0.3021 -0.1639 -0.9391
vn -0.2779 -0.3995 -0.8736
vn -0.2828 -0.3614 -0.8885
vn -0.3363 -0.2511 -0.9077
vn -0.2925 -0.2880 -0.9119
vn -0.2986 -0.2453 -0.9223
vn -0.2124 -0.6687 -0.7126
vn -0.2171 -0.6557 -0.7231
vn -0.3498 -0.5754 -0.7393
vn -0.3317 -0.5842 -0.7407
vn -0.2719 -0.6410 -0.7178
vn -0.2556 -0.6608 -0.7057
vn -0.4903 -0.3730 -0.7877
vn -0.4248 -0.5299 -0.7340
vn -0.4092 -0.5483 -0.7294
vn -0.4165 -0.5536 -0.7211
vn -0.4638 -0.4941 -0.7354
vn -0.4799 -0.4718 -0.7397
vn -0.5049 -0.3914 -0.7693
vn -0.5679 -0.3572 -0.7415
vn -0.5346 -0.3178 -0.7831
vn -0.5561 -0.2332 -0.7977
vn -0.5331 -0.2287 -0.8146
vn -0.5736 -0.1554 -0.8043
vn -0.5570 -0.1002 -0.8245
vn -0.5096 -0.0370 -0.8596
vn -0.4600 -0.0349 -0.8872
vn -0.3323 -0.0310 -0.9427
vn -0.3721 -0.0372 -0.9275
vn -0.4160 -0.0392 -0.9085
vn -0.3073 -0.1424 -0.9409
vn -0.3120 -0.1121 -0.9434
vn -0.3139 -0.0690 -0.9469
vn -0.4913 -0.2233 -0.8419
vn -0.4647 -0.3441 -0.8159
vn -0.4358 -0.3494 -0.8295
vn -0.4006 -0.5343 -0.7444
vn -0.4458 -0.2685 -0.8539
vn -0.4136 -0.2106 -0.8858
vn -0.3735 -0.2231 -0.9004
vn -0.4182 -0.1507 -0.8958
vn -0.3758 -0.1607 -0.9127
vn -0.4175 -0.0888 -0.9043
vn -0.3739 -0.0947 -0.9226
vn -0.3329 -0.0645 -0.9408
vn -0.3128 -0.0301 -0.9494
vn -0.5078 -0.0875 -0.8570
vn -0.4595 -0.0847 -0.8841
vn -0.5020 -0.1442 -0.8528
vn -0.4573 -0.1416 -0.8780
vn -0.4548 -0.2056 -0.8665
vn -0.4073 -0.2742 -0.8712
vn -0.3831 -0.2984 -0.8742
vn -0.3310 -0.3287 -0.8845
vn -0.2382 -0.6242 -0.7440
vn -0.2715 -0.5278 -0.8048
vn -0.0527 -0.7088 -0.7034
vn -0.0443 -0.7755 -0.6298
vn -0.0137 -0.6578 -0.7531
vn 0.0254 -0.7958 -0.6050
vn 0.0520 -0.7090 -0.7033
vn 0.0470 -0.7060 -0.7066
vn 0.0706 -0.6825 -0.7275
vn 0.0955 -0.7607 -0.6420
vn 0.0914 -0.7024 -0.7059
vn 0.0913 -0.7014 -0.7069
vn 0.0901 -0.7009 -0.7075
vn 0.0905 -0.7013 -0.7071
vn 0.0590 -0.7251 -0.6861
vn 0.0756 -0.7037 -0.7065
vn 0.0755 -0.7030 -0.7072
vn 0.0890 -0.6990 -0.7096
vn -0.0683 -0.7005 -0.7104
vn -0.0697 -0.6797 -0.7302
vn -0.0769 -0.7021 -0.7079
vn -0.0795 -0.7021 -0.7076
vn -0.0831 -0.6731 -0.7348
vn -0.1022 -0.6995 -0.7073
vn -0.0979 -0.6999 -0.7075
vn -0.1151 -0.6989 -0.7059
vn -0.1215 -0.7003 -0.7034
vn -0.3848 -0.5985 -0.7027
vn -0.3766 -0.6543 -0.6558
vn -0.3078 -0.5963 -0.7414
vn -0.2949 -0.6398 -0.7097
vn -0.2813 -0.6493 -0.7066
vn -0.2673 -0.6929 -0.6697
vn -0.2096 -0.6334 -0.7449
vn -0.2032 -0.7136 -0.6704
vn -0.1533 -0.6888 -0.7085
vn -0.1643 -0.6888 -0.7061
vn -0.1477 -0.7175 -0.6807
vn -0.4778 -0.5235 -0.7055
vn -0.5015 -0.5125 -0.6970
vn -0.4758 -0.5803 -0.6610
vn -0.4199 -0.5783 -0.6995
vn -0.4484 -0.5735 -0.6855
vn -0.4065 -0.5805 -0.7055
vn -0.3887 -0.5908 -0.7070
vn -0.5610 -0.5069 -0.6545
vn -0.4600 -0.4749 -0.7502
vn -0.5516 -0.4351 -0.7116
vn -0.6166 -0.3501 -0.7052
vn -0.6191 -0.3392 -0.7083
vn -0.6025 -0.3000 -0.7396
vn -0.6520 -0.2676 -0.7095
vn -0.6281 -0.3816 -0.6782
vn -0.6410 -0.4083 -0.6499
vn -0.5729 -0.4176 -0.7053
vn -0.5868 -0.4076 -0.6997
vn -0.5550 -0.4741 -0.6835
vn -0.6983 0.0050 -0.7158
vn -0.7361 -0.0352 -0.6760
vn -0.7142 -0.0045 -0.6999
vn -0.7524 -0.0537 -0.6565
vn -0.6356 -0.2892 -0.7158
vn -0.6243 -0.2145 -0.7511
vn -0.7288 -0.1794 -0.6608
vn -0.6471 -0.2040 -0.7346
vn -0.7269 -0.1616 -0.6675
vn -0.6644 -0.1007 -0.7406
vn -0.6358 -0.0896 -0.7666
vn 0.0110 -0.7080 -0.7061
vn 0.0101 -0.7068 -0.7073
vn 0.0124 -0.6578 -0.7531
vn 0.0745 -0.8365 -0.5429
vn -0.0695 0.6629 -0.7455
vn -0.0689 0.6387 -0.7663
vn -0.0906 0.7099 -0.6984
vn -0.0748 0.6680 -0.7404
vn -0.1318 0.6917 -0.7100
vn -0.1014 0.6571 -0.7470
vn -0.0995 0.6745 -0.7316
vn -0.6798 0.0314 -0.7327
vn -0.6472 0.0511 -0.7606
vn -0.7326 0.1018 -0.6730
vn -0.6781 0.1350 -0.7225
vn -0.6925 0.2037 -0.6921
vn -0.6807 0.1594 -0.7150
vn -0.6227 0.3440 -0.7028
vn -0.6039 0.3338 -0.7238
vn -0.5077 0.2108 -0.8353
vn -0.5317 0.2082 -0.8209
vn -0.6047 0.3606 -0.7102
vn -0.5298 0.3756 -0.7604
vn -0.5505 0.5107 -0.6604
vn -0.4649 0.3416 -0.8168
vn -0.4775 0.4984 -0.7236
vn -0.4637 0.5309 -0.7093
vn -0.4299 0.5387 -0.7245
vn -0.4337 0.5997 -0.6725
vn -0.3584 0.5635 -0.7443
vn -0.3226 0.5400 -0.7774
vn -0.3468 0.6613 -0.6651
vn -0.3008 0.6374 -0.7094
vn -0.2844 0.6440 -0.7102
vn -0.2708 0.6528 -0.7074
vn -0.2584 0.7026 -0.6631
vn -0.1903 0.6094 -0.7697
vn -0.1702 0.6819 -0.7114
vn -0.1640 0.6880 -0.7069
vn -0.1331 0.6946 -0.7070
vn 0.7107 0.0077 -0.7034
vn 0.7108 0.0068 -0.7034
vn 0.7327 -0.0539 -0.6784
vn 0.6066 -0.1064 -0.7879
vn 0.6969 -0.2226 -0.6818
vn 0.5745 -0.1157 -0.8103
vn 0.5447 -0.2380 -0.8042
vn 0.6098 -0.3797 -0.6957
vn 0.4290 -0.5614 -0.7077
vn 0.4294 -0.5622 -0.7068
vn 0.5051 -0.4832 -0.7151
vn 0.4870 -0.5114 -0.7080
vn 0.4415 -0.3430 -0.8291
vn 0.5877 -0.2937 -0.7539
vn 0.0409 0.6967 -0.7162
vn 0.0818 0.7024 -0.7071
vn 0.0818 0.7030 -0.7065
vn 0.0918 0.6978 -0.7104
vn 0.0908 0.7007 -0.7077
vn 0.0903 0.7018 -0.7066
vn 0.0680 0.7193 -0.6913
vn 0.0191 0.7947 -0.6067
vn -0.0149 0.6567 -0.7540
vn -0.0458 0.7652 -0.6422
vn -0.0529 0.7103 -0.7019
vn -0.0527 0.7074 -0.7048
vn 0.3428 0.6186 -0.7070
vn 0.3440 0.6179 -0.7070
vn 0.4277 0.5624 -0.7077
vn 0.4284 0.5630 -0.7067
vn 0.4878 0.5077 -0.7101
vn 0.5065 0.4824 -0.7146
vn 0.4417 0.3428 -0.8291
vn 0.6108 0.3781 -0.6957
vn 0.5796 0.2800 -0.7653
vn 0.6966 0.2233 -0.6819
vn 0.6139 0.1028 -0.7826
vn 0.7677 0.0405 -0.6395
vn 0.5837 0.1209 -0.8029
vn 0.5192 0.2354 -0.8216
vn 0.0402 0.7060 -0.7071
vn 0.0402 0.7059 -0.7071
vn 0.0749 0.7029 -0.7074
vn 0.0735 0.7030 -0.7074
vn 0.0896 0.7040 -0.7045
vn 0.9273 -0.0125 -0.3740
vn 0.7036 0.0006 -0.7106
vn 0.9074 0.0979 -0.4088
vn 0.7161 0.1261 -0.6865
vn 0.8691 0.2245 -0.4408
vn 0.6447 0.2610 -0.7185
vn 0.7826 0.4967 -0.3752
vn 0.7921 0.4496 -0.4128
vn 0.5786 0.3716 -0.7260
vn 0.8025 0.4077 -0.4356
vn 0.8659 0.3284 -0.3774
vn 0.4958 0.4807 -0.7232
vn 0.6572 0.6508 -0.3801
vn 0.6946 0.5825 -0.4221
vn 0.7118 0.5427 -0.4458
vn 0.5898 0.6818 -0.4327
vn 0.4078 0.5551 -0.7250
vn 0.5602 0.7347 -0.3826
vn 0.2094 0.6757 -0.7069
vn 0.3508 0.8280 -0.4375
vn 0.3260 0.6617 -0.6752
vn 0.4584 0.7850 -0.4167
vn 0.5139 0.7609 -0.3961
vn 0.1607 0.9104 -0.3811
vn 0.1885 0.8975 -0.3987
vn 0.1214 0.6870 -0.7164
vn 0.2156 0.8722 -0.4391
vn 0.2973 0.8743 -0.3838
vn 0.1244 0.8972 -0.4238
vn 0.0779 0.7124 -0.6975
vn 0.1070 0.9157 -0.3873
vn 0.0912 0.8994 -0.4276
vn 0.0556 0.7039 -0.7081
vn 0.0758 0.9240 -0.3749
vn 0.0674 0.9222 -0.3807
vn 0.0522 0.6917 -0.7203
vn 0.0660 0.9273 -0.3685
vn 0.0053 0.7040 -0.7102
vn 0.0485 0.9093 -0.4132
vn 0.0655 0.9172 -0.3930
vn -0.0721 0.7152 -0.6952
vn -0.0326 0.8953 -0.4442
vn 0.0177 0.9239 -0.3823
vn -0.1231 0.9163 -0.3812
vn -0.1220 0.9140 -0.3869
vn -0.0926 0.6971 -0.7109
vn -0.1063 0.9068 -0.4079
vn -0.0666 0.9196 -0.3871
vn -0.1198 0.9161 -0.3827
vn -0.0877 0.7035 -0.7052
vn -0.1149 0.9169 -0.3822
vn -0.0987 0.9435 -0.3163
vn -0.0501 0.6950 -0.7173
vn -0.0475 0.9314 -0.3608
vn -0.0294 0.9471 -0.3196
vn -0.0189 0.7354 -0.6774
vn -0.0220 0.9281 -0.3717
vn -0.0157 0.9380 -0.3462
vn -0.0045 0.7010 -0.7132
vn -0.0052 0.9207 -0.3902
vn -0.0163 0.9073 -0.4202
vn -0.0342 0.7221 -0.6910
vn -0.0827 0.9096 -0.4073
vn -0.1239 0.9103 -0.3949
vn -0.1256 0.6912 -0.7117
vn -0.1711 0.9120 -0.3728
vn -0.2248 0.8856 -0.4064
vn -0.2108 0.6671 -0.7145
vn -0.2850 0.8800 -0.3800
vn 0.8934 -0.1064 -0.4364
vn 0.8937 -0.2102 -0.3963
vn 0.7314 -0.2496 -0.6347
vn 0.7823 -0.3092 -0.5408
vn 0.8040 -0.4302 -0.4106
vn 0.7254 -0.5006 -0.4724
vn 0.6989 -0.6017 -0.3867
vn 0.5241 -0.4799 -0.7036
vn 0.1984 -0.8706 -0.4503
vn 0.1147 -0.6888 -0.7158
vn 0.2076 -0.6625 -0.7198
vn 0.5679 -0.6166 -0.5453
vn 0.5509 -0.7331 -0.3988
vn 0.4455 -0.6987 -0.5598
vn 0.4164 -0.8146 -0.4038
vn 0.3751 -0.6426 -0.6681
vn 0.3386 -0.8209 -0.4599
vn 0.2737 -0.8833 -0.3805
vn 0.1486 -0.9119 -0.3825
vn 0.1105 -0.8894 -0.4435
vn 0.0721 -0.7010 -0.7095
vn 0.0956 -0.9200 -0.3800
vn 0.0705 -0.8076 -0.5855
vn 0.0731 -0.9231 -0.3777
vn 0.0444 -0.7061 -0.7068
vn 0.0595 -0.9224 -0.3817
vn -0.0257 -0.7875 -0.6158
vn 0.0266 -0.9130 -0.4071
vn -0.0376 -0.7911 -0.6105
vn -0.0914 -0.9076 -0.4097
vn -0.0881 -0.7010 -0.7077
vn -0.1148 -0.9165 -0.3831
vn -0.2736 0.6488 -0.7100
vn -0.3583 0.8534 -0.3786
vn -0.1444 -0.9071 -0.3953
vn -0.2814 -0.8836 -0.3742
vn -0.2070 -0.6783 -0.7050
vn -0.1714 -0.7470 -0.6423
vn -0.0744 -0.8123 -0.5784
vn -0.0323 -0.9188 -0.3935
vn -0.0101 -0.7049 -0.7092
vn -0.0590 -0.5693 -0.8200
vn -0.0609 -0.9346 -0.3506
vn -0.0259 -0.7103 -0.7034
vn -0.0317 -0.9226 -0.3844
vn -0.0190 -0.7482 -0.6632
vn -0.0180 -0.9495 -0.3132
vn -0.0122 -0.9252 -0.3793
vn -0.4399 0.8000 -0.4080
vn -0.4435 0.6621 -0.6041
vn -0.4895 0.6798 -0.5462
vn -0.7093 -0.0075 -0.7048
vn -0.9262 0.0033 -0.3771
vn -0.7810 0.0798 -0.6194
vn -0.8964 0.1676 -0.4104
vn -0.6740 0.2025 -0.7104
vn -0.8887 0.2734 -0.3681
vn -0.6825 0.3539 -0.6395
vn -0.8444 0.3481 -0.4071
vn -0.6915 0.3993 -0.6020
vn -0.7435 0.5265 -0.4123
vn -0.5168 0.4780 -0.7102
vn -0.6889 0.6242 -0.3685
vn -0.6008 0.6652 -0.4433
vn -0.8959 -0.1745 -0.4086
vn -0.7674 -0.0768 -0.6365
vn -0.9087 -0.2578 -0.3284
vn -0.6715 -0.2031 -0.7126
vn -0.8324 -0.3514 -0.4286
vn -0.6173 -0.3268 -0.7156
vn -0.3329 -0.7791 -0.5312
vn -0.4335 -0.7958 -0.4229
vn -0.4010 -0.5771 -0.7114
vn -0.5228 -0.7619 -0.3824
vn -0.5455 -0.5211 -0.6564
vn -0.6052 -0.6855 -0.4048
vn -0.5794 -0.4840 -0.6558
vn -0.7504 -0.5232 -0.4040
vn -0.8212 -0.4280 -0.3774
vn 0.2059 0.9413 -0.2676
vn 0.1378 0.9323 -0.3343
vn 0.1857 0.9813 -0.0501
vn 0.0617 0.9801 -0.1887
vn 0.0738 0.9748 -0.2105
vn 0.0518 0.8794 -0.4733
vn 0.0735 0.9268 -0.3683
vn 0.0850 0.9335 -0.3485
vn 0.0834 0.9765 -0.1989
vn 0.1233 0.9856 -0.1160
vn 0.1053 0.9231 -0.3698
vn 0.0964 0.9198 -0.3803
vn 0.0967 0.9299 -0.3548
vn 0.1253 0.9811 -0.1473
vn 0.1305 0.9598 -0.2485
vn 0.1799 0.9828 -0.0422
vn 0.2224 0.9443 -0.2427
vn 0.2612 0.9635 0.0578
vn 0.2509 0.9146 -0.3172
vn 0.9101 -0.0130 0.4142
vn 0.9949 -0.0131 -0.1003
vn 0.9957 0.0651 -0.0657
vn 0.9367 0.0917 0.3378
vn 0.9843 0.1551 -0.0848
vn 0.9265 0.1994 0.3190
vn 0.9535 0.2584 -0.1549
vn 0.8854 0.2853 0.3670
vn 0.9387 0.3010 -0.1682
vn 0.8828 0.3414 0.3227
vn 0.9017 0.4091 -0.1399
vn 0.8366 0.4569 0.3022
vn 0.8359 0.5197 -0.1766
vn 0.7844 0.5664 0.2527
vn 0.7634 0.6133 -0.2026
vn 0.7115 0.6395 0.2911
vn 0.7248 0.6502 -0.2280
vn 0.6880 0.6797 0.2545
vn 0.6648 0.7149 -0.2167
vn 0.6413 0.7637 0.0733
vn 0.5800 0.7796 -0.2363
vn 0.6302 0.7692 0.1063
vn 0.5395 0.8328 0.1240
vn 0.4947 0.8471 -0.1944
vn 0.4623 0.8630 0.2037
vn 0.4481 0.8622 -0.2364
vn 0.4290 0.8854 0.1791
vn 0.3984 0.9046 -0.1516
vn 0.3721 0.9281 -0.0135
vn 0.3145 0.9236 -0.2192
vn 0.2974 0.9520 -0.0723
vn 0.0097 0.9529 0.3032
vn -0.0564 0.9926 0.1076
vn -0.0577 0.9749 0.2151
vn -0.0700 0.8274 -0.5572
vn -0.0514 0.7118 -0.7005
vn -0.0830 0.7104 -0.6989
vn -0.1185 0.9924 -0.0320
vn -0.1092 0.9871 0.1168
vn -0.1128 0.8763 -0.4685
vn -0.1096 0.8382 -0.5342
vn -0.1212 0.9254 -0.3590
vn 0.0457 0.9247 -0.3779
vn 0.0246 0.7412 -0.6708
vn 0.0366 0.9312 0.3626
vn 0.0216 0.9956 0.0908
vn 0.0197 0.9908 0.1339
vn -0.0267 0.9496 -0.3124
vn 0.0086 0.7409 -0.6715
vn -0.0048 0.8932 -0.4497
vn 0.3407 -0.9308 0.1322
vn 0.2726 -0.9608 0.0514
vn 0.2517 -0.9169 -0.3098
vn 0.6956 -0.6825 -0.2245
vn 0.7274 -0.6620 -0.1806
vn 0.7564 -0.6065 0.2451
vn 0.6830 -0.6764 0.2759
vn 0.6631 -0.7435 0.0866
vn 0.6127 -0.7567 -0.2282
vn 0.5706 -0.7926 0.2147
vn 0.5375 -0.8198 -0.1974
vn 0.5038 -0.8321 0.2320
vn 0.4720 -0.8527 -0.2237
vn 0.4708 -0.8533 0.2241
vn 0.4248 -0.8760 -0.2284
vn 0.4090 -0.8959 0.1733
vn 0.3801 -0.9031 -0.2000
vn 0.3172 -0.9141 -0.2526
vn 0.7398 -0.6380 -0.2136
vn 0.7468 -0.6276 -0.2198
vn 0.7809 -0.5556 0.2854
vn 0.7926 -0.5693 -0.2186
vn 0.8205 -0.4596 0.3399
vn 0.8405 -0.5163 -0.1643
vn 0.8774 -0.4407 -0.1897
vn 0.8491 -0.4130 0.3293
vn 0.9071 -0.2988 0.2965
vn 0.9053 -0.4097 -0.1118
vn 0.9209 -0.3519 -0.1678
vn 0.9376 -0.1782 0.2986
vn 0.9566 -0.2736 -0.1003
vn 0.9017 -0.1036 0.4197
vn 0.9847 -0.1473 -0.0931
vn 0.9948 -0.0571 -0.0839
vn -0.1070 0.8384 -0.5344
vn -0.1175 0.9246 -0.3623
vn 0.0566 -0.9804 -0.1888
vn 0.0529 -0.8916 -0.4497
vn 0.0672 -0.9794 -0.1903
vn 0.0687 -0.9092 -0.4106
vn 0.0753 -0.9084 -0.4112
vn 0.0865 -0.9193 -0.3838
vn 0.0812 -0.9480 -0.3076
vn 0.0856 -0.9728 -0.2152
vn 0.1173 -0.9432 -0.3107
vn 0.1025 -0.9478 -0.3018
vn 0.1011 -0.9742 -0.2019
vn 0.1982 -0.9229 -0.3300
vn 0.2219 -0.9746 0.0301
vn 0.1655 -0.9515 -0.2592
vn 0.1372 -0.9468 -0.2911
vn 0.1062 -0.9674 -0.2300
vn -0.0576 0.8079 -0.5865
vn -0.0110 0.8338 -0.5519
vn -0.0335 0.9949 -0.0951
vn -0.0119 0.9264 -0.3763
vn -0.0490 0.9487 -0.3123
vn -0.0761 0.8558 -0.5117
vn -0.0950 0.9932 0.0666
vn -0.0836 0.7719 -0.6303
vn -0.1207 -0.9257 -0.3586
vn -0.1094 -0.8383 -0.5342
vn -0.1114 -0.8732 -0.4744
vn -0.1093 -0.9302 -0.3504
vn -0.0886 -0.8486 -0.5216
vn -0.0943 -0.9385 -0.3322
vn -0.0659 -0.8892 -0.4527
vn -0.0314 -0.9223 -0.3852
vn -0.0207 -0.8640 -0.5030
vn 0.0070 -0.8919 -0.4522
vn 0.0401 -0.9440 -0.3274
vn -0.0447 0.8200 -0.5706
vn -0.0480 0.8009 -0.5969
vn -0.0186 0.8895 -0.4566
vn -0.7276 0.5317 -0.4336
vn -0.6218 0.4200 -0.6610
vn -0.7160 0.4435 -0.5391
vn -0.7164 0.4038 -0.5689
vn -0.8007 0.4013 -0.4448
vn -0.7009 0.3186 -0.6381
vn -0.8557 0.3053 -0.4178
vn -0.7092 0.2498 -0.6592
vn -0.0729 0.9089 -0.4106
vn -0.0813 0.7923 -0.6047
vn -0.1114 0.8417 -0.5283
vn -0.1418 0.8356 -0.5307
vn -0.1875 0.8965 -0.4013
vn -0.1637 0.7606 -0.6283
vn -0.2143 0.8734 -0.4373
vn -0.2483 0.8355 -0.4902
vn -0.2554 0.7403 -0.6219
vn -0.2978 0.7363 -0.6076
vn -0.3598 0.8035 -0.4742
vn -0.3417 0.7067 -0.6195
vn -0.4125 0.7908 -0.4521
vn -0.4061 0.7039 -0.5827
vn -0.4309 0.6813 -0.5917
vn -0.4624 0.6393 -0.6144
vn -0.4911 0.7337 -0.4696
vn -0.5337 0.6763 -0.5078
vn -0.5941 0.6807 -0.4286
vn -0.5188 0.5571 -0.6485
vn -0.5467 0.5340 -0.6449
vn -0.5654 0.4917 -0.6623
vn -0.6732 0.5945 -0.4396
vn -0.6257 0.4947 -0.6031
vn -0.6034 0.4406 -0.6646
vn -0.0017 0.8008 -0.5990
vn 0.0031 0.9151 -0.4032
vn 0.0042 0.7468 -0.6650
vn 0.0150 0.9478 -0.3185
vn 0.0015 0.8685 -0.4957
vn -0.0364 0.7976 -0.6021
vn -0.1186 -0.9256 -0.3594
vn -0.1063 -0.8389 -0.5338
vn -0.9083 0.0875 -0.4091
vn -0.8885 0.1243 -0.4417
vn -0.7491 0.0773 -0.6579
vn -0.7984 0.1322 -0.5874
vn -0.7356 0.1724 -0.6552
vn -0.8868 0.2091 -0.4121
vn -0.0081 -0.8322 -0.5544
vn -0.0267 -0.7036 -0.7101
vn -0.0077 -0.9234 -0.3837
vn -0.0373 -0.7223 -0.6906
vn -0.0760 -0.9850 -0.1549
vn -0.0742 -0.7579 -0.6482
vn -0.0830 -0.7555 -0.6499
vn -0.1154 -0.9583 -0.2613
vn -0.8809 0.0509 -0.4706
vn -0.7559 -0.0078 -0.6547
vn -0.9170 -0.0212 -0.3983
vn -0.8461 -0.3367 -0.4131
vn -0.6992 -0.2633 -0.6646
vn -0.7502 -0.3431 -0.5652
vn -0.8003 -0.4271 -0.4208
vn -0.6582 -0.3633 -0.6594
vn -0.7448 -0.4645 -0.4792
vn -0.6205 -0.4224 -0.6607
vn -0.7101 -0.5260 -0.4680
vn -0.6286 -0.4960 -0.5990
vn -0.6908 -0.5894 -0.4188
vn -0.5659 -0.5067 -0.6504
vn -0.5735 -0.5624 -0.5957
vn -0.5139 -0.5605 -0.6494
vn -0.6113 -0.6241 -0.4866
vn -0.5913 -0.6870 -0.4223
vn -0.5326 -0.6718 -0.5148
vn -0.4963 -0.7361 -0.4602
vn -0.4702 -0.6367 -0.6112
vn -0.4540 -0.7609 -0.4637
vn -0.4259 -0.6515 -0.6278
vn -0.4101 -0.7260 -0.5520
vn -0.3542 -0.7109 -0.6076
vn -0.3505 -0.7843 -0.5120
vn -0.2951 -0.7147 -0.6342
vn -0.3276 -0.8513 -0.4097
vn -0.2717 -0.8059 -0.5261
vn -0.2564 -0.8688 -0.4237
vn -0.2013 -0.7566 -0.6221
vn -0.1836 -0.7701 -0.6109
vn -0.1875 -0.8968 -0.4008
vn -0.1578 -0.7621 -0.6279
vn -0.1377 -0.8175 -0.5592
vn -0.1042 -0.8466 -0.5219
vn -0.0551 -0.8728 -0.4849
vn -0.0846 -0.8328 -0.5471
vn -0.0242 -0.8698 -0.4929
vn 0.0039 -0.8065 -0.5913
vn 0.0073 -0.7783 -0.6278
vn 0.0158 -0.8892 -0.4572
vn 0.0106 -0.9864 -0.1640
vn 0.0013 -0.8229 -0.5682
vn 0.0080 -0.8884 -0.4589
vn 0.0025 -0.9738 -0.2275
vn -0.8828 -0.0633 -0.4654
vn -0.7485 -0.0917 -0.6568
vn -0.9042 -0.1232 -0.4091
vn -0.8939 -0.1997 -0.4013
vn -0.8332 -0.2718 -0.4816
vn -0.7196 -0.2047 -0.6635
vn -0.7330 -0.1724 -0.6580
vn -0.7774 -0.1345 -0.6144
vn -0.8561 -0.1008 0.5068
vn -0.8597 -0.0980 0.5013
vn -0.8949 0.0958 0.4358
vn -0.8838 0.0673 0.4630
vn -0.9026 0.2964 0.3123
vn -0.9000 0.2740 0.3391
vn -0.8881 0.3993 0.2278
vn -0.8891 0.3900 0.2396
vn -0.8783 0.4404 0.1860
vn -0.8770 0.4452 0.1809
vn -0.8400 -0.1551 0.5200
vn -0.8830 -0.0899 0.4606
vn -0.8899 -0.0461 0.4539
vn -0.8753 -0.0660 0.4790
vn -0.8610 -0.0239 0.5081
vn -0.8770 -0.0027 0.4805
vn -0.8819 0.0013 0.4714
vn -0.8790 -0.0989 0.4665
vn -0.8480 -0.1137 0.5177
vn -0.8484 -0.1507 0.5074
vn -0.8297 -0.1056 0.5482
vn -0.8454 -0.1333 0.5173
vn -0.8398 -0.1444 0.5234
vn -0.8648 0.4935 0.0920
vn -0.8646 0.4833 0.1376
vn -0.8548 0.1044 0.5084
vn -0.8539 0.0993 0.5108
vn -0.8410 0.1521 0.5193
vn -0.8343 0.1319 0.5353
vn -0.8301 0.1236 0.5437
vn -0.8585 0.1088 0.5012
vn -0.8419 0.1227 0.5255
vn -0.8633 0.1078 0.4930
vn -0.8607 0.0913 0.5009
vn -0.8707 0.0778 0.4857
vn -0.8727 0.0774 0.4821
vn -0.8770 0.0600 0.4767
vn -0.8678 0.0399 0.4954
vn -0.8948 0.0257 0.4457
vn -0.7622 0.6147 -0.2031
vn -0.7401 0.6209 -0.2583
vn -0.8017 0.5863 -0.1160
vn -0.8361 0.5485 0.0016
vn -0.8853 -0.4097 0.2198
vn -0.8838 -0.3894 0.2594
vn -0.8752 -0.3644 0.3183
vn -0.8846 -0.1596 0.4382
vn -0.8668 -0.3256 0.3777
vn -0.8840 -0.0603 0.4636
vn -0.6982 0.6242 -0.3507
vn -0.7083 0.6156 -0.3456
vn -0.6638 0.6137 -0.4275
vn -0.6708 0.6074 -0.4255
vn -0.8771 -0.4443 0.1824
vn -0.8784 -0.4395 0.1878
vn -0.6672 0.5917 -0.4525
vn -0.6674 0.5914 -0.4525
vn -0.6672 0.5912 -0.4531
vn -0.8615 -0.4917 0.1268
vn -0.8653 -0.4922 0.0948
vn -0.8353 -0.5495 -0.0189
vn -0.8067 -0.5783 -0.1216
vn -0.7571 -0.6226 -0.1979
vn -0.7303 -0.6185 -0.2901
vn -0.6842 -0.6042 -0.4084
vn -0.6639 -0.5967 -0.4507
vn -0.6162 -0.6469 -0.4493
vn -0.6125 -0.6510 -0.4484
vn -0.2361 -0.9717 -0.0030
vn -0.1086 -0.9941 -0.0014
vn -0.2664 -0.9639 0.0028
vn -0.0964 -0.9953 -0.0031
vn -0.3437 -0.9391 0.0035
vn -0.2033 -0.9791 0.0014
vn -0.0480 -0.9988 -0.0034
vn -0.1408 -0.9020 0.4082
vn -0.2585 -0.9299 0.2617
vn -0.1439 -0.9729 0.1809
vn -0.3176 -0.9480 0.0211
vn 0.2624 -0.9529 0.1521
vn -0.0612 -0.9979 0.0233
vn -0.3552 -0.9345 0.0218
vn -0.3253 -0.9434 0.0650
vn -0.3800 -0.9207 0.0887
vn -0.4329 -0.8588 0.2738
vn -0.4572 -0.7110 0.5343
vn -0.3326 -0.8106 0.4820
vn -0.4373 -0.8935 0.1019
vn -0.4843 -0.1436 0.8630
vn -0.4460 0.0546 0.8934
vn -0.3937 0.1545 0.9061
vn -0.2645 0.3276 0.9070
vn -0.2726 0.4038 0.8733
vn -0.5377 -0.4879 0.6876
vn -0.5487 -0.1934 0.8134
vn -0.4518 -0.0611 0.8900
vn -0.5198 -0.3416 0.7830
vn -0.5386 -0.5250 0.6591
vn -0.5249 -0.6686 0.5268
vn -0.4956 -0.7588 0.4225
vn -0.4478 -0.8503 0.2766
vn -0.4030 -0.9122 0.0741
vn -0.3537 0.0611 0.9334
vn -0.5651 0.1438 0.8124
vn -0.4480 -0.1030 0.8881
vn -0.4015 -0.3980 0.8249
vn -0.5848 -0.4052 0.7027
vn -0.1214 -0.2300 0.9656
vn -0.5628 -0.3682 0.7401
vn -0.4790 -0.6089 0.6323
vn -0.4834 -0.6994 0.5265
vn -0.8183 0.0594 0.5717
vn -0.2264 -0.3537 0.9076
vn -0.3245 -0.1246 0.9376
vn -0.6056 -0.2014 0.7698
vn -0.5559 0.2173 0.8023
vn -0.1725 -0.8395 0.5152
vn -0.2381 -0.7565 0.6091
vn -0.5177 -0.5207 0.6789
vn -0.2916 -0.4179 0.8604
vn 0.1146 -0.5696 0.8139
vn -0.2513 -0.6128 0.7493
vn -0.6436 -0.2504 0.7232
vn -0.8485 0.0761 0.5237
vn 0.2853 0.1135 0.9517
vn -0.4322 -0.2598 0.8636
vn -0.5079 -0.4675 0.7235
vn -0.4936 -0.3054 0.8143
vn -0.5031 -0.6158 0.6064
vn -0.2723 0.4157 0.8678
vn -0.3684 0.1840 0.9113
vn -0.4546 -0.0980 0.8853
vn -0.4552 -0.7169 0.5281
vn -0.1526 0.1633 0.9747
vn -0.1654 -0.0137 0.9861
vn -0.2242 0.0312 0.9741
vn -0.0398 0.6887 0.7239
vn 0.0000 0.7439 0.6682
vn -0.0992 0.4289 0.8979
vn -0.0063 0.6442 0.7649
vn -0.1072 0.0133 0.9941
vn -0.0151 0.2300 0.9731
vn -0.3412 -0.0890 0.9358
vn -0.4077 -0.1198 0.9052
vn -0.3531 -0.2317 0.9064
vn -0.4370 -0.4714 0.7660
vn -0.4470 -0.3927 0.8037
vn 0.0103 0.7863 0.6178
vn -0.0029 0.7866 0.6174
vn -0.0172 0.6581 0.7527
vn -0.0981 0.6232 0.7759
vn -0.1635 0.3522 0.9215
vn -0.2513 0.2648 0.9310
vn -0.1686 0.4965 0.8515
vn -0.2794 0.2998 0.9122
vn -0.0226 0.4120 0.9109
vn -0.0369 0.1524 0.9876
vn 0.0279 0.1229 0.9920
vn -0.3093 0.0573 0.9492
vn -0.3656 0.0540 0.9292
vn -0.2520 0.2586 0.9325
vn -0.1584 0.5143 0.8429
vn -0.3835 0.4970 0.7784
vn -0.0874 0.7895 0.6075
vn -0.0923 0.8207 0.5639
vn -0.3546 0.7625 0.5412
vn -0.8960 0.1260 0.4258
vn -0.8489 0.1238 0.5138
vn -0.7509 0.3314 0.5713
vn -0.7337 0.1338 0.6661
vn -0.6248 0.3440 0.7009
vn -0.5851 0.1276 0.8009
vn -0.5114 0.3046 0.8036
vn -0.4401 0.0480 0.8967
vn -0.2724 0.4426 0.8543
vn -0.1978 0.6946 0.6917
vn -0.5502 0.5389 0.6379
vn -0.0693 0.7180 0.6926
vn -0.2901 0.7204 0.6300
vn -0.6310 0.5643 0.5323
vn -0.6952 0.5753 0.4309
vn -0.9160 0.3088 0.2561
vn -0.9939 0.0700 0.0858
vn -0.9620 0.0926 0.2568
vn -0.8466 0.3366 0.4123
vn -0.2760 0.0932 0.9566
vn -0.9936 0.0945 0.0618
vn -0.8863 0.3983 0.2363
vn -0.9918 0.1095 0.0658
vn -0.6281 0.6698 0.3960
vn -0.3795 0.7976 0.4689
vn -0.1825 0.8426 0.5068
vn -0.0466 0.8518 0.5219
vn -0.9821 0.1747 0.0702
vn -0.1570 0.9164 0.3681
vn -0.0456 0.9772 0.2072
vn -0.1656 0.9637 0.2092
vn -0.4244 0.8401 0.3377
vn -0.7449 0.6171 0.2537
vn -0.9918 0.1249 0.0287
vn -0.9006 0.4236 0.0979
vn -0.3625 0.9092 0.2048
vn -0.5560 0.8104 0.1845
vn -0.7256 0.6714 0.1504
vn -0.9946 0.1009 0.0228
vn -0.1158 0.9796 0.1641
vn -0.3714 0.9099 0.1847
vn -0.6206 0.7632 0.1797
vn -0.9924 0.0487 0.1133
vn -0.9770 0.1773 0.1182
vn -0.9043 0.4011 0.1460
vn -0.7712 0.6145 0.1662
vn -0.7430 0.5515 0.3792
vn 0.3197 0.3265 0.8895
vn -0.0198 0.3115 0.9500
vn -0.0216 0.5951 0.8033
vn 0.2688 0.5060 0.8196
vn 0.4574 0.6484 0.6086
vn 0.5906 0.4013 0.7001
vn 0.8067 0.4338 0.4012
vn -0.0810 0.9798 0.1828
vn -0.0794 0.9787 0.1895
vn -0.2377 0.9060 0.3502
vn 0.0564 0.9854 0.1603
vn 0.3246 0.9271 0.1876
vn 0.0086 0.9863 0.1645
vn 0.1432 0.9364 0.3205
vn -0.0267 0.9832 0.1806
vn -0.0263 0.8957 0.4440
vn -0.0269 0.9820 0.1868
vn -0.0659 0.9758 0.2087
vn 0.8990 0.1678 0.4044
vn 0.9762 0.1822 0.1176
vn 0.9963 0.0365 0.0780
vn 0.6643 0.1491 0.7324
vn 0.8970 0.4152 0.1517
vn 0.9818 -0.0371 0.1863
vn 0.8963 0.0335 0.4421
vn 0.8033 -0.0157 0.5954
vn -0.6244 0.3683 0.6888
vn -0.8136 0.4163 0.4059
vn -0.0156 0.0664 0.9977
vn -0.1631 0.0087 0.9866
vn -0.3316 0.3178 0.8883
vn -0.9028 0.2099 0.3754
vn -0.7380 0.1907 0.6473
vn -0.8900 0.0268 0.4552
vn -0.3781 0.0700 0.9231
vn -0.5390 0.0275 0.8419
vn -0.7175 0.0440 0.6951
vn -0.2518 0.6431 0.7232
vn -0.1454 0.8874 0.4375
vn -0.0037 0.7770 0.6295
vn -0.4618 0.6758 0.5745
vn 0.3159 0.8132 0.4888
vn 0.7806 0.4701 0.4120
vn 0.5880 0.7887 0.1793
vn 0.7486 0.6407 0.1706
vn 0.1862 0.0499 0.9813
vn 0.3926 0.0782 0.9164
vn 0.5983 0.0217 0.8010
vn 0.3615 -0.4478 0.8178
vn 0.0677 0.9857 0.1542
vn 0.0661 0.9759 0.2080
vn 0.3494 0.9160 0.1969
vn 0.9967 0.0798 0.0158
vn 0.9166 0.3868 0.1017
vn 0.9950 0.0976 0.0215
vn 0.6954 0.6989 0.1672
vn 0.9851 0.1603 0.0627
vn 0.0817 0.9287 0.3618
vn 0.1104 0.8561 0.5049
vn 0.4592 0.8262 0.3263
vn 0.4108 0.7869 0.4604
vn 0.6746 0.6478 0.3539
vn 0.9860 0.1455 0.0814
vn 0.9994 0.0290 0.0172
vn 0.8177 0.5104 0.2662
vn 0.9246 0.3362 0.1792
vn 0.9737 0.1163 0.1960
vn 0.9935 0.0244 0.1111
vn 0.9967 0.0676 0.0458
vn 0.0947 0.8323 0.5461
vn 0.7190 0.5446 0.4318
vn 0.5514 0.6673 0.5007
vn 0.3642 0.7553 0.5448
vn 0.1828 0.8022 0.5684
vn 0.0440 0.8347 0.5489
vn 0.9255 0.2519 0.2829
vn 0.8550 0.3788 0.3543
vn 0.6967 0.4234 0.5790
vn 0.7936 0.2952 0.5320
vn 0.3118 0.7252 0.6139
vn 0.2276 0.6877 0.6894
vn 0.4240 0.4932 0.7596
vn 0.0208 0.8011 0.5982
vn 0.0735 0.6746 0.7345
vn 0.1052 0.7080 0.6983
vn 0.1008 0.8181 0.5661
vn 0.0977 0.8056 0.5843
vn 0.6336 0.1028 0.7668
vn 0.8461 0.0760 0.5276
vn 0.8562 0.2007 0.4761
vn 0.9395 0.0937 0.3294
vn 0.3317 0.2863 0.8989
vn 0.4152 0.1142 0.9025
vn 0.0944 0.3739 0.9227
vn 0.0985 0.1679 0.9809
vn 0.1908 0.2062 0.9597
vn 0.0867 0.5435 0.8349
vn 0.2034 0.5296 0.8235
vn 0.5625 0.3170 0.7636
vn 0.5537 0.5601 0.6162
vn 0.7046 0.1470 0.6943
vn 0.0094 0.8155 0.5787
vn 0.0634 0.1900 0.9797
vn 0.0374 0.4554 0.8895
vn 0.0157 0.7087 0.7054
vn 0.0033 0.8300 0.5577
vn 0.0933 0.1858 0.9782
vn 0.0251 0.5671 0.8233
vn 0.0011 0.7737 0.6335
vn -0.0249 0.7796 0.6258
vn 0.0435 0.5560 0.8300
vn 0.1184 0.2394 0.9637
vn 0.1553 0.4507 0.8791
vn 0.0931 0.4798 0.8725
vn 0.0170 0.6797 0.7333
vn -0.0090 0.7362 0.6767
vn -0.0363 0.7752 0.6307
vn 0.1781 0.1927 0.9650
vn 0.2618 0.0714 0.9625
vn 0.2845 0.2228 0.9324
vn 0.5030 0.3701 0.7811
vn 0.4053 0.4368 0.8031
vn 0.2035 0.5665 0.7986
vn 0.3996 0.1832 0.8982
vn 0.5858 0.2334 0.7761
vn 0.2664 0.4898 0.8301
vn 0.2965 0.3299 0.8962
vn 0.2989 0.4284 0.8527
vn 0.0314 0.3741 0.9269
vn 0.0782 0.6133 0.7860
vn 0.0714 0.5972 0.7989
vn 0.0357 0.5697 0.8211
vn 0.0594 0.6410 0.7652
vn 0.3444 0.4245 0.8374
vn 0.0374 0.6510 0.7582
vn 0.2101 0.4921 0.8448
vn 0.0445 0.6524 0.7566
vn 0.0168 0.6681 0.7438
vn 0.1662 0.4772 0.8629
vn 0.0113 0.6738 0.7388
vn 0.4350 0.1652 0.8852
vn 0.5493 0.0910 0.8307
vn 0.5665 0.1827 0.8036
vn 0.0220 0.6493 0.7602
vn 0.6662 0.0951 0.7396
vn 0.7055 0.1282 0.6970
vn 0.5758 0.2828 0.7671
vn 0.7624 0.1358 0.6327
vn 0.8725 -0.0904 0.4802
vn 0.6352 0.2847 0.7180
vn 0.8252 0.0905 0.5576
vn 0.6877 0.2578 0.6787
vn -0.1032 -0.5941 -0.7977
vn -0.7114 -0.2903 -0.6401
vn 0.8652 0.0856 0.4940
vn 0.9101 -0.0007 0.4143
vn -0.9410 0.0145 -0.3380
vn 0.8428 0.0890 0.5308
vn 0.9666 -0.0477 0.2519
vn 0.1971 0.2436 0.9496
vn -0.0029 0.1535 0.9881
vn 0.2864 0.1482 0.9466
vn 0.8847 0.0319 0.4650
vn 0.9887 -0.0348 0.1459
vn 0.9876 -0.0424 0.1512
vn 0.6127 0.1115 0.7824
vn -0.0180 0.0691 0.9975
vn 0.9942 -0.0265 0.1038
vn 0.8899 0.0090 0.4561
vn 0.9935 -0.0193 0.1121
vn 0.9928 -0.0122 0.1195
vn 0.2523 0.0589 0.9658
vn 0.6024 0.0384 0.7973
vn 0.6112 0.0122 0.7914
vn 0.3415 0.0178 0.9397
vn 0.1654 0.0203 0.9860
vn -0.0158 0.0223 0.9996
vn 0.8913 0.0020 0.4534
vn 0.9924 -0.0076 0.1231
vn 0.9928 -0.0000 0.1198
vn 0.8900 -0.0001 0.4559
vn 0.6105 -0.0000 0.7920
vn -0.0320 -0.0007 0.9995
vn 0.1358 0.0002 0.9907
vn 0.3272 0.0000 0.9450
vn -0.0169 -0.0216 0.9996
vn 0.2552 -0.0195 0.9667
vn 0.6049 -0.0124 0.7962
vn 0.8913 -0.0020 0.4535
vn 0.9927 0.0064 0.1206
vn 0.9925 0.0169 0.1207
vn 0.8897 -0.0081 0.4565
vn 0.6022 -0.0384 0.7974
vn 0.2525 -0.0588 0.9658
vn -0.0182 -0.0688 0.9975
vn -0.0300 -0.1466 0.9887
vn 0.2300 -0.1510 0.9614
vn 0.5747 -0.1189 0.8097
vn 0.8746 -0.0349 0.4836
vn 0.9855 0.0430 0.1643
vn 0.9732 0.0341 0.2273
vn 0.0228 -0.3571 0.9338
vn 0.2509 -0.3223 0.9128
vn 0.1549 -0.2403 0.9583
vn 0.4349 -0.2743 0.8577
vn 0.5320 -0.2424 0.8113
vn 0.9664 0.0470 0.2527
vn 0.8933 -0.0511 0.4466
vn 0.7843 -0.1294 0.6067
vn 0.6425 -0.2008 0.7395
vn 0.5177 -0.3360 0.7868
vn 0.1913 -0.3873 0.9019
vn 0.2838 -0.1789 0.9421
vn 0.3904 -0.2048 0.8976
vn 0.7759 -0.1748 0.6061
vn 0.0322 -0.6446 0.7638
vn 0.2986 -0.5111 0.8060
vn 0.0428 -0.6249 0.7795
vn 0.0003 -0.6910 0.7228
vn 0.0874 -0.5663 0.8196
vn 0.0009 -0.6842 0.7293
vn 0.1888 -0.4530 0.8713
vn 0.0472 -0.6475 0.7606
vn 0.0509 -0.6447 0.7627
vn 0.2241 -0.4784 0.8490
vn 0.0333 -0.6520 0.7575
vn 0.0225 -0.6723 0.7400
vn 0.0686 -0.6346 0.7698
vn 0.0546 -0.6426 0.7643
vn 0.3087 -0.4616 0.8317
vn 0.0510 -0.6435 0.7638
vn 0.0491 -0.6454 0.7623
vn -0.3250 -0.6589 0.6784
vn -0.3251 -0.6589 0.6783
vn -0.3747 -0.6305 0.6797
vn 0.3720 -0.3993 0.8380
vn -0.3568 -0.6593 0.6618
vn 0.1245 -0.5381 0.8336
vn 0.3380 -0.4699 0.8154
vn -0.4286 -0.5559 0.7123
vn 0.1949 -0.4324 0.8804
vn 0.9212 -0.0002 0.3891
vn 0.7060 -0.2415 0.6657
vn 0.8729 -0.0041 0.4879
vn 0.5480 -0.3509 0.7593
vn 0.6167 -0.2976 0.7287
vn 0.6219 -0.2924 0.7265
vn 0.8671 0.0739 0.4927
vn 0.8481 0.1152 0.5171
vn 0.7857 -0.0240 0.6181
vn 0.5600 -0.2866 0.7774
vn 0.6906 -0.1289 0.7117
vn 0.5177 -0.1688 0.8388
vn 0.6249 -0.1272 0.7703
vn 0.3967 -0.3757 0.8376
vn 0.8149 0.1505 0.5597
vn 0.4754 -0.4002 0.7835
vn 0.4254 -0.4365 0.7928
vn 0.3720 -0.4567 0.8081
vn 0.0672 -0.6307 0.7731
vn 0.1892 -0.1890 0.9636
vn 0.0993 -0.4723 0.8758
vn -0.0008 -0.7293 0.6842
vn -0.0336 -0.7778 0.6276
vn 0.0402 -0.5563 0.8300
vn 0.1151 -0.2391 0.9642
vn 0.0745 -0.1841 0.9801
vn 0.0324 -0.5934 0.8043
vn -0.0117 -0.7731 0.6342
vn 0.0574 -0.1803 0.9819
vn 0.0386 -0.4529 0.8907
vn 0.0147 -0.7084 0.7057
vn 0.0000 -0.8282 0.5604
vn 0.0074 -0.8273 0.5617
vn 0.0142 -0.8025 0.5964
vn 0.0546 -0.6773 0.7337
vn 0.0768 -0.1642 0.9834
vn 0.0476 -0.1763 0.9832
vn 0.0869 -0.3813 0.9203
vn 0.0763 -0.5335 0.8424
vn 0.9856 -0.0908 0.1428
vn 0.9650 -0.0943 0.2448
vn 0.8625 -0.3242 0.3886
vn 0.9245 -0.1002 0.3679
vn 0.8801 -0.1048 0.4631
vn 0.7838 -0.3005 0.5435
vn 0.0987 -0.8050 0.5850
vn 0.1008 -0.8257 0.5550
vn 0.3609 -0.7655 0.5326
vn 0.0818 -0.7396 0.6681
vn 0.2316 -0.6943 0.6815
vn 0.2097 -0.5143 0.8316
vn 0.4191 -0.5052 0.7544
vn 0.5695 -0.5444 0.6159
vn 0.0714 -0.7838 0.6169
vn 0.3138 -0.7223 0.6162
vn 0.6426 -0.5673 0.5150
vn 0.6940 -0.5818 0.4242
vn 0.9150 -0.3139 0.2534
vn 0.6776 -0.2966 0.6729
vn 0.8045 -0.1193 0.5818
vn 0.5660 -0.2886 0.7722
vn 0.6718 -0.1117 0.7323
vn 0.4649 -0.1252 0.8765
vn 0.1996 -0.1622 0.9664
vn 0.3174 -0.2431 0.9166
vn 0.9951 -0.0775 0.0606
vn 0.0883 -0.8322 0.5474
vn 0.8978 -0.3889 0.2067
vn 0.9925 -0.1051 0.0618
vn 0.0361 -0.8619 0.5058
vn 0.1657 -0.8499 0.5001
vn 0.3745 -0.8104 0.4507
vn 0.5497 -0.7423 0.3831
vn 0.7198 -0.6164 0.3193
vn 0.9839 -0.1658 0.0665
vn 0.0803 -0.9303 0.3580
vn 0.0670 -0.9757 0.2088
vn 0.5310 -0.7815 0.3275
vn 0.3480 -0.9162 0.1986
vn 0.6956 -0.6975 0.1719
vn 0.9164 -0.3864 0.1044
vn 0.9950 -0.0976 0.0215
vn 0.0677 -0.9857 0.1545
vn -0.0021 -0.9881 0.1535
vn 0.1261 -0.9790 0.1601
vn 0.3238 -0.9309 0.1692
vn 0.5408 -0.8271 0.1532
vn 0.9919 -0.0405 0.1200
vn 0.9933 -0.1142 0.0150
vn 0.9655 -0.2192 0.1405
vn 0.8681 -0.4726 0.1519
vn 0.6995 -0.6982 0.1524
vn -0.7683 -0.6166 0.1718
vn -0.9218 -0.3577 0.1496
vn -0.8197 -0.4093 0.4007
vn -0.0494 -0.7688 0.6376
vn -0.0144 -0.5891 0.8079
vn 0.2185 -0.6461 0.7313
vn 0.1595 0.0185 0.9870
vn 0.3592 -0.0784 0.9300
vn 0.3201 -0.3084 0.8958
vn -0.0841 -0.9803 0.1788
vn -0.1209 -0.9777 0.1715
vn -0.3768 -0.9070 0.1880
vn -0.0195 -0.9779 0.2083
vn -0.0499 -0.9827 0.1783
vn -0.0386 -0.8629 0.5039
vn -0.0714 -0.9788 0.1922
vn -0.1946 -0.9198 0.3408
vn 0.2489 -0.9339 0.2565
vn 0.0241 -0.9842 0.1755
vn 0.1884 -0.9122 0.3639
vn 0.0092 -0.9822 0.1874
vn 0.0944 -0.8884 0.4492
vn 0.5847 -0.7272 0.3594
vn 0.8952 -0.0174 0.4452
vn 0.5643 -0.0148 0.8254
vn 0.7212 -0.0434 0.6913
vn 0.6933 -0.1460 0.7057
vn 0.9020 -0.2505 0.3517
vn -0.0110 -0.0575 0.9983
vn -0.0005 -0.3152 0.9490
vn -0.3286 -0.3336 0.8836
vn -0.3000 -0.0677 0.9515
vn -0.6529 -0.1635 0.7396
vn -0.9063 -0.1419 0.3980
vn -0.8607 -0.0076 0.5091
vn -0.6591 -0.0393 0.7511
vn -0.9922 -0.0769 0.0985
vn -0.9761 0.0169 0.2167
vn -0.9256 -0.0434 0.3760
vn 0.4376 -0.6873 0.5797
vn -0.2963 -0.4909 0.8193
vn -0.2968 0.5426 0.7858
vn -0.3260 -0.7941 0.5130
vn -0.4918 -0.6253 0.6058
vn -0.7466 -0.5463 0.3797
vn -0.6238 -0.7600 0.1826
vn -0.6053 -0.3815 0.6986
vn 0.6049 -0.3891 0.6948
vn 0.8176 -0.4183 0.3957
vn -0.9938 -0.1088 0.0217
vn -0.8960 -0.4280 0.1185
vn -0.9918 -0.1247 0.0286
vn -0.7303 -0.6634 0.1630
vn -0.5552 -0.8116 0.1818
vn -0.3649 -0.9085 0.2034
vn -0.1645 -0.9637 0.2104
vn -0.0469 -0.9771 0.2074
vn -0.9821 -0.1746 0.0702
vn -0.7804 -0.5829 0.2265
vn -0.7265 -0.5907 0.3512
vn -0.8980 -0.3797 0.2223
vn -0.0545 -0.8570 0.5125
vn -0.4208 -0.8397 0.3432
vn -0.1600 -0.9137 0.3736
vn -0.9918 -0.1097 0.0659
vn -0.1753 -0.8502 0.4964
vn -0.3793 -0.7976 0.4690
vn -0.5695 -0.7087 0.4165
vn -0.0848 -0.8249 0.5588
vn -0.3607 -0.7573 0.5444
vn -0.6513 -0.5919 0.4749
vn -0.9935 -0.0951 0.0623
vn -0.8140 -0.4273 0.3934
vn -0.9094 -0.3010 0.2871
vn -0.9795 -0.1328 0.1514
vn -0.9968 -0.0320 0.0734
vn -0.2945 -0.7196 0.6288
vn -0.2006 -0.6823 0.7030
vn -0.3889 -0.4853 0.7831
vn 0.0045 -0.7897 0.6135
vn -0.0350 -0.6473 0.7614
vn 0.0003 -0.8197 0.5728
vn -0.2261 -0.3099 0.9235
vn -0.0625 -0.7997 0.5972
vn -0.0918 -0.8175 0.5686
vn -0.8207 -0.1758 0.5437
vn -0.9695 -0.0531 0.2393
vn -0.8857 -0.2614 0.3836
vn -0.8827 -0.0721 0.4643
vn -0.6160 -0.1968 0.7628
vn -0.6120 -0.1043 0.7839
vn -0.2887 -0.2488 0.9245
vn -0.0325 -0.4226 0.9057
vn -0.0282 -0.1550 0.9875
vn -0.2557 -0.1174 0.9596
vn -0.1477 -0.5331 0.8331
vn -0.5208 -0.3019 0.7985
vn -0.7702 -0.2926 0.5667
vn -0.6778 -0.4237 0.6009
vn -0.5408 -0.5552 0.6319
vn -0.0950 -0.3762 0.9217
vn -0.0099 -0.6505 0.7595
vn -0.0739 -0.4791 0.8746
vn -0.2013 0.4215 0.8842
vn -0.1313 0.3943 0.9095
vn -0.1670 0.4085 0.8974
vn -0.5352 0.3711 0.7588
vn -0.5440 0.4731 0.6930
vn -0.5345 0.4598 0.7091
vn -0.5021 0.7573 0.4177
vn -0.4542 0.8482 0.2725
vn -0.4903 0.7852 0.3781
vn -0.4097 0.9097 0.0678
vn -0.4352 0.8732 0.2193
vn -0.5279 0.6389 0.5596
vn -0.5437 0.5687 0.6172
vn -0.5320 0.6683 0.5200
vn -0.5140 0.2595 0.8176
vn -0.3985 -0.1531 0.9043
vn -0.4880 0.1311 0.8629
vn -0.5194 0.2785 0.8079
vn -0.2824 -0.3942 0.8745
vn -0.2942 -0.4070 0.8648
vn -0.4195 -0.1023 0.9019
vn -0.3395 -0.2187 0.9148
vn -0.2619 -0.4223 0.8678
vn -0.2945 -0.1509 0.9437
vn -0.4462 0.1429 0.8835
vn -0.3445 0.0557 0.9371
vn -0.4748 0.3105 0.8235
vn -0.4869 0.4725 0.7346
vn -0.4828 0.6207 0.6177
vn -0.4458 0.7231 0.5277
vn -0.3421 0.2197 0.9136
vn -0.2243 -0.0988 0.9695
vn -0.1645 -0.3527 0.9212
vn -0.0718 -0.6431 0.7624
vn -0.2368 0.4344 0.8690
vn -0.4042 -0.0228 0.9144
vn -0.2289 -0.3547 0.9065
vn -0.1662 -0.5640 0.8089
vn -0.1348 -0.1563 0.9785
vn -0.1446 0.0111 0.9894
vn -0.0233 -0.2217 0.9748
vn 0.0309 -0.1191 0.9924
vn -0.2562 0.0587 0.9648
vn 0.0084 -0.7920 0.6105
vn 0.0118 -0.7748 0.6321
vn -0.2501 -0.3585 0.8994
vn -0.4181 0.0097 0.9084
vn -0.5222 0.1329 0.8424
vn -0.5469 0.3185 0.7742
vn -0.5337 0.4065 0.7416
vn -0.5243 0.5006 0.6889
vn -0.4722 0.7241 0.5028
vn -0.4242 0.8601 0.2832
vn -0.3850 0.9185 0.0907
vn -0.4359 0.8902 0.1325
vn -0.2317 0.9376 0.2594
vn -0.3187 0.8230 0.4702
vn -0.1343 0.8830 0.4498
vn -0.4831 0.5916 0.6455
vn -0.3623 0.6836 0.6336
vn -0.2282 0.7455 0.6262
vn -0.5971 0.1750 0.7829
vn -0.5797 0.0186 0.8146
vn -0.6358 -0.0156 0.7717
vn -0.2640 0.5901 0.7630
vn -0.4334 0.4792 0.7632
vn -0.3389 0.4161 0.8438
vn -0.1385 -0.1514 0.9787
vn -0.8956 -0.1286 0.4260
vn -0.4125 0.0693 0.9083
vn -0.5221 0.2547 0.8139
vn -0.5553 0.3910 0.7340
vn -0.3260 0.3188 0.8900
vn -0.3595 0.1586 0.9196
vn -0.3499 -0.0252 0.9365
vn 0.0691 -0.1039 0.9922
vn -0.7185 -0.3154 0.6200
vn -0.5764 -0.2783 0.7683
vn -0.6836 -0.3134 0.6592
vn -0.6191 -0.3035 0.7243
vn -0.2971 0.9542 0.0358
vn 0.3928 0.9004 0.1872
vn -0.5070 0.8596 0.0637
vn -0.4723 0.8786 0.0711
vn 0.4463 0.8744 0.1902
vn -0.0507 0.9984 0.0244
vn -0.1971 0.9804 0.0028
vn -0.3457 0.9384 0.0000
vn -0.3213 0.9449 0.0621
vn -0.3625 0.9320 0.0038
vn -0.0959 0.9954 -0.0025
vn -0.2730 0.9620 0.0068
vn -0.1756 0.9845 -0.0022
vn -0.0902 0.9959 -0.0013
vn -0.0508 0.9987 0.0022
vn -0.1153 0.9933 0.0070
vn -0.3339 0.9426 -0.0053
vn -0.3497 0.9367 -0.0152
vn -0.3369 0.9414 -0.0155
vn -0.3358 -0.0566 0.9402
vn -0.5738 -0.0593 0.8169
vn -0.0098 -0.0634 0.9979
vn -0.1425 -0.0641 0.9877
vn -0.7541 -0.0524 0.6547
vn -0.9139 -0.0250 0.4051
vn -0.9930 -0.0071 0.1180
vn -0.9935 -0.0032 0.1137
vn -0.0029 -0.0620 0.9981
vn 0.0005 -0.0611 0.9981
vn -0.2104 -0.0529 0.9762
vn -0.5344 -0.0449 0.8440
vn -0.7547 -0.0394 0.6549
vn -0.8747 -0.0295 0.4837
vn -0.9582 -0.0231 0.2853
vn -0.9959 -0.0102 0.0897
vn 0.9368 -0.0223 0.3491
vn 0.9888 -0.0107 0.1490
vn 0.9995 -0.0031 0.0312
vn 0.7980 -0.0394 0.6013
vn 0.1677 -0.0573 0.9842
vn 0.5013 -0.0528 0.8636
vn -0.9983 0.0037 0.0585
vn -0.9983 0.0035 0.0575
vn -0.9738 0.0143 0.2271
vn -0.8949 0.0282 0.4454
vn -0.6101 0.0515 0.7906
vn -0.7697 0.0391 0.6372
vn -0.3752 0.0562 0.9252
vn -0.0708 0.0533 0.9961
vn -0.0723 0.0608 0.9955
vn -0.9990 0.0038 0.0436
vn -0.9853 0.0111 0.1705
vn -0.9283 0.0198 0.3712
vn -0.7981 0.0335 0.6016
vn -0.6155 0.0472 0.7867
vn -0.3585 0.0587 0.9317
vn -0.0706 0.0622 0.9956
vn 0.0890 0.0614 0.9941
vn 0.2078 0.0598 0.9763
vn 0.3993 0.0551 0.9152
vn 0.5765 0.0585 0.8150
vn 0.7115 0.0513 0.7008
vn 0.8989 0.0269 0.4374
vn 0.9931 0.0065 0.1172
vn -0.2839 -0.0232 0.9586
vn -0.3258 0.0147 0.9453
vn -0.4092 -0.0248 0.9121
vn -0.5228 0.0263 0.8520
vn -0.5079 -0.0207 0.8612
vn -0.5986 -0.0184 0.8008
vn -0.1671 0.0185 0.9858
vn -0.1676 -0.0191 0.9857
vn -0.9475 0.0863 0.3078
vn -0.9486 -0.0003 0.3165
vn -0.9294 0.0816 0.3599
vn -0.9063 -0.0071 0.4226
vn -0.9082 0.0881 0.4091
vn -0.8398 -0.0067 0.5429
vn -0.8452 0.0663 0.5303
vn -0.8848 0.0715 0.4605
vn -0.7450 0.0025 0.6671
vn -0.6846 0.0321 0.7282
vn -0.7553 0.0406 0.6541
vn -0.7959 0.0264 0.6048
vn -0.7969 -0.0042 0.6041
vn -0.7452 -0.0497 0.6650
vn -0.7166 -0.0347 0.6967
vn -0.6773 -0.0279 0.7352
vn -0.6319 0.0325 0.7743
vn -0.8424 -0.0603 0.5354
vn -0.8996 -0.0880 0.4277
vn -0.9353 -0.0911 0.3420
vn -0.9494 -0.1032 0.2967
vn -0.9523 -0.1304 0.2758
vn -0.9560 -0.0759 0.2833
vn -0.9559 -0.0229 0.2929
vn -0.9563 0.0364 0.2902
vn -0.9564 0.0924 0.2769
vn -0.8953 0.3283 0.3011
vn -0.9149 0.3186 0.2477
vn -0.9390 0.2121 0.2707
vn -0.9534 0.1245 0.2747
vn -0.9409 0.1481 0.3045
vn -0.8887 0.3357 0.3122
vn -0.9288 0.2361 0.2856
vn -0.9476 0.1595 0.2767
vn -0.9136 -0.3155 0.2564
vn -0.9006 -0.3605 0.2426
vn -0.9122 -0.2866 0.2929
vn -0.8983 -0.3509 0.2645
vn -0.8862 -0.3624 0.2885
vn -0.9282 -0.2607 0.2654
vn -0.9307 -0.2060 0.3023
vn -0.9438 -0.1911 0.2696
vn 0.4586 0.1841 0.8693
vn 0.4267 0.4204 0.8007
vn 0.3899 0.4910 0.7790
vn 0.0819 0.4506 0.8890
vn 0.1651 0.3081 0.9369
vn 0.2296 0.5635 0.7936
vn 0.0133 -0.9930 0.1171
vn 0.0111 -0.9426 0.3338
vn -0.0460 -0.9807 0.1901
vn -0.0826 -0.8845 0.4592
vn -0.1016 -0.8779 0.4679
vn -0.1526 -0.7726 0.6163
vn -0.1088 -0.6694 0.7349
vn -0.1893 -0.6132 0.7669
vn -0.2215 -0.3328 0.9166
vn -0.1544 -0.4706 0.8688
vn -0.2160 0.0837 0.9728
vn -0.2094 0.3761 0.9026
vn -0.2135 0.2955 0.9312
vn -0.0196 0.6432 0.7655
vn -0.1746 0.4373 0.8822
vn -0.1812 0.4982 0.8479
vn 0.3026 0.7316 0.6109
vn 0.2853 0.7590 0.5853
vn 0.1450 0.6903 0.7088
vn 0.3335 0.5733 0.7484
vn 0.3297 0.7225 0.6077
vn 0.3360 0.7007 0.6294
vn 0.4257 -0.0761 0.9017
vn 0.4622 -0.2782 0.8420
vn 0.4731 -0.1197 0.8728
vn 0.4461 -0.3750 0.8126
vn 0.3999 -0.3154 0.8606
vn 0.2744 -0.5171 0.8108
vn 0.3432 -0.6699 0.6583
vn 0.4097 -0.5009 0.7624
vn 0.1952 -0.6805 0.7063
vn 0.2578 -0.8314 0.4922
vn -0.1062 -0.0680 0.9920
vn -0.0440 -0.1139 0.9925
vn -0.0515 0.2621 0.9637
vn 0.0217 0.0494 0.9985
vn 0.0754 0.1469 0.9863
vn 0.0650 0.5704 0.8188
vn -0.1192 0.4274 0.8962
vn -0.1665 0.0834 0.9825
vn -0.2207 -0.1159 0.9684
vn -0.1945 -0.2347 0.9524
vn 0.3451 -0.1110 0.9320
vn 0.3247 -0.3223 0.8892
vn 0.2481 0.1143 0.9620
vn 0.2073 -0.0994 0.9732
vn 0.1553 -0.2931 0.9434
vn 0.0283 -0.6902 0.7231
vn 0.1020 -0.8439 0.5268
vn 0.2437 -0.8109 0.5321
vn 0.0241 -0.9976 0.0650
vn 0.1350 -0.9561 0.2600
vn 0.1014 -0.5131 0.8523
vn -0.0424 -0.5043 0.8625
vn 0.0592 -0.2647 0.9625
vn -0.0953 -0.3058 0.9473
vn 0.4737 0.0426 0.8796
vn 0.4245 0.1701 0.8893
vn 0.3661 0.2960 0.8822
vn 0.3050 0.4743 0.8258
vn 0.3618 0.0774 0.9291
vn 0.2516 0.2646 0.9310
vn 0.0750 0.8818 0.4656
vn -0.0670 0.7520 0.6558
vn -0.0461 0.7337 0.6779
vn -0.2134 0.5307 0.8202
vn -0.1972 0.5703 0.7974
vn 0.1567 0.7864 0.5975
vn 0.0893 0.7913 0.6049
vn 0.1156 0.8471 0.5186
vn 0.3655 -0.7303 0.5771
vn 0.1004 -0.9905 0.0944
vn 0.2633 -0.8973 0.3544
vn 0.1366 -0.9675 0.2128
vn 0.2622 -0.8321 0.4888
vn 0.3402 -0.7970 0.4990
vn 0.4380 -0.5729 0.6928
vn 0.4608 -0.4220 0.7807
vn 0.1161 -0.9900 0.0806
vn 0.0414 -0.9980 0.0478
vn -0.1422 -0.9344 -0.3267
vn 0.1501 -0.9635 0.2218
vn 0.1995 -0.9233 0.3281
vn 0.0790 -0.9883 0.1307
vn 0.1084 -0.9777 0.1800
vn 0.0311 -0.9978 0.0589
vn 0.0697 -0.9906 0.1178
vn 0.4233 -0.5335 0.7323
vn 0.3588 0.6435 0.6761
vn 0.4375 0.4218 0.7942
vn 0.4913 0.0966 0.8656
vn 0.4931 -0.1801 0.8511
vn 0.3489 -0.6516 0.6736
vn 0.3896 -0.5348 0.7498
vn 0.4917 -0.3106 0.8135
vn 0.4421 -0.3539 0.8242
vn 0.4752 -0.1030 0.8738
vn 0.4652 0.1922 0.8641
vn 0.4136 0.4724 0.7783
vn 0.3663 0.6132 0.6998
vn -0.9378 -0.3471 0.0077
vn -0.9883 -0.1522 -0.0058
vn -0.9864 -0.0828 0.1420
vn -0.9107 0.0419 0.4110
vn -0.7930 0.1675 0.5858
vn -0.7574 -0.0499 0.6510
vn -0.2943 -0.7956 0.5296
vn -0.4890 -0.8031 0.3404
vn -0.4534 -0.6469 0.6131
vn 0.2934 0.3953 0.8704
vn 0.3587 0.5993 0.7157
vn 0.3877 0.3848 0.8376
vn 0.3590 0.5100 0.7817
vn 0.3585 0.5451 0.7578
vn 0.2509 0.4359 0.8643
vn 0.0482 -0.9024 0.4283
vn -0.0661 -0.9345 0.3498
vn -0.0781 -0.8245 0.5604
vn -0.2043 -0.8579 0.4714
vn -0.2610 -0.4278 0.8654
vn 0.2454 -0.3659 0.8977
vn 0.0948 -0.5669 0.8183
vn 0.1620 0.1060 0.9811
vn 0.3659 0.1312 0.9214
vn 0.0249 -0.1397 0.9899
vn 0.3149 -0.1531 0.9367
vn -0.0908 -0.3014 0.9492
vn 0.1762 -0.6523 0.7372
vn 0.1481 -0.8941 0.4226
vn -0.5800 0.0660 0.8119
vn -0.6130 0.2993 0.7312
vn -0.5008 0.3785 0.7784
vn -0.4104 0.4077 0.8157
vn -0.5917 -0.6235 0.5111
vn -0.6924 -0.6147 0.3778
vn -0.7724 -0.4067 0.4878
vn -0.8231 -0.5231 0.2211
vn -0.9401 -0.2942 0.1724
vn -0.8783 -0.1830 0.4417
vn -0.6554 -0.2794 0.7017
vn -0.4867 -0.1944 0.8517
vn -0.2468 0.4290 0.8689
vn -0.1380 0.2755 0.9514
vn -0.3858 0.1653 0.9076
vn -0.0076 0.4603 0.8877
vn 0.2445 0.4942 0.8343
vn 0.3776 0.4979 0.7807
vn -0.2784 -0.0583 0.9587
vn -0.0217 0.1743 0.9844
vn -0.1971 -0.9787 0.0580
vn -0.5066 -0.8605 0.0543
vn -0.6491 -0.7605 0.0166
vn -0.8069 -0.5904 0.0172
vn -0.8668 -0.4976 -0.0317
vn -0.3007 -0.9512 0.0686
vn -0.1644 -0.5585 0.8131
vn -0.9831 0.1116 0.1453
vn -0.5696 0.7589 0.3156
vn -0.3670 0.9002 0.2345
vn -0.1922 0.8588 0.4749
vn 0.0290 0.7530 0.6574
vn -0.2309 0.6721 0.7035
vn 0.4201 0.4503 0.7879
vn 0.4079 0.4754 0.7795
vn 0.2822 0.5909 0.7558
vn -0.0268 0.6081 0.7934
vn 0.1937 0.5448 0.8159
vn 0.3786 0.4839 0.7890
vn -0.6473 0.6774 0.3494
vn -0.4208 0.7187 0.5535
vn -0.7430 0.5292 0.4098
vn -0.6041 0.4880 0.6300
vn -0.7864 0.4316 0.4419
vn -0.8242 0.3003 0.4801
vn -0.6312 0.7662 0.1206
vn -0.8182 0.5715 0.0624
vn -0.8289 0.5567 -0.0554
vn -0.7412 0.6692 -0.0517
vn -0.9559 0.2651 0.1263
vn -0.9014 0.4174 0.1154
vn -0.8974 0.4399 -0.0350
vn -0.9653 0.2589 -0.0338
vn -0.9955 0.0902 -0.0306
vn -0.9990 -0.0356 -0.0277
vn -0.3083 0.9505 0.0389
vn -0.0833 0.9957 0.0404
vn 0.0028 0.9763 0.2166
vn 0.3503 0.6144 0.7070
vn 0.1195 0.8130 0.5699
vn 0.1939 0.8393 0.5079
vn -0.0122 0.9075 0.4199
vn -0.1189 0.9711 0.2072
vn 0.4281 0.4485 0.7846
vn -0.5715 0.7742 -0.2722
vn -0.5188 0.8546 -0.0205
vn 0.4353 0.4408 0.7850
vn 0.3734 0.6250 0.6856
vn 0.4390 0.4641 0.7693
vn 0.4374 0.4814 0.7595
vn 0.2338 0.8487 0.4743
vn 0.0608 0.9791 0.1941
vn -0.0347 0.9987 0.0360
vn 0.3795 0.6378 0.6702
vn 0.2486 0.8515 0.4616
vn 0.0838 0.9780 0.1912
vn -0.0064 0.9995 0.0322
vn 0.4443 0.4773 0.7582
vn 0.4441 0.4819 0.7553
vn 0.3806 0.6590 0.6487
vn 0.2525 0.8605 0.4425
vn 0.1104 0.9723 0.2060
vn 0.0054 0.9993 0.0375
vn 0.0872 0.9795 0.1816
vn 0.2493 0.8618 0.4417
vn 0.3713 0.6515 0.6616
vn 0.4364 0.5127 0.7394
vn 0.4148 0.5401 0.7323
vn 0.4127 0.5570 0.7207
vn 0.2023 0.7567 0.6216
vn -0.0217 0.9907 0.1341
vn -0.0829 0.9130 0.3996
vn 0.0586 0.9607 0.2713
vn -0.0072 0.8887 0.4584
vn 0.2352 0.8317 0.5030
vn -0.1262 0.7579 0.6400
vn -0.0444 0.7340 0.6777
vn 0.1882 0.6536 0.7331
vn 0.4180 0.5190 0.7456
vn 0.4662 0.4127 0.7825
vn 0.4465 0.4549 0.7705
vn 0.1351 0.5595 0.8178
vn 0.3949 0.5103 0.7640
vn -0.1699 0.6131 0.7715
vn -0.0542 0.6762 0.7347
vn -0.2165 0.0426 0.9753
vn 0.1698 0.0696 0.9830
vn 0.3019 0.1438 0.9424
vn -0.2931 0.0095 0.9560
vn -0.1816 0.0055 0.9833
vn 0.2048 -0.0025 0.9788
vn -0.2213 0.1465 0.9641
vn -0.2227 0.1295 0.9663
vn 0.1949 0.2434 0.9501
vn -0.2278 0.1157 0.9668
vn -0.2055 0.1036 0.9731
vn -0.2016 0.0966 0.9747
vn -0.2225 0.0757 0.9720
vn 0.4733 0.2410 0.8473
vn 0.5260 0.3570 0.7719
vn 0.1403 0.2901 0.9467
vn 0.1239 0.4427 0.8880
vn -0.2207 0.2400 0.9453
vn -0.2040 0.4342 0.8774
vn 0.5386 -0.0039 0.8425
vn 0.5264 0.0841 0.8461
vn -0.0273 0.9706 0.2393
vn -0.0092 0.8947 0.4465
vn -0.0219 0.9702 0.2411
vn 0.9967 0.0013 0.0810
vn 1.0000 -0.0000 -0.0000
vn -0.0099 -0.9999 0.0097
vn -0.0566 -0.9720 0.2281
vn -0.1184 -0.8749 0.4696
vn -0.1651 -0.7335 0.6593
vn -0.2044 -0.4631 0.8624
vn -0.2239 -0.2571 0.9401
vn -0.2375 0.0138 0.9713
vn -0.2332 0.2378 0.9429
vn -0.2342 -0.0751 0.9693
vn -0.2233 -0.3385 0.9141
vn -0.2010 -0.5613 0.8028
vn 0.3706 0.5207 0.7691
vn 0.3664 0.5223 0.7700
vn 0.3080 0.6608 0.6844
vn 0.1134 0.8212 0.5592
vn 0.1179 0.8146 0.5679
vn 0.1150 0.8060 0.5806
vn 0.0893 0.8808 0.4649
vn 0.1312 0.8868 0.4431
vn 0.1659 0.8539 0.4933
vn 0.1329 0.8357 0.5329
vn 0.0890 0.8413 0.5331
vn 0.1039 0.8620 0.4962
vn 0.1025 0.8377 0.5365
vn 0.0783 0.9165 0.3924
vn 0.0996 0.9034 0.4170
vn 0.0792 0.8933 0.4425
vn 0.0874 0.8855 0.4563
vn 0.1763 0.7897 0.5876
vn 0.1475 0.7596 0.6334
vn 0.3220 0.5717 0.7546
vn 0.2801 0.6059 0.7446
vn 0.2322 0.7134 0.6612
vn 0.2704 0.6400 0.7192
vn 0.1916 0.7034 0.6845
vn 0.1602 0.7368 0.6569
vn 0.2349 0.6603 0.7134
vn 0.4100 0.4856 0.7721
vn 0.2331 0.7759 0.5862
vn 0.3122 0.7282 0.6102
vn 0.2192 0.8480 0.4825
vn 0.0415 0.9154 0.4003
vn 0.0533 0.8985 0.4357
vn 0.0907 0.9316 0.3521
vn 0.1327 0.9054 0.4033
vn 0.1082 0.9286 0.3550
vn 0.0702 0.9420 0.3281
vn 0.0617 0.9470 0.3154
vn 0.0583 0.9286 0.3665
vn 0.0730 0.9336 0.3508
vn 0.1151 0.9181 0.3792
vn 0.0798 0.9372 0.3396
vn 0.0595 0.9261 0.3726
vn 0.1584 0.8975 0.4115
vn 0.2028 0.8534 0.4802
vn 0.0417 0.9321 0.3598
vn 0.1593 0.9022 0.4008
vn 0.2325 0.8387 0.4925
vn -0.0760 0.7622 0.6429
vn -0.0393 0.8220 0.5682
vn -0.0201 0.8720 0.4890
vn -0.1281 0.6922 0.7103
vn -0.0898 0.7582 0.6458
vn -0.0547 0.8012 0.5960
vn 0.0181 0.9241 0.3817
vn -0.0023 0.8710 0.4913
vn -0.0133 0.9527 0.3035
vn -0.0119 0.8698 0.4933
vn 0.0055 0.9404 0.3400
vn -0.0175 0.8495 0.5273
vn -0.0867 0.9335 0.3481
vn -0.0363 0.9869 0.1572
vn -0.0035 0.9997 0.0238
vn -0.0091 0.9992 0.0399
vn -0.1074 0.7972 0.5941
vn -0.1470 0.7203 0.6779
vn -0.8125 -0.2043 -0.5460
vn -0.8080 -0.1993 -0.5545
vn -0.8083 -0.2010 -0.5534
vn -0.8048 -0.1917 -0.5617
vn -0.8041 -0.1933 -0.5621
vn -0.8077 -0.1814 -0.5609
vn -0.8037 -0.1934 -0.5627
vn -0.0000 -0.0001 -1.0000
vn 0.9219 -0.0510 -0.3841
vn 0.8822 -0.0542 -0.4678
vn 0.8944 -0.0380 -0.4456
vn 0.7322 -0.0046 -0.6810
vn 0.7500 -0.0412 -0.6601
vn 0.6985 -0.0089 -0.7155
vn 0.6573 -0.0080 -0.7536
vn 0.7865 0.0098 -0.6176
vn 0.8227 -0.0113 -0.5684
vn 0.8186 -0.0629 -0.5709
vn 0.8605 -0.0091 -0.5094
vn 0.6502 -0.0569 -0.7577
vn 0.6359 -0.0291 -0.7712
vn 0.6278 0.0005 -0.7783
vn 0.9329 -0.0731 -0.3526
vn 0.9272 0.0004 -0.3745
vn 0.8929 -0.0000 -0.4503
vn 0.8214 -0.0000 -0.5704
vn 0.7355 -0.0000 -0.6775
vn 0.6605 0.0005 -0.7508
vn 0.1137 -0.0037 -0.9935
vn 0.1866 -0.0006 -0.9824
vn 0.1033 -0.0264 -0.9943
vn 0.1716 -0.0165 -0.9850
vn 0.2365 -0.0145 -0.9715
vn 0.2341 0.0059 -0.9722
vn 0.2589 -0.0167 -0.9658
vn -0.2648 0.8481 -0.4590
vn -0.1975 0.8654 -0.4606
vn -0.1156 0.8845 -0.4521
vn -0.0432 0.8961 -0.4418
vn -0.0204 0.8988 -0.4378
vn -0.0003 0.9047 -0.4260
vn -0.0285 0.9228 -0.3843
vn -0.0137 0.9156 -0.4018
vn -0.0152 0.9069 -0.4211
vn -0.1190 0.9204 -0.3724
vn -0.1147 0.9216 -0.3707
vn -0.0416 0.9233 -0.3819
vn -0.0596 0.9257 -0.3735
vn -0.0893 0.9197 -0.3824
vn -0.1200 0.9211 -0.3705
vn -0.1179 0.9212 -0.3707
vn -0.1163 0.9263 -0.3583
vn -0.0796 0.9313 -0.3556
vn -0.0259 0.9284 -0.3707
vn 0.0025 0.9282 -0.3720
vn 0.0261 0.9315 -0.3628
vn 0.0545 0.9346 -0.3516
vn 0.0692 0.9303 -0.3602
vn 0.0901 0.9308 -0.3543
vn 0.0707 0.9313 -0.3572
vn 0.1092 0.9287 -0.3544
vn 0.1302 0.9346 -0.3310
vn 0.1666 0.9215 -0.3510
vn 0.2127 0.9151 -0.3426
vn 0.2687 0.9092 -0.3181
vn 0.3310 0.8871 -0.3217
vn 0.3926 0.8580 -0.3313
vn 0.4310 0.8383 -0.3339
vn 0.4840 0.7970 -0.3615
vn 0.5844 0.7628 -0.2768
vn 0.6541 0.6655 -0.3596
vn 0.7018 0.6184 -0.3535
vn 0.7465 0.5620 -0.3561
vn 0.7764 0.5209 -0.3547
vn 0.8143 0.4618 -0.3516
vn 0.8384 0.4179 -0.3500
vn 0.8733 0.3352 -0.3536
vn 0.9126 0.2427 -0.3289
vn 0.9284 0.1906 -0.3190
vn 0.9561 0.0905 -0.2786
vn 0.9487 0.0179 -0.3156
vn -0.0509 -0.0609 -0.9968
vn -0.0470 -0.0578 -0.9972
vn -0.0509 -0.0610 -0.9968
vn -0.0371 -0.0522 -0.9979
vn 0.0260 -0.9957 0.0888
vn 0.0319 -0.9955 0.0888
vn 0.0265 -0.9957 0.0890
vn 0.0211 -0.9963 0.0838
vn 0.0268 -0.9957 0.0888
vn 0.0269 -0.9957 0.0885
vn 0.0269 -0.9957 0.0888
vn 0.0269 -0.9957 0.0886
vn 0.0268 -0.9957 0.0887
vn 0.0275 0.0480 0.9985
vn -0.9659 -0.2590 -0.0036
vn -0.9824 -0.1867 -0.0002
vn -0.9921 -0.1257 -0.0038
vn -0.9966 -0.0827 -0.0032
vn -0.9999 -0.0132 -0.0068
vn -0.9992 -0.0394 -0.0080
vn -0.9996 0.0296 0.0045
vn -0.8466 -0.5322 -0.0006
vn -0.8587 -0.5125 -0.0037
vn -0.8891 -0.4576 0.0078
vn -0.8800 -0.4750 -0.0024
vn -0.9310 -0.3650 0.0083
vn -0.9214 -0.3887 -0.0049
vn -0.9617 -0.2740 0.0004
vn -0.7444 -0.6677 -0.0009
vn -0.7748 -0.6321 -0.0084
vn -0.8116 -0.5842 -0.0048
vn -0.8108 -0.5853 -0.0018
vn -0.8431 -0.5377 0.0005
vn -0.5472 -0.8370 0.0063
vn -0.5762 -0.8173 0.0054
vn -0.5823 -0.8130 0.0008
vn -0.6054 -0.7959 0.0038
vn -0.6436 -0.7654 0.0021
vn -0.6480 -0.7617 0.0028
vn -0.7002 -0.7139 0.0083
vn -0.6871 -0.7265 0.0000
vn -0.7334 -0.6798 0.0038
vn -0.5438 -0.8392 0.0049
vn -0.5123 -0.8588 -0.0000
vn -0.4940 -0.8695 0.0027
vn -0.4478 -0.8941 0.0012
vn -0.4205 -0.9073 0.0067
vn -0.3960 -0.9182 -0.0019
vn -0.3525 -0.9358 0.0041
vn -0.3332 -0.9429 -0.0002
vn -0.2790 -0.9603 0.0014
vn -0.2681 -0.9634 -0.0025
vn -0.2272 -0.9738 0.0005
vn -0.2247 -0.9744 0.0004
vn -0.1907 -0.9817 0.0005
vn -0.1930 -0.9812 0.0006
vn -0.1745 -0.9847 -0.0001
vn -0.1643 -0.9864 0.0001
vn -0.1590 -0.9873 -0.0030
vn -0.1403 -0.9901 -0.0028
vn -0.1265 -0.9920 0.0013
vn -0.1094 -0.9940 0.0000
vn -0.1110 -0.9938 -0.0001
vn 0.1271 -0.9919 0.0002
vn 0.1280 -0.9918 -0.0000
vn 0.1265 -0.9920 0.0001
vn 0.1050 -0.9945 0.0001
vn 0.1050 -0.9945 -0.0000
vn 0.0000 0.0133 -0.9999
vn 0.0000 0.0269 -0.9996
vn 0.0000 0.1141 -0.9935
vn -0.0005 0.1334 -0.9911
vn -0.0000 0.1398 -0.9902
vn -0.0026 0.1501 -0.9887
vn -0.0014 0.1500 -0.9887
vn -0.0041 0.1524 -0.9883
vn 0.0013 0.0866 -0.9962
vn -0.0103 0.0749 -0.9971
vn -0.0114 0.0724 -0.9973
vn 0.0003 0.0760 -0.9971
vn -0.0002 0.0748 -0.9972
vn -0.0013 0.0664 -0.9978
vn -0.0002 0.0626 -0.9980
vn -0.0066 0.0599 -0.9982
vn -0.0004 0.0575 -0.9983
vn -0.0001 0.0552 -0.9985
vn -0.0003 0.0524 -0.9986
vn 0.0023 0.0492 -0.9988
vn -0.0004 0.0496 -0.9988
vn -0.0002 0.0445 -0.9990
vn -0.0003 0.0435 -0.9991
vn 0.7906 -0.0660 -0.6088
vn 0.9222 -0.1133 -0.3697
vn 0.9031 -0.0924 -0.4195
vn 0.8688 -0.0683 -0.4905
vn 0.8384 -0.0806 -0.5390
vn 0.7048 -0.0441 -0.7080
vn 0.7161 -0.0679 -0.6947
vn 0.6358 -0.0014 -0.7718
vn 0.6585 -0.1673 -0.7338
vn 0.6167 -0.1599 -0.7708
vn 0.6318 -0.0507 -0.7735
vn 0.7411 -0.1698 -0.6495
vn 0.8385 -0.1121 -0.5332
vn 0.8150 -0.2042 -0.5422
vn 0.7900 -0.0933 -0.6060
vn 0.7949 -0.2054 -0.5710
vn 0.7630 -0.2093 -0.6116
vn 0.8914 -0.2597 -0.3715
vn 0.8808 -0.2405 -0.4078
vn 0.8984 -0.1406 -0.4161
vn 0.8697 -0.1270 -0.4769
vn 0.8691 -0.2296 -0.4381
vn 0.8498 -0.2371 -0.4707
vn 0.8377 -0.2209 -0.4995
vn 0.9220 -0.1661 -0.3498
vn 0.9295 -0.1363 -0.3428
vn 0.9112 -0.2303 -0.3415
vn 0.6975 -0.5746 -0.4281
vn 0.6707 -0.5773 -0.4657
vn 0.7732 -0.3846 -0.5041
vn 0.8476 -0.3579 -0.3918
vn 0.8302 -0.4145 -0.3727
vn 0.8244 -0.4097 -0.3905
vn 0.5237 -0.5734 -0.6300
vn 0.4408 -0.6102 -0.6583
vn 0.5285 -0.4631 -0.7114
vn 0.6346 -0.5723 -0.5194
vn 0.5862 -0.5767 -0.5690
vn 0.6970 -0.3547 -0.6233
vn 0.6204 -0.3447 -0.7044
vn 0.5843 -0.2994 -0.7543
vn 0.7927 -0.4658 -0.3932
vn 0.7551 -0.5890 -0.2880
vn 0.7247 -0.6095 -0.3215
vn 0.7212 -0.5831 -0.3740
vn 0.3505 -0.8654 -0.3582
vn 0.3310 -0.8487 -0.4126
vn 0.4398 -0.7856 -0.4353
vn 0.5833 -0.7114 -0.3920
vn 0.1966 -0.8810 -0.4304
vn 0.2097 -0.8169 -0.5374
vn 0.2367 -0.8109 -0.5351
vn 0.2461 -0.7840 -0.5699
vn 0.2992 -0.7875 -0.5388
vn 0.3216 -0.7381 -0.5931
vn 0.3865 -0.7244 -0.5708
vn 0.1316 -0.9085 -0.3967
vn 0.1463 -0.9023 -0.4054
vn 0.1215 -0.9311 -0.3440
vn 0.1543 -0.8891 -0.4308
vn 0.1962 -0.8450 -0.4974
vn 0.0715 -0.9650 -0.2524
vn 0.0873 -0.9536 -0.2882
vn 0.0988 -0.9447 -0.3127
vn 0.1174 -0.9167 -0.3819
vn 0.0557 -0.9727 -0.2254
vn 0.0378 -0.9814 -0.1883
vn 0.0390 -0.9780 -0.2047
vn 0.0233 -0.9872 -0.1579
vn 0.0176 -0.9905 -0.1364
vn 0.0255 -0.9883 -0.1503
vn 0.0136 -0.9922 -0.1241
vn 0.0076 -0.9937 -0.1115
vn 0.0067 -0.9942 -0.1077
vn 0.0300 -0.9843 -0.1741
vn 0.0305 -0.9858 -0.1654
vn 0.0562 -0.9799 -0.1913
vn 0.0833 -0.9725 -0.2174
vn 0.1229 -0.9649 -0.2322
vn 0.2089 -0.9360 -0.2834
vn 0.2127 -0.9428 -0.2566
vn 0.3668 -0.8717 -0.3250
vn 0.3720 -0.8803 -0.2944
vn 0.3015 -0.9090 -0.2878
vn 0.4352 -0.8452 -0.3103
vn 0.5122 -0.7898 -0.3374
vn 0.5171 -0.7976 -0.3105
vn 0.6163 -0.7088 -0.3432
vn 0.6135 -0.7271 -0.3083
vn 0.6881 -0.6612 -0.2988
vn 0.4529 -0.7194 -0.5266
vn 0.3666 -0.7913 -0.4893
vn 0.2901 -0.8297 -0.4769
vn 0.4814 -0.7895 -0.3807
vn 0.5344 -0.7171 -0.4475
vn 0.2122 -0.9146 -0.3443
vn 0.1074 -0.9581 -0.2654
vn 0.0505 -0.9800 -0.1923
vn 0.0248 -0.9883 -0.1503
vn 0.0074 -0.9939 -0.1097
vn 0.0013 -0.9954 -0.0962
vn 0.0244 -0.9940 -0.1064
vn 0.0163 -0.9956 -0.0928
vn 0.0569 -0.9943 -0.0903
vn 0.0749 -0.9915 -0.1066
vn 0.0302 -0.9905 -0.1344
vn 0.0735 -0.9935 -0.0866
vn 0.0259 -0.9912 -0.1298
vn 0.0918 -0.9902 -0.1049
vn 0.0272 -0.9880 -0.1521
vn 0.2343 -0.0472 -0.9710
vn 0.2261 -0.1314 -0.9652
vn 0.1694 -0.1202 -0.9782
vn 0.1855 -0.0432 -0.9817
vn 0.1136 -0.0929 -0.9892
vn 0.2530 -0.1273 -0.9590
vn -0.2151 -0.9158 -0.3392
vn -0.1724 -0.8852 -0.4322
vn -0.2556 -0.9196 -0.2982
vn -0.1502 -0.9055 -0.3970
vn 0.0128 -0.8412 -0.5405
vn 0.0090 -0.8480 -0.5299
vn 0.0577 -0.7603 -0.6470
vn 0.1062 -0.7141 -0.6919
vn 0.1293 -0.6999 -0.7025
vn 0.1158 -0.6803 -0.7237
vn 0.0969 -0.6953 -0.7122
vn 0.0903 -0.6677 -0.7389
vn 0.0633 -0.7643 -0.6417
vn 0.0701 -0.7626 -0.6430
vn -0.4110 -0.5936 -0.6919
vn -0.4097 -0.6429 -0.6472
vn -0.3686 -0.6722 -0.6421
vn 0.2418 -0.6150 -0.7505
vn 0.2251 -0.6291 -0.7440
vn 0.2738 -0.3944 -0.8772
vn 0.2886 -0.3783 -0.8796
vn 0.2948 -0.1354 -0.9459
vn 0.3001 -0.1578 -0.9408
vn 0.1428 -0.6940 -0.7056
vn 0.1399 -0.6993 -0.7010
vn 0.3407 -0.0659 -0.9379
vn 0.3104 -0.0458 -0.9495
vn 0.2918 -0.0819 -0.9530
vn 0.3037 -0.0062 -0.9528
vn 0.3086 -0.0006 -0.9512
vn 0.3178 -0.0231 -0.9479
vn 0.3029 -0.0455 -0.9519
vn 0.0875 -0.7080 -0.7007
vn 0.0904 -0.7115 -0.6969
vn 0.0989 -0.7103 -0.6969
vn 0.1100 -0.7084 -0.6972
vn 0.1203 -0.7022 -0.7017
vn 0.1265 -0.7049 -0.6979
vn -0.1966 -0.7189 -0.6667
vn -0.2755 -0.7730 -0.5715
vn -0.2558 -0.7918 -0.5547
vn -0.2611 -0.7861 -0.5602
vn -0.2424 -0.7966 -0.5538
vn -0.2325 -0.7767 -0.5855
vn -0.3531 -0.6487 -0.6742
vn -0.3384 -0.6611 -0.6697
vn -0.3101 -0.6981 -0.6454
vn -0.2920 -0.7384 -0.6078
vn -0.2929 -0.7363 -0.6100
vn -0.2908 -0.7412 -0.6050
vn -0.2883 -0.7471 -0.5989
vn -0.2863 -0.7521 -0.5936
vn -0.2830 -0.7600 -0.5851
vn -0.2273 -0.7784 -0.5852
vn -0.2001 -0.7833 -0.5885
vn -0.1758 -0.7826 -0.5972
vn -0.1620 -0.7694 -0.6179
vn -0.3353 -0.9421 -0.0026
vn -0.3431 -0.9393 0.0021
vn -0.3280 -0.9446 0.0121
vn -0.3272 -0.9449 0.0100
vn -0.2739 -0.9617 -0.0077
vn -0.2592 -0.9657 -0.0129
vn -0.2054 -0.9787 0.0020
vn -0.1532 -0.9877 -0.0300
vn -0.2157 -0.9763 -0.0200
vn -0.1953 -0.9803 -0.0278
vn -0.2482 -0.9687 -0.0095
vn -0.1379 -0.9903 -0.0181
vn -0.0850 -0.9962 -0.0163
vn -0.1018 -0.9944 -0.0289
vn -0.0097 -0.9986 0.0514
vn -0.0334 -0.9990 0.0302
vn 0.0189 -0.9968 0.0781
vn -0.0201 -0.0826 -0.9964
vn 0.0404 0.0844 -0.9956
vn 0.0733 -0.4532 -0.8884
vn 0.0934 -0.3821 -0.9194
vn 0.1094 -0.4330 -0.8947
vn 0.1114 -0.4434 -0.8894
vn 0.0094 -0.1454 -0.9893
vn 0.0358 -0.4730 -0.8803
vn 0.0557 -0.3856 -0.9210
vn -0.0046 -0.8326 -0.5539
vn -0.0008 -0.8306 -0.5569
vn -0.0011 -0.8292 -0.5590
vn 0.0060 -0.8262 -0.5633
vn 0.0044 -0.8233 -0.5676
vn 0.0165 -0.8167 -0.5768
vn 0.0056 -0.8134 -0.5817
vn 0.0244 -0.8119 -0.5832
vn 0.0179 -0.8069 -0.5904
vn 0.0331 -0.8015 -0.5971
vn 0.0265 -0.7961 -0.6046
vn 0.0431 -0.7892 -0.6126
vn 0.2034 -0.2485 -0.9470
vn 0.1677 -0.4646 -0.8695
vn 0.1204 -0.4254 -0.8970
vn 0.1721 -0.2598 -0.9502
vn 0.1143 -0.4306 -0.8953
vn 0.1195 -0.3284 -0.9369
vn 0.1200 -0.2210 -0.9679
vn 0.1254 -0.3055 -0.9439
vn 0.1874 -0.4951 -0.8484
vn -0.0509 -0.0620 -0.9968
vn -0.0509 -0.0612 -0.9968
vn -0.0542 -0.0709 -0.9960
vn -0.0599 -0.0713 -0.9957
vn -0.4304 -0.3460 -0.8337
vn -0.4366 -0.3381 -0.8337
vn -0.6552 0.0474 -0.7540
vn -0.5689 -0.0241 -0.8220
vn -0.5084 -0.0429 -0.8601
vn -0.5157 -0.1021 -0.8507
vn -0.5142 0.0236 -0.8574
vn -0.4691 0.0473 -0.8819
vn -0.4107 -0.0714 -0.9090
vn -0.3443 -0.0701 -0.9362
vn -0.3443 0.0210 -0.9386
vn -0.2471 -0.0047 -0.9690
vn -0.2750 -0.0591 -0.9596
vn -0.3699 -0.0841 -0.9253
vn -0.4926 -0.0153 -0.8701
vn -0.6227 0.7581 -0.1938
vn -0.5224 -0.1201 -0.8442
vn -0.0008 -0.8489 -0.5286
vn 0.0016 -0.8470 -0.5316
vn -0.0018 -0.8457 -0.5336
vn 0.0026 -0.8451 -0.5346
vn 0.0014 -0.8346 -0.5508
vn 0.0004 -0.8366 -0.5477
vn -0.0003 -0.8438 -0.5366
vn 0.0188 -0.8371 -0.5468
vn 0.0127 -0.8439 -0.5363
vn 0.0086 -0.8595 -0.5111
vn 0.0042 -0.8611 -0.5085
vn 0.0006 -0.8616 -0.5076
vn 0.1239 -0.6173 -0.7769
vn 0.0258 -0.8132 -0.5814
vn 0.0398 -0.7659 -0.6418
vn 0.0279 -0.7814 -0.6234
vn 0.0345 -0.7396 -0.6721
vn 0.0385 -0.7556 -0.6539
vn 0.0333 -0.7178 -0.6954
vn 0.0523 -0.7310 -0.6804
vn 0.0368 -0.7041 -0.7091
vn 0.0700 -0.7047 -0.7060
vn 0.0404 -0.6937 -0.7191
vn 0.0244 -0.8132 -0.5814
vn 0.0553 -0.8034 -0.5929
vn 0.0183 -0.8333 -0.5525
vn 0.0262 -0.8079 -0.5887
vn 0.0508 -0.7763 -0.6283
vn 0.0433 -0.7817 -0.6222
vn 0.0410 -0.7850 -0.6182
vn 0.0347 -0.8002 -0.5988
vn 0.0625 -0.7605 -0.6463
vn 0.0821 -0.7371 -0.6708
vn 0.0988 -0.7138 -0.6933
vn 0.0747 -0.6782 -0.7311
vn 0.0988 -0.6984 -0.7089
vn 0.0970 -0.5640 -0.8200
vn 0.0734 -0.6440 -0.7615
vn 0.1193 -0.5747 -0.8096
vn 0.1816 -0.7430 -0.6441
vn 0.1711 -0.7061 -0.6871
vn 0.1479 -0.6521 -0.7435
vn 0.0851 -0.0659 -0.9942
vn 0.0740 -0.0026 -0.9973
vn 0.0760 -0.0018 -0.9971
vn 0.2942 -0.9534 -0.0664
vn 0.2018 -0.9794 -0.0114
vn 0.2921 -0.9542 -0.0653
vn 0.2112 -0.4137 0.8856
vn 0.2225 -0.6651 0.7129
vn 0.1610 0.0096 0.9869
vn 0.0589 -0.9942 0.0898
vn 0.0642 -0.9938 0.0912
vn 0.1218 -0.9914 0.0479
vn 0.1291 -0.9903 0.0513
vn 0.1465 -0.9873 0.0612
vn 0.2621 -0.9627 -0.0671
vn 0.1922 -0.9813 -0.0069
vn 0.1260 -0.9906 0.0539
vn 0.0559 -0.9944 0.0897
vn 0.1605 0.0125 0.9870
vn 0.1183 -0.8896 -0.4412
vn 0.0514 -0.9946 0.0900
vn 0.1147 -0.9914 0.0630
vn 0.1616 -0.9869 -0.0042
vn 0.1985 -0.9801 -0.0066
vn -0.0714 -0.2181 -0.9733
vn -0.1159 -0.0522 -0.9919
vn -0.2335 0.0300 -0.9719
vn -0.1739 -0.0841 -0.9812
vn -0.1580 -0.0868 -0.9836
vn -0.1263 -0.1372 -0.9825
vn -0.0721 -0.2235 -0.9720
vn 0.3243 -0.7182 -0.6157
vn 0.2871 -0.6494 -0.7041
vn 0.1959 -0.5504 -0.8116
vn 0.0993 -0.1755 -0.9795
vn 0.1088 -0.2686 -0.9571
vn 0.1131 -0.3655 -0.9239
vn 0.3576 -0.8202 -0.4465
vn 0.3297 -0.8541 -0.4023
vn 0.3524 -0.8672 -0.3519
vn 0.3797 -0.8698 -0.3149
vn 0.2876 -0.9479 -0.1369
vn 0.3269 -0.9313 -0.1609
vn 0.3443 -0.9092 -0.2342
vn 0.3439 -0.8998 -0.2687
vn 0.0281 -0.9956 0.0894
vn 0.0273 -0.9956 0.0893
vn 0.0270 -0.9956 0.0893
vn 0.0269 -0.9956 0.0893
vn 0.0269 -0.9957 0.0892
vn 0.0268 -0.9956 0.0893
vn 0.0268 -0.9957 0.0892
vn 0.0272 -0.9956 0.0893
vn -0.3341 0.8189 -0.4667
vn -0.4005 0.7863 -0.4704
vn -0.4530 0.7513 -0.4800
vn -0.4895 0.6932 -0.5290
vn -0.5508 0.6796 -0.4845
vn -0.5845 0.6577 -0.4751
vn -0.6184 0.6190 -0.4841
vn -0.6756 0.5504 -0.4905
vn -0.6996 0.5265 -0.4830
vn -0.7194 0.4974 -0.4848
vn -0.7141 0.3903 -0.5811
vn -0.7701 0.3828 -0.5103
vn -0.8136 0.3077 -0.4933
vn -0.8390 0.2275 -0.4942
vn -0.8565 0.1638 -0.4894
vn -0.8402 0.0807 -0.5362
vn -0.8669 0.0081 -0.4983
vn -0.0072 0.9002 0.4354
vn -0.0180 0.9075 0.4197
vn -0.0274 0.8812 0.4719
vn 0.0095 0.8353 0.5498
vn -0.0514 0.9791 0.1966
vn -0.0950 0.9888 0.1153
vn -0.1205 0.9892 0.0835
vn 0.0204 0.9574 0.2882
vn 0.0209 0.9620 0.2721
vn -0.0344 0.9786 0.2027
vn -0.0788 0.9889 0.1262
vn -0.0788 0.9916 0.1026
vn -0.0863 0.9923 0.0884
vn -0.1046 0.9906 0.0884
vn -0.1238 0.9899 0.0685
vn -0.0113 0.9978 0.0652
vn -0.0073 0.9973 0.0732
vn -0.0391 0.9972 0.0643
vn -0.0243 0.9960 0.0859
vn -0.0575 0.9961 0.0672
vn -0.0699 0.9939 0.0851
vn -0.0922 0.9928 0.0766
vn -0.0306 0.9919 0.1236
vn -0.0315 0.9939 0.1056
vn -0.7672 0.5843 0.2645
vn -0.8226 0.5228 0.2236
vn -0.8154 0.5307 0.2314
vn -0.8866 0.3894 0.2496
vn -0.8549 0.4390 0.2765
vn -0.7426 0.6111 0.2739
vn -0.6964 0.6807 0.2272
vn -0.6998 0.6804 0.2173
vn -0.4600 0.8443 0.2748
vn -0.4951 0.8302 0.2561
vn -0.5646 0.7961 0.2179
vn -0.5785 0.7840 0.2252
vn -0.5970 0.7327 0.3266
vn -0.2579 0.9484 0.1844
vn -0.2523 0.9479 0.1945
vn -0.3897 0.8926 0.2266
vn -0.2886 0.9066 0.3079
vn -0.3967 0.8934 0.2110
vn -0.0854 0.9812 0.1733
vn -0.1478 0.9632 0.2246
vn -0.1778 0.9582 0.2243
vn 0.0052 0.9946 0.1036
vn -0.0014 0.9722 0.2343
vn -0.0774 0.9847 0.1559
vn 0.0024 0.9970 0.0767
vn 0.0023 0.9965 0.0839
vn 0.0046 0.9945 0.1042
vn -0.0080 0.9943 0.1063
vn -0.0009 0.9964 0.0852
vn -0.2764 0.9344 0.2247
vn -0.1935 0.9617 0.1942
vn -0.1234 0.9749 0.1851
vn -0.0330 0.9885 0.1478
vn 0.0032 0.9918 0.1275
vn -0.5552 0.7894 0.2617
vn -0.4966 0.8338 0.2412
vn -0.4442 0.8614 0.2464
vn -0.3705 0.8959 0.2451
vn -0.3381 0.9228 0.1849
vn -0.7082 0.6586 0.2544
vn -0.6495 0.7268 0.2233
vn -0.6204 0.7546 0.2137
vn -0.8537 0.4443 0.2716
vn -0.8409 0.4749 0.2596
vn -0.7886 0.5631 0.2470
vn -0.7686 0.6065 0.2034
vn 0.3938 0.3904 0.8321
vn 0.4640 0.3548 0.8117
vn 0.4801 -0.0013 0.8772
vn 0.4497 -0.0010 0.8932
vn 0.4560 0.0348 0.8893
vn 0.2878 0.0636 0.9556
vn 0.2853 0.0884 0.9544
vn 0.2977 0.0777 0.9515
vn 0.2142 0.6555 0.7242
vn 0.2907 0.5371 0.7918
vn 0.3137 0.4458 0.8384
vn 0.2557 0.5221 0.8136
vn 0.2397 0.5720 0.7845
vn 0.2631 0.4654 0.8451
vn 0.3222 0.3499 0.8796
vn 0.2756 0.4171 0.8661
vn 0.2827 0.3506 0.8928
vn 0.3235 0.2513 0.9123
vn 0.2744 0.2783 0.9205
vn 0.2972 0.2115 0.9311
vn 0.2808 0.2006 0.9386
vn 0.2719 0.2392 0.9321
vn 0.2842 0.1547 0.9462
vn 0.2983 0.1563 0.9416
vn 0.3262 0.1791 0.9282
vn 0.2846 0.1121 0.9521
vn 0.2986 0.1164 0.9473
vn 0.3256 0.1039 0.9398
vn 0.4296 -0.0029 0.9030
vn 0.3803 -0.0178 0.9247
vn 0.4084 0.0396 0.9120
vn 0.3457 -0.0098 0.9383
vn 0.3693 0.0548 0.9277
vn 0.3112 -0.0073 0.9503
vn 0.3281 0.0517 0.9432
vn 0.2913 -0.0002 0.9566
vn 0.2995 0.0505 0.9528
vn 0.2849 0.0296 0.9581
vn 0.5087 -0.0007 0.8609
vn 0.5094 0.0389 0.8597
vn 0.5507 0.0013 0.8347
vn 0.5945 0.0046 0.8041
vn 0.5572 0.1030 0.8240
vn 0.4867 0.3657 0.7934
vn 0.5294 0.2303 0.8165
vn 0.4337 0.3640 0.8243
vn 0.3467 0.4387 0.8291
vn 0.3640 0.3118 0.8777
vn 0.4018 0.2790 0.8722
vn 0.3658 0.2297 0.9019
vn 0.4083 0.2147 0.8873
vn 0.2571 0.2592 0.9310
vn 0.3681 0.1662 0.9148
vn 0.4130 0.1544 0.8976
vn 0.4521 0.2080 0.8674
vn 0.4469 0.2701 0.8528
vn 0.5078 0.0897 0.8568
vn 0.3674 0.0982 0.9249
vn 0.4121 0.0919 0.9065
vn 0.4565 0.0870 0.8855
vn 0.4543 0.1439 0.8792
vn 0.5019 0.1463 0.8525
vn 0.4952 0.2076 0.8436
vn 0.4834 0.2726 0.8319
vn -0.2922 0.3472 0.8911
vn -0.2603 0.5208 0.8130
vn -0.2409 0.6082 0.7564
vn -0.3033 0.0670 0.9505
vn -0.3026 0.0826 0.9495
vn -0.3026 0.0936 0.9485
vn -0.3022 0.1036 0.9476
vn -0.2973 0.1109 0.9483
vn -0.3036 0.1615 0.9390
vn -0.2962 0.0457 0.9540
vn -0.2940 0.0205 0.9556
vn -0.3056 -0.0029 0.9522
vn 0.9993 -0.0347 0.0143
vn 1.0000 -0.0005 0.0029
vn 0.9648 -0.1641 0.2057
vn 0.9586 -0.2079 0.1947
vn 0.9290 -0.1784 0.3244
vn 0.8680 -0.1375 0.4772
vn 0.7395 0.0354 0.6722
vn 0.5962 0.0553 0.8009
vn 0.3807 0.0402 0.9238
vn 0.2465 0.0842 0.9655
vn 0.3020 0.0846 0.9496
vn 0.4802 -0.0406 0.8762
vn 0.0593 0.0709 0.9957
vn 0.0510 0.0608 0.9968
vn 0.1702 0.1025 0.9801
vn 0.1010 0.1088 0.9889
vn 0.1237 0.1104 0.9862
vn 0.9922 -0.0989 0.0760
vn 0.9705 -0.1672 0.1736
vn -0.8685 -0.3370 -0.3634
vn -0.8679 -0.3267 -0.3741
vn -0.8735 -0.3144 -0.3718
vn -0.8811 -0.2953 -0.3694
vn -0.8965 -0.2347 -0.3759
vn -0.9062 -0.1516 -0.3948
vn -0.8950 -0.1672 -0.4135
vn -0.9075 -0.0091 -0.4200
vn -0.9055 -0.0283 -0.4234
vn -0.9168 -0.0819 -0.3908
vn -0.8353 -0.1280 -0.5348
vn -0.8296 -0.1410 -0.5402
vn -0.8029 -0.1900 -0.5650
vn -0.8036 -0.1933 -0.5629
vn -0.8412 -0.1617 -0.5159
vn -0.8550 -0.2025 -0.4774
vn -0.8598 -0.2291 -0.4563
vn -0.8686 -0.2781 -0.4102
vn 0.9295 0.0031 0.3688
vn 0.6653 0.0018 0.7465
vn 0.3369 -0.0010 0.9415
vn 0.1047 0.0009 0.9945
vn -0.2161 0.0039 0.9764
vn -0.6003 0.0030 0.7997
vn -0.8948 0.0022 0.4464
vn -0.9942 0.0007 0.1076
vn -0.0275 0.9996 -0.0012
vn -0.0123 0.9999 -0.0015
vn -0.0017 1.0000 0.0002
vn -0.0004 1.0000 -0.0001
vn -0.2287 0.6534 0.7216
vn -0.0955 0.9954 -0.0036
vn -0.0751 0.9972 -0.0000
vn -0.0460 0.9989 0.0015
vn -1.0000 0.0000 0.0000
vn 0.0301 -0.9874 -0.1551
vn 0.0299 -0.9873 -0.1563
vn 0.0409 -0.9888 -0.1436
vn 0.0729 -0.9890 -0.1285
vn 0.0453 -0.9860 -0.1603
vn 0.0308 -0.9783 -0.2051
vn 0.0353 -0.9851 -0.1684
vn 0.0295 -0.9911 -0.1299
vn 0.0382 -0.9910 -0.1286
vn 0.0456 -0.9908 -0.1273
vn 0.0377 -0.9902 -0.1342
vn 0.0266 -0.9863 -0.1626
vn 0.0242 -0.9796 -0.1993
vn -0.0009 -0.9733 -0.2295
vn -0.0178 -0.9698 -0.2433
vn -0.0669 -0.9448 -0.3208
vn -0.0648 -0.9462 -0.3170
vn -0.0204 -0.9629 -0.2692
vn -0.0598 -0.9465 -0.3170
vn -0.0236 -0.9663 -0.2565
vn -0.0389 -0.9558 -0.2915
vn -0.0565 -0.9462 -0.3187
vn -0.0523 -0.9426 -0.3297
vn -0.0587 -0.9223 -0.3820
vn -0.0811 -0.9261 -0.3684
vn -0.0854 -0.9190 -0.3848
vn 0.0196 -0.9800 -0.1981
vn 0.0462 -0.9834 -0.1753
vn -0.0252 -0.9548 -0.2962
vn 0.0169 -0.9538 -0.2999
vn -0.0769 -0.9387 -0.3360
vn -0.0170 -0.9573 -0.2885
vn 0.1000 -0.9886 -0.1124
vn -0.8288 -0.5595 -0.0093
vn -0.8885 -0.4588 -0.0069
vn -0.6771 -0.7359 -0.0067
vn -0.5178 0.8493 -0.1023
vn -0.1934 0.9811 -0.0092
vn -0.1607 0.9870 -0.0065
vn -0.9103 0.4139 0.0040
vn -0.9898 0.1403 -0.0239
vn -0.9266 0.3757 -0.0179
vn -0.9793 -0.2024 -0.0087
vn -0.9482 -0.3176 -0.0039
vn -0.9964 -0.0844 -0.0031
vn -0.3391 -0.9408 -0.0020
vn -0.4305 -0.9025 -0.0087
vn -0.6256 -0.7801 -0.0112
vn -0.0383 -0.9993 0.0010
vn 0.0436 -0.9988 -0.0225
vn -0.0178 -0.9995 -0.0254
vn -0.1566 -0.9876 -0.0123
vn -0.2866 -0.9580 -0.0073
vn -0.9973 0.0736 0.0024
vn -0.9335 0.3584 0.0048
vn -0.8663 0.4992 0.0169
vn -0.7822 0.6230 0.0037
vn -0.5948 0.8038 -0.0101
vn -0.3046 0.9525 -0.0058
vn -0.4941 0.8693 0.0149
vn -0.7208 0.6931 -0.0040
vn -0.8542 0.5197 -0.0152
vn 0.0496 -0.9988 0.0013
vn -0.0001 -1.0000 -0.0003
vn 0.0148 -0.9999 -0.0010
vn -0.1584 0.1972 0.9675
vn -0.1337 0.3469 0.9283
vn -0.3147 0.2478 0.9163
vn -0.3363 0.3597 0.8703
vn -0.2485 0.4580 0.8535
vn -0.1022 0.4772 0.8728
vn -0.2188 0.5568 0.8013
vn -0.0763 0.5830 0.8089
vn -0.1689 0.6600 0.7321
vn -0.0643 0.6513 0.7561
vn -0.1367 0.7226 0.6776
vn -0.0614 0.6811 0.7296
vn -0.1397 0.7347 0.6638
vn -0.1212 0.7404 0.6611
vn -0.0486 0.7090 0.7035
vn -0.1164 0.7743 0.6221
vn -0.0283 0.8653 0.5005
vn -0.0191 0.8012 0.5981
vn -0.0581 0.8299 0.5549
vn -0.0312 0.7641 0.6444
vn -0.0731 0.8088 0.5835
vn -0.0348 0.7349 0.6773
vn -0.0885 0.7821 0.6168
vn -0.8530 0.2945 0.4308
vn -0.7854 0.4534 0.4214
vn -0.8145 0.4592 0.3544
vn -0.8304 0.2921 0.4745
vn -0.8063 0.2688 0.5269
vn -0.7584 0.4303 0.4896
vn -0.0266 0.9720 0.2336
vn -0.8894 0.3335 0.3126
vn -0.7178 0.6062 0.3424
vn -0.6007 0.7275 0.3314
vn -0.4869 0.8116 0.3229
vn -0.3904 0.8659 0.3127
vn -0.2847 0.9130 0.2923
vn -0.0870 0.9709 0.2230
vn -0.1822 0.9480 0.2610
vn -0.0297 0.9867 0.1598
vn -0.0123 0.9931 0.1164
vn -0.0252 0.9894 0.1427
vn -0.0333 0.9837 0.1770
vn -0.0325 0.9557 0.2926
vn -0.0958 0.9077 0.4086
vn -0.0739 0.9196 0.3860
vn -0.0780 0.9670 0.2424
vn -0.0483 0.9437 0.3272
vn -0.5047 0.2712 0.8196
vn -0.6011 0.3694 0.7086
vn -0.6680 0.2452 0.7026
vn -0.6731 0.4064 0.6179
vn -0.7234 0.2451 0.6455
vn -0.8759 0.3209 0.3604
vn -0.6655 0.5996 0.4446
vn -0.5409 0.7326 0.4132
vn -0.4294 0.8081 0.4033
vn -0.3564 0.8482 0.3917
vn -0.2739 0.8913 0.3613
vn -0.1903 0.9283 0.3196
vn -0.1073 0.9576 0.2674
vn -0.1180 0.9008 0.4179
vn -0.1225 0.9350 0.3328
vn -0.1685 0.8684 0.4664
vn -0.1872 0.8998 0.3941
vn -0.2209 0.8297 0.5126
vn -0.2505 0.8589 0.4467
vn -0.2803 0.7920 0.5423
vn -0.2931 0.8250 0.4831
vn -0.3538 0.8021 0.4812
vn -0.7678 0.2621 0.5846
vn -0.7226 0.4150 0.5528
vn -0.5734 0.5905 0.5678
vn -0.5044 0.5829 0.6370
vn -0.6218 0.5942 0.5101
vn -0.4382 0.7421 0.5073
vn -0.3630 0.7449 0.5598
vn -0.4851 0.7374 0.4701
vn -0.0569 0.9800 0.1908
vn -0.4642 0.4975 0.7328
vn -0.3914 0.5914 0.7050
vn -0.2940 0.7125 0.6370
vn -0.2186 0.7711 0.5980
vn -0.1841 0.7928 0.5810
vn -0.1299 0.8529 0.5056
vn -0.3789 -0.9232 0.0639
vn -0.4220 -0.7553 0.5015
vn -0.4429 -0.5346 0.7198
vn -0.4009 -0.4240 0.8121
vn -0.0550 -0.0147 0.9984
vn -0.1802 -0.0796 0.9804
vn -0.2865 -0.1626 0.9442
vn -0.0003 -0.2899 0.9571
vn -0.1169 -0.4096 0.9047
vn -0.0334 -0.4734 0.8802
vn 0.0785 -0.5404 0.8377
vn 0.1289 -0.3160 0.9400
vn 0.1140 0.1174 0.9865
vn -0.0135 -0.0511 0.9986
vn 0.0693 -0.2031 0.9767
vn 0.2497 -0.5810 0.7746
vn 0.1966 -0.7452 0.6372
vn 0.2940 -0.7712 0.5647
vn 0.1800 -0.4544 0.8724
vn 0.0298 -0.6628 0.7482
vn -0.1022 -0.5627 0.8203
vn -0.2024 -0.4229 0.8833
vn -0.1826 -0.3229 0.9287
vn -0.2297 -0.2178 0.9486
vn -0.1693 -0.0988 0.9806
vn -0.2286 0.0577 0.9718
vn -0.2084 0.4099 0.8880
vn -0.2192 0.3336 0.9168
vn -0.1878 0.2307 0.9547
vn -0.2194 0.2233 0.9497
vn 0.0048 0.9940 0.1091
vn -0.0328 0.9882 0.1499
vn 0.0207 0.9511 0.3080
vn -0.0554 0.9625 0.2655
vn -0.0194 0.9009 0.4337
vn -0.0800 0.9406 0.3300
vn -0.0943 0.8529 0.5135
vn -0.1257 0.8445 0.5206
vn -0.1107 0.6696 0.7344
vn -0.1614 0.7449 0.6473
vn -0.1531 0.4737 0.8673
vn -0.1727 0.6484 0.7414
vn -0.2022 0.5404 0.8167
vn 0.3946 0.4563 0.7976
vn 0.0638 0.9786 0.1955
vn 0.2449 0.8573 0.4528
vn 0.1391 0.9577 0.2519
vn 0.0269 0.9966 0.0784
vn 0.0313 0.9981 0.0535
vn 0.2737 0.7204 0.6372
vn 0.3671 0.6457 0.6695
vn 0.3144 0.7570 0.5728
vn 0.4134 0.5096 0.7546
vn 0.3907 0.4321 0.8128
vn 0.2692 0.4975 0.8246
vn 0.4525 0.1765 0.8741
vn 0.4511 0.2734 0.8496
vn 0.4444 0.3796 0.8114
vn 0.4737 -0.0311 0.8801
vn 0.4621 0.1423 0.8753
vn 0.4178 -0.1284 0.8994
vn 0.3519 -0.1051 0.9301
vn 0.4586 -0.1838 0.8694
vn 0.3926 -0.5306 0.7513
vn 0.4164 -0.4290 0.8016
vn 0.0506 -0.6682 0.7422
vn 0.3239 -0.7217 0.6118
vn 0.3518 -0.3471 0.8694
vn 0.2827 -0.7465 0.6023
vn 0.3454 0.1087 0.9322
vn 0.3150 0.3065 0.8982
vn 0.2024 0.0765 0.9763
vn 0.2019 0.7017 0.6833
vn 0.1430 0.6022 0.7854
vn 0.2455 0.3776 0.8928
vn 0.0833 0.4779 0.8744
vn -0.0448 0.4962 0.8671
vn 0.0113 0.6595 0.7516
vn 0.0625 0.7726 0.6318
vn 0.1130 0.8502 0.5142
vn 0.1414 0.2592 0.9554
vn 0.0177 0.3150 0.9489
vn -0.0891 0.2260 0.9700
vn -0.0894 0.0411 0.9951
vn 0.2461 -0.0930 0.9648
vn 0.3104 -0.2989 0.9024
vn 0.3342 -0.6971 0.6343
vn 0.3708 -0.5248 0.7662
vn -0.1695 -0.5343 0.8281
vn -0.2150 -0.5237 0.8243
vn -0.0371 -0.7351 0.6769
vn 0.0995 -0.8003 0.5913
vn -0.2092 -0.5633 0.7993
vn -0.0692 -0.7507 0.6570
vn 0.0720 -0.8811 0.4675
vn 0.0869 -0.8565 0.5088
vn 0.4934 0.1798 0.8510
vn 0.4915 -0.0966 0.8655
vn 0.4903 -0.0771 0.8681
vn 0.4612 0.4218 0.7806
vn 0.3557 0.7370 0.5748
vn 0.1728 0.9547 0.2423
vn 0.0557 0.9976 0.0405
vn 0.3360 -0.6876 0.6436
vn 0.4424 -0.3996 0.8029
vn 0.3772 -0.6062 0.7002
vn 0.4385 0.5725 0.6928
vn 0.4929 0.3043 0.8152
vn 0.4803 0.2499 0.8407
vn 0.0483 0.9967 0.0648
vn 0.0930 0.9947 0.0446
vn 0.1651 0.9477 0.2732
vn 0.1704 0.9657 0.1959
vn 0.2821 0.8263 0.4876
vn 0.3401 0.7971 0.4990
vn 0.3272 0.7198 0.6122
vn 0.4167 0.5194 0.7460
vn 0.3786 -0.5835 0.7184
vn 0.4374 -0.3961 0.8073
vn 0.4736 -0.2393 0.8476
vn -0.2522 0.2251 0.9411
vn -0.0496 0.2550 0.9657
vn 0.1140 -0.0546 0.9920
vn 0.3588 -0.5429 0.7593
vn 0.3810 -0.5058 0.7740
vn 0.2686 -0.4858 0.8318
vn 0.3622 -0.5717 0.7361
vn 0.3583 -0.6049 0.7112
vn -0.4683 -0.0875 0.8792
vn -0.4101 -0.3689 0.8341
vn -0.5728 -0.0624 0.8173
vn -0.5875 -0.3256 0.7408
vn -0.7475 0.0491 0.6624
vn -0.7205 -0.2657 0.6406
vn -0.8388 -0.1686 0.5177
vn -0.8735 0.1767 0.4537
vn -0.9437 -0.0461 0.3275
vn -0.9299 0.3130 0.1931
vn -0.9926 0.0723 0.0976
vn -0.4804 0.4177 0.7712
vn -0.3743 0.0428 0.9263
vn -0.8102 0.4527 0.3722
vn -0.6782 0.6863 0.2628
vn -0.7668 0.4040 0.4989
vn -0.6192 0.5822 0.5270
vn -0.6505 0.2755 0.7077
vn -0.5080 0.1113 0.8541
vn 0.0397 0.9447 0.3255
vn 0.1623 0.8630 0.4784
vn -0.1534 0.9481 0.2784
vn 0.0062 0.7840 0.6208
vn -0.3379 0.8863 0.3167
vn 0.1625 0.5556 0.8154
vn -0.1893 0.7842 0.5909
vn -0.4389 0.7260 0.5294
vn -0.5205 0.8086 0.2743
vn 0.4405 0.0884 0.8934
vn 0.3257 0.1407 0.9349
vn 0.3983 0.2916 0.8697
vn 0.2664 0.3517 0.8974
vn 0.4657 -0.0785 0.8814
vn 0.3746 -0.4485 0.8115
vn 0.1994 0.1717 0.9648
vn 0.1332 0.2850 0.9492
vn -0.1603 0.4784 0.8634
vn -0.2979 0.5939 0.7474
vn -0.1604 -0.1449 0.9764
vn -0.0655 -0.3896 0.9186
vn -0.2329 -0.1256 0.9643
vn -0.2208 -0.3604 0.9063
vn 0.2934 -0.3935 0.8713
vn -0.5056 0.6344 -0.5848
vn 0.0727 -0.4360 0.8970
vn -0.1759 0.9827 0.0573
vn -0.3587 0.9320 0.0526
vn -0.5429 0.8375 0.0622
vn -0.7380 0.6727 0.0542
vn 0.3732 -0.1548 0.9147
vn 0.2356 0.0114 0.9718
vn -0.9348 0.3543 0.0234
vn -0.9942 0.1058 -0.0171
vn 0.2839 -0.5995 0.7483
vn 0.0390 -0.7674 0.6400
vn -0.1721 -0.6705 0.7217
vn -0.4271 -0.6948 0.5787
vn -0.0081 -0.9135 0.4068
vn -0.1300 -0.9741 0.1851
vn -0.3421 -0.8964 0.2817
vn 0.3516 -0.4915 0.7967
vn 0.1443 -0.5724 0.8072
vn 0.3795 -0.4932 0.7828
vn 0.4037 -0.4835 0.7767
vn 0.0699 -0.5176 0.8528
vn 0.1943 -0.8393 0.5078
vn 0.0029 -0.9764 0.2161
vn -0.8914 -0.3464 0.2922
vn -0.7568 -0.4486 0.4754
vn -0.6430 -0.6487 0.4070
vn -0.5393 -0.5285 0.6556
vn -0.2996 -0.5468 0.7818
vn -0.9651 -0.2524 0.0704
vn -0.7857 -0.5639 0.2543
vn -0.8465 -0.5213 0.1080
vn -0.5447 -0.7826 0.3015
vn -0.6234 -0.7804 0.0489
vn -0.5978 -0.7995 -0.0585
vn -0.7660 -0.6405 -0.0552
vn -0.8502 -0.5240 -0.0511
vn -0.9299 -0.3487 -0.1175
vn -0.9941 -0.0998 -0.0413
vn -0.0747 -0.9968 0.0294
vn -0.1632 -0.9862 0.0267
vn -0.3867 -0.9221 0.0102
vn -0.4775 -0.8745 0.0848
vn 0.4127 -0.4806 0.7737
vn 0.3494 -0.6154 0.7066
vn 0.1171 -0.8182 0.5629
vn -0.1910 -0.8589 0.4752
vn 0.4352 -0.4644 0.7713
vn 0.4411 -0.4850 0.7551
vn 0.3720 -0.6255 0.6858
vn 0.3798 -0.6381 0.6698
vn 0.2338 -0.8487 0.4744
vn 0.2486 -0.8515 0.4616
vn 0.0608 -0.9791 0.1941
vn 0.0838 -0.9780 0.1911
vn -0.0325 -0.9986 0.0421
vn -0.0092 -0.9995 0.0318
vn 0.4378 -0.5117 0.7392
vn 0.4379 -0.5305 0.7258
vn 0.3825 -0.6530 0.6537
vn 0.2837 -0.6699 0.6861
vn 0.2501 -0.8631 0.4387
vn 0.2244 -0.8515 0.4738
vn 0.0881 -0.9815 0.1701
vn 0.0630 -0.9775 0.2015
vn 0.0038 -0.9997 0.0256
vn -0.0087 -0.9980 0.0628
vn 0.4029 -0.5775 0.7100
vn 0.4004 -0.5671 0.7198
vn 0.2257 -0.7803 0.5832
vn 0.1519 -0.6530 0.7420
vn 0.1585 -0.7068 0.6894
vn 0.4069 -0.5310 0.7433
vn 0.0287 -0.9069 0.4203
vn -0.0378 -0.9704 0.2387
vn -0.1004 -0.7247 0.6817
vn -0.0860 -0.8166 0.5707
vn -0.0821 -0.9134 0.3987
vn -0.0987 -0.6766 0.7297
vn 0.1352 -0.5650 0.8139
vn -0.1793 -0.6057 0.7752
vn 0.3908 -0.5120 0.7649
vn 0.4406 -0.4490 0.7773
vn 0.1406 -0.2189 0.9656
vn -0.2269 -0.1207 0.9664
vn 0.1068 -0.3015 0.9475
vn -0.2102 -0.1334 0.9685
vn -0.2202 -0.1393 0.9655
vn -0.2339 -0.1764 0.9561
vn -0.2250 -0.3813 0.8966
vn 0.1151 -0.4409 0.8901
vn 0.1645 -0.1269 0.9782
vn -0.2006 -0.0936 0.9752
vn -0.2087 -0.1037 0.9725
vn -0.2023 -0.0191 0.9791
vn -0.2009 -0.0526 0.9782
vn 0.1826 -0.0524 0.9818
vn 0.5132 -0.1041 0.8520
vn 0.4787 -0.3018 0.8245
vn 0.4559 -0.2380 0.8576
vn 0.4968 -0.1919 0.8464
vn 0.4531 -0.4074 0.7929
vn 0.4651 -0.3587 0.8094
vn -0.0071 -0.8957 0.4446
vn -0.0205 -0.9698 0.2432
vn -0.0264 -0.9701 0.2414
vn 0.9942 -0.0008 0.1076
vn -0.2010 0.5613 0.8028
vn -0.0139 0.9998 0.0161
vn -0.0582 0.9738 0.2199
vn -0.2012 0.4558 0.8670
vn -0.1646 0.7352 0.6575
vn -0.2337 0.0061 0.9723
vn -0.2298 -0.2160 0.9490
vn -0.2364 -0.2301 0.9440
vn -0.2384 0.0865 0.9673
vn -0.2227 0.2566 0.9405
vn -0.1157 0.8683 0.4824
vn -0.0535 0.9721 0.2285
vn -0.2241 0.3392 0.9136
vn 0.0444 -0.9162 0.3983
vn 0.0512 -0.8991 0.4347
vn -0.0381 -0.8228 0.5670
vn -0.0753 -0.7628 0.6422
vn -0.0111 -0.8728 0.4880
vn 0.0395 -0.9323 0.3595
vn -0.1163 -0.7175 0.6868
vn -0.0648 -0.7750 0.6287
vn -0.1543 -0.6400 0.7527
vn -0.1303 -0.6959 0.7062
vn -0.0170 -0.9565 0.2914
vn -0.0028 -0.8527 0.5224
vn 0.0139 -0.9276 0.3734
vn 0.0038 -0.8721 0.4893
vn -0.0115 -0.8740 0.4859
vn -0.0014 -0.9459 0.3244
vn -0.0133 -0.8619 0.5069
vn 0.0095 -0.9369 0.3495
vn -0.0216 -0.8505 0.5255
vn -0.0284 -0.8352 0.5492
vn -0.0136 -0.9978 0.0656
vn -0.0281 -0.9947 0.0993
vn -0.0844 -0.9378 0.3369
vn -0.1269 -0.8206 0.5573
vn -0.1622 -0.7222 0.6724
vn -0.8039 0.1938 -0.5623
vn -0.8009 0.1787 -0.5715
vn -0.8056 0.1975 -0.5585
vn -0.8074 0.2018 -0.5544
vn -0.8093 0.2080 -0.5494
vn -0.0002 0.0001 -1.0000
vn -0.0002 0.0002 -1.0000
vn -0.0003 0.0001 -1.0000
vn -0.0002 0.0000 -1.0000
vn -0.0003 0.0000 -1.0000
vn 0.6567 0.0343 -0.7534
vn 0.6602 0.0083 -0.7510
vn 0.6277 0.0192 -0.7782
vn 0.9212 0.0480 -0.3860
vn 0.9351 0.0828 -0.3445
vn 0.8938 0.0650 -0.4438
vn 0.8943 0.0368 -0.4460
vn 0.8511 0.0251 -0.5244
vn 0.8245 0.0181 -0.5655
vn 0.8202 0.0563 -0.5694
vn 0.7381 0.0101 -0.6746
vn 0.6920 -0.0046 -0.7219
vn 0.7456 0.0527 -0.6643
vn 0.7527 -0.1522 -0.6405
vn 0.7861 0.0544 -0.6156
vn 0.2296 0.0155 -0.9732
vn 0.1946 0.0170 -0.9807
vn 0.1331 0.0005 -0.9911
vn 0.0963 0.0151 -0.9952
vn 0.9294 -0.1085 -0.3528
vn 0.9497 -0.0595 -0.3075
vn 0.9288 -0.1972 -0.3138
vn 0.8939 -0.2742 -0.3545
vn 0.8658 -0.3310 -0.3752
vn 0.8468 -0.3967 -0.3544
vn 0.7413 -0.5513 -0.3827
vn 0.7817 -0.4974 -0.3762
vn 0.8297 -0.4319 -0.3536
vn 0.6947 -0.6202 -0.3643
vn 0.6315 -0.6807 -0.3712
vn 0.5594 -0.7477 -0.3577
vn 0.4861 -0.7860 -0.3820
vn 0.4311 -0.8399 -0.3299
vn 0.3839 -0.8660 -0.3203
vn 0.3280 -0.8859 -0.3281
vn 0.2796 -0.9087 -0.3099
vn 0.2602 -0.9025 -0.3433
vn 0.2075 -0.9148 -0.3466
vn 0.1699 -0.9209 -0.3509
vn 0.1327 -0.9253 -0.3552
vn 0.1124 -0.9282 -0.3546
vn 0.0905 -0.9280 -0.3615
vn 0.0448 -0.9339 -0.3546
vn 0.0601 -0.9293 -0.3643
vn 0.0725 -0.9283 -0.3647
vn 0.0731 -0.9334 -0.3512
vn 0.0189 -0.9342 -0.3563
vn -0.0336 -0.9179 -0.3955
vn -0.0947 -0.9218 -0.3760
vn -0.1191 -0.9212 -0.3705
vn -0.1149 -0.9211 -0.3720
vn -0.0346 0.0624 -0.9975
vn -0.0458 0.0478 -0.9978
vn -0.0509 0.0611 -0.9968
vn -0.0509 0.0609 -0.9968
vn 0.0267 0.9957 0.0890
vn 0.0202 0.9957 0.0899
vn 0.0232 0.9960 0.0863
vn 0.0262 0.9957 0.0890
vn 0.0269 0.9957 0.0888
vn 0.0269 0.9957 0.0887
vn 0.0268 0.9957 0.0888
vn 0.0270 0.9957 0.0884
vn 0.0384 -0.0543 0.9978
vn 0.0000 -0.0269 -0.9996
vn 0.0000 -0.0132 -0.9999
vn -0.0028 -0.1487 -0.9889
vn 0.0000 -0.1358 -0.9907
vn -0.0000 -0.1397 -0.9902
vn -0.0000 -0.1144 -0.9934
vn -0.0045 -0.1510 -0.9885
vn -0.0015 -0.1484 -0.9889
vn -0.0005 -0.0453 -0.9990
vn -0.0006 -0.0430 -0.9991
vn -0.0026 -0.0525 -0.9986
vn -0.0009 -0.0692 -0.9976
vn -0.0007 -0.0796 -0.9968
vn -0.0032 -0.0623 -0.9981
vn -0.0010 -0.0620 -0.9981
vn -0.0072 -0.0406 -0.9991
vn -0.0023 -0.0508 -0.9987
vn -0.0026 -0.0548 -0.9985
vn -0.0005 -0.0977 -0.9952
vn -0.0002 -0.1090 -0.9940
vn -0.0059 -0.0766 -0.9970
vn 0.0000 -0.0752 -0.9972
vn 0.6246 0.0493 -0.7793
vn 0.7079 0.0442 -0.7049
vn 0.7859 0.0642 -0.6151
vn 0.8390 0.0797 -0.5383
vn 0.8718 0.0692 -0.4850
vn 0.9234 0.1133 -0.3668
vn 0.9051 0.0914 -0.4152
vn 0.7902 0.0919 -0.6059
vn 0.7871 0.2074 -0.5810
vn 0.8090 0.2021 -0.5520
vn 0.8389 0.1167 -0.5317
vn 0.8260 0.2090 -0.5236
vn 0.8700 0.1282 -0.4761
vn 0.9023 0.2447 -0.3551
vn 0.9198 0.1801 -0.3485
vn 0.8914 0.2295 -0.3908
vn 0.9202 0.1542 -0.3598
vn 0.8764 0.2318 -0.4221
vn 0.8987 0.1451 -0.4138
vn 0.8602 0.2345 -0.4529
vn 0.8463 0.2295 -0.4807
vn 0.6003 0.1359 -0.7882
vn 0.6210 0.1759 -0.7638
vn 0.6425 0.0124 -0.7662
vn 0.6573 0.1658 -0.7352
vn 0.7180 0.0694 -0.6926
vn 0.7079 0.1673 -0.6862
vn 0.7563 0.1730 -0.6309
vn 0.4361 0.5685 -0.6976
vn 0.4711 0.5740 -0.6698
vn 0.5516 0.4057 -0.7288
vn 0.6175 0.3506 -0.7040
vn 0.5920 0.2542 -0.7648
vn 0.6928 0.3638 -0.6226
vn 0.7715 0.3854 -0.5061
vn 0.8219 0.4107 -0.3947
vn 0.8405 0.4222 -0.3395
vn 0.8726 0.3395 -0.3511
vn 0.7225 0.5865 -0.3661
vn 0.7276 0.6043 -0.3248
vn 0.8035 0.4961 -0.3289
vn 0.7336 0.6047 -0.3102
vn 0.7053 0.5753 -0.4142
vn 0.6024 0.5726 -0.5560
vn 0.6502 0.5638 -0.5092
vn 0.6763 0.5781 -0.4565
vn 0.5343 0.5618 -0.6316
vn 0.6406 0.7014 -0.3126
vn 0.6165 0.7103 -0.3396
vn 0.5120 0.7911 -0.3347
vn 0.5387 0.7132 -0.4484
vn 0.3677 0.7022 -0.6097
vn 0.0340 0.9897 -0.1394
vn 0.0257 0.9890 -0.1459
vn 0.0193 0.9910 -0.1328
vn 0.0297 0.9809 -0.1921
vn 0.0364 0.9820 -0.1851
vn 0.0776 0.9647 -0.2515
vn 0.0689 0.9625 -0.2624
vn 0.1182 0.9334 -0.3388
vn 0.1117 0.9271 -0.3578
vn 0.1296 0.9470 -0.2939
vn 0.1929 0.8852 -0.4234
vn 0.2852 0.8311 -0.4773
vn 0.2403 0.8111 -0.5333
vn 0.2026 0.8320 -0.5165
vn 0.1654 0.8760 -0.4530
vn 0.1565 0.8993 -0.4083
vn 0.2842 0.7712 -0.5696
vn 0.2233 0.7850 -0.5779
vn 0.2147 0.7931 -0.5699
vn 0.3288 0.8981 -0.2920
vn 0.3912 0.8707 -0.2980
vn 0.3657 0.8725 -0.3241
vn 0.4558 0.8339 -0.3110
vn 0.5469 0.7778 -0.3097
vn 0.2656 0.9222 -0.2812
vn 0.2066 0.9354 -0.2868
vn 0.1945 0.9481 -0.2516
vn 0.1378 0.9609 -0.2402
vn 0.0791 0.9721 -0.2209
vn 0.0779 0.9763 -0.2019
vn 0.0069 0.9952 -0.0981
vn 0.0040 0.9957 -0.0921
vn 0.0179 0.9919 -0.1257
vn 0.0125 0.9930 -0.1175
vn 0.0330 0.9866 -0.1601
vn 0.0226 0.9878 -0.1542
vn 0.0340 0.9816 -0.1877
vn 0.5835 0.7097 -0.3948
vn 0.4775 0.7928 -0.3788
vn 0.4392 0.7890 -0.4296
vn 0.3505 0.8653 -0.3582
vn 0.3288 0.8519 -0.4076
vn 0.2066 0.9166 -0.3422
vn 0.1060 0.9583 -0.2654
vn 0.0556 0.9791 -0.1957
vn 0.0285 0.9878 -0.1528
vn 0.0137 0.9931 -0.1162
vn 0.3005 0.7883 -0.5369
vn 0.3618 0.7929 -0.4904
vn 0.3822 0.7193 -0.5802
vn 0.4546 0.7232 -0.5200
vn 0.0798 0.9913 -0.1047
vn 0.0977 0.9916 -0.0844
vn 0.0659 0.9938 -0.0893
vn 0.0559 0.9924 -0.1095
vn 0.0243 0.9938 -0.1081
vn 0.0323 0.9917 -0.1247
vn 0.0577 0.9936 -0.0970
vn 0.0301 0.9905 -0.1342
vn 0.0191 0.9956 -0.0915
vn 0.0213 0.9914 -0.1294
vn 0.1956 0.1218 -0.9731
vn 0.1834 0.0423 -0.9821
vn 0.1302 0.0906 -0.9873
vn 0.0999 0.0934 -0.9906
vn 0.0922 0.0290 -0.9953
vn 0.1501 0.2519 -0.9560
vn 0.2265 0.1075 -0.9681
vn 0.2273 0.0453 -0.9728
vn -0.3152 0.9490 0.0023
vn -0.1681 0.8778 -0.4486
vn -0.1719 0.9028 -0.3943
vn -0.1817 0.9001 -0.3960
vn -0.1560 0.9046 -0.3967
vn -0.0183 0.8703 -0.4922
vn -0.0127 0.8634 -0.5044
vn -0.0190 0.8729 -0.4876
vn 0.0737 0.7396 -0.6690
vn 0.1047 0.7164 -0.6898
vn 0.1152 0.6857 -0.7187
vn 0.1048 0.6910 -0.7153
vn 0.1016 0.6506 -0.7526
vn 0.0647 0.7467 -0.6620
vn 0.0625 0.7569 -0.6505
vn 0.0470 0.7444 -0.6660
vn -0.3548 0.6615 -0.6608
vn -0.3583 0.6622 -0.6581
vn -0.4395 0.5606 -0.7018
vn 0.2809 0.3869 -0.8783
vn 0.3006 0.1450 -0.9427
vn 0.3075 0.1176 -0.9443
vn 0.2911 0.3414 -0.8937
vn 0.2335 0.6174 -0.7512
vn 0.2294 0.6137 -0.7555
vn 0.1396 0.6883 -0.7119
vn 0.1455 0.6956 -0.7036
vn 0.3105 0.0146 -0.9504
vn 0.3113 0.0453 -0.9492
vn 0.3183 0.0226 -0.9477
vn 0.3029 0.0462 -0.9519
vn 0.3406 0.0659 -0.9379
vn 0.1102 0.7083 -0.6973
vn 0.0878 0.7135 -0.6951
vn 0.0899 0.7135 -0.6949
vn 0.1008 0.7103 -0.6967
vn 0.1205 0.7021 -0.7018
vn 0.1265 0.7050 -0.6979
vn -0.1965 0.7162 -0.6697
vn -0.1534 0.7993 -0.5811
vn -0.1774 0.7840 -0.5949
vn -0.2394 0.7971 -0.5543
vn -0.2459 0.7972 -0.5514
vn -0.2633 0.7850 -0.5608
vn -0.2327 0.7734 -0.5896
vn -0.2055 0.7843 -0.5854
vn -0.2752 0.7737 -0.5706
vn -0.2800 0.7623 -0.5836
vn -0.2827 0.7559 -0.5905
vn -0.3323 0.6900 -0.6430
vn -0.4411 0.6407 -0.6285
vn -0.3921 0.6493 -0.6517
vn -0.3465 0.6556 -0.6709
vn -0.3494 0.6520 -0.6730
vn -0.2322 0.9727 0.0002
vn -0.2657 0.9640 -0.0083
vn -0.2508 0.9680 -0.0120
vn -0.3356 0.9420 0.0013
vn -0.3092 0.9508 0.0187
vn -0.2850 0.9581 -0.0276
vn -0.2142 0.9767 -0.0165
vn -0.2160 0.9761 -0.0243
vn -0.1803 0.9833 -0.0249
vn -0.1628 0.9862 -0.0294
vn -0.1290 0.9912 -0.0299
vn -0.1237 0.9918 -0.0312
vn -0.0897 0.9957 -0.0217
vn -0.0979 0.9948 -0.0289
vn -0.0579 0.9983 0.0033
vn -0.0561 0.9984 -0.0032
vn 0.0023 0.9978 0.0656
vn 0.0062 0.9975 0.0711
vn 0.0053 0.0345 -0.9994
vn 0.0351 0.4719 -0.8810
vn 0.0417 0.2595 -0.9648
vn 0.0204 0.8047 -0.5933
vn 0.1013 0.3168 -0.9431
vn 0.0673 0.6327 -0.7715
vn 0.0447 -0.3906 -0.9195
vn 0.0770 0.6102 -0.7885
vn 0.1264 0.3970 -0.9091
vn 0.0456 0.7892 -0.6124
vn 0.0367 0.8200 -0.5711
vn 0.0322 0.8171 -0.5756
vn 0.0242 0.8150 -0.5790
vn 0.0057 0.8215 -0.5702
vn 0.0015 0.8279 -0.5609
vn 0.0006 0.8298 -0.5580
vn -0.0046 0.8326 -0.5539
vn 0.2187 0.1984 -0.9554
vn 0.1618 0.2556 -0.9531
vn 0.1098 0.2213 -0.9690
vn 0.1053 0.3208 -0.9413
vn 0.1677 0.4443 -0.8801
vn 0.1999 0.3114 -0.9290
vn 0.1345 0.4325 -0.8915
vn 0.0878 0.4165 -0.9049
vn 0.0795 0.4098 -0.9087
vn -0.0509 0.0620 -0.9968
vn -0.0509 0.0619 -0.9968
vn -0.0509 0.0612 -0.9968
vn -0.0547 0.0708 -0.9960
vn -0.0615 0.0732 -0.9954
vn -0.2688 0.0635 -0.9611
vn -0.2764 0.1402 -0.9508
vn -0.2539 0.0448 -0.9662
vn -0.3456 0.0613 -0.9364
vn -0.3486 0.0899 -0.9330
vn -0.4574 -0.0150 -0.8892
vn -0.4627 0.0645 -0.8842
vn -0.5615 -0.0280 -0.8270
vn -0.6115 -0.0014 -0.7912
vn -0.2888 0.1301 -0.9485
vn -0.3625 0.1300 -0.9229
vn -0.5159 -0.0541 -0.8549
vn -0.5675 0.0124 -0.8233
vn -0.5805 0.1333 -0.8032
vn -0.5752 0.1478 -0.8045
vn 0.0027 0.8451 -0.5346
vn -0.0007 0.8482 -0.5297
vn 0.0003 0.8449 -0.5349
vn -0.0032 0.8480 -0.5300
vn -0.0047 0.8346 -0.5508
vn -0.0032 0.8367 -0.5476
vn -0.0007 0.8551 -0.5185
vn 0.0029 0.8573 -0.5149
vn 0.0033 0.8603 -0.5099
vn 0.0097 0.8606 -0.5093
vn 0.0924 0.5649 -0.8200
vn 0.1320 0.5652 -0.8143
vn 0.0720 0.6362 -0.7681
vn 0.1068 0.6620 -0.7418
vn 0.0730 0.6806 -0.7290
vn 0.1002 0.7078 -0.6993
vn 0.1015 0.7092 -0.6977
vn 0.0686 0.7042 -0.7067
vn 0.0908 0.7263 -0.6814
vn 0.0420 0.7823 -0.6215
vn 0.0551 0.7713 -0.6341
vn 0.0373 0.7589 -0.6501
vn 0.0723 0.7499 -0.6575
vn 0.0267 0.8101 -0.5857
vn 0.0251 0.8204 -0.5713
vn 0.0389 0.7925 -0.6087
vn 0.0444 0.8013 -0.5966
vn 0.0294 0.8034 -0.5947
vn 0.0130 0.8405 -0.5417
vn 0.0104 0.8422 -0.5390
vn 0.0339 0.7834 -0.6206
vn 0.0352 0.7647 -0.6434
vn 0.0288 0.7895 -0.6131
vn 0.0534 0.7302 -0.6811
vn 0.0299 0.7369 -0.6753
vn 0.0537 0.7592 -0.6486
vn 0.1825 0.7391 -0.6484
vn 0.0433 0.6998 -0.7130
vn 0.0340 0.7089 -0.7045
vn 0.1689 0.6844 -0.7093
vn 0.1243 0.6223 -0.7728
vn 0.0985 0.4994 -0.8608
vn 0.1159 0.5830 -0.8042
vn 0.0946 0.0794 -0.9923
vn 0.1944 0.9809 -0.0068
vn 0.2512 0.9668 -0.0471
vn 0.2560 0.9654 -0.0492
vn 0.1240 0.9906 0.0580
vn 0.1217 0.9907 0.0614
vn 0.1934 0.9811 -0.0063
vn 0.0558 0.9944 0.0896
vn 0.0516 0.9946 0.0902
vn 0.1267 0.9901 0.0606
vn 0.0586 0.9942 0.0898
vn 0.1248 0.9903 0.0610
vn 0.0644 0.9937 0.0913
vn 0.2055 0.9786 -0.0131
vn 0.2586 0.9636 -0.0679
vn 0.1821 0.9822 0.0458
vn 0.2499 0.9670 -0.0485
vn -0.1162 0.0601 -0.9914
vn -0.0726 0.2069 -0.9757
vn -0.2182 0.0456 -0.9748
vn -0.1940 0.0277 -0.9806
vn -0.1278 0.1972 -0.9720
vn -0.0738 0.2096 -0.9750
vn 0.1206 0.1730 -0.9775
vn 0.1259 0.2720 -0.9540
vn 0.1290 0.3608 -0.9237
vn 0.1704 0.5089 -0.8438
vn 0.2606 0.6471 -0.7165
vn 0.3120 0.7261 -0.6127
vn 0.3319 0.9290 -0.1637
vn 0.3274 0.9324 -0.1532
vn 0.3569 0.8820 -0.3077
vn 0.3743 0.8931 -0.2494
vn 0.3745 0.9078 -0.1888
vn 0.3672 0.8242 -0.4312
vn 0.4607 0.8160 -0.3492
vn 0.4091 0.8504 -0.3309
vn 0.3279 0.8555 -0.4006
vn 0.0268 0.9957 0.0887
vn 0.0267 0.9956 0.0894
vn 0.0268 0.9957 0.0891
vn -0.0292 -0.8805 0.4731
vn 0.0099 -0.8353 0.5497
vn -0.0138 -0.9005 0.4346
vn -0.0080 -0.9003 0.4351
vn -0.0340 -0.9783 0.2043
vn 0.0762 -0.9312 0.3565
vn 0.0227 -0.9533 0.3011
vn 0.0674 -0.9279 0.3666
vn 0.0418 -0.9393 0.3404
vn 0.0598 -0.9244 0.3767
vn -0.1050 -0.9821 0.1563
vn -0.0941 -0.9807 0.1715
vn -0.0470 -0.9770 0.2079
vn -0.0349 -0.9666 0.2540
vn -0.0045 -0.9575 0.2884
vn -0.0879 -0.9913 0.0978
vn -0.1183 -0.9896 0.0822
vn -0.0982 -0.9882 0.1174
vn -0.1277 -0.9872 0.0959
vn -0.0443 -0.9914 0.1232
vn 0.0790 -0.9349 0.3459
vn 0.0729 -0.9440 0.3217
vn 0.0215 -0.9620 0.2722
vn 0.0693 -0.9461 0.3165
vn 0.0599 -0.9459 0.3188
vn -0.0748 -0.9877 0.1372
vn -0.0717 -0.9935 0.0881
vn -0.0206 -0.9973 0.0700
vn -0.0197 -0.9977 0.0645
vn -0.0676 -0.9951 0.0725
vn -0.1185 -0.9905 0.0692
vn -0.0264 -0.9920 0.1233
vn -0.0276 -0.9941 0.1047
vn -0.0253 -0.9961 0.0850
vn -0.8854 -0.3931 0.2480
vn 0.0073 -0.9890 0.1475
vn 0.0092 -0.9958 0.0914
vn 0.0052 -0.9955 0.0949
vn 0.0052 -0.9976 0.0693
vn 0.0014 -0.9971 0.0760
vn 0.0037 -0.9979 0.0643
vn -0.0619 -0.9856 0.1576
vn -0.0134 -0.9886 0.1499
vn 0.0181 -0.9929 0.1180
vn -0.2775 -0.9385 0.2053
vn -0.1961 -0.9576 0.2112
vn -0.2453 -0.9486 0.2002
vn -0.1559 -0.9572 0.2439
vn -0.0894 -0.9825 0.1631
vn -0.3316 -0.9116 0.2429
vn -0.3964 -0.8889 0.2298
vn -0.4043 -0.8898 0.2118
vn -0.5554 -0.8006 0.2248
vn -0.4901 -0.8304 0.2651
vn -0.4676 -0.8305 0.3027
vn -0.7042 -0.6758 0.2178
vn -0.6625 -0.7094 0.2406
vn -0.6989 -0.6785 0.2262
vn -0.6221 -0.7303 0.2823
vn -0.5725 -0.7905 0.2177
vn -0.8167 -0.5304 0.2274
vn -0.7633 -0.5869 0.2702
vn -0.7435 -0.6068 0.2810
vn -0.8494 -0.4470 0.2804
vn -0.8145 -0.5355 0.2232
vn -0.8557 -0.4531 0.2499
vn -0.8099 -0.5207 0.2702
vn -0.6989 -0.6673 0.2574
vn -0.7552 -0.6157 0.2248
vn -0.7805 -0.5747 0.2460
vn -0.4969 -0.8349 0.2367
vn -0.5549 -0.7882 0.2662
vn -0.6124 -0.7584 0.2233
vn -0.6464 -0.7297 0.2230
vn -0.4318 -0.8687 0.2426
vn -0.3253 -0.9206 0.2160
vn -0.2532 -0.9395 0.2307
vn -0.0282 -0.9889 0.1461
vn -0.0598 -0.9830 0.1738
vn -0.1333 -0.9739 0.1838
vn -0.1904 -0.9619 0.1961
vn -0.0036 -0.9941 0.1086
vn 0.3276 -0.1819 0.9271
vn 0.3255 -0.1023 0.9400
vn 0.3674 -0.0967 0.9250
vn 0.5103 -0.0371 0.8592
vn 0.4731 -0.4433 0.7614
vn 0.2979 -0.1133 0.9478
vn 0.2868 -0.1015 0.9526
vn 0.2860 -0.0622 0.9562
vn 0.2861 -0.1348 0.9487
vn 0.2963 -0.1521 0.9429
vn 0.2862 -0.1590 0.9449
vn 0.2942 -0.2135 0.9316
vn 0.2851 -0.1945 0.9386
vn 0.2684 -0.2775 0.9225
vn 0.2615 -0.2534 0.9313
vn 0.2768 -0.2274 0.9336
vn 0.2950 -0.2908 0.9101
vn 0.2693 -0.3802 0.8848
vn 0.2624 -0.3403 0.9030
vn 0.2526 -0.4937 0.8321
vn 0.2600 -0.4572 0.8505
vn 0.3223 -0.3573 0.8766
vn 0.2490 -0.6357 0.7306
vn 0.2074 -0.6822 0.7011
vn 0.2382 -0.5885 0.7726
vn 0.2713 -0.6276 0.7298
vn 0.2992 -0.5545 0.7765
vn 0.2545 -0.5468 0.7977
vn 0.3152 -0.4459 0.8377
vn 0.4212 -0.4220 0.8028
vn 0.4331 -0.3948 0.8103
vn 0.3305 -0.5137 0.7918
vn 0.3163 -0.5931 0.7404
vn 0.3867 -0.4505 0.8047
vn 0.3586 -0.5283 0.7696
vn 0.4001 -0.5024 0.7665
vn 0.4965 -0.3625 0.7888
vn 0.5350 -0.2324 0.8123
vn 0.4567 -0.0325 0.8891
vn 0.4090 -0.0382 0.9118
vn 0.3654 -0.0414 0.9299
vn 0.3259 -0.0429 0.9444
vn 0.2974 -0.0431 0.9538
vn 0.4908 -0.2255 0.8416
vn 0.4429 -0.2716 0.8544
vn 0.4520 -0.2080 0.8674
vn 0.4016 -0.2798 0.8720
vn 0.4083 -0.2147 0.8873
vn 0.4678 -0.3294 0.8201
vn 0.4344 -0.3357 0.8358
vn 0.3970 -0.3648 0.8422
vn 0.2987 -0.0756 0.9514
vn 0.2836 -0.0278 0.9585
vn 0.3749 -0.3099 0.8738
vn 0.3259 -0.2532 0.9109
vn 0.3658 -0.2297 0.9019
vn 0.3681 -0.1653 0.9150
vn 0.4130 -0.1536 0.8977
vn 0.4121 -0.0906 0.9066
vn 0.4543 -0.1432 0.8793
vn 0.4565 -0.0857 0.8856
vn 0.5019 -0.1456 0.8526
vn 0.5078 -0.0884 0.8569
vn 0.5605 -0.1058 0.8214
vn -0.2466 -0.5795 0.7768
vn -0.2782 -0.3980 0.8742
vn -0.2998 -0.1767 0.9375
vn -0.3022 -0.1046 0.9475
vn -0.3015 -0.0977 0.9484
vn -0.3015 -0.0921 0.9490
vn -0.3028 -0.0817 0.9496
vn -0.3030 -0.0697 0.9504
vn -0.3038 -0.0278 0.9523
vn -0.3001 -0.0492 0.9526
vn -0.3005 -0.0588 0.9520
vn 0.9992 0.0364 0.0149
vn 0.2813 -0.0717 0.9570
vn 0.2496 -0.0816 0.9649
vn 0.3371 -0.0612 0.9395
vn 0.3872 -0.0316 0.9214
vn 0.4627 0.0730 0.8835
vn 0.5109 -0.0114 0.8596
vn 0.9349 0.1017 0.3400
vn 0.9592 0.2057 0.1941
vn 0.9654 0.1624 0.2040
vn 0.5928 0.0979 0.7994
vn 0.6281 0.0080 0.7781
vn 0.7157 0.0087 0.6984
vn 0.8415 0.0417 0.5386
vn 0.0575 -0.0715 0.9958
vn 0.1074 -0.1098 0.9881
vn 0.1650 -0.1038 0.9808
vn 0.9898 0.1333 0.0505
vn 0.9820 0.1474 0.1184
vn -0.9099 0.0577 -0.4108
vn -0.9068 0.1060 -0.4080
vn -0.9054 0.1609 -0.3929
vn -0.8943 0.1760 -0.4114
vn -0.8770 0.2700 -0.3975
vn -0.8760 0.3011 -0.3767
vn -0.9122 0.2713 -0.3072
vn -0.8372 0.1437 -0.5277
vn -0.8332 0.1454 -0.5335
vn -0.8064 0.1699 -0.5664
vn -0.8036 0.1933 -0.5628
vn -0.8641 0.2329 -0.4462
vn -0.8392 0.1522 -0.5222
vn -0.8433 0.1763 -0.5077
vn -0.8552 0.2092 -0.4742
vn -0.8661 0.2834 -0.4118
vn -0.9982 0.0000 0.0596
vn -0.9723 -0.0000 0.2337
vn -0.8949 -0.0000 0.4463
vn -0.7751 -0.0001 0.6318
vn -0.6061 0.0006 0.7954
vn -0.3126 -0.0013 0.9499
vn 0.0334 -0.0021 0.9994
vn 0.2715 -0.0016 0.9624
vn 0.4943 -0.0016 0.8693
vn 0.6938 -0.0010 0.7201
vn 0.9024 -0.0017 0.4309
vn -0.0398 -0.9992 0.0012
vn -0.0222 -0.9998 -0.0003
vn -0.0042 -1.0000 0.0004
vn -0.0018 -1.0000 -0.0024
vn -0.2251 -0.6556 0.7207
vn -0.1584 -0.9874 -0.0002
vn -0.1029 -0.9947 -0.0013
vn -0.0655 -0.9978 -0.0100
vn 0.0299 0.9873 -0.1563
vn 0.0301 0.9874 -0.1551
vn 0.0389 0.9898 -0.1368
vn 0.0625 0.9899 -0.1272
vn 0.0509 0.9905 -0.1279
vn 0.0430 0.9908 -0.1281
vn 0.0368 0.9910 -0.1287
vn 0.0432 0.9892 -0.1402
vn 0.0389 0.9861 -0.1614
vn 0.0675 0.9868 -0.1469
vn 0.0442 0.9859 -0.1613
vn 0.0313 0.9787 -0.2028
vn 0.0469 0.9852 -0.1646
vn 0.0339 0.9852 -0.1682
vn 0.0193 0.9784 -0.2059
vn 0.0229 0.9868 -0.1604
vn 0.0231 0.9864 -0.1626
vn 0.0611 0.9845 -0.1643
vn -0.0637 0.9350 -0.3488
vn -0.0421 0.9475 -0.3170
vn -0.0299 0.9524 -0.3033
vn -0.0183 0.9571 -0.2892
vn -0.0014 0.9570 -0.2900
vn 0.0111 0.9581 -0.2862
vn 0.0322 0.9787 -0.2026
vn -0.0217 0.9627 -0.2696
vn -0.0650 0.9453 -0.3196
vn -0.0785 0.9345 -0.3472
vn -0.0453 0.9538 -0.2971
vn -0.0599 0.9465 -0.3170
vn -0.0583 0.9465 -0.3172
vn -0.0093 0.9716 -0.2366
vn -0.0198 0.9676 -0.2516
vn -0.0306 0.9595 -0.2801
vn -0.0874 0.9204 -0.3810
vn -0.0024 1.0000 0.0000
vn -0.0344 0.9994 0.0003
vn -0.1523 0.9883 -0.0054
vn -0.3439 0.9390 -0.0042
vn -0.2860 0.9582 -0.0074
vn -0.4256 0.9048 -0.0096
vn -0.6827 0.7307 -0.0046
vn -0.6166 0.7871 -0.0126
vn -0.8910 0.4540 -0.0072
vn -0.8391 0.5439 -0.0084
vn -0.9817 0.1903 -0.0085
vn -0.9726 0.2324 -0.0062
vn -0.9503 0.3112 -0.0060
vn -0.9535 -0.3006 -0.0202
vn -0.9903 -0.1366 -0.0242
vn -0.9033 -0.4291 0.0045
vn -0.9974 0.0717 -0.0056
vn -0.9966 -0.0825 -0.0003
vn -0.8833 -0.4685 -0.0169
vn -0.8589 -0.5120 0.0142
vn -0.7204 -0.6935 -0.0063
vn -0.9258 -0.3779 0.0077
vn -0.7712 -0.6366 0.0055
vn -0.5747 -0.8184 -0.0048
vn -0.2909 -0.9567 -0.0009
vn -0.4906 -0.8714 0.0039
vn 0.0253 0.9997 0.0005
vn 0.0048 1.0000 -0.0000
vn 0.0614 0.9981 -0.0018
vn -0.1577 -0.1971 0.9676
vn -0.0201 -0.8078 0.5891
vn -0.0320 -0.7699 0.6373
vn -0.0370 -0.7388 0.6729
vn -0.0569 -0.8276 0.5584
vn -0.0305 -0.8637 0.5030
vn -0.1212 -0.7404 0.6611
vn -0.1201 -0.7834 0.6098
vn -0.0505 -0.7096 0.7028
vn -0.0909 -0.7819 0.6167
vn -0.0721 -0.8074 0.5855
vn -0.0630 -0.6790 0.7314
vn -0.1389 -0.7323 0.6667
vn -0.0659 -0.6451 0.7613
vn -0.1337 -0.7193 0.6818
vn -0.0741 -0.5904 0.8037
vn -0.1680 -0.6586 0.7335
vn -0.2205 -0.5602 0.7984
vn -0.1027 -0.4782 0.8722
vn -0.2494 -0.4602 0.8521
vn -0.1312 -0.3448 0.9295
vn -0.3128 -0.3668 0.8761
vn -0.3058 -0.2613 0.9156
vn -0.3711 -0.7467 0.5521
vn -0.5086 -0.5926 0.6246
vn -0.5689 -0.5881 0.5749
vn -0.6810 -0.2595 0.6847
vn -0.7399 -0.2361 0.6300
vn -0.6710 -0.4066 0.6200
vn -0.0247 -0.9886 0.1487
vn -0.0214 -0.9633 0.2675
vn -0.0363 -0.9540 0.2977
vn -0.0333 -0.9838 0.1763
vn -0.0211 -0.9899 0.1403
vn -0.0109 -0.9935 0.1134
vn -0.0892 -0.9721 0.2170
vn -0.1834 -0.9488 0.2573
vn -0.2860 -0.9127 0.2917
vn -0.3900 -0.8649 0.3160
vn -0.4899 -0.8070 0.3298
vn -0.5973 -0.7280 0.3366
vn -0.7157 -0.6063 0.3468
vn -0.8178 -0.4481 0.3611
vn -0.8835 -0.3233 0.3389
vn -0.7804 -0.4521 0.4319
vn -0.8565 -0.2992 0.4205
vn -0.4412 -0.4803 0.7581
vn -0.4890 -0.2858 0.8242
vn -0.5770 -0.2833 0.7660
vn -0.0510 -0.9403 0.3364
vn -0.0740 -0.9193 0.3866
vn -0.0741 -0.9658 0.2487
vn -0.0905 -0.9065 0.4123
vn -0.6001 -0.3914 0.6977
vn -0.6504 -0.2429 0.7197
vn -0.1264 -0.9329 0.3372
vn -0.1267 -0.9032 0.4101
vn -0.1885 -0.8983 0.3970
vn -0.1703 -0.8649 0.4721
vn -0.2504 -0.8609 0.4430
vn -0.2170 -0.8295 0.5147
vn -0.3041 -0.8250 0.4764
vn -0.2866 -0.7926 0.5382
vn -0.3537 -0.7996 0.4852
vn -0.4299 -0.7406 0.5164
vn -0.4825 -0.7411 0.4668
vn -0.4314 -0.8090 0.3993
vn -0.7771 -0.2657 0.5705
vn -0.7227 -0.4113 0.5555
vn -0.6249 -0.5900 0.5112
vn -0.6719 -0.5985 0.4363
vn -0.5424 -0.7376 0.4022
vn -0.1120 -0.9567 0.2686
vn -0.1924 -0.9275 0.3206
vn -0.2761 -0.8900 0.3628
vn -0.3591 -0.8460 0.3942
vn -0.7629 -0.4276 0.4849
vn -0.8241 -0.2898 0.4867
vn -0.0503 -0.9810 0.1872
vn -0.1314 -0.8450 0.5183
vn -0.1826 -0.7935 0.5806
vn -0.2158 -0.7711 0.5990
vn -0.2954 -0.7081 0.6413
vn -0.3721 -0.5984 0.7095
vn -0.0053 -0.7981 0.6026
vn -0.3360 0.2752 0.9008
vn -0.2551 0.1383 0.9570
vn -0.4414 0.5996 0.6676
vn -0.3742 0.7763 0.5073
vn -0.4203 0.7552 0.5030
vn -0.4108 0.8912 0.1923
vn -0.0282 -0.0082 0.9996
vn -0.1120 0.0552 0.9922
vn -0.1762 0.0811 0.9810
vn -0.3267 0.1151 0.9381
vn -0.5350 0.1116 0.8375
vn -0.3303 0.0404 0.9430
vn -0.3136 -0.0969 0.9446
vn -0.5358 -0.0822 0.8403
vn -0.5414 -0.0524 0.8391
vn -0.3169 -0.1799 0.9312
vn -0.5205 -0.1478 0.8410
vn -0.1667 0.0722 0.9834
vn -0.1691 -0.0731 0.9829
vn -0.6948 -0.1115 0.7105
vn -0.8998 -0.1819 0.3967
vn -0.7833 -0.1435 0.6048
vn -0.8607 -0.1536 0.4854
vn -0.8526 0.1581 0.4981
vn -0.8950 0.1839 0.4064
vn -0.9133 0.1918 0.3594
vn -0.7881 0.1416 0.5991
vn -0.6897 0.1121 0.7154
vn 0.0756 -0.9971 -0.0003
vn 0.0850 -0.9964 0.0031
vn 0.1199 -0.9928 -0.0042
vn 0.1078 -0.9942 0.0027
vn 0.1276 -0.9918 -0.0015
vn -0.0511 -0.9987 0.0007
vn -0.0738 -0.9973 -0.0038
vn -0.0457 -0.9990 0.0020
vn 0.0176 -0.9998 -0.0015
vn 0.0074 -1.0000 0.0048
vn 0.0513 -0.9987 0.0046
vn 0.1266 -0.9920 -0.0000
vn 0.6048 -0.7964 -0.0049
vn 0.7054 -0.7088 -0.0087
vn 0.7227 -0.6912 -0.0000
vn 0.8557 -0.5175 -0.0000
vn 0.9532 -0.3025 -0.0000
vn 0.9934 -0.1145 -0.0000
vn 0.9934 -0.1145 0.0000
vn 1.0000 -0.0001 0.0000
vn -0.2589 -0.8434 -0.4709
vn -0.2916 -0.7675 -0.5709
vn -0.3877 -0.7900 -0.4750
vn -0.4146 -0.7801 -0.4686
vn -0.4376 -0.7665 -0.4702
vn -0.4939 -0.7250 -0.4800
vn -0.5361 -0.6852 -0.4931
vn -0.5722 -0.6691 -0.4742
vn -0.5980 -0.6442 -0.4770
vn -0.6270 -0.5687 -0.5324
vn -0.6868 -0.5356 -0.4913
vn -0.7284 -0.4744 -0.4945
vn -0.7624 -0.4185 -0.4936
vn -0.8173 -0.2955 -0.4946
vn -0.8047 -0.2296 -0.5474
vn -0.7986 -0.3531 -0.4874
vn -0.8484 -0.0907 -0.5215
vn -0.8528 -0.1744 -0.4922
vn -0.0617 -0.8823 -0.4666
vn -0.1684 -0.8705 -0.4626
vn -0.1008 -0.8839 -0.4567
vn -0.0137 -0.9146 -0.4042
vn -0.0050 -0.9123 -0.4094
vn -0.0201 -0.8999 -0.4356
vn -0.0925 -0.9349 -0.3427
vn -0.0655 -0.9257 -0.3727
vn -0.0449 -0.9243 -0.3790
vn -0.0289 -0.9244 -0.3804
vn 0.5162 0.8565 0.0040
vn 0.4956 0.8685 -0.0126
vn 0.7020 0.7122 -0.0040
vn 0.5949 0.8034 -0.0254
vn 0.7231 0.6908 0.0000
vn 0.8560 0.5170 0.0000
vn 0.8560 0.5170 -0.0000
vn 0.9533 0.3020 0.0000
vn 0.9935 0.1141 0.0000
vn 0.1995 -0.8555 0.4779
vn 0.1681 -0.8549 0.4907
vn 0.2351 -0.7740 0.5879
vn 0.3024 -0.6684 0.6796
vn 0.2186 -0.8466 0.4853
vn 0.0885 -0.8876 0.4520
vn 0.0749 -0.8732 0.4817
vn 0.1056 -0.8748 0.4728
vn 0.1757 -0.7328 0.6574
vn 0.1736 -0.7887 0.5897
vn 0.1279 -0.8358 0.5339
vn 0.1127 -0.8230 0.5568
vn 0.0981 -0.8404 0.5330
vn 0.1266 -0.9881 -0.0868
vn 0.1348 -0.8027 0.5809
vn 0.2260 -0.7129 0.6639
vn 0.0798 -0.8739 0.4795
vn 0.1008 -0.8536 0.5111
vn 0.0884 -0.8411 0.5336
vn 0.1151 -0.9162 0.3838
vn 0.1122 -0.9286 0.3538
vn 0.0874 -0.9312 0.3539
vn 0.1364 -0.9066 0.3994
vn 0.3073 -0.7334 0.6063
vn 0.2301 -0.8370 0.4964
vn 0.1290 -0.8875 0.4424
vn 0.1555 -0.9001 0.4069
vn 0.1568 -0.9037 0.3985
vn 0.0991 -0.9021 0.4200
vn 0.0761 -0.9159 0.3942
vn 0.1265 0.9920 0.0000
vn 0.1280 0.9918 -0.0014
vn -0.0724 0.9974 -0.0002
vn -0.0512 0.9987 0.0033
vn -0.0463 0.9989 0.0015
vn -0.0046 1.0000 0.0012
vn 0.0142 0.9999 0.0046
vn 0.0481 0.9988 -0.0004
vn 0.0772 0.9970 0.0035
vn 0.0799 0.9968 0.0000
vn 0.1081 0.9941 -0.0017
vn 0.1186 0.9929 -0.0009
vn 0.1292 0.9916 0.0000
vn -0.1055 0.9944 0.0085
vn -0.1302 0.9915 0.0026
vn -0.1224 0.9925 0.0008
vn -0.1554 0.9879 0.0040
vn -0.1824 0.9832 0.0038
vn -0.1729 0.9849 0.0013
vn -0.1924 0.9813 0.0000
vn -0.2493 0.9684 0.0049
vn -0.2252 0.9743 0.0000
vn -0.2731 0.9620 0.0063
vn -0.3446 0.9387 0.0010
vn -0.3301 0.9439 0.0058
vn -0.4028 0.9153 -0.0020
vn -0.3986 0.9171 0.0010
vn -0.4752 0.8799 -0.0045
vn -0.4610 0.8874 0.0067
vn -0.5704 0.8213 0.0072
vn -0.5020 0.8640 0.0394
vn -0.5471 0.8370 0.0079
vn -0.5882 0.8087 0.0019
vn -0.6600 0.7513 -0.0035
vn -0.6444 0.7646 0.0077
vn -0.7479 0.6638 0.0084
vn -0.6925 0.7213 0.0144
vn -0.7644 0.6446 0.0162
vn -0.8717 0.4893 0.0272
vn -0.7965 0.6012 0.0641
vn -0.8451 0.5345 0.0088
vn -0.8988 0.4377 0.0231
vn -0.9599 0.2799 0.0180
vn -0.9252 0.3739 0.0650
vn -0.9670 0.2549 0.0040
vn -0.9911 0.1319 -0.0153
vn -0.9854 0.1698 0.0090
vn -0.9960 0.0843 0.0294
vn 0.0184 -0.9998 -0.0000
vn 0.0631 -0.9980 -0.0000
vn 0.0631 -0.9980 0.0000
vn 0.1051 0.9945 0.0000
vn 0.0227 0.8666 -0.4985
vn 0.0007 -0.8574 -0.5147
vn 0.0010 -0.8551 -0.5185
vn -0.1008 -0.8637 -0.4937
vn -0.1048 -0.8922 -0.4394
vn -0.0944 -0.9008 -0.4238
vn -0.0981 -0.9308 -0.3522
vn -0.1356 -0.8974 -0.4199
vn -0.1063 -0.9134 -0.3930
vn -0.0850 -0.9117 -0.4020
vn -0.0756 -0.9340 -0.3491
vn -0.0976 -0.9238 -0.3701
vn -0.1182 -0.9130 -0.3905
vn -0.0848 -0.9329 -0.3500
vn -0.1126 -0.8814 -0.4588
vn -0.1747 -0.8768 -0.4481
vn -0.1795 -0.8753 -0.4490
vn -0.2137 -0.8598 -0.4637
vn -0.2028 -0.8640 -0.4608
vn -0.1843 -0.8814 -0.4350
vn -0.2421 -0.8048 -0.5419
vn -0.2360 -0.8386 -0.4910
vn -0.2686 -0.8494 -0.4544
vn -0.1706 -0.8726 -0.4577
vn -0.2356 -0.8574 -0.4576
vn -0.2180 -0.8615 -0.4586
vn -0.2023 -0.8652 -0.4588
vn -0.2078 -0.8637 -0.4592
vn -0.1352 -0.8544 -0.5018
vn -0.1158 -0.8696 -0.4801
vn -0.1386 -0.9094 -0.3921
vn -0.1211 -0.8224 -0.5559
vn -0.0943 0.9010 -0.4235
vn -0.1048 0.8921 -0.4396
vn -0.1000 0.8633 -0.4947
vn -0.2403 0.8047 -0.5429
vn -0.1195 0.8474 -0.5173
vn -0.1360 0.8544 -0.5014
vn -0.1109 0.8570 -0.5032
vn -0.1674 0.8733 -0.4575
vn -0.2074 0.8639 -0.4589
vn -0.2169 0.8617 -0.4587
vn -0.2183 0.8579 -0.4652
vn -0.2355 0.8574 -0.4577
vn -0.2259 0.8503 -0.4754
vn -0.2307 0.8192 -0.5251
vn -0.1557 0.8848 -0.4391
vn -0.1744 0.8765 -0.4486
vn -0.1844 0.8810 -0.4356
vn -0.1802 0.8749 -0.4494
vn -0.2100 0.8620 -0.4614
vn -0.1710 0.8734 -0.4560
vn -0.1173 0.9125 -0.3920
vn -0.0994 0.9176 -0.3849
vn -0.0818 0.9335 -0.3490
vn -0.0779 0.9318 -0.3546
vn -0.0978 0.9315 -0.3504
vn -0.0822 0.9118 -0.4024
vn -0.1069 0.9133 -0.3930
vn -0.1355 0.8974 -0.4199
vn -0.1401 0.9101 -0.3901
vn 0.3465 0.9380 0.0051
vn 0.3971 0.9178 0.0064
vn 0.1854 0.9827 0.0000
vn 0.1922 0.9813 0.0030
vn 0.2921 0.9564 0.0014
vn 0.3418 0.9398 -0.0002
vn 0.2435 0.6639 -0.7071
vn 0.2438 0.6637 -0.7071
vn 0.1379 0.6935 -0.7071
vn 0.1376 0.6970 -0.7037
vn 0.0000 0.0001 1.0000
vn -0.0000 -0.0001 1.0000
vn 0.0100 0.7070 -0.7072
vn 0.0185 0.7069 -0.7071
vn 0.0112 0.7083 -0.7058
vn 0.0124 0.6576 -0.7533
vn 0.0744 0.8374 -0.5415
vn 0.0184 0.9998 0.0000
vn 0.0631 0.9980 0.0000
vn 0.0462 -0.4227 -0.9051
vn 0.0187 -0.4251 -0.9050
vn 0.0460 0.4213 -0.9058
vn -0.0402 0.3469 -0.9370
vn -0.0775 -0.3740 -0.9242
vn -0.0485 -0.3331 -0.9416
vn -0.0899 0.3384 -0.9367
vn -0.1052 0.3630 -0.9258
vn -0.1092 -0.3658 -0.9243
vn -0.0078 0.3746 -0.9272
vn -0.1236 -0.3593 -0.9250
vn 0.0619 -0.4513 -0.8902
vn -0.0032 0.3896 -0.9210
vn 0.0047 0.3877 -0.9218
vn 0.0150 -0.3829 -0.9236
vn -0.0196 -0.4287 -0.9033
vn -0.1125 -0.3938 -0.9123
vn -0.1354 -0.3632 -0.9218
vn -0.0830 -0.3470 -0.9342
vn -0.0735 0.3725 -0.9251
vn -0.0831 0.3735 -0.9239
vn -0.0311 0.4357 -0.8996
vn 0.0034 0.4629 -0.8864
vn 0.0048 -0.5085 -0.8610
vn 0.0218 0.4412 -0.8971
vn 0.0381 0.4340 -0.9001
vn -0.1192 0.3818 -0.9165
vn -0.0191 -0.3395 -0.9404
vn -0.0034 -0.3790 -0.9254
vn -0.0008 0.3824 -0.9240
vn -0.0001 -0.3824 -0.9240
vn 0.0058 -0.3120 -0.9501
vn 0.0048 0.3809 -0.9246
vn 0.0020 0.3793 -0.9253
vn -0.3875 -0.1276 -0.9130
vn -0.3804 -0.1529 -0.9121
vn -0.3636 -0.1846 -0.9131
vn 0.0144 -0.3996 -0.9166
vn -0.0029 -0.3912 -0.9203
vn -0.0350 -0.3989 -0.9163
vn -0.4160 -0.1189 -0.9016
vn -0.4013 -0.0735 -0.9130
vn -0.4071 -0.0517 -0.9119
vn 0.0582 0.4268 -0.9025
vn 0.1046 0.4528 -0.8855
vn 0.1020 -0.4176 -0.9029
vn 0.1486 0.4045 -0.9024
vn 0.1590 -0.4297 -0.8889
vn 0.1931 0.3820 -0.9038
vn 0.1918 -0.3761 -0.9065
vn 0.2476 -0.3293 -0.9112
vn -0.0534 -0.3923 -0.9183
vn -0.1050 -0.4299 -0.8968
vn -0.1330 -0.3839 -0.9138
vn -0.1594 -0.3917 -0.9062
vn -0.1932 -0.3517 -0.9159
vn -0.2136 -0.3348 -0.9178
vn -0.2527 -0.3115 -0.9160
vn -0.3032 -0.2853 -0.9092
vn -0.3329 -0.2911 -0.8969
vn -0.2892 0.2893 -0.9125
vn -0.3094 0.2651 -0.9132
vn -0.3534 0.2139 -0.9107
vn -0.1930 0.3554 -0.9146
vn -0.1287 0.3765 -0.9174
vn -0.2837 0.3421 -0.8958
vn -0.1031 0.4295 -0.8972
vn -0.0550 0.3937 -0.9176
vn 0.3957 0.0710 -0.9156
vn 0.3886 0.0050 -0.9214
vn 0.2696 0.3550 -0.8951
vn -0.3788 -0.2323 -0.8958
vn -0.3819 -0.2024 -0.9018
vn -0.4127 -0.0208 -0.9106
vn -0.4063 0.0037 -0.9138
vn -0.4036 0.0526 -0.9134
vn -0.3910 0.1138 -0.9133
vn -0.3547 0.1906 -0.9153
vn 0.3861 -0.0657 -0.9201
vn 0.3663 -0.1341 -0.9208
vn 0.3693 0.1350 -0.9194
vn 0.3045 0.2738 -0.9123
vn 0.3550 0.2266 -0.9070
vn 0.3421 -0.2067 -0.9166
vn 0.3209 -0.2862 -0.9028
vn -0.2763 0.1080 0.9550
vn -0.2449 0.0714 0.9669
vn -0.2704 0.1017 0.9574
vn -0.2237 0.0588 0.9729
vn -0.2798 0.0566 0.9584
vn -0.2892 0.0520 0.9558
vn -0.2875 0.0482 0.9566
vn -0.4259 0.0536 0.9032
vn -0.2730 0.0210 0.9618
vn -0.2921 0.0104 0.9563
vn -0.2886 0.0003 0.9575
vn -0.2860 -0.0010 0.9582
vn -0.2846 -0.0100 0.9586
vn -0.3057 -0.0236 0.9518
vn -0.1987 -0.0276 0.9797
vn -0.4256 -0.1106 0.8981
vn -0.2749 -0.1072 0.9555
vn -0.3405 -0.0970 0.9352
vn -0.2861 -0.1066 0.9522
vn -0.2328 -0.0373 0.9718
vn -0.1459 -0.3025 0.9419
vn -0.1385 -0.2472 0.9590
vn -0.1414 -0.2550 0.9565
vn -0.2682 -0.1140 0.9566
vn -0.1347 -0.1276 0.9826
vn -0.1956 -0.2185 0.9560
vn -0.2302 -0.1827 0.9559
vn -0.3498 -0.1745 0.9204
vn -0.1698 -0.0985 0.9805
vn -0.2495 -0.1816 0.9512
vn -0.2327 -0.1523 0.9606
vn -0.2333 -0.1844 0.9548
vn -0.1608 -0.1612 0.9737
vn -0.1896 -0.2253 0.9556
vn -0.1990 -0.2597 0.9450
vn -0.1077 -0.1606 0.9811
vn -0.1140 -0.1753 0.9779
vn -0.0143 -0.2820 0.9593
vn -0.0018 -0.2698 0.9629
vn 0.0035 -0.2840 0.9588
vn 0.0061 -0.2835 0.9589
vn 0.0085 -0.2838 0.9589
vn -0.0692 -0.1725 0.9826
vn -0.0679 -0.1721 0.9827
vn -0.0832 -0.2682 0.9598
vn -0.0844 -0.2747 0.9578
vn -0.0805 -0.3196 0.9441
vn -0.0408 -0.2160 0.9755
vn -0.0338 -0.2807 0.9592
vn -0.0339 -0.2829 0.9585
vn -0.0184 -0.2842 0.9586
vn 0.0021 -0.2637 0.9646
vn 0.0010 -0.2706 0.9627
vn 0.0025 -0.2622 0.9650
vn 0.0023 -0.2148 0.9767
vn 0.0050 -0.3022 0.9532
vn 0.0041 -0.4800 0.8773
vn -0.9873 -0.0768 0.1392
vn -0.9834 -0.1191 0.1372
vn -0.9775 -0.1029 0.1842
vn -0.9420 -0.3107 0.1270
vn -0.9155 -0.3857 0.1147
vn -0.9100 -0.3812 0.1632
vn 0.0055 -0.9999 0.0147
vn -0.0067 -0.9995 0.0319
vn -0.0854 -0.9353 0.3435
vn -0.1035 -0.9923 0.0678
vn -0.1616 -0.9833 0.0842
vn -0.1995 -0.9774 0.0699
vn -0.3418 -0.9331 0.1122
vn -0.2725 -0.9588 0.0801
vn -0.4908 -0.8667 0.0894
vn -0.4525 -0.8865 0.0971
vn -0.5214 -0.8435 0.1291
vn -0.4121 -0.9064 0.0926
vn -0.3442 -0.9357 0.0777
vn -0.5519 -0.8288 0.0919
vn -0.5441 -0.8341 0.0905
vn -0.6791 -0.7206 0.1401
vn -0.6723 -0.7338 0.0979
vn -0.6407 -0.7612 0.1003
vn -0.6131 -0.7827 0.1072
vn -0.5993 -0.7932 0.1085
vn -0.5897 -0.8009 0.1040
vn -0.5823 -0.8067 0.1009
vn -0.5733 -0.8135 0.0977
vn -0.5617 -0.8219 0.0942
vn -0.5344 -0.8405 0.0892
vn -0.5184 -0.8506 0.0881
vn -0.8115 -0.5644 0.1511
vn -0.7712 -0.6269 0.1108
vn -0.7181 -0.6880 0.1050
vn -0.8882 -0.4438 0.1190
vn -0.8580 -0.4999 0.1180
vn -0.8182 -0.5647 0.1079
vn -0.9768 -0.1668 0.1345
vn -0.9625 -0.2366 0.1323
vn -0.9604 -0.2146 0.1778
vn -0.9896 -0.0336 0.1395
vn -0.9824 0.0229 0.1852
vn -0.9904 0.0051 0.1383
vn -0.9680 -0.1106 0.2252
vn -0.9732 -0.0449 0.2257
vn -0.9737 0.0071 0.2276
vn -0.9543 -0.1976 0.2243
vn -0.9269 -0.3106 0.2108
vn -0.7699 -0.6110 0.1842
vn -0.8111 -0.5514 0.1951
vn -0.8518 -0.4857 0.1962
vn -0.8928 -0.4010 0.2050
vn -0.7257 -0.6647 0.1778
vn -0.6788 -0.7117 0.1805
vn -0.4616 -0.8739 0.1524
vn -0.5237 -0.8357 0.1656
vn -0.5736 -0.8028 0.1630
vn -0.6257 -0.7617 0.1685
vn -0.4021 -0.9037 0.1469
vn -0.3484 -0.9254 0.1492
vn -0.0319 -0.9971 0.0686
vn -0.0675 -0.9927 0.0997
vn -0.1197 -0.9868 0.1091
vn -0.2065 -0.9708 0.1225
vn -0.2805 -0.9505 0.1336
vn 0.0007 0.2519 0.9677
vn 0.0000 0.2646 0.9644
vn 0.0015 0.2548 0.9670
vn 0.0026 0.2608 0.9654
vn 0.0016 0.2577 0.9662
vn 0.0052 0.2830 0.9591
vn 0.0036 0.2482 0.9687
vn 0.0042 0.2758 0.9612
vn 0.0022 0.2106 0.9776
vn 0.0017 0.2270 0.9739
vn 0.0097 0.2714 0.9624
vn 0.0030 0.2714 0.9625
vn 0.0067 0.2846 0.9586
vn 0.0029 0.2724 0.9622
vn 0.0021 0.2959 0.9552
vn 0.0093 0.2827 0.9592
vn 0.0079 0.2823 0.9593
vn 0.0037 0.2919 0.9564
vn -0.0016 0.3403 0.9403
vn -0.0086 0.2823 0.9593
vn -0.0150 0.2831 0.9590
vn -0.0185 0.2829 0.9590
vn -0.0274 0.2844 0.9583
vn -0.0313 0.2825 0.9588
vn -0.0420 0.2816 0.9586
vn -0.0452 0.2811 0.9586
vn -0.0508 0.2624 0.9636
vn -0.0628 0.2763 0.9590
vn -0.0659 0.2762 0.9588
vn -0.0776 0.2746 0.9584
vn -0.0807 0.2730 0.9586
vn -0.0957 0.2690 0.9584
vn -0.1002 0.2702 0.9576
vn -0.1679 0.3753 0.9116
vn -0.1340 0.2553 0.9575
vn -0.1407 0.2967 0.9445
vn -0.1526 0.2651 0.9521
vn -0.1529 0.2466 0.9570
vn -0.1534 0.2457 0.9571
vn -0.1708 0.2355 0.9567
vn -0.1710 0.2355 0.9567
vn -0.1885 0.2238 0.9562
vn -0.1879 0.2243 0.9562
vn -0.2057 0.2106 0.9557
vn -0.2043 0.2117 0.9558
vn -0.2224 0.1959 0.9551
vn -0.2200 0.1975 0.9553
vn -0.2347 0.1803 0.9552
vn -0.2330 0.1831 0.9551
vn -0.2268 0.1603 0.9607
vn -0.2520 0.1593 0.9545
vn -0.2507 0.1620 0.9544
vn -0.2637 0.1424 0.9540
vn -0.2580 0.1460 0.9550
vn -0.2768 0.1240 0.9529
vn -0.2568 0.1275 0.9580
vn -0.2765 0.1137 0.9543
vn -0.2683 0.1166 0.9563
vn -0.8912 0.4384 0.1166
vn -0.9083 0.4025 0.1141
vn -0.9070 0.3875 0.1647
vn -0.9782 0.1466 0.1469
vn -0.9813 0.1133 0.1556
vn -0.9893 0.0403 0.1404
vn -0.9861 0.0782 0.1463
vn -0.9240 0.3640 0.1173
vn -0.9415 0.3105 0.1312
vn -0.9627 0.2021 0.1797
vn -0.9541 0.2676 0.1346
vn -0.9681 0.2135 0.1313
vn -0.8678 0.4821 0.1206
vn -0.8078 0.5693 0.1529
vn -0.8398 0.5309 0.1132
vn -0.6753 0.7241 0.1403
vn -0.7549 0.6468 0.1089
vn -0.8047 0.5839 0.1074
vn -0.4795 0.8729 0.0899
vn -0.5292 0.8439 0.0883
vn -0.5187 0.8454 0.1278
vn -0.5972 0.7964 0.0952
vn -0.6835 0.7232 0.0987
vn -0.4191 0.9036 0.0887
vn -0.3391 0.9341 0.1118
vn -0.3417 0.9366 0.0775
vn -0.0763 0.9958 0.0506
vn -0.1241 0.9907 0.0555
vn -0.1624 0.9826 0.0899
vn -0.1978 0.9778 0.0698
vn -0.2696 0.9597 0.0800
vn -0.0295 0.9971 0.0696
vn 0.0113 0.9992 0.0378
vn -0.0223 0.9990 0.0383
vn -0.1931 0.9736 0.1217
vn -0.1462 0.9837 0.1044
vn -0.1192 0.9894 0.0835
vn -0.0726 0.9928 0.0955
vn -0.0345 0.9947 0.0968
vn -0.3575 0.9219 0.1496
vn -0.2758 0.9526 0.1287
vn -0.2332 0.9652 0.1186
vn -0.4476 0.8806 0.1555
vn -0.5234 0.8359 0.1654
vn -0.6861 0.7048 0.1804
vn -0.6281 0.7603 0.1659
vn -0.5851 0.7953 0.1585
vn -0.8276 0.5269 0.1936
vn -0.8047 0.5608 0.1946
vn -0.7728 0.6090 0.1788
vn -0.7419 0.6489 0.1687
vn -0.9188 0.3382 0.2035
vn -0.9031 0.3772 0.2051
vn -0.8825 0.4304 0.1899
vn -0.8619 0.4744 0.1791
vn -0.9716 0.0749 0.2244
vn -0.9617 0.1578 0.2240
vn -0.9481 0.2379 0.2109
vn -0.9372 0.2874 0.1977
vn 0.1063 -0.9478 0.3007
vn 0.1041 -0.9691 0.2235
vn 0.1607 -0.9759 0.1475
vn 0.1870 -0.8929 0.4095
vn 0.0992 -0.8906 0.4438
vn 0.2204 -0.9523 0.2110
vn 0.2641 -0.9563 0.1259
vn 0.2780 -0.9459 0.1675
vn 0.2895 -0.8832 0.3691
vn 0.3229 -0.9251 0.1997
vn 0.3857 -0.9162 0.1090
vn 0.4674 -0.8723 0.1433
vn 0.3952 -0.8493 0.3500
vn 0.5256 -0.8489 0.0560
vn 0.5400 -0.7808 0.3142
vn 0.5919 -0.7953 0.1310
vn 0.6621 -0.7486 0.0345
vn 0.7493 -0.6579 0.0755
vn 0.6789 -0.6852 0.2639
vn 0.8279 -0.5575 0.0607
vn 0.8171 -0.5396 0.2029
vn 0.9686 -0.2415 -0.0601
vn 0.9673 -0.1898 0.1683
vn 0.9105 -0.3691 0.1862
vn 0.9471 -0.3210 0.0057
vn 0.8975 -0.4367 -0.0617
vn 0.9901 -0.1008 -0.0974
vn 0.9866 -0.0172 0.1621
vn 0.9999 -0.0128 0.0050
vn 0.0872 -0.7631 -0.6403
vn 0.1257 -0.6848 -0.7178
vn 0.1728 -0.7436 -0.6459
vn 0.1994 -0.6624 -0.7221
vn 0.2586 -0.6040 -0.7539
vn 0.2658 -0.6079 -0.7482
vn 0.4205 -0.4655 -0.7788
vn 0.4366 -0.5978 -0.6723
vn 0.3352 -0.5364 -0.7745
vn 0.3586 -0.6497 -0.6703
vn 0.4708 -0.4994 -0.7273
vn 0.4755 -0.3589 -0.8032
vn 0.5835 -0.3887 -0.7131
vn 0.6656 -0.2527 -0.7022
vn 0.6491 -0.2600 -0.7149
vn 0.6248 -0.2627 -0.7352
vn 0.5939 -0.2616 -0.7608
vn 0.5578 -0.2570 -0.7892
vn 0.5313 -0.2541 -0.8082
vn 0.5959 -0.3128 -0.7396
vn 0.6599 -0.1455 -0.7371
vn 0.6295 -0.1492 -0.7625
vn 0.5747 -0.1549 -0.8035
vn 0.5672 -0.1500 -0.8098
vn 0.5962 -0.1504 -0.7886
vn 0.6057 -0.1729 -0.7767
vn 0.6320 -0.1906 -0.7512
vn 0.6528 -0.2079 -0.7284
vn 0.6666 -0.2241 -0.7109
vn 0.6721 -0.2397 -0.7006
vn 0.7064 0.0136 -0.7077
vn 0.6580 -0.0368 -0.7521
vn 0.5806 -0.0498 -0.8126
vn 0.7026 -0.1185 -0.7017
vn -0.0014 -0.7065 -0.7077
vn 0.0039 -0.7098 -0.7044
vn 0.0200 -0.7221 -0.6915
vn 0.0289 -0.7082 -0.7054
vn -0.0029 -0.7141 -0.7000
vn -0.0328 -0.6982 -0.7151
vn -0.0815 -0.7094 -0.7001
vn -0.1259 -0.6647 -0.7364
vn -0.2102 -0.6886 -0.6940
vn -0.2879 -0.6092 -0.7389
vn -0.2173 -0.6408 -0.7363
vn -0.3893 -0.6121 -0.6883
vn -0.3954 -0.6042 -0.6918
vn -0.3978 -0.5944 -0.6989
vn -0.3978 -0.5771 -0.7133
vn -0.3923 -0.5513 -0.7363
vn -0.3911 -0.5446 -0.7419
vn -0.4024 -0.5518 -0.7305
vn -0.4175 -0.5603 -0.7154
vn -0.4404 -0.5683 -0.6950
vn -0.3037 -0.6141 -0.7284
vn -0.3617 -0.6219 -0.6946
vn -0.3684 -0.6130 -0.6990
vn -0.4647 -0.5360 -0.7048
vn -0.4546 -0.4982 -0.7383
vn -0.5059 -0.5140 -0.6927
vn -0.5443 -0.4149 -0.7291
vn -0.5640 -0.4057 -0.7192
vn -0.5722 -0.3592 -0.7373
vn -0.6567 -0.3178 -0.6840
vn -0.6702 -0.2873 -0.6843
vn -0.6781 -0.2469 -0.6923
vn -0.6728 -0.1603 -0.7222
vn -0.7264 -0.1246 -0.6759
vn -0.7370 0.0038 -0.6758
vn -0.7376 -0.0194 -0.6749
vn -0.7192 -0.0590 -0.6923
vn -0.7312 -0.0826 -0.6771
vn -0.6800 0.0427 -0.7320
vn -0.7261 0.0757 -0.6834
vn -0.2517 0.6640 -0.7042
vn -0.2001 0.6872 -0.6984
vn 0.0062 0.7118 -0.7024
vn -0.0223 0.6975 -0.7162
vn -0.0401 0.6251 -0.7795
vn -0.1269 0.6811 -0.7211
vn -0.0802 0.7040 -0.7056
vn -0.2495 0.5602 -0.7899
vn -0.3560 0.6310 -0.6893
vn -0.5190 0.3714 -0.7698
vn -0.5558 0.4725 -0.6840
vn -0.5036 0.5327 -0.6801
vn -0.3503 0.5008 -0.7915
vn -0.3614 0.5495 -0.7533
vn -0.5325 0.2266 -0.8155
vn -0.5071 0.2069 -0.8366
vn -0.6236 0.2249 -0.7487
vn -0.6015 0.2815 -0.7476
vn -0.6427 0.3520 -0.6805
vn -0.5780 0.3850 -0.7196
vn -0.7046 0.1228 -0.6989
vn -0.6454 0.1358 -0.7517
vn -0.7051 0.1888 -0.6835
vn -0.6962 0.0405 -0.7167
vn 0.0231 0.6961 -0.7176
vn 0.0245 0.8182 -0.5744
vn 0.0087 0.7061 -0.7080
vn -0.0003 0.7066 -0.7076
vn 0.5737 0.0479 -0.8176
vn 0.6774 0.0903 -0.7301
vn 0.6526 0.1467 -0.7434
vn 0.6565 0.2577 -0.7089
vn 0.6640 0.2186 -0.7151
vn 0.6165 0.1797 -0.7666
vn 0.5709 0.1521 -0.8068
vn 0.5901 0.1512 -0.7930
vn 0.5361 0.2554 -0.8046
vn 0.6106 0.2641 -0.7466
vn 0.4684 0.4955 -0.7315
vn 0.5395 0.4964 -0.6801
vn 0.4778 0.3598 -0.8014
vn 0.6107 0.3323 -0.7188
vn 0.4181 0.4707 -0.7770
vn 0.3533 0.5565 -0.7520
vn 0.3609 0.6231 -0.6939
vn 0.2630 0.6054 -0.7512
vn 0.2638 0.6268 -0.7331
vn 0.1881 0.6355 -0.7488
vn 0.2331 0.7043 -0.6705
vn 0.1123 0.7551 -0.6459
vn 0.1205 0.7286 -0.6743
vn 0.1225 0.6697 -0.7324
vn 0.1244 0.6592 -0.7416
vn 0.1901 0.6733 -0.7145
vn 0.0919 0.7516 -0.6532
vn 0.0802 0.7647 -0.6393
vn 0.2070 0.9546 0.2143
vn 0.1161 0.9726 0.2016
vn 0.1163 0.9614 0.2494
vn 0.1033 0.9130 0.3947
vn 0.1913 0.9014 0.3885
vn 0.3073 0.9287 0.2077
vn 0.2858 0.8784 0.3831
vn 0.3793 0.9058 0.1886
vn 0.4055 0.8424 0.3549
vn 0.4451 0.8822 0.1540
vn 0.5470 0.7837 0.2943
vn 0.5858 0.8003 0.1280
vn 0.6865 0.6754 0.2692
vn 0.7208 0.6854 0.1033
vn 0.8209 0.5320 0.2077
vn 0.8343 0.5489 0.0516
vn 0.8913 0.4522 0.0334
vn 0.9168 0.3519 0.1887
vn 0.9402 0.3385 0.0376
vn 0.9751 0.1706 0.1415
vn 0.9834 0.1795 0.0246
vn 0.9980 0.0607 -0.0168
vn 0.0787 -0.6538 0.7525
vn 0.0868 -0.7604 0.6436
vn 0.1533 -0.7099 0.6874
vn 0.3302 -0.7072 0.6251
vn 0.2482 -0.5562 0.7931
vn 0.2187 -0.6991 0.6808
vn 0.4443 -0.6645 0.6009
vn 0.3424 -0.5133 0.7869
vn 0.5661 -0.5769 0.5889
vn 0.6898 -0.4648 0.5551
vn 0.5096 -0.3562 0.7832
vn 0.4287 -0.4421 0.7879
vn 0.7999 -0.3241 0.5050
vn 0.6303 -0.2582 0.7322
vn 0.8499 -0.1688 0.4992
vn 0.6717 -0.1317 0.7290
vn 0.8682 -0.0161 0.4959
vn 0.6880 -0.0104 0.7257
vn 0.1563 -0.4916 0.8567
vn 0.1427 -0.5567 0.8184
vn 0.1057 -0.6345 0.7656
vn 0.1897 -0.4856 0.8534
vn 0.1957 -0.4336 0.8796
vn 0.2460 -0.4520 0.8574
vn 0.2558 -0.4274 0.8671
vn 0.2969 -0.3794 0.8763
vn 0.5737 0.0090 0.8190
vn 0.5226 -0.0578 0.8506
vn 0.5453 -0.1148 0.8304
vn 0.4854 -0.1638 0.8588
vn 0.4919 -0.2267 0.8406
vn 0.4586 -0.2588 0.8501
vn 0.3857 -0.3099 0.8690
vn 0.3509 -0.3670 0.8615
vn -0.0307 -0.2470 0.9685
vn -0.0309 -0.2484 0.9682
vn -0.0334 -0.2481 0.9682
vn -0.0337 -0.2479 0.9682
vn -0.0334 -0.2478 0.9682
vn -0.0336 -0.2476 0.9683
vn -0.0269 -0.2989 0.9539
vn -0.0197 -0.1459 0.9891
vn -0.0236 -0.1969 0.9801
vn -0.0270 -0.3144 0.9489
vn -0.0099 -0.1978 0.9802
vn -0.0060 -0.2734 0.9619
vn -0.0260 -0.9948 0.0984
vn -0.0145 -0.9999 0.0062
vn -0.0191 -0.9994 0.0287
vn 0.0166 -0.9988 0.0450
vn -0.0015 -1.0000 0.0028
vn 0.0036 -1.0000 -0.0053
vn 0.0255 -0.9985 0.0494
vn 0.0294 -0.9993 0.0213
vn 0.0398 -0.9990 0.0211
vn 0.0161 -0.9965 0.0815
vn 0.0206 -0.9974 0.0691
vn 0.0075 -0.9985 0.0534
vn 0.0003 -0.9992 0.0389
vn -0.1484 -0.6889 -0.7095
vn -0.1252 -0.7333 -0.6683
vn -0.0603 -0.7624 -0.6443
vn -0.0147 -0.7119 -0.7022
vn -0.0059 0.2468 0.9690
vn -0.0088 0.1869 0.9823
vn -0.0235 0.2543 0.9668
vn -0.0206 0.2549 0.9668
vn -0.0344 0.3055 0.9516
vn -0.0331 0.2497 0.9677
vn -0.0314 0.2534 0.9668
vn -0.0334 0.2481 0.9681
vn -0.0063 0.7110 -0.7032
vn -0.0433 0.7736 -0.6322
vn -0.0528 0.8127 -0.5802
vn -0.1340 0.8374 -0.5299
vn -0.1371 0.6946 -0.7062
vn 0.0220 0.9983 0.0536
vn 0.0185 0.9993 0.0338
vn 0.0215 0.9990 0.0384
vn 0.0272 0.9996 0.0119
vn -0.0179 0.9994 0.0303
vn -0.0169 0.9997 0.0167
vn -0.0135 0.9999 -0.0035
vn 0.0092 1.0000 0.0036
vn -0.0245 0.9990 0.0385
vn 0.0049 0.9991 0.0416
vn 0.0088 0.9982 0.0598
vn 0.0163 0.9972 0.0733
vn 0.0139 0.9966 0.0816
vn -0.0334 0.2481 0.9682
vn -0.0342 0.2480 0.9682
vn -0.0341 0.2473 0.9683
vn 0.1221 0.9730 0.1958
vn 0.1006 0.9783 0.1811
vn 0.1829 0.9608 0.2084
vn 0.1601 0.9501 0.2679
vn 0.1492 0.9404 0.3056
vn 0.1435 0.9499 0.2776
vn 0.2532 0.9339 0.2524
vn 0.2747 0.9376 0.2131
vn 0.4863 0.8553 0.1788
vn 0.4200 0.8911 0.1717
vn 0.3600 0.9182 0.1652
vn 0.3246 0.9323 0.1594
vn 0.5300 0.8307 0.1702
vn 0.6754 0.7267 0.1255
vn 0.6538 0.7198 0.2333
vn 0.7843 0.6047 0.1386
vn 0.7403 0.6682 0.0738
vn 0.9202 0.3889 0.0444
vn 0.9029 0.4283 0.0371
vn 0.8736 0.4802 0.0787
vn 0.9897 0.1371 0.0403
vn 0.9762 0.2134 0.0386
vn 0.9609 0.2531 0.1120
vn 0.9558 0.2505 0.1541
vn 0.9556 0.2807 0.0892
vn 0.9480 0.3161 0.0371
vn 0.9327 0.3598 0.0242
vn 1.0000 0.0003 -0.0021
vn 0.9997 0.0246 -0.0061
vn 0.9744 0.0560 0.2177
vn 0.0493 0.6908 -0.7214
vn -0.0501 0.7642 -0.6430
vn -0.0028 0.7673 -0.6413
vn -0.0019 0.7458 -0.6661
vn 0.0159 0.6961 -0.7178
vn 0.0226 0.7370 -0.6755
vn -0.6471 0.3700 0.6666
vn -0.6804 0.3035 0.6670
vn -0.6489 0.3566 0.6721
vn -0.7099 0.2641 0.6529
vn -0.7141 0.2644 0.6482
vn -0.7422 0.2150 0.6348
vn -0.7409 0.2217 0.6339
vn -0.7683 0.1712 0.6168
vn -0.7802 0.1469 0.6080
vn -0.7938 0.1061 0.5989
vn -0.7909 0.0664 0.6084
vn -0.8116 0.0333 0.5832
vn -0.8126 0.0078 0.5828
vn -0.8066 -0.0083 0.5911
vn -0.6018 0.4282 0.6742
vn -0.5926 0.4574 0.6631
vn -0.5408 0.5149 0.6652
vn -0.5852 0.4855 0.6495
vn -0.5393 0.5142 0.6670
vn -0.5017 0.5549 0.6636
vn -0.5035 0.5556 0.6616
vn -0.4741 0.5866 0.6566
vn -0.4671 0.5927 0.6562
vn -0.4438 0.6191 0.6479
vn -0.4128 0.6481 0.6399
vn -0.3748 0.6890 0.6203
vn -0.3682 0.6870 0.6264
vn -0.4367 0.6255 0.6466
vn -0.3762 0.6505 0.6598
vn -0.1949 0.7408 0.6429
vn -0.2149 0.7426 0.6343
vn -0.2417 0.7509 0.6146
vn -0.2613 0.7372 0.6232
vn -0.2970 0.7357 0.6087
vn -0.3176 0.7122 0.6260
vn -0.3378 0.7006 0.6285
vn -0.1272 0.7494 0.6498
vn -0.1127 0.7634 0.6360
vn -0.0912 0.7440 0.6620
vn -0.1349 0.7457 0.6525
vn -0.1592 0.7315 0.6630
vn -0.1938 0.7448 0.6385
vn -0.0701 0.7416 0.6672
vn -0.0621 0.7337 0.6767
vn -0.0766 0.7399 0.6684
vn -0.0729 0.7387 0.6701
vn -0.0834 0.7454 0.6614
vn -0.0963 0.7466 0.6583
vn -0.0575 0.7385 0.6719
vn -0.0573 0.7377 0.6727
vn -0.0506 0.7302 0.6814
vn -0.0490 0.7311 0.6805
vn -0.0315 0.7172 0.6962
vn 0.0009 0.7351 0.6780
vn -0.0430 0.7837 0.6196
vn -0.0056 0.7381 0.6747
vn 0.0190 0.7285 0.6847
vn 0.0352 0.7299 0.6826
vn 0.0517 0.7203 0.6917
vn 0.0628 0.7185 0.6926
vn 0.0936 0.7190 0.6887
vn 0.0934 0.7190 0.6887
vn 0.0938 0.7190 0.6887
vn 0.0805 0.7343 0.6740
vn 0.0898 0.7431 0.6631
vn 0.0940 0.7206 0.6869
vn 0.0942 0.7190 0.6886
vn -0.0205 -0.7668 -0.6415
vn -0.0020 -0.7500 -0.6614
vn 0.0170 -0.7292 -0.6841
vn 0.0503 -0.7404 -0.6703
vn 0.0572 -0.7383 -0.6720
vn 0.7681 -0.5939 0.2393
vn 0.8419 -0.5381 0.0401
vn 0.8381 -0.5429 0.0537
vn 0.9990 -0.0388 0.0231
vn 0.9991 -0.0411 0.0049
vn 0.9757 -0.0947 0.1974
vn 0.9836 -0.1715 0.0562
vn 0.9868 -0.1606 0.0222
vn 0.9580 -0.2411 0.1555
vn 0.9679 -0.2287 0.1045
vn 0.9750 -0.2135 0.0608
vn 0.9329 -0.3564 0.0509
vn 0.9355 -0.3527 0.0224
vn 0.9419 -0.3347 0.0275
vn 0.9468 -0.3182 0.0484
vn 0.9497 -0.3024 0.0816
vn 0.9498 -0.2864 0.1263
vn 0.9458 -0.2698 0.1808
vn 0.9387 -0.2555 0.2313
vn 0.9432 -0.2520 0.2165
vn 0.9108 -0.3996 0.1041
vn 0.9205 -0.3855 0.0629
vn 0.9284 -0.3700 0.0351
vn 0.8732 -0.4551 0.1743
vn 0.8670 -0.4268 0.2570
vn 0.8976 -0.4117 0.1577
vn 0.6372 -0.7282 0.2524
vn 0.6952 -0.7108 0.1068
vn 0.7284 -0.6811 0.0742
vn 0.5918 -0.7996 0.1022
vn 0.5921 -0.7989 0.1058
vn 0.4996 -0.8121 0.3015
vn 0.4352 -0.8874 0.1523
vn 0.3624 -0.8746 0.3220
vn 0.3912 -0.8888 0.2387
vn 0.4831 -0.8564 0.1821
vn 0.1140 -0.8314 0.5439
vn 0.2506 -0.9317 0.2628
vn 0.1978 -0.9658 0.1675
vn 0.2733 -0.9365 0.2197
vn 0.3299 -0.9343 0.1349
vn 0.1084 -0.9759 0.1894
vn 0.0374 -0.9283 0.3701
vn 0.0533 -0.9794 0.1947
vn 0.0611 -0.9563 0.2860
vn 0.0234 -0.9535 0.3004
vn 0.0115 -0.9924 0.1227
vn 0.0082 -0.9273 0.3742
vn -0.0030 -0.9509 0.3096
vn -0.0030 -0.9652 0.2615
vn -0.0032 -0.9780 0.2084
vn 0.0959 -0.7483 0.6564
vn 0.0582 -0.7227 0.6887
vn 0.0711 -0.7266 0.6834
vn -0.7737 -0.0263 0.6330
vn -0.8068 -0.0800 0.5854
vn -0.8005 -0.0250 0.5988
vn -0.7549 -0.2008 0.6244
vn -0.7748 -0.1561 0.6126
vn -0.7820 -0.1427 0.6068
vn -0.7962 -0.0580 0.6022
vn -0.8066 -0.1000 0.5826
vn -0.7201 -0.2330 0.6536
vn -0.6956 -0.2959 0.6547
vn -0.7003 -0.2865 0.6538
vn -0.6729 -0.3427 0.6556
vn -0.6433 -0.3803 0.6645
vn -0.6502 -0.3658 0.6659
vn -0.5388 -0.5194 0.6632
vn -0.5425 -0.5116 0.6663
vn -0.5937 -0.4388 0.6745
vn -0.5868 -0.4680 0.6607
vn -0.6257 -0.4339 0.6483
vn -0.1123 -0.7279 0.6765
vn -0.0950 -0.7407 0.6651
vn -0.1471 -0.7422 0.6538
vn -0.1386 -0.7493 0.6475
vn -0.1905 -0.7364 0.6492
vn -0.1699 -0.7570 0.6310
vn -0.2098 -0.7382 0.6412
vn -0.2073 -0.7448 0.6343
vn -0.2602 -0.7254 0.6373
vn -0.2336 -0.7681 0.5962
vn -0.3022 -0.7275 0.6160
vn -0.2982 -0.7332 0.6111
vn -0.3665 -0.6760 0.6393
vn -0.3444 -0.7130 0.6108
vn -0.4185 -0.6414 0.6430
vn -0.4078 -0.6509 0.6404
vn -0.4680 -0.5894 0.6585
vn -0.4819 -0.5790 0.6576
vn -0.5120 -0.5524 0.6578
vn -0.0623 -0.7358 0.6743
vn -0.0680 -0.7387 0.6706
vn -0.0765 -0.7292 0.6800
vn -0.0687 -0.7460 0.6624
vn -0.0785 -0.7276 0.6815
vn -0.0948 -0.7428 0.6628
vn -0.0075 -0.7424 0.6699
vn -0.0187 -0.7737 0.6333
vn -0.0433 -0.7383 0.6731
vn -0.0427 -0.7369 0.6747
vn -0.0522 -0.7311 0.6803
vn -0.0567 -0.7357 0.6749
vn -0.0583 -0.7363 0.6741
vn 0.0043 -0.7349 0.6782
vn 0.0296 -0.7194 0.6940
vn 0.0480 -0.7242 0.6879
vn 0.0937 -0.7190 0.6887
vn 0.0891 -0.7186 0.6897
vn 0.0914 -0.7202 0.6877
vn 0.0904 -0.7189 0.6892
vn 0.6894 0.1233 0.7138
vn 0.5283 0.0565 0.8472
vn 0.4547 0.2727 0.8479
vn 0.4925 0.2242 0.8409
vn 0.6533 0.2338 0.7201
vn 0.4810 0.1643 0.8612
vn 0.5077 0.1578 0.8470
vn 0.5440 0.1149 0.8312
vn 0.5475 0.3649 0.7530
vn 0.3640 0.2990 0.8821
vn 0.3751 0.3570 0.8555
vn 0.4487 0.4515 0.7712
vn 0.3102 0.3657 0.8775
vn 0.3473 0.5127 0.7852
vn 0.2881 0.4179 0.8616
vn 0.2433 0.4518 0.8583
vn 0.2477 0.5647 0.7873
vn 0.1902 0.4459 0.8746
vn 0.1523 0.4850 0.8612
vn 0.1862 0.5801 0.7930
vn 0.1204 0.5526 0.8247
vn 0.1443 0.5575 0.8176
vn 0.0927 0.6834 0.7241
vn 0.1064 0.6275 0.7713
vn 0.7936 0.3270 0.5130
vn 0.8748 0.1523 0.4600
vn 0.7163 0.4705 0.5153
vn 0.5796 0.5860 0.5663
vn 0.4584 0.6728 0.5807
vn 0.3389 0.7001 0.6285
vn 0.2358 0.7381 0.6321
vn 0.0924 0.7972 0.5966
vn 0.1461 0.7133 0.6855
vn -0.0058 0.9571 0.2897
vn -0.0070 0.9488 0.3159
vn 0.0032 0.9494 0.3140
vn 0.0421 0.9273 0.3719
vn 0.0431 0.9590 0.2802
vn 0.0087 0.9765 0.2155
vn -0.0036 0.9786 0.2059
vn -0.0031 0.9675 0.2530
vn 0.0490 0.9745 0.2192
vn 0.0705 0.9367 0.3431
vn 0.0058 -0.1280 0.9918
vn 0.0042 -0.1355 0.9908
vn 0.0036 -0.1341 0.9910
vn 0.0048 -0.0488 0.9988
vn 0.0015 -0.0177 0.9998
vn -0.0003 -0.0076 1.0000
vn -0.0010 -0.0061 1.0000
vn -0.0050 0.0028 1.0000
vn -0.0113 0.0323 0.9994
vn -0.0110 0.0323 0.9994
vn 0.0072 -0.0754 0.9971
vn 0.0050 -0.0500 0.9987
vn 0.0048 -0.0491 0.9988
vn 0.0052 -0.1273 0.9919
vn 0.0061 -0.0893 0.9960
vn 0.0071 -0.0961 0.9953
vn 0.0073 -0.0841 0.9964
vn 0.0050 -0.0659 0.9978
vn 0.1249 -0.6628 0.7383
vn 0.1410 -0.6875 0.7123
vn 0.1186 -0.7493 0.6515
vn 0.0777 -0.7804 0.6204
vn 0.0667 -0.7657 0.6397
vn 0.0881 -0.7305 0.6772
vn -0.0097 -0.1737 0.9847
vn -0.0099 -0.1728 0.9849
vn -0.0014 -0.1707 0.9853
vn -0.0019 -0.1699 0.9855
vn 0.0183 -0.8355 0.5492
vn 0.0113 -0.8411 0.5407
vn 0.0357 -0.8173 0.5751
vn 0.0647 -0.8374 0.5428
vn 0.0433 -0.7796 0.6248
vn 0.0394 -0.8702 0.4911
vn 0.0022 -0.9335 0.3586
vn -0.0014 -0.9411 0.3380
vn -0.0015 -0.9430 0.3329
vn 0.0003 -0.9236 0.3834
vn 0.0273 -0.8679 0.4960
vn 0.0480 -0.8536 0.5187
vn 0.0411 -0.7983 0.6009
vn 0.0190 -0.9169 0.3987
vn 0.0215 -0.8720 0.4891
vn 0.0450 -0.8371 0.5451
vn 0.0534 -0.7959 0.6031
vn -0.0138 0.0357 0.9993
vn -0.2843 0.0042 0.9587
vn -0.2842 0.0043 0.9588
vn -0.2797 0.0196 0.9599
vn -0.2786 0.0218 0.9602
vn -0.2336 0.0309 0.9718
vn -0.2762 0.0512 0.9597
vn -0.2147 0.0511 0.9754
vn -0.2410 0.0730 0.9678
vn -0.2421 0.0694 0.9678
vn -0.2283 0.0870 0.9697
vn -0.2334 0.0822 0.9689
vn -0.2386 0.1012 0.9658
vn -0.1761 0.0862 0.9806
vn -0.2427 0.1329 0.9610
vn -0.1647 0.1038 0.9809
vn -0.1847 0.1270 0.9746
vn -0.1402 0.1130 0.9837
vn -0.1734 0.1507 0.9733
vn -0.1261 0.1279 0.9837
vn -0.1235 0.1309 0.9837
vn -0.1226 0.1367 0.9830
vn -0.1149 0.1384 0.9837
vn -0.1128 0.1405 0.9836
vn -0.1285 0.1720 0.9767
vn -0.0818 0.1212 0.9893
vn -0.1029 0.1727 0.9796
vn -0.0640 0.1187 0.9909
vn -0.0656 0.1177 0.9909
vn -0.0612 0.1169 0.9913
vn -0.0511 0.1032 0.9933
vn -0.0482 0.1027 0.9935
vn -0.0141 0.0356 0.9993
vn -0.0207 0.0618 0.9979
vn -0.0323 0.0804 0.9962
vn -0.0323 0.0772 0.9965
vn -0.0494 0.1035 0.9934
vn 0.1588 -0.7065 0.6897
vn 0.1411 -0.7348 0.6634
vn 0.0740 -0.8096 0.5823
vn 0.0582 -0.8563 0.5132
vn 0.0972 -0.8404 0.5332
vn 0.0836 -0.9101 0.4058
vn 0.0717 -0.9065 0.4161
vn 0.0381 -0.9207 0.3884
vn 0.0626 -0.9152 0.3980
vn 0.0311 -0.9294 0.3678
vn 0.1110 -0.7614 0.6387
vn 0.4273 -0.0029 0.9041
vn 0.4202 -0.0200 0.9072
vn 0.3383 -0.0096 0.9410
vn 0.2936 -0.0059 0.9559
vn 0.3335 -0.0390 0.9419
vn 0.3761 -0.1756 0.9098
vn 0.4143 -0.0900 0.9057
vn 0.2468 -0.3748 0.8936
vn 0.3086 -0.2978 0.9034
vn 0.3639 -0.2425 0.8993
vn 0.2180 -0.4163 0.8827
vn 0.1856 -0.4804 0.8572
vn 0.1340 -0.5282 0.8385
vn 0.1885 -0.5808 0.7920
vn 0.2496 -0.3150 0.9157
vn 0.2432 -0.3768 0.8938
vn 0.2168 -0.3700 0.9034
vn 0.2239 -0.4764 0.8503
vn 0.1846 -0.4876 0.8534
vn 0.2979 -0.2457 0.9224
vn 0.2495 -0.2667 0.9309
vn 0.2985 -0.2311 0.9260
vn 0.2893 -0.1612 0.9436
vn 0.2736 -0.1325 0.9527
vn 0.3152 -0.1121 0.9424
vn 0.3000 -0.0891 0.9498
vn 0.2848 -0.0592 0.9568
vn -0.2554 0.6608 -0.7058
vn -0.2253 0.6838 -0.6941
vn -0.1536 0.6918 -0.7055
vn -0.1752 0.7294 -0.6613
vn -0.2051 0.6797 -0.7042
vn -0.2314 0.7063 -0.6690
vn -0.2692 0.7674 -0.5819
vn -0.2590 0.7083 -0.6566
vn -0.0874 0.9962 0.0052
vn -0.0250 0.9978 -0.0622
vn -0.0048 0.9941 -0.1083
vn -0.1445 0.9895 0.0027
vn -0.1455 0.9894 0.0006
vn -0.0862 0.9963 -0.0009
vn -0.1963 0.9805 0.0051
vn -0.1945 0.9809 0.0087
vn -0.1795 0.9837 0.0072
vn -0.1685 0.9855 0.0182
vn -0.1315 0.9913 0.0058
vn -0.1579 0.9874 0.0138
vn -0.1398 0.9901 0.0148
vn -0.0816 0.9964 0.0235
vn -0.0709 0.9971 0.0281
vn -0.1146 0.9932 0.0217
vn -0.1230 0.9921 0.0233
vn -0.1293 0.9915 0.0168
vn -0.1300 0.9914 0.0162
vn -0.1314 0.9912 0.0150
vn -0.0803 0.9967 0.0140
vn -0.0272 0.2018 0.9791
vn -0.0236 0.2069 0.9781
vn -0.0251 0.1739 0.9844
vn -0.0205 0.2048 0.9786
vn -0.0218 0.2069 0.9781
vn -0.0236 0.2077 0.9779
vn -0.0041 0.9813 0.1923
vn -0.0611 0.9816 0.1807
vn -0.0708 0.9789 0.1918
vn -0.0063 0.9772 0.2123
vn -0.0018 0.9799 0.1995
vn 0.0626 0.9739 0.2182
vn 0.0269 0.9791 0.2014
vn 0.0274 0.9632 0.2674
vn -0.1230 0.6372 -0.7608
vn -0.2595 0.9654 0.0274
vn -0.2895 0.9571 -0.0132
vn -0.2358 0.9717 -0.0140
vn -0.1667 0.9778 0.1270
vn -0.0939 0.9834 0.1556
vn -0.0986 0.9800 0.1728
vn -0.1578 0.9739 0.1634
vn -0.1278 0.9870 0.0974
vn -0.1724 0.9833 0.0575
vn -0.1442 0.9885 0.0462
vn -0.2463 0.9677 0.0546
vn -0.2461 0.9686 0.0342
vn -0.2194 0.9752 0.0295
vn -0.2185 0.9758 -0.0010
vn -0.2961 0.9552 -0.0025
vn -0.3145 0.9490 0.0213
vn -0.3271 0.9448 0.0160
vn -0.3465 0.9377 0.0262
vn -0.3520 0.9357 0.0231
vn -0.2362 0.9656 0.1083
vn -0.2684 0.9583 0.0983
vn -0.3441 0.9382 0.0380
vn -0.3113 0.9488 0.0530
vn -0.3588 0.9330 0.0272
vn -0.1701 0.9685 0.1816
vn -0.2265 0.9624 0.1500
vn -0.3144 0.9470 0.0664
vn -0.1614 0.9655 0.2042
vn -0.2389 0.9617 0.1341
vn -0.1405 0.9651 0.2209
vn -0.2445 0.9632 0.1119
vn -0.0983 0.9709 0.2185
vn -0.3230 0.9455 0.0412
vn -0.2992 0.9537 0.0321
vn 0.3200 0.0187 0.9472
vn 0.3253 0.0727 0.9428
vn 0.4061 0.0472 0.9126
vn 0.2611 0.0524 0.9639
vn 0.2628 0.2653 0.9277
vn 0.3393 0.2710 0.9008
vn 0.2665 0.1857 0.9458
vn 0.2736 0.1535 0.9495
vn 0.2861 0.1329 0.9489
vn 0.3290 0.1183 0.9369
vn 0.2872 0.0851 0.9541
vn 0.2343 0.3389 0.9112
vn 0.2839 0.3305 0.9001
vn 0.2375 0.2283 0.9442
vn 0.2048 0.4013 0.8927
vn 0.2357 0.3814 0.8939
vn 0.2285 0.3079 0.9236
vn 0.1543 0.5820 0.7984
vn 0.1631 0.5762 0.8009
vn 0.2196 0.6596 0.7188
vn 0.1679 0.4540 0.8750
vn 0.2519 0.5498 0.7964
vn 0.2101 0.3847 0.8988
vn -0.0001 0.7322 0.6811
vn 0.1510 0.7013 0.6966
vn 0.1180 0.6824 0.7214
vn 0.1503 0.5604 0.8145
vn 0.1175 0.6637 0.7387
vn 0.1144 0.6450 0.7556
vn 0.2624 0.3694 0.8914
vn 0.2285 0.4172 0.8796
vn 0.1945 0.5008 0.8434
vn 0.3068 0.3008 0.9030
vn 0.3993 0.1866 0.8977
vn 0.3686 0.2617 0.8920
vn 0.4219 0.0924 0.9019
vn 0.4658 0.0284 0.8844
vn 0.0523 0.7744 0.6305
vn 0.0719 0.7666 0.6380
vn 0.0724 0.7640 0.6412
vn 0.0845 0.7762 0.6248
vn 0.0754 0.7638 0.6410
vn 0.0965 0.7074 0.7002
vn 0.0445 0.8782 0.4762
vn 0.0567 0.8299 0.5550
vn -0.0006 0.9213 0.3888
vn 0.0318 0.9080 0.4178
vn 0.0018 0.9242 0.3818
vn 0.0295 0.8831 0.4683
vn 0.0339 0.8441 0.5351
vn 0.0110 0.9377 0.3472
vn 0.0009 0.9334 0.3588
vn 0.0432 0.7978 0.6014
vn -0.0063 0.9436 0.3310
vn 0.0412 0.8610 0.5070
vn -0.0093 0.9677 0.2518
vn -0.0352 0.9498 0.3107
vn -0.0100 0.9579 0.2868
vn -0.0296 0.9651 0.2603
vn -0.0510 0.9777 0.2035
vn -0.0721 0.9697 0.2336
vn -0.0321 0.9606 0.2761
vn -0.0130 0.9401 0.3407
vn -0.0699 0.9564 0.2837
vn -0.0238 0.9429 0.3321
vn -0.0199 0.9458 0.3242
vn -0.0142 0.9499 0.3124
vn -0.1043 0.9697 0.2210
vn -0.1238 0.9787 0.1635
vn -0.1910 0.9756 0.1081
vn -0.0152 0.9446 0.3278
vn -0.0130 0.1861 0.9824
vn -0.0022 0.1732 0.9849
vn -0.0034 0.1757 0.9844
vn -0.0159 0.1960 0.9805
vn -0.0108 -0.0323 0.9994
vn -0.0285 -0.0727 0.9969
vn -0.0112 -0.0320 0.9994
vn -0.0280 -0.0729 0.9969
vn -0.0421 -0.0970 0.9944
vn -0.0433 -0.0972 0.9943
vn -0.0461 -0.0938 0.9945
vn -0.0652 -0.1183 0.9908
vn -0.0678 -0.1153 0.9910
vn -0.0844 -0.1324 0.9876
vn -0.0874 -0.1313 0.9875
vn -0.0836 -0.1128 0.9901
vn -0.1106 -0.1339 0.9848
vn -0.1103 -0.1372 0.9844
vn -0.1664 -0.1242 0.9782
vn -0.1163 -0.0993 0.9882
vn -0.1762 -0.1733 0.9690
vn -0.1023 -0.1115 0.9885
vn -0.1045 -0.1164 0.9877
vn -0.2493 -0.0672 0.9661
vn -0.1966 -0.0724 0.9778
vn -0.2338 -0.1012 0.9670
vn -0.1744 -0.0874 0.9808
vn -0.2399 -0.1344 0.9614
vn -0.1581 -0.1024 0.9821
vn -0.1701 -0.1235 0.9777
vn -0.2842 -0.0049 0.9588
vn -0.2843 -0.0048 0.9587
vn -0.2874 -0.0105 0.9578
vn -0.2828 -0.0157 0.9590
vn -0.2890 -0.0227 0.9571
vn -0.2267 -0.0270 0.9736
vn -0.2939 -0.0453 0.9548
vn -0.2279 -0.0519 0.9723
vn -0.2359 -0.0756 0.9688
vn 0.2504 -0.0037 0.9681
vn 0.2511 -0.0193 0.9678
vn 0.2515 -0.0380 0.9671
vn 0.2526 -0.0584 0.9658
vn 0.2574 -0.1717 0.9509
vn 0.2548 -0.1273 0.9586
vn 0.2560 -0.1019 0.9613
vn 0.2543 -0.0775 0.9640
vn 0.2618 -0.2171 0.9404
vn 0.2558 -0.2568 0.9320
vn 0.2614 -0.3245 0.9090
vn 0.2675 -0.3497 0.8979
vn 0.2474 -0.4246 0.8709
vn 0.2354 -0.4700 0.8507
vn 0.2239 -0.4930 0.8407
vn 0.2150 -0.5133 0.8308
vn 0.2021 -0.5469 0.8125
vn 0.1868 -0.5965 0.7806
vn 0.1774 -0.6334 0.7532
vn 0.0049 0.0448 0.9990
vn 0.0039 0.0410 0.9992
vn 0.0039 0.0422 0.9991
vn 0.0038 0.0420 0.9991
vn 0.0049 0.0478 0.9988
vn 0.0058 0.0624 0.9980
vn 0.0051 0.0659 0.9978
vn 0.0081 0.0795 0.9968
vn 0.0072 0.0840 0.9964
vn 0.0071 0.0960 0.9954
vn 0.0060 0.0880 0.9961
vn 0.0064 0.1272 0.9919
vn 0.0063 0.1276 0.9918
vn -0.0103 -0.0268 0.9996
vn -0.0104 -0.0253 0.9996
vn -0.0049 -0.0026 1.0000
vn -0.0006 0.0054 1.0000
vn 0.0029 0.0311 0.9995
vn 0.2470 0.4793 0.8422
vn 0.2438 0.4448 0.8618
vn 0.2462 0.3563 0.9013
vn 0.2559 0.3332 0.9074
vn 0.2545 0.3174 0.9135
vn 0.2505 0.2798 0.9268
vn 0.2548 0.2442 0.9356
vn 0.2556 0.2014 0.9456
vn 0.2553 0.1654 0.9526
vn 0.2573 0.1340 0.9570
vn 0.2560 0.1051 0.9610
vn 0.2533 0.0785 0.9642
vn 0.2519 0.0518 0.9664
vn 0.2510 0.0293 0.9675
vn 0.2505 0.0047 0.9681
vn 0.2506 0.0140 0.9680
vn 0.1777 0.6621 0.7280
vn 0.1892 0.5945 0.7816
vn 0.2099 0.5432 0.8129
vn 0.2284 0.5076 0.8308
vn 0.0031 0.1284 0.9917
vn 0.0031 0.1289 0.9917
vn 0.0599 0.8744 0.4815
vn 0.0223 0.9188 0.3941
vn 0.0596 0.9111 0.4079
vn 0.0618 0.8984 0.4348
vn 0.0664 0.8491 0.5240
vn 0.0954 0.8264 0.5550
vn 0.0788 0.8086 0.5830
vn 0.1126 0.7702 0.6278
vn 0.1353 0.7314 0.6683
vn 0.1618 0.6905 0.7050
vn 0.1004 0.7837 0.6130
vn 0.0253 0.9284 0.3706
vn -0.0339 -0.2469 0.9685
vn -0.0226 -0.2049 0.9785
vn -0.0224 -0.2047 0.9786
vn -0.0243 -0.1807 0.9832
vn -0.0340 -0.2476 0.9683
vn -0.0276 -0.9988 0.0396
vn -0.0355 -0.9993 -0.0072
vn -0.1113 -0.9938 -0.0021
vn -0.0946 -0.9955 0.0032
vn -0.1864 -0.9825 0.0028
vn -0.1780 -0.9840 0.0033
vn -0.2147 -0.9767 0.0033
vn -0.2214 -0.9752 0.0005
vn -0.0840 -0.9962 0.0229
vn -0.0672 -0.9973 0.0302
vn -0.1292 -0.9915 0.0178
vn -0.1334 -0.9910 0.0143
vn -0.1437 -0.9895 0.0121
vn -0.1238 -0.9921 0.0191
vn -0.0885 -0.9960 0.0155
vn -0.1554 -0.9876 0.0220
vn -0.1726 -0.9849 0.0148
vn -0.0996 -0.9949 0.0174
vn -0.1890 -0.7386 -0.6471
vn -0.2012 -0.6927 -0.6926
vn -0.2489 -0.6697 -0.6997
vn -0.2308 -0.6721 -0.7036
vn -0.2049 -0.6802 -0.7038
vn -0.0416 -0.9629 0.2667
vn -0.0133 -0.9503 0.3112
vn -0.0040 -0.9533 0.3019
vn -0.0233 -0.9446 0.3274
vn -0.0281 -0.9412 0.3366
vn -0.0178 -0.9428 0.3329
vn -0.0305 -0.9499 0.3110
vn -0.0114 -0.9450 0.3268
vn -0.0096 -0.9464 0.3227
vn -0.0172 -0.2029 0.9791
vn -0.0175 -0.2018 0.9793
vn -0.1956 -0.9663 0.1673
vn -0.1524 -0.9632 0.2214
vn -0.2375 -0.9656 0.1056
vn -0.2904 -0.9559 0.0434
vn -0.2406 -0.9700 0.0338
vn -0.2536 -0.9671 0.0194
vn -0.3360 -0.9406 0.0485
vn -0.3349 -0.9412 0.0448
vn -0.3471 -0.9372 0.0346
vn -0.3194 -0.9471 0.0307
vn -0.3276 -0.9447 0.0162
vn -0.2875 -0.9575 0.0216
vn -0.1751 -0.9844 0.0157
vn -0.2124 -0.9765 0.0352
vn -0.2337 -0.9697 0.0711
vn -0.1321 -0.9667 0.2191
vn -0.1000 -0.9684 0.2284
vn -0.1641 -0.9754 0.1474
vn -0.1071 -0.9794 0.1710
vn -0.1578 -0.9793 0.1265
vn -0.1218 -0.9842 0.1287
vn -0.1385 -0.9902 0.0192
vn -0.3102 -0.9487 0.0610
vn -0.3087 -0.9481 0.0762
vn -0.2315 -0.9656 0.1188
vn -0.2670 -0.9601 0.0834
vn -0.2707 -0.9605 0.0646
vn -0.1045 -0.6657 -0.7388
vn -0.0283 -0.9817 0.1882
vn 0.0033 -0.9844 0.1761
vn 0.0008 -0.9782 0.2078
vn 0.0252 -0.9843 0.1744
vn 0.0272 -0.9729 0.2295
vn 0.0490 -0.9746 0.2183
vn 0.0734 -0.9834 0.1657
vn 0.0944 -0.9195 0.3816
vn -0.0365 -0.9775 0.2076
vn -0.0348 -0.9559 0.2915
vn -0.0256 -0.9624 0.2705
vn -0.0262 -0.9650 0.2610
vn -0.0312 -0.9697 0.2423
vn -0.1074 -0.9707 0.2151
vn -0.0727 -0.9690 0.2360
vn -0.0848 -0.9462 0.3123
vn -0.1397 -0.9762 0.1658
vn -0.1095 -0.9814 0.1579
vn 0.5258 0.0034 0.8506
vn 0.5226 0.0016 0.8526
vn 0.5255 -0.0236 0.8504
vn 0.5247 -0.0605 0.8491
vn 0.4676 -0.2536 0.8468
vn 0.4795 -0.2233 0.8486
vn 0.4856 -0.2095 0.8487
vn 0.4863 -0.1992 0.8508
vn 0.5043 -0.1627 0.8480
vn 0.4999 -0.1711 0.8490
vn 0.5184 -0.1311 0.8450
vn 0.5214 -0.1154 0.8455
vn 0.5217 -0.0979 0.8475
vn 0.5236 -0.0894 0.8473
vn 0.5262 -0.0596 0.8483
vn 0.4793 -0.2342 0.8458
vn 0.4634 -0.2615 0.8467
vn 0.4513 -0.2895 0.8441
vn 0.4461 -0.2982 0.8439
vn 0.4313 -0.3265 0.8410
vn 0.4333 -0.3265 0.8400
vn 0.4063 -0.3589 0.8403
vn 0.4205 -0.3507 0.8368
vn 0.3823 -0.3889 0.8382
vn 0.4008 -0.3810 0.8332
vn 0.3591 -0.4199 0.8335
vn 0.3806 -0.4048 0.8314
vn 0.3509 -0.4282 0.8328
vn 0.3300 -0.4494 0.8301
vn 0.3246 -0.4538 0.8299
vn 0.2999 -0.4734 0.8282
vn 0.3006 -0.4730 0.8282
vn 0.2769 -0.4904 0.8263
vn 0.2679 -0.4987 0.8244
vn 0.2529 -0.5081 0.8233
vn 0.2302 -0.5209 0.8220
vn 0.2396 -0.5195 0.8202
vn 0.2048 -0.5383 0.8175
vn 0.2042 -0.5413 0.8156
vn 0.1707 -0.5587 0.8116
vn 0.1822 -0.5533 0.8128
vn 0.1486 -0.5642 0.8122
vn 0.1337 -0.5722 0.8092
vn 0.0920 -0.5898 0.8023
vn 0.1040 -0.5869 0.8029
vn -0.0039 -0.6486 0.7611
vn -0.0076 -0.6494 0.7604
vn -0.0071 -0.6418 0.7669
vn 0.0112 -0.6315 0.7753
vn -0.0157 -0.6240 0.7813
vn -0.0007 -0.6243 0.7812
vn 0.0344 -0.6223 0.7820
vn 0.0158 -0.6147 0.7886
vn 0.0567 -0.6118 0.7890
vn 0.0445 -0.6056 0.7945
vn 0.0664 -0.5952 0.8008
vn 0.0008 -0.6931 0.7208
vn -0.0025 -0.6939 0.7201
vn 0.0024 -0.6923 0.7216
vn 0.0042 -0.6805 0.7327
vn -0.0009 -0.6587 0.7524
vn -0.0040 -0.6561 0.7546
vn -0.0012 -0.6559 0.7548
vn -0.0024 -0.6515 0.7586
vn 0.0142 -0.7077 0.7064
vn 0.0026 -0.7063 0.7079
vn 0.0129 -0.7070 0.7071
vn 0.0063 -0.7007 0.7135
vn 0.0037 -0.6945 0.7195
vn 0.0932 -0.7190 0.6887
vn 0.0398 -0.7124 0.7006
vn 0.0405 -0.7133 0.6997
vn 0.0700 -0.7140 0.6966
vn 0.0664 -0.7142 0.6968
vn 0.0875 -0.7188 0.6897
vn -0.0078 0.6388 0.7693
vn -0.0043 0.6340 0.7733
vn 0.0030 0.6332 0.7740
vn 0.0040 0.6304 0.7763
vn 0.0407 0.6129 0.7891
vn 0.0329 0.6140 0.7886
vn 0.0871 0.5955 0.7987
vn 0.0921 0.5900 0.8021
vn 0.1436 0.5711 0.8083
vn 0.0216 0.6999 0.7139
vn 0.0092 0.6889 0.7248
vn 0.0048 0.6909 0.7230
vn -0.0042 0.6696 0.7427
vn 0.0025 0.6201 0.7846
vn 0.0027 0.7145 0.6997
vn 0.0077 0.7117 0.7024
vn 0.0313 0.7080 0.7055
vn 0.0432 0.7112 0.7017
vn 0.0634 0.7070 0.7044
vn 0.0819 0.7231 0.6858
vn 0.0902 0.7204 0.6876
vn 0.0905 0.7194 0.6886
vn 0.0931 0.7190 0.6887
vn 0.1421 0.5683 0.8105
vn 0.1703 0.5564 0.8133
vn 0.1910 0.5524 0.8114
vn 0.2161 0.5363 0.8159
vn 0.2487 0.5142 0.8208
vn 0.2684 0.4948 0.8265
vn 0.2905 0.4876 0.8233
vn 0.3145 0.4684 0.8256
vn 0.3417 0.4428 0.8290
vn 0.3456 0.4329 0.8326
vn 0.3803 0.3997 0.8340
vn 0.3808 0.4030 0.8322
vn 0.4224 0.3455 0.8380
vn 0.4112 0.3750 0.8308
vn 0.4317 0.3233 0.8421
vn 0.4516 0.2928 0.8428
vn 0.4541 0.2938 0.8411
vn 0.4796 0.2330 0.8460
vn 0.4740 0.2682 0.8387
vn 0.4822 0.2149 0.8493
vn 0.4914 0.1922 0.8495
vn 0.4954 0.1770 0.8504
vn 0.5034 0.1629 0.8485
vn 0.5110 0.1367 0.8486
vn 0.5241 0.1106 0.8444
vn 0.5227 0.1002 0.8466
vn 0.5297 0.0678 0.8455
vn 0.5283 0.0386 0.8482
vn 0.1234 0.9924 0.0000
vn 0.1230 0.9924 -0.0068
vn 0.0985 0.9928 -0.0674
vn 0.0492 0.9987 -0.0148
vn 0.0679 0.9976 -0.0112
vn 0.0393 0.9992 0.0000
vn 0.0107 0.9999 0.0010
vn 0.0160 0.9996 -0.0216
vn 0.0138 0.9999 0.0001
vn 0.0202 0.9992 -0.0344
vn 0.0230 0.9996 -0.0147
vn 0.0328 0.9991 0.0268
vn 0.0982 0.9951 0.0065
vn 0.1001 0.9949 0.0100
vn 0.2439 0.9678 -0.0623
vn 0.1422 0.9838 0.1089
vn 0.3012 0.9535 0.0078
vn 0.2635 0.9647 -0.0000
vn -0.6711 0.7399 0.0470
vn -0.7296 0.6839 -0.0000
vn -0.7348 0.6774 0.0341
vn -0.9428 0.3322 0.0273
vn -0.9666 0.2564 -0.0000
vn -0.9647 0.2603 0.0394
vn -0.9873 0.1543 0.0377
vn -0.9998 -0.0103 0.0182
vn -0.9965 0.0805 0.0243
vn -0.9991 -0.0388 0.0147
vn -0.7679 0.6404 0.0140
vn -0.7996 0.5993 0.0381
vn -0.8767 0.4810 0.0087
vn -0.8740 0.4856 0.0189
vn -0.9006 0.4158 0.1267
vn -0.6473 0.7606 0.0498
vn -0.5764 0.8166 0.0311
vn -0.5996 0.8003 0.0023
vn -0.4007 0.9159 0.0245
vn -0.4872 0.8721 0.0447
vn -0.5580 0.8298 -0.0000
vn -0.1457 0.9859 0.0820
vn -0.2190 0.9757 0.0005
vn -0.2317 0.9725 0.0221
vn -0.3052 0.9516 0.0363
vn -0.3872 0.9220 0.0012
vn -0.1411 0.9899 0.0094
vn -0.1340 0.9910 0.0081
vn -0.1181 0.9930 -0.0000
vn -0.0751 0.9971 0.0092
vn -0.0729 0.9973 -0.0000
vn -0.0755 0.9971 0.0037
vn -0.0915 0.9939 0.0615
vn -0.0943 0.9930 0.0707
vn -0.1048 0.9943 0.0217
vn 0.0884 0.9961 0.0025
vn 0.0861 0.9962 0.0104
vn -0.0183 0.9997 0.0187
vn 0.0764 0.9863 0.1460
vn 0.0164 0.9997 0.0182
vn -0.0438 0.9990 0.0065
vn -0.0646 0.9975 0.0303
vn 0.1260 0.9920 -0.0000
vn 0.1277 0.9918 0.0005
vn 0.1265 0.9919 0.0074
vn 0.1260 -0.9920 -0.0000
vn 0.1236 -0.9923 -0.0000
vn 0.1263 -0.9920 0.0039
vn 0.0896 -0.9959 0.0146
vn 0.0715 -0.9974 0.0114
vn 0.1228 -0.9923 0.0141
vn 0.1288 -0.9917 -0.0003
vn 0.0266 -0.9975 0.0647
vn -0.0321 -0.9993 0.0186
vn -0.0346 -0.9994 -0.0000
vn -0.0823 -0.9966 -0.0000
vn -0.0730 -0.9973 0.0091
vn -0.0847 -0.9964 0.0065
vn -0.0735 -0.9973 0.0058
vn -0.0726 -0.9972 0.0201
vn -0.2310 -0.9730 -0.0000
vn -0.1890 -0.9819 0.0103
vn -0.2362 -0.9715 0.0218
vn -0.1653 -0.9860 0.0214
vn -0.1361 -0.9907 -0.0025
vn -0.1099 -0.9937 0.0220
vn -0.0993 -0.9949 0.0177
vn -0.3874 -0.9218 0.0132
vn -0.3704 -0.9288 0.0125
vn -0.3217 -0.9434 0.0804
vn -0.7313 -0.6820 -0.0000
vn -0.6922 -0.7217 0.0076
vn -0.7215 -0.6914 0.0379
vn -0.6452 -0.7629 0.0413
vn -0.5463 -0.8376 0.0067
vn -0.5545 -0.8321 0.0119
vn -0.4891 -0.8691 0.0739
vn -0.8781 -0.4785 -0.0000
vn -0.8564 -0.5163 0.0019
vn -0.8729 -0.4861 0.0426
vn -0.8106 -0.5821 0.0640
vn -0.7917 -0.6061 0.0770
vn -0.9869 -0.1596 0.0251
vn -0.9731 -0.2303 0.0000
vn -0.9710 -0.2363 0.0351
vn -0.9426 -0.3315 0.0408
vn -0.9183 -0.3927 0.0497
vn -0.9926 -0.0855 0.0858
vn 0.0236 -0.9934 0.1124
vn 0.0737 -0.9971 0.0184
vn 0.1150 -0.9933 0.0144
vn 0.1266 -0.9919 0.0066
vn 0.2237 -0.9746 -0.0049
vn 0.1611 -0.9861 0.0407
vn 0.2824 -0.9589 0.0292
vn 0.0223 -0.9997 0.0084
vn 0.0225 -0.9997 -0.0025
vn 0.0186 -0.9985 -0.0509
vn 0.0375 -0.9992 -0.0113
vn 0.0270 -0.9993 0.0255
vn 0.0886 -0.9930 -0.0776
vn 0.0775 -0.9945 -0.0701
vn 0.0377 -0.9993 -0.0016
vn 0.1247 -0.9920 0.0184
vn 0.6773 -0.7339 0.0514
vn 0.7352 -0.6778 0.0000
vn 0.7313 -0.6800 0.0520
vn 0.9700 -0.1383 0.2001
vn 1.0000 0.0048 -0.0000
vn 0.9998 -0.0055 0.0167
vn 0.9855 -0.1463 0.0856
vn 0.9705 -0.2361 0.0489
vn 0.9682 -0.2502 0.0010
vn 0.8763 -0.4817 0.0000
vn 0.9047 -0.4254 0.0214
vn 0.8808 -0.4708 0.0509
vn 0.9243 -0.3626 0.1194
vn 0.9350 -0.3376 0.1084
vn 0.7871 -0.6132 0.0668
vn 0.8053 -0.5742 0.1475
vn 0.8206 -0.5586 0.1204
vn 0.4736 -0.8769 0.0820
vn 0.5499 -0.8353 -0.0012
vn 0.5532 -0.8321 0.0395
vn 0.6195 -0.7817 0.0716
vn 0.6126 -0.7687 0.1839
vn 0.4486 -0.8883 0.0986
vn 0.3669 -0.9297 0.0309
vn 0.3721 -0.9282 0.0000
vn 0.3192 -0.9476 0.0147
vn 0.3179 0.9481 0.0026
vn 0.4690 0.8832 0.0090
vn 0.4755 0.8796 0.0130
vn 0.4197 0.8848 0.2026
vn 0.6734 0.7386 0.0319
vn 0.6110 0.7904 0.0451
vn 0.5881 0.7983 0.1295
vn 0.8421 0.5393 -0.0000
vn 0.8042 0.5941 0.0155
vn 0.8321 0.5528 0.0437
vn 0.7555 0.6478 0.0977
vn 0.6888 0.7250 -0.0022
vn 0.9626 0.2361 0.1330
vn 0.9433 0.3318 0.0021
vn 0.9358 0.3496 0.0456
vn 0.8993 0.4302 0.0787
vn 0.8842 0.4342 0.1723
vn 0.9697 0.2198 0.1068
vn 0.9933 0.1149 0.0133
vn 0.9926 0.1218 0.0006
vn -0.0001 0.0000 1.0000
vn 0.0001 -0.0000 1.0000
vn -0.0001 -0.0000 1.0000
vn 0.0002 -0.0001 1.0000
vn -0.0003 -0.0001 1.0000
vn 0.0001 0.0001 1.0000
vn 0.0006 0.0004 1.0000
vn -0.0003 -0.0002 1.0000
vn 0.2014 -0.0000 -0.9795
vn 0.1824 -0.0000 -0.9832
vn 0.2013 -0.0000 -0.9795
vn 0.0001 0.0000 -1.0000
vn -0.0010 0.0010 -1.0000
vn 0.0003 -0.0004 -1.0000
vn 0.0003 -0.0002 -1.0000
vn -0.0023 0.0043 -1.0000
vn 0.0001 -0.0001 -1.0000
vn 0.0005 -0.0003 -1.0000
vn 0.0004 -0.0001 -1.0000
vn 0.0000 -0.0001 -1.0000
vn 0.0001 0.0002 -1.0000
vn 0.0001 0.0001 -1.0000
vn -0.0041 0.6496 0.7603
vn -0.0038 0.6500 0.7599
vn -0.0018 0.6509 0.7592
vn -0.0015 0.6519 0.7583
vn -0.0417 0.6474 0.7610
vn -0.0461 0.6523 0.7566
vn 0.0667 0.6407 0.7649
vn 0.0713 0.6464 0.7597
vn 0.0545 0.6297 0.7750
vn 0.0359 0.6639 0.7469
vn 0.0505 0.6300 0.7749
vn 0.0322 0.6703 0.7414
vn 0.0200 0.6468 0.7624
vn 0.0110 0.6616 0.7498
vn 0.0017 0.5873 0.8094
vn -0.0033 0.6519 0.7583
vn -0.1847 0.7030 0.6868
vn -0.0869 0.6197 0.7801
vn -0.2192 0.6698 0.7094
vn -0.2198 0.6621 0.7165
vn 0.0882 0.6615 0.7447
vn 0.1057 0.6397 0.7614
vn 0.1026 0.6379 0.7633
vn 0.1210 0.6122 0.7814
vn 0.1407 0.6314 0.7626
vn 0.1478 0.6365 0.7570
vn 0.1697 0.6436 0.7463
vn 0.1754 0.6049 0.7768
vn 0.1996 0.6171 0.7612
vn 0.2087 0.6239 0.7531
vn -0.1491 0.6889 0.7093
vn -0.1465 0.6952 0.7037
vn -0.1565 0.6813 0.7151
vn -0.1683 0.6942 0.6999
vn -0.1768 0.6674 0.7234
vn -0.2019 0.6701 0.7142
vn -0.1928 0.6759 0.7113
vn -0.2192 0.6365 0.7394
vn -0.2503 0.6695 0.6994
vn 0.7115 -0.0032 0.7027
vn 0.6904 0.0219 0.7231
vn 0.7027 0.0028 0.7115
vn 0.6760 0.0294 0.7363
vn 0.6942 0.0641 0.7169
vn 0.6725 0.0293 0.7395
vn 0.6828 0.0357 0.7298
vn 0.6911 0.0421 0.7215
vn 0.6977 0.0489 0.7148
vn 0.7019 0.0558 0.7101
vn 0.7037 0.0631 0.7077
vn 0.7025 0.0704 0.7082
vn 0.6984 0.0773 0.7116
vn 0.6882 0.0879 0.7201
vn 0.6965 0.1177 0.7078
vn 0.6952 0.1074 0.7107
vn 0.6954 0.1374 0.7054
vn 0.6928 0.1592 0.7034
vn 0.6975 0.1922 0.6903
vn 0.6645 0.2543 0.7026
vn 0.6555 0.2140 0.7242
vn 0.6547 0.3430 0.6735
vn 0.5989 0.2490 0.7611
vn 0.6219 0.3433 0.7038
vn 0.5954 0.3595 0.7185
vn 0.5819 0.3881 0.7147
vn 0.5623 0.4055 0.7207
vn 0.5476 0.4077 0.7307
vn 0.5086 0.4191 0.7521
vn 0.4899 0.4624 0.7390
vn 0.2725 0.6130 0.7415
vn 0.2850 0.5997 0.7478
vn 0.2681 0.6081 0.7473
vn 0.2559 0.6129 0.7476
vn 0.2524 0.6074 0.7533
vn 0.2448 0.6181 0.7470
vn 0.2792 0.5993 0.7502
vn 0.2949 0.5964 0.7465
vn 0.3103 0.5872 0.7476
vn 0.5026 0.4582 0.7331
vn 0.4439 0.4737 0.7606
vn 0.4213 0.5374 0.7305
vn 0.4325 0.5147 0.7403
vn 0.3645 0.5792 0.7292
vn 0.3774 0.5258 0.7623
vn 0.3270 0.5786 0.7472
vn 0.3337 0.5673 0.7529
vn 0.3103 0.5868 0.7479
vn 0.3005 0.5998 0.7416
vn 0.2157 0.6217 0.7529
vn 0.2284 0.6311 0.7413
vn 0.2401 0.6430 0.7273
vn 0.2415 0.6358 0.7331
vn -0.0036 0.7039 0.7103
vn -0.0008 0.7080 0.7062
vn -0.0161 0.6898 0.7239
vn -0.0390 0.7067 0.7065
vn -0.0334 0.7072 0.7062
vn -0.0579 0.7226 0.6888
vn -0.0724 0.7075 0.7030
vn -0.0862 0.7128 0.6961
vn -0.0977 0.7048 0.7027
vn -0.1098 0.6978 0.7079
vn -0.1324 0.7172 0.6842
vn 0.6061 -0.3438 0.7173
vn 0.5946 -0.3626 0.7176
vn 0.6029 -0.3537 0.7151
vn 0.3534 -0.5670 0.7441
vn 0.3228 -0.6087 0.7247
vn 0.3448 -0.5726 0.7438
vn 0.2491 -0.6033 0.7576
vn 0.2472 -0.6137 0.7498
vn 0.2611 -0.5749 0.7755
vn 0.2703 -0.5759 0.7715
vn 0.3881 -0.5468 0.7419
vn 0.3813 -0.5494 0.7435
vn 0.4064 -0.5394 0.7375
vn 0.4184 -0.5336 0.7350
vn 0.4140 -0.5314 0.7391
vn 0.5249 -0.4574 0.7178
vn 0.5084 -0.4813 0.7141
vn 0.4739 -0.4932 0.7295
vn 0.5088 -0.4877 0.7095
vn 0.4879 -0.4861 0.7250
vn 0.4691 -0.4922 0.7333
vn 0.4522 -0.5092 0.7323
vn 0.4584 -0.5012 0.7339
vn 0.4456 -0.5138 0.7331
vn 0.4420 -0.5261 0.7266
vn 0.4324 -0.5273 0.7314
vn 0.5797 -0.3929 0.7139
vn 0.5912 -0.3728 0.7152
vn 0.5733 -0.3862 0.7227
vn 0.5689 -0.4021 0.7174
vn 0.5773 -0.4370 0.6898
vn 0.5855 -0.4453 0.6774
vn 0.5482 -0.4404 0.7110
vn 0.5287 -0.4430 0.7240
vn 0.5125 -0.4544 0.7286
vn 0.6687 -0.2672 0.6938
vn 0.6427 -0.2856 0.7109
vn 0.6686 -0.2609 0.6963
vn 0.6736 -0.2317 0.7019
vn 0.6618 -0.2348 0.7119
vn 0.6734 -0.2156 0.7072
vn 0.6444 -0.2779 0.7124
vn 0.6350 -0.2904 0.7159
vn 0.6280 -0.3106 0.7136
vn 0.6277 -0.3038 0.7167
vn 0.6251 -0.3289 0.7079
vn 0.6232 -0.3361 0.7062
vn 0.6870 -0.1212 0.7164
vn 0.7053 -0.1938 0.6819
vn 0.6746 -0.1566 0.7214
vn 0.6990 -0.2035 0.6856
vn 0.6849 -0.1406 0.7150
vn 0.6857 -0.0971 0.7214
vn 0.7154 -0.0476 0.6971
vn 0.6861 -0.0756 0.7236
vn 0.7320 -0.0302 0.6806
vn 0.0047 0.7123 0.7019
vn 0.0074 0.6984 0.7157
vn 0.0116 0.7029 0.7112
vn 0.0139 0.7061 0.7080
vn 0.1341 -0.6522 0.7461
vn 0.1043 -0.6379 0.7630
vn 0.1069 -0.6398 0.7610
vn 0.0824 -0.6231 0.7778
vn 0.0706 -0.6398 0.7653
vn 0.0671 -0.6468 0.7597
vn 0.1521 -0.5895 0.7933
vn 0.1920 -0.6014 0.7755
vn 0.1720 -0.6732 0.7191
vn 0.2305 -0.6413 0.7318
vn 0.0228 0.7173 0.6964
vn 0.0090 0.7047 0.7095
vn 0.0230 0.7103 0.7035
vn 0.0081 0.7034 0.7108
vn 0.0059 -0.6156 0.7881
vn 0.0186 -0.6468 0.7624
vn 0.0020 -0.5736 0.8191
vn -0.0036 -0.6488 0.7610
vn -0.0039 -0.6483 0.7614
vn -0.0039 -0.6505 0.7595
vn 0.0284 -0.6249 0.7802
vn 0.0339 -0.5587 0.8287
vn 0.0549 -0.6605 0.7488
vn -0.0069 0.7026 0.7116
vn -0.6859 0.0041 0.7277
vn -0.6671 -0.0064 0.7449
vn -0.7130 0.0492 0.6994
vn -0.6834 0.0981 0.7234
vn -0.6786 0.0781 0.7303
vn -0.6755 0.1215 0.7273
vn -0.6617 0.1654 0.7313
vn -0.6601 0.1713 0.7314
vn -0.6533 0.2212 0.7240
vn -0.6503 0.2137 0.7290
vn -0.6599 0.2652 0.7030
vn -0.6005 0.2739 0.7512
vn -0.5994 0.3240 0.7320
vn -0.6087 0.3135 0.7288
vn -0.5589 0.3416 0.7556
vn -0.5612 0.4036 0.7226
vn -0.5658 0.3813 0.7311
vn -0.5357 0.4333 0.7247
vn -0.5322 0.4332 0.7273
vn -0.5151 0.4582 0.7244
vn -0.5038 0.4729 0.7229
vn -0.4631 0.4804 0.7448
vn -0.4630 0.5416 0.7016
vn -0.3708 0.5050 0.7794
vn -0.3885 0.5646 0.7282
vn -0.3880 0.5736 0.7214
vn -0.3124 0.6044 0.7328
vn -0.3560 0.6100 0.7079
vn -0.2828 0.6103 0.7400
vn -0.2607 0.6349 0.7273
vn -0.2388 0.6482 0.7231
vn -0.2166 0.6684 0.7115
vn -0.1918 0.6682 0.7188
vn -0.1762 0.6715 0.7198
vn -0.1581 0.6815 0.7145
vn -0.1359 0.6975 0.7035
vn -0.1128 0.6913 0.7138
vn -0.1407 0.6926 0.7075
vn -0.1580 0.6771 0.7187
vn -0.1045 0.6899 0.7163
vn -0.0921 0.6950 0.7131
vn -0.0833 0.6950 0.7142
vn -0.0787 0.6938 0.7159
vn -0.0725 0.6951 0.7153
vn -0.0649 0.6949 0.7161
vn -0.0657 0.6962 0.7149
vn -0.0471 0.6975 0.7150
vn -0.0541 0.6956 0.7163
vn -0.0581 0.6952 0.7165
vn -0.0356 0.6996 0.7136
vn -0.0411 0.6994 0.7136
vn -0.0473 0.6987 0.7139
vn -0.0263 0.7006 0.7130
vn -0.0302 0.7006 0.7130
vn -0.0355 0.7001 0.7131
vn -0.0071 0.7027 0.7115
vn -0.0146 0.7020 0.7120
vn -0.0178 0.7014 0.7125
vn -0.0199 0.7015 0.7124
vn -0.0244 0.7011 0.7127
vn -0.0493 -0.6605 0.7492
vn -0.0484 -0.6519 0.7568
vn -0.0014 -0.6533 0.7571
vn -0.0020 -0.6500 0.7600
vn 0.0057 -0.7069 0.7073
vn 0.0095 -0.7013 0.7128
vn -0.0195 -0.7155 0.6984
vn -0.0483 -0.6404 0.7665
vn -0.1029 -0.6837 0.7225
vn -0.0562 -0.6414 0.7651
vn -0.1208 -0.6843 0.7191
vn -0.1643 -0.6693 0.7246
vn -0.1606 -0.6762 0.7190
vn -0.3579 -0.5797 0.7320
vn -0.3511 -0.5896 0.7273
vn -0.3389 -0.5874 0.7349
vn -0.3225 -0.5797 0.7483
vn -0.3112 -0.5728 0.7584
vn -0.2866 -0.6479 0.7057
vn -0.3099 -0.5749 0.7573
vn -0.3093 -0.5891 0.7465
vn -0.3012 -0.6146 0.7291
vn -0.2343 -0.6617 0.7122
vn -0.2524 -0.6381 0.7274
vn -0.2019 -0.6094 0.7667
vn -0.3988 -0.5502 0.7336
vn -0.3814 -0.5665 0.7305
vn -0.3776 -0.5654 0.7333
vn -0.3752 -0.5741 0.7278
vn -0.3706 -0.5821 0.7238
vn -0.3603 -0.5887 0.7236
vn -0.4084 -0.5508 0.7279
vn -0.4033 -0.5596 0.7240
vn -0.3961 -0.5651 0.7237
vn -0.4928 -0.4669 0.7343
vn -0.4938 -0.4790 0.7258
vn -0.4620 -0.5163 0.7211
vn -0.4663 -0.5057 0.7259
vn -0.4126 -0.4939 0.7654
vn -0.5807 -0.3540 0.7331
vn -0.5686 -0.3882 0.7252
vn -0.5557 -0.3991 0.7293
vn -0.4936 -0.4015 0.7715
vn -0.5036 -0.4426 0.7420
vn -0.6122 -0.2725 0.7423
vn -0.5714 -0.2997 0.7639
vn -0.5874 -0.3504 0.7295
vn -0.6579 -0.1241 0.7428
vn -0.6635 -0.1339 0.7361
vn -0.6396 -0.1424 0.7554
vn -0.6656 -0.1433 0.7324
vn -0.6631 -0.1541 0.7325
vn -0.6515 -0.1653 0.7405
vn -0.6396 -0.1710 0.7494
vn -0.6263 -0.1751 0.7596
vn -0.6111 -0.1781 0.7713
vn -0.5864 -0.1810 0.7896
vn -0.5557 -0.1816 0.8113
vn -0.5532 -0.1825 0.8128
vn -0.5687 -0.1939 0.7994
vn -0.5837 -0.2060 0.7854
vn -0.5970 -0.2179 0.7720
vn -0.6100 -0.2316 0.7578
vn -0.6290 -0.2702 0.7290
vn -0.6417 -0.0436 0.7658
vn -0.6059 -0.0834 0.7912
vn -0.6321 -0.0996 0.7685
vn -0.6491 -0.1141 0.7521
vn -0.6005 -0.0597 0.7974
vn -0.5756 -0.0665 0.8150
vn -0.5852 -0.0725 0.8077
vn -0.2128 -0.6651 0.7158
vn -0.2160 -0.6539 0.7251
vn -0.0923 -0.7376 0.6689
vn -0.1661 -0.5960 0.7856
vn 0.0127 -0.7033 0.7108
vn 0.0116 -0.7050 0.7091
vn 0.0153 -0.7009 0.7131
vn 0.0183 -0.7043 0.7096
vn 0.0227 -0.6997 0.7141
vn 0.0258 -0.6805 0.7323
vn 0.0260 -0.6908 0.7226
vn -0.1496 -0.6917 0.7065
vn -0.1450 -0.6874 0.7116
vn -0.1594 -0.6945 0.7016
vn -0.1641 -0.6759 0.7185
vn -0.1849 -0.6936 0.6963
vn -0.1946 -0.6619 0.7239
vn -0.2283 -0.6908 0.6861
vn -0.2468 -0.7091 0.6605
vn -0.2556 -0.6601 0.7064
vn -0.2575 -0.6514 0.7137
vn -0.2507 -0.6660 0.7026
vn 0.0074 -0.7101 0.7040
vn 0.0048 -0.7013 0.7128
vn -0.0008 -0.7060 0.7082
vn -0.0037 -0.7102 0.7040
vn -0.1250 -0.6747 0.7274
vn -0.1111 -0.7036 0.7018
vn -0.0970 -0.7022 0.7054
vn -0.0800 -0.7208 0.6886
vn -0.0570 -0.6912 0.7204
vn -0.0348 -0.7067 0.7066
vn -0.0378 -0.7080 0.7052
vn -0.0172 -0.7253 0.6882
vn 0.0262 -0.0011 -0.9997
vn 0.0421 0.0004 -0.9991
vn -0.0140 0.0001 -0.9999
vn -0.0276 0.0000 -0.9996
vn -0.7557 -0.5223 -0.3951
vn -0.7935 -0.5300 -0.2990
vn -0.8371 -0.5073 -0.2049
vn -0.8167 -0.5378 -0.2093
vn -0.8908 -0.4406 -0.1112
vn -0.8491 -0.5003 -0.1694
vn -0.8292 -0.5183 -0.2092
vn -0.7834 -0.6078 -0.1296
vn -0.2675 -0.5441 -0.7953
vn -0.2565 -0.5739 -0.7777
vn -0.3546 -0.4966 -0.7922
vn -0.5619 -0.5184 -0.6446
vn -0.5972 -0.5510 -0.5829
vn -0.7459 -0.5413 -0.3882
vn 0.0100 -0.6312 -0.7756
vn 0.0104 -0.6320 -0.7749
vn 0.0068 -0.6357 -0.7719
vn 0.0087 -0.6340 -0.7733
vn -0.0022 -0.6367 -0.7711
vn -0.0031 -0.6414 -0.7672
vn 0.0149 -0.6304 -0.7762
vn 0.0146 -0.6307 -0.7759
vn 0.0127 -0.6346 -0.7727
vn 0.0331 -0.6297 -0.7761
vn 0.0337 -0.6299 -0.7759
vn 0.0150 -0.6303 -0.7762
vn 0.4292 -0.6690 -0.6068
vn 0.4288 -0.6700 -0.6060
vn 0.3169 -0.6450 -0.6954
vn 0.4298 -0.6680 -0.6075
vn 0.3662 -0.6503 -0.6656
vn 0.1860 -0.6425 -0.7434
vn 0.1180 -0.6433 -0.7565
vn 0.0889 -0.6304 -0.7711
vn -0.5740 -0.0185 -0.8187
vn -0.5754 -0.0072 -0.8178
vn -0.5761 -0.0016 -0.8174
vn -0.5763 0.0000 -0.8172
vn 0.3587 -0.0000 -0.9335
vn 0.0732 -0.6393 -0.7654
vn 0.0733 -0.6394 -0.7654
vn 0.1019 -0.6368 -0.7643
vn 0.1040 -0.6378 -0.7632
vn 0.1459 -0.6151 -0.7748
vn 0.1276 -0.6406 -0.7572
vn 0.1804 -0.6161 -0.7668
vn 0.1640 -0.6375 -0.7528
vn 0.2014 -0.6118 -0.7650
vn 0.2129 -0.6083 -0.7646
vn 0.2367 -0.5923 -0.7702
vn 0.2663 -0.6026 -0.7523
vn 0.2907 -0.5628 -0.7738
vn 0.2798 -0.5903 -0.7572
vn 0.3128 -0.5582 -0.7685
vn 0.3306 -0.5590 -0.7604
vn 0.3615 -0.5375 -0.7618
vn 0.3498 -0.5588 -0.7519
vn 0.3626 -0.5333 -0.7643
vn 0.3807 -0.5229 -0.7627
vn 0.3718 -0.5264 -0.7646
vn 0.3811 -0.5205 -0.7641
vn 0.3893 -0.5180 -0.7616
vn 0.3964 -0.5158 -0.7595
vn 0.4151 -0.4981 -0.7613
vn 0.4008 -0.5080 -0.7624
vn 0.4070 -0.4986 -0.7654
vn 0.4159 -0.4911 -0.7654
vn 0.4299 -0.4868 -0.7604
vn 0.4474 -0.4647 -0.7642
vn 0.4359 -0.4874 -0.7566
vn 0.4392 -0.4743 -0.7630
vn 0.4669 -0.4396 -0.7673
vn 0.4759 -0.4337 -0.7651
vn 0.4728 -0.4413 -0.7627
vn 0.4451 -0.4627 -0.7667
vn 0.4531 -0.4545 -0.7669
vn 0.4601 -0.4469 -0.7672
vn 0.4900 -0.4293 -0.7587
vn 0.5017 -0.4265 -0.7526
vn 0.5135 -0.3899 -0.7644
vn 0.5032 -0.4177 -0.7565
vn 0.5040 -0.4027 -0.7641
vn 0.5233 -0.3726 -0.7663
vn 0.5300 -0.3571 -0.7691
vn 0.5168 -0.3778 -0.7682
vn 0.5079 -0.3889 -0.7686
vn 0.5265 -0.3616 -0.7694
vn 0.5325 -0.3522 -0.7696
vn 0.5514 -0.3311 -0.7657
vn 0.5383 -0.3441 -0.7693
vn 0.5436 -0.3326 -0.7707
vn 0.5531 -0.3225 -0.7682
vn 0.5651 -0.3150 -0.7625
vn 0.5779 -0.3096 -0.7551
vn 0.5801 -0.2718 -0.7678
vn 0.5781 -0.3021 -0.7580
vn 0.5748 -0.2861 -0.7667
vn 0.5752 -0.2743 -0.7707
vn 0.5792 -0.2637 -0.7714
vn 0.5861 -0.2438 -0.7727
vn 0.5840 -0.2562 -0.7703
vn 0.5868 -0.2437 -0.7722
vn 0.6005 -0.2219 -0.7682
vn 0.5905 -0.2341 -0.7723
vn 0.5945 -0.2230 -0.7726
vn 0.6026 -0.2128 -0.7692
vn 0.6132 -0.2044 -0.7630
vn 0.6243 -0.1978 -0.7557
vn 0.6252 -0.1568 -0.7646
vn 0.6227 -0.1910 -0.7588
vn 0.6163 -0.1774 -0.7673
vn 0.6139 -0.1667 -0.7716
vn 0.6138 -0.1578 -0.7735
vn 0.6170 -0.1469 -0.7731
vn 0.6232 -0.1377 -0.7699
vn 0.6331 -0.1290 -0.7633
vn 0.6414 -0.1226 -0.7573
vn 0.6352 -0.0868 -0.7674
vn 0.6385 -0.1161 -0.7608
vn 0.6319 -0.1053 -0.7678
vn 0.6279 -0.0945 -0.7726
vn 0.6272 -0.0863 -0.7741
vn 0.6285 -0.0787 -0.7738
vn 0.6371 -0.0659 -0.7680
vn 0.6365 -0.0384 -0.7703
vn 0.6422 -0.0627 -0.7640
vn 0.6344 -0.0501 -0.7714
vn 0.6320 -0.0357 -0.7742
vn 0.6376 -0.0196 -0.7701
vn 0.6374 0.0003 -0.7705
vn 0.6358 -0.0107 -0.7718
vn 0.6334 0.0002 -0.7738
vn 0.0517 -0.6413 -0.7656
vn 0.0520 -0.6412 -0.7656
vn 0.0293 -0.6425 -0.7657
vn 0.0300 -0.6424 -0.7658
vn 0.0107 -0.6435 -0.7654
vn 0.0112 -0.6434 -0.7655
vn 0.0019 -0.6437 -0.7653
vn 0.0015 -0.6446 -0.7645
vn -0.0047 -0.6540 -0.7565
vn -0.0081 -0.6400 -0.7683
vn -0.0083 -0.6396 -0.7687
vn -0.0394 -0.6333 -0.7729
vn -0.0426 -0.6343 -0.7719
vn -0.0089 -0.6381 -0.7699
vn -0.0091 -0.6385 -0.7696
vn -0.5568 -0.2175 -0.8017
vn -0.5547 -0.2182 -0.8029
vn -0.5299 -0.2627 -0.8063
vn -0.5271 -0.2635 -0.8079
vn -0.5025 -0.2888 -0.8149
vn -0.4974 -0.3105 -0.8100
vn -0.5025 -0.3103 -0.8070
vn -0.4698 -0.3443 -0.8129
vn -0.4946 -0.3357 -0.8016
vn -0.4549 -0.3674 -0.8112
vn -0.4631 -0.3620 -0.8090
vn -0.4306 -0.3872 -0.8153
vn -0.4109 -0.4175 -0.8105
vn -0.4048 -0.4329 -0.8054
vn -0.3772 -0.4664 -0.8001
vn -0.3686 -0.4801 -0.7960
vn -0.3476 -0.5000 -0.7932
vn -0.3065 -0.5164 -0.7996
vn -0.3215 -0.5136 -0.7955
vn -0.2788 -0.5390 -0.7948
vn -0.2677 -0.5476 -0.7928
vn -0.2423 -0.5574 -0.7941
vn -0.2156 -0.5718 -0.7916
vn -0.2319 -0.5724 -0.7865
vn -0.1862 -0.5758 -0.7961
vn -0.1504 -0.5960 -0.7888
vn -0.1494 -0.6052 -0.7819
vn 0.0179 -0.6272 -0.7787
vn 0.0170 -0.6265 -0.7792
vn 0.0165 -0.6273 -0.7786
vn 0.0153 -0.6274 -0.7786
vn 0.0149 -0.6274 -0.7786
vn 0.0168 -0.6277 -0.7782
vn 0.0173 -0.6280 -0.7780
vn 0.0169 -0.6341 -0.7731
vn 0.0190 -0.6419 -0.7665
vn 0.0188 -0.6351 -0.7722
vn 0.0064 -0.6197 -0.7848
vn -0.0169 -0.6285 -0.7776
vn -0.0190 -0.6322 -0.7745
vn -0.0426 -0.6313 -0.7743
vn -0.0563 -0.6271 -0.7769
vn -0.0873 -0.6193 -0.7803
vn -0.0924 -0.6154 -0.7828
vn -0.1004 -0.5863 -0.8038
vn -0.6197 -0.0029 -0.7848
vn -0.6195 -0.0031 -0.7850
vn -0.6138 -0.0632 -0.7869
vn -0.6095 -0.0721 -0.7895
vn -0.6056 -0.0996 -0.7895
vn -0.5991 -0.1294 -0.7901
vn -0.5810 -0.1710 -0.7957
vn -0.5833 -0.1717 -0.7939
vn -0.6012 -0.1269 -0.7890
vn -0.1950 0.0002 -0.9808
vn -0.8167 -0.0000 -0.5770
vn -0.5397 -0.0000 -0.8419
vn -0.4533 0.0002 -0.8914
vn -0.1259 0.0002 -0.9920
vn -0.9695 0.0000 -0.2451
vn -0.9455 -0.0004 -0.3256
vn -0.9305 -0.0003 -0.3663
vn -0.8732 -0.0006 -0.4873
vn -0.7639 -0.0001 -0.6453
vn 0.1755 0.0004 -0.9845
vn 0.1549 -0.0003 -0.9879
vn 0.3498 0.0000 -0.9368
vn 0.4214 0.0018 -0.9069
vn 0.5400 -0.0001 -0.8417
vn 0.6164 0.0012 -0.7874
vn 0.6366 -0.0002 -0.7712
vn 0.6932 -0.0000 -0.7207
vn -0.3210 -0.8727 -0.3678
vn -0.1574 -0.5925 -0.7901
vn -0.2151 -0.6462 -0.7322
vn -0.1380 -0.6030 -0.7857
vn -0.1373 -0.6051 -0.7842
vn -0.1456 -0.6044 -0.7832
vn -0.1872 -0.6140 -0.7668
vn -0.0962 -0.7069 -0.7008
vn -0.0601 -0.6420 -0.7644
vn -0.0623 -0.6514 -0.7561
vn -0.1017 -0.7167 -0.6899
vn -0.1098 -0.6041 -0.7893
vn -0.1260 -0.6124 -0.7804
vn -0.0356 -0.7250 -0.6878
vn -0.0329 -0.7360 -0.6761
vn -0.1910 -0.5930 -0.7822
vn -0.1808 -0.6310 -0.7544
vn -0.1252 -0.6202 -0.7744
vn -0.2826 -0.5361 -0.7954
vn -0.2736 -0.5427 -0.7941
vn -0.1248 -0.6154 -0.7783
vn -0.2079 -0.5700 -0.7949
vn 0.0268 -0.0000 -0.9996
vn -0.0701 -0.0006 -0.9975
vn -0.7991 0.5171 -0.3067
vn -0.8279 0.5300 -0.1834
vn -0.8335 0.4977 -0.2400
vn -0.8262 0.5220 -0.2119
vn -0.8473 0.5042 -0.1672
vn -0.8042 0.5165 -0.2941
vn -0.7329 0.5538 -0.3952
vn -0.8106 0.5413 -0.2234
vn -0.7380 0.5123 -0.4391
vn -0.5799 0.5378 -0.6120
vn -0.7184 0.4579 -0.5237
vn -0.5449 0.4939 -0.6776
vn -0.3615 0.5651 -0.7416
vn -0.4790 0.3970 -0.7829
vn -0.2748 0.5769 -0.7692
vn -0.2398 0.5644 -0.7899
vn 0.0022 0.6367 -0.7711
vn -0.0005 0.6424 -0.7663
vn 0.0091 0.6317 -0.7752
vn 0.0067 0.6290 -0.7774
vn 0.0106 0.6313 -0.7755
vn 0.0107 0.6315 -0.7753
vn 0.0134 0.6343 -0.7730
vn 0.0151 0.6310 -0.7756
vn 0.0157 0.6304 -0.7762
vn 0.0150 0.6302 -0.7763
vn 0.0351 0.6296 -0.7761
vn 0.0351 0.6288 -0.7768
vn 0.1305 0.6329 -0.7631
vn 0.3315 0.6444 -0.6891
vn 0.4317 0.6703 -0.6036
vn 0.4255 0.6647 -0.6141
vn 0.1470 0.6339 -0.7593
vn 0.3278 0.6446 -0.6907
vn 0.4136 0.6695 -0.6170
vn -0.5791 0.0001 -0.8153
vn -0.5721 0.0001 -0.8202
vn -0.5596 0.0000 -0.8288
vn 0.6378 0.0133 -0.7701
vn 0.6333 0.0356 -0.7731
vn 0.6400 0.0185 -0.7682
vn 0.6333 0.0351 -0.7732
vn 0.6349 0.0634 -0.7700
vn 0.6342 0.1031 -0.7663
vn 0.6268 0.1113 -0.7712
vn 0.6274 0.1200 -0.7694
vn 0.6340 0.0466 -0.7719
vn 0.6302 0.0626 -0.7739
vn 0.6328 0.0732 -0.7709
vn 0.6378 0.0825 -0.7657
vn 0.6451 0.0921 -0.7585
vn 0.6441 0.0955 -0.7590
vn 0.6045 0.2023 -0.7705
vn 0.5981 0.2120 -0.7729
vn 0.6048 0.2144 -0.7670
vn 0.6140 0.1939 -0.7651
vn 0.6161 0.1472 -0.7738
vn 0.6156 0.1578 -0.7721
vn 0.6203 0.1539 -0.7691
vn 0.6220 0.1203 -0.7737
vn 0.6206 0.1307 -0.7732
vn 0.6197 0.1376 -0.7727
vn 0.6182 0.1691 -0.7676
vn 0.6251 0.1830 -0.7588
vn 0.6262 0.1867 -0.7570
vn 0.5918 0.2413 -0.7691
vn 0.5847 0.2559 -0.7698
vn 0.5948 0.2348 -0.7688
vn 0.5949 0.2230 -0.7722
vn 0.5716 0.2801 -0.7713
vn 0.5660 0.2909 -0.7714
vn 0.5709 0.2926 -0.7671
vn 0.5841 0.2507 -0.7720
vn 0.5803 0.2642 -0.7704
vn 0.5804 0.2711 -0.7679
vn 0.5638 0.3034 -0.7682
vn 0.5658 0.3200 -0.7599
vn 0.5440 0.3409 -0.7667
vn 0.5665 0.3249 -0.7574
vn 0.5527 0.3307 -0.7650
vn 0.5283 0.3578 -0.7699
vn 0.5282 0.3661 -0.7661
vn 0.5342 0.3480 -0.7704
vn 0.5419 0.3385 -0.7693
vn 0.5240 0.3698 -0.7673
vn 0.5241 0.3889 -0.7577
vn 0.4958 0.4172 -0.7617
vn 0.5281 0.3947 -0.7519
vn 0.5128 0.3979 -0.7607
vn 0.5002 0.4033 -0.7662
vn 0.4905 0.4110 -0.7684
vn 0.4837 0.4210 -0.7673
vn 0.4803 0.4381 -0.7599
vn 0.4538 0.4555 -0.7659
vn 0.4831 0.4443 -0.7545
vn 0.4535 0.4613 -0.7626
vn 0.4351 0.4781 -0.7630
vn 0.4568 0.4541 -0.7649
vn 0.4689 0.4468 -0.7619
vn 0.4426 0.4662 -0.7660
vn 0.4340 0.4736 -0.7664
vn 0.4278 0.4833 -0.7638
vn 0.4240 0.4953 -0.7583
vn 0.4216 0.5051 -0.7531
vn 0.3936 0.5155 -0.7612
vn 0.4143 0.5066 -0.7561
vn 0.4005 0.5083 -0.7624
vn 0.3847 0.5180 -0.7640
vn 0.3658 0.5346 -0.7619
vn 0.3800 0.5245 -0.7619
vn 0.3703 0.5279 -0.7644
vn 0.3624 0.5336 -0.7641
vn 0.3467 0.5446 -0.7636
vn 0.3083 0.5372 -0.7851
vn 0.3038 0.5717 -0.7621
vn 0.3124 0.5665 -0.7625
vn 0.2806 0.5951 -0.7531
vn 0.2460 0.6004 -0.7609
vn 0.2459 0.5988 -0.7622
vn 0.2060 0.6157 -0.7606
vn 0.2194 0.6102 -0.7613
vn 0.1943 0.6190 -0.7610
vn 0.1632 0.6262 -0.7624
vn 0.1659 0.6257 -0.7623
vn 0.1406 0.6305 -0.7633
vn 0.1356 0.6309 -0.7639
vn 0.1280 0.6326 -0.7639
vn 0.1101 0.6356 -0.7642
vn 0.0619 0.6405 -0.7654
vn 0.0620 0.6406 -0.7653
vn 0.0851 0.6385 -0.7649
vn 0.0848 0.6386 -0.7648
vn 0.1084 0.6360 -0.7641
vn 0.0374 0.6420 -0.7658
vn 0.0372 0.6420 -0.7658
vn 0.0148 0.6434 -0.7654
vn 0.0151 0.6434 -0.7654
vn 0.0009 0.6441 -0.7649
vn -0.0087 0.6394 -0.7689
vn -0.0085 0.6398 -0.7685
vn -0.0073 0.6408 -0.7677
vn -0.0072 0.6413 -0.7673
vn -0.0051 0.6461 -0.7632
vn 0.0014 0.6435 -0.7654
vn -0.0087 0.6365 -0.7712
vn -0.0089 0.6361 -0.7715
vn -0.0527 0.6339 -0.7716
vn -0.0548 0.6362 -0.7696
vn 0.0173 0.6267 -0.7791
vn 0.0179 0.6240 -0.7812
vn 0.0148 0.6249 -0.7806
vn 0.0150 0.6274 -0.7786
vn 0.0176 0.6276 -0.7783
vn 0.0179 0.6281 -0.7779
vn 0.0173 0.6287 -0.7775
vn -0.1365 0.6056 -0.7840
vn -0.0901 0.5898 -0.8025
vn -0.0420 0.6221 -0.7818
vn -0.0250 0.6236 -0.7813
vn -0.0068 0.5826 -0.8128
vn -0.1927 0.5876 -0.7859
vn -0.1731 0.5977 -0.7828
vn -0.1506 0.6073 -0.7801
vn -0.3472 0.4876 -0.8010
vn -0.4017 0.4373 -0.8046
vn -0.4020 0.4317 -0.8075
vn -0.4307 0.3938 -0.8121
vn -0.4371 0.3913 -0.8099
vn -0.3607 0.4171 -0.8342
vn -0.3524 0.4814 -0.8025
vn -0.3087 0.5383 -0.7842
vn -0.3227 0.5021 -0.8023
vn -0.2545 0.5619 -0.7871
vn -0.2670 0.5442 -0.7953
vn -0.2181 0.5537 -0.8036
vn -0.4882 0.3231 -0.8107
vn -0.4823 0.3281 -0.8123
vn -0.4131 0.2997 -0.8600
vn -0.5635 0.2015 -0.8012
vn -0.5628 0.2031 -0.8012
vn -0.5423 0.2394 -0.8053
vn -0.5168 0.2567 -0.8167
vn -0.5075 0.2874 -0.8123
vn -0.6118 0.0635 -0.7884
vn -0.5890 0.1572 -0.7927
vn -0.5910 0.1685 -0.7889
vn -0.6004 0.1183 -0.7909
vn -0.6012 0.1220 -0.7897
vn -0.6085 0.0867 -0.7888
vn -0.6157 0.0499 -0.7864
vn -0.9465 0.0004 -0.3227
vn -0.9702 0.0000 -0.2423
vn -0.6437 0.0001 -0.7653
vn -0.7782 0.0020 -0.6280
vn -0.8740 0.0019 -0.4860
vn -0.2809 -0.0002 -0.9597
vn -0.4692 -0.0000 -0.8831
vn 0.1619 -0.0008 -0.9868
vn 0.4283 -0.0018 -0.9036
vn 0.6909 0.0025 -0.7229
vn 0.6192 -0.0002 -0.7852
vn -0.1410 0.5992 -0.7881
vn -0.1314 0.6044 -0.7858
vn -0.1304 0.6016 -0.7881
vn -0.1397 0.5983 -0.7890
vn -0.1533 0.6207 -0.7689
vn -0.1656 0.5909 -0.7895
vn -0.1597 0.5865 -0.7940
vn -0.1929 0.6056 -0.7720
vn -0.1968 0.5519 -0.8103
vn -0.0171 0.6570 -0.7537
vn -0.0365 0.7629 -0.6455
vn -0.0668 0.6480 -0.7587
vn -0.0410 0.7251 -0.6875
vn -0.0554 0.6476 -0.7600
vn -0.0957 0.6920 -0.7155
vn -0.1020 0.7009 -0.7059
vn -0.1112 0.5862 -0.8025
vn -0.2143 0.5551 -0.8037
vn -0.1615 0.5057 -0.8474
vn -0.1569 0.6066 -0.7794
vn -0.1232 0.6283 -0.7682
vn -0.2736 0.5427 -0.7941
vn -0.2145 0.5896 -0.7787
vn -0.1989 0.5943 -0.7792
vn -0.0209 -0.9998 0.0052
vn 0.0035 -1.0000 0.0014
vn -0.0070 -1.0000 -0.0001
vn -0.0529 -0.9986 0.0004
vn -0.0280 -0.9996 -0.0059
vn -0.0662 -0.9978 0.0003
vn -0.1045 -0.9945 0.0014
vn -0.0943 -0.9955 -0.0046
vn -0.1502 -0.9887 -0.0031
vn -0.1176 -0.9930 -0.0107
vn -0.1552 -0.9879 -0.0046
vn -0.1986 -0.9801 -0.0022
vn -0.1896 -0.9818 -0.0059
vn -0.2226 -0.9749 0.0032
vn -0.2235 -0.9747 -0.0024
vn -0.9979 -0.0559 0.0317
vn -0.9991 0.0206 0.0382
vn -0.9992 -0.0019 0.0393
vn -0.9889 -0.1435 0.0379
vn -0.9935 -0.1081 0.0365
vn -0.9862 -0.1614 0.0376
vn -0.9859 -0.1634 0.0376
vn -0.9911 -0.1275 0.0384
vn -0.9940 -0.1050 0.0300
vn -0.9956 -0.0911 0.0206
vn -0.9769 -0.2107 0.0364
vn -0.9792 -0.1993 0.0371
vn -0.9768 -0.2113 0.0336
vn -0.9815 -0.1876 0.0369
vn -0.9836 -0.1766 0.0371
vn -0.9523 -0.3034 0.0325
vn -0.9572 -0.2874 0.0339
vn -0.9576 -0.2865 0.0290
vn -0.9610 -0.2744 0.0337
vn -0.9640 -0.2638 0.0328
vn -0.9670 -0.2530 0.0311
vn -0.9700 -0.2413 0.0315
vn -0.9738 -0.2249 0.0345
vn -0.9287 -0.3699 0.0261
vn -0.9313 -0.3631 0.0301
vn -0.9380 -0.3454 0.0295
vn -0.9417 -0.3351 0.0284
vn -0.9450 -0.3260 0.0283
vn -0.9483 -0.3160 0.0303
vn -0.8556 -0.5167 0.0305
vn -0.8907 -0.4538 0.0257
vn -0.8936 -0.4477 0.0310
vn -0.9144 -0.4041 0.0227
vn -0.5837 -0.8117 0.0209
vn -0.5932 -0.8047 0.0227
vn -0.6125 -0.7902 0.0207
vn -0.6256 -0.7798 0.0238
vn -0.6863 -0.7268 0.0259
vn -0.6799 -0.7329 0.0234
vn -0.7391 -0.6731 0.0269
vn -0.8713 -0.4895 0.0339
vn -0.8464 -0.5319 0.0275
vn -0.8233 -0.5668 0.0305
vn -0.8113 -0.5839 0.0281
vn -0.7803 -0.6248 0.0294
vn -0.7781 -0.6275 0.0283
vn -0.7440 -0.6676 0.0267
vn -0.7174 -0.6963 0.0246
vn -0.4610 -0.8872 0.0203
vn -0.4720 -0.8814 0.0187
vn -0.4567 -0.8894 0.0188
vn -0.4807 -0.8767 0.0171
vn -0.5247 -0.8511 0.0164
vn -0.4900 -0.8716 0.0179
vn -0.5029 -0.8641 0.0205
vn -0.5134 -0.8579 0.0218
vn -0.5237 -0.8516 0.0222
vn -0.5361 -0.8439 0.0215
vn -0.5460 -0.8376 0.0201
vn -0.5539 -0.8324 0.0184
vn -0.5633 -0.8261 0.0168
vn -0.5738 -0.8188 0.0182
vn -0.4310 -0.9021 0.0227
vn -0.4116 -0.9111 0.0208
vn -0.3649 -0.9308 0.0220
vn -0.3619 -0.9320 0.0215
vn -0.2913 -0.9565 0.0162
vn -0.3089 -0.9509 0.0217
vn -0.2326 -0.9725 0.0140
vn -0.2468 -0.9689 0.0190
vn -0.1679 -0.9857 0.0151
vn 0.0129 -0.9999 0.0036
vn 0.0040 -1.0000 0.0048
vn -0.0348 -0.9994 0.0059
vn -0.0560 -0.9984 0.0102
vn -0.0888 -0.9960 0.0079
vn -0.1059 -0.9943 0.0123
vn -0.1363 -0.9906 0.0116
vn -0.1908 -0.9815 0.0162
vn -0.2694 -0.9630 -0.0056
vn -0.2340 -0.9719 -0.0243
vn -0.3663 -0.9305 -0.0018
vn -0.3327 -0.9430 0.0008
vn -0.3245 -0.9459 -0.0017
vn -0.3000 -0.9539 0.0046
vn -0.2467 -0.9690 0.0122
vn -0.2273 -0.9738 0.0089
vn -0.3572 -0.9340 0.0065
vn -0.3772 -0.9261 0.0046
vn -0.3670 -0.9302 0.0110
vn -0.3430 -0.9393 0.0073
vn -0.3294 -0.9439 0.0232
vn -0.3196 -0.9473 0.0235
vn -0.3873 -0.9220 -0.0001
vn -0.2769 -0.9609 -0.0077
vn -0.3248 -0.9458 -0.0083
vn -0.3554 -0.9347 -0.0097
vn -0.3782 -0.9257 -0.0052
vn -0.0058 -0.9915 0.1303
vn -0.0052 -0.9913 0.1313
vn -0.0056 -0.9954 0.0960
vn -0.0007 -0.9938 0.1112
vn 0.0548 -0.9919 0.1145
vn 0.0446 -0.9953 0.0865
vn 0.0179 -0.9950 0.0981
vn 0.0213 -0.9913 0.1298
vn 0.0804 -0.9904 0.1120
vn 0.1191 -0.9900 0.0752
vn 0.0953 -0.9893 0.1105
vn -0.0059 -0.9951 0.0983
vn 0.0133 -0.9976 0.0677
vn 0.0424 -0.9952 0.0881
vn 0.0822 -0.9945 0.0653
vn 0.1245 -0.9908 0.0532
vn -0.0101 -0.9977 0.0673
vn 0.0115 -0.9999 -0.0012
vn 0.0181 -0.9996 0.0225
vn 0.0139 -0.9997 0.0222
vn 0.0029 -0.9997 0.0227
vn 0.0138 -0.9996 0.0231
vn 0.0124 -0.9996 0.0258
vn 0.0176 -0.9995 0.0271
vn 0.0224 -0.9993 0.0293
vn 0.0159 -0.9999 -0.0037
vn 0.0244 -0.9992 0.0306
vn 0.0146 -0.9998 0.0166
vn 0.0210 -0.9997 -0.0099
vn 0.0285 -0.9996 -0.0019
vn 0.0269 -0.9996 -0.0009
vn 0.0293 -0.9993 0.0242
vn 0.0331 -0.9990 0.0287
vn -0.2200 -0.9747 0.0403
vn -0.2220 -0.9732 0.0603
vn -0.0677 -0.9958 0.0614
vn -0.0729 -0.9929 0.0943
vn -0.1994 -0.9796 0.0240
vn -0.0598 -0.9977 0.0313
vn -0.2782 -0.9558 0.0947
vn -0.2787 -0.9562 0.0901
vn -0.0148 -0.9977 0.0667
vn -0.0053 -0.9944 0.1052
vn -0.2140 0.9768 0.0012
vn -0.2177 0.9760 0.0003
vn -0.1827 0.9831 0.0090
vn -0.2018 0.9794 0.0009
vn -0.1477 0.9890 -0.0000
vn -0.1623 0.9867 -0.0097
vn -0.1106 0.9939 0.0025
vn -0.1248 0.9922 -0.0061
vn -0.0854 0.9963 0.0031
vn -0.0928 0.9957 -0.0010
vn -0.0499 0.9988 0.0012
vn -0.0677 0.9977 0.0008
vn -0.0406 0.9992 0.0006
vn -0.0122 0.9999 -0.0015
vn -0.0223 0.9997 -0.0039
vn -0.0004 1.0000 0.0013
vn -0.0119 0.9999 0.0012
vn 0.0146 0.9999 0.0048
vn 0.0053 1.0000 0.0020
vn -0.0961 0.9954 0.0039
vn -0.0866 0.9962 0.0058
vn -0.0607 0.9982 0.0024
vn -0.0773 0.9970 0.0071
vn -0.0684 0.9976 0.0077
vn -0.0598 0.9982 0.0078
vn -0.0515 0.9986 0.0073
vn -0.0435 0.9990 0.0063
vn -0.0358 0.9993 0.0048
vn -0.0269 0.9996 0.0007
vn -0.0227 0.9997 -0.0018
vn -0.1562 0.9877 0.0073
vn -0.1188 0.9929 0.0059
vn -0.1059 0.9944 0.0012
vn -0.4491 0.8933 0.0203
vn -0.4818 0.8761 0.0159
vn -0.4058 0.9137 0.0211
vn -0.3525 0.9357 0.0175
vn -0.3448 0.9385 0.0194
vn -0.2895 0.9570 0.0184
vn -0.2808 0.9596 0.0182
vn -0.2400 0.9707 0.0136
vn -0.2209 0.9752 0.0145
vn -0.1642 0.9863 0.0133
vn -0.5505 0.8346 0.0177
vn -0.5294 0.8479 0.0287
vn -0.6131 0.7896 0.0256
vn -0.5930 0.8049 0.0239
vn -0.6423 0.7660 0.0253
vn -0.6880 0.7251 0.0297
vn -0.6952 0.7183 0.0271
vn -0.7429 0.6688 0.0267
vn -0.7384 0.6738 0.0282
vn -0.7784 0.6271 0.0287
vn -0.7901 0.6125 0.0248
vn -0.8208 0.5704 0.0295
vn -0.8378 0.5454 0.0259
vn -0.8552 0.5174 0.0302
vn -0.8661 0.4990 0.0275
vn -0.8843 0.4660 0.0294
vn -0.9006 0.4338 0.0264
vn -0.9116 0.4098 0.0329
vn -0.9358 0.3514 0.0298
vn -0.9456 0.3244 0.0265
vn -0.9672 0.2518 0.0332
vn -0.9893 0.1411 0.0378
vn -0.9902 0.1329 0.0428
vn -0.9797 0.1965 0.0390
vn -0.9640 0.2636 0.0340
vn -0.9956 0.0826 0.0446
vn -0.3227 0.9460 0.0292
vn -0.3757 0.9268 0.0036
vn -0.3109 0.9501 0.0239
vn -0.3569 0.9341 -0.0018
vn -0.2272 0.9738 -0.0036
vn -0.2404 0.9705 -0.0194
vn -0.2634 0.9647 -0.0077
vn -0.2828 0.9591 -0.0106
vn -0.2539 0.9643 0.0749
vn -0.3355 0.9420 -0.0010
vn -0.3604 0.9328 0.0020
vn -0.3036 0.9528 -0.0016
vn -0.3586 0.9335 -0.0035
vn -0.3865 0.9223 -0.0018
vn -0.3867 0.9222 0.0027
vn -0.4093 0.9124 0.0040
vn -0.0102 0.9987 0.0507
vn -0.0144 0.9988 0.0478
vn -0.0077 0.9967 0.0805
vn 0.0873 0.9870 0.1350
vn 0.1270 0.9815 0.1433
vn 0.1175 0.9857 0.1205
vn 0.0638 0.9897 0.1279
vn 0.0798 0.9941 0.0740
vn 0.0178 0.9947 0.1014
vn 0.0437 0.9945 0.0955
vn -0.0027 0.9935 0.1140
vn -0.0014 0.9940 0.1095
vn -0.0014 0.9961 0.0877
vn 0.0297 0.9968 0.0745
vn 0.0506 0.9952 0.0837
vn 0.0956 0.9916 0.0870
vn 0.0044 0.9997 0.0223
vn 0.0161 0.9996 0.0222
vn 0.0150 0.9997 0.0207
vn 0.0244 0.9992 0.0331
vn 0.0225 0.9993 0.0313
vn 0.0161 0.9995 0.0265
vn 0.0078 1.0000 0.0033
vn 0.0131 0.9999 0.0027
vn 0.0175 0.9998 0.0003
vn 0.0142 0.9998 0.0133
vn 0.0240 0.9992 0.0327
vn 0.0309 0.9995 0.0074
vn 0.0250 0.9995 0.0208
vn -0.0880 0.9955 0.0352
vn -0.2374 0.9711 0.0240
vn -0.0754 0.9946 0.0720
vn -0.2116 0.9767 0.0362
vn -0.0625 0.9938 0.0920
vn -0.1657 0.9843 0.0606
vn -0.3643 0.9303 0.0428
vn -0.3379 0.9403 0.0405
vn -0.0130 0.9991 0.0393
vn -0.0037 0.9928 0.1198
vn 0.5527 -0.8317 0.0536
vn 0.6019 -0.7957 0.0680
vn 0.5657 -0.8218 0.0680
vn 0.4418 -0.8907 0.1067
vn 0.3967 -0.9127 0.0982
vn 0.4343 -0.8968 0.0844
vn 0.3680 -0.9253 0.0913
vn 0.3119 -0.9449 0.0998
vn 0.5091 -0.8570 0.0802
vn 0.5779 -0.8120 0.0818
vn 0.6947 -0.7175 0.0510
vn 0.6501 -0.7582 0.0496
vn 0.6282 -0.7771 0.0376
vn 0.8134 -0.5807 0.0350
vn 0.7575 -0.6518 0.0358
vn 0.6977 -0.7135 0.0643
vn 0.8861 -0.4634 0.0011
vn 0.8719 -0.4889 -0.0276
vn 0.8261 -0.5624 0.0364
vn 0.9123 -0.4091 0.0182
vn 0.9171 -0.3981 0.0202
vn 0.9887 -0.1410 -0.0513
vn 0.9815 -0.1911 -0.0075
vn 0.9705 -0.2410 0.0083
vn 0.9685 -0.2492 -0.0010
vn 0.9533 -0.2962 -0.0584
vn 1.0000 -0.0029 0.0012
vn 0.9999 -0.0149 0.0000
vn 0.9948 -0.1006 -0.0124
vn 0.9957 -0.0922 0.0051
vn 0.9983 -0.0588 -0.0003
vn 1.0000 -0.0001 -0.0000
vn 0.8993 -0.4370 0.0158
vn 0.9243 -0.3815 0.0139
vn 0.9422 -0.3340 0.0280
vn 0.9712 -0.2379 0.0120
vn 0.9863 -0.1596 0.0423
vn 0.8622 -0.5046 0.0446
vn 0.6905 -0.7223 0.0398
vn 0.7427 -0.6673 0.0557
vn 0.7830 -0.6206 0.0413
vn 0.8309 -0.5557 0.0273
vn 0.6238 -0.7760 0.0933
vn 0.4979 -0.8633 0.0828
vn 0.4465 -0.8924 0.0647
vn 0.3722 -0.9239 0.0883
vn 0.3200 -0.9448 0.0706
vn 0.2069 -0.9732 0.1005
vn 0.1411 -0.9815 0.1297
vn 0.2251 -0.9711 0.0788
vn 0.2602 -0.9602 0.1010
vn 0.2852 -0.9514 0.1160
vn 0.2353 -0.9648 0.1175
vn 0.1573 -0.9823 0.1015
vn 0.1279 -0.9862 0.1052
vn 0.2066 0.9732 0.1013
vn 0.1900 0.9734 0.1282
vn 0.2406 0.9639 0.1144
vn 0.3108 0.9458 0.0938
vn 0.2743 0.9551 0.1118
vn 0.3354 0.9354 0.1118
vn 0.4313 0.8984 0.0822
vn 0.3647 0.9284 0.0710
vn 0.4253 0.8987 0.1069
vn 0.1444 0.9863 0.0794
vn 0.2170 0.9735 0.0724
vn 0.1977 0.9777 0.0715
vn 0.1590 0.9821 0.1014
vn 0.1362 0.9856 0.1001
vn 0.3771 0.9220 0.0874
vn 0.3092 0.9479 0.0765
vn 0.2666 0.9564 0.1196
vn 0.6199 0.7810 0.0758
vn 0.5617 0.8256 0.0535
vn 0.5693 0.8186 0.0761
vn 0.5053 0.8589 0.0838
vn 0.4626 0.8838 0.0705
vn 0.6560 0.7525 0.0585
vn 0.6913 0.7208 0.0512
vn 0.7119 0.7011 0.0397
vn 0.7619 0.6457 0.0506
vn 0.8151 0.5785 0.0311
vn 0.8201 0.5718 0.0230
vn 0.9490 0.3100 0.0577
vn 0.9173 0.3980 0.0113
vn 0.9125 0.4088 0.0170
vn 0.8809 0.4717 0.0393
vn 0.8552 0.5165 0.0436
vn 0.9651 0.2615 0.0134
vn 0.9697 0.2443 0.0004
vn 0.9845 0.1743 0.0171
vn 0.9958 0.0911 -0.0022
vn 0.9935 0.1135 0.0055
vn 0.9987 0.0506 0.0022
vn 0.9967 0.0813 0.0008
vn 0.9974 0.0722 0.0003
vn 0.9980 0.0631 -0.0014
vn 0.9985 0.0544 -0.0042
vn 0.9989 0.0458 -0.0081
vn 0.9992 0.0386 -0.0107
vn 0.9996 0.0279 -0.0065
vn 0.9758 0.2187 0.0043
vn 0.9872 0.1576 -0.0262
vn 0.9940 0.1095 -0.0054
vn 0.9950 0.0999 -0.0020
vn 0.9959 0.0905 -0.0000
vn 0.9916 0.1286 -0.0151
vn 0.9473 0.3202 -0.0071
vn 0.9094 0.4154 0.0207
vn 0.8626 0.5059 0.0082
vn 0.8134 0.5803 0.0414
vn 0.6868 0.7240 0.0645
vn 0.7418 0.6699 0.0313
vn 0.7702 0.6373 0.0242
vn 0.4665 0.8799 0.0905
vn 0.4979 0.8643 0.0713
vn 0.5739 0.8155 0.0752
vn 0.6228 0.7818 0.0289
# 8132 vertex normals

vt 0.0000 0.0000 0.0000
# 1 texture coords

o node
g node
usemtl DefaultMaterial
s 1
f 1/1/1 2/1/2 3/1/3 
f 3/1/3 4/1/4 1/1/1 
f 1/1/1 4/1/4 5/1/5 
f 1/1/1 5/1/5 6/1/6 
f 5/1/5 7/1/7 6/1/6 
f 6/1/6 7/1/7 8/1/8 
f 6/1/6 8/1/8 9/1/9 
f 8/1/8 10/1/10 9/1/9 
f 9/1/9 10/1/10 11/1/11 
f 9/1/9 11/1/11 12/1/12 
f 11/1/11 13/1/13 12/1/12 
f 12/1/12 13/1/13 14/1/14 
f 12/1/12 14/1/14 15/1/15 
f 15/1/15 14/1/14 16/1/16 
f 15/1/15 16/1/16 17/1/17 
f 16/1/16 18/1/18 17/1/17 
f 17/1/17 18/1/18 19/1/19 
f 17/1/17 19/1/19 20/1/20 
f 19/1/19 21/1/21 20/1/20 
f 20/1/20 21/1/21 22/1/22 
f 20/1/20 22/1/22 23/1/23 
f 22/1/22 24/1/24 23/1/23 
f 23/1/23 24/1/24 25/1/25 
f 23/1/23 25/1/25 26/1/26 
f 25/1/25 27/1/27 26/1/26 
f 26/1/26 27/1/27 28/1/28 
f 26/1/26 28/1/28 29/1/29 
f 29/1/29 28/1/28 30/1/29 
f 29/1/29 30/1/29 31/1/30 
f 31/1/30 30/1/29 32/1/31 
f 31/1/30 32/1/31 33/1/32 
f 32/1/31 34/1/33 33/1/32 
f 33/1/32 34/1/33 35/1/34 
f 33/1/32 35/1/34 36/1/35 
f 35/1/34 37/1/36 36/1/35 
f 36/1/35 37/1/36 38/1/37 
f 36/1/35 38/1/37 39/1/38 
f 38/1/37 40/1/39 39/1/38 
f 39/1/38 40/1/39 41/1/40 
f 39/1/38 41/1/40 42/1/41 
f 41/1/40 43/1/42 42/1/41 
f 42/1/41 43/1/42 44/1/43 
f 42/1/41 44/1/43 45/1/44 
f 45/1/44 44/1/43 46/1/45 
f 46/1/45 47/1/46 45/1/44 
f 45/1/44 47/1/46 48/1/47 
f 45/1/44 48/1/47 49/1/48 
f 48/1/47 50/1/49 49/1/48 
f 49/1/48 50/1/49 51/1/50 
f 49/1/48 51/1/50 52/1/51 
f 51/1/50 53/1/52 52/1/51 
f 52/1/51 53/1/52 54/1/53 
f 52/1/51 54/1/53 55/1/54 
f 54/1/53 56/1/55 55/1/54 
f 55/1/54 56/1/55 57/1/56 
f 55/1/54 57/1/56 2/1/2 
f 2/1/2 57/1/56 58/1/57 
f 2/1/2 58/1/57 3/1/3 
s 2
f 29/1/58 31/1/59 59/1/58 
f 29/1/58 59/1/58 26/1/60 
f 17/1/60 20/1/60 59/1/58 
f 59/1/58 20/1/60 23/1/60 
f 59/1/58 23/1/60 26/1/60 
f 9/1/61 12/1/60 59/1/58 
f 59/1/58 12/1/60 15/1/60 
f 59/1/58 15/1/60 17/1/60 
f 2/1/59 1/1/59 59/1/58 
f 59/1/58 1/1/59 6/1/61 
f 59/1/58 6/1/61 9/1/61 
f 49/1/58 52/1/58 59/1/58 
f 59/1/58 52/1/58 55/1/58 
f 59/1/58 55/1/58 2/1/59 
f 39/1/60 42/1/60 59/1/58 
f 59/1/58 42/1/60 45/1/58 
f 59/1/58 45/1/58 49/1/58 
f 31/1/59 33/1/61 59/1/58 
f 59/1/58 33/1/61 36/1/61 
f 59/1/58 36/1/61 39/1/60 
s 1
f 60/1/62 61/1/63 62/1/63 
f 62/1/63 61/1/63 63/1/64 
f 62/1/63 63/1/64 64/1/64 
f 64/1/64 63/1/64 65/1/65 
f 64/1/64 65/1/65 66/1/65 
f 66/1/65 65/1/65 67/1/66 
f 66/1/65 67/1/66 68/1/66 
f 68/1/66 67/1/66 69/1/67 
f 68/1/66 69/1/67 70/1/67 
f 70/1/67 69/1/67 71/1/68 
f 70/1/67 71/1/68 72/1/68 
f 72/1/68 71/1/68 73/1/69 
f 72/1/68 73/1/69 74/1/69 
f 74/1/69 73/1/69 75/1/70 
f 74/1/69 75/1/70 76/1/70 
f 76/1/70 75/1/70 77/1/71 
f 76/1/70 77/1/71 78/1/71 
f 78/1/71 77/1/71 79/1/72 
f 78/1/71 79/1/72 80/1/72 
f 80/1/72 79/1/72 81/1/73 
f 80/1/72 81/1/73 82/1/73 
f 82/1/73 81/1/73 83/1/74 
f 82/1/73 83/1/74 84/1/74 
f 84/1/74 83/1/74 85/1/75 
f 84/1/74 85/1/75 86/1/75 
f 86/1/75 85/1/75 87/1/76 
f 86/1/75 87/1/76 88/1/76 
f 88/1/76 87/1/76 89/1/77 
f 88/1/76 89/1/77 90/1/77 
f 90/1/77 89/1/77 91/1/78 
f 90/1/77 91/1/78 92/1/78 
f 92/1/78 91/1/78 93/1/79 
f 92/1/78 93/1/79 94/1/79 
f 94/1/79 93/1/79 95/1/80 
f 94/1/79 95/1/80 96/1/80 
f 96/1/80 95/1/80 97/1/62 
f 96/1/80 97/1/62 60/1/62 
f 60/1/62 97/1/62 61/1/63 
s 2
f 97/1/81 95/1/81 98/1/81 
f 65/1/82 63/1/82 98/1/81 
f 98/1/81 63/1/82 61/1/81 
f 98/1/81 61/1/81 97/1/81 
f 71/1/81 69/1/81 98/1/81 
f 98/1/81 69/1/81 67/1/81 
f 98/1/81 67/1/81 65/1/82 
f 77/1/83 75/1/83 98/1/81 
f 98/1/81 75/1/83 73/1/81 
f 98/1/81 73/1/81 71/1/81 
f 83/1/84 81/1/83 98/1/81 
f 98/1/81 81/1/83 79/1/83 
f 98/1/81 79/1/83 77/1/83 
f 89/1/81 87/1/81 98/1/81 
f 98/1/81 87/1/81 85/1/84 
f 98/1/81 85/1/84 83/1/84 
f 95/1/81 93/1/81 98/1/81 
f 98/1/81 93/1/81 91/1/81 
f 98/1/81 91/1/81 89/1/81 
f 28/1/85 96/1/86 60/1/87 
f 28/1/85 27/1/88 96/1/86 
f 96/1/86 27/1/88 25/1/89 
f 96/1/86 25/1/89 94/1/90 
f 25/1/89 24/1/91 94/1/90 
f 94/1/90 24/1/91 22/1/92 
f 94/1/90 22/1/92 92/1/93 
f 22/1/92 21/1/94 92/1/93 
f 92/1/93 21/1/94 19/1/95 
f 92/1/93 19/1/95 90/1/96 
f 19/1/95 18/1/97 90/1/96 
f 90/1/96 18/1/97 16/1/98 
f 90/1/96 16/1/98 88/1/99 
f 16/1/98 14/1/100 88/1/99 
f 88/1/99 14/1/100 13/1/101 
f 88/1/99 13/1/101 86/1/102 
f 13/1/101 11/1/103 86/1/102 
f 86/1/102 11/1/103 10/1/104 
f 86/1/102 10/1/104 84/1/105 
f 10/1/104 8/1/106 84/1/105 
f 84/1/105 8/1/106 7/1/107 
f 84/1/105 7/1/107 82/1/108 
f 7/1/107 5/1/109 82/1/108 
f 82/1/108 5/1/109 4/1/110 
f 82/1/108 4/1/110 80/1/111 
f 4/1/110 3/1/112 80/1/111 
f 80/1/111 3/1/112 58/1/113 
f 80/1/111 58/1/113 78/1/114 
f 58/1/113 57/1/115 78/1/114 
f 78/1/114 57/1/115 56/1/116 
f 78/1/114 56/1/116 76/1/117 
f 56/1/116 54/1/118 76/1/117 
f 76/1/117 54/1/118 53/1/119 
f 76/1/117 53/1/119 74/1/120 
f 53/1/119 51/1/121 74/1/120 
f 74/1/120 51/1/121 50/1/122 
f 74/1/120 50/1/122 72/1/123 
f 50/1/122 48/1/124 72/1/123 
f 72/1/123 48/1/124 47/1/125 
f 72/1/123 47/1/125 70/1/126 
f 47/1/125 46/1/127 70/1/126 
f 70/1/126 46/1/127 44/1/128 
f 70/1/126 44/1/128 68/1/129 
f 44/1/128 43/1/130 68/1/129 
f 68/1/129 43/1/130 41/1/131 
f 68/1/129 41/1/131 66/1/132 
f 41/1/131 40/1/133 66/1/132 
f 66/1/132 40/1/133 38/1/134 
f 66/1/132 38/1/134 64/1/135 
f 38/1/134 37/1/136 64/1/135 
f 64/1/135 37/1/136 35/1/137 
f 64/1/135 35/1/137 62/1/138 
f 35/1/137 34/1/139 62/1/138 
f 62/1/138 34/1/139 32/1/140 
f 62/1/138 32/1/140 60/1/87 
f 60/1/87 32/1/140 30/1/141 
f 60/1/87 30/1/141 28/1/85 
s 1
f 99/1/142 100/1/143 101/1/144 
f 102/1/145 103/1/146 104/1/147 
f 105/1/148 106/1/149 107/1/150 
f 108/1/151 109/1/152 110/1/153 
f 111/1/154 112/1/155 113/1/156 
f 114/1/157 115/1/158 116/1/159 
f 117/1/160 118/1/161 119/1/162 
f 120/1/163 121/1/164 122/1/165 
f 123/1/166 124/1/167 125/1/168 
f 126/1/169 127/1/170 128/1/171 
f 129/1/172 130/1/173 131/1/174 
f 132/1/175 133/1/176 134/1/177 
f 135/1/178 136/1/179 137/1/180 
f 138/1/181 139/1/182 140/1/183 
f 141/1/184 142/1/185 143/1/186 
f 144/1/187 145/1/188 146/1/189 
f 147/1/190 148/1/191 149/1/192 
f 145/1/188 150/1/193 151/1/194 
f 148/1/191 152/1/195 153/1/196 
f 150/1/193 154/1/197 155/1/198 
f 152/1/195 156/1/199 157/1/200 
f 158/1/201 159/1/202 160/1/203 
f 152/1/195 157/1/200 153/1/196 
f 153/1/196 157/1/200 161/1/204 
f 153/1/196 161/1/204 162/1/205 
f 162/1/205 161/1/204 163/1/206 
f 162/1/205 163/1/206 164/1/207 
f 164/1/207 163/1/206 165/1/208 
f 164/1/207 165/1/208 166/1/209 
f 150/1/193 155/1/198 151/1/194 
f 151/1/194 155/1/198 167/1/210 
f 151/1/194 167/1/210 168/1/211 
f 168/1/211 167/1/210 169/1/212 
f 168/1/211 169/1/212 170/1/213 
f 170/1/213 169/1/212 171/1/214 
f 170/1/213 171/1/214 172/1/215 
f 158/1/201 160/1/203 173/1/216 
f 173/1/216 160/1/203 174/1/217 
f 173/1/216 174/1/217 175/1/218 
f 175/1/218 174/1/217 176/1/219 
f 175/1/218 176/1/219 177/1/220 
f 177/1/220 176/1/219 178/1/221 
f 177/1/220 178/1/221 179/1/222 
f 159/1/202 180/1/223 181/1/224 
f 148/1/191 153/1/196 149/1/192 
f 149/1/192 153/1/196 162/1/205 
f 149/1/192 162/1/205 182/1/225 
f 182/1/225 162/1/205 164/1/207 
f 182/1/225 164/1/207 183/1/226 
f 183/1/226 164/1/207 166/1/209 
f 183/1/226 166/1/209 184/1/227 
f 145/1/188 151/1/194 146/1/189 
f 146/1/189 151/1/194 168/1/211 
f 146/1/189 168/1/211 185/1/228 
f 185/1/228 168/1/211 170/1/213 
f 185/1/228 170/1/213 186/1/229 
f 186/1/229 170/1/213 172/1/215 
f 186/1/229 172/1/215 187/1/230 
f 159/1/202 181/1/224 160/1/203 
f 160/1/203 181/1/224 188/1/231 
f 160/1/203 188/1/231 174/1/217 
f 174/1/217 188/1/231 189/1/232 
f 174/1/217 189/1/232 176/1/219 
f 176/1/219 189/1/232 190/1/233 
f 176/1/219 190/1/233 178/1/221 
f 180/1/223 191/1/234 192/1/235 
f 193/1/236 194/1/237 195/1/238 
f 195/1/238 194/1/237 196/1/239 
f 195/1/238 196/1/239 197/1/240 
f 197/1/240 196/1/239 198/1/241 
f 197/1/240 198/1/241 199/1/242 
f 199/1/242 198/1/241 140/1/183 
f 200/1/243 201/1/244 202/1/245 
f 202/1/245 201/1/244 203/1/246 
f 202/1/245 203/1/246 204/1/247 
f 204/1/247 203/1/246 205/1/248 
f 204/1/247 205/1/248 206/1/249 
f 206/1/249 205/1/248 137/1/180 
f 207/1/250 208/1/251 209/1/252 
f 209/1/252 208/1/251 210/1/253 
f 209/1/252 210/1/253 211/1/254 
f 211/1/254 210/1/253 212/1/255 
f 211/1/254 212/1/255 213/1/256 
f 213/1/256 212/1/255 131/1/174 
f 147/1/190 149/1/192 214/1/257 
f 214/1/257 149/1/192 182/1/225 
f 214/1/257 182/1/225 215/1/258 
f 215/1/258 182/1/225 183/1/226 
f 215/1/258 183/1/226 216/1/259 
f 216/1/259 183/1/226 184/1/227 
f 216/1/259 184/1/227 217/1/260 
f 218/1/261 219/1/262 220/1/263 
f 220/1/263 219/1/262 221/1/264 
f 220/1/263 221/1/264 222/1/265 
f 222/1/265 221/1/264 223/1/266 
f 222/1/265 223/1/266 224/1/267 
f 224/1/267 223/1/266 125/1/168 
f 225/1/268 226/1/269 227/1/270 
f 227/1/270 226/1/269 228/1/271 
f 227/1/270 228/1/271 229/1/272 
f 229/1/272 228/1/271 230/1/273 
f 229/1/272 230/1/273 231/1/274 
f 231/1/274 230/1/273 122/1/165 
f 232/1/275 233/1/276 234/1/277 
f 234/1/277 233/1/276 235/1/278 
f 234/1/277 235/1/278 236/1/279 
f 236/1/279 235/1/278 237/1/280 
f 236/1/279 237/1/280 238/1/281 
f 238/1/281 237/1/280 116/1/159 
f 144/1/187 146/1/189 239/1/282 
f 239/1/282 146/1/189 185/1/228 
f 239/1/282 185/1/228 240/1/283 
f 240/1/283 185/1/228 186/1/229 
f 240/1/283 186/1/229 241/1/284 
f 241/1/284 186/1/229 187/1/230 
f 241/1/284 187/1/230 242/1/285 
f 243/1/286 244/1/287 245/1/288 
f 245/1/288 244/1/287 246/1/289 
f 245/1/288 246/1/289 247/1/290 
f 247/1/290 246/1/289 248/1/291 
f 247/1/290 248/1/291 249/1/292 
f 249/1/292 248/1/291 110/1/153 
f 250/1/293 251/1/294 252/1/295 
f 252/1/295 251/1/294 253/1/296 
f 252/1/295 253/1/296 254/1/297 
f 254/1/297 253/1/296 255/1/298 
f 254/1/297 255/1/298 256/1/299 
f 256/1/299 255/1/298 107/1/150 
f 257/1/300 258/1/301 259/1/302 
f 259/1/302 258/1/301 260/1/303 
f 259/1/302 260/1/303 261/1/304 
f 261/1/304 260/1/303 262/1/305 
f 261/1/304 262/1/305 263/1/306 
f 263/1/306 262/1/305 101/1/144 
f 180/1/223 192/1/235 181/1/224 
f 181/1/224 192/1/235 264/1/307 
f 181/1/224 264/1/307 188/1/231 
f 188/1/231 264/1/307 265/1/308 
f 188/1/231 265/1/308 189/1/232 
f 189/1/232 265/1/308 266/1/309 
f 189/1/232 266/1/309 190/1/233 
f 158/1/201 267/1/310 159/1/202 
f 159/1/202 267/1/310 268/1/311 
f 159/1/202 268/1/311 180/1/223 
f 180/1/223 268/1/311 269/1/312 
f 180/1/223 269/1/312 191/1/234 
f 191/1/234 269/1/312 143/1/186 
f 191/1/234 143/1/186 270/1/313 
f 270/1/313 143/1/186 142/1/185 
f 271/1/314 141/1/184 272/1/315 
f 272/1/315 141/1/184 143/1/186 
f 272/1/315 143/1/186 273/1/316 
f 273/1/316 143/1/186 269/1/312 
f 273/1/316 269/1/312 274/1/317 
f 274/1/317 269/1/312 268/1/311 
f 274/1/317 268/1/311 275/1/318 
f 275/1/318 268/1/311 267/1/310 
f 275/1/318 193/1/236 274/1/317 
f 274/1/317 193/1/236 195/1/238 
f 274/1/317 195/1/238 273/1/316 
f 273/1/316 195/1/238 197/1/240 
f 273/1/316 197/1/240 272/1/315 
f 272/1/315 197/1/240 199/1/242 
f 272/1/315 199/1/242 271/1/314 
f 271/1/314 199/1/242 276/1/319 
f 140/1/183 139/1/182 199/1/242 
f 199/1/242 139/1/182 277/1/320 
f 199/1/242 277/1/320 276/1/319 
f 278/1/321 138/1/181 279/1/322 
f 279/1/322 138/1/181 140/1/183 
f 279/1/322 140/1/183 280/1/323 
f 280/1/323 140/1/183 198/1/241 
f 280/1/323 198/1/241 281/1/324 
f 281/1/324 198/1/241 196/1/239 
f 281/1/324 196/1/239 282/1/325 
f 282/1/325 196/1/239 194/1/237 
f 282/1/325 200/1/243 281/1/324 
f 281/1/324 200/1/243 202/1/245 
f 281/1/324 202/1/245 280/1/323 
f 280/1/323 202/1/245 204/1/247 
f 280/1/323 204/1/247 279/1/322 
f 279/1/322 204/1/247 206/1/249 
f 279/1/322 206/1/249 278/1/321 
f 278/1/321 206/1/249 283/1/326 
f 137/1/180 136/1/179 206/1/249 
f 206/1/249 136/1/179 284/1/327 
f 206/1/249 284/1/327 283/1/326 
f 201/1/244 285/1/328 203/1/246 
f 203/1/246 285/1/328 286/1/329 
f 203/1/246 286/1/329 205/1/248 
f 205/1/248 286/1/329 287/1/330 
f 205/1/248 287/1/330 137/1/180 
f 137/1/180 287/1/330 134/1/177 
f 137/1/180 134/1/177 135/1/178 
f 135/1/178 134/1/177 133/1/176 
f 288/1/331 132/1/175 289/1/332 
f 289/1/332 132/1/175 134/1/177 
f 289/1/332 134/1/177 290/1/333 
f 290/1/333 134/1/177 287/1/330 
f 290/1/333 287/1/330 291/1/334 
f 291/1/334 287/1/330 286/1/329 
f 291/1/334 286/1/329 292/1/335 
f 292/1/335 286/1/329 285/1/328 
f 292/1/335 207/1/250 291/1/334 
f 291/1/334 207/1/250 209/1/252 
f 291/1/334 209/1/252 290/1/333 
f 290/1/333 209/1/252 211/1/254 
f 290/1/333 211/1/254 289/1/332 
f 289/1/332 211/1/254 213/1/256 
f 289/1/332 213/1/256 288/1/331 
f 288/1/331 213/1/256 293/1/336 
f 131/1/174 130/1/173 213/1/256 
f 213/1/256 130/1/173 294/1/337 
f 213/1/256 294/1/337 293/1/336 
f 295/1/338 129/1/172 296/1/339 
f 296/1/339 129/1/172 131/1/174 
f 296/1/339 131/1/174 297/1/340 
f 297/1/340 131/1/174 212/1/255 
f 297/1/340 212/1/255 298/1/341 
f 298/1/341 212/1/255 210/1/253 
f 298/1/341 210/1/253 299/1/342 
f 299/1/342 210/1/253 208/1/251 
f 299/1/342 156/1/199 298/1/341 
f 298/1/341 156/1/199 152/1/195 
f 298/1/341 152/1/195 297/1/340 
f 297/1/340 152/1/195 148/1/191 
f 297/1/340 148/1/191 296/1/339 
f 296/1/339 148/1/191 147/1/190 
f 296/1/339 147/1/190 295/1/338 
f 295/1/338 147/1/190 300/1/343 
f 301/1/344 302/1/345 217/1/260 
f 217/1/260 302/1/345 303/1/346 
f 217/1/260 303/1/346 216/1/259 
f 216/1/259 303/1/346 304/1/347 
f 216/1/259 304/1/347 215/1/258 
f 215/1/258 304/1/347 305/1/348 
f 215/1/258 305/1/348 214/1/257 
f 214/1/257 305/1/348 306/1/349 
f 214/1/257 306/1/349 147/1/190 
f 147/1/190 306/1/349 307/1/350 
f 147/1/190 307/1/350 300/1/343 
f 165/1/208 308/1/351 166/1/209 
f 166/1/209 308/1/351 309/1/352 
f 166/1/209 309/1/352 184/1/227 
f 184/1/227 309/1/352 310/1/353 
f 184/1/227 310/1/353 217/1/260 
f 217/1/260 310/1/353 128/1/171 
f 217/1/260 128/1/171 301/1/344 
f 301/1/344 128/1/171 127/1/170 
f 311/1/354 126/1/169 312/1/355 
f 312/1/355 126/1/169 128/1/171 
f 312/1/355 128/1/171 313/1/356 
f 313/1/356 128/1/171 310/1/353 
f 313/1/356 310/1/353 314/1/357 
f 314/1/357 310/1/353 309/1/352 
f 314/1/357 309/1/352 315/1/358 
f 315/1/358 309/1/352 308/1/351 
f 315/1/358 218/1/261 314/1/357 
f 314/1/357 218/1/261 220/1/263 
f 314/1/357 220/1/263 313/1/356 
f 313/1/356 220/1/263 222/1/265 
f 313/1/356 222/1/265 312/1/355 
f 312/1/355 222/1/265 224/1/267 
f 312/1/355 224/1/267 311/1/354 
f 311/1/354 224/1/267 316/1/359 
f 125/1/168 124/1/167 224/1/267 
f 224/1/267 124/1/167 317/1/360 
f 224/1/267 317/1/360 316/1/359 
f 318/1/361 123/1/166 319/1/362 
f 319/1/362 123/1/166 125/1/168 
f 319/1/362 125/1/168 320/1/363 
f 320/1/363 125/1/168 223/1/266 
f 320/1/363 223/1/266 321/1/364 
f 321/1/364 223/1/266 221/1/264 
f 321/1/364 221/1/264 322/1/365 
f 322/1/365 221/1/264 219/1/262 
f 322/1/365 225/1/268 321/1/364 
f 321/1/364 225/1/268 227/1/270 
f 321/1/364 227/1/270 320/1/363 
f 320/1/363 227/1/270 229/1/272 
f 320/1/363 229/1/272 319/1/362 
f 319/1/362 229/1/272 231/1/274 
f 319/1/362 231/1/274 318/1/361 
f 318/1/361 231/1/274 323/1/366 
f 122/1/165 121/1/164 231/1/274 
f 231/1/274 121/1/164 324/1/367 
f 231/1/274 324/1/367 323/1/366 
f 118/1/161 120/1/163 119/1/162 
f 119/1/162 120/1/163 122/1/165 
f 119/1/162 122/1/165 325/1/368 
f 325/1/368 122/1/165 230/1/273 
f 325/1/368 230/1/273 326/1/369 
f 326/1/369 230/1/273 228/1/271 
f 326/1/369 228/1/271 327/1/370 
f 327/1/370 228/1/271 226/1/269 
f 328/1/371 117/1/160 329/1/372 
f 329/1/372 117/1/160 119/1/162 
f 329/1/372 119/1/162 330/1/373 
f 330/1/373 119/1/162 325/1/368 
f 330/1/373 325/1/368 331/1/374 
f 331/1/374 325/1/368 326/1/369 
f 331/1/374 326/1/369 332/1/375 
f 332/1/375 326/1/369 327/1/370 
f 332/1/375 232/1/275 331/1/374 
f 331/1/374 232/1/275 234/1/277 
f 331/1/374 234/1/277 330/1/373 
f 330/1/373 234/1/277 236/1/279 
f 330/1/373 236/1/279 329/1/372 
f 329/1/372 236/1/279 238/1/281 
f 329/1/372 238/1/281 328/1/371 
f 328/1/371 238/1/281 333/1/376 
f 116/1/159 115/1/158 238/1/281 
f 238/1/281 115/1/158 334/1/377 
f 238/1/281 334/1/377 333/1/376 
f 335/1/378 114/1/157 336/1/379 
f 336/1/379 114/1/157 116/1/159 
f 336/1/379 116/1/159 337/1/380 
f 337/1/380 116/1/159 237/1/280 
f 337/1/380 237/1/280 338/1/381 
f 338/1/381 237/1/280 235/1/278 
f 338/1/381 235/1/278 339/1/382 
f 339/1/382 235/1/278 233/1/276 
f 339/1/382 154/1/197 338/1/381 
f 338/1/381 154/1/197 150/1/193 
f 338/1/381 150/1/193 337/1/380 
f 337/1/380 150/1/193 145/1/188 
f 337/1/380 145/1/188 336/1/379 
f 336/1/379 145/1/188 144/1/187 
f 336/1/379 144/1/187 335/1/378 
f 335/1/378 144/1/187 340/1/383 
f 341/1/384 342/1/385 242/1/285 
f 242/1/285 342/1/385 343/1/386 
f 242/1/285 343/1/386 241/1/284 
f 241/1/284 343/1/386 344/1/387 
f 241/1/284 344/1/387 240/1/283 
f 240/1/283 344/1/387 345/1/388 
f 240/1/283 345/1/388 239/1/282 
f 239/1/282 345/1/388 346/1/389 
f 239/1/282 346/1/389 144/1/187 
f 144/1/187 346/1/389 347/1/390 
f 144/1/187 347/1/390 340/1/383 
f 171/1/214 348/1/391 172/1/215 
f 172/1/215 348/1/391 349/1/392 
f 172/1/215 349/1/392 187/1/230 
f 187/1/230 349/1/392 350/1/393 
f 187/1/230 350/1/393 242/1/285 
f 242/1/285 350/1/393 113/1/156 
f 242/1/285 113/1/156 341/1/384 
f 341/1/384 113/1/156 112/1/155 
f 351/1/394 111/1/154 352/1/395 
f 352/1/395 111/1/154 113/1/156 
f 352/1/395 113/1/156 353/1/396 
f 353/1/396 113/1/156 350/1/393 
f 353/1/396 350/1/393 354/1/397 
f 354/1/397 350/1/393 349/1/392 
f 354/1/397 349/1/392 355/1/398 
f 355/1/398 349/1/392 348/1/391 
f 355/1/398 243/1/286 354/1/397 
f 354/1/397 243/1/286 245/1/288 
f 354/1/397 245/1/288 353/1/396 
f 353/1/396 245/1/288 247/1/290 
f 353/1/396 247/1/290 352/1/395 
f 352/1/395 247/1/290 249/1/292 
f 352/1/395 249/1/292 351/1/394 
f 351/1/394 249/1/292 356/1/399 
f 110/1/153 109/1/152 249/1/292 
f 249/1/292 109/1/152 357/1/400 
f 249/1/292 357/1/400 356/1/399 
f 358/1/401 108/1/151 359/1/402 
f 359/1/402 108/1/151 110/1/153 
f 359/1/402 110/1/153 360/1/403 
f 360/1/403 110/1/153 248/1/291 
f 360/1/403 248/1/291 361/1/404 
f 361/1/404 248/1/291 246/1/289 
f 361/1/404 246/1/289 362/1/405 
f 362/1/405 246/1/289 244/1/287 
f 362/1/405 250/1/293 361/1/404 
f 361/1/404 250/1/293 252/1/295 
f 361/1/404 252/1/295 360/1/403 
f 360/1/403 252/1/295 254/1/297 
f 360/1/403 254/1/297 359/1/402 
f 359/1/402 254/1/297 256/1/299 
f 359/1/402 256/1/299 358/1/401 
f 358/1/401 256/1/299 363/1/406 
f 107/1/150 106/1/149 256/1/299 
f 256/1/299 106/1/149 364/1/407 
f 256/1/299 364/1/407 363/1/406 
f 103/1/146 105/1/148 104/1/147 
f 104/1/147 105/1/148 107/1/150 
f 104/1/147 107/1/150 365/1/408 
f 365/1/408 107/1/150 255/1/298 
f 365/1/408 255/1/298 366/1/409 
f 366/1/409 255/1/298 253/1/296 
f 366/1/409 253/1/296 367/1/410 
f 367/1/410 253/1/296 251/1/294 
f 368/1/411 102/1/145 369/1/412 
f 369/1/412 102/1/145 104/1/147 
f 369/1/412 104/1/147 370/1/413 
f 370/1/413 104/1/147 365/1/408 
f 370/1/413 365/1/408 371/1/414 
f 371/1/414 365/1/408 366/1/409 
f 371/1/414 366/1/409 372/1/415 
f 372/1/415 366/1/409 367/1/410 
f 372/1/415 257/1/300 371/1/414 
f 371/1/414 257/1/300 259/1/302 
f 371/1/414 259/1/302 370/1/413 
f 370/1/413 259/1/302 261/1/304 
f 370/1/413 261/1/304 369/1/412 
f 369/1/412 261/1/304 263/1/306 
f 369/1/412 263/1/306 368/1/411 
f 368/1/411 263/1/306 373/1/416 
f 101/1/144 100/1/143 263/1/306 
f 263/1/306 100/1/143 374/1/417 
f 263/1/306 374/1/417 373/1/416 
f 375/1/418 99/1/142 376/1/419 
f 376/1/419 99/1/142 101/1/144 
f 376/1/419 101/1/144 377/1/420 
f 377/1/420 101/1/144 262/1/305 
f 377/1/420 262/1/305 378/1/421 
f 378/1/421 262/1/305 260/1/303 
f 378/1/421 260/1/303 379/1/422 
f 379/1/422 260/1/303 258/1/301 
f 379/1/422 179/1/222 378/1/421 
f 378/1/421 179/1/222 178/1/221 
f 378/1/421 178/1/221 377/1/420 
f 377/1/420 178/1/221 190/1/233 
f 377/1/420 190/1/233 376/1/419 
f 376/1/419 190/1/233 266/1/309 
f 376/1/419 266/1/309 375/1/418 
f 375/1/418 266/1/309 380/1/423 
f 270/1/313 381/1/424 191/1/234 
f 191/1/234 381/1/424 382/1/425 
f 191/1/234 382/1/425 192/1/235 
f 192/1/235 382/1/425 383/1/426 
f 192/1/235 383/1/426 264/1/307 
f 264/1/307 383/1/426 384/1/427 
f 264/1/307 384/1/427 265/1/308 
f 265/1/308 384/1/427 385/1/428 
f 265/1/308 385/1/428 266/1/309 
f 266/1/309 385/1/428 386/1/429 
f 266/1/309 386/1/429 380/1/423 
f 387/1/430 388/1/431 389/1/432 
f 389/1/432 388/1/431 390/1/433 
f 389/1/432 390/1/433 391/1/434 
f 391/1/434 390/1/433 392/1/435 
f 391/1/434 392/1/435 393/1/436 
f 393/1/436 392/1/435 394/1/437 
f 393/1/436 394/1/437 395/1/438 
f 395/1/438 394/1/437 396/1/439 
f 395/1/438 396/1/439 397/1/440 
f 397/1/440 396/1/439 398/1/441 
f 397/1/440 398/1/441 399/1/442 
f 399/1/442 398/1/441 400/1/443 
f 399/1/442 400/1/443 401/1/444 
f 401/1/444 400/1/443 402/1/445 
f 401/1/444 402/1/445 403/1/446 
f 403/1/446 402/1/445 404/1/447 
f 403/1/446 404/1/447 405/1/448 
f 405/1/448 404/1/447 406/1/449 
f 405/1/448 406/1/449 407/1/450 
f 407/1/450 406/1/449 408/1/451 
f 407/1/450 408/1/451 409/1/452 
f 409/1/452 408/1/451 410/1/453 
f 409/1/452 410/1/453 411/1/454 
f 411/1/454 410/1/453 412/1/455 
f 411/1/454 412/1/455 413/1/456 
f 413/1/456 412/1/455 414/1/457 
f 413/1/456 414/1/457 415/1/458 
f 415/1/458 414/1/457 416/1/459 
f 415/1/458 416/1/459 417/1/460 
f 417/1/460 416/1/459 418/1/461 
f 417/1/460 418/1/461 419/1/462 
f 419/1/462 418/1/461 420/1/463 
f 419/1/462 420/1/463 421/1/464 
f 421/1/464 420/1/463 422/1/465 
f 421/1/464 422/1/465 423/1/466 
f 423/1/466 422/1/465 424/1/467 
f 423/1/466 424/1/467 425/1/468 
f 425/1/468 424/1/467 426/1/469 
f 425/1/468 426/1/469 427/1/470 
f 427/1/470 426/1/469 428/1/471 
f 427/1/470 428/1/471 429/1/472 
f 429/1/472 428/1/471 430/1/473 
f 429/1/472 430/1/473 431/1/474 
f 431/1/474 430/1/473 432/1/475 
f 431/1/474 432/1/475 433/1/476 
f 433/1/476 432/1/475 434/1/477 
f 433/1/476 434/1/477 435/1/478 
f 435/1/478 434/1/477 436/1/479 
f 435/1/478 436/1/479 437/1/480 
f 437/1/480 436/1/479 438/1/481 
f 437/1/480 438/1/481 439/1/482 
f 439/1/482 438/1/481 440/1/483 
f 439/1/482 440/1/483 441/1/484 
f 441/1/484 440/1/483 442/1/485 
f 441/1/484 442/1/485 443/1/486 
f 443/1/486 442/1/485 444/1/487 
f 443/1/486 444/1/487 445/1/488 
f 445/1/488 444/1/487 446/1/489 
f 445/1/488 446/1/489 447/1/490 
f 447/1/490 446/1/489 448/1/491 
f 447/1/490 448/1/491 449/1/492 
f 449/1/492 448/1/491 450/1/493 
f 449/1/492 450/1/493 451/1/494 
f 451/1/494 450/1/493 452/1/495 
f 451/1/494 452/1/495 453/1/496 
f 453/1/496 452/1/495 454/1/497 
f 453/1/496 454/1/497 455/1/498 
f 455/1/498 454/1/497 456/1/499 
f 455/1/498 456/1/499 457/1/500 
f 457/1/500 456/1/499 458/1/501 
f 457/1/500 458/1/501 459/1/502 
f 459/1/502 458/1/501 460/1/503 
f 459/1/502 460/1/503 461/1/504 
f 461/1/504 460/1/503 462/1/505 
f 461/1/504 462/1/505 463/1/506 
f 463/1/506 462/1/505 464/1/507 
f 463/1/506 464/1/507 465/1/508 
f 465/1/508 464/1/507 466/1/509 
f 465/1/508 466/1/509 467/1/510 
f 467/1/510 466/1/509 468/1/511 
f 467/1/510 468/1/511 469/1/512 
f 469/1/512 468/1/511 470/1/513 
f 469/1/512 470/1/513 471/1/514 
f 471/1/514 470/1/513 472/1/515 
f 471/1/514 472/1/515 473/1/516 
f 473/1/516 472/1/515 474/1/517 
f 473/1/516 474/1/517 475/1/518 
f 475/1/518 474/1/517 476/1/519 
f 475/1/518 476/1/519 477/1/520 
f 477/1/520 476/1/519 478/1/521 
f 477/1/520 478/1/521 479/1/522 
f 479/1/522 478/1/521 480/1/523 
f 479/1/522 480/1/523 481/1/524 
f 481/1/524 480/1/523 482/1/525 
f 481/1/524 482/1/525 483/1/526 
f 483/1/526 482/1/525 484/1/527 
f 483/1/526 484/1/527 485/1/528 
f 485/1/528 484/1/527 486/1/529 
f 485/1/528 486/1/529 487/1/530 
f 487/1/530 486/1/529 488/1/531 
f 487/1/530 488/1/531 489/1/532 
f 489/1/532 488/1/531 490/1/533 
f 489/1/532 490/1/533 491/1/534 
f 491/1/534 490/1/533 492/1/535 
f 491/1/534 492/1/535 493/1/536 
f 493/1/536 492/1/535 494/1/537 
f 493/1/536 494/1/537 495/1/538 
f 495/1/538 494/1/537 496/1/539 
f 495/1/538 496/1/539 497/1/540 
f 497/1/540 496/1/539 498/1/541 
f 497/1/540 498/1/541 499/1/542 
f 499/1/542 498/1/541 500/1/543 
f 499/1/542 500/1/543 501/1/544 
f 501/1/544 500/1/543 502/1/545 
f 501/1/544 502/1/545 503/1/546 
f 503/1/546 502/1/545 504/1/547 
f 503/1/546 504/1/547 505/1/548 
f 505/1/548 504/1/547 506/1/549 
f 505/1/548 506/1/549 507/1/550 
f 507/1/550 506/1/549 508/1/551 
f 507/1/550 508/1/551 509/1/552 
f 509/1/552 508/1/551 510/1/553 
f 509/1/552 510/1/553 511/1/554 
f 511/1/554 510/1/553 512/1/555 
f 511/1/554 512/1/555 513/1/556 
f 513/1/556 512/1/555 514/1/557 
f 513/1/556 514/1/557 515/1/558 
f 515/1/558 514/1/557 516/1/559 
f 515/1/558 516/1/559 517/1/560 
f 517/1/560 516/1/559 518/1/561 
f 517/1/560 518/1/561 519/1/562 
f 519/1/562 518/1/561 520/1/563 
f 519/1/562 520/1/563 521/1/564 
f 521/1/564 520/1/563 522/1/565 
f 521/1/564 522/1/565 523/1/566 
f 523/1/566 522/1/565 524/1/567 
f 523/1/566 524/1/567 525/1/568 
f 525/1/568 524/1/567 526/1/569 
f 525/1/568 526/1/569 527/1/570 
f 527/1/570 526/1/569 528/1/571 
f 527/1/570 528/1/571 529/1/572 
f 529/1/572 528/1/571 530/1/573 
f 529/1/572 530/1/573 387/1/430 
f 387/1/430 530/1/573 388/1/431 
f 530/1/573 531/1/574 388/1/431 
f 388/1/431 531/1/574 532/1/575 
f 388/1/431 532/1/575 390/1/433 
f 390/1/433 532/1/575 533/1/576 
f 390/1/433 533/1/576 392/1/435 
f 392/1/435 533/1/576 534/1/577 
f 392/1/435 534/1/577 394/1/437 
f 394/1/437 534/1/577 535/1/578 
f 394/1/437 535/1/578 396/1/439 
f 396/1/439 535/1/578 536/1/579 
f 396/1/439 536/1/579 398/1/441 
f 398/1/441 536/1/579 537/1/580 
f 398/1/441 537/1/580 400/1/443 
f 400/1/443 537/1/580 538/1/581 
f 400/1/443 538/1/581 402/1/445 
f 402/1/445 538/1/581 539/1/582 
f 402/1/445 539/1/582 404/1/447 
f 404/1/447 539/1/582 540/1/583 
f 404/1/447 540/1/583 406/1/449 
f 406/1/449 540/1/583 541/1/584 
f 406/1/449 541/1/584 408/1/451 
f 408/1/451 541/1/584 542/1/585 
f 408/1/451 542/1/585 410/1/453 
f 410/1/453 542/1/585 543/1/586 
f 410/1/453 543/1/586 412/1/455 
f 412/1/455 543/1/586 544/1/587 
f 412/1/455 544/1/587 414/1/457 
f 414/1/457 544/1/587 545/1/588 
f 414/1/457 545/1/588 416/1/459 
f 416/1/459 545/1/588 546/1/589 
f 416/1/459 546/1/589 418/1/461 
f 418/1/461 546/1/589 547/1/590 
f 418/1/461 547/1/590 420/1/463 
f 420/1/463 547/1/590 548/1/591 
f 420/1/463 548/1/591 422/1/465 
f 422/1/465 548/1/591 549/1/592 
f 422/1/465 549/1/592 424/1/467 
f 424/1/467 549/1/592 550/1/593 
f 424/1/467 550/1/593 426/1/469 
f 426/1/469 550/1/593 551/1/594 
f 426/1/469 551/1/594 428/1/471 
f 428/1/471 551/1/594 552/1/595 
f 428/1/471 552/1/595 430/1/473 
f 430/1/473 552/1/595 553/1/596 
f 430/1/473 553/1/596 432/1/475 
f 432/1/475 553/1/596 554/1/597 
f 432/1/475 554/1/597 434/1/477 
f 434/1/477 554/1/597 555/1/598 
f 434/1/477 555/1/598 436/1/479 
f 436/1/479 555/1/598 556/1/599 
f 436/1/479 556/1/599 438/1/481 
f 438/1/481 556/1/599 557/1/600 
f 438/1/481 557/1/600 440/1/483 
f 440/1/483 557/1/600 558/1/601 
f 440/1/483 558/1/601 442/1/485 
f 442/1/485 558/1/601 559/1/602 
f 442/1/485 559/1/602 444/1/487 
f 444/1/487 559/1/602 560/1/603 
f 444/1/487 560/1/603 446/1/489 
f 446/1/489 560/1/603 561/1/604 
f 446/1/489 561/1/604 448/1/491 
f 448/1/491 561/1/604 562/1/605 
f 448/1/491 562/1/605 450/1/493 
f 450/1/493 562/1/605 563/1/606 
f 450/1/493 563/1/606 452/1/495 
f 452/1/495 563/1/606 564/1/607 
f 452/1/495 564/1/607 454/1/497 
f 454/1/497 564/1/607 565/1/608 
f 454/1/497 565/1/608 456/1/499 
f 456/1/499 565/1/608 566/1/609 
f 456/1/499 566/1/609 458/1/501 
f 458/1/501 566/1/609 567/1/610 
f 458/1/501 567/1/610 460/1/503 
f 460/1/503 567/1/610 568/1/611 
f 460/1/503 568/1/611 462/1/505 
f 462/1/505 568/1/611 569/1/612 
f 462/1/505 569/1/612 464/1/507 
f 464/1/507 569/1/612 570/1/613 
f 464/1/507 570/1/613 466/1/509 
f 466/1/509 570/1/613 571/1/614 
f 466/1/509 571/1/614 468/1/511 
f 468/1/511 571/1/614 572/1/615 
f 468/1/511 572/1/615 470/1/513 
f 470/1/513 572/1/615 573/1/616 
f 470/1/513 573/1/616 472/1/515 
f 472/1/515 573/1/616 574/1/617 
f 472/1/515 574/1/617 474/1/517 
f 474/1/517 574/1/617 575/1/618 
f 474/1/517 575/1/618 476/1/519 
f 476/1/519 575/1/618 576/1/619 
f 476/1/519 576/1/619 478/1/521 
f 478/1/521 576/1/619 577/1/620 
f 478/1/521 577/1/620 480/1/523 
f 480/1/523 577/1/620 578/1/621 
f 480/1/523 578/1/621 482/1/525 
f 482/1/525 578/1/621 579/1/622 
f 482/1/525 579/1/622 484/1/527 
f 484/1/527 579/1/622 580/1/623 
f 484/1/527 580/1/623 486/1/529 
f 486/1/529 580/1/623 581/1/624 
f 486/1/529 581/1/624 488/1/531 
f 488/1/531 581/1/624 582/1/625 
f 488/1/531 582/1/625 490/1/533 
f 490/1/533 582/1/625 583/1/626 
f 490/1/533 583/1/626 492/1/535 
f 492/1/535 583/1/626 584/1/627 
f 492/1/535 584/1/627 494/1/537 
f 494/1/537 584/1/627 585/1/628 
f 494/1/537 585/1/628 496/1/539 
f 496/1/539 585/1/628 586/1/629 
f 496/1/539 586/1/629 498/1/541 
f 498/1/541 586/1/629 587/1/630 
f 498/1/541 587/1/630 500/1/543 
f 500/1/543 587/1/630 588/1/631 
f 500/1/543 588/1/631 502/1/545 
f 502/1/545 588/1/631 589/1/632 
f 502/1/545 589/1/632 504/1/547 
f 504/1/547 589/1/632 590/1/633 
f 504/1/547 590/1/633 506/1/549 
f 506/1/549 590/1/633 591/1/634 
f 506/1/549 591/1/634 508/1/551 
f 508/1/551 591/1/634 592/1/635 
f 508/1/551 592/1/635 510/1/553 
f 510/1/553 592/1/635 593/1/636 
f 510/1/553 593/1/636 512/1/555 
f 512/1/555 593/1/636 594/1/637 
f 512/1/555 594/1/637 514/1/557 
f 514/1/557 594/1/637 595/1/638 
f 514/1/557 595/1/638 516/1/559 
f 516/1/559 595/1/638 596/1/639 
f 516/1/559 596/1/639 518/1/561 
f 518/1/561 596/1/639 597/1/640 
f 518/1/561 597/1/640 520/1/563 
f 520/1/563 597/1/640 598/1/641 
f 520/1/563 598/1/641 522/1/565 
f 522/1/565 598/1/641 599/1/642 
f 522/1/565 599/1/642 524/1/567 
f 524/1/567 599/1/642 600/1/643 
f 524/1/567 600/1/643 526/1/569 
f 526/1/569 600/1/643 601/1/644 
f 526/1/569 601/1/644 528/1/571 
f 528/1/571 601/1/644 602/1/645 
f 528/1/571 602/1/645 530/1/573 
f 530/1/573 602/1/645 531/1/574 
f 602/1/645 603/1/646 531/1/574 
f 531/1/574 603/1/646 604/1/647 
f 531/1/574 604/1/647 532/1/575 
f 532/1/575 604/1/647 605/1/648 
f 532/1/575 605/1/648 533/1/576 
f 533/1/576 605/1/648 606/1/649 
f 533/1/576 606/1/649 534/1/577 
f 534/1/577 606/1/649 607/1/650 
f 534/1/577 607/1/650 535/1/578 
f 535/1/578 607/1/650 608/1/651 
f 535/1/578 608/1/651 536/1/579 
f 536/1/579 608/1/651 609/1/652 
f 536/1/579 609/1/652 537/1/580 
f 537/1/580 609/1/652 610/1/653 
f 537/1/580 610/1/653 538/1/581 
f 538/1/581 610/1/653 611/1/654 
f 538/1/581 611/1/654 539/1/582 
f 539/1/582 611/1/654 612/1/655 
f 539/1/582 612/1/655 540/1/583 
f 540/1/583 612/1/655 613/1/656 
f 540/1/583 613/1/656 541/1/584 
f 541/1/584 613/1/656 614/1/657 
f 541/1/584 614/1/657 542/1/585 
f 542/1/585 614/1/657 615/1/658 
f 542/1/585 615/1/658 543/1/586 
f 543/1/586 615/1/658 616/1/659 
f 543/1/586 616/1/659 544/1/587 
f 544/1/587 616/1/659 617/1/660 
f 544/1/587 617/1/660 545/1/588 
f 545/1/588 617/1/660 618/1/661 
f 545/1/588 618/1/661 546/1/589 
f 546/1/589 618/1/661 619/1/662 
f 546/1/589 619/1/662 547/1/590 
f 547/1/590 619/1/662 620/1/663 
f 547/1/590 620/1/663 548/1/591 
f 548/1/591 620/1/663 621/1/664 
f 548/1/591 621/1/664 549/1/592 
f 549/1/592 621/1/664 622/1/665 
f 549/1/592 622/1/665 550/1/593 
f 550/1/593 622/1/665 623/1/666 
f 550/1/593 623/1/666 551/1/594 
f 551/1/594 623/1/666 624/1/667 
f 551/1/594 624/1/667 552/1/595 
f 552/1/595 624/1/667 625/1/668 
f 552/1/595 625/1/668 553/1/596 
f 553/1/596 625/1/668 626/1/669 
f 553/1/596 626/1/669 554/1/597 
f 554/1/597 626/1/669 627/1/670 
f 554/1/597 627/1/670 555/1/598 
f 555/1/598 627/1/670 628/1/671 
f 555/1/598 628/1/671 556/1/599 
f 556/1/599 628/1/671 629/1/672 
f 556/1/599 629/1/672 557/1/600 
f 557/1/600 629/1/672 630/1/673 
f 557/1/600 630/1/673 558/1/601 
f 558/1/601 630/1/673 631/1/674 
f 558/1/601 631/1/674 559/1/602 
f 559/1/602 631/1/674 632/1/675 
f 559/1/602 632/1/675 560/1/603 
f 560/1/603 632/1/675 633/1/676 
f 560/1/603 633/1/676 561/1/604 
f 561/1/604 633/1/676 634/1/677 
f 561/1/604 634/1/677 562/1/605 
f 562/1/605 634/1/677 635/1/678 
f 562/1/605 635/1/678 563/1/606 
f 563/1/606 635/1/678 636/1/679 
f 563/1/606 636/1/679 564/1/607 
f 564/1/607 636/1/679 637/1/680 
f 564/1/607 637/1/680 565/1/608 
f 565/1/608 637/1/680 638/1/681 
f 565/1/608 638/1/681 566/1/609 
f 566/1/609 638/1/681 639/1/682 
f 566/1/609 639/1/682 567/1/610 
f 567/1/610 639/1/682 640/1/683 
f 567/1/610 640/1/683 568/1/611 
f 568/1/611 640/1/683 641/1/684 
f 568/1/611 641/1/684 569/1/612 
f 569/1/612 641/1/684 642/1/685 
f 569/1/612 642/1/685 570/1/613 
f 570/1/613 642/1/685 643/1/686 
f 570/1/613 643/1/686 571/1/614 
f 571/1/614 643/1/686 644/1/687 
f 571/1/614 644/1/687 572/1/615 
f 572/1/615 644/1/687 645/1/688 
f 572/1/615 645/1/688 573/1/616 
f 573/1/616 645/1/688 646/1/689 
f 573/1/616 646/1/689 574/1/617 
f 574/1/617 646/1/689 647/1/690 
f 574/1/617 647/1/690 575/1/618 
f 575/1/618 647/1/690 648/1/691 
f 575/1/618 648/1/691 576/1/619 
f 576/1/619 648/1/691 649/1/692 
f 576/1/619 649/1/692 577/1/620 
f 577/1/620 649/1/692 650/1/693 
f 577/1/620 650/1/693 578/1/621 
f 578/1/621 650/1/693 651/1/694 
f 578/1/621 651/1/694 579/1/622 
f 579/1/622 651/1/694 652/1/695 
f 579/1/622 652/1/695 580/1/623 
f 580/1/623 652/1/695 653/1/696 
f 580/1/623 653/1/696 581/1/624 
f 581/1/624 653/1/696 654/1/697 
f 581/1/624 654/1/697 582/1/625 
f 582/1/625 654/1/697 655/1/698 
f 582/1/625 655/1/698 583/1/626 
f 583/1/626 655/1/698 656/1/699 
f 583/1/626 656/1/699 584/1/627 
f 584/1/627 656/1/699 657/1/700 
f 584/1/627 657/1/700 585/1/628 
f 585/1/628 657/1/700 658/1/701 
f 585/1/628 658/1/701 586/1/629 
f 586/1/629 658/1/701 659/1/702 
f 586/1/629 659/1/702 587/1/630 
f 587/1/630 659/1/702 660/1/703 
f 587/1/630 660/1/703 588/1/631 
f 588/1/631 660/1/703 661/1/704 
f 588/1/631 661/1/704 589/1/632 
f 589/1/632 661/1/704 662/1/705 
f 589/1/632 662/1/705 590/1/633 
f 590/1/633 662/1/705 663/1/706 
f 590/1/633 663/1/706 591/1/634 
f 591/1/634 663/1/706 664/1/707 
f 591/1/634 664/1/707 592/1/635 
f 592/1/635 664/1/707 665/1/708 
f 592/1/635 665/1/708 593/1/636 
f 593/1/636 665/1/708 666/1/709 
f 593/1/636 666/1/709 594/1/637 
f 594/1/637 666/1/709 667/1/710 
f 594/1/637 667/1/710 595/1/638 
f 595/1/638 667/1/710 668/1/711 
f 595/1/638 668/1/711 596/1/639 
f 596/1/639 668/1/711 669/1/712 
f 596/1/639 669/1/712 597/1/640 
f 597/1/640 669/1/712 670/1/713 
f 597/1/640 670/1/713 598/1/641 
f 598/1/641 670/1/713 671/1/714 
f 598/1/641 671/1/714 599/1/642 
f 599/1/642 671/1/714 672/1/715 
f 599/1/642 672/1/715 600/1/643 
f 600/1/643 672/1/715 673/1/716 
f 600/1/643 673/1/716 601/1/644 
f 601/1/644 673/1/716 674/1/717 
f 601/1/644 674/1/717 602/1/645 
f 602/1/645 674/1/717 603/1/646 
f 675/1/718 676/1/719 677/1/720 
f 677/1/720 676/1/719 678/1/721 
f 677/1/720 678/1/721 679/1/722 
f 679/1/722 678/1/721 680/1/723 
f 679/1/722 680/1/723 681/1/724 
f 681/1/724 680/1/723 682/1/725 
f 681/1/724 682/1/725 683/1/726 
f 683/1/726 682/1/725 684/1/727 
f 683/1/726 684/1/727 685/1/728 
f 685/1/728 684/1/727 686/1/729 
f 685/1/728 686/1/729 687/1/730 
f 687/1/730 686/1/729 688/1/731 
f 687/1/730 688/1/731 689/1/732 
f 689/1/732 688/1/731 690/1/733 
f 689/1/732 690/1/733 691/1/734 
f 691/1/734 690/1/733 692/1/735 
f 691/1/734 692/1/735 693/1/736 
f 693/1/736 692/1/735 694/1/737 
f 693/1/736 694/1/737 695/1/738 
f 695/1/738 694/1/737 696/1/739 
f 695/1/738 696/1/739 697/1/740 
f 697/1/740 696/1/739 698/1/741 
f 697/1/740 698/1/741 699/1/742 
f 699/1/742 698/1/741 700/1/743 
f 699/1/742 700/1/743 701/1/744 
f 701/1/744 700/1/743 702/1/745 
f 701/1/744 702/1/745 703/1/746 
f 703/1/746 702/1/745 704/1/747 
f 703/1/746 704/1/747 705/1/748 
f 705/1/748 704/1/747 706/1/749 
f 705/1/748 706/1/749 707/1/750 
f 707/1/750 706/1/749 708/1/751 
f 707/1/750 708/1/751 709/1/752 
f 709/1/752 708/1/751 710/1/753 
f 709/1/752 710/1/753 711/1/754 
f 711/1/754 710/1/753 712/1/755 
f 711/1/754 712/1/755 713/1/756 
f 713/1/756 712/1/755 714/1/757 
f 713/1/756 714/1/757 715/1/758 
f 715/1/758 714/1/757 716/1/759 
f 715/1/758 716/1/759 717/1/760 
f 717/1/760 716/1/759 718/1/761 
f 717/1/760 718/1/761 719/1/762 
f 719/1/762 718/1/761 720/1/763 
f 719/1/762 720/1/763 721/1/764 
f 721/1/764 720/1/763 722/1/765 
f 721/1/764 722/1/765 723/1/766 
f 723/1/766 722/1/765 724/1/767 
f 723/1/766 724/1/767 725/1/768 
f 725/1/768 724/1/767 726/1/769 
f 725/1/768 726/1/769 727/1/770 
f 727/1/770 726/1/769 728/1/771 
f 727/1/770 728/1/771 729/1/772 
f 729/1/772 728/1/771 730/1/773 
f 729/1/772 730/1/773 731/1/774 
f 731/1/774 730/1/773 732/1/775 
f 731/1/774 732/1/775 733/1/776 
f 733/1/776 732/1/775 734/1/777 
f 733/1/776 734/1/777 735/1/778 
f 735/1/778 734/1/777 736/1/779 
f 735/1/778 736/1/779 737/1/780 
f 737/1/780 736/1/779 738/1/781 
f 737/1/780 738/1/781 739/1/782 
f 739/1/782 738/1/781 740/1/783 
f 739/1/782 740/1/783 741/1/784 
f 741/1/784 740/1/783 742/1/785 
f 741/1/784 742/1/785 743/1/786 
f 743/1/786 742/1/785 744/1/787 
f 743/1/786 744/1/787 745/1/788 
f 745/1/788 744/1/787 746/1/789 
f 745/1/788 746/1/789 747/1/790 
f 747/1/790 746/1/789 748/1/791 
f 747/1/790 748/1/791 749/1/792 
f 749/1/792 748/1/791 750/1/793 
f 749/1/792 750/1/793 751/1/794 
f 751/1/794 750/1/793 752/1/795 
f 751/1/794 752/1/795 753/1/796 
f 753/1/796 752/1/795 754/1/797 
f 753/1/796 754/1/797 755/1/798 
f 755/1/798 754/1/797 756/1/799 
f 755/1/798 756/1/799 757/1/800 
f 757/1/800 756/1/799 758/1/801 
f 757/1/800 758/1/801 759/1/802 
f 759/1/802 758/1/801 760/1/803 
f 759/1/802 760/1/803 761/1/804 
f 761/1/804 760/1/803 762/1/805 
f 761/1/804 762/1/805 763/1/806 
f 763/1/806 762/1/805 764/1/807 
f 763/1/806 764/1/807 765/1/808 
f 765/1/808 764/1/807 766/1/809 
f 765/1/808 766/1/809 767/1/810 
f 767/1/810 766/1/809 768/1/811 
f 767/1/810 768/1/811 769/1/812 
f 769/1/812 768/1/811 770/1/813 
f 769/1/812 770/1/813 675/1/718 
f 675/1/718 770/1/813 676/1/719 
f 770/1/813 771/1/814 676/1/719 
f 676/1/719 771/1/814 772/1/815 
f 676/1/719 772/1/815 678/1/721 
f 678/1/721 772/1/815 773/1/816 
f 678/1/721 773/1/816 680/1/723 
f 680/1/723 773/1/816 774/1/817 
f 680/1/723 774/1/817 682/1/725 
f 682/1/725 774/1/817 775/1/818 
f 682/1/725 775/1/818 684/1/727 
f 684/1/727 775/1/818 776/1/819 
f 684/1/727 776/1/819 686/1/729 
f 686/1/729 776/1/819 777/1/820 
f 686/1/729 777/1/820 688/1/731 
f 688/1/731 777/1/820 778/1/821 
f 688/1/731 778/1/821 690/1/733 
f 690/1/733 778/1/821 779/1/822 
f 690/1/733 779/1/822 692/1/735 
f 692/1/735 779/1/822 780/1/823 
f 692/1/735 780/1/823 694/1/737 
f 694/1/737 780/1/823 781/1/824 
f 694/1/737 781/1/824 696/1/739 
f 696/1/739 781/1/824 782/1/825 
f 696/1/739 782/1/825 698/1/741 
f 698/1/741 782/1/825 783/1/826 
f 698/1/741 783/1/826 700/1/743 
f 700/1/743 783/1/826 784/1/827 
f 700/1/743 784/1/827 702/1/745 
f 702/1/745 784/1/827 785/1/828 
f 702/1/745 785/1/828 704/1/747 
f 704/1/747 785/1/828 786/1/829 
f 704/1/747 786/1/829 706/1/749 
f 706/1/749 786/1/829 787/1/830 
f 706/1/749 787/1/830 708/1/751 
f 708/1/751 787/1/830 788/1/831 
f 708/1/751 788/1/831 710/1/753 
f 710/1/753 788/1/831 789/1/832 
f 710/1/753 789/1/832 712/1/755 
f 712/1/755 789/1/832 790/1/833 
f 712/1/755 790/1/833 714/1/757 
f 714/1/757 790/1/833 791/1/834 
f 714/1/757 791/1/834 716/1/759 
f 716/1/759 791/1/834 792/1/835 
f 716/1/759 792/1/835 718/1/761 
f 718/1/761 792/1/835 793/1/836 
f 718/1/761 793/1/836 720/1/763 
f 720/1/763 793/1/836 794/1/837 
f 720/1/763 794/1/837 722/1/765 
f 722/1/765 794/1/837 795/1/838 
f 722/1/765 795/1/838 724/1/767 
f 724/1/767 795/1/838 796/1/839 
f 724/1/767 796/1/839 726/1/769 
f 726/1/769 796/1/839 797/1/840 
f 726/1/769 797/1/840 728/1/771 
f 728/1/771 797/1/840 798/1/841 
f 728/1/771 798/1/841 730/1/773 
f 730/1/773 798/1/841 799/1/842 
f 730/1/773 799/1/842 732/1/775 
f 732/1/775 799/1/842 800/1/843 
f 732/1/775 800/1/843 734/1/777 
f 734/1/777 800/1/843 801/1/844 
f 734/1/777 801/1/844 736/1/779 
f 736/1/779 801/1/844 802/1/845 
f 736/1/779 802/1/845 738/1/781 
f 738/1/781 802/1/845 803/1/846 
f 738/1/781 803/1/846 740/1/783 
f 740/1/783 803/1/846 804/1/847 
f 740/1/783 804/1/847 742/1/785 
f 742/1/785 804/1/847 805/1/848 
f 742/1/785 805/1/848 744/1/787 
f 744/1/787 805/1/848 806/1/849 
f 744/1/787 806/1/849 746/1/789 
f 746/1/789 806/1/849 807/1/850 
f 746/1/789 807/1/850 748/1/791 
f 748/1/791 807/1/850 808/1/851 
f 748/1/791 808/1/851 750/1/793 
f 750/1/793 808/1/851 809/1/852 
f 750/1/793 809/1/852 752/1/795 
f 752/1/795 809/1/852 810/1/853 
f 752/1/795 810/1/853 754/1/797 
f 754/1/797 810/1/853 811/1/854 
f 754/1/797 811/1/854 756/1/799 
f 756/1/799 811/1/854 812/1/855 
f 756/1/799 812/1/855 758/1/801 
f 758/1/801 812/1/855 813/1/856 
f 758/1/801 813/1/856 760/1/803 
f 760/1/803 813/1/856 814/1/857 
f 760/1/803 814/1/857 762/1/805 
f 762/1/805 814/1/857 815/1/858 
f 762/1/805 815/1/858 764/1/807 
f 764/1/807 815/1/858 816/1/859 
f 764/1/807 816/1/859 766/1/809 
f 766/1/809 816/1/859 817/1/860 
f 766/1/809 817/1/860 768/1/811 
f 768/1/811 817/1/860 818/1/861 
f 768/1/811 818/1/861 770/1/813 
f 770/1/813 818/1/861 771/1/814 
f 818/1/861 819/1/862 771/1/814 
f 771/1/814 819/1/862 772/1/815 
f 772/1/815 820/1/863 773/1/816 
f 773/1/816 820/1/863 821/1/864 
f 773/1/816 821/1/864 774/1/817 
f 774/1/817 821/1/864 822/1/865 
f 774/1/817 822/1/865 775/1/818 
f 775/1/818 822/1/865 823/1/866 
f 775/1/818 823/1/866 776/1/819 
f 776/1/819 823/1/866 824/1/867 
f 776/1/819 824/1/867 777/1/820 
f 777/1/820 824/1/867 825/1/868 
f 777/1/820 825/1/868 778/1/821 
f 778/1/821 825/1/868 826/1/869 
f 778/1/821 826/1/869 779/1/822 
f 779/1/822 826/1/869 827/1/870 
f 779/1/822 827/1/870 780/1/823 
f 780/1/823 827/1/870 828/1/871 
f 780/1/823 828/1/871 781/1/824 
f 781/1/824 828/1/871 829/1/872 
f 781/1/824 829/1/872 782/1/825 
f 782/1/825 829/1/872 830/1/873 
f 782/1/825 830/1/873 783/1/826 
f 783/1/826 830/1/873 831/1/874 
f 783/1/826 831/1/874 784/1/827 
f 784/1/827 831/1/874 832/1/875 
f 784/1/827 832/1/875 785/1/828 
f 785/1/828 832/1/875 833/1/876 
f 785/1/828 833/1/876 786/1/829 
f 786/1/829 833/1/876 834/1/877 
f 786/1/829 834/1/877 787/1/830 
f 787/1/830 834/1/877 835/1/878 
f 787/1/830 835/1/878 788/1/831 
f 788/1/831 835/1/878 836/1/879 
f 788/1/831 836/1/879 789/1/832 
f 789/1/832 836/1/879 837/1/880 
f 789/1/832 837/1/880 790/1/833 
f 790/1/833 837/1/880 838/1/881 
f 790/1/833 838/1/881 791/1/834 
f 791/1/834 838/1/881 839/1/882 
f 791/1/834 839/1/882 792/1/835 
f 792/1/835 839/1/882 840/1/883 
f 792/1/835 840/1/883 793/1/836 
f 793/1/836 840/1/883 841/1/884 
f 793/1/836 841/1/884 794/1/837 
f 794/1/837 841/1/884 842/1/885 
f 794/1/837 842/1/885 795/1/838 
f 795/1/838 842/1/885 843/1/886 
f 795/1/838 843/1/886 796/1/839 
f 796/1/839 843/1/886 844/1/887 
f 796/1/839 844/1/887 797/1/840 
f 797/1/840 844/1/887 845/1/888 
f 797/1/840 845/1/888 798/1/841 
f 798/1/841 845/1/888 846/1/889 
f 798/1/841 846/1/889 799/1/842 
f 799/1/842 846/1/889 847/1/890 
f 799/1/842 847/1/890 800/1/843 
f 800/1/843 847/1/890 848/1/891 
f 800/1/843 848/1/891 801/1/844 
f 801/1/844 848/1/891 849/1/892 
f 801/1/844 849/1/892 802/1/845 
f 802/1/845 849/1/892 850/1/893 
f 802/1/845 850/1/893 803/1/846 
f 803/1/846 850/1/893 851/1/894 
f 803/1/846 851/1/894 804/1/847 
f 804/1/847 851/1/894 852/1/895 
f 804/1/847 852/1/895 805/1/848 
f 805/1/848 852/1/895 853/1/896 
f 805/1/848 853/1/896 806/1/849 
f 806/1/849 853/1/896 854/1/897 
f 806/1/849 854/1/897 807/1/850 
f 807/1/850 854/1/897 855/1/898 
f 807/1/850 855/1/898 808/1/851 
f 808/1/851 855/1/898 856/1/899 
f 808/1/851 856/1/899 809/1/852 
f 809/1/852 856/1/899 857/1/900 
f 809/1/852 857/1/900 810/1/853 
f 810/1/853 857/1/900 858/1/901 
f 810/1/853 858/1/901 811/1/854 
f 811/1/854 858/1/901 859/1/902 
f 811/1/854 859/1/902 812/1/855 
f 812/1/855 859/1/902 860/1/903 
f 812/1/855 860/1/903 813/1/856 
f 813/1/856 860/1/903 861/1/904 
f 813/1/856 861/1/904 814/1/857 
f 814/1/857 861/1/904 862/1/905 
f 814/1/857 862/1/905 815/1/858 
f 815/1/858 862/1/905 863/1/906 
f 815/1/858 863/1/906 816/1/859 
f 816/1/859 863/1/906 864/1/907 
f 816/1/859 864/1/907 817/1/860 
f 817/1/860 864/1/907 865/1/908 
f 817/1/860 865/1/908 818/1/861 
f 818/1/861 865/1/908 819/1/862 
f 866/1/909 867/1/910 868/1/911 
f 869/1/912 870/1/913 871/1/914 
f 872/1/915 873/1/916 874/1/917 
f 875/1/918 876/1/919 877/1/920 
f 878/1/921 879/1/922 880/1/923 
f 881/1/924 882/1/925 883/1/926 
f 884/1/927 885/1/928 886/1/929 
f 887/1/930 888/1/931 889/1/932 
f 890/1/933 891/1/934 892/1/935 
f 893/1/936 894/1/937 895/1/938 
f 896/1/939 897/1/940 898/1/941 
f 896/1/939 898/1/941 899/1/942 
f 899/1/942 898/1/941 900/1/943 
f 899/1/942 900/1/943 901/1/944 
f 901/1/944 900/1/943 902/1/945 
f 901/1/944 902/1/945 903/1/946 
f 903/1/946 902/1/945 904/1/947 
f 903/1/946 904/1/947 905/1/948 
f 905/1/948 904/1/947 906/1/949 
f 905/1/948 906/1/949 907/1/950 
f 897/1/940 908/1/951 909/1/952 
f 897/1/940 909/1/952 898/1/941 
f 898/1/941 909/1/952 910/1/953 
f 898/1/941 910/1/953 900/1/943 
f 900/1/943 910/1/953 911/1/954 
f 900/1/943 911/1/954 902/1/945 
f 902/1/945 911/1/954 912/1/955 
f 902/1/945 912/1/955 904/1/947 
f 904/1/947 912/1/955 913/1/956 
f 904/1/947 913/1/956 906/1/949 
f 908/1/951 914/1/957 915/1/958 
f 916/1/959 917/1/960 918/1/961 
f 918/1/961 917/1/960 919/1/962 
f 918/1/961 919/1/962 920/1/963 
f 920/1/963 919/1/962 921/1/964 
f 920/1/963 921/1/964 922/1/965 
f 922/1/965 921/1/964 895/1/938 
f 923/1/966 924/1/967 925/1/968 
f 925/1/968 924/1/967 926/1/969 
f 925/1/968 926/1/969 927/1/970 
f 927/1/970 926/1/969 928/1/971 
f 927/1/970 928/1/971 929/1/972 
f 929/1/972 928/1/971 892/1/935 
f 930/1/973 931/1/974 932/1/975 
f 932/1/975 931/1/974 933/1/976 
f 932/1/975 933/1/976 934/1/977 
f 934/1/977 933/1/976 935/1/978 
f 934/1/977 935/1/978 936/1/979 
f 936/1/979 935/1/978 889/1/932 
f 937/1/980 938/1/981 939/1/982 
f 939/1/982 938/1/981 940/1/983 
f 939/1/982 940/1/983 941/1/984 
f 941/1/984 940/1/983 942/1/985 
f 941/1/984 942/1/985 943/1/986 
f 943/1/986 942/1/985 886/1/929 
f 944/1/987 945/1/988 946/1/989 
f 946/1/989 945/1/988 947/1/990 
f 946/1/989 947/1/990 948/1/991 
f 948/1/991 947/1/990 949/1/992 
f 948/1/991 949/1/992 950/1/993 
f 950/1/993 949/1/992 883/1/926 
f 951/1/994 952/1/995 953/1/996 
f 953/1/996 952/1/995 954/1/997 
f 953/1/996 954/1/997 955/1/998 
f 955/1/998 954/1/997 956/1/999 
f 955/1/998 956/1/999 957/1/1000 
f 957/1/1000 956/1/999 877/1/920 
f 958/1/1001 959/1/1002 960/1/1003 
f 960/1/1003 959/1/1002 961/1/1004 
f 960/1/1003 961/1/1004 962/1/1005 
f 962/1/1005 961/1/1004 963/1/1006 
f 962/1/1005 963/1/1006 964/1/1007 
f 964/1/1007 963/1/1006 874/1/917 
f 965/1/1008 966/1/1009 967/1/1010 
f 967/1/1010 966/1/1009 968/1/1011 
f 967/1/1010 968/1/1011 969/1/1012 
f 969/1/1012 968/1/1011 970/1/1013 
f 969/1/1012 970/1/1013 971/1/1014 
f 971/1/1014 970/1/1013 871/1/914 
f 972/1/1015 973/1/1016 974/1/1017 
f 974/1/1017 973/1/1016 975/1/1018 
f 974/1/1017 975/1/1018 976/1/1019 
f 976/1/1019 975/1/1018 977/1/1020 
f 976/1/1019 977/1/1020 978/1/1021 
f 978/1/1021 977/1/1020 868/1/911 
f 908/1/951 915/1/958 909/1/952 
f 909/1/952 915/1/958 979/1/1022 
f 909/1/952 979/1/1022 910/1/953 
f 910/1/953 979/1/1022 980/1/1023 
f 910/1/953 980/1/1023 911/1/954 
f 911/1/954 980/1/1023 981/1/1024 
f 911/1/954 981/1/1024 912/1/955 
f 912/1/955 981/1/1024 982/1/1025 
f 912/1/955 982/1/1025 913/1/956 
f 983/1/1026 915/1/958 984/1/1027 
f 984/1/1027 915/1/958 914/1/957 
f 984/1/1027 914/1/957 985/1/1028 
f 986/1/1029 985/1/1028 987/1/1030 
f 987/1/1030 985/1/1028 914/1/957 
f 987/1/1030 914/1/957 988/1/1031 
f 988/1/1031 914/1/957 908/1/951 
f 988/1/1031 908/1/951 989/1/1032 
f 989/1/1032 908/1/951 897/1/940 
f 989/1/1032 897/1/940 990/1/1033 
f 990/1/1033 897/1/940 896/1/939 
f 990/1/1033 916/1/959 989/1/1032 
f 989/1/1032 916/1/959 918/1/961 
f 989/1/1032 918/1/961 988/1/1031 
f 988/1/1031 918/1/961 920/1/963 
f 988/1/1031 920/1/963 987/1/1030 
f 987/1/1030 920/1/963 922/1/965 
f 987/1/1030 922/1/965 986/1/1029 
f 986/1/1029 922/1/965 991/1/1034 
f 895/1/938 894/1/937 922/1/965 
f 922/1/965 894/1/937 992/1/1035 
f 922/1/965 992/1/1035 991/1/1034 
f 993/1/1036 893/1/936 994/1/1037 
f 994/1/1037 893/1/936 895/1/938 
f 994/1/1037 895/1/938 995/1/1038 
f 995/1/1038 895/1/938 921/1/964 
f 995/1/1038 921/1/964 996/1/1039 
f 996/1/1039 921/1/964 919/1/962 
f 996/1/1039 919/1/962 997/1/1040 
f 997/1/1040 919/1/962 917/1/960 
f 997/1/1040 923/1/966 996/1/1039 
f 996/1/1039 923/1/966 925/1/968 
f 996/1/1039 925/1/968 995/1/1038 
f 995/1/1038 925/1/968 927/1/970 
f 995/1/1038 927/1/970 994/1/1037 
f 994/1/1037 927/1/970 929/1/972 
f 994/1/1037 929/1/972 993/1/1036 
f 993/1/1036 929/1/972 998/1/1041 
f 892/1/935 891/1/934 929/1/972 
f 929/1/972 891/1/934 999/1/1042 
f 929/1/972 999/1/1042 998/1/1041 
f 1000/1/1043 890/1/933 1001/1/1044 
f 1001/1/1044 890/1/933 892/1/935 
f 1001/1/1044 892/1/935 1002/1/1045 
f 1002/1/1045 892/1/935 928/1/971 
f 1002/1/1045 928/1/971 1003/1/1046 
f 1003/1/1046 928/1/971 926/1/969 
f 1003/1/1046 926/1/969 1004/1/1047 
f 1004/1/1047 926/1/969 924/1/967 
f 1004/1/1047 930/1/973 1003/1/1046 
f 1003/1/1046 930/1/973 932/1/975 
f 1003/1/1046 932/1/975 1002/1/1045 
f 1002/1/1045 932/1/975 934/1/977 
f 1002/1/1045 934/1/977 1001/1/1044 
f 1001/1/1044 934/1/977 936/1/979 
f 1001/1/1044 936/1/979 1000/1/1043 
f 1000/1/1043 936/1/979 1005/1/1048 
f 889/1/932 888/1/931 936/1/979 
f 936/1/979 888/1/931 1006/1/1049 
f 936/1/979 1006/1/1049 1005/1/1048 
f 1007/1/1050 887/1/930 1008/1/1051 
f 1008/1/1051 887/1/930 889/1/932 
f 1008/1/1051 889/1/932 1009/1/1052 
f 1009/1/1052 889/1/932 935/1/978 
f 1009/1/1052 935/1/978 1010/1/1053 
f 1010/1/1053 935/1/978 933/1/976 
f 1010/1/1053 933/1/976 1011/1/1054 
f 1011/1/1054 933/1/976 931/1/974 
f 1011/1/1054 937/1/980 1010/1/1053 
f 1010/1/1053 937/1/980 939/1/982 
f 1010/1/1053 939/1/982 1009/1/1052 
f 1009/1/1052 939/1/982 941/1/984 
f 1009/1/1052 941/1/984 1008/1/1051 
f 1008/1/1051 941/1/984 943/1/986 
f 1008/1/1051 943/1/986 1007/1/1050 
f 1007/1/1050 943/1/986 1012/1/1055 
f 886/1/929 885/1/928 943/1/986 
f 943/1/986 885/1/928 1013/1/1056 
f 943/1/986 1013/1/1056 1012/1/1055 
f 1014/1/1057 884/1/927 1015/1/1058 
f 1015/1/1058 884/1/927 886/1/929 
f 1015/1/1058 886/1/929 1016/1/1059 
f 1016/1/1059 886/1/929 942/1/985 
f 1016/1/1059 942/1/985 1017/1/1060 
f 1017/1/1060 942/1/985 940/1/983 
f 1017/1/1060 940/1/983 1018/1/1061 
f 1018/1/1061 940/1/983 938/1/981 
f 1018/1/1061 944/1/987 1017/1/1060 
f 1017/1/1060 944/1/987 946/1/989 
f 1017/1/1060 946/1/989 1016/1/1059 
f 1016/1/1059 946/1/989 948/1/991 
f 1016/1/1059 948/1/991 1015/1/1058 
f 1015/1/1058 948/1/991 950/1/993 
f 1015/1/1058 950/1/993 1014/1/1057 
f 1014/1/1057 950/1/993 1019/1/1062 
f 883/1/926 882/1/925 950/1/993 
f 950/1/993 882/1/925 1020/1/1063 
f 950/1/993 1020/1/1063 1019/1/1062 
f 879/1/922 881/1/924 880/1/923 
f 880/1/923 881/1/924 883/1/926 
f 880/1/923 883/1/926 1021/1/1064 
f 1021/1/1064 883/1/926 949/1/992 
f 1021/1/1064 949/1/992 1022/1/1065 
f 1022/1/1065 949/1/992 947/1/990 
f 1022/1/1065 947/1/990 1023/1/1066 
f 1023/1/1066 947/1/990 945/1/988 
f 1024/1/1067 878/1/921 1025/1/1068 
f 1025/1/1068 878/1/921 880/1/923 
f 1025/1/1068 880/1/923 1026/1/1069 
f 1026/1/1069 880/1/923 1021/1/1064 
f 1026/1/1069 1021/1/1064 1027/1/1070 
f 1027/1/1070 1021/1/1064 1022/1/1065 
f 1027/1/1070 1022/1/1065 1028/1/1071 
f 1028/1/1071 1022/1/1065 1023/1/1066 
f 1028/1/1071 951/1/994 1027/1/1070 
f 1027/1/1070 951/1/994 953/1/996 
f 1027/1/1070 953/1/996 1026/1/1069 
f 1026/1/1069 953/1/996 955/1/998 
f 1026/1/1069 955/1/998 1025/1/1068 
f 1025/1/1068 955/1/998 957/1/1000 
f 1025/1/1068 957/1/1000 1024/1/1067 
f 1024/1/1067 957/1/1000 1029/1/1072 
f 877/1/920 876/1/919 957/1/1000 
f 957/1/1000 876/1/919 1030/1/1073 
f 957/1/1000 1030/1/1073 1029/1/1072 
f 1031/1/1074 875/1/918 1032/1/1075 
f 1032/1/1075 875/1/918 877/1/920 
f 1032/1/1075 877/1/920 1033/1/1076 
f 1033/1/1076 877/1/920 956/1/999 
f 1033/1/1076 956/1/999 1034/1/1077 
f 1034/1/1077 956/1/999 954/1/997 
f 1034/1/1077 954/1/997 1035/1/1078 
f 1035/1/1078 954/1/997 952/1/995 
f 1035/1/1078 958/1/1001 1034/1/1077 
f 1034/1/1077 958/1/1001 960/1/1003 
f 1034/1/1077 960/1/1003 1033/1/1076 
f 1033/1/1076 960/1/1003 962/1/1005 
f 1033/1/1076 962/1/1005 1032/1/1075 
f 1032/1/1075 962/1/1005 964/1/1007 
f 1032/1/1075 964/1/1007 1031/1/1074 
f 1031/1/1074 964/1/1007 1036/1/1079 
f 874/1/917 873/1/916 964/1/1007 
f 964/1/1007 873/1/916 1037/1/1080 
f 964/1/1007 1037/1/1080 1036/1/1079 
f 1038/1/1081 872/1/915 1039/1/1082 
f 1039/1/1082 872/1/915 874/1/917 
f 1039/1/1082 874/1/917 1040/1/1083 
f 1040/1/1083 874/1/917 963/1/1006 
f 1040/1/1083 963/1/1006 1041/1/1084 
f 1041/1/1084 963/1/1006 961/1/1004 
f 1041/1/1084 961/1/1004 1042/1/1085 
f 1042/1/1085 961/1/1004 959/1/1002 
f 1042/1/1085 965/1/1008 1041/1/1084 
f 1041/1/1084 965/1/1008 967/1/1010 
f 1041/1/1084 967/1/1010 1040/1/1083 
f 1040/1/1083 967/1/1010 969/1/1012 
f 1040/1/1083 969/1/1012 1039/1/1082 
f 1039/1/1082 969/1/1012 971/1/1014 
f 1039/1/1082 971/1/1014 1038/1/1081 
f 1038/1/1081 971/1/1014 1043/1/1086 
f 871/1/914 870/1/913 971/1/1014 
f 971/1/1014 870/1/913 1044/1/1087 
f 971/1/1014 1044/1/1087 1043/1/1086 
f 1045/1/1088 869/1/912 1046/1/1089 
f 1046/1/1089 869/1/912 871/1/914 
f 1046/1/1089 871/1/914 1047/1/1090 
f 1047/1/1090 871/1/914 970/1/1013 
f 1047/1/1090 970/1/1013 1048/1/1091 
f 1048/1/1091 970/1/1013 968/1/1011 
f 1048/1/1091 968/1/1011 1049/1/1092 
f 1049/1/1092 968/1/1011 966/1/1009 
f 1049/1/1092 972/1/1015 1048/1/1091 
f 1048/1/1091 972/1/1015 974/1/1017 
f 1048/1/1091 974/1/1017 1047/1/1090 
f 1047/1/1090 974/1/1017 976/1/1019 
f 1047/1/1090 976/1/1019 1046/1/1089 
f 1046/1/1089 976/1/1019 978/1/1021 
f 1046/1/1089 978/1/1021 1045/1/1088 
f 1045/1/1088 978/1/1021 1050/1/1093 
f 868/1/911 867/1/910 978/1/1021 
f 978/1/1021 867/1/910 1051/1/1094 
f 978/1/1021 1051/1/1094 1050/1/1093 
f 1052/1/1095 866/1/909 1053/1/1096 
f 1053/1/1096 866/1/909 868/1/911 
f 1053/1/1096 868/1/911 1054/1/1097 
f 1054/1/1097 868/1/911 977/1/1020 
f 1054/1/1097 977/1/1020 1055/1/1098 
f 1055/1/1098 977/1/1020 975/1/1018 
f 1055/1/1098 975/1/1018 1056/1/1099 
f 1056/1/1099 975/1/1018 973/1/1016 
f 1056/1/1099 907/1/950 1055/1/1098 
f 1055/1/1098 907/1/950 906/1/949 
f 1055/1/1098 906/1/949 1054/1/1097 
f 1054/1/1097 906/1/949 913/1/956 
f 1054/1/1097 913/1/956 1053/1/1096 
f 1053/1/1096 913/1/956 982/1/1025 
f 1053/1/1096 982/1/1025 1052/1/1095 
f 1052/1/1095 982/1/1025 1057/1/1100 
f 983/1/1026 1058/1/1101 915/1/958 
f 915/1/958 1058/1/1101 1059/1/1102 
f 915/1/958 1059/1/1102 979/1/1022 
f 979/1/1022 1059/1/1102 1060/1/1103 
f 979/1/1022 1060/1/1103 980/1/1023 
f 980/1/1023 1060/1/1103 1061/1/1104 
f 980/1/1023 1061/1/1104 981/1/1024 
f 981/1/1024 1061/1/1104 1062/1/1105 
f 981/1/1024 1062/1/1105 982/1/1025 
f 982/1/1025 1062/1/1105 1057/1/1106 
f 982/1/1025 1057/1/1106 1057/1/1100 
f 1035/1/1078 952/1/995 630/1/673 
f 951/1/994 632/1/675 952/1/995 
f 952/1/995 632/1/675 631/1/674 
f 952/1/995 631/1/674 630/1/673 
f 1028/1/1071 634/1/677 951/1/994 
f 951/1/994 634/1/677 633/1/676 
f 951/1/994 633/1/676 632/1/675 
f 641/1/684 640/1/683 944/1/987 
f 944/1/987 640/1/683 945/1/988 
f 640/1/683 639/1/682 945/1/988 
f 945/1/988 639/1/682 638/1/681 
f 945/1/988 638/1/681 1023/1/1066 
f 638/1/681 637/1/680 1023/1/1066 
f 1023/1/1066 637/1/680 636/1/679 
f 1023/1/1066 636/1/679 1028/1/1071 
f 1028/1/1071 636/1/679 635/1/678 
f 1028/1/1071 635/1/678 634/1/677 
f 641/1/684 944/1/987 642/1/685 
f 642/1/685 944/1/987 1018/1/1061 
f 642/1/685 1018/1/1061 643/1/686 
f 643/1/686 1018/1/1061 644/1/687 
f 644/1/687 1018/1/1061 938/1/981 
f 644/1/687 938/1/981 645/1/688 
f 645/1/688 938/1/981 646/1/689 
f 646/1/689 938/1/981 937/1/980 
f 646/1/689 937/1/980 647/1/690 
f 647/1/690 937/1/980 648/1/691 
f 648/1/691 937/1/980 1011/1/1054 
f 648/1/691 1011/1/1054 649/1/692 
f 614/1/657 613/1/656 972/1/1015 
f 972/1/1015 613/1/656 973/1/1016 
f 614/1/657 972/1/1015 615/1/658 
f 615/1/658 972/1/1015 1049/1/1092 
f 615/1/658 1049/1/1092 616/1/659 
f 649/1/692 1011/1/1054 650/1/693 
f 650/1/693 1011/1/1054 931/1/974 
f 650/1/693 931/1/974 651/1/694 
f 651/1/694 931/1/974 652/1/695 
f 652/1/695 931/1/974 930/1/973 
f 652/1/695 930/1/973 653/1/696 
f 990/1/1033 896/1/939 669/1/712 
f 607/1/650 905/1/948 907/1/950 
f 1056/1/1099 609/1/652 907/1/950 
f 907/1/950 609/1/652 608/1/651 
f 907/1/950 608/1/651 607/1/650 
f 613/1/656 612/1/655 973/1/1016 
f 973/1/1016 612/1/655 611/1/654 
f 973/1/1016 611/1/654 1056/1/1099 
f 1056/1/1099 611/1/654 610/1/653 
f 1056/1/1099 610/1/653 609/1/652 
f 616/1/659 1049/1/1092 617/1/660 
f 617/1/660 1049/1/1092 966/1/1009 
f 617/1/660 966/1/1009 618/1/661 
f 959/1/1002 958/1/1001 626/1/669 
f 630/1/673 629/1/672 1035/1/1078 
f 1035/1/1078 629/1/672 628/1/671 
f 1035/1/1078 628/1/671 958/1/1001 
f 958/1/1001 628/1/671 627/1/670 
f 958/1/1001 627/1/670 626/1/669 
f 899/1/942 671/1/714 896/1/939 
f 896/1/939 671/1/714 670/1/713 
f 896/1/939 670/1/713 669/1/712 
f 901/1/944 673/1/716 899/1/942 
f 899/1/942 673/1/716 672/1/715 
f 899/1/942 672/1/715 671/1/714 
f 903/1/946 603/1/646 901/1/944 
f 901/1/944 603/1/646 674/1/717 
f 901/1/944 674/1/717 673/1/716 
f 607/1/650 606/1/649 905/1/948 
f 905/1/948 606/1/649 605/1/648 
f 905/1/948 605/1/648 903/1/946 
f 903/1/946 605/1/648 604/1/647 
f 903/1/946 604/1/647 603/1/646 
f 618/1/661 966/1/1009 619/1/662 
f 619/1/662 966/1/1009 965/1/1008 
f 619/1/662 965/1/1008 620/1/663 
f 1042/1/1085 622/1/665 965/1/1008 
f 965/1/1008 622/1/665 621/1/664 
f 965/1/1008 621/1/664 620/1/663 
f 626/1/669 625/1/668 959/1/1002 
f 959/1/1002 625/1/668 624/1/667 
f 959/1/1002 624/1/667 1042/1/1085 
f 1042/1/1085 624/1/667 623/1/666 
f 1042/1/1085 623/1/666 622/1/665 
f 653/1/696 930/1/973 654/1/697 
f 654/1/697 930/1/973 1004/1/1047 
f 654/1/697 1004/1/1047 655/1/698 
f 924/1/967 923/1/966 659/1/702 
f 997/1/1040 661/1/704 923/1/966 
f 923/1/966 661/1/704 660/1/703 
f 923/1/966 660/1/703 659/1/702 
f 917/1/960 663/1/706 997/1/1040 
f 997/1/1040 663/1/706 662/1/705 
f 997/1/1040 662/1/705 661/1/704 
f 916/1/959 665/1/708 917/1/960 
f 917/1/960 665/1/708 664/1/707 
f 917/1/960 664/1/707 663/1/706 
f 669/1/712 668/1/711 990/1/1033 
f 990/1/1033 668/1/711 667/1/710 
f 990/1/1033 667/1/710 916/1/959 
f 916/1/959 667/1/710 666/1/709 
f 916/1/959 666/1/709 665/1/708 
f 659/1/702 658/1/701 924/1/967 
f 924/1/967 658/1/701 657/1/700 
f 924/1/967 657/1/700 1004/1/1047 
f 1004/1/1047 657/1/700 656/1/699 
f 1004/1/1047 656/1/699 655/1/698 
f 856/1/899 285/1/328 857/1/900 
f 857/1/900 285/1/328 201/1/244 
f 857/1/900 201/1/244 858/1/901 
f 858/1/901 201/1/244 200/1/243 
f 858/1/901 200/1/243 859/1/902 
f 859/1/902 200/1/243 282/1/325 
f 859/1/902 282/1/325 860/1/903 
f 860/1/903 282/1/325 194/1/237 
f 860/1/903 194/1/237 861/1/904 
f 861/1/904 194/1/237 193/1/236 
f 861/1/904 193/1/236 862/1/905 
f 862/1/905 193/1/236 275/1/318 
f 862/1/905 275/1/318 863/1/906 
f 863/1/906 275/1/318 267/1/310 
f 863/1/906 267/1/310 864/1/907 
f 864/1/907 267/1/310 158/1/201 
f 864/1/907 158/1/201 865/1/908 
f 865/1/908 158/1/201 173/1/216 
f 865/1/908 173/1/216 819/1/862 
f 819/1/862 173/1/216 175/1/218 
f 819/1/862 175/1/218 772/1/815 
f 772/1/815 175/1/218 177/1/220 
f 772/1/815 177/1/220 820/1/863 
f 820/1/863 177/1/220 179/1/222 
f 820/1/863 179/1/222 821/1/864 
f 821/1/864 179/1/222 379/1/422 
f 821/1/864 379/1/422 822/1/865 
f 822/1/865 379/1/422 258/1/301 
f 822/1/865 258/1/301 823/1/866 
f 823/1/866 258/1/301 257/1/300 
f 823/1/866 257/1/300 824/1/867 
f 824/1/867 257/1/300 372/1/415 
f 824/1/867 372/1/415 825/1/868 
f 841/1/884 226/1/269 842/1/885 
f 842/1/885 226/1/269 225/1/268 
f 842/1/885 225/1/268 843/1/886 
f 843/1/886 225/1/268 322/1/365 
f 843/1/886 322/1/365 844/1/887 
f 844/1/887 322/1/365 219/1/262 
f 844/1/887 219/1/262 845/1/888 
f 845/1/888 219/1/262 218/1/261 
f 845/1/888 218/1/261 846/1/889 
f 846/1/889 218/1/261 315/1/358 
f 846/1/889 315/1/358 847/1/890 
f 847/1/890 315/1/358 308/1/351 
f 847/1/890 308/1/351 848/1/891 
f 848/1/891 308/1/351 165/1/208 
f 848/1/891 165/1/208 849/1/892 
f 849/1/892 165/1/208 163/1/206 
f 849/1/892 163/1/206 850/1/893 
f 850/1/893 163/1/206 161/1/204 
f 850/1/893 161/1/204 851/1/894 
f 851/1/894 161/1/204 157/1/200 
f 851/1/894 157/1/200 852/1/895 
f 852/1/895 157/1/200 156/1/199 
f 852/1/895 156/1/199 853/1/896 
f 853/1/896 156/1/199 299/1/342 
f 853/1/896 299/1/342 854/1/897 
f 854/1/897 299/1/342 208/1/251 
f 854/1/897 208/1/251 855/1/898 
f 855/1/898 208/1/251 207/1/250 
f 855/1/898 207/1/250 856/1/899 
f 856/1/899 207/1/250 292/1/335 
f 856/1/899 292/1/335 285/1/328 
f 372/1/415 367/1/410 825/1/868 
f 825/1/868 367/1/410 251/1/294 
f 825/1/868 251/1/294 826/1/869 
f 826/1/869 251/1/294 250/1/293 
f 826/1/869 250/1/293 827/1/870 
f 827/1/870 250/1/293 362/1/405 
f 827/1/870 362/1/405 828/1/871 
f 828/1/871 362/1/405 244/1/287 
f 828/1/871 244/1/287 829/1/872 
f 829/1/872 244/1/287 243/1/286 
f 829/1/872 243/1/286 830/1/873 
f 830/1/873 243/1/286 355/1/398 
f 830/1/873 355/1/398 831/1/874 
f 831/1/874 355/1/398 348/1/391 
f 831/1/874 348/1/391 832/1/875 
f 832/1/875 348/1/391 171/1/214 
f 832/1/875 171/1/214 833/1/876 
f 833/1/876 171/1/214 169/1/212 
f 833/1/876 169/1/212 834/1/877 
f 834/1/877 169/1/212 167/1/210 
f 834/1/877 167/1/210 835/1/878 
f 835/1/878 167/1/210 155/1/198 
f 835/1/878 155/1/198 836/1/879 
f 836/1/879 155/1/198 154/1/197 
f 836/1/879 154/1/197 837/1/880 
f 837/1/880 154/1/197 339/1/382 
f 837/1/880 339/1/382 838/1/881 
f 838/1/881 339/1/382 233/1/276 
f 838/1/881 233/1/276 839/1/882 
f 839/1/882 233/1/276 232/1/275 
f 839/1/882 232/1/275 840/1/883 
f 840/1/883 232/1/275 332/1/375 
f 840/1/883 332/1/375 841/1/884 
f 841/1/884 332/1/375 327/1/370 
f 841/1/884 327/1/370 226/1/269 
f 719/1/762 1024/1/1067 717/1/760 
f 717/1/760 1024/1/1067 1029/1/1072 
f 717/1/760 1029/1/1072 715/1/758 
f 715/1/758 1029/1/1072 1030/1/1073 
f 715/1/758 1030/1/1073 713/1/756 
f 713/1/756 1030/1/1073 876/1/919 
f 713/1/756 876/1/919 711/1/754 
f 876/1/919 875/1/918 711/1/754 
f 711/1/754 875/1/918 1031/1/1074 
f 711/1/754 1031/1/1074 709/1/752 
f 709/1/752 1031/1/1074 1036/1/1079 
f 709/1/752 1036/1/1079 707/1/750 
f 707/1/750 1036/1/1079 1037/1/1080 
f 707/1/750 1037/1/1080 705/1/748 
f 705/1/748 1037/1/1080 873/1/916 
f 705/1/748 873/1/916 703/1/746 
f 873/1/916 872/1/915 703/1/746 
f 703/1/746 872/1/915 1038/1/1081 
f 703/1/746 1038/1/1081 701/1/744 
f 701/1/744 1038/1/1081 1043/1/1086 
f 701/1/744 1043/1/1086 699/1/742 
f 699/1/742 1043/1/1086 1044/1/1087 
f 699/1/742 1044/1/1087 697/1/740 
f 697/1/740 1044/1/1087 870/1/913 
f 697/1/740 870/1/913 695/1/738 
f 695/1/738 870/1/913 869/1/912 
f 695/1/738 869/1/912 693/1/736 
f 693/1/736 869/1/912 1045/1/1088 
f 693/1/736 1045/1/1088 691/1/734 
f 1045/1/1088 1050/1/1093 691/1/734 
f 691/1/734 1050/1/1093 1051/1/1094 
f 691/1/734 1051/1/1094 689/1/732 
f 689/1/732 1051/1/1094 867/1/910 
f 689/1/732 867/1/910 687/1/730 
f 687/1/730 867/1/910 866/1/909 
f 687/1/730 866/1/909 685/1/728 
f 685/1/728 866/1/909 1052/1/1095 
f 685/1/728 1052/1/1095 683/1/726 
f 1052/1/1095 1057/1/1100 683/1/726 
f 683/1/726 1057/1/1100 1057/1/1106 
f 683/1/726 1057/1/1106 681/1/724 
f 681/1/724 1057/1/1106 1062/1/1105 
f 681/1/724 1062/1/1105 679/1/722 
f 679/1/722 1062/1/1105 1061/1/1104 
f 679/1/722 1061/1/1104 677/1/720 
f 677/1/720 1061/1/1104 1060/1/1103 
f 677/1/720 1060/1/1103 675/1/718 
f 675/1/718 1060/1/1103 1059/1/1102 
f 675/1/718 1059/1/1102 769/1/812 
f 769/1/812 1059/1/1102 1058/1/1101 
f 769/1/812 1058/1/1101 767/1/810 
f 767/1/810 1058/1/1101 983/1/1026 
f 767/1/810 983/1/1026 765/1/808 
f 765/1/808 983/1/1026 984/1/1027 
f 765/1/808 984/1/1027 763/1/806 
f 984/1/1027 985/1/1028 763/1/806 
f 763/1/806 985/1/1028 986/1/1029 
f 763/1/806 986/1/1029 761/1/804 
f 761/1/804 986/1/1029 991/1/1034 
f 761/1/804 991/1/1034 759/1/802 
f 759/1/802 991/1/1034 992/1/1035 
f 759/1/802 992/1/1035 757/1/800 
f 757/1/800 992/1/1035 894/1/937 
f 757/1/800 894/1/937 755/1/798 
f 894/1/937 893/1/936 755/1/798 
f 755/1/798 893/1/936 993/1/1036 
f 755/1/798 993/1/1036 753/1/796 
f 753/1/796 993/1/1036 998/1/1041 
f 753/1/796 998/1/1041 751/1/794 
f 751/1/794 998/1/1041 999/1/1042 
f 751/1/794 999/1/1042 749/1/792 
f 749/1/792 999/1/1042 891/1/934 
f 749/1/792 891/1/934 747/1/790 
f 747/1/790 891/1/934 890/1/933 
f 747/1/790 890/1/933 745/1/788 
f 890/1/933 1000/1/1043 745/1/788 
f 745/1/788 1000/1/1043 1005/1/1048 
f 745/1/788 1005/1/1048 743/1/786 
f 743/1/786 1005/1/1048 1006/1/1049 
f 743/1/786 1006/1/1049 741/1/784 
f 741/1/784 1006/1/1049 888/1/931 
f 741/1/784 888/1/931 739/1/782 
f 739/1/782 888/1/931 887/1/930 
f 739/1/782 887/1/930 737/1/780 
f 887/1/930 1007/1/1050 737/1/780 
f 737/1/780 1007/1/1050 1012/1/1055 
f 737/1/780 1012/1/1055 735/1/778 
f 735/1/778 1012/1/1055 1013/1/1056 
f 735/1/778 1013/1/1056 733/1/776 
f 733/1/776 1013/1/1056 885/1/928 
f 733/1/776 885/1/928 731/1/774 
f 731/1/774 885/1/928 884/1/927 
f 731/1/774 884/1/927 729/1/772 
f 884/1/927 1014/1/1057 729/1/772 
f 729/1/772 1014/1/1057 1019/1/1062 
f 729/1/772 1019/1/1062 727/1/770 
f 727/1/770 1019/1/1062 1020/1/1063 
f 727/1/770 1020/1/1063 725/1/768 
f 725/1/768 1020/1/1063 882/1/925 
f 725/1/768 882/1/925 723/1/766 
f 723/1/766 882/1/925 881/1/924 
f 723/1/766 881/1/924 721/1/764 
f 721/1/764 881/1/924 879/1/922 
f 721/1/764 879/1/922 719/1/762 
f 719/1/762 879/1/922 878/1/921 
f 719/1/762 878/1/921 1024/1/1067 
f 475/1/518 311/1/354 473/1/516 
f 473/1/516 311/1/354 316/1/359 
f 473/1/516 316/1/359 471/1/514 
f 471/1/514 316/1/359 317/1/360 
f 471/1/514 317/1/360 469/1/512 
f 469/1/512 317/1/360 124/1/167 
f 469/1/512 124/1/167 467/1/510 
f 467/1/510 124/1/167 123/1/166 
f 467/1/510 123/1/166 465/1/508 
f 465/1/508 123/1/166 318/1/361 
f 465/1/508 318/1/361 463/1/506 
f 491/1/534 307/1/350 489/1/532 
f 489/1/532 307/1/350 306/1/349 
f 489/1/532 306/1/349 487/1/530 
f 487/1/530 306/1/349 305/1/348 
f 487/1/530 305/1/348 485/1/528 
f 485/1/528 305/1/348 304/1/347 
f 485/1/528 304/1/347 483/1/526 
f 483/1/526 304/1/347 303/1/346 
f 483/1/526 303/1/346 481/1/524 
f 481/1/524 303/1/346 302/1/345 
f 481/1/524 302/1/345 479/1/522 
f 479/1/522 302/1/345 301/1/344 
f 479/1/522 301/1/344 477/1/520 
f 477/1/520 301/1/344 127/1/170 
f 477/1/520 127/1/170 475/1/518 
f 475/1/518 127/1/170 126/1/169 
f 475/1/518 126/1/169 311/1/354 
f 503/1/546 288/1/331 501/1/544 
f 501/1/544 288/1/331 293/1/336 
f 501/1/544 293/1/336 499/1/542 
f 499/1/542 293/1/336 294/1/337 
f 499/1/542 294/1/337 497/1/540 
f 497/1/540 294/1/337 130/1/173 
f 497/1/540 130/1/173 495/1/538 
f 495/1/538 130/1/173 129/1/172 
f 495/1/538 129/1/172 493/1/536 
f 493/1/536 129/1/172 295/1/338 
f 493/1/536 295/1/338 491/1/534 
f 491/1/534 295/1/338 300/1/343 
f 491/1/534 300/1/343 307/1/350 
f 515/1/558 278/1/321 513/1/556 
f 513/1/556 278/1/321 283/1/326 
f 513/1/556 283/1/326 511/1/554 
f 511/1/554 283/1/326 284/1/327 
f 511/1/554 284/1/327 509/1/552 
f 509/1/552 284/1/327 136/1/179 
f 509/1/552 136/1/179 507/1/550 
f 507/1/550 136/1/179 135/1/178 
f 507/1/550 135/1/178 505/1/548 
f 505/1/548 135/1/178 133/1/176 
f 505/1/548 133/1/176 503/1/546 
f 503/1/546 133/1/176 132/1/175 
f 503/1/546 132/1/175 288/1/331 
f 523/1/566 271/1/314 521/1/564 
f 521/1/564 271/1/314 276/1/319 
f 521/1/564 276/1/319 519/1/562 
f 519/1/562 276/1/319 277/1/320 
f 519/1/562 277/1/320 517/1/560 
f 517/1/560 277/1/320 139/1/182 
f 517/1/560 139/1/182 515/1/558 
f 515/1/558 139/1/182 138/1/181 
f 515/1/558 138/1/181 278/1/321 
f 399/1/442 375/1/418 397/1/440 
f 397/1/440 375/1/418 380/1/423 
f 397/1/440 380/1/423 395/1/438 
f 395/1/438 380/1/423 386/1/429 
f 395/1/438 386/1/429 393/1/436 
f 393/1/436 386/1/429 385/1/428 
f 393/1/436 385/1/428 391/1/434 
f 391/1/434 385/1/428 384/1/427 
f 391/1/434 384/1/427 389/1/432 
f 389/1/432 384/1/427 383/1/426 
f 389/1/432 383/1/426 387/1/430 
f 387/1/430 383/1/426 382/1/425 
f 387/1/430 382/1/425 529/1/572 
f 529/1/572 382/1/425 381/1/424 
f 529/1/572 381/1/424 527/1/570 
f 527/1/570 381/1/424 270/1/313 
f 527/1/570 270/1/313 525/1/568 
f 525/1/568 270/1/313 142/1/185 
f 525/1/568 142/1/185 523/1/566 
f 523/1/566 142/1/185 141/1/184 
f 523/1/566 141/1/184 271/1/314 
f 407/1/450 368/1/411 405/1/448 
f 405/1/448 368/1/411 373/1/416 
f 405/1/448 373/1/416 403/1/446 
f 403/1/446 373/1/416 374/1/417 
f 403/1/446 374/1/417 401/1/444 
f 401/1/444 374/1/417 100/1/143 
f 401/1/444 100/1/143 399/1/442 
f 399/1/442 100/1/143 99/1/142 
f 399/1/442 99/1/142 375/1/418 
f 419/1/462 358/1/401 417/1/460 
f 417/1/460 358/1/401 363/1/406 
f 417/1/460 363/1/406 415/1/458 
f 415/1/458 363/1/406 364/1/407 
f 415/1/458 364/1/407 413/1/456 
f 413/1/456 364/1/407 106/1/149 
f 413/1/456 106/1/149 411/1/454 
f 411/1/454 106/1/149 105/1/148 
f 411/1/454 105/1/148 409/1/452 
f 409/1/452 105/1/148 103/1/146 
f 409/1/452 103/1/146 407/1/450 
f 407/1/450 103/1/146 102/1/145 
f 407/1/450 102/1/145 368/1/411 
f 427/1/470 351/1/394 425/1/468 
f 425/1/468 351/1/394 356/1/399 
f 425/1/468 356/1/399 423/1/466 
f 423/1/466 356/1/399 357/1/400 
f 423/1/466 357/1/400 421/1/464 
f 421/1/464 357/1/400 109/1/152 
f 421/1/464 109/1/152 419/1/462 
f 419/1/462 109/1/152 108/1/151 
f 419/1/462 108/1/151 358/1/401 
f 447/1/490 335/1/378 445/1/488 
f 445/1/488 335/1/378 340/1/383 
f 445/1/488 340/1/383 443/1/486 
f 443/1/486 340/1/383 347/1/390 
f 443/1/486 347/1/390 441/1/484 
f 441/1/484 347/1/390 346/1/389 
f 441/1/484 346/1/389 439/1/482 
f 439/1/482 346/1/389 345/1/388 
f 439/1/482 345/1/388 437/1/480 
f 437/1/480 345/1/388 344/1/387 
f 437/1/480 344/1/387 435/1/478 
f 435/1/478 344/1/387 343/1/386 
f 435/1/478 343/1/386 433/1/476 
f 433/1/476 343/1/386 342/1/385 
f 433/1/476 342/1/385 431/1/474 
f 431/1/474 342/1/385 341/1/384 
f 431/1/474 341/1/384 429/1/472 
f 429/1/472 341/1/384 112/1/155 
f 429/1/472 112/1/155 427/1/470 
f 427/1/470 112/1/155 111/1/154 
f 427/1/470 111/1/154 351/1/394 
f 455/1/498 328/1/371 453/1/496 
f 453/1/496 328/1/371 333/1/376 
f 453/1/496 333/1/376 451/1/494 
f 451/1/494 333/1/376 334/1/377 
f 451/1/494 334/1/377 449/1/492 
f 449/1/492 334/1/377 115/1/158 
f 449/1/492 115/1/158 447/1/490 
f 447/1/490 115/1/158 114/1/157 
f 447/1/490 114/1/157 335/1/378 
f 318/1/361 323/1/366 463/1/506 
f 463/1/506 323/1/366 324/1/367 
f 463/1/506 324/1/367 461/1/504 
f 461/1/504 324/1/367 121/1/164 
f 461/1/504 121/1/164 459/1/502 
f 459/1/502 121/1/164 120/1/163 
f 459/1/502 120/1/163 457/1/500 
f 457/1/500 120/1/163 118/1/161 
f 457/1/500 118/1/161 455/1/498 
f 455/1/498 118/1/161 117/1/160 
f 455/1/498 117/1/160 328/1/371 
s 8
f 1063/1/1107 1064/1/1108 1065/1/1109 
f 1065/1/1109 1064/1/1108 1066/1/1110 
s 2
f 1067/1/1111 1068/1/1112 1063/1/1113 
f 1063/1/1113 1068/1/1112 1064/1/1114 
s 8
f 1069/1/1115 1070/1/1116 1071/1/1117 
f 1072/1/1118 1073/1/1119 1074/1/1120 
f 1072/1/1118 1074/1/1120 1071/1/1117 
f 1071/1/1117 1074/1/1120 1075/1/1121 
f 1071/1/1117 1075/1/1121 1069/1/1115 
f 1076/1/1122 1077/1/1123 1078/1/1124 
f 1078/1/1124 1077/1/1123 1079/1/1125 
f 1078/1/1124 1079/1/1125 1080/1/1126 
f 1080/1/1126 1079/1/1125 1081/1/1127 
f 1080/1/1126 1081/1/1127 1082/1/1128 
f 1082/1/1128 1081/1/1127 1083/1/1129 
f 1082/1/1128 1083/1/1129 1084/1/1130 
f 1083/1/1129 1085/1/1131 1084/1/1130 
f 1084/1/1130 1085/1/1131 1086/1/1132 
f 1084/1/1130 1086/1/1132 1087/1/1133 
s 2
f 1087/1/1134 1088/1/1135 1084/1/1136 
f 1084/1/1136 1088/1/1135 1089/1/1137 
f 1084/1/1136 1089/1/1137 1082/1/1138 
f 1082/1/1138 1089/1/1137 1090/1/1139 
f 1082/1/1138 1090/1/1139 1080/1/1140 
f 1080/1/1140 1090/1/1139 1078/1/1141 
f 1078/1/1141 1090/1/1139 1091/1/1142 
f 1078/1/1141 1091/1/1142 1076/1/1143 
s 8
f 1092/1/1144 1093/1/1145 1094/1/1146 
f 1092/1/1144 1094/1/1146 1095/1/1147 
f 1096/1/1148 1097/1/1149 1098/1/1150 
f 1098/1/1150 1097/1/1149 1095/1/1147 
f 1098/1/1150 1095/1/1147 1099/1/1151 
f 1099/1/1151 1095/1/1147 1094/1/1146 
s 2
f 1100/1/1152 1092/1/1153 1101/1/1154 
f 1101/1/1154 1092/1/1153 1095/1/1155 
f 1101/1/1154 1095/1/1155 1097/1/1156 
s 8
f 1102/1/1157 1103/1/1158 1104/1/1159 
f 1104/1/1159 1103/1/1158 1105/1/1160 
s 2
f 1106/1/1161 1107/1/1162 1102/1/1161 
f 1102/1/1161 1107/1/1162 1103/1/1163 
s 1
f 1096/1/1164 1098/1/1164 1108/1/1165 
f 1109/1/1166 1110/1/1167 1111/1/1164 
f 1112/1/1168 1113/1/1167 1114/1/1167 
f 1114/1/1167 1113/1/1167 1115/1/1166 
f 1114/1/1167 1115/1/1166 1116/1/1166 
f 1117/1/1165 1118/1/1167 1119/1/1165 
f 1119/1/1165 1118/1/1167 1120/1/1167 
f 1108/1/1165 1121/1/1167 1122/1/1164 
f 1122/1/1164 1121/1/1167 1112/1/1168 
f 1122/1/1164 1112/1/1168 1123/1/1169 
f 1123/1/1169 1112/1/1168 1114/1/1167 
f 1083/1/1166 1111/1/1164 1085/1/1166 
f 1085/1/1166 1111/1/1164 1110/1/1167 
f 1085/1/1166 1110/1/1167 1086/1/1165 
f 1086/1/1165 1110/1/1167 1124/1/1165 
f 1086/1/1165 1124/1/1165 1125/1/1165 
f 1120/1/1167 1079/1/1165 1119/1/1165 
f 1119/1/1165 1079/1/1165 1077/1/1164 
f 1119/1/1165 1077/1/1164 1126/1/1166 
f 1126/1/1166 1077/1/1164 1127/1/1166 
f 1128/1/1167 1129/1/1164 1130/1/1165 
f 1130/1/1165 1129/1/1164 1131/1/1165 
f 1132/1/1165 1133/1/1167 1134/1/1165 
f 1124/1/1165 1135/1/1165 1125/1/1165 
f 1125/1/1165 1135/1/1165 1136/1/1165 
f 1125/1/1165 1136/1/1165 1137/1/1164 
f 1137/1/1164 1136/1/1165 1138/1/1164 
f 1111/1/1164 1139/1/1166 1109/1/1166 
f 1109/1/1166 1139/1/1166 1140/1/1164 
f 1109/1/1166 1140/1/1164 1141/1/1166 
f 1141/1/1166 1140/1/1164 1142/1/1166 
f 1141/1/1166 1142/1/1166 1117/1/1165 
f 1117/1/1165 1142/1/1166 1143/1/1165 
f 1117/1/1165 1143/1/1165 1118/1/1167 
f 1116/1/1166 1094/1/1166 1114/1/1167 
f 1114/1/1167 1094/1/1166 1093/1/1166 
f 1114/1/1167 1093/1/1166 1144/1/1166 
f 1144/1/1166 1093/1/1166 1145/1/1166 
f 1144/1/1166 1145/1/1166 1128/1/1167 
f 1128/1/1167 1145/1/1166 1146/1/1164 
f 1128/1/1167 1146/1/1164 1129/1/1164 
f 1147/1/1164 1148/1/1164 1149/1/1164 
f 1149/1/1164 1148/1/1164 1132/1/1165 
f 1149/1/1164 1132/1/1165 1150/1/1167 
f 1150/1/1167 1132/1/1165 1134/1/1165 
f 1138/1/1164 1151/1/1164 1137/1/1164 
f 1137/1/1164 1151/1/1164 1152/1/1165 
f 1137/1/1164 1152/1/1165 1133/1/1167 
f 1133/1/1167 1152/1/1165 1153/1/1167 
f 1133/1/1167 1153/1/1167 1134/1/1165 
f 1108/1/1165 1122/1/1164 1096/1/1164 
f 1096/1/1164 1122/1/1164 1154/1/1166 
f 1096/1/1164 1154/1/1166 1155/1/1165 
f 1155/1/1165 1154/1/1166 1156/1/1166 
f 1155/1/1165 1156/1/1166 1127/1/1166 
f 1127/1/1166 1156/1/1166 1157/1/1166 
f 1127/1/1166 1157/1/1166 1126/1/1166 
f 1081/1/1167 1079/1/1165 1120/1/1167 
f 1111/1/1164 1083/1/1166 1139/1/1166 
f 1139/1/1166 1083/1/1166 1081/1/1167 
f 1139/1/1166 1081/1/1167 1140/1/1164 
f 1140/1/1164 1081/1/1167 1142/1/1166 
f 1120/1/1167 1118/1/1167 1081/1/1167 
f 1081/1/1167 1118/1/1167 1143/1/1165 
f 1081/1/1167 1143/1/1165 1142/1/1166 
f 1158/1/1170 1159/1/1171 1160/1/1171 
f 1161/1/1172 1162/1/1171 1163/1/1171 
f 1164/1/1170 1165/1/1173 1166/1/1173 
f 1163/1/1171 1167/1/1170 1161/1/1172 
f 1161/1/1172 1167/1/1170 1168/1/1170 
f 1161/1/1172 1168/1/1170 1169/1/1172 
f 1169/1/1172 1168/1/1170 1170/1/1170 
f 1169/1/1172 1170/1/1170 1171/1/1170 
f 1172/1/1173 1173/1/1172 1174/1/1172 
f 1175/1/1170 1176/1/1170 1177/1/1170 
f 1177/1/1170 1176/1/1170 1178/1/1170 
f 1177/1/1170 1178/1/1170 1179/1/1170 
f 1179/1/1170 1178/1/1170 1180/1/1171 
f 1160/1/1171 1181/1/1171 1158/1/1170 
f 1158/1/1170 1181/1/1171 1182/1/1171 
f 1158/1/1170 1182/1/1171 1183/1/1173 
f 1183/1/1173 1182/1/1171 1184/1/1173 
f 1183/1/1173 1184/1/1173 1162/1/1171 
f 1162/1/1171 1184/1/1173 1185/1/1171 
f 1162/1/1171 1185/1/1171 1163/1/1171 
f 1171/1/1170 1186/1/1172 1169/1/1172 
f 1169/1/1172 1186/1/1172 1187/1/1172 
f 1169/1/1172 1187/1/1172 1188/1/1172 
f 1189/1/1171 1190/1/1170 1191/1/1170 
f 1191/1/1170 1190/1/1170 1192/1/1170 
f 1191/1/1170 1192/1/1170 1193/1/1171 
f 1193/1/1171 1192/1/1170 1194/1/1171 
f 1193/1/1171 1194/1/1171 1195/1/1172 
f 1195/1/1172 1194/1/1171 1196/1/1170 
f 1195/1/1172 1196/1/1170 1197/1/1172 
f 1180/1/1171 1198/1/1174 1179/1/1170 
f 1179/1/1170 1198/1/1174 1199/1/1175 
f 1179/1/1170 1199/1/1175 1159/1/1171 
f 1159/1/1171 1199/1/1175 1200/1/1171 
f 1159/1/1171 1200/1/1171 1160/1/1171 
f 1187/1/1172 1201/1/1170 1188/1/1172 
f 1188/1/1172 1201/1/1170 1202/1/1172 
f 1188/1/1172 1202/1/1172 1203/1/1173 
f 1203/1/1173 1202/1/1172 1204/1/1172 
f 1166/1/1173 1165/1/1173 1205/1/1170 
f 1205/1/1170 1165/1/1173 1206/1/1170 
f 1205/1/1170 1206/1/1170 1088/1/1170 
f 1088/1/1170 1206/1/1170 1207/1/1170 
f 1088/1/1170 1207/1/1170 1089/1/1171 
f 1089/1/1171 1207/1/1170 1208/1/1171 
f 1089/1/1171 1208/1/1171 1090/1/1171 
f 1090/1/1171 1208/1/1171 1209/1/1173 
f 1090/1/1171 1209/1/1173 1091/1/1170 
f 1091/1/1170 1209/1/1173 1210/1/1170 
f 1091/1/1170 1210/1/1170 1211/1/1171 
f 1211/1/1171 1210/1/1170 1212/1/1170 
f 1211/1/1171 1212/1/1170 1213/1/1172 
f 1213/1/1172 1212/1/1170 1214/1/1172 
f 1213/1/1172 1214/1/1172 1101/1/1173 
f 1101/1/1173 1214/1/1172 1215/1/1173 
f 1101/1/1173 1215/1/1173 1100/1/1173 
f 1100/1/1173 1215/1/1173 1216/1/1173 
f 1100/1/1173 1216/1/1173 1217/1/1173 
f 1218/1/1171 1219/1/1173 1220/1/1173 
f 1220/1/1173 1219/1/1173 1221/1/1173 
f 1220/1/1173 1221/1/1173 1222/1/1172 
f 1223/1/1172 1224/1/1172 1225/1/1172 
f 1225/1/1172 1224/1/1172 1226/1/1172 
f 1225/1/1172 1226/1/1172 1175/1/1170 
f 1175/1/1170 1226/1/1172 1227/1/1171 
f 1175/1/1170 1227/1/1171 1176/1/1170 
f 1204/1/1172 1228/1/1173 1203/1/1173 
f 1203/1/1173 1228/1/1173 1229/1/1171 
f 1203/1/1173 1229/1/1171 1230/1/1171 
f 1231/1/1170 1232/1/1172 1233/1/1171 
f 1233/1/1171 1232/1/1172 1234/1/1172 
f 1233/1/1171 1234/1/1172 1235/1/1173 
f 1229/1/1171 1236/1/1173 1230/1/1171 
f 1230/1/1171 1236/1/1173 1237/1/1171 
f 1230/1/1171 1237/1/1171 1238/1/1171 
f 1237/1/1171 1239/1/1173 1238/1/1171 
f 1238/1/1171 1239/1/1173 1240/1/1171 
f 1238/1/1171 1240/1/1171 1241/1/1171 
f 1241/1/1171 1240/1/1171 1242/1/1170 
f 1241/1/1171 1242/1/1170 1234/1/1172 
f 1234/1/1172 1242/1/1170 1243/1/1172 
f 1234/1/1172 1243/1/1172 1235/1/1173 
f 1244/1/1173 1245/1/1172 1246/1/1172 
f 1246/1/1172 1245/1/1172 1247/1/1172 
f 1246/1/1172 1247/1/1172 1248/1/1172 
f 1218/1/1171 1249/1/1173 1219/1/1173 
f 1219/1/1173 1249/1/1173 1250/1/1173 
f 1219/1/1173 1250/1/1173 1223/1/1172 
f 1223/1/1172 1250/1/1173 1251/1/1171 
f 1223/1/1172 1251/1/1171 1224/1/1172 
f 1174/1/1172 1173/1/1172 1252/1/1171 
f 1252/1/1171 1173/1/1172 1253/1/1171 
f 1252/1/1171 1253/1/1171 1106/1/1170 
f 1106/1/1170 1253/1/1171 1254/1/1171 
f 1106/1/1170 1254/1/1171 1107/1/1171 
f 1174/1/1172 1255/1/1173 1172/1/1173 
f 1172/1/1173 1255/1/1173 1256/1/1172 
f 1172/1/1173 1256/1/1172 1257/1/1170 
f 1257/1/1170 1256/1/1172 1258/1/1170 
f 1257/1/1170 1258/1/1170 1259/1/1171 
f 1259/1/1171 1258/1/1170 1260/1/1171 
f 1259/1/1171 1260/1/1171 1216/1/1173 
f 1216/1/1173 1260/1/1171 1261/1/1172 
f 1216/1/1173 1261/1/1172 1217/1/1173 
f 1262/1/1172 1263/1/1172 1264/1/1172 
f 1264/1/1172 1263/1/1172 1265/1/1172 
f 1264/1/1172 1265/1/1172 1266/1/1171 
f 1266/1/1171 1265/1/1172 1267/1/1171 
f 1266/1/1171 1267/1/1171 1268/1/1171 
f 1268/1/1171 1267/1/1171 1269/1/1172 
f 1268/1/1171 1269/1/1172 1197/1/1172 
f 1197/1/1172 1269/1/1172 1270/1/1172 
f 1197/1/1172 1270/1/1172 1195/1/1172 
f 1191/1/1170 1271/1/1172 1189/1/1171 
f 1189/1/1171 1271/1/1172 1272/1/1170 
f 1189/1/1171 1272/1/1170 1273/1/1170 
f 1273/1/1170 1272/1/1170 1274/1/1173 
f 1273/1/1170 1274/1/1173 1275/1/1173 
f 1275/1/1173 1274/1/1173 1276/1/1173 
f 1275/1/1173 1276/1/1173 1244/1/1173 
f 1244/1/1173 1276/1/1173 1277/1/1173 
f 1244/1/1173 1277/1/1173 1245/1/1172 
f 1278/1/1172 1279/1/1173 1067/1/1170 
f 1067/1/1170 1279/1/1173 1280/1/1171 
f 1067/1/1170 1280/1/1171 1068/1/1171 
f 1278/1/1172 1281/1/1173 1279/1/1173 
f 1279/1/1173 1281/1/1173 1282/1/1171 
f 1279/1/1173 1282/1/1171 1221/1/1173 
f 1221/1/1173 1282/1/1171 1283/1/1172 
f 1221/1/1173 1283/1/1172 1222/1/1172 
f 1231/1/1170 1284/1/1172 1232/1/1172 
f 1232/1/1172 1284/1/1172 1285/1/1172 
f 1232/1/1172 1285/1/1172 1254/1/1171 
f 1254/1/1171 1285/1/1172 1286/1/1171 
f 1254/1/1171 1286/1/1171 1107/1/1171 
f 1247/1/1172 1287/1/1170 1248/1/1172 
f 1248/1/1172 1287/1/1170 1288/1/1172 
f 1248/1/1172 1288/1/1172 1289/1/1171 
f 1289/1/1171 1288/1/1172 1290/1/1170 
f 1289/1/1171 1290/1/1170 1291/1/1171 
f 1291/1/1171 1290/1/1170 1292/1/1171 
f 1291/1/1171 1292/1/1171 1280/1/1171 
f 1280/1/1171 1292/1/1171 1293/1/1171 
f 1280/1/1171 1293/1/1171 1068/1/1171 
f 1166/1/1173 1294/1/1170 1164/1/1170 
f 1164/1/1170 1294/1/1170 1295/1/1171 
f 1164/1/1170 1295/1/1171 1296/1/1173 
f 1296/1/1173 1295/1/1171 1297/1/1173 
f 1296/1/1173 1297/1/1173 1298/1/1173 
f 1298/1/1173 1297/1/1173 1299/1/1173 
f 1298/1/1173 1299/1/1173 1300/1/1173 
f 1300/1/1173 1299/1/1173 1301/1/1171 
f 1300/1/1173 1301/1/1171 1302/1/1170 
f 1302/1/1170 1301/1/1171 1303/1/1170 
f 1302/1/1170 1303/1/1170 1304/1/1172 
f 1304/1/1172 1303/1/1170 1305/1/1172 
f 1304/1/1172 1305/1/1172 1262/1/1172 
f 1262/1/1172 1305/1/1172 1306/1/1172 
f 1262/1/1172 1306/1/1172 1263/1/1172 
f 1094/1/1166 1116/1/1166 1099/1/1166 
f 1099/1/1166 1116/1/1166 1115/1/1166 
f 1108/1/1165 1098/1/1164 1121/1/1167 
f 1121/1/1167 1098/1/1164 1099/1/1166 
f 1121/1/1167 1099/1/1166 1112/1/1168 
f 1112/1/1168 1099/1/1166 1115/1/1166 
f 1112/1/1168 1115/1/1166 1113/1/1167 
s 2
f 1307/1/1176 1308/1/1177 1309/1/1178 
f 1310/1/1179 1311/1/1180 1312/1/1181 
f 1313/1/1182 1314/1/1183 1315/1/1184 
f 1316/1/1185 1317/1/1186 1318/1/1187 
f 1319/1/1188 1316/1/1185 1320/1/1189 
f 1321/1/1190 1322/1/1191 1320/1/1189 
f 1320/1/1189 1322/1/1191 1323/1/1192 
f 1323/1/1192 1324/1/1193 1320/1/1189 
f 1320/1/1189 1324/1/1193 1325/1/1194 
f 1320/1/1189 1325/1/1194 1319/1/1188 
f 1320/1/1189 1326/1/1195 1327/1/1196 
f 1321/1/1190 1320/1/1189 1328/1/1197 
f 1328/1/1197 1320/1/1189 1327/1/1196 
f 1328/1/1197 1327/1/1196 1329/1/1198 
f 1330/1/1199 1331/1/1200 1332/1/1201 
f 1331/1/1200 1330/1/1199 1333/1/1202 
f 1333/1/1202 1330/1/1199 1313/1/1182 
f 1333/1/1202 1313/1/1182 1334/1/1203 
f 1334/1/1203 1313/1/1182 1315/1/1184 
f 1334/1/1203 1315/1/1184 1335/1/1204 
f 1335/1/1204 1315/1/1184 1336/1/1205 
f 1335/1/1204 1336/1/1205 1337/1/1206 
f 1337/1/1206 1336/1/1205 1338/1/1207 
f 1337/1/1206 1338/1/1207 1339/1/1208 
f 1340/1/1209 1341/1/1210 1342/1/1211 
f 1342/1/1211 1341/1/1210 1343/1/1212 
f 1342/1/1211 1343/1/1212 1344/1/1213 
f 1312/1/1181 1345/1/1214 1346/1/1215 
f 1310/1/1179 1312/1/1181 1347/1/1216 
f 1347/1/1216 1312/1/1181 1346/1/1215 
f 1347/1/1216 1346/1/1215 1348/1/1217 
f 1349/1/1218 1350/1/1219 1351/1/1220 
f 1352/1/1221 1353/1/1222 1354/1/1223 
f 1354/1/1223 1353/1/1222 1355/1/1224 
f 1318/1/1187 1317/1/1186 1355/1/1224 
f 1356/1/1225 1357/1/1226 1358/1/1227 
f 1358/1/1227 1357/1/1226 1354/1/1223 
f 1358/1/1227 1354/1/1223 1359/1/1228 
f 1359/1/1228 1354/1/1223 1355/1/1224 
f 1359/1/1228 1355/1/1224 1360/1/1229 
f 1360/1/1229 1355/1/1224 1317/1/1186 
f 1345/1/1214 1312/1/1181 1361/1/1230 
f 1361/1/1230 1312/1/1181 1311/1/1180 
f 1361/1/1230 1311/1/1180 1362/1/1231 
f 1310/1/1179 1344/1/1213 1311/1/1180 
f 1311/1/1180 1344/1/1213 1343/1/1212 
f 1311/1/1180 1343/1/1212 1362/1/1231 
f 1362/1/1231 1343/1/1212 1341/1/1210 
f 1362/1/1231 1341/1/1210 1363/1/1232 
f 1315/1/1184 1364/1/1233 1336/1/1205 
f 1336/1/1205 1364/1/1233 1363/1/1232 
f 1336/1/1205 1363/1/1232 1338/1/1207 
f 1338/1/1207 1363/1/1232 1341/1/1210 
f 1338/1/1207 1341/1/1210 1339/1/1208 
f 1339/1/1208 1341/1/1210 1340/1/1209 
f 1315/1/1184 1365/1/1234 1364/1/1233 
f 1364/1/1233 1365/1/1234 1366/1/1235 
f 1364/1/1233 1366/1/1235 1363/1/1232 
f 1363/1/1232 1366/1/1235 1367/1/1236 
f 1363/1/1232 1367/1/1236 1362/1/1231 
f 1362/1/1231 1367/1/1236 1349/1/1218 
f 1362/1/1231 1349/1/1218 1361/1/1230 
f 1361/1/1230 1349/1/1218 1351/1/1220 
f 1361/1/1230 1351/1/1220 1345/1/1214 
f 1314/1/1183 1313/1/1182 1368/1/1237 
f 1368/1/1237 1313/1/1182 1330/1/1199 
f 1368/1/1237 1330/1/1199 1369/1/1238 
f 1369/1/1238 1330/1/1199 1332/1/1201 
f 1369/1/1238 1332/1/1201 1370/1/1239 
f 1316/1/1185 1318/1/1187 1320/1/1189 
f 1320/1/1189 1318/1/1187 1371/1/1240 
f 1320/1/1189 1371/1/1240 1326/1/1195 
f 1372/1/1241 1373/1/1242 1374/1/1243 
f 1374/1/1243 1373/1/1242 1375/1/1244 
f 1374/1/1243 1375/1/1244 1376/1/1245 
f 1376/1/1245 1375/1/1244 1377/1/1246 
f 1376/1/1245 1377/1/1246 1378/1/1247 
f 1378/1/1247 1377/1/1246 1379/1/1248 
f 1378/1/1247 1379/1/1248 1380/1/1249 
f 1380/1/1249 1379/1/1248 1381/1/1250 
f 1380/1/1249 1381/1/1250 1382/1/1251 
f 1382/1/1251 1381/1/1250 1383/1/1252 
f 1382/1/1251 1383/1/1252 1384/1/1253 
f 1384/1/1253 1383/1/1252 1385/1/1254 
f 1384/1/1253 1385/1/1254 1309/1/1178 
f 1373/1/1242 1329/1/1198 1375/1/1244 
f 1375/1/1244 1329/1/1198 1327/1/1196 
f 1375/1/1244 1327/1/1196 1377/1/1246 
f 1377/1/1246 1327/1/1196 1326/1/1195 
f 1377/1/1246 1326/1/1195 1379/1/1248 
f 1379/1/1248 1326/1/1195 1371/1/1240 
f 1379/1/1248 1371/1/1240 1381/1/1250 
f 1381/1/1250 1371/1/1240 1318/1/1187 
f 1381/1/1250 1318/1/1187 1383/1/1252 
f 1383/1/1252 1318/1/1187 1355/1/1224 
f 1383/1/1252 1355/1/1224 1385/1/1254 
f 1385/1/1254 1355/1/1224 1353/1/1222 
f 1385/1/1254 1353/1/1222 1309/1/1178 
f 1309/1/1178 1353/1/1222 1352/1/1221 
f 1309/1/1178 1352/1/1221 1307/1/1176 
f 1369/1/1238 1372/1/1241 1368/1/1237 
f 1368/1/1237 1372/1/1241 1374/1/1243 
f 1368/1/1237 1374/1/1243 1314/1/1183 
f 1314/1/1183 1374/1/1243 1376/1/1245 
f 1314/1/1183 1376/1/1245 1315/1/1184 
f 1315/1/1184 1376/1/1245 1378/1/1247 
f 1315/1/1184 1378/1/1247 1365/1/1234 
f 1365/1/1234 1378/1/1247 1380/1/1249 
f 1365/1/1234 1380/1/1249 1366/1/1235 
f 1366/1/1235 1380/1/1249 1382/1/1251 
f 1366/1/1235 1382/1/1251 1367/1/1236 
f 1367/1/1236 1382/1/1251 1384/1/1253 
f 1367/1/1236 1384/1/1253 1349/1/1218 
f 1349/1/1218 1384/1/1253 1309/1/1178 
f 1349/1/1218 1309/1/1178 1350/1/1219 
f 1350/1/1219 1309/1/1178 1308/1/1177 
f 1357/1/1226 1356/1/1225 1386/1/1255 
f 1387/1/1256 1388/1/1257 1389/1/1258 
f 1390/1/1259 1391/1/1260 1392/1/1261 
f 1392/1/1261 1391/1/1260 1393/1/1262 
f 1394/1/1263 1395/1/1264 1396/1/1265 
f 1396/1/1265 1395/1/1264 1397/1/1266 
f 1396/1/1265 1397/1/1266 1390/1/1259 
f 1390/1/1259 1397/1/1266 1398/1/1267 
f 1390/1/1259 1398/1/1267 1391/1/1260 
f 1399/1/1268 1400/1/1269 1387/1/1256 
f 1401/1/1270 1402/1/1271 1389/1/1258 
f 1389/1/1258 1402/1/1271 1403/1/1272 
f 1389/1/1258 1403/1/1272 1387/1/1256 
f 1387/1/1256 1403/1/1272 1404/1/1273 
f 1387/1/1256 1404/1/1273 1399/1/1268 
f 1405/1/1274 1406/1/1275 1407/1/1276 
f 1408/1/1277 1406/1/1275 1409/1/1278 
f 1409/1/1278 1406/1/1275 1405/1/1274 
f 1409/1/1278 1405/1/1274 1410/1/1279 
f 1410/1/1279 1405/1/1274 1411/1/1280 
f 1412/1/1281 1411/1/1280 1413/1/1282 
f 1413/1/1282 1411/1/1280 1405/1/1274 
f 1413/1/1282 1405/1/1274 1414/1/1283 
f 1414/1/1283 1405/1/1274 1415/1/1284 
f 1414/1/1283 1415/1/1284 1416/1/1285 
f 1416/1/1285 1415/1/1284 1417/1/1286 
f 1416/1/1285 1417/1/1286 1386/1/1255 
f 1357/1/1226 1386/1/1255 1354/1/1223 
f 1354/1/1223 1386/1/1255 1417/1/1286 
f 1354/1/1223 1417/1/1286 1418/1/1287 
f 1419/1/1288 1307/1/1176 1418/1/1287 
f 1418/1/1287 1307/1/1176 1352/1/1221 
f 1418/1/1287 1352/1/1221 1354/1/1223 
f 1420/1/1289 1351/1/1220 1421/1/1290 
f 1421/1/1290 1351/1/1220 1350/1/1219 
f 1421/1/1290 1350/1/1219 1422/1/1291 
f 1422/1/1291 1350/1/1219 1308/1/1177 
f 1348/1/1217 1346/1/1215 1420/1/1289 
f 1420/1/1289 1346/1/1215 1345/1/1214 
f 1420/1/1289 1345/1/1214 1351/1/1220 
f 1393/1/1262 1423/1/1292 1392/1/1261 
f 1392/1/1261 1423/1/1292 1424/1/1293 
f 1392/1/1261 1424/1/1293 1425/1/1294 
f 1426/1/1295 1427/1/1296 1428/1/1297 
f 1428/1/1297 1427/1/1296 1429/1/1298 
f 1428/1/1297 1429/1/1298 1401/1/1270 
f 1401/1/1270 1389/1/1258 1428/1/1297 
f 1428/1/1297 1389/1/1258 1430/1/1299 
f 1428/1/1297 1430/1/1299 1426/1/1295 
f 1431/1/1300 1432/1/1301 1433/1/1302 
f 1433/1/1302 1432/1/1301 1434/1/1303 
f 1433/1/1302 1434/1/1303 1435/1/1304 
f 1435/1/1304 1434/1/1303 1436/1/1305 
f 1435/1/1304 1436/1/1305 1422/1/1291 
f 1422/1/1291 1436/1/1305 1421/1/1290 
f 1421/1/1290 1436/1/1305 1437/1/1306 
f 1421/1/1290 1437/1/1306 1420/1/1289 
f 1420/1/1289 1437/1/1306 1438/1/1307 
f 1420/1/1289 1438/1/1307 1348/1/1217 
f 1432/1/1301 1396/1/1265 1434/1/1303 
f 1434/1/1303 1396/1/1265 1390/1/1259 
f 1434/1/1303 1390/1/1259 1436/1/1305 
f 1436/1/1305 1390/1/1259 1392/1/1261 
f 1436/1/1305 1392/1/1261 1437/1/1306 
f 1437/1/1306 1392/1/1261 1425/1/1294 
f 1437/1/1306 1425/1/1294 1438/1/1307 
f 1419/1/1288 1439/1/1308 1440/1/1309 
f 1440/1/1309 1439/1/1308 1441/1/1310 
f 1440/1/1309 1441/1/1310 1442/1/1311 
f 1442/1/1311 1441/1/1310 1426/1/1295 
f 1442/1/1311 1426/1/1295 1443/1/1312 
f 1443/1/1312 1426/1/1295 1430/1/1299 
f 1443/1/1312 1430/1/1299 1444/1/1313 
f 1444/1/1313 1430/1/1299 1389/1/1258 
f 1444/1/1313 1389/1/1258 1445/1/1314 
f 1445/1/1314 1389/1/1258 1388/1/1257 
f 1445/1/1314 1388/1/1257 1446/1/1315 
f 1419/1/1288 1418/1/1287 1439/1/1308 
f 1439/1/1308 1418/1/1287 1417/1/1286 
f 1439/1/1308 1417/1/1286 1441/1/1310 
f 1441/1/1310 1417/1/1286 1415/1/1284 
f 1441/1/1310 1415/1/1284 1426/1/1295 
f 1426/1/1295 1415/1/1284 1405/1/1274 
f 1426/1/1295 1405/1/1274 1427/1/1296 
f 1427/1/1296 1405/1/1274 1407/1/1276 
f 1427/1/1296 1407/1/1276 1429/1/1298 
f 1400/1/1269 1447/1/1316 1387/1/1256 
f 1387/1/1256 1447/1/1316 1448/1/1317 
f 1387/1/1256 1448/1/1317 1388/1/1257 
f 1388/1/1257 1448/1/1317 1394/1/1263 
f 1388/1/1257 1394/1/1263 1446/1/1315 
f 1446/1/1315 1394/1/1263 1396/1/1265 
f 1446/1/1315 1396/1/1265 1445/1/1314 
f 1445/1/1314 1396/1/1265 1432/1/1301 
f 1445/1/1314 1432/1/1301 1444/1/1313 
f 1444/1/1313 1432/1/1301 1431/1/1300 
f 1444/1/1313 1431/1/1300 1443/1/1312 
f 1443/1/1312 1431/1/1300 1433/1/1302 
f 1443/1/1312 1433/1/1302 1442/1/1311 
f 1442/1/1311 1433/1/1302 1435/1/1304 
f 1442/1/1311 1435/1/1304 1440/1/1309 
f 1440/1/1309 1435/1/1304 1422/1/1291 
f 1440/1/1309 1422/1/1291 1419/1/1288 
f 1419/1/1288 1422/1/1291 1308/1/1177 
f 1419/1/1288 1308/1/1177 1307/1/1176 
f 1106/1/1161 1102/1/1161 1252/1/1318 
f 1252/1/1318 1102/1/1161 1449/1/1319 
f 1252/1/1318 1449/1/1319 1174/1/1320 
f 1174/1/1320 1449/1/1319 1450/1/1321 
f 1174/1/1320 1450/1/1321 1255/1/1322 
f 1255/1/1322 1450/1/1321 1451/1/1323 
f 1255/1/1322 1451/1/1323 1256/1/1324 
f 1256/1/1324 1451/1/1323 1452/1/1325 
f 1256/1/1324 1452/1/1325 1258/1/1326 
f 1258/1/1326 1452/1/1325 1453/1/1327 
f 1258/1/1326 1453/1/1327 1260/1/1328 
f 1260/1/1328 1453/1/1327 1454/1/1329 
f 1092/1/1153 1100/1/1152 1217/1/1330 
f 1092/1/1153 1217/1/1330 1455/1/1331 
f 1455/1/1331 1217/1/1330 1261/1/1332 
f 1455/1/1331 1261/1/1332 1456/1/1333 
f 1456/1/1333 1261/1/1332 1260/1/1328 
f 1456/1/1333 1260/1/1328 1454/1/1329 
f 1107/1/1162 1286/1/1334 1103/1/1163 
f 1103/1/1163 1286/1/1334 1285/1/1335 
f 1103/1/1163 1285/1/1335 1457/1/1336 
f 1285/1/1335 1284/1/1337 1457/1/1336 
f 1457/1/1336 1284/1/1337 1231/1/1338 
f 1457/1/1336 1231/1/1338 1458/1/1339 
f 1458/1/1339 1231/1/1338 1233/1/1340 
f 1458/1/1339 1233/1/1340 1459/1/1341 
f 1459/1/1341 1233/1/1340 1235/1/1342 
f 1237/1/1343 1460/1/1344 1239/1/1345 
f 1239/1/1345 1460/1/1344 1461/1/1346 
f 1239/1/1345 1461/1/1346 1240/1/1347 
f 1240/1/1347 1461/1/1346 1462/1/1348 
f 1240/1/1347 1462/1/1348 1242/1/1349 
f 1242/1/1349 1462/1/1348 1463/1/1350 
f 1242/1/1349 1463/1/1350 1243/1/1351 
f 1243/1/1351 1463/1/1350 1464/1/1352 
f 1243/1/1351 1464/1/1352 1235/1/1342 
f 1235/1/1342 1464/1/1352 1465/1/1353 
f 1235/1/1342 1465/1/1353 1459/1/1341 
f 1229/1/1354 1466/1/1355 1467/1/1356 
f 1229/1/1354 1467/1/1356 1236/1/1357 
f 1467/1/1356 1468/1/1358 1236/1/1357 
f 1236/1/1357 1468/1/1358 1469/1/1359 
f 1236/1/1357 1469/1/1359 1237/1/1343 
f 1237/1/1343 1469/1/1359 1470/1/1360 
f 1237/1/1343 1470/1/1360 1460/1/1344 
f 1466/1/1355 1229/1/1354 1471/1/1361 
f 1471/1/1361 1229/1/1354 1228/1/1362 
f 1471/1/1361 1228/1/1362 1204/1/1363 
f 1472/1/1364 1201/1/1365 1187/1/1366 
f 1472/1/1364 1187/1/1366 1473/1/1367 
f 1472/1/1364 1474/1/1368 1201/1/1365 
f 1201/1/1365 1474/1/1368 1475/1/1369 
f 1201/1/1365 1475/1/1369 1202/1/1370 
f 1202/1/1370 1475/1/1369 1476/1/1371 
f 1202/1/1370 1476/1/1371 1204/1/1363 
f 1204/1/1363 1476/1/1371 1477/1/1372 
f 1204/1/1363 1477/1/1372 1471/1/1361 
f 1478/1/1373 1479/1/1374 1163/1/1375 
f 1163/1/1375 1479/1/1374 1480/1/1376 
f 1187/1/1366 1186/1/1377 1473/1/1367 
f 1473/1/1367 1186/1/1377 1171/1/1378 
f 1473/1/1367 1171/1/1378 1481/1/1379 
f 1481/1/1379 1171/1/1378 1170/1/1380 
f 1481/1/1379 1170/1/1380 1482/1/1381 
f 1482/1/1381 1170/1/1380 1168/1/1382 
f 1482/1/1381 1168/1/1382 1480/1/1376 
f 1480/1/1376 1168/1/1382 1167/1/1383 
f 1480/1/1376 1167/1/1383 1163/1/1375 
f 1101/1/1154 1097/1/1156 1213/1/1384 
f 1213/1/1384 1097/1/1156 1483/1/1385 
f 1213/1/1384 1483/1/1385 1211/1/1386 
f 1211/1/1386 1483/1/1385 1484/1/1387 
f 1211/1/1386 1484/1/1387 1091/1/1142 
f 1091/1/1142 1484/1/1387 1076/1/1143 
f 1278/1/1388 1067/1/1111 1063/1/1113 
f 1278/1/1388 1063/1/1113 1281/1/1389 
f 1281/1/1389 1063/1/1113 1485/1/1390 
f 1281/1/1389 1485/1/1390 1282/1/1391 
f 1486/1/1392 1222/1/1393 1485/1/1390 
f 1485/1/1390 1222/1/1393 1283/1/1394 
f 1485/1/1390 1283/1/1394 1282/1/1391 
f 1163/1/1375 1185/1/1395 1478/1/1373 
f 1478/1/1373 1185/1/1395 1184/1/1396 
f 1478/1/1373 1184/1/1396 1487/1/1397 
f 1487/1/1397 1184/1/1396 1182/1/1398 
f 1487/1/1397 1182/1/1398 1488/1/1399 
f 1488/1/1399 1182/1/1398 1181/1/1400 
f 1199/1/1401 1489/1/1402 1200/1/1403 
f 1200/1/1403 1489/1/1402 1488/1/1399 
f 1200/1/1403 1488/1/1399 1160/1/1404 
f 1160/1/1404 1488/1/1399 1181/1/1400 
f 1199/1/1401 1198/1/1405 1489/1/1402 
f 1489/1/1402 1198/1/1405 1180/1/1406 
f 1489/1/1402 1180/1/1406 1490/1/1407 
f 1180/1/1406 1178/1/1408 1490/1/1407 
f 1490/1/1407 1178/1/1408 1176/1/1409 
f 1490/1/1407 1176/1/1409 1491/1/1410 
f 1491/1/1410 1176/1/1409 1227/1/1411 
f 1491/1/1410 1227/1/1411 1492/1/1412 
f 1227/1/1411 1226/1/1413 1492/1/1412 
f 1492/1/1412 1226/1/1413 1224/1/1414 
f 1492/1/1412 1224/1/1414 1493/1/1415 
f 1493/1/1415 1224/1/1414 1251/1/1416 
f 1493/1/1415 1251/1/1416 1494/1/1417 
f 1494/1/1417 1251/1/1416 1250/1/1418 
f 1494/1/1417 1250/1/1418 1495/1/1419 
f 1495/1/1419 1250/1/1418 1249/1/1420 
f 1495/1/1419 1249/1/1420 1496/1/1421 
f 1496/1/1421 1249/1/1420 1218/1/1422 
f 1496/1/1421 1218/1/1422 1486/1/1392 
f 1486/1/1392 1218/1/1422 1220/1/1423 
f 1486/1/1392 1220/1/1423 1222/1/1393 
f 1497/1/1424 1303/1/1425 1498/1/1426 
f 1498/1/1426 1303/1/1425 1301/1/1427 
f 1498/1/1426 1301/1/1427 1499/1/1428 
f 1301/1/1427 1299/1/1429 1499/1/1428 
f 1499/1/1428 1299/1/1429 1297/1/1430 
f 1499/1/1428 1297/1/1430 1500/1/1431 
f 1088/1/1135 1087/1/1134 1205/1/1432 
f 1205/1/1432 1087/1/1134 1501/1/1433 
f 1205/1/1432 1501/1/1433 1166/1/1434 
f 1166/1/1434 1501/1/1433 1502/1/1435 
f 1166/1/1434 1502/1/1435 1294/1/1436 
f 1294/1/1436 1502/1/1435 1500/1/1431 
f 1294/1/1436 1500/1/1431 1295/1/1437 
f 1295/1/1437 1500/1/1431 1297/1/1430 
f 1288/1/1438 1287/1/1439 1503/1/1440 
f 1503/1/1440 1287/1/1439 1504/1/1441 
f 1504/1/1441 1287/1/1439 1247/1/1442 
f 1504/1/1441 1247/1/1442 1505/1/1443 
f 1503/1/1440 1506/1/1444 1288/1/1438 
f 1288/1/1438 1506/1/1444 1507/1/1445 
f 1288/1/1438 1507/1/1445 1290/1/1446 
f 1290/1/1446 1507/1/1445 1508/1/1447 
f 1290/1/1446 1508/1/1447 1292/1/1448 
f 1292/1/1448 1508/1/1447 1064/1/1114 
f 1292/1/1448 1064/1/1114 1293/1/1449 
f 1293/1/1449 1064/1/1114 1068/1/1112 
f 1509/1/1450 1195/1/1451 1510/1/1452 
f 1510/1/1452 1195/1/1451 1270/1/1453 
f 1510/1/1452 1270/1/1453 1511/1/1454 
f 1270/1/1453 1269/1/1455 1511/1/1454 
f 1511/1/1454 1269/1/1455 1267/1/1456 
f 1511/1/1454 1267/1/1456 1512/1/1457 
f 1512/1/1457 1267/1/1456 1265/1/1458 
f 1512/1/1457 1265/1/1458 1513/1/1459 
f 1303/1/1425 1497/1/1424 1305/1/1460 
f 1305/1/1460 1497/1/1424 1514/1/1461 
f 1305/1/1460 1514/1/1461 1306/1/1462 
f 1306/1/1462 1514/1/1461 1513/1/1459 
f 1306/1/1462 1513/1/1459 1263/1/1463 
f 1263/1/1463 1513/1/1459 1265/1/1458 
f 1276/1/1464 1071/1/1465 1277/1/1466 
f 1277/1/1466 1071/1/1465 1515/1/1467 
f 1277/1/1466 1515/1/1467 1245/1/1468 
f 1245/1/1468 1515/1/1467 1505/1/1443 
f 1245/1/1468 1505/1/1443 1247/1/1442 
s 4
f 1516/1/1469 1162/1/1470 1517/1/1471 
f 1517/1/1471 1162/1/1470 1161/1/1472 
f 1517/1/1471 1161/1/1472 1518/1/1473 
f 1518/1/1473 1161/1/1472 1169/1/1474 
f 1519/1/1475 1520/1/1476 1188/1/1477 
f 1188/1/1477 1520/1/1476 1521/1/1478 
f 1188/1/1477 1521/1/1478 1169/1/1474 
f 1169/1/1474 1521/1/1478 1522/1/1479 
f 1169/1/1474 1522/1/1479 1518/1/1473 
f 1203/1/1480 1523/1/1481 1524/1/1482 
f 1203/1/1480 1524/1/1482 1188/1/1477 
f 1188/1/1477 1524/1/1482 1525/1/1483 
f 1188/1/1477 1525/1/1483 1519/1/1475 
f 1523/1/1481 1203/1/1480 1526/1/1484 
f 1526/1/1484 1203/1/1480 1230/1/1485 
f 1526/1/1484 1230/1/1485 1527/1/1486 
f 1241/1/1487 1528/1/1488 1238/1/1489 
f 1238/1/1489 1528/1/1488 1529/1/1490 
f 1238/1/1489 1529/1/1490 1230/1/1485 
f 1230/1/1485 1529/1/1490 1530/1/1491 
f 1230/1/1485 1530/1/1491 1527/1/1486 
f 1531/1/1492 1532/1/1493 1234/1/1494 
f 1234/1/1494 1532/1/1493 1533/1/1495 
f 1234/1/1494 1533/1/1495 1241/1/1487 
f 1241/1/1487 1533/1/1495 1534/1/1496 
f 1241/1/1487 1534/1/1496 1528/1/1488 
f 1531/1/1492 1234/1/1494 1535/1/1497 
f 1535/1/1497 1234/1/1494 1232/1/1498 
f 1535/1/1497 1232/1/1498 1536/1/1499 
f 1536/1/1499 1232/1/1498 1537/1/1500 
f 1537/1/1500 1232/1/1498 1254/1/1501 
f 1537/1/1500 1254/1/1501 1538/1/1502 
f 1538/1/1502 1254/1/1501 1539/1/1503 
f 1539/1/1503 1254/1/1501 1253/1/1504 
f 1539/1/1503 1253/1/1504 1540/1/1505 
f 1173/1/1506 1541/1/1507 1253/1/1504 
f 1253/1/1504 1541/1/1507 1542/1/1508 
f 1253/1/1504 1542/1/1508 1540/1/1505 
f 1172/1/1509 1543/1/1510 1173/1/1506 
f 1173/1/1506 1543/1/1510 1544/1/1511 
f 1173/1/1506 1544/1/1511 1541/1/1507 
f 1545/1/1512 1546/1/1513 1257/1/1514 
f 1257/1/1514 1546/1/1513 1547/1/1515 
f 1257/1/1514 1547/1/1515 1172/1/1509 
f 1172/1/1509 1547/1/1515 1548/1/1516 
f 1172/1/1509 1548/1/1516 1543/1/1510 
f 1545/1/1512 1257/1/1514 1549/1/1517 
f 1549/1/1517 1257/1/1514 1259/1/1518 
f 1549/1/1517 1259/1/1518 1550/1/1519 
f 1550/1/1519 1259/1/1518 1551/1/1520 
f 1551/1/1520 1259/1/1518 1216/1/1521 
f 1551/1/1520 1216/1/1521 1552/1/1522 
f 1552/1/1522 1216/1/1521 1553/1/1523 
f 1553/1/1523 1216/1/1521 1215/1/1524 
f 1553/1/1523 1215/1/1524 1554/1/1525 
f 1554/1/1525 1215/1/1524 1555/1/1526 
f 1555/1/1526 1215/1/1524 1214/1/1527 
f 1555/1/1526 1214/1/1527 1556/1/1528 
f 1556/1/1528 1214/1/1527 1557/1/1529 
f 1557/1/1529 1214/1/1527 1212/1/1530 
f 1557/1/1529 1212/1/1530 1558/1/1531 
f 1558/1/1531 1212/1/1530 1559/1/1532 
f 1559/1/1532 1212/1/1530 1210/1/1533 
f 1559/1/1532 1210/1/1533 1560/1/1534 
f 1560/1/1534 1210/1/1533 1561/1/1535 
f 1561/1/1535 1210/1/1533 1209/1/1536 
f 1561/1/1535 1209/1/1536 1562/1/1537 
f 1162/1/1470 1516/1/1469 1183/1/1538 
f 1183/1/1538 1516/1/1469 1563/1/1539 
f 1183/1/1538 1563/1/1539 1158/1/1540 
f 1158/1/1540 1563/1/1539 1159/1/1541 
f 1159/1/1541 1563/1/1539 1564/1/1542 
f 1159/1/1541 1564/1/1542 1179/1/1543 
f 1179/1/1543 1564/1/1542 1565/1/1544 
f 1179/1/1543 1565/1/1544 1177/1/1545 
f 1566/1/1546 1221/1/1547 1219/1/1548 
f 1177/1/1545 1565/1/1544 1175/1/1549 
f 1175/1/1549 1565/1/1544 1567/1/1550 
f 1175/1/1549 1567/1/1550 1225/1/1551 
f 1225/1/1551 1567/1/1550 1568/1/1552 
f 1225/1/1551 1568/1/1552 1223/1/1553 
f 1223/1/1553 1568/1/1552 1569/1/1554 
f 1223/1/1553 1569/1/1554 1219/1/1548 
f 1219/1/1548 1569/1/1554 1570/1/1555 
f 1219/1/1548 1570/1/1555 1566/1/1546 
f 1566/1/1546 1571/1/1556 1221/1/1547 
f 1221/1/1547 1571/1/1556 1572/1/1557 
f 1221/1/1547 1572/1/1557 1279/1/1558 
f 1279/1/1558 1572/1/1557 1573/1/1559 
f 1279/1/1558 1573/1/1559 1280/1/1560 
f 1280/1/1560 1573/1/1559 1574/1/1561 
f 1280/1/1560 1574/1/1561 1291/1/1562 
f 1291/1/1562 1574/1/1561 1575/1/1563 
f 1291/1/1562 1575/1/1563 1289/1/1564 
f 1289/1/1564 1575/1/1563 1576/1/1565 
f 1289/1/1564 1576/1/1565 1248/1/1566 
f 1248/1/1566 1576/1/1565 1577/1/1567 
f 1248/1/1566 1577/1/1567 1246/1/1568 
f 1246/1/1568 1577/1/1567 1578/1/1569 
f 1208/1/1570 1579/1/1571 1209/1/1536 
f 1209/1/1536 1579/1/1571 1562/1/1537 
f 1580/1/1572 1581/1/1573 1194/1/1574 
f 1194/1/1574 1192/1/1575 1580/1/1572 
f 1580/1/1572 1192/1/1575 1190/1/1576 
f 1580/1/1572 1190/1/1576 1582/1/1577 
f 1582/1/1577 1190/1/1576 1189/1/1578 
f 1246/1/1568 1578/1/1569 1244/1/1579 
f 1244/1/1579 1578/1/1569 1583/1/1580 
f 1244/1/1579 1583/1/1580 1275/1/1581 
f 1275/1/1581 1583/1/1580 1584/1/1582 
f 1275/1/1581 1584/1/1582 1273/1/1583 
f 1273/1/1583 1584/1/1582 1585/1/1584 
f 1273/1/1583 1585/1/1584 1189/1/1578 
f 1189/1/1578 1585/1/1584 1586/1/1585 
f 1189/1/1578 1586/1/1585 1582/1/1577 
f 1579/1/1571 1208/1/1570 1587/1/1586 
f 1587/1/1586 1208/1/1570 1207/1/1587 
f 1587/1/1586 1207/1/1587 1206/1/1588 
f 1302/1/1589 1588/1/1590 1300/1/1591 
f 1300/1/1591 1588/1/1590 1589/1/1592 
f 1300/1/1591 1589/1/1592 1298/1/1593 
f 1298/1/1593 1589/1/1592 1590/1/1594 
f 1298/1/1593 1590/1/1594 1296/1/1595 
f 1296/1/1595 1590/1/1594 1591/1/1596 
f 1296/1/1595 1591/1/1596 1164/1/1597 
f 1164/1/1597 1591/1/1596 1592/1/1598 
f 1164/1/1597 1592/1/1598 1165/1/1599 
f 1165/1/1599 1592/1/1598 1593/1/1600 
f 1165/1/1599 1593/1/1600 1206/1/1588 
f 1206/1/1588 1593/1/1600 1594/1/1601 
f 1206/1/1588 1594/1/1601 1587/1/1586 
f 1588/1/1590 1302/1/1589 1595/1/1602 
f 1595/1/1602 1302/1/1589 1304/1/1603 
f 1595/1/1602 1304/1/1603 1596/1/1604 
f 1596/1/1604 1304/1/1603 1262/1/1605 
f 1596/1/1604 1262/1/1605 1597/1/1606 
f 1597/1/1606 1262/1/1605 1264/1/1607 
f 1194/1/1574 1581/1/1573 1196/1/1608 
f 1196/1/1608 1581/1/1573 1598/1/1609 
f 1196/1/1608 1598/1/1609 1197/1/1610 
f 1197/1/1610 1598/1/1609 1599/1/1611 
f 1197/1/1610 1599/1/1611 1268/1/1612 
f 1268/1/1612 1599/1/1611 1600/1/1613 
f 1268/1/1612 1600/1/1613 1266/1/1614 
f 1266/1/1614 1600/1/1613 1601/1/1615 
f 1266/1/1614 1601/1/1615 1264/1/1607 
f 1264/1/1607 1601/1/1615 1602/1/1616 
f 1264/1/1607 1602/1/1616 1597/1/1606 
f 1603/1/1617 1604/1/1618 1605/1/1619 
f 1606/1/1620 1607/1/1621 1608/1/1622 
f 1608/1/1622 1607/1/1621 1609/1/1623 
f 1608/1/1622 1609/1/1623 1610/1/1624 
f 1610/1/1624 1609/1/1623 1611/1/1625 
f 1612/1/1626 1613/1/1627 1614/1/1628 
f 1614/1/1628 1613/1/1627 1610/1/1624 
f 1614/1/1628 1610/1/1624 1615/1/1629 
f 1615/1/1629 1610/1/1624 1611/1/1625 
f 1612/1/1626 1616/1/1630 1613/1/1627 
f 1613/1/1627 1616/1/1630 1617/1/1631 
f 1613/1/1627 1617/1/1631 1604/1/1618 
f 1604/1/1618 1617/1/1631 1618/1/1632 
f 1604/1/1618 1618/1/1632 1605/1/1619 
f 1603/1/1617 1605/1/1619 1619/1/1633 
f 1619/1/1633 1605/1/1619 1620/1/1634 
f 1619/1/1633 1620/1/1634 1621/1/1635 
f 1622/1/1636 1623/1/1637 1624/1/1638 
f 1622/1/1636 1624/1/1638 1625/1/1639 
f 1625/1/1639 1624/1/1638 1626/1/1640 
f 1625/1/1639 1626/1/1640 1627/1/1641 
f 1627/1/1641 1626/1/1640 1628/1/1642 
f 1627/1/1641 1628/1/1642 1629/1/1643 
f 1629/1/1643 1628/1/1642 1630/1/1644 
f 1629/1/1643 1630/1/1644 1631/1/1645 
f 1631/1/1645 1630/1/1644 1632/1/1646 
f 1631/1/1645 1632/1/1646 1633/1/1647 
f 1633/1/1647 1632/1/1646 1634/1/1648 
f 1633/1/1647 1634/1/1648 1635/1/1649 
f 1635/1/1649 1634/1/1648 1636/1/1650 
f 1635/1/1649 1636/1/1650 1637/1/1651 
f 1637/1/1651 1636/1/1650 1638/1/1652 
f 1637/1/1651 1638/1/1652 1639/1/1653 
f 1639/1/1653 1638/1/1652 1640/1/1654 
f 1639/1/1653 1640/1/1654 1641/1/1655 
f 1641/1/1655 1640/1/1654 1642/1/1656 
f 1641/1/1655 1642/1/1656 1643/1/1657 
f 1643/1/1657 1642/1/1656 1644/1/1658 
f 1644/1/1658 1642/1/1656 1645/1/1659 
f 1644/1/1658 1645/1/1659 1646/1/1660 
f 1646/1/1660 1645/1/1659 1647/1/1661 
f 1646/1/1660 1647/1/1661 1648/1/1662 
f 1648/1/1662 1647/1/1661 1649/1/1663 
f 1648/1/1662 1649/1/1663 1650/1/1664 
f 1650/1/1664 1649/1/1663 1651/1/1665 
f 1650/1/1664 1651/1/1665 1652/1/1666 
f 1652/1/1666 1651/1/1665 1621/1/1635 
f 1652/1/1666 1621/1/1635 1620/1/1634 
s 16
f 1653/1/1667 1654/1/1668 1655/1/1669 
s 4
f 1655/1/1670 1654/1/1671 1656/1/1672 
s 16
f 1655/1/1669 1656/1/1673 1657/1/1674 
s 4
f 1657/1/1675 1656/1/1672 1658/1/1676 
f 1657/1/1675 1658/1/1676 1659/1/1677 
f 1660/1/1678 1606/1/1620 1608/1/1622 
f 1608/1/1622 1661/1/1679 1660/1/1678 
s 16
f 1660/1/1680 1661/1/1681 1662/1/1682 
f 1660/1/1680 1662/1/1682 1653/1/1667 
s 4
f 1653/1/1683 1662/1/1684 1663/1/1685 
f 1653/1/1683 1663/1/1685 1654/1/1671 
f 1664/1/1686 1665/1/1687 1666/1/1688 
f 1667/1/1689 1668/1/1690 1669/1/1691 
f 1669/1/1691 1670/1/1692 1667/1/1689 
f 1667/1/1689 1670/1/1692 1671/1/1693 
f 1667/1/1689 1671/1/1693 1672/1/1694 
f 1672/1/1694 1671/1/1693 1673/1/1695 
f 1672/1/1694 1673/1/1695 1674/1/1696 
f 1674/1/1696 1673/1/1695 1675/1/1697 
f 1674/1/1696 1675/1/1697 1676/1/1698 
f 1676/1/1698 1675/1/1697 1677/1/1699 
f 1676/1/1698 1677/1/1699 1678/1/1700 
f 1678/1/1700 1677/1/1699 1679/1/1701 
f 1678/1/1700 1679/1/1701 1680/1/1702 
f 1680/1/1702 1679/1/1701 1664/1/1686 
f 1680/1/1702 1664/1/1686 1681/1/1703 
f 1681/1/1703 1664/1/1686 1666/1/1688 
f 1668/1/1690 1682/1/1704 1669/1/1691 
f 1669/1/1691 1682/1/1704 1682/1/1705 
f 1669/1/1691 1682/1/1705 1683/1/1706 
f 1683/1/1706 1682/1/1705 1684/1/1707 
f 1683/1/1706 1684/1/1707 1685/1/1708 
f 1684/1/1707 1686/1/1709 1685/1/1708 
f 1685/1/1708 1686/1/1709 1687/1/1710 
f 1685/1/1708 1687/1/1710 1688/1/1711 
f 1688/1/1711 1687/1/1710 1689/1/1712 
f 1687/1/1710 1690/1/1713 1689/1/1712 
f 1689/1/1712 1690/1/1713 1691/1/1714 
f 1689/1/1712 1691/1/1714 1692/1/1715 
f 1692/1/1715 1691/1/1714 1693/1/1716 
f 1692/1/1715 1693/1/1716 1694/1/1717 
f 1694/1/1717 1693/1/1716 1695/1/1718 
f 1695/1/1718 1696/1/1719 1694/1/1717 
f 1694/1/1717 1696/1/1719 1623/1/1637 
f 1694/1/1717 1623/1/1637 1622/1/1636 
f 1658/1/1720 1659/1/1721 1658/1/1676 
f 1658/1/1676 1659/1/1721 1659/1/1677 
f 1697/1/1722 1698/1/1723 1699/1/1724 
f 1699/1/1724 1698/1/1723 1700/1/1725 
f 1699/1/1724 1700/1/1725 1701/1/1726 
f 1701/1/1726 1700/1/1725 1702/1/1727 
f 1701/1/1726 1702/1/1727 1703/1/1728 
f 1703/1/1728 1702/1/1727 1704/1/1729 
f 1705/1/1730 1706/1/1731 1702/1/1727 
f 1702/1/1727 1706/1/1731 1707/1/1732 
f 1702/1/1727 1707/1/1732 1704/1/1729 
f 1666/1/1688 1665/1/1687 1708/1/1733 
f 1708/1/1733 1665/1/1687 1709/1/1734 
f 1708/1/1733 1709/1/1734 1710/1/1735 
f 1710/1/1735 1709/1/1734 1711/1/1736 
f 1710/1/1735 1711/1/1736 1705/1/1730 
f 1705/1/1730 1711/1/1736 1712/1/1737 
f 1705/1/1730 1712/1/1737 1706/1/1731 
f 1713/1/1738 1714/1/1739 1715/1/1740 
f 1715/1/1740 1714/1/1739 1716/1/1741 
f 1715/1/1740 1717/1/1742 1713/1/1738 
f 1713/1/1738 1717/1/1742 1718/1/1743 
s 2
f 1713/1/1744 1718/1/1744 1719/1/1744 
s 4
f 1719/1/1745 1718/1/1743 1659/1/1721 
f 1719/1/1745 1659/1/1721 1658/1/1720 
f 1720/1/1746 1721/1/1747 1722/1/1748 
f 1720/1/1746 1722/1/1748 1723/1/1749 
f 1723/1/1749 1722/1/1748 1724/1/1750 
f 1723/1/1749 1724/1/1750 1725/1/1751 
f 1725/1/1751 1724/1/1750 1726/1/1752 
f 1725/1/1751 1726/1/1752 1727/1/1753 
f 1727/1/1753 1726/1/1752 1728/1/1754 
f 1728/1/1754 1726/1/1752 1729/1/1755 
f 1728/1/1754 1729/1/1755 1730/1/1756 
f 1730/1/1756 1729/1/1755 1698/1/1723 
f 1730/1/1756 1698/1/1723 1697/1/1722 
f 1731/1/1757 1732/1/1758 1733/1/1759 
f 1734/1/1760 1735/1/1761 1736/1/1762 
f 1736/1/1762 1735/1/1761 1737/1/1763 
f 1736/1/1762 1737/1/1763 1738/1/1764 
f 1738/1/1764 1737/1/1763 1739/1/1765 
f 1738/1/1764 1739/1/1765 1740/1/1766 
f 1740/1/1766 1739/1/1765 1741/1/1767 
f 1733/1/1759 1732/1/1758 1742/1/1768 
f 1742/1/1768 1732/1/1758 1743/1/1769 
f 1742/1/1768 1743/1/1769 1744/1/1770 
f 1744/1/1770 1743/1/1769 1745/1/1771 
f 1744/1/1770 1745/1/1771 1746/1/1772 
f 1746/1/1772 1745/1/1771 1747/1/1773 
f 1746/1/1772 1747/1/1773 1748/1/1774 
f 1748/1/1774 1747/1/1773 1749/1/1775 
f 1748/1/1774 1749/1/1775 1750/1/1776 
f 1750/1/1776 1749/1/1775 1751/1/1777 
f 1750/1/1776 1751/1/1777 1752/1/1778 
f 1752/1/1778 1751/1/1777 1753/1/1779 
f 1752/1/1778 1753/1/1779 1754/1/1780 
f 1754/1/1780 1753/1/1779 1755/1/1781 
f 1754/1/1780 1755/1/1781 1756/1/1782 
f 1756/1/1782 1755/1/1781 1757/1/1783 
f 1756/1/1782 1757/1/1783 1758/1/1784 
f 1758/1/1784 1757/1/1783 1759/1/1785 
f 1758/1/1784 1759/1/1785 1760/1/1786 
f 1760/1/1786 1759/1/1785 1761/1/1787 
f 1760/1/1786 1761/1/1787 1762/1/1788 
f 1762/1/1788 1761/1/1787 1763/1/1789 
f 1762/1/1788 1763/1/1789 1764/1/1790 
f 1764/1/1790 1763/1/1789 1765/1/1791 
f 1764/1/1790 1765/1/1791 1734/1/1760 
f 1734/1/1760 1765/1/1791 1766/1/1792 
f 1734/1/1760 1766/1/1792 1735/1/1761 
f 1716/1/1741 1714/1/1739 1767/1/1793 
f 1716/1/1741 1767/1/1793 1768/1/1794 
f 1768/1/1794 1767/1/1793 1769/1/1795 
f 1768/1/1794 1769/1/1795 1770/1/1796 
f 1770/1/1796 1769/1/1795 1771/1/1797 
f 1770/1/1796 1771/1/1797 1733/1/1759 
f 1733/1/1759 1771/1/1797 1772/1/1798 
f 1733/1/1759 1772/1/1798 1731/1/1757 
f 1720/1/1799 1721/1/1800 1720/1/1746 
f 1720/1/1746 1721/1/1800 1721/1/1747 
f 1773/1/1801 1774/1/1802 1775/1/1803 
f 1775/1/1803 1774/1/1802 1776/1/1804 
f 1775/1/1803 1776/1/1804 1777/1/1805 
f 1776/1/1804 1778/1/1806 1777/1/1805 
f 1777/1/1805 1778/1/1806 1740/1/1766 
f 1777/1/1805 1740/1/1766 1741/1/1767 
f 1779/1/1807 1780/1/1808 1781/1/1809 
f 1781/1/1809 1780/1/1808 1782/1/1810 
f 1781/1/1809 1782/1/1810 1783/1/1811 
f 1782/1/1810 1784/1/1812 1783/1/1811 
f 1783/1/1811 1784/1/1812 1785/1/1813 
f 1783/1/1811 1785/1/1813 1786/1/1814 
f 1786/1/1814 1785/1/1813 1721/1/1800 
f 1786/1/1814 1721/1/1800 1720/1/1799 
f 1773/1/1801 1775/1/1803 1787/1/1815 
f 1787/1/1815 1775/1/1803 1788/1/1816 
f 1787/1/1815 1788/1/1816 1789/1/1817 
f 1790/1/1818 1791/1/1819 1792/1/1820 
f 1790/1/1818 1792/1/1820 1793/1/1821 
f 1793/1/1821 1792/1/1820 1794/1/1822 
f 1793/1/1821 1794/1/1822 1795/1/1823 
f 1795/1/1823 1794/1/1822 1796/1/1824 
f 1795/1/1823 1796/1/1824 1797/1/1825 
f 1797/1/1825 1796/1/1824 1798/1/1826 
f 1797/1/1825 1798/1/1826 1799/1/1827 
f 1799/1/1827 1798/1/1826 1800/1/1828 
f 1799/1/1827 1800/1/1828 1801/1/1829 
f 1801/1/1829 1800/1/1828 1802/1/1830 
f 1801/1/1829 1802/1/1830 1803/1/1831 
f 1803/1/1831 1802/1/1830 1804/1/1832 
f 1804/1/1832 1802/1/1830 1805/1/1833 
f 1804/1/1832 1805/1/1833 1806/1/1834 
f 1806/1/1834 1805/1/1833 1807/1/1835 
f 1806/1/1834 1807/1/1835 1808/1/1836 
f 1808/1/1836 1807/1/1835 1809/1/1837 
f 1808/1/1836 1809/1/1837 1810/1/1838 
f 1810/1/1838 1809/1/1837 1811/1/1839 
f 1810/1/1838 1811/1/1839 1812/1/1840 
f 1812/1/1840 1811/1/1839 1813/1/1841 
f 1812/1/1840 1813/1/1841 1814/1/1842 
f 1814/1/1842 1813/1/1841 1815/1/1843 
f 1814/1/1842 1815/1/1843 1816/1/1844 
f 1815/1/1843 1817/1/1845 1816/1/1844 
f 1816/1/1844 1817/1/1845 1818/1/1846 
f 1816/1/1844 1818/1/1846 1819/1/1847 
f 1819/1/1847 1818/1/1846 1820/1/1848 
f 1819/1/1847 1820/1/1848 1821/1/1849 
f 1821/1/1849 1820/1/1848 1822/1/1850 
f 1821/1/1849 1822/1/1850 1823/1/1851 
f 1822/1/1850 1824/1/1852 1823/1/1851 
f 1823/1/1851 1824/1/1852 1825/1/1853 
f 1823/1/1851 1825/1/1853 1826/1/1854 
f 1826/1/1854 1825/1/1853 1827/1/1855 
f 1826/1/1854 1827/1/1855 1828/1/1856 
f 1828/1/1856 1827/1/1855 1829/1/1857 
f 1829/1/1857 1827/1/1855 1830/1/1858 
f 1829/1/1857 1830/1/1858 1831/1/1859 
f 1831/1/1859 1830/1/1858 1832/1/1860 
f 1832/1/1860 1830/1/1858 1779/1/1807 
f 1832/1/1860 1779/1/1807 1781/1/1809 
f 1789/1/1817 1788/1/1816 1833/1/1861 
f 1833/1/1861 1788/1/1816 1834/1/1862 
f 1833/1/1861 1834/1/1862 1835/1/1863 
f 1836/1/1864 1835/1/1863 1834/1/1862 
f 1790/1/1818 1837/1/1865 1791/1/1819 
f 1791/1/1819 1837/1/1865 1838/1/1866 
f 1791/1/1819 1838/1/1866 1839/1/1867 
f 1839/1/1867 1838/1/1866 1836/1/1864 
f 1839/1/1867 1836/1/1864 1840/1/1868 
f 1840/1/1868 1836/1/1864 1834/1/1862 
s 1
f 1841/1/1869 1842/1/1870 1843/1/1871 
f 1841/1/1869 1843/1/1871 1844/1/1872 
f 1844/1/1872 1843/1/1871 1845/1/1873 
f 1844/1/1872 1845/1/1873 1846/1/1874 
f 1846/1/1874 1845/1/1873 1847/1/1875 
f 1846/1/1874 1847/1/1875 1848/1/1876 
f 1848/1/1876 1847/1/1875 1849/1/1877 
f 1849/1/1877 1847/1/1875 1850/1/1878 
f 1851/1/1879 1842/1/1870 1841/1/1869 
f 1852/1/1880 1853/1/1881 1854/1/1882 
f 1854/1/1882 1853/1/1881 1855/1/1883 
f 1855/1/1883 1853/1/1881 1856/1/1884 
f 1855/1/1883 1856/1/1884 1857/1/1885 
f 1852/1/1880 1854/1/1882 1858/1/1886 
f 1858/1/1886 1854/1/1882 1859/1/1887 
f 1858/1/1886 1859/1/1887 1860/1/1888 
f 1859/1/1887 1861/1/1889 1860/1/1888 
f 1860/1/1888 1861/1/1889 1862/1/1890 
f 1860/1/1888 1862/1/1890 1841/1/1869 
f 1841/1/1869 1862/1/1890 1863/1/1891 
f 1841/1/1869 1863/1/1891 1851/1/1879 
f 1864/1/1892 1849/1/1877 1865/1/1893 
f 1865/1/1893 1849/1/1877 1850/1/1878 
f 1866/1/1894 1867/1/1895 1868/1/1896 
f 1868/1/1896 1869/1/1897 1866/1/1894 
f 1866/1/1894 1869/1/1897 1870/1/1898 
f 1866/1/1894 1870/1/1898 1871/1/1899 
f 1871/1/1899 1870/1/1898 1872/1/1900 
f 1872/1/1900 1873/1/1901 1871/1/1899 
f 1871/1/1899 1873/1/1901 1874/1/1902 
f 1871/1/1899 1874/1/1902 1875/1/1903 
f 1875/1/1903 1874/1/1902 1876/1/1904 
f 1875/1/1903 1876/1/1904 1877/1/1905 
f 1877/1/1905 1876/1/1904 1878/1/1906 
f 1877/1/1905 1878/1/1906 1879/1/1907 
f 1879/1/1907 1878/1/1906 1857/1/1885 
f 1879/1/1907 1857/1/1885 1856/1/1884 
f 1880/1/1908 1881/1/1909 1882/1/1910 
f 1880/1/1908 1882/1/1910 1883/1/1911 
f 1883/1/1911 1882/1/1910 1864/1/1892 
f 1883/1/1911 1864/1/1892 1865/1/1893 
f 1884/1/1912 1885/1/1913 1886/1/1914 
f 1886/1/1914 1885/1/1913 1887/1/1915 
f 1886/1/1914 1887/1/1915 1888/1/1916 
f 1888/1/1916 1887/1/1915 1889/1/1917 
f 1889/1/1917 1887/1/1915 1867/1/1895 
f 1889/1/1917 1867/1/1895 1866/1/1894 
f 1881/1/1909 1880/1/1908 1890/1/1918 
f 1890/1/1918 1880/1/1908 1891/1/1919 
f 1890/1/1918 1891/1/1919 1892/1/1920 
f 1892/1/1920 1891/1/1919 1893/1/1921 
f 1885/1/1913 1884/1/1912 1894/1/1922 
f 1894/1/1922 1884/1/1912 1895/1/1923 
f 1896/1/1924 1897/1/1925 1893/1/1921 
f 1893/1/1921 1897/1/1925 1898/1/1926 
f 1893/1/1921 1898/1/1926 1892/1/1920 
f 1899/1/1927 1894/1/1922 1900/1/1928 
f 1900/1/1928 1894/1/1922 1895/1/1923 
f 1899/1/1927 1900/1/1928 1901/1/1929 
f 1901/1/1929 1900/1/1928 1902/1/1930 
f 1901/1/1929 1902/1/1930 1903/1/1931 
f 1903/1/1931 1902/1/1930 1904/1/1932 
f 1903/1/1931 1904/1/1932 1905/1/1933 
f 1904/1/1932 1906/1/1934 1905/1/1933 
f 1905/1/1933 1906/1/1934 1907/1/1935 
f 1905/1/1933 1907/1/1935 1908/1/1936 
s 16
f 1909/1/1937 1910/1/1938 1911/1/1939 
f 1911/1/1939 1910/1/1938 1912/1/1940 
f 1913/1/1941 1911/1/1939 1913/1/1942 
f 1913/1/1942 1911/1/1939 1912/1/1940 
f 1913/1/1942 1912/1/1940 1914/1/1943 
f 1915/1/1944 1916/1/1945 1917/1/1946 
f 1917/1/1946 1916/1/1945 1918/1/1947 
s 4
f 1917/1/1948 1918/1/1948 1919/1/1948 
s 16
f 1919/1/1949 1918/1/1947 1913/1/1942 
f 1919/1/1949 1913/1/1942 1914/1/1943 
f 1913/1/1941 1913/1/1942 1917/1/1950 
f 1917/1/1950 1913/1/1942 1918/1/1947 
f 1917/1/1950 1918/1/1947 1916/1/1951 
f 1916/1/1951 1918/1/1947 1916/1/1945 
f 1916/1/1951 1916/1/1945 1916/1/1952 
f 1916/1/1945 1920/1/1953 1916/1/1952 
f 1915/1/1954 1920/1/1953 1915/1/1955 
f 1915/1/1955 1920/1/1953 1916/1/1945 
f 1915/1/1955 1916/1/1945 1915/1/1944 
f 1921/1/1956 1916/1/1952 1920/1/1953 
f 1922/1/1957 1923/1/1958 1924/1/1959 
f 1924/1/1959 1923/1/1958 1925/1/1960 
f 1924/1/1959 1925/1/1960 1926/1/1961 
f 1915/1/1962 1927/1/1963 1922/1/1957 
f 1922/1/1957 1927/1/1963 1927/1/1964 
f 1922/1/1957 1927/1/1964 1923/1/1958 
f 1922/1/1957 1922/1/1965 1915/1/1962 
f 1915/1/1962 1922/1/1965 1928/1/1966 
f 1915/1/1962 1928/1/1966 1915/1/1954 
f 1915/1/1954 1928/1/1966 1928/1/1967 
f 1915/1/1954 1928/1/1967 1920/1/1953 
f 1920/1/1953 1928/1/1967 1928/1/1968 
f 1920/1/1953 1928/1/1968 1921/1/1956 
f 1921/1/1956 1928/1/1968 1929/1/1969 
f 1921/1/1956 1929/1/1969 1930/1/1970 
f 1927/1/1971 1923/1/1972 1927/1/1973 
s 4
f 1931/1/1974 1927/1/1975 1927/1/1976 
s 16
f 1927/1/1963 1915/1/1962 1927/1/1977 
f 1927/1/1977 1915/1/1962 1915/1/1978 
f 1927/1/1977 1915/1/1978 1915/1/1979 
s 4
f 1927/1/1976 1927/1/1975 1927/1/1980 
s 16
f 1927/1/1973 1927/1/1981 1927/1/1982 
f 1927/1/1973 1927/1/1982 1927/1/1971 
f 1927/1/1964 1927/1/1983 1923/1/1958 
f 1923/1/1958 1927/1/1983 1923/1/1984 
f 1923/1/1958 1923/1/1984 1925/1/1960 
f 1915/1/1944 1915/1/1985 1915/1/1955 
f 1915/1/1955 1915/1/1985 1915/1/1986 
f 1927/1/1964 1927/1/1963 1927/1/1983 
f 1927/1/1983 1927/1/1963 1927/1/1977 
f 1927/1/1983 1927/1/1977 1931/1/1987 
f 1931/1/1987 1927/1/1977 1915/1/1979 
s 4
f 1931/1/1988 1915/1/1989 1915/1/1989 
s 16
f 1915/1/1986 1915/1/1979 1915/1/1978 
f 1915/1/1986 1915/1/1978 1915/1/1955 
f 1915/1/1955 1915/1/1978 1915/1/1962 
f 1915/1/1955 1915/1/1962 1915/1/1954 
f 1915/1/1986 1931/1/1990 1931/1/1987 
s 4
f 1931/1/1988 1931/1/1974 1927/1/1976 
s 16
f 1931/1/1987 1927/1/1991 1927/1/1983 
f 1927/1/1983 1927/1/1991 1927/1/1973 
s 4
f 1927/1/1992 1927/1/1980 1923/1/1992 
s 16
f 1923/1/1984 1927/1/1973 1923/1/1972 
f 1923/1/1984 1923/1/1972 1925/1/1960 
s 4
f 1927/1/1993 1925/1/1993 1923/1/1993 
s 16
f 1932/1/1994 1933/1/1995 1933/1/1996 
f 1934/1/1997 1928/1/1968 1928/1/1967 
f 1926/1/1961 1935/1/1998 1936/1/1999 
f 1937/1/2000 1922/1/1957 1924/1/1959 
f 1933/1/1996 1933/1/1995 1928/1/1966 
f 1933/1/1996 1928/1/1966 1922/1/1965 
f 1934/1/2001 1930/1/1970 1934/1/1997 
f 1934/1/1997 1930/1/1970 1929/1/1969 
f 1934/1/1997 1929/1/1969 1928/1/1968 
f 1938/1/2002 1939/1/2003 1940/1/2004 
f 1941/1/2005 1942/1/2006 1943/1/2007 
f 1943/1/2007 1942/1/2006 1944/1/2008 
f 1943/1/2007 1944/1/2008 1945/1/2009 
f 1945/1/2009 1944/1/2008 1946/1/2010 
f 1947/1/2011 1932/1/1994 1948/1/2012 
f 1948/1/2012 1932/1/1994 1933/1/1996 
f 1948/1/2012 1933/1/1996 1937/1/2000 
f 1937/1/2000 1933/1/1996 1922/1/1965 
f 1937/1/2000 1922/1/1965 1922/1/1957 
f 1949/1/2013 1932/1/2014 1932/1/2015 
f 1932/1/2015 1932/1/2014 1934/1/1997 
f 1934/1/1997 1932/1/2014 1934/1/2001 
f 1940/1/2004 1949/1/2013 1947/1/2011 
f 1947/1/2011 1949/1/2013 1932/1/2015 
f 1947/1/2011 1932/1/2015 1932/1/1994 
f 1932/1/1994 1932/1/2015 1934/1/1997 
f 1932/1/1994 1934/1/1997 1933/1/1995 
f 1933/1/1995 1934/1/1997 1928/1/1967 
f 1933/1/1995 1928/1/1967 1928/1/1966 
f 1950/1/2016 1951/1/2017 1952/1/2018 
f 1941/1/2005 1943/1/2007 1953/1/2019 
f 1953/1/2019 1943/1/2007 1954/1/2020 
f 1953/1/2019 1954/1/2020 1955/1/2021 
f 1953/1/2019 1955/1/2021 1956/1/2022 
f 1956/1/2022 1955/1/2021 1957/1/2023 
f 1958/1/2024 1959/1/2025 1960/1/2026 
f 1952/1/2018 1958/1/2024 1950/1/2016 
f 1950/1/2016 1958/1/2024 1944/1/2008 
f 1944/1/2008 1958/1/2024 1960/1/2026 
f 1944/1/2008 1960/1/2026 1946/1/2010 
f 1954/1/2020 1947/1/2027 1955/1/2021 
f 1955/1/2021 1947/1/2027 1961/1/2028 
f 1955/1/2021 1961/1/2028 1957/1/2023 
f 1957/1/2023 1961/1/2028 1936/1/1999 
f 1957/1/2023 1936/1/1999 1935/1/1998 
f 1924/1/1959 1926/1/1961 1936/1/1999 
f 1924/1/1959 1936/1/1999 1937/1/2000 
f 1937/1/2000 1936/1/1999 1961/1/2028 
f 1937/1/2000 1961/1/2028 1948/1/2012 
f 1948/1/2012 1961/1/2028 1947/1/2027 
f 1948/1/2012 1947/1/2027 1947/1/2011 
f 1947/1/2011 1947/1/2027 1954/1/2020 
f 1947/1/2011 1954/1/2020 1940/1/2004 
f 1940/1/2004 1954/1/2020 1943/1/2007 
f 1940/1/2004 1943/1/2007 1938/1/2002 
f 1938/1/2002 1943/1/2007 1945/1/2009 
f 1938/1/2002 1945/1/2009 1939/1/2003 
f 1962/1/2029 1962/1/2030 1963/1/2031 
f 1964/1/2032 1965/1/2033 1966/1/2034 
f 1958/1/2024 1962/1/2030 1962/1/2029 
f 1958/1/2024 1962/1/2029 1959/1/2025 
f 1967/1/2035 1967/1/2036 1968/1/2037 
f 1968/1/2037 1967/1/2036 1969/1/2038 
f 1968/1/2037 1969/1/2038 1970/1/2039 
f 1970/1/2039 1969/1/2038 1971/1/2040 
f 1970/1/2039 1971/1/2040 1971/1/2041 
f 1971/1/2041 1971/1/2040 1972/1/2042 
s 4
f 1971/1/2043 1972/1/2043 1973/1/2043 
s 16
f 1958/1/2024 1952/1/2018 1962/1/2030 
f 1962/1/2030 1952/1/2018 1974/1/2044 
f 1962/1/2030 1974/1/2044 1963/1/2031 
f 1963/1/2031 1974/1/2044 1975/1/2045 
f 1976/1/2046 1964/1/2032 1977/1/2047 
f 1977/1/2047 1964/1/2032 1966/1/2034 
f 1977/1/2047 1966/1/2034 1978/1/2048 
f 1978/1/2048 1966/1/2034 1979/1/2049 
f 1978/1/2048 1979/1/2049 1980/1/2050 
f 1981/1/2051 1982/1/2052 1980/1/2050 
f 1980/1/2050 1982/1/2052 1983/1/2053 
f 1980/1/2050 1983/1/2053 1978/1/2048 
f 1978/1/2048 1983/1/2053 1975/1/2045 
f 1978/1/2048 1975/1/2045 1977/1/2047 
f 1977/1/2047 1975/1/2045 1974/1/2044 
f 1977/1/2047 1974/1/2044 1976/1/2046 
f 1976/1/2046 1974/1/2044 1952/1/2018 
f 1976/1/2046 1952/1/2018 1951/1/2017 
f 1982/1/2052 1967/1/2035 1983/1/2053 
f 1983/1/2053 1967/1/2035 1968/1/2037 
f 1983/1/2053 1968/1/2037 1975/1/2045 
f 1975/1/2045 1968/1/2037 1970/1/2039 
f 1975/1/2045 1970/1/2039 1963/1/2031 
f 1963/1/2031 1970/1/2039 1971/1/2041 
f 1963/1/2031 1971/1/2041 1962/1/2029 
f 1962/1/2029 1971/1/2041 1973/1/2054 
f 1962/1/2029 1973/1/2054 1959/1/2025 
f 1984/1/2055 1981/1/2051 1980/1/2050 
f 1985/1/2056 1986/1/2057 1984/1/2055 
f 1984/1/2055 1980/1/2050 1985/1/2056 
f 1985/1/2056 1980/1/2050 1979/1/2049 
f 1985/1/2056 1979/1/2049 1987/1/2058 
f 1987/1/2058 1979/1/2049 1966/1/2034 
f 1987/1/2058 1966/1/2034 1987/1/2059 
f 1987/1/2059 1966/1/2034 1988/1/2060 
f 1988/1/2060 1966/1/2034 1965/1/2033 
f 1988/1/2060 1965/1/2033 1988/1/2061 
f 1989/1/2062 1986/1/2057 1985/1/2056 
f 1990/1/2063 1991/1/2064 1991/1/2065 
f 1990/1/2063 1991/1/2065 1992/1/2066 
f 1988/1/2061 1990/1/2063 1988/1/2060 
f 1988/1/2060 1990/1/2063 1992/1/2066 
f 1988/1/2060 1992/1/2066 1987/1/2059 
f 1987/1/2059 1992/1/2066 1993/1/2067 
f 1994/1/2068 1989/1/2062 1995/1/2069 
f 1995/1/2069 1989/1/2062 1985/1/2056 
f 1995/1/2069 1985/1/2056 1993/1/2067 
f 1993/1/2067 1985/1/2056 1987/1/2058 
f 1993/1/2067 1987/1/2058 1987/1/2059 
f 1991/1/2065 1996/1/2070 1992/1/2066 
f 1992/1/2066 1996/1/2070 1997/1/2071 
f 1992/1/2066 1997/1/2071 1993/1/2067 
f 1993/1/2067 1997/1/2071 1998/1/2072 
f 1993/1/2067 1998/1/2072 1995/1/2069 
f 1999/1/2073 1994/1/2068 1995/1/2069 
f 1991/1/2065 1991/1/2064 2000/1/2074 
f 1991/1/2065 2000/1/2074 1996/1/2070 
f 1996/1/2070 2000/1/2074 2001/1/2075 
f 1996/1/2070 2001/1/2075 1997/1/2071 
f 1997/1/2071 2001/1/2075 2002/1/2076 
f 1997/1/2071 2002/1/2076 1998/1/2072 
f 2003/1/2077 1999/1/2073 2004/1/2078 
f 2004/1/2078 1999/1/2073 1995/1/2069 
f 2004/1/2078 1995/1/2069 2004/1/2079 
f 2004/1/2079 1995/1/2069 1998/1/2072 
f 2004/1/2079 1998/1/2072 2002/1/2080 
f 2002/1/2080 1998/1/2072 2002/1/2076 
f 2005/1/2081 2002/1/2076 2001/1/2075 
f 2006/1/2082 2007/1/2083 2008/1/2084 
f 2009/1/2085 2010/1/2086 2011/1/2087 
f 2011/1/2087 2010/1/2086 2012/1/2088 
f 2013/1/2089 2014/1/2090 2015/1/2091 
f 2016/1/2092 2017/1/2093 2018/1/2094 
f 2018/1/2094 2017/1/2093 2019/1/2095 
f 2018/1/2094 2019/1/2095 2020/1/2096 
f 2020/1/2096 2019/1/2095 2021/1/2097 
f 2020/1/2096 2021/1/2097 2022/1/2098 
f 2022/1/2098 2021/1/2097 2023/1/2099 
f 2012/1/2100 2024/1/2101 2024/1/2102 
f 2008/1/2084 2009/1/2085 2006/1/2082 
f 2006/1/2082 2009/1/2085 2011/1/2087 
f 2006/1/2082 2011/1/2087 2025/1/2103 
f 2025/1/2103 2011/1/2087 2012/1/2088 
f 2025/1/2103 2012/1/2088 2012/1/2100 
f 2012/1/2100 2012/1/2088 2026/1/2104 
f 2012/1/2100 2026/1/2104 2024/1/2101 
f 2024/1/2102 2027/1/2105 2012/1/2100 
f 2012/1/2100 2027/1/2105 2027/1/2106 
f 2012/1/2100 2027/1/2106 2025/1/2103 
f 2025/1/2103 2027/1/2106 2025/1/2107 
f 2028/1/2108 2029/1/2109 2005/1/2081 
f 2030/1/2110 2031/1/2111 2032/1/2112 
f 2029/1/2109 2028/1/2108 2033/1/2113 
f 2033/1/2113 2028/1/2108 2028/1/2114 
f 2033/1/2113 2028/1/2114 2034/1/2115 
f 2035/1/2116 2036/1/2117 2028/1/2108 
f 2028/1/2108 2036/1/2117 2028/1/2114 
f 2028/1/2114 2036/1/2117 2036/1/2118 
f 2028/1/2114 2036/1/2118 2034/1/2115 
f 2037/1/2119 2038/1/2120 2008/1/2121 
f 2014/1/2090 2038/1/2120 2015/1/2091 
f 2015/1/2091 2038/1/2120 2037/1/2119 
f 2015/1/2091 2037/1/2119 2039/1/2122 
f 2039/1/2122 2037/1/2119 2032/1/2112 
f 2014/1/2090 2023/1/2099 2038/1/2120 
f 2038/1/2120 2023/1/2099 2021/1/2097 
f 2038/1/2120 2021/1/2097 2008/1/2121 
f 2008/1/2121 2021/1/2097 2019/1/2095 
f 2008/1/2121 2019/1/2095 2010/1/2123 
f 2010/1/2123 2019/1/2095 2017/1/2093 
f 2010/1/2123 2017/1/2093 2040/1/2124 
f 2040/1/2124 2017/1/2093 2041/1/2125 
f 2040/1/2124 2041/1/2125 2041/1/2126 
f 2034/1/2115 2003/1/2077 2033/1/2113 
f 2033/1/2113 2003/1/2077 2004/1/2078 
f 2033/1/2113 2004/1/2078 2029/1/2109 
f 2029/1/2109 2004/1/2078 2004/1/2079 
f 2029/1/2109 2004/1/2079 2005/1/2081 
f 2005/1/2081 2004/1/2079 2002/1/2080 
f 2005/1/2081 2002/1/2080 2002/1/2076 
f 2030/1/2110 2007/1/2083 2042/1/2127 
f 2042/1/2127 2007/1/2083 2006/1/2082 
f 2042/1/2127 2006/1/2082 2042/1/2128 
f 2042/1/2128 2006/1/2082 2025/1/2103 
f 2042/1/2128 2025/1/2103 2025/1/2129 
f 2025/1/2129 2025/1/2103 2025/1/2107 
f 2031/1/2111 2035/1/2116 2032/1/2112 
f 2032/1/2112 2035/1/2116 2028/1/2108 
f 2032/1/2112 2028/1/2108 2039/1/2122 
f 2039/1/2122 2028/1/2108 2005/1/2081 
f 2039/1/2122 2005/1/2081 2015/1/2091 
f 2015/1/2091 2005/1/2081 2001/1/2075 
f 2015/1/2091 2001/1/2075 2013/1/2089 
f 2013/1/2089 2001/1/2075 2000/1/2074 
f 2030/1/2110 2032/1/2112 2007/1/2083 
f 2007/1/2083 2032/1/2112 2037/1/2119 
f 2007/1/2083 2037/1/2119 2008/1/2084 
f 2008/1/2084 2037/1/2119 2008/1/2121 
f 2008/1/2084 2008/1/2121 2009/1/2085 
s 1
f 2009/1/2130 2008/1/2130 2010/1/2130 
s 16
f 2009/1/2085 2010/1/2123 2010/1/2086 
f 2010/1/2086 2010/1/2123 2040/1/2124 
f 2010/1/2086 2040/1/2124 2012/1/2088 
f 2012/1/2088 2040/1/2124 2041/1/2126 
f 2012/1/2088 2041/1/2126 2026/1/2104 
f 2043/1/2131 2044/1/2132 2045/1/2133 
f 2024/1/2102 2024/1/2101 2046/1/2134 
f 2046/1/2134 2024/1/2101 2047/1/2135 
f 2046/1/2134 2047/1/2135 2048/1/2136 
f 2016/1/2092 2043/1/2131 2017/1/2093 
f 2017/1/2093 2043/1/2131 2045/1/2133 
f 2017/1/2093 2045/1/2133 2041/1/2125 
f 2041/1/2125 2045/1/2133 2047/1/2137 
f 2041/1/2125 2047/1/2137 2041/1/2126 
f 2041/1/2126 2047/1/2137 2047/1/2135 
f 2041/1/2126 2047/1/2135 2026/1/2104 
f 2026/1/2104 2047/1/2135 2024/1/2101 
f 2049/1/2138 2048/1/2136 2047/1/2135 
f 2050/1/2139 2051/1/2140 2052/1/2141 
f 2052/1/2141 2051/1/2140 2053/1/2142 
f 2052/1/2141 2053/1/2142 2054/1/2143 
f 2044/1/2132 2050/1/2139 2045/1/2133 
f 2045/1/2133 2050/1/2139 2052/1/2141 
f 2045/1/2133 2052/1/2141 2047/1/2137 
f 2047/1/2137 2052/1/2141 2054/1/2143 
f 2055/1/2144 2056/1/2145 2049/1/2138 
f 2047/1/2137 2054/1/2143 2057/1/2146 
f 2047/1/2137 2057/1/2146 2047/1/2135 
f 2047/1/2135 2057/1/2146 2057/1/2147 
f 2047/1/2135 2057/1/2147 2049/1/2138 
f 2049/1/2138 2057/1/2147 2055/1/2144 
f 2058/1/2148 2059/1/2149 2060/1/2150 
f 2053/1/2142 2051/1/2140 2061/1/2151 
f 2057/1/2147 2057/1/2146 2062/1/2152 
f 2062/1/2152 2057/1/2146 2054/1/2143 
f 2062/1/2152 2054/1/2143 2062/1/2153 
f 2062/1/2153 2054/1/2143 2063/1/2154 
f 2063/1/2154 2054/1/2143 2053/1/2142 
f 2063/1/2154 2053/1/2142 2064/1/2155 
f 2064/1/2155 2053/1/2142 2061/1/2151 
f 2064/1/2155 2061/1/2151 2064/1/2156 
f 2058/1/2148 2060/1/2150 2065/1/2157 
f 2062/1/2152 2062/1/2158 2057/1/2147 
f 2057/1/2147 2062/1/2158 2065/1/2157 
f 2057/1/2147 2065/1/2157 2055/1/2144 
f 2055/1/2144 2065/1/2157 2060/1/2150 
f 2055/1/2144 2060/1/2150 2056/1/2145 
f 2066/1/2159 2067/1/2160 2065/1/2157 
f 2065/1/2157 2067/1/2160 2058/1/2148 
f 2068/1/2161 2069/1/2162 2070/1/2163 
f 2071/1/2164 2072/1/2165 2073/1/2166 
f 2073/1/2166 2072/1/2165 2069/1/2162 
f 2068/1/2161 2074/1/2167 2069/1/2162 
f 2069/1/2162 2074/1/2167 2075/1/2168 
f 2069/1/2162 2075/1/2168 2073/1/2166 
f 2076/1/2169 2077/1/2170 2077/1/2171 
f 2077/1/2171 2077/1/2170 2077/1/2172 
f 2077/1/2171 2077/1/2172 2059/1/2149 
f 2078/1/2173 2078/1/2174 2076/1/2169 
f 2079/1/2175 2080/1/2176 2078/1/2173 
f 2078/1/2173 2080/1/2176 2081/1/2177 
f 2078/1/2173 2081/1/2177 2078/1/2174 
f 2072/1/2165 2079/1/2178 2069/1/2162 
f 2069/1/2162 2079/1/2178 2082/1/2179 
f 2069/1/2162 2082/1/2179 2070/1/2163 
f 2070/1/2163 2082/1/2179 2083/1/2180 
f 2065/1/2157 2062/1/2158 2066/1/2159 
f 2066/1/2159 2062/1/2158 2062/1/2152 
f 2066/1/2159 2062/1/2152 2084/1/2181 
f 2084/1/2181 2062/1/2152 2062/1/2153 
f 2084/1/2181 2062/1/2153 2063/1/2154 
f 2079/1/2178 2079/1/2175 2082/1/2179 
f 2082/1/2179 2079/1/2175 2078/1/2173 
f 2082/1/2179 2078/1/2173 2083/1/2180 
f 2083/1/2180 2078/1/2173 2076/1/2169 
f 2083/1/2180 2076/1/2169 2076/1/2182 
f 2076/1/2182 2076/1/2169 2077/1/2171 
f 2076/1/2182 2077/1/2171 2083/1/2180 
f 2059/1/2149 2058/1/2148 2077/1/2171 
f 2077/1/2171 2058/1/2148 2067/1/2160 
f 2077/1/2171 2067/1/2160 2083/1/2180 
f 2083/1/2180 2067/1/2160 2066/1/2159 
f 2083/1/2180 2066/1/2159 2070/1/2163 
f 2070/1/2163 2066/1/2159 2084/1/2181 
f 2070/1/2163 2084/1/2181 2068/1/2161 
f 2068/1/2161 2084/1/2181 2063/1/2154 
f 2068/1/2161 2063/1/2154 2074/1/2167 
f 2074/1/2167 2063/1/2154 2064/1/2155 
f 2074/1/2167 2064/1/2155 2064/1/2156 
f 2072/1/2165 2071/1/2164 2085/1/2183 
f 2086/1/2184 2080/1/2176 2079/1/2175 
f 2086/1/2184 2079/1/2175 2087/1/2185 
f 2079/1/2175 2079/1/2178 2087/1/2185 
f 2087/1/2185 2079/1/2178 2072/1/2165 
f 2087/1/2185 2072/1/2165 2087/1/2186 
f 2087/1/2186 2072/1/2165 2085/1/2183 
f 2087/1/2186 2085/1/2183 2087/1/2187 
f 2088/1/2188 2086/1/2184 2089/1/2189 
f 2089/1/2189 2086/1/2184 2087/1/2185 
f 2089/1/2189 2087/1/2185 2090/1/2190 
f 2090/1/2190 2087/1/2185 2087/1/2186 
f 2090/1/2190 2087/1/2186 2087/1/2187 
f 2090/1/2190 2091/1/2191 2089/1/2189 
f 2089/1/2189 2091/1/2191 2092/1/2192 
f 2089/1/2189 2092/1/2192 2088/1/2188 
f 2088/1/2188 2092/1/2192 2093/1/2193 
f 2094/1/2194 2095/1/2195 2096/1/2196 
f 2096/1/2196 2095/1/2195 2097/1/2197 
f 2097/1/2197 2095/1/2195 2098/1/2198 
f 2098/1/2198 2095/1/2195 2092/1/2192 
f 2098/1/2198 2092/1/2192 2091/1/2191 
f 2093/1/2193 2092/1/2192 2099/1/2199 
f 2099/1/2199 2092/1/2192 2095/1/2195 
f 2099/1/2199 2095/1/2195 2100/1/2200 
f 2100/1/2200 2095/1/2195 2094/1/2194 
f 2100/1/2200 2094/1/2194 2101/1/2201 
f 2102/1/2202 2103/1/2203 2104/1/2204 
f 2105/1/2205 2101/1/2201 2094/1/2194 
f 2106/1/2206 2107/1/2207 2108/1/2208 
f 2108/1/2208 2107/1/2207 2109/1/2209 
f 2108/1/2208 2109/1/2209 2110/1/2210 
f 2111/1/2211 2112/1/2212 2107/1/2207 
f 2107/1/2207 2112/1/2212 2113/1/2213 
f 2107/1/2207 2113/1/2213 2109/1/2209 
f 2114/1/2214 2115/1/2215 2116/1/2216 
f 2116/1/2216 2115/1/2215 2117/1/2217 
f 2116/1/2216 2117/1/2217 2118/1/2218 
f 2118/1/2218 2117/1/2217 2119/1/2219 
f 2119/1/2219 2117/1/2217 2120/1/2220 
f 2119/1/2219 2120/1/2220 2121/1/2221 
f 2096/1/2196 2121/1/2221 2094/1/2194 
f 2094/1/2194 2121/1/2221 2120/1/2220 
f 2094/1/2194 2120/1/2220 2105/1/2205 
s 4
f 2105/1/2222 2120/1/2222 2117/1/2222 
s 16
f 2105/1/2205 2117/1/2217 2122/1/2223 
f 2122/1/2223 2117/1/2217 2115/1/2215 
f 2122/1/2223 2115/1/2215 2123/1/2224 
f 2124/1/2225 2104/1/2204 2114/1/2214 
f 2114/1/2214 2104/1/2204 2103/1/2203 
f 2114/1/2214 2103/1/2203 2115/1/2215 
f 2115/1/2215 2103/1/2203 2125/1/2226 
f 2115/1/2215 2125/1/2226 2123/1/2224 
f 2126/1/2227 2126/1/2228 2127/1/2229 
s 4
f 2127/1/2230 2126/1/2230 2128/1/2230 
s 16
f 2127/1/2229 2128/1/2231 2129/1/2232 
f 2129/1/2232 2128/1/2231 2130/1/2233 
f 2126/1/2227 2125/1/2226 2126/1/2228 
f 2126/1/2228 2125/1/2226 2103/1/2203 
f 2126/1/2228 2103/1/2203 2128/1/2231 
s 1
f 2128/1/2234 2103/1/2234 2102/1/2235 
s 16
f 2128/1/2231 2102/1/2202 2130/1/2233 
f 2130/1/2233 2102/1/2202 2131/1/2236 
f 2130/1/2233 2131/1/2236 2129/1/2232 
f 2129/1/2232 2131/1/2236 2132/1/2237 
f 2124/1/2225 2111/1/2211 2104/1/2204 
f 2104/1/2204 2111/1/2211 2107/1/2207 
f 2104/1/2204 2107/1/2207 2102/1/2202 
f 2102/1/2202 2107/1/2207 2106/1/2206 
s 1
f 2102/1/2235 2106/1/2238 2131/1/2238 
s 16
f 2131/1/2236 2106/1/2206 2133/1/2239 
f 2131/1/2236 2133/1/2239 2132/1/2237 
f 2132/1/2237 2133/1/2239 2134/1/2240 
f 2135/1/2241 2136/1/2242 2137/1/2243 
f 2108/1/2208 2110/1/2210 2135/1/2241 
f 2138/1/2244 2139/1/2245 2140/1/2246 
f 2135/1/2241 2137/1/2243 2108/1/2208 
f 2108/1/2208 2137/1/2243 2141/1/2247 
f 2108/1/2208 2141/1/2247 2106/1/2206 
f 2106/1/2206 2141/1/2247 2138/1/2244 
f 2106/1/2206 2138/1/2244 2133/1/2239 
f 2133/1/2239 2138/1/2244 2140/1/2246 
f 2133/1/2239 2140/1/2246 2134/1/2240 
f 2137/1/2243 2136/1/2242 2142/1/2248 
f 2143/1/2249 2144/1/2250 2143/1/2251 
f 2143/1/2251 2144/1/2250 2144/1/2252 
f 2142/1/2248 2145/1/2253 2137/1/2243 
f 2137/1/2243 2145/1/2253 2146/1/2254 
f 2137/1/2243 2146/1/2254 2141/1/2247 
f 2141/1/2247 2146/1/2254 2144/1/2250 
f 2141/1/2247 2144/1/2250 2138/1/2244 
f 2138/1/2244 2144/1/2250 2143/1/2249 
f 2138/1/2244 2143/1/2249 2139/1/2245 
f 2146/1/2254 2145/1/2253 2147/1/2255 
f 2147/1/2255 2145/1/2253 2148/1/2256 
f 2148/1/2256 2145/1/2253 2148/1/2257 
f 2148/1/2257 2145/1/2253 2142/1/2248 
f 2148/1/2257 2142/1/2248 2149/1/2258 
f 2146/1/2254 2147/1/2255 2144/1/2250 
f 2144/1/2250 2147/1/2255 2150/1/2259 
f 2144/1/2250 2150/1/2259 2144/1/2252 
f 2144/1/2252 2150/1/2259 2151/1/2260 
f 2151/1/2260 2150/1/2259 2152/1/2261 
f 2152/1/2261 2150/1/2259 2153/1/2262 
f 2148/1/2256 2154/1/2263 2147/1/2255 
f 2147/1/2255 2154/1/2263 2153/1/2262 
f 2147/1/2255 2153/1/2262 2150/1/2259 
f 2149/1/2258 2155/1/2264 2148/1/2257 
f 2148/1/2257 2155/1/2264 2156/1/2265 
f 2148/1/2257 2156/1/2265 2148/1/2256 
f 2148/1/2256 2156/1/2265 2156/1/2266 
f 2148/1/2256 2156/1/2266 2154/1/2263 
f 2155/1/2264 2157/1/2267 2156/1/2265 
f 2156/1/2265 2157/1/2267 2158/1/2268 
f 2156/1/2265 2158/1/2268 2156/1/2266 
f 2156/1/2266 2158/1/2268 2159/1/2269 
f 2156/1/2266 2159/1/2269 2154/1/2263 
f 2154/1/2263 2159/1/2269 2160/1/2270 
f 2154/1/2263 2160/1/2270 2153/1/2262 
f 2153/1/2262 2160/1/2270 2161/1/2271 
f 2153/1/2262 2161/1/2271 2152/1/2261 
f 2162/1/2272 2161/1/2271 2162/1/2273 
f 2162/1/2273 2161/1/2271 2160/1/2270 
f 2162/1/2273 2160/1/2270 2163/1/2274 
f 2163/1/2274 2160/1/2270 2159/1/2269 
f 2163/1/2274 2159/1/2269 2164/1/2275 
f 2164/1/2275 2159/1/2269 2158/1/2268 
f 2164/1/2275 2158/1/2268 2165/1/2276 
f 2165/1/2276 2158/1/2268 2157/1/2267 
f 2164/1/2275 2165/1/2276 2166/1/2277 
f 2166/1/2277 2167/1/2278 2164/1/2275 
f 2164/1/2275 2167/1/2278 2168/1/2279 
f 2164/1/2275 2168/1/2279 2163/1/2274 
f 2163/1/2274 2168/1/2279 2169/1/2280 
f 2163/1/2274 2169/1/2280 2162/1/2273 
f 2162/1/2273 2169/1/2280 2170/1/2281 
f 2162/1/2273 2170/1/2281 2162/1/2272 
f 2171/1/2282 2170/1/2281 2169/1/2280 
f 2172/1/2283 2173/1/2284 2174/1/2285 
f 2174/1/2285 2173/1/2284 2167/1/2278 
f 2174/1/2285 2167/1/2278 2166/1/2277 
f 2173/1/2284 2175/1/2286 2167/1/2278 
f 2167/1/2278 2175/1/2286 2175/1/2287 
f 2167/1/2278 2175/1/2287 2168/1/2279 
f 2176/1/2288 2171/1/2282 2177/1/2289 
f 2177/1/2289 2171/1/2282 2169/1/2280 
f 2177/1/2289 2169/1/2280 2177/1/2290 
f 2177/1/2290 2169/1/2280 2168/1/2279 
f 2177/1/2290 2168/1/2279 2175/1/2291 
f 2175/1/2291 2168/1/2279 2175/1/2287 
f 2175/1/2291 2175/1/2287 2178/1/2292 
f 2179/1/2293 2180/1/2294 2181/1/2295 
f 2177/1/2289 2177/1/2290 2182/1/2296 
f 2183/1/2297 2184/1/2298 2185/1/2299 
f 2186/1/2300 2179/1/2301 2187/1/2302 
f 2187/1/2302 2179/1/2301 2188/1/2303 
f 2189/1/2304 2190/1/2305 2191/1/2306 
f 2191/1/2306 2190/1/2305 2192/1/2307 
f 2191/1/2306 2192/1/2307 2188/1/2303 
f 2188/1/2303 2192/1/2307 2193/1/2308 
f 2188/1/2303 2193/1/2308 2187/1/2302 
f 2194/1/2309 2195/1/2310 2196/1/2311 
f 2196/1/2311 2195/1/2310 2197/1/2312 
f 2196/1/2311 2197/1/2312 2191/1/2306 
f 2191/1/2306 2197/1/2312 2198/1/2313 
f 2191/1/2306 2198/1/2313 2189/1/2304 
s 4
f 2185/1/2314 2184/1/2315 2199/1/2316 
s 16
f 2200/1/2317 2175/1/2286 2173/1/2284 
s 4
f 2184/1/2315 2201/1/2318 2199/1/2316 
s 16
f 2199/1/2319 2201/1/2320 2200/1/2317 
s 4
f 2199/1/2316 2200/1/2321 2202/1/2321 
s 16
f 2202/1/2322 2200/1/2317 2173/1/2284 
f 2202/1/2322 2173/1/2284 2172/1/2283 
f 2203/1/2323 2176/1/2288 2177/1/2289 
f 2177/1/2289 2182/1/2296 2203/1/2323 
f 2203/1/2323 2182/1/2296 2204/1/2324 
f 2203/1/2323 2204/1/2324 2205/1/2325 
f 2205/1/2325 2204/1/2324 2206/1/2326 
s 4
f 2205/1/2327 2206/1/2328 2207/1/2329 
f 2207/1/2329 2206/1/2328 2208/1/2330 
s 16
f 2207/1/2331 2208/1/2332 2209/1/2333 
f 2210/1/2334 2211/1/2335 2212/1/2336 
f 2179/1/2301 2179/1/2293 2188/1/2303 
f 2188/1/2303 2179/1/2293 2181/1/2295 
f 2188/1/2303 2181/1/2295 2191/1/2306 
f 2191/1/2306 2181/1/2295 2210/1/2334 
f 2191/1/2306 2210/1/2334 2196/1/2311 
f 2196/1/2311 2210/1/2334 2212/1/2336 
f 2196/1/2311 2212/1/2336 2208/1/2332 
s 4
f 2208/1/2330 2212/1/2337 2211/1/2337 
s 16
f 2208/1/2332 2211/1/2335 2209/1/2333 
f 2177/1/2290 2175/1/2291 2182/1/2296 
f 2182/1/2296 2175/1/2291 2178/1/2292 
f 2182/1/2296 2178/1/2292 2204/1/2324 
f 2204/1/2324 2178/1/2292 2213/1/2338 
f 2204/1/2324 2213/1/2338 2206/1/2326 
f 2206/1/2326 2213/1/2338 2214/1/2339 
f 2206/1/2326 2214/1/2339 2208/1/2332 
f 2208/1/2332 2214/1/2339 2215/1/2340 
f 2208/1/2332 2215/1/2340 2196/1/2311 
f 2196/1/2311 2215/1/2340 2216/1/2341 
f 2196/1/2311 2216/1/2341 2194/1/2309 
f 2175/1/2287 2175/1/2286 2178/1/2292 
f 2178/1/2292 2175/1/2286 2200/1/2317 
f 2178/1/2292 2200/1/2317 2213/1/2338 
f 2213/1/2338 2200/1/2317 2201/1/2320 
f 2213/1/2338 2201/1/2320 2214/1/2339 
f 2214/1/2339 2201/1/2320 2184/1/2298 
f 2214/1/2339 2184/1/2298 2215/1/2340 
f 2215/1/2340 2184/1/2298 2183/1/2297 
f 2215/1/2340 2183/1/2297 2216/1/2341 
f 2216/1/2341 2183/1/2297 2185/1/2299 
f 2217/1/2342 2180/1/2294 2218/1/2343 
f 2218/1/2343 2180/1/2294 2179/1/2293 
f 2218/1/2343 2179/1/2293 2219/1/2344 
f 2219/1/2344 2179/1/2293 2179/1/2301 
f 2219/1/2344 2179/1/2301 2186/1/2300 
f 2219/1/2344 2220/1/2345 2218/1/2343 
f 2218/1/2343 2220/1/2345 2221/1/2346 
f 2218/1/2343 2221/1/2346 2217/1/2342 
f 2217/1/2342 2221/1/2346 2222/1/2347 
f 2223/1/2348 2222/1/2347 2224/1/2349 
f 2224/1/2349 2222/1/2347 2221/1/2346 
f 2224/1/2349 2221/1/2346 2225/1/2350 
f 2225/1/2350 2221/1/2346 2220/1/2345 
f 2226/1/2351 2223/1/2348 2227/1/2352 
f 2227/1/2352 2223/1/2348 2224/1/2349 
f 2227/1/2352 2224/1/2349 2227/1/2353 
f 2227/1/2353 2224/1/2349 2225/1/2350 
f 2227/1/2353 2225/1/2350 2227/1/2354 
f 2228/1/2355 2229/1/2356 2230/1/2357 
f 2227/1/2353 2227/1/2354 2228/1/2355 
f 2231/1/2358 2232/1/2359 2233/1/2360 
f 2233/1/2360 2232/1/2359 2233/1/2361 
f 2228/1/2355 2230/1/2357 2227/1/2353 
f 2227/1/2353 2230/1/2357 2233/1/2361 
f 2227/1/2353 2233/1/2361 2227/1/2352 
f 2227/1/2352 2233/1/2361 2232/1/2359 
f 2227/1/2352 2232/1/2359 2226/1/2351 
f 2234/1/2362 2235/1/2363 2236/1/2364 
f 2237/1/2365 2237/1/2366 2238/1/2367 
f 2239/1/2368 2240/1/2369 2241/1/2370 
f 2230/1/2357 2229/1/2356 2242/1/2371 
f 2230/1/2357 2242/1/2371 2243/1/2372 
f 2244/1/2373 2233/1/2360 2233/1/2361 
f 2233/1/2361 2230/1/2357 2244/1/2373 
f 2244/1/2373 2230/1/2357 2243/1/2372 
f 2244/1/2373 2243/1/2372 2245/1/2374 
f 2245/1/2374 2243/1/2372 2246/1/2375 
f 2247/1/2376 2239/1/2368 2248/1/2377 
f 2248/1/2377 2239/1/2368 2241/1/2370 
f 2248/1/2377 2241/1/2370 2249/1/2378 
f 2249/1/2378 2241/1/2370 2250/1/2379 
f 2249/1/2378 2250/1/2379 2251/1/2380 
f 2238/1/2367 2237/1/2366 2252/1/2381 
f 2252/1/2381 2237/1/2366 2253/1/2382 
f 2252/1/2381 2253/1/2382 2254/1/2383 
f 2254/1/2383 2253/1/2382 2255/1/2384 
f 2254/1/2383 2255/1/2384 2256/1/2385 
f 2231/1/2358 2233/1/2360 2257/1/2386 
f 2257/1/2386 2233/1/2360 2244/1/2373 
f 2257/1/2386 2244/1/2373 2258/1/2387 
f 2258/1/2387 2244/1/2373 2245/1/2374 
f 2242/1/2371 2247/1/2376 2243/1/2372 
f 2243/1/2372 2247/1/2376 2248/1/2377 
f 2243/1/2372 2248/1/2377 2246/1/2375 
f 2246/1/2375 2248/1/2377 2249/1/2378 
f 2246/1/2375 2249/1/2378 2236/1/2364 
f 2236/1/2364 2249/1/2378 2251/1/2380 
f 2236/1/2364 2251/1/2380 2234/1/2362 
f 2234/1/2362 2251/1/2380 2259/1/2388 
f 2235/1/2363 2237/1/2365 2236/1/2364 
f 2236/1/2364 2237/1/2365 2238/1/2367 
f 2236/1/2364 2238/1/2367 2246/1/2375 
f 2246/1/2375 2238/1/2367 2252/1/2381 
f 2246/1/2375 2252/1/2381 2245/1/2374 
f 2245/1/2374 2252/1/2381 2254/1/2383 
f 2245/1/2374 2254/1/2383 2258/1/2387 
f 2258/1/2387 2254/1/2383 2256/1/2385 
f 2258/1/2387 2256/1/2385 2257/1/2386 
f 2241/1/2370 2240/1/2369 2260/1/2389 
f 2250/1/2379 2261/1/2390 2251/1/2380 
f 2251/1/2380 2261/1/2390 2262/1/2391 
f 2251/1/2380 2262/1/2391 2259/1/2388 
f 2263/1/2392 2263/1/2393 2260/1/2389 
f 2260/1/2389 2263/1/2393 2264/1/2394 
f 2260/1/2389 2264/1/2394 2241/1/2370 
f 2241/1/2370 2264/1/2394 2265/1/2395 
f 2241/1/2370 2265/1/2395 2250/1/2379 
f 2250/1/2379 2265/1/2395 2265/1/2396 
f 2250/1/2379 2265/1/2396 2261/1/2390 
f 2266/1/2397 2262/1/2391 2261/1/2390 
f 2267/1/2398 2268/1/2399 2269/1/2400 
f 2269/1/2400 2268/1/2399 2270/1/2401 
f 2269/1/2400 2270/1/2401 2271/1/2402 
f 2272/1/2403 2273/1/2404 2266/1/2397 
f 2266/1/2397 2261/1/2390 2272/1/2403 
f 2272/1/2403 2261/1/2390 2265/1/2396 
f 2272/1/2403 2265/1/2396 2271/1/2402 
f 2263/1/2392 2267/1/2398 2263/1/2393 
f 2263/1/2393 2267/1/2398 2269/1/2400 
f 2263/1/2393 2269/1/2400 2264/1/2394 
f 2264/1/2394 2269/1/2400 2271/1/2402 
f 2264/1/2394 2271/1/2402 2265/1/2395 
f 2265/1/2395 2271/1/2402 2265/1/2396 
f 2270/1/2401 2268/1/2399 2274/1/2405 
f 2275/1/2406 2275/1/2407 2274/1/2405 
f 2274/1/2405 2275/1/2407 2276/1/2408 
f 2274/1/2405 2276/1/2408 2270/1/2401 
f 2270/1/2401 2276/1/2408 2276/1/2409 
f 2270/1/2401 2276/1/2409 2271/1/2402 
f 2277/1/2410 2278/1/2411 2277/1/2412 
f 2277/1/2412 2278/1/2411 2279/1/2413 
f 2276/1/2409 2280/1/2414 2271/1/2402 
f 2271/1/2402 2280/1/2414 2279/1/2413 
f 2271/1/2402 2279/1/2413 2272/1/2403 
f 2272/1/2403 2279/1/2413 2278/1/2411 
f 2272/1/2403 2278/1/2411 2273/1/2404 
f 2281/1/2415 2282/1/2416 2283/1/2417 
f 2284/1/2418 2284/1/2419 2285/1/2420 
f 2286/1/2421 2287/1/2422 2288/1/2423 
f 2289/1/2424 2290/1/2425 2291/1/2426 
f 2292/1/2427 2293/1/2428 2294/1/2429 
f 2294/1/2429 2293/1/2428 2295/1/2430 
f 2294/1/2429 2295/1/2430 2296/1/2431 
f 2297/1/2432 2298/1/2433 2299/1/2434 
f 2299/1/2434 2298/1/2433 2300/1/2435 
f 2299/1/2434 2300/1/2435 2301/1/2436 
f 2297/1/2432 2302/1/2437 2280/1/2414 
f 2280/1/2414 2276/1/2409 2297/1/2432 
f 2297/1/2432 2276/1/2409 2276/1/2408 
f 2297/1/2432 2276/1/2408 2298/1/2433 
f 2298/1/2433 2276/1/2408 2275/1/2407 
f 2298/1/2433 2275/1/2407 2275/1/2406 
f 2303/1/2438 2277/1/2410 2277/1/2412 
f 2304/1/2439 2304/1/2440 2304/1/2441 
f 2304/1/2441 2304/1/2440 2303/1/2438 
f 2304/1/2441 2303/1/2438 2305/1/2442 
f 2305/1/2442 2303/1/2438 2277/1/2412 
f 2305/1/2442 2277/1/2412 2279/1/2413 
f 2286/1/2421 2288/1/2423 2286/1/2443 
f 2288/1/2423 2306/1/2444 2286/1/2443 
f 2286/1/2443 2306/1/2444 2307/1/2445 
f 2286/1/2443 2307/1/2445 2308/1/2446 
f 2308/1/2446 2307/1/2445 2309/1/2447 
f 2310/1/2448 2311/1/2449 2309/1/2447 
f 2309/1/2447 2311/1/2449 2312/1/2450 
f 2309/1/2447 2312/1/2450 2308/1/2446 
f 2313/1/2451 2310/1/2452 2310/1/2448 
f 2310/1/2448 2310/1/2452 2310/1/2453 
f 2310/1/2448 2310/1/2453 2311/1/2449 
f 2302/1/2437 2297/1/2432 2314/1/2454 
f 2314/1/2454 2297/1/2432 2299/1/2434 
f 2314/1/2454 2299/1/2434 2285/1/2420 
f 2285/1/2420 2299/1/2434 2301/1/2436 
f 2285/1/2420 2301/1/2436 2284/1/2418 
f 2284/1/2419 2284/1/2418 2315/1/2455 
s 1
f 2315/1/2456 2284/1/2456 2316/1/2456 
s 16
f 2315/1/2455 2316/1/2457 2316/1/2458 
f 2295/1/2430 2289/1/2424 2296/1/2431 
f 2296/1/2431 2289/1/2424 2291/1/2426 
f 2296/1/2431 2291/1/2426 2317/1/2459 
f 2317/1/2459 2291/1/2426 2281/1/2460 
f 2300/1/2435 2292/1/2427 2301/1/2436 
f 2301/1/2436 2292/1/2427 2294/1/2429 
f 2301/1/2436 2294/1/2429 2284/1/2418 
f 2284/1/2418 2294/1/2429 2296/1/2431 
f 2284/1/2418 2296/1/2431 2316/1/2457 
f 2316/1/2457 2296/1/2431 2317/1/2459 
f 2316/1/2457 2317/1/2459 2316/1/2458 
f 2307/1/2445 2309/1/2461 2309/1/2447 
f 2309/1/2447 2309/1/2461 2283/1/2417 
f 2309/1/2447 2283/1/2417 2310/1/2448 
f 2310/1/2448 2283/1/2417 2282/1/2416 
f 2310/1/2448 2282/1/2416 2313/1/2451 
f 2287/1/2422 2304/1/2439 2288/1/2423 
f 2288/1/2423 2304/1/2439 2304/1/2441 
f 2288/1/2423 2304/1/2441 2318/1/2462 
f 2318/1/2462 2304/1/2441 2305/1/2442 
f 2318/1/2462 2305/1/2442 2305/1/2463 
f 2305/1/2463 2305/1/2442 2279/1/2413 
f 2281/1/2460 2281/1/2415 2317/1/2459 
f 2317/1/2459 2281/1/2415 2283/1/2417 
f 2317/1/2459 2283/1/2417 2316/1/2458 
f 2316/1/2458 2283/1/2417 2309/1/2461 
f 2316/1/2458 2309/1/2461 2315/1/2455 
f 2315/1/2455 2309/1/2461 2307/1/2445 
f 2315/1/2455 2307/1/2445 2284/1/2419 
f 2284/1/2419 2307/1/2445 2306/1/2444 
f 2284/1/2419 2306/1/2444 2285/1/2420 
f 2285/1/2420 2306/1/2444 2288/1/2423 
f 2285/1/2420 2288/1/2423 2314/1/2454 
f 2314/1/2454 2288/1/2423 2318/1/2462 
f 2314/1/2454 2318/1/2462 2302/1/2437 
f 2302/1/2437 2318/1/2462 2305/1/2463 
f 2302/1/2437 2305/1/2463 2280/1/2414 
f 2280/1/2414 2305/1/2463 2279/1/2413 
f 2319/1/2464 2313/1/2451 2282/1/2416 
f 2320/1/2465 2321/1/2466 2319/1/2464 
f 2319/1/2464 2282/1/2416 2320/1/2465 
f 2320/1/2465 2282/1/2416 2281/1/2415 
f 2320/1/2465 2281/1/2415 2322/1/2467 
f 2322/1/2467 2281/1/2415 2323/1/2468 
f 2323/1/2468 2281/1/2415 2281/1/2460 
f 2323/1/2468 2281/1/2460 2324/1/2469 
f 2324/1/2469 2281/1/2460 2291/1/2426 
f 2324/1/2469 2291/1/2426 2325/1/2470 
f 2325/1/2470 2291/1/2426 2290/1/2425 
f 2325/1/2470 2290/1/2425 2325/1/2471 
f 2326/1/2472 2321/1/2466 2320/1/2465 
f 2327/1/2473 2328/1/2474 2329/1/2475 
f 2330/1/2476 2331/1/2477 2332/1/2478 
f 2332/1/2478 2331/1/2477 2325/1/2470 
f 2332/1/2478 2325/1/2470 2325/1/2471 
f 2329/1/2475 2322/1/2467 2327/1/2473 
f 2327/1/2473 2322/1/2467 2323/1/2468 
f 2327/1/2473 2323/1/2468 2331/1/2477 
f 2331/1/2477 2323/1/2468 2324/1/2469 
f 2331/1/2477 2324/1/2469 2325/1/2470 
f 2333/1/2479 2326/1/2472 2329/1/2475 
f 2329/1/2475 2326/1/2472 2320/1/2465 
f 2329/1/2475 2320/1/2465 2322/1/2467 
f 2330/1/2476 2330/1/2480 2331/1/2477 
f 2331/1/2477 2330/1/2480 2334/1/2481 
f 2331/1/2477 2334/1/2481 2327/1/2473 
f 2327/1/2473 2334/1/2481 2335/1/2482 
f 2327/1/2473 2335/1/2482 2328/1/2474 
f 2330/1/2476 2336/1/2483 2330/1/2480 
f 2330/1/2480 2336/1/2483 2337/1/2484 
f 2329/1/2475 2328/1/2474 2338/1/2485 
f 2338/1/2485 2328/1/2474 2335/1/2482 
f 2338/1/2485 2335/1/2482 2337/1/2484 
f 2337/1/2484 2335/1/2482 2334/1/2481 
f 2337/1/2484 2334/1/2481 2330/1/2480 
f 2339/1/2486 2333/1/2479 2329/1/2475 
f 2338/1/2485 2340/1/2487 2329/1/2475 
f 2329/1/2475 2340/1/2487 2341/1/2488 
f 2329/1/2475 2341/1/2488 2339/1/2486 
f 2339/1/2486 2341/1/2488 2341/1/2489 
f 2339/1/2486 2341/1/2489 2342/1/2490 
f 2343/1/2491 2344/1/2492 2345/1/2493 
f 2346/1/2494 2347/1/2495 2348/1/2496 
s 4
f 2348/1/2497 2347/1/2497 2344/1/2497 
s 16
f 2348/1/2496 2344/1/2492 2349/1/2498 
f 2349/1/2498 2344/1/2492 2350/1/2499 
f 2350/1/2499 2344/1/2492 2343/1/2491 
f 2350/1/2499 2343/1/2491 2336/1/2483 
f 2351/1/2500 2352/1/2501 2352/1/2502 
f 2352/1/2502 2352/1/2501 2342/1/2490 
f 2353/1/2503 2354/1/2504 2354/1/2505 
f 2354/1/2505 2354/1/2504 2355/1/2506 
f 2356/1/2507 2357/1/2508 2355/1/2506 
f 2355/1/2506 2357/1/2508 2358/1/2509 
f 2355/1/2506 2358/1/2509 2354/1/2505 
f 2347/1/2495 2356/1/2507 2344/1/2492 
f 2344/1/2492 2356/1/2507 2355/1/2510 
f 2344/1/2492 2355/1/2510 2345/1/2493 
f 2345/1/2493 2355/1/2510 2354/1/2511 
f 2351/1/2512 2341/1/2488 2359/1/2513 
f 2359/1/2513 2341/1/2488 2340/1/2487 
f 2359/1/2513 2340/1/2487 2360/1/2514 
f 2360/1/2514 2340/1/2487 2338/1/2485 
f 2360/1/2514 2338/1/2485 2337/1/2484 
f 2355/1/2510 2356/1/2507 2355/1/2506 
f 2355/1/2510 2355/1/2506 2354/1/2511 
f 2354/1/2511 2355/1/2506 2354/1/2504 
f 2354/1/2511 2354/1/2504 2351/1/2500 
f 2351/1/2500 2354/1/2504 2353/1/2503 
f 2351/1/2500 2353/1/2503 2352/1/2501 
f 2342/1/2490 2341/1/2489 2352/1/2502 
f 2352/1/2502 2341/1/2489 2341/1/2488 
f 2352/1/2502 2341/1/2488 2351/1/2500 
f 2351/1/2500 2341/1/2488 2351/1/2512 
f 2351/1/2500 2351/1/2512 2354/1/2511 
f 2354/1/2511 2351/1/2512 2359/1/2513 
f 2354/1/2511 2359/1/2513 2345/1/2493 
f 2345/1/2493 2359/1/2513 2360/1/2514 
f 2345/1/2493 2360/1/2514 2343/1/2491 
f 2343/1/2491 2360/1/2514 2337/1/2484 
f 2343/1/2491 2337/1/2484 2336/1/2483 
f 2361/1/2515 2362/1/2516 2363/1/2517 
s 4
f 2363/1/2518 2362/1/2519 2364/1/2520 
s 16
f 2365/1/2521 2366/1/2522 2367/1/2523 
f 2366/1/2524 2368/1/2525 2369/1/2526 
f 2368/1/2525 2370/1/2527 2369/1/2526 
f 2369/1/2526 2370/1/2527 2369/1/2528 
f 2367/1/2523 2366/1/2522 2371/1/2529 
f 2371/1/2529 2366/1/2522 2366/1/2530 
f 2371/1/2529 2366/1/2530 2366/1/2531 
f 2367/1/2532 2372/1/2533 2365/1/2534 
f 2367/1/2532 2365/1/2534 2367/1/2523 
f 2367/1/2523 2365/1/2534 2365/1/2535 
f 2367/1/2523 2365/1/2535 2365/1/2521 
f 2373/1/2536 2372/1/2533 2374/1/2537 
f 2372/1/2533 2375/1/2538 2374/1/2537 
f 2374/1/2537 2376/1/2539 2377/1/2540 
f 2378/1/2541 2379/1/2542 2380/1/2543 
f 2380/1/2543 2379/1/2542 2381/1/2544 
f 2380/1/2543 2381/1/2544 2381/1/2545 
f 2382/1/2546 2382/1/2547 2383/1/2548 
f 2378/1/2541 2380/1/2543 2384/1/2549 
f 2385/1/2550 2361/1/2515 2386/1/2551 
f 2386/1/2551 2361/1/2515 2363/1/2517 
s 4
f 2386/1/2552 2363/1/2518 2364/1/2520 
s 16
f 2372/1/2533 2367/1/2532 2375/1/2538 
f 2376/1/2539 2367/1/2532 2379/1/2553 
f 2376/1/2539 2379/1/2553 2378/1/2554 
f 2385/1/2550 2386/1/2551 2378/1/2554 
f 2378/1/2554 2386/1/2551 2387/1/2555 
f 2378/1/2554 2387/1/2555 2376/1/2539 
f 2376/1/2539 2387/1/2555 2377/1/2540 
f 2385/1/2550 2388/1/2556 2361/1/2515 
f 2361/1/2515 2388/1/2556 2362/1/2516 
f 2362/1/2516 2389/1/2557 2390/1/2558 
f 2362/1/2516 2390/1/2558 2391/1/2559 
f 2369/1/2528 2382/1/2547 2369/1/2526 
f 2369/1/2526 2382/1/2547 2382/1/2546 
f 2369/1/2526 2382/1/2546 2381/1/2545 
f 2381/1/2545 2382/1/2546 2383/1/2548 
f 2381/1/2545 2383/1/2548 2380/1/2543 
f 2380/1/2543 2383/1/2548 2392/1/2560 
f 2380/1/2543 2392/1/2560 2384/1/2549 
f 2384/1/2549 2392/1/2560 2389/1/2557 
f 2357/1/2508 2356/1/2507 2391/1/2559 
f 2391/1/2559 2356/1/2507 2362/1/2516 
f 2362/1/2516 2356/1/2507 2393/1/2561 
f 2393/1/2561 2356/1/2507 2394/1/2562 
f 2394/1/2562 2356/1/2507 2347/1/2495 
f 2394/1/2562 2347/1/2495 2346/1/2494 
f 2389/1/2557 2388/1/2556 2384/1/2549 
f 2384/1/2549 2388/1/2556 2385/1/2550 
f 2384/1/2549 2385/1/2550 2378/1/2541 
f 2378/1/2541 2385/1/2550 2378/1/2554 
f 2378/1/2541 2378/1/2554 2379/1/2553 
f 2378/1/2541 2379/1/2553 2379/1/2542 
f 2379/1/2542 2379/1/2553 2367/1/2532 
f 2379/1/2542 2367/1/2532 2381/1/2544 
f 2381/1/2544 2367/1/2532 2367/1/2523 
f 2381/1/2544 2367/1/2523 2381/1/2545 
f 2381/1/2545 2367/1/2523 2371/1/2529 
f 2381/1/2545 2371/1/2529 2369/1/2526 
f 2369/1/2526 2371/1/2529 2366/1/2531 
f 2369/1/2526 2366/1/2531 2366/1/2524 
f 2373/1/2536 2395/1/2563 2372/1/2533 
f 2372/1/2533 2395/1/2563 2396/1/2564 
f 2372/1/2533 2396/1/2564 2397/1/2565 
f 2372/1/2533 2397/1/2565 2365/1/2534 
f 2365/1/2534 2397/1/2565 2398/1/2566 
f 2365/1/2534 2398/1/2566 2365/1/2535 
f 2365/1/2535 2398/1/2566 2365/1/2521 
f 2365/1/2521 2398/1/2566 2398/1/2567 
f 2365/1/2521 2398/1/2567 2366/1/2522 
f 2366/1/2522 2398/1/2567 2399/1/2568 
f 2366/1/2522 2399/1/2568 2366/1/2530 
f 2366/1/2530 2399/1/2568 2399/1/2569 
f 2366/1/2530 2399/1/2569 2366/1/2531 
f 2366/1/2531 2399/1/2569 2400/1/2570 
f 2366/1/2531 2400/1/2570 2366/1/2524 
f 2400/1/2570 2400/1/2571 2366/1/2524 
f 2366/1/2524 2400/1/2571 2401/1/2572 
f 2366/1/2524 2401/1/2572 2368/1/2525 
f 2368/1/2525 2401/1/2572 2370/1/2527 
f 2400/1/2570 2402/1/2573 2400/1/2571 
f 2400/1/2570 2399/1/2569 2402/1/2573 
f 2402/1/2573 2399/1/2569 2399/1/2574 
f 2402/1/2573 2399/1/2574 2399/1/2575 
f 2399/1/2576 2399/1/2574 2399/1/2569 
f 2399/1/2577 2399/1/2578 2399/1/2575 
f 2397/1/2579 2396/1/2580 2396/1/2581 
f 2399/1/2578 2399/1/2577 2403/1/2582 
f 2403/1/2582 2399/1/2577 2403/1/2583 
f 2403/1/2582 2403/1/2583 2397/1/2584 
s 4
f 2396/1/2585 2397/1/2586 2397/1/2586 
s 16
f 2397/1/2579 2397/1/2587 2397/1/2588 
f 2397/1/2579 2397/1/2588 2397/1/2589 
f 2397/1/2589 2397/1/2588 2403/1/2583 
f 2397/1/2589 2403/1/2583 2399/1/2576 
f 2399/1/2576 2403/1/2583 2399/1/2577 
f 2399/1/2576 2399/1/2577 2399/1/2574 
f 2399/1/2574 2399/1/2577 2399/1/2575 
f 2397/1/2584 2403/1/2583 2397/1/2590 
f 2397/1/2590 2403/1/2583 2397/1/2588 
f 2397/1/2590 2397/1/2588 2397/1/2591 
f 2397/1/2591 2397/1/2588 2397/1/2587 
f 2397/1/2591 2397/1/2587 2397/1/2592 
f 2397/1/2592 2397/1/2587 2396/1/2581 
s 4
f 2397/1/2593 2396/1/2585 2396/1/2594 
f 2396/1/2594 2396/1/2585 2396/1/2595 
f 2396/1/2594 2396/1/2595 2395/1/2596 
f 2396/1/2597 2395/1/2596 2396/1/2595 
s 16
f 2399/1/2569 2399/1/2568 2399/1/2576 
f 2399/1/2576 2399/1/2568 2398/1/2567 
f 2399/1/2576 2398/1/2567 2397/1/2589 
f 2397/1/2589 2398/1/2567 2398/1/2566 
f 2397/1/2589 2398/1/2566 2397/1/2579 
f 2397/1/2579 2398/1/2566 2397/1/2565 
f 2397/1/2579 2397/1/2565 2396/1/2580 
f 2396/1/2580 2397/1/2565 2396/1/2564 
f 2402/1/2573 2399/1/2575 2404/1/2598 
s 4
f 2404/1/2599 2399/1/2600 2405/1/2601 
f 2405/1/2601 2406/1/2602 2404/1/2599 
s 16
f 2404/1/2598 2406/1/2603 2407/1/2604 
f 2404/1/2598 2407/1/2604 2407/1/2605 
f 2400/1/2571 2402/1/2573 2408/1/2606 
f 2408/1/2606 2402/1/2573 2404/1/2598 
f 2408/1/2606 2404/1/2598 2404/1/2607 
f 2404/1/2607 2404/1/2598 2407/1/2605 
f 2406/1/2603 2409/1/2608 2407/1/2604 
f 2407/1/2604 2409/1/2608 2410/1/2609 
f 2407/1/2604 2410/1/2609 2407/1/2605 
f 2410/1/2609 2409/1/2608 2411/1/2610 
f 2411/1/2610 2409/1/2608 2412/1/2611 
f 2412/1/2611 2413/1/2612 2411/1/2610 
f 2411/1/2610 2413/1/2612 2414/1/2613 
s 1
f 2411/1/2614 2414/1/2615 2414/1/2616 
s 16
f 2358/1/2509 2415/1/2617 2416/1/2618 
f 2357/1/2508 2417/1/2619 2358/1/2509 
f 2358/1/2509 2417/1/2619 2418/1/2620 
f 2358/1/2509 2418/1/2620 2415/1/2617 
f 2419/1/2621 2353/1/2503 2416/1/2618 
f 2416/1/2618 2353/1/2503 2354/1/2505 
f 2416/1/2618 2354/1/2505 2358/1/2509 
f 2420/1/2622 2421/1/2623 2422/1/2624 
f 2419/1/2621 2420/1/2622 2353/1/2503 
f 2353/1/2503 2420/1/2622 2422/1/2624 
f 2353/1/2503 2422/1/2624 2352/1/2501 
f 2352/1/2501 2422/1/2624 2342/1/2490 
f 2423/1/2625 2424/1/2626 2425/1/2627 
f 2417/1/2619 2423/1/2625 2418/1/2620 
f 2418/1/2620 2423/1/2625 2425/1/2627 
f 2418/1/2620 2425/1/2627 2415/1/2617 
f 2415/1/2617 2425/1/2627 2426/1/2628 
f 2415/1/2617 2426/1/2628 2416/1/2618 
f 2416/1/2618 2426/1/2628 2427/1/2629 
f 2416/1/2618 2427/1/2629 2419/1/2621 
f 2419/1/2621 2427/1/2629 2428/1/2630 
f 2419/1/2621 2428/1/2630 2420/1/2622 
f 2428/1/2630 2429/1/2631 2420/1/2622 
f 2420/1/2622 2429/1/2631 2430/1/2632 
f 2420/1/2622 2430/1/2632 2421/1/2623 
f 2431/1/2633 2237/1/2365 2432/1/2634 
f 2432/1/2634 2237/1/2365 2235/1/2363 
f 2432/1/2634 2235/1/2363 2432/1/2635 
f 2432/1/2635 2235/1/2363 2234/1/2362 
f 2432/1/2635 2234/1/2362 2259/1/2388 
f 2256/1/2385 2255/1/2384 2433/1/2636 
f 2433/1/2636 2255/1/2384 2253/1/2382 
f 2433/1/2636 2253/1/2382 2431/1/2633 
f 2431/1/2633 2253/1/2382 2237/1/2366 
f 2431/1/2633 2237/1/2366 2237/1/2365 
f 2231/1/2358 2257/1/2386 2434/1/2637 
f 2434/1/2637 2257/1/2386 2256/1/2385 
f 2434/1/2637 2256/1/2385 2435/1/2638 
f 2435/1/2638 2256/1/2385 2433/1/2636 
f 2436/1/2639 2437/1/2640 2438/1/2641 
f 2439/1/2642 1967/1/2035 2438/1/2641 
f 2438/1/2641 1967/1/2035 1982/1/2052 
f 2438/1/2641 1982/1/2052 2436/1/2639 
f 2436/1/2639 1982/1/2052 1981/1/2051 
f 1973/1/2054 1972/1/2042 2440/1/2643 
f 2440/1/2643 1972/1/2042 1971/1/2040 
f 2440/1/2643 1971/1/2040 2441/1/2644 
f 2441/1/2644 1971/1/2040 1969/1/2038 
f 2441/1/2644 1969/1/2038 2439/1/2642 
f 2439/1/2642 1969/1/2038 1967/1/2036 
f 2439/1/2642 1967/1/2036 1967/1/2035 
f 2440/1/2643 2442/1/2645 1973/1/2054 
f 1973/1/2054 2442/1/2645 2443/1/2646 
f 1973/1/2054 2443/1/2646 1959/1/2025 
f 2444/1/2647 2443/1/2646 2442/1/2645 
f 2438/1/2641 2437/1/2640 2445/1/2648 
f 2445/1/2648 2446/1/2649 2438/1/2641 
f 2438/1/2641 2446/1/2649 2447/1/2650 
f 2438/1/2641 2447/1/2650 2439/1/2642 
f 2439/1/2642 2447/1/2650 2448/1/2651 
f 2439/1/2642 2448/1/2651 2441/1/2644 
f 2441/1/2644 2448/1/2651 2449/1/2652 
f 2441/1/2644 2449/1/2652 2440/1/2643 
f 2440/1/2643 2449/1/2652 2450/1/2653 
f 2440/1/2643 2450/1/2653 2442/1/2645 
f 2442/1/2645 2450/1/2653 2451/1/2654 
f 2442/1/2645 2451/1/2654 2444/1/2647 
f 2081/1/2177 2080/1/2176 2452/1/2655 
f 2452/1/2655 2453/1/2656 2081/1/2177 
f 2081/1/2177 2453/1/2656 2454/1/2657 
f 2081/1/2177 2454/1/2657 2078/1/2174 
f 2454/1/2657 2455/1/2658 2078/1/2174 
f 2078/1/2174 2455/1/2658 2456/1/2659 
f 2078/1/2174 2456/1/2659 2076/1/2169 
f 2076/1/2169 2456/1/2659 2457/1/2660 
f 2076/1/2169 2457/1/2660 2077/1/2170 
f 2077/1/2170 2457/1/2660 2458/1/2661 
f 2077/1/2170 2458/1/2661 2077/1/2172 
f 2077/1/2172 2458/1/2661 2059/1/2149 
f 2459/1/2662 2460/1/2663 2461/1/2664 
f 2461/1/2664 2460/1/2663 2462/1/2665 
f 2461/1/2664 2462/1/2665 2463/1/2666 
f 2463/1/2666 2462/1/2665 2464/1/2667 
f 2155/1/2264 2149/1/2258 2465/1/2668 
f 2155/1/2264 2465/1/2668 2157/1/2267 
f 2460/1/2663 2459/1/2662 2465/1/2668 
f 2465/1/2668 2459/1/2662 2466/1/2669 
f 2465/1/2668 2466/1/2669 2157/1/2267 
f 2467/1/2670 2468/1/2671 2469/1/2672 
f 2469/1/2672 2468/1/2671 2470/1/2673 
f 2469/1/2672 2470/1/2673 2471/1/2674 
f 2472/1/2675 2473/1/2676 2470/1/2673 
f 2470/1/2673 2473/1/2676 2474/1/2677 
f 2470/1/2673 2474/1/2677 2471/1/2674 
f 2475/1/2678 2476/1/2679 2477/1/2680 
f 2475/1/2678 2477/1/2680 2472/1/2675 
f 2472/1/2675 2477/1/2680 2478/1/2681 
f 2472/1/2675 2478/1/2681 2473/1/2676 
f 2479/1/2682 2480/1/2683 2475/1/2678 
f 2475/1/2678 2480/1/2683 2481/1/2684 
f 2475/1/2678 2481/1/2684 2476/1/2679 
f 2476/1/2679 2481/1/2684 2482/1/2685 
f 2476/1/2679 2482/1/2685 2483/1/2686 
f 2483/1/2686 2482/1/2685 2464/1/2667 
f 2483/1/2686 2464/1/2667 2462/1/2665 
f 2479/1/2682 2475/1/2678 2484/1/2687 
f 2484/1/2687 2475/1/2678 2472/1/2675 
f 2484/1/2687 2472/1/2675 2485/1/2688 
f 2485/1/2688 2472/1/2675 2470/1/2673 
f 2485/1/2688 2470/1/2673 2486/1/2689 
f 2486/1/2689 2470/1/2673 2468/1/2671 
f 2486/1/2689 2468/1/2671 2487/1/2690 
f 1835/1/2691 2487/1/2690 1833/1/2692 
f 1833/1/2692 2487/1/2690 2468/1/2671 
f 1833/1/2692 2468/1/2671 1789/1/2693 
f 1789/1/2693 2468/1/2671 1787/1/2694 
f 1787/1/2694 2468/1/2671 2467/1/2670 
f 1787/1/2694 2467/1/2670 1773/1/2695 
f 2488/1/2696 1740/1/2697 1778/1/2698 
f 1773/1/2695 2467/1/2670 1774/1/2699 
f 1774/1/2699 2467/1/2670 2489/1/2700 
f 2490/1/2701 2488/1/2696 2491/1/2702 
f 2491/1/2702 2488/1/2696 1778/1/2698 
f 2491/1/2702 1778/1/2698 2489/1/2700 
f 2489/1/2700 1778/1/2698 1776/1/2703 
f 2489/1/2700 1776/1/2703 1774/1/2699 
f 1837/1/2704 1790/1/2705 2492/1/2706 
f 2492/1/2706 1790/1/2705 2493/1/2707 
f 2492/1/2706 2493/1/2707 2494/1/2708 
f 1837/1/2704 2492/1/2706 1838/1/2709 
f 1838/1/2709 2492/1/2706 2495/1/2710 
f 1838/1/2709 2495/1/2710 1836/1/2711 
f 1836/1/2711 2495/1/2710 2487/1/2690 
f 1836/1/2711 2487/1/2690 1835/1/2691 
f 2496/1/2712 2496/1/2713 2497/1/2714 
f 2498/1/2715 2499/1/2716 2500/1/2717 
f 2501/1/2718 2502/1/2719 2502/1/2720 
f 2502/1/2720 2502/1/2719 2503/1/2721 
f 2502/1/2720 2503/1/2721 2504/1/2722 
f 2504/1/2723 2504/1/2724 2505/1/2725 
f 2506/1/2726 2505/1/2725 2505/1/2727 
f 2507/1/2728 2508/1/2729 2509/1/2730 
f 2509/1/2730 2508/1/2729 2510/1/2731 
f 2509/1/2730 2510/1/2731 2511/1/2732 
f 2511/1/2732 2510/1/2731 2512/1/2733 
f 2513/1/2734 2514/1/2735 2515/1/2736 
f 2513/1/2734 2516/1/2737 2497/1/2738 
f 2497/1/2738 2516/1/2737 2497/1/2714 
f 2497/1/2738 2497/1/2714 2517/1/2739 
f 2517/1/2739 2497/1/2714 2496/1/2713 
f 2518/1/2740 2519/1/2741 2496/1/2742 
f 2519/1/2743 2519/1/2741 2520/1/2744 
f 2521/1/2745 2522/1/2746 2522/1/2747 
f 2502/1/2748 2522/1/2749 2522/1/2746 
f 2523/1/2750 2504/1/2751 2524/1/2752 
f 2524/1/2752 2504/1/2751 2525/1/2753 
f 2524/1/2752 2525/1/2753 2498/1/2715 
f 2498/1/2715 2525/1/2753 2526/1/2754 
f 2498/1/2715 2526/1/2754 2499/1/2716 
f 2527/1/2755 2510/1/2731 2528/1/2756 
f 2528/1/2756 2510/1/2731 2508/1/2729 
f 2528/1/2756 2508/1/2729 2506/1/2757 
f 2506/1/2757 2508/1/2729 2507/1/2728 
f 2506/1/2757 2507/1/2728 2529/1/2758 
f 2523/1/2759 2523/1/2750 2506/1/2757 
f 2506/1/2757 2523/1/2750 2524/1/2752 
f 2506/1/2757 2524/1/2752 2528/1/2756 
f 2528/1/2756 2524/1/2752 2498/1/2715 
f 2528/1/2756 2498/1/2715 2527/1/2755 
f 2527/1/2755 2498/1/2715 2500/1/2717 
f 2527/1/2755 2500/1/2717 2510/1/2731 
f 2520/1/2744 2530/1/2760 2531/1/2761 
f 2531/1/2761 2530/1/2760 2532/1/2762 
f 2531/1/2761 2532/1/2762 2533/1/2763 
f 2519/1/2743 2520/1/2744 2522/1/2747 
f 2522/1/2747 2520/1/2744 2531/1/2761 
f 2522/1/2747 2531/1/2761 2521/1/2745 
f 2521/1/2745 2531/1/2761 2533/1/2763 
f 2521/1/2745 2533/1/2763 2533/1/2764 
f 2504/1/2723 2504/1/2722 2504/1/2724 
f 2504/1/2724 2504/1/2722 2503/1/2721 
f 2504/1/2724 2503/1/2721 2534/1/2765 
f 2534/1/2765 2503/1/2721 2502/1/2719 
f 2534/1/2765 2502/1/2719 2502/1/2766 
f 2502/1/2766 2502/1/2719 2501/1/2718 
f 2502/1/2766 2501/1/2718 2501/1/2767 
f 2501/1/2767 2501/1/2718 2535/1/2768 
f 2501/1/2767 2535/1/2768 2536/1/2769 
f 2536/1/2769 2522/1/2749 2501/1/2767 
f 2501/1/2767 2522/1/2749 2502/1/2748 
f 2501/1/2767 2502/1/2748 2502/1/2766 
f 2502/1/2766 2502/1/2748 2537/1/2770 
f 2502/1/2766 2537/1/2770 2534/1/2765 
f 2534/1/2765 2537/1/2770 2538/1/2771 
f 2534/1/2765 2538/1/2771 2504/1/2724 
f 2504/1/2724 2538/1/2771 2505/1/2727 
f 2504/1/2724 2505/1/2727 2505/1/2725 
f 2522/1/2746 2521/1/2745 2502/1/2748 
f 2502/1/2748 2521/1/2745 2533/1/2764 
f 2502/1/2748 2533/1/2764 2537/1/2770 
f 2537/1/2770 2533/1/2764 2538/1/2772 
f 2537/1/2770 2538/1/2772 2538/1/2771 
f 2538/1/2771 2538/1/2772 2505/1/2773 
f 2538/1/2771 2505/1/2773 2505/1/2727 
f 2496/1/2774 2496/1/2712 2539/1/2775 
f 2539/1/2775 2496/1/2712 2497/1/2714 
f 2539/1/2775 2497/1/2714 2540/1/2776 
f 2540/1/2776 2497/1/2714 2516/1/2737 
f 2540/1/2776 2516/1/2737 2541/1/2777 
f 2541/1/2777 2516/1/2737 2513/1/2734 
f 2541/1/2777 2513/1/2734 2500/1/2717 
f 2500/1/2717 2513/1/2734 2515/1/2736 
f 2500/1/2717 2515/1/2736 2510/1/2731 
f 2519/1/2741 2518/1/2740 2520/1/2744 
f 2520/1/2744 2518/1/2740 2542/1/2778 
f 2520/1/2744 2542/1/2778 2530/1/2760 
f 2530/1/2760 2542/1/2778 2543/1/2779 
f 2530/1/2760 2543/1/2779 2532/1/2762 
f 2529/1/2758 2506/1/2726 2506/1/2757 
f 2506/1/2757 2506/1/2726 2523/1/2759 
f 2523/1/2759 2506/1/2726 2505/1/2727 
f 2523/1/2759 2505/1/2727 2523/1/2750 
f 2523/1/2750 2505/1/2727 2505/1/2773 
f 2523/1/2750 2505/1/2773 2504/1/2751 
f 2504/1/2751 2505/1/2773 2538/1/2772 
f 2504/1/2751 2538/1/2772 2525/1/2753 
f 2525/1/2753 2538/1/2772 2533/1/2764 
f 2525/1/2753 2533/1/2764 2526/1/2754 
f 2526/1/2754 2533/1/2764 2533/1/2763 
f 2526/1/2754 2533/1/2763 2499/1/2716 
f 2499/1/2716 2533/1/2763 2532/1/2762 
f 2499/1/2716 2532/1/2762 2500/1/2717 
f 2500/1/2717 2532/1/2762 2543/1/2779 
f 2500/1/2717 2543/1/2779 2541/1/2777 
f 2541/1/2777 2543/1/2779 2542/1/2778 
f 2541/1/2777 2542/1/2778 2540/1/2776 
f 2540/1/2776 2542/1/2778 2518/1/2740 
f 2540/1/2776 2518/1/2740 2539/1/2775 
f 2539/1/2775 2518/1/2740 2496/1/2742 
f 2539/1/2775 2496/1/2742 2496/1/2774 
f 2544/1/2780 2545/1/2781 2546/1/2782 
f 2510/1/2731 2515/1/2736 2546/1/2782 
f 2510/1/2731 2546/1/2782 2512/1/2733 
f 2512/1/2733 2546/1/2782 2547/1/2783 
f 2547/1/2783 2546/1/2782 2545/1/2781 
f 2547/1/2783 2545/1/2781 2548/1/2784 
f 2514/1/2735 2549/1/2785 2515/1/2736 
f 2515/1/2736 2549/1/2785 2550/1/2786 
f 2515/1/2736 2550/1/2786 2546/1/2782 
f 2546/1/2782 2550/1/2786 2551/1/2787 
f 2546/1/2782 2551/1/2787 2544/1/2780 
f 2552/1/2788 2552/1/2789 2553/1/2790 
f 2554/1/2791 2554/1/2792 2553/1/2793 
f 2553/1/2793 2554/1/2792 2555/1/2794 
f 2519/1/2741 2519/1/2743 2556/1/2795 
f 2557/1/2796 2558/1/2797 2554/1/2791 
s 4
f 2557/1/2798 2553/1/2798 2559/1/2798 
s 16
f 2559/1/2799 2553/1/2790 2552/1/2789 
f 2559/1/2799 2552/1/2789 2560/1/2800 
f 2561/1/2801 2561/1/2802 2536/1/2769 
f 2535/1/2768 2562/1/2803 2536/1/2769 
f 2536/1/2769 2562/1/2803 2563/1/2804 
f 2536/1/2769 2563/1/2804 2561/1/2801 
f 2561/1/2802 2560/1/2800 2536/1/2769 
f 2536/1/2769 2560/1/2800 2552/1/2789 
f 2536/1/2769 2552/1/2789 2522/1/2749 
s 4
f 2522/1/2805 2552/1/2805 2552/1/2805 
s 16
f 2522/1/2749 2552/1/2788 2522/1/2746 
f 2556/1/2795 2519/1/2743 2552/1/2788 
f 2552/1/2788 2519/1/2743 2522/1/2747 
f 2552/1/2788 2522/1/2747 2522/1/2746 
f 2564/1/2806 2517/1/2739 2565/1/2807 
f 2565/1/2807 2517/1/2739 2496/1/2713 
f 2565/1/2807 2496/1/2713 2565/1/2808 
f 2565/1/2808 2496/1/2713 2496/1/2712 
f 2565/1/2808 2496/1/2712 2566/1/2809 
f 2566/1/2809 2496/1/2712 2496/1/2774 
f 2566/1/2809 2496/1/2774 2556/1/2795 
f 2556/1/2795 2496/1/2774 2496/1/2742 
f 2556/1/2795 2496/1/2742 2519/1/2741 
f 2554/1/2792 2567/1/2810 2555/1/2794 
f 2555/1/2794 2567/1/2810 2567/1/2811 
f 2555/1/2794 2567/1/2811 2568/1/2812 
f 2568/1/2812 2567/1/2811 2569/1/2813 
f 2568/1/2812 2569/1/2813 2570/1/2814 
f 2565/1/2808 2571/1/2815 2565/1/2807 
f 2565/1/2807 2571/1/2815 2571/1/2816 
f 2565/1/2807 2571/1/2816 2564/1/2806 
f 2564/1/2806 2571/1/2816 2572/1/2817 
f 2557/1/2796 2554/1/2791 2553/1/2790 
f 2553/1/2790 2554/1/2791 2553/1/2793 
f 2553/1/2790 2553/1/2793 2552/1/2788 
f 2552/1/2788 2553/1/2793 2555/1/2794 
f 2552/1/2788 2555/1/2794 2556/1/2795 
f 2556/1/2795 2555/1/2794 2568/1/2812 
f 2556/1/2795 2568/1/2812 2566/1/2809 
f 2566/1/2809 2568/1/2812 2570/1/2814 
f 2566/1/2809 2570/1/2814 2565/1/2808 
f 2565/1/2808 2570/1/2814 2571/1/2815 
f 2573/1/2818 2574/1/2819 2575/1/2820 
f 2575/1/2821 2575/1/2822 2573/1/2823 
f 2576/1/2824 2577/1/2825 2578/1/2826 
f 2579/1/2827 2580/1/2828 2581/1/2829 
f 2581/1/2829 2580/1/2828 2572/1/2817 
f 2581/1/2829 2572/1/2817 2571/1/2816 
f 2582/1/2830 2583/1/2831 2584/1/2832 
f 2585/1/2833 2586/1/2834 2586/1/2835 
f 2586/1/2835 2586/1/2834 2587/1/2836 
f 2586/1/2835 2587/1/2836 2588/1/2837 
f 2589/1/2838 2569/1/2813 2590/1/2839 
f 2590/1/2839 2569/1/2813 2567/1/2811 
f 2591/1/2840 2592/1/2841 2591/1/2842 
f 2591/1/2842 2592/1/2841 2593/1/2843 
f 2591/1/2842 2593/1/2843 2594/1/2844 
f 2594/1/2844 2593/1/2843 2589/1/2838 
f 2594/1/2844 2589/1/2838 2588/1/2837 
f 2588/1/2837 2589/1/2838 2590/1/2839 
f 2588/1/2837 2590/1/2839 2586/1/2835 
s 4
f 2586/1/2845 2590/1/2845 2595/1/2845 
s 16
f 2586/1/2835 2595/1/2846 2585/1/2833 
f 2573/1/2823 2575/1/2822 2596/1/2847 
f 2575/1/2822 2597/1/2848 2596/1/2847 
f 2596/1/2847 2597/1/2848 2598/1/2849 
f 2596/1/2847 2598/1/2849 2599/1/2850 
f 2578/1/2826 2577/1/2825 2600/1/2851 
f 2600/1/2851 2577/1/2825 2601/1/2852 
f 2600/1/2851 2601/1/2852 2602/1/2853 
f 2602/1/2853 2601/1/2852 2602/1/2854 
f 2602/1/2853 2602/1/2854 2573/1/2855 
f 2573/1/2818 2575/1/2820 2573/1/2855 
f 2573/1/2855 2575/1/2820 2573/1/2856 
f 2573/1/2855 2573/1/2856 2602/1/2853 
f 2602/1/2853 2573/1/2856 2602/1/2857 
f 2602/1/2853 2602/1/2857 2600/1/2851 
f 2600/1/2851 2602/1/2857 2603/1/2858 
f 2600/1/2851 2603/1/2858 2578/1/2826 
f 2599/1/2859 2604/1/2860 2599/1/2850 
f 2599/1/2850 2604/1/2860 2605/1/2861 
f 2599/1/2850 2605/1/2861 2596/1/2847 
f 2599/1/2859 2606/1/2862 2604/1/2860 
f 2604/1/2860 2606/1/2862 2607/1/2863 
f 2604/1/2860 2607/1/2863 2584/1/2832 
f 2584/1/2832 2607/1/2863 2607/1/2864 
f 2584/1/2832 2607/1/2864 2582/1/2830 
f 2575/1/2820 2575/1/2821 2573/1/2856 
f 2573/1/2856 2575/1/2821 2573/1/2823 
f 2573/1/2856 2573/1/2823 2602/1/2857 
f 2602/1/2857 2573/1/2823 2596/1/2847 
f 2602/1/2857 2596/1/2847 2603/1/2858 
f 2603/1/2858 2596/1/2847 2605/1/2861 
f 2603/1/2858 2605/1/2861 2608/1/2865 
f 2608/1/2865 2605/1/2861 2604/1/2860 
f 2608/1/2865 2604/1/2860 2609/1/2866 
f 2609/1/2866 2604/1/2860 2584/1/2832 
f 2609/1/2866 2584/1/2832 2579/1/2827 
f 2579/1/2827 2584/1/2832 2583/1/2831 
f 2579/1/2827 2583/1/2831 2580/1/2828 
f 2567/1/2811 2567/1/2810 2590/1/2839 
f 2590/1/2839 2567/1/2810 2554/1/2792 
f 2590/1/2839 2554/1/2792 2595/1/2846 
f 2595/1/2846 2554/1/2792 2554/1/2791 
f 2595/1/2846 2554/1/2791 2585/1/2833 
f 2585/1/2833 2554/1/2791 2558/1/2797 
f 2585/1/2833 2558/1/2797 2586/1/2834 
f 2592/1/2841 2571/1/2815 2593/1/2843 
f 2593/1/2843 2571/1/2815 2570/1/2814 
f 2593/1/2843 2570/1/2814 2589/1/2838 
f 2589/1/2838 2570/1/2814 2569/1/2813 
f 2576/1/2824 2610/1/2867 2577/1/2825 
f 2577/1/2825 2610/1/2867 2577/1/2868 
f 2577/1/2825 2577/1/2868 2601/1/2852 
f 2601/1/2852 2577/1/2868 2601/1/2869 
f 2601/1/2852 2601/1/2869 2602/1/2854 
f 2602/1/2854 2601/1/2869 2611/1/2870 
f 2602/1/2854 2611/1/2870 2573/1/2855 
f 2573/1/2855 2611/1/2870 2612/1/2871 
f 2573/1/2855 2612/1/2871 2573/1/2818 
f 2558/1/2797 2610/1/2867 2586/1/2834 
s 4
f 2586/1/2872 2610/1/2872 2576/1/2872 
s 16
f 2586/1/2834 2576/1/2824 2587/1/2836 
f 2587/1/2836 2576/1/2824 2578/1/2826 
s 4
f 2587/1/2873 2578/1/2873 2588/1/2873 
s 16
f 2588/1/2837 2578/1/2826 2603/1/2858 
f 2588/1/2837 2603/1/2858 2594/1/2844 
f 2594/1/2844 2603/1/2858 2608/1/2865 
f 2594/1/2844 2608/1/2865 2591/1/2842 
f 2591/1/2842 2608/1/2865 2609/1/2866 
f 2591/1/2842 2609/1/2866 2591/1/2840 
f 2591/1/2840 2609/1/2866 2579/1/2827 
f 2591/1/2840 2579/1/2827 2592/1/2841 
f 2592/1/2841 2579/1/2827 2581/1/2829 
f 2592/1/2841 2581/1/2829 2571/1/2815 
f 2571/1/2815 2581/1/2829 2571/1/2816 
f 2575/1/2821 2575/1/2820 2613/1/2874 
f 2614/1/2875 2615/1/2876 2616/1/2877 
f 2616/1/2877 2617/1/2878 2618/1/2879 
f 2619/1/2880 2620/1/2881 2621/1/2882 
f 2618/1/2879 2617/1/2878 2622/1/2883 
f 2622/1/2883 2617/1/2878 2621/1/2882 
f 2622/1/2883 2621/1/2882 2623/1/2884 
f 2623/1/2884 2621/1/2882 2620/1/2881 
f 2623/1/2884 2620/1/2881 2624/1/2885 
f 2625/1/2886 2626/1/2887 2627/1/2888 
f 2627/1/2888 2626/1/2887 2628/1/2889 
f 2627/1/2888 2628/1/2889 2629/1/2890 
f 2629/1/2890 2628/1/2889 2613/1/2891 
f 2618/1/2879 2599/1/2850 2598/1/2849 
f 2598/1/2849 2628/1/2889 2618/1/2879 
f 2618/1/2879 2628/1/2889 2626/1/2887 
f 2618/1/2879 2626/1/2887 2616/1/2877 
f 2616/1/2877 2626/1/2887 2625/1/2886 
f 2616/1/2877 2625/1/2886 2614/1/2875 
f 2614/1/2875 2625/1/2886 2630/1/2892 
f 2614/1/2875 2630/1/2892 2615/1/2876 
f 2575/1/2821 2613/1/2874 2575/1/2822 
f 2627/1/2893 2631/1/2894 2631/1/2895 
f 2598/1/2849 2597/1/2848 2628/1/2889 
f 2628/1/2889 2597/1/2848 2575/1/2822 
f 2628/1/2889 2575/1/2822 2613/1/2891 
f 2613/1/2891 2575/1/2822 2613/1/2874 
f 2613/1/2891 2613/1/2874 2629/1/2890 
f 2629/1/2890 2613/1/2874 2613/1/2896 
f 2629/1/2890 2613/1/2896 2627/1/2888 
f 2627/1/2888 2613/1/2896 2627/1/2897 
f 2627/1/2888 2627/1/2897 2625/1/2886 
f 2625/1/2886 2627/1/2897 2627/1/2893 
f 2625/1/2886 2627/1/2893 2630/1/2892 
f 2630/1/2892 2627/1/2893 2631/1/2895 
f 2631/1/2894 2627/1/2893 2632/1/2898 
f 2632/1/2898 2627/1/2893 2627/1/2897 
f 2632/1/2898 2627/1/2897 2632/1/2899 
f 2632/1/2899 2627/1/2897 2613/1/2896 
f 2632/1/2899 2613/1/2896 2574/1/2900 
f 2574/1/2900 2613/1/2896 2613/1/2874 
f 2574/1/2900 2613/1/2874 2574/1/2901 
f 2574/1/2901 2613/1/2874 2575/1/2820 
f 2574/1/2901 2575/1/2820 2574/1/2819 
f 2599/1/2850 2618/1/2879 2599/1/2859 
f 2599/1/2859 2618/1/2879 2622/1/2883 
f 2599/1/2859 2622/1/2883 2606/1/2862 
f 2606/1/2862 2622/1/2883 2623/1/2884 
f 2606/1/2862 2623/1/2884 2607/1/2863 
f 2607/1/2863 2623/1/2884 2624/1/2885 
f 2607/1/2863 2624/1/2885 2607/1/2864 
f 2633/1/2902 2634/1/2903 2635/1/2904 
f 2636/1/2905 2637/1/2906 2638/1/2907 
f 2638/1/2907 2637/1/2906 2639/1/2908 
f 2638/1/2907 2639/1/2908 2635/1/2904 
f 2635/1/2904 2639/1/2908 2640/1/2909 
f 2635/1/2904 2640/1/2909 2633/1/2902 
f 2641/1/2910 2619/1/2880 2636/1/2905 
f 2636/1/2905 2619/1/2880 2621/1/2882 
f 2636/1/2905 2621/1/2882 2637/1/2906 
f 2637/1/2906 2621/1/2882 2617/1/2878 
f 2637/1/2906 2617/1/2878 2639/1/2908 
f 2639/1/2908 2617/1/2878 2616/1/2877 
f 2639/1/2908 2616/1/2877 2640/1/2909 
f 2640/1/2909 2616/1/2877 2615/1/2876 
f 2640/1/2909 2615/1/2876 2633/1/2902 
f 2633/1/2902 2615/1/2876 2630/1/2892 
s 4
f 2633/1/2911 2630/1/2911 2633/1/2911 
s 16
f 2633/1/2912 2630/1/2892 2631/1/2895 
f 2642/1/2913 2641/1/2910 2636/1/2905 
f 2643/1/2914 2644/1/2915 2642/1/2913 
f 2644/1/2915 2643/1/2914 2645/1/2916 
f 2642/1/2913 2636/1/2905 2643/1/2914 
f 2643/1/2914 2636/1/2905 2638/1/2907 
f 2643/1/2914 2638/1/2907 2646/1/2917 
f 2646/1/2917 2638/1/2907 2635/1/2904 
f 2646/1/2917 2635/1/2904 2647/1/2918 
f 2647/1/2918 2635/1/2904 2634/1/2903 
f 2647/1/2918 2634/1/2903 2648/1/2919 
f 2645/1/2916 2643/1/2914 2649/1/2920 
f 2649/1/2920 2643/1/2914 2646/1/2917 
f 2649/1/2920 2646/1/2917 2650/1/2921 
f 2650/1/2921 2646/1/2917 2647/1/2918 
f 2650/1/2921 2647/1/2918 2651/1/2922 
f 2651/1/2922 2647/1/2918 2648/1/2919 
f 2651/1/2922 2648/1/2919 2652/1/2923 
f 2653/1/2924 2645/1/2916 2649/1/2920 
f 2653/1/2924 2649/1/2920 2653/1/2925 
f 2653/1/2925 2649/1/2920 2654/1/2926 
f 2654/1/2926 2649/1/2920 2650/1/2921 
f 2654/1/2926 2650/1/2921 2655/1/2927 
f 2655/1/2927 2650/1/2921 2651/1/2922 
f 2655/1/2927 2651/1/2922 2656/1/2928 
f 2656/1/2928 2651/1/2922 2652/1/2923 
f 2656/1/2928 2652/1/2923 2657/1/2929 
f 2657/1/2929 2658/1/2930 2656/1/2928 
f 2656/1/2928 2658/1/2930 2659/1/2931 
f 2656/1/2928 2659/1/2931 2655/1/2927 
f 2655/1/2927 2659/1/2931 2660/1/2932 
f 2655/1/2927 2660/1/2932 2654/1/2926 
f 2654/1/2926 2660/1/2932 2661/1/2933 
f 2654/1/2926 2661/1/2933 2653/1/2925 
f 2662/1/2934 2663/1/2935 2664/1/2936 
f 2665/1/2937 2666/1/2938 2667/1/2939 
f 2667/1/2939 2666/1/2938 2668/1/2940 
f 2667/1/2939 2668/1/2940 2669/1/2941 
f 2669/1/2941 2668/1/2940 2664/1/2936 
f 2657/1/2929 2665/1/2937 2658/1/2930 
f 2658/1/2930 2665/1/2937 2667/1/2939 
f 2658/1/2930 2667/1/2939 2659/1/2931 
f 2659/1/2931 2667/1/2939 2669/1/2941 
f 2659/1/2931 2669/1/2941 2660/1/2932 
f 2660/1/2932 2669/1/2941 2664/1/2936 
f 2660/1/2932 2664/1/2936 2661/1/2933 
f 2661/1/2933 2664/1/2936 2663/1/2935 
f 2666/1/2938 2670/1/2942 2668/1/2940 
f 2668/1/2940 2670/1/2942 2671/1/2943 
f 2668/1/2940 2671/1/2943 2664/1/2936 
f 2664/1/2936 2671/1/2943 2672/1/2944 
f 2664/1/2936 2672/1/2944 2662/1/2934 
f 2662/1/2934 2672/1/2944 2673/1/2945 
f 2674/1/2946 2675/1/2947 2676/1/2948 
f 2676/1/2948 2675/1/2947 2677/1/2949 
f 2678/1/2950 2676/1/2948 2679/1/2951 
f 2679/1/2951 2676/1/2948 2670/1/2942 
f 2670/1/2942 2676/1/2948 2671/1/2943 
f 2671/1/2943 2676/1/2948 2672/1/2944 
f 2672/1/2944 2676/1/2948 2677/1/2949 
f 2672/1/2944 2677/1/2949 2673/1/2945 
f 2680/1/2952 2681/1/2953 2682/1/2954 
f 2680/1/2952 2683/1/2955 2681/1/2953 
f 2681/1/2953 2683/1/2955 2684/1/2956 
f 2681/1/2953 2684/1/2956 2685/1/2957 
f 2686/1/2958 2687/1/2959 2688/1/2960 
f 2688/1/2960 2687/1/2959 2689/1/2961 
f 2689/1/2961 2690/1/2962 2688/1/2960 
f 2688/1/2960 2690/1/2962 2691/1/2963 
f 2688/1/2960 2691/1/2963 2682/1/2954 
f 2682/1/2954 2691/1/2963 2692/1/2964 
f 2682/1/2954 2692/1/2964 2680/1/2952 
f 2693/1/2965 2694/1/2966 2695/1/2967 
f 2695/1/2967 2694/1/2966 2696/1/2968 
f 2695/1/2967 2696/1/2968 2697/1/2969 
f 2697/1/2969 2696/1/2968 2698/1/2970 
f 2678/1/2950 2698/1/2970 2676/1/2948 
f 2676/1/2948 2698/1/2970 2696/1/2968 
f 2676/1/2948 2696/1/2968 2694/1/2966 
f 2676/1/2948 2694/1/2966 2674/1/2946 
f 2685/1/2957 2699/1/2971 2681/1/2953 
f 2681/1/2953 2699/1/2971 2700/1/2972 
f 2681/1/2953 2700/1/2972 2682/1/2954 
f 2682/1/2954 2700/1/2972 2693/1/2965 
f 2682/1/2954 2693/1/2965 2688/1/2960 
f 2688/1/2960 2693/1/2965 2695/1/2967 
f 2688/1/2960 2695/1/2967 2686/1/2958 
f 2686/1/2958 2695/1/2967 2697/1/2969 
f 2050/1/2139 2044/1/2132 2701/1/2973 
f 2051/1/2140 2050/1/2139 2702/1/2974 
f 2702/1/2974 2050/1/2139 2701/1/2973 
f 2702/1/2974 2701/1/2973 2703/1/2975 
f 2704/1/2976 2024/1/2102 2046/1/2134 
f 2458/1/2661 2705/1/113 2059/1/2149 
f 2059/1/2149 2705/1/113 2706/1/113 
f 2059/1/2149 2706/1/113 2060/1/2150 
f 2060/1/2150 2706/1/113 2707/1/2977 
f 2046/1/2134 2048/1/2136 2704/1/2976 
f 2704/1/2976 2048/1/2136 2049/1/2138 
f 2704/1/2976 2049/1/2138 2707/1/2977 
f 2707/1/2977 2049/1/2138 2056/1/2145 
f 2707/1/2977 2056/1/2145 2060/1/2150 
f 1914/1/1943 2708/1/2978 1919/1/1949 
f 1919/1/1949 2708/1/2978 2709/1/2979 
f 1915/1/1986 1915/1/1985 2710/1/2980 
f 2710/1/2980 1915/1/1985 1915/1/1944 
f 2710/1/2980 1915/1/1944 2709/1/2979 
f 2709/1/2979 1915/1/1944 1917/1/1946 
f 2709/1/2979 1917/1/1946 1919/1/1949 
f 1915/1/1986 2711/1/2981 1931/1/1990 
f 1931/1/1990 2711/1/2981 2712/1/2982 
f 1931/1/1990 2712/1/2982 1927/1/1981 
f 1927/1/1981 2712/1/2982 2713/1/2983 
f 1927/1/1981 2713/1/2983 1927/1/1982 
f 1927/1/1982 2713/1/2983 2714/1/2984 
f 1927/1/1982 2714/1/2984 1927/1/1971 
f 1927/1/1971 2714/1/2984 1925/1/1960 
f 2512/1/2733 1926/1/1961 2511/1/2732 
f 2511/1/2732 1926/1/1961 2715/1/2985 
f 2511/1/2732 2715/1/2985 2509/1/2730 
f 2509/1/2730 2715/1/2985 2716/1/2986 
f 2717/1/2987 2529/1/2758 2716/1/2986 
f 2716/1/2986 2529/1/2758 2507/1/2728 
f 2716/1/2986 2507/1/2728 2509/1/2730 
f 2718/1/2988 2505/1/2725 2506/1/2726 
f 2718/1/2988 2506/1/2726 2717/1/2987 
f 2717/1/2987 2506/1/2726 2529/1/2758 
f 2710/1/2980 2504/1/2722 2504/1/2723 
f 1915/1/1986 2710/1/2980 2711/1/2981 
f 2711/1/2981 2710/1/2980 2504/1/2723 
f 2504/1/2722 2710/1/2980 2502/1/2720 
f 2502/1/2720 2710/1/2980 2709/1/2979 
f 2502/1/2720 2709/1/2979 2501/1/2718 
f 2501/1/2718 2709/1/2979 2708/1/2978 
f 2501/1/2718 2708/1/2978 2535/1/2768 
f 1926/1/1961 1925/1/1960 2715/1/2985 
f 2715/1/2985 1925/1/1960 2714/1/2984 
f 2715/1/2985 2714/1/2984 2716/1/2986 
f 2716/1/2986 2714/1/2984 2713/1/2983 
f 2716/1/2986 2713/1/2983 2717/1/2987 
f 2717/1/2987 2713/1/2983 2712/1/2982 
f 2717/1/2987 2712/1/2982 2718/1/2988 
f 2718/1/2988 2712/1/2982 2711/1/2981 
f 2718/1/2988 2711/1/2981 2505/1/2725 
f 2505/1/2725 2711/1/2981 2504/1/2723 
f 2719/1/2989 2720/1/2990 2721/1/2991 
f 1616/1/2992 1616/1/2993 1617/1/2994 
f 2722/1/2995 2723/1/2996 2724/1/2997 
f 2725/1/2998 1614/1/2999 1615/1/3000 
f 1616/1/2993 1616/1/2992 2725/1/2998 
f 2725/1/2998 1616/1/2992 1612/1/3001 
f 2725/1/2998 1612/1/3001 1614/1/2999 
f 1607/1/3002 2726/1/3003 1609/1/3004 
f 1609/1/3004 2726/1/3003 2723/1/2996 
f 1609/1/3004 2723/1/2996 1611/1/3005 
f 1611/1/3005 2723/1/2996 2722/1/2995 
f 1611/1/3005 2722/1/2995 1615/1/3000 
f 1615/1/3000 2722/1/2995 2724/1/2997 
f 1615/1/3000 2724/1/2997 2725/1/2998 
f 2725/1/2998 2724/1/2997 2727/1/3006 
f 2725/1/2998 2727/1/3006 1616/1/2993 
f 1616/1/2993 2727/1/3006 1618/1/3007 
f 1616/1/2993 1618/1/3007 1617/1/2994 
f 2728/1/3008 2729/1/3009 2730/1/3010 
f 2730/1/3010 2729/1/3009 2731/1/3011 
f 1620/1/3012 1605/1/3013 2732/1/3014 
f 2732/1/3014 1605/1/3013 1618/1/3007 
f 2732/1/3014 1618/1/3007 2731/1/3011 
f 2719/1/2989 2721/1/2991 2733/1/3015 
f 2580/1/2828 2583/1/2831 2721/1/2991 
f 2721/1/2991 2583/1/2831 2582/1/2830 
f 2721/1/2991 2582/1/2830 2733/1/3015 
f 2733/1/3015 2582/1/2830 2607/1/2864 
f 2572/1/2817 2734/1/3016 2735/1/3017 
f 2736/1/3018 2549/1/2785 2514/1/2735 
f 2514/1/2735 2513/1/2734 2736/1/3018 
f 2736/1/3018 2513/1/2734 2497/1/2738 
f 2736/1/3018 2497/1/2738 2517/1/2739 
f 2737/1/3019 2738/1/3020 2739/1/3021 
f 2739/1/3021 2738/1/3020 2544/1/2780 
f 2739/1/3021 2544/1/2780 2740/1/3022 
f 2740/1/3022 2544/1/2780 2551/1/2787 
f 2740/1/3022 2551/1/2787 2736/1/3018 
f 2736/1/3018 2551/1/2787 2550/1/2786 
f 2736/1/3018 2550/1/2786 2549/1/2785 
f 2741/1/3023 2742/1/3024 2743/1/3025 
f 2744/1/3026 2745/1/3027 2746/1/3028 
f 2746/1/3028 2745/1/3027 2747/1/3029 
f 1606/1/3030 2744/1/3026 1607/1/3002 
f 1607/1/3002 2744/1/3026 2746/1/3028 
f 1607/1/3002 2746/1/3028 2726/1/3003 
f 2726/1/3003 2746/1/3028 2748/1/3031 
f 2726/1/3003 2748/1/3031 2723/1/2996 
f 2723/1/2996 2748/1/3031 2749/1/3032 
f 2723/1/2996 2749/1/3032 2724/1/2997 
f 2750/1/3033 2737/1/3019 2743/1/3025 
f 2743/1/3025 2737/1/3019 2739/1/3021 
f 2743/1/3025 2739/1/3021 2741/1/3023 
f 2741/1/3023 2739/1/3021 2740/1/3022 
f 2741/1/3023 2740/1/3022 2751/1/3034 
f 2751/1/3034 2740/1/3022 2736/1/3018 
f 2751/1/3034 2736/1/3018 2752/1/3035 
f 2752/1/3035 2736/1/3018 2517/1/2739 
f 2752/1/3035 2517/1/2739 2735/1/3017 
f 2735/1/3017 2517/1/2739 2564/1/2806 
f 2735/1/3017 2564/1/2806 2572/1/2817 
f 2572/1/2817 2580/1/2828 2734/1/3016 
f 2734/1/3016 2580/1/2828 2721/1/2991 
f 2734/1/3016 2721/1/2991 2730/1/3010 
f 2730/1/3010 2721/1/2991 2720/1/2990 
f 2730/1/3010 2720/1/2990 2728/1/3008 
f 2731/1/3011 1618/1/3007 2730/1/3010 
f 2730/1/3010 1618/1/3007 2727/1/3006 
f 2730/1/3010 2727/1/3006 2734/1/3016 
f 2734/1/3016 2727/1/3006 2724/1/2997 
f 2734/1/3016 2724/1/2997 2735/1/3017 
f 2735/1/3017 2724/1/2997 2749/1/3032 
f 2735/1/3017 2749/1/3032 2752/1/3035 
f 2752/1/3035 2749/1/3032 2748/1/3031 
f 2752/1/3035 2748/1/3031 2751/1/3034 
f 2751/1/3034 2748/1/3031 2746/1/3028 
f 2751/1/3034 2746/1/3028 2741/1/3023 
f 2741/1/3023 2746/1/3028 2747/1/3029 
f 2741/1/3023 2747/1/3029 2742/1/3024 
f 2753/1/3036 2738/1/3020 2754/1/3037 
f 2754/1/3037 2738/1/3020 2737/1/3019 
f 2754/1/3037 2737/1/3019 2755/1/3038 
f 2755/1/3038 2737/1/3019 2750/1/3033 
f 2548/1/2784 2545/1/2781 2753/1/3036 
f 2753/1/3036 2545/1/2781 2544/1/2780 
f 2753/1/3036 2544/1/2780 2738/1/3020 
f 2548/1/2784 2753/1/3036 2756/1/3039 
f 2756/1/3039 2753/1/3036 2754/1/3037 
f 2756/1/3039 2754/1/3037 2757/1/3040 
f 2757/1/3040 2754/1/3037 2755/1/3038 
f 2757/1/3040 2755/1/3038 2758/1/3041 
f 2755/1/3038 2750/1/3033 2759/1/3042 
f 1990/1/2063 1988/1/2061 2760/1/3043 
f 2761/1/3044 1991/1/2064 1990/1/2063 
f 1990/1/2063 2760/1/3043 2761/1/3044 
f 2761/1/3044 2760/1/3043 2762/1/3045 
f 2761/1/3044 2762/1/3045 2763/1/3046 
f 2763/1/3046 2762/1/3045 2764/1/3047 
f 2763/1/3046 2764/1/3047 2759/1/3042 
f 2759/1/3042 2764/1/3047 2758/1/3041 
f 2759/1/3042 2758/1/3041 2755/1/3038 
f 1880/1/3048 2666/1/2938 1891/1/3049 
f 1891/1/3049 2666/1/2938 2665/1/2937 
f 2657/1/2929 2765/1/3050 2665/1/2937 
f 2665/1/2937 2765/1/3050 1893/1/3051 
f 2665/1/2937 1893/1/3051 1891/1/3049 
f 1880/1/3048 1883/1/3052 2666/1/2938 
f 2666/1/2938 1883/1/3052 1865/1/3053 
f 2666/1/2938 1865/1/3053 2670/1/2942 
s 2
f 1897/1/3054 2766/1/3055 1898/1/3056 
f 1898/1/3056 2766/1/3055 1892/1/3057 
f 1892/1/3057 2766/1/3055 1890/1/3058 
f 1890/1/3058 2766/1/3055 2767/1/3059 
f 1890/1/3058 2767/1/3059 1881/1/3060 
s 4
f 2768/1/1172 1348/1/3061 2769/1/1173 
f 2769/1/1173 1348/1/3061 1438/1/1173 
f 1424/1/1173 2770/1/1170 1425/1/1170 
f 1425/1/1170 2770/1/1170 2771/1/1170 
f 1425/1/1170 2771/1/1170 1438/1/1173 
f 1438/1/1173 2771/1/1170 2772/1/1173 
f 1438/1/1173 2772/1/1173 2769/1/1173 
s 2
f 2773/1/3062 2774/1/3063 2775/1/3064 
f 2776/1/3065 2777/1/3066 2778/1/3067 
f 2776/1/3065 2778/1/3067 2779/1/3068 
f 2777/1/3066 2776/1/3065 2780/1/3069 
f 2780/1/3069 2776/1/3065 2781/1/3070 
f 2780/1/3069 2781/1/3070 2782/1/3071 
f 2775/1/3064 2774/1/3063 2781/1/3070 
f 2781/1/3070 2774/1/3063 2783/1/3072 
f 2781/1/3070 2783/1/3072 2782/1/3071 
f 2778/1/3067 2784/1/3073 2779/1/3068 
f 2779/1/3068 2784/1/3073 2785/1/3074 
f 2779/1/3068 2785/1/3074 2786/1/3075 
f 1149/1/3076 2773/1/3062 1147/1/3077 
f 1147/1/3077 2773/1/3062 2775/1/3064 
f 1147/1/3077 2775/1/3064 2787/1/3078 
f 2787/1/3078 2775/1/3064 2781/1/3070 
f 2787/1/3078 2781/1/3070 2788/1/3079 
f 2788/1/3079 2781/1/3070 2776/1/3065 
f 2788/1/3079 2776/1/3065 2789/1/3080 
f 2789/1/3080 2776/1/3065 2779/1/3068 
f 2789/1/3080 2779/1/3068 2790/1/3081 
f 2790/1/3081 2779/1/3068 2786/1/3075 
s 8
f 2791/1/3082 2792/1/3083 2793/1/3084 
f 2793/1/3084 2792/1/3083 2794/1/3085 
f 2794/1/3085 2792/1/3083 2795/1/3086 
f 2795/1/3086 2792/1/3083 2786/1/3087 
f 2795/1/3086 2786/1/3087 2785/1/3088 
s 4
f 1562/1/1537 2796/1/3089 1561/1/1535 
f 1561/1/1535 2796/1/3089 2797/1/3090 
f 1561/1/1535 2797/1/3090 1560/1/1534 
f 1560/1/1534 2797/1/3090 2798/1/3091 
f 1560/1/1534 2798/1/3091 1559/1/1532 
f 1559/1/1532 2798/1/3091 1558/1/1531 
f 1558/1/1531 2798/1/3091 2799/1/3092 
f 1558/1/1531 2799/1/3092 1557/1/1529 
f 1557/1/1529 2799/1/3092 2800/1/3093 
f 1557/1/1529 2800/1/3093 2801/1/3094 
f 1552/1/1522 1553/1/1523 2802/1/3095 
f 2802/1/3095 1553/1/1523 2803/1/3096 
f 2803/1/3096 1553/1/1523 1554/1/1525 
f 2803/1/3096 1554/1/1525 2804/1/3097 
f 2804/1/3097 1554/1/1525 1555/1/1526 
f 2804/1/3097 1555/1/1526 2801/1/3094 
f 2801/1/3094 1555/1/1526 1556/1/1528 
f 2801/1/3094 1556/1/1528 1557/1/1529 
f 2805/1/3098 1550/1/1519 2806/1/3099 
f 2806/1/3099 1550/1/1519 1551/1/1520 
f 2802/1/3095 2807/1/3100 1552/1/1522 
f 1552/1/1522 2807/1/3100 2808/1/3101 
f 1552/1/1522 2808/1/3101 1551/1/1520 
f 1551/1/1520 2808/1/3101 2809/1/3102 
f 1551/1/1520 2809/1/3102 2806/1/3099 
f 2810/1/3103 1550/1/1519 2811/1/3104 
f 2811/1/3104 1550/1/1519 2805/1/3098 
f 1547/1/1515 1546/1/1513 2812/1/3105 
f 2812/1/3105 1546/1/1513 1545/1/1512 
f 2812/1/3105 1545/1/1512 2810/1/3103 
f 2810/1/3103 1545/1/1512 1549/1/1517 
f 2810/1/3103 1549/1/1517 1550/1/1519 
f 1547/1/1515 2812/1/3105 1548/1/1516 
f 1548/1/1516 2812/1/3105 2813/1/3106 
f 1548/1/1516 2813/1/3106 1543/1/1510 
f 1543/1/1510 2813/1/3106 2814/1/3107 
f 1543/1/1510 2814/1/3107 1544/1/1511 
f 2814/1/3107 2815/1/3108 1544/1/1511 
f 1544/1/1511 2815/1/3108 2816/1/3109 
f 1544/1/1511 2816/1/3109 1541/1/1507 
f 1541/1/1507 2816/1/3109 2817/1/3110 
f 1541/1/1507 2817/1/3110 1542/1/1508 
f 1542/1/1508 2817/1/3110 2818/1/3111 
f 1536/1/1499 1537/1/1500 2819/1/3112 
f 2819/1/3112 1537/1/1500 1538/1/1502 
f 2819/1/3112 1538/1/1502 2820/1/3113 
f 2820/1/3113 1538/1/1502 1539/1/1503 
f 2820/1/3113 1539/1/1503 2818/1/3111 
f 2818/1/3111 1539/1/1503 1540/1/1505 
f 2818/1/3111 1540/1/1505 1542/1/1508 
f 2819/1/3112 2821/1/3114 1536/1/1499 
f 1536/1/1499 2821/1/3114 2822/1/3115 
f 1536/1/1499 2822/1/3115 1535/1/1497 
f 1535/1/1497 2822/1/3115 2823/1/3116 
f 1535/1/1497 2823/1/3116 1531/1/1492 
f 1531/1/1492 2823/1/3116 1532/1/1493 
f 1532/1/1493 2823/1/3116 2824/1/3117 
f 1532/1/1493 2824/1/3117 1533/1/1495 
f 1533/1/1495 2824/1/3117 2825/1/3118 
f 1533/1/1495 2825/1/3118 1534/1/1496 
f 1534/1/1496 2825/1/3118 2826/1/3119 
f 1534/1/1496 2826/1/3119 1528/1/1488 
f 1528/1/1488 2826/1/3119 2827/1/3120 
f 1528/1/1488 2827/1/3120 1529/1/1490 
f 1529/1/1490 2827/1/3120 2828/1/3121 
f 1529/1/1490 2828/1/3121 1530/1/1491 
f 1530/1/1491 2828/1/3121 2829/1/3122 
f 1530/1/1491 2829/1/3122 1527/1/1486 
f 1527/1/1486 2829/1/3122 2830/1/3123 
f 1527/1/1486 2830/1/3123 1526/1/1484 
f 1526/1/1484 2830/1/3123 2831/1/3124 
f 1526/1/1484 2831/1/3124 1523/1/1481 
f 1523/1/1481 2831/1/3124 1524/1/1482 
f 1524/1/1482 2831/1/3124 2832/1/3125 
f 1524/1/1482 2832/1/3125 1525/1/1483 
f 2832/1/3125 2833/1/3126 1525/1/1483 
f 1525/1/1483 2833/1/3126 2834/1/3127 
f 1525/1/1483 2834/1/3127 1519/1/1475 
f 1519/1/1475 2834/1/3127 1520/1/1476 
f 1520/1/1476 2834/1/3127 2835/1/3128 
f 1520/1/1476 2835/1/3128 1521/1/1478 
f 1521/1/1478 2835/1/3128 2836/1/3129 
f 1521/1/1478 2836/1/3129 1522/1/1479 
f 1522/1/1479 2836/1/3129 2837/1/3130 
f 1522/1/1479 2837/1/3130 1518/1/1473 
f 2837/1/3130 2838/1/3131 1518/1/1473 
f 1518/1/1473 2838/1/3131 2839/1/3132 
f 1518/1/1473 2839/1/3132 1517/1/1471 
f 1517/1/1471 2839/1/3132 2840/1/3133 
f 1517/1/1471 2840/1/3133 1516/1/1469 
f 1516/1/1469 2840/1/3133 2841/1/3134 
f 2842/1/3135 2843/1/3136 2844/1/3137 
f 2844/1/3137 2843/1/3136 2845/1/3138 
s 1
f 2844/1/3139 2845/1/3140 2445/1/3141 
f 2445/1/3141 2845/1/3140 2846/1/3142 
f 2445/1/3141 2846/1/3142 2446/1/3143 
f 2446/1/3143 2846/1/3142 2451/1/3143 
f 2451/1/3143 2450/1/3144 2449/1/3145 
f 2449/1/3145 2448/1/3146 2451/1/3143 
f 2451/1/3143 2448/1/3146 2447/1/3147 
f 2451/1/3143 2447/1/3147 2446/1/3143 
s 16
f 2444/1/2647 2846/1/3148 2443/1/2646 
f 2846/1/3148 2444/1/2647 2451/1/2654 
s 8
f 2772/1/3149 1482/1/3150 2769/1/3151 
f 2769/1/3151 1482/1/3150 1480/1/3152 
f 2769/1/3151 1480/1/3152 2768/1/3153 
f 2768/1/3153 1480/1/3152 1479/1/3154 
f 2768/1/3153 1479/1/3154 1478/1/3155 
f 2847/1/3156 1474/1/3157 2770/1/3158 
f 2770/1/3158 1474/1/3157 1472/1/3159 
f 2770/1/3158 1472/1/3159 2771/1/3160 
f 2771/1/3160 1472/1/3159 1473/1/3161 
f 2771/1/3160 1473/1/3161 2772/1/3149 
f 2772/1/3149 1473/1/3161 1481/1/3162 
f 2772/1/3149 1481/1/3162 1482/1/3150 
f 2848/1/3163 1477/1/3164 2849/1/3165 
f 2849/1/3165 1477/1/3164 1476/1/3166 
f 2849/1/3165 1476/1/3166 2847/1/3156 
f 2847/1/3156 1476/1/3166 1475/1/3167 
f 2847/1/3156 1475/1/3167 1474/1/3157 
f 1470/1/3168 1469/1/3169 2850/1/3170 
f 2850/1/3170 1469/1/3169 1468/1/3171 
f 2850/1/3170 1468/1/3171 2851/1/3172 
f 2851/1/3172 1468/1/3171 1467/1/3173 
f 2851/1/3172 1467/1/3173 2852/1/3174 
f 2852/1/3174 1467/1/3173 1466/1/3175 
f 2852/1/3174 1466/1/3175 2848/1/3163 
f 2848/1/3163 1466/1/3175 1471/1/3176 
f 2848/1/3163 1471/1/3176 1477/1/3164 
f 2850/1/3170 2853/1/3177 1470/1/3168 
f 1470/1/3168 2853/1/3177 2854/1/3178 
f 1470/1/3168 2854/1/3178 1460/1/3179 
f 1460/1/3179 2854/1/3178 2855/1/3180 
f 1460/1/3179 2855/1/3180 1461/1/3181 
f 1461/1/3181 2855/1/3180 2856/1/3182 
f 1461/1/3181 2856/1/3182 1462/1/3183 
f 1462/1/3183 2856/1/3182 2857/1/3184 
f 1462/1/3183 2857/1/3184 1463/1/3185 
f 1463/1/3185 2857/1/3184 2858/1/3186 
f 1463/1/3185 2858/1/3186 1464/1/3187 
f 1464/1/3187 2858/1/3186 2859/1/3188 
f 1464/1/3187 2859/1/3188 1465/1/3189 
f 2859/1/3188 1400/1/3190 1465/1/3189 
f 1465/1/3189 1400/1/3190 1399/1/3191 
f 1465/1/3189 1399/1/3191 1459/1/3192 
f 1459/1/3192 1399/1/3191 2860/1/3193 
f 1459/1/3192 2860/1/3193 1458/1/3194 
f 1458/1/3194 2860/1/3193 2861/1/3195 
f 1458/1/3194 2861/1/3195 1457/1/3196 
f 1457/1/3196 2861/1/3195 2862/1/3197 
f 1457/1/3196 2862/1/3197 1103/1/1158 
f 1103/1/1158 2862/1/3197 1105/1/1160 
f 1456/1/3198 1454/1/3199 1146/1/3200 
f 1456/1/3198 1146/1/3200 1455/1/3201 
f 1146/1/3200 1145/1/3202 1455/1/3201 
f 1455/1/3201 1145/1/3202 1093/1/1145 
f 1455/1/3201 1093/1/1145 1092/1/1144 
s 4
f 2770/1/1170 1424/1/1173 2847/1/3203 
f 2847/1/3203 1424/1/1173 1423/1/3204 
f 2857/1/3205 1448/1/3206 2858/1/3207 
f 2858/1/3207 1448/1/3206 1447/1/3208 
f 2858/1/3207 1447/1/3208 2859/1/3209 
f 2859/1/3209 1447/1/3208 1400/1/3210 
f 1394/1/3211 1448/1/3206 2856/1/3212 
f 2856/1/3212 1448/1/3206 2857/1/3205 
f 2856/1/3212 2855/1/3213 1394/1/3211 
f 1394/1/3211 2855/1/3213 2854/1/3214 
f 1394/1/3211 2854/1/3214 1395/1/3215 
f 1395/1/3215 2854/1/3214 2853/1/3216 
f 1395/1/3215 2853/1/3216 1397/1/3217 
f 2853/1/3216 2850/1/3218 1397/1/3217 
f 1397/1/3217 2850/1/3218 2851/1/3219 
f 1397/1/3217 2851/1/3219 1398/1/3220 
f 1398/1/3220 2851/1/3219 2852/1/3221 
f 1398/1/3220 2852/1/3221 1391/1/3222 
f 1391/1/3222 2852/1/3221 2848/1/3223 
f 1391/1/3222 2848/1/3223 1393/1/3224 
f 2848/1/3223 2849/1/3225 1393/1/3224 
f 1393/1/3224 2849/1/3225 2847/1/3203 
f 1393/1/3224 2847/1/3203 1423/1/3204 
s 2
f 2777/1/3066 2780/1/3069 2863/1/3226 
f 1149/1/3076 2864/1/3227 2773/1/3062 
f 2773/1/3062 2864/1/3227 2865/1/3228 
f 2773/1/3062 2865/1/3228 2774/1/3063 
f 2865/1/3228 2866/1/3229 2774/1/3063 
f 2774/1/3063 2866/1/3229 2867/1/3230 
f 2774/1/3063 2867/1/3230 2783/1/3072 
f 2863/1/3226 2780/1/3069 2867/1/3230 
f 2867/1/3230 2780/1/3069 2782/1/3071 
f 2867/1/3230 2782/1/3071 2783/1/3072 
f 2785/1/3074 2784/1/3073 2868/1/3231 
f 2868/1/3231 2784/1/3073 2778/1/3067 
f 2868/1/3231 2778/1/3067 2777/1/3066 
f 2777/1/3066 2863/1/3226 2868/1/3231 
f 2868/1/3231 2863/1/3226 2869/1/3232 
f 2868/1/3231 2869/1/3232 2870/1/3233 
f 2871/1/3234 2872/1/3235 2873/1/3236 
f 2785/1/3074 2868/1/3231 2873/1/3236 
f 2873/1/3236 2868/1/3231 2870/1/3233 
f 2873/1/3236 2870/1/3233 2871/1/3234 
f 2871/1/3234 2870/1/3233 2869/1/3232 
f 2871/1/3234 2869/1/3232 2874/1/3237 
f 2875/1/3238 2876/1/3239 2877/1/3240 
f 2877/1/3240 2876/1/3239 2878/1/3241 
f 2877/1/3240 2878/1/3241 2879/1/3242 
f 2880/1/3243 2881/1/3244 2882/1/3245 
f 2882/1/3245 2881/1/3244 2883/1/3246 
f 2881/1/3244 2884/1/3247 2883/1/3246 
f 2883/1/3246 2884/1/3247 2885/1/3248 
f 2883/1/3246 2885/1/3248 2875/1/3238 
f 2875/1/3238 2885/1/3248 2886/1/3249 
f 2875/1/3238 2886/1/3249 2876/1/3239 
f 2882/1/3245 2887/1/3250 2880/1/3243 
f 2880/1/3243 2887/1/3250 1150/1/3251 
f 2880/1/3243 1150/1/3251 1134/1/3252 
f 1149/1/3076 1150/1/3251 2864/1/3227 
f 2864/1/3227 1150/1/3251 2887/1/3250 
f 2864/1/3227 2887/1/3250 2865/1/3228 
f 2865/1/3228 2887/1/3250 2882/1/3245 
f 2865/1/3228 2882/1/3245 2866/1/3229 
f 2866/1/3229 2882/1/3245 2883/1/3246 
f 2866/1/3229 2883/1/3246 2867/1/3230 
f 2867/1/3230 2883/1/3246 2875/1/3238 
f 2867/1/3230 2875/1/3238 2863/1/3226 
f 2863/1/3226 2875/1/3238 2877/1/3240 
f 2863/1/3226 2877/1/3240 2869/1/3232 
f 2869/1/3232 2877/1/3240 2879/1/3242 
f 2869/1/3232 2879/1/3242 2874/1/3237 
f 2888/1/3253 2889/1/3254 2890/1/3255 
f 1134/1/3252 1153/1/3256 2880/1/3243 
f 2880/1/3243 1153/1/3256 1152/1/3257 
f 2880/1/3243 1152/1/3257 2881/1/3244 
f 2881/1/3244 1152/1/3257 2891/1/3258 
f 2881/1/3244 2891/1/3258 2884/1/3247 
f 2884/1/3247 2891/1/3258 2885/1/3248 
f 2885/1/3248 2891/1/3258 2886/1/3249 
f 2886/1/3249 2891/1/3258 2890/1/3255 
f 2886/1/3249 2890/1/3255 2876/1/3239 
f 2874/1/3237 2879/1/3242 2890/1/3255 
f 2890/1/3255 2879/1/3242 2878/1/3241 
f 2890/1/3255 2878/1/3241 2876/1/3239 
f 2892/1/3259 2893/1/3260 2894/1/3261 
f 2895/1/3262 2896/1/3263 2897/1/3264 
f 2897/1/3264 2896/1/3263 2892/1/3259 
f 2897/1/3264 2892/1/3259 2898/1/3265 
f 2898/1/3265 2892/1/3259 2894/1/3261 
f 2898/1/3265 2894/1/3261 2899/1/3266 
f 2889/1/3254 2895/1/3262 2890/1/3255 
f 2890/1/3255 2895/1/3262 2897/1/3264 
f 2890/1/3255 2897/1/3264 2874/1/3237 
f 2874/1/3237 2897/1/3264 2898/1/3265 
f 2874/1/3237 2898/1/3265 2871/1/3234 
f 2871/1/3234 2898/1/3265 2899/1/3266 
f 2871/1/3234 2899/1/3266 2872/1/3235 
f 1151/1/3267 1138/1/3268 2900/1/3269 
f 2888/1/3253 2890/1/3255 2901/1/3270 
f 2901/1/3270 2890/1/3255 2891/1/3258 
f 2901/1/3270 2891/1/3258 2900/1/3269 
f 2900/1/3269 2891/1/3258 1152/1/3257 
f 2900/1/3269 1152/1/3257 1151/1/3267 
f 2902/1/3271 2903/1/3272 2904/1/3273 
f 2889/1/3254 2888/1/3253 2905/1/3274 
f 2906/1/3275 2907/1/3276 2908/1/3277 
f 2908/1/3277 2907/1/3276 2909/1/3278 
f 2908/1/3277 2909/1/3278 2910/1/3279 
f 2910/1/3279 2909/1/3278 2911/1/3280 
f 2910/1/3279 2911/1/3280 2912/1/3281 
f 2912/1/3281 2911/1/3280 2893/1/3260 
f 2912/1/3281 2893/1/3260 2892/1/3259 
f 2913/1/3282 2914/1/3283 2915/1/3284 
f 2915/1/3284 2914/1/3283 2916/1/3285 
f 2915/1/3284 2916/1/3285 2906/1/3275 
f 2906/1/3275 2916/1/3285 2917/1/3286 
f 2906/1/3275 2917/1/3286 2907/1/3276 
f 2918/1/3287 2919/1/3288 2920/1/3289 
f 2918/1/3287 2920/1/3289 2915/1/3284 
f 2915/1/3284 2920/1/3289 2921/1/3290 
f 2915/1/3284 2921/1/3290 2913/1/3282 
f 2919/1/3288 2918/1/3287 2922/1/3291 
f 2922/1/3291 2918/1/3287 2923/1/3292 
f 2922/1/3291 2923/1/3292 2924/1/3293 
f 2924/1/3293 2923/1/3292 2925/1/3294 
f 2925/1/3294 2923/1/3292 2926/1/3295 
f 2925/1/3294 2926/1/3295 2927/1/3296 
f 2928/1/3297 1156/1/3298 1154/1/3299 
f 1156/1/3298 2928/1/3297 1157/1/3300 
f 1157/1/3300 2928/1/3297 2929/1/3301 
f 1157/1/3300 2929/1/3301 1126/1/3302 
f 1126/1/3302 2929/1/3301 2930/1/3303 
f 1126/1/3302 2930/1/3303 1119/1/3304 
f 1119/1/3304 2930/1/3303 2931/1/3305 
f 1119/1/3304 2931/1/3305 1117/1/3306 
f 2932/1/3307 1109/1/3308 1141/1/3309 
f 1110/1/3310 2933/1/3311 1124/1/3312 
f 1124/1/3312 2933/1/3311 2934/1/3313 
f 1124/1/3312 2934/1/3313 1135/1/3314 
f 2900/1/3269 1138/1/3268 1136/1/3315 
f 1135/1/3314 2934/1/3313 1136/1/3315 
f 1136/1/3315 2934/1/3313 2901/1/3270 
f 1136/1/3315 2901/1/3270 2900/1/3269 
f 2892/1/3259 2896/1/3263 2912/1/3281 
f 2912/1/3281 2896/1/3263 2935/1/3316 
f 2912/1/3281 2935/1/3316 2910/1/3279 
f 2910/1/3279 2935/1/3316 2936/1/3317 
f 2910/1/3279 2936/1/3317 2908/1/3277 
f 2908/1/3277 2936/1/3317 2937/1/3318 
f 2908/1/3277 2937/1/3318 2906/1/3275 
f 2888/1/3253 2901/1/3270 2905/1/3274 
f 2905/1/3274 2901/1/3270 2934/1/3313 
f 2905/1/3274 2934/1/3313 2938/1/3319 
f 2938/1/3319 2934/1/3313 2933/1/3311 
f 2938/1/3319 2933/1/3311 2932/1/3307 
f 2932/1/3307 2933/1/3311 1110/1/3310 
f 2932/1/3307 1110/1/3310 1109/1/3308 
f 2895/1/3262 2889/1/3254 2939/1/3320 
f 2939/1/3320 2889/1/3254 2905/1/3274 
f 2939/1/3320 2905/1/3274 2904/1/3273 
f 2904/1/3273 2905/1/3274 2938/1/3319 
f 2904/1/3273 2938/1/3319 2902/1/3271 
f 2902/1/3271 2938/1/3319 2932/1/3307 
f 2902/1/3271 2932/1/3307 2931/1/3305 
f 2931/1/3305 2932/1/3307 1141/1/3309 
f 2931/1/3305 1141/1/3309 1117/1/3306 
f 2903/1/3272 2902/1/3271 2940/1/3321 
f 2940/1/3321 2902/1/3271 2931/1/3305 
f 2940/1/3321 2931/1/3305 2941/1/3322 
f 2941/1/3322 2931/1/3305 2930/1/3303 
f 2941/1/3322 2930/1/3303 2942/1/3323 
f 2942/1/3323 2930/1/3303 2929/1/3301 
f 2942/1/3323 2929/1/3301 2943/1/3324 
f 2943/1/3324 2929/1/3301 2928/1/3297 
f 2943/1/3324 2928/1/3297 2944/1/3325 
f 2944/1/3325 2928/1/3297 1154/1/3299 
f 2944/1/3325 1154/1/3299 1122/1/3326 
f 2896/1/3263 2895/1/3262 2935/1/3316 
f 2935/1/3316 2895/1/3262 2939/1/3320 
f 2935/1/3316 2939/1/3320 2936/1/3317 
f 2936/1/3317 2939/1/3320 2904/1/3273 
f 2936/1/3317 2904/1/3273 2937/1/3318 
f 2937/1/3318 2904/1/3273 2903/1/3272 
f 2937/1/3318 2903/1/3272 2906/1/3275 
f 2906/1/3275 2903/1/3272 2940/1/3321 
f 2906/1/3275 2940/1/3321 2915/1/3284 
f 2915/1/3284 2940/1/3321 2941/1/3322 
f 2915/1/3284 2941/1/3322 2918/1/3287 
f 2918/1/3287 2941/1/3322 2942/1/3323 
f 2918/1/3287 2942/1/3323 2923/1/3292 
f 2923/1/3292 2942/1/3323 2943/1/3324 
f 2923/1/3292 2943/1/3324 2926/1/3295 
f 2926/1/3295 2943/1/3324 2944/1/3325 
f 2945/1/3327 1123/1/3328 1114/1/3329 
f 2946/1/3330 2947/1/3331 2948/1/3332 
f 2948/1/3332 2947/1/3331 2949/1/3333 
f 2949/1/3333 2945/1/3327 2948/1/3332 
f 2948/1/3332 2945/1/3327 1114/1/3329 
f 2948/1/3332 1114/1/3329 2946/1/3330 
f 2946/1/3330 1114/1/3329 1144/1/3334 
f 2950/1/3335 2927/1/3296 2926/1/3295 
f 1122/1/3326 1123/1/3328 2944/1/3325 
f 2944/1/3325 1123/1/3328 2945/1/3327 
f 2944/1/3325 2945/1/3327 2926/1/3295 
f 2926/1/3295 2945/1/3327 2949/1/3333 
f 2926/1/3295 2949/1/3333 2950/1/3335 
s 8
f 2795/1/3086 2785/1/3088 2873/1/3336 
f 2951/1/3337 2952/1/3338 2953/1/3339 
f 2952/1/3338 2954/1/3340 2953/1/3339 
f 2953/1/3339 2954/1/3340 2793/1/3084 
f 2953/1/3339 2793/1/3084 2794/1/3085 
f 2794/1/3085 2795/1/3086 2953/1/3339 
f 2953/1/3339 2795/1/3086 2873/1/3336 
f 2953/1/3339 2873/1/3336 2951/1/3337 
f 2951/1/3337 2873/1/3336 2872/1/3341 
s 2
f 2955/1/3342 1909/1/3343 2956/1/3344 
f 2955/1/3342 2956/1/3344 2957/1/3345 
s 8
f 2957/1/3346 2956/1/3347 2958/1/3348 
f 2957/1/3346 2958/1/3348 2959/1/3349 
f 2958/1/3348 2960/1/3350 2959/1/3349 
f 2959/1/3349 2960/1/3350 2961/1/3351 
f 2959/1/3349 2961/1/3351 2962/1/3352 
f 2961/1/3351 2963/1/3353 2962/1/3352 
f 2962/1/3352 2963/1/3353 2964/1/3354 
f 2962/1/3352 2964/1/3354 2965/1/3355 
s 2
f 1408/1/1277 2966/1/3356 1406/1/1275 
f 1406/1/1275 2966/1/3356 2967/1/3357 
f 1406/1/1275 2967/1/3357 1407/1/1276 
f 1407/1/1276 2967/1/3357 2968/1/3358 
s 8
f 2969/1/3359 1411/1/3360 1412/1/3361 
f 2969/1/3359 1412/1/3361 2970/1/3362 
f 2970/1/3362 1412/1/3361 1413/1/3363 
f 2970/1/3362 1413/1/3363 2971/1/3364 
f 2969/1/3359 2767/1/3365 1411/1/3360 
f 1411/1/3360 2767/1/3365 1410/1/3366 
f 1414/1/3367 2972/1/3368 1413/1/3363 
f 1413/1/3363 2972/1/3368 2973/1/3369 
f 1413/1/3363 2973/1/3369 2971/1/3364 
f 1356/1/3370 2974/1/3371 1386/1/3372 
f 1386/1/3372 2974/1/3371 2972/1/3368 
f 1386/1/3372 2972/1/3368 1416/1/3373 
f 1416/1/3373 2972/1/3368 1414/1/3367 
f 1896/1/3374 2966/1/3375 1897/1/3376 
f 1897/1/3376 2966/1/3375 1408/1/3377 
f 1897/1/3376 1408/1/3377 2766/1/3378 
f 2766/1/3378 1408/1/3377 1409/1/3379 
f 2766/1/3378 1409/1/3379 2767/1/3365 
f 2767/1/3365 1409/1/3379 1410/1/3366 
s 2
f 2860/1/3380 1399/1/1268 1404/1/1273 
f 2975/1/3381 2976/1/3382 2977/1/3383 
f 2975/1/3381 2977/1/3383 1401/1/1270 
f 2977/1/3383 2978/1/3384 1401/1/1270 
f 1401/1/1270 2978/1/3384 2979/1/3385 
f 1401/1/1270 2979/1/3385 1402/1/1271 
f 1407/1/1276 2968/1/3358 2980/1/3386 
f 1407/1/1276 2980/1/3386 1429/1/1298 
f 2980/1/3386 2981/1/3387 1429/1/1298 
f 1429/1/1298 2981/1/3387 2982/1/3388 
f 1429/1/1298 2982/1/3388 1401/1/1270 
f 1401/1/1270 2982/1/3388 2983/1/3389 
f 2983/1/3389 2983/1/3390 1401/1/1270 
f 1401/1/1270 2983/1/3390 2984/1/3391 
f 1401/1/1270 2984/1/3391 2985/1/3392 
f 2985/1/3392 2985/1/3393 1401/1/1270 
f 1401/1/1270 2985/1/3393 2986/1/3394 
f 1401/1/1270 2986/1/3394 2975/1/3381 
f 2979/1/3385 2987/1/3395 1402/1/1271 
f 1402/1/1271 2987/1/3395 2988/1/3396 
f 1402/1/1271 2988/1/3396 1403/1/1272 
f 1403/1/1272 2988/1/3396 2989/1/3397 
f 1403/1/1272 2989/1/3397 1404/1/1273 
f 1404/1/1273 2989/1/3397 2861/1/3398 
f 1404/1/1273 2861/1/3398 2860/1/3380 
s 1
f 1909/1/3399 1911/1/3400 2956/1/3401 
f 2956/1/3401 1911/1/3400 2990/1/3402 
f 2956/1/3401 2990/1/3402 2958/1/3403 
f 2958/1/3403 2990/1/3402 2991/1/3404 
f 2992/1/3405 2963/1/3406 2993/1/3407 
f 2993/1/3407 2963/1/3406 2961/1/3408 
f 2993/1/3407 2961/1/3408 2991/1/3404 
f 2991/1/3404 2961/1/3408 2960/1/3409 
f 2991/1/3404 2960/1/3409 2958/1/3403 
f 2992/1/3405 2994/1/3410 2963/1/3406 
f 2963/1/3406 2994/1/3410 2995/1/3411 
f 2963/1/3406 2995/1/3411 2964/1/3412 
f 2964/1/3412 2995/1/3411 2996/1/3413 
f 2964/1/3412 2996/1/3413 2997/1/3414 
f 2997/1/3414 2996/1/3413 2998/1/3415 
f 2998/1/3415 2996/1/3413 2846/1/3142 
f 2998/1/3415 2846/1/3142 2845/1/3140 
s 4
f 2845/1/3138 2843/1/3136 2999/1/3416 
f 2845/1/3138 2999/1/3416 2998/1/3417 
f 2998/1/3417 2999/1/3416 3000/1/3418 
f 2998/1/3417 3000/1/3418 2997/1/3419 
f 2997/1/3419 3000/1/3418 3001/1/3420 
f 2997/1/3419 3001/1/3420 2964/1/3421 
f 2843/1/3136 3002/1/3422 2999/1/3416 
f 2999/1/3416 3002/1/3422 3003/1/3423 
f 2999/1/3416 3003/1/3423 3000/1/3418 
f 3000/1/3418 3003/1/3423 3004/1/3424 
f 3000/1/3418 3004/1/3424 3001/1/3420 
s 8
f 2842/1/3425 3005/1/3426 2843/1/3427 
f 2843/1/3427 3005/1/3426 3006/1/3428 
f 2843/1/3427 3006/1/3428 3002/1/3429 
f 3002/1/3429 3006/1/3428 3007/1/3430 
f 3002/1/3429 3007/1/3430 3003/1/3431 
f 3003/1/3431 3007/1/3430 3008/1/3432 
f 3003/1/3431 3008/1/3432 3004/1/3433 
f 3004/1/3433 3008/1/3432 3009/1/3434 
f 3004/1/3433 3009/1/3434 3001/1/3435 
f 3001/1/3435 3009/1/3434 3010/1/3436 
f 3001/1/3435 3010/1/3436 2964/1/3354 
f 2964/1/3354 3010/1/3436 2965/1/3355 
f 2951/1/3337 2872/1/3341 2899/1/3437 
f 3011/1/3438 3012/1/3439 3013/1/3440 
f 3012/1/3439 3014/1/3441 3013/1/3440 
f 3013/1/3440 3014/1/3441 3015/1/3442 
f 3013/1/3440 3015/1/3442 3016/1/3443 
f 2894/1/3444 2893/1/3445 3011/1/3438 
f 2951/1/3337 2899/1/3437 2952/1/3338 
f 2894/1/3444 3011/1/3438 2899/1/3437 
f 2899/1/3437 3011/1/3438 3013/1/3440 
f 2899/1/3437 3013/1/3440 2952/1/3338 
f 2952/1/3338 3013/1/3440 3016/1/3443 
f 2952/1/3338 3016/1/3443 2954/1/3340 
s 2
f 3017/1/3446 2706/1/3446 2705/1/3446 
f 3017/1/3446 2705/1/3446 3018/1/3447 
f 3018/1/3447 2705/1/3446 3019/1/3448 
f 3018/1/3447 3019/1/3448 3020/1/3449 
f 3021/1/3450 3022/1/3451 3023/1/3452 
f 3023/1/3452 3022/1/3451 3024/1/3453 
f 3023/1/3452 3024/1/3453 3025/1/3454 
f 3025/1/3454 3024/1/3453 3026/1/3455 
f 3025/1/3454 3026/1/3455 3027/1/3456 
f 3027/1/3456 3026/1/3455 3028/1/3457 
f 3027/1/3456 3028/1/3457 3029/1/3458 
f 3029/1/3458 3028/1/3457 3030/1/3459 
f 3029/1/3458 3030/1/3459 3031/1/3460 
f 3032/1/3461 3031/1/3460 3033/1/3462 
f 3033/1/3462 3031/1/3460 3030/1/3459 
f 3033/1/3462 3030/1/3459 3034/1/3463 
f 3034/1/3463 3030/1/3459 3028/1/3457 
f 3034/1/3463 3028/1/3457 3035/1/3464 
f 3035/1/3464 3028/1/3457 3026/1/3455 
s 1
f 3035/1/3465 3026/1/3465 3036/1/3465 
s 2
f 3036/1/3466 3026/1/3455 3024/1/3453 
s 8
f 3018/1/3467 2950/1/3468 3017/1/3469 
f 3017/1/3469 2950/1/3468 2949/1/3470 
f 2707/1/3471 2706/1/3472 2947/1/3473 
f 2947/1/3473 2706/1/3472 3017/1/3469 
f 2947/1/3473 3017/1/3469 2949/1/3470 
f 3037/1/3474 2924/1/3475 3038/1/3476 
f 3038/1/3476 2924/1/3475 2925/1/3477 
f 3038/1/3476 2925/1/3477 3039/1/3478 
f 3011/1/3438 2893/1/3445 2911/1/3479 
f 3040/1/3480 3034/1/3481 3041/1/3482 
f 3041/1/3482 3034/1/3481 3035/1/3483 
f 3041/1/3482 3035/1/3483 3042/1/3484 
f 3042/1/3484 3035/1/3483 3036/1/3485 
f 3042/1/3484 3036/1/3485 3043/1/3486 
f 3043/1/3486 3036/1/3485 3024/1/3487 
f 3043/1/3486 3024/1/3487 3044/1/3488 
f 3044/1/3488 3024/1/3487 3022/1/3489 
f 3037/1/3474 3045/1/3490 3040/1/3480 
f 3040/1/3480 3045/1/3490 3033/1/3491 
f 3040/1/3480 3033/1/3491 3034/1/3481 
f 2924/1/3475 3037/1/3474 2922/1/3492 
f 2922/1/3492 3037/1/3474 3040/1/3480 
f 2922/1/3492 3040/1/3480 2919/1/3493 
f 2919/1/3493 3040/1/3480 3041/1/3482 
f 2914/1/3494 2913/1/3495 3042/1/3484 
f 3042/1/3484 2913/1/3495 2921/1/3496 
f 3042/1/3484 2921/1/3496 3041/1/3482 
f 3041/1/3482 2921/1/3496 2920/1/3497 
f 3041/1/3482 2920/1/3497 2919/1/3493 
f 2914/1/3494 3042/1/3484 2916/1/3498 
f 2916/1/3498 3042/1/3484 3043/1/3486 
f 2916/1/3498 3043/1/3486 2917/1/3499 
f 2917/1/3499 3043/1/3486 3044/1/3488 
f 2917/1/3499 3044/1/3488 2907/1/3500 
f 2907/1/3500 3044/1/3488 3046/1/3501 
f 2907/1/3500 3046/1/3501 2909/1/3502 
f 3012/1/3439 3011/1/3438 3047/1/3503 
f 3047/1/3503 3011/1/3438 2911/1/3479 
f 3047/1/3503 2911/1/3479 3048/1/3504 
f 3048/1/3504 2911/1/3479 2909/1/3502 
f 2909/1/3502 3046/1/3501 3048/1/3504 
f 3048/1/3504 3046/1/3501 3049/1/3505 
f 3048/1/3504 3049/1/3505 3047/1/3503 
f 3047/1/3503 3049/1/3505 3014/1/3441 
f 3047/1/3503 3014/1/3441 3012/1/3439 
f 3022/1/3489 3021/1/3506 3044/1/3488 
f 3044/1/3488 3021/1/3506 3050/1/3507 
f 3044/1/3488 3050/1/3507 3046/1/3501 
f 3046/1/3501 3050/1/3507 3051/1/3508 
f 3046/1/3501 3051/1/3508 3049/1/3505 
f 3052/1/3509 3053/1/3510 2954/1/3340 
f 2954/1/3340 3053/1/3510 3054/1/3511 
f 2954/1/3340 3054/1/3511 2793/1/3084 
f 2793/1/3084 3054/1/3511 2791/1/3082 
f 3055/1/3512 3056/1/3513 3057/1/3514 
s 2
f 3058/1/3515 3059/1/3516 3060/1/3517 
s 8
f 3061/1/3518 3062/1/3519 3058/1/3520 
f 3058/1/3520 3062/1/3519 3058/1/3521 
f 3058/1/3520 3058/1/3521 3059/1/3522 
f 3055/1/3512 3032/1/3523 3056/1/3513 
f 3056/1/3513 3032/1/3523 3063/1/3524 
f 3056/1/3513 3063/1/3524 3064/1/3525 
f 3065/1/3526 3061/1/3518 3064/1/3525 
f 3064/1/3525 3061/1/3518 3058/1/3520 
f 3064/1/3525 3058/1/3520 3056/1/3513 
s 2
f 3056/1/3527 3058/1/3515 3060/1/3517 
s 4
f 3056/1/3528 3060/1/3528 3057/1/3528 
s 8
f 3019/1/3529 3065/1/3526 3066/1/3530 
f 3066/1/3530 3065/1/3526 3064/1/3525 
f 3066/1/3530 3064/1/3525 3067/1/3531 
f 3067/1/3531 3064/1/3525 3063/1/3524 
f 3067/1/3531 3063/1/3524 3068/1/3532 
f 3068/1/3532 3063/1/3524 3032/1/3523 
s 2
f 3020/1/3449 3019/1/3448 3039/1/3533 
f 3039/1/3533 3019/1/3448 3066/1/3534 
f 3032/1/3461 3033/1/3462 3068/1/3535 
f 3068/1/3535 3033/1/3462 3045/1/3536 
f 3068/1/3535 3045/1/3536 3067/1/3537 
f 3067/1/3537 3045/1/3536 3037/1/3538 
f 3067/1/3537 3037/1/3538 3066/1/3534 
f 3066/1/3534 3037/1/3538 3038/1/3539 
f 3066/1/3534 3038/1/3539 3039/1/3533 
s 8
f 3021/1/3506 3069/1/3540 3050/1/3507 
f 3050/1/3507 3069/1/3540 3070/1/3541 
f 3050/1/3507 3070/1/3541 3051/1/3508 
f 3051/1/3508 3070/1/3541 3071/1/3542 
f 3052/1/3509 2954/1/3340 3072/1/3543 
f 3072/1/3543 2954/1/3340 3016/1/3443 
f 3072/1/3543 3016/1/3443 3073/1/3544 
f 3073/1/3544 3016/1/3443 3015/1/3442 
f 3073/1/3544 3015/1/3442 3074/1/3545 
f 3074/1/3545 3015/1/3442 3014/1/3441 
f 3074/1/3545 3014/1/3441 3071/1/3542 
f 3071/1/3542 3014/1/3441 3049/1/3505 
f 3071/1/3542 3049/1/3505 3051/1/3508 
f 3075/1/3546 3069/1/3540 3021/1/3506 
f 3021/1/3506 3023/1/3547 3075/1/3546 
f 3075/1/3546 3023/1/3547 3025/1/3548 
f 3075/1/3546 3025/1/3548 3076/1/3549 
f 3031/1/3550 3077/1/3551 3029/1/3552 
f 3029/1/3552 3077/1/3551 3076/1/3549 
f 3029/1/3552 3076/1/3549 3027/1/3553 
f 3027/1/3553 3076/1/3549 3025/1/3548 
f 3031/1/3550 3032/1/3523 3077/1/3551 
f 3077/1/3551 3032/1/3523 3055/1/3512 
f 3077/1/3551 3055/1/3512 3057/1/3514 
f 2458/1/3554 2457/1/3147 2456/1/3555 
f 2454/1/3556 2453/1/3557 2705/1/3558 
f 2705/1/3558 2453/1/3557 2452/1/3559 
f 2705/1/3558 2452/1/3559 3078/1/3560 
f 3019/1/3529 2705/1/3558 3065/1/3526 
f 3065/1/3526 2705/1/3558 3078/1/3560 
f 3065/1/3526 3078/1/3560 3061/1/3518 
f 3061/1/3518 3078/1/3560 3062/1/3519 
f 2458/1/3554 2456/1/3555 2705/1/3558 
f 2705/1/3558 2456/1/3555 2455/1/3561 
f 2705/1/3558 2455/1/3561 2454/1/3556 
s 4
f 2797/1/3090 1747/1/1773 1745/1/1771 
f 2797/1/3090 1745/1/1771 2798/1/3091 
f 2798/1/3091 1745/1/1771 1743/1/1769 
f 2798/1/3091 1743/1/1769 1732/1/1758 
f 1771/1/1797 2799/1/3092 1772/1/1798 
f 1772/1/1798 2799/1/3092 2798/1/3091 
f 1772/1/1798 2798/1/3091 1731/1/1757 
f 1731/1/1757 2798/1/3091 1732/1/1758 
f 1769/1/1795 2801/1/3094 1771/1/1797 
f 1771/1/1797 2801/1/3094 2800/1/3093 
f 1771/1/1797 2800/1/3093 2799/1/3092 
f 2809/1/3102 2808/1/3101 1713/1/1738 
f 1713/1/1738 2808/1/3101 2807/1/3100 
f 1713/1/1738 2807/1/3100 1714/1/1739 
f 1714/1/1739 2807/1/3100 2802/1/3095 
f 1714/1/1739 2802/1/3095 1767/1/1793 
f 1767/1/1793 2802/1/3095 2803/1/3096 
f 1767/1/1793 2803/1/3096 1769/1/1795 
f 1769/1/1795 2803/1/3096 2804/1/3097 
f 1769/1/1795 2804/1/3097 2801/1/3094 
f 2809/1/3102 1713/1/1738 2806/1/3099 
f 2806/1/3099 1713/1/1738 1719/1/1745 
f 2806/1/3099 1719/1/1745 2805/1/3098 
f 2805/1/3098 1719/1/1745 1658/1/1720 
f 2805/1/3098 1658/1/1720 2811/1/3104 
f 2811/1/3104 1658/1/1720 1658/1/1676 
f 2811/1/3104 1658/1/1676 2810/1/3103 
f 1747/1/1773 2797/1/3090 1749/1/1775 
f 1749/1/1775 2797/1/3090 2796/1/3089 
f 1749/1/1775 2796/1/3089 1751/1/1777 
f 1751/1/1777 2796/1/3089 3079/1/3562 
f 1751/1/1777 3079/1/3562 1753/1/1779 
f 1753/1/1779 3079/1/3562 3080/1/3563 
f 1753/1/1779 3080/1/3563 1755/1/1781 
f 1755/1/1781 3080/1/3563 3081/1/3564 
f 1755/1/1781 3081/1/3564 1757/1/1783 
f 1757/1/1783 3081/1/3564 3082/1/3565 
f 1757/1/1783 3082/1/3565 1759/1/1785 
f 1759/1/1785 3082/1/3565 3083/1/3566 
f 1759/1/1785 3083/1/3566 1761/1/1787 
f 3083/1/3566 3084/1/3567 1761/1/1787 
f 1761/1/1787 3084/1/3567 3085/1/3568 
f 1761/1/1787 3085/1/3568 1763/1/1789 
f 1763/1/1789 3085/1/3568 3086/1/3569 
f 1763/1/1789 3086/1/3569 1765/1/1791 
f 1765/1/1791 3086/1/3569 3087/1/3570 
f 1765/1/1791 3087/1/3570 1766/1/1792 
f 1766/1/1792 3087/1/3570 3088/1/3571 
f 1766/1/1792 3088/1/3571 1735/1/1761 
f 1735/1/1761 3088/1/3571 3089/1/3572 
f 1735/1/1761 3089/1/3572 1737/1/1763 
f 1737/1/1763 3089/1/3572 1739/1/1765 
f 1739/1/1765 3089/1/3572 3090/1/3573 
f 1739/1/1765 3090/1/3573 1741/1/1767 
f 1741/1/1767 3090/1/3573 3091/1/3574 
f 1741/1/1767 3091/1/3574 1777/1/1805 
f 3091/1/3574 3092/1/3575 1777/1/1805 
f 1777/1/1805 3092/1/3575 3093/1/3576 
f 1777/1/1805 3093/1/3576 1775/1/1803 
f 3093/1/3576 3094/1/3577 1775/1/1803 
f 1775/1/1803 3094/1/3577 3095/1/3578 
f 1775/1/1803 3095/1/3578 1788/1/1816 
f 2835/1/3128 2834/1/3127 1634/1/1648 
f 2832/1/3125 2831/1/3124 1636/1/1650 
f 1661/1/1679 2816/1/3109 1662/1/1684 
f 1662/1/1684 2816/1/3109 2815/1/3108 
f 1662/1/1684 2815/1/3108 1663/1/1685 
f 1663/1/1685 2815/1/3108 2814/1/3107 
f 1663/1/1685 2814/1/3107 1654/1/1671 
f 1654/1/1671 2814/1/3107 1656/1/1672 
f 1656/1/1672 2814/1/3107 2813/1/3106 
f 1656/1/1672 2813/1/3106 1658/1/1676 
f 1658/1/1676 2813/1/3106 2812/1/3105 
f 1658/1/1676 2812/1/3105 2810/1/3103 
f 1613/1/1627 2819/1/3112 1610/1/1624 
f 1610/1/1624 2819/1/3112 2820/1/3113 
f 1610/1/1624 2820/1/3113 1608/1/1622 
f 1608/1/1622 2820/1/3113 2818/1/3111 
f 1608/1/1622 2818/1/3111 1661/1/1679 
f 1661/1/1679 2818/1/3111 2817/1/3110 
f 1661/1/1679 2817/1/3110 2816/1/3109 
f 2823/1/3116 2822/1/3115 1613/1/1627 
f 1613/1/1627 2822/1/3115 2821/1/3114 
f 1613/1/1627 2821/1/3114 2819/1/3112 
f 1621/1/1635 2825/1/3118 2824/1/3117 
f 1613/1/1627 1604/1/1618 2823/1/3116 
f 2823/1/3116 1604/1/1618 1603/1/1617 
f 2823/1/3116 1603/1/1617 2824/1/3117 
f 2824/1/3117 1603/1/1617 1619/1/1633 
f 2824/1/3117 1619/1/1633 1621/1/1635 
f 2825/1/3118 1621/1/1635 2826/1/3119 
f 2826/1/3119 1621/1/1635 1651/1/1665 
f 2826/1/3119 1651/1/1665 2827/1/3120 
f 2827/1/3120 1651/1/1665 1649/1/1663 
f 2827/1/3120 1649/1/1663 1647/1/1661 
f 1645/1/1659 2829/1/3122 1647/1/1661 
f 1647/1/1661 2829/1/3122 2828/1/3121 
f 1647/1/1661 2828/1/3121 2827/1/3120 
f 1645/1/1659 1642/1/1656 2829/1/3122 
f 2829/1/3122 1642/1/1656 1640/1/1654 
f 2829/1/3122 1640/1/1654 2830/1/3123 
f 2830/1/3123 1640/1/1654 2831/1/3124 
f 2831/1/3124 1640/1/1654 1638/1/1652 
f 2831/1/3124 1638/1/1652 1636/1/1650 
f 1634/1/1648 2834/1/3127 1636/1/1650 
f 1636/1/1650 2834/1/3127 2833/1/3126 
f 1636/1/1650 2833/1/3126 2832/1/3125 
f 2835/1/3128 1634/1/1648 2836/1/3129 
f 2836/1/3129 1634/1/1648 1632/1/1646 
f 2836/1/3129 1632/1/1646 2837/1/3130 
f 2837/1/3130 1632/1/1646 1630/1/1644 
f 2837/1/3130 1630/1/1644 2838/1/3131 
f 2838/1/3131 1630/1/1644 1628/1/1642 
f 2838/1/3131 1628/1/1642 2839/1/3132 
f 2839/1/3132 1628/1/1642 1626/1/1640 
f 2839/1/3132 1626/1/1640 2840/1/3133 
f 2840/1/3133 1626/1/1640 2841/1/3134 
f 2841/1/3134 1626/1/1640 1624/1/1638 
f 2841/1/3134 1624/1/1638 1623/1/1637 
s 16
f 2090/1/2190 2087/1/2187 3096/1/3579 
f 3096/1/3579 2087/1/2187 2085/1/2183 
f 3096/1/3579 2085/1/2183 2702/1/2974 
f 3096/1/3579 3097/1/3580 2090/1/2190 
f 2090/1/2190 3097/1/3580 3098/1/3581 
f 2090/1/2190 3098/1/3581 2091/1/2191 
f 2061/1/2151 2051/1/2140 2702/1/2974 
f 2074/1/2167 2064/1/2156 2075/1/2168 
f 2075/1/2168 2064/1/2156 3099/1/3582 
f 2075/1/2168 3099/1/3582 2073/1/2166 
f 2061/1/2151 2702/1/2974 2064/1/2156 
f 2064/1/2156 2702/1/2974 2085/1/2183 
f 2064/1/2156 2085/1/2183 3099/1/3582 
f 3099/1/3582 2085/1/2183 2071/1/2164 
f 3099/1/3582 2071/1/2164 2073/1/2166 
f 3100/1/3583 1657/1/1674 3101/1/3584 
f 3101/1/3584 1657/1/1674 1659/1/3585 
f 3102/1/3586 1653/1/1667 1655/1/1669 
f 1606/1/3030 1660/1/1680 2744/1/3026 
f 2744/1/3026 1660/1/1680 1653/1/1667 
f 2744/1/3026 1653/1/1667 2745/1/3027 
f 2745/1/3027 1653/1/1667 3102/1/3586 
f 2745/1/3027 3102/1/3586 2747/1/3029 
f 2747/1/3029 3102/1/3586 2742/1/3024 
f 2763/1/3046 2759/1/3042 3103/1/3587 
f 3103/1/3587 2759/1/3042 2750/1/3033 
f 3103/1/3587 2750/1/3033 2743/1/3025 
f 3104/1/3588 2761/1/3044 2763/1/3046 
f 2023/1/2099 2014/1/2090 3105/1/3589 
f 2701/1/2973 2044/1/2132 2043/1/2131 
f 2043/1/2131 2016/1/2092 2701/1/2973 
f 2701/1/2973 2016/1/2092 2018/1/2094 
f 2701/1/2973 2018/1/2094 3106/1/3590 
f 3106/1/3590 2018/1/2094 2020/1/2096 
f 3106/1/3590 2020/1/2096 2022/1/2098 
f 3105/1/3589 2014/1/2090 3104/1/3588 
f 3104/1/3588 2014/1/2090 2013/1/2089 
f 3104/1/3588 2013/1/2089 2761/1/3044 
f 2761/1/3044 2013/1/2089 2000/1/2074 
f 2761/1/3044 2000/1/2074 1991/1/2064 
f 2022/1/2098 2023/1/2099 3106/1/3590 
f 3106/1/3590 2023/1/2099 3105/1/3589 
f 3106/1/3590 3105/1/3589 3107/1/3591 
f 3107/1/3591 3105/1/3589 3108/1/3592 
f 2743/1/3025 2742/1/3024 3103/1/3587 
f 3103/1/3587 2742/1/3024 3102/1/3586 
f 3103/1/3587 3102/1/3586 3100/1/3583 
f 3100/1/3583 3102/1/3586 1655/1/1669 
f 3100/1/3583 1655/1/1669 1657/1/1674 
f 2763/1/3046 3103/1/3587 3104/1/3588 
f 3104/1/3588 3103/1/3587 3100/1/3583 
f 3104/1/3588 3100/1/3583 3105/1/3589 
f 3105/1/3589 3100/1/3583 3101/1/3584 
f 3105/1/3589 3101/1/3584 3108/1/3592 
f 3108/1/3592 3101/1/3584 1659/1/3585 
f 3108/1/3592 1659/1/3585 1659/1/3593 
f 1716/1/3594 3109/1/3595 1715/1/3596 
f 1715/1/3596 3109/1/3595 3110/1/3597 
f 1715/1/3596 3110/1/3597 1717/1/3598 
f 1717/1/3598 3110/1/3597 3111/1/3599 
f 1717/1/3598 3111/1/3599 1718/1/3600 
f 2701/1/2973 3106/1/3590 3111/1/3599 
f 3111/1/3599 3106/1/3590 3107/1/3591 
f 3111/1/3599 3107/1/3591 1718/1/3600 
f 1718/1/3600 3107/1/3591 3108/1/3592 
f 1718/1/3600 3108/1/3592 1659/1/3593 
f 2703/1/2975 2701/1/2973 3112/1/3601 
f 3112/1/3601 2701/1/2973 3111/1/3599 
f 3112/1/3601 3111/1/3599 3113/1/3602 
f 3113/1/3602 3111/1/3599 3110/1/3597 
f 1734/1/3603 1736/1/3604 3114/1/3605 
f 2488/1/2696 3115/1/3606 1740/1/2697 
f 1740/1/2697 3115/1/3606 1738/1/3607 
f 1734/1/3603 3114/1/3605 1764/1/3608 
f 1764/1/3608 3114/1/3605 3116/1/3609 
f 1764/1/3608 3116/1/3609 1762/1/3610 
f 1754/1/3611 1756/1/3612 3117/1/3613 
f 3117/1/3613 1756/1/3612 1758/1/3614 
f 3117/1/3613 1758/1/3614 3116/1/3609 
f 3116/1/3609 1758/1/3614 1760/1/3615 
f 3116/1/3609 1760/1/3615 1762/1/3610 
f 3118/1/3616 1748/1/3617 3119/1/3618 
f 3119/1/3618 1748/1/3617 1750/1/3619 
f 3119/1/3618 1750/1/3619 1752/1/3620 
f 3120/1/3621 1744/1/3622 3118/1/3616 
f 3118/1/3616 1744/1/3622 1746/1/3623 
f 3118/1/3616 1746/1/3623 1748/1/3617 
f 1770/1/3624 1733/1/3625 3120/1/3621 
f 3120/1/3621 1733/1/3625 1742/1/3626 
f 3120/1/3621 1742/1/3626 1744/1/3622 
f 3121/1/3627 1768/1/3628 3122/1/3629 
f 3122/1/3629 1768/1/3628 1770/1/3624 
f 3122/1/3629 1770/1/3624 3123/1/3630 
f 3123/1/3630 1770/1/3624 3120/1/3621 
f 3124/1/3631 3109/1/3595 1716/1/3594 
f 3125/1/3632 3126/1/3633 3118/1/3616 
f 3118/1/3616 3126/1/3633 3127/1/3634 
f 3118/1/3616 3127/1/3634 3120/1/3621 
f 3120/1/3621 3127/1/3634 3128/1/3635 
f 3120/1/3621 3128/1/3635 3123/1/3630 
f 3123/1/3630 3128/1/3635 3129/1/3636 
f 3123/1/3630 3129/1/3636 3122/1/3629 
f 3122/1/3629 3129/1/3636 3124/1/3631 
f 3122/1/3629 3124/1/3631 3121/1/3627 
f 3121/1/3627 3124/1/3631 1716/1/3594 
f 3121/1/3627 1716/1/3594 1768/1/3628 
f 3130/1/3637 3131/1/3638 3117/1/3613 
f 3117/1/3613 3131/1/3638 3119/1/3618 
f 3117/1/3613 3119/1/3618 1754/1/3611 
f 1754/1/3611 3119/1/3618 1752/1/3620 
f 3131/1/3638 3132/1/3639 3119/1/3618 
f 3119/1/3618 3132/1/3639 3133/1/3640 
f 3119/1/3618 3133/1/3640 3118/1/3616 
f 3118/1/3616 3133/1/3640 3134/1/3641 
f 3118/1/3616 3134/1/3641 3125/1/3632 
f 3116/1/3609 3135/1/3642 3136/1/3643 
f 3116/1/3609 3136/1/3643 3117/1/3613 
f 3117/1/3613 3136/1/3643 3137/1/3644 
f 3117/1/3613 3137/1/3644 3130/1/3637 
f 3138/1/3645 3139/1/3646 3114/1/3605 
f 3114/1/3605 3139/1/3646 3140/1/3647 
f 3114/1/3605 3140/1/3647 3116/1/3609 
f 3116/1/3609 3140/1/3647 3141/1/3648 
f 3116/1/3609 3141/1/3648 3135/1/3642 
f 1736/1/3604 1738/1/3607 3114/1/3605 
f 3114/1/3605 1738/1/3607 3115/1/3606 
f 3114/1/3605 3115/1/3606 3138/1/3645 
f 3138/1/3645 3115/1/3606 2488/1/2696 
f 3138/1/3645 2488/1/2696 2490/1/2701 
f 2720/1/2990 2719/1/2989 3142/1/3649 
f 2641/1/2910 2642/1/2913 3143/1/3650 
f 3144/1/3651 3145/1/3652 3146/1/3653 
f 1627/1/3654 1629/1/3655 3147/1/3656 
f 1620/1/3012 2732/1/3014 1652/1/3657 
f 1652/1/3657 2732/1/3014 3148/1/3658 
f 3149/1/3659 1648/1/3660 1650/1/3661 
f 1648/1/3660 3149/1/3659 1646/1/3662 
f 1646/1/3662 3149/1/3659 3150/1/3663 
f 1646/1/3662 3150/1/3663 1644/1/3664 
f 1644/1/3664 3150/1/3663 1643/1/3665 
f 1643/1/3665 3150/1/3663 3151/1/3666 
f 1643/1/3665 3151/1/3666 1641/1/3667 
f 3152/1/3668 1635/1/3669 1637/1/3670 
f 1633/1/3671 1635/1/3669 3153/1/3672 
f 3153/1/3672 1635/1/3669 3152/1/3668 
f 3153/1/3672 3152/1/3668 3154/1/3673 
f 1629/1/3655 1631/1/3674 3147/1/3656 
f 3147/1/3656 1631/1/3674 3155/1/3675 
f 3147/1/3656 3155/1/3675 3156/1/3676 
f 3157/1/3677 3158/1/3678 3159/1/3679 
f 3159/1/3679 3158/1/3678 3160/1/3680 
f 3159/1/3679 3160/1/3680 3161/1/3681 
f 3161/1/3681 3160/1/3680 3162/1/3682 
f 3161/1/3681 3162/1/3682 3163/1/3683 
f 3163/1/3683 3162/1/3682 1622/1/3684 
f 3163/1/3683 1622/1/3684 3164/1/3685 
f 3164/1/3685 1622/1/3684 1625/1/3686 
f 3144/1/3651 3146/1/3653 3165/1/3687 
f 3165/1/3687 3146/1/3653 3166/1/3688 
f 3165/1/3687 3166/1/3688 3167/1/3689 
f 2700/1/2972 2699/1/2971 3168/1/3690 
f 2700/1/2972 3168/1/3690 3169/1/3691 
f 2644/1/2915 2645/1/2916 3170/1/3692 
f 2694/1/2966 2693/1/2965 2674/1/2946 
f 2674/1/2946 2693/1/2965 3171/1/3693 
f 2674/1/2946 3171/1/3693 2675/1/2947 
f 2675/1/2947 3171/1/3693 3170/1/3692 
f 2675/1/2947 3170/1/3692 2677/1/2949 
f 2677/1/2949 3170/1/3692 2673/1/2945 
f 2645/1/2916 2653/1/2924 3170/1/3692 
f 3170/1/3692 2653/1/2924 2653/1/2925 
f 3170/1/3692 2653/1/2925 2661/1/2933 
f 2661/1/2933 2663/1/2935 3170/1/3692 
f 3170/1/3692 2663/1/2935 2662/1/2934 
f 3170/1/3692 2662/1/2934 2673/1/2945 
f 2733/1/3015 2607/1/2864 2624/1/2885 
f 2733/1/3015 2624/1/2885 3172/1/3694 
f 3172/1/3694 2624/1/2885 2620/1/2881 
f 3172/1/3694 2620/1/2881 2619/1/2880 
f 2720/1/2990 3142/1/3649 2728/1/3008 
f 2732/1/3014 2731/1/3011 3148/1/3658 
f 3148/1/3658 2731/1/3011 2729/1/3009 
f 3148/1/3658 2729/1/3009 3173/1/3695 
f 2729/1/3009 2728/1/3008 3173/1/3695 
f 3173/1/3695 2728/1/3008 3142/1/3649 
f 3173/1/3695 3142/1/3649 3174/1/3696 
f 3174/1/3696 3142/1/3649 3175/1/3697 
f 3174/1/3696 3175/1/3697 3176/1/3698 
f 3176/1/3698 3175/1/3697 3177/1/3699 
f 3176/1/3698 3151/1/3666 3174/1/3696 
f 3174/1/3696 3151/1/3666 3150/1/3663 
f 3174/1/3696 3150/1/3663 3173/1/3695 
f 3173/1/3695 3150/1/3663 3149/1/3659 
f 3173/1/3695 3149/1/3659 3148/1/3658 
f 3148/1/3658 3149/1/3659 1650/1/3661 
f 3148/1/3658 1650/1/3661 1652/1/3657 
f 1637/1/3670 1639/1/3700 3152/1/3668 
f 3152/1/3668 1639/1/3700 1641/1/3667 
f 3152/1/3668 1641/1/3667 3154/1/3673 
f 3154/1/3673 1641/1/3667 3151/1/3666 
f 3154/1/3673 3151/1/3666 3178/1/3701 
f 3178/1/3701 3151/1/3666 3176/1/3698 
f 3178/1/3701 3176/1/3698 3179/1/3702 
f 3179/1/3702 3176/1/3698 3177/1/3699 
f 3179/1/3702 3177/1/3699 3180/1/3703 
f 3180/1/3703 3177/1/3699 3175/1/3697 
f 3180/1/3703 3175/1/3697 3181/1/3704 
f 3181/1/3704 3175/1/3697 3142/1/3649 
f 3181/1/3704 3142/1/3649 3172/1/3694 
f 3172/1/3694 3142/1/3649 2719/1/2989 
f 3172/1/3694 2719/1/2989 2733/1/3015 
f 3168/1/3690 3167/1/3689 3169/1/3691 
f 3169/1/3691 3167/1/3689 3166/1/3688 
f 3169/1/3691 3166/1/3688 3182/1/3705 
f 3182/1/3705 3166/1/3688 3146/1/3653 
f 1625/1/3686 1627/1/3654 3164/1/3685 
f 3164/1/3685 1627/1/3654 3147/1/3656 
f 3164/1/3685 3147/1/3656 3163/1/3683 
f 3163/1/3683 3147/1/3656 3156/1/3676 
f 3163/1/3683 3156/1/3676 3161/1/3681 
f 3161/1/3681 3156/1/3676 3183/1/3706 
f 3161/1/3681 3183/1/3706 3159/1/3679 
f 3159/1/3679 3183/1/3706 3184/1/3707 
f 3159/1/3679 3184/1/3707 3185/1/3708 
f 3185/1/3708 3184/1/3707 3186/1/3709 
f 3185/1/3708 3186/1/3709 3187/1/3710 
f 3187/1/3710 3186/1/3709 3188/1/3711 
f 3187/1/3710 3188/1/3711 3171/1/3693 
f 3171/1/3693 3188/1/3711 3189/1/3712 
f 3171/1/3693 3189/1/3712 3170/1/3692 
f 3170/1/3692 3189/1/3712 3143/1/3650 
f 3170/1/3692 3143/1/3650 2644/1/2915 
f 2644/1/2915 3143/1/3650 2642/1/2913 
f 2693/1/2965 2700/1/2972 3171/1/3693 
f 3171/1/3693 2700/1/2972 3169/1/3691 
f 3171/1/3693 3169/1/3691 3187/1/3710 
f 3187/1/3710 3169/1/3691 3182/1/3705 
f 3187/1/3710 3182/1/3705 3185/1/3708 
f 3185/1/3708 3182/1/3705 3146/1/3653 
f 3185/1/3708 3146/1/3653 3159/1/3679 
f 3159/1/3679 3146/1/3653 3145/1/3652 
f 3159/1/3679 3145/1/3652 3157/1/3677 
f 1631/1/3674 1633/1/3671 3155/1/3675 
f 3155/1/3675 1633/1/3671 3153/1/3672 
f 3155/1/3675 3153/1/3672 3156/1/3676 
f 3156/1/3676 3153/1/3672 3154/1/3673 
f 3156/1/3676 3154/1/3673 3183/1/3706 
f 3183/1/3706 3154/1/3673 3178/1/3701 
f 3183/1/3706 3178/1/3701 3184/1/3707 
f 3184/1/3707 3178/1/3701 3179/1/3702 
f 3184/1/3707 3179/1/3702 3186/1/3709 
f 3186/1/3709 3179/1/3702 3180/1/3703 
f 3186/1/3709 3180/1/3703 3188/1/3711 
f 3188/1/3711 3180/1/3703 3181/1/3704 
f 3188/1/3711 3181/1/3704 3189/1/3712 
f 3189/1/3712 3181/1/3704 3172/1/3694 
f 3189/1/3712 3172/1/3694 3143/1/3650 
f 3143/1/3650 3172/1/3694 2619/1/2880 
f 3143/1/3650 2619/1/2880 2641/1/2910 
f 1843/1/3713 2697/1/2969 2698/1/2970 
f 1843/1/3713 2698/1/2970 1845/1/3714 
f 1845/1/3714 2698/1/2970 2678/1/2950 
f 1845/1/3714 2678/1/2950 1847/1/3715 
f 2692/1/2964 2691/1/2963 1859/1/3716 
f 1859/1/3716 2691/1/2963 2690/1/2962 
f 1859/1/3716 2690/1/2962 1861/1/3717 
f 1861/1/3717 2690/1/2962 2689/1/2961 
f 1861/1/3717 2689/1/2961 1862/1/3718 
f 1862/1/3718 2689/1/2961 2687/1/2959 
f 1862/1/3718 2687/1/2959 1863/1/3719 
f 1863/1/3719 2687/1/2959 2686/1/2958 
f 1863/1/3719 2686/1/2958 1851/1/3720 
f 1851/1/3720 2686/1/2958 2697/1/2969 
f 1851/1/3720 2697/1/2969 1842/1/3721 
f 1842/1/3721 2697/1/2969 1843/1/3713 
f 2692/1/2964 1859/1/3716 2680/1/2952 
f 2680/1/2952 1859/1/3716 1854/1/3722 
f 2680/1/2952 1854/1/3722 2683/1/2955 
f 2683/1/2955 1854/1/3722 1855/1/3723 
f 2683/1/2955 1855/1/3723 1857/1/3724 
f 3052/1/3725 2144/1/2252 3053/1/3726 
f 3053/1/3726 2144/1/2252 2151/1/2260 
f 3053/1/3726 2151/1/2260 2152/1/2261 
f 3190/1/3727 3074/1/3728 3071/1/3729 
f 2132/1/2237 2134/1/2240 3190/1/3727 
f 3190/1/3727 3071/1/3729 2132/1/2237 
f 2132/1/2237 3071/1/3729 3070/1/3730 
f 2132/1/2237 3070/1/3730 2129/1/2232 
f 2129/1/2232 3070/1/3730 3069/1/3731 
f 2129/1/2232 3069/1/3731 2127/1/2229 
f 2122/1/2223 2123/1/2224 3075/1/3732 
f 3075/1/3732 2123/1/2224 2125/1/2226 
f 3075/1/3732 2125/1/2226 3069/1/3731 
f 3069/1/3731 2125/1/2226 2126/1/2227 
f 3069/1/3731 2126/1/2227 2127/1/2229 
f 3077/1/3733 3057/1/3734 3191/1/3735 
f 3075/1/3732 3076/1/3736 2122/1/2223 
f 2122/1/2223 3076/1/3736 3077/1/3733 
f 2122/1/2223 3077/1/3733 2105/1/2205 
f 2105/1/2205 3077/1/3733 3191/1/3735 
f 2105/1/2205 3191/1/3735 2101/1/2201 
f 2086/1/2184 3062/1/3737 2080/1/2176 
f 2080/1/2176 3062/1/3737 3078/1/3738 
f 2080/1/2176 3078/1/3738 2452/1/2655 
f 2100/1/2200 2101/1/2201 3191/1/3735 
f 3191/1/3735 3057/1/3734 2100/1/2200 
f 2100/1/2200 3057/1/3734 3060/1/3739 
f 2100/1/2200 3060/1/3739 2099/1/2199 
f 2099/1/2199 3060/1/3739 2093/1/2193 
f 3058/1/3740 3062/1/3737 2086/1/2184 
f 3060/1/3739 3059/1/3741 2093/1/2193 
f 2093/1/2193 3059/1/3741 3058/1/3740 
f 2093/1/2193 3058/1/3740 2088/1/2188 
f 2088/1/2188 3058/1/3740 2086/1/2184 
f 2143/1/2251 2144/1/2252 3052/1/3725 
f 3072/1/3742 2139/1/2245 3052/1/3725 
f 3052/1/3725 2139/1/2245 2143/1/2249 
f 3052/1/3725 2143/1/2249 2143/1/2251 
f 3074/1/3728 3190/1/3727 3073/1/3743 
f 3073/1/3743 3190/1/3727 2134/1/2240 
f 3073/1/3743 2134/1/2240 3072/1/3742 
f 3072/1/3742 2134/1/2240 2140/1/2246 
f 3072/1/3742 2140/1/2246 2139/1/2245 
s 2
f 1841/1/3744 2971/1/3745 1860/1/3746 
f 1860/1/3746 2971/1/3745 2973/1/3747 
f 1860/1/3746 2973/1/3747 1858/1/3748 
f 1858/1/3748 2973/1/3747 2972/1/3749 
f 1858/1/3748 2972/1/3749 1852/1/3750 
f 2974/1/3751 1856/1/3752 2972/1/3749 
f 2972/1/3749 1856/1/3752 1853/1/3753 
f 2972/1/3749 1853/1/3753 1852/1/3750 
f 2767/1/3059 2969/1/3754 1849/1/3755 
f 1849/1/3755 1864/1/3756 2767/1/3059 
f 2767/1/3059 1864/1/3756 1882/1/3757 
f 2767/1/3059 1882/1/3757 1881/1/3060 
f 1848/1/3758 1849/1/3755 2969/1/3754 
f 1848/1/3758 2969/1/3754 1846/1/3759 
f 1846/1/3759 2969/1/3754 2970/1/3760 
f 1846/1/3759 2970/1/3760 1844/1/3761 
f 1844/1/3761 2970/1/3760 2971/1/3745 
f 1844/1/3761 2971/1/3745 1841/1/3744 
s 16
f 2024/1/2102 2704/1/2976 2027/1/2105 
f 2027/1/2105 2704/1/2976 3192/1/3762 
f 2027/1/2105 3192/1/3762 2027/1/2106 
f 2027/1/2106 3192/1/3762 2025/1/2107 
f 2025/1/2107 3192/1/3762 3193/1/3763 
f 2025/1/2107 3193/1/3763 2025/1/2129 
f 2025/1/2129 3193/1/3763 3194/1/3764 
f 2025/1/2129 3194/1/3764 2042/1/2128 
f 2042/1/2128 3194/1/3764 3194/1/3765 
f 2042/1/2128 3194/1/3765 2042/1/2127 
f 2042/1/2127 3194/1/3765 2030/1/2110 
f 2030/1/2110 3194/1/3765 3195/1/3766 
f 2030/1/2110 3195/1/3766 2031/1/2111 
f 2031/1/2111 3195/1/3766 2035/1/2116 
f 2035/1/2116 3195/1/3766 3196/1/3767 
f 2035/1/2116 3196/1/3767 2036/1/2117 
f 2036/1/2117 3196/1/3767 2036/1/2118 
f 2036/1/2118 3196/1/3767 3197/1/3768 
f 2036/1/2118 3197/1/3768 2034/1/2115 
f 2034/1/2115 3197/1/3768 3198/1/3769 
f 2034/1/2115 3198/1/3769 2003/1/2077 
f 2652/1/2923 2968/1/3770 2967/1/3771 
f 2652/1/2923 2967/1/3771 2657/1/2929 
f 2657/1/2929 2967/1/3771 2966/1/3772 
f 2657/1/2929 2966/1/3772 2765/1/3050 
f 2966/1/3772 1896/1/3773 2765/1/3050 
f 2765/1/3050 1896/1/3773 1893/1/3051 
f 2679/1/2951 2670/1/2942 1865/1/3053 
f 2679/1/2951 1865/1/3053 2678/1/2950 
f 2678/1/2950 1865/1/3053 1850/1/3774 
f 2678/1/2950 1850/1/3774 1847/1/3715 
f 3199/1/3775 2981/1/3776 2980/1/3777 
f 3199/1/3775 2980/1/3777 2634/1/2903 
f 2968/1/3770 2652/1/2923 2980/1/3777 
f 2980/1/3777 2652/1/2923 2648/1/2919 
f 2980/1/3777 2648/1/2919 2634/1/2903 
f 1999/1/2073 2003/1/2077 3198/1/3769 
f 1999/1/2073 3198/1/3769 1994/1/2068 
f 2844/1/3778 2445/1/2648 2842/1/141 
f 2842/1/141 2445/1/2648 2437/1/2640 
f 2842/1/141 2437/1/2640 3005/1/141 
f 3005/1/141 2437/1/2640 2436/1/2639 
f 1994/1/2068 3198/1/3769 1989/1/2062 
f 1989/1/2062 3198/1/3769 3005/1/141 
f 1989/1/2062 3005/1/141 1986/1/2057 
f 2436/1/2639 1981/1/2051 3005/1/141 
f 3005/1/141 1981/1/2051 1984/1/2055 
f 3005/1/141 1984/1/2055 1986/1/2057 
s 2
f 2704/1/3779 2707/1/3780 2947/1/3331 
f 3196/1/3781 3200/1/3782 3197/1/3783 
f 3197/1/3783 3200/1/3782 3201/1/3784 
f 3197/1/3783 3201/1/3784 3198/1/3785 
f 2946/1/3330 3195/1/3786 3194/1/3787 
f 3194/1/3787 3194/1/3788 2946/1/3330 
f 2946/1/3330 3194/1/3788 3193/1/3789 
f 2946/1/3330 3193/1/3789 2947/1/3331 
f 2947/1/3331 3193/1/3789 3192/1/3779 
f 2947/1/3331 3192/1/3779 2704/1/3779 
f 3005/1/3790 3198/1/3785 3006/1/3791 
f 3006/1/3791 3198/1/3785 3201/1/3784 
f 3006/1/3791 3201/1/3784 3007/1/3792 
f 3007/1/3792 3201/1/3784 3008/1/3793 
f 3202/1/3794 3203/1/3795 3204/1/3796 
f 3204/1/3796 3203/1/3795 3205/1/3797 
f 3008/1/3793 3201/1/3784 3009/1/3798 
f 3009/1/3798 3201/1/3784 3204/1/3796 
f 3009/1/3798 3204/1/3796 3010/1/3799 
f 3010/1/3799 3204/1/3796 3205/1/3797 
f 3010/1/3799 3205/1/3797 2965/1/3800 
f 3206/1/3801 3207/1/3802 3208/1/3803 
f 3208/1/3803 3207/1/3802 3209/1/3804 
f 3210/1/3805 1130/1/3806 3211/1/3807 
f 3211/1/3807 1130/1/3806 1131/1/3808 
f 3208/1/3803 3212/1/3809 3206/1/3801 
f 3206/1/3801 3212/1/3809 3211/1/3807 
f 3206/1/3801 3211/1/3807 3213/1/3810 
f 3213/1/3810 3211/1/3807 1131/1/3808 
f 1144/1/3334 3200/1/3782 2946/1/3330 
f 2946/1/3330 3200/1/3782 3196/1/3781 
f 2946/1/3330 3196/1/3781 3195/1/3786 
f 1144/1/3334 1128/1/3811 3200/1/3782 
f 3200/1/3782 1128/1/3811 1130/1/3806 
f 3200/1/3782 1130/1/3806 3201/1/3784 
f 3201/1/3784 1130/1/3806 3210/1/3805 
f 3201/1/3784 3210/1/3805 3204/1/3796 
f 3204/1/3796 3210/1/3805 3211/1/3807 
f 3204/1/3796 3211/1/3807 3202/1/3794 
f 3202/1/3794 3211/1/3807 3212/1/3809 
s 16
f 3214/1/3812 3215/1/3813 3216/1/3814 
s 4
f 2983/1/3815 2983/1/3815 3199/1/3815 
s 16
f 3199/1/3775 2983/1/3816 2982/1/3817 
f 3199/1/3775 2982/1/3817 2981/1/3776 
f 3217/1/3818 2986/1/3819 2985/1/3820 
f 3218/1/3821 2976/1/3822 2975/1/3823 
f 3219/1/3824 3220/1/3825 3216/1/3814 
f 3216/1/3814 3220/1/3825 3221/1/3826 
f 3216/1/3814 3221/1/3826 3214/1/3812 
f 3222/1/3827 3223/1/3828 3219/1/3824 
f 3219/1/3824 3223/1/3828 3223/1/3829 
f 3223/1/3829 3224/1/3830 3219/1/3824 
f 3219/1/3824 3224/1/3830 3225/1/3831 
f 3219/1/3824 3225/1/3831 3220/1/3825 
f 2574/1/2819 3226/1/3832 2574/1/2901 
f 2574/1/2901 3226/1/3832 2574/1/2900 
f 3214/1/3812 2976/1/3822 3215/1/3813 
f 3215/1/3813 2976/1/3822 3218/1/3821 
f 3215/1/3813 3218/1/3821 2573/1/2818 
f 2986/1/3819 3217/1/3818 2975/1/3823 
f 2975/1/3823 3217/1/3818 3226/1/3832 
f 2975/1/3823 3226/1/3832 3218/1/3821 
f 3218/1/3821 3226/1/3832 2574/1/2819 
f 3218/1/3821 2574/1/2819 2573/1/2818 
f 2573/1/2818 2612/1/2871 3215/1/3813 
f 3215/1/3813 2612/1/2871 2611/1/2870 
f 3215/1/3813 2611/1/2870 3216/1/3814 
f 3216/1/3814 2611/1/2870 2601/1/2869 
f 3216/1/3814 2601/1/2869 3219/1/3824 
f 3227/1/3833 3228/1/3834 3229/1/3835 
f 3229/1/3835 3228/1/3834 3230/1/3836 
f 3229/1/3835 3230/1/3836 2633/1/2912 
f 2633/1/2912 3230/1/3836 3231/1/3837 
f 2633/1/2912 3231/1/3837 2633/1/2902 
f 2634/1/2903 2633/1/2902 3199/1/3775 
f 3199/1/3775 2633/1/2902 3231/1/3837 
f 3199/1/3775 3231/1/3837 2983/1/3838 
f 2983/1/3838 3231/1/3837 3230/1/3836 
f 2983/1/3838 3230/1/3836 2984/1/3839 
f 2984/1/3839 3230/1/3836 3228/1/3834 
f 2984/1/3839 3228/1/3834 2985/1/3840 
f 2985/1/3840 3228/1/3834 2985/1/3820 
f 2558/1/2797 3222/1/3827 2610/1/2867 
f 2610/1/2867 3222/1/3827 3219/1/3824 
f 2610/1/2867 3219/1/3824 2577/1/2868 
f 2577/1/2868 3219/1/3824 2601/1/2869 
f 2633/1/2912 2631/1/2895 3229/1/3835 
f 3229/1/3835 2631/1/2895 2631/1/2894 
f 3229/1/3835 2631/1/2894 3227/1/3833 
f 3227/1/3833 2631/1/2894 2632/1/2898 
f 3227/1/3833 2632/1/2898 2632/1/2899 
f 2985/1/3820 3228/1/3834 3217/1/3818 
f 3217/1/3818 3228/1/3834 3227/1/3833 
f 3217/1/3818 3227/1/3833 3226/1/3832 
f 3226/1/3832 3227/1/3833 2632/1/2899 
f 3226/1/3832 2632/1/2899 2574/1/2900 
f 2558/1/2797 2557/1/2796 3222/1/3827 
f 3222/1/3827 2557/1/2796 3232/1/3841 
f 3222/1/3827 3232/1/3841 3223/1/3828 
f 2561/1/2801 3233/1/3842 2561/1/2802 
f 2561/1/2802 3233/1/3842 3234/1/3843 
f 2561/1/2802 3234/1/3843 2560/1/2800 
f 2560/1/2800 3234/1/3843 3232/1/3841 
f 2560/1/2800 3232/1/3841 2559/1/2799 
f 2559/1/2799 3232/1/3841 2557/1/2796 
f 2535/1/2768 2708/1/2978 2562/1/2803 
f 2562/1/2803 2708/1/2978 3233/1/3842 
f 2562/1/2803 3233/1/3842 2563/1/2804 
f 2563/1/2804 3233/1/3842 2561/1/2801 
f 1910/1/1938 3233/1/3842 2708/1/2978 
f 1910/1/1938 2708/1/2978 1912/1/1940 
f 1912/1/1940 2708/1/2978 1914/1/1943 
f 2098/1/2198 2091/1/2191 3098/1/3581 
f 3235/1/3844 2136/1/2242 2135/1/2241 
f 3235/1/3844 3236/1/3845 3237/1/3846 
f 3237/1/3846 3236/1/3845 3238/1/3847 
f 3238/1/3847 3236/1/3845 3239/1/3848 
f 3239/1/3848 3236/1/3845 3240/1/3849 
f 3239/1/3848 3240/1/3849 3241/1/3850 
f 3241/1/3850 3240/1/3849 3242/1/3851 
f 3241/1/3850 3242/1/3851 3243/1/3852 
f 3243/1/3852 3242/1/3851 3244/1/3853 
f 3243/1/3852 3244/1/3853 3245/1/3854 
f 3245/1/3854 3244/1/3853 3246/1/3855 
f 3245/1/3854 3246/1/3855 3247/1/3856 
f 3247/1/3856 3246/1/3855 3248/1/3857 
f 3248/1/3857 3246/1/3855 3249/1/3858 
f 3248/1/3857 3249/1/3858 3250/1/3859 
f 3098/1/3581 3251/1/3860 3252/1/3861 
f 3252/1/3861 3251/1/3860 3253/1/3862 
f 3252/1/3861 3253/1/3862 3254/1/3863 
f 3254/1/3863 3253/1/3862 3255/1/3864 
f 3254/1/3863 3255/1/3864 3256/1/3865 
f 3256/1/3865 3255/1/3864 3257/1/3866 
f 2098/1/2198 3098/1/3581 2097/1/2197 
f 2097/1/2197 3098/1/3581 3252/1/3861 
f 2097/1/2197 3252/1/3861 2096/1/2196 
f 2096/1/2196 3252/1/3861 3254/1/3863 
f 2096/1/2196 3254/1/3863 2121/1/2221 
f 2114/1/2214 3256/1/3865 3249/1/3858 
f 3249/1/3858 3256/1/3865 3257/1/3866 
f 3249/1/3858 3257/1/3866 3250/1/3859 
f 2114/1/2214 2116/1/2216 3256/1/3865 
f 3256/1/3865 2116/1/2216 2118/1/2218 
f 3256/1/3865 2118/1/2218 3254/1/3863 
f 3254/1/3863 2118/1/2218 2119/1/2219 
f 3254/1/3863 2119/1/2219 2121/1/2221 
f 3235/1/3844 2135/1/2241 3236/1/3845 
f 3236/1/3845 2135/1/2241 2110/1/2210 
f 3236/1/3845 2110/1/2210 3240/1/3849 
f 3240/1/3849 2110/1/2210 2109/1/2209 
f 3240/1/3849 2109/1/2209 3242/1/3851 
f 3242/1/3851 2109/1/2209 2113/1/2213 
f 3242/1/3851 2113/1/2213 3244/1/3853 
f 3244/1/3853 2113/1/2213 2112/1/2212 
f 3244/1/3853 2112/1/2212 3246/1/3855 
f 3246/1/3855 2112/1/2212 2111/1/2211 
f 3246/1/3855 2111/1/2211 3249/1/3858 
f 3249/1/3858 2111/1/2211 2124/1/2225 
f 3249/1/3858 2124/1/2225 2114/1/2214 
f 3258/1/3867 3259/1/3868 3260/1/3869 
f 3261/1/3870 3262/1/3871 3263/1/3872 
f 3264/1/3873 2703/1/2975 3112/1/3601 
f 3140/1/3647 3139/1/3646 3260/1/3869 
f 2490/1/2701 3265/1/3874 3138/1/3645 
f 3138/1/3645 3265/1/3874 3139/1/3646 
f 3266/1/3875 3141/1/3648 3140/1/3647 
f 3137/1/3644 3136/1/3643 3267/1/3876 
f 3267/1/3876 3136/1/3643 3135/1/3642 
f 3137/1/3644 3267/1/3876 3130/1/3637 
f 3130/1/3637 3267/1/3876 3268/1/3877 
f 3130/1/3637 3268/1/3877 3131/1/3638 
f 3131/1/3638 3268/1/3877 3269/1/3878 
f 3131/1/3638 3269/1/3878 3132/1/3639 
f 3270/1/3879 3134/1/3641 3269/1/3878 
f 3269/1/3878 3134/1/3641 3133/1/3640 
f 3269/1/3878 3133/1/3640 3132/1/3639 
f 3271/1/3880 3127/1/3634 3272/1/3881 
f 3272/1/3881 3127/1/3634 3126/1/3633 
f 3272/1/3881 3126/1/3633 3270/1/3879 
f 3270/1/3879 3126/1/3633 3125/1/3632 
f 3270/1/3879 3125/1/3632 3134/1/3641 
f 3273/1/3882 3129/1/3636 3128/1/3635 
f 3274/1/3883 3124/1/3631 3129/1/3636 
f 3110/1/3597 3109/1/3595 3124/1/3631 
f 3124/1/3631 3274/1/3883 3110/1/3597 
f 3110/1/3597 3274/1/3883 3275/1/3884 
f 3110/1/3597 3275/1/3884 3113/1/3602 
f 3113/1/3602 3275/1/3884 3276/1/3885 
f 3113/1/3602 3276/1/3885 3112/1/3601 
f 3112/1/3601 3276/1/3885 3277/1/3886 
f 3112/1/3601 3277/1/3886 3264/1/3873 
f 3278/1/3887 3279/1/3888 3280/1/3889 
f 3280/1/3889 3279/1/3888 3281/1/3890 
f 3282/1/3891 3283/1/3892 3284/1/3893 
f 3284/1/3893 3283/1/3892 3285/1/3894 
f 3284/1/3893 3285/1/3894 3286/1/3895 
f 3139/1/3646 3265/1/3874 3260/1/3869 
f 3260/1/3869 3265/1/3874 3287/1/3896 
f 3260/1/3869 3287/1/3896 3258/1/3867 
f 3140/1/3647 3260/1/3869 3266/1/3875 
f 3266/1/3875 3260/1/3869 3259/1/3868 
f 3266/1/3875 3259/1/3868 3288/1/3897 
f 3267/1/3876 3289/1/3898 3268/1/3877 
f 3268/1/3877 3289/1/3898 3290/1/3899 
f 3268/1/3877 3290/1/3899 3269/1/3878 
f 3269/1/3878 3290/1/3899 3291/1/3900 
f 3269/1/3878 3291/1/3900 3270/1/3879 
f 3270/1/3879 3291/1/3900 3292/1/3901 
f 3270/1/3879 3292/1/3901 3272/1/3881 
f 3272/1/3881 3292/1/3901 3293/1/3902 
f 3272/1/3881 3293/1/3902 3271/1/3880 
f 3271/1/3880 3293/1/3902 3294/1/3903 
f 3295/1/3904 3296/1/3905 3297/1/3906 
f 3297/1/3906 3296/1/3905 3298/1/3907 
f 3297/1/3906 3298/1/3907 3299/1/3908 
f 3299/1/3908 3298/1/3907 3300/1/3909 
f 3299/1/3908 3300/1/3909 3301/1/3910 
f 3301/1/3910 3300/1/3909 3302/1/3911 
f 3301/1/3910 3302/1/3911 3303/1/3912 
f 3304/1/3913 3286/1/3895 3305/1/3914 
f 3305/1/3914 3286/1/3895 3285/1/3894 
f 3305/1/3914 3285/1/3894 3306/1/3915 
f 3306/1/3915 3285/1/3894 3283/1/3892 
f 3306/1/3915 3283/1/3892 3307/1/3916 
f 3262/1/3871 3304/1/3913 3263/1/3872 
f 3263/1/3872 3304/1/3913 3305/1/3914 
f 3263/1/3872 3305/1/3914 3308/1/3917 
f 3308/1/3917 3305/1/3914 3306/1/3915 
f 3308/1/3917 3306/1/3915 3309/1/3918 
f 3309/1/3918 3306/1/3915 3307/1/3916 
f 3309/1/3918 3307/1/3916 3310/1/3919 
f 3258/1/3867 3261/1/3870 3259/1/3868 
f 3259/1/3868 3261/1/3870 3263/1/3872 
f 3259/1/3868 3263/1/3872 3288/1/3897 
f 3288/1/3897 3263/1/3872 3308/1/3917 
f 3288/1/3897 3308/1/3917 3311/1/3920 
f 3311/1/3920 3308/1/3917 3309/1/3918 
f 3311/1/3920 3309/1/3918 3303/1/3912 
f 3303/1/3912 3309/1/3918 3310/1/3919 
f 3303/1/3912 3310/1/3919 3301/1/3910 
f 3296/1/3905 3294/1/3903 3298/1/3907 
f 3298/1/3907 3294/1/3903 3293/1/3902 
f 3298/1/3907 3293/1/3902 3300/1/3909 
f 3300/1/3909 3293/1/3902 3292/1/3901 
f 3300/1/3909 3292/1/3901 3302/1/3911 
f 3302/1/3911 3292/1/3901 3291/1/3900 
f 3302/1/3911 3291/1/3900 3303/1/3912 
f 3303/1/3912 3291/1/3900 3290/1/3899 
f 3303/1/3912 3290/1/3899 3311/1/3920 
f 3311/1/3920 3290/1/3899 3289/1/3898 
f 3311/1/3920 3289/1/3898 3288/1/3897 
f 3288/1/3897 3289/1/3898 3267/1/3876 
f 3288/1/3897 3267/1/3876 3266/1/3875 
f 3266/1/3875 3267/1/3876 3135/1/3642 
f 3266/1/3875 3135/1/3642 3141/1/3648 
f 3129/1/3636 3273/1/3882 3274/1/3883 
f 3274/1/3883 3273/1/3882 3312/1/3921 
f 3274/1/3883 3312/1/3921 3275/1/3884 
f 3275/1/3884 3312/1/3921 3280/1/3889 
f 3275/1/3884 3280/1/3889 3276/1/3885 
f 3276/1/3885 3280/1/3889 3281/1/3890 
f 3276/1/3885 3281/1/3890 3277/1/3886 
f 3282/1/3891 3313/1/3922 3283/1/3892 
f 3283/1/3892 3313/1/3922 3314/1/3923 
f 3283/1/3892 3314/1/3923 3307/1/3916 
f 3307/1/3916 3314/1/3923 3315/1/3924 
f 3307/1/3916 3315/1/3924 3310/1/3919 
f 3310/1/3919 3315/1/3924 3316/1/3925 
f 3310/1/3919 3316/1/3925 3301/1/3910 
f 3301/1/3910 3316/1/3925 3317/1/3926 
f 3301/1/3910 3317/1/3926 3299/1/3908 
f 3299/1/3908 3317/1/3926 3318/1/3927 
f 3299/1/3908 3318/1/3927 3297/1/3906 
f 3297/1/3906 3318/1/3927 3278/1/3887 
f 3297/1/3906 3278/1/3887 3295/1/3904 
f 3295/1/3904 3278/1/3887 3280/1/3889 
f 3295/1/3904 3280/1/3889 3296/1/3905 
f 3296/1/3905 3280/1/3889 3312/1/3921 
f 3296/1/3905 3312/1/3921 3294/1/3903 
f 3294/1/3903 3312/1/3921 3273/1/3882 
f 3294/1/3903 3273/1/3882 3271/1/3880 
f 3271/1/3880 3273/1/3882 3128/1/3635 
f 3271/1/3880 3128/1/3635 3127/1/3634 
f 2762/1/3045 2760/1/3043 1951/1/2017 
f 1976/1/2046 1951/1/2017 1964/1/2032 
f 1964/1/2032 1951/1/2017 2760/1/3043 
f 1964/1/2032 2760/1/3043 1965/1/2033 
f 1965/1/2033 2760/1/3043 1988/1/2061 
f 1951/1/2017 1950/1/2016 2762/1/3045 
f 2762/1/3045 1950/1/2016 1944/1/2008 
f 2762/1/3045 1944/1/2008 2764/1/3047 
f 1944/1/2008 1942/1/2006 2764/1/3047 
f 2764/1/3047 1942/1/2006 1941/1/2005 
f 2764/1/3047 1941/1/2005 2758/1/3041 
f 2758/1/3041 1941/1/2005 1953/1/2019 
f 2758/1/3041 1953/1/2019 2757/1/3040 
f 2757/1/3040 1953/1/2019 2756/1/3039 
f 1953/1/2019 1956/1/2022 2756/1/3039 
f 2756/1/3039 1956/1/2022 2548/1/2784 
f 1956/1/2022 1957/1/2023 2548/1/2784 
f 2548/1/2784 1957/1/2023 1935/1/1998 
f 2548/1/2784 1935/1/1998 2547/1/2783 
f 1935/1/1998 1926/1/1961 2547/1/2783 
f 2547/1/2783 1926/1/1961 2512/1/2733 
f 1913/1/1941 1917/1/1950 1921/1/1956 
f 1921/1/1956 1917/1/1950 1916/1/1951 
f 1921/1/1956 1916/1/1951 1916/1/1952 
f 1913/1/1941 1921/1/1956 1911/1/1939 
f 1911/1/1939 1921/1/1956 1930/1/1970 
f 1911/1/1939 1930/1/1970 2990/1/3928 
f 2990/1/3928 1930/1/1970 1934/1/2001 
f 2990/1/3928 1934/1/2001 2991/1/3929 
f 2991/1/3929 1934/1/2001 2993/1/3930 
f 1934/1/2001 1932/1/2014 2993/1/3930 
f 2993/1/3930 1932/1/2014 2992/1/3931 
f 1959/1/2025 2443/1/2646 1960/1/2026 
f 1960/1/2026 2443/1/2646 2846/1/3148 
f 1960/1/2026 2846/1/3148 1946/1/2010 
f 1946/1/2010 2846/1/3148 2996/1/3932 
f 1946/1/2010 2996/1/3932 1945/1/2009 
f 1945/1/2009 2996/1/3932 2995/1/3933 
f 1945/1/2009 2995/1/3933 1939/1/2003 
f 1939/1/2003 2995/1/3933 2994/1/3934 
f 1939/1/2003 2994/1/3934 1940/1/2004 
f 1940/1/2004 2994/1/3934 2992/1/3931 
f 1940/1/2004 2992/1/3931 1949/1/2013 
f 1949/1/2013 2992/1/3931 1932/1/2014 
f 3264/1/3873 3277/1/3886 3098/1/3581 
f 2702/1/2974 2703/1/2975 3096/1/3579 
f 3096/1/3579 2703/1/2975 3264/1/3873 
f 3096/1/3579 3264/1/3873 3097/1/3580 
f 3097/1/3580 3264/1/3873 3098/1/3581 
f 3251/1/3860 3098/1/3581 3277/1/3886 
f 3277/1/3886 3281/1/3890 3251/1/3860 
f 3251/1/3860 3281/1/3890 3279/1/3888 
f 3251/1/3860 3279/1/3888 3253/1/3862 
f 3253/1/3862 3279/1/3888 3278/1/3887 
f 3253/1/3862 3278/1/3887 3255/1/3864 
f 3255/1/3864 3278/1/3887 3318/1/3927 
f 3317/1/3926 3250/1/3859 3318/1/3927 
f 3318/1/3927 3250/1/3859 3257/1/3866 
f 3318/1/3927 3257/1/3866 3255/1/3864 
f 3316/1/3925 3247/1/3856 3317/1/3926 
f 3317/1/3926 3247/1/3856 3248/1/3857 
f 3317/1/3926 3248/1/3857 3250/1/3859 
f 3313/1/3922 3282/1/3891 3237/1/3846 
f 3237/1/3846 3238/1/3847 3313/1/3922 
f 3313/1/3922 3238/1/3847 3239/1/3848 
f 3313/1/3922 3239/1/3848 3314/1/3923 
f 3314/1/3923 3239/1/3848 3241/1/3850 
f 3314/1/3923 3241/1/3850 3315/1/3924 
f 3315/1/3924 3241/1/3850 3243/1/3852 
f 3315/1/3924 3243/1/3852 3316/1/3925 
f 3316/1/3925 3243/1/3852 3245/1/3854 
f 3316/1/3925 3245/1/3854 3247/1/3856 
f 3319/1/3935 3320/1/3936 3321/1/3937 
f 3321/1/3937 3322/1/3938 3323/1/3939 
f 3324/1/3940 3325/1/3941 3326/1/3942 
f 3327/1/3943 3328/1/3944 3329/1/3945 
f 3323/1/3939 3322/1/3938 3330/1/3946 
f 3327/1/3943 3330/1/3946 3328/1/3944 
f 3328/1/3944 3330/1/3946 3322/1/3938 
f 3328/1/3944 3322/1/3938 3331/1/3947 
f 3331/1/3947 3322/1/3938 3321/1/3937 
f 3331/1/3947 3321/1/3937 3320/1/3936 
f 3331/1/3947 3320/1/3936 3332/1/3948 
f 3333/1/3949 3334/1/3950 3335/1/3951 
f 3335/1/3951 3334/1/3950 3336/1/3952 
f 3335/1/3951 3336/1/3952 3337/1/3953 
f 3336/1/3954 3336/1/3955 3338/1/3956 
f 3338/1/3956 3336/1/3955 3336/1/3957 
f 3339/1/3958 3340/1/3959 3341/1/3960 
f 3341/1/3960 3340/1/3959 3342/1/3961 
f 3341/1/3960 3342/1/3961 3340/1/3962 
f 3340/1/3962 3342/1/3961 3342/1/3963 
f 3340/1/3962 3342/1/3963 3343/1/3964 
f 3343/1/3964 3342/1/3963 3344/1/3965 
f 3343/1/3964 3344/1/3965 3344/1/3966 
f 3344/1/3966 3344/1/3965 3344/1/3967 
f 3344/1/3966 3344/1/3967 3345/1/3968 
f 3345/1/3968 3344/1/3967 3345/1/3969 
f 3345/1/3968 3345/1/3969 3345/1/3970 
s 4
f 3341/1/3971 3346/1/3971 3339/1/3971 
s 16
f 3339/1/3972 3346/1/3973 3347/1/3974 
f 3339/1/3972 3347/1/3974 3348/1/3975 
f 3348/1/3975 3347/1/3974 3349/1/3976 
f 3350/1/3977 3346/1/3978 3346/1/3979 
f 3346/1/3980 3346/1/3978 3351/1/3981 
f 3351/1/3981 3346/1/3978 3350/1/3977 
f 3351/1/3981 3350/1/3977 3352/1/3982 
f 3353/1/3983 3354/1/3984 3354/1/3985 
f 3355/1/3986 3355/1/3987 3356/1/3988 
f 3356/1/3988 3355/1/3987 3357/1/3989 
f 3355/1/3986 3356/1/3988 3355/1/3990 
f 3355/1/3990 3356/1/3988 3358/1/3991 
f 3355/1/3990 3358/1/3991 3359/1/3992 
s 4
f 3360/1/3993 3361/1/3993 3362/1/3993 
s 16
f 3362/1/3994 3361/1/3995 3327/1/3943 
f 3362/1/3994 3327/1/3943 3363/1/3996 
f 3363/1/3996 3327/1/3943 3329/1/3945 
f 3355/1/3987 3354/1/3984 3357/1/3989 
f 3357/1/3989 3354/1/3984 3353/1/3983 
f 3357/1/3989 3353/1/3983 3364/1/3997 
f 3364/1/3997 3353/1/3983 3365/1/3998 
f 3364/1/3997 3365/1/3998 3366/1/3999 
f 3346/1/3979 3346/1/3973 3350/1/3977 
f 3350/1/3977 3346/1/3973 3341/1/4000 
f 3350/1/3977 3341/1/4000 3352/1/3982 
f 3352/1/3982 3341/1/4000 3340/1/4001 
f 3352/1/3982 3340/1/4001 3367/1/4002 
f 3367/1/4002 3340/1/4001 3368/1/4003 
f 3324/1/4004 3368/1/4003 3368/1/4005 
f 3368/1/4005 3368/1/4003 3340/1/4001 
f 3368/1/4005 3340/1/4001 3340/1/4006 
f 3340/1/4006 3340/1/4001 3341/1/4000 
f 3340/1/4006 3341/1/4000 3341/1/4007 
f 3341/1/4007 3341/1/4000 3339/1/3972 
f 3348/1/3975 3339/1/3958 3339/1/3972 
f 3339/1/3972 3339/1/3958 3341/1/3960 
f 3339/1/3972 3341/1/3960 3341/1/4007 
f 3341/1/4007 3341/1/3960 3340/1/3962 
f 3341/1/4007 3340/1/3962 3340/1/4006 
f 3340/1/4006 3340/1/3962 3343/1/3964 
f 3340/1/4006 3343/1/3964 3368/1/4005 
f 3368/1/4005 3343/1/3964 3344/1/3966 
f 3368/1/4005 3344/1/3966 3324/1/4004 
f 3324/1/4004 3344/1/3966 3345/1/3968 
f 3354/1/3985 3346/1/3980 3353/1/3983 
f 3353/1/3983 3346/1/3980 3351/1/3981 
f 3353/1/3983 3351/1/3981 3365/1/3998 
f 3365/1/3998 3351/1/3981 3352/1/3982 
f 3365/1/3998 3352/1/3982 3366/1/3999 
f 3366/1/3999 3352/1/3982 3367/1/4002 
f 3366/1/3999 3367/1/4002 3368/1/4008 
f 3368/1/4008 3367/1/4002 3368/1/4003 
f 3368/1/4008 3368/1/4003 3324/1/4009 
f 3324/1/4009 3368/1/4003 3324/1/4004 
f 3324/1/4009 3324/1/4004 3345/1/4010 
f 3345/1/4010 3324/1/4004 3345/1/3968 
f 3345/1/4010 3345/1/3968 3338/1/3956 
f 3338/1/3956 3345/1/3968 3345/1/3970 
f 3338/1/3956 3345/1/3970 3336/1/3954 
f 3333/1/3949 3332/1/3948 3334/1/3950 
f 3334/1/3950 3332/1/3948 3320/1/3936 
f 3334/1/3950 3320/1/3936 3336/1/3952 
f 3336/1/3952 3320/1/3936 3319/1/3935 
f 3336/1/3952 3319/1/3935 3338/1/4011 
f 3345/1/4010 3325/1/3941 3324/1/4009 
f 3324/1/4009 3325/1/3941 3324/1/3940 
f 3324/1/4009 3324/1/3940 3368/1/4008 
f 3368/1/4008 3324/1/3940 3326/1/3942 
f 3368/1/4008 3326/1/3942 3366/1/3999 
f 3366/1/3999 3326/1/3942 3369/1/4012 
f 3366/1/3999 3369/1/4012 3364/1/3997 
f 3364/1/3997 3369/1/4012 3370/1/4013 
f 3364/1/3997 3370/1/4013 3357/1/3989 
f 3359/1/4014 3359/1/3992 3362/1/3994 
f 3362/1/3994 3359/1/3992 3358/1/3991 
f 3362/1/3994 3358/1/3991 3360/1/4015 
f 3360/1/4015 3358/1/3991 3356/1/3988 
f 3360/1/4015 3356/1/3988 3361/1/3995 
f 3361/1/3995 3356/1/3988 3357/1/3989 
f 3361/1/3995 3357/1/3989 3327/1/3943 
f 3327/1/3943 3357/1/3989 3370/1/4013 
f 3327/1/3943 3370/1/4013 3330/1/3946 
f 3330/1/3946 3370/1/4013 3369/1/4012 
f 3330/1/3946 3369/1/4012 3323/1/3939 
f 3323/1/3939 3369/1/4012 3326/1/3942 
f 3323/1/3939 3326/1/3942 3321/1/3937 
f 3321/1/3937 3326/1/3942 3325/1/3941 
f 3321/1/3937 3325/1/3941 3319/1/3935 
f 3319/1/3935 3325/1/3941 3345/1/4010 
f 3319/1/3935 3345/1/4010 3338/1/4011 
f 3338/1/4011 3345/1/4010 3338/1/3956 
f 3338/1/4011 3338/1/3956 3336/1/3952 
f 3336/1/3952 3338/1/3956 3336/1/3957 
f 3336/1/3952 3336/1/3957 3337/1/3953 
f 3371/1/4016 3372/1/4017 3373/1/4018 
f 3333/1/3949 3371/1/4016 3332/1/3948 
f 3332/1/3948 3371/1/4016 3373/1/4018 
f 3332/1/3948 3373/1/4018 3331/1/3947 
f 3374/1/4019 3329/1/3945 3328/1/3944 
f 3372/1/4017 3375/1/4020 3373/1/4018 
f 3373/1/4018 3375/1/4020 3376/1/4021 
f 3373/1/4018 3376/1/4021 3377/1/4022 
f 3328/1/3944 3331/1/3947 3374/1/4019 
f 3374/1/4019 3331/1/3947 3373/1/4018 
f 3374/1/4019 3373/1/4018 3378/1/4023 
f 3378/1/4023 3373/1/4018 3377/1/4022 
f 3379/1/4024 3380/1/4025 3381/1/4026 
f 3382/1/4027 3354/1/3985 3354/1/3984 
f 3354/1/3985 3382/1/4027 3346/1/3980 
f 3346/1/3980 3382/1/4027 3383/1/4028 
f 3346/1/3980 3383/1/4028 3346/1/3978 
f 3346/1/3978 3383/1/4028 3346/1/3979 
f 3346/1/3979 3383/1/4028 3383/1/4029 
f 3346/1/3979 3383/1/4029 3346/1/3973 
f 3346/1/3973 3383/1/4029 3347/1/3974 
f 3347/1/3974 3383/1/4029 3384/1/4030 
f 3347/1/3974 3384/1/4030 3349/1/3976 
f 3359/1/3992 3359/1/4014 3385/1/4031 
f 3354/1/3984 3355/1/3987 3382/1/4027 
f 3382/1/4027 3355/1/3987 3355/1/3986 
f 3382/1/4027 3355/1/3986 3379/1/4024 
f 3379/1/4024 3355/1/3986 3355/1/3990 
f 3379/1/4024 3355/1/3990 3380/1/4025 
f 3380/1/4025 3355/1/3990 3359/1/3992 
f 3380/1/4025 3359/1/3992 3380/1/4032 
f 3380/1/4032 3359/1/3992 3385/1/4031 
f 3380/1/4032 3385/1/4031 3386/1/4033 
f 3387/1/4034 3388/1/4035 3389/1/4036 
f 3390/1/4037 3391/1/4038 3392/1/4039 
f 3392/1/4039 3391/1/4038 3393/1/4040 
f 3392/1/4039 3393/1/4040 3392/1/4041 
f 3392/1/4041 3393/1/4040 3393/1/4042 
f 3392/1/4041 3393/1/4042 3394/1/4043 
f 3394/1/4043 3393/1/4042 3387/1/4034 
f 3394/1/4043 3387/1/4034 3395/1/4044 
f 3395/1/4044 3387/1/4034 3389/1/4036 
f 3386/1/4033 3396/1/4045 3380/1/4032 
f 3380/1/4032 3396/1/4045 3381/1/4046 
f 3380/1/4032 3381/1/4046 3380/1/4025 
f 3380/1/4025 3381/1/4046 3381/1/4047 
f 3380/1/4025 3381/1/4047 3381/1/4026 
f 3381/1/4026 3389/1/4036 3379/1/4024 
f 3379/1/4024 3389/1/4036 3388/1/4035 
f 3379/1/4024 3388/1/4035 3382/1/4027 
f 3382/1/4027 3388/1/4035 3387/1/4034 
f 3382/1/4027 3387/1/4034 3383/1/4028 
f 3383/1/4028 3387/1/4034 3393/1/4042 
f 3383/1/4028 3393/1/4042 3383/1/4029 
f 3383/1/4029 3393/1/4042 3393/1/4040 
f 3383/1/4029 3393/1/4040 3384/1/4030 
f 3384/1/4030 3393/1/4040 3391/1/4038 
f 3397/1/4048 3398/1/4049 3399/1/4050 
f 3400/1/4051 3401/1/4052 3401/1/4053 
f 3400/1/4051 3401/1/4053 3402/1/4054 
f 3381/1/4046 3396/1/4045 3403/1/4055 
f 3404/1/4056 3405/1/4057 3406/1/4058 
f 3406/1/4058 3405/1/4057 3407/1/4059 
f 3406/1/4058 3407/1/4059 3408/1/4060 
f 3407/1/4059 3409/1/4061 3408/1/4060 
f 3408/1/4060 3409/1/4061 3409/1/4062 
f 3408/1/4060 3409/1/4062 3408/1/4063 
f 3408/1/4063 3409/1/4062 3409/1/4064 
f 3408/1/4063 3409/1/4064 3408/1/4065 
f 3408/1/4065 3409/1/4064 3409/1/4066 
f 3410/1/4067 3397/1/4048 3411/1/4068 
f 3412/1/4069 3413/1/4070 3412/1/4071 
f 3412/1/4071 3413/1/4070 3410/1/4072 
f 3412/1/4071 3410/1/4072 3412/1/4073 
f 3412/1/4073 3410/1/4072 3410/1/4067 
f 3412/1/4073 3410/1/4067 3414/1/4074 
f 3414/1/4074 3410/1/4067 3411/1/4068 
f 3415/1/4075 3416/1/4076 3417/1/4077 
f 3417/1/4077 3416/1/4076 3417/1/4078 
f 3417/1/4077 3417/1/4078 3418/1/4079 
f 3416/1/4076 3419/1/4080 3417/1/4078 
f 3417/1/4078 3419/1/4080 3420/1/4081 
f 3417/1/4078 3420/1/4081 3418/1/4079 
f 3418/1/4079 3420/1/4081 3421/1/4082 
f 3418/1/4079 3421/1/4082 3422/1/4083 
f 3423/1/4084 3424/1/4085 3425/1/4086 
f 3425/1/4086 3424/1/4085 3419/1/4087 
f 3425/1/4086 3419/1/4087 3419/1/4080 
f 3381/1/4026 3381/1/4047 3426/1/4088 
f 3426/1/4088 3381/1/4047 3381/1/4046 
f 3426/1/4088 3381/1/4046 3427/1/4089 
f 3424/1/4085 3428/1/4090 3419/1/4087 
f 3419/1/4087 3428/1/4090 3429/1/4091 
f 3419/1/4087 3429/1/4091 3419/1/4080 
f 3419/1/4080 3429/1/4091 3430/1/4092 
f 3419/1/4080 3430/1/4092 3420/1/4081 
f 3420/1/4081 3430/1/4092 3421/1/4093 
f 3420/1/4081 3421/1/4093 3421/1/4082 
f 3431/1/4094 3432/1/4095 3431/1/4096 
f 3431/1/4096 3432/1/4095 3405/1/4097 
f 3431/1/4096 3405/1/4097 3404/1/4056 
f 3404/1/4056 3405/1/4097 3405/1/4057 
f 3381/1/4046 3403/1/4055 3427/1/4089 
f 3427/1/4089 3403/1/4055 3402/1/4054 
f 3427/1/4089 3402/1/4054 3433/1/4098 
f 3433/1/4098 3402/1/4054 3401/1/4053 
s 1
f 3433/1/4099 3401/1/4099 3431/1/4099 
s 16
f 3431/1/4094 3401/1/4053 3432/1/4100 
f 3431/1/4094 3432/1/4100 3432/1/4095 
f 3390/1/4037 3392/1/4039 3415/1/4075 
f 3415/1/4075 3392/1/4039 3392/1/4041 
f 3415/1/4075 3392/1/4041 3416/1/4076 
f 3416/1/4076 3392/1/4041 3394/1/4043 
f 3416/1/4076 3394/1/4043 3419/1/4080 
f 3419/1/4080 3394/1/4043 3395/1/4044 
f 3419/1/4080 3395/1/4044 3425/1/4086 
f 3425/1/4086 3395/1/4044 3389/1/4036 
f 3425/1/4086 3389/1/4036 3423/1/4084 
f 3390/1/4037 3415/1/4075 3434/1/4101 
f 3434/1/4101 3415/1/4075 3417/1/4077 
f 3434/1/4101 3417/1/4077 3435/1/4102 
f 3435/1/4102 3417/1/4077 3418/1/4079 
f 3435/1/4102 3418/1/4079 3422/1/4103 
f 3422/1/4103 3418/1/4079 3422/1/4083 
f 3422/1/4103 3422/1/4083 3436/1/4104 
f 3423/1/4084 3437/1/4105 3424/1/4085 
f 3424/1/4085 3437/1/4105 3428/1/4106 
f 3424/1/4085 3428/1/4106 3428/1/4090 
f 3428/1/4090 3428/1/4106 3399/1/4050 
f 3428/1/4090 3399/1/4050 3429/1/4091 
f 3429/1/4091 3399/1/4050 3398/1/4049 
f 3429/1/4091 3398/1/4049 3430/1/4092 
f 3430/1/4092 3398/1/4049 3397/1/4048 
f 3430/1/4092 3397/1/4048 3421/1/4093 
f 3421/1/4093 3397/1/4048 3410/1/4067 
f 3421/1/4093 3410/1/4067 3421/1/4082 
f 3421/1/4082 3410/1/4067 3410/1/4072 
f 3421/1/4082 3410/1/4072 3422/1/4083 
f 3422/1/4083 3410/1/4072 3413/1/4070 
f 3422/1/4083 3413/1/4070 3436/1/4104 
f 3436/1/4104 3413/1/4070 3412/1/4069 
f 3436/1/4104 3412/1/4069 3408/1/4107 
f 3389/1/4036 3381/1/4026 3423/1/4084 
f 3423/1/4084 3381/1/4026 3426/1/4088 
f 3423/1/4084 3426/1/4088 3437/1/4105 
f 3437/1/4105 3426/1/4088 3427/1/4089 
f 3437/1/4105 3427/1/4089 3428/1/4106 
f 3428/1/4106 3427/1/4089 3433/1/4098 
f 3428/1/4106 3433/1/4098 3399/1/4050 
f 3399/1/4050 3433/1/4098 3431/1/4094 
f 3399/1/4050 3431/1/4094 3397/1/4048 
f 3397/1/4048 3431/1/4094 3431/1/4096 
f 3397/1/4048 3431/1/4096 3411/1/4068 
f 3411/1/4068 3431/1/4096 3404/1/4056 
f 3411/1/4068 3404/1/4056 3414/1/4074 
f 3414/1/4074 3404/1/4056 3406/1/4058 
f 3414/1/4074 3406/1/4058 3412/1/4073 
f 3412/1/4073 3406/1/4058 3408/1/4060 
f 3412/1/4073 3408/1/4060 3412/1/4071 
f 3412/1/4071 3408/1/4060 3408/1/4063 
f 3412/1/4071 3408/1/4063 3412/1/4069 
f 3412/1/4069 3408/1/4063 3408/1/4065 
f 3412/1/4069 3408/1/4065 3408/1/4107 
f 3408/1/4107 3408/1/4065 3409/1/4066 
f 3408/1/4107 3409/1/4066 3438/1/4108 
f 3439/1/4109 3440/1/4110 3441/1/4111 
f 3441/1/4111 3440/1/4110 3442/1/4112 
f 3443/1/4113 3444/1/4114 3445/1/4115 
f 3401/1/4053 3401/1/4052 3446/1/4116 
f 3447/1/4117 3448/1/4118 3449/1/4119 
f 3448/1/4118 3447/1/4117 3446/1/4116 
f 3446/1/4116 3447/1/4117 3450/1/4120 
f 3446/1/4116 3450/1/4120 3401/1/4053 
f 3443/1/4113 3451/1/4121 3452/1/4122 
f 3453/1/4123 3453/1/4124 3454/1/4125 
f 3454/1/4125 3453/1/4124 3455/1/4126 
f 3454/1/4125 3455/1/4126 3442/1/4112 
f 3442/1/4112 3455/1/4126 3456/1/4127 
f 3442/1/4112 3456/1/4127 3441/1/4111 
f 3457/1/4128 3458/1/4129 3458/1/4130 
f 3458/1/4130 3458/1/4129 3459/1/4131 
f 3458/1/4130 3459/1/4131 3460/1/4132 
f 3409/1/4062 3453/1/4124 3409/1/4064 
f 3409/1/4064 3453/1/4124 3453/1/4123 
f 3409/1/4064 3453/1/4123 3409/1/4066 
f 3460/1/4132 3461/1/4133 3462/1/4134 
f 3460/1/4132 3462/1/4134 3458/1/4130 
f 3458/1/4130 3462/1/4134 3463/1/4135 
f 3458/1/4130 3463/1/4135 3457/1/4128 
f 3457/1/4128 3463/1/4135 3464/1/4136 
f 3457/1/4128 3464/1/4136 3457/1/4137 
f 3443/1/4113 3452/1/4122 3444/1/4114 
f 3444/1/4114 3452/1/4122 3465/1/4138 
f 3444/1/4114 3465/1/4138 3466/1/4139 
f 3466/1/4139 3467/1/4140 3444/1/4114 
f 3444/1/4114 3467/1/4140 3468/1/4141 
f 3444/1/4114 3468/1/4141 3445/1/4115 
f 3409/1/4062 3409/1/4061 3453/1/4124 
f 3453/1/4124 3409/1/4061 3407/1/4059 
f 3453/1/4124 3407/1/4059 3455/1/4126 
f 3455/1/4126 3407/1/4059 3405/1/4057 
f 3455/1/4126 3405/1/4057 3456/1/4127 
f 3405/1/4097 3432/1/4095 3450/1/4120 
f 3450/1/4120 3432/1/4095 3432/1/4100 
f 3450/1/4120 3432/1/4100 3401/1/4053 
f 3405/1/4057 3405/1/4097 3456/1/4127 
f 3456/1/4127 3405/1/4097 3450/1/4120 
f 3456/1/4127 3450/1/4120 3441/1/4111 
f 3441/1/4111 3450/1/4120 3447/1/4117 
f 3441/1/4111 3447/1/4117 3439/1/4109 
f 3439/1/4109 3447/1/4117 3449/1/4119 
f 3439/1/4109 3449/1/4119 3469/1/4142 
f 3470/1/4143 3451/1/4121 3471/1/4144 
f 3471/1/4144 3451/1/4121 3443/1/4113 
f 3471/1/4144 3443/1/4113 3472/1/4145 
f 3472/1/4145 3443/1/4113 3445/1/4115 
f 3472/1/4145 3445/1/4115 3459/1/4131 
f 3459/1/4131 3445/1/4115 3468/1/4141 
f 3459/1/4131 3468/1/4141 3460/1/4132 
f 3460/1/4132 3468/1/4141 3467/1/4140 
f 3460/1/4132 3467/1/4140 3461/1/4133 
f 3469/1/4142 3470/1/4143 3439/1/4109 
f 3439/1/4109 3470/1/4143 3471/1/4144 
f 3439/1/4109 3471/1/4144 3440/1/4110 
f 3440/1/4110 3471/1/4144 3472/1/4145 
f 3440/1/4110 3472/1/4145 3442/1/4112 
f 3442/1/4112 3472/1/4145 3459/1/4131 
f 3442/1/4112 3459/1/4131 3454/1/4125 
f 3454/1/4125 3459/1/4131 3458/1/4129 
f 3454/1/4125 3458/1/4129 3453/1/4123 
f 3453/1/4123 3458/1/4129 3457/1/4128 
f 3453/1/4123 3457/1/4128 3409/1/4066 
f 3409/1/4066 3457/1/4128 3457/1/4137 
f 3409/1/4066 3457/1/4137 3438/1/4108 
f 3473/1/4146 3474/1/4147 3475/1/4148 
f 3475/1/4148 3474/1/4147 3476/1/4149 
f 3475/1/4148 3476/1/4149 3477/1/4150 
f 3477/1/4150 3476/1/4149 3478/1/4151 
f 3477/1/4150 3478/1/4151 3479/1/4152 
f 3479/1/4152 3478/1/4151 3480/1/4153 
f 3479/1/4152 3480/1/4153 3481/1/4154 
f 3481/1/4154 3480/1/4153 3482/1/4155 
f 3469/1/4142 3473/1/4146 3470/1/4143 
f 3470/1/4143 3473/1/4146 3475/1/4148 
f 3470/1/4143 3475/1/4148 3451/1/4121 
f 3451/1/4121 3475/1/4148 3477/1/4150 
f 3451/1/4121 3477/1/4150 3452/1/4122 
f 3452/1/4122 3477/1/4150 3479/1/4152 
f 3452/1/4122 3479/1/4152 3465/1/4138 
f 3465/1/4138 3479/1/4152 3481/1/4154 
f 3483/1/4156 3484/1/4157 3485/1/4158 
f 3485/1/4158 3484/1/4157 3486/1/4159 
f 3485/1/4158 3486/1/4159 3487/1/4160 
f 3487/1/4160 3486/1/4159 3488/1/4161 
f 3487/1/4160 3488/1/4161 3489/1/4162 
f 3489/1/4162 3488/1/4161 3490/1/4163 
f 3489/1/4162 3490/1/4163 3491/1/4164 
f 3491/1/4164 3490/1/4163 3492/1/4165 
f 3474/1/4147 3483/1/4156 3476/1/4149 
f 3476/1/4149 3483/1/4156 3485/1/4158 
f 3476/1/4149 3485/1/4158 3478/1/4151 
f 3478/1/4151 3485/1/4158 3487/1/4160 
f 3478/1/4151 3487/1/4160 3480/1/4153 
f 3480/1/4153 3487/1/4160 3489/1/4162 
f 3480/1/4153 3489/1/4162 3482/1/4155 
f 3482/1/4155 3489/1/4162 3491/1/4164 
f 3493/1/4166 3494/1/4167 3495/1/4168 
f 3496/1/4169 3497/1/4170 3498/1/4171 
f 3498/1/4171 3497/1/4170 3494/1/4167 
f 3486/1/4159 3484/1/4157 3493/1/4166 
f 3486/1/4159 3493/1/4166 3488/1/4161 
f 3488/1/4161 3493/1/4166 3495/1/4168 
f 3488/1/4161 3495/1/4168 3490/1/4163 
f 3494/1/4167 3497/1/4170 3495/1/4168 
f 3495/1/4168 3497/1/4170 3499/1/4172 
f 3495/1/4168 3499/1/4172 3490/1/4163 
f 3490/1/4163 3499/1/4172 3500/1/4173 
f 3490/1/4163 3500/1/4173 3492/1/4165 
f 3496/1/4169 3501/1/4174 3497/1/4170 
f 3497/1/4170 3501/1/4174 3502/1/4175 
f 3497/1/4170 3502/1/4175 3499/1/4172 
f 3499/1/4172 3502/1/4175 3500/1/4176 
f 3499/1/4172 3500/1/4176 3500/1/4173 
f 3503/1/4177 3501/1/4174 3496/1/4169 
f 3504/1/4178 3505/1/4179 3503/1/4177 
f 3496/1/4169 3498/1/4171 3506/1/4180 
f 3503/1/4177 3496/1/4169 3504/1/4178 
f 3504/1/4178 3496/1/4169 3506/1/4180 
f 3504/1/4178 3506/1/4180 3507/1/4181 
f 3508/1/4182 3509/1/4183 3510/1/4184 
f 3510/1/4184 3509/1/4183 3511/1/4185 
f 3510/1/4184 3511/1/4185 3512/1/4186 
f 3512/1/4186 3513/1/4187 3510/1/4184 
f 3510/1/4184 3513/1/4187 3514/1/4188 
f 3510/1/4184 3514/1/4188 3515/1/4189 
f 3515/1/4189 3514/1/4188 3505/1/4179 
f 3515/1/4189 3505/1/4179 3504/1/4178 
f 3516/1/4190 3517/1/4191 3508/1/4182 
f 3508/1/4182 3517/1/4191 3518/1/4192 
f 3508/1/4182 3518/1/4192 3509/1/4183 
f 2684/1/2956 2683/1/2955 3519/1/4193 
f 3520/1/4194 3521/1/4195 3519/1/4193 
f 3519/1/4193 3521/1/4195 2685/1/2957 
f 3519/1/4193 2685/1/2957 2684/1/2956 
f 2699/1/2971 2685/1/2957 3522/1/4196 
f 3522/1/4196 2685/1/2957 3521/1/4195 
f 3522/1/4196 3521/1/4195 3516/1/4190 
f 3516/1/4190 3521/1/4195 3520/1/4194 
f 3516/1/4190 3520/1/4194 3517/1/4191 
f 3510/1/4184 3523/1/4197 3508/1/4182 
f 3508/1/4182 3523/1/4197 3524/1/4198 
f 3508/1/4182 3524/1/4198 3516/1/4190 
f 3516/1/4190 3524/1/4198 3525/1/4199 
f 3516/1/4190 3525/1/4199 3522/1/4196 
f 3504/1/4178 3507/1/4181 3515/1/4189 
f 3515/1/4189 3507/1/4181 3526/1/4200 
f 3515/1/4189 3526/1/4200 3510/1/4184 
f 3510/1/4184 3526/1/4200 3527/1/4201 
f 3510/1/4184 3527/1/4201 3523/1/4197 
f 3528/1/4202 3529/1/4203 3530/1/4204 
f 2263/1/2392 3528/1/4202 2267/1/2398 
f 2267/1/2398 3528/1/4202 3530/1/4204 
f 2267/1/2398 3530/1/4204 2268/1/2399 
f 2278/1/2411 2277/1/2410 3531/1/4205 
f 3532/1/2977 2432/1/2635 3533/1/2977 
f 3533/1/2977 2432/1/2635 2259/1/2388 
f 3533/1/2977 2259/1/2388 3534/1/2977 
f 2259/1/2388 2262/1/2391 3534/1/2977 
f 3534/1/2977 2262/1/2391 2266/1/2397 
f 3534/1/2977 2266/1/2397 3531/1/4205 
f 3531/1/4205 2266/1/2397 2273/1/2404 
f 3531/1/4205 2273/1/2404 2278/1/2411 
f 3345/1/3970 3345/1/3969 3535/1/4206 
f 3348/1/3975 3349/1/3976 3536/1/4207 
f 3537/1/4208 3536/1/4207 2406/1/2603 
f 3538/1/4209 3535/1/4206 3539/1/4210 
f 3540/1/4211 2397/1/2592 2396/1/4212 
f 2395/1/2563 2373/1/2536 3541/1/4213 
f 2395/1/2563 3541/1/4213 2396/1/4212 
f 2396/1/4212 3541/1/4213 3542/1/4214 
f 2396/1/4212 3542/1/4214 3540/1/4211 
f 3538/1/4209 2397/1/2590 3543/1/4215 
f 3543/1/4215 2397/1/2590 2397/1/2591 
f 3543/1/4215 2397/1/2591 2397/1/2592 
f 2399/1/2575 2399/1/2578 3539/1/4210 
f 3539/1/4210 2399/1/2578 2403/1/2582 
f 3539/1/4210 2403/1/2582 3538/1/4209 
f 3538/1/4209 2403/1/2582 2397/1/2584 
f 3538/1/4209 2397/1/2584 2397/1/2590 
f 3537/1/4208 3544/1/4216 3342/1/3963 
f 3342/1/3963 3342/1/3961 3537/1/4208 
f 3537/1/4208 3342/1/3961 3340/1/3959 
f 3537/1/4208 3340/1/3959 3536/1/4207 
f 3536/1/4207 3340/1/3959 3339/1/3958 
f 3536/1/4207 3339/1/3958 3348/1/3975 
f 2406/1/2603 2405/1/4217 3537/1/4208 
f 3537/1/4208 2405/1/4217 2399/1/2575 
f 3537/1/4208 2399/1/2575 3544/1/4216 
f 3544/1/4216 2399/1/2575 3539/1/4210 
f 3544/1/4216 3539/1/4210 3342/1/3963 
f 3342/1/3963 3539/1/4210 3344/1/3965 
f 3535/1/4206 3345/1/3969 3539/1/4210 
f 3539/1/4210 3345/1/3969 3344/1/3967 
f 3539/1/4210 3344/1/3967 3344/1/3965 
f 3542/1/4214 3336/1/3957 3545/1/4218 
f 3545/1/4218 3336/1/3957 3336/1/3955 
f 3545/1/4218 3336/1/3955 3336/1/3954 
f 2373/1/2536 3333/1/3949 3541/1/4213 
f 3541/1/4213 3333/1/3949 3335/1/3951 
f 3541/1/4213 3335/1/3951 3542/1/4214 
f 3542/1/4214 3335/1/3951 3337/1/3953 
f 3542/1/4214 3337/1/3953 3336/1/3957 
f 2397/1/2592 3540/1/4211 3543/1/4215 
f 3543/1/4215 3540/1/4211 3542/1/4214 
f 3543/1/4215 3542/1/4214 3538/1/4209 
f 3538/1/4209 3542/1/4214 3545/1/4218 
f 3538/1/4209 3545/1/4218 3535/1/4206 
f 3535/1/4206 3545/1/4218 3336/1/3954 
f 3535/1/4206 3336/1/3954 3345/1/3970 
f 3546/1/4219 3547/1/4220 3548/1/4221 
f 3548/1/4221 3547/1/4220 3377/1/4022 
f 3548/1/4221 3377/1/4022 3549/1/4222 
f 3549/1/4222 3377/1/4022 3376/1/4021 
f 3550/1/4223 3551/1/4224 3546/1/4219 
f 3546/1/4219 3548/1/4221 3550/1/4223 
f 3550/1/4223 3548/1/4221 3552/1/4225 
f 3550/1/4223 3552/1/4225 3553/1/4226 
f 3376/1/4021 3375/1/4020 3549/1/4222 
f 3549/1/4222 3375/1/4020 3554/1/4227 
f 3549/1/4222 3554/1/4227 3548/1/4221 
f 3548/1/4221 3554/1/4227 3555/1/4228 
f 3548/1/4221 3555/1/4228 3552/1/4225 
f 2332/1/2478 2325/1/2471 3556/1/4229 
f 3557/1/4230 2330/1/2476 2332/1/2478 
f 3558/1/4231 3551/1/4224 3550/1/4223 
f 3557/1/4230 2332/1/2478 3559/1/4232 
f 3559/1/4232 2332/1/2478 3556/1/4229 
f 3559/1/4232 3556/1/4229 3560/1/4233 
f 3560/1/4233 3556/1/4229 3561/1/4234 
f 3560/1/4233 3561/1/4234 3562/1/4235 
f 3562/1/4235 3561/1/4234 3563/1/4236 
f 3562/1/4235 3563/1/4236 3564/1/4237 
f 3564/1/4237 3563/1/4236 3558/1/4231 
f 3564/1/4237 3558/1/4231 3565/1/4238 
f 3565/1/4238 3558/1/4231 3550/1/4223 
f 3565/1/4238 3550/1/4223 3553/1/4226 
f 3566/1/4239 3492/1/4165 3500/1/4173 
f 3566/1/4239 3500/1/4173 1905/1/4240 
f 1905/1/4240 3500/1/4173 1903/1/4241 
f 1903/1/4241 3500/1/4173 3500/1/4176 
f 1903/1/4241 3500/1/4176 1901/1/4242 
f 3500/1/4176 3502/1/4175 1901/1/4242 
f 1901/1/4242 3502/1/4175 3501/1/4174 
f 1901/1/4242 3501/1/4174 1899/1/4243 
s 2
f 1904/1/4244 3567/1/4245 1906/1/4246 
f 1906/1/4246 3567/1/4245 3568/1/4247 
f 1906/1/4246 3568/1/4247 1907/1/4248 
s 4
f 3569/1/1171 1344/1/1170 3570/1/4249 
f 3570/1/4249 1344/1/1170 1310/1/4250 
f 3570/1/4249 1310/1/4250 3571/1/4251 
f 3571/1/4251 1310/1/4250 1347/1/4252 
f 3571/1/4251 1347/1/4252 3572/1/4253 
f 3572/1/4253 1347/1/4252 3573/1/1175 
f 3573/1/1175 1347/1/4252 1348/1/3061 
f 3573/1/1175 1348/1/3061 2768/1/1172 
s 2
f 3574/1/4254 3575/1/4255 3576/1/4256 
f 3577/1/4257 3578/1/4258 1147/1/3077 
f 3579/1/4259 3580/1/4260 3581/1/4261 
f 3581/1/4261 3580/1/4260 3582/1/4262 
f 3581/1/4261 3582/1/4262 3583/1/4263 
f 3575/1/4255 3574/1/4254 3584/1/4264 
f 3574/1/4254 3585/1/4265 3584/1/4264 
f 3584/1/4264 3585/1/4265 3586/1/4266 
f 3584/1/4264 3586/1/4266 3582/1/4262 
s 4
f 3582/1/4267 3586/1/4267 3587/1/4267 
s 2
f 3582/1/4262 3587/1/4268 3583/1/4263 
f 2786/1/3075 3576/1/4256 2790/1/3081 
f 2790/1/3081 3576/1/4256 3575/1/4255 
f 2790/1/3081 3575/1/4255 2789/1/3080 
f 2789/1/3080 3575/1/4255 3584/1/4264 
f 2789/1/3080 3584/1/4264 2788/1/3079 
f 2788/1/3079 3584/1/4264 3582/1/4262 
f 2788/1/3079 3582/1/4262 2787/1/3078 
f 2787/1/3078 3582/1/4262 3580/1/4260 
f 2787/1/3078 3580/1/4260 1147/1/3077 
f 1147/1/3077 3580/1/4260 3579/1/4259 
f 1147/1/3077 3579/1/4259 3577/1/4257 
s 8
f 3576/1/4269 2786/1/3087 3588/1/4270 
f 3588/1/4270 2786/1/3087 2792/1/3083 
f 3588/1/4270 2792/1/3083 3589/1/4271 
f 3589/1/4271 2792/1/3083 2791/1/3082 
f 3589/1/4271 2791/1/3082 3590/1/4272 
s 4
f 3591/1/4273 1563/1/1539 3592/1/4274 
f 3592/1/4274 1563/1/1539 1516/1/1469 
f 3592/1/4274 1516/1/1469 2841/1/3134 
f 3591/1/4273 3593/1/4275 1563/1/1539 
f 1563/1/1539 3593/1/4275 3594/1/4276 
f 1563/1/1539 3594/1/4276 1564/1/1542 
f 1564/1/1542 3594/1/4276 3595/1/4277 
f 1564/1/1542 3595/1/4277 3596/1/4278 
f 3597/1/4279 1565/1/1544 3598/1/4280 
f 3598/1/4280 1565/1/1544 1564/1/1542 
f 3598/1/4280 1564/1/1542 3599/1/4281 
f 3599/1/4281 1564/1/1542 3596/1/4278 
f 3597/1/4279 3600/1/4282 1565/1/1544 
f 1565/1/1544 3600/1/4282 3601/1/4283 
f 1565/1/1544 3601/1/4283 1567/1/1550 
f 1567/1/1550 3601/1/4283 3602/1/4284 
f 1567/1/1550 3602/1/4284 1568/1/1552 
f 1568/1/1552 3602/1/4284 3603/1/4285 
f 3603/1/4285 3604/1/4286 1568/1/1552 
f 1568/1/1552 3604/1/4286 3605/1/4287 
f 1568/1/1552 3605/1/4287 1569/1/1554 
f 1569/1/1554 3605/1/4287 3606/1/4288 
f 1569/1/1554 3606/1/4288 1570/1/1555 
f 1570/1/1555 3606/1/4288 3607/1/4289 
f 1570/1/1555 3607/1/4289 1566/1/1546 
f 3607/1/4289 3608/1/4290 1566/1/1546 
f 1566/1/1546 3608/1/4290 3609/1/4291 
f 1566/1/1546 3609/1/4291 1571/1/1556 
f 1571/1/1556 3609/1/4291 3610/1/4292 
f 1571/1/1556 3610/1/4292 1572/1/1557 
f 3610/1/4292 3611/1/4293 1572/1/1557 
f 1572/1/1557 3611/1/4293 3612/1/4294 
f 1572/1/1557 3612/1/4294 1573/1/1559 
f 1573/1/1559 3612/1/4294 3613/1/4295 
f 1573/1/1559 3613/1/4295 1574/1/1561 
f 3614/1/4296 1576/1/1565 3615/1/4297 
f 3615/1/4297 1576/1/1565 1575/1/1563 
f 3615/1/4297 1575/1/1563 3616/1/4298 
f 3616/1/4298 1575/1/1563 1574/1/1561 
f 3616/1/4298 1574/1/1561 3617/1/4299 
f 3617/1/4299 1574/1/1561 3613/1/4295 
f 3614/1/4296 3618/1/4300 1576/1/1565 
f 1576/1/1565 3618/1/4300 3619/1/4301 
f 1576/1/1565 3619/1/4301 1577/1/1567 
f 1577/1/1567 3619/1/4301 3620/1/4302 
f 1577/1/1567 3620/1/4302 1578/1/1569 
f 1578/1/1569 3620/1/4302 3621/1/4303 
f 1578/1/1569 3621/1/4303 3622/1/4304 
s 2
f 3623/1/4305 3624/1/4306 3625/1/4307 
f 3625/1/4307 3624/1/4306 3626/1/4308 
s 1
f 2424/1/4309 3627/1/4310 3623/1/4311 
f 3623/1/4311 3625/1/4312 2424/1/4309 
f 2424/1/4309 3625/1/4312 2430/1/4313 
f 2424/1/4309 2430/1/4313 2429/1/4314 
f 2426/1/4315 2425/1/4316 2427/1/4315 
f 2427/1/4315 2425/1/4316 2424/1/4309 
f 2427/1/4315 2424/1/4309 2428/1/4314 
f 2428/1/4314 2424/1/4309 2429/1/4314 
s 16
f 2423/1/2625 3627/1/4317 2424/1/2626 
f 3627/1/4317 2423/1/2625 2417/1/2619 
s 4
f 1342/1/4318 1344/1/1170 3628/1/4319 
f 3628/1/4319 1344/1/1170 3569/1/1171 
f 1331/1/4320 1333/1/4321 3629/1/4322 
f 3629/1/4322 1333/1/4321 3630/1/4323 
f 1332/1/4324 1331/1/4320 3631/1/4325 
f 3631/1/4325 1331/1/4320 3629/1/4322 
f 1342/1/4318 3628/1/4319 1340/1/4326 
f 1340/1/4326 3628/1/4319 3632/1/4327 
f 1340/1/4326 3632/1/4327 1339/1/4328 
f 3633/1/4329 1335/1/4330 3634/1/4331 
f 3634/1/4331 1335/1/4330 1337/1/4332 
f 3632/1/4327 3635/1/4333 1339/1/4328 
f 1339/1/4328 3635/1/4333 3636/1/4334 
f 1339/1/4328 3636/1/4334 1337/1/4332 
f 1337/1/4332 3636/1/4334 3637/1/4335 
f 1337/1/4332 3637/1/4335 3634/1/4331 
f 3630/1/4323 1333/1/4321 3638/1/4336 
f 3638/1/4336 1333/1/4321 1334/1/4337 
f 3638/1/4336 1334/1/4337 3639/1/4338 
f 3639/1/4338 1334/1/4337 1335/1/4330 
f 3639/1/4338 1335/1/4330 3640/1/4339 
f 3640/1/4339 1335/1/4330 3633/1/4329 
s 2
f 3576/1/4256 3641/1/4340 3574/1/4254 
f 3574/1/4254 3641/1/4340 3642/1/4341 
f 3574/1/4254 3642/1/4341 3585/1/4265 
f 3585/1/4265 3642/1/4341 3586/1/4266 
f 3586/1/4266 3642/1/4341 3587/1/4268 
f 3587/1/4268 3642/1/4341 3643/1/4342 
f 3587/1/4268 3643/1/4342 3583/1/4263 
f 3583/1/4263 3643/1/4342 3644/1/4343 
f 3583/1/4263 3644/1/4343 3581/1/4261 
f 3581/1/4261 3644/1/4343 3645/1/4344 
f 3581/1/4261 3645/1/4344 3579/1/4259 
f 3578/1/4258 3577/1/4257 3646/1/4345 
f 3646/1/4345 3577/1/4257 3579/1/4259 
f 3646/1/4345 3579/1/4259 3647/1/4346 
f 3647/1/4346 3579/1/4259 3645/1/4344 
f 3648/1/4347 3649/1/4348 3650/1/4349 
f 3648/1/4347 3650/1/4349 3651/1/4350 
f 3651/1/4350 3650/1/4349 3652/1/4351 
f 3651/1/4350 3652/1/4351 3653/1/4352 
f 3654/1/4353 3655/1/4354 3656/1/4355 
f 3656/1/4355 3655/1/4354 3657/1/4356 
f 3656/1/4355 3657/1/4356 3658/1/4357 
f 3658/1/4357 3657/1/4356 3659/1/4358 
f 3658/1/4357 3659/1/4358 3660/1/4359 
f 3660/1/4359 3659/1/4358 3653/1/4352 
f 3660/1/4359 3653/1/4352 3661/1/4360 
f 3661/1/4360 3653/1/4352 3652/1/4351 
f 3662/1/4361 3663/1/4362 3664/1/4363 
f 3664/1/4363 3663/1/4362 3665/1/4364 
f 3664/1/4363 3665/1/4364 3666/1/4365 
f 3666/1/4365 3665/1/4364 3667/1/4366 
f 3666/1/4365 3667/1/4366 3648/1/4347 
f 3648/1/4347 3667/1/4366 3668/1/4367 
f 3648/1/4347 3668/1/4367 3649/1/4348 
f 3655/1/4354 3578/1/4258 3657/1/4356 
f 3657/1/4356 3578/1/4258 3646/1/4345 
f 3657/1/4356 3646/1/4345 3659/1/4358 
f 3659/1/4358 3646/1/4345 3647/1/4346 
f 3659/1/4358 3647/1/4346 3653/1/4352 
f 3653/1/4352 3647/1/4346 3645/1/4344 
f 3653/1/4352 3645/1/4344 3651/1/4350 
f 3651/1/4350 3645/1/4344 3644/1/4343 
f 3651/1/4350 3644/1/4343 3648/1/4347 
f 3648/1/4347 3644/1/4343 3643/1/4342 
f 3648/1/4347 3643/1/4342 3666/1/4365 
f 3666/1/4365 3643/1/4342 3642/1/4341 
f 3666/1/4365 3642/1/4341 3664/1/4363 
f 3664/1/4363 3642/1/4341 3641/1/4340 
f 3664/1/4363 3641/1/4340 3662/1/4361 
f 3669/1/4368 3670/1/4369 3671/1/4370 
f 3671/1/4370 3670/1/4369 3672/1/4371 
f 3671/1/4370 3672/1/4371 3673/1/4372 
f 3649/1/4348 3668/1/4367 3674/1/4373 
f 3674/1/4373 3668/1/4367 3667/1/4366 
f 3674/1/4373 3667/1/4366 3672/1/4371 
f 3672/1/4371 3667/1/4366 3665/1/4364 
f 3672/1/4371 3665/1/4364 3673/1/4372 
f 3673/1/4372 3665/1/4364 3663/1/4362 
f 3673/1/4372 3663/1/4362 3662/1/4361 
f 3661/1/4360 3652/1/4351 3675/1/4374 
f 3675/1/4374 3652/1/4351 3650/1/4349 
f 3658/1/4357 3660/1/4359 3676/1/4375 
f 3676/1/4375 3660/1/4359 3661/1/4360 
f 3676/1/4375 3677/1/4376 3678/1/4377 
f 3658/1/4357 3676/1/4375 3656/1/4355 
f 3656/1/4355 3676/1/4375 3678/1/4377 
f 3656/1/4355 3678/1/4377 3654/1/4353 
f 3676/1/4375 3679/1/4378 3680/1/4379 
f 3677/1/4376 3676/1/4375 3681/1/4380 
f 3681/1/4380 3676/1/4375 3680/1/4379 
f 3681/1/4380 3680/1/4379 3682/1/4381 
f 3661/1/4360 3675/1/4374 3676/1/4375 
f 3676/1/4375 3675/1/4374 3683/1/4382 
f 3676/1/4375 3683/1/4382 3679/1/4378 
f 3684/1/4383 3685/1/4384 3675/1/4374 
f 3675/1/4374 3685/1/4384 3686/1/4385 
f 3675/1/4374 3686/1/4385 3683/1/4382 
f 3670/1/4369 3687/1/4386 3672/1/4371 
f 3672/1/4371 3687/1/4386 3684/1/4383 
f 3672/1/4371 3684/1/4383 3674/1/4373 
f 3674/1/4373 3684/1/4383 3675/1/4374 
f 3674/1/4373 3675/1/4374 3649/1/4348 
f 3649/1/4348 3675/1/4374 3650/1/4349 
f 3688/1/4387 3689/1/4388 3690/1/4389 
f 3686/1/4385 3685/1/4384 3691/1/4390 
f 3670/1/4369 3669/1/4368 3692/1/4391 
f 3693/1/4392 3694/1/4393 3695/1/4394 
f 3693/1/4392 3695/1/4394 3696/1/4395 
f 3695/1/4394 3697/1/4396 3696/1/4395 
f 3696/1/4395 3697/1/4396 3698/1/4397 
f 3696/1/4395 3698/1/4397 3699/1/4398 
f 3700/1/4399 3701/1/4400 3698/1/4397 
f 3698/1/4397 3701/1/4400 3702/1/4401 
f 3698/1/4397 3702/1/4401 3699/1/4398 
f 3703/1/4402 3704/1/4403 3705/1/4404 
f 3705/1/4404 3706/1/4405 3703/1/4402 
f 3703/1/4402 3706/1/4405 3707/1/4406 
f 3703/1/4402 3707/1/4406 3700/1/4399 
f 3700/1/4399 3707/1/4406 3708/1/4407 
f 3700/1/4399 3708/1/4407 3701/1/4400 
f 3709/1/4408 3710/1/4409 3705/1/4404 
f 3705/1/4404 3710/1/4409 3711/1/4410 
f 3705/1/4404 3711/1/4410 3706/1/4405 
f 3688/1/4387 3682/1/4381 3689/1/4388 
f 3689/1/4388 3682/1/4381 3680/1/4379 
f 3689/1/4388 3680/1/4379 3679/1/4378 
f 3712/1/4411 3713/1/4412 3714/1/4413 
f 3714/1/4413 3713/1/4412 3715/1/4414 
f 3714/1/4413 3715/1/4414 3690/1/4389 
f 3690/1/4389 3715/1/4414 3716/1/4415 
f 3690/1/4389 3716/1/4415 3688/1/4387 
f 3712/1/4411 3714/1/4413 3717/1/4416 
f 3717/1/4416 3714/1/4413 3718/1/4417 
f 3717/1/4416 3718/1/4417 3719/1/4418 
f 3719/1/4418 3718/1/4417 3720/1/4419 
f 3720/1/4419 3718/1/4417 3721/1/4420 
f 3720/1/4419 3721/1/4420 3722/1/4421 
f 3723/1/4422 3724/1/4423 3725/1/4424 
f 3725/1/4424 3724/1/4423 3726/1/4425 
f 3725/1/4424 3726/1/4425 3727/1/4426 
f 3727/1/4426 3726/1/4425 3728/1/4427 
f 3727/1/4426 3728/1/4427 3721/1/4420 
f 3721/1/4420 3728/1/4427 3729/1/4428 
f 3721/1/4420 3729/1/4428 3722/1/4421 
f 3683/1/4382 3686/1/4385 3730/1/4429 
f 3730/1/4429 3686/1/4385 3691/1/4390 
f 3730/1/4429 3691/1/4390 3731/1/4430 
f 3731/1/4430 3691/1/4390 3732/1/4431 
f 3731/1/4430 3732/1/4431 3733/1/4432 
f 3733/1/4432 3732/1/4431 3734/1/4433 
f 3733/1/4432 3734/1/4433 3735/1/4434 
f 3679/1/4378 3683/1/4382 3689/1/4388 
f 3689/1/4388 3683/1/4382 3730/1/4429 
f 3689/1/4388 3730/1/4429 3690/1/4389 
f 3690/1/4389 3730/1/4429 3731/1/4430 
f 3690/1/4389 3731/1/4430 3714/1/4413 
f 3714/1/4413 3731/1/4430 3733/1/4432 
f 3714/1/4413 3733/1/4432 3718/1/4417 
f 3718/1/4417 3733/1/4432 3735/1/4434 
f 3718/1/4417 3735/1/4434 3721/1/4420 
f 3721/1/4420 3735/1/4434 3736/1/4435 
f 3721/1/4420 3736/1/4435 3727/1/4426 
f 3727/1/4426 3736/1/4435 3737/1/4436 
f 3727/1/4426 3737/1/4436 3725/1/4424 
f 3725/1/4424 3737/1/4436 3738/1/4437 
f 3725/1/4424 3738/1/4437 3723/1/4422 
f 3723/1/4422 3738/1/4437 3739/1/4438 
f 3740/1/4439 3741/1/4440 3742/1/4441 
f 3742/1/4441 3741/1/4440 3743/1/4442 
f 3742/1/4441 3743/1/4442 3687/1/4386 
f 3687/1/4386 3743/1/4442 3684/1/4383 
f 3704/1/4403 3741/1/4440 3705/1/4404 
f 3705/1/4404 3741/1/4440 3740/1/4439 
f 3705/1/4404 3740/1/4439 3709/1/4408 
f 3709/1/4408 3740/1/4439 3742/1/4441 
f 3709/1/4408 3742/1/4441 3692/1/4391 
f 3692/1/4391 3742/1/4441 3687/1/4386 
f 3692/1/4391 3687/1/4386 3670/1/4369 
f 3685/1/4384 3684/1/4383 3691/1/4390 
f 3691/1/4390 3684/1/4383 3743/1/4442 
f 3691/1/4390 3743/1/4442 3732/1/4431 
f 3732/1/4431 3743/1/4442 3741/1/4440 
f 3732/1/4431 3741/1/4440 3734/1/4433 
f 3734/1/4433 3741/1/4440 3704/1/4403 
f 3734/1/4433 3704/1/4403 3735/1/4434 
f 3735/1/4434 3704/1/4403 3703/1/4402 
f 3735/1/4434 3703/1/4402 3736/1/4435 
f 3736/1/4435 3703/1/4402 3700/1/4399 
f 3736/1/4435 3700/1/4399 3737/1/4436 
f 3737/1/4436 3700/1/4399 3698/1/4397 
f 3737/1/4436 3698/1/4397 3738/1/4437 
f 3738/1/4437 3698/1/4397 3697/1/4396 
f 3738/1/4437 3697/1/4396 3739/1/4438 
f 3739/1/4438 3697/1/4396 3695/1/4394 
f 3744/1/4443 3745/1/4444 3746/1/4445 
f 3744/1/4443 3746/1/4445 3747/1/4446 
f 3748/1/4447 3749/1/4448 3750/1/4449 
f 3750/1/4449 3749/1/4448 3751/1/4450 
f 3751/1/4450 3747/1/4446 3750/1/4449 
f 3750/1/4449 3747/1/4446 3746/1/4445 
f 3750/1/4449 3746/1/4445 3748/1/4447 
f 3748/1/4447 3746/1/4445 3752/1/4451 
f 3749/1/4448 3748/1/4447 3753/1/4452 
f 3753/1/4452 3748/1/4447 3695/1/4394 
f 3753/1/4452 3695/1/4394 3694/1/4393 
f 3752/1/4451 3724/1/4423 3723/1/4422 
f 3752/1/4451 3723/1/4422 3748/1/4447 
f 3748/1/4447 3723/1/4422 3739/1/4438 
f 3748/1/4447 3739/1/4438 3695/1/4394 
s 8
f 3754/1/4453 3755/1/4454 3756/1/4455 
f 3756/1/4455 3755/1/4454 3757/1/4456 
f 3589/1/4271 3590/1/4272 3758/1/4457 
f 3757/1/4456 3755/1/4454 3758/1/4457 
f 3758/1/4457 3755/1/4454 3588/1/4270 
s 4
f 3758/1/4458 3588/1/4458 3589/1/4458 
s 8
f 3754/1/4453 3662/1/4459 3755/1/4454 
f 3755/1/4454 3662/1/4459 3641/1/4460 
f 3755/1/4454 3641/1/4460 3588/1/4270 
f 3588/1/4270 3641/1/4460 3576/1/4269 
s 1
f 3759/1/4461 2411/1/2614 2414/1/2616 
s 2
f 2414/1/4462 3760/1/4463 3759/1/4464 
f 3759/1/4464 3760/1/4463 3761/1/4465 
s 4
f 3759/1/4466 3761/1/4467 3762/1/4468 
f 3762/1/4468 3761/1/4467 3763/1/4469 
f 3763/1/4469 3761/1/4467 3764/1/4470 
f 3763/1/4469 3764/1/4470 3765/1/4471 
f 3765/1/4471 3764/1/4470 3766/1/4472 
f 3765/1/4471 3766/1/4472 3767/1/4473 
f 3767/1/4473 3766/1/4472 3768/1/4474 
f 3768/1/4474 3766/1/4472 3769/1/4475 
f 3768/1/4474 3769/1/4475 3770/1/4476 
s 2
f 1328/1/1197 3771/1/4477 1321/1/1190 
f 1321/1/1190 3771/1/4477 3772/1/4478 
f 1321/1/1190 3772/1/4478 1322/1/1191 
f 1322/1/1191 3772/1/4478 3773/1/4479 
s 8
f 3774/1/4480 3775/1/4481 1316/1/4482 
f 1316/1/4482 1319/1/4483 3774/1/4480 
f 3774/1/4480 1319/1/4483 1325/1/4484 
f 3774/1/4480 1325/1/4484 3776/1/4485 
f 3567/1/4486 3776/1/4485 1324/1/4487 
f 1324/1/4487 3776/1/4485 1325/1/4484 
f 2974/1/3371 1356/1/3370 1358/1/4488 
f 2974/1/3371 1358/1/4488 3777/1/4489 
f 3777/1/4489 1358/1/4488 1359/1/4490 
f 3777/1/4489 1359/1/4490 1360/1/4491 
f 1360/1/4491 1317/1/4492 3777/1/4489 
f 3777/1/4489 1317/1/4492 1316/1/4482 
f 3777/1/4489 1316/1/4482 3775/1/4481 
f 1322/1/4493 3773/1/4494 1908/1/4495 
f 1908/1/4495 1907/1/4496 1322/1/4493 
f 1322/1/4493 1907/1/4496 3568/1/4497 
f 1322/1/4493 3568/1/4497 1323/1/4498 
f 1323/1/4498 3568/1/4497 3567/1/4486 
f 1323/1/4498 3567/1/4486 1324/1/4487 
s 2
f 3778/1/4499 3779/1/4500 3780/1/4501 
f 1370/1/1239 3778/1/4499 1369/1/1238 
f 1369/1/1238 3778/1/4499 3780/1/4501 
f 1369/1/1238 3780/1/4501 1372/1/1241 
f 3781/1/4502 3782/1/4503 3782/1/4504 
f 3781/1/4502 1373/1/1242 3783/1/4505 
f 3783/1/4505 1373/1/1242 1372/1/1241 
f 3783/1/4505 1372/1/1241 3784/1/4506 
f 3784/1/4506 1372/1/1241 3780/1/4501 
f 3781/1/4502 3782/1/4504 1373/1/1242 
f 1373/1/1242 3782/1/4504 3785/1/4507 
f 1373/1/1242 3785/1/4507 3786/1/4508 
f 3786/1/4508 3786/1/4509 1373/1/1242 
f 1373/1/1242 3786/1/4509 3787/1/4510 
f 1373/1/1242 3787/1/4510 1329/1/1198 
f 1329/1/1198 3787/1/4510 3788/1/4511 
f 1329/1/1198 3788/1/4511 3789/1/4512 
f 3771/1/4477 1328/1/1197 3790/1/4513 
f 3790/1/4513 1328/1/1197 1329/1/1198 
f 3790/1/4513 1329/1/1198 3791/1/4514 
f 3791/1/4514 1329/1/1198 3789/1/4512 
s 1
f 3792/1/4515 3793/1/4516 3763/1/4517 
f 2410/1/4518 2411/1/2614 3794/1/4519 
f 3794/1/4519 2411/1/2614 3759/1/4461 
f 3794/1/4519 3759/1/4461 3793/1/4516 
f 3793/1/4516 3759/1/4461 3762/1/4520 
f 3793/1/4516 3762/1/4520 3763/1/4517 
f 3792/1/4515 3763/1/4517 3795/1/4521 
f 3795/1/4521 3763/1/4517 3765/1/4522 
f 3795/1/4521 3765/1/4522 3796/1/4523 
f 3796/1/4523 3765/1/4522 3767/1/4524 
f 3796/1/4523 3767/1/4524 3797/1/4525 
f 3797/1/4525 3767/1/4524 3768/1/4526 
f 3797/1/4525 3768/1/4526 3798/1/4527 
f 3768/1/4526 3770/1/4528 3798/1/4527 
f 3798/1/4527 3770/1/4528 3799/1/4529 
f 3798/1/4527 3799/1/4529 3800/1/4530 
f 3800/1/4530 3799/1/4529 3801/1/4531 
f 3799/1/4529 3802/1/4532 3801/1/4531 
f 3801/1/4531 3802/1/4532 3623/1/4311 
f 3801/1/4531 3623/1/4311 3627/1/4310 
s 2
f 3624/1/4306 3803/1/4533 3804/1/4534 
f 3804/1/4534 3803/1/4533 3805/1/4535 
s 4
f 3804/1/4536 3805/1/4537 3806/1/4538 
s 2
f 3624/1/4306 3623/1/4305 3803/1/4533 
f 3803/1/4533 3623/1/4305 3802/1/4539 
f 3803/1/4533 3802/1/4539 3805/1/4535 
s 4
f 3805/1/4537 3802/1/4540 3799/1/4541 
f 3805/1/4537 3799/1/4541 3806/1/4538 
f 3806/1/4538 3799/1/4541 3770/1/4476 
f 3770/1/4476 3769/1/4475 3806/1/4538 
f 3806/1/4538 3769/1/4475 3807/1/4542 
f 3806/1/4538 3807/1/4542 3804/1/4536 
f 3804/1/4536 3807/1/4542 3808/1/4543 
f 3804/1/4536 3808/1/4543 3809/1/4544 
f 3809/1/4544 3810/1/4545 3804/1/4536 
f 3804/1/4536 3810/1/4545 3811/1/4546 
f 3804/1/4536 3811/1/4546 3624/1/4547 
f 3624/1/4547 3811/1/4546 3812/1/4548 
f 3624/1/4547 3812/1/4548 3626/1/4549 
s 8
f 3673/1/4550 3662/1/4459 3754/1/4453 
f 3813/1/4551 3814/1/4552 3815/1/4553 
f 3669/1/4554 3671/1/4555 3816/1/4556 
f 3816/1/4556 3671/1/4555 3813/1/4551 
f 3816/1/4556 3813/1/4551 3817/1/4557 
f 3817/1/4557 3813/1/4551 3815/1/4553 
f 3817/1/4557 3815/1/4553 3818/1/4558 
f 3671/1/4555 3673/1/4550 3813/1/4551 
f 3813/1/4551 3673/1/4550 3754/1/4453 
f 3813/1/4551 3754/1/4453 3814/1/4552 
f 3814/1/4552 3754/1/4453 3756/1/4455 
f 3814/1/4552 3756/1/4455 3757/1/4456 
s 2
f 3533/1/4559 3819/1/4560 3532/1/4559 
f 3532/1/4559 3819/1/4560 3820/1/4561 
f 3532/1/4559 3820/1/4561 3821/1/4562 
f 3821/1/4562 3820/1/4561 3822/1/4563 
f 3823/1/4564 3824/1/4565 3825/1/4566 
f 3825/1/4566 3824/1/4565 3826/1/4567 
f 3825/1/4566 3826/1/4567 3827/1/4568 
f 3827/1/4568 3826/1/4567 3828/1/4569 
f 3827/1/4568 3828/1/4569 3829/1/4570 
f 3829/1/4570 3828/1/4569 3830/1/4571 
f 3829/1/4570 3830/1/4571 3831/1/4572 
f 3824/1/4565 3832/1/4573 3826/1/4567 
f 3826/1/4567 3832/1/4573 3833/1/4574 
f 3826/1/4567 3833/1/4574 3828/1/4569 
f 3828/1/4569 3833/1/4574 3834/1/4575 
f 3828/1/4569 3834/1/4575 3830/1/4571 
f 3830/1/4571 3834/1/4575 3835/1/4576 
f 3830/1/4571 3835/1/4576 3831/1/4572 
f 3831/1/4572 3835/1/4576 3836/1/4577 
f 3831/1/4572 3836/1/4577 3837/1/4578 
s 8
f 3749/1/4579 3753/1/4580 3819/1/4581 
f 3819/1/4581 3753/1/4580 3820/1/4582 
f 3533/1/4583 3534/1/4584 3819/1/4581 
f 3819/1/4581 3534/1/4584 3751/1/4579 
f 3819/1/4581 3751/1/4579 3749/1/4579 
f 3820/1/4582 3753/1/4580 3822/1/4585 
f 3822/1/4585 3753/1/4580 3694/1/4586 
f 3822/1/4585 3694/1/4586 3838/1/4587 
f 3838/1/4587 3694/1/4586 3693/1/4588 
f 3669/1/4554 3839/1/4589 3692/1/4590 
f 3692/1/4590 3839/1/4589 3840/1/4591 
f 3692/1/4590 3840/1/4591 3709/1/4592 
f 3841/1/4593 3710/1/4594 3709/1/4592 
f 3710/1/4594 3841/1/4593 3711/1/4595 
f 3711/1/4595 3841/1/4593 3842/1/4596 
f 3711/1/4595 3842/1/4596 3706/1/4597 
f 3701/1/4598 3708/1/4599 3843/1/4600 
f 3843/1/4600 3708/1/4599 3707/1/4601 
f 3844/1/4602 3699/1/4603 3702/1/4604 
f 3823/1/4605 3845/1/4606 3844/1/4602 
f 3844/1/4602 3845/1/4606 3846/1/4607 
f 3844/1/4602 3846/1/4607 3699/1/4603 
f 3699/1/4603 3846/1/4607 3696/1/4608 
f 3847/1/4609 3832/1/4610 3824/1/4611 
f 3701/1/4598 3843/1/4600 3702/1/4604 
f 3702/1/4604 3843/1/4600 3847/1/4609 
f 3702/1/4604 3847/1/4609 3844/1/4602 
f 3844/1/4602 3847/1/4609 3824/1/4611 
f 3844/1/4602 3824/1/4611 3823/1/4605 
f 3707/1/4601 3848/1/4612 3843/1/4600 
f 3843/1/4600 3848/1/4612 3834/1/4613 
f 3843/1/4600 3834/1/4613 3847/1/4609 
f 3847/1/4609 3834/1/4613 3833/1/4614 
f 3847/1/4609 3833/1/4614 3832/1/4610 
f 3837/1/4615 3836/1/4616 3848/1/4612 
f 3848/1/4612 3836/1/4616 3835/1/4617 
f 3848/1/4612 3835/1/4617 3834/1/4613 
f 3707/1/4601 3706/1/4597 3848/1/4612 
f 3848/1/4612 3706/1/4597 3842/1/4596 
f 3848/1/4612 3842/1/4596 3837/1/4615 
f 3837/1/4615 3842/1/4596 3841/1/4593 
f 3837/1/4615 3841/1/4593 3849/1/4618 
f 3709/1/4592 3840/1/4591 3841/1/4593 
f 3841/1/4593 3840/1/4591 3850/1/4619 
f 3841/1/4593 3850/1/4619 3849/1/4618 
f 3817/1/4557 3818/1/4558 3851/1/4620 
f 3817/1/4557 3851/1/4620 3816/1/4556 
f 3669/1/4554 3816/1/4556 3839/1/4589 
f 3839/1/4589 3816/1/4556 3851/1/4620 
f 3839/1/4589 3851/1/4620 3840/1/4591 
f 3840/1/4591 3851/1/4620 3852/1/4621 
f 3840/1/4591 3852/1/4621 3850/1/4619 
f 3590/1/4272 2791/1/3082 3054/1/3511 
f 3590/1/4272 3054/1/3511 3758/1/4457 
f 3053/1/3510 3853/1/4622 3054/1/3511 
f 3054/1/3511 3853/1/4622 3757/1/4456 
f 3054/1/3511 3757/1/4456 3758/1/4457 
f 3854/1/4623 3855/1/4624 3856/1/4625 
f 3857/1/4626 3858/1/4627 3859/1/4628 
f 3860/1/4629 3821/1/4630 3858/1/4627 
f 3858/1/4627 3857/1/4626 3860/1/4629 
f 3860/1/4629 3857/1/4626 3861/1/4631 
f 3860/1/4629 3861/1/4631 3862/1/4632 
f 3862/1/4632 3861/1/4631 3863/1/4633 
f 3862/1/4632 3863/1/4633 3864/1/4634 
f 3854/1/4623 3856/1/4625 3865/1/4635 
f 3865/1/4635 3856/1/4625 3866/1/4636 
f 3865/1/4635 3866/1/4636 3867/1/4637 
f 3825/1/4638 3855/1/4624 3859/1/4628 
f 3859/1/4628 3855/1/4624 3854/1/4623 
f 3859/1/4628 3854/1/4623 3857/1/4626 
f 3857/1/4626 3854/1/4623 3865/1/4635 
f 3857/1/4626 3865/1/4635 3861/1/4631 
f 3861/1/4631 3865/1/4635 3867/1/4637 
f 3861/1/4631 3867/1/4637 3863/1/4633 
s 2
f 3858/1/4639 3821/1/4562 3838/1/4640 
f 3838/1/4640 3821/1/4562 3822/1/4563 
f 3823/1/4564 3825/1/4566 3845/1/4641 
f 3845/1/4641 3825/1/4566 3859/1/4642 
f 3845/1/4641 3859/1/4642 3846/1/4643 
f 3846/1/4643 3859/1/4642 3858/1/4639 
f 3846/1/4643 3858/1/4639 3868/1/4644 
f 3868/1/4644 3858/1/4639 3838/1/4640 
s 8
f 3757/1/4456 3853/1/4622 3814/1/4552 
f 3814/1/4552 3853/1/4622 3869/1/4645 
f 3814/1/4552 3869/1/4645 3815/1/4553 
f 3815/1/4553 3869/1/4645 3870/1/4646 
f 3815/1/4553 3870/1/4646 3818/1/4558 
f 3818/1/4558 3870/1/4646 3871/1/4647 
f 3818/1/4558 3871/1/4647 3851/1/4620 
f 3851/1/4620 3871/1/4647 3872/1/4648 
f 3851/1/4620 3872/1/4648 3852/1/4621 
f 3852/1/4621 3872/1/4648 3850/1/4619 
f 3850/1/4619 3872/1/4648 3873/1/4649 
f 3850/1/4619 3873/1/4649 3849/1/4618 
f 3849/1/4618 3873/1/4649 3874/1/4650 
f 3849/1/4618 3874/1/4650 3837/1/4615 
f 3855/1/4624 3825/1/4638 3827/1/4651 
f 3875/1/4652 3866/1/4636 3827/1/4651 
f 3827/1/4651 3866/1/4636 3856/1/4625 
f 3827/1/4651 3856/1/4625 3855/1/4624 
f 3829/1/4653 3876/1/4654 3827/1/4651 
f 3827/1/4651 3876/1/4654 3877/1/4655 
f 3827/1/4651 3877/1/4655 3875/1/4652 
f 3878/1/4656 3879/1/4657 3829/1/4653 
f 3829/1/4653 3879/1/4657 3880/1/4658 
f 3829/1/4653 3880/1/4658 3876/1/4654 
f 3829/1/4653 3831/1/4659 3878/1/4656 
f 3878/1/4656 3831/1/4659 3837/1/4615 
f 3878/1/4656 3837/1/4615 3874/1/4650 
f 2435/1/4660 3860/1/4629 2434/1/4315 
f 2434/1/4315 3860/1/4629 3862/1/4632 
f 2434/1/4315 3862/1/4632 3864/1/4634 
f 3532/1/4661 3821/1/4630 2432/1/4662 
f 2432/1/4662 3821/1/4630 3860/1/4629 
f 2432/1/4662 3860/1/4629 2432/1/4315 
f 2435/1/4660 2433/1/4315 3860/1/4629 
f 3860/1/4629 2433/1/4315 2431/1/4315 
f 3860/1/4629 2431/1/4315 2432/1/4315 
s 4
f 3592/1/4274 2841/1/3134 1623/1/1637 
f 3613/1/4295 1705/1/1730 1702/1/1727 
f 1721/1/1747 3621/1/4303 1722/1/1748 
f 1722/1/1748 3621/1/4303 3620/1/4302 
f 1722/1/1748 3620/1/4302 1724/1/1750 
f 1724/1/1750 3620/1/4302 1726/1/1752 
f 1726/1/1752 3620/1/4302 3619/1/4301 
f 1726/1/1752 3619/1/4301 1729/1/1755 
f 3619/1/4301 3618/1/4300 1729/1/1755 
f 1729/1/1755 3618/1/4300 3614/1/4296 
f 1729/1/1755 3614/1/4296 1698/1/1723 
f 1698/1/1723 3614/1/4296 3615/1/4297 
f 1698/1/1723 3615/1/4297 1700/1/1725 
f 1700/1/1725 3615/1/4297 3616/1/4298 
f 1700/1/1725 3616/1/4298 1702/1/1727 
f 1702/1/1727 3616/1/4298 3617/1/4299 
f 1702/1/1727 3617/1/4299 3613/1/4295 
f 3613/1/4295 3612/1/4294 1705/1/1730 
f 1705/1/1730 3612/1/4294 3611/1/4293 
f 1705/1/1730 3611/1/4293 1710/1/1735 
f 1710/1/1735 3611/1/4293 3610/1/4292 
f 1710/1/1735 3610/1/4292 1708/1/1733 
f 1708/1/1733 3610/1/4292 1666/1/1688 
f 3610/1/4292 3609/1/4291 1666/1/1688 
f 1666/1/1688 3609/1/4291 3608/1/4290 
f 1666/1/1688 3608/1/4290 1681/1/1703 
f 3608/1/4290 3607/1/4289 1681/1/1703 
f 1681/1/1703 3607/1/4289 3606/1/4288 
f 1681/1/1703 3606/1/4288 1680/1/1702 
f 1680/1/1702 3606/1/4288 1678/1/1700 
f 3606/1/4288 3605/1/4287 1678/1/1700 
f 1678/1/1700 3605/1/4287 3604/1/4286 
f 1678/1/1700 3604/1/4286 1676/1/1698 
f 1676/1/1698 3604/1/4286 3603/1/4285 
f 1676/1/1698 3603/1/4285 1674/1/1696 
f 1674/1/1696 3603/1/4285 3602/1/4284 
f 1674/1/1696 3602/1/4284 1672/1/1694 
f 1672/1/1694 3602/1/4284 1667/1/1689 
f 1667/1/1689 3602/1/4284 3601/1/4283 
f 1667/1/1689 3601/1/4283 1668/1/1690 
f 1668/1/1690 3601/1/4283 3600/1/4282 
f 1668/1/1690 3600/1/4282 1682/1/1704 
f 1682/1/1704 3600/1/4282 1682/1/1705 
f 1682/1/1705 3600/1/4282 3597/1/4279 
f 1682/1/1705 3597/1/4279 1684/1/1707 
f 1684/1/1707 3597/1/4279 1686/1/1709 
f 1686/1/1709 3597/1/4279 3598/1/4280 
f 1686/1/1709 3598/1/4280 1687/1/1710 
f 1687/1/1710 3598/1/4280 3599/1/4281 
f 1687/1/1710 3599/1/4281 1690/1/1713 
f 1690/1/1713 3599/1/4281 3596/1/4278 
f 1690/1/1713 3596/1/4278 1691/1/1714 
f 1691/1/1714 3596/1/4278 3595/1/4277 
f 1691/1/1714 3595/1/4277 1693/1/1716 
f 3592/1/4274 1623/1/1637 3591/1/4273 
f 3595/1/4277 3594/1/4276 1693/1/1716 
f 1693/1/1716 3594/1/4276 3593/1/4275 
f 1693/1/1716 3593/1/4275 1695/1/1718 
f 1695/1/1718 3593/1/4275 3591/1/4273 
f 1695/1/1718 3591/1/4273 1696/1/1719 
f 1696/1/1719 3591/1/4273 1623/1/1637 
s 16
f 2225/1/2350 2220/1/2345 3881/1/4663 
f 2225/1/2350 3881/1/4663 2227/1/2354 
f 3528/1/4202 2263/1/2392 2260/1/2389 
f 2242/1/2371 2229/1/2356 2247/1/2376 
f 2247/1/2376 2229/1/2356 3882/1/4664 
f 2247/1/2376 3882/1/4664 2239/1/2368 
f 3881/1/4663 3883/1/4665 2227/1/2354 
f 2227/1/2354 3883/1/4665 3884/1/4666 
f 2227/1/2354 3884/1/4666 2228/1/2355 
f 2228/1/2355 3884/1/4666 3528/1/4202 
f 2228/1/2355 3528/1/4202 2229/1/2356 
f 2229/1/2356 3528/1/4202 2260/1/2389 
f 2229/1/2356 2260/1/2389 3882/1/4664 
f 3882/1/4664 2260/1/2389 2240/1/2369 
f 3882/1/4664 2240/1/2369 2239/1/2368 
f 3561/1/4234 3556/1/4229 3885/1/4667 
f 3886/1/4668 3887/1/4669 3888/1/4670 
f 3888/1/4670 3887/1/4669 1730/1/4671 
f 3888/1/4670 1730/1/4671 1697/1/4672 
f 1723/1/4673 1725/1/4674 3889/1/4675 
f 3889/1/4675 1725/1/4674 1727/1/4676 
f 3889/1/4675 1727/1/4676 3887/1/4669 
f 3887/1/4669 1727/1/4676 1728/1/4677 
f 3887/1/4669 1728/1/4677 1730/1/4671 
f 3890/1/4678 1720/1/4679 3891/1/4680 
f 3891/1/4680 1720/1/4679 1720/1/4681 
f 3891/1/4680 1720/1/4681 1723/1/4673 
f 2289/1/2424 3885/1/4667 2290/1/2425 
f 2290/1/2425 3885/1/4667 3556/1/4229 
f 2290/1/2425 3556/1/4229 2325/1/2471 
f 3892/1/4682 3890/1/4678 2293/1/2428 
f 2298/1/2433 3530/1/4204 2300/1/2435 
f 2300/1/2435 3530/1/4204 3892/1/4682 
f 2300/1/2435 3892/1/4682 2292/1/2427 
f 2292/1/2427 3892/1/4682 2293/1/2428 
f 2298/1/2433 2275/1/2406 3530/1/4204 
f 3530/1/4204 2275/1/2406 2274/1/2405 
f 3530/1/4204 2274/1/2405 2268/1/2399 
f 3893/1/4683 3894/1/4684 3895/1/4685 
f 3895/1/4685 3894/1/4684 3896/1/4686 
f 3895/1/4685 3896/1/4686 3897/1/4687 
f 3561/1/4234 3885/1/4667 3563/1/4236 
f 3563/1/4236 3885/1/4667 3895/1/4685 
f 3563/1/4236 3895/1/4685 3558/1/4231 
f 3558/1/4231 3895/1/4685 3897/1/4687 
f 3558/1/4231 3897/1/4687 3551/1/4224 
f 1723/1/4673 3889/1/4675 3891/1/4680 
f 3891/1/4680 3889/1/4675 3898/1/4688 
f 3891/1/4680 3898/1/4688 3890/1/4678 
f 3890/1/4678 3898/1/4688 2295/1/2430 
f 3890/1/4678 2295/1/2430 2293/1/2428 
f 3886/1/4668 3893/1/4683 3887/1/4669 
f 3887/1/4669 3893/1/4683 3895/1/4685 
f 3887/1/4669 3895/1/4685 3889/1/4675 
f 3889/1/4675 3895/1/4685 3885/1/4667 
f 3889/1/4675 3885/1/4667 3898/1/4688 
f 3898/1/4688 3885/1/4667 2289/1/2424 
f 3898/1/4688 2289/1/2424 2295/1/2430 
f 3892/1/4682 3899/1/4689 3890/1/4678 
f 3900/1/4690 1781/1/4691 1783/1/4692 
f 1786/1/4693 1720/1/4679 3890/1/4678 
f 1786/1/4693 3890/1/4678 1783/1/4692 
f 1783/1/4692 3890/1/4678 3899/1/4689 
f 1783/1/4692 3899/1/4689 3900/1/4690 
f 3892/1/4682 3530/1/4204 3529/1/4203 
f 3529/1/4203 3901/1/4694 3892/1/4682 
f 3892/1/4682 3901/1/4694 3902/1/4695 
f 3892/1/4682 3902/1/4695 3899/1/4689 
f 3899/1/4689 3902/1/4695 3903/1/4696 
f 3899/1/4689 3903/1/4696 3900/1/4690 
f 2493/1/2707 3904/1/4697 2494/1/2708 
f 3905/1/4698 1829/1/4699 3906/1/4700 
f 3906/1/4700 1829/1/4699 1831/1/4701 
f 3906/1/4700 1831/1/4701 3907/1/4702 
f 3907/1/4702 1831/1/4701 1832/1/4703 
f 3907/1/4702 1832/1/4703 1781/1/4691 
f 1823/1/4704 1826/1/4705 3905/1/4698 
f 3905/1/4698 1826/1/4705 1828/1/4706 
f 3905/1/4698 1828/1/4706 1829/1/4699 
f 1816/1/4707 1819/1/4708 3908/1/4709 
f 3908/1/4709 1819/1/4708 1821/1/4710 
f 3908/1/4709 1821/1/4710 3909/1/4711 
f 1816/1/4707 3908/1/4709 1814/1/4712 
f 1814/1/4712 3908/1/4709 3910/1/4713 
f 1814/1/4712 3910/1/4713 1812/1/4714 
f 3911/1/4715 1808/1/4716 3910/1/4713 
f 3910/1/4713 1808/1/4716 1810/1/4717 
f 3910/1/4713 1810/1/4717 1812/1/4714 
f 1801/1/4718 1803/1/4719 3912/1/4720 
f 3912/1/4720 1803/1/4719 1804/1/4721 
f 3912/1/4720 1804/1/4721 3911/1/4715 
f 3911/1/4715 1804/1/4721 1806/1/4722 
f 3911/1/4715 1806/1/4722 1808/1/4716 
f 3913/1/4723 1797/1/4724 3912/1/4720 
f 3912/1/4720 1797/1/4724 1799/1/4725 
f 3912/1/4720 1799/1/4725 1801/1/4718 
f 2493/1/2707 1790/1/2705 3904/1/4697 
f 3904/1/4697 1790/1/2705 1793/1/4726 
f 3904/1/4697 1793/1/4726 3913/1/4723 
f 3913/1/4723 1793/1/4726 1795/1/4727 
f 3913/1/4723 1795/1/4727 1797/1/4724 
f 2494/1/2708 3904/1/4697 3914/1/4728 
f 3914/1/4728 3904/1/4697 3913/1/4723 
f 3914/1/4728 3913/1/4723 3915/1/4729 
f 3912/1/4720 3916/1/4730 3917/1/4731 
f 3912/1/4720 3917/1/4731 3913/1/4723 
f 3913/1/4723 3917/1/4731 3918/1/4732 
f 3913/1/4723 3918/1/4732 3915/1/4729 
f 3919/1/4733 3920/1/4734 3911/1/4715 
f 3911/1/4715 3920/1/4734 3921/1/4735 
f 3911/1/4715 3921/1/4735 3912/1/4720 
f 3912/1/4720 3921/1/4735 3922/1/4736 
f 3912/1/4720 3922/1/4736 3916/1/4730 
f 3919/1/4733 3911/1/4715 3923/1/4737 
f 3923/1/4737 3911/1/4715 3910/1/4713 
f 3923/1/4737 3910/1/4713 3924/1/4738 
f 3924/1/4738 3910/1/4713 3908/1/4709 
f 3924/1/4738 3908/1/4709 3925/1/4739 
f 3926/1/4740 3927/1/4741 3909/1/4711 
f 3909/1/4711 3927/1/4741 3928/1/4742 
f 3909/1/4711 3928/1/4742 3908/1/4709 
f 3908/1/4709 3928/1/4742 3929/1/4743 
f 3908/1/4709 3929/1/4743 3925/1/4739 
f 1821/1/4710 1823/1/4704 3909/1/4711 
f 3909/1/4711 1823/1/4704 3905/1/4698 
f 3909/1/4711 3905/1/4698 3926/1/4740 
f 3926/1/4740 3905/1/4698 3906/1/4700 
f 3926/1/4740 3906/1/4700 3930/1/4744 
f 3930/1/4744 3906/1/4700 3907/1/4702 
f 3930/1/4744 3907/1/4702 3900/1/4690 
f 3900/1/4690 3907/1/4702 1781/1/4691 
f 3931/1/4745 3932/1/4746 3933/1/4747 
f 3934/1/4748 3165/1/3687 3167/1/3689 
f 3168/1/3690 2699/1/2971 3522/1/4196 
f 3483/1/4156 3474/1/4147 3935/1/4749 
f 3936/1/4750 1689/1/4751 1692/1/4752 
f 1689/1/4751 3936/1/4750 1688/1/4753 
f 1688/1/4753 3936/1/4750 3937/1/4754 
f 1688/1/4753 3937/1/4754 1685/1/4755 
f 1685/1/4755 3937/1/4754 3938/1/4756 
f 1685/1/4755 3938/1/4756 1683/1/4757 
f 1671/1/4758 1670/1/4759 3938/1/4756 
f 3938/1/4756 1670/1/4759 1669/1/4760 
f 3938/1/4756 1669/1/4760 1683/1/4757 
f 3939/1/4761 1675/1/4762 1673/1/4763 
f 1679/1/4764 1677/1/4765 3940/1/4766 
f 3941/1/4767 1665/1/4768 1664/1/4769 
f 3942/1/4770 3941/1/4767 3943/1/4771 
f 3943/1/4771 3941/1/4767 3944/1/4772 
f 3943/1/4771 3944/1/4772 3945/1/4773 
f 3469/1/4142 3946/1/4774 3947/1/4775 
f 3469/1/4142 3449/1/4119 3946/1/4774 
f 3946/1/4774 3449/1/4119 3448/1/4118 
f 3946/1/4774 3448/1/4118 3446/1/4116 
f 3942/1/4770 3948/1/4776 3949/1/4777 
f 3949/1/4777 3948/1/4776 3950/1/4778 
f 3949/1/4777 3950/1/4778 3951/1/4779 
f 3951/1/4779 3950/1/4778 3946/1/4774 
f 3951/1/4779 3946/1/4774 3952/1/4780 
f 3952/1/4780 3946/1/4774 3446/1/4116 
f 3952/1/4780 3446/1/4116 3401/1/4052 
f 3935/1/4749 3474/1/4147 3953/1/4781 
f 3494/1/4167 3493/1/4166 3498/1/4171 
f 3498/1/4171 3493/1/4166 3484/1/4157 
f 3498/1/4171 3484/1/4157 3506/1/4180 
f 3526/1/4200 3507/1/4181 3953/1/4781 
f 3953/1/4781 3507/1/4181 3506/1/4180 
f 3953/1/4781 3506/1/4180 3935/1/4749 
f 3935/1/4749 3506/1/4180 3484/1/4157 
f 3935/1/4749 3484/1/4157 3483/1/4156 
f 3954/1/4782 3523/1/4197 3527/1/4201 
f 3522/1/4196 3525/1/4199 3954/1/4782 
f 3954/1/4782 3525/1/4199 3524/1/4198 
f 3954/1/4782 3524/1/4198 3523/1/4197 
f 3165/1/3687 3934/1/4748 3144/1/3651 
f 3144/1/3651 3934/1/4748 3955/1/4783 
f 3144/1/3651 3955/1/4783 3145/1/3652 
f 3145/1/3652 3955/1/4783 3157/1/3677 
f 3157/1/3677 3955/1/4783 3956/1/4784 
f 3157/1/3677 3956/1/4784 3158/1/3678 
f 3158/1/3678 3956/1/4784 3957/1/4785 
f 3158/1/3678 3957/1/4785 3160/1/3680 
f 3160/1/3680 3957/1/4785 3958/1/4786 
f 3160/1/3680 3958/1/4786 3162/1/3682 
f 3162/1/3682 3958/1/4786 3959/1/4787 
f 3162/1/3682 3959/1/4787 1622/1/3684 
f 3527/1/4201 3526/1/4200 3954/1/4782 
f 3954/1/4782 3526/1/4200 3953/1/4781 
f 3954/1/4782 3953/1/4781 3960/1/4788 
f 3960/1/4788 3961/1/4789 3962/1/4790 
f 3962/1/4790 3961/1/4789 3963/1/4791 
f 3962/1/4790 3963/1/4791 3964/1/4792 
f 3474/1/4147 3473/1/4146 3953/1/4781 
f 3953/1/4781 3473/1/4146 3965/1/4793 
f 3953/1/4781 3965/1/4793 3960/1/4788 
f 3960/1/4788 3965/1/4793 3966/1/4794 
f 3960/1/4788 3966/1/4794 3961/1/4789 
f 3961/1/4789 3966/1/4794 3967/1/4795 
f 3961/1/4789 3967/1/4795 3963/1/4791 
f 3948/1/4776 3967/1/4795 3950/1/4778 
f 3950/1/4778 3967/1/4795 3966/1/4794 
f 3950/1/4778 3966/1/4794 3946/1/4774 
f 3946/1/4774 3966/1/4794 3965/1/4793 
f 3946/1/4774 3965/1/4793 3947/1/4775 
f 3947/1/4775 3965/1/4793 3473/1/4146 
f 3947/1/4775 3473/1/4146 3469/1/4142 
f 3956/1/4784 3933/1/4747 3957/1/4785 
f 3957/1/4785 3933/1/4747 3932/1/4746 
f 3957/1/4785 3932/1/4746 3958/1/4786 
f 3958/1/4786 3932/1/4746 3968/1/4796 
f 3958/1/4786 3968/1/4796 3959/1/4787 
f 3959/1/4787 3968/1/4796 1694/1/4797 
f 3959/1/4787 1694/1/4797 1622/1/3684 
f 1673/1/4763 1671/1/4758 3939/1/4761 
f 3939/1/4761 1671/1/4758 3938/1/4756 
f 3939/1/4761 3938/1/4756 3931/1/4745 
f 3931/1/4745 3938/1/4756 3937/1/4754 
f 3931/1/4745 3937/1/4754 3932/1/4746 
f 3932/1/4746 3937/1/4754 3936/1/4750 
f 3932/1/4746 3936/1/4750 3968/1/4796 
f 3968/1/4796 3936/1/4750 1692/1/4752 
f 3968/1/4796 1692/1/4752 1694/1/4797 
f 3941/1/4767 1664/1/4769 3944/1/4772 
f 3944/1/4772 1664/1/4769 1679/1/4764 
f 3944/1/4772 1679/1/4764 3945/1/4773 
f 3945/1/4773 1679/1/4764 3940/1/4766 
f 3945/1/4773 3940/1/4766 3969/1/4798 
f 3969/1/4798 3940/1/4766 3970/1/4799 
f 3969/1/4798 3970/1/4799 3971/1/4800 
f 3971/1/4800 3970/1/4799 3972/1/4801 
f 3971/1/4800 3972/1/4801 3973/1/4802 
f 3973/1/4802 3972/1/4801 3974/1/4803 
f 3973/1/4802 3974/1/4803 3975/1/4804 
f 3975/1/4804 3974/1/4803 3976/1/4805 
f 3975/1/4804 3976/1/4805 3977/1/4806 
f 3977/1/4806 3976/1/4805 3978/1/4807 
f 3977/1/4806 3978/1/4807 3979/1/4808 
f 1677/1/4765 1675/1/4762 3940/1/4766 
f 3940/1/4766 1675/1/4762 3939/1/4761 
f 3940/1/4766 3939/1/4761 3970/1/4799 
f 3970/1/4799 3939/1/4761 3931/1/4745 
f 3970/1/4799 3931/1/4745 3972/1/4801 
f 3972/1/4801 3931/1/4745 3933/1/4747 
f 3972/1/4801 3933/1/4747 3974/1/4803 
f 3974/1/4803 3933/1/4747 3956/1/4784 
f 3974/1/4803 3956/1/4784 3976/1/4805 
f 3976/1/4805 3956/1/4784 3955/1/4783 
f 3976/1/4805 3955/1/4783 3978/1/4807 
f 3978/1/4807 3955/1/4783 3934/1/4748 
f 3978/1/4807 3934/1/4748 3979/1/4808 
f 3979/1/4808 3934/1/4748 3167/1/3689 
f 3942/1/4770 3943/1/4771 3948/1/4776 
f 3948/1/4776 3943/1/4771 3945/1/4773 
f 3948/1/4776 3945/1/4773 3967/1/4795 
f 3967/1/4795 3945/1/4773 3969/1/4798 
f 3967/1/4795 3969/1/4798 3963/1/4791 
f 3963/1/4791 3969/1/4798 3971/1/4800 
f 3963/1/4791 3971/1/4800 3964/1/4792 
f 3964/1/4792 3971/1/4800 3973/1/4802 
f 3964/1/4792 3973/1/4802 3962/1/4790 
f 3962/1/4790 3973/1/4802 3975/1/4804 
f 3962/1/4790 3975/1/4804 3960/1/4788 
f 3960/1/4788 3975/1/4804 3977/1/4806 
f 3960/1/4788 3977/1/4806 3954/1/4782 
f 3954/1/4782 3977/1/4806 3979/1/4808 
f 3954/1/4782 3979/1/4808 3522/1/4196 
f 3522/1/4196 3979/1/4808 3167/1/3689 
f 3522/1/4196 3167/1/3689 3168/1/3690 
f 3505/1/4179 3514/1/4188 1885/1/4809 
f 1885/1/4809 3514/1/4188 1887/1/4810 
f 1887/1/4810 3514/1/4188 1867/1/4811 
f 1867/1/4811 3514/1/4188 3513/1/4187 
f 1867/1/4811 3513/1/4187 1868/1/4812 
f 3513/1/4187 3512/1/4186 1868/1/4812 
f 1868/1/4812 3512/1/4186 3511/1/4185 
f 1868/1/4812 3511/1/4185 1869/1/4813 
f 1869/1/4813 3511/1/4185 1870/1/4814 
f 3511/1/4185 3509/1/4183 1870/1/4814 
f 1870/1/4814 3509/1/4183 3518/1/4192 
f 1870/1/4814 3518/1/4192 1872/1/4815 
f 1872/1/4815 3518/1/4192 3517/1/4191 
f 1872/1/4815 3517/1/4191 1873/1/4816 
f 2683/1/2955 1857/1/3724 3519/1/4193 
f 3519/1/4193 1857/1/3724 1878/1/4817 
f 3519/1/4193 1878/1/4817 3520/1/4194 
f 3520/1/4194 1878/1/4817 1876/1/4818 
f 3520/1/4194 1876/1/4818 3517/1/4191 
f 3517/1/4191 1876/1/4818 1874/1/4819 
f 3517/1/4191 1874/1/4819 1873/1/4816 
f 2162/1/2272 3853/1/4820 2161/1/2271 
f 2161/1/2271 3853/1/4820 3053/1/3726 
f 2161/1/2271 3053/1/3726 2152/1/2261 
f 3980/1/4821 3866/1/4822 3875/1/4823 
f 3980/1/4821 3875/1/4823 2180/1/2294 
f 2180/1/2294 3875/1/4823 2181/1/2295 
f 2181/1/2295 3875/1/4823 3877/1/4824 
f 2181/1/2295 3877/1/4824 2210/1/2334 
f 3877/1/4824 3876/1/4825 2210/1/2334 
f 2210/1/2334 3876/1/4825 3880/1/4826 
f 2210/1/2334 3880/1/4826 2211/1/2335 
f 3872/1/4827 3871/1/4828 3981/1/4829 
f 3880/1/4826 3879/1/4830 2211/1/2335 
f 2211/1/2335 3879/1/4830 3878/1/4831 
f 2211/1/2335 3878/1/4831 2209/1/2333 
f 2209/1/2333 3878/1/4831 3874/1/4832 
f 2209/1/2333 3874/1/4832 2207/1/2331 
f 2207/1/2331 3874/1/4832 3873/1/4833 
f 2207/1/2331 3873/1/4833 2205/1/2325 
f 2205/1/2325 3873/1/4833 3872/1/4827 
f 2205/1/2325 3872/1/4827 2203/1/2323 
f 2203/1/2323 3872/1/4827 3981/1/4829 
f 2203/1/2323 3981/1/4829 2176/1/2288 
f 3864/1/4834 2226/1/2351 2434/1/2637 
f 2434/1/2637 2226/1/2351 2232/1/2359 
f 2434/1/2637 2232/1/2359 2231/1/2358 
f 3980/1/4821 2180/1/2294 2217/1/2342 
f 2226/1/2351 3864/1/4834 2223/1/2348 
f 2223/1/2348 3864/1/4834 3863/1/4835 
f 2223/1/2348 3863/1/4835 2222/1/2347 
f 2222/1/2347 3863/1/4835 3867/1/4836 
f 2222/1/2347 3867/1/4836 2217/1/2342 
f 2217/1/2342 3867/1/4836 3866/1/4822 
f 2217/1/2342 3866/1/4822 3980/1/4821 
f 3869/1/4837 3853/1/4820 2170/1/2281 
f 2170/1/2281 3853/1/4820 2162/1/2272 
f 3981/1/4829 3871/1/4828 3870/1/4838 
f 3981/1/4829 3870/1/4838 2176/1/2288 
f 3869/1/4837 2170/1/2281 3870/1/4838 
f 3870/1/4838 2170/1/2281 2171/1/2282 
f 3870/1/4838 2171/1/2282 2176/1/2288 
s 2
f 1879/1/4839 1856/1/3752 2974/1/3751 
f 1879/1/4839 2974/1/3751 1877/1/4840 
f 1877/1/4840 2974/1/3751 3777/1/4841 
f 1877/1/4840 3777/1/4841 1875/1/4842 
f 3775/1/4843 1866/1/4844 3777/1/4841 
f 3777/1/4841 1866/1/4844 1871/1/4845 
f 3777/1/4841 1871/1/4845 1875/1/4842 
f 1895/1/4846 3776/1/4847 1900/1/4848 
f 1900/1/4848 3776/1/4847 3567/1/4245 
f 1900/1/4848 3567/1/4245 1902/1/4849 
f 1902/1/4849 3567/1/4245 1904/1/4244 
f 1866/1/4844 3775/1/4843 3774/1/4850 
f 3776/1/4847 1895/1/4846 1884/1/4851 
f 1884/1/4851 1886/1/4852 3776/1/4847 
f 3776/1/4847 1886/1/4852 1888/1/4853 
f 3776/1/4847 1888/1/4853 3774/1/4850 
f 3774/1/4850 1888/1/4853 1889/1/4854 
f 3774/1/4850 1889/1/4854 1866/1/4844 
s 16
f 2313/1/2451 3982/1/4855 3983/1/4856 
f 2313/1/2451 3983/1/4856 2310/1/2452 
f 2310/1/2452 3983/1/4856 3984/1/4857 
f 2310/1/2452 3984/1/4857 2310/1/2453 
f 2310/1/2453 3984/1/4857 2311/1/2449 
f 2311/1/2449 3984/1/4857 3985/1/4858 
f 2311/1/2449 3985/1/4858 2312/1/2450 
f 3985/1/4858 3985/1/4859 2312/1/2450 
f 2312/1/2450 3985/1/4859 3986/1/4860 
f 2312/1/2450 3986/1/4860 2308/1/2446 
f 2308/1/2446 3986/1/4860 2286/1/2443 
f 2286/1/2443 3986/1/4860 3987/1/4861 
f 2286/1/2443 3987/1/4861 2286/1/2421 
f 2286/1/2421 3987/1/4861 3988/1/4862 
f 2286/1/2421 3988/1/4862 2287/1/2422 
f 2287/1/2422 3988/1/4862 3989/1/4863 
f 2287/1/2422 3989/1/4863 2304/1/2439 
f 2304/1/2439 3989/1/4863 3990/1/4864 
f 2304/1/2439 3990/1/4864 2304/1/2440 
f 2304/1/2440 3990/1/4864 3991/1/4865 
f 2304/1/2440 3991/1/4865 2303/1/2438 
f 2303/1/2438 3991/1/4865 3531/1/4205 
f 2303/1/2438 3531/1/4205 2277/1/2410 
f 3491/1/4164 3492/1/4165 3566/1/4239 
f 3771/1/4866 3482/1/4155 3772/1/4867 
f 3772/1/4867 3482/1/4155 3491/1/4164 
f 3772/1/4867 3491/1/4164 3773/1/4868 
f 3773/1/4868 3491/1/4164 3566/1/4239 
f 3566/1/4239 1905/1/4240 3773/1/4868 
f 3773/1/4868 1905/1/4240 1908/1/4869 
f 1899/1/4243 3501/1/4174 3503/1/4177 
f 1899/1/4243 3503/1/4177 1894/1/4870 
f 1894/1/4870 3503/1/4177 3505/1/4179 
f 1894/1/4870 3505/1/4179 1885/1/4809 
f 3791/1/4871 3992/1/4872 3790/1/4873 
f 3790/1/4873 3992/1/4872 3465/1/4138 
f 3790/1/4873 3465/1/4138 3771/1/4866 
f 3771/1/4866 3465/1/4138 3481/1/4154 
f 3771/1/4866 3481/1/4154 3482/1/4155 
f 2339/1/2486 2342/1/2490 2422/1/2624 
f 3982/1/4855 2313/1/2451 2319/1/2464 
f 2430/1/2632 3625/1/141 2421/1/2623 
f 2421/1/2623 3625/1/141 3626/1/141 
f 2421/1/2623 3626/1/141 2422/1/2624 
f 2422/1/2624 3626/1/141 3812/1/141 
f 2422/1/2624 3812/1/141 2339/1/2486 
f 2319/1/2464 2321/1/2466 3982/1/4855 
f 3982/1/4855 2321/1/2466 2326/1/2472 
f 3982/1/4855 2326/1/2472 3812/1/141 
f 3812/1/141 2326/1/2472 2333/1/2479 
f 3812/1/141 2333/1/2479 2339/1/2486 
s 2
f 3534/1/4874 3531/1/4875 3751/1/4450 
f 3751/1/4450 3531/1/4875 3991/1/4876 
f 3751/1/4450 3991/1/4876 3747/1/4446 
f 3747/1/4446 3991/1/4876 3990/1/4877 
f 3747/1/4446 3990/1/4877 3989/1/4878 
f 3989/1/4878 3988/1/4879 3747/1/4446 
f 3747/1/4446 3988/1/4879 3987/1/4880 
f 3747/1/4446 3987/1/4880 3744/1/4443 
f 3986/1/4881 3985/1/4882 3993/1/4883 
f 3993/1/4883 3985/1/4882 3985/1/4884 
f 3993/1/4883 3985/1/4884 3994/1/4885 
f 3985/1/4884 3984/1/4886 3994/1/4885 
f 3994/1/4885 3984/1/4886 3983/1/4887 
f 3994/1/4885 3983/1/4887 3811/1/4888 
f 3811/1/4888 3983/1/4887 3982/1/4889 
f 3811/1/4888 3982/1/4889 3812/1/4890 
f 3995/1/4891 3745/1/4444 3744/1/4443 
f 3996/1/4892 3997/1/4893 3998/1/4894 
f 3998/1/4894 3997/1/4893 3999/1/4895 
f 3999/1/4895 4000/1/4896 3998/1/4894 
f 3998/1/4894 4000/1/4896 4001/1/4897 
f 3998/1/4894 4001/1/4897 4002/1/4898 
f 4002/1/4898 4001/1/4897 3995/1/4891 
f 4003/1/4899 4004/1/4900 4005/1/4901 
f 3807/1/4902 3769/1/4903 4003/1/4899 
f 4003/1/4899 3769/1/4903 4006/1/4904 
f 4003/1/4899 4006/1/4904 4004/1/4900 
f 3811/1/4888 3810/1/4905 3994/1/4885 
f 3994/1/4885 3810/1/4905 3809/1/4906 
f 3994/1/4885 3809/1/4906 4003/1/4899 
f 4003/1/4899 3809/1/4906 3808/1/4907 
f 4003/1/4899 3808/1/4907 3807/1/4902 
f 4007/1/4908 3996/1/4892 4005/1/4901 
f 4005/1/4901 3996/1/4892 3998/1/4894 
f 4005/1/4901 3998/1/4894 4003/1/4899 
f 4003/1/4899 3998/1/4894 4002/1/4898 
f 4003/1/4899 4002/1/4898 3994/1/4885 
f 3994/1/4885 4002/1/4898 3995/1/4891 
f 3994/1/4885 3995/1/4891 3993/1/4883 
f 3993/1/4883 3995/1/4891 3744/1/4443 
f 3993/1/4883 3744/1/4443 3986/1/4881 
f 3986/1/4881 3744/1/4443 3987/1/4880 
s 16
f 4008/1/4909 4009/1/4910 4010/1/4911 
f 4010/1/4911 4009/1/4910 4011/1/4912 
f 4010/1/4911 4011/1/4912 4012/1/4913 
f 4012/1/4913 4011/1/4912 4013/1/4914 
f 4013/1/4914 4011/1/4912 4014/1/4915 
f 4013/1/4914 4014/1/4915 4015/1/4916 
f 4015/1/4916 4014/1/4915 4016/1/4917 
f 4015/1/4916 4016/1/4917 4017/1/4918 
f 4018/1/4919 3782/1/4920 4016/1/4917 
f 4016/1/4917 3782/1/4920 3782/1/4921 
f 4016/1/4917 3782/1/4921 4017/1/4918 
f 3786/1/4922 3786/1/4923 4019/1/4924 
f 4019/1/4924 3786/1/4923 3785/1/4925 
f 4019/1/4924 3785/1/4925 4020/1/4926 
f 3786/1/4922 4019/1/4924 3787/1/4927 
f 3787/1/4927 4019/1/4924 4021/1/4928 
f 3787/1/4927 4021/1/4928 3788/1/4929 
f 4020/1/4926 4022/1/4930 4019/1/4924 
f 4019/1/4924 4022/1/4930 4023/1/4931 
f 4019/1/4924 4023/1/4931 4021/1/4928 
f 4021/1/4928 4023/1/4931 4024/1/4932 
f 4021/1/4928 4024/1/4932 3788/1/4929 
f 3788/1/4929 4024/1/4932 4025/1/4933 
f 3788/1/4929 4025/1/4933 3789/1/4934 
f 3789/1/4934 4025/1/4933 3992/1/4872 
f 3789/1/4934 3992/1/4872 3791/1/4871 
f 3785/1/4925 3782/1/4920 4020/1/4926 
f 4020/1/4926 3782/1/4920 4018/1/4919 
f 4020/1/4926 4018/1/4919 3408/1/4107 
f 3408/1/4107 4018/1/4919 4016/1/4917 
f 3408/1/4107 4016/1/4917 3436/1/4104 
f 3436/1/4104 4016/1/4917 4014/1/4915 
f 3436/1/4104 4014/1/4915 3422/1/4103 
f 3422/1/4103 4014/1/4915 4011/1/4912 
f 3422/1/4103 4011/1/4912 3435/1/4102 
f 4023/1/4931 3462/1/4134 4024/1/4932 
f 4024/1/4932 3462/1/4134 3461/1/4133 
f 4024/1/4932 3461/1/4133 4025/1/4933 
f 4025/1/4933 3461/1/4133 3467/1/4140 
f 4025/1/4933 3467/1/4140 3992/1/4872 
f 3992/1/4872 3467/1/4140 3466/1/4139 
f 3992/1/4872 3466/1/4139 3465/1/4138 
f 3435/1/4102 4011/1/4912 3434/1/4101 
f 3434/1/4101 4011/1/4912 4009/1/4910 
f 3434/1/4101 4009/1/4910 3390/1/4037 
f 3408/1/4107 3438/1/4108 4020/1/4926 
f 4020/1/4926 3438/1/4108 3457/1/4137 
f 4020/1/4926 3457/1/4137 4022/1/4930 
f 4022/1/4930 3457/1/4137 3464/1/4136 
f 4022/1/4930 3464/1/4136 4023/1/4931 
f 4023/1/4931 3464/1/4136 3463/1/4135 
f 4023/1/4931 3463/1/4135 3462/1/4134 
f 4026/1/4935 4027/1/4936 3536/1/4207 
f 4009/1/4910 4008/1/4909 4028/1/4937 
f 4009/1/4910 4028/1/4937 3390/1/4037 
f 3536/1/4207 3349/1/3976 4026/1/4935 
f 4026/1/4935 3349/1/3976 3384/1/4030 
f 4026/1/4935 3384/1/4030 4028/1/4937 
f 4028/1/4937 3384/1/4030 3391/1/4038 
f 4028/1/4937 3391/1/4038 3390/1/4037 
f 2409/1/2608 2406/1/2603 3536/1/4207 
f 2409/1/2608 3536/1/4207 2412/1/2611 
f 2412/1/2611 3536/1/4207 4027/1/4936 
f 2412/1/2611 4027/1/4936 2413/1/2612 
f 2174/1/2285 2166/1/2277 4029/1/4938 
f 4030/1/4939 2219/1/2344 4031/1/4940 
f 4031/1/4940 2219/1/2344 2186/1/2300 
f 4032/1/4941 4033/1/4942 4031/1/4940 
f 4031/1/4940 4033/1/4942 4034/1/4943 
f 4031/1/4940 4034/1/4943 4030/1/4939 
f 4030/1/4939 4034/1/4943 3881/1/4663 
f 4030/1/4939 3881/1/4663 2219/1/2344 
f 2219/1/2344 3881/1/4663 2220/1/2345 
f 4035/1/4944 4036/1/4945 4037/1/4946 
f 4037/1/4946 4036/1/4945 4038/1/4947 
f 4037/1/4946 4038/1/4947 4032/1/4941 
f 4032/1/4941 4038/1/4947 4039/1/4948 
f 4032/1/4941 4039/1/4948 4033/1/4942 
f 4035/1/4944 4040/1/4949 4041/1/4950 
f 4041/1/4950 4040/1/4949 4042/1/4951 
f 4041/1/4950 4042/1/4951 4043/1/4952 
f 4043/1/4952 4042/1/4951 4044/1/4953 
f 4043/1/4952 4044/1/4953 4045/1/4954 
f 4046/1/4955 4047/1/4956 4048/1/4957 
f 4048/1/4957 4047/1/4956 4049/1/4958 
f 4048/1/4957 4049/1/4958 4050/1/4959 
f 2174/1/2285 4029/1/4938 2172/1/2283 
f 4051/1/4960 4050/1/4959 4029/1/4938 
f 4029/1/4938 4050/1/4959 4049/1/4958 
f 4029/1/4938 4049/1/4958 2172/1/2283 
f 2172/1/2283 4049/1/4958 4047/1/4956 
f 2172/1/2283 4047/1/4956 2202/1/2322 
f 4046/1/4955 4045/1/4954 4047/1/4956 
f 4047/1/4956 4045/1/4954 4044/1/4953 
f 4047/1/4956 4044/1/4953 2202/1/2322 
f 2202/1/2322 4044/1/4953 4042/1/4951 
f 2202/1/2322 4042/1/4951 2199/1/2319 
f 2199/1/2319 4042/1/4951 4040/1/4949 
f 2199/1/2319 4040/1/4949 2185/1/2299 
f 4035/1/4944 4037/1/4946 4040/1/4949 
f 4040/1/4949 4037/1/4946 2216/1/2341 
f 4040/1/4949 2216/1/2341 2185/1/2299 
f 2190/1/2305 2189/1/2304 4032/1/4941 
f 4032/1/4941 2189/1/2304 2198/1/2313 
f 2198/1/2313 2197/1/2312 4032/1/4941 
f 4032/1/4941 2197/1/2312 2195/1/2310 
f 4032/1/4941 2195/1/2310 4037/1/4946 
f 4037/1/4946 2195/1/2310 2194/1/2309 
f 4037/1/4946 2194/1/2309 2216/1/2341 
f 2186/1/2300 2187/1/2302 4031/1/4940 
f 4031/1/4940 2187/1/2302 2193/1/2308 
f 4031/1/4940 2193/1/2308 4032/1/4941 
f 4032/1/4941 2193/1/2308 2192/1/2307 
f 4032/1/4941 2192/1/2307 2190/1/2305 
f 4052/1/4961 4053/1/4962 4054/1/4963 
f 4055/1/4964 4056/1/4965 4057/1/4966 
f 3926/1/4740 3930/1/4744 4058/1/4967 
f 4059/1/4968 4060/1/4969 4061/1/4970 
f 4059/1/4968 4061/1/4970 3529/1/4203 
f 3529/1/4203 4061/1/4970 3901/1/4694 
f 3901/1/4694 4061/1/4970 4062/1/4971 
f 3901/1/4694 4062/1/4971 3902/1/4695 
f 3902/1/4695 4062/1/4971 4063/1/4972 
f 3902/1/4695 4063/1/4972 3903/1/4696 
f 4064/1/4973 3927/1/4741 3926/1/4740 
f 3927/1/4741 4064/1/4973 3928/1/4742 
f 3928/1/4742 4064/1/4973 4065/1/4974 
f 3928/1/4742 4065/1/4974 3929/1/4743 
f 3929/1/4743 4065/1/4974 3925/1/4739 
f 3925/1/4739 4065/1/4974 4066/1/4975 
f 3925/1/4739 4066/1/4975 3924/1/4738 
f 3924/1/4738 4066/1/4975 4067/1/4976 
f 3924/1/4738 4067/1/4976 3923/1/4737 
f 3923/1/4737 4067/1/4976 4068/1/4977 
f 3923/1/4737 4068/1/4977 3919/1/4733 
f 4069/1/4978 3921/1/4735 4068/1/4977 
f 4068/1/4977 3921/1/4735 3920/1/4734 
f 4068/1/4977 3920/1/4734 3919/1/4733 
f 3918/1/4732 3917/1/4731 4070/1/4979 
f 4070/1/4979 3917/1/4731 3916/1/4730 
f 4070/1/4979 3916/1/4730 4069/1/4978 
f 4069/1/4978 3916/1/4730 3922/1/4736 
f 4069/1/4978 3922/1/4736 3921/1/4735 
f 4071/1/4980 3914/1/4728 3915/1/4729 
f 4072/1/4981 2494/1/2708 3914/1/4728 
f 3914/1/4728 4071/1/4980 4072/1/4981 
f 4072/1/4981 4071/1/4980 4073/1/4982 
f 4072/1/4981 4073/1/4982 4074/1/4983 
f 4075/1/4984 4076/1/4985 4077/1/4986 
f 4078/1/4987 4079/1/4988 4080/1/4989 
f 4080/1/4989 4079/1/4988 4081/1/4990 
f 4053/1/4962 4082/1/4991 4057/1/4966 
f 4057/1/4966 4082/1/4991 4083/1/4992 
f 4057/1/4966 4083/1/4992 4055/1/4964 
f 4084/1/4993 4085/1/4994 4086/1/4995 
f 4086/1/4995 4085/1/4994 4087/1/4996 
f 4086/1/4995 4087/1/4996 4088/1/4997 
f 4088/1/4997 4087/1/4996 4089/1/4998 
f 4088/1/4997 4089/1/4998 4090/1/4999 
f 4090/1/4999 4089/1/4998 4091/1/5000 
f 4090/1/4999 4091/1/5000 4092/1/5001 
f 4052/1/4961 4054/1/4963 4093/1/5002 
f 4093/1/5002 4054/1/4963 4094/1/5003 
f 4093/1/5002 4094/1/5003 4095/1/5004 
f 4056/1/4965 4096/1/5005 4057/1/4966 
f 4057/1/4966 4096/1/5005 4097/1/5006 
f 4057/1/4966 4097/1/5006 4098/1/5007 
f 4098/1/5007 4097/1/5006 4099/1/5008 
f 4098/1/5007 4099/1/5008 4100/1/5009 
f 4053/1/4962 4057/1/4966 4054/1/4963 
f 4054/1/4963 4057/1/4966 4098/1/5007 
f 4054/1/4963 4098/1/5007 4094/1/5003 
f 4094/1/5003 4098/1/5007 4100/1/5009 
f 4094/1/5003 4100/1/5009 4095/1/5004 
f 4101/1/5010 4084/1/4993 4102/1/5011 
f 4102/1/5011 4084/1/4993 4086/1/4995 
f 4102/1/5011 4086/1/4995 4103/1/5012 
f 4103/1/5012 4086/1/4995 4088/1/4997 
f 4103/1/5012 4088/1/4997 4104/1/5013 
f 4104/1/5013 4088/1/4997 4090/1/4999 
f 4104/1/5013 4090/1/4999 4095/1/5004 
f 4095/1/5004 4090/1/4999 4092/1/5001 
f 4095/1/5004 4092/1/5001 4093/1/5002 
f 4093/1/5002 4092/1/5001 4091/1/5000 
f 4093/1/5002 4091/1/5000 4052/1/4961 
f 3915/1/4729 3918/1/4732 4071/1/4980 
f 4071/1/4980 3918/1/4732 4070/1/4979 
f 4071/1/4980 4070/1/4979 4073/1/4982 
f 4073/1/4982 4070/1/4979 4105/1/5014 
f 4073/1/4982 4105/1/5014 4074/1/4983 
f 4074/1/4983 4105/1/5014 4106/1/5015 
f 4096/1/5005 4106/1/5015 4097/1/5006 
f 4097/1/5006 4106/1/5015 4105/1/5014 
f 4097/1/5006 4105/1/5014 4099/1/5008 
f 4099/1/5008 4105/1/5014 4070/1/4979 
f 4099/1/5008 4070/1/4979 4100/1/5009 
f 4100/1/5009 4070/1/4979 4069/1/4978 
f 4100/1/5009 4069/1/4978 4095/1/5004 
f 4095/1/5004 4069/1/4978 4068/1/4977 
f 4095/1/5004 4068/1/4977 4104/1/5013 
f 4104/1/5013 4068/1/4977 4067/1/4976 
f 4104/1/5013 4067/1/4976 4103/1/5012 
f 4103/1/5012 4067/1/4976 4066/1/4975 
f 4103/1/5012 4066/1/4975 4102/1/5011 
f 4102/1/5011 4066/1/4975 4065/1/4974 
f 4102/1/5011 4065/1/4974 4101/1/5010 
f 4101/1/5010 4065/1/4974 4064/1/4973 
f 3900/1/4690 3903/1/4696 3930/1/4744 
f 3930/1/4744 3903/1/4696 4063/1/4972 
f 3930/1/4744 4063/1/4972 4058/1/4967 
f 4058/1/4967 4063/1/4972 4062/1/4971 
f 4058/1/4967 4062/1/4971 4107/1/5016 
f 4107/1/5016 4062/1/4971 4061/1/4970 
f 4107/1/5016 4061/1/4970 4080/1/4989 
f 4080/1/4989 4061/1/4970 4060/1/4969 
f 4080/1/4989 4060/1/4969 4078/1/4987 
f 3926/1/4740 4058/1/4967 4064/1/4973 
f 4064/1/4973 4058/1/4967 4107/1/5016 
f 4064/1/4973 4107/1/5016 4101/1/5010 
f 4101/1/5010 4107/1/5016 4080/1/4989 
f 4101/1/5010 4080/1/4989 4084/1/4993 
f 4084/1/4993 4080/1/4989 4081/1/4990 
f 4084/1/4993 4081/1/4990 4085/1/4994 
f 4085/1/4994 4081/1/4990 4108/1/5017 
f 4085/1/4994 4108/1/5017 4087/1/4996 
f 4087/1/4996 4108/1/5017 4109/1/5018 
f 4087/1/4996 4109/1/5018 4089/1/4998 
f 4089/1/4998 4109/1/5018 4110/1/5019 
f 4089/1/4998 4110/1/5019 4091/1/5000 
f 4091/1/5000 4110/1/5019 4111/1/5020 
f 4091/1/5000 4111/1/5020 4052/1/4961 
f 4052/1/4961 4111/1/5020 4112/1/5021 
f 4052/1/4961 4112/1/5021 4053/1/4962 
f 4053/1/4962 4112/1/5021 4075/1/4984 
f 4053/1/4962 4075/1/4984 4082/1/4991 
f 4082/1/4991 4075/1/4984 4077/1/4986 
f 4082/1/4991 4077/1/4986 4083/1/4992 
f 2336/1/2483 2330/1/2476 3557/1/4230 
f 2348/1/2496 2349/1/2498 2350/1/2499 
f 2350/1/2499 2336/1/2483 2348/1/2496 
f 2348/1/2496 2336/1/2483 3557/1/4230 
f 2348/1/2496 3557/1/4230 2346/1/2494 
f 2346/1/2494 3557/1/4230 3559/1/4232 
f 2346/1/2494 3559/1/4232 2394/1/2562 
f 2394/1/2562 3559/1/4232 2393/1/2561 
f 2393/1/2561 3559/1/4232 3560/1/4233 
f 2393/1/2561 3560/1/4233 2362/1/2516 
f 2362/1/2516 3560/1/4233 3562/1/4235 
f 2362/1/2516 3562/1/4235 2364/1/5022 
f 3562/1/4235 3564/1/4237 2364/1/5022 
f 2364/1/5022 3564/1/4237 3565/1/4238 
f 2364/1/5022 3565/1/4238 2386/1/2551 
f 2386/1/2551 3565/1/4238 3553/1/4226 
f 2386/1/2551 3553/1/4226 2387/1/2555 
f 3553/1/4226 3552/1/4225 2387/1/2555 
f 2387/1/2555 3552/1/4225 3555/1/4228 
f 2387/1/2555 3555/1/4228 3554/1/4227 
f 2387/1/2555 3554/1/4227 2377/1/2540 
f 2377/1/2540 3554/1/4227 3375/1/4020 
f 2377/1/2540 3375/1/4020 2374/1/2537 
f 2374/1/2537 3375/1/4020 3372/1/4017 
f 2374/1/2537 3372/1/4017 2373/1/2536 
f 2373/1/2536 3372/1/4017 3371/1/4016 
f 2373/1/2536 3371/1/4016 3333/1/3949 
f 2383/1/2548 3796/1/5023 3797/1/5024 
f 2407/1/2605 2410/1/2609 2401/1/2572 
f 2400/1/2571 2408/1/2606 2401/1/2572 
f 2401/1/2572 2408/1/2606 2404/1/2607 
f 2401/1/2572 2404/1/2607 2407/1/2605 
f 3796/1/5023 2383/1/2548 3795/1/5025 
f 3795/1/5025 2383/1/2548 2382/1/2547 
f 3795/1/5025 2382/1/2547 3792/1/5026 
f 3792/1/5026 2382/1/2547 3793/1/5027 
f 3793/1/5027 2382/1/2547 3794/1/5028 
f 3794/1/5028 2382/1/2547 2369/1/2528 
f 3794/1/5028 2369/1/2528 2410/1/2609 
f 2410/1/2609 2369/1/2528 2370/1/2527 
f 2410/1/2609 2370/1/2527 2401/1/2572 
f 2417/1/2619 2357/1/2508 3627/1/4317 
f 3627/1/4317 2357/1/2508 2391/1/2559 
f 3627/1/4317 2391/1/2559 3801/1/5029 
f 3801/1/5029 2391/1/2559 2390/1/2558 
f 3801/1/5029 2390/1/2558 3800/1/5030 
f 3800/1/5030 2390/1/2558 2389/1/2557 
f 3800/1/5030 2389/1/2557 3798/1/5031 
f 3798/1/5031 2389/1/2557 3797/1/5024 
f 3797/1/5024 2389/1/2557 2392/1/2560 
f 3797/1/5024 2392/1/2560 2383/1/2548 
f 3881/1/4663 4060/1/4969 3883/1/4665 
f 3883/1/4665 4060/1/4969 4059/1/4968 
f 3883/1/4665 4059/1/4968 3884/1/4666 
f 3884/1/4666 4059/1/4968 3529/1/4203 
f 3884/1/4666 3529/1/4203 3528/1/4202 
f 4110/1/5019 4043/1/4952 4045/1/4954 
f 4051/1/4960 4076/1/4985 4050/1/4959 
f 4050/1/4959 4076/1/4985 4075/1/4984 
f 4050/1/4959 4075/1/4984 4048/1/4957 
f 4048/1/4957 4075/1/4984 4046/1/4955 
f 4046/1/4955 4075/1/4984 4112/1/5021 
f 4046/1/4955 4112/1/5021 4045/1/4954 
f 4045/1/4954 4112/1/5021 4111/1/5020 
f 4045/1/4954 4111/1/5020 4110/1/5019 
f 4043/1/4952 4110/1/5019 4041/1/4950 
f 4041/1/4950 4110/1/5019 4109/1/5018 
f 4041/1/4950 4109/1/5018 4035/1/4944 
f 4108/1/5017 4038/1/4947 4109/1/5018 
f 4109/1/5018 4038/1/4947 4036/1/4945 
f 4109/1/5018 4036/1/4945 4035/1/4944 
f 4079/1/4988 4034/1/4943 4081/1/4990 
f 4081/1/4990 4034/1/4943 4033/1/4942 
f 4081/1/4990 4033/1/4942 4108/1/5017 
f 4108/1/5017 4033/1/4942 4039/1/4948 
f 4108/1/5017 4039/1/4948 4038/1/4947 
f 4079/1/4988 4078/1/4987 4034/1/4943 
f 4034/1/4943 4078/1/4987 4060/1/4969 
f 4034/1/4943 4060/1/4969 3881/1/4663 
f 3237/1/3846 3282/1/3891 4113/1/5032 
f 4113/1/5032 3282/1/3891 4114/1/5033 
f 4113/1/5032 4114/1/5033 4115/1/5034 
f 4115/1/5034 4114/1/5033 2462/1/2665 
f 4115/1/5034 2462/1/2665 2460/1/2663 
f 4116/1/5035 2459/1/2662 2461/1/2664 
f 4117/1/5036 2463/1/2666 4118/1/5037 
f 4118/1/5037 2463/1/2666 2464/1/2667 
f 4076/1/4985 4051/1/4960 4119/1/5038 
f 4076/1/4985 4119/1/5038 4120/1/5039 
f 4120/1/5039 4119/1/5038 4116/1/5035 
f 4120/1/5039 4116/1/5035 4117/1/5036 
f 4117/1/5036 4116/1/5035 2461/1/2664 
f 4117/1/5036 2461/1/2664 2463/1/2666 
f 2142/1/2248 2136/1/2242 3235/1/3844 
f 2460/1/2663 2465/1/2668 4115/1/5034 
f 4115/1/5034 2465/1/2668 4121/1/5040 
f 4115/1/5034 4121/1/5040 4113/1/5032 
f 3237/1/3846 4113/1/5032 3235/1/3844 
f 3235/1/3844 4113/1/5032 4121/1/5040 
f 3235/1/3844 4121/1/5040 2142/1/2248 
f 2142/1/2248 4121/1/5040 2465/1/2668 
f 2142/1/2248 2465/1/2668 2149/1/2258 
f 4029/1/4938 2166/1/2277 2165/1/2276 
f 4119/1/5038 4122/1/5041 4116/1/5035 
f 4116/1/5035 4122/1/5041 2466/1/2669 
f 4116/1/5035 2466/1/2669 2459/1/2662 
f 2157/1/2267 2466/1/2669 2165/1/2276 
f 2165/1/2276 2466/1/2669 4122/1/5041 
f 2165/1/2276 4122/1/5041 4029/1/4938 
f 4029/1/4938 4122/1/5041 4119/1/5038 
f 4029/1/4938 4119/1/5038 4051/1/4960 
f 4077/1/4986 4076/1/4985 4120/1/5039 
f 4077/1/4986 4120/1/5039 4083/1/4992 
f 4096/1/5005 4056/1/4965 4123/1/5042 
f 4123/1/5042 4056/1/4965 4055/1/4964 
f 4123/1/5042 4055/1/4964 4083/1/4992 
f 4124/1/5043 2495/1/2710 2492/1/2706 
f 2486/1/2689 2487/1/2690 2495/1/2710 
f 2495/1/2710 4124/1/5043 2486/1/2689 
f 2486/1/2689 4124/1/5043 2485/1/2688 
f 2480/1/2683 2479/1/2682 4125/1/5044 
f 4125/1/5044 2479/1/2682 2484/1/2687 
f 4125/1/5044 2484/1/2687 4126/1/5045 
f 4126/1/5045 2484/1/2687 4124/1/5043 
f 4124/1/5043 2484/1/2687 2485/1/2688 
f 4123/1/5042 2482/1/2685 2481/1/2684 
f 2481/1/2684 2480/1/2683 4123/1/5042 
f 4123/1/5042 2480/1/2683 4125/1/5044 
f 4123/1/5042 4125/1/5044 4096/1/5005 
f 4096/1/5005 4125/1/5044 4126/1/5045 
f 4096/1/5005 4126/1/5045 4106/1/5015 
f 4106/1/5015 4126/1/5045 4124/1/5043 
f 4106/1/5015 4124/1/5043 4074/1/4983 
f 4074/1/4983 4124/1/5043 4072/1/4981 
f 4072/1/4981 4124/1/5043 2492/1/2706 
f 4072/1/4981 2492/1/2706 2494/1/2708 
f 4083/1/4992 4120/1/5039 4123/1/5042 
f 4123/1/5042 4120/1/5039 4117/1/5036 
f 4123/1/5042 4117/1/5036 2482/1/2685 
f 2482/1/2685 4117/1/5036 4118/1/5037 
f 2482/1/2685 4118/1/5037 2464/1/2667 
f 2483/1/2686 2462/1/2665 4114/1/5033 
f 3265/1/3874 2490/1/2701 2491/1/2702 
f 2489/1/2700 2467/1/2670 2469/1/2672 
f 3265/1/3874 2491/1/2702 3287/1/3896 
f 4127/1/5046 3258/1/3867 4128/1/5047 
f 4128/1/5047 3258/1/3867 3287/1/3896 
f 4128/1/5047 3287/1/3896 4129/1/5048 
f 4129/1/5048 3287/1/3896 2491/1/2702 
f 4129/1/5048 2491/1/2702 2489/1/2700 
f 3304/1/3913 3262/1/3871 4127/1/5046 
f 4127/1/5046 3262/1/3871 3261/1/3870 
f 4127/1/5046 3261/1/3870 3258/1/3867 
f 3304/1/3913 4130/1/5049 3286/1/3895 
f 3286/1/3895 4130/1/5049 4131/1/5050 
f 3286/1/3895 4131/1/5050 3284/1/3893 
f 2483/1/2686 4114/1/5033 2476/1/2679 
f 4131/1/5050 2476/1/2679 4114/1/5033 
f 4131/1/5050 4114/1/5033 3284/1/3893 
f 3284/1/3893 4114/1/5033 3282/1/3891 
f 2476/1/2679 4131/1/5050 2477/1/2680 
f 2477/1/2680 4131/1/5050 4130/1/5049 
f 2477/1/2680 4130/1/5049 2478/1/2681 
f 3304/1/3913 4127/1/5046 4130/1/5049 
f 4130/1/5049 4127/1/5046 2473/1/2676 
f 4130/1/5049 2473/1/2676 2478/1/2681 
f 2489/1/2700 2469/1/2672 4129/1/5048 
f 4129/1/5048 2469/1/2672 2471/1/2674 
f 4129/1/5048 2471/1/2674 4128/1/5047 
f 4128/1/5047 2471/1/2674 2474/1/2677 
f 4128/1/5047 2474/1/2677 4127/1/5046 
f 4127/1/5046 2474/1/2677 2473/1/2676 
s 8
f 1451/1/5051 3213/1/5052 1452/1/5053 
f 1452/1/5053 3213/1/5052 1131/1/5054 
f 1452/1/5053 1131/1/5054 1453/1/5055 
f 1449/1/5056 1102/1/1157 1104/1/1159 
f 1104/1/1159 4132/1/5057 1449/1/5056 
f 1449/1/5056 4132/1/5057 3209/1/5058 
f 1449/1/5056 3209/1/5058 1450/1/5059 
f 1450/1/5059 3209/1/5058 3207/1/5060 
f 1450/1/5059 3207/1/5060 1451/1/5051 
f 1451/1/5051 3207/1/5060 3206/1/5061 
f 1451/1/5051 3206/1/5061 3213/1/5052 
f 1131/1/5054 1129/1/5062 1453/1/5055 
f 1453/1/5055 1129/1/5062 1146/1/3200 
f 1453/1/5055 1146/1/3200 1454/1/3199 
f 1087/1/1133 1086/1/1132 1501/1/5063 
f 1501/1/5063 1086/1/1132 1125/1/5064 
f 1501/1/5063 1125/1/5064 1502/1/5065 
f 1502/1/5065 1125/1/5064 1137/1/5066 
f 1502/1/5065 1137/1/5066 1500/1/5066 
f 1500/1/5066 1137/1/5066 1133/1/5067 
f 1500/1/5066 1133/1/5067 1499/1/5067 
f 1499/1/5067 1133/1/5067 1132/1/5068 
f 1499/1/5067 1132/1/5068 1498/1/5069 
f 1498/1/5069 1132/1/5068 1148/1/5070 
f 1498/1/5069 1148/1/5070 1497/1/5070 
s 4
f 2796/1/3089 1562/1/1537 3079/1/3562 
f 3079/1/3562 1562/1/1537 1579/1/1571 
f 3079/1/3562 1579/1/1571 3080/1/3563 
f 3080/1/3563 1579/1/1571 1587/1/1586 
f 3080/1/3563 1587/1/1586 3081/1/3564 
f 3081/1/3564 1587/1/1586 3082/1/3565 
f 3082/1/3565 1587/1/1586 1594/1/1601 
f 3082/1/3565 1594/1/1601 3083/1/3566 
f 3088/1/3571 3087/1/3570 1592/1/1598 
f 1592/1/1598 3087/1/3570 3086/1/3569 
f 1592/1/1598 3086/1/3569 1593/1/1600 
f 1593/1/1600 3086/1/3569 3085/1/3568 
f 1593/1/1600 3085/1/3568 1594/1/1601 
f 1594/1/1601 3085/1/3568 3084/1/3567 
f 1594/1/1601 3084/1/3567 3083/1/3566 
f 1591/1/1596 3090/1/3573 1592/1/1598 
f 1592/1/1598 3090/1/3573 3089/1/3572 
f 1592/1/1598 3089/1/3572 3088/1/3571 
f 1589/1/1592 1588/1/1590 3095/1/3578 
f 3095/1/3578 3094/1/3577 1589/1/1592 
f 1589/1/1592 3094/1/3577 3093/1/3576 
f 1589/1/1592 3093/1/3576 1590/1/1594 
f 1590/1/1594 3093/1/3576 3092/1/3575 
f 1590/1/1594 3092/1/3575 1591/1/1596 
f 1591/1/1596 3092/1/3575 3091/1/3574 
f 1591/1/1596 3091/1/3574 3090/1/3573 
f 1581/1/1573 4133/1/5071 1598/1/1609 
f 1598/1/1609 4133/1/5071 4134/1/5072 
f 1598/1/1609 4134/1/5072 4135/1/5073 
f 4135/1/5073 4136/1/5074 1598/1/1609 
f 1598/1/1609 4136/1/5074 4137/1/5075 
f 1598/1/1609 4137/1/5075 1599/1/1611 
f 1599/1/1611 4137/1/5075 4138/1/5076 
f 1599/1/1611 4138/1/5076 1600/1/1613 
f 1600/1/1613 4138/1/5076 4139/1/5077 
f 1600/1/1613 4139/1/5077 4140/1/5078 
f 4140/1/5078 4141/1/5079 1600/1/1613 
f 1600/1/1613 4141/1/5079 4142/1/5080 
f 1600/1/1613 4142/1/5080 1601/1/1615 
f 4142/1/5080 4143/1/5081 1601/1/1615 
f 1601/1/1615 4143/1/5081 4144/1/5082 
f 1601/1/1615 4144/1/5082 1602/1/1616 
f 1602/1/1616 4144/1/5082 4145/1/5083 
f 1602/1/1616 4145/1/5083 1597/1/1606 
f 4146/1/5084 4147/1/5085 1595/1/1602 
f 4145/1/5083 4148/1/5086 1597/1/1606 
f 1597/1/1606 4148/1/5086 4146/1/5084 
f 1597/1/1606 4146/1/5084 1596/1/1604 
f 1596/1/1604 4146/1/5084 1595/1/1602 
f 3095/1/3578 1588/1/1590 4149/1/5087 
f 4149/1/5087 1588/1/1590 1595/1/1602 
f 4149/1/5087 1595/1/1602 4150/1/5088 
f 4150/1/5088 1595/1/1602 4147/1/5085 
f 4151/1/5089 1582/1/1577 1586/1/1585 
f 1580/1/1572 4152/1/5090 1581/1/1573 
f 1581/1/1573 4152/1/5090 4133/1/5071 
f 1582/1/1577 4151/1/5089 1580/1/1572 
f 1580/1/1572 4151/1/5089 4153/1/5091 
f 1580/1/1572 4153/1/5091 4152/1/5090 
f 1584/1/1582 4154/1/5092 1585/1/1584 
f 1585/1/1584 4154/1/5092 4155/1/5093 
f 1585/1/1584 4155/1/5093 1586/1/1585 
f 1586/1/1585 4155/1/5093 4156/1/5094 
f 1586/1/1585 4156/1/5094 4151/1/5089 
f 1583/1/1580 1578/1/1569 4157/1/5095 
f 4157/1/5095 1578/1/1569 3622/1/4304 
f 4157/1/5095 4158/1/5096 1583/1/1580 
f 1583/1/1580 4158/1/5096 4159/1/5097 
f 1583/1/1580 4159/1/5097 1584/1/1582 
f 1584/1/1582 4159/1/5097 4160/1/5098 
f 1584/1/1582 4160/1/5098 4154/1/5092 
f 1830/1/1858 1827/1/1855 4156/1/5094 
f 1818/1/1846 4133/1/5071 1820/1/1848 
f 1820/1/1848 4133/1/5071 4152/1/5090 
f 1818/1/1846 1817/1/1845 4133/1/5071 
f 4133/1/5071 1817/1/1845 1815/1/1843 
f 4133/1/5071 1815/1/1843 4134/1/5072 
f 4134/1/5072 1815/1/1843 1813/1/1841 
f 4134/1/5072 1813/1/1841 4135/1/5073 
f 4135/1/5073 1813/1/1841 1811/1/1839 
f 4135/1/5073 1811/1/1839 4136/1/5074 
f 1805/1/1833 4139/1/5077 1807/1/1835 
f 1807/1/1835 4139/1/5077 4138/1/5076 
f 1807/1/1835 4138/1/5076 1809/1/1837 
f 1809/1/1837 4138/1/5076 1811/1/1839 
f 1811/1/1839 4138/1/5076 4137/1/5075 
f 1811/1/1839 4137/1/5075 4136/1/5074 
f 1788/1/1816 3095/1/3578 1834/1/1862 
f 1834/1/1862 3095/1/3578 4149/1/5087 
f 1834/1/1862 4149/1/5087 1840/1/1868 
f 1840/1/1868 4149/1/5087 4150/1/5088 
f 1840/1/1868 4150/1/5088 1839/1/1867 
f 1839/1/1867 4150/1/5088 4147/1/5085 
f 1839/1/1867 4147/1/5085 1791/1/1819 
f 1791/1/1819 4147/1/5085 4146/1/5084 
f 1791/1/1819 4146/1/5084 1792/1/1820 
f 1792/1/1820 4146/1/5084 4148/1/5086 
f 1792/1/1820 4148/1/5086 1794/1/1822 
f 1794/1/1822 4148/1/5086 4145/1/5083 
f 1794/1/1822 4145/1/5083 1796/1/1824 
f 1796/1/1824 4145/1/5083 4144/1/5082 
f 1796/1/1824 4144/1/5082 1798/1/1826 
f 1798/1/1826 4144/1/5082 4143/1/5081 
f 1798/1/1826 4143/1/5081 1800/1/1828 
f 1800/1/1828 4143/1/5081 4142/1/5080 
f 1800/1/1828 4142/1/5080 1802/1/1830 
f 1802/1/1830 4142/1/5080 4141/1/5079 
f 1802/1/1830 4141/1/5079 1805/1/1833 
f 1805/1/1833 4141/1/5079 4140/1/5078 
f 1805/1/1833 4140/1/5078 4139/1/5077 
f 4156/1/5094 1827/1/1855 4151/1/5089 
f 4151/1/5089 1827/1/1855 1825/1/1853 
f 4151/1/5089 1825/1/1853 4153/1/5091 
f 4153/1/5091 1825/1/1853 1824/1/1852 
f 4153/1/5091 1824/1/1852 4152/1/5090 
f 4152/1/5090 1824/1/1852 1822/1/1850 
f 4152/1/5090 1822/1/1850 1820/1/1848 
f 4157/1/5095 3622/1/4304 1721/1/1800 
f 1721/1/1800 3622/1/4304 3621/1/4303 
f 1721/1/1800 3621/1/4303 1721/1/1747 
f 4156/1/5094 4155/1/5093 1830/1/1858 
f 1830/1/1858 4155/1/5093 4154/1/5092 
f 1830/1/1858 4154/1/5092 1779/1/1807 
f 1779/1/1807 4154/1/5092 4160/1/5098 
f 1779/1/1807 4160/1/5098 1780/1/1808 
f 1780/1/1808 4160/1/5098 4159/1/5097 
f 1780/1/1808 4159/1/5097 1782/1/1810 
f 1782/1/1810 4159/1/5097 4158/1/5096 
f 1782/1/1810 4158/1/5096 1784/1/1812 
f 1784/1/1812 4158/1/5096 4157/1/5095 
f 1784/1/1812 4157/1/5095 1785/1/1813 
f 1785/1/1813 4157/1/5095 1721/1/1800 
s 8
f 4161/1/5099 1509/1/5100 4162/1/5101 
f 4162/1/5101 1509/1/5100 1510/1/5102 
f 1510/1/5102 1511/1/5103 4162/1/5101 
f 4162/1/5101 1511/1/5103 1512/1/5104 
f 4162/1/5101 1512/1/5104 4163/1/5105 
f 4163/1/5105 1512/1/5104 1513/1/5106 
f 4163/1/5105 1513/1/5106 4164/1/5106 
f 4164/1/5106 1513/1/5106 1514/1/5107 
f 4164/1/5106 1514/1/5107 4165/1/5107 
f 4165/1/5107 1514/1/5107 1497/1/5070 
f 4165/1/5107 1497/1/5070 1148/1/5070 
s 16
f 4166/1/5108 4167/1/5109 4168/1/5110 
f 3949/1/4777 3951/1/4779 4169/1/5111 
f 3952/1/4780 3401/1/4052 3400/1/4051 
f 3385/1/4031 3359/1/4014 4170/1/5112 
f 3329/1/3945 3374/1/4019 4170/1/5112 
f 1701/1/5113 1703/1/5114 4171/1/5115 
f 1709/1/5116 1665/1/4768 3941/1/4767 
f 4172/1/5117 4173/1/5118 4174/1/5119 
f 4173/1/5118 1712/1/5120 4174/1/5119 
s 4
f 4174/1/5121 1712/1/1737 1711/1/1736 
s 16
f 4174/1/5119 1711/1/5122 4172/1/5117 
f 4172/1/5117 1711/1/5122 1709/1/5116 
f 4172/1/5117 1709/1/5116 4175/1/5123 
f 4175/1/5123 1709/1/5116 3941/1/4767 
f 4175/1/5123 3941/1/4767 3942/1/4770 
f 1703/1/5114 1704/1/5124 4171/1/5115 
f 4171/1/5115 1704/1/5124 1707/1/5125 
f 4171/1/5115 1707/1/5125 4173/1/5118 
f 4173/1/5118 1707/1/5125 1706/1/5126 
f 4173/1/5118 1706/1/5126 1712/1/5120 
f 3893/1/4683 3886/1/4668 4176/1/5127 
f 4176/1/5127 3886/1/4668 3888/1/4670 
f 3893/1/4683 4176/1/5127 3894/1/4684 
f 3894/1/4684 4176/1/5127 4177/1/5128 
f 3894/1/4684 4177/1/5128 3896/1/4686 
f 3896/1/4686 4177/1/5128 4178/1/5129 
f 3896/1/4686 4178/1/5129 3897/1/4687 
f 4179/1/5130 3377/1/4022 3547/1/4220 
f 4170/1/5112 3374/1/4019 4179/1/5130 
f 4179/1/5130 3374/1/4019 3378/1/4023 
f 4179/1/5130 3378/1/4023 3377/1/4022 
f 3359/1/4014 3362/1/3994 4170/1/5112 
f 4170/1/5112 3362/1/3994 3363/1/3996 
f 4170/1/5112 3363/1/3996 3329/1/3945 
f 3396/1/4045 3386/1/4033 4180/1/5131 
f 3951/1/4779 3952/1/4780 4169/1/5111 
f 4169/1/5111 3952/1/4780 3400/1/4051 
f 4169/1/5111 3400/1/4051 4168/1/5110 
f 4168/1/5110 3400/1/4051 3402/1/4054 
f 4168/1/5110 3402/1/4054 3403/1/4055 
f 3386/1/4033 3385/1/4031 4180/1/5131 
f 4180/1/5131 3385/1/4031 4170/1/5112 
f 4180/1/5131 4170/1/5112 4181/1/5132 
f 4181/1/5132 4170/1/5112 4179/1/5130 
f 4182/1/5133 4167/1/5109 4183/1/5134 
f 4183/1/5134 4167/1/5109 4166/1/5108 
f 4183/1/5134 4166/1/5108 4184/1/5135 
f 4185/1/5136 4182/1/5133 4176/1/5127 
f 4176/1/5127 4182/1/5133 4183/1/5134 
f 4176/1/5127 4183/1/5134 4177/1/5128 
f 4177/1/5128 4183/1/5134 4184/1/5135 
f 4177/1/5128 4184/1/5135 4178/1/5129 
f 3403/1/4055 3396/1/4045 4168/1/5110 
f 4168/1/5110 3396/1/4045 4180/1/5131 
f 4168/1/5110 4180/1/5131 4166/1/5108 
f 4166/1/5108 4180/1/5131 4181/1/5132 
f 4166/1/5108 4181/1/5132 4184/1/5135 
f 4184/1/5135 4181/1/5132 4179/1/5130 
f 4184/1/5135 4179/1/5130 4178/1/5129 
f 4178/1/5129 4179/1/5130 3547/1/4220 
f 4178/1/5129 3547/1/4220 3897/1/4687 
f 3897/1/4687 3547/1/4220 3546/1/4219 
f 3897/1/4687 3546/1/4219 3551/1/4224 
f 3888/1/4670 1697/1/4672 4176/1/5127 
f 4176/1/5127 1697/1/4672 1699/1/5137 
f 4176/1/5127 1699/1/5137 4185/1/5136 
f 4185/1/5136 1699/1/5137 1701/1/5113 
f 4185/1/5136 1701/1/5113 4182/1/5133 
f 4182/1/5133 1701/1/5113 4171/1/5115 
f 4182/1/5133 4171/1/5115 4167/1/5109 
f 4167/1/5109 4171/1/5115 4173/1/5118 
f 4167/1/5109 4173/1/5118 4168/1/5110 
f 4168/1/5110 4173/1/5118 4172/1/5117 
f 4168/1/5110 4172/1/5117 4169/1/5111 
f 4169/1/5111 4172/1/5117 4175/1/5123 
f 4169/1/5111 4175/1/5123 3949/1/4777 
f 3949/1/4777 4175/1/5123 3942/1/4770 
s 8
f 1505/1/5138 4186/1/5138 4187/1/5139 
f 1066/1/1110 1064/1/1108 4188/1/5140 
f 4188/1/5140 1064/1/1108 1508/1/5141 
f 4188/1/5140 1508/1/5141 4007/1/5142 
f 4007/1/5142 1508/1/5141 3996/1/5143 
f 3996/1/5143 1508/1/5141 1507/1/5144 
f 3996/1/5143 1507/1/5144 3997/1/5145 
f 3997/1/5145 1507/1/5144 1506/1/5146 
f 3997/1/5145 1506/1/5146 3999/1/5147 
f 3999/1/5147 1506/1/5146 4000/1/5148 
f 4000/1/5148 1506/1/5146 1503/1/5149 
f 4000/1/5148 1503/1/5149 4187/1/5139 
f 4187/1/5139 1503/1/5149 1504/1/5150 
f 4187/1/5139 1504/1/5150 1505/1/5138 
f 1063/1/1107 1065/1/1109 4189/1/5151 
f 1063/1/1107 4189/1/5151 1485/1/5152 
f 4189/1/5151 3779/1/5153 1485/1/5152 
f 1485/1/5152 3779/1/5153 3778/1/5154 
f 1485/1/5152 3778/1/5154 1486/1/5155 
f 3778/1/5154 1370/1/5156 1486/1/5155 
f 1486/1/5155 1370/1/5156 1332/1/5157 
f 1486/1/5155 1332/1/5157 1496/1/5158 
f 1332/1/5157 3631/1/5159 1496/1/5158 
f 1496/1/5158 3631/1/5159 3629/1/5160 
f 1496/1/5158 3629/1/5160 1495/1/5161 
f 1495/1/5161 3629/1/5160 3630/1/5162 
f 1495/1/5161 3630/1/5162 1494/1/5163 
f 1494/1/5163 3630/1/5162 3638/1/5164 
f 1494/1/5163 3638/1/5164 1493/1/5165 
f 1493/1/5165 3638/1/5164 3639/1/5166 
f 1493/1/5165 3639/1/5166 1492/1/5167 
f 1492/1/5167 3639/1/5166 3640/1/5168 
f 3640/1/5168 3633/1/5169 1492/1/5167 
f 1492/1/5167 3633/1/5169 3634/1/5170 
f 1492/1/5167 3634/1/5170 1491/1/5171 
f 1491/1/5171 3634/1/5170 3637/1/5172 
f 1491/1/5171 3637/1/5172 1490/1/5173 
f 3637/1/5172 3636/1/5174 1490/1/5173 
f 1490/1/5173 3636/1/5174 3635/1/5175 
f 1490/1/5173 3635/1/5175 1489/1/5176 
f 1489/1/5176 3635/1/5175 3632/1/5177 
f 3632/1/5177 3628/1/5178 1489/1/5176 
f 1489/1/5176 3628/1/5178 3569/1/5179 
f 1489/1/5176 3569/1/5179 1488/1/5180 
f 3569/1/5179 3570/1/5181 1488/1/5180 
f 1488/1/5180 3570/1/5181 3571/1/5182 
f 1488/1/5180 3571/1/5182 1487/1/5183 
f 1487/1/5183 3571/1/5182 3572/1/5184 
f 1487/1/5183 3572/1/5184 1478/1/3155 
f 1478/1/3155 3572/1/5184 3573/1/5185 
f 1478/1/3155 3573/1/5185 2768/1/3153 
f 1097/1/1149 1096/1/1148 1155/1/5186 
f 1097/1/1149 1155/1/5186 1483/1/5186 
f 1483/1/5186 1155/1/5186 1127/1/5187 
f 1483/1/5186 1127/1/5187 1484/1/5188 
f 1484/1/5188 1127/1/5187 1077/1/1123 
f 1484/1/5188 1077/1/1123 1076/1/1122 
f 4186/1/5138 1505/1/5138 1515/1/5189 
f 4186/1/5138 1515/1/5189 4190/1/5189 
f 4190/1/5189 1515/1/5189 1071/1/1117 
f 4190/1/5189 1071/1/1117 1070/1/1116 
f 3696/1/4608 3846/1/4607 3693/1/4588 
f 3693/1/4588 3846/1/4607 3868/1/5190 
f 3693/1/4588 3868/1/5190 3838/1/4587 
f 3039/1/3478 2925/1/3477 3020/1/5191 
f 3020/1/5191 2925/1/3477 2927/1/5192 
f 3020/1/5191 2927/1/5192 3018/1/3467 
f 3018/1/3467 2927/1/5192 2950/1/3468 
s 2
f 1105/1/5193 4191/1/5194 1104/1/5195 
f 3203/1/3795 3202/1/3794 4192/1/5196 
f 4191/1/5194 4193/1/5197 1104/1/5195 
f 1104/1/5195 4193/1/5197 4194/1/5198 
f 1104/1/5195 4194/1/5198 4132/1/5199 
f 3212/1/3809 3208/1/3803 4194/1/5198 
f 4194/1/5198 3208/1/3803 3209/1/3804 
f 4194/1/5198 3209/1/3804 4132/1/5199 
f 2962/1/5200 2965/1/3800 3205/1/3797 
f 2957/1/3345 2959/1/5201 4195/1/5202 
f 4195/1/5202 2959/1/5201 2962/1/5200 
f 4195/1/5202 2962/1/5200 4196/1/5203 
f 4196/1/5203 2962/1/5200 3205/1/3797 
f 4197/1/5204 1909/1/3343 4195/1/5202 
f 4195/1/5202 1909/1/3343 2955/1/3342 
f 4195/1/5202 2955/1/3342 2957/1/3345 
f 1910/1/5205 1909/1/3343 4197/1/5204 
f 1910/1/5205 4197/1/5204 3233/1/5206 
f 3232/1/5207 3234/1/5208 4198/1/5209 
f 4198/1/5209 3234/1/5208 3233/1/5206 
f 2976/1/3382 3214/1/5210 2977/1/3383 
f 2977/1/3383 3214/1/5210 2978/1/3384 
f 3221/1/5211 3220/1/5212 4199/1/5213 
f 4199/1/5213 3220/1/5212 3225/1/5214 
f 3225/1/5214 3224/1/5215 4199/1/5213 
f 4199/1/5213 3224/1/5215 3223/1/5216 
f 4199/1/5213 3223/1/5216 3223/1/5217 
f 3214/1/5210 3221/1/5211 2978/1/3384 
f 2978/1/3384 3221/1/5211 4199/1/5213 
f 2978/1/3384 4199/1/5213 2979/1/3385 
f 2979/1/3385 4199/1/5213 4200/1/5218 
f 2979/1/3385 4200/1/5218 2987/1/3395 
f 4201/1/5219 2989/1/3397 4200/1/5218 
f 4200/1/5218 2989/1/3397 2988/1/3396 
f 4200/1/5218 2988/1/3396 2987/1/3395 
f 4202/1/5220 4199/1/5213 4198/1/5209 
f 4198/1/5209 4199/1/5213 3223/1/5217 
f 4198/1/5209 3223/1/5217 3232/1/5207 
f 3233/1/5206 4197/1/5204 4198/1/5209 
f 4198/1/5209 4197/1/5204 4195/1/5202 
f 4198/1/5209 4195/1/5202 4202/1/5220 
f 4202/1/5220 4195/1/5202 4196/1/5203 
f 4202/1/5220 4196/1/5203 4192/1/5196 
f 4192/1/5196 4196/1/5203 3205/1/3797 
f 4192/1/5196 3205/1/3797 3203/1/3795 
f 2861/1/3398 2989/1/3397 2862/1/5221 
f 2862/1/5221 2989/1/3397 4201/1/5219 
f 2862/1/5221 4201/1/5219 1105/1/5193 
f 1105/1/5193 4201/1/5219 4200/1/5218 
f 1105/1/5193 4200/1/5218 4191/1/5194 
f 4191/1/5194 4200/1/5218 4199/1/5213 
f 4191/1/5194 4199/1/5213 4193/1/5197 
f 4193/1/5197 4199/1/5213 4202/1/5220 
f 4193/1/5197 4202/1/5220 4194/1/5198 
f 4194/1/5198 4202/1/5220 4192/1/5196 
f 4194/1/5198 4192/1/5196 3212/1/3809 
f 3212/1/3809 4192/1/5196 3202/1/3794 
f 1066/1/5222 4203/1/5223 1065/1/5224 
f 4017/1/5225 3782/1/4503 3781/1/4502 
f 3780/1/4501 3779/1/4500 4204/1/5226 
f 3784/1/4506 3780/1/4501 4205/1/5227 
f 4205/1/5227 3780/1/4501 4204/1/5226 
f 4205/1/5227 4204/1/5226 4189/1/5228 
f 4189/1/5228 4204/1/5226 3779/1/4500 
f 4206/1/5229 3781/1/4502 4205/1/5227 
f 4205/1/5227 3781/1/4502 3783/1/4505 
f 4205/1/5227 3783/1/4505 3784/1/4506 
f 4008/1/5230 4010/1/5231 4206/1/5229 
f 4008/1/5230 4206/1/5229 4028/1/5232 
f 4010/1/5231 4012/1/5233 4206/1/5229 
f 4206/1/5229 4012/1/5233 4013/1/5234 
f 4206/1/5229 4013/1/5234 3781/1/4502 
f 3781/1/4502 4013/1/5234 4015/1/5235 
f 3781/1/4502 4015/1/5235 4017/1/5225 
f 4207/1/5236 2413/1/5237 4208/1/5238 
f 4208/1/5238 2413/1/5237 4027/1/5239 
f 4208/1/5238 4027/1/5239 4026/1/5240 
f 2414/1/5241 2413/1/5237 2414/1/4462 
f 2414/1/4462 2413/1/5237 4207/1/5236 
f 2414/1/4462 4207/1/5236 3760/1/4463 
f 3761/1/4465 4209/1/5242 3764/1/5243 
f 3764/1/5243 4209/1/5242 4210/1/5244 
f 3764/1/5243 4210/1/5244 3766/1/5245 
f 4211/1/5246 4004/1/4900 4006/1/4904 
f 4188/1/5247 4007/1/4908 4212/1/5248 
f 4212/1/5248 4007/1/4908 4005/1/4901 
f 4188/1/5247 4212/1/5248 1066/1/5222 
f 1066/1/5222 4212/1/5248 4213/1/5249 
f 1066/1/5222 4213/1/5249 4203/1/5223 
f 3769/1/4903 3766/1/5245 4006/1/4904 
f 4006/1/4904 3766/1/5245 4210/1/5244 
f 4006/1/4904 4210/1/5244 4211/1/5246 
f 4211/1/5246 4210/1/5244 4209/1/5242 
f 4211/1/5246 4209/1/5242 4214/1/5250 
f 3761/1/4465 3760/1/4463 4209/1/5242 
f 4209/1/5242 3760/1/4463 4207/1/5236 
f 4209/1/5242 4207/1/5236 4214/1/5250 
f 4214/1/5250 4207/1/5236 4208/1/5238 
f 4214/1/5250 4208/1/5238 4206/1/5229 
f 4206/1/5229 4208/1/5238 4026/1/5240 
f 4206/1/5229 4026/1/5240 4028/1/5232 
f 4189/1/5228 1065/1/5224 4205/1/5227 
f 4205/1/5227 1065/1/5224 4203/1/5223 
f 4205/1/5227 4203/1/5223 4206/1/5229 
f 4206/1/5229 4203/1/5223 4213/1/5249 
f 4206/1/5229 4213/1/5249 4214/1/5250 
f 4214/1/5250 4213/1/5249 4212/1/5248 
f 4214/1/5250 4212/1/5248 4211/1/5246 
f 4211/1/5246 4212/1/5248 4005/1/4901 
f 4211/1/5246 4005/1/4901 4004/1/4900 
s 8
f 1509/1/5100 4161/1/5099 4215/1/5251 
f 4215/1/5251 4161/1/5099 4216/1/5252 
f 4217/1/5253 4218/1/5254 4219/1/5255 
f 4219/1/5255 4218/1/5254 4215/1/5251 
f 4219/1/5255 4215/1/5251 4220/1/5256 
f 4220/1/5256 4215/1/5251 4216/1/5252 
s 2
f 1195/1/1451 1509/1/1450 4215/1/5257 
f 1195/1/1451 4215/1/5257 1193/1/5258 
f 1193/1/5258 4215/1/5257 4218/1/5259 
f 1193/1/5258 4218/1/5259 1191/1/5260 
s 1
f 4217/1/1164 4219/1/1164 4221/1/1165 
f 1070/1/1166 1069/1/1166 4222/1/1166 
f 4223/1/1165 4224/1/1166 3724/1/1166 
f 3722/1/1164 3729/1/1166 4225/1/1166 
f 4222/1/1166 3752/1/1166 1070/1/1166 
f 1070/1/1166 3752/1/1166 3746/1/1167 
f 1070/1/1166 3746/1/1167 4190/1/1165 
f 4190/1/1165 3746/1/1167 3745/1/1165 
f 4190/1/1165 3745/1/1165 4186/1/1166 
f 4001/1/5261 4000/1/5261 4187/1/1166 
f 4222/1/1166 4226/1/1167 3752/1/1166 
f 3752/1/1166 4226/1/1167 4227/1/1167 
f 3752/1/1166 4227/1/1167 3724/1/1166 
f 3724/1/1166 4227/1/1167 4228/1/1165 
f 3724/1/1166 4228/1/1165 4223/1/1165 
f 3717/1/1167 4229/1/1167 4230/1/1167 
f 4186/1/1166 3745/1/1165 4187/1/1166 
f 4187/1/1166 3745/1/1165 3995/1/1167 
f 4187/1/1166 3995/1/1167 4001/1/5261 
f 4225/1/1166 3729/1/1166 4231/1/1164 
f 3717/1/1167 4230/1/1167 3712/1/1167 
f 3712/1/1167 4230/1/1167 4232/1/1167 
f 3712/1/1167 4232/1/1167 3713/1/1165 
f 3713/1/1165 4232/1/1167 4233/1/1165 
f 3713/1/1165 4233/1/1165 3715/1/1164 
f 3715/1/1164 4233/1/1165 4234/1/1167 
f 3715/1/1164 4234/1/1167 3716/1/1167 
f 3722/1/1164 4225/1/1166 3720/1/1166 
f 3720/1/1166 4225/1/1166 4217/1/1164 
f 3720/1/1166 4217/1/1164 3719/1/1166 
f 3719/1/1166 4217/1/1164 4221/1/1165 
f 3719/1/1166 4221/1/1165 3717/1/1167 
f 3717/1/1167 4221/1/1165 4235/1/1167 
f 3717/1/1167 4235/1/1167 4229/1/1167 
f 4224/1/1166 1074/1/1166 3724/1/1166 
f 3724/1/1166 1074/1/1166 1073/1/1166 
f 3724/1/1166 1073/1/1166 3726/1/1167 
f 3726/1/1167 1073/1/1166 4231/1/1164 
f 3726/1/1167 4231/1/1164 3728/1/1165 
f 3728/1/1165 4231/1/1164 3729/1/1166 
f 4234/1/1167 4216/1/5262 3716/1/1167 
f 3716/1/1167 4216/1/5262 4161/1/1167 
f 3716/1/1167 4161/1/1167 3688/1/1165 
f 3688/1/1165 4161/1/1167 4162/1/1164 
f 3688/1/1165 4162/1/1164 3682/1/1165 
f 3682/1/1165 4162/1/1164 4163/1/1167 
f 3682/1/1165 4163/1/1167 3681/1/1167 
f 3681/1/1167 4163/1/1167 3677/1/1167 
f 3677/1/1167 4163/1/1167 3678/1/1164 
f 3678/1/1164 4163/1/1167 4164/1/1164 
f 3678/1/1164 4164/1/1164 3654/1/1166 
f 1148/1/1164 1147/1/1164 4165/1/1164 
f 4165/1/1164 1147/1/1164 3578/1/1164 
f 4165/1/1164 3578/1/1164 4164/1/1164 
f 4164/1/1164 3578/1/1164 3655/1/1166 
f 4164/1/1164 3655/1/1166 3654/1/1166 
f 4220/1/1165 4216/1/5262 4234/1/1167 
f 4221/1/1165 4219/1/1164 4235/1/1167 
f 4235/1/1167 4219/1/1164 4220/1/1165 
f 4235/1/1167 4220/1/1165 4229/1/1167 
f 4229/1/1167 4220/1/1165 4230/1/1167 
f 4234/1/1167 4233/1/1165 4220/1/1165 
f 4220/1/1165 4233/1/1165 4232/1/1167 
f 4220/1/1165 4232/1/1167 4230/1/1167 
s 2
f 4236/1/5263 1072/1/5264 1274/1/5264 
f 1274/1/5264 1272/1/5265 4236/1/5263 
f 4236/1/5263 1272/1/5265 1271/1/5266 
f 4236/1/5263 1271/1/5266 4237/1/5267 
f 4237/1/5267 1271/1/5266 1191/1/5260 
f 4237/1/5267 1191/1/5260 4218/1/5259 
s 8
f 1073/1/1119 1072/1/1118 4236/1/5268 
f 1073/1/1119 4236/1/5268 4231/1/5268 
f 4231/1/5268 4236/1/5268 4237/1/5269 
f 4231/1/5268 4237/1/5269 4225/1/5269 
f 4225/1/5269 4237/1/5269 4218/1/5254 
f 4225/1/5269 4218/1/5254 4217/1/5253 
s 2
f 1276/1/1464 1274/1/5264 1071/1/1465 
f 1071/1/1465 1274/1/5264 1072/1/5264 
s 1
f 4222/1/1166 1069/1/1166 4226/1/1167 
f 4226/1/1167 1069/1/1166 1075/1/1165 
f 4223/1/1165 1075/1/1165 4224/1/1166 
f 4224/1/1166 1075/1/1165 1074/1/1166 
f 4223/1/1165 4228/1/1165 1075/1/1165 
f 1075/1/1165 4228/1/1165 4227/1/1167 
f 1075/1/1165 4227/1/1167 4226/1/1167 
f 4238/1/5270 4239/1/5271 4240/1/5272 
f 4241/1/5273 4242/1/5274 4243/1/5275 
f 4244/1/5276 4245/1/5277 4246/1/5278 
f 4241/1/5273 4243/1/5275 4247/1/5279 
f 4246/1/5278 4245/1/5277 4248/1/5280 
f 4238/1/5270 4240/1/5272 4249/1/5281 
f 4250/1/5282 4251/1/5283 4252/1/5284 
f 4253/1/5285 4254/1/5286 4245/1/5277 
f 4245/1/5277 4254/1/5286 4255/1/5287 
f 4245/1/5277 4255/1/5287 4248/1/5280 
f 4242/1/5274 4241/1/5273 4256/1/5288 
f 4256/1/5288 4241/1/5273 4257/1/5289 
f 4256/1/5288 4257/1/5289 4246/1/5278 
f 4246/1/5278 4257/1/5289 4258/1/5290 
f 4246/1/5278 4258/1/5290 4244/1/5276 
f 4259/1/5291 4260/1/5292 4261/1/5293 
f 4261/1/5293 4260/1/5292 4262/1/5294 
f 4261/1/5293 4262/1/5294 4239/1/5271 
f 4239/1/5271 4262/1/5294 4263/1/5295 
f 4239/1/5271 4263/1/5295 4240/1/5272 
f 4253/1/5285 4245/1/5277 4261/1/5293 
f 4261/1/5293 4245/1/5277 4264/1/5296 
f 4261/1/5293 4264/1/5296 4259/1/5291 
f 4243/1/5275 4265/1/5297 4247/1/5279 
f 4247/1/5279 4265/1/5297 4266/1/5298 
f 4247/1/5279 4266/1/5298 4267/1/5299 
f 4267/1/5299 4266/1/5298 4268/1/5300 
f 4252/1/5284 4251/1/5283 4269/1/5301 
f 4269/1/5301 4251/1/5283 4270/1/5302 
f 4269/1/5301 4270/1/5302 4268/1/5300 
f 4268/1/5300 4270/1/5302 4271/1/5303 
f 4268/1/5300 4271/1/5303 4267/1/5299 
f 4272/1/5304 4250/1/5282 4273/1/5305 
f 4273/1/5305 4250/1/5282 4274/1/5306 
f 4252/1/5284 4275/1/5307 4250/1/5282 
f 4250/1/5282 4275/1/5307 4276/1/5308 
f 4250/1/5282 4276/1/5308 4277/1/5309 
f 4272/1/5304 4278/1/5310 4250/1/5282 
f 4250/1/5282 4278/1/5310 4279/1/5311 
f 4250/1/5282 4279/1/5311 4280/1/5312 
f 4240/1/5272 4281/1/5313 4249/1/5281 
f 4249/1/5281 4281/1/5313 4282/1/5314 
f 4249/1/5281 4282/1/5314 4283/1/5315 
f 4283/1/5315 4282/1/5314 4284/1/5316 
f 4283/1/5315 4284/1/5316 4285/1/5317 
f 4285/1/5317 4284/1/5316 4286/1/5318 
f 4285/1/5317 4286/1/5318 4287/1/5319 
f 4287/1/5319 4286/1/5318 4288/1/5320 
f 4277/1/5309 4289/1/5321 4250/1/5282 
f 4250/1/5282 4289/1/5321 4290/1/5322 
f 4250/1/5282 4290/1/5322 4291/1/5323 
f 4291/1/5323 4292/1/5324 4250/1/5282 
f 4250/1/5282 4292/1/5324 4293/1/5325 
f 4250/1/5282 4293/1/5325 4294/1/5326 
f 4294/1/5326 4295/1/5327 4250/1/5282 
f 4250/1/5282 4295/1/5327 4296/1/5328 
f 4250/1/5282 4296/1/5328 4297/1/5329 
f 4298/1/5330 4250/1/5282 4299/1/5331 
f 4299/1/5331 4250/1/5282 4300/1/5332 
f 4301/1/5333 4302/1/5334 4303/1/5335 
f 4303/1/5335 4302/1/5334 4304/1/5336 
f 4303/1/5335 4304/1/5336 4298/1/5330 
f 4298/1/5330 4304/1/5336 4305/1/5337 
f 4298/1/5330 4305/1/5337 4250/1/5282 
f 4306/1/5338 4307/1/5339 4308/1/5340 
f 4297/1/5329 4309/1/5341 4250/1/5282 
f 4250/1/5282 4309/1/5341 4310/1/5342 
f 4250/1/5282 4310/1/5342 4274/1/5306 
f 4280/1/5312 4311/1/5343 4250/1/5282 
f 4250/1/5282 4311/1/5343 4312/1/5344 
f 4250/1/5282 4312/1/5344 4313/1/5345 
f 4313/1/5345 4314/1/5346 4250/1/5282 
f 4250/1/5282 4314/1/5346 4315/1/5347 
f 4250/1/5282 4315/1/5347 4300/1/5332 
f 4308/1/5340 4307/1/5339 4286/1/5318 
f 4286/1/5318 4307/1/5339 4316/1/5348 
f 4286/1/5318 4316/1/5348 4317/1/5349 
f 4306/1/5338 4308/1/5340 4318/1/5350 
f 4318/1/5350 4308/1/5340 4319/1/5351 
f 4318/1/5350 4319/1/5351 4320/1/5352 
f 4317/1/5349 4321/1/5353 4286/1/5318 
f 4286/1/5318 4321/1/5353 4322/1/5354 
f 4286/1/5318 4322/1/5354 4288/1/5320 
s 2
f 4323/1/1164 4324/1/1165 4325/1/1166 
f 4325/1/1166 4324/1/1165 4326/1/1165 
f 4325/1/1166 4326/1/1165 4327/1/1165 
f 4327/1/1165 4326/1/1165 4328/1/1165 
f 4325/1/1166 4329/1/1166 4323/1/1164 
f 4323/1/1164 4329/1/1166 4330/1/1167 
f 4323/1/1164 4330/1/1167 4331/1/1166 
f 4331/1/1166 4330/1/1167 4332/1/1167 
f 4331/1/1166 4332/1/1167 4333/1/1167 
f 4333/1/1167 4332/1/1167 4334/1/1165 
f 4333/1/1167 4334/1/1165 4335/1/1165 
f 4335/1/1165 4334/1/1165 4336/1/1164 
f 4335/1/1165 4336/1/1164 4337/1/1164 
f 4337/1/1164 4336/1/1164 4338/1/1166 
f 4337/1/1164 4338/1/1166 4339/1/1166 
f 4339/1/1166 4338/1/1166 4340/1/1165 
f 4339/1/1166 4340/1/1165 4341/1/1165 
f 4326/1/1165 4342/1/1165 4343/1/1165 
f 4342/1/1165 4326/1/1165 4344/1/1165 
f 4344/1/1165 4326/1/1165 4345/1/1165 
f 4344/1/1165 4345/1/1165 4346/1/1166 
f 4341/1/1165 4340/1/1165 4347/1/1165 
f 4347/1/1165 4340/1/1165 4348/1/1165 
f 4347/1/1165 4348/1/1165 4349/1/1165 
f 4349/1/1165 4348/1/1165 4350/1/1166 
f 4349/1/1165 4350/1/1166 4351/1/1166 
f 4351/1/1166 4350/1/1166 4352/1/1166 
f 4351/1/1166 4352/1/1166 4353/1/1166 
f 4343/1/1165 4354/1/1166 4326/1/1165 
f 4326/1/1165 4354/1/1166 4355/1/1166 
f 4326/1/1165 4355/1/1166 4328/1/1165 
f 4356/1/1166 4357/1/1166 4346/1/1166 
f 4346/1/1166 4357/1/1166 4358/1/1166 
f 4346/1/1166 4358/1/1166 4344/1/1165 
f 4352/1/1166 4359/1/1165 4353/1/1166 
f 4353/1/1166 4359/1/1165 4360/1/1164 
f 4353/1/1166 4360/1/1164 4361/1/1164 
f 4361/1/1164 4360/1/1164 4362/1/1165 
f 4361/1/1164 4362/1/1165 4363/1/1164 
f 4363/1/1164 4364/1/1167 4361/1/1164 
f 4361/1/1164 4364/1/1167 4365/1/1164 
f 4361/1/1164 4365/1/1164 4366/1/1167 
s 4
f 4367/1/5355 4368/1/5356 4369/1/5357 
f 4369/1/5357 4368/1/5356 4370/1/5358 
f 4369/1/5357 4370/1/5358 4371/1/5359 
f 4371/1/5359 4370/1/5358 4372/1/5360 
f 4371/1/5359 4372/1/5360 4373/1/5361 
f 4373/1/5361 4372/1/5360 4374/1/5362 
f 4374/1/5362 4372/1/5360 4375/1/5363 
f 4374/1/5362 4375/1/5363 4376/1/5364 
f 4376/1/5364 4375/1/5363 4377/1/5365 
f 4376/1/5364 4377/1/5365 4378/1/5366 
f 4378/1/5366 4377/1/5365 4379/1/5367 
f 4378/1/5366 4379/1/5367 4380/1/5368 
f 4380/1/5368 4379/1/5367 4381/1/5369 
f 4380/1/5368 4381/1/5369 4382/1/5370 
f 4383/1/5371 4384/1/5372 4385/1/5373 
f 4385/1/5373 4384/1/5372 4382/1/5370 
f 4385/1/5373 4382/1/5370 4386/1/5374 
f 4386/1/5374 4382/1/5370 4381/1/5369 
f 4387/1/5375 4388/1/5376 4389/1/5377 
f 4383/1/5371 4385/1/5373 4390/1/5378 
f 4391/1/5379 4392/1/5380 4393/1/5381 
f 4383/1/5371 4390/1/5378 4394/1/5382 
f 4394/1/5382 4390/1/5378 4395/1/5383 
f 4394/1/5382 4395/1/5383 4396/1/5384 
f 4396/1/5384 4395/1/5383 4397/1/5385 
f 4396/1/5384 4397/1/5385 4393/1/5381 
f 4393/1/5381 4397/1/5385 4398/1/5386 
f 4393/1/5381 4398/1/5386 4391/1/5379 
f 4391/1/5379 4399/1/5387 4392/1/5380 
f 4392/1/5380 4399/1/5387 4400/1/5388 
f 4392/1/5380 4400/1/5388 4401/1/5389 
f 4401/1/5389 4400/1/5388 4402/1/5390 
f 4401/1/5389 4402/1/5390 4388/1/5376 
f 4388/1/5376 4402/1/5390 4403/1/5391 
f 4388/1/5376 4403/1/5391 4389/1/5377 
f 4404/1/5392 4405/1/5393 4406/1/5394 
f 4406/1/5394 4405/1/5393 4407/1/5395 
f 4406/1/5394 4407/1/5395 4408/1/5396 
f 4389/1/5377 4409/1/5397 4387/1/5375 
f 4387/1/5375 4409/1/5397 4410/1/5398 
f 4387/1/5375 4410/1/5398 4411/1/5399 
f 4411/1/5399 4410/1/5398 4412/1/5400 
f 4411/1/5399 4412/1/5400 4413/1/5401 
f 4413/1/5401 4412/1/5400 4414/1/5402 
f 4413/1/5401 4414/1/5402 4415/1/5403 
f 4415/1/5403 4414/1/5402 4416/1/5404 
f 4415/1/5403 4416/1/5404 4404/1/5392 
f 4404/1/5392 4416/1/5404 4417/1/5405 
f 4404/1/5392 4417/1/5405 4405/1/5393 
f 4418/1/5406 4419/1/5407 4420/1/5408 
f 4420/1/5408 4419/1/5407 4421/1/5409 
f 4420/1/5408 4421/1/5409 4422/1/5410 
f 4422/1/5410 4421/1/5409 4408/1/5396 
f 4422/1/5410 4408/1/5396 4423/1/5411 
f 4423/1/5411 4408/1/5396 4407/1/5395 
s 2
f 4424/1/5412 4425/1/5413 4426/1/5414 
f 4427/1/5415 4428/1/5416 4429/1/5417 
f 4430/1/5418 4431/1/5419 4432/1/5420 
f 4432/1/5420 4431/1/5419 4433/1/5421 
f 4433/1/5421 4434/1/5422 4435/1/5423 
f 4435/1/5423 4434/1/5422 4436/1/5424 
f 4435/1/5423 4436/1/5424 4437/1/5425 
f 4438/1/5426 4439/1/5427 4440/1/5428 
f 4440/1/5428 4439/1/5427 4441/1/5429 
f 4440/1/5428 4441/1/5429 4436/1/5424 
f 4436/1/5424 4441/1/5429 4442/1/5430 
f 4436/1/5424 4442/1/5430 4437/1/5425 
f 4443/1/5431 4444/1/5432 4440/1/5428 
f 4445/1/5433 4446/1/5434 4447/1/5435 
f 4447/1/5435 4448/1/5436 4445/1/5433 
f 4445/1/5433 4448/1/5436 4449/1/5437 
f 4445/1/5433 4449/1/5437 4440/1/5428 
f 4440/1/5428 4449/1/5437 4450/1/5438 
f 4440/1/5428 4450/1/5438 4451/1/5439 
f 4451/1/5439 4452/1/5440 4440/1/5428 
f 4440/1/5428 4452/1/5440 4453/1/5441 
f 4440/1/5428 4453/1/5441 4443/1/5431 
f 4444/1/5432 4454/1/5442 4440/1/5428 
f 4440/1/5428 4454/1/5442 4455/1/5443 
f 4440/1/5428 4455/1/5443 4438/1/5426 
f 4456/1/5444 4457/1/5445 4445/1/5433 
f 4445/1/5433 4457/1/5445 4458/1/5446 
f 4445/1/5433 4458/1/5446 4446/1/5434 
f 4428/1/5416 4459/1/5447 4429/1/5417 
f 4429/1/5417 4459/1/5447 4460/1/5448 
f 4429/1/5417 4460/1/5448 4456/1/5444 
f 4456/1/5444 4460/1/5448 4461/1/5449 
f 4456/1/5444 4461/1/5449 4457/1/5445 
f 4462/1/5450 4463/1/5451 4464/1/5452 
f 4464/1/5452 4463/1/5451 4427/1/5415 
f 4424/1/5412 4426/1/5414 4465/1/5453 
f 4465/1/5453 4426/1/5414 4466/1/5454 
f 4465/1/5453 4466/1/5454 4467/1/5455 
f 4426/1/5414 4381/1/5456 4466/1/5454 
f 4466/1/5454 4381/1/5456 4379/1/5457 
f 4466/1/5454 4379/1/5457 4377/1/5458 
f 4425/1/5413 4462/1/5450 4426/1/5414 
f 4426/1/5414 4462/1/5450 4464/1/5452 
f 4426/1/5414 4464/1/5452 4381/1/5456 
f 4381/1/5456 4464/1/5452 4386/1/5459 
f 4427/1/5415 4429/1/5417 4464/1/5452 
f 4464/1/5452 4429/1/5417 4385/1/5460 
f 4464/1/5452 4385/1/5460 4386/1/5459 
f 4398/1/5461 4397/1/5462 4456/1/5444 
f 4456/1/5444 4397/1/5462 4395/1/5463 
f 4456/1/5444 4395/1/5463 4429/1/5417 
f 4429/1/5417 4395/1/5463 4390/1/5464 
f 4429/1/5417 4390/1/5464 4385/1/5460 
f 4398/1/5461 4456/1/5444 4391/1/5465 
f 4391/1/5465 4456/1/5444 4445/1/5433 
f 4391/1/5465 4445/1/5433 4399/1/5466 
f 4389/1/5467 4403/1/5468 4440/1/5428 
f 4440/1/5428 4403/1/5468 4402/1/5469 
f 4440/1/5428 4402/1/5469 4445/1/5433 
f 4445/1/5433 4402/1/5469 4400/1/5470 
f 4445/1/5433 4400/1/5470 4399/1/5466 
f 4389/1/5467 4440/1/5428 4409/1/5471 
f 4409/1/5471 4440/1/5428 4436/1/5424 
f 4409/1/5471 4436/1/5424 4410/1/5472 
f 4433/1/5421 4431/1/5419 4434/1/5422 
f 4434/1/5422 4431/1/5419 4468/1/5473 
f 4434/1/5422 4468/1/5473 4417/1/5474 
f 4417/1/5474 4416/1/5475 4434/1/5422 
f 4434/1/5422 4416/1/5475 4414/1/5476 
f 4434/1/5422 4414/1/5476 4436/1/5424 
f 4436/1/5424 4414/1/5476 4412/1/5477 
f 4436/1/5424 4412/1/5477 4410/1/5472 
s 4
f 4469/1/5478 4470/1/5479 4471/1/5480 
f 4471/1/5480 4470/1/5479 4472/1/5481 
f 4471/1/5480 4472/1/5481 4473/1/5482 
f 4474/1/5483 4475/1/5484 4476/1/5485 
f 4476/1/5485 4475/1/5484 4477/1/5486 
f 4476/1/5485 4477/1/5486 4471/1/5480 
f 4471/1/5480 4477/1/5486 4478/1/5487 
f 4471/1/5480 4478/1/5487 4469/1/5478 
f 4479/1/5488 4480/1/5489 4481/1/5490 
f 4481/1/5490 4480/1/5489 4482/1/5491 
f 4481/1/5490 4482/1/5491 4476/1/5485 
f 4476/1/5485 4482/1/5491 4483/1/5492 
f 4476/1/5485 4483/1/5492 4474/1/5483 
f 4479/1/5488 4481/1/5490 4484/1/5493 
f 4484/1/5493 4481/1/5490 4485/1/5494 
f 4484/1/5493 4485/1/5494 4486/1/5495 
f 4486/1/5495 4485/1/5494 4487/1/5496 
f 4487/1/5496 4485/1/5494 4488/1/5497 
f 4487/1/5496 4488/1/5497 4489/1/5498 
f 4489/1/5498 4488/1/5497 4490/1/5499 
f 4489/1/5498 4490/1/5499 4491/1/5500 
f 4491/1/5500 4490/1/5499 4492/1/5501 
f 4491/1/5500 4492/1/5501 4493/1/5502 
f 4492/1/5501 4494/1/5503 4493/1/5502 
f 4493/1/5502 4494/1/5503 4495/1/5504 
f 4493/1/5502 4495/1/5504 4496/1/5505 
f 4496/1/5505 4495/1/5504 4497/1/5506 
f 4496/1/5505 4497/1/5506 4498/1/5507 
f 4498/1/5507 4497/1/5506 4499/1/5508 
f 4498/1/5507 4499/1/5508 4500/1/5509 
f 4500/1/5509 4499/1/5508 4501/1/5510 
f 4500/1/5509 4501/1/5510 4502/1/5511 
f 4502/1/5511 4501/1/5510 4503/1/5512 
f 4502/1/5511 4503/1/5512 4504/1/5513 
f 4504/1/5513 4503/1/5512 4505/1/5514 
f 4505/1/5514 4503/1/5512 4506/1/5515 
f 4506/1/5515 4503/1/5512 4507/1/5516 
f 4506/1/5515 4507/1/5516 4508/1/5517 
f 4508/1/5517 4507/1/5516 4509/1/5518 
f 4508/1/5517 4509/1/5518 4510/1/5519 
f 4510/1/5519 4509/1/5518 4511/1/5520 
f 4510/1/5519 4511/1/5520 4512/1/5521 
f 4512/1/5521 4511/1/5520 4513/1/5522 
f 4512/1/5521 4513/1/5522 4514/1/5523 
f 4514/1/5523 4513/1/5522 4515/1/5524 
f 4514/1/5523 4515/1/5524 4516/1/5525 
f 4515/1/5524 4517/1/5526 4516/1/5525 
f 4516/1/5525 4517/1/5526 4518/1/5527 
f 4516/1/5525 4518/1/5527 4519/1/5528 
f 4519/1/5528 4518/1/5527 4520/1/5529 
f 4519/1/5528 4520/1/5529 4521/1/5530 
f 4521/1/5530 4520/1/5529 4522/1/5531 
f 4521/1/5530 4522/1/5531 4523/1/5532 
f 4523/1/5532 4522/1/5531 4524/1/5533 
f 4523/1/5532 4524/1/5533 4525/1/5534 
f 4525/1/5534 4524/1/5533 4526/1/5535 
f 4525/1/5534 4526/1/5535 4369/1/5357 
f 4369/1/5357 4526/1/5535 4367/1/5355 
s 2
f 4527/1/5536 4528/1/5537 4529/1/5538 
f 4530/1/5539 4531/1/5540 4466/1/5454 
f 4532/1/5541 4467/1/5455 4466/1/5454 
f 4466/1/5454 4531/1/5540 4533/1/5542 
f 4466/1/5454 4533/1/5542 4532/1/5541 
f 4528/1/5537 4534/1/5543 4529/1/5538 
f 4529/1/5538 4534/1/5543 4535/1/5544 
f 4529/1/5538 4535/1/5544 4536/1/5545 
f 4536/1/5545 4535/1/5544 4537/1/5546 
f 4536/1/5545 4537/1/5546 4538/1/5547 
f 4527/1/5536 4529/1/5538 4539/1/5548 
f 4539/1/5548 4529/1/5538 4540/1/5549 
f 4539/1/5548 4540/1/5549 4541/1/5550 
f 4542/1/5551 4543/1/5552 4540/1/5549 
f 4540/1/5549 4543/1/5552 4544/1/5553 
f 4540/1/5549 4544/1/5553 4541/1/5550 
f 4545/1/5554 4546/1/5555 4547/1/5556 
f 4547/1/5556 4546/1/5555 4548/1/5557 
f 4547/1/5556 4548/1/5557 4542/1/5551 
f 4542/1/5551 4548/1/5557 4549/1/5558 
f 4542/1/5551 4549/1/5558 4543/1/5552 
f 4545/1/5554 4547/1/5556 4550/1/5559 
f 4550/1/5559 4547/1/5556 4551/1/5560 
f 4550/1/5559 4551/1/5560 4552/1/5561 
f 4553/1/5562 4554/1/5563 4555/1/5564 
f 4555/1/5564 4554/1/5563 4556/1/5565 
f 4555/1/5564 4556/1/5565 4551/1/5560 
f 4551/1/5560 4556/1/5565 4557/1/5566 
f 4551/1/5560 4557/1/5566 4552/1/5561 
f 4558/1/5567 4559/1/5568 4560/1/5569 
f 4495/1/5570 4494/1/5571 4555/1/5564 
f 4555/1/5564 4494/1/5571 4558/1/5567 
f 4555/1/5564 4558/1/5567 4553/1/5562 
f 4553/1/5562 4558/1/5567 4560/1/5569 
f 4494/1/5571 4492/1/5572 4558/1/5567 
f 4558/1/5567 4492/1/5572 4490/1/5573 
f 4558/1/5567 4490/1/5573 4488/1/5574 
f 4551/1/5560 4501/1/5575 4499/1/5576 
f 4551/1/5560 4499/1/5576 4555/1/5564 
f 4555/1/5564 4499/1/5576 4497/1/5577 
f 4555/1/5564 4497/1/5577 4495/1/5570 
f 4501/1/5575 4551/1/5560 4503/1/5578 
f 4503/1/5578 4551/1/5560 4547/1/5556 
f 4503/1/5578 4547/1/5556 4507/1/5579 
f 4542/1/5551 4513/1/5580 4511/1/5581 
f 4542/1/5551 4511/1/5581 4547/1/5556 
f 4547/1/5556 4511/1/5581 4509/1/5582 
f 4547/1/5556 4509/1/5582 4507/1/5579 
f 4520/1/5583 4518/1/5584 4540/1/5549 
f 4540/1/5549 4518/1/5584 4517/1/5585 
f 4540/1/5549 4517/1/5585 4542/1/5551 
f 4542/1/5551 4517/1/5585 4515/1/5586 
f 4542/1/5551 4515/1/5586 4513/1/5580 
f 4367/1/5587 4526/1/5588 4529/1/5538 
f 4529/1/5538 4526/1/5588 4524/1/5589 
f 4529/1/5538 4524/1/5589 4540/1/5549 
f 4540/1/5549 4524/1/5589 4522/1/5590 
f 4540/1/5549 4522/1/5590 4520/1/5583 
f 4375/1/5591 4372/1/5592 4536/1/5545 
f 4536/1/5545 4372/1/5592 4370/1/5593 
f 4536/1/5545 4370/1/5593 4529/1/5538 
f 4529/1/5538 4370/1/5593 4368/1/5594 
f 4529/1/5538 4368/1/5594 4367/1/5587 
f 4538/1/5547 4530/1/5539 4536/1/5545 
f 4536/1/5545 4530/1/5539 4466/1/5454 
f 4536/1/5545 4466/1/5454 4375/1/5591 
f 4375/1/5591 4466/1/5454 4377/1/5458 
f 4561/1/5595 4562/1/5596 4563/1/5597 
f 4564/1/5598 4565/1/5599 4561/1/5595 
f 4561/1/5595 4563/1/5597 4564/1/5598 
f 4564/1/5598 4563/1/5597 4566/1/5600 
f 4566/1/5600 4567/1/5601 4564/1/5598 
f 4564/1/5598 4567/1/5601 4568/1/5602 
f 4564/1/5598 4568/1/5602 4569/1/5603 
f 4569/1/5603 4568/1/5602 4570/1/5604 
f 4570/1/5604 4571/1/5605 4569/1/5603 
f 4569/1/5603 4571/1/5605 4572/1/5606 
f 4569/1/5603 4572/1/5606 4573/1/5607 
f 4573/1/5607 4572/1/5606 4574/1/5608 
f 4573/1/5607 4574/1/5608 4575/1/5609 
f 4575/1/5609 4574/1/5608 4576/1/5610 
f 4576/1/5610 4577/1/5611 4575/1/5609 
f 4575/1/5609 4577/1/5611 4578/1/5612 
f 4575/1/5609 4578/1/5612 4579/1/5613 
f 4579/1/5613 4578/1/5612 4580/1/5614 
f 4579/1/5613 4580/1/5614 4581/1/5615 
f 4582/1/5616 4583/1/5617 4584/1/5618 
f 4582/1/5616 4584/1/5618 4585/1/5619 
f 4585/1/5619 4584/1/5618 4581/1/5615 
f 4585/1/5619 4581/1/5615 4586/1/5620 
f 4586/1/5620 4581/1/5615 4580/1/5614 
f 4583/1/5617 4582/1/5616 4587/1/5621 
f 4583/1/5617 4587/1/5621 4588/1/5622 
f 4588/1/5622 4587/1/5621 4589/1/5623 
s 1
f 4590/1/5624 4238/1/5270 4249/1/5281 
f 4590/1/5624 4249/1/5281 4591/1/5625 
f 4591/1/5625 4249/1/5281 4283/1/5315 
f 4591/1/5625 4283/1/5315 4592/1/5626 
f 4592/1/5626 4283/1/5315 4593/1/5627 
f 4593/1/5627 4283/1/5315 4285/1/5317 
f 4593/1/5627 4285/1/5317 4594/1/5628 
f 4594/1/5628 4285/1/5317 4287/1/5319 
f 4594/1/5628 4287/1/5319 4595/1/5629 
f 4596/1/5630 4597/1/5631 4288/1/5320 
f 4288/1/5320 4597/1/5631 4598/1/5632 
f 4288/1/5320 4598/1/5632 4287/1/5319 
f 4287/1/5319 4598/1/5632 4599/1/5633 
f 4287/1/5319 4599/1/5633 4595/1/5629 
f 4596/1/5630 4288/1/5320 4600/1/5634 
f 4600/1/5634 4288/1/5320 4322/1/5354 
f 4600/1/5634 4322/1/5354 4601/1/5635 
f 4601/1/5635 4322/1/5354 4321/1/5353 
f 4601/1/5635 4321/1/5353 4602/1/5636 
f 4603/1/5637 4604/1/5638 4317/1/5349 
f 4317/1/5349 4604/1/5638 4605/1/5639 
f 4317/1/5349 4605/1/5639 4606/1/5640 
f 4606/1/5640 4607/1/5641 4317/1/5349 
f 4317/1/5349 4607/1/5641 4608/1/5642 
f 4317/1/5349 4608/1/5642 4321/1/5353 
f 4321/1/5353 4608/1/5642 4609/1/5643 
f 4321/1/5353 4609/1/5643 4602/1/5636 
f 4610/1/5644 4611/1/5645 4316/1/5348 
f 4612/1/5646 4317/1/5349 4613/1/5647 
f 4613/1/5647 4317/1/5349 4316/1/5348 
f 4613/1/5647 4316/1/5348 4614/1/5648 
f 4614/1/5648 4316/1/5348 4611/1/5645 
f 4612/1/5646 4615/1/5649 4317/1/5349 
f 4317/1/5349 4615/1/5649 4616/1/5650 
f 4317/1/5349 4616/1/5650 4617/1/5651 
f 4617/1/5651 4618/1/5652 4317/1/5349 
f 4317/1/5349 4618/1/5652 4619/1/5653 
f 4317/1/5349 4619/1/5653 4603/1/5637 
f 4620/1/5654 4621/1/5655 4307/1/5339 
f 4307/1/5339 4621/1/5655 4622/1/5656 
f 4307/1/5339 4622/1/5656 4316/1/5348 
f 4316/1/5348 4622/1/5656 4623/1/5657 
f 4316/1/5348 4623/1/5657 4610/1/5644 
f 4268/1/5300 4624/1/5658 4625/1/5659 
f 4268/1/5300 4625/1/5659 4269/1/5301 
f 4269/1/5301 4625/1/5659 4626/1/5660 
f 4269/1/5301 4626/1/5660 4252/1/5284 
f 4252/1/5284 4626/1/5660 4627/1/5661 
f 4252/1/5284 4627/1/5661 4275/1/5307 
f 4275/1/5307 4627/1/5661 4430/1/5662 
f 4275/1/5307 4430/1/5662 4276/1/5308 
f 4276/1/5308 4430/1/5662 4277/1/5309 
f 4277/1/5309 4430/1/5662 4432/1/5663 
f 4277/1/5309 4432/1/5663 4289/1/5321 
f 4432/1/5663 4433/1/5664 4289/1/5321 
f 4289/1/5321 4433/1/5664 4435/1/5665 
f 4289/1/5321 4435/1/5665 4290/1/5322 
f 4290/1/5322 4435/1/5665 4437/1/5666 
f 4290/1/5322 4437/1/5666 4291/1/5323 
f 4293/1/5325 4292/1/5324 4441/1/5667 
f 4291/1/5323 4437/1/5666 4292/1/5324 
f 4292/1/5324 4437/1/5666 4442/1/5668 
f 4292/1/5324 4442/1/5668 4441/1/5667 
f 4454/1/5669 4444/1/5670 4294/1/5326 
f 4294/1/5326 4444/1/5670 4443/1/5671 
f 4294/1/5326 4443/1/5671 4453/1/5672 
f 4453/1/5672 4452/1/5673 4294/1/5326 
f 4294/1/5326 4452/1/5673 4451/1/5674 
f 4294/1/5326 4451/1/5674 4295/1/5327 
f 4451/1/5674 4450/1/5675 4295/1/5327 
f 4295/1/5327 4450/1/5675 4449/1/5676 
f 4295/1/5327 4449/1/5676 4448/1/5677 
f 4441/1/5667 4439/1/5678 4293/1/5325 
f 4293/1/5325 4439/1/5678 4438/1/5679 
f 4293/1/5325 4438/1/5679 4294/1/5326 
f 4294/1/5326 4438/1/5679 4455/1/5680 
f 4294/1/5326 4455/1/5680 4454/1/5669 
f 4448/1/5677 4447/1/5681 4295/1/5327 
f 4295/1/5327 4447/1/5681 4446/1/5682 
f 4295/1/5327 4446/1/5682 4296/1/5328 
f 4296/1/5328 4446/1/5682 4458/1/5683 
f 4296/1/5328 4458/1/5683 4297/1/5329 
f 4297/1/5329 4458/1/5683 4457/1/5684 
f 4297/1/5329 4457/1/5684 4309/1/5341 
f 4309/1/5341 4457/1/5684 4461/1/5685 
f 4309/1/5341 4461/1/5685 4310/1/5342 
f 4310/1/5342 4461/1/5685 4460/1/5686 
f 4310/1/5342 4460/1/5686 4274/1/5306 
f 4274/1/5306 4460/1/5686 4459/1/5687 
f 4274/1/5306 4459/1/5687 4273/1/5305 
f 4273/1/5305 4459/1/5687 4428/1/5688 
f 4273/1/5305 4428/1/5688 4272/1/5304 
f 4272/1/5304 4428/1/5688 4427/1/5689 
f 4272/1/5304 4427/1/5689 4278/1/5310 
f 4278/1/5310 4427/1/5689 4463/1/5690 
f 4278/1/5310 4463/1/5690 4279/1/5311 
f 4279/1/5311 4463/1/5690 4462/1/5691 
f 4279/1/5311 4462/1/5691 4280/1/5312 
f 4467/1/5692 4312/1/5344 4465/1/5693 
f 4465/1/5693 4312/1/5344 4311/1/5343 
f 4465/1/5693 4311/1/5343 4424/1/5694 
f 4424/1/5694 4311/1/5343 4280/1/5312 
f 4424/1/5694 4280/1/5312 4425/1/5695 
f 4425/1/5695 4280/1/5312 4462/1/5691 
f 4533/1/5696 4531/1/5697 4313/1/5345 
f 4552/1/5698 4557/1/5699 4302/1/5334 
f 4559/1/5700 4251/1/5283 4560/1/5701 
f 4560/1/5701 4251/1/5283 4250/1/5282 
f 4560/1/5701 4250/1/5282 4553/1/5702 
f 4553/1/5702 4250/1/5282 4305/1/5337 
f 4302/1/5334 4557/1/5699 4304/1/5336 
f 4304/1/5336 4557/1/5699 4556/1/5703 
f 4304/1/5336 4556/1/5703 4305/1/5337 
f 4305/1/5337 4556/1/5703 4554/1/5704 
f 4305/1/5337 4554/1/5704 4553/1/5702 
f 4552/1/5698 4302/1/5334 4550/1/5705 
f 4550/1/5705 4302/1/5334 4301/1/5333 
f 4550/1/5705 4301/1/5333 4545/1/5706 
f 4300/1/5332 4544/1/5707 4299/1/5331 
f 4299/1/5331 4544/1/5707 4543/1/5708 
f 4299/1/5331 4543/1/5708 4298/1/5330 
f 4298/1/5330 4543/1/5708 4549/1/5709 
f 4298/1/5330 4549/1/5709 4303/1/5335 
f 4303/1/5335 4549/1/5709 4548/1/5710 
f 4303/1/5335 4548/1/5710 4301/1/5333 
f 4301/1/5333 4548/1/5710 4546/1/5711 
f 4301/1/5333 4546/1/5711 4545/1/5706 
f 4528/1/5712 4315/1/5347 4534/1/5713 
f 4534/1/5713 4315/1/5347 4314/1/5346 
f 4534/1/5713 4314/1/5346 4535/1/5714 
f 4528/1/5712 4527/1/5715 4315/1/5347 
f 4315/1/5347 4527/1/5715 4539/1/5716 
f 4315/1/5347 4539/1/5716 4300/1/5332 
f 4300/1/5332 4539/1/5716 4541/1/5717 
f 4300/1/5332 4541/1/5717 4544/1/5707 
f 4531/1/5697 4530/1/5718 4313/1/5345 
f 4313/1/5345 4530/1/5718 4538/1/5719 
f 4313/1/5345 4538/1/5719 4314/1/5346 
f 4314/1/5346 4538/1/5719 4537/1/5720 
f 4314/1/5346 4537/1/5720 4535/1/5714 
f 4533/1/5696 4313/1/5345 4532/1/5721 
f 4532/1/5721 4313/1/5345 4312/1/5344 
f 4532/1/5721 4312/1/5344 4467/1/5692 
f 4559/1/5700 4628/1/5722 4251/1/5283 
f 4251/1/5283 4628/1/5722 4629/1/5723 
f 4251/1/5283 4629/1/5723 4270/1/5302 
f 4270/1/5302 4629/1/5723 4630/1/5724 
f 4270/1/5302 4630/1/5724 4271/1/5303 
f 4271/1/5303 4630/1/5724 4631/1/5725 
f 4271/1/5303 4631/1/5725 4267/1/5299 
f 4620/1/5654 4307/1/5339 4632/1/5726 
f 4632/1/5726 4307/1/5339 4306/1/5338 
f 4632/1/5726 4306/1/5338 4633/1/5727 
f 4633/1/5727 4306/1/5338 4634/1/5728 
f 4318/1/5350 4635/1/5729 4636/1/5730 
f 4636/1/5730 4637/1/5731 4318/1/5350 
f 4318/1/5350 4637/1/5731 4638/1/5732 
f 4318/1/5350 4638/1/5732 4306/1/5338 
f 4306/1/5338 4638/1/5732 4639/1/5733 
f 4306/1/5338 4639/1/5733 4634/1/5728 
f 4320/1/5352 4640/1/5734 4318/1/5350 
f 4318/1/5350 4640/1/5734 4641/1/5735 
f 4318/1/5350 4641/1/5735 4635/1/5729 
f 4642/1/5736 4643/1/5737 4319/1/5351 
f 4319/1/5351 4643/1/5737 4644/1/5738 
f 4319/1/5351 4644/1/5738 4320/1/5352 
f 4320/1/5352 4644/1/5738 4645/1/5739 
f 4320/1/5352 4645/1/5739 4640/1/5734 
f 4642/1/5736 4319/1/5351 4646/1/5740 
f 4646/1/5740 4319/1/5351 4308/1/5340 
f 4646/1/5740 4308/1/5340 4647/1/5741 
f 4647/1/5741 4308/1/5340 4286/1/5318 
f 4647/1/5741 4286/1/5318 4648/1/5742 
f 4648/1/5742 4286/1/5318 4649/1/5743 
f 4649/1/5743 4286/1/5318 4284/1/5316 
f 4649/1/5743 4284/1/5316 4650/1/5744 
f 4282/1/5314 4651/1/5745 4284/1/5316 
f 4284/1/5316 4651/1/5745 4652/1/5746 
f 4284/1/5316 4652/1/5746 4650/1/5744 
f 4281/1/5313 4653/1/5747 4654/1/5748 
f 4654/1/5748 4655/1/5749 4281/1/5313 
f 4281/1/5313 4655/1/5749 4656/1/5750 
f 4281/1/5313 4656/1/5750 4282/1/5314 
f 4282/1/5314 4656/1/5750 4657/1/5751 
f 4282/1/5314 4657/1/5751 4651/1/5745 
f 4653/1/5747 4281/1/5313 4658/1/5752 
f 4658/1/5752 4281/1/5313 4240/1/5272 
f 4658/1/5752 4240/1/5272 4659/1/5753 
s 2
f 4660/1/5754 4661/1/5755 4662/1/5756 
f 4663/1/5757 4660/1/5754 4662/1/5756 
f 4660/1/5754 4663/1/5757 4664/1/5758 
f 4660/1/5754 4664/1/5758 4665/1/5759 
f 4664/1/5758 4666/1/5760 4665/1/5759 
f 4665/1/5759 4666/1/5760 4667/1/5761 
f 4667/1/5761 4666/1/5760 4668/1/5762 
f 4667/1/5761 4668/1/5762 4669/1/5763 
f 4669/1/5763 4668/1/5762 4670/1/5764 
f 4669/1/5763 4670/1/5764 4671/1/5765 
f 4671/1/5765 4670/1/5764 4672/1/5766 
f 4671/1/5765 4672/1/5766 4673/1/5767 
f 4673/1/5767 4672/1/5766 4674/1/5768 
f 4673/1/5767 4674/1/5768 4675/1/5769 
f 4675/1/5769 4674/1/5768 4676/1/5770 
f 4676/1/5770 4674/1/5768 4677/1/5771 
f 4676/1/5770 4677/1/5771 4678/1/5772 
f 4678/1/5772 4677/1/5771 4679/1/5773 
f 4678/1/5772 4679/1/5773 4680/1/5774 
f 4680/1/5774 4679/1/5773 4681/1/5775 
f 4681/1/5775 4679/1/5773 4588/1/5622 
f 4681/1/5775 4588/1/5622 4589/1/5623 
f 4682/1/5776 4683/1/5777 4684/1/5778 
f 4685/1/5779 4686/1/5780 4687/1/5781 
f 4688/1/5782 4689/1/5783 4685/1/5779 
f 4685/1/5779 4689/1/5783 4686/1/5780 
f 4690/1/5784 4689/1/5783 4688/1/5782 
f 4691/1/5785 4692/1/5786 4690/1/5784 
f 4690/1/5784 4692/1/5786 4693/1/5787 
f 4690/1/5784 4693/1/5787 4689/1/5783 
f 4694/1/5788 4695/1/5789 4691/1/5785 
f 4691/1/5785 4695/1/5789 4692/1/5786 
f 4696/1/5790 4697/1/5791 4694/1/5788 
f 4694/1/5788 4697/1/5791 4695/1/5789 
f 4698/1/5792 4699/1/5793 4696/1/5790 
f 4696/1/5790 4699/1/5793 4697/1/5791 
f 4683/1/5777 4565/1/5599 4684/1/5778 
f 4684/1/5778 4565/1/5599 4564/1/5598 
f 4684/1/5778 4564/1/5598 4687/1/5781 
f 4687/1/5781 4564/1/5598 4569/1/5603 
f 4687/1/5781 4569/1/5603 4685/1/5779 
f 4685/1/5779 4569/1/5603 4573/1/5607 
f 4685/1/5779 4573/1/5607 4688/1/5782 
f 4688/1/5782 4573/1/5607 4575/1/5609 
f 4688/1/5782 4575/1/5609 4690/1/5784 
f 4690/1/5784 4575/1/5609 4579/1/5613 
f 4690/1/5784 4579/1/5613 4691/1/5785 
f 4691/1/5785 4579/1/5613 4581/1/5615 
f 4691/1/5785 4581/1/5615 4694/1/5788 
f 4694/1/5788 4581/1/5615 4584/1/5618 
f 4694/1/5788 4584/1/5618 4696/1/5790 
f 4696/1/5790 4584/1/5618 4583/1/5617 
f 4696/1/5790 4583/1/5617 4698/1/5792 
f 4698/1/5792 4583/1/5617 4588/1/5622 
f 4700/1/5794 4701/1/5795 4684/1/5778 
f 4684/1/5778 4701/1/5795 4702/1/5796 
f 4684/1/5778 4702/1/5796 4682/1/5776 
f 4684/1/5778 4687/1/5781 4700/1/5794 
f 4700/1/5794 4687/1/5781 4703/1/5797 
f 4703/1/5797 4687/1/5781 4686/1/5780 
f 4703/1/5797 4686/1/5780 4704/1/5798 
f 4704/1/5798 4686/1/5780 4705/1/5799 
f 4705/1/5799 4686/1/5780 4689/1/5783 
f 4705/1/5799 4689/1/5783 4706/1/5800 
f 4706/1/5800 4689/1/5783 4707/1/5801 
f 4699/1/5793 4708/1/5802 4709/1/5803 
f 4699/1/5793 4709/1/5803 4697/1/5791 
f 4697/1/5791 4709/1/5803 4710/1/5804 
f 4697/1/5791 4710/1/5804 4711/1/5805 
f 4697/1/5791 4711/1/5805 4695/1/5789 
f 4695/1/5789 4711/1/5805 4712/1/5806 
f 4695/1/5789 4712/1/5806 4713/1/5807 
f 4695/1/5789 4713/1/5807 4692/1/5786 
f 4692/1/5786 4713/1/5807 4714/1/5808 
f 4692/1/5786 4714/1/5808 4715/1/5809 
f 4692/1/5786 4715/1/5809 4693/1/5787 
f 4693/1/5787 4715/1/5809 4707/1/5801 
f 4693/1/5787 4707/1/5801 4689/1/5783 
s 4
f 4716/1/5810 4717/1/5811 4718/1/5812 
f 4718/1/5812 4717/1/5811 4719/1/5813 
f 4718/1/5812 4719/1/5813 4720/1/5814 
f 4720/1/5814 4719/1/5813 4721/1/5815 
f 4722/1/5816 4717/1/5811 4716/1/5810 
f 4716/1/5810 4723/1/5817 4722/1/5816 
f 4722/1/5816 4723/1/5817 4724/1/5818 
f 4722/1/5816 4724/1/5818 4725/1/5819 
f 4725/1/5819 4724/1/5818 4726/1/5820 
f 4725/1/5819 4726/1/5820 4727/1/5821 
f 4727/1/5821 4726/1/5820 4418/1/5406 
f 4727/1/5821 4418/1/5406 4420/1/5408 
s 2
f 4405/1/5822 4417/1/5474 4468/1/5473 
f 4728/1/5823 4729/1/5824 4730/1/5825 
f 4728/1/5823 4730/1/5825 4624/1/5826 
f 4624/1/5826 4730/1/5825 4625/1/5827 
f 4625/1/5827 4730/1/5825 4731/1/5828 
f 4625/1/5827 4731/1/5828 4626/1/5829 
f 4731/1/5828 4468/1/5473 4431/1/5419 
f 4626/1/5829 4731/1/5828 4627/1/5830 
f 4627/1/5830 4731/1/5828 4431/1/5419 
f 4627/1/5830 4431/1/5419 4430/1/5418 
f 4405/1/5822 4468/1/5473 4407/1/5831 
f 4407/1/5831 4468/1/5473 4731/1/5828 
f 4407/1/5831 4731/1/5828 4423/1/5832 
f 4423/1/5832 4731/1/5828 4730/1/5825 
f 4423/1/5832 4730/1/5825 4422/1/5833 
f 4422/1/5833 4730/1/5825 4729/1/5824 
f 4422/1/5833 4729/1/5824 4420/1/5834 
s 1
f 4242/1/5274 4732/1/5835 4733/1/5836 
f 4242/1/5274 4733/1/5836 4243/1/5275 
f 4243/1/5275 4733/1/5836 4734/1/5837 
f 4243/1/5275 4734/1/5837 4265/1/5297 
f 4265/1/5297 4734/1/5837 4735/1/5838 
f 4265/1/5297 4735/1/5838 4266/1/5298 
f 4266/1/5298 4735/1/5838 4624/1/5658 
f 4266/1/5298 4624/1/5658 4268/1/5300 
s 4
f 4472/1/5481 4736/1/5839 4473/1/5482 
f 4473/1/5482 4736/1/5839 4737/1/5840 
f 4473/1/5482 4737/1/5840 4738/1/5841 
f 4738/1/5841 4737/1/5840 4739/1/5842 
f 4738/1/5841 4739/1/5842 4740/1/5843 
f 4740/1/5843 4739/1/5842 4741/1/5844 
f 4740/1/5843 4741/1/5844 4742/1/5845 
f 4742/1/5845 4741/1/5844 4743/1/5846 
s 1
f 4247/1/5279 4267/1/5299 4744/1/5847 
f 4744/1/5847 4267/1/5299 4631/1/5725 
f 4744/1/5847 4745/1/5848 4247/1/5279 
f 4247/1/5279 4745/1/5848 4746/1/5849 
f 4247/1/5279 4746/1/5849 4241/1/5273 
f 4241/1/5273 4746/1/5849 4747/1/5850 
f 4241/1/5273 4747/1/5850 4257/1/5289 
f 4257/1/5289 4747/1/5850 4748/1/5851 
s 2
f 4749/1/5852 4750/1/5853 4628/1/5854 
f 4628/1/5854 4750/1/5853 4629/1/5855 
f 4750/1/5853 4751/1/5856 4752/1/5857 
f 4752/1/5857 4631/1/5858 4750/1/5853 
f 4750/1/5853 4631/1/5858 4630/1/5859 
f 4750/1/5853 4630/1/5859 4629/1/5855 
f 4473/1/5860 4751/1/5856 4471/1/5861 
f 4471/1/5861 4751/1/5856 4750/1/5853 
f 4471/1/5861 4750/1/5853 4476/1/5862 
f 4476/1/5862 4750/1/5853 4749/1/5852 
f 4476/1/5862 4749/1/5852 4481/1/5863 
f 4481/1/5863 4749/1/5852 4485/1/5864 
f 4628/1/5854 4559/1/5568 4749/1/5852 
f 4749/1/5852 4559/1/5568 4558/1/5567 
f 4749/1/5852 4558/1/5567 4485/1/5864 
f 4485/1/5864 4558/1/5567 4488/1/5574 
s 4
f 4743/1/5846 4741/1/5844 4753/1/5865 
f 4753/1/5865 4741/1/5844 4754/1/5865 
f 4753/1/5865 4754/1/5865 4755/1/5866 
f 4755/1/5866 4754/1/5865 4756/1/5867 
s 2
f 4658/1/5868 4659/1/5869 4661/1/5755 
f 4656/1/5870 4655/1/5871 4660/1/5754 
f 4660/1/5754 4655/1/5871 4654/1/5872 
f 4660/1/5754 4654/1/5872 4661/1/5755 
f 4661/1/5755 4654/1/5872 4653/1/5873 
f 4661/1/5755 4653/1/5873 4658/1/5868 
f 4656/1/5870 4660/1/5754 4657/1/5874 
f 4657/1/5874 4660/1/5754 4665/1/5759 
f 4657/1/5874 4665/1/5759 4651/1/5875 
f 4648/1/5876 4649/1/5877 4667/1/5761 
f 4667/1/5761 4649/1/5877 4650/1/5878 
f 4667/1/5761 4650/1/5878 4665/1/5759 
f 4665/1/5759 4650/1/5878 4652/1/5879 
f 4665/1/5759 4652/1/5879 4651/1/5875 
f 4667/1/5761 4669/1/5763 4648/1/5876 
f 4648/1/5876 4669/1/5763 4671/1/5765 
f 4648/1/5876 4671/1/5765 4647/1/5880 
f 4673/1/5767 4642/1/5881 4671/1/5765 
f 4671/1/5765 4642/1/5881 4646/1/5882 
f 4671/1/5765 4646/1/5882 4647/1/5880 
f 4675/1/5769 4644/1/5883 4673/1/5767 
f 4673/1/5767 4644/1/5883 4643/1/5884 
f 4673/1/5767 4643/1/5884 4642/1/5881 
f 4678/1/5772 4641/1/5885 4676/1/5770 
f 4676/1/5770 4641/1/5885 4640/1/5886 
f 4676/1/5770 4640/1/5886 4675/1/5769 
f 4675/1/5769 4640/1/5886 4645/1/5887 
f 4675/1/5769 4645/1/5887 4644/1/5883 
f 4633/1/5888 4634/1/5889 4680/1/5774 
f 4680/1/5774 4634/1/5889 4639/1/5890 
f 4680/1/5774 4639/1/5890 4678/1/5772 
f 4678/1/5772 4639/1/5890 4638/1/5891 
f 4678/1/5772 4638/1/5891 4637/1/5892 
f 4637/1/5892 4636/1/5893 4678/1/5772 
f 4678/1/5772 4636/1/5893 4635/1/5894 
f 4678/1/5772 4635/1/5894 4641/1/5885 
f 4589/1/5623 4757/1/5895 4681/1/5775 
f 4681/1/5775 4757/1/5895 4620/1/5896 
f 4681/1/5775 4620/1/5896 4680/1/5774 
f 4680/1/5774 4620/1/5896 4632/1/5897 
f 4680/1/5774 4632/1/5897 4633/1/5888 
s 1
f 4262/1/5294 4758/1/5898 4263/1/5295 
f 4263/1/5295 4758/1/5898 4659/1/5753 
f 4263/1/5295 4659/1/5753 4240/1/5272 
f 4759/1/5899 4760/1/5900 4259/1/5291 
f 4259/1/5291 4760/1/5900 4761/1/5901 
f 4259/1/5291 4761/1/5901 4260/1/5292 
f 4260/1/5292 4761/1/5901 4762/1/5902 
f 4260/1/5292 4762/1/5902 4262/1/5294 
f 4262/1/5294 4762/1/5902 4763/1/5903 
f 4262/1/5294 4763/1/5903 4758/1/5898 
f 4764/1/5904 4765/1/5905 4766/1/5906 
f 4766/1/5906 4765/1/5905 4767/1/5907 
f 4767/1/5907 4765/1/5905 4768/1/5908 
f 4767/1/5907 4768/1/5908 4769/1/5909 
f 4769/1/5909 4768/1/5908 4770/1/5910 
f 4769/1/5909 4770/1/5910 4771/1/5911 
f 4771/1/5911 4770/1/5910 4772/1/5912 
f 4771/1/5911 4772/1/5912 4773/1/5913 
f 4773/1/5913 4772/1/5912 4774/1/5914 
f 4773/1/5913 4774/1/5914 4775/1/5915 
f 4775/1/5915 4774/1/5914 4776/1/5916 
f 4775/1/5915 4776/1/5916 2841/1/5917 
f 4764/1/5904 4766/1/5906 4777/1/5918 
f 4777/1/5918 4766/1/5906 3597/1/5919 
f 4777/1/5918 3597/1/5919 4778/1/5920 
f 3597/1/5919 4779/1/5921 4778/1/5920 
f 4778/1/5920 4779/1/5921 4780/1/5922 
f 4778/1/5920 4780/1/5922 4781/1/5923 
f 4781/1/5923 4780/1/5922 4782/1/5924 
f 4781/1/5923 4782/1/5924 4783/1/5925 
f 4783/1/5925 4782/1/5924 4784/1/5926 
f 4783/1/5925 4784/1/5926 4785/1/5927 
f 4786/1/5928 4787/1/5929 4788/1/5930 
f 4784/1/5926 4789/1/5931 4785/1/5927 
f 4785/1/5927 4789/1/5931 4786/1/5928 
f 4785/1/5927 4786/1/5928 4790/1/5932 
f 4790/1/5932 4786/1/5928 4788/1/5930 
f 4791/1/5933 4792/1/5934 4793/1/5935 
f 4793/1/5935 4792/1/5934 4794/1/5936 
f 4793/1/5935 4794/1/5936 4795/1/5937 
f 4795/1/5937 4794/1/5936 4796/1/5938 
f 4795/1/5937 4796/1/5938 4787/1/5929 
f 4787/1/5929 4796/1/5938 4788/1/5939 
f 4787/1/5929 4788/1/5939 4788/1/5930 
f 4797/1/5940 4798/1/5941 4799/1/5942 
f 4799/1/5942 4800/1/5943 4797/1/5940 
f 4797/1/5940 4800/1/5943 4801/1/5944 
f 4797/1/5940 4801/1/5944 4791/1/5933 
f 4791/1/5933 4801/1/5944 4802/1/5945 
f 4791/1/5933 4802/1/5945 4792/1/5934 
f 4803/1/5946 4804/1/5947 4805/1/5948 
f 4805/1/5948 4804/1/5947 4806/1/5949 
f 4805/1/5948 4806/1/5949 4807/1/5950 
f 4807/1/5950 4806/1/5949 4799/1/5942 
f 4807/1/5950 4799/1/5942 4808/1/5951 
f 4808/1/5951 4799/1/5942 4798/1/5941 
f 4803/1/5946 4809/1/5952 4804/1/5947 
f 4804/1/5947 4809/1/5952 4810/1/5953 
f 4804/1/5947 4810/1/5953 4811/1/5954 
f 4811/1/5954 4810/1/5953 4812/1/5955 
f 4811/1/5954 4812/1/5955 4813/1/5956 
f 4813/1/5956 4812/1/5955 4814/1/5957 
f 4812/1/5955 4815/1/5958 4814/1/5957 
f 4814/1/5957 4815/1/5958 4816/1/5959 
f 4814/1/5957 4816/1/5959 4817/1/5960 
f 4817/1/5960 4816/1/5959 4818/1/5961 
f 4817/1/5960 4818/1/5961 4819/1/5962 
f 4819/1/5962 4818/1/5961 4820/1/5963 
f 3621/1/5964 4716/1/5965 4718/1/5966 
f 4818/1/5961 4821/1/5967 4820/1/5963 
f 4820/1/5963 4821/1/5967 4822/1/5968 
f 4820/1/5963 4822/1/5968 4823/1/5969 
f 4823/1/5969 4822/1/5968 3621/1/5964 
f 4823/1/5969 3621/1/5964 4720/1/5970 
f 4720/1/5970 3621/1/5964 4718/1/5966 
f 4824/1/5971 4253/1/5285 4825/1/5972 
f 4825/1/5972 4253/1/5285 4261/1/5293 
f 4825/1/5972 4261/1/5293 4826/1/5973 
f 4826/1/5973 4261/1/5293 4239/1/5271 
f 4826/1/5973 4239/1/5271 4827/1/5974 
f 4827/1/5974 4239/1/5271 4828/1/5975 
f 4828/1/5975 4239/1/5271 4238/1/5270 
f 4828/1/5975 4238/1/5270 4590/1/5624 
s 2
f 4601/1/5976 4602/1/5977 4829/1/5978 
f 4757/1/5895 4830/1/5979 4620/1/5896 
f 4620/1/5896 4830/1/5979 4621/1/5980 
f 4621/1/5980 4830/1/5979 4622/1/5981 
f 4622/1/5981 4830/1/5979 4831/1/5982 
f 4622/1/5981 4831/1/5982 4623/1/5983 
f 4614/1/5984 4611/1/5985 4831/1/5982 
f 4831/1/5982 4611/1/5985 4610/1/5986 
f 4831/1/5982 4610/1/5986 4623/1/5983 
f 4832/1/5987 4603/1/5988 4619/1/5989 
f 4619/1/5989 4618/1/5990 4832/1/5987 
f 4832/1/5987 4618/1/5990 4617/1/5991 
f 4832/1/5987 4617/1/5991 4616/1/5992 
f 4616/1/5992 4615/1/5993 4832/1/5987 
f 4832/1/5987 4615/1/5993 4612/1/5994 
f 4832/1/5987 4612/1/5994 4831/1/5982 
f 4831/1/5982 4612/1/5994 4613/1/5995 
f 4831/1/5982 4613/1/5995 4614/1/5984 
f 4606/1/5996 4605/1/5997 4832/1/5987 
f 4832/1/5987 4605/1/5997 4604/1/5998 
f 4832/1/5987 4604/1/5998 4603/1/5988 
f 4602/1/5977 4609/1/5999 4829/1/5978 
f 4829/1/5978 4609/1/5999 4608/1/6000 
f 4829/1/5978 4608/1/6000 4832/1/5987 
f 4832/1/5987 4608/1/6000 4607/1/6001 
f 4832/1/5987 4607/1/6001 4606/1/5996 
f 4596/1/6002 4600/1/6003 4833/1/6004 
f 4833/1/6004 4600/1/6003 4601/1/5976 
f 4597/1/6005 4834/1/6006 4598/1/6007 
f 4598/1/6007 4834/1/6006 4835/1/6008 
f 4594/1/6009 4595/1/6010 4835/1/6008 
f 4835/1/6008 4595/1/6010 4599/1/6011 
f 4835/1/6008 4599/1/6011 4598/1/6007 
f 4591/1/6012 4592/1/6013 4836/1/6014 
f 4836/1/6014 4592/1/6013 4593/1/6015 
f 4836/1/6014 4593/1/6015 4837/1/6016 
f 4837/1/6016 4593/1/6015 4594/1/6009 
f 4591/1/6012 4836/1/6014 4590/1/6017 
f 4590/1/6017 4836/1/6014 4563/1/5597 
f 4590/1/6017 4563/1/5597 4562/1/5596 
f 4570/1/5604 4568/1/5602 4837/1/6016 
f 4837/1/6016 4568/1/5602 4567/1/5601 
f 4837/1/6016 4567/1/5601 4836/1/6014 
f 4836/1/6014 4567/1/5601 4566/1/5600 
f 4836/1/6014 4566/1/5600 4563/1/5597 
f 4594/1/6009 4835/1/6008 4837/1/6016 
f 4837/1/6016 4835/1/6008 4571/1/5605 
f 4837/1/6016 4571/1/5605 4570/1/5604 
f 4577/1/5611 4576/1/5610 4834/1/6006 
f 4834/1/6006 4576/1/5610 4574/1/5608 
f 4834/1/6006 4574/1/5608 4835/1/6008 
f 4835/1/6008 4574/1/5608 4572/1/5606 
f 4835/1/6008 4572/1/5606 4571/1/5605 
f 4597/1/6005 4596/1/6002 4834/1/6006 
f 4834/1/6006 4596/1/6002 4833/1/6004 
f 4834/1/6006 4833/1/6004 4577/1/5611 
f 4577/1/5611 4833/1/6004 4578/1/5612 
f 4601/1/5976 4829/1/5978 4833/1/6004 
f 4833/1/6004 4829/1/5978 4580/1/5614 
f 4833/1/6004 4580/1/5614 4578/1/5612 
f 4831/1/5982 4585/1/5619 4832/1/5987 
f 4832/1/5987 4585/1/5619 4586/1/5620 
f 4832/1/5987 4586/1/5620 4829/1/5978 
f 4829/1/5978 4586/1/5620 4580/1/5614 
f 4757/1/5895 4589/1/5623 4830/1/5979 
f 4830/1/5979 4589/1/5623 4587/1/5621 
f 4830/1/5979 4587/1/5621 4831/1/5982 
f 4831/1/5982 4587/1/5621 4582/1/5616 
f 4831/1/5982 4582/1/5616 4585/1/5619 
f 4561/1/5595 4565/1/5599 4838/1/6018 
f 4839/1/6019 4562/1/5596 4561/1/5595 
f 4561/1/5595 4840/1/6020 4839/1/6019 
f 4839/1/6019 4840/1/6020 4841/1/6021 
f 4839/1/6019 4841/1/6021 4842/1/6022 
f 4843/1/6023 4844/1/6024 4845/1/6025 
f 4846/1/6026 4842/1/6022 4845/1/6025 
f 4845/1/6025 4842/1/6022 4841/1/6021 
f 4845/1/6025 4841/1/6021 4843/1/6023 
f 4843/1/6023 4841/1/6021 4840/1/6020 
f 4843/1/6023 4840/1/6020 4838/1/6018 
f 4838/1/6018 4840/1/6020 4561/1/5595 
s 1
f 4847/1/6027 4848/1/6028 4849/1/6029 
f 4850/1/6030 4851/1/6031 4852/1/6032 
f 4852/1/6032 4851/1/6031 2841/1/5917 
f 4852/1/6032 2841/1/5917 4776/1/5916 
f 4853/1/6033 4854/1/6034 4855/1/6035 
f 4850/1/6030 4856/1/6036 4851/1/6031 
f 4851/1/6031 4856/1/6036 4855/1/6035 
f 4851/1/6031 4855/1/6035 4857/1/6037 
f 4857/1/6037 4855/1/6035 4854/1/6034 
f 4855/1/6035 4858/1/6038 4853/1/6033 
f 4853/1/6033 4858/1/6038 4859/1/6039 
f 4853/1/6033 4859/1/6039 4860/1/6040 
f 4860/1/6040 4859/1/6039 4861/1/6041 
f 4861/1/6041 4859/1/6039 4862/1/6042 
f 4861/1/6041 4862/1/6042 4863/1/6043 
f 4864/1/6044 4865/1/6045 4866/1/6046 
f 4866/1/6046 4865/1/6045 4867/1/6047 
f 4866/1/6046 4867/1/6047 4862/1/6042 
f 4862/1/6042 4867/1/6047 4868/1/6048 
f 4862/1/6042 4868/1/6048 4863/1/6043 
f 4869/1/6049 4870/1/6050 4871/1/6051 
f 4871/1/6051 4870/1/6050 4872/1/6052 
f 4871/1/6051 4872/1/6052 4873/1/6053 
f 4873/1/6053 4872/1/6052 4874/1/6054 
f 4873/1/6053 4874/1/6054 4875/1/6055 
f 4875/1/6055 4874/1/6054 4876/1/6056 
f 4875/1/6055 4876/1/6056 4877/1/6057 
f 4877/1/6057 4876/1/6056 4878/1/6058 
f 4877/1/6057 4878/1/6058 4879/1/6059 
f 4879/1/6059 4878/1/6058 4880/1/6060 
f 4879/1/6059 4880/1/6060 4881/1/6061 
f 4881/1/6061 4880/1/6060 4882/1/6062 
f 4881/1/6061 4882/1/6062 4883/1/6063 
f 4883/1/6063 4882/1/6062 4884/1/6064 
f 4883/1/6063 4884/1/6064 4885/1/6065 
f 4885/1/6065 4884/1/6064 4886/1/6066 
f 4885/1/6065 4886/1/6066 4864/1/6044 
f 4864/1/6044 4886/1/6066 4887/1/6067 
f 4864/1/6044 4887/1/6067 4865/1/6045 
f 4888/1/6068 4889/1/6069 4890/1/6070 
f 4890/1/6070 4889/1/6069 4891/1/6071 
f 4890/1/6070 4891/1/6071 4892/1/6072 
f 4892/1/6072 4891/1/6071 4870/1/6050 
f 4892/1/6072 4870/1/6050 4893/1/6073 
f 4893/1/6073 4870/1/6050 4869/1/6049 
f 4894/1/6074 4895/1/6075 4896/1/6076 
f 4896/1/6076 4895/1/6075 4897/1/6077 
f 4896/1/6076 4897/1/6077 4898/1/6078 
f 4898/1/6078 4897/1/6077 4899/1/6079 
f 4898/1/6078 4899/1/6079 4888/1/6068 
f 4888/1/6068 4899/1/6079 4900/1/6080 
f 4888/1/6068 4900/1/6080 4889/1/6069 
f 4896/1/6076 4901/1/6081 4894/1/6074 
f 4894/1/6074 4901/1/6081 4902/1/6082 
f 4894/1/6074 4902/1/6082 4848/1/6028 
f 4848/1/6028 4902/1/6082 4903/1/6083 
f 4848/1/6028 4903/1/6083 4849/1/6029 
f 4754/1/6084 4741/1/6085 2810/1/6086 
f 4847/1/6027 4849/1/6029 2810/1/6086 
f 2810/1/6086 4849/1/6029 4756/1/6087 
f 2810/1/6086 4756/1/6087 4754/1/6084 
s 2
f 4904/1/6088 4905/1/6089 4708/1/5802 
f 4904/1/6088 4708/1/5802 4699/1/5793 
f 4906/1/6090 4907/1/6091 4908/1/6092 
f 4908/1/6092 4907/1/6091 4909/1/6093 
f 4908/1/6092 4909/1/6093 4904/1/6088 
f 4904/1/6088 4909/1/6093 4910/1/6094 
f 4904/1/6088 4910/1/6094 4911/1/6095 
f 4904/1/6088 4911/1/6095 4905/1/6089 
f 4908/1/6092 4912/1/6096 4906/1/6090 
f 4906/1/6090 4912/1/6096 4913/1/6097 
f 4913/1/6097 4912/1/6096 4914/1/6098 
f 4914/1/6098 4912/1/6096 4915/1/6099 
f 4914/1/6098 4915/1/6099 4916/1/6100 
f 4916/1/6100 4915/1/6099 4917/1/6101 
f 4916/1/6100 4917/1/6101 4918/1/6102 
f 4918/1/6102 4917/1/6101 4919/1/6103 
f 4919/1/6103 4917/1/6101 4920/1/6104 
f 4919/1/6103 4920/1/6104 4921/1/6105 
f 4921/1/6105 4920/1/6104 4922/1/6106 
f 4922/1/6106 4920/1/6104 4923/1/6107 
f 4922/1/6106 4923/1/6107 4924/1/6108 
f 4922/1/6106 4924/1/6108 4925/1/6109 
f 4926/1/6110 4927/1/6111 4924/1/6108 
f 4924/1/6108 4927/1/6111 4925/1/6109 
f 4928/1/6112 4908/1/6092 4904/1/6088 
f 4928/1/6112 4904/1/6088 4929/1/6113 
f 4908/1/6092 4928/1/6112 4912/1/6096 
f 4912/1/6096 4928/1/6112 4930/1/6114 
f 4912/1/6096 4930/1/6114 4931/1/6115 
f 4912/1/6096 4931/1/6115 4915/1/6099 
f 4915/1/6099 4931/1/6115 4917/1/6101 
f 4917/1/6101 4931/1/6115 4932/1/6116 
f 4917/1/6101 4932/1/6116 4933/1/6117 
f 4917/1/6101 4933/1/6117 4920/1/6104 
f 4920/1/6104 4933/1/6117 4934/1/6118 
f 4920/1/6104 4934/1/6118 4923/1/6107 
f 4935/1/6119 4926/1/6110 4924/1/6108 
f 4935/1/6119 4924/1/6108 4936/1/6120 
f 4936/1/6120 4924/1/6108 4923/1/6107 
f 4936/1/6120 4923/1/6107 4934/1/6118 
f 4588/1/5622 4929/1/6113 4698/1/5792 
f 4698/1/5792 4929/1/6113 4904/1/6088 
f 4698/1/5792 4904/1/6088 4699/1/5793 
f 4663/1/5757 4935/1/6119 4936/1/6120 
f 4663/1/5757 4936/1/6120 4664/1/5758 
f 4664/1/5758 4936/1/6120 4934/1/6118 
f 4664/1/5758 4934/1/6118 4666/1/5760 
f 4666/1/5760 4934/1/6118 4933/1/6117 
f 4666/1/5760 4933/1/6117 4668/1/5762 
f 4668/1/5762 4933/1/6117 4932/1/6116 
f 4668/1/5762 4932/1/6116 4670/1/5764 
f 4670/1/5764 4932/1/6116 4931/1/6115 
f 4670/1/5764 4931/1/6115 4672/1/5766 
f 4672/1/5766 4931/1/6115 4930/1/6114 
f 4672/1/5766 4930/1/6114 4674/1/5768 
f 4674/1/5768 4930/1/6114 4928/1/6112 
f 4674/1/5768 4928/1/6112 4677/1/5771 
f 4677/1/5771 4928/1/6112 4929/1/6113 
f 4677/1/5771 4929/1/6113 4679/1/5773 
f 4679/1/5773 4929/1/6113 4588/1/5622 
f 4937/1/6121 4938/1/6122 4939/1/6123 
f 4940/1/6124 4941/1/6125 4939/1/6123 
f 4942/1/6126 4943/1/6127 4944/1/6128 
f 4937/1/6121 4939/1/6123 4944/1/6128 
f 4944/1/6128 4939/1/6123 4941/1/6125 
f 4944/1/6128 4941/1/6125 4942/1/6126 
f 4942/1/6126 4941/1/6125 4945/1/6129 
f 4940/1/6124 4663/1/5757 4941/1/6125 
f 4941/1/6125 4663/1/5757 4945/1/6129 
f 4945/1/6129 4663/1/5757 4662/1/5756 
f 4945/1/6129 4662/1/5756 4946/1/6130 
f 4946/1/6130 4662/1/5756 4661/1/5755 
s 4
f 4811/1/6131 4813/1/6132 4947/1/6133 
f 4799/1/6134 4948/1/6135 4800/1/6136 
f 4800/1/6136 4948/1/6135 4949/1/6137 
f 4800/1/6136 4949/1/6137 4801/1/6138 
f 4801/1/6138 4949/1/6137 4950/1/6139 
f 4801/1/6138 4950/1/6139 4802/1/6140 
f 4806/1/6141 4951/1/6142 4799/1/6134 
f 4799/1/6134 4951/1/6142 4952/1/6143 
f 4799/1/6134 4952/1/6143 4948/1/6135 
f 4947/1/6133 4953/1/6144 4811/1/6131 
f 4811/1/6131 4953/1/6144 4954/1/6145 
f 4811/1/6131 4954/1/6145 4804/1/6146 
f 4804/1/6146 4954/1/6145 4955/1/6147 
f 4804/1/6146 4955/1/6147 4806/1/6141 
f 4806/1/6141 4955/1/6147 4956/1/6148 
f 4806/1/6141 4956/1/6148 4951/1/6142 
s 2
f 4957/1/6149 4958/1/6150 4959/1/6151 
f 4960/1/6152 4961/1/6153 4959/1/6151 
f 4959/1/6151 4961/1/6153 4962/1/6154 
f 4959/1/6151 4962/1/6154 4957/1/6149 
f 4957/1/6149 4962/1/6154 4702/1/5796 
s 4
f 4817/1/6155 4963/1/6156 4814/1/6157 
f 4814/1/6157 4963/1/6156 4964/1/6158 
f 4814/1/6157 4964/1/6158 4813/1/6132 
f 4813/1/6132 4964/1/6158 4947/1/6133 
s 2
f 4965/1/6159 4966/1/6160 4967/1/6161 
f 4682/1/5776 4968/1/6162 4967/1/6161 
f 4967/1/6161 4968/1/6162 4969/1/6163 
f 4967/1/6161 4969/1/6163 4965/1/6159 
f 4838/1/6018 4565/1/5599 4970/1/6164 
f 4970/1/6164 4565/1/5599 4683/1/5777 
f 4838/1/6018 4970/1/6164 4843/1/6023 
f 4965/1/6159 4971/1/6165 4966/1/6160 
f 4966/1/6160 4971/1/6165 4972/1/6166 
f 4966/1/6160 4972/1/6166 4973/1/6167 
f 4683/1/5777 4682/1/5776 4967/1/6161 
f 4683/1/5777 4967/1/6161 4970/1/6164 
f 4970/1/6164 4967/1/6161 4966/1/6160 
f 4970/1/6164 4966/1/6160 4843/1/6023 
f 4843/1/6023 4966/1/6160 4973/1/6167 
f 4843/1/6023 4973/1/6167 4844/1/6024 
f 4974/1/6168 4971/1/6165 4975/1/6169 
f 4975/1/6169 4971/1/6165 4965/1/6159 
f 4975/1/6169 4965/1/6159 4976/1/6170 
f 4976/1/6170 4965/1/6159 4977/1/6171 
f 4977/1/6171 4965/1/6159 4969/1/6163 
f 4977/1/6171 4969/1/6163 4961/1/6153 
f 4961/1/6153 4969/1/6163 4962/1/6154 
f 4962/1/6154 4969/1/6163 4968/1/6162 
f 4962/1/6154 4968/1/6162 4702/1/5796 
f 4702/1/5796 4968/1/6162 4682/1/5776 
f 4978/1/6172 4974/1/6168 4979/1/6173 
f 4979/1/6173 4974/1/6168 4975/1/6169 
f 4979/1/6173 4975/1/6169 4980/1/6174 
f 4980/1/6174 4975/1/6169 4976/1/6170 
f 4980/1/6174 4976/1/6170 4981/1/6175 
f 4981/1/6175 4976/1/6170 4977/1/6171 
f 4981/1/6175 4977/1/6171 4960/1/6152 
f 4960/1/6152 4977/1/6171 4961/1/6153 
s 4
f 4792/1/6176 4802/1/6140 4950/1/6139 
f 4982/1/6177 4776/1/6178 4983/1/6179 
f 4983/1/6179 4776/1/6178 4774/1/6180 
f 4983/1/6179 4774/1/6180 4984/1/6181 
f 4984/1/6181 4774/1/6180 4772/1/6182 
f 4984/1/6181 4772/1/6182 4985/1/6183 
f 4985/1/6183 4772/1/6182 4770/1/6184 
f 4985/1/6183 4770/1/6184 4986/1/6185 
f 4986/1/6185 4770/1/6184 4987/1/6186 
f 4770/1/6184 4768/1/6187 4987/1/6186 
f 4987/1/6186 4768/1/6187 4765/1/6188 
f 4987/1/6186 4765/1/6188 4988/1/6189 
f 4988/1/6189 4765/1/6188 4764/1/6190 
f 4988/1/6189 4764/1/6190 4989/1/6191 
f 4989/1/6191 4764/1/6190 4777/1/6192 
f 4989/1/6191 4777/1/6192 4990/1/6193 
f 4990/1/6193 4777/1/6192 4778/1/6194 
f 4990/1/6193 4778/1/6194 4991/1/6195 
f 4991/1/6195 4778/1/6194 4992/1/6196 
f 4992/1/6196 4778/1/6194 4781/1/6197 
f 4992/1/6196 4781/1/6197 4993/1/6198 
f 4781/1/6197 4783/1/6199 4993/1/6198 
f 4993/1/6198 4783/1/6199 4785/1/6200 
f 4993/1/6198 4785/1/6200 4994/1/6201 
f 4994/1/6201 4785/1/6200 4790/1/6202 
f 4994/1/6201 4790/1/6202 4995/1/6203 
f 4790/1/6202 4788/1/6204 4995/1/6203 
f 4995/1/6203 4788/1/6204 4788/1/6205 
f 4995/1/6203 4788/1/6205 4996/1/6206 
f 4996/1/6206 4788/1/6205 4796/1/6207 
f 4950/1/6139 4997/1/6208 4792/1/6176 
f 4792/1/6176 4997/1/6208 4998/1/6209 
f 4792/1/6176 4998/1/6209 4794/1/6210 
f 4794/1/6210 4998/1/6209 4999/1/6211 
f 4794/1/6210 4999/1/6211 4796/1/6207 
f 4796/1/6207 4999/1/6211 5000/1/6212 
f 4796/1/6207 5000/1/6212 4996/1/6206 
s 2
f 4959/1/6151 4950/1/6213 4949/1/6214 
f 4950/1/6213 4959/1/6151 4958/1/6150 
f 4980/1/6174 4981/1/6175 4952/1/6215 
f 4978/1/6172 4979/1/6173 4956/1/6216 
f 4956/1/6216 4979/1/6173 4980/1/6174 
f 4956/1/6216 4980/1/6174 4951/1/6217 
f 4951/1/6217 4980/1/6174 4952/1/6215 
f 4956/1/6216 4955/1/6218 4978/1/6172 
f 4978/1/6172 4955/1/6218 4954/1/6219 
f 4978/1/6172 4954/1/6219 5001/1/6220 
f 5001/1/6220 4954/1/6219 4953/1/6221 
f 5001/1/6220 4953/1/6221 4947/1/6222 
f 4949/1/6214 4948/1/6223 4959/1/6151 
f 4959/1/6151 4948/1/6223 4952/1/6215 
f 4959/1/6151 4952/1/6215 4960/1/6152 
f 4960/1/6152 4952/1/6215 4981/1/6175 
f 5002/1/6224 5003/1/6225 4708/1/5802 
f 5004/1/6226 5005/1/6227 5006/1/6228 
f 5007/1/6229 4711/1/5805 5008/1/6230 
f 5008/1/6230 4711/1/5805 4710/1/5804 
f 5008/1/6230 4710/1/5804 5003/1/6225 
f 5003/1/6225 4710/1/5804 4709/1/5803 
f 5003/1/6225 4709/1/5803 4708/1/5802 
f 4706/1/5800 4707/1/5801 5009/1/6231 
f 5009/1/6231 4707/1/5801 4715/1/5809 
f 5009/1/6231 4715/1/5809 5010/1/6232 
f 5010/1/6232 4715/1/5809 4714/1/5808 
f 5010/1/6232 4714/1/5808 5011/1/6233 
f 5011/1/6233 4714/1/5808 4713/1/5807 
f 5011/1/6233 4713/1/5807 5007/1/6229 
f 5007/1/6229 4713/1/5807 4712/1/5806 
f 5007/1/6229 4712/1/5806 4711/1/5805 
f 4705/1/5799 5012/1/6234 4704/1/5798 
f 4704/1/5798 5012/1/6234 5013/1/6235 
f 4704/1/5798 5013/1/6235 4703/1/5797 
f 4703/1/5797 5013/1/6235 4700/1/5794 
f 4700/1/5794 5013/1/6235 5014/1/6236 
f 4700/1/5794 5014/1/6236 4701/1/5795 
f 4701/1/5795 5014/1/6236 4702/1/5796 
f 4702/1/5796 5014/1/6236 4957/1/6149 
f 4958/1/6150 4957/1/6149 5014/1/6236 
f 5015/1/6237 5014/1/6236 5013/1/6235 
f 5016/1/6238 5017/1/6239 5012/1/6234 
f 5017/1/6239 5018/1/6240 5012/1/6234 
f 5012/1/6234 5018/1/6240 5019/1/6241 
f 5012/1/6234 5019/1/6241 5013/1/6235 
f 5013/1/6235 5019/1/6241 5020/1/6242 
f 5013/1/6235 5020/1/6242 5015/1/6237 
f 5021/1/6243 5022/1/6244 5010/1/6232 
f 5010/1/6232 5022/1/6244 5016/1/6238 
f 5010/1/6232 5016/1/6238 5009/1/6231 
f 5009/1/6231 5016/1/6238 5012/1/6234 
f 5009/1/6231 5012/1/6234 4706/1/5800 
f 4706/1/5800 5012/1/6234 4705/1/5799 
f 5021/1/6243 5010/1/6232 5023/1/6245 
f 5023/1/6245 5010/1/6232 5011/1/6233 
f 5023/1/6245 5011/1/6233 5024/1/6246 
f 5024/1/6246 5011/1/6233 5025/1/6247 
f 5025/1/6247 5011/1/6233 5007/1/6229 
f 5025/1/6247 5007/1/6229 5026/1/6248 
f 5026/1/6248 5007/1/6229 5008/1/6230 
f 5026/1/6248 5008/1/6230 5027/1/6249 
f 5002/1/6224 5004/1/6226 5003/1/6225 
f 5003/1/6225 5004/1/6226 5006/1/6228 
f 5003/1/6225 5006/1/6228 5008/1/6230 
f 5008/1/6230 5006/1/6228 5028/1/6250 
f 5008/1/6230 5028/1/6250 5027/1/6249 
s 1
f 5029/1/6251 5030/1/6252 4264/1/5296 
f 4257/1/5289 4748/1/5851 5031/1/6253 
f 4257/1/5289 5031/1/6253 4258/1/5290 
f 4258/1/5290 5031/1/6253 5032/1/6254 
f 4258/1/5290 5032/1/6254 4244/1/5276 
f 4244/1/5276 5032/1/6254 5033/1/6255 
f 4244/1/5276 5033/1/6255 4245/1/5277 
f 5033/1/6255 5034/1/6256 4245/1/5277 
f 4245/1/5277 5034/1/6256 5035/1/6257 
f 4245/1/5277 5035/1/6257 4264/1/5296 
f 4264/1/5296 5035/1/6257 5036/1/6258 
f 4264/1/5296 5036/1/6258 5029/1/6251 
s 2
f 5037/1/6259 4745/1/6260 4744/1/6261 
f 5038/1/6262 4747/1/6263 4746/1/6264 
f 4748/1/6265 4747/1/6263 5039/1/6266 
f 5039/1/6266 4747/1/6263 5038/1/6262 
f 5039/1/6266 5038/1/6262 5040/1/6267 
f 5041/1/6268 5042/1/6269 5043/1/6270 
f 5043/1/6270 5042/1/6269 5044/1/6271 
f 5045/1/6272 4738/1/6273 4740/1/6274 
f 4742/1/6275 4743/1/6276 5044/1/6271 
f 5044/1/6271 4743/1/6276 4753/1/6277 
f 5044/1/6271 4753/1/6277 4755/1/6278 
f 4631/1/5858 4752/1/5857 5046/1/6279 
f 5046/1/6279 4752/1/5857 4751/1/5856 
f 5046/1/6279 4751/1/5856 5045/1/6272 
f 5045/1/6272 4751/1/5856 4473/1/5860 
f 5045/1/6272 4473/1/5860 4738/1/6273 
f 5041/1/6268 5040/1/6267 5042/1/6269 
f 5042/1/6269 5040/1/6267 5038/1/6262 
f 5042/1/6269 5038/1/6262 5037/1/6259 
f 5037/1/6259 5038/1/6262 4746/1/6264 
f 5037/1/6259 4746/1/6264 4745/1/6260 
f 4744/1/6261 4631/1/5858 5037/1/6259 
f 5037/1/6259 4631/1/5858 5046/1/6279 
f 5037/1/6259 5046/1/6279 5042/1/6269 
f 5042/1/6269 5046/1/6279 5045/1/6272 
f 5042/1/6269 5045/1/6272 5044/1/6271 
f 5044/1/6271 5045/1/6272 4740/1/6274 
f 5044/1/6271 4740/1/6274 4742/1/6275 
s 4
f 4755/1/5866 4756/1/5867 5047/1/6280 
f 5047/1/6280 4756/1/5867 4849/1/6281 
f 5047/1/6280 4849/1/6281 5048/1/6282 
f 4903/1/6283 5049/1/6284 4849/1/6281 
f 4849/1/6281 5049/1/6284 5050/1/6285 
f 4849/1/6281 5050/1/6285 5048/1/6282 
s 2
f 4760/1/6286 4759/1/6287 5051/1/6288 
f 5051/1/6288 5052/1/6289 4760/1/6286 
f 4760/1/6286 5052/1/6289 4943/1/6127 
f 4760/1/6286 4943/1/6127 4761/1/6290 
f 4761/1/6290 4943/1/6127 4942/1/6126 
f 4661/1/5755 4659/1/5869 4946/1/6130 
f 4946/1/6130 4659/1/5869 4758/1/6291 
f 4946/1/6130 4758/1/6291 4945/1/6129 
f 4945/1/6129 4758/1/6291 4763/1/6292 
f 4945/1/6129 4763/1/6292 4942/1/6126 
f 4942/1/6126 4763/1/6292 4762/1/6293 
f 4942/1/6126 4762/1/6293 4761/1/6290 
s 1
f 4759/1/5899 4259/1/5291 5053/1/6294 
f 5053/1/6294 4259/1/5291 4264/1/5296 
f 5053/1/6294 4264/1/5296 5030/1/6252 
s 2
f 5054/1/6295 5033/1/6296 5032/1/6297 
f 5055/1/6298 5050/1/6299 5049/1/6300 
f 5055/1/6298 5049/1/6300 5056/1/6301 
f 5050/1/6299 5055/1/6298 5048/1/6302 
f 5048/1/6302 5055/1/6298 5057/1/6303 
f 5048/1/6302 5057/1/6303 5047/1/6304 
f 4755/1/6278 5047/1/6304 5044/1/6271 
f 5044/1/6271 5047/1/6304 5057/1/6303 
f 5044/1/6271 5057/1/6303 5043/1/6270 
f 5043/1/6270 5057/1/6303 5041/1/6268 
f 5058/1/6305 5059/1/6306 5060/1/6307 
f 5060/1/6307 5059/1/6306 5039/1/6266 
f 5060/1/6307 5039/1/6266 5040/1/6267 
f 5031/1/6308 4748/1/6265 5039/1/6266 
f 5033/1/6296 5054/1/6295 5034/1/6309 
f 5034/1/6309 5054/1/6295 5061/1/6310 
f 5034/1/6309 5061/1/6310 5035/1/6311 
f 5035/1/6311 5061/1/6310 5062/1/6312 
f 5035/1/6311 5062/1/6312 5036/1/6313 
f 5063/1/6314 5064/1/6315 5065/1/6316 
f 5065/1/6316 5064/1/6315 5030/1/6317 
f 5065/1/6316 5030/1/6317 5029/1/6318 
f 5066/1/6319 5067/1/6320 5068/1/6321 
f 5069/1/6322 5070/1/6323 5071/1/6324 
f 5071/1/6324 5070/1/6323 5072/1/6325 
f 5071/1/6324 5072/1/6325 5073/1/6326 
f 5040/1/6267 5041/1/6268 5060/1/6307 
f 5060/1/6307 5041/1/6268 5057/1/6303 
f 5060/1/6307 5057/1/6303 5058/1/6305 
f 5058/1/6305 5057/1/6303 5055/1/6298 
f 5058/1/6305 5055/1/6298 5072/1/6325 
f 5072/1/6325 5055/1/6298 5056/1/6301 
f 5072/1/6325 5056/1/6301 5073/1/6326 
f 5073/1/6326 5056/1/6301 5049/1/6300 
f 5067/1/6320 5063/1/6314 5068/1/6321 
f 5068/1/6321 5063/1/6314 5065/1/6316 
f 5068/1/6321 5065/1/6316 5074/1/6327 
f 5029/1/6318 5036/1/6313 5065/1/6316 
f 5065/1/6316 5036/1/6313 5062/1/6312 
f 5065/1/6316 5062/1/6312 5074/1/6327 
f 5074/1/6327 5062/1/6312 5061/1/6310 
f 5074/1/6327 5061/1/6310 5075/1/6328 
f 5075/1/6328 5061/1/6310 5054/1/6295 
f 5069/1/6322 5066/1/6319 5070/1/6323 
f 5070/1/6323 5066/1/6319 5068/1/6321 
f 5070/1/6323 5068/1/6321 5072/1/6325 
f 5072/1/6325 5068/1/6321 5074/1/6327 
f 5072/1/6325 5074/1/6327 5058/1/6305 
f 5058/1/6305 5074/1/6327 5075/1/6328 
f 5058/1/6305 5075/1/6328 5059/1/6306 
f 5059/1/6306 5075/1/6328 5054/1/6295 
f 5059/1/6306 5054/1/6295 5039/1/6266 
f 5039/1/6266 5054/1/6295 5032/1/6297 
f 5039/1/6266 5032/1/6297 5031/1/6308 
f 5076/1/6329 5077/1/6330 5078/1/6331 
f 5078/1/6331 5077/1/6330 5079/1/6332 
f 5080/1/6333 5081/1/6334 5082/1/6335 
f 5082/1/6335 5081/1/6334 5083/1/6336 
f 5082/1/6335 5083/1/6336 5084/1/6337 
f 5084/1/6337 5083/1/6336 5085/1/6338 
f 5084/1/6337 5085/1/6338 5077/1/6330 
f 5077/1/6330 5085/1/6338 5086/1/6339 
f 5077/1/6330 5086/1/6339 5079/1/6332 
f 5087/1/6340 5088/1/6341 5080/1/6333 
f 5080/1/6333 5088/1/6341 5089/1/6342 
f 5080/1/6333 5089/1/6342 5081/1/6334 
f 5090/1/6343 5091/1/6344 5087/1/6340 
f 5087/1/6340 5091/1/6344 5092/1/6345 
f 5087/1/6340 5092/1/6345 5088/1/6341 
f 5093/1/6346 5094/1/6347 5095/1/6348 
f 5093/1/6346 5095/1/6348 5096/1/6349 
f 5096/1/6349 5095/1/6348 5097/1/6350 
f 5096/1/6349 5097/1/6350 5090/1/6343 
f 5090/1/6343 5097/1/6350 5098/1/6351 
f 5090/1/6343 5098/1/6351 5091/1/6344 
f 5099/1/6352 5100/1/6353 5099/1/6354 
f 5101/1/6355 5102/1/6356 5099/1/6354 
f 4927/1/6111 5103/1/6357 5101/1/6355 
f 5101/1/6355 5103/1/6357 5102/1/6356 
f 5104/1/6358 4919/1/6103 5105/1/6359 
f 5105/1/6359 4919/1/6103 4921/1/6105 
f 5105/1/6359 4921/1/6105 5106/1/6360 
f 5106/1/6360 4921/1/6105 4922/1/6106 
f 5106/1/6360 4922/1/6106 5101/1/6355 
f 5101/1/6355 4922/1/6106 4925/1/6109 
f 5101/1/6355 4925/1/6109 4927/1/6111 
f 5107/1/6361 4916/1/6100 5104/1/6358 
f 5104/1/6358 4916/1/6100 4918/1/6102 
f 5104/1/6358 4918/1/6102 4919/1/6103 
f 4906/1/6090 4913/1/6097 5107/1/6361 
f 5107/1/6361 4913/1/6097 4914/1/6098 
f 5107/1/6361 4914/1/6098 4916/1/6100 
f 4909/1/6093 4907/1/6091 5108/1/6362 
f 5108/1/6362 4907/1/6091 4906/1/6090 
f 5108/1/6362 4906/1/6090 5109/1/6363 
f 5109/1/6363 4906/1/6090 5107/1/6361 
f 4909/1/6093 5108/1/6362 4910/1/6094 
f 4910/1/6094 5108/1/6362 5110/1/6364 
f 4910/1/6094 5110/1/6364 4911/1/6095 
f 4911/1/6095 5110/1/6364 4905/1/6089 
f 4905/1/6089 5110/1/6364 5111/1/6365 
f 4905/1/6089 5111/1/6365 4708/1/5802 
f 5078/1/6331 5005/1/6227 5076/1/6329 
f 5076/1/6329 5005/1/6227 5004/1/6226 
f 5076/1/6329 5004/1/6226 5002/1/6224 
f 5100/1/6353 5094/1/6347 5099/1/6354 
f 5099/1/6354 5094/1/6347 5093/1/6346 
f 5099/1/6354 5093/1/6346 5101/1/6355 
f 5101/1/6355 5093/1/6346 5096/1/6349 
f 5101/1/6355 5096/1/6349 5106/1/6360 
f 5106/1/6360 5096/1/6349 5090/1/6343 
f 5106/1/6360 5090/1/6343 5105/1/6359 
f 5105/1/6359 5090/1/6343 5087/1/6340 
f 5105/1/6359 5087/1/6340 5104/1/6358 
f 5104/1/6358 5087/1/6340 5080/1/6333 
f 5104/1/6358 5080/1/6333 5107/1/6361 
f 5107/1/6361 5080/1/6333 5082/1/6335 
f 5107/1/6361 5082/1/6335 5109/1/6363 
f 5109/1/6363 5082/1/6335 5084/1/6337 
f 5109/1/6363 5084/1/6337 5108/1/6362 
f 5108/1/6362 5084/1/6337 5077/1/6330 
f 5108/1/6362 5077/1/6330 5110/1/6364 
f 5110/1/6364 5077/1/6330 5076/1/6329 
f 5110/1/6364 5076/1/6329 5111/1/6365 
f 5111/1/6365 5076/1/6329 5002/1/6224 
f 5111/1/6365 5002/1/6224 4708/1/5802 
f 5112/1/6366 5103/1/6357 4927/1/6111 
f 5112/1/6366 5113/1/6367 5103/1/6357 
f 5103/1/6357 5113/1/6367 5114/1/6368 
f 5103/1/6357 5114/1/6368 5102/1/6356 
f 5115/1/6369 5100/1/6353 5116/1/6370 
s 1
f 5116/1/6371 5100/1/6371 5099/1/6371 
s 2
f 5116/1/6370 5099/1/6352 5114/1/6368 
f 5114/1/6368 5099/1/6352 5099/1/6354 
f 5114/1/6368 5099/1/6354 5102/1/6356 
f 5113/1/6367 5112/1/6366 5117/1/6372 
f 5118/1/6373 5115/1/6369 5116/1/6370 
f 5118/1/6373 5116/1/6370 5117/1/6372 
f 5117/1/6372 5116/1/6370 5114/1/6368 
f 5117/1/6372 5114/1/6368 5113/1/6367 
f 5119/1/6374 5120/1/6375 5121/1/6376 
f 5121/1/6376 5120/1/6375 5122/1/6377 
f 5121/1/6376 5122/1/6377 5117/1/6372 
f 5117/1/6372 5122/1/6377 5123/1/6378 
f 5117/1/6372 5123/1/6378 5118/1/6373 
f 5112/1/6366 5124/1/6379 5117/1/6372 
f 5117/1/6372 5124/1/6379 5125/1/6380 
f 5117/1/6372 5125/1/6380 5121/1/6376 
f 4927/1/6111 4926/1/6110 5112/1/6366 
f 5112/1/6366 4926/1/6110 5126/1/6381 
f 5112/1/6366 5126/1/6381 5124/1/6379 
f 5127/1/6382 5125/1/6380 5124/1/6379 
f 5128/1/6383 5124/1/6379 5126/1/6381 
f 5128/1/6383 4940/1/6124 5124/1/6379 
f 5124/1/6379 4940/1/6124 4939/1/6123 
f 5124/1/6379 4939/1/6123 5127/1/6382 
f 5127/1/6382 4939/1/6123 4938/1/6122 
f 5126/1/6381 4926/1/6110 5128/1/6383 
f 5128/1/6383 4926/1/6110 4935/1/6119 
f 5128/1/6383 4935/1/6119 4940/1/6124 
f 4940/1/6124 4935/1/6119 4663/1/5757 
f 5129/1/6384 5052/1/6289 5051/1/6288 
f 5130/1/6385 5131/1/6386 5132/1/6387 
f 5132/1/6387 5131/1/6386 5129/1/6384 
f 5132/1/6387 5129/1/6384 5133/1/6388 
f 5133/1/6388 5129/1/6384 5051/1/6288 
f 4943/1/6127 5052/1/6289 4944/1/6128 
f 4944/1/6128 5052/1/6289 5129/1/6384 
f 4944/1/6128 5129/1/6384 4937/1/6121 
f 4937/1/6121 5129/1/6384 5131/1/6386 
f 4937/1/6121 5131/1/6386 4938/1/6122 
f 4938/1/6122 5131/1/6386 5130/1/6385 
f 5049/1/6300 5134/1/6389 5073/1/6326 
f 5073/1/6326 5134/1/6389 5135/1/6390 
f 5136/1/6391 5137/1/6392 5138/1/6393 
f 5138/1/6393 5137/1/6392 5071/1/6324 
f 5138/1/6393 5071/1/6324 5139/1/6394 
f 5139/1/6394 5071/1/6324 5073/1/6326 
f 5139/1/6394 5073/1/6326 5140/1/6395 
f 5140/1/6395 5073/1/6326 5135/1/6390 
f 5067/1/6320 5066/1/6319 5137/1/6392 
f 5137/1/6392 5066/1/6319 5069/1/6322 
f 5137/1/6392 5069/1/6322 5071/1/6324 
f 5064/1/6315 5063/1/6314 5141/1/6396 
f 5141/1/6396 5142/1/6397 5064/1/6315 
f 5064/1/6315 5142/1/6397 5053/1/6398 
f 5064/1/6315 5053/1/6398 5030/1/6317 
f 5136/1/6391 5143/1/6399 5137/1/6392 
f 5137/1/6392 5143/1/6399 5141/1/6396 
f 5137/1/6392 5141/1/6396 5067/1/6320 
f 5067/1/6320 5141/1/6396 5063/1/6314 
f 5143/1/6399 5130/1/6385 5141/1/6396 
f 5141/1/6396 5130/1/6385 5132/1/6387 
f 5141/1/6396 5132/1/6387 5142/1/6397 
f 5142/1/6397 5132/1/6387 5133/1/6388 
f 5142/1/6397 5133/1/6388 5053/1/6398 
f 5053/1/6398 5133/1/6388 5051/1/6288 
f 5053/1/6398 5051/1/6288 4759/1/6287 
s 4
f 4902/1/6400 4901/1/6401 5135/1/6402 
f 4902/1/6400 5135/1/6402 4903/1/6283 
f 4903/1/6283 5135/1/6402 5134/1/6403 
f 4903/1/6283 5134/1/6403 5049/1/6284 
f 4875/1/6404 4877/1/6405 5144/1/6406 
f 5144/1/6406 4877/1/6405 5145/1/6407 
f 5145/1/6407 4877/1/6405 5146/1/6408 
f 5146/1/6408 4877/1/6405 4879/1/6409 
f 5146/1/6408 4879/1/6409 5147/1/6410 
f 5147/1/6410 4879/1/6409 4881/1/6411 
f 5147/1/6410 4881/1/6411 5148/1/6412 
f 5148/1/6412 4881/1/6411 5149/1/6413 
f 5149/1/6413 4881/1/6411 4883/1/6414 
f 5149/1/6413 4883/1/6414 5150/1/6415 
f 5150/1/6415 4883/1/6414 4885/1/6416 
f 5150/1/6415 4885/1/6416 5151/1/6417 
f 4866/1/6418 5152/1/6419 4864/1/6420 
f 4864/1/6420 5152/1/6419 5153/1/6421 
f 4864/1/6420 5153/1/6421 4885/1/6416 
f 4885/1/6416 5153/1/6421 5154/1/6422 
f 4885/1/6416 5154/1/6422 5151/1/6417 
f 4858/1/6423 5155/1/6424 4859/1/6425 
f 4859/1/6425 5155/1/6424 5156/1/6426 
f 4859/1/6425 5156/1/6426 4862/1/6427 
f 4862/1/6427 5156/1/6426 5157/1/6428 
f 4862/1/6427 5157/1/6428 4866/1/6418 
f 4866/1/6418 5157/1/6428 5158/1/6429 
f 4866/1/6418 5158/1/6429 5152/1/6419 
f 4776/1/6178 4982/1/6177 4852/1/6430 
f 4852/1/6430 4982/1/6177 5159/1/6431 
f 4852/1/6430 5159/1/6431 4850/1/6432 
f 4850/1/6432 5159/1/6431 5160/1/6433 
f 4850/1/6432 5160/1/6433 4856/1/6434 
f 4856/1/6434 5160/1/6433 5161/1/6435 
f 4856/1/6434 5161/1/6435 4855/1/6436 
f 4855/1/6436 5161/1/6435 5162/1/6437 
f 4855/1/6436 5162/1/6437 4858/1/6423 
f 4858/1/6423 5162/1/6437 5163/1/6438 
f 4858/1/6423 5163/1/6438 5155/1/6424 
s 2
f 5005/1/6227 4982/1/6439 4983/1/6440 
f 5006/1/6228 5005/1/6227 4983/1/6440 
f 5006/1/6228 4983/1/6440 5028/1/6250 
f 5028/1/6250 4983/1/6440 4984/1/6441 
f 5028/1/6250 4984/1/6441 5027/1/6249 
f 5027/1/6249 4984/1/6441 4985/1/6442 
f 4989/1/6443 5021/1/6243 4988/1/6444 
f 4988/1/6444 5021/1/6243 5023/1/6245 
f 4988/1/6444 5023/1/6245 4987/1/6445 
f 4987/1/6445 5023/1/6245 5024/1/6246 
f 4987/1/6445 5024/1/6246 4986/1/6446 
f 4986/1/6446 5024/1/6246 5025/1/6247 
f 4986/1/6446 5025/1/6247 4985/1/6442 
f 4985/1/6442 5025/1/6247 5026/1/6248 
f 4985/1/6442 5026/1/6248 5027/1/6249 
f 5018/1/6240 5017/1/6239 4990/1/6447 
f 4990/1/6447 5017/1/6239 5016/1/6238 
f 4990/1/6447 5016/1/6238 4989/1/6443 
f 4989/1/6443 5016/1/6238 5022/1/6244 
f 4989/1/6443 5022/1/6244 5021/1/6243 
f 4990/1/6447 4991/1/6448 5018/1/6240 
f 5018/1/6240 4991/1/6448 4992/1/6449 
f 5018/1/6240 4992/1/6449 5019/1/6241 
f 5019/1/6241 4992/1/6449 5020/1/6242 
f 4992/1/6449 4993/1/6450 5020/1/6242 
f 5020/1/6242 4993/1/6450 4994/1/6451 
f 5020/1/6242 4994/1/6451 5015/1/6237 
f 5015/1/6237 4994/1/6451 4995/1/6452 
f 5015/1/6237 4995/1/6452 4996/1/6453 
f 5015/1/6237 4958/1/6150 5014/1/6236 
f 4996/1/6453 5000/1/6454 5015/1/6237 
f 5015/1/6237 5000/1/6454 4999/1/6455 
f 5015/1/6237 4999/1/6455 4998/1/6456 
f 4998/1/6456 4997/1/6457 5015/1/6237 
f 5015/1/6237 4997/1/6457 4950/1/6213 
f 5015/1/6237 4950/1/6213 4958/1/6150 
s 4
f 4893/1/6458 4869/1/6459 5164/1/6460 
f 5164/1/6460 5165/1/6461 4893/1/6458 
f 4893/1/6458 5165/1/6461 5166/1/6462 
f 4893/1/6458 5166/1/6462 4892/1/6463 
f 4892/1/6463 5166/1/6462 5167/1/6464 
f 4892/1/6463 5167/1/6464 4890/1/6465 
f 4890/1/6465 5167/1/6464 5168/1/6466 
f 4890/1/6465 5168/1/6466 4888/1/6467 
f 4888/1/6467 5168/1/6466 5169/1/6468 
f 4888/1/6467 5169/1/6468 4898/1/6469 
f 4898/1/6469 5169/1/6468 5170/1/6470 
f 4875/1/6404 5144/1/6406 4873/1/6471 
f 4873/1/6471 5144/1/6406 5171/1/6472 
f 4873/1/6471 5171/1/6472 4871/1/6473 
f 4871/1/6473 5171/1/6472 5172/1/6474 
f 4871/1/6473 5172/1/6474 4869/1/6459 
f 4869/1/6459 5172/1/6474 5173/1/6475 
f 4869/1/6459 5173/1/6475 5164/1/6460 
s 2
f 5148/1/6476 5149/1/6477 5094/1/6347 
f 5150/1/6478 5097/1/6350 5149/1/6477 
f 5149/1/6477 5097/1/6350 5095/1/6348 
f 5149/1/6477 5095/1/6348 5094/1/6347 
f 5150/1/6478 5151/1/6479 5097/1/6350 
f 5097/1/6350 5151/1/6479 5154/1/6480 
f 5097/1/6350 5154/1/6480 5098/1/6351 
f 5098/1/6351 5154/1/6480 5153/1/6481 
f 5098/1/6351 5153/1/6481 5091/1/6344 
f 5091/1/6344 5153/1/6481 5152/1/6482 
f 5091/1/6344 5152/1/6482 5092/1/6345 
f 5092/1/6345 5152/1/6482 5158/1/6483 
f 5092/1/6345 5158/1/6483 5088/1/6341 
f 5088/1/6341 5158/1/6483 5157/1/6484 
f 5088/1/6341 5157/1/6484 5089/1/6342 
f 5089/1/6342 5157/1/6484 5156/1/6485 
f 5089/1/6342 5156/1/6485 5081/1/6334 
f 5081/1/6334 5156/1/6485 5155/1/6486 
f 5081/1/6334 5155/1/6486 5083/1/6336 
f 5083/1/6336 5155/1/6486 5163/1/6487 
f 5083/1/6336 5163/1/6487 5085/1/6338 
f 5085/1/6338 5163/1/6487 5162/1/6488 
f 5085/1/6338 5162/1/6488 5086/1/6339 
f 5086/1/6339 5162/1/6488 5161/1/6489 
f 4982/1/6439 5005/1/6227 5159/1/6490 
f 5159/1/6490 5005/1/6227 5160/1/6491 
f 5160/1/6491 5005/1/6227 5078/1/6331 
f 5160/1/6491 5078/1/6331 5161/1/6489 
f 5161/1/6489 5078/1/6331 5079/1/6332 
f 5161/1/6489 5079/1/6332 5086/1/6339 
f 5094/1/6347 5100/1/6353 5144/1/6492 
f 5094/1/6347 5144/1/6492 5145/1/6493 
f 5145/1/6493 5146/1/6494 5094/1/6347 
f 5094/1/6347 5146/1/6494 5147/1/6495 
f 5094/1/6347 5147/1/6495 5148/1/6476 
s 4
f 4898/1/6469 5170/1/6470 4896/1/6496 
f 4896/1/6496 5170/1/6470 5174/1/6497 
f 4896/1/6496 5174/1/6497 4901/1/6401 
f 4901/1/6401 5174/1/6497 5135/1/6402 
s 2
f 5120/1/6375 5168/1/6498 5122/1/6377 
f 5175/1/6499 5170/1/6500 5169/1/6501 
f 5119/1/6374 5175/1/6499 5120/1/6375 
f 5120/1/6375 5175/1/6499 5169/1/6501 
f 5120/1/6375 5169/1/6501 5168/1/6498 
f 5122/1/6377 5168/1/6498 5167/1/6502 
f 5122/1/6377 5167/1/6502 5123/1/6378 
f 5123/1/6378 5167/1/6502 5118/1/6373 
f 5118/1/6373 5167/1/6502 5166/1/6503 
f 5118/1/6373 5166/1/6503 5165/1/6504 
f 5100/1/6353 5173/1/6505 5172/1/6506 
f 5172/1/6506 5171/1/6507 5100/1/6353 
f 5100/1/6353 5171/1/6507 5144/1/6492 
f 5173/1/6505 5100/1/6353 5164/1/6508 
f 5164/1/6508 5100/1/6353 5115/1/6369 
f 5164/1/6508 5115/1/6369 5165/1/6504 
f 5165/1/6504 5115/1/6369 5118/1/6373 
f 5174/1/6509 5170/1/6500 5175/1/6499 
f 5136/1/6391 5138/1/6393 5175/1/6499 
f 5175/1/6499 5138/1/6393 5139/1/6394 
f 5175/1/6499 5139/1/6394 5174/1/6509 
f 5174/1/6509 5139/1/6394 5140/1/6395 
f 5174/1/6509 5140/1/6395 5135/1/6390 
f 5130/1/6385 5119/1/6374 5121/1/6376 
f 5121/1/6376 5125/1/6380 5130/1/6385 
f 5130/1/6385 5125/1/6380 5127/1/6382 
f 5130/1/6385 5127/1/6382 4938/1/6122 
f 5119/1/6374 5130/1/6385 5175/1/6499 
f 5175/1/6499 5130/1/6385 5143/1/6399 
f 5175/1/6499 5143/1/6399 5136/1/6391 
s 4
f 4823/1/6510 4720/1/5814 4721/1/5815 
f 5176/1/6511 4820/1/6512 5177/1/6513 
f 5177/1/6513 4820/1/6512 4823/1/6510 
f 5177/1/6513 4823/1/6510 5178/1/6514 
f 5178/1/6514 4823/1/6510 4721/1/5815 
s 2
f 4727/1/6515 4420/1/5834 4729/1/5824 
f 4735/1/6516 4734/1/6517 5179/1/6518 
f 5180/1/6519 4733/1/6520 5181/1/6521 
f 5181/1/6521 4733/1/6520 4732/1/6522 
f 4727/1/6515 5182/1/6523 4725/1/6524 
f 4721/1/6525 4719/1/6526 5183/1/6527 
f 5183/1/6527 4719/1/6526 4717/1/6528 
f 4717/1/6528 5182/1/6523 5183/1/6527 
f 5183/1/6527 5182/1/6523 5184/1/6529 
f 5183/1/6527 5184/1/6529 5185/1/6530 
f 5185/1/6530 5184/1/6529 5186/1/6531 
f 5186/1/6531 5184/1/6529 5179/1/6518 
f 5186/1/6531 5179/1/6518 5180/1/6519 
f 5180/1/6519 5179/1/6518 4734/1/6517 
f 5180/1/6519 4734/1/6517 4733/1/6520 
f 4717/1/6528 4722/1/6532 5182/1/6523 
f 5182/1/6523 4722/1/6532 4725/1/6524 
f 5182/1/6523 4729/1/5824 5184/1/6529 
f 5184/1/6529 4729/1/5824 5179/1/6518 
f 5179/1/6518 4729/1/5824 4728/1/5823 
f 5179/1/6518 4728/1/5823 4735/1/6516 
f 4735/1/6516 4728/1/5823 4624/1/5826 
s 1
f 4246/1/5278 5187/1/6533 4256/1/5288 
f 4256/1/5288 5187/1/6533 4732/1/5835 
f 4256/1/5288 4732/1/5835 4242/1/5274 
f 4254/1/5286 5188/1/6534 4255/1/5287 
f 4255/1/5287 5188/1/6534 5189/1/6535 
f 4255/1/5287 5189/1/6535 4248/1/5280 
f 4248/1/5280 5189/1/6535 5190/1/6536 
f 4248/1/5280 5190/1/6536 4246/1/5278 
f 4246/1/5278 5190/1/6536 5191/1/6537 
f 4246/1/5278 5191/1/6537 5187/1/6533 
s 2
f 4963/1/6538 5192/1/6539 4964/1/6540 
f 4964/1/6540 5192/1/6539 4947/1/6222 
f 4947/1/6222 5192/1/6539 5001/1/6220 
f 5001/1/6220 5192/1/6539 5193/1/6541 
f 5001/1/6220 5193/1/6541 4978/1/6172 
f 4978/1/6172 5193/1/6541 5194/1/6542 
f 4978/1/6172 5194/1/6542 5195/1/6543 
f 5195/1/6543 5196/1/6544 4978/1/6172 
f 4978/1/6172 5196/1/6544 5197/1/6545 
f 4978/1/6172 5197/1/6545 5198/1/6546 
f 4972/1/6166 5198/1/6546 4973/1/6167 
f 4973/1/6167 5198/1/6546 4844/1/6024 
f 4972/1/6166 4971/1/6165 5198/1/6546 
f 5198/1/6546 4971/1/6165 4974/1/6168 
f 5198/1/6546 4974/1/6168 4978/1/6172 
s 4
f 4820/1/6512 5176/1/6511 4819/1/6547 
f 4819/1/6547 5176/1/6511 5199/1/6548 
f 4819/1/6547 5199/1/6548 4817/1/6155 
f 4817/1/6155 5199/1/6548 4963/1/6156 
s 2
f 5200/1/6549 5201/1/6550 5202/1/6551 
f 5203/1/6552 5204/1/6553 5187/1/6554 
f 5205/1/6555 5206/1/6556 5189/1/6557 
f 5189/1/6557 5206/1/6556 5207/1/6558 
f 5189/1/6557 5207/1/6558 5190/1/6559 
f 5190/1/6559 5207/1/6558 5191/1/6560 
f 4732/1/6522 5187/1/6554 5181/1/6521 
f 5181/1/6521 5187/1/6554 5204/1/6553 
f 5181/1/6521 5204/1/6553 5180/1/6519 
f 5180/1/6519 5204/1/6553 5186/1/6531 
f 5183/1/6527 5185/1/6530 5208/1/6561 
f 5208/1/6561 5185/1/6530 5209/1/6562 
f 5208/1/6561 5209/1/6562 5210/1/6563 
f 5211/1/6564 5212/1/6565 5213/1/6566 
f 5213/1/6566 5212/1/6565 5176/1/6567 
f 5213/1/6566 5176/1/6567 5214/1/6568 
f 5214/1/6568 5176/1/6567 5177/1/6569 
f 5214/1/6568 5177/1/6569 5178/1/6570 
f 4721/1/6525 5183/1/6527 5178/1/6570 
f 5178/1/6570 5183/1/6527 5208/1/6561 
f 5178/1/6570 5208/1/6561 5214/1/6568 
f 5214/1/6568 5208/1/6561 5210/1/6563 
f 5214/1/6568 5210/1/6563 5213/1/6566 
f 5213/1/6566 5210/1/6563 5202/1/6551 
f 5213/1/6566 5202/1/6551 5211/1/6564 
f 5211/1/6564 5202/1/6551 5201/1/6550 
f 5187/1/6554 5191/1/6560 5203/1/6552 
f 5203/1/6552 5191/1/6560 5207/1/6558 
f 5203/1/6552 5207/1/6558 5215/1/6571 
f 5215/1/6571 5207/1/6558 5206/1/6556 
f 5215/1/6571 5206/1/6556 5216/1/6572 
f 5216/1/6572 5206/1/6556 5205/1/6555 
f 5185/1/6530 5186/1/6531 5209/1/6562 
f 5209/1/6562 5186/1/6531 5204/1/6553 
f 5209/1/6562 5204/1/6553 5210/1/6563 
f 5210/1/6563 5204/1/6553 5203/1/6552 
f 5210/1/6563 5203/1/6552 5202/1/6551 
f 5202/1/6551 5203/1/6552 5215/1/6571 
f 5202/1/6551 5215/1/6571 5200/1/6549 
f 5200/1/6549 5215/1/6571 5216/1/6572 
f 5200/1/6549 5216/1/6572 5217/1/6573 
f 5217/1/6573 5216/1/6572 5205/1/6555 
f 5217/1/6573 5205/1/6555 5218/1/6574 
f 5218/1/6574 5205/1/6555 5189/1/6557 
f 5218/1/6574 5189/1/6557 5188/1/6575 
s 1
f 5188/1/6534 4254/1/5286 5219/1/6576 
f 5219/1/6576 4254/1/5286 4253/1/5285 
f 5219/1/6576 4253/1/5285 4824/1/5971 
s 2
f 4824/1/6577 4825/1/6578 5220/1/6579 
f 5220/1/6579 4825/1/6578 4826/1/6580 
f 5220/1/6579 4826/1/6580 5221/1/6581 
f 5221/1/6581 4826/1/6580 4827/1/6582 
f 5221/1/6581 4827/1/6582 5222/1/6583 
f 5222/1/6583 4827/1/6582 4828/1/6584 
f 5222/1/6583 4828/1/6584 4590/1/6017 
f 4590/1/6017 4562/1/5596 5222/1/6583 
f 5222/1/6583 4562/1/5596 4839/1/6019 
f 5222/1/6583 4839/1/6019 5221/1/6581 
f 5221/1/6581 4839/1/6019 4842/1/6022 
f 5221/1/6581 4842/1/6022 5220/1/6579 
f 5220/1/6579 4842/1/6022 4846/1/6026 
f 5220/1/6579 4846/1/6026 4824/1/6577 
f 4824/1/6577 4846/1/6026 5223/1/6585 
f 5196/1/6544 5224/1/6586 5197/1/6545 
f 5197/1/6545 5224/1/6586 5225/1/6587 
f 5197/1/6545 5225/1/6587 5198/1/6546 
f 5198/1/6546 5225/1/6587 4844/1/6024 
f 4844/1/6024 5225/1/6587 5226/1/6588 
f 4844/1/6024 5226/1/6588 4845/1/6025 
f 5226/1/6588 5227/1/6589 4845/1/6025 
f 4845/1/6025 5227/1/6589 5223/1/6585 
f 4845/1/6025 5223/1/6585 4846/1/6026 
f 5226/1/6588 5225/1/6587 5228/1/6590 
f 5199/1/6591 5176/1/6567 5212/1/6565 
f 4963/1/6538 5199/1/6591 5192/1/6539 
f 5192/1/6539 5199/1/6591 5212/1/6565 
f 5192/1/6539 5212/1/6565 5193/1/6541 
f 5193/1/6541 5212/1/6565 5211/1/6564 
f 5193/1/6541 5211/1/6564 5201/1/6550 
f 5225/1/6587 5224/1/6586 5228/1/6590 
f 5228/1/6590 5224/1/6586 5196/1/6544 
f 5228/1/6590 5196/1/6544 5229/1/6592 
f 5229/1/6592 5196/1/6544 5195/1/6543 
f 5229/1/6592 5195/1/6543 5194/1/6542 
f 5226/1/6588 5228/1/6590 5227/1/6589 
f 5227/1/6589 5228/1/6590 5230/1/6593 
f 5227/1/6589 5230/1/6593 5223/1/6585 
f 5218/1/6574 5188/1/6575 5219/1/6594 
f 4824/1/6577 5223/1/6585 5219/1/6594 
f 5219/1/6594 5223/1/6585 5230/1/6593 
f 5219/1/6594 5230/1/6593 5218/1/6574 
f 5218/1/6574 5230/1/6593 5228/1/6590 
f 5218/1/6574 5228/1/6590 5217/1/6573 
f 5217/1/6573 5228/1/6590 5200/1/6549 
f 5200/1/6549 5228/1/6590 5229/1/6592 
f 5200/1/6549 5229/1/6592 5201/1/6550 
f 5201/1/6550 5229/1/6592 5194/1/6542 
f 5201/1/6550 5194/1/6542 5193/1/6541 
s 1
f 4378/1/6595 3095/1/6596 4376/1/6597 
f 4376/1/6597 3095/1/6596 5231/1/6598 
f 4521/1/6599 4523/1/6600 5232/1/6601 
f 5232/1/6601 4523/1/6600 4525/1/6602 
f 5232/1/6601 4525/1/6602 5233/1/6603 
f 5233/1/6603 4525/1/6602 4369/1/6604 
f 5233/1/6603 4369/1/6604 5234/1/6605 
f 5234/1/6605 4369/1/6604 4371/1/6606 
f 5234/1/6605 4371/1/6606 5235/1/6607 
f 5235/1/6607 4371/1/6606 4373/1/6608 
f 5235/1/6607 4373/1/6608 5231/1/6598 
f 5231/1/6598 4373/1/6608 4374/1/6609 
f 5231/1/6598 4374/1/6609 4376/1/6597 
f 5232/1/6601 5236/1/6610 4521/1/6599 
f 4521/1/6599 5236/1/6610 5237/1/6611 
f 4521/1/6599 5237/1/6611 4519/1/6612 
f 4519/1/6612 5237/1/6611 5238/1/6613 
f 4519/1/6612 5238/1/6613 4516/1/6614 
f 4516/1/6614 5238/1/6613 5239/1/6615 
f 4516/1/6614 5239/1/6615 4514/1/6616 
f 4514/1/6616 5239/1/6615 5240/1/6617 
f 4514/1/6616 5240/1/6617 4512/1/6618 
f 4512/1/6618 5240/1/6617 5241/1/6619 
f 4512/1/6618 5241/1/6619 4510/1/6620 
f 5241/1/6619 5242/1/6621 4510/1/6620 
f 4510/1/6620 5242/1/6621 5243/1/6622 
f 4510/1/6620 5243/1/6622 4508/1/6623 
f 4508/1/6623 5243/1/6622 5244/1/6624 
f 4508/1/6623 5244/1/6624 4506/1/6625 
f 4506/1/6625 5244/1/6624 5245/1/6626 
f 4506/1/6625 5245/1/6626 4505/1/6627 
f 4505/1/6627 5245/1/6626 5246/1/6628 
f 4505/1/6627 5246/1/6628 4504/1/6629 
f 4504/1/6629 5246/1/6628 4502/1/6630 
f 4502/1/6630 5246/1/6628 5247/1/6631 
f 4502/1/6630 5247/1/6631 4500/1/6632 
f 4500/1/6632 5247/1/6631 5248/1/6633 
f 4500/1/6632 5248/1/6633 4498/1/6634 
f 5248/1/6633 5249/1/6635 4498/1/6634 
f 4498/1/6634 5249/1/6635 2796/1/6636 
f 4498/1/6634 2796/1/6636 4496/1/6637 
f 4496/1/6637 2796/1/6636 5250/1/6638 
f 4496/1/6637 5250/1/6638 4493/1/6639 
f 5251/1/6640 4480/1/6641 4479/1/6642 
f 5251/1/6640 4479/1/6642 5252/1/6643 
f 4479/1/6642 4484/1/6644 5252/1/6643 
f 5252/1/6643 4484/1/6644 4486/1/6645 
f 5252/1/6643 4486/1/6645 5253/1/6646 
f 5253/1/6646 4486/1/6645 4487/1/6647 
f 5253/1/6646 4487/1/6647 5254/1/6648 
f 5254/1/6648 4487/1/6647 4489/1/6649 
f 5254/1/6648 4489/1/6649 5250/1/6638 
f 5250/1/6638 4489/1/6649 4491/1/6650 
f 5250/1/6638 4491/1/6650 4493/1/6639 
f 4478/1/6651 4477/1/6652 5255/1/6653 
f 5255/1/6653 4477/1/6652 4475/1/6654 
f 5255/1/6653 4475/1/6654 5256/1/6655 
f 4475/1/6654 4474/1/6656 5256/1/6655 
f 5256/1/6655 4474/1/6656 4483/1/6657 
f 5256/1/6655 4483/1/6657 5251/1/6640 
f 5251/1/6640 4483/1/6657 4482/1/6658 
f 5251/1/6640 4482/1/6658 4480/1/6641 
f 4736/1/6659 4472/1/6660 5257/1/6661 
f 5257/1/6661 4472/1/6660 4470/1/6662 
f 5257/1/6661 4470/1/6662 5255/1/6653 
f 5255/1/6653 4470/1/6662 4469/1/6663 
f 5255/1/6653 4469/1/6663 4478/1/6651 
f 2811/1/6664 2810/1/6086 4741/1/6085 
f 4736/1/6659 5257/1/6661 4737/1/6665 
f 4737/1/6665 5257/1/6661 5258/1/6666 
f 4737/1/6665 5258/1/6666 4739/1/6667 
f 4739/1/6667 5258/1/6666 5259/1/6668 
f 4739/1/6667 5259/1/6668 4741/1/6085 
f 4741/1/6085 5259/1/6668 2805/1/6669 
f 4741/1/6085 2805/1/6669 2811/1/6664 
f 4408/1/6670 5260/1/6671 4406/1/6672 
f 4406/1/6672 5260/1/6671 5261/1/6673 
f 4406/1/6672 5261/1/6673 4404/1/6674 
f 4404/1/6674 5261/1/6673 5262/1/6675 
f 4404/1/6674 5262/1/6675 4415/1/6676 
f 4415/1/6676 5262/1/6675 5263/1/6677 
f 4415/1/6676 5263/1/6677 4413/1/6678 
f 5264/1/6679 5265/1/6680 4421/1/6681 
f 4421/1/6681 5265/1/6680 5266/1/6682 
f 4421/1/6681 5266/1/6682 4408/1/6670 
f 4408/1/6670 5266/1/6682 5267/1/6683 
f 4408/1/6670 5267/1/6683 5260/1/6671 
f 4421/1/6681 4419/1/6684 5264/1/6679 
f 5264/1/6679 4419/1/6684 4418/1/6685 
f 5264/1/6679 4418/1/6685 5268/1/6686 
f 5268/1/6686 4418/1/6685 4726/1/6687 
f 5268/1/6686 4726/1/6687 5269/1/6688 
f 5269/1/6688 4726/1/6687 4724/1/6689 
f 5269/1/6688 4724/1/6689 5270/1/6690 
f 5270/1/6690 4724/1/6689 4723/1/6691 
f 5270/1/6690 4723/1/6691 5271/1/6692 
f 5271/1/6692 4723/1/6691 4716/1/5965 
f 5271/1/6692 4716/1/5965 3621/1/5964 
f 5263/1/6677 5272/1/6693 4413/1/6678 
f 4413/1/6678 5272/1/6693 5273/1/6694 
f 4413/1/6678 5273/1/6694 4411/1/6695 
f 4411/1/6695 5273/1/6694 5274/1/6696 
f 4411/1/6695 5274/1/6696 4387/1/6697 
f 4387/1/6697 5274/1/6696 5275/1/6698 
f 4387/1/6697 5275/1/6698 4388/1/6699 
f 4388/1/6699 5275/1/6698 5276/1/6700 
f 4388/1/6699 5276/1/6700 4401/1/6701 
f 4401/1/6701 5276/1/6700 5277/1/6702 
f 4401/1/6701 5277/1/6702 4392/1/6703 
f 4392/1/6703 5277/1/6702 5278/1/6704 
f 4392/1/6703 5278/1/6704 4393/1/6705 
f 5278/1/6704 5279/1/6706 4393/1/6705 
f 4393/1/6705 5279/1/6706 5280/1/6707 
f 4393/1/6705 5280/1/6707 4396/1/6708 
f 4396/1/6708 5280/1/6707 4144/1/6709 
f 4396/1/6708 4144/1/6709 4394/1/6710 
f 4144/1/6709 5281/1/6711 4394/1/6710 
f 4394/1/6710 5281/1/6711 5282/1/6712 
f 4394/1/6710 5282/1/6712 4383/1/6713 
f 4383/1/6713 5282/1/6712 5283/1/6714 
f 4383/1/6713 5283/1/6714 4384/1/6715 
f 4384/1/6715 5283/1/6714 5284/1/6716 
f 4384/1/6715 5284/1/6716 4382/1/6717 
f 5284/1/6716 5285/1/6718 4382/1/6717 
f 4382/1/6717 5285/1/6718 5286/1/6719 
f 4382/1/6717 5286/1/6719 4380/1/6720 
f 4380/1/6720 5286/1/6719 3095/1/6596 
f 4380/1/6720 3095/1/6596 4378/1/6595 
s 4
f 5270/1/6721 4334/1/6722 5269/1/6723 
f 5269/1/6723 4334/1/6722 4332/1/6724 
f 5269/1/6723 4332/1/6724 5268/1/6725 
f 5268/1/6725 4332/1/6724 5264/1/6726 
f 5260/1/6727 5267/1/6728 4330/1/6729 
f 4330/1/6729 5267/1/6728 5266/1/6730 
f 4330/1/6729 5266/1/6730 4332/1/6724 
f 4332/1/6724 5266/1/6730 5265/1/6731 
f 4332/1/6724 5265/1/6731 5264/1/6726 
f 5260/1/6727 4330/1/6729 5261/1/6732 
f 5261/1/6732 4330/1/6729 4329/1/6733 
f 5261/1/6732 4329/1/6733 5262/1/6734 
f 5262/1/6734 4329/1/6733 4325/1/6735 
f 5262/1/6734 4325/1/6735 5263/1/6736 
f 5263/1/6736 4325/1/6735 4327/1/6737 
f 5263/1/6736 4327/1/6737 5272/1/6738 
f 4782/1/6739 4780/1/6740 4360/1/6741 
f 4769/1/6742 4771/1/6743 4363/1/6744 
f 4363/1/6744 4771/1/6743 4773/1/6745 
f 4363/1/6744 4773/1/6745 4364/1/6746 
f 4364/1/6746 4773/1/6745 4775/1/6747 
f 4364/1/6746 4775/1/6747 2841/1/6748 
f 4780/1/6740 4779/1/6749 4360/1/6741 
f 4360/1/6741 4779/1/6749 3597/1/6750 
f 4360/1/6741 3597/1/6750 4362/1/6751 
f 4362/1/6751 3597/1/6750 4766/1/6752 
f 4362/1/6751 4766/1/6752 4363/1/6744 
f 4363/1/6744 4766/1/6752 4767/1/6753 
f 4363/1/6744 4767/1/6753 4769/1/6742 
f 4782/1/6739 4360/1/6741 4784/1/6754 
f 4784/1/6754 4360/1/6741 4359/1/6755 
f 4784/1/6754 4359/1/6755 4789/1/6756 
f 4352/1/6757 4787/1/6758 4359/1/6755 
f 4359/1/6755 4787/1/6758 4786/1/6759 
f 4359/1/6755 4786/1/6759 4789/1/6756 
f 4797/1/6760 4791/1/6761 4350/1/6762 
f 4350/1/6762 4791/1/6761 4793/1/6763 
f 4350/1/6762 4793/1/6763 4352/1/6757 
f 4352/1/6757 4793/1/6763 4795/1/6764 
f 4352/1/6757 4795/1/6764 4787/1/6758 
f 4797/1/6760 4350/1/6762 4798/1/6765 
f 4798/1/6765 4350/1/6762 4348/1/6766 
f 4798/1/6765 4348/1/6766 4808/1/6767 
f 4340/1/6768 4810/1/6769 4809/1/6770 
f 4809/1/6770 4803/1/6771 4340/1/6768 
f 4340/1/6768 4803/1/6771 4805/1/6772 
f 4340/1/6768 4805/1/6772 4348/1/6766 
f 4348/1/6766 4805/1/6772 4807/1/6773 
f 4348/1/6766 4807/1/6773 4808/1/6767 
f 4336/1/6774 4821/1/6775 4338/1/6776 
f 4338/1/6776 4821/1/6775 4818/1/6777 
f 4818/1/6777 4816/1/6778 4338/1/6776 
f 4338/1/6776 4816/1/6778 4815/1/6779 
f 4338/1/6776 4815/1/6779 4340/1/6768 
f 4340/1/6768 4815/1/6779 4812/1/6780 
f 4340/1/6768 4812/1/6780 4810/1/6769 
f 5270/1/6721 5271/1/6781 4334/1/6722 
f 4334/1/6722 5271/1/6781 3621/1/6782 
f 4334/1/6722 3621/1/6782 4336/1/6774 
f 4336/1/6774 3621/1/6782 4822/1/6783 
f 4336/1/6774 4822/1/6783 4821/1/6775 
f 2811/1/6784 2805/1/6785 4335/1/6786 
f 4337/1/6787 4848/1/6788 4847/1/6789 
f 4337/1/6787 4847/1/6789 4335/1/6786 
f 4335/1/6786 4847/1/6789 2810/1/6790 
f 4335/1/6786 2810/1/6790 2811/1/6784 
f 4848/1/6788 4337/1/6787 4894/1/6791 
f 4894/1/6791 4337/1/6787 4339/1/6792 
f 4894/1/6791 4339/1/6792 4895/1/6793 
f 4889/1/6794 4900/1/6795 4341/1/6796 
f 4341/1/6796 4900/1/6795 4899/1/6797 
f 4341/1/6796 4899/1/6797 4339/1/6792 
f 4339/1/6792 4899/1/6797 4897/1/6798 
f 4339/1/6792 4897/1/6798 4895/1/6793 
f 4876/1/6799 4874/1/6800 4349/1/6801 
f 4349/1/6801 4874/1/6800 4872/1/6802 
f 4349/1/6801 4872/1/6802 4347/1/6803 
f 4347/1/6803 4872/1/6802 4870/1/6804 
f 4347/1/6803 4870/1/6804 4341/1/6796 
f 4341/1/6796 4870/1/6804 4891/1/6805 
f 4341/1/6796 4891/1/6805 4889/1/6794 
f 4351/1/6806 4880/1/6807 4349/1/6801 
f 4349/1/6801 4880/1/6807 4878/1/6808 
f 4349/1/6801 4878/1/6808 4876/1/6799 
f 4865/1/6809 4887/1/6810 4361/1/6811 
f 4361/1/6811 4887/1/6810 4886/1/6812 
f 4361/1/6811 4886/1/6812 4353/1/6813 
f 4353/1/6813 4886/1/6812 4884/1/6814 
f 4353/1/6813 4884/1/6814 4351/1/6806 
f 4351/1/6806 4884/1/6814 4882/1/6815 
f 4351/1/6806 4882/1/6815 4880/1/6807 
f 4861/1/6816 4863/1/6817 4366/1/6818 
f 4366/1/6818 4863/1/6817 4868/1/6819 
f 4366/1/6818 4868/1/6819 4361/1/6811 
f 4361/1/6811 4868/1/6819 4867/1/6820 
f 4361/1/6811 4867/1/6820 4865/1/6809 
f 4857/1/6821 4854/1/6822 4365/1/6823 
f 4365/1/6823 4854/1/6822 4853/1/6824 
f 4365/1/6823 4853/1/6824 4366/1/6818 
f 4366/1/6818 4853/1/6824 4860/1/6825 
f 4366/1/6818 4860/1/6825 4861/1/6816 
f 4364/1/6746 2841/1/6748 4365/1/6823 
f 4365/1/6823 2841/1/6748 4851/1/6826 
f 4365/1/6823 4851/1/6826 4857/1/6821 
f 5252/1/6827 5253/1/6828 4324/1/6829 
f 4324/1/6829 5253/1/6828 5254/1/6830 
f 4324/1/6829 5254/1/6830 4326/1/6831 
f 4326/1/6831 5254/1/6830 5250/1/6832 
f 4326/1/6831 5250/1/6832 2796/1/6833 
f 5252/1/6827 4324/1/6829 5251/1/6834 
f 5251/1/6834 4324/1/6829 4323/1/6835 
f 5251/1/6834 4323/1/6835 5256/1/6836 
f 5256/1/6836 4323/1/6835 4331/1/6837 
f 5256/1/6836 4331/1/6837 5255/1/6838 
f 5259/1/6839 5258/1/6840 4331/1/6837 
f 4331/1/6837 5258/1/6840 5257/1/6841 
f 4331/1/6837 5257/1/6841 5255/1/6838 
f 4331/1/6837 4333/1/6842 5259/1/6839 
f 5259/1/6839 4333/1/6842 4335/1/6786 
f 5259/1/6839 4335/1/6786 2805/1/6785 
f 5242/1/6843 5241/1/6844 4356/1/6845 
f 5231/1/6846 3095/1/6847 4344/1/6848 
f 5231/1/6846 4344/1/6848 5235/1/6849 
f 5235/1/6849 4344/1/6848 4358/1/6850 
f 5235/1/6849 4358/1/6850 5234/1/6851 
f 5237/1/6852 5236/1/6853 4357/1/6854 
f 4357/1/6854 5236/1/6853 5232/1/6855 
f 4357/1/6854 5232/1/6855 4358/1/6850 
f 4358/1/6850 5232/1/6855 5233/1/6856 
f 4358/1/6850 5233/1/6856 5234/1/6851 
f 5241/1/6844 5240/1/6857 4356/1/6845 
f 4356/1/6845 5240/1/6857 5239/1/6858 
f 4356/1/6845 5239/1/6858 4357/1/6854 
f 4357/1/6854 5239/1/6858 5238/1/6859 
f 4357/1/6854 5238/1/6859 5237/1/6852 
f 5246/1/6860 5245/1/6861 4346/1/6862 
f 4346/1/6862 5245/1/6861 5244/1/6863 
f 4346/1/6862 5244/1/6863 4356/1/6845 
f 4356/1/6845 5244/1/6863 5243/1/6864 
f 4356/1/6845 5243/1/6864 5242/1/6843 
f 5246/1/6860 4346/1/6862 5247/1/6865 
f 5247/1/6865 4346/1/6862 4345/1/6866 
f 5247/1/6865 4345/1/6866 5248/1/6867 
f 4326/1/6831 2796/1/6833 4345/1/6866 
f 4345/1/6866 2796/1/6833 5249/1/6868 
f 4345/1/6866 5249/1/6868 5248/1/6867 
f 5273/1/6869 5272/1/6738 4327/1/6737 
f 4328/1/6870 5275/1/6871 4327/1/6737 
f 4327/1/6737 5275/1/6871 5274/1/6872 
f 4327/1/6737 5274/1/6872 5273/1/6869 
f 4355/1/6873 5277/1/6874 4328/1/6870 
f 4328/1/6870 5277/1/6874 5276/1/6875 
f 4328/1/6870 5276/1/6875 5275/1/6871 
f 4144/1/6876 5280/1/6877 4354/1/6878 
f 4354/1/6878 5280/1/6877 5279/1/6879 
f 4354/1/6878 5279/1/6879 4355/1/6873 
f 4355/1/6873 5279/1/6879 5278/1/6880 
f 4355/1/6873 5278/1/6880 5277/1/6874 
f 5284/1/6881 5283/1/6882 4343/1/6883 
f 4343/1/6883 5283/1/6882 5282/1/6884 
f 4343/1/6883 5282/1/6884 4354/1/6878 
f 4354/1/6878 5282/1/6884 5281/1/6885 
f 4354/1/6878 5281/1/6885 4144/1/6876 
f 5284/1/6881 4343/1/6883 5285/1/6886 
f 5285/1/6886 4343/1/6883 4342/1/6887 
f 5285/1/6886 4342/1/6887 5286/1/6888 
f 5286/1/6888 4342/1/6887 4344/1/6848 
f 5286/1/6888 4344/1/6848 3095/1/6847 
s 2
f 5287/1/1173 5288/1/1172 5289/1/1171 
f 5290/1/1170 5291/1/1173 5292/1/1172 
f 5287/1/1173 5289/1/1171 5293/1/1172 
f 5294/1/1170 5290/1/1170 5295/1/1170 
f 5295/1/1170 5290/1/1170 5292/1/1172 
f 5295/1/1170 5292/1/1172 5296/1/1172 
f 5296/1/1172 5292/1/1172 5297/1/1172 
f 5296/1/1172 5297/1/1172 5298/1/1171 
f 5298/1/1171 5297/1/1172 5299/1/1171 
f 5298/1/1171 5299/1/1171 5300/1/1170 
f 5300/1/1170 5299/1/1171 5293/1/1172 
f 5300/1/1170 5293/1/1172 5301/1/1171 
f 5301/1/1171 5293/1/1172 5289/1/1171 
f 5301/1/1171 5289/1/1171 5302/1/1171 
s 1
f 5303/1/1166 5304/1/1165 5305/1/6889 
f 5303/1/1166 5306/1/6890 5304/1/1165 
f 5304/1/1165 5306/1/6890 5307/1/1166 
f 5304/1/1165 5307/1/1166 5308/1/1166 
f 5309/1/1165 5304/1/1165 5310/1/1165 
f 5310/1/1165 5304/1/1165 5311/1/6889 
f 5309/1/1165 5312/1/1167 5304/1/1165 
f 5304/1/1165 5312/1/1167 5313/1/6891 
f 5304/1/1165 5313/1/6891 5314/1/1165 
f 5314/1/1165 5313/1/6891 5315/1/1165 
f 5314/1/1165 5315/1/1165 5316/1/1165 
f 5316/1/1165 5315/1/1165 5317/1/1165 
f 5305/1/6889 5318/1/1165 5303/1/1166 
f 5303/1/1166 5318/1/1165 5319/1/1165 
f 5303/1/1166 5319/1/1165 5320/1/1165 
f 5321/1/1165 5322/1/1167 5323/1/6889 
f 5323/1/6889 5322/1/1167 5324/1/1165 
f 5323/1/6889 5324/1/1165 5325/1/6892 
f 5308/1/1166 5326/1/1167 5304/1/1165 
f 5304/1/1165 5326/1/1167 5327/1/6890 
f 5304/1/1165 5327/1/6890 5311/1/6889 
f 5317/1/1165 5315/1/1165 5328/1/1165 
f 5328/1/1165 5315/1/1165 5329/1/1165 
f 5328/1/1165 5329/1/1165 5330/1/1165 
f 5330/1/1165 5329/1/1165 5331/1/1165 
f 5330/1/1165 5331/1/1165 5332/1/1165 
f 5333/1/1167 5334/1/1167 5323/1/6889 
f 5323/1/6889 5334/1/1167 5335/1/6889 
f 5323/1/6889 5335/1/6889 5321/1/1165 
f 5336/1/6890 5337/1/6891 5323/1/6889 
f 5323/1/6889 5337/1/6891 5338/1/1165 
f 5320/1/1165 5339/1/6889 5303/1/1166 
f 5303/1/1166 5339/1/6889 5340/1/6889 
f 5303/1/1166 5340/1/6889 5341/1/1165 
f 5341/1/1165 5340/1/6889 5338/1/1165 
f 5341/1/1165 5338/1/1165 5342/1/1165 
f 5342/1/1165 5338/1/1165 5337/1/6891 
f 5332/1/1165 5331/1/1165 5343/1/1167 
f 5343/1/1167 5331/1/1165 5344/1/1166 
f 5343/1/1167 5344/1/1166 5345/1/1167 
f 5346/1/1167 5347/1/1165 5323/1/6889 
f 5323/1/6889 5347/1/1165 5348/1/6890 
f 5323/1/6889 5348/1/6890 5336/1/6890 
f 5349/1/1165 5350/1/6889 5323/1/6889 
f 5323/1/6889 5350/1/6889 5351/1/1165 
f 5323/1/6889 5351/1/1165 5333/1/1167 
f 5325/1/6892 5352/1/6892 5323/1/6889 
f 5323/1/6889 5352/1/6892 5353/1/6889 
f 5323/1/6889 5353/1/6889 5346/1/1167 
f 5354/1/6891 5355/1/1165 5356/1/1165 
f 5356/1/1165 5355/1/1165 5357/1/1167 
f 5356/1/1165 5357/1/1167 5358/1/1167 
f 5358/1/1167 5357/1/1167 5359/1/1167 
f 5358/1/1167 5359/1/1167 5345/1/1167 
f 5345/1/1167 5359/1/1167 5360/1/1167 
f 5345/1/1167 5360/1/1167 5343/1/1167 
f 5361/1/1165 5362/1/1167 5363/1/1167 
f 5356/1/1165 5364/1/1165 5354/1/6891 
f 5354/1/6891 5364/1/1165 5365/1/6889 
f 5354/1/6891 5365/1/6889 5361/1/1165 
f 5361/1/1165 5365/1/6889 5366/1/6891 
f 5361/1/1165 5366/1/6891 5362/1/1167 
f 5367/1/1165 5368/1/1165 5349/1/1165 
f 5349/1/1165 5368/1/1165 5369/1/1165 
f 5369/1/1165 5368/1/1165 5370/1/1165 
f 5369/1/1165 5370/1/1165 5371/1/1167 
f 5363/1/1167 5372/1/1167 5361/1/1165 
f 5361/1/1165 5372/1/1167 5373/1/1167 
f 5361/1/1165 5373/1/1167 5374/1/1167 
f 5374/1/1167 5375/1/1167 5361/1/1165 
f 5361/1/1165 5375/1/1167 5376/1/1167 
f 5361/1/1165 5376/1/1167 5377/1/1167 
f 5323/1/6889 5378/1/6889 5349/1/1165 
f 5349/1/1165 5378/1/6889 5379/1/1167 
f 5349/1/1165 5379/1/1167 5380/1/1165 
f 5377/1/1167 5381/1/1165 5361/1/1165 
f 5361/1/1165 5381/1/1165 5382/1/1167 
f 5361/1/1165 5382/1/1167 5383/1/6891 
f 5370/1/1165 5384/1/6891 5371/1/1167 
f 5371/1/1167 5384/1/6891 5385/1/1165 
f 5371/1/1167 5385/1/1165 5386/1/1165 
f 5380/1/1165 5387/1/1165 5349/1/1165 
f 5349/1/1165 5387/1/1165 5388/1/6889 
f 5349/1/1165 5388/1/6889 5389/1/6889 
f 5361/1/1165 5390/1/1165 5391/1/6891 
f 5389/1/6889 5392/1/1165 5349/1/1165 
f 5349/1/1165 5392/1/1165 5393/1/1165 
f 5349/1/1165 5393/1/1165 5367/1/1165 
f 5386/1/1165 5394/1/1165 5371/1/1167 
f 5371/1/1167 5394/1/1165 5395/1/6891 
f 5371/1/1167 5395/1/6891 5396/1/1165 
f 5397/1/1165 5398/1/1167 5371/1/1167 
f 5399/1/1165 5400/1/1167 5361/1/1165 
f 5361/1/1165 5400/1/1167 5401/1/1165 
f 5361/1/1165 5401/1/1165 5390/1/1165 
f 5402/1/1165 5403/1/6891 5371/1/1167 
f 5404/1/1167 5405/1/1167 5361/1/1165 
f 5361/1/1165 5405/1/1167 5406/1/1167 
f 5361/1/1165 5406/1/1167 5407/1/1167 
f 5402/1/1165 5371/1/1167 5408/1/6891 
f 5407/1/1167 5409/1/1167 5361/1/1165 
f 5361/1/1165 5409/1/1167 5410/1/1165 
f 5361/1/1165 5410/1/1165 5399/1/1165 
f 5411/1/1165 5412/1/1167 5391/1/6891 
f 5391/1/6891 5412/1/1167 5413/1/1165 
f 5391/1/6891 5413/1/1165 5414/1/1165 
f 5414/1/1165 5415/1/1165 5391/1/6891 
f 5391/1/6891 5415/1/1165 5416/1/1167 
f 5391/1/6891 5416/1/1167 5417/1/1167 
f 5396/1/1165 5418/1/6891 5371/1/1167 
f 5371/1/1167 5418/1/6891 5419/1/1165 
f 5371/1/1167 5419/1/1165 5420/1/1165 
f 5383/1/6891 5421/1/1167 5361/1/1165 
f 5361/1/1165 5421/1/1167 5422/1/1167 
f 5361/1/1165 5422/1/1167 5423/1/1167 
f 5417/1/1167 5424/1/1165 5391/1/6891 
f 5391/1/6891 5424/1/1165 5425/1/5261 
f 5391/1/6891 5425/1/5261 5361/1/1165 
f 5426/1/1165 5427/1/1165 5371/1/1167 
f 5423/1/1167 5428/1/1167 5361/1/1165 
f 5361/1/1165 5428/1/1167 5429/1/1167 
f 5361/1/1165 5429/1/1167 5404/1/1167 
f 5430/1/1164 5431/1/1165 5432/1/6893 
f 5432/1/6893 5431/1/1165 5433/1/1164 
f 5432/1/6893 5433/1/1164 5391/1/6891 
f 5391/1/6891 5433/1/1164 5434/1/1167 
f 5391/1/6891 5434/1/1167 5411/1/1165 
f 5398/1/1167 5435/1/6891 5371/1/1167 
f 5371/1/1167 5435/1/6891 5436/1/1165 
f 5371/1/1167 5436/1/1165 5408/1/6891 
f 5437/1/6891 5438/1/1165 5439/1/1165 
f 5420/1/1165 5440/1/6891 5371/1/1167 
f 5371/1/1167 5440/1/6891 5441/1/6891 
f 5371/1/1167 5441/1/6891 5442/1/6891 
f 5427/1/1165 5443/1/6891 5371/1/1167 
f 5371/1/1167 5443/1/6891 5444/1/1165 
f 5371/1/1167 5444/1/1165 5397/1/1165 
f 5403/1/6891 5445/1/1165 5371/1/1167 
f 5371/1/1167 5445/1/1165 5446/1/1167 
f 5371/1/1167 5446/1/1167 5447/1/1167 
f 5447/1/1167 5448/1/6894 5371/1/1167 
f 5371/1/1167 5448/1/6894 5449/1/6895 
f 5371/1/1167 5449/1/6895 5450/1/6896 
f 5442/1/6891 5451/1/1165 5371/1/1167 
f 5371/1/1167 5451/1/1165 5452/1/1165 
f 5371/1/1167 5452/1/1165 5453/1/1165 
f 5454/1/1165 5455/1/1165 5437/1/6891 
f 5437/1/6891 5455/1/1165 5456/1/6891 
f 5437/1/6891 5456/1/6891 5438/1/1165 
f 5457/1/1165 5458/1/1167 5439/1/1165 
f 5439/1/1165 5458/1/1167 5459/1/1165 
f 5439/1/1165 5459/1/1165 5437/1/6891 
f 5450/1/6896 5460/1/1167 5371/1/1167 
f 5371/1/1167 5460/1/1167 5461/1/6891 
f 5371/1/1167 5461/1/6891 5437/1/6891 
f 5437/1/6891 5461/1/6891 5462/1/1165 
f 5437/1/6891 5462/1/1165 5454/1/1165 
f 5453/1/1165 5463/1/6891 5371/1/1167 
f 5371/1/1167 5463/1/6891 5464/1/1165 
f 5371/1/1167 5464/1/1165 5426/1/1165 
f 5465/1/6897 5466/1/1171 5467/1/6898 
f 5467/1/6898 5466/1/1171 5468/1/6899 
f 5468/1/6899 5466/1/1171 5469/1/6900 
f 5469/1/6900 5466/1/1171 5470/1/1171 
f 5469/1/6900 5470/1/1171 5471/1/1171 
f 5471/1/1171 5472/1/1171 5469/1/6900 
f 5469/1/6900 5472/1/1171 5473/1/1171 
f 5469/1/6900 5473/1/1171 5474/1/1171 
f 5475/1/1171 5476/1/1171 5469/1/6900 
f 5469/1/6900 5476/1/1171 5477/1/1171 
f 5469/1/6900 5477/1/1171 5478/1/6900 
f 5469/1/6900 5479/1/1171 5480/1/1171 
f 5478/1/6900 5481/1/1171 5469/1/6900 
f 5469/1/6900 5481/1/1171 5482/1/1171 
f 5469/1/6900 5482/1/1171 5479/1/1171 
f 5474/1/1171 5483/1/1171 5469/1/6900 
f 5469/1/6900 5483/1/1171 5484/1/1171 
f 5469/1/6900 5484/1/1171 5475/1/1171 
f 5485/1/6901 5486/1/1171 5469/1/6900 
f 5469/1/6900 5486/1/1171 5487/1/1171 
f 5488/1/1173 5489/1/6902 5469/1/6900 
f 5469/1/6900 5489/1/6902 5490/1/6903 
f 5469/1/6900 5490/1/6903 5491/1/6904 
f 5492/1/1171 5493/1/1173 5469/1/6900 
f 5469/1/6900 5493/1/1173 5494/1/1171 
f 5469/1/6900 5494/1/1171 5495/1/1171 
f 5495/1/1171 5496/1/1171 5469/1/6900 
f 5469/1/6900 5496/1/1171 5497/1/6905 
f 5469/1/6900 5497/1/6905 5498/1/1171 
f 5480/1/1171 5499/1/6906 5469/1/6900 
f 5469/1/6900 5499/1/6906 5500/1/6907 
f 5469/1/6900 5500/1/6907 5485/1/6901 
f 5487/1/1171 5501/1/1171 5469/1/6900 
f 5469/1/6900 5501/1/1171 5502/1/1171 
f 5469/1/6900 5502/1/1171 5488/1/1173 
f 5491/1/6904 5503/1/1171 5469/1/6900 
f 5469/1/6900 5503/1/1171 5504/1/1171 
f 5469/1/6900 5504/1/1171 5492/1/1171 
s 2
f 5505/1/1171 5506/1/1171 5507/1/1171 
f 5507/1/1171 5506/1/1171 5508/1/1171 
f 5507/1/1171 5509/1/6900 5510/1/1171 
f 5510/1/1171 5509/1/6900 5511/1/6900 
f 5510/1/1171 5511/1/6900 5512/1/1171 
f 5505/1/1171 5507/1/1171 5513/1/1171 
f 5513/1/1171 5507/1/1171 5510/1/1171 
f 5513/1/1171 5510/1/1171 5514/1/1171 
f 5506/1/1171 5515/1/1171 5508/1/1171 
f 5508/1/1171 5515/1/1171 5516/1/1171 
f 5508/1/1171 5516/1/1171 5517/1/1171 
f 5517/1/1171 5516/1/1171 5518/1/1171 
f 5517/1/1171 5518/1/1171 5519/1/1171 
f 5519/1/1171 5518/1/1171 5520/1/1171 
f 5520/1/1171 5521/1/1173 5522/1/1173 
f 5523/1/6900 5524/1/1171 5520/1/1171 
f 5520/1/1171 5524/1/1171 5525/1/1171 
f 5520/1/1171 5525/1/1171 5526/1/1173 
f 5527/1/6900 5528/1/1171 5520/1/1171 
f 5528/1/1171 5529/1/1173 5520/1/1171 
f 5520/1/1171 5529/1/1173 5530/1/1171 
f 5520/1/1171 5530/1/1171 5531/1/1173 
f 5532/1/1173 5533/1/1173 5520/1/1171 
f 5520/1/1171 5533/1/1173 5534/1/1173 
f 5520/1/1171 5534/1/1173 5535/1/6900 
f 5535/1/6900 5536/1/1171 5520/1/1171 
f 5520/1/1171 5536/1/1171 5537/1/1173 
f 5520/1/1171 5537/1/1173 5538/1/1173 
f 5531/1/1173 5539/1/6900 5520/1/1171 
f 5520/1/1171 5539/1/6900 5540/1/6900 
f 5520/1/1171 5540/1/6900 5541/1/1171 
f 5541/1/1171 5542/1/1173 5520/1/1171 
f 5520/1/1171 5542/1/1173 5543/1/6900 
f 5520/1/1171 5543/1/6900 5521/1/1173 
f 5522/1/1173 5544/1/6900 5520/1/1171 
f 5520/1/1171 5544/1/6900 5545/1/6900 
f 5520/1/1171 5545/1/6900 5546/1/6900 
f 5526/1/1173 5547/1/1173 5520/1/1171 
f 5520/1/1171 5547/1/1173 5548/1/1171 
f 5520/1/1171 5548/1/1171 5549/1/6900 
f 5550/1/1171 5551/1/1171 5520/1/1171 
f 5520/1/1171 5551/1/1171 5552/1/1171 
f 5520/1/1171 5552/1/1171 5519/1/1171 
f 5553/1/6900 5554/1/6900 5520/1/1171 
f 5520/1/1171 5554/1/6900 5555/1/1173 
f 5556/1/1173 5557/1/1171 5520/1/1171 
f 5520/1/1171 5557/1/1171 5558/1/1171 
f 5559/1/6900 5560/1/1173 5520/1/1171 
f 5520/1/1171 5560/1/1173 5561/1/1171 
f 5520/1/1171 5561/1/1171 5562/1/6900 
f 5563/1/1171 5564/1/1173 5520/1/1171 
f 5520/1/1171 5564/1/1173 5565/1/6900 
f 5520/1/1171 5565/1/6900 5523/1/6900 
f 5566/1/1173 5567/1/6900 5568/1/1171 
f 5569/1/1171 5570/1/1173 5553/1/6900 
f 5571/1/1171 5572/1/1173 5520/1/1171 
f 5520/1/1171 5572/1/1173 5573/1/1173 
f 5574/1/1171 5575/1/1171 5520/1/1171 
f 5520/1/1171 5575/1/1171 5576/1/1171 
f 5520/1/1171 5576/1/1171 5550/1/1171 
f 5538/1/1173 5577/1/1171 5520/1/1171 
f 5520/1/1171 5577/1/1171 5578/1/1171 
f 5520/1/1171 5578/1/1171 5527/1/6900 
f 5546/1/6900 5579/1/1171 5520/1/1171 
f 5520/1/1171 5579/1/1171 5580/1/1173 
f 5520/1/1171 5580/1/1173 5581/1/1171 
f 5569/1/1171 5553/1/6900 5568/1/1171 
f 5568/1/1171 5553/1/6900 5582/1/1171 
f 5568/1/1171 5582/1/1171 5566/1/1173 
f 5567/1/6900 5583/1/1171 5568/1/1171 
f 5568/1/1171 5583/1/1171 5584/1/6908 
f 5568/1/1171 5584/1/6908 5585/1/6909 
f 5585/1/6909 5584/1/6908 5586/1/6910 
f 5570/1/1173 5587/1/1171 5553/1/6900 
f 5553/1/6900 5587/1/1171 5588/1/6908 
f 5553/1/6900 5588/1/6908 5554/1/6900 
f 5581/1/1171 5589/1/6900 5520/1/1171 
f 5520/1/1171 5589/1/6900 5590/1/6900 
f 5520/1/1171 5590/1/6900 5556/1/1173 
f 5558/1/1171 5591/1/1171 5520/1/1171 
f 5520/1/1171 5591/1/1171 5592/1/6900 
f 5520/1/1171 5592/1/6900 5593/1/6900 
f 5594/1/1171 5595/1/1173 5520/1/1171 
f 5520/1/1171 5595/1/1173 5596/1/1171 
f 5520/1/1171 5596/1/1171 5559/1/6900 
f 5597/1/1171 5598/1/1171 5520/1/1171 
f 5520/1/1171 5598/1/1171 5599/1/1173 
f 5520/1/1171 5599/1/1173 5563/1/1171 
f 5600/1/1173 5601/1/1171 5520/1/1171 
f 5520/1/1171 5601/1/1171 5602/1/6900 
f 5520/1/1171 5602/1/6900 5532/1/1173 
f 5573/1/1173 5603/1/6900 5520/1/1171 
f 5520/1/1171 5603/1/6900 5604/1/6900 
f 5520/1/1171 5604/1/6900 5605/1/1173 
f 5549/1/6900 5606/1/1171 5520/1/1171 
f 5520/1/1171 5606/1/1171 5607/1/1173 
f 5520/1/1171 5607/1/1173 5608/1/1173 
f 5608/1/1173 5609/1/1171 5520/1/1171 
f 5520/1/1171 5609/1/1171 5610/1/1171 
f 5520/1/1171 5610/1/1171 5574/1/1171 
f 5593/1/6900 5611/1/1171 5520/1/1171 
f 5520/1/1171 5611/1/1171 5612/1/6900 
f 5520/1/1171 5612/1/6900 5613/1/6900 
f 5605/1/1173 5614/1/1173 5520/1/1171 
f 5520/1/1171 5614/1/1173 5615/1/1173 
f 5520/1/1171 5615/1/1173 5616/1/1173 
f 5616/1/1173 5617/1/6900 5520/1/1171 
f 5520/1/1171 5617/1/6900 5618/1/1171 
f 5520/1/1171 5618/1/1171 5594/1/1171 
f 5562/1/6900 5619/1/1173 5520/1/1171 
f 5520/1/1171 5619/1/1173 5620/1/1173 
f 5520/1/1171 5620/1/1173 5597/1/1171 
f 5613/1/6900 5621/1/1171 5520/1/1171 
f 5520/1/1171 5621/1/1171 5622/1/1173 
f 5520/1/1171 5622/1/1173 5571/1/1171 
f 5623/1/1171 5624/1/1173 5520/1/1171 
f 5520/1/1171 5624/1/1173 5625/1/6900 
f 5520/1/1171 5625/1/6900 5600/1/1173 
f 5555/1/1173 5626/1/1173 5520/1/1171 
f 5520/1/1171 5626/1/1173 5627/1/6900 
f 5520/1/1171 5627/1/6900 5628/1/6908 
f 5628/1/6908 5629/1/6910 5520/1/1171 
f 5520/1/1171 5629/1/6910 5630/1/1173 
f 5520/1/1171 5630/1/1173 5631/1/1173 
f 5632/1/1173 5633/1/6900 5520/1/1171 
f 5520/1/1171 5633/1/6900 5634/1/1171 
f 5520/1/1171 5634/1/1171 5623/1/1171 
f 5631/1/1173 5635/1/1173 5520/1/1171 
f 5520/1/1171 5635/1/1173 5636/1/6900 
f 5520/1/1171 5636/1/6900 5637/1/1173 
f 5638/1/1171 5639/1/6900 5520/1/1171 
f 5520/1/1171 5639/1/6900 5640/1/1173 
f 5520/1/1171 5640/1/1173 5632/1/1173 
f 5637/1/1173 5641/1/6900 5520/1/1171 
f 5520/1/1171 5641/1/6900 5642/1/1171 
f 5520/1/1171 5642/1/1171 5643/1/6900 
f 5644/1/1173 5645/1/1171 5520/1/1171 
f 5520/1/1171 5645/1/1171 5646/1/1173 
f 5520/1/1171 5646/1/1173 5638/1/1171 
f 5643/1/6900 5647/1/1171 5520/1/1171 
f 5520/1/1171 5647/1/1171 5648/1/1173 
f 5520/1/1171 5648/1/1173 5649/1/1173 
f 5650/1/6900 5651/1/6900 5520/1/1171 
f 5520/1/1171 5651/1/6900 5652/1/6900 
f 5520/1/1171 5652/1/6900 5644/1/1173 
f 5649/1/1173 5653/1/6900 5520/1/1171 
f 5520/1/1171 5653/1/6900 5654/1/6900 
f 5520/1/1171 5654/1/6900 5655/1/1173 
f 5656/1/1171 5657/1/1171 5520/1/1171 
f 5520/1/1171 5657/1/1171 5658/1/1171 
f 5520/1/1171 5658/1/1171 5650/1/6900 
f 5659/1/6900 5660/1/1171 5520/1/1171 
f 5520/1/1171 5660/1/1171 5661/1/1173 
f 5520/1/1171 5661/1/1173 5656/1/1171 
f 5655/1/1173 5662/1/6900 5520/1/1171 
f 5520/1/1171 5662/1/6900 5663/1/1173 
f 5520/1/1171 5663/1/1173 5664/1/1171 
f 5664/1/1171 5665/1/1171 5520/1/1171 
f 5520/1/1171 5665/1/1171 5666/1/1173 
f 5520/1/1171 5666/1/1173 5659/1/6900 
s 4
f 5306/1/6911 5667/1/6912 5668/1/6913 
f 5306/1/6911 5668/1/6913 5307/1/6914 
f 5307/1/6914 5668/1/6913 5669/1/6915 
f 5307/1/6914 5669/1/6915 5308/1/6916 
f 5336/1/6917 5670/1/6918 5671/1/6919 
f 5336/1/6917 5671/1/6919 5337/1/6920 
f 5337/1/6920 5671/1/6919 5672/1/6921 
f 5337/1/6920 5672/1/6921 5342/1/6922 
f 5342/1/6922 5672/1/6921 5673/1/6923 
f 5342/1/6922 5673/1/6923 5341/1/6924 
f 5341/1/6924 5673/1/6923 5674/1/6925 
f 5341/1/6924 5674/1/6925 5303/1/6926 
f 5303/1/6926 5674/1/6925 5667/1/6912 
f 5303/1/6926 5667/1/6912 5306/1/6911 
f 5308/1/6916 5669/1/6915 5326/1/6927 
f 5326/1/6927 5669/1/6915 5675/1/6928 
f 5326/1/6927 5675/1/6928 5327/1/6929 
f 5327/1/6929 5675/1/6928 5676/1/6930 
f 5670/1/6918 5336/1/6917 5348/1/6931 
f 5670/1/6918 5348/1/6931 5677/1/6932 
f 5677/1/6932 5348/1/6931 5347/1/6933 
f 5677/1/6932 5347/1/6933 5678/1/6934 
f 5678/1/6934 5347/1/6933 5346/1/6935 
f 5678/1/6934 5346/1/6935 5679/1/6936 
f 5679/1/6936 5346/1/6935 5353/1/6937 
f 5679/1/6936 5353/1/6937 5680/1/6938 
f 5680/1/6938 5353/1/6937 5352/1/6939 
f 5680/1/6938 5352/1/6939 5681/1/6940 
f 5682/1/6941 5313/1/6942 5312/1/6943 
f 5682/1/6941 5312/1/6943 5683/1/6944 
f 5683/1/6944 5312/1/6943 5309/1/6945 
f 5683/1/6944 5309/1/6945 5684/1/6946 
f 5309/1/6945 5310/1/6947 5684/1/6946 
f 5684/1/6946 5310/1/6947 5311/1/6948 
f 5684/1/6946 5311/1/6948 5685/1/6949 
f 5685/1/6949 5311/1/6948 5327/1/6929 
f 5685/1/6949 5327/1/6929 5676/1/6930 
f 5686/1/6950 5687/1/6951 5449/1/6952 
f 5449/1/6952 5687/1/6951 5688/1/6953 
f 5449/1/6952 5688/1/6953 5450/1/6954 
f 5450/1/6954 5688/1/6953 5689/1/6955 
f 5689/1/6955 5690/1/6956 5450/1/6954 
f 5450/1/6954 5690/1/6956 5691/1/6957 
f 5450/1/6954 5691/1/6957 5692/1/6958 
f 5692/1/6958 5693/1/6959 5450/1/6954 
f 5450/1/6954 5693/1/6959 5694/1/6960 
f 5450/1/6954 5694/1/6960 5695/1/6961 
f 5695/1/6961 5696/1/6962 5450/1/6954 
f 5450/1/6954 5696/1/6962 5697/1/6963 
f 5450/1/6954 5697/1/6963 5460/1/6964 
f 5460/1/6964 5697/1/6963 5698/1/6965 
f 5460/1/6964 5698/1/6965 5461/1/6966 
f 5461/1/6966 5698/1/6965 5699/1/6967 
f 5461/1/6966 5699/1/6967 5462/1/6968 
f 5462/1/6968 5699/1/6967 5454/1/6969 
f 5454/1/6969 5699/1/6967 5700/1/6970 
f 5454/1/6969 5700/1/6970 5455/1/6971 
f 5455/1/6971 5700/1/6970 5701/1/6972 
f 5455/1/6971 5701/1/6972 5456/1/6973 
f 5456/1/6973 5701/1/6972 5702/1/6974 
f 5456/1/6973 5702/1/6974 5438/1/6975 
f 5438/1/6975 5702/1/6974 5703/1/6976 
f 5438/1/6975 5703/1/6976 5439/1/6977 
f 5439/1/6977 5703/1/6976 5704/1/6978 
f 5439/1/6977 5704/1/6978 5457/1/6979 
f 5351/1/6980 5705/1/6981 5333/1/6982 
f 5333/1/6982 5705/1/6981 5706/1/6983 
f 5333/1/6982 5706/1/6983 5334/1/6984 
f 5334/1/6984 5706/1/6983 5335/1/6985 
f 5351/1/6980 5350/1/6986 5705/1/6981 
f 5705/1/6981 5350/1/6986 5349/1/6987 
f 5705/1/6981 5349/1/6987 5707/1/6988 
f 5704/1/6978 5708/1/6989 5457/1/6979 
f 5457/1/6979 5708/1/6989 5709/1/6990 
f 5457/1/6979 5709/1/6990 5458/1/6991 
f 5458/1/6991 5709/1/6990 5710/1/6992 
f 5458/1/6991 5710/1/6992 5459/1/6993 
f 5459/1/6993 5710/1/6992 5711/1/6994 
f 5459/1/6993 5711/1/6994 5437/1/6995 
f 5437/1/6995 5711/1/6994 5712/1/6996 
f 5437/1/6995 5712/1/6996 5371/1/6997 
f 5371/1/6997 5712/1/6996 5707/1/6988 
f 5371/1/6997 5707/1/6988 5369/1/6998 
f 5369/1/6998 5707/1/6988 5349/1/6987 
f 5681/1/6940 5352/1/6939 5325/1/6999 
f 5325/1/6999 5324/1/7000 5681/1/6940 
f 5681/1/6940 5324/1/7000 5322/1/7001 
f 5681/1/6940 5322/1/7001 5706/1/6983 
f 5706/1/6983 5322/1/7001 5321/1/7002 
f 5706/1/6983 5321/1/7002 5335/1/6985 
f 5713/1/7003 5345/1/7004 5344/1/7005 
f 5713/1/7003 5344/1/7005 5714/1/7006 
f 5714/1/7006 5344/1/7005 5331/1/7007 
f 5714/1/7006 5331/1/7007 5715/1/7008 
f 5715/1/7008 5331/1/7007 5329/1/7009 
f 5715/1/7008 5329/1/7009 5716/1/7010 
f 5716/1/7010 5329/1/7009 5717/1/7011 
f 5717/1/7011 5329/1/7009 5315/1/7012 
f 5717/1/7011 5315/1/7012 5718/1/7013 
f 5718/1/7013 5315/1/7012 5313/1/6942 
f 5718/1/7013 5313/1/6942 5682/1/6941 
f 5426/1/7014 5464/1/7015 5719/1/7016 
f 5393/1/7017 5392/1/7018 5720/1/7019 
f 5389/1/7020 5721/1/7021 5722/1/7022 
f 5389/1/7020 5722/1/7022 5392/1/7018 
f 5392/1/7018 5722/1/7022 5723/1/7023 
f 5392/1/7018 5723/1/7023 5720/1/7019 
f 5393/1/7017 5720/1/7019 5367/1/7024 
f 5367/1/7024 5720/1/7019 5724/1/7025 
f 5367/1/7024 5724/1/7025 5368/1/7026 
f 5368/1/7026 5724/1/7025 5725/1/7027 
f 5368/1/7026 5725/1/7027 5370/1/7028 
f 5726/1/7029 5419/1/7030 5727/1/7031 
f 5727/1/7031 5419/1/7030 5418/1/7032 
f 5418/1/7032 5396/1/7033 5727/1/7031 
f 5727/1/7031 5396/1/7033 5395/1/7034 
f 5727/1/7031 5395/1/7034 5728/1/7035 
f 5728/1/7035 5395/1/7034 5394/1/7036 
f 5394/1/7036 5386/1/7037 5728/1/7035 
f 5728/1/7035 5386/1/7037 5385/1/7038 
f 5728/1/7035 5385/1/7038 5725/1/7027 
f 5725/1/7027 5385/1/7038 5384/1/7039 
f 5725/1/7027 5384/1/7039 5370/1/7028 
f 5719/1/7016 5464/1/7015 5729/1/7040 
f 5729/1/7040 5464/1/7015 5463/1/7041 
f 5729/1/7040 5463/1/7041 5453/1/7042 
f 5453/1/7042 5452/1/7043 5729/1/7040 
f 5729/1/7040 5452/1/7043 5451/1/7044 
f 5729/1/7040 5451/1/7044 5726/1/7029 
f 5726/1/7029 5451/1/7044 5442/1/7045 
f 5726/1/7029 5442/1/7045 5441/1/7046 
f 5441/1/7046 5440/1/7047 5726/1/7029 
f 5726/1/7029 5440/1/7047 5420/1/7048 
f 5726/1/7029 5420/1/7048 5419/1/7030 
f 5435/1/7049 5730/1/7050 5436/1/7051 
f 5436/1/7051 5730/1/7050 5731/1/7052 
f 5436/1/7051 5731/1/7052 5408/1/7053 
f 5408/1/7053 5731/1/7052 5402/1/7054 
f 5435/1/7049 5398/1/7055 5730/1/7050 
f 5730/1/7050 5398/1/7055 5397/1/7056 
f 5730/1/7050 5397/1/7056 5732/1/7057 
f 5397/1/7056 5444/1/7058 5732/1/7057 
f 5732/1/7057 5444/1/7058 5443/1/7059 
f 5732/1/7057 5443/1/7059 5719/1/7016 
f 5719/1/7016 5443/1/7059 5427/1/7060 
f 5719/1/7016 5427/1/7060 5426/1/7014 
f 5446/1/7061 5445/1/7062 5733/1/7063 
f 5733/1/7063 5445/1/7062 5731/1/7052 
f 5731/1/7052 5445/1/7062 5403/1/7064 
f 5731/1/7052 5403/1/7064 5402/1/7054 
f 5733/1/7063 5734/1/7065 5446/1/7061 
f 5446/1/7061 5734/1/7065 5735/1/7066 
f 5446/1/7061 5735/1/7066 5447/1/7067 
f 5447/1/7067 5735/1/7066 5736/1/7068 
f 5447/1/7067 5736/1/7068 5448/1/7069 
f 5448/1/7069 5736/1/7068 5686/1/6950 
f 5448/1/7069 5686/1/6950 5449/1/6952 
f 5345/1/7004 5713/1/7003 5737/1/7070 
f 5345/1/7004 5737/1/7070 5358/1/7071 
f 5358/1/7071 5737/1/7070 5738/1/7072 
f 5358/1/7071 5738/1/7072 5356/1/7073 
f 5380/1/7074 5379/1/7075 5739/1/7076 
f 5739/1/7076 5379/1/7075 5740/1/7077 
f 5740/1/7077 5379/1/7075 5378/1/7078 
f 5740/1/7077 5378/1/7078 5741/1/7079 
f 5739/1/7076 5742/1/7080 5380/1/7074 
f 5380/1/7074 5742/1/7080 5743/1/7081 
f 5380/1/7074 5743/1/7081 5387/1/7082 
f 5387/1/7082 5743/1/7081 5388/1/7083 
f 5388/1/7083 5743/1/7081 5721/1/7021 
f 5388/1/7083 5721/1/7021 5389/1/7020 
f 5738/1/7072 5744/1/7084 5356/1/7073 
f 5356/1/7073 5744/1/7084 5745/1/7085 
f 5356/1/7073 5745/1/7085 5364/1/7086 
f 5364/1/7086 5745/1/7085 5365/1/7087 
f 5746/1/7088 5338/1/7089 5747/1/7090 
f 5747/1/7090 5338/1/7089 5340/1/7091 
f 5747/1/7090 5340/1/7091 5748/1/7092 
f 5748/1/7092 5340/1/7091 5749/1/7093 
f 5746/1/7088 5750/1/7094 5338/1/7089 
f 5338/1/7089 5750/1/7094 5751/1/7095 
f 5338/1/7089 5751/1/7095 5323/1/7096 
f 5323/1/7096 5751/1/7095 5741/1/7079 
f 5323/1/7096 5741/1/7079 5378/1/7078 
f 5366/1/7097 5365/1/7087 5745/1/7085 
f 5752/1/7098 5432/1/7099 5391/1/7100 
f 5752/1/7098 5391/1/7100 5753/1/7101 
f 5391/1/7100 5390/1/7102 5753/1/7101 
f 5753/1/7101 5390/1/7102 5401/1/7103 
f 5753/1/7101 5401/1/7103 5754/1/7104 
f 5754/1/7104 5401/1/7103 5400/1/7105 
f 5754/1/7104 5400/1/7105 5755/1/7106 
f 5400/1/7105 5399/1/7107 5755/1/7106 
f 5755/1/7106 5399/1/7107 5410/1/7108 
f 5755/1/7106 5410/1/7108 5756/1/7109 
f 5756/1/7109 5410/1/7108 5409/1/7110 
f 5756/1/7109 5409/1/7110 5757/1/7111 
f 5757/1/7111 5409/1/7110 5758/1/7112 
f 5758/1/7112 5409/1/7110 5407/1/7113 
f 5758/1/7112 5407/1/7113 5759/1/7114 
f 5759/1/7114 5407/1/7113 5760/1/7115 
f 5760/1/7115 5407/1/7113 5406/1/7116 
f 5760/1/7115 5406/1/7116 5761/1/7117 
f 5761/1/7117 5406/1/7116 5405/1/7118 
f 5761/1/7117 5405/1/7118 5762/1/7119 
f 5762/1/7119 5405/1/7118 5404/1/7120 
f 5762/1/7119 5404/1/7120 5763/1/7121 
f 5763/1/7121 5404/1/7120 5764/1/7122 
f 5764/1/7122 5404/1/7120 5429/1/7123 
f 5764/1/7122 5429/1/7123 5765/1/7124 
f 5765/1/7124 5429/1/7123 5428/1/7125 
f 5765/1/7124 5428/1/7125 5766/1/7126 
f 5766/1/7126 5428/1/7125 5423/1/7127 
f 5766/1/7126 5423/1/7127 5767/1/7128 
f 5767/1/7128 5423/1/7127 5422/1/7129 
f 5767/1/7128 5422/1/7129 5768/1/7130 
f 5768/1/7130 5422/1/7129 5421/1/7131 
f 5768/1/7130 5421/1/7131 5769/1/7132 
f 5381/1/7133 5770/1/7134 5382/1/7135 
f 5382/1/7135 5770/1/7134 5769/1/7132 
f 5382/1/7135 5769/1/7132 5383/1/7136 
f 5383/1/7136 5769/1/7132 5421/1/7131 
f 5381/1/7133 5377/1/7137 5770/1/7134 
f 5770/1/7134 5377/1/7137 5376/1/7138 
f 5770/1/7134 5376/1/7138 5771/1/7139 
f 5771/1/7139 5376/1/7138 5375/1/7140 
f 5771/1/7139 5375/1/7140 5772/1/7141 
f 5772/1/7141 5375/1/7140 5374/1/7142 
f 5772/1/7141 5374/1/7142 5773/1/7143 
f 5373/1/7144 5774/1/7145 5374/1/7142 
f 5374/1/7142 5774/1/7145 5775/1/7146 
f 5374/1/7142 5775/1/7146 5773/1/7143 
f 5372/1/7147 5776/1/7148 5373/1/7144 
f 5373/1/7144 5776/1/7148 5777/1/7149 
f 5373/1/7144 5777/1/7149 5774/1/7145 
f 5363/1/7150 5778/1/7151 5372/1/7147 
f 5372/1/7147 5778/1/7151 5779/1/7152 
f 5372/1/7147 5779/1/7152 5776/1/7148 
f 5745/1/7085 5780/1/7153 5366/1/7097 
f 5366/1/7097 5780/1/7153 5781/1/7154 
f 5366/1/7097 5781/1/7154 5362/1/7155 
f 5362/1/7155 5781/1/7154 5782/1/7156 
f 5362/1/7155 5782/1/7156 5363/1/7150 
f 5363/1/7150 5782/1/7156 5783/1/7157 
f 5363/1/7150 5783/1/7157 5778/1/7151 
f 5320/1/7158 5784/1/7159 5785/1/7160 
f 5320/1/7158 5785/1/7160 5339/1/7161 
f 5339/1/7161 5785/1/7160 5749/1/7093 
f 5339/1/7161 5749/1/7093 5340/1/7091 
f 5786/1/7162 5361/1/7163 5425/1/7164 
f 5786/1/7162 5425/1/7164 5787/1/7165 
f 5787/1/7165 5425/1/7164 5424/1/7166 
f 5787/1/7165 5424/1/7166 5788/1/7167 
f 5788/1/7167 5424/1/7166 5789/1/7168 
f 5789/1/7168 5424/1/7166 5417/1/7169 
f 5789/1/7168 5417/1/7169 5790/1/7170 
f 5414/1/7171 5791/1/7172 5792/1/7173 
f 5792/1/7173 5793/1/7174 5414/1/7171 
f 5414/1/7171 5793/1/7174 5794/1/7175 
f 5414/1/7171 5794/1/7175 5415/1/7176 
f 5415/1/7176 5794/1/7175 5795/1/7177 
f 5795/1/7177 5796/1/7178 5415/1/7176 
f 5415/1/7176 5796/1/7178 5797/1/7179 
f 5415/1/7176 5797/1/7179 5416/1/7180 
f 5416/1/7180 5797/1/7179 5798/1/7181 
f 5416/1/7180 5798/1/7181 5417/1/7169 
f 5417/1/7169 5798/1/7181 5799/1/7182 
f 5417/1/7169 5799/1/7182 5790/1/7170 
f 5413/1/7183 5800/1/7184 5414/1/7171 
f 5414/1/7171 5800/1/7184 5801/1/7185 
f 5414/1/7171 5801/1/7185 5802/1/7186 
f 5802/1/7186 5803/1/7187 5414/1/7171 
f 5414/1/7171 5803/1/7187 5804/1/7188 
f 5414/1/7171 5804/1/7188 5791/1/7172 
f 5805/1/7189 5806/1/7190 5413/1/7183 
f 5413/1/7183 5806/1/7190 5807/1/7191 
f 5413/1/7183 5807/1/7191 5800/1/7184 
f 5411/1/7192 5808/1/7193 5412/1/7194 
f 5412/1/7194 5808/1/7193 5809/1/7195 
f 5412/1/7194 5809/1/7195 5413/1/7183 
f 5413/1/7183 5809/1/7195 5810/1/7196 
f 5413/1/7183 5810/1/7196 5805/1/7189 
f 5433/1/7197 5811/1/7198 5434/1/7199 
f 5434/1/7199 5811/1/7198 5812/1/7200 
f 5434/1/7199 5812/1/7200 5411/1/7192 
f 5411/1/7192 5812/1/7200 5813/1/7201 
f 5411/1/7192 5813/1/7201 5808/1/7193 
f 5431/1/7202 5814/1/7203 5433/1/7197 
f 5433/1/7197 5814/1/7203 5815/1/7204 
f 5433/1/7197 5815/1/7204 5811/1/7198 
f 5816/1/7205 5817/1/7206 5430/1/7207 
f 5430/1/7207 5817/1/7206 5818/1/7208 
f 5818/1/7208 5819/1/7209 5430/1/7207 
f 5430/1/7207 5819/1/7209 5820/1/7210 
f 5430/1/7207 5820/1/7210 5821/1/7211 
f 5821/1/7211 5822/1/7212 5430/1/7207 
f 5430/1/7207 5822/1/7212 5823/1/7213 
f 5430/1/7207 5823/1/7213 5824/1/7214 
f 5824/1/7214 5825/1/7215 5430/1/7207 
f 5430/1/7207 5825/1/7215 5826/1/7216 
f 5430/1/7207 5826/1/7216 5431/1/7202 
f 5826/1/7216 5827/1/7217 5431/1/7202 
f 5431/1/7202 5827/1/7217 5828/1/7218 
f 5431/1/7202 5828/1/7218 5829/1/7219 
f 5829/1/7219 5830/1/7220 5431/1/7202 
f 5431/1/7202 5830/1/7220 5831/1/7221 
f 5431/1/7202 5831/1/7221 5814/1/7203 
f 5432/1/7099 5752/1/7098 5832/1/7222 
f 5833/1/7223 5834/1/7224 5430/1/7207 
f 5430/1/7207 5834/1/7224 5835/1/7225 
f 5430/1/7207 5835/1/7225 5816/1/7205 
f 5832/1/7222 5836/1/7226 5432/1/7099 
f 5432/1/7099 5836/1/7226 5837/1/7227 
f 5432/1/7099 5837/1/7227 5430/1/7207 
f 5430/1/7207 5837/1/7227 5838/1/7228 
f 5430/1/7207 5838/1/7228 5833/1/7223 
f 5318/1/7229 5839/1/7230 5319/1/7231 
f 5319/1/7231 5839/1/7230 5840/1/7232 
f 5319/1/7231 5840/1/7232 5320/1/7158 
f 5320/1/7158 5840/1/7232 5784/1/7159 
f 5841/1/7233 5359/1/7234 5357/1/7235 
f 5841/1/7233 5357/1/7235 5842/1/7236 
f 5357/1/7235 5355/1/7237 5842/1/7236 
f 5842/1/7236 5355/1/7237 5354/1/7238 
f 5842/1/7236 5354/1/7238 5843/1/7239 
f 5843/1/7239 5354/1/7238 5361/1/7163 
f 5843/1/7239 5361/1/7163 5786/1/7162 
f 5316/1/7240 5844/1/7241 5845/1/7242 
f 5316/1/7240 5845/1/7242 5314/1/7243 
f 5314/1/7243 5845/1/7242 5846/1/7244 
f 5314/1/7243 5846/1/7244 5304/1/7245 
f 5846/1/7244 5847/1/7246 5304/1/7245 
f 5304/1/7245 5847/1/7246 5848/1/7247 
f 5304/1/7245 5848/1/7247 5305/1/7248 
f 5839/1/7230 5318/1/7229 5849/1/7249 
f 5849/1/7249 5318/1/7229 5305/1/7248 
f 5849/1/7249 5305/1/7248 5850/1/7250 
f 5850/1/7250 5305/1/7248 5848/1/7247 
f 5359/1/7234 5841/1/7233 5851/1/7251 
f 5359/1/7234 5851/1/7251 5360/1/7252 
f 5360/1/7252 5851/1/7251 5852/1/7253 
f 5360/1/7252 5852/1/7253 5343/1/7254 
f 5844/1/7241 5316/1/7240 5317/1/7255 
f 5844/1/7241 5317/1/7255 5853/1/7256 
f 5853/1/7256 5317/1/7255 5328/1/7257 
f 5853/1/7256 5328/1/7257 5854/1/7258 
f 5854/1/7258 5328/1/7257 5330/1/7259 
f 5854/1/7258 5330/1/7259 5855/1/7260 
f 5855/1/7260 5330/1/7259 5332/1/7261 
f 5855/1/7260 5332/1/7261 5856/1/7262 
f 5856/1/7262 5332/1/7261 5343/1/7254 
f 5856/1/7262 5343/1/7254 5852/1/7253 
s 2
f 5294/1/1170 5857/1/7263 5290/1/1170 
f 5290/1/1170 5857/1/7263 5858/1/7264 
f 5302/1/1171 5289/1/1171 5859/1/1171 
f 5859/1/1171 5289/1/1171 5860/1/7265 
f 5859/1/1171 5860/1/7265 5861/1/7266 
s 8
f 5862/1/7267 5863/1/7268 5864/1/7269 
f 5864/1/7269 5863/1/7268 5865/1/7270 
f 5866/1/7271 5864/1/7269 5867/1/7272 
f 5867/1/7272 5864/1/7269 5865/1/7270 
f 5867/1/7272 5865/1/7270 5868/1/7273 
f 5868/1/7273 5865/1/7270 5869/1/7274 
f 5870/1/7275 5861/1/7276 5871/1/7277 
f 5870/1/7275 5871/1/7277 5872/1/7278 
f 5872/1/7278 5871/1/7277 5873/1/7279 
f 5872/1/7278 5873/1/7279 5862/1/7267 
f 5862/1/7267 5873/1/7279 5874/1/7280 
f 5862/1/7267 5874/1/7280 5863/1/7268 
f 5875/1/7281 5295/1/7282 5876/1/7283 
f 5876/1/7283 5295/1/7282 5296/1/7284 
f 5876/1/7283 5296/1/7284 5877/1/7285 
f 5877/1/7285 5296/1/7284 5298/1/7286 
f 5878/1/7287 5294/1/7288 5879/1/7289 
f 5879/1/7289 5294/1/7288 5295/1/7282 
f 5879/1/7289 5295/1/7282 5875/1/7281 
f 5880/1/7290 5857/1/7291 5881/1/7292 
f 5881/1/7292 5857/1/7291 5294/1/7288 
f 5881/1/7292 5294/1/7288 5878/1/7287 
f 5882/1/7293 5883/1/7294 5884/1/7295 
f 5885/1/7296 5882/1/7293 5886/1/7297 
f 5886/1/7297 5882/1/7293 5884/1/7295 
f 5886/1/7297 5884/1/7295 5887/1/7298 
f 5887/1/7298 5884/1/7295 5888/1/7299 
f 5887/1/7298 5888/1/7299 5889/1/7300 
f 5889/1/7300 5888/1/7299 5857/1/7291 
f 5889/1/7300 5857/1/7291 5880/1/7290 
s 1
f 5868/1/7301 5869/1/7302 5890/1/7303 
f 5890/1/7303 5869/1/7302 5891/1/7304 
f 5890/1/7303 5891/1/7304 5512/1/7304 
f 5512/1/7304 5891/1/7304 5510/1/7304 
f 5892/1/7305 5893/1/7305 5467/1/6898 
f 5467/1/6898 5893/1/7305 5465/1/6897 
s 4
f 5894/1/7306 5576/1/7307 5895/1/7308 
f 5895/1/7308 5576/1/7307 5575/1/7309 
f 5895/1/7308 5575/1/7309 5896/1/7310 
f 5896/1/7310 5575/1/7309 5574/1/7311 
f 5896/1/7310 5574/1/7311 5897/1/7312 
f 5897/1/7312 5574/1/7311 5610/1/7313 
f 5897/1/7312 5610/1/7313 5898/1/7314 
f 5898/1/7314 5610/1/7313 5609/1/7315 
f 5898/1/7314 5609/1/7315 5899/1/7316 
f 5899/1/7316 5609/1/7315 5608/1/7317 
f 5899/1/7316 5608/1/7317 5900/1/7318 
f 5900/1/7318 5608/1/7317 5607/1/7319 
f 5900/1/7318 5607/1/7319 5901/1/7320 
f 5901/1/7320 5607/1/7319 5606/1/7321 
f 5901/1/7320 5606/1/7321 5902/1/7322 
f 5606/1/7321 5549/1/7323 5902/1/7322 
f 5902/1/7322 5549/1/7323 5548/1/7324 
f 5902/1/7322 5548/1/7324 5903/1/7325 
f 5903/1/7325 5548/1/7324 5547/1/7326 
f 5903/1/7325 5547/1/7326 5526/1/7327 
f 5526/1/7327 5525/1/7328 5903/1/7325 
f 5903/1/7325 5525/1/7328 5524/1/7329 
f 5903/1/7325 5524/1/7329 5904/1/7330 
f 5904/1/7330 5524/1/7329 5523/1/7331 
f 5904/1/7330 5523/1/7331 5565/1/7332 
f 5565/1/7332 5564/1/7333 5904/1/7330 
f 5904/1/7330 5564/1/7333 5563/1/7334 
f 5904/1/7330 5563/1/7334 5905/1/7335 
f 5905/1/7335 5563/1/7334 5599/1/7336 
f 5905/1/7335 5599/1/7336 5598/1/7337 
f 5562/1/7338 5561/1/7339 5906/1/7340 
f 5598/1/7337 5597/1/7341 5905/1/7335 
f 5905/1/7335 5597/1/7341 5620/1/7342 
f 5905/1/7335 5620/1/7342 5906/1/7340 
f 5906/1/7340 5620/1/7342 5619/1/7343 
f 5906/1/7340 5619/1/7343 5562/1/7338 
f 5561/1/7339 5560/1/7344 5906/1/7340 
f 5906/1/7340 5560/1/7344 5559/1/7345 
f 5906/1/7340 5559/1/7345 5907/1/7346 
f 5907/1/7346 5559/1/7345 5596/1/7347 
f 5907/1/7346 5596/1/7347 5595/1/7348 
f 5617/1/7349 5908/1/7350 5618/1/7351 
f 5618/1/7351 5908/1/7350 5907/1/7346 
f 5618/1/7351 5907/1/7346 5594/1/7352 
f 5594/1/7352 5907/1/7346 5595/1/7348 
f 5617/1/7349 5616/1/7353 5908/1/7350 
f 5908/1/7350 5616/1/7353 5615/1/7354 
f 5908/1/7350 5615/1/7354 5909/1/7355 
f 5615/1/7354 5614/1/7356 5909/1/7355 
f 5909/1/7355 5614/1/7356 5605/1/7357 
f 5909/1/7355 5605/1/7357 5604/1/7358 
f 5604/1/7358 5603/1/7359 5909/1/7355 
f 5909/1/7355 5603/1/7359 5573/1/7360 
f 5909/1/7355 5573/1/7360 5910/1/7361 
f 5910/1/7361 5573/1/7360 5572/1/7362 
f 5910/1/7361 5572/1/7362 5571/1/7363 
f 5571/1/7363 5622/1/7364 5910/1/7361 
f 5910/1/7361 5622/1/7364 5621/1/7365 
f 5910/1/7361 5621/1/7365 5911/1/7366 
f 5621/1/7365 5613/1/7367 5911/1/7366 
f 5911/1/7366 5613/1/7367 5612/1/7368 
f 5911/1/7366 5612/1/7368 5912/1/7369 
f 5612/1/7368 5611/1/7370 5912/1/7369 
f 5912/1/7369 5611/1/7370 5593/1/7371 
f 5912/1/7369 5593/1/7371 5592/1/7372 
f 5592/1/7372 5591/1/7373 5912/1/7369 
f 5912/1/7369 5591/1/7373 5558/1/7374 
f 5912/1/7369 5558/1/7374 5913/1/7375 
f 5558/1/7374 5557/1/7376 5913/1/7375 
f 5913/1/7375 5557/1/7376 5556/1/7377 
f 5913/1/7375 5556/1/7377 5590/1/7378 
f 5590/1/7378 5589/1/7379 5913/1/7375 
f 5913/1/7375 5589/1/7379 5581/1/7380 
f 5913/1/7375 5581/1/7380 5580/1/7381 
f 5580/1/7381 5579/1/7382 5913/1/7375 
f 5913/1/7375 5579/1/7382 5546/1/7383 
f 5913/1/7375 5546/1/7383 5914/1/7384 
f 5914/1/7384 5546/1/7383 5545/1/7385 
f 5545/1/7385 5544/1/7386 5914/1/7384 
f 5914/1/7384 5544/1/7386 5522/1/7387 
f 5914/1/7384 5522/1/7387 5521/1/7388 
f 5521/1/7388 5543/1/7389 5914/1/7384 
f 5914/1/7384 5543/1/7389 5542/1/7390 
f 5914/1/7384 5542/1/7390 5915/1/7391 
f 5915/1/7391 5542/1/7390 5541/1/7392 
f 5915/1/7391 5541/1/7392 5540/1/7393 
f 5540/1/7393 5539/1/7394 5915/1/7391 
f 5915/1/7391 5539/1/7394 5531/1/7395 
f 5915/1/7391 5531/1/7395 5916/1/7396 
f 5916/1/7396 5531/1/7395 5530/1/7397 
f 5916/1/7396 5530/1/7397 5529/1/7398 
f 5576/1/7307 5894/1/7306 5550/1/7399 
f 5550/1/7399 5894/1/7306 5917/1/7400 
f 5550/1/7399 5917/1/7400 5551/1/7401 
f 5551/1/7401 5917/1/7400 5918/1/7402 
f 5551/1/7401 5918/1/7402 5552/1/7403 
f 5552/1/7403 5918/1/7402 5919/1/7404 
f 5552/1/7403 5919/1/7404 5519/1/7405 
f 5519/1/7405 5919/1/7404 5920/1/7406 
f 5519/1/7405 5920/1/7406 5517/1/7407 
f 5517/1/7407 5920/1/7406 5921/1/7408 
f 5517/1/7407 5921/1/7408 5508/1/7409 
f 5922/1/7410 5509/1/7411 5923/1/7412 
f 5923/1/7412 5509/1/7411 5507/1/7413 
f 5923/1/7412 5507/1/7413 5921/1/7408 
f 5921/1/7408 5507/1/7413 5508/1/7409 
f 5924/1/7414 5500/1/7415 5925/1/7416 
f 5925/1/7416 5500/1/7415 5499/1/7417 
f 5925/1/7416 5499/1/7417 5926/1/7418 
f 5926/1/7418 5499/1/7417 5927/1/7419 
f 5927/1/7419 5499/1/7417 5480/1/7420 
f 5927/1/7419 5480/1/7420 5928/1/7421 
f 5928/1/7421 5480/1/7420 5479/1/7422 
f 5928/1/7421 5479/1/7422 5929/1/7423 
f 5929/1/7423 5479/1/7422 5482/1/7424 
f 5929/1/7423 5482/1/7424 5930/1/7425 
f 5930/1/7425 5482/1/7424 5481/1/7426 
f 5930/1/7425 5481/1/7426 5931/1/7427 
f 5931/1/7427 5481/1/7426 5478/1/7428 
f 5931/1/7427 5478/1/7428 5932/1/7429 
f 5932/1/7429 5478/1/7428 5477/1/7430 
f 5932/1/7429 5477/1/7430 5933/1/7431 
f 5933/1/7431 5477/1/7430 5476/1/7432 
f 5933/1/7431 5476/1/7432 5934/1/7433 
f 5934/1/7433 5476/1/7432 5475/1/7434 
f 5934/1/7433 5475/1/7434 5935/1/7435 
f 5935/1/7435 5475/1/7434 5936/1/7436 
f 5936/1/7436 5475/1/7434 5484/1/7437 
f 5936/1/7436 5484/1/7437 5937/1/7438 
f 5937/1/7438 5484/1/7437 5483/1/7439 
f 5937/1/7438 5483/1/7439 5938/1/7440 
f 5466/1/7441 5465/1/7442 5882/1/7443 
f 5882/1/7443 5465/1/7442 5893/1/7444 
f 5882/1/7443 5893/1/7444 5883/1/7445 
f 5882/1/7443 5885/1/7446 5466/1/7441 
f 5466/1/7441 5885/1/7446 5939/1/7447 
f 5466/1/7441 5939/1/7447 5470/1/7448 
f 5470/1/7448 5939/1/7447 5940/1/7449 
f 5470/1/7448 5940/1/7449 5471/1/7450 
f 5471/1/7450 5940/1/7449 5941/1/7451 
f 5471/1/7450 5941/1/7451 5472/1/7452 
f 5472/1/7452 5941/1/7451 5942/1/7453 
f 5472/1/7452 5942/1/7453 5473/1/7454 
f 5473/1/7454 5942/1/7453 5943/1/7455 
f 5473/1/7454 5943/1/7455 5474/1/7456 
f 5474/1/7456 5943/1/7455 5944/1/7457 
f 5474/1/7456 5944/1/7457 5483/1/7439 
f 5483/1/7439 5944/1/7457 5945/1/7458 
f 5483/1/7439 5945/1/7458 5938/1/7440 
f 5946/1/7459 5501/1/7460 5947/1/7461 
f 5947/1/7461 5501/1/7460 5487/1/7462 
f 5947/1/7461 5487/1/7462 5948/1/7463 
f 5948/1/7463 5487/1/7462 5486/1/7464 
f 5500/1/7415 5924/1/7414 5485/1/7465 
f 5485/1/7465 5924/1/7414 5949/1/7466 
f 5485/1/7465 5949/1/7466 5486/1/7464 
f 5486/1/7464 5949/1/7466 5950/1/7467 
f 5486/1/7464 5950/1/7467 5948/1/7463 
s 2
f 5871/1/7468 5861/1/7266 5860/1/7265 
f 5951/1/7469 5873/1/7470 5952/1/7471 
f 5952/1/7471 5873/1/7470 5871/1/7468 
f 5952/1/7471 5871/1/7468 5953/1/7472 
f 5953/1/7472 5871/1/7468 5860/1/7265 
f 5869/1/7473 5865/1/7474 5891/1/7475 
f 5891/1/7475 5865/1/7474 5863/1/7476 
f 5891/1/7475 5863/1/7476 5951/1/7469 
f 5951/1/7469 5863/1/7476 5874/1/7477 
f 5951/1/7469 5874/1/7477 5873/1/7470 
f 5858/1/7264 5857/1/7263 5954/1/7478 
f 5954/1/7478 5857/1/7263 5888/1/7479 
f 5954/1/7478 5888/1/7479 5955/1/7480 
f 5955/1/7480 5888/1/7479 5884/1/7481 
f 5955/1/7480 5884/1/7481 5956/1/7482 
f 5956/1/7482 5884/1/7481 5883/1/7483 
f 5956/1/7482 5883/1/7483 5892/1/7484 
f 5892/1/7484 5883/1/7483 5893/1/7485 
s 8
f 5957/1/7486 5859/1/7487 5958/1/7488 
f 5958/1/7488 5859/1/7487 5861/1/7276 
f 5958/1/7488 5861/1/7276 5870/1/7275 
f 5959/1/7489 5302/1/7490 5960/1/7491 
f 5960/1/7491 5302/1/7490 5859/1/7487 
f 5960/1/7491 5859/1/7487 5961/1/7492 
f 5961/1/7492 5859/1/7487 5957/1/7486 
f 5962/1/7493 5963/1/7494 5300/1/7495 
f 5962/1/7493 5300/1/7495 5964/1/7496 
f 5964/1/7496 5300/1/7495 5301/1/7497 
f 5964/1/7496 5301/1/7497 5965/1/7498 
f 5965/1/7498 5301/1/7497 5302/1/7490 
f 5965/1/7498 5302/1/7490 5959/1/7489 
f 5963/1/7494 5966/1/7499 5300/1/7495 
f 5300/1/7495 5966/1/7499 5967/1/7500 
f 5300/1/7495 5967/1/7500 5298/1/7286 
f 5298/1/7286 5967/1/7500 5877/1/7285 
s 4
f 5890/1/7501 5512/1/7502 5511/1/7503 
f 5867/1/7504 5868/1/7505 5890/1/7501 
f 5509/1/7411 5922/1/7410 5511/1/7503 
f 5511/1/7503 5922/1/7410 5968/1/7506 
f 5511/1/7503 5968/1/7506 5890/1/7501 
f 5890/1/7501 5968/1/7506 5866/1/7507 
f 5890/1/7501 5866/1/7507 5867/1/7504 
s 2
f 5858/1/7264 5969/1/7508 5290/1/1170 
f 5290/1/1170 5969/1/7508 5291/1/1173 
f 5970/1/1172 5971/1/7509 5860/1/7265 
f 5970/1/1172 5860/1/7265 5972/1/1171 
f 5289/1/1171 5288/1/1172 5860/1/7265 
f 5860/1/7265 5288/1/1172 5973/1/1172 
f 5860/1/7265 5973/1/1172 5972/1/1171 
s 8
f 5974/1/7510 5975/1/7511 5976/1/7512 
f 5976/1/7512 5975/1/7511 5977/1/7513 
f 5976/1/7512 5977/1/7513 5978/1/7514 
f 5979/1/7515 5980/1/7516 5977/1/7513 
f 5977/1/7513 5980/1/7516 5981/1/7517 
f 5977/1/7513 5981/1/7517 5978/1/7514 
f 5980/1/7516 5979/1/7515 5982/1/7518 
f 5980/1/7516 5982/1/7518 5983/1/7519 
f 5982/1/7518 5984/1/7520 5983/1/7519 
f 5983/1/7519 5984/1/7520 5985/1/7521 
f 5983/1/7519 5985/1/7521 5986/1/7522 
f 5985/1/7521 5987/1/7523 5986/1/7522 
f 5986/1/7522 5987/1/7523 5971/1/7524 
f 5986/1/7522 5971/1/7524 5988/1/7525 
f 5989/1/7526 5299/1/7527 5990/1/7528 
f 5990/1/7528 5299/1/7527 5297/1/7529 
f 5990/1/7528 5297/1/7529 5991/1/7530 
f 5991/1/7530 5297/1/7529 5292/1/7531 
f 5991/1/7530 5292/1/7531 5992/1/7532 
f 5992/1/7532 5292/1/7531 5291/1/7533 
f 5992/1/7532 5291/1/7533 5993/1/7534 
f 5993/1/7534 5291/1/7533 5994/1/7535 
f 5994/1/7535 5291/1/7533 5969/1/7536 
f 5994/1/7535 5969/1/7536 5995/1/7537 
f 5996/1/7538 5995/1/7537 5969/1/7536 
f 5997/1/7539 5998/1/7540 5999/1/7541 
f 5995/1/7537 5996/1/7538 6000/1/7542 
f 6000/1/7542 5996/1/7538 5997/1/7539 
f 6000/1/7542 5997/1/7539 6001/1/7543 
f 6001/1/7543 5997/1/7539 5999/1/7541 
f 6001/1/7543 5999/1/7541 6002/1/7544 
s 1
f 5514/1/7304 5510/1/7304 6003/1/7545 
f 6003/1/7545 5510/1/7304 5891/1/7304 
f 6003/1/7545 5891/1/7304 5974/1/7546 
f 5974/1/7546 5891/1/7304 5975/1/7547 
f 6004/1/7305 5892/1/7305 5468/1/6899 
f 5468/1/6899 5892/1/7305 5467/1/6898 
s 4
f 5916/1/7396 5529/1/7398 5528/1/7548 
f 5916/1/7396 5528/1/7548 6005/1/7549 
f 5528/1/7548 5527/1/7550 6005/1/7549 
f 6005/1/7549 5527/1/7550 5578/1/7551 
f 6005/1/7549 5578/1/7551 6006/1/7552 
f 5533/1/7553 5532/1/7554 6007/1/7555 
f 5578/1/7551 5577/1/7556 6006/1/7552 
f 6006/1/7552 5577/1/7556 5538/1/7557 
f 6006/1/7552 5538/1/7557 5537/1/7558 
f 5537/1/7558 5536/1/7559 6006/1/7552 
f 6006/1/7552 5536/1/7559 5535/1/7560 
f 6006/1/7552 5535/1/7560 6007/1/7555 
f 6007/1/7555 5535/1/7560 5534/1/7561 
f 6007/1/7555 5534/1/7561 5533/1/7553 
f 5640/1/7562 5639/1/7563 6008/1/7564 
f 5640/1/7562 6008/1/7564 5632/1/7565 
f 5625/1/7566 5624/1/7567 6009/1/7568 
f 5532/1/7554 5602/1/7569 6007/1/7555 
f 6007/1/7555 5602/1/7569 5601/1/7570 
f 6007/1/7555 5601/1/7570 6009/1/7568 
f 6009/1/7568 5601/1/7570 5600/1/7571 
f 6009/1/7568 5600/1/7571 5625/1/7566 
f 5624/1/7567 5623/1/7572 6009/1/7568 
f 6009/1/7568 5623/1/7572 5634/1/7573 
f 6009/1/7568 5634/1/7573 6008/1/7564 
f 6008/1/7564 5634/1/7573 5633/1/7574 
f 6008/1/7564 5633/1/7574 5632/1/7565 
f 5645/1/7575 6010/1/7576 5646/1/7577 
f 5646/1/7577 6010/1/7576 6008/1/7564 
f 5646/1/7577 6008/1/7564 5638/1/7578 
f 5638/1/7578 6008/1/7564 5639/1/7563 
f 5650/1/7579 5658/1/7580 6011/1/7581 
f 5645/1/7575 5644/1/7582 6010/1/7576 
f 6010/1/7576 5644/1/7582 5652/1/7583 
f 6010/1/7576 5652/1/7583 6011/1/7581 
f 6011/1/7581 5652/1/7583 5651/1/7584 
f 6011/1/7581 5651/1/7584 5650/1/7579 
f 5658/1/7580 5657/1/7585 6011/1/7581 
f 6011/1/7581 5657/1/7585 5656/1/7586 
f 6011/1/7581 5656/1/7586 6012/1/7587 
f 6012/1/7587 5656/1/7586 5661/1/7588 
f 6012/1/7587 5661/1/7588 5660/1/7589 
f 5665/1/7590 6013/1/7591 5666/1/7592 
f 5666/1/7592 6013/1/7591 6012/1/7587 
f 5666/1/7592 6012/1/7587 5659/1/7593 
f 5659/1/7593 6012/1/7587 5660/1/7589 
f 5665/1/7590 5664/1/7594 6013/1/7591 
f 6013/1/7591 5664/1/7594 5663/1/7595 
f 6013/1/7591 5663/1/7595 6014/1/7596 
f 6014/1/7596 5663/1/7595 5662/1/7597 
f 5662/1/7597 5655/1/7598 6014/1/7596 
f 6014/1/7596 5655/1/7598 5654/1/7599 
f 6014/1/7596 5654/1/7599 5653/1/7600 
f 5653/1/7600 5649/1/7601 6014/1/7596 
f 6014/1/7596 5649/1/7601 5648/1/7602 
f 6014/1/7596 5648/1/7602 6015/1/7603 
f 6015/1/7603 5648/1/7602 5647/1/7604 
f 5641/1/7605 6016/1/7606 5642/1/7607 
f 5642/1/7607 6016/1/7606 6015/1/7603 
f 5642/1/7607 6015/1/7603 5643/1/7608 
f 5643/1/7608 6015/1/7603 5647/1/7604 
f 5641/1/7605 5637/1/7609 6016/1/7606 
f 6016/1/7606 5637/1/7609 5636/1/7610 
f 6016/1/7606 5636/1/7610 5635/1/7611 
f 5635/1/7611 5631/1/7612 6016/1/7606 
f 6016/1/7606 5631/1/7612 5630/1/7613 
f 6016/1/7606 5630/1/7613 6017/1/7614 
f 6017/1/7614 5630/1/7613 5629/1/7615 
f 5629/1/7615 5628/1/7616 6017/1/7614 
f 6017/1/7614 5628/1/7616 5627/1/7617 
f 6017/1/7614 5627/1/7617 6018/1/7618 
f 6018/1/7618 5627/1/7617 5626/1/7619 
f 6018/1/7618 5626/1/7619 5555/1/7620 
f 5555/1/7620 5554/1/7621 6018/1/7618 
f 6018/1/7618 5554/1/7621 5588/1/7622 
f 6018/1/7618 5588/1/7622 6019/1/7623 
f 6019/1/7623 5588/1/7622 6020/1/7624 
f 5588/1/7622 5587/1/7625 6020/1/7624 
f 6020/1/7624 5587/1/7625 5570/1/7626 
f 6020/1/7624 5570/1/7626 6021/1/7627 
f 6021/1/7627 5570/1/7626 5569/1/7628 
f 6021/1/7627 5569/1/7628 6022/1/7629 
f 5569/1/7628 5568/1/7630 6022/1/7629 
f 6022/1/7629 5568/1/7630 5585/1/7631 
f 6022/1/7629 5585/1/7631 6023/1/7632 
f 6023/1/7632 5585/1/7631 5586/1/7633 
f 6023/1/7632 5586/1/7633 6024/1/7634 
f 6024/1/7634 5586/1/7633 5584/1/7635 
f 6024/1/7634 5584/1/7635 6025/1/7636 
f 6025/1/7636 5584/1/7635 5583/1/7637 
f 5566/1/7638 6026/1/7639 5567/1/7640 
f 5567/1/7640 6026/1/7639 6027/1/7641 
f 5567/1/7640 6027/1/7641 5583/1/7637 
f 5583/1/7637 6027/1/7641 6028/1/7642 
f 5583/1/7637 6028/1/7642 6025/1/7636 
f 6026/1/7639 5566/1/7638 6029/1/7643 
f 6029/1/7643 5566/1/7638 5582/1/7644 
f 6029/1/7643 5582/1/7644 6030/1/7645 
f 6030/1/7645 5582/1/7644 5553/1/7646 
f 6030/1/7645 5553/1/7646 6031/1/7647 
f 5515/1/7648 6032/1/7649 5516/1/7650 
f 5516/1/7650 6032/1/7649 6033/1/7651 
f 5516/1/7650 6033/1/7651 5518/1/7652 
f 5518/1/7652 6033/1/7651 6031/1/7647 
f 5518/1/7652 6031/1/7647 5520/1/7653 
f 5520/1/7653 6031/1/7647 5553/1/7646 
f 6032/1/7649 5515/1/7648 6034/1/7654 
f 6034/1/7654 5515/1/7648 5506/1/7655 
f 6034/1/7654 5506/1/7655 6035/1/7656 
f 6035/1/7656 5506/1/7655 5505/1/7657 
f 6004/1/7658 5468/1/7659 5469/1/7660 
f 5998/1/7661 6004/1/7658 5999/1/7662 
f 5999/1/7662 6004/1/7658 5469/1/7660 
f 5999/1/7662 5469/1/7660 6002/1/7663 
f 6002/1/7663 5469/1/7660 6036/1/7664 
f 5497/1/7665 6037/1/7666 5498/1/7667 
f 5498/1/7667 6037/1/7666 6038/1/7668 
f 5498/1/7667 6038/1/7668 5469/1/7660 
f 5469/1/7660 6038/1/7668 6039/1/7669 
f 5469/1/7660 6039/1/7669 6036/1/7664 
f 5496/1/7670 6040/1/7671 5497/1/7665 
f 5497/1/7665 6040/1/7671 6041/1/7672 
f 5497/1/7665 6041/1/7672 6037/1/7666 
f 5493/1/7673 5492/1/7674 6042/1/7675 
f 6042/1/7675 5492/1/7674 5504/1/7676 
f 6042/1/7675 5504/1/7676 6043/1/7677 
f 6042/1/7675 6044/1/7678 5493/1/7673 
f 5493/1/7673 6044/1/7678 6045/1/7679 
f 5493/1/7673 6045/1/7679 5494/1/7680 
f 5494/1/7680 6045/1/7679 6046/1/7681 
f 5494/1/7680 6046/1/7681 5495/1/7682 
f 5495/1/7682 6046/1/7681 6047/1/7683 
f 5495/1/7682 6047/1/7683 5496/1/7670 
f 5496/1/7670 6047/1/7683 6048/1/7684 
f 5496/1/7670 6048/1/7684 6040/1/7671 
f 5503/1/7685 6049/1/7686 5504/1/7676 
f 5504/1/7676 6049/1/7686 6050/1/7687 
f 5504/1/7676 6050/1/7687 6043/1/7677 
f 5490/1/7688 6051/1/7689 5491/1/7690 
f 5491/1/7690 6051/1/7689 6052/1/7691 
f 5491/1/7690 6052/1/7691 5503/1/7685 
f 5503/1/7685 6052/1/7691 6053/1/7692 
f 5503/1/7685 6053/1/7692 6049/1/7686 
f 5502/1/7693 5501/1/7460 5946/1/7459 
f 6051/1/7689 5490/1/7688 6054/1/7694 
f 6054/1/7694 5490/1/7688 5489/1/7695 
f 6054/1/7694 5489/1/7695 6055/1/7696 
f 6055/1/7696 5489/1/7695 5488/1/7697 
f 6055/1/7696 5488/1/7697 6056/1/7698 
f 6056/1/7698 5488/1/7697 5502/1/7693 
f 6056/1/7698 5502/1/7693 6057/1/7699 
f 6057/1/7699 5502/1/7693 5946/1/7459 
s 2
f 5977/1/7700 5975/1/7701 5891/1/7475 
f 5952/1/7471 5984/1/7702 5951/1/7469 
f 5951/1/7469 5984/1/7702 5982/1/7703 
f 5951/1/7469 5982/1/7703 5891/1/7475 
f 5891/1/7475 5982/1/7703 5979/1/7704 
f 5891/1/7475 5979/1/7704 5977/1/7700 
f 5860/1/7265 5971/1/7509 5953/1/7472 
f 5953/1/7472 5971/1/7509 5987/1/7705 
f 5953/1/7472 5987/1/7705 5952/1/7471 
f 5952/1/7471 5987/1/7705 5985/1/7706 
f 5952/1/7471 5985/1/7706 5984/1/7702 
f 5969/1/7508 5858/1/7264 5996/1/7707 
f 5996/1/7707 5858/1/7264 5954/1/7478 
f 5996/1/7707 5954/1/7478 5997/1/7708 
f 5956/1/7482 5892/1/7484 6004/1/7709 
f 5954/1/7478 5955/1/7480 5997/1/7708 
f 5997/1/7708 5955/1/7480 5956/1/7482 
f 5997/1/7708 5956/1/7482 5998/1/7710 
f 5998/1/7710 5956/1/7482 6004/1/7709 
s 8
f 5973/1/7711 5288/1/7712 6058/1/7713 
f 6058/1/7713 6059/1/7714 5973/1/7711 
f 5973/1/7711 6059/1/7714 6060/1/7715 
f 5973/1/7711 6060/1/7715 5972/1/7716 
f 6060/1/7715 6061/1/7717 5972/1/7716 
f 5972/1/7716 6061/1/7717 6062/1/7718 
f 5972/1/7716 6062/1/7718 5970/1/7719 
f 5970/1/7719 6062/1/7718 5988/1/7525 
f 5970/1/7719 5988/1/7525 5971/1/7524 
f 5989/1/7526 6063/1/7720 5299/1/7527 
f 5299/1/7527 6063/1/7720 6064/1/7721 
f 5299/1/7527 6064/1/7721 5293/1/7722 
f 5293/1/7722 6064/1/7721 6065/1/7723 
f 5293/1/7722 6065/1/7723 6066/1/7724 
f 6066/1/7724 6067/1/7725 5293/1/7722 
f 5293/1/7722 6067/1/7725 6068/1/7726 
f 5293/1/7722 6068/1/7726 5287/1/7727 
f 5287/1/7727 6068/1/7726 6058/1/7713 
f 5287/1/7727 6058/1/7713 5288/1/7712 
s 4
f 5976/1/7728 5978/1/7729 6069/1/7730 
f 6035/1/7656 5505/1/7657 6069/1/7730 
f 6069/1/7730 5505/1/7657 5513/1/7731 
f 5974/1/7732 5976/1/7728 6003/1/7733 
f 6003/1/7733 5976/1/7728 6069/1/7730 
f 6003/1/7733 6069/1/7730 5514/1/7734 
f 5514/1/7734 6069/1/7730 5513/1/7731 
s 2
f 5856/1/7735 5852/1/7736 5877/1/7737 
f 5856/1/7735 5877/1/7737 5855/1/7738 
f 5877/1/7737 5967/1/7739 5855/1/7738 
f 5855/1/7738 5967/1/7739 5966/1/7740 
f 5855/1/7738 5966/1/7740 5854/1/7741 
f 5854/1/7741 5966/1/7740 5963/1/7742 
f 5854/1/7741 5963/1/7742 5853/1/7743 
f 5963/1/7742 5962/1/7744 5853/1/7743 
f 5853/1/7743 5962/1/7744 5964/1/7745 
f 5853/1/7743 5964/1/7745 5844/1/7746 
f 5844/1/7746 5964/1/7745 5965/1/7747 
f 5844/1/7746 5965/1/7747 6070/1/7748 
f 6070/1/7748 5965/1/7747 5959/1/7749 
f 5832/1/7750 5752/1/7751 5946/1/7752 
f 5833/1/7753 5947/1/7754 5834/1/7755 
f 5834/1/7755 5947/1/7754 5948/1/7756 
f 5833/1/7753 5838/1/7757 5947/1/7754 
f 5947/1/7754 5838/1/7757 5837/1/7758 
f 5947/1/7754 5837/1/7758 5946/1/7752 
f 5946/1/7752 5837/1/7758 5836/1/7759 
f 5946/1/7752 5836/1/7759 5832/1/7750 
f 5818/1/7760 5817/1/7761 5950/1/7762 
f 5950/1/7762 5817/1/7761 5816/1/7763 
f 5950/1/7762 5816/1/7763 5948/1/7756 
f 5948/1/7756 5816/1/7763 5835/1/7764 
f 5948/1/7756 5835/1/7764 5834/1/7755 
f 5825/1/7765 5824/1/7766 5949/1/7767 
f 5949/1/7767 5824/1/7766 5823/1/7768 
f 5949/1/7767 5823/1/7768 5822/1/7769 
f 5822/1/7769 5821/1/7770 5949/1/7767 
f 5949/1/7767 5821/1/7770 5820/1/7771 
f 5949/1/7767 5820/1/7771 5950/1/7762 
f 5950/1/7762 5820/1/7771 5819/1/7772 
f 5950/1/7762 5819/1/7772 5818/1/7760 
f 5924/1/7773 5830/1/7774 5829/1/7775 
f 5829/1/7775 5828/1/7776 5924/1/7773 
f 5924/1/7773 5828/1/7776 5827/1/7777 
f 5924/1/7773 5827/1/7777 5949/1/7767 
f 5949/1/7767 5827/1/7777 5826/1/7778 
f 5949/1/7767 5826/1/7778 5825/1/7765 
f 5815/1/7779 5814/1/7780 5925/1/7781 
f 5925/1/7781 5814/1/7780 5924/1/7773 
f 5924/1/7773 5814/1/7780 5831/1/7782 
f 5924/1/7773 5831/1/7782 5830/1/7774 
f 5806/1/7783 5805/1/7784 5932/1/7785 
f 5932/1/7785 5805/1/7784 5810/1/7786 
f 5932/1/7785 5810/1/7786 5931/1/7787 
f 5931/1/7787 5810/1/7786 5809/1/7788 
f 5931/1/7787 5809/1/7788 5930/1/7789 
f 5925/1/7781 5926/1/7790 5815/1/7779 
f 5815/1/7779 5926/1/7790 5927/1/7791 
f 5815/1/7779 5927/1/7791 5811/1/7792 
f 5811/1/7792 5927/1/7791 5928/1/7793 
f 5811/1/7792 5928/1/7793 5812/1/7794 
f 5812/1/7794 5928/1/7793 5929/1/7795 
f 5812/1/7794 5929/1/7795 5813/1/7796 
f 5813/1/7796 5929/1/7795 5930/1/7789 
f 5813/1/7796 5930/1/7789 5808/1/7797 
f 5808/1/7797 5930/1/7789 5809/1/7788 
f 5796/1/7798 5795/1/7799 5934/1/7800 
f 5934/1/7800 5795/1/7799 5794/1/7801 
f 5934/1/7800 5794/1/7801 5933/1/7802 
f 5794/1/7801 5793/1/7803 5933/1/7802 
f 5933/1/7802 5793/1/7803 5792/1/7804 
f 5933/1/7802 5792/1/7804 5791/1/7805 
f 5791/1/7805 5804/1/7806 5933/1/7802 
f 5933/1/7802 5804/1/7806 5803/1/7807 
f 5933/1/7802 5803/1/7807 5802/1/7808 
f 5802/1/7808 5801/1/7809 5933/1/7802 
f 5933/1/7802 5801/1/7809 5800/1/7810 
f 5933/1/7802 5800/1/7810 5932/1/7785 
f 5932/1/7785 5800/1/7810 5807/1/7811 
f 5932/1/7785 5807/1/7811 5806/1/7783 
f 5796/1/7798 5934/1/7800 5797/1/7812 
f 5797/1/7812 5934/1/7800 5935/1/7813 
f 5797/1/7812 5935/1/7813 5798/1/7814 
f 5798/1/7814 5935/1/7813 5936/1/7815 
f 5798/1/7814 5936/1/7815 5799/1/7816 
f 5799/1/7816 5936/1/7815 5937/1/7817 
f 5799/1/7816 5937/1/7817 5790/1/7818 
f 5790/1/7818 5937/1/7817 5938/1/7819 
f 5790/1/7818 5938/1/7819 5789/1/7820 
f 5941/1/7821 5786/1/7822 5942/1/7823 
f 5942/1/7823 5786/1/7822 5787/1/7824 
f 5942/1/7823 5787/1/7824 5943/1/7825 
f 5943/1/7825 5787/1/7824 5788/1/7826 
f 5943/1/7825 5788/1/7826 5944/1/7827 
f 5944/1/7827 5788/1/7826 5789/1/7820 
f 5944/1/7827 5789/1/7820 5945/1/7828 
f 5945/1/7828 5789/1/7820 5938/1/7819 
f 6070/1/7748 5959/1/7749 6071/1/7829 
f 6071/1/7829 5959/1/7749 5960/1/7830 
f 6072/1/7831 5848/1/7832 6073/1/7833 
f 6073/1/7833 5848/1/7832 5847/1/7834 
f 6073/1/7833 5847/1/7834 6071/1/7829 
f 6071/1/7829 5847/1/7834 5846/1/7835 
f 6071/1/7829 5846/1/7835 6070/1/7748 
f 6070/1/7748 5846/1/7835 5845/1/7836 
f 6070/1/7748 5845/1/7836 5844/1/7746 
f 5850/1/7837 6074/1/7838 5849/1/7839 
f 5849/1/7839 6074/1/7838 6075/1/7840 
f 5849/1/7839 6075/1/7840 5839/1/7841 
f 5862/1/7842 6075/1/7840 5872/1/7843 
f 5872/1/7843 6075/1/7840 6074/1/7838 
f 5872/1/7843 6074/1/7838 6072/1/7831 
f 6072/1/7831 6074/1/7838 5850/1/7837 
f 6072/1/7831 5850/1/7837 5848/1/7832 
f 5960/1/7830 5961/1/7844 6071/1/7829 
f 6071/1/7829 5961/1/7844 5957/1/7845 
f 6071/1/7829 5957/1/7845 6073/1/7833 
f 6073/1/7833 5957/1/7845 5958/1/7846 
f 6073/1/7833 5958/1/7846 6072/1/7831 
f 6072/1/7831 5958/1/7846 5870/1/7847 
f 6072/1/7831 5870/1/7847 5872/1/7843 
f 5748/1/7848 5749/1/7849 6076/1/7850 
f 5748/1/7848 6076/1/7850 5747/1/7851 
f 5751/1/7852 5750/1/7853 6077/1/7854 
f 6077/1/7854 5750/1/7853 5746/1/7855 
f 6077/1/7854 5746/1/7855 5747/1/7851 
f 6077/1/7854 6078/1/7856 5751/1/7852 
f 5751/1/7852 6078/1/7856 6079/1/7857 
f 5751/1/7852 6079/1/7857 5741/1/7858 
f 5920/1/7859 5919/1/7860 6077/1/7854 
f 6077/1/7854 5919/1/7860 5918/1/7861 
f 6077/1/7854 5918/1/7861 6078/1/7856 
f 6078/1/7856 5918/1/7861 5917/1/7862 
f 6078/1/7856 5917/1/7862 6079/1/7857 
f 6079/1/7857 5917/1/7862 5894/1/7863 
f 5747/1/7851 6076/1/7850 6077/1/7854 
f 6077/1/7854 6076/1/7850 5921/1/7864 
f 6077/1/7854 5921/1/7864 5920/1/7859 
f 5876/1/7865 5877/1/7737 5852/1/7736 
f 5841/1/7866 5885/1/7867 5886/1/7868 
f 5841/1/7866 5886/1/7868 5851/1/7869 
f 5886/1/7868 5887/1/7870 5851/1/7869 
f 5851/1/7869 5887/1/7870 5889/1/7871 
f 5851/1/7869 5889/1/7871 5880/1/7872 
f 5876/1/7865 5852/1/7736 5875/1/7873 
f 5880/1/7872 5881/1/7874 5851/1/7869 
f 5851/1/7869 5881/1/7874 5878/1/7875 
f 5851/1/7869 5878/1/7875 5852/1/7736 
f 5852/1/7736 5878/1/7875 5879/1/7876 
f 5852/1/7736 5879/1/7876 5875/1/7873 
f 5786/1/7822 5941/1/7821 5940/1/7877 
f 5786/1/7822 5940/1/7877 5843/1/7878 
f 5843/1/7878 5940/1/7877 5939/1/7879 
f 5843/1/7878 5939/1/7879 5842/1/7880 
f 5842/1/7880 5939/1/7879 5885/1/7867 
f 5842/1/7880 5885/1/7867 5841/1/7866 
f 6080/1/7881 5840/1/7882 5839/1/7841 
f 6081/1/7883 5784/1/7884 5840/1/7882 
f 5840/1/7882 6080/1/7881 6081/1/7883 
f 6081/1/7883 6080/1/7881 5968/1/7885 
f 6081/1/7883 5968/1/7885 5922/1/7886 
f 5839/1/7841 6075/1/7840 6080/1/7881 
f 6080/1/7881 6075/1/7840 5862/1/7842 
f 6080/1/7881 5862/1/7842 5968/1/7885 
f 5968/1/7885 5862/1/7842 5864/1/7887 
f 5968/1/7885 5864/1/7887 5866/1/7888 
f 5923/1/7889 5921/1/7864 6076/1/7850 
f 5785/1/7890 5784/1/7884 6081/1/7883 
f 6076/1/7850 5749/1/7849 5785/1/7890 
f 5785/1/7890 6081/1/7883 6076/1/7850 
f 6076/1/7850 6081/1/7883 5922/1/7886 
f 6076/1/7850 5922/1/7886 5923/1/7889 
f 5682/1/7891 6082/1/7892 5718/1/7893 
f 5718/1/7893 6082/1/7892 6058/1/7894 
f 5718/1/7893 6058/1/7894 5717/1/7895 
f 5717/1/7895 6058/1/7894 6068/1/7896 
f 5717/1/7895 6068/1/7896 5716/1/7897 
f 5716/1/7897 6068/1/7896 6067/1/7898 
f 5716/1/7897 6067/1/7898 5715/1/7899 
f 5715/1/7899 6067/1/7898 6066/1/7900 
f 5715/1/7899 6066/1/7900 5714/1/7901 
f 6066/1/7900 6065/1/7902 5714/1/7901 
f 5714/1/7901 6065/1/7902 6064/1/7903 
f 5714/1/7901 6064/1/7903 5713/1/7904 
f 5713/1/7904 6064/1/7903 6063/1/7905 
f 5713/1/7904 6063/1/7905 5989/1/7906 
f 5780/1/7907 5745/1/7908 6039/1/7909 
f 5773/1/7910 5775/1/7911 6038/1/7912 
f 6038/1/7912 5775/1/7911 5774/1/7913 
f 6038/1/7912 5774/1/7913 5777/1/7914 
f 5777/1/7914 5776/1/7915 6038/1/7912 
f 6038/1/7912 5776/1/7915 5779/1/7916 
f 6038/1/7912 5779/1/7916 5778/1/7917 
f 5778/1/7917 5783/1/7918 6038/1/7912 
f 6038/1/7912 5783/1/7918 5782/1/7919 
f 6038/1/7912 5782/1/7919 6039/1/7909 
f 6039/1/7909 5782/1/7919 5781/1/7920 
f 6039/1/7909 5781/1/7920 5780/1/7907 
f 6037/1/7921 5771/1/7922 6038/1/7912 
f 6038/1/7912 5771/1/7922 5772/1/7923 
f 6038/1/7912 5772/1/7923 5773/1/7910 
f 6047/1/7924 5765/1/7925 5766/1/7926 
f 6047/1/7924 5766/1/7926 6048/1/7927 
f 6048/1/7927 5766/1/7926 5767/1/7928 
f 6048/1/7927 5767/1/7928 6040/1/7929 
f 6040/1/7929 5767/1/7928 5768/1/7930 
f 6040/1/7929 5768/1/7930 6041/1/7931 
f 6041/1/7931 5768/1/7930 5769/1/7932 
f 6041/1/7931 5769/1/7932 6037/1/7921 
f 6037/1/7921 5769/1/7932 5770/1/7933 
f 6037/1/7921 5770/1/7933 5771/1/7922 
f 5765/1/7925 6047/1/7924 5764/1/7934 
f 5764/1/7934 6047/1/7924 6046/1/7935 
f 5764/1/7934 6046/1/7935 5763/1/7936 
f 6046/1/7935 6045/1/7937 5763/1/7936 
f 5763/1/7936 6045/1/7937 6044/1/7938 
f 5763/1/7936 6044/1/7938 5762/1/7939 
f 5762/1/7939 6044/1/7938 6042/1/7940 
f 5762/1/7939 6042/1/7940 5761/1/7941 
f 5761/1/7941 6042/1/7940 6043/1/7942 
f 5761/1/7941 6043/1/7942 5760/1/7943 
f 5760/1/7943 6043/1/7942 6050/1/7944 
f 5760/1/7943 6050/1/7944 5759/1/7945 
f 5759/1/7945 6050/1/7944 6049/1/7946 
f 5759/1/7945 6049/1/7946 5758/1/7947 
f 5758/1/7947 6049/1/7946 6053/1/7948 
f 5758/1/7947 6053/1/7948 5757/1/7949 
f 5757/1/7949 6053/1/7948 6052/1/7950 
f 5757/1/7949 6052/1/7950 5756/1/7951 
f 5756/1/7951 6052/1/7950 6051/1/7952 
f 5756/1/7951 6051/1/7952 5755/1/7953 
f 5755/1/7953 6051/1/7952 5754/1/7954 
f 6056/1/7955 5753/1/7956 6055/1/7957 
f 6055/1/7957 5753/1/7956 5754/1/7954 
f 6055/1/7957 5754/1/7954 6054/1/7958 
f 6054/1/7958 5754/1/7954 6051/1/7952 
f 6056/1/7955 6057/1/7959 5753/1/7956 
f 5753/1/7956 6057/1/7959 5946/1/7752 
f 5753/1/7956 5946/1/7752 5752/1/7751 
f 6083/1/7960 6084/1/7961 5676/1/7962 
f 5676/1/7962 6084/1/7961 5685/1/7963 
f 6059/1/7964 6058/1/7894 6082/1/7892 
f 6059/1/7964 6082/1/7892 6060/1/7965 
f 6061/1/7966 6060/1/7965 5684/1/7967 
f 5684/1/7967 6060/1/7965 6082/1/7892 
f 5684/1/7967 6082/1/7892 5683/1/7968 
f 5683/1/7968 6082/1/7892 5682/1/7891 
f 6085/1/7969 6086/1/7970 6062/1/7971 
f 6062/1/7971 6086/1/7970 5988/1/7972 
f 5986/1/7973 5988/1/7972 6084/1/7961 
f 6084/1/7961 5988/1/7972 6086/1/7970 
f 6084/1/7961 6086/1/7970 5685/1/7963 
f 5685/1/7963 6086/1/7970 6085/1/7969 
f 5685/1/7963 6085/1/7969 5684/1/7967 
f 5684/1/7967 6085/1/7969 6062/1/7971 
f 5684/1/7967 6062/1/7971 6061/1/7966 
f 5986/1/7973 6084/1/7961 5983/1/7974 
f 5983/1/7974 6084/1/7961 6083/1/7960 
f 5983/1/7974 6083/1/7960 5980/1/7975 
f 6033/1/7976 6032/1/7977 6087/1/7978 
f 5671/1/7979 5670/1/7980 6088/1/7981 
f 5671/1/7979 6088/1/7981 5672/1/7982 
f 6088/1/7981 6089/1/7983 5672/1/7982 
f 5672/1/7982 6089/1/7983 6090/1/7984 
f 5672/1/7982 6090/1/7984 5673/1/7985 
f 6087/1/7978 5667/1/7986 6090/1/7984 
f 6090/1/7984 5667/1/7986 5674/1/7987 
f 6090/1/7984 5674/1/7987 5673/1/7985 
f 6033/1/7976 6087/1/7978 6031/1/7988 
f 6031/1/7988 6087/1/7978 6090/1/7984 
f 6031/1/7988 6090/1/7984 6030/1/7989 
f 6030/1/7989 6090/1/7984 6089/1/7983 
f 6030/1/7989 6089/1/7983 6029/1/7990 
f 6029/1/7990 6089/1/7983 6088/1/7981 
f 6029/1/7990 6088/1/7981 6026/1/7991 
f 6001/1/7992 6002/1/7993 5738/1/7994 
f 5994/1/7995 5995/1/7996 5738/1/7994 
f 5738/1/7994 5995/1/7996 6000/1/7997 
f 5738/1/7994 6000/1/7997 6001/1/7992 
f 5713/1/7904 5989/1/7906 5737/1/7998 
f 5737/1/7998 5989/1/7906 5990/1/7999 
f 5990/1/7999 5991/1/8000 5737/1/7998 
f 5737/1/7998 5991/1/8000 5992/1/8001 
f 5737/1/7998 5992/1/8001 5738/1/7994 
f 5738/1/7994 5992/1/8001 5993/1/8002 
f 5738/1/7994 5993/1/8002 5994/1/7995 
f 6039/1/7909 5745/1/7908 6036/1/8003 
f 6036/1/8003 5745/1/7908 5744/1/8004 
f 6036/1/8003 5744/1/8004 6002/1/7993 
f 6002/1/7993 5744/1/8004 5738/1/7994 
f 6035/1/8005 6069/1/8006 6091/1/8007 
f 6091/1/8007 6069/1/8006 6092/1/8008 
f 6091/1/8007 6092/1/8008 5669/1/8009 
f 5669/1/8009 6092/1/8008 5675/1/8010 
f 5675/1/8010 6092/1/8008 6083/1/7960 
f 5675/1/8010 6083/1/7960 5676/1/7962 
f 5980/1/7975 6083/1/7960 5981/1/8011 
f 5981/1/8011 6083/1/7960 6092/1/8008 
f 5981/1/8011 6092/1/8008 5978/1/8012 
f 5978/1/8012 6092/1/8008 6069/1/8006 
f 6035/1/8005 6091/1/8007 6034/1/8013 
f 6034/1/8013 6091/1/8007 6087/1/7978 
f 6034/1/8013 6087/1/7978 6032/1/7977 
f 5669/1/8009 5668/1/8014 6091/1/8007 
f 6091/1/8007 5668/1/8014 5667/1/7986 
f 6091/1/8007 5667/1/7986 6087/1/7978 
f 5902/1/8015 5903/1/8016 6093/1/8017 
f 5723/1/8018 5722/1/8019 6094/1/8020 
f 6094/1/8020 5722/1/8019 5721/1/8021 
f 6094/1/8020 5721/1/8021 6095/1/8022 
f 5723/1/8018 6094/1/8020 5720/1/8023 
f 5720/1/8023 6094/1/8020 6093/1/8017 
f 5720/1/8023 6093/1/8017 5724/1/8024 
f 6096/1/8025 5728/1/8026 6093/1/8017 
f 6093/1/8017 5728/1/8026 5725/1/8027 
f 6093/1/8017 5725/1/8027 5724/1/8024 
f 6097/1/8028 5726/1/8029 6096/1/8025 
f 6096/1/8025 5726/1/8029 5727/1/8030 
f 6096/1/8025 5727/1/8030 5728/1/8026 
f 5732/1/8031 5719/1/8032 6097/1/8028 
f 6097/1/8028 5719/1/8032 5729/1/8033 
f 6097/1/8028 5729/1/8033 5726/1/8029 
f 6098/1/8034 5730/1/8035 5732/1/8031 
f 5735/1/8036 5734/1/8037 6099/1/8038 
f 6099/1/8038 5734/1/8037 5733/1/8039 
f 6099/1/8038 5733/1/8039 6098/1/8034 
f 6098/1/8034 5733/1/8039 5731/1/8040 
f 6098/1/8034 5731/1/8040 5730/1/8035 
f 6100/1/8041 5686/1/8042 5736/1/8043 
f 5735/1/8036 6099/1/8038 5736/1/8043 
f 5736/1/8043 6099/1/8038 6101/1/8044 
f 5736/1/8043 6101/1/8044 6100/1/8041 
f 6100/1/8041 6101/1/8044 5915/1/8045 
f 6100/1/8041 5915/1/8045 5916/1/8046 
f 5910/1/8047 5911/1/8048 6098/1/8034 
f 6098/1/8034 5911/1/8048 5912/1/8049 
f 6098/1/8034 5912/1/8049 6099/1/8038 
f 6099/1/8038 5912/1/8049 5913/1/8050 
f 6099/1/8038 5913/1/8050 6101/1/8044 
f 6101/1/8044 5913/1/8050 5914/1/8051 
f 6101/1/8044 5914/1/8051 5915/1/8045 
f 5732/1/8031 6097/1/8028 6098/1/8034 
f 6098/1/8034 6097/1/8028 5909/1/8052 
f 6098/1/8034 5909/1/8052 5910/1/8047 
f 5905/1/8053 5906/1/8054 6096/1/8025 
f 6096/1/8025 5906/1/8054 5907/1/8055 
f 6096/1/8025 5907/1/8055 6097/1/8028 
f 6097/1/8028 5907/1/8055 5908/1/8056 
f 6097/1/8028 5908/1/8056 5909/1/8052 
f 6093/1/8017 5903/1/8016 6096/1/8025 
f 6096/1/8025 5903/1/8016 5904/1/8057 
f 6096/1/8025 5904/1/8057 5905/1/8053 
f 5902/1/8015 6093/1/8017 5901/1/8058 
f 5901/1/8058 6093/1/8017 6094/1/8020 
f 5901/1/8058 6094/1/8020 5900/1/8059 
f 5900/1/8059 6094/1/8020 5899/1/8060 
f 5899/1/8060 6094/1/8020 6095/1/8022 
f 5899/1/8060 6095/1/8022 5898/1/8061 
f 6102/1/8062 6079/1/7857 5894/1/7863 
f 5894/1/7863 5895/1/8063 6102/1/8062 
f 6102/1/8062 5895/1/8063 5896/1/8064 
f 6102/1/8062 5896/1/8064 6095/1/8022 
f 6095/1/8022 5896/1/8064 5897/1/8065 
f 6095/1/8022 5897/1/8065 5898/1/8061 
f 5721/1/8021 5743/1/8066 6095/1/8022 
f 6095/1/8022 5743/1/8066 5742/1/8067 
f 6095/1/8022 5742/1/8067 6102/1/8062 
f 6102/1/8062 5742/1/8067 5739/1/8068 
f 6102/1/8062 5739/1/8068 6079/1/7857 
f 6079/1/7857 5739/1/8068 5740/1/8069 
f 6079/1/7857 5740/1/8069 5741/1/7858 
f 6103/1/8070 5678/1/8071 5679/1/8072 
f 6103/1/8070 5679/1/8072 6104/1/8073 
f 5679/1/8072 5680/1/8074 6104/1/8073 
f 6104/1/8073 5680/1/8074 5681/1/8075 
f 6104/1/8073 5681/1/8075 6105/1/8076 
f 6105/1/8076 5681/1/8075 5706/1/8077 
f 6105/1/8076 5706/1/8077 5705/1/8078 
f 6088/1/7981 5670/1/7980 6103/1/8070 
f 6103/1/8070 5670/1/7980 5677/1/8079 
f 6103/1/8070 5677/1/8079 5678/1/8071 
f 6024/1/8080 6025/1/8081 6103/1/8070 
f 6103/1/8070 6025/1/8081 6028/1/8082 
f 6103/1/8070 6028/1/8082 6088/1/7981 
f 6088/1/7981 6028/1/8082 6027/1/8083 
f 6088/1/7981 6027/1/8083 6026/1/7991 
f 6105/1/8076 6021/1/8084 6104/1/8073 
f 6104/1/8073 6021/1/8084 6022/1/8085 
f 6104/1/8073 6022/1/8085 6103/1/8070 
f 6103/1/8070 6022/1/8085 6023/1/8086 
f 6103/1/8070 6023/1/8086 6024/1/8080 
f 6017/1/8087 6018/1/8088 6106/1/8089 
f 6106/1/8089 6018/1/8088 6019/1/8090 
f 6106/1/8089 6019/1/8090 6105/1/8076 
f 6105/1/8076 6019/1/8090 6020/1/8091 
f 6105/1/8076 6020/1/8091 6021/1/8084 
f 6017/1/8087 6106/1/8089 6016/1/8092 
f 6016/1/8092 6106/1/8089 6107/1/8093 
f 6016/1/8092 6107/1/8093 6015/1/8094 
f 6015/1/8094 6107/1/8093 6014/1/8095 
f 6014/1/8095 6107/1/8093 6108/1/8096 
f 6014/1/8095 6108/1/8096 6013/1/8097 
f 6008/1/8098 6010/1/8099 6109/1/8100 
f 6109/1/8100 6010/1/8099 6011/1/8101 
f 6109/1/8100 6011/1/8101 6108/1/8096 
f 6108/1/8096 6011/1/8101 6012/1/8102 
f 6108/1/8096 6012/1/8102 6013/1/8097 
f 6008/1/8098 6109/1/8100 6009/1/8103 
f 6009/1/8103 6109/1/8100 6110/1/8104 
f 6009/1/8103 6110/1/8104 6007/1/8105 
f 6007/1/8105 6110/1/8104 6111/1/8106 
f 6007/1/8105 6111/1/8106 6006/1/8107 
f 6006/1/8107 6111/1/8106 6005/1/8108 
f 6005/1/8108 6111/1/8106 6100/1/8041 
f 6005/1/8108 6100/1/8041 5916/1/8046 
f 5693/1/8109 5692/1/8110 6111/1/8106 
f 6111/1/8106 5692/1/8110 5691/1/8111 
f 6111/1/8106 5691/1/8111 5690/1/8112 
f 5690/1/8112 5689/1/8113 6111/1/8106 
f 6111/1/8106 5689/1/8113 5688/1/8114 
f 6111/1/8106 5688/1/8114 6100/1/8041 
f 6100/1/8041 5688/1/8114 5687/1/8115 
f 6100/1/8041 5687/1/8115 5686/1/8042 
f 6110/1/8104 5699/1/8116 5698/1/8117 
f 5696/1/8118 5695/1/8119 6111/1/8106 
f 6111/1/8106 5695/1/8119 5694/1/8120 
f 6111/1/8106 5694/1/8120 5693/1/8109 
f 6110/1/8104 5698/1/8117 6111/1/8106 
f 6111/1/8106 5698/1/8117 5697/1/8121 
f 6111/1/8106 5697/1/8121 5696/1/8118 
f 5699/1/8116 6110/1/8104 5700/1/8122 
f 5700/1/8122 6110/1/8104 6109/1/8100 
f 5700/1/8122 6109/1/8100 5701/1/8123 
f 5701/1/8123 6109/1/8100 5702/1/8124 
f 5702/1/8124 6109/1/8100 6108/1/8096 
f 5702/1/8124 6108/1/8096 5703/1/8125 
f 6107/1/8093 5709/1/8126 5708/1/8127 
f 6107/1/8093 5708/1/8127 6108/1/8096 
f 6108/1/8096 5708/1/8127 5704/1/8128 
f 6108/1/8096 5704/1/8128 5703/1/8125 
f 5705/1/8078 5707/1/8129 6105/1/8076 
f 6105/1/8076 5707/1/8129 5712/1/8130 
f 6105/1/8076 5712/1/8130 6106/1/8089 
f 6106/1/8089 5712/1/8130 5711/1/8131 
f 6106/1/8089 5711/1/8131 6107/1/8093 
f 6107/1/8093 5711/1/8131 5710/1/8132 
f 6107/1/8093 5710/1/8132 5709/1/8126 
s 16
f 2367/1/2532 2376/1/2539 2375/1/2538 
f 2375/1/2538 2376/1/2539 2374/1/2537 
f 2388/1/2556 2389/1/2557 2362/1/2516 
s 2
f 4727/1/6515 4729/1/5824 5182/1/6523 
# 0 polygons - 12738 triangles

