# 3ds Max Wavefront OBJ Exporter v0.99 - (c)2007 guruware
# File Created: 27.07.2026 16:37:12

mtllib left_wrist_roll_link.mtl

#
# object node
#

v  0.0180 -0.0230 -0.0165
v  0.0181 -0.0230 -0.0165
v  0.0183 -0.0230 -0.0180
v  0.0179 -0.0230 -0.0165
v  0.0178 -0.0230 -0.0165
v  0.0177 -0.0230 -0.0165
v  0.0176 -0.0230 -0.0165
v  0.0173 -0.0230 -0.0165
v  0.0174 -0.0230 -0.0165
v  0.0167 -0.0229 -0.0181
v  0.0175 -0.0230 -0.0165
v  0.0183 -0.0230 -0.0165
v  0.0143 -0.0226 -0.0185
v  0.0145 -0.0227 -0.0169
v  0.0151 -0.0228 -0.0167
v  0.0151 -0.0227 -0.0183
v  0.0158 -0.0229 -0.0166
v  0.0159 -0.0229 -0.0182
v  0.0166 -0.0230 -0.0165
v  0.0138 -0.0225 -0.0171
v  0.0142 -0.0225 -0.0186
v  0.0136 -0.0224 -0.0188
v  0.0129 -0.0221 -0.0191
v  0.0131 -0.0222 -0.0173
v  0.0126 -0.0219 -0.0176
v  0.0129 -0.0222 -0.0174
v  0.0123 -0.0217 -0.0195
v  0.0123 -0.0217 -0.0178
v  0.0159 -0.0232 -0.0166
v  0.0153 -0.0231 -0.0167
v  0.0144 -0.0229 -0.0169
v  0.0136 -0.0227 -0.0172
v  0.0122 -0.0218 -0.0178
v  0.0173 -0.0233 -0.0165
v  0.0164 -0.0232 -0.0166
v  0.0183 -0.0233 -0.0165
v  0.0122 -0.0219 -0.0178
v  0.0129 -0.0223 -0.0175
v  0.0121 -0.0216 -0.0179
v  0.0117 -0.0213 -0.0199
v  0.0116 -0.0212 -0.0182
v  0.0116 -0.0212 -0.0200
v  0.0112 -0.0208 -0.0186
v  0.0113 -0.0209 -0.0203
v  0.0112 -0.0208 -0.0204
v  0.0108 -0.0203 -0.0189
v  0.0111 -0.0207 -0.0205
v  0.0108 -0.0202 -0.0190
v  0.0109 -0.0204 -0.0207
v  0.0108 -0.0202 -0.0209
v  0.0107 -0.0200 -0.0192
v  0.0106 -0.0199 -0.0212
v  0.0105 -0.0198 -0.0194
v  0.0105 -0.0197 -0.0214
v  0.0104 -0.0193 -0.0197
v  0.0103 -0.0193 -0.0217
v  0.0103 -0.0192 -0.0198
v  0.0102 -0.0186 -0.0223
v  0.0101 -0.0185 -0.0204
v  0.0100 -0.0179 -0.0228
v  0.0100 -0.0178 -0.0210
v  0.0100 -0.0170 -0.0235
v  0.0100 -0.0170 -0.0216
v  0.0121 -0.0216 0.0179
v  0.0116 -0.0212 0.0182
v  0.0121 -0.0216 0.0196
v  0.0111 -0.0207 0.0204
v  0.0115 -0.0212 0.0200
v  0.0112 -0.0208 0.0186
v  0.0111 -0.0207 0.0187
v  0.0116 -0.0212 0.0200
v  0.0110 -0.0205 0.0188
v  0.0111 -0.0207 0.0205
v  0.0108 -0.0203 0.0190
v  0.0107 -0.0201 0.0192
v  0.0108 -0.0202 0.0209
v  0.0106 -0.0199 0.0193
v  0.0107 -0.0201 0.0210
v  0.0105 -0.0197 0.0195
v  0.0105 -0.0197 0.0214
v  0.0104 -0.0195 0.0196
v  0.0104 -0.0196 0.0215
v  0.0103 -0.0192 0.0198
v  0.0103 -0.0190 0.0200
v  0.0104 -0.0194 0.0216
v  0.0102 -0.0189 0.0221
v  0.0101 -0.0184 0.0205
v  0.0100 -0.0176 0.0212
v  0.0101 -0.0184 0.0224
v  0.0100 -0.0179 0.0228
v  0.0100 -0.0170 0.0216
v  0.0100 -0.0172 0.0234
v  0.0124 -0.0218 0.0194
v  0.0127 -0.0220 0.0192
v  0.0126 -0.0219 0.0176
v  0.0130 -0.0221 0.0191
v  0.0136 -0.0224 0.0188
v  0.0132 -0.0222 0.0173
v  0.0143 -0.0226 0.0185
v  0.0140 -0.0225 0.0171
v  0.0148 -0.0227 0.0184
v  0.0149 -0.0227 0.0168
v  0.0157 -0.0228 0.0182
v  0.0159 -0.0229 0.0166
v  0.0165 -0.0229 0.0181
v  0.0166 -0.0229 0.0181
v  0.0166 -0.0229 0.0166
v  0.0174 -0.0230 0.0180
v  0.0173 -0.0230 0.0165
v  0.0183 -0.0230 0.0180
v  0.0183 -0.0230 0.0165
v  0.0015 -0.0245 -0.0180
v  0.0176 -0.0245 -0.0180
v  0.0182 -0.0245 -0.0180
v  0.0015 -0.0259 -0.0160
v  0.0334 -0.0256 -0.0164
v  0.0334 -0.0259 -0.0160
v  0.0334 -0.0272 -0.0137
v  0.0015 -0.0271 -0.0139
v  0.0334 -0.0281 -0.0117
v  0.0015 -0.0281 -0.0117
v  0.0334 -0.0290 -0.0095
v  0.0015 -0.0290 -0.0094
v  0.0334 -0.0296 -0.0072
v  0.0015 -0.0296 -0.0071
v  0.0334 -0.0301 -0.0049
v  0.0015 -0.0301 -0.0047
v  0.0334 -0.0304 -0.0020
v  0.0015 -0.0304 -0.0023
v  0.0334 -0.0305 -0.0000
v  0.0015 -0.0305 0.0000
v  0.0334 -0.0304 0.0020
v  0.0015 -0.0304 0.0023
v  0.0334 -0.0304 0.0024
v  0.0334 -0.0301 0.0050
v  0.0015 -0.0301 0.0047
v  0.0015 -0.0296 0.0071
v  0.0334 -0.0296 0.0072
v  0.0334 -0.0290 0.0095
v  0.0015 -0.0290 0.0094
v  0.0334 -0.0294 0.0080
v  0.0015 -0.0271 0.0139
v  0.0015 -0.0281 0.0117
v  0.0334 -0.0281 0.0117
v  0.0334 -0.0284 0.0109
v  0.0334 -0.0256 0.0164
v  0.0334 -0.0271 0.0139
v  0.0334 -0.0272 0.0137
v  0.0334 -0.0245 0.0180
v  0.0182 -0.0245 0.0180
v  0.0015 -0.0259 0.0160
v  0.0015 -0.0245 0.0180
v  0.0438 -0.0245 -0.0170
v  0.0450 -0.0245 -0.0166
v  0.0442 -0.0253 -0.0158
v  0.0472 -0.0245 -0.0155
v  0.0481 -0.0245 -0.0149
v  0.0471 -0.0253 -0.0143
v  0.0549 -0.0249 -0.0046
v  0.0541 -0.0254 -0.0046
v  0.0540 -0.0253 -0.0055
v  0.0426 -0.0255 -0.0159
v  0.0426 -0.0245 -0.0174
v  0.0432 -0.0253 -0.0161
v  0.0426 -0.0263 -0.0146
v  0.0426 -0.0258 -0.0155
v  0.0429 -0.0260 -0.0151
v  0.0438 -0.0260 -0.0147
v  0.0426 -0.0278 -0.0116
v  0.0426 -0.0271 -0.0131
v  0.0430 -0.0272 -0.0127
v  0.0426 -0.0269 -0.0135
v  0.0434 -0.0266 -0.0137
v  0.0426 -0.0287 -0.0092
v  0.0426 -0.0284 -0.0100
v  0.0428 -0.0283 -0.0102
v  0.0434 -0.0283 -0.0099
v  0.0433 -0.0278 -0.0113
v  0.0426 -0.0298 -0.0046
v  0.0426 -0.0296 -0.0055
v  0.0432 -0.0295 -0.0056
v  0.0439 -0.0295 -0.0049
v  0.0426 -0.0294 -0.0064
v  0.0432 -0.0291 -0.0072
v  0.0441 -0.0291 -0.0065
v  0.0443 -0.0295 -0.0046
v  0.0448 -0.0291 -0.0057
v  0.0455 -0.0291 -0.0048
v  0.0459 -0.0291 -0.0046
v  0.0465 -0.0287 -0.0055
v  0.0475 -0.0286 -0.0046
v  0.0506 -0.0272 -0.0052
v  0.0508 -0.0272 -0.0046
v  0.0507 -0.0273 -0.0046
v  0.0491 -0.0280 -0.0046
v  0.0516 -0.0266 -0.0056
v  0.0503 -0.0272 -0.0059
v  0.0513 -0.0266 -0.0064
v  0.0492 -0.0278 -0.0054
v  0.0482 -0.0283 -0.0049
v  0.0475 -0.0283 -0.0061
v  0.0485 -0.0278 -0.0068
v  0.0536 -0.0257 -0.0046
v  0.0522 -0.0265 -0.0046
v  0.0520 -0.0266 -0.0048
v  0.0530 -0.0260 -0.0051
v  0.0527 -0.0264 -0.0035
v  0.0520 -0.0266 -0.0046
v  0.0548 -0.0245 -0.0064
v  0.0537 -0.0253 -0.0065
v  0.0533 -0.0253 -0.0074
v  0.0544 -0.0245 -0.0075
v  0.0528 -0.0253 -0.0083
v  0.0538 -0.0245 -0.0086
v  0.0523 -0.0260 -0.0069
v  0.0518 -0.0260 -0.0078
v  0.0509 -0.0266 -0.0072
v  0.0523 -0.0253 -0.0092
v  0.0532 -0.0245 -0.0097
v  0.0513 -0.0260 -0.0086
v  0.0504 -0.0266 -0.0080
v  0.0525 -0.0245 -0.0107
v  0.0517 -0.0253 -0.0100
v  0.0510 -0.0253 -0.0109
v  0.0518 -0.0245 -0.0116
v  0.0502 -0.0260 -0.0102
v  0.0508 -0.0260 -0.0094
v  0.0493 -0.0266 -0.0095
v  0.0499 -0.0266 -0.0087
v  0.0490 -0.0272 -0.0081
v  0.0485 -0.0272 -0.0087
v  0.0461 -0.0245 -0.0161
v  0.0452 -0.0253 -0.0153
v  0.0447 -0.0260 -0.0144
v  0.0443 -0.0266 -0.0134
v  0.0438 -0.0272 -0.0123
v  0.0467 -0.0283 -0.0072
v  0.0476 -0.0278 -0.0080
v  0.0458 -0.0287 -0.0065
v  0.0449 -0.0287 -0.0074
v  0.0514 -0.0269 -0.0046
v  0.0495 -0.0272 -0.0074
v  0.0527 -0.0260 -0.0060
v  0.0499 -0.0272 -0.0067
v  0.0503 -0.0253 -0.0116
v  0.0509 -0.0245 -0.0125
v  0.0495 -0.0260 -0.0109
v  0.0487 -0.0266 -0.0101
v  0.0479 -0.0272 -0.0094
v  0.0549 -0.0245 -0.0063
v  0.0552 -0.0245 -0.0053
v  0.0554 -0.0245 -0.0046
v  0.0501 -0.0245 -0.0134
v  0.0496 -0.0253 -0.0124
v  0.0489 -0.0260 -0.0116
v  0.0481 -0.0266 -0.0108
v  0.0473 -0.0272 -0.0100
v  0.0465 -0.0278 -0.0091
v  0.0457 -0.0283 -0.0083
v  0.0487 -0.0245 -0.0145
v  0.0480 -0.0253 -0.0137
v  0.0473 -0.0260 -0.0128
v  0.0465 -0.0260 -0.0134
v  0.0459 -0.0266 -0.0125
v  0.0467 -0.0266 -0.0119
v  0.0460 -0.0272 -0.0110
v  0.0453 -0.0272 -0.0115
v  0.0453 -0.0278 -0.0101
v  0.0447 -0.0278 -0.0105
v  0.0446 -0.0283 -0.0091
v  0.0441 -0.0283 -0.0095
v  0.0439 -0.0287 -0.0082
v  0.0462 -0.0253 -0.0149
v  0.0456 -0.0260 -0.0139
v  0.0451 -0.0266 -0.0129
v  0.0446 -0.0272 -0.0119
v  0.0440 -0.0278 -0.0109
v  0.0429 -0.0287 -0.0089
v  0.0426 -0.0289 -0.0084
v  0.0452 -0.0283 -0.0087
v  0.0460 -0.0278 -0.0096
v  0.0467 -0.0272 -0.0105
v  0.0474 -0.0266 -0.0114
v  0.0481 -0.0260 -0.0122
v  0.0488 -0.0253 -0.0131
v  0.0491 -0.0245 -0.0142
v  0.0426 -0.0293 -0.0069
v  0.0405 -0.0295 -0.0071
v  0.0511 -0.0271 0.0046
v  0.0507 -0.0272 0.0050
v  0.0496 -0.0278 0.0046
v  0.0466 -0.0245 0.0158
v  0.0458 -0.0245 0.0162
v  0.0457 -0.0246 0.0161
v  0.0426 -0.0293 0.0069
v  0.0426 -0.0295 0.0059
v  0.0437 -0.0291 0.0068
v  0.0452 -0.0291 0.0052
v  0.0446 -0.0294 0.0046
v  0.0453 -0.0292 0.0046
v  0.0426 -0.0289 0.0085
v  0.0428 -0.0291 0.0075
v  0.0441 -0.0283 0.0095
v  0.0426 -0.0287 0.0091
v  0.0426 -0.0283 0.0101
v  0.0429 -0.0283 0.0102
v  0.0426 -0.0279 0.0113
v  0.0439 -0.0272 0.0123
v  0.0426 -0.0277 0.0118
v  0.0426 -0.0270 0.0133
v  0.0426 -0.0272 0.0128
v  0.0449 -0.0260 0.0143
v  0.0426 -0.0269 0.0134
v  0.0426 -0.0245 0.0174
v  0.0426 -0.0253 0.0162
v  0.0437 -0.0246 0.0169
v  0.0432 -0.0245 0.0172
v  0.0431 -0.0260 0.0150
v  0.0426 -0.0258 0.0155
v  0.0426 -0.0262 0.0148
v  0.0455 -0.0245 0.0164
v  0.0443 -0.0245 0.0168
v  0.0441 -0.0245 0.0169
v  0.0481 -0.0245 0.0149
v  0.0478 -0.0245 0.0151
v  0.0477 -0.0246 0.0150
v  0.0487 -0.0245 0.0145
v  0.0506 -0.0245 0.0129
v  0.0497 -0.0245 0.0137
v  0.0494 -0.0246 0.0137
v  0.0510 -0.0246 0.0121
v  0.0525 -0.0246 0.0104
v  0.0532 -0.0245 0.0096
v  0.0526 -0.0245 0.0105
v  0.0525 -0.0245 0.0106
v  0.0522 -0.0245 0.0110
v  0.0514 -0.0245 0.0120
v  0.0547 -0.0245 0.0066
v  0.0546 -0.0246 0.0065
v  0.0549 -0.0245 0.0063
v  0.0554 -0.0245 0.0046
v  0.0540 -0.0254 0.0046
v  0.0527 -0.0260 0.0058
v  0.0532 -0.0260 0.0046
v  0.0526 -0.0263 0.0046
v  0.0539 -0.0245 0.0085
v  0.0536 -0.0246 0.0085
v  0.0519 -0.0260 0.0076
v  0.0500 -0.0272 0.0065
v  0.0479 -0.0283 0.0054
v  0.0480 -0.0284 0.0046
v  0.0470 -0.0245 0.0156
v  0.0466 -0.0260 0.0133
v  0.0454 -0.0272 0.0114
v  0.0509 -0.0260 0.0093
v  0.0491 -0.0272 0.0080
v  0.0472 -0.0283 0.0066
v  0.0466 -0.0289 0.0046
v  0.0491 -0.0245 0.0142
v  0.0482 -0.0260 0.0121
v  0.0468 -0.0272 0.0104
v  0.0453 -0.0283 0.0087
v  0.0426 -0.0292 0.0073
v  0.0512 -0.0245 0.0123
v  0.0496 -0.0260 0.0108
v  0.0480 -0.0272 0.0093
v  0.0463 -0.0283 0.0077
v  0.0445 -0.0291 0.0061
v  0.0426 -0.0298 0.0046
v  0.0439 -0.0295 0.0046
v  0.0527 -0.0264 0.0035
v  0.0426 -0.0298 0.0039
v  0.0444 -0.0296 0.0035
v  0.0495 -0.0280 0.0035
v  0.0478 -0.0286 0.0035
v  0.0543 -0.0255 0.0035
v  0.0544 -0.0255 0.0023
v  0.0558 -0.0245 0.0025
v  0.0556 -0.0245 0.0037
v  0.0546 -0.0255 -0.0000
v  0.0560 -0.0245 -0.0000
v  0.0559 -0.0245 0.0012
v  0.0558 -0.0245 -0.0025
v  0.0543 -0.0255 -0.0035
v  0.0556 -0.0245 -0.0037
v  0.0511 -0.0272 -0.0035
v  0.0495 -0.0280 -0.0035
v  0.0444 -0.0296 -0.0035
v  0.0426 -0.0300 -0.0030
v  0.0426 -0.0301 -0.0013
v  0.0444 -0.0297 -0.0023
v  0.0444 -0.0297 -0.0000
v  0.0426 -0.0301 -0.0000
v  0.0426 -0.0300 0.0023
v  0.0444 -0.0297 0.0023
v  0.0545 -0.0255 -0.0023
v  0.0560 -0.0245 -0.0012
v  0.0530 -0.0265 -0.0000
v  0.0529 -0.0264 -0.0023
v  0.0511 -0.0272 0.0035
v  0.0496 -0.0280 0.0023
v  0.0513 -0.0273 0.0023
v  0.0529 -0.0264 0.0023
v  0.0514 -0.0273 -0.0000
v  0.0497 -0.0281 -0.0000
v  0.0496 -0.0280 -0.0023
v  0.0513 -0.0273 -0.0023
v  0.0461 -0.0291 -0.0035
v  0.0478 -0.0286 -0.0035
v  0.0479 -0.0287 -0.0023
v  0.0462 -0.0292 -0.0023
v  0.0480 -0.0287 -0.0000
v  0.0462 -0.0293 -0.0000
v  0.0479 -0.0287 0.0023
v  0.0462 -0.0292 0.0023
v  0.0461 -0.0291 0.0035
v  0.0015 -0.0249 0.0140
v  0.0015 -0.0245 0.0147
v  0.0018 -0.0247 0.0151
v  0.0018 -0.0252 0.0142
v  0.0018 -0.0244 0.0155
v  0.0015 -0.0237 0.0159
v  0.0018 -0.0241 0.0159
v  0.0015 -0.0259 0.0120
v  0.0015 -0.0252 0.0134
v  0.0018 -0.0260 0.0127
v  0.0018 -0.0263 0.0121
v  0.0015 -0.0265 0.0106
v  0.0018 -0.0267 0.0112
v  0.0015 -0.0276 0.0072
v  0.0015 -0.0275 0.0077
v  0.0018 -0.0278 0.0081
v  0.0018 -0.0280 0.0074
v  0.0015 -0.0273 0.0084
v  0.0018 -0.0276 0.0090
v  0.0015 -0.0270 0.0092
v  0.0018 -0.0273 0.0097
v  0.0016 -0.0287 -0.0000
v  0.0015 -0.0285 0.0000
v  0.0015 -0.0285 0.0017
v  0.0018 -0.0282 0.0065
v  0.0015 -0.0279 0.0062
v  0.0018 -0.0284 0.0057
v  0.0018 -0.0286 0.0049
v  0.0015 -0.0282 0.0046
v  0.0015 -0.0284 0.0032
v  0.0018 -0.0288 0.0033
v  0.0018 -0.0289 0.0024
v  0.0015 -0.0284 0.0024
v  0.0018 -0.0289 0.0016
v  0.0017 -0.0288 0.0000
v  0.0018 -0.0290 0.0000
v  0.0100 -0.0170 0.0235
v  0.0100 -0.0165 0.0220
v  0.0100 -0.0162 0.0223
v  0.0100 -0.0166 0.0238
v  0.0084 -0.0101 0.0267
v  0.0015 -0.0107 0.0264
v  0.0015 -0.0093 0.0270
v  0.0084 -0.0098 0.0268
v  0.0015 -0.0079 0.0274
v  0.0084 -0.0082 0.0273
v  0.0015 -0.0063 0.0278
v  0.0084 -0.0067 0.0277
v  0.0015 -0.0047 0.0281
v  0.0084 -0.0051 0.0280
v  0.0084 -0.0043 0.0282
v  0.0015 -0.0032 0.0283
v  0.0084 -0.0035 0.0283
v  0.0015 -0.0030 0.0283
v  0.0084 -0.0031 0.0283
v  0.0015 -0.0013 0.0285
v  0.0084 -0.0016 0.0285
v  0.0015 -0.0000 0.0285
v  0.0084 -0.0000 0.0285
v  0.0084 -0.0116 0.0261
v  0.0083 -0.0128 0.0256
v  0.0015 -0.0123 0.0258
v  0.0083 -0.0131 0.0254
v  0.0015 -0.0136 0.0252
v  0.0083 -0.0133 0.0253
v  0.0083 -0.0147 0.0246
v  0.0015 -0.0149 0.0245
v  0.0083 -0.0161 0.0237
v  0.0015 -0.0162 0.0237
v  0.0083 -0.0166 0.0234
v  0.0083 -0.0172 0.0230
v  0.0015 -0.0175 0.0228
v  0.0084 -0.0180 0.0224
v  0.0016 -0.0182 0.0223
v  0.0017 -0.0188 0.0218
v  0.0085 -0.0188 0.0218
v  0.0017 -0.0191 0.0216
v  0.0087 -0.0194 0.0213
v  0.0017 -0.0201 0.0207
v  0.0090 -0.0201 0.0207
v  0.0018 -0.0207 0.0201
v  0.0093 -0.0206 0.0202
v  0.0018 -0.0217 0.0190
v  0.0095 -0.0209 0.0199
v  0.0097 -0.0211 0.0197
v  0.0018 -0.0227 0.0179
v  0.0102 -0.0216 0.0192
v  0.0106 -0.0219 0.0188
v  0.0107 -0.0220 0.0186
v  0.0112 -0.0223 0.0183
v  0.0018 -0.0233 0.0171
v  0.0123 -0.0229 0.0177
v  0.0130 -0.0231 0.0174
v  0.0117 -0.0226 0.0180
v  0.0015 -0.0230 0.0169
v  0.0015 -0.0220 0.0181
v  0.0015 -0.0215 0.0187
v  0.0015 -0.0195 0.0208
v  0.0015 -0.0148 0.0170
v  0.0015 -0.0210 0.0193
v  0.0000 -0.0125 0.0262
v  0.0000 -0.0141 0.0253
v  0.0007 -0.0150 0.0257
v  0.0007 -0.0134 0.0266
v  0.0007 -0.0242 0.0177
v  0.0007 -0.0231 0.0191
v  0.0000 -0.0223 0.0186
v  0.0000 -0.0234 0.0171
v  0.0007 -0.0219 0.0204
v  0.0000 -0.0211 0.0199
v  0.0007 -0.0207 0.0216
v  0.0000 -0.0198 0.0212
v  0.0007 -0.0194 0.0228
v  0.0000 -0.0185 0.0223
v  0.0007 -0.0180 0.0238
v  0.0000 -0.0171 0.0234
v  0.0007 -0.0165 0.0248
v  0.0000 -0.0156 0.0244
v  0.0094 -0.0000 0.0275
v  0.0094 -0.0014 0.0275
v  0.0094 -0.0029 0.0273
v  0.0094 -0.0043 0.0272
v  0.0094 -0.0044 0.0271
v  0.0094 -0.0060 0.0268
v  0.0094 -0.0070 0.0266
v  0.0094 -0.0085 0.0262
v  0.0094 -0.0093 0.0259
v  0.0094 -0.0099 0.0256
v  0.0094 -0.0107 0.0253
v  0.0094 -0.0113 0.0251
v  0.0093 -0.0127 0.0244
v  0.0093 -0.0154 0.0228
v  0.0093 -0.0164 0.0221
v  0.0093 -0.0140 0.0236
v  0.0093 -0.0131 0.0242
v  0.0015 -0.0233 0.0164
v  0.0014 -0.0245 0.0180
v  0.0013 -0.0245 0.0180
v  0.0013 -0.0259 0.0160
v  0.0014 -0.0259 0.0160
v  0.0014 -0.0304 0.0023
v  0.0014 -0.0305 -0.0000
v  0.0013 -0.0304 0.0023
v  0.0013 -0.0305 -0.0000
v  0.0012 -0.0303 0.0023
v  0.0012 -0.0304 -0.0000
v  0.0011 -0.0303 0.0023
v  0.0011 -0.0304 -0.0000
v  0.0010 -0.0302 0.0023
v  0.0010 -0.0303 -0.0000
v  0.0009 -0.0301 0.0023
v  0.0009 -0.0302 -0.0000
v  0.0008 -0.0301 0.0023
v  0.0007 -0.0300 0.0009
v  0.0008 -0.0301 -0.0000
v  0.0007 -0.0300 0.0023
v  0.0007 -0.0299 0.0026
v  0.0007 -0.0300 -0.0005
v  0.0008 -0.0298 0.0047
v  0.0007 -0.0295 0.0055
v  0.0007 -0.0297 0.0046
v  0.0007 -0.0298 0.0040
v  0.0007 -0.0288 0.0085
v  0.0008 -0.0286 0.0093
v  0.0007 -0.0286 0.0093
v  0.0008 -0.0278 0.0116
v  0.0007 -0.0277 0.0115
v  0.0008 -0.0268 0.0137
v  0.0009 -0.0269 0.0138
v  0.0007 -0.0267 0.0137
v  0.0009 -0.0257 0.0159
v  0.0008 -0.0256 0.0158
v  0.0007 -0.0255 0.0158
v  0.0009 -0.0243 0.0178
v  0.0008 -0.0242 0.0178
v  0.0010 -0.0257 0.0159
v  0.0010 -0.0244 0.0179
v  0.0009 -0.0243 0.0179
v  0.0014 -0.0271 0.0139
v  0.0014 -0.0281 0.0117
v  0.0014 -0.0290 0.0094
v  0.0013 -0.0271 0.0139
v  0.0013 -0.0281 0.0117
v  0.0013 -0.0289 0.0094
v  0.0013 -0.0296 0.0071
v  0.0011 -0.0258 0.0159
v  0.0010 -0.0269 0.0138
v  0.0011 -0.0270 0.0138
v  0.0010 -0.0280 0.0116
v  0.0011 -0.0280 0.0116
v  0.0010 -0.0288 0.0094
v  0.0011 -0.0289 0.0094
v  0.0009 -0.0287 0.0093
v  0.0009 -0.0279 0.0116
v  0.0011 -0.0300 0.0047
v  0.0010 -0.0299 0.0047
v  0.0009 -0.0299 0.0047
v  0.0012 -0.0270 0.0139
v  0.0012 -0.0258 0.0160
v  0.0012 -0.0281 0.0117
v  0.0012 -0.0289 0.0094
v  0.0011 -0.0295 0.0071
v  0.0012 -0.0296 0.0071
v  0.0010 -0.0295 0.0071
v  0.0009 -0.0294 0.0070
v  0.0008 -0.0293 0.0070
v  0.0007 -0.0292 0.0071
v  0.0014 -0.0301 0.0047
v  0.0014 -0.0296 0.0071
v  0.0013 -0.0301 0.0047
v  0.0012 -0.0301 0.0047
v  0.0012 -0.0245 0.0180
v  0.0000 -0.0288 0.0031
v  0.0000 -0.0289 0.0021
v  0.0000 -0.0290 0.0000
v  0.0000 -0.0247 0.0152
v  0.0000 -0.0259 0.0131
v  0.0000 -0.0251 0.0146
v  0.0000 -0.0269 0.0109
v  0.0000 -0.0277 0.0087
v  0.0000 -0.0276 0.0090
v  0.0000 -0.0283 0.0065
v  0.0000 -0.0284 0.0061
v  0.0000 -0.0287 0.0043
v  0.0090 -0.0171 0.0249
v  0.0100 -0.0162 0.0241
v  0.0090 -0.0159 0.0256
v  0.0100 -0.0148 0.0249
v  0.0090 -0.0152 0.0260
v  0.0100 -0.0067 0.0282
v  0.0090 -0.0064 0.0293
v  0.0090 -0.0081 0.0289
v  0.0100 -0.0082 0.0278
v  0.0090 -0.0087 0.0287
v  0.0100 -0.0091 0.0275
v  0.0090 -0.0103 0.0282
v  0.0090 -0.0111 0.0279
v  0.0100 -0.0106 0.0270
v  0.0100 -0.0111 0.0268
v  0.0090 -0.0118 0.0276
v  0.0100 -0.0120 0.0264
v  0.0090 -0.0130 0.0271
v  0.0100 -0.0134 0.0257
v  0.0090 -0.0145 0.0264
v  0.0100 -0.0051 0.0285
v  0.0090 -0.0048 0.0296
v  0.0100 -0.0045 0.0286
v  0.0100 -0.0036 0.0288
v  0.0090 -0.0032 0.0298
v  0.0100 -0.0020 0.0289
v  0.0090 -0.0023 0.0299
v  0.0090 -0.0016 0.0300
v  0.0100 -0.0004 0.0290
v  0.0100 -0.0000 0.0290
v  0.0090 -0.0000 0.0300
v  0.0093 -0.0165 0.0220
v  0.0100 -0.0157 0.0226
v  0.0100 -0.0144 0.0234
v  0.0100 -0.0131 0.0242
v  0.0100 -0.0117 0.0249
v  0.0100 -0.0113 0.0251
v  0.0100 -0.0099 0.0256
v  0.0100 -0.0093 0.0259
v  0.0100 -0.0085 0.0262
v  0.0100 -0.0070 0.0266
v  0.0100 -0.0060 0.0268
v  0.0100 -0.0044 0.0271
v  0.0100 -0.0000 0.0275
v  0.0100 -0.0014 0.0275
v  0.0100 -0.0029 0.0273
v  0.0009 -0.0000 0.0298
v  0.0008 -0.0000 0.0298
v  0.0008 -0.0018 0.0297
v  0.0009 -0.0018 0.0298
v  0.0014 -0.0234 0.0194
v  0.0008 -0.0135 0.0266
v  0.0008 -0.0151 0.0258
v  0.0008 -0.0166 0.0249
v  0.0008 -0.0180 0.0239
v  0.0008 -0.0194 0.0228
v  0.0008 -0.0207 0.0217
v  0.0008 -0.0220 0.0205
v  0.0008 -0.0232 0.0192
v  0.0008 -0.0119 0.0273
v  0.0007 -0.0117 0.0274
v  0.0008 -0.0103 0.0280
v  0.0007 -0.0100 0.0280
v  0.0000 -0.0110 0.0268
v  0.0008 -0.0086 0.0285
v  0.0007 -0.0084 0.0285
v  0.0000 -0.0094 0.0274
v  0.0008 -0.0069 0.0290
v  0.0007 -0.0067 0.0289
v  0.0008 -0.0052 0.0293
v  0.0007 -0.0050 0.0293
v  0.0000 -0.0062 0.0283
v  0.0008 -0.0035 0.0296
v  0.0007 -0.0033 0.0295
v  0.0000 -0.0045 0.0286
v  0.0007 -0.0017 0.0297
v  0.0007 -0.0000 0.0297
v  0.0013 -0.0070 0.0292
v  0.0014 -0.0080 0.0289
v  0.0014 -0.0064 0.0293
v  0.0013 -0.0053 0.0295
v  0.0014 -0.0048 0.0296
v  0.0013 -0.0035 0.0298
v  0.0014 -0.0032 0.0298
v  0.0013 -0.0018 0.0299
v  0.0014 -0.0016 0.0300
v  0.0013 -0.0136 0.0268
v  0.0014 -0.0144 0.0264
v  0.0014 -0.0130 0.0271
v  0.0014 -0.0113 0.0279
v  0.0013 -0.0120 0.0275
v  0.0013 -0.0104 0.0282
v  0.0014 -0.0097 0.0284
v  0.0013 -0.0087 0.0287
v  0.0014 -0.0088 0.0287
v  0.0013 -0.0152 0.0260
v  0.0014 -0.0160 0.0256
v  0.0014 -0.0153 0.0260
v  0.0014 -0.0167 0.0251
v  0.0015 -0.0182 0.0241
v  0.0015 -0.0167 0.0251
v  0.0014 -0.0182 0.0241
v  0.0014 -0.0196 0.0231
v  0.0009 -0.0232 0.0192
v  0.0014 0.0000 0.0300
v  0.0013 -0.0000 0.0300
v  0.0012 -0.0000 0.0300
v  0.0012 -0.0018 0.0299
v  0.0012 -0.0035 0.0298
v  0.0012 -0.0053 0.0295
v  0.0012 -0.0070 0.0292
v  0.0012 -0.0087 0.0287
v  0.0012 -0.0104 0.0282
v  0.0012 -0.0120 0.0275
v  0.0012 -0.0136 0.0268
v  0.0012 -0.0152 0.0260
v  0.0012 -0.0167 0.0251
v  0.0013 -0.0182 0.0241
v  0.0013 -0.0196 0.0231
v  0.0014 -0.0209 0.0219
v  0.0013 -0.0209 0.0219
v  0.0014 -0.0222 0.0207
v  0.0013 -0.0222 0.0207
v  0.0013 -0.0234 0.0194
v  0.0011 -0.0000 0.0300
v  0.0011 -0.0018 0.0299
v  0.0011 -0.0035 0.0297
v  0.0011 -0.0053 0.0295
v  0.0011 -0.0070 0.0291
v  0.0011 -0.0087 0.0287
v  0.0011 -0.0104 0.0281
v  0.0011 -0.0120 0.0275
v  0.0011 -0.0136 0.0268
v  0.0011 -0.0152 0.0260
v  0.0011 -0.0167 0.0251
v  0.0011 -0.0182 0.0241
v  0.0012 -0.0196 0.0230
v  0.0012 -0.0209 0.0219
v  0.0012 -0.0222 0.0206
v  0.0012 -0.0234 0.0193
v  0.0010 -0.0018 0.0299
v  0.0010 -0.0035 0.0297
v  0.0010 -0.0053 0.0295
v  0.0010 -0.0070 0.0291
v  0.0010 -0.0087 0.0286
v  0.0010 -0.0104 0.0281
v  0.0010 -0.0120 0.0275
v  0.0010 -0.0136 0.0267
v  0.0010 -0.0152 0.0259
v  0.0010 -0.0167 0.0250
v  0.0010 -0.0181 0.0241
v  0.0010 -0.0195 0.0230
v  0.0011 -0.0209 0.0218
v  0.0011 -0.0221 0.0206
v  0.0011 -0.0233 0.0193
v  0.0011 -0.0244 0.0179
v  0.0010 -0.0000 0.0299
v  0.0009 -0.0000 0.0299
v  0.0009 -0.0035 0.0297
v  0.0009 -0.0053 0.0294
v  0.0009 -0.0070 0.0291
v  0.0009 -0.0087 0.0286
v  0.0009 -0.0103 0.0281
v  0.0009 -0.0120 0.0274
v  0.0009 -0.0136 0.0267
v  0.0009 -0.0151 0.0259
v  0.0009 -0.0166 0.0250
v  0.0009 -0.0181 0.0240
v  0.0009 -0.0195 0.0230
v  0.0009 -0.0208 0.0218
v  0.0010 -0.0221 0.0206
v  0.0010 -0.0233 0.0193
v  0.0009 -0.0035 0.0296
v  0.0009 -0.0052 0.0294
v  0.0009 -0.0070 0.0290
v  0.0009 -0.0103 0.0280
v  0.0009 -0.0151 0.0258
v  0.0009 -0.0166 0.0249
v  0.0009 -0.0195 0.0229
v  0.0009 -0.0220 0.0205
v  0.0090 -0.0176 0.0246
v  0.0091 -0.0186 0.0239
v  0.0094 -0.0202 0.0226
v  0.0092 -0.0194 0.0232
v  0.0105 -0.0221 0.0208
v  0.0101 -0.0216 0.0213
v  0.0109 -0.0225 0.0203
v  0.0097 -0.0209 0.0219
v  0.0114 -0.0229 0.0199
v  0.0111 -0.0227 0.0201
v  0.0120 -0.0233 0.0195
v  0.0170 -0.0245 0.0180
v  0.0163 -0.0244 0.0181
v  0.0159 -0.0244 0.0181
v  0.0149 -0.0243 0.0183
v  0.0141 -0.0241 0.0185
v  0.0133 -0.0239 0.0188
v  0.0126 -0.0236 0.0191
v  0.0000 -0.0000 0.0290
v  0.0000 -0.0014 0.0290
v  0.0000 -0.0029 0.0289
v  0.0000 -0.0078 0.0279
v  0.0416 -0.0245 -0.0176
v  0.0416 -0.0230 -0.0176
v  0.0380 -0.0230 -0.0180
v  0.0390 -0.0230 -0.0180
v  0.0394 -0.0245 -0.0179
v  0.0380 -0.0245 -0.0180
v  0.0403 -0.0245 -0.0178
v  0.0441 -0.0230 -0.0169
v  0.0465 -0.0230 -0.0159
v  0.0487 -0.0230 -0.0145
v  0.0507 -0.0230 -0.0128
v  0.0524 -0.0230 -0.0108
v  0.0538 -0.0230 -0.0086
v  0.0549 -0.0230 -0.0063
v  0.0556 -0.0230 -0.0038
v  0.0560 -0.0230 -0.0012
v  0.0560 -0.0230 -0.0000
v  0.0544 -0.0237 -0.0013
v  0.0545 -0.0237 0.0000
v  0.0545 -0.0230 0.0000
v  0.0545 -0.0230 -0.0011
v  0.0541 -0.0230 -0.0037
v  0.0541 -0.0237 -0.0036
v  0.0543 -0.0237 -0.0024
v  0.0544 -0.0237 -0.0015
v  0.0535 -0.0237 -0.0055
v  0.0539 -0.0237 -0.0044
v  0.0533 -0.0230 -0.0062
v  0.0541 -0.0237 -0.0037
v  0.0521 -0.0230 -0.0085
v  0.0526 -0.0237 -0.0077
v  0.0528 -0.0237 -0.0073
v  0.0531 -0.0237 -0.0066
v  0.0533 -0.0237 -0.0062
v  0.0506 -0.0230 -0.0106
v  0.0508 -0.0237 -0.0104
v  0.0515 -0.0237 -0.0094
v  0.0518 -0.0237 -0.0090
v  0.0520 -0.0237 -0.0087
v  0.0521 -0.0237 -0.0085
v  0.0488 -0.0230 -0.0125
v  0.0488 -0.0237 -0.0125
v  0.0492 -0.0237 -0.0121
v  0.0501 -0.0237 -0.0113
v  0.0467 -0.0237 -0.0140
v  0.0467 -0.0230 -0.0140
v  0.0456 -0.0237 -0.0146
v  0.0477 -0.0237 -0.0134
v  0.0483 -0.0237 -0.0129
v  0.0443 -0.0230 -0.0152
v  0.0443 -0.0237 -0.0152
v  0.0446 -0.0237 -0.0151
v  0.0427 -0.0237 -0.0158
v  0.0419 -0.0230 -0.0160
v  0.0419 -0.0237 -0.0160
v  0.0435 -0.0237 -0.0156
v  0.0440 -0.0237 -0.0154
v  0.0393 -0.0230 -0.0164
v  0.0404 -0.0237 -0.0163
v  0.0415 -0.0237 -0.0161
v  0.0400 -0.0237 -0.0164
v  0.0392 -0.0237 -0.0164
v  0.0380 -0.0230 -0.0165
v  0.0380 -0.0237 -0.0165
v  0.0487 -0.0230 0.0145
v  0.0549 -0.0230 0.0063
v  0.0538 -0.0230 0.0086
v  0.0524 -0.0230 0.0108
v  0.0507 -0.0230 0.0128
v  0.0506 -0.0230 0.0106
v  0.0488 -0.0230 0.0125
v  0.0465 -0.0230 0.0159
v  0.0441 -0.0230 0.0169
v  0.0416 -0.0230 0.0176
v  0.0403 -0.0245 0.0178
v  0.0414 -0.0245 0.0177
v  0.0416 -0.0245 0.0176
v  0.0401 -0.0245 0.0179
v  0.0390 -0.0230 0.0180
v  0.0388 -0.0245 0.0180
v  0.0380 -0.0230 0.0180
v  0.0380 -0.0245 0.0180
v  0.0560 -0.0230 0.0012
v  0.0556 -0.0230 0.0038
v  0.0541 -0.0230 0.0037
v  0.0380 -0.0230 0.0165
v  0.0393 -0.0230 0.0164
v  0.0393 -0.0237 0.0164
v  0.0380 -0.0238 0.0164
v  0.0419 -0.0230 0.0160
v  0.0419 -0.0237 0.0160
v  0.0416 -0.0237 0.0161
v  0.0405 -0.0237 0.0163
v  0.0443 -0.0237 0.0152
v  0.0435 -0.0237 0.0155
v  0.0443 -0.0230 0.0152
v  0.0424 -0.0237 0.0159
v  0.0467 -0.0230 0.0140
v  0.0457 -0.0237 0.0146
v  0.0446 -0.0237 0.0151
v  0.0484 -0.0237 0.0128
v  0.0474 -0.0237 0.0135
v  0.0488 -0.0237 0.0125
v  0.0467 -0.0237 0.0140
v  0.0509 -0.0237 0.0103
v  0.0501 -0.0237 0.0112
v  0.0493 -0.0237 0.0121
v  0.0520 -0.0237 0.0087
v  0.0518 -0.0237 0.0090
v  0.0521 -0.0230 0.0085
v  0.0521 -0.0237 0.0085
v  0.0514 -0.0237 0.0097
v  0.0531 -0.0237 0.0066
v  0.0528 -0.0237 0.0073
v  0.0533 -0.0230 0.0062
v  0.0533 -0.0237 0.0062
v  0.0526 -0.0237 0.0076
v  0.0538 -0.0237 0.0047
v  0.0543 -0.0237 0.0024
v  0.0541 -0.0237 0.0035
v  0.0541 -0.0237 0.0037
v  0.0544 -0.0237 0.0015
v  0.0545 -0.0230 0.0011
v  0.0544 -0.0237 0.0012
v  0.0466 -0.0249 0.0119
v  0.0480 -0.0249 0.0107
v  0.0524 -0.0249 0.0031
v  0.0530 -0.0247 0.0000
v  0.0526 -0.0249 0.0014
v  0.0380 -0.0290 0.0002
v  0.0401 -0.0289 0.0005
v  0.0402 -0.0289 0.0002
v  0.0380 -0.0255 0.0137
v  0.0398 -0.0249 0.0146
v  0.0396 -0.0260 0.0127
v  0.0393 -0.0269 0.0107
v  0.0380 -0.0266 0.0114
v  0.0380 -0.0260 0.0127
v  0.0391 -0.0276 0.0086
v  0.0380 -0.0275 0.0091
v  0.0380 -0.0272 0.0100
v  0.0388 -0.0282 0.0065
v  0.0380 -0.0281 0.0072
v  0.0380 -0.0286 0.0046
v  0.0380 -0.0284 0.0058
v  0.0385 -0.0287 0.0043
v  0.0380 -0.0288 0.0032
v  0.0383 -0.0289 0.0022
v  0.0380 -0.0289 0.0021
v  0.0422 -0.0287 -0.0000
v  0.0405 -0.0289 -0.0000
v  0.0423 -0.0287 0.0004
v  0.0402 -0.0289 -0.0000
v  0.0445 -0.0282 0.0006
v  0.0466 -0.0276 0.0008
v  0.0470 -0.0276 -0.0000
v  0.0454 -0.0280 -0.0000
v  0.0507 -0.0260 0.0012
v  0.0515 -0.0256 0.0000
v  0.0519 -0.0249 0.0048
v  0.0512 -0.0249 0.0065
v  0.0503 -0.0249 0.0080
v  0.0492 -0.0249 0.0095
v  0.0450 -0.0249 0.0129
v  0.0433 -0.0249 0.0137
v  0.0417 -0.0249 0.0142
v  0.0380 -0.0249 0.0147
v  0.0505 -0.0260 0.0027
v  0.0400 -0.0289 0.0010
v  0.0401 -0.0289 0.0007
v  0.0421 -0.0287 0.0014
v  0.0423 -0.0287 0.0009
v  0.0444 -0.0282 0.0014
v  0.0438 -0.0284 -0.0000
v  0.0445 -0.0282 -0.0006
v  0.0501 -0.0260 0.0042
v  0.0482 -0.0269 0.0035
v  0.0485 -0.0269 0.0023
v  0.0419 -0.0287 0.0019
v  0.0442 -0.0282 0.0021
v  0.0465 -0.0276 0.0018
v  0.0495 -0.0260 0.0056
v  0.0476 -0.0269 0.0047
v  0.0458 -0.0276 0.0038
v  0.0462 -0.0276 0.0028
v  0.0439 -0.0282 0.0029
v  0.0487 -0.0269 0.0010
v  0.0485 -0.0270 -0.0000
v  0.0487 -0.0260 0.0070
v  0.0470 -0.0269 0.0059
v  0.0452 -0.0276 0.0047
v  0.0435 -0.0282 0.0036
v  0.0416 -0.0287 0.0024
v  0.0477 -0.0260 0.0082
v  0.0462 -0.0269 0.0069
v  0.0446 -0.0276 0.0056
v  0.0430 -0.0282 0.0042
v  0.0413 -0.0287 0.0028
v  0.0398 -0.0289 0.0012
v  0.0397 -0.0289 0.0014
v  0.0395 -0.0289 0.0016
v  0.0410 -0.0287 0.0032
v  0.0424 -0.0282 0.0048
v  0.0439 -0.0276 0.0063
v  0.0453 -0.0269 0.0079
v  0.0467 -0.0260 0.0093
v  0.0454 -0.0260 0.0104
v  0.0443 -0.0269 0.0087
v  0.0430 -0.0276 0.0070
v  0.0418 -0.0282 0.0053
v  0.0405 -0.0287 0.0035
v  0.0393 -0.0289 0.0018
v  0.0508 -0.0260 -0.0000
v  0.0500 -0.0263 -0.0000
v  0.0441 -0.0260 0.0112
v  0.0431 -0.0269 0.0094
v  0.0421 -0.0276 0.0076
v  0.0411 -0.0282 0.0057
v  0.0401 -0.0287 0.0038
v  0.0390 -0.0289 0.0019
v  0.0426 -0.0260 0.0119
v  0.0419 -0.0269 0.0100
v  0.0411 -0.0276 0.0081
v  0.0404 -0.0282 0.0061
v  0.0396 -0.0287 0.0041
v  0.0388 -0.0289 0.0020
v  0.0412 -0.0260 0.0123
v  0.0407 -0.0269 0.0104
v  0.0402 -0.0276 0.0084
v  0.0396 -0.0282 0.0063
v  0.0391 -0.0287 0.0042
v  0.0385 -0.0289 0.0021
v  0.0385 -0.0289 -0.0021
v  0.0388 -0.0289 -0.0020
v  0.0388 -0.0282 -0.0065
v  0.0385 -0.0287 -0.0043
v  0.0391 -0.0287 -0.0042
v  0.0396 -0.0282 -0.0063
v  0.0519 -0.0249 -0.0048
v  0.0398 -0.0249 -0.0146
v  0.0380 -0.0265 -0.0116
v  0.0380 -0.0272 -0.0101
v  0.0393 -0.0269 -0.0107
v  0.0380 -0.0289 -0.0024
v  0.0380 -0.0289 -0.0021
v  0.0383 -0.0289 -0.0022
v  0.0380 -0.0288 -0.0037
v  0.0380 -0.0285 -0.0053
v  0.0380 -0.0284 -0.0057
v  0.0380 -0.0277 -0.0085
v  0.0380 -0.0281 -0.0069
v  0.0391 -0.0276 -0.0086
v  0.0380 -0.0282 -0.0065
v  0.0380 -0.0258 -0.0131
v  0.0380 -0.0263 -0.0122
v  0.0396 -0.0260 -0.0127
v  0.0380 -0.0241 -0.0159
v  0.0380 -0.0250 -0.0145
v  0.0417 -0.0249 -0.0142
v  0.0433 -0.0249 -0.0137
v  0.0466 -0.0249 -0.0119
v  0.0450 -0.0249 -0.0129
v  0.0492 -0.0249 -0.0095
v  0.0503 -0.0249 -0.0080
v  0.0524 -0.0249 -0.0031
v  0.0526 -0.0249 -0.0014
v  0.0507 -0.0260 -0.0012
v  0.0487 -0.0269 -0.0010
v  0.0466 -0.0276 -0.0008
v  0.0423 -0.0287 -0.0004
v  0.0402 -0.0289 -0.0002
v  0.0401 -0.0289 -0.0005
v  0.0505 -0.0260 -0.0027
v  0.0485 -0.0269 -0.0023
v  0.0465 -0.0276 -0.0018
v  0.0444 -0.0282 -0.0014
v  0.0423 -0.0287 -0.0009
v  0.0501 -0.0260 -0.0042
v  0.0482 -0.0269 -0.0035
v  0.0462 -0.0276 -0.0028
v  0.0442 -0.0282 -0.0021
v  0.0421 -0.0287 -0.0014
v  0.0401 -0.0289 -0.0007
v  0.0400 -0.0289 -0.0010
v  0.0512 -0.0249 -0.0065
v  0.0487 -0.0260 -0.0070
v  0.0495 -0.0260 -0.0056
v  0.0476 -0.0269 -0.0047
v  0.0470 -0.0269 -0.0059
v  0.0477 -0.0260 -0.0082
v  0.0458 -0.0276 -0.0038
v  0.0452 -0.0276 -0.0047
v  0.0480 -0.0249 -0.0107
v  0.0467 -0.0260 -0.0093
v  0.0462 -0.0269 -0.0069
v  0.0446 -0.0276 -0.0056
v  0.0453 -0.0269 -0.0079
v  0.0454 -0.0260 -0.0104
v  0.0439 -0.0282 -0.0029
v  0.0435 -0.0282 -0.0036
v  0.0441 -0.0260 -0.0112
v  0.0419 -0.0287 -0.0019
v  0.0416 -0.0287 -0.0024
v  0.0430 -0.0282 -0.0042
v  0.0439 -0.0276 -0.0063
v  0.0424 -0.0282 -0.0048
v  0.0443 -0.0269 -0.0087
v  0.0430 -0.0276 -0.0070
v  0.0398 -0.0289 -0.0012
v  0.0413 -0.0287 -0.0028
v  0.0397 -0.0289 -0.0014
v  0.0418 -0.0282 -0.0053
v  0.0431 -0.0269 -0.0094
v  0.0421 -0.0276 -0.0076
v  0.0426 -0.0260 -0.0119
v  0.0412 -0.0260 -0.0123
v  0.0380 -0.0275 -0.0090
v  0.0402 -0.0276 -0.0084
v  0.0404 -0.0282 -0.0061
v  0.0411 -0.0276 -0.0081
v  0.0396 -0.0287 -0.0041
v  0.0401 -0.0287 -0.0038
v  0.0411 -0.0282 -0.0057
v  0.0390 -0.0289 -0.0019
v  0.0393 -0.0289 -0.0018
v  0.0405 -0.0287 -0.0035
v  0.0419 -0.0269 -0.0100
v  0.0410 -0.0287 -0.0032
v  0.0407 -0.0269 -0.0104
v  0.0395 -0.0289 -0.0016
v  0.0123 -0.0226 0.0194
v  0.0130 -0.0230 0.0190
v  0.0116 -0.0222 0.0199
v  0.0111 -0.0217 0.0204
v  0.0138 -0.0233 0.0171
v  0.0147 -0.0235 0.0169
v  0.0157 -0.0236 0.0167
v  0.0163 -0.0237 0.0166
v  0.0167 -0.0237 0.0166
v  0.0179 -0.0237 0.0165
v  0.0182 -0.0237 0.0165
v  0.0183 -0.0237 0.0165
v  0.0183 -0.0233 0.0165
v  0.0183 -0.0237 -0.0165
v  0.0334 -0.0245 -0.0180
v  0.0000 -0.0223 0.0031
v  0.0000 -0.0220 0.0045
v  0.0000 -0.0217 0.0060
v  0.0000 -0.0213 0.0074
v  0.0000 -0.0221 -0.0042
v  0.0000 -0.0284 -0.0061
v  0.0000 -0.0287 -0.0043
v  0.0000 -0.0223 -0.0027
v  0.0000 -0.0288 -0.0031
v  0.0000 -0.0289 -0.0021
v  0.0000 -0.0225 -0.0013
v  0.0000 -0.0225 0.0002
v  0.0000 -0.0224 0.0016
v  0.0000 -0.0207 0.0087
v  0.0000 -0.0201 0.0101
v  0.0000 -0.0194 0.0114
v  0.0000 -0.0209 -0.0084
v  0.0000 -0.0203 -0.0097
v  0.0000 -0.0265 -0.0119
v  0.0000 -0.0269 -0.0109
v  0.0000 -0.0178 0.0138
v  0.0000 -0.0186 0.0126
v  0.0000 -0.0276 -0.0090
v  0.0000 -0.0214 -0.0070
v  0.0000 -0.0277 -0.0087
v  0.0000 -0.0218 -0.0056
v  0.0000 -0.0283 -0.0065
v  0.0000 -0.0000 0.0225
v  0.0000 -0.0015 0.0225
v  0.0000 -0.0029 0.0223
v  0.0000 -0.0169 0.0149
v  0.0000 -0.0158 0.0160
v  0.0000 -0.0148 0.0170
v  0.0000 -0.0136 0.0179
v  0.0000 -0.0124 0.0187
v  0.0000 -0.0112 0.0195
v  0.0000 -0.0099 0.0202
v  0.0000 -0.0086 0.0208
v  0.0000 -0.0072 0.0213
v  0.0000 -0.0058 0.0217
v  0.0000 -0.0044 0.0221
v  0.0000 -0.0102 -0.0200
v  0.0000 -0.0125 -0.0262
v  0.0000 -0.0140 -0.0254
v  0.0000 -0.0115 -0.0193
v  0.0000 -0.0156 -0.0245
v  0.0000 -0.0170 -0.0235
v  0.0000 -0.0127 -0.0185
v  0.0000 -0.0139 -0.0177
v  0.0000 -0.0185 -0.0224
v  0.0000 -0.0198 -0.0212
v  0.0000 -0.0150 -0.0167
v  0.0000 -0.0211 -0.0199
v  0.0000 -0.0161 -0.0157
v  0.0000 -0.0171 -0.0146
v  0.0000 -0.0223 -0.0186
v  0.0000 -0.0234 -0.0171
v  0.0000 -0.0180 -0.0135
v  0.0000 -0.0188 -0.0123
v  0.0000 -0.0247 -0.0152
v  0.0000 -0.0251 -0.0146
v  0.0000 -0.0196 -0.0110
v  0.0000 -0.0259 -0.0131
v  -0.0000 0.0000 -0.0225
v  0.0000 0.0001 -0.0290
v  0.0000 -0.0014 -0.0290
v  0.0000 -0.0018 -0.0224
v  0.0000 -0.0029 -0.0289
v  0.0000 -0.0045 -0.0286
v  0.0000 -0.0033 -0.0223
v  0.0000 -0.0047 -0.0220
v  0.0000 -0.0062 -0.0283
v  0.0000 -0.0078 -0.0279
v  0.0000 -0.0061 -0.0216
v  0.0000 -0.0094 -0.0274
v  0.0000 -0.0075 -0.0212
v  0.0000 -0.0089 -0.0207
v  0.0000 -0.0110 -0.0268
v  0.0015 -0.0015 0.0225
v  0.0015 -0.0000 0.0225
v  0.0015 -0.0223 -0.0027
v  0.0015 -0.0225 -0.0013
v  0.0015 -0.0284 -0.0024
v  0.0015 -0.0283 -0.0033
v  0.0015 -0.0281 -0.0050
v  0.0015 -0.0221 -0.0042
v  0.0015 -0.0224 0.0016
v  0.0015 -0.0223 0.0031
v  0.0015 -0.0225 0.0002
v  0.0015 -0.0285 -0.0017
v  0.0015 -0.0217 0.0060
v  0.0015 -0.0220 0.0045
v  0.0015 -0.0278 -0.0065
v  0.0015 -0.0218 -0.0056
v  0.0015 -0.0273 -0.0081
v  0.0015 -0.0270 -0.0092
v  0.0015 -0.0214 -0.0070
v  0.0015 -0.0201 0.0101
v  0.0015 -0.0194 0.0114
v  0.0015 -0.0207 0.0087
v  0.0015 -0.0213 0.0074
v  0.0015 -0.0178 0.0138
v  0.0015 -0.0186 0.0126
v  0.0015 -0.0203 -0.0097
v  0.0015 -0.0255 -0.0127
v  0.0015 -0.0251 -0.0136
v  0.0015 -0.0196 -0.0110
v  0.0015 -0.0247 -0.0142
v  0.0015 -0.0239 -0.0156
v  0.0015 -0.0188 -0.0123
v  0.0015 -0.0230 -0.0169
v  0.0015 -0.0180 -0.0135
v  0.0015 -0.0268 -0.0097
v  0.0015 -0.0209 -0.0084
v  0.0015 -0.0262 -0.0112
v  0.0015 -0.0124 0.0187
v  0.0015 -0.0112 0.0195
v  0.0015 -0.0136 0.0179
v  0.0015 -0.0158 0.0160
v  0.0015 -0.0169 0.0149
v  0.0015 -0.0029 0.0223
v  0.0015 -0.0051 -0.0280
v  0.0015 -0.0049 -0.0281
v  0.0015 -0.0033 -0.0223
v  0.0015 -0.0047 -0.0220
v  0.0015 -0.0220 -0.0181
v  0.0015 -0.0171 -0.0146
v  0.0015 -0.0215 -0.0187
v  0.0015 -0.0161 -0.0157
v  0.0015 -0.0209 -0.0193
v  0.0015 -0.0150 -0.0167
v  0.0015 -0.0198 -0.0205
v  0.0015 -0.0139 -0.0177
v  0.0016 -0.0187 -0.0219
v  0.0015 -0.0175 -0.0228
v  0.0015 -0.0161 -0.0237
v  0.0015 -0.0127 -0.0185
v  0.0015 -0.0115 -0.0193
v  0.0015 -0.0147 -0.0246
v  0.0015 -0.0132 -0.0254
v  0.0015 -0.0102 -0.0200
v  0.0015 -0.0089 -0.0207
v  0.0015 -0.0117 -0.0261
v  0.0015 -0.0044 0.0221
v  0.0015 -0.0058 0.0217
v  0.0015 -0.0072 0.0213
v  0.0015 -0.0086 0.0208
v  0.0015 -0.0099 0.0202
v  0.0015 -0.0002 -0.0285
v  0.0015 0.0000 -0.0285
v  0.0015 -0.0000 -0.0225
v  0.0015 -0.0004 -0.0225
v  0.0015 -0.0018 -0.0224
v  0.0015 -0.0018 -0.0284
v  0.0015 -0.0032 -0.0283
v  0.0015 -0.0034 -0.0283
v  0.0015 -0.0067 -0.0277
v  0.0015 -0.0065 -0.0277
v  0.0015 -0.0061 -0.0216
v  0.0015 -0.0101 -0.0267
v  0.0015 -0.0075 -0.0212
v  0.0015 -0.0084 -0.0272
v  0.0015 -0.0082 -0.0273
v  0.0007 -0.0292 -0.0070
v  0.0007 -0.0295 -0.0055
v  0.0007 -0.0297 -0.0046
v  0.0007 -0.0298 -0.0039
v  0.0007 -0.0300 -0.0022
v  0.0007 -0.0282 -0.0104
v  0.0007 -0.0286 -0.0093
v  0.0007 -0.0287 -0.0088
v  0.0007 -0.0292 -0.0072
v  0.0007 -0.0267 -0.0137
v  0.0007 -0.0268 -0.0134
v  0.0007 -0.0267 -0.0138
v  0.0007 -0.0275 -0.0119
v  0.0007 -0.0277 -0.0115
v  0.0007 -0.0260 -0.0149
v  0.0007 -0.0255 -0.0158
v  0.0007 -0.0251 -0.0164
v  0.0007 -0.0242 -0.0177
v  0.0013 -0.0245 -0.0180
v  0.0014 -0.0245 -0.0180
v  0.0014 -0.0259 -0.0160
v  0.0013 -0.0259 -0.0160
v  0.0008 -0.0243 -0.0178
v  0.0009 -0.0243 -0.0178
v  0.0009 -0.0257 -0.0159
v  0.0008 -0.0256 -0.0158
v  0.0007 -0.0231 -0.0190
v  0.0008 -0.0242 -0.0178
v  0.0008 -0.0268 -0.0137
v  0.0008 -0.0278 -0.0116
v  0.0008 -0.0286 -0.0093
v  0.0008 -0.0293 -0.0070
v  0.0008 -0.0298 -0.0047
v  0.0008 -0.0301 -0.0023
v  0.0014 -0.0304 -0.0023
v  0.0014 -0.0301 -0.0047
v  0.0014 -0.0296 -0.0071
v  0.0014 -0.0290 -0.0094
v  0.0009 -0.0301 -0.0023
v  0.0009 -0.0299 -0.0047
v  0.0009 -0.0294 -0.0070
v  0.0009 -0.0287 -0.0093
v  0.0009 -0.0279 -0.0116
v  0.0009 -0.0269 -0.0138
v  0.0010 -0.0302 -0.0023
v  0.0010 -0.0299 -0.0047
v  0.0010 -0.0295 -0.0071
v  0.0010 -0.0288 -0.0094
v  0.0010 -0.0280 -0.0116
v  0.0010 -0.0269 -0.0138
v  0.0010 -0.0257 -0.0159
v  0.0009 -0.0244 -0.0179
v  0.0011 -0.0303 -0.0023
v  0.0011 -0.0300 -0.0047
v  0.0011 -0.0295 -0.0071
v  0.0011 -0.0289 -0.0094
v  0.0011 -0.0280 -0.0116
v  0.0011 -0.0270 -0.0138
v  0.0011 -0.0258 -0.0159
v  0.0011 -0.0244 -0.0179
v  0.0012 -0.0303 -0.0023
v  0.0012 -0.0301 -0.0047
v  0.0012 -0.0296 -0.0071
v  0.0012 -0.0289 -0.0094
v  0.0012 -0.0281 -0.0117
v  0.0012 -0.0270 -0.0139
v  0.0012 -0.0258 -0.0160
v  0.0012 -0.0245 -0.0180
v  0.0011 -0.0233 -0.0193
v  0.0013 -0.0304 -0.0023
v  0.0013 -0.0301 -0.0047
v  0.0013 -0.0296 -0.0071
v  0.0013 -0.0289 -0.0094
v  0.0013 -0.0281 -0.0117
v  0.0013 -0.0271 -0.0139
v  0.0013 -0.0234 -0.0194
v  0.0014 -0.0271 -0.0139
v  0.0014 -0.0281 -0.0117
v  0.0018 -0.0233 -0.0171
v  0.0018 -0.0243 -0.0157
v  0.0018 -0.0246 -0.0151
v  0.0018 -0.0252 -0.0143
v  0.0018 -0.0260 -0.0128
v  0.0018 -0.0263 -0.0122
v  0.0018 -0.0274 -0.0094
v  0.0018 -0.0273 -0.0097
v  0.0018 -0.0267 -0.0112
v  0.0018 -0.0281 -0.0070
v  0.0018 -0.0278 -0.0081
v  0.0018 -0.0275 -0.0090
v  0.0018 -0.0284 -0.0057
v  0.0018 -0.0283 -0.0064
v  0.0018 -0.0290 -0.0014
v  0.0018 -0.0289 -0.0024
v  0.0018 -0.0288 -0.0031
v  0.0018 -0.0286 -0.0048
v  0.0170 -0.0237 -0.0165
v  0.0163 -0.0237 -0.0166
v  0.0158 -0.0236 -0.0166
v  0.0139 -0.0233 -0.0170
v  0.0138 -0.0233 -0.0171
v  0.0148 -0.0235 -0.0168
v  0.0007 -0.0013 -0.0297
v  0.0008 -0.0018 -0.0297
v  0.0007 -0.0029 -0.0296
v  0.0007 -0.0033 -0.0295
v  0.0007 -0.0000 -0.0297
v  0.0007 -0.0117 -0.0274
v  0.0007 -0.0133 -0.0266
v  0.0007 -0.0051 -0.0293
v  0.0007 -0.0067 -0.0289
v  0.0007 -0.0084 -0.0285
v  0.0007 -0.0101 -0.0280
v  0.0008 -0.0035 -0.0296
v  0.0008 -0.0052 -0.0293
v  0.0008 -0.0069 -0.0290
v  0.0008 -0.0086 -0.0285
v  0.0008 -0.0103 -0.0280
v  0.0008 -0.0119 -0.0273
v  0.0008 -0.0135 -0.0266
v  0.0007 -0.0142 -0.0262
v  0.0009 -0.0151 -0.0258
v  0.0008 -0.0151 -0.0258
v  0.0007 -0.0158 -0.0253
v  0.0007 -0.0150 -0.0257
v  0.0008 -0.0166 -0.0249
v  0.0007 -0.0165 -0.0248
v  0.0007 -0.0172 -0.0244
v  0.0009 -0.0181 -0.0240
v  0.0008 -0.0180 -0.0239
v  0.0007 -0.0180 -0.0238
v  0.0007 -0.0186 -0.0234
v  0.0008 -0.0194 -0.0228
v  0.0007 -0.0192 -0.0229
v  0.0007 -0.0198 -0.0224
v  0.0009 -0.0208 -0.0218
v  0.0008 -0.0207 -0.0217
v  0.0007 -0.0210 -0.0214
v  0.0008 -0.0220 -0.0205
v  0.0007 -0.0221 -0.0202
v  0.0008 -0.0232 -0.0192
v  0.0010 -0.0233 -0.0193
v  0.0012 -0.0234 -0.0193
v  0.0014 -0.0234 -0.0194
v  0.0013 -0.0070 -0.0292
v  0.0014 -0.0077 -0.0290
v  0.0013 -0.0087 -0.0287
v  0.0012 -0.0070 -0.0292
v  0.0090 -0.0090 -0.0286
v  0.0014 -0.0093 -0.0285
v  0.0013 -0.0104 -0.0282
v  0.0012 -0.0087 -0.0287
v  0.0014 -0.0110 -0.0280
v  0.0013 -0.0120 -0.0275
v  0.0090 -0.0111 -0.0279
v  0.0014 -0.0126 -0.0273
v  0.0013 -0.0136 -0.0268
v  0.0012 -0.0120 -0.0275
v  0.0014 -0.0142 -0.0266
v  0.0013 -0.0152 -0.0260
v  0.0012 -0.0136 -0.0268
v  0.0013 -0.0018 -0.0299
v  0.0014 -0.0030 -0.0298
v  0.0013 -0.0035 -0.0298
v  0.0012 -0.0018 -0.0299
v  0.0014 -0.0047 -0.0296
v  0.0013 -0.0053 -0.0295
v  0.0012 -0.0035 -0.0298
v  0.0014 -0.0062 -0.0294
v  0.0012 -0.0053 -0.0295
v  0.0014 -0.0070 -0.0292
v  0.0014 -0.0015 -0.0300
v  0.0014 -0.0016 -0.0300
v  0.0014 -0.0000 -0.0300
v  0.0013 -0.0000 -0.0300
v  0.0014 -0.0001 -0.0300
v  0.0014 -0.0002 -0.0300
v  0.0008 -0.0000 -0.0298
v  0.0009 -0.0000 -0.0298
v  0.0009 -0.0232 -0.0192
v  0.0009 -0.0220 -0.0205
v  0.0009 -0.0195 -0.0229
v  0.0009 -0.0166 -0.0249
v  0.0009 -0.0136 -0.0267
v  0.0009 -0.0120 -0.0274
v  0.0009 -0.0103 -0.0280
v  0.0009 -0.0087 -0.0286
v  0.0009 -0.0070 -0.0290
v  0.0009 -0.0052 -0.0294
v  0.0009 -0.0035 -0.0296
v  0.0009 -0.0018 -0.0298
v  0.0010 -0.0221 -0.0206
v  0.0009 -0.0195 -0.0230
v  0.0009 -0.0166 -0.0250
v  0.0009 -0.0151 -0.0259
v  0.0009 -0.0103 -0.0281
v  0.0009 -0.0070 -0.0291
v  0.0009 -0.0053 -0.0294
v  0.0009 -0.0035 -0.0297
v  0.0009 -0.0000 -0.0299
v  0.0011 -0.0221 -0.0206
v  0.0011 -0.0209 -0.0218
v  0.0010 -0.0195 -0.0230
v  0.0010 -0.0181 -0.0241
v  0.0010 -0.0167 -0.0250
v  0.0010 -0.0152 -0.0259
v  0.0010 -0.0136 -0.0267
v  0.0010 -0.0120 -0.0275
v  0.0010 -0.0104 -0.0281
v  0.0010 -0.0087 -0.0286
v  0.0010 -0.0070 -0.0291
v  0.0010 -0.0053 -0.0295
v  0.0010 -0.0035 -0.0297
v  0.0010 -0.0018 -0.0299
v  0.0010 -0.0000 -0.0299
v  0.0011 -0.0000 -0.0300
v  0.0011 -0.0018 -0.0299
v  0.0012 -0.0222 -0.0206
v  0.0012 -0.0209 -0.0219
v  0.0012 -0.0196 -0.0230
v  0.0011 -0.0182 -0.0241
v  0.0011 -0.0167 -0.0251
v  0.0011 -0.0152 -0.0260
v  0.0011 -0.0136 -0.0268
v  0.0011 -0.0120 -0.0275
v  0.0011 -0.0104 -0.0281
v  0.0011 -0.0087 -0.0287
v  0.0011 -0.0070 -0.0291
v  0.0011 -0.0053 -0.0295
v  0.0011 -0.0035 -0.0297
v  0.0013 -0.0222 -0.0207
v  0.0013 -0.0209 -0.0219
v  0.0013 -0.0196 -0.0231
v  0.0013 -0.0182 -0.0241
v  0.0012 -0.0167 -0.0251
v  0.0012 -0.0152 -0.0260
v  0.0012 -0.0104 -0.0282
v  0.0012 -0.0000 -0.0300
v  0.0014 -0.0009 -0.0300
v  0.0014 -0.0167 -0.0251
v  0.0014 -0.0182 -0.0241
v  0.0014 -0.0196 -0.0231
v  0.0014 -0.0209 -0.0219
v  0.0014 -0.0222 -0.0207
v  0.0014 -0.0153 -0.0260
v  0.0015 -0.0156 -0.0258
v  0.0015 -0.0171 -0.0249
v  0.0015 -0.0185 -0.0239
v  0.0015 -0.0199 -0.0228
v  0.0015 -0.0211 -0.0217
v  0.0015 -0.0223 -0.0206
v  0.0015 -0.0234 -0.0194
v  0.0015 -0.0244 -0.0182
v  0.0090 0.0000 -0.0300
v  0.0090 -0.0045 -0.0297
v  0.0090 -0.0023 -0.0299
v  0.0090 -0.0053 -0.0295
v  0.0090 -0.0068 -0.0292
v  0.0090 -0.0152 -0.0260
v  0.0090 -0.0132 -0.0270
v  0.0090 -0.0181 -0.0242
v  0.0092 -0.0191 -0.0235
v  0.0090 -0.0171 -0.0249
v  0.0093 -0.0199 -0.0228
v  0.0096 -0.0207 -0.0222
v  0.0099 -0.0213 -0.0215
v  0.0101 -0.0216 -0.0213
v  0.0103 -0.0219 -0.0210
v  0.0108 -0.0224 -0.0204
v  0.0111 -0.0227 -0.0201
v  0.0113 -0.0229 -0.0200
v  0.0118 -0.0232 -0.0196
v  0.0125 -0.0235 -0.0192
v  0.0131 -0.0238 -0.0189
v  0.0139 -0.0240 -0.0186
v  0.0147 -0.0242 -0.0184
v  0.0155 -0.0243 -0.0182
v  0.0163 -0.0244 -0.0181
v  0.0165 -0.0244 -0.0181
v  0.0100 -0.0162 -0.0241
v  0.0100 -0.0157 -0.0244
v  0.0100 -0.0143 -0.0252
v  0.0100 -0.0152 -0.0247
v  0.0100 -0.0128 -0.0260
v  0.0100 -0.0113 -0.0267
v  0.0100 -0.0090 -0.0276
v  0.0100 -0.0098 -0.0273
v  0.0100 -0.0017 -0.0290
v  0.0100 -0.0033 -0.0288
v  0.0100 -0.0045 -0.0286
v  0.0100 -0.0050 -0.0286
v  0.0100 -0.0066 -0.0282
v  0.0100 -0.0082 -0.0278
v  0.0100 0.0000 -0.0290
v  0.0100 0.0000 -0.0275
v  0.0100 -0.0024 -0.0274
v  0.0100 -0.0049 -0.0271
v  0.0100 -0.0069 -0.0266
v  0.0100 -0.0093 -0.0259
v  0.0100 -0.0162 -0.0223
v  0.0100 -0.0157 -0.0225
v  0.0100 -0.0137 -0.0238
v  0.0093 -0.0154 -0.0228
v  0.0100 -0.0131 -0.0242
v  0.0100 -0.0109 -0.0252
v  0.0093 -0.0126 -0.0245
v  0.0094 0.0000 -0.0275
v  0.0094 -0.0017 -0.0274
v  0.0094 -0.0043 -0.0272
v  0.0094 -0.0034 -0.0273
v  0.0094 -0.0024 -0.0274
v  0.0094 -0.0050 -0.0270
v  0.0094 -0.0065 -0.0267
v  0.0094 -0.0081 -0.0263
v  0.0094 -0.0096 -0.0258
v  0.0094 -0.0107 -0.0253
v  0.0093 -0.0140 -0.0237
v  0.0100 -0.0165 -0.0220
v  0.0093 -0.0164 -0.0221
v  0.0093 -0.0165 -0.0220
v  0.0084 0.0000 -0.0285
v  0.0084 -0.0017 -0.0285
v  0.0084 -0.0032 -0.0283
v  0.0084 -0.0034 -0.0283
v  0.0084 -0.0043 -0.0282
v  0.0084 -0.0050 -0.0281
v  0.0084 -0.0065 -0.0278
v  0.0084 -0.0066 -0.0277
v  0.0084 -0.0083 -0.0273
v  0.0084 -0.0094 -0.0269
v  0.0084 -0.0109 -0.0264
v  0.0083 -0.0123 -0.0258
v  0.0083 -0.0128 -0.0256
v  0.0083 -0.0138 -0.0251
v  0.0083 -0.0150 -0.0244
v  0.0083 -0.0165 -0.0235
v  0.0083 -0.0166 -0.0234
v  0.0084 -0.0179 -0.0225
v  0.0083 -0.0170 -0.0231
v  0.0087 -0.0194 -0.0213
v  0.0085 -0.0187 -0.0219
v  0.0017 -0.0198 -0.0209
v  0.0018 -0.0207 -0.0200
v  0.0098 -0.0212 -0.0196
v  0.0095 -0.0209 -0.0199
v  0.0093 -0.0207 -0.0201
v  0.0090 -0.0201 -0.0207
v  0.0018 -0.0223 -0.0184
v  0.0108 -0.0221 -0.0186
v  0.0103 -0.0217 -0.0191
v  0.0018 -0.0218 -0.0189
v  0.0129 -0.0231 -0.0174
v  0.0121 -0.0228 -0.0178
v  0.0114 -0.0225 -0.0182
v  0.0018 -0.0228 -0.0177
v  0.0111 -0.0217 -0.0204
v  0.0130 -0.0230 -0.0190
v  0.0123 -0.0226 -0.0194
v  0.0116 -0.0222 -0.0199
v  0.0404 -0.0258 0.0159
v  0.0381 -0.0259 0.0160
v  0.0404 -0.0270 0.0138
v  0.0404 -0.0280 0.0116
v  0.0405 -0.0289 0.0093
v  0.0405 -0.0295 0.0070
v  0.0405 -0.0300 0.0047
v  0.0405 -0.0302 0.0023
v  0.0405 -0.0303 -0.0001
v  0.0405 -0.0302 -0.0024
v  0.0405 -0.0300 -0.0048
v  0.0405 -0.0288 -0.0094
v  0.0404 -0.0280 -0.0117
v  0.0404 -0.0270 -0.0138
v  0.0404 -0.0258 -0.0159
v  0.0381 -0.0259 -0.0160
v  0.0381 -0.0271 -0.0139
v  0.0382 -0.0281 -0.0118
v  0.0381 -0.0271 0.0139
v  0.0383 -0.0303 -0.0025
v  0.0383 -0.0301 -0.0048
v  0.0383 -0.0304 -0.0001
v  0.0383 -0.0303 0.0023
v  0.0383 -0.0301 0.0047
v  0.0383 -0.0296 0.0071
v  0.0382 -0.0289 0.0094
v  0.0382 -0.0281 0.0117
v  0.0382 -0.0289 -0.0095
v  0.0383 -0.0296 -0.0072
v  0.0120 -0.0220 0.0179
v  0.0113 -0.0216 0.0183
v  0.0113 -0.0213 0.0183
v  0.0120 -0.0217 0.0179
v  0.0100 -0.0197 0.0197
v  0.0102 -0.0201 0.0193
v  0.0100 -0.0205 0.0195
v  0.0099 -0.0194 0.0198
v  0.0096 -0.0187 0.0204
v  0.0094 -0.0177 0.0211
v  0.0094 -0.0180 0.0209
v  0.0106 -0.0211 0.0189
v  0.0107 -0.0208 0.0188
v  0.0139 -0.0227 0.0171
v  0.0131 -0.0225 0.0173
v  0.0125 -0.0222 0.0176
v  0.0173 -0.0232 0.0165
v  0.0164 -0.0232 0.0166
v  0.0158 -0.0231 0.0167
v  0.0148 -0.0230 0.0168
v  0.0149 -0.0228 0.0168
v  0.0140 -0.0226 0.0171
v  0.0132 -0.0223 0.0173
v  0.0125 -0.0220 0.0176
v  0.0106 -0.0211 -0.0189
v  0.0113 -0.0216 -0.0183
v  0.0111 -0.0212 -0.0185
v  0.0120 -0.0220 -0.0179
v  0.0114 -0.0215 -0.0182
v  0.0100 -0.0205 -0.0195
v  0.0099 -0.0195 -0.0198
v  0.0094 -0.0180 -0.0209
v  0.0094 -0.0177 -0.0211
v  0.0096 -0.0188 -0.0203
v  0.0103 -0.0202 -0.0192
v  0.0108 -0.0209 -0.0187
v  0.0183 0.0210 0.0180
v  0.0178 0.0210 0.0180
v  0.0173 0.0210 0.0165
v  0.0183 0.0210 0.0165
v  0.0168 0.0210 0.0180
v  0.0166 0.0210 0.0166
v  0.0157 0.0209 0.0167
v  0.0165 0.0210 0.0166
v  0.0165 0.0210 0.0181
v  0.0160 0.0209 0.0182
v  0.0166 0.0210 0.0181
v  0.0153 0.0208 0.0183
v  0.0146 0.0207 0.0186
v  0.0150 0.0208 0.0169
v  0.0143 0.0206 0.0171
v  0.0145 0.0210 0.0170
v  0.0140 0.0205 0.0189
v  0.0141 0.0206 0.0172
v  0.0137 0.0204 0.0191
v  0.0135 0.0203 0.0175
v  0.0133 0.0203 0.0193
v  0.0130 0.0202 0.0195
v  0.0125 0.0199 0.0200
v  0.0128 0.0201 0.0179
v  0.0119 0.0195 0.0205
v  0.0115 0.0192 0.0191
v  0.0119 0.0195 0.0186
v  0.0122 0.0197 0.0183
v  0.0157 0.0231 0.0167
v  0.0164 0.0232 0.0166
v  0.0164 0.0212 0.0166
v  0.0160 0.0212 0.0166
v  0.0170 0.0212 0.0165
v  0.0171 0.0232 0.0165
v  0.0182 0.0232 0.0165
v  0.0182 0.0225 0.0165
v  0.0102 0.0185 0.0203
v  0.0101 0.0182 0.0205
v  0.0093 0.0193 0.0210
v  0.0100 0.0180 0.0208
v  0.0090 0.0186 0.0216
v  0.0099 0.0179 0.0209
v  0.0097 0.0173 0.0213
v  0.0088 0.0183 0.0219
v  0.0087 0.0179 0.0222
v  0.0096 0.0199 0.0204
v  0.0104 0.0188 0.0200
v  0.0107 0.0191 0.0197
v  0.0098 0.0202 0.0201
v  0.0099 0.0204 0.0199
v  0.0109 0.0193 0.0195
v  0.0101 0.0205 0.0198
v  0.0113 0.0198 0.0190
v  0.0106 0.0211 0.0192
v  0.0112 0.0215 0.0187
v  0.0119 0.0201 0.0185
v  0.0117 0.0218 0.0183
v  0.0123 0.0204 0.0181
v  0.0118 0.0219 0.0182
v  0.0124 0.0204 0.0181
v  0.0124 0.0222 0.0178
v  0.0130 0.0207 0.0177
v  0.0129 0.0224 0.0176
v  0.0135 0.0208 0.0174
v  0.0131 0.0225 0.0174
v  0.0137 0.0209 0.0173
v  0.0133 0.0226 0.0174
v  0.0139 0.0228 0.0171
v  0.0148 0.0230 0.0169
v  0.0152 0.0211 0.0168
v  0.0159 0.0212 0.0166
v  0.0087 0.0178 0.0223
v  0.0095 0.0166 0.0219
v  0.0095 0.0164 0.0220
v  0.0086 0.0173 0.0227
v  0.0007 0.0267 0.0130
v  0.0008 0.0269 0.0127
v  0.0007 0.0274 0.0115
v  -0.0000 0.0262 0.0125
v  -0.0000 0.0012 0.0290
v  0.0007 0.0012 0.0297
v  0.0007 0.0095 0.0282
v  -0.0000 0.0084 0.0278
v  0.0007 0.0079 0.0286
v  0.0008 0.0086 0.0285
v  -0.0000 0.0056 0.0284
v  0.0007 0.0062 0.0290
v  0.0007 0.0046 0.0294
v  0.0008 0.0058 0.0292
v  0.0000 0.0031 0.0288
v  0.0007 0.0029 0.0296
v  0.0007 0.0141 0.0262
v  0.0000 0.0137 0.0255
v  0.0000 0.0112 0.0267
v  0.0007 0.0126 0.0269
v  0.0007 0.0110 0.0276
v  0.0008 0.0114 0.0275
v  0.0007 0.0220 0.0200
v  -0.0000 0.0208 0.0202
v  0.0007 0.0208 0.0212
v  0.0000 0.0186 0.0222
v  0.0007 0.0196 0.0223
v  0.0007 0.0183 0.0234
v  0.0008 0.0189 0.0230
v  0.0000 0.0163 0.0240
v  0.0007 0.0170 0.0244
v  0.0007 0.0156 0.0253
v  0.0008 0.0165 0.0248
v  0.0007 0.0231 0.0187
v  -0.0000 0.0234 0.0171
v  -0.0000 0.0248 0.0150
v  0.0007 0.0259 0.0145
v  0.0007 0.0251 0.0159
v  0.0007 0.0295 0.0034
v  0.0000 0.0289 0.0022
v  0.0000 0.0286 0.0045
v  0.0007 0.0293 0.0050
v  -0.0000 0.0282 0.0066
v  0.0007 0.0289 0.0067
v  0.0000 0.0280 0.0077
v  0.0007 0.0285 0.0083
v  0.0008 0.0289 0.0072
v  -0.0000 0.0275 0.0093
v  0.0007 0.0280 0.0099
v  0.0000 0.0271 0.0104
v  0.0008 0.0280 0.0100
v  0.0007 0.0297 0.0017
v  0.0007 0.0297 0.0000
v  -0.0000 0.0290 0.0000
v  0.0090 0.0054 0.0295
v  0.0090 0.0041 0.0297
v  0.0100 0.0042 0.0287
v  0.0090 0.0027 0.0299
v  0.0100 0.0026 0.0289
v  0.0090 0.0022 0.0299
v  0.0100 0.0010 0.0290
v  0.0100 0.0059 0.0284
v  0.0090 0.0056 0.0295
v  0.0090 0.0068 0.0292
v  0.0100 0.0074 0.0280
v  0.0090 0.0081 0.0289
v  0.0090 0.0090 0.0286
v  0.0100 0.0090 0.0276
v  0.0090 0.0094 0.0285
v  0.0100 0.0106 0.0270
v  0.0090 0.0107 0.0280
v  0.0090 0.0120 0.0275
v  0.0100 0.0121 0.0264
v  0.0090 0.0122 0.0274
v  0.0100 0.0136 0.0256
v  0.0090 0.0144 0.0263
v  0.0090 0.0150 0.0260
v  0.0008 0.0015 0.0297
v  0.0008 0.0029 0.0296
v  0.0008 0.0044 0.0294
v  0.0009 0.0058 0.0293
v  0.0008 0.0072 0.0289
v  0.0009 0.0087 0.0285
v  0.0009 0.0100 0.0281
v  0.0008 0.0100 0.0280
v  0.0009 0.0114 0.0276
v  0.0009 0.0128 0.0270
v  0.0008 0.0127 0.0269
v  0.0008 0.0140 0.0263
v  0.0009 0.0153 0.0256
v  0.0008 0.0153 0.0255
v  0.0008 0.0177 0.0239
v  0.0009 0.0189 0.0231
v  0.0009 0.0200 0.0221
v  0.0008 0.0200 0.0221
v  0.0008 0.0211 0.0211
v  0.0008 0.0221 0.0200
v  0.0008 0.0230 0.0189
v  0.0008 0.0239 0.0177
v  0.0007 0.0241 0.0173
v  0.0009 0.0248 0.0166
v  0.0008 0.0248 0.0165
v  0.0009 0.0256 0.0153
v  0.0008 0.0255 0.0153
v  0.0009 0.0263 0.0141
v  0.0008 0.0263 0.0140
v  0.0009 0.0270 0.0128
v  0.0008 0.0297 0.0015
v  0.0008 0.0296 0.0029
v  0.0008 0.0294 0.0044
v  0.0009 0.0297 0.0029
v  0.0008 0.0292 0.0058
v  0.0008 0.0285 0.0086
v  0.0009 0.0289 0.0072
v  0.0008 0.0275 0.0114
v  0.0009 0.0276 0.0114
v  0.0013 0.0300 0.0015
v  0.0013 0.0299 0.0029
v  0.0014 0.0299 0.0029
v  0.0014 0.0300 0.0015
v  0.0014 0.0292 0.0069
v  0.0014 0.0294 0.0059
v  0.0013 0.0294 0.0059
v  0.0013 0.0291 0.0073
v  0.0014 0.0297 0.0044
v  0.0013 0.0297 0.0044
v  0.0014 0.0298 0.0034
v  0.0013 0.0265 0.0141
v  0.0014 0.0269 0.0133
v  0.0013 0.0271 0.0128
v  0.0012 0.0264 0.0141
v  0.0014 0.0271 0.0128
v  0.0014 0.0277 0.0115
v  0.0013 0.0277 0.0115
v  0.0014 0.0282 0.0101
v  0.0013 0.0282 0.0101
v  0.0013 0.0287 0.0087
v  0.0014 0.0287 0.0087
v  0.0014 0.0291 0.0073
v  0.0013 0.0249 0.0167
v  0.0014 0.0252 0.0163
v  0.0013 0.0257 0.0154
v  0.0012 0.0249 0.0167
v  0.0334 0.0258 0.0153
v  0.0014 0.0257 0.0154
v  0.0014 0.0265 0.0141
v  0.0013 0.0241 0.0179
v  0.0013 0.0232 0.0190
v  0.0014 0.0232 0.0190
v  0.0014 0.0241 0.0179
v  0.0014 0.0249 0.0167
v  0.0013 0.0212 0.0212
v  0.0014 0.0208 0.0217
v  0.0014 0.0212 0.0212
v  0.0014 0.0222 0.0201
v  0.0013 0.0222 0.0201
v  0.0014 0.0231 0.0191
v  0.0013 0.0179 0.0241
v  0.0014 0.0181 0.0239
v  0.0013 0.0190 0.0232
v  0.0012 0.0179 0.0241
v  0.0014 0.0190 0.0232
v  0.0014 0.0201 0.0222
v  0.0013 0.0201 0.0222
v  0.0014 0.0154 0.0257
v  0.0014 0.0167 0.0249
v  0.0013 0.0167 0.0249
v  0.0013 0.0154 0.0257
v  0.0014 0.0179 0.0241
v  0.0013 0.0115 0.0277
v  0.0014 0.0122 0.0274
v  0.0013 0.0128 0.0271
v  0.0012 0.0115 0.0277
v  0.0014 0.0128 0.0271
v  0.0013 0.0141 0.0265
v  0.0014 0.0141 0.0265
v  0.0014 0.0153 0.0258
v  0.0013 0.0087 0.0287
v  0.0014 0.0090 0.0286
v  0.0013 0.0101 0.0282
v  0.0012 0.0087 0.0287
v  0.0014 0.0101 0.0282
v  0.0014 0.0115 0.0277
v  0.0013 0.0073 0.0291
v  0.0013 0.0059 0.0294
v  0.0014 0.0059 0.0294
v  0.0014 0.0073 0.0291
v  0.0014 0.0087 0.0287
v  0.0013 0.0015 0.0300
v  0.0014 0.0015 0.0300
v  0.0013 0.0029 0.0299
v  0.0014 0.0029 0.0299
v  0.0014 0.0044 0.0297
v  0.0013 0.0044 0.0297
v  0.0014 0.0056 0.0295
v  0.0013 0.0300 0.0000
v  0.0014 0.0300 0.0000
v  0.0012 0.0015 0.0299
v  0.0012 0.0029 0.0298
v  0.0012 0.0044 0.0297
v  0.0012 0.0058 0.0294
v  0.0012 0.0073 0.0291
v  0.0012 0.0101 0.0282
v  0.0012 0.0128 0.0271
v  0.0012 0.0141 0.0264
v  0.0012 0.0154 0.0257
v  0.0012 0.0167 0.0249
v  0.0012 0.0190 0.0232
v  0.0012 0.0201 0.0222
v  0.0012 0.0212 0.0212
v  0.0012 0.0222 0.0201
v  0.0012 0.0232 0.0190
v  0.0012 0.0241 0.0179
v  0.0012 0.0257 0.0154
v  0.0012 0.0271 0.0128
v  0.0012 0.0277 0.0115
v  0.0012 0.0282 0.0101
v  0.0012 0.0287 0.0087
v  0.0012 0.0291 0.0073
v  0.0012 0.0294 0.0058
v  0.0012 0.0297 0.0044
v  0.0012 0.0298 0.0029
v  0.0012 0.0299 0.0015
v  0.0012 0.0300 0.0000
v  0.0011 0.0300 0.0000
v  0.0011 0.0299 0.0015
v  0.0011 0.0015 0.0299
v  0.0011 0.0029 0.0298
v  0.0011 0.0044 0.0296
v  0.0011 0.0058 0.0294
v  0.0011 0.0073 0.0291
v  0.0011 0.0087 0.0287
v  0.0011 0.0101 0.0282
v  0.0011 0.0115 0.0277
v  0.0011 0.0128 0.0271
v  0.0011 0.0141 0.0264
v  0.0011 0.0154 0.0257
v  0.0011 0.0166 0.0249
v  0.0011 0.0178 0.0241
v  0.0011 0.0190 0.0232
v  0.0011 0.0201 0.0222
v  0.0011 0.0212 0.0212
v  0.0011 0.0222 0.0201
v  0.0011 0.0232 0.0190
v  0.0011 0.0241 0.0178
v  0.0011 0.0249 0.0166
v  0.0011 0.0257 0.0154
v  0.0011 0.0264 0.0141
v  0.0011 0.0271 0.0128
v  0.0011 0.0277 0.0115
v  0.0011 0.0282 0.0101
v  0.0011 0.0287 0.0087
v  0.0011 0.0291 0.0073
v  0.0011 0.0294 0.0058
v  0.0011 0.0296 0.0044
v  0.0011 0.0298 0.0029
v  0.0010 0.0299 0.0000
v  0.0010 0.0299 0.0015
v  0.0009 0.0298 0.0015
v  0.0010 0.0298 0.0029
v  0.0009 0.0296 0.0044
v  0.0010 0.0296 0.0044
v  0.0009 0.0293 0.0058
v  0.0010 0.0293 0.0058
v  0.0009 0.0290 0.0073
v  0.0010 0.0290 0.0073
v  0.0009 0.0286 0.0087
v  0.0010 0.0286 0.0087
v  0.0009 0.0281 0.0101
v  0.0010 0.0282 0.0101
v  0.0010 0.0276 0.0115
v  0.0010 0.0271 0.0128
v  0.0009 0.0264 0.0141
v  0.0010 0.0264 0.0141
v  0.0009 0.0256 0.0154
v  0.0010 0.0257 0.0154
v  0.0010 0.0249 0.0166
v  0.0009 0.0240 0.0178
v  0.0010 0.0240 0.0178
v  0.0009 0.0231 0.0190
v  0.0010 0.0231 0.0190
v  0.0009 0.0221 0.0201
v  0.0010 0.0222 0.0201
v  0.0009 0.0211 0.0211
v  0.0010 0.0212 0.0212
v  0.0009 0.0201 0.0221
v  0.0010 0.0201 0.0222
v  0.0009 0.0190 0.0231
v  0.0010 0.0190 0.0231
v  0.0009 0.0178 0.0240
v  0.0010 0.0178 0.0240
v  0.0009 0.0166 0.0248
v  0.0010 0.0166 0.0249
v  0.0009 0.0154 0.0256
v  0.0010 0.0154 0.0257
v  0.0009 0.0141 0.0264
v  0.0010 0.0141 0.0264
v  0.0010 0.0128 0.0270
v  0.0010 0.0115 0.0276
v  0.0009 0.0101 0.0281
v  0.0010 0.0101 0.0282
v  0.0009 0.0087 0.0286
v  0.0010 0.0087 0.0286
v  0.0009 0.0073 0.0290
v  0.0010 0.0073 0.0290
v  0.0010 0.0058 0.0293
v  0.0009 0.0044 0.0296
v  0.0010 0.0044 0.0296
v  0.0009 0.0029 0.0297
v  0.0010 0.0029 0.0298
v  0.0009 0.0015 0.0298
v  0.0010 0.0015 0.0299
v  0.0008 0.0298 0.0000
v  0.0009 0.0295 0.0044
v  0.0009 0.0285 0.0087
v  0.0009 0.0281 0.0100
v  0.0009 0.0231 0.0189
v  0.0009 0.0221 0.0200
v  0.0009 0.0141 0.0263
v  0.0009 0.0072 0.0289
v  0.0009 0.0044 0.0295
v  0.0100 0.0152 0.0247
v  0.0090 0.0162 0.0252
v  0.0091 0.0168 0.0249
v  0.0100 0.0160 0.0241
v  0.0101 0.0164 0.0239
v  0.0102 0.0170 0.0234
v  0.0091 0.0174 0.0245
v  0.0093 0.0181 0.0239
v  0.0104 0.0176 0.0228
v  0.0093 0.0183 0.0238
v  0.0095 0.0192 0.0231
v  0.0106 0.0181 0.0223
v  0.0107 0.0182 0.0222
v  0.0106 0.0213 0.0211
v  0.0102 0.0208 0.0217
v  0.0114 0.0191 0.0210
v  0.0102 0.0207 0.0218
v  0.0098 0.0200 0.0224
v  0.0110 0.0187 0.0216
v  0.0110 0.0218 0.0206
v  0.0142 0.0235 0.0186
v  0.0135 0.0233 0.0189
v  0.0130 0.0231 0.0191
v  0.0128 0.0230 0.0192
v  0.0121 0.0227 0.0197
v  0.0115 0.0222 0.0201
v  0.0114 0.0222 0.0202
v  0.0167 0.0240 0.0181
v  0.0161 0.0239 0.0181
v  0.0158 0.0239 0.0182
v  0.0150 0.0237 0.0184
v  0.0177 0.0240 0.0180
v  0.0183 0.0240 0.0180
v  0.0094 0.0150 0.0230
v  0.0094 0.0147 0.0232
v  0.0084 0.0152 0.0241
v  0.0084 0.0151 0.0242
v  0.0094 0.0143 0.0235
v  0.0084 0.0140 0.0248
v  0.0094 0.0128 0.0243
v  0.0084 0.0133 0.0252
v  0.0094 0.0159 0.0224
v  0.0085 0.0162 0.0234
v  0.0110 0.0187 0.0196
v  0.0110 0.0186 0.0198
v  0.0106 0.0182 0.0203
v  0.0104 0.0177 0.0208
v  0.0102 0.0171 0.0214
v  0.0104 0.0176 0.0209
v  0.0100 0.0150 0.0230
v  0.0100 0.0155 0.0227
v  0.0101 0.0163 0.0221
v  0.0102 0.0170 0.0215
v  0.0105 0.0184 0.0202
v  0.0101 0.0178 0.0208
v  0.0100 0.0175 0.0211
v  0.0098 0.0171 0.0214
v  0.0114 0.0194 0.0190
v  0.0109 0.0189 0.0196
v  0.0107 0.0187 0.0199
v  -0.0000 0.0079 -0.0279
v  0.0000 0.0060 -0.0284
v  0.0000 0.0088 -0.0276
v  -0.0000 0.0052 -0.0285
v  -0.0000 0.0031 -0.0288
v  -0.0000 0.0158 -0.0243
v  -0.0000 0.0146 -0.0251
v  -0.0000 0.0133 -0.0258
v  -0.0000 0.0106 -0.0270
v  -0.0000 0.0012 -0.0290
v  -0.0000 0.0243 -0.0159
v  -0.0000 0.0225 -0.0183
v  0.0000 0.0289 -0.0024
v  0.0000 0.0286 -0.0050
v  -0.0000 0.0205 -0.0205
v  -0.0000 0.0275 -0.0093
v  -0.0000 0.0282 -0.0066
v  -0.0000 0.0264 -0.0120
v  -0.0000 0.0189 -0.0220
v  -0.0000 0.0171 -0.0234
v  -0.0000 0.0250 -0.0146
v  0.0015 0.0023 0.0284
v  0.0084 0.0024 0.0284
v  0.0015 0.0057 0.0279
v  0.0084 0.0054 0.0280
v  0.0084 0.0057 0.0279
v  0.0084 0.0083 0.0273
v  0.0015 0.0090 0.0271
v  0.0084 0.0090 0.0271
v  0.0084 0.0112 0.0262
v  0.0015 0.0121 0.0258
v  0.0015 0.0151 0.0242
v  0.0084 0.0121 0.0258
v  0.0015 0.0179 0.0222
v  0.0015 0.0204 0.0199
v  0.0015 0.0226 0.0174
v  0.0015 0.0245 0.0146
v  0.0195 0.0232 0.0165
v  0.0380 0.0232 0.0165
v  0.0380 0.0239 0.0156
v  0.0380 0.0245 0.0146
v  0.0380 0.0262 0.0112
v  0.0385 0.0264 0.0107
v  0.0380 0.0261 0.0115
v  0.0015 0.0261 0.0115
v  0.0380 0.0255 0.0127
v  0.0380 0.0247 0.0142
v  0.0015 0.0272 0.0084
v  0.0380 0.0268 0.0097
v  0.0380 0.0280 0.0051
v  0.0380 0.0277 0.0065
v  0.0015 0.0280 0.0051
v  0.0380 0.0281 0.0049
v  0.0380 0.0273 0.0081
v  0.0380 0.0283 0.0033
v  0.0015 0.0284 0.0017
v  0.0380 0.0285 0.0016
v  0.0380 0.0285 0.0000
v  0.0015 0.0284 -0.0017
v  0.0380 0.0285 -0.0011
v  0.0015 0.0280 -0.0051
v  0.0380 0.0282 -0.0044
v  0.0380 0.0284 -0.0027
v  0.0381 0.0284 -0.0022
v  0.0380 0.0280 -0.0051
v  0.0380 0.0279 -0.0060
v  0.0015 0.0272 -0.0084
v  0.0380 0.0275 -0.0076
v  0.0380 0.0261 -0.0115
v  0.0380 0.0264 -0.0107
v  0.0015 0.0261 -0.0115
v  0.0380 0.0257 -0.0122
v  0.0380 0.0270 -0.0092
v  0.0015 0.0245 -0.0146
v  0.0380 0.0250 -0.0137
v  0.0145 0.0229 -0.0170
v  0.0153 0.0231 -0.0168
v  0.0157 0.0231 -0.0167
v  0.0168 0.0232 -0.0165
v  0.0170 0.0232 -0.0165
v  0.0179 0.0232 -0.0165
v  0.0183 0.0232 -0.0165
v  0.0380 0.0245 -0.0146
v  0.0195 0.0232 -0.0165
v  0.0380 0.0242 -0.0151
v  0.0380 0.0232 -0.0165
v  0.0106 0.0211 -0.0192
v  0.0109 0.0213 -0.0189
v  0.0015 0.0226 -0.0174
v  0.0104 0.0208 -0.0194
v  0.0115 0.0218 -0.0184
v  0.0116 0.0218 -0.0183
v  0.0122 0.0221 -0.0180
v  0.0129 0.0224 -0.0176
v  0.0133 0.0226 -0.0174
v  0.0136 0.0227 -0.0172
v  0.0092 0.0193 -0.0210
v  0.0094 0.0196 -0.0206
v  0.0015 0.0204 -0.0199
v  0.0091 0.0189 -0.0213
v  0.0099 0.0203 -0.0200
v  0.0099 0.0204 -0.0199
v  0.0015 0.0179 -0.0222
v  0.0086 0.0173 -0.0227
v  0.0087 0.0179 -0.0222
v  0.0088 0.0181 -0.0220
v  0.0015 0.0151 -0.0242
v  0.0084 0.0145 -0.0245
v  0.0084 0.0151 -0.0242
v  0.0084 0.0156 -0.0239
v  0.0085 0.0163 -0.0234
v  0.0085 0.0167 -0.0231
v  0.0015 0.0121 -0.0258
v  0.0084 0.0122 -0.0257
v  0.0084 0.0133 -0.0252
v  0.0015 0.0090 -0.0271
v  0.0084 0.0088 -0.0271
v  0.0084 0.0094 -0.0269
v  0.0084 0.0108 -0.0264
v  0.0084 0.0049 -0.0281
v  0.0084 0.0057 -0.0279
v  0.0015 0.0057 -0.0279
v  0.0084 0.0041 -0.0282
v  0.0084 0.0065 -0.0277
v  0.0084 0.0079 -0.0274
v  0.0084 0.0016 -0.0285
v  0.0015 0.0023 -0.0284
v  0.0084 0.0033 -0.0283
v  0.0170 0.0210 -0.0180
v  0.0183 0.0210 -0.0180
v  0.0182 0.0210 -0.0172
v  0.0179 0.0210 -0.0165
v  0.0168 0.0210 -0.0165
v  0.0160 0.0209 -0.0166
v  0.0163 0.0209 -0.0181
v  0.0158 0.0209 -0.0182
v  0.0157 0.0209 -0.0167
v  0.0155 0.0209 -0.0183
v  0.0151 0.0208 -0.0168
v  0.0148 0.0207 -0.0185
v  0.0144 0.0206 -0.0171
v  0.0141 0.0206 -0.0172
v  0.0141 0.0206 -0.0188
v  0.0136 0.0204 -0.0174
v  0.0135 0.0203 -0.0192
v  0.0130 0.0202 -0.0178
v  0.0119 0.0195 -0.0186
v  0.0122 0.0197 -0.0202
v  0.0127 0.0200 -0.0198
v  0.0124 0.0199 -0.0182
v  0.0128 0.0201 -0.0197
v  0.0182 0.0213 -0.0165
v  0.0170 0.0211 -0.0165
v  0.0183 0.0210 -0.0165
v  0.0161 0.0212 -0.0166
v  0.0095 0.0166 -0.0219
v  0.0096 0.0169 -0.0216
v  0.0098 0.0176 -0.0211
v  0.0099 0.0179 -0.0209
v  0.0101 0.0182 -0.0205
v  0.0102 0.0184 -0.0204
v  0.0102 0.0185 -0.0203
v  0.0105 0.0189 -0.0199
v  0.0107 0.0191 -0.0197
v  0.0110 0.0195 -0.0193
v  0.0112 0.0196 -0.0191
v  0.0115 0.0199 -0.0188
v  0.0120 0.0202 -0.0183
v  0.0139 0.0209 -0.0172
v  0.0147 0.0211 -0.0169
v  0.0132 0.0207 -0.0176
v  0.0126 0.0205 -0.0179
v  0.0123 0.0204 -0.0181
v  0.0155 0.0212 -0.0167
v  0.0153 0.0212 -0.0168
v  0.0007 0.0223 -0.0196
v  0.0007 0.0230 -0.0188
v  0.0007 0.0017 -0.0297
v  0.0008 0.0015 -0.0297
v  0.0007 0.0034 -0.0295
v  0.0007 0.0051 -0.0293
v  0.0007 0.0067 -0.0289
v  0.0008 0.0058 -0.0292
v  0.0007 0.0083 -0.0285
v  0.0007 0.0099 -0.0280
v  0.0008 0.0087 -0.0285
v  0.0007 0.0115 -0.0274
v  0.0007 0.0130 -0.0267
v  0.0007 0.0145 -0.0259
v  0.0007 0.0174 -0.0241
v  0.0008 0.0166 -0.0247
v  0.0007 0.0160 -0.0250
v  0.0007 0.0187 -0.0231
v  0.0007 0.0200 -0.0220
v  0.0007 0.0209 -0.0211
v  0.0007 0.0212 -0.0208
v  0.0007 0.0244 -0.0169
v  0.0007 0.0239 -0.0176
v  0.0008 0.0240 -0.0176
v  0.0007 0.0253 -0.0155
v  0.0007 0.0248 -0.0163
v  0.0007 0.0262 -0.0141
v  0.0007 0.0269 -0.0126
v  0.0007 0.0276 -0.0110
v  0.0007 0.0282 -0.0094
v  0.0008 0.0281 -0.0098
v  0.0007 0.0291 -0.0062
v  0.0007 0.0294 -0.0045
v  0.0008 0.0292 -0.0056
v  0.0007 0.0294 -0.0041
v  0.0007 0.0296 -0.0029
v  0.0007 0.0297 -0.0012
v  0.0095 0.0150 -0.0254
v  0.0100 0.0150 -0.0248
v  0.0100 0.0144 -0.0251
v  0.0090 0.0150 -0.0260
v  0.0100 0.0130 -0.0259
v  0.0090 0.0132 -0.0269
v  0.0090 0.0122 -0.0274
v  0.0100 0.0114 -0.0267
v  0.0090 0.0120 -0.0275
v  0.0100 0.0099 -0.0273
v  0.0090 0.0107 -0.0280
v  0.0090 0.0094 -0.0285
v  0.0100 0.0082 -0.0278
v  0.0090 0.0090 -0.0286
v  0.0100 0.0066 -0.0282
v  0.0090 0.0068 -0.0292
v  0.0100 0.0050 -0.0286
v  0.0090 0.0056 -0.0295
v  0.0090 0.0054 -0.0295
v  0.0100 0.0033 -0.0288
v  0.0090 0.0041 -0.0297
v  0.0090 0.0027 -0.0299
v  0.0100 0.0017 -0.0290
v  0.0090 0.0022 -0.0299
v  0.0014 0.0282 -0.0102
v  0.0014 0.0278 -0.0113
v  0.0013 0.0278 -0.0113
v  0.0014 0.0269 -0.0133
v  0.0334 0.0269 -0.0133
v  0.0014 0.0265 -0.0140
v  0.0013 0.0265 -0.0140
v  0.0014 0.0208 -0.0217
v  0.0014 0.0202 -0.0221
v  0.0013 0.0202 -0.0221
v  0.0010 0.0299 -0.0012
v  0.0011 0.0299 -0.0012
v  0.0008 0.0029 -0.0296
v  0.0008 0.0044 -0.0294
v  0.0008 0.0073 -0.0289
v  0.0008 0.0101 -0.0280
v  0.0008 0.0115 -0.0275
v  0.0013 0.0015 -0.0300
v  0.0014 0.0015 -0.0300
v  0.0013 0.0030 -0.0298
v  0.0014 0.0030 -0.0299
v  0.0013 0.0044 -0.0297
v  0.0014 0.0044 -0.0297
v  0.0014 0.0056 -0.0295
v  0.0013 0.0059 -0.0294
v  0.0014 0.0059 -0.0294
v  0.0013 0.0073 -0.0291
v  0.0014 0.0073 -0.0291
v  0.0013 0.0088 -0.0287
v  0.0014 0.0088 -0.0287
v  0.0009 0.0015 -0.0298
v  0.0009 0.0029 -0.0297
v  0.0009 0.0044 -0.0295
v  0.0009 0.0059 -0.0292
v  0.0009 0.0073 -0.0289
v  0.0009 0.0087 -0.0285
v  0.0009 0.0101 -0.0281
v  0.0009 0.0044 -0.0296
v  0.0009 0.0059 -0.0293
v  0.0009 0.0073 -0.0290
v  0.0009 0.0087 -0.0286
v  0.0010 0.0015 -0.0299
v  0.0010 0.0030 -0.0298
v  0.0010 0.0044 -0.0296
v  0.0010 0.0059 -0.0293
v  0.0010 0.0073 -0.0290
v  0.0010 0.0087 -0.0286
v  0.0010 0.0101 -0.0282
v  0.0011 0.0015 -0.0299
v  0.0011 0.0030 -0.0298
v  0.0011 0.0044 -0.0296
v  0.0011 0.0059 -0.0294
v  0.0011 0.0073 -0.0290
v  0.0011 0.0087 -0.0287
v  0.0011 0.0102 -0.0282
v  0.0012 0.0015 -0.0299
v  0.0012 0.0030 -0.0298
v  0.0012 0.0044 -0.0297
v  0.0012 0.0059 -0.0294
v  0.0012 0.0073 -0.0291
v  0.0012 0.0088 -0.0287
v  0.0012 0.0102 -0.0282
v  0.0013 0.0102 -0.0282
v  0.0009 0.0115 -0.0275
v  0.0009 0.0115 -0.0276
v  0.0010 0.0115 -0.0276
v  0.0011 0.0115 -0.0277
v  0.0012 0.0115 -0.0277
v  0.0013 0.0115 -0.0277
v  0.0014 0.0115 -0.0277
v  0.0014 0.0102 -0.0282
v  0.0014 0.0090 -0.0286
v  0.0013 0.0129 -0.0271
v  0.0014 0.0129 -0.0271
v  0.0014 0.0142 -0.0264
v  0.0013 0.0155 -0.0257
v  0.0013 0.0142 -0.0264
v  0.0012 0.0142 -0.0264
v  0.0012 0.0129 -0.0271
v  0.0011 0.0129 -0.0270
v  0.0011 0.0142 -0.0264
v  0.0013 0.0168 -0.0249
v  0.0014 0.0168 -0.0249
v  0.0014 0.0155 -0.0257
v  0.0012 0.0155 -0.0257
v  0.0011 0.0155 -0.0256
v  0.0010 0.0129 -0.0270
v  0.0010 0.0142 -0.0263
v  0.0013 0.0180 -0.0240
v  0.0012 0.0167 -0.0249
v  0.0012 0.0180 -0.0240
v  0.0011 0.0167 -0.0248
v  0.0011 0.0179 -0.0240
v  0.0010 0.0155 -0.0256
v  0.0009 0.0128 -0.0270
v  0.0009 0.0142 -0.0263
v  0.0009 0.0128 -0.0269
v  0.0009 0.0141 -0.0263
v  0.0014 0.0180 -0.0240
v  0.0014 0.0191 -0.0231
v  0.0013 0.0191 -0.0231
v  0.0012 0.0191 -0.0231
v  0.0012 0.0202 -0.0221
v  0.0011 0.0191 -0.0231
v  0.0010 0.0167 -0.0248
v  0.0009 0.0154 -0.0256
v  0.0009 0.0154 -0.0255
v  0.0008 0.0128 -0.0269
v  0.0008 0.0141 -0.0262
v  0.0009 0.0167 -0.0248
v  0.0010 0.0179 -0.0240
v  0.0010 0.0191 -0.0231
v  0.0013 0.0213 -0.0211
v  0.0014 0.0213 -0.0211
v  0.0013 0.0223 -0.0200
v  0.0014 0.0223 -0.0200
v  0.0012 0.0213 -0.0211
v  0.0011 0.0202 -0.0221
v  0.0011 0.0213 -0.0211
v  0.0009 0.0179 -0.0239
v  0.0009 0.0167 -0.0247
v  0.0008 0.0154 -0.0255
v  0.0014 0.0233 -0.0189
v  0.0014 0.0231 -0.0191
v  0.0013 0.0233 -0.0189
v  0.0012 0.0223 -0.0200
v  0.0010 0.0202 -0.0221
v  0.0010 0.0213 -0.0211
v  0.0009 0.0191 -0.0230
v  0.0009 0.0202 -0.0221
v  0.0009 0.0190 -0.0230
v  0.0013 0.0242 -0.0177
v  0.0014 0.0242 -0.0177
v  0.0012 0.0233 -0.0189
v  0.0012 0.0242 -0.0177
v  0.0011 0.0223 -0.0200
v  0.0011 0.0233 -0.0189
v  0.0008 0.0178 -0.0238
v  0.0013 0.0258 -0.0153
v  0.0013 0.0250 -0.0165
v  0.0012 0.0250 -0.0165
v  0.0012 0.0258 -0.0153
v  0.0010 0.0223 -0.0200
v  0.0010 0.0232 -0.0189
v  0.0009 0.0212 -0.0210
v  0.0009 0.0222 -0.0200
v  0.0009 0.0222 -0.0199
v  0.0009 0.0201 -0.0220
v  0.0008 0.0190 -0.0229
v  0.0008 0.0201 -0.0220
v  0.0014 0.0250 -0.0165
v  0.0011 0.0242 -0.0177
v  0.0014 0.0258 -0.0153
v  0.0014 0.0252 -0.0163
v  0.0012 0.0265 -0.0140
v  0.0011 0.0250 -0.0165
v  0.0010 0.0241 -0.0177
v  0.0009 0.0232 -0.0188
v  0.0009 0.0241 -0.0177
v  0.0008 0.0212 -0.0210
v  0.0008 0.0222 -0.0199
v  0.0008 0.0231 -0.0188
v  0.0010 0.0250 -0.0165
v  0.0010 0.0258 -0.0152
v  0.0011 0.0258 -0.0152
v  0.0011 0.0265 -0.0140
v  0.0013 0.0272 -0.0126
v  0.0014 0.0272 -0.0126
v  0.0012 0.0272 -0.0126
v  0.0012 0.0278 -0.0113
v  0.0009 0.0249 -0.0165
v  0.0009 0.0257 -0.0152
v  0.0009 0.0241 -0.0176
v  0.0014 0.0283 -0.0099
v  0.0334 0.0282 -0.0102
v  0.0013 0.0283 -0.0099
v  0.0011 0.0272 -0.0126
v  0.0010 0.0265 -0.0139
v  0.0010 0.0271 -0.0126
v  0.0009 0.0249 -0.0164
v  0.0013 0.0288 -0.0085
v  0.0014 0.0288 -0.0085
v  0.0012 0.0283 -0.0099
v  0.0012 0.0288 -0.0085
v  0.0011 0.0278 -0.0113
v  0.0011 0.0283 -0.0099
v  0.0010 0.0277 -0.0113
v  0.0009 0.0264 -0.0139
v  0.0009 0.0271 -0.0126
v  0.0008 0.0249 -0.0164
v  0.0008 0.0256 -0.0151
v  0.0008 0.0263 -0.0139
v  0.0011 0.0287 -0.0085
v  0.0013 0.0297 -0.0041
v  0.0013 0.0295 -0.0056
v  0.0012 0.0295 -0.0056
v  0.0012 0.0297 -0.0041
v  0.0013 0.0292 -0.0071
v  0.0012 0.0291 -0.0071
v  0.0011 0.0291 -0.0070
v  0.0011 0.0294 -0.0056
v  0.0010 0.0282 -0.0099
v  0.0010 0.0287 -0.0085
v  0.0009 0.0282 -0.0099
v  0.0009 0.0287 -0.0085
v  0.0009 0.0277 -0.0112
v  0.0009 0.0276 -0.0112
v  0.0009 0.0282 -0.0098
v  0.0008 0.0270 -0.0125
v  0.0008 0.0276 -0.0112
v  0.0014 0.0292 -0.0071
v  0.0014 0.0295 -0.0056
v  0.0014 0.0292 -0.0069
v  0.0014 0.0297 -0.0041
v  0.0014 0.0298 -0.0034
v  0.0009 0.0297 -0.0027
v  0.0009 0.0295 -0.0041
v  0.0008 0.0295 -0.0041
v  0.0009 0.0286 -0.0084
v  0.0009 0.0290 -0.0070
v  0.0010 0.0291 -0.0070
v  0.0010 0.0294 -0.0056
v  0.0011 0.0297 -0.0041
v  0.0013 0.0299 -0.0027
v  0.0014 0.0299 -0.0027
v  0.0008 0.0297 -0.0027
v  0.0008 0.0297 -0.0012
v  0.0009 0.0298 -0.0012
v  0.0009 0.0299 -0.0012
v  0.0009 0.0298 -0.0027
v  0.0007 0.0287 -0.0078
v  0.0008 0.0289 -0.0070
v  0.0009 0.0293 -0.0056
v  0.0009 0.0296 -0.0041
v  0.0010 0.0298 -0.0027
v  0.0008 0.0286 -0.0084
v  0.0009 0.0294 -0.0056
v  0.0010 0.0296 -0.0041
v  0.0011 0.0298 -0.0027
v  0.0012 0.0300 -0.0012
v  0.0012 0.0299 -0.0027
v  0.0013 0.0300 -0.0012
v  0.0014 0.0300 -0.0012
v  0.0090 0.0162 -0.0253
v  0.0090 0.0153 -0.0258
v  0.0091 0.0171 -0.0246
v  0.0101 0.0164 -0.0239
v  0.0100 0.0158 -0.0243
v  0.0093 0.0181 -0.0239
v  0.0102 0.0172 -0.0232
v  0.0102 0.0170 -0.0233
v  0.0101 0.0166 -0.0237
v  0.0099 0.0201 -0.0222
v  0.0099 0.0202 -0.0222
v  0.0111 0.0188 -0.0215
v  0.0110 0.0187 -0.0216
v  0.0107 0.0183 -0.0221
v  0.0096 0.0195 -0.0228
v  0.0096 0.0194 -0.0229
v  0.0107 0.0182 -0.0222
v  0.0094 0.0187 -0.0235
v  0.0104 0.0177 -0.0227
v  0.0104 0.0177 -0.0228
v  0.0102 0.0208 -0.0217
v  0.0115 0.0192 -0.0210
v  0.0103 0.0209 -0.0215
v  0.0107 0.0214 -0.0210
v  0.0119 0.0195 -0.0205
v  0.0111 0.0219 -0.0205
v  0.0114 0.0222 -0.0202
v  0.0116 0.0223 -0.0200
v  0.0122 0.0227 -0.0196
v  0.0128 0.0231 -0.0192
v  0.0135 0.0233 -0.0189
v  0.0183 0.0240 -0.0180
v  0.0178 0.0240 -0.0180
v  0.0168 0.0240 -0.0181
v  0.0158 0.0239 -0.0182
v  0.0150 0.0237 -0.0184
v  0.0142 0.0235 -0.0186
v  0.0140 0.0235 -0.0187
v  0.0094 0.0150 -0.0230
v  0.0094 0.0147 -0.0232
v  0.0094 0.0133 -0.0241
v  0.0094 0.0128 -0.0243
v  0.0094 0.0158 -0.0225
v  0.0100 0.0157 -0.0226
v  0.0100 0.0150 -0.0230
v  0.0100 0.0158 -0.0225
v  0.0101 0.0165 -0.0219
v  0.0102 0.0172 -0.0214
v  0.0104 0.0176 -0.0209
v  0.0104 0.0177 -0.0208
v  0.0105 0.0180 -0.0205
v  0.0106 0.0182 -0.0203
v  0.0107 0.0182 -0.0202
v  0.0110 0.0187 -0.0197
v  0.0110 0.0187 -0.0196
v  0.0115 0.0192 -0.0191
v  0.0098 0.0171 -0.0214
v  0.0100 0.0175 -0.0211
v  0.0101 0.0178 -0.0208
v  0.0114 0.0194 -0.0190
v  0.0109 0.0189 -0.0196
v  0.0107 0.0187 -0.0199
v  0.0105 0.0184 -0.0202
v  0.0094 0.0064 0.0267
v  0.0094 0.0080 0.0263
v  0.0100 0.0077 0.0264
v  0.0097 0.0147 0.0232
v  0.0100 0.0130 0.0242
v  0.0094 0.0124 0.0245
v  0.0094 0.0104 0.0255
v  0.0100 0.0104 0.0255
v  0.0094 0.0095 0.0258
v  0.0100 0.0049 0.0271
v  0.0094 0.0048 0.0271
v  0.0094 0.0032 0.0273
v  0.0094 0.0016 0.0275
v  0.0100 0.0021 0.0274
v  0.0094 0.0022 -0.0274
v  0.0094 0.0006 -0.0275
v  0.0094 0.0054 -0.0270
v  0.0094 0.0063 -0.0268
v  0.0094 0.0039 -0.0272
v  0.0094 0.0069 -0.0266
v  0.0094 0.0077 -0.0264
v  0.0094 0.0084 -0.0262
v  0.0094 0.0099 -0.0257
v  0.0094 0.0107 -0.0253
v  0.0094 0.0113 -0.0250
v  0.0100 0.0130 -0.0242
v  0.0100 0.0147 -0.0232
v  0.0100 0.0021 -0.0274
v  0.0100 0.0049 -0.0271
v  0.0100 0.0077 -0.0264
v  0.0100 0.0104 -0.0255
v  0.0100 0.0149 -0.0231
v  0.0100 0.0147 0.0232
v  0.0100 0.0149 0.0231
v  0.0380 0.0210 0.0165
v  0.0388 0.0232 0.0165
v  0.0403 0.0232 0.0163
v  0.0406 0.0210 0.0163
v  0.0429 0.0210 -0.0158
v  0.0425 0.0232 -0.0159
v  0.0406 0.0232 -0.0163
v  0.0406 0.0210 -0.0163
v  0.0403 0.0232 -0.0163
v  0.0388 0.0232 -0.0165
v  0.0380 0.0210 -0.0165
v  0.0453 0.0210 -0.0148
v  0.0453 0.0232 -0.0148
v  0.0442 0.0232 -0.0153
v  0.0431 0.0210 -0.0157
v  0.0429 0.0232 -0.0158
v  0.0527 0.0210 -0.0076
v  0.0524 0.0232 -0.0080
v  0.0514 0.0232 -0.0096
v  0.0513 0.0210 -0.0097
v  0.0513 0.0232 -0.0098
v  0.0513 0.0210 -0.0098
v  0.0503 0.0232 -0.0110
v  0.0497 0.0210 -0.0117
v  0.0496 0.0232 -0.0118
v  0.0496 0.0210 -0.0118
v  0.0489 0.0232 -0.0123
v  0.0475 0.0232 -0.0135
v  0.0477 0.0210 -0.0133
v  0.0475 0.0210 -0.0135
v  0.0459 0.0232 -0.0145
v  0.0455 0.0210 -0.0147
v  0.0537 0.0210 -0.0051
v  0.0538 0.0232 -0.0046
v  0.0537 0.0232 -0.0052
v  0.0537 0.0210 -0.0052
v  0.0532 0.0232 -0.0063
v  0.0527 0.0232 -0.0076
v  0.0527 0.0210 -0.0075
v  0.0545 0.0232 -0.0009
v  0.0543 0.0232 -0.0026
v  0.0543 0.0210 -0.0026
v  0.0545 0.0210 0.0000
v  0.0543 0.0232 -0.0028
v  0.0543 0.0210 0.0026
v  0.0543 0.0232 0.0028
v  0.0543 0.0232 0.0026
v  0.0545 0.0232 0.0009
v  0.0545 0.0232 0.0000
v  0.0527 0.0210 0.0076
v  0.0524 0.0232 0.0080
v  0.0527 0.0232 0.0076
v  0.0527 0.0210 0.0075
v  0.0532 0.0232 0.0063
v  0.0537 0.0210 0.0052
v  0.0537 0.0232 0.0052
v  0.0537 0.0210 0.0051
v  0.0538 0.0232 0.0046
v  0.0455 0.0210 0.0147
v  0.0459 0.0232 0.0145
v  0.0475 0.0232 0.0135
v  0.0475 0.0210 0.0135
v  0.0477 0.0210 0.0133
v  0.0489 0.0232 0.0123
v  0.0496 0.0210 0.0118
v  0.0497 0.0210 0.0117
v  0.0496 0.0232 0.0118
v  0.0503 0.0232 0.0110
v  0.0513 0.0210 0.0098
v  0.0513 0.0232 0.0098
v  0.0513 0.0210 0.0097
v  0.0514 0.0232 0.0096
v  0.0431 0.0210 0.0157
v  0.0429 0.0232 0.0158
v  0.0442 0.0232 0.0153
v  0.0453 0.0210 0.0148
v  0.0453 0.0232 0.0148
v  0.0406 0.0232 0.0163
v  0.0425 0.0232 0.0159
v  0.0429 0.0210 0.0158
v  0.0394 0.0240 0.0179
v  0.0380 0.0240 0.0180
v  0.0380 0.0210 0.0180
v  0.0407 0.0210 0.0178
v  0.0407 0.0240 0.0178
v  0.0403 0.0240 0.0178
v  0.0420 0.0240 0.0175
v  0.0432 0.0210 0.0172
v  0.0426 0.0240 0.0174
v  0.0407 0.0210 -0.0178
v  0.0406 0.0240 -0.0178
v  0.0413 0.0240 -0.0177
v  0.0426 0.0240 -0.0174
v  0.0432 0.0210 -0.0172
v  0.0380 0.0210 -0.0180
v  0.0386 0.0240 -0.0180
v  0.0399 0.0240 -0.0179
v  0.0403 0.0240 -0.0178
v  0.0433 0.0210 0.0172
v  0.0432 0.0240 0.0172
v  0.0457 0.0210 0.0162
v  0.0457 0.0240 0.0162
v  0.0458 0.0210 0.0162
v  0.0471 0.0240 0.0155
v  0.0481 0.0210 0.0149
v  0.0475 0.0252 0.0133
v  0.0481 0.0240 0.0149
v  0.0502 0.0210 0.0132
v  0.0502 0.0240 0.0132
v  0.0521 0.0210 0.0112
v  0.0520 0.0240 0.0113
v  0.0547 0.0210 0.0066
v  0.0544 0.0240 0.0075
v  0.0538 0.0240 0.0086
v  0.0536 0.0210 0.0090
v  0.0536 0.0240 0.0090
v  0.0544 0.0240 -0.0075
v  0.0547 0.0240 -0.0066
v  0.0547 0.0210 -0.0066
v  0.0555 0.0240 -0.0040
v  0.0555 0.0210 -0.0040
v  0.0559 0.0240 -0.0014
v  0.0559 0.0210 -0.0013
v  0.0559 0.0240 0.0014
v  0.0559 0.0210 0.0013
v  0.0555 0.0240 0.0040
v  0.0555 0.0210 0.0040
v  0.0547 0.0240 0.0066
v  0.0536 0.0210 -0.0090
v  0.0538 0.0240 -0.0086
v  0.0536 0.0240 -0.0090
v  0.0521 0.0210 -0.0112
v  0.0520 0.0240 -0.0113
v  0.0502 0.0210 -0.0132
v  0.0502 0.0240 -0.0132
v  0.0471 0.0240 -0.0155
v  0.0481 0.0210 -0.0149
v  0.0458 0.0210 -0.0162
v  0.0457 0.0240 -0.0162
v  0.0481 0.0240 -0.0149
v  0.0475 0.0252 -0.0133
v  0.0432 0.0240 -0.0172
v  0.0433 0.0210 -0.0172
v  0.0457 0.0210 -0.0162
v  0.0334 0.0240 0.0180
v  0.0334 0.0251 0.0165
v  0.0195 0.0210 -0.0165
v  0.0381 0.0284 0.0022
v  0.0384 0.0284 0.0022
v  0.0388 0.0284 0.0020
v  0.0386 0.0284 0.0021
v  0.0391 0.0284 0.0019
v  0.0393 0.0284 0.0018
v  0.0395 0.0284 0.0016
v  0.0396 0.0284 0.0015
v  0.0398 0.0284 0.0013
v  0.0399 0.0284 0.0011
v  0.0400 0.0284 0.0008
v  0.0401 0.0284 0.0006
v  0.0402 0.0284 0.0004
v  0.0402 0.0284 0.0001
v  0.0402 0.0284 -0.0001
v  0.0402 0.0284 -0.0004
v  0.0401 0.0284 -0.0006
v  0.0400 0.0284 -0.0008
v  0.0399 0.0284 -0.0011
v  0.0398 0.0284 -0.0013
v  0.0396 0.0284 -0.0015
v  0.0395 0.0284 -0.0016
v  0.0393 0.0284 -0.0018
v  0.0391 0.0284 -0.0019
v  0.0388 0.0284 -0.0020
v  0.0386 0.0284 -0.0021
v  0.0384 0.0284 -0.0022
v  0.0387 0.0244 0.0146
v  0.0383 0.0277 0.0065
v  0.0384 0.0272 0.0086
v  0.0382 0.0282 0.0044
v  0.0387 0.0244 -0.0146
v  0.0384 0.0272 -0.0086
v  0.0383 0.0277 -0.0065
v  0.0386 0.0255 0.0127
v  0.0403 0.0244 -0.0145
v  0.0420 0.0244 -0.0141
v  0.0435 0.0244 -0.0136
v  0.0450 0.0244 -0.0129
v  0.0464 0.0244 -0.0120
v  0.0477 0.0244 -0.0110
v  0.0489 0.0244 -0.0098
v  0.0499 0.0244 -0.0085
v  0.0508 0.0244 -0.0071
v  0.0515 0.0244 -0.0056
v  0.0521 0.0244 -0.0041
v  0.0524 0.0244 -0.0025
v  0.0526 0.0244 -0.0008
v  0.0526 0.0244 0.0008
v  0.0524 0.0244 0.0025
v  0.0521 0.0244 0.0041
v  0.0515 0.0244 0.0056
v  0.0508 0.0244 0.0071
v  0.0499 0.0244 0.0085
v  0.0489 0.0244 0.0098
v  0.0477 0.0244 0.0110
v  0.0464 0.0244 0.0120
v  0.0450 0.0244 0.0129
v  0.0435 0.0244 0.0136
v  0.0420 0.0244 0.0141
v  0.0403 0.0244 0.0145
v  0.0400 0.0255 0.0126
v  0.0414 0.0255 0.0123
v  0.0428 0.0255 0.0118
v  0.0441 0.0255 0.0112
v  0.0453 0.0255 0.0104
v  0.0464 0.0255 0.0095
v  0.0475 0.0255 0.0085
v  0.0484 0.0255 0.0074
v  0.0491 0.0255 0.0062
v  0.0497 0.0255 0.0049
v  0.0502 0.0255 0.0035
v  0.0505 0.0255 0.0021
v  0.0507 0.0255 0.0007
v  0.0507 0.0255 -0.0007
v  0.0505 0.0255 -0.0021
v  0.0502 0.0255 -0.0035
v  0.0497 0.0255 -0.0049
v  0.0491 0.0255 -0.0062
v  0.0484 0.0255 -0.0074
v  0.0475 0.0255 -0.0085
v  0.0464 0.0255 -0.0095
v  0.0453 0.0255 -0.0104
v  0.0441 0.0255 -0.0112
v  0.0428 0.0255 -0.0118
v  0.0414 0.0255 -0.0123
v  0.0400 0.0255 -0.0126
v  0.0386 0.0255 -0.0127
v  0.0397 0.0264 0.0106
v  0.0409 0.0264 0.0103
v  0.0420 0.0264 0.0099
v  0.0431 0.0264 0.0094
v  0.0442 0.0264 0.0088
v  0.0451 0.0264 0.0080
v  0.0460 0.0264 0.0072
v  0.0467 0.0264 0.0062
v  0.0474 0.0264 0.0052
v  0.0479 0.0264 0.0041
v  0.0483 0.0264 0.0030
v  0.0486 0.0264 0.0018
v  0.0487 0.0264 0.0006
v  0.0487 0.0264 -0.0006
v  0.0486 0.0264 -0.0018
v  0.0483 0.0264 -0.0030
v  0.0479 0.0264 -0.0041
v  0.0474 0.0264 -0.0052
v  0.0467 0.0264 -0.0062
v  0.0460 0.0264 -0.0072
v  0.0451 0.0264 -0.0080
v  0.0442 0.0264 -0.0088
v  0.0431 0.0264 -0.0094
v  0.0420 0.0264 -0.0099
v  0.0409 0.0264 -0.0103
v  0.0397 0.0264 -0.0106
v  0.0385 0.0264 -0.0107
v  0.0394 0.0272 0.0085
v  0.0403 0.0272 0.0083
v  0.0413 0.0272 0.0080
v  0.0421 0.0272 0.0076
v  0.0430 0.0272 0.0071
v  0.0437 0.0272 0.0065
v  0.0444 0.0272 0.0058
v  0.0450 0.0272 0.0050
v  0.0456 0.0272 0.0042
v  0.0460 0.0272 0.0033
v  0.0463 0.0272 0.0024
v  0.0465 0.0272 0.0015
v  0.0466 0.0272 0.0005
v  0.0466 0.0272 -0.0005
v  0.0465 0.0272 -0.0015
v  0.0463 0.0272 -0.0024
v  0.0460 0.0272 -0.0033
v  0.0456 0.0272 -0.0042
v  0.0450 0.0272 -0.0050
v  0.0444 0.0272 -0.0058
v  0.0437 0.0272 -0.0065
v  0.0430 0.0272 -0.0071
v  0.0421 0.0272 -0.0076
v  0.0413 0.0272 -0.0080
v  0.0403 0.0272 -0.0083
v  0.0394 0.0272 -0.0085
v  0.0390 0.0277 0.0065
v  0.0398 0.0277 0.0063
v  0.0405 0.0277 0.0061
v  0.0411 0.0277 0.0057
v  0.0418 0.0277 0.0054
v  0.0423 0.0277 0.0049
v  0.0429 0.0277 0.0044
v  0.0433 0.0277 0.0038
v  0.0437 0.0277 0.0032
v  0.0440 0.0277 0.0025
v  0.0443 0.0277 0.0018
v  0.0444 0.0277 0.0011
v  0.0445 0.0277 0.0004
v  0.0445 0.0277 -0.0004
v  0.0444 0.0277 -0.0011
v  0.0443 0.0277 -0.0018
v  0.0440 0.0277 -0.0025
v  0.0437 0.0277 -0.0032
v  0.0433 0.0277 -0.0038
v  0.0429 0.0277 -0.0044
v  0.0423 0.0277 -0.0049
v  0.0418 0.0277 -0.0054
v  0.0411 0.0277 -0.0057
v  0.0405 0.0277 -0.0061
v  0.0398 0.0277 -0.0063
v  0.0390 0.0277 -0.0065
v  0.0387 0.0282 0.0043
v  0.0392 0.0282 0.0042
v  0.0397 0.0282 0.0041
v  0.0401 0.0282 0.0038
v  0.0405 0.0282 0.0036
v  0.0409 0.0282 0.0033
v  0.0413 0.0282 0.0029
v  0.0416 0.0282 0.0025
v  0.0418 0.0282 0.0021
v  0.0420 0.0282 0.0017
v  0.0422 0.0282 0.0012
v  0.0423 0.0282 0.0007
v  0.0424 0.0282 0.0002
v  0.0424 0.0282 -0.0002
v  0.0423 0.0282 -0.0007
v  0.0422 0.0282 -0.0012
v  0.0420 0.0282 -0.0017
v  0.0418 0.0282 -0.0021
v  0.0416 0.0282 -0.0025
v  0.0413 0.0282 -0.0029
v  0.0409 0.0282 -0.0033
v  0.0405 0.0282 -0.0036
v  0.0401 0.0282 -0.0038
v  0.0397 0.0282 -0.0041
v  0.0392 0.0282 -0.0042
v  0.0387 0.0282 -0.0043
v  0.0382 0.0282 -0.0044
v  0.0195 0.0221 0.0165
v  0.0195 0.0210 0.0165
v  0.0189 0.0210 -0.0165
v  0.0334 0.0240 -0.0180
v  0.0380 0.0240 -0.0180
v  0.0494 0.0243 -0.0133
v  0.0452 0.0247 -0.0155
v  0.0455 0.0258 -0.0133
v  0.0432 0.0252 0.0155
v  0.0426 0.0251 0.0158
v  0.0426 0.0242 0.0171
v  0.0437 0.0273 0.0110
v  0.0426 0.0276 0.0108
v  0.0426 0.0268 0.0126
v  0.0435 0.0263 0.0133
v  0.0426 0.0260 0.0143
v  0.0426 0.0253 0.0155
v  0.0438 0.0281 0.0086
v  0.0426 0.0288 0.0071
v  0.0426 0.0283 0.0090
v  0.0426 0.0295 0.0032
v  0.0426 0.0292 0.0052
v  0.0440 0.0287 0.0062
v  0.0440 0.0291 0.0037
v  0.0426 0.0290 0.0062
v  0.0441 0.0294 0.0013
v  0.0426 0.0296 0.0013
v  0.0441 0.0294 -0.0013
v  0.0426 0.0295 -0.0026
v  0.0426 0.0296 -0.0007
v  0.0440 0.0287 -0.0062
v  0.0426 0.0289 -0.0065
v  0.0426 0.0293 -0.0046
v  0.0426 0.0294 -0.0037
v  0.0440 0.0291 -0.0037
v  0.0438 0.0281 -0.0086
v  0.0437 0.0273 -0.0110
v  0.0426 0.0278 -0.0102
v  0.0426 0.0284 -0.0084
v  0.0426 0.0262 -0.0138
v  0.0426 0.0271 -0.0120
v  0.0435 0.0263 -0.0133
v  0.0426 0.0275 -0.0110
v  0.0432 0.0252 -0.0155
v  0.0426 0.0253 -0.0155
v  0.0426 0.0248 -0.0163
v  0.0518 0.0242 -0.0110
v  0.0522 0.0250 -0.0086
v  0.0525 0.0255 -0.0062
v  0.0545 0.0243 0.0062
v  0.0547 0.0246 0.0037
v  0.0548 0.0248 0.0013
v  0.0548 0.0248 -0.0013
v  0.0547 0.0246 -0.0037
v  0.0545 0.0243 -0.0062
v  0.0518 0.0242 0.0110
v  0.0522 0.0250 0.0086
v  0.0499 0.0253 0.0110
v  0.0494 0.0243 0.0133
v  0.0527 0.0259 -0.0037
v  0.0528 0.0260 -0.0013
v  0.0528 0.0260 0.0013
v  0.0527 0.0259 0.0037
v  0.0525 0.0255 0.0062
v  0.0499 0.0253 -0.0110
v  0.0502 0.0260 -0.0086
v  0.0505 0.0266 -0.0062
v  0.0507 0.0269 -0.0037
v  0.0508 0.0271 -0.0013
v  0.0508 0.0271 0.0013
v  0.0507 0.0269 0.0037
v  0.0505 0.0266 0.0062
v  0.0502 0.0260 0.0086
v  0.0479 0.0261 -0.0110
v  0.0482 0.0269 -0.0086
v  0.0484 0.0275 -0.0062
v  0.0485 0.0278 -0.0037
v  0.0486 0.0280 -0.0013
v  0.0486 0.0280 0.0013
v  0.0485 0.0278 0.0037
v  0.0484 0.0275 0.0062
v  0.0482 0.0269 0.0086
v  0.0479 0.0261 0.0110
v  0.0458 0.0268 -0.0110
v  0.0460 0.0276 -0.0086
v  0.0462 0.0282 -0.0062
v  0.0463 0.0286 -0.0037
v  0.0464 0.0288 -0.0013
v  0.0464 0.0288 0.0013
v  0.0463 0.0286 0.0037
v  0.0462 0.0282 0.0062
v  0.0460 0.0276 0.0086
v  0.0458 0.0268 0.0110
v  0.0455 0.0258 0.0133
v  0.0452 0.0247 0.0155
v  0.0334 0.0261 0.0148
v  0.0334 0.0269 0.0133
v  0.0334 0.0278 0.0112
v  0.0334 0.0282 0.0102
v  0.0334 0.0291 0.0073
v  0.0334 0.0292 0.0069
v  0.0334 0.0295 0.0054
v  0.0334 0.0298 0.0034
v  0.0334 0.0300 0.0013
v  0.0334 0.0300 0.0000
v  0.0334 0.0299 -0.0027
v  0.0334 0.0298 -0.0034
v  0.0334 0.0296 -0.0047
v  0.0334 0.0292 -0.0069
v  0.0334 0.0287 -0.0087
v  0.0334 0.0273 -0.0125
v  0.0334 0.0254 -0.0160
v  0.0334 0.0252 -0.0163
v  0.0334 0.0244 -0.0174
v  0.0403 0.0253 -0.0159
v  0.0380 0.0254 -0.0160
v  0.0381 0.0264 -0.0143
v  0.0404 0.0263 -0.0141
v  0.0381 0.0261 0.0148
v  0.0404 0.0260 0.0147
v  0.0404 0.0270 0.0129
v  0.0381 0.0270 0.0130
v  0.0404 0.0290 0.0072
v  0.0404 0.0284 0.0092
v  0.0404 0.0278 0.0111
v  0.0381 0.0278 0.0112
v  0.0381 0.0285 0.0093
v  0.0381 0.0291 0.0073
v  0.0404 0.0294 0.0053
v  0.0404 0.0297 0.0033
v  0.0404 0.0298 0.0013
v  0.0404 0.0299 -0.0007
v  0.0404 0.0297 -0.0027
v  0.0381 0.0295 0.0053
v  0.0382 0.0298 0.0033
v  0.0382 0.0299 0.0013
v  0.0382 0.0300 -0.0007
v  0.0382 0.0298 -0.0027
v  0.0404 0.0295 -0.0047
v  0.0404 0.0291 -0.0066
v  0.0404 0.0286 -0.0086
v  0.0404 0.0280 -0.0105
v  0.0404 0.0272 -0.0123
v  0.0381 0.0273 -0.0124
v  0.0381 0.0281 -0.0106
v  0.0381 0.0287 -0.0087
v  0.0381 0.0292 -0.0067
v  0.0381 0.0296 -0.0047
v  0.0403 0.0251 0.0163
v  0.0380 0.0251 0.0165
v  0.0380 0.0247 -0.0170
v  0.0403 0.0247 -0.0169
# 3299 vertices

vn 0.0037 1.0000 0.0003
vn 0.0019 1.0000 0.0001
vn 0.0124 0.9999 0.0052
vn 0.0056 1.0000 0.0007
vn 0.0077 1.0000 0.0012
vn 0.0100 0.9999 0.0020
vn 0.0125 0.9999 0.0030
vn 0.0253 0.9995 0.0181
vn 0.0226 0.9997 0.0133
vn 0.0586 0.9981 0.0181
vn 0.0155 0.9999 0.0045
vn 0.0005 1.0000 -0.0000
vn 0.2472 0.9684 0.0319
vn 0.2294 0.9727 0.0338
vn 0.1665 0.9855 0.0338
vn 0.1737 0.9842 0.0345
vn 0.1091 0.9937 0.0262
vn 0.1126 0.9933 0.0268
vn 0.0584 0.9981 0.0178
vn 0.3096 0.9505 0.0259
vn 0.2809 0.9593 0.0305
vn 0.3409 0.9398 0.0237
vn 0.4457 0.8950 0.0189
vn 0.3888 0.9205 0.0395
vn 0.4559 0.8888 0.0470
vn 0.4274 0.9006 0.0791
vn 0.5660 0.8244 0.0020
vn 0.5120 0.8590 0.0039
vn -0.1360 -0.0440 0.9897
vn -0.1475 -0.1069 0.9833
vn -0.2265 -0.1429 0.9635
vn -0.1856 -0.0546 0.9811
vn -0.2748 -0.1323 0.9524
vn -0.2604 -0.0440 0.9645
vn -0.3341 -0.0819 0.9390
vn -0.3330 -0.0041 0.9429
vn -0.3757 -0.0333 0.9261
vn -0.3757 0.0391 0.9259
vn -0.4065 0.1411 0.9027
vn -0.3975 0.1035 0.9118
vn -0.4064 0.1569 0.9001
vn -0.0313 -0.0239 0.9992
vn -0.0452 -0.0247 0.9987
vn -0.0423 -0.0173 0.9990
vn -0.0851 -0.0710 0.9938
vn -0.1019 -0.0213 0.9946
vn -0.0256 -0.0271 0.9993
vn -0.0171 -0.0377 0.9991
vn -0.0211 -0.0318 0.9993
vn -0.0098 -0.0044 0.9999
vn -0.0012 0.0002 1.0000
vn -0.0046 -0.0008 1.0000
vn -0.0082 -0.0034 1.0000
vn -0.0118 -0.0075 0.9999
vn -0.0203 -0.0246 0.9995
vn -0.4210 0.0943 0.9022
vn -0.3798 0.0447 0.9240
vn 0.5718 0.8204 -0.0001
vn 0.6704 0.7420 -0.0001
vn 0.6439 0.7651 -0.0001
vn 0.7103 0.7039 -0.0024
vn 0.7393 0.6734 0.0005
vn 0.7692 0.6390 0.0003
vn 0.8010 0.5986 -0.0006
vn 0.7998 0.6003 0.0001
vn 0.8068 0.5908 -0.0054
vn 0.8237 0.5671 -0.0019
vn 0.8393 0.5437 -0.0017
vn 0.8730 0.4877 0.0014
vn 0.8647 0.5023 0.0012
vn 0.9094 0.4160 0.0000
vn 0.8953 0.4454 0.0008
vn 0.9311 0.3648 0.0003
vn 0.9265 0.3763 -0.0001
vn 0.9584 0.2855 0.0003
vn 0.9466 0.3225 0.0006
vn 0.9838 0.1790 -0.0002
vn 0.9748 0.2231 -0.0001
vn 0.9970 0.0771 0.0011
vn 0.9934 0.1143 0.0003
vn 0.9999 0.0137 0.0007
vn 0.9995 0.0325 0.0014
vn 0.5432 0.8396 -0.0001
vn 0.6541 0.7564 0.0012
vn 0.6222 0.7829 0.0011
vn 0.5928 0.8054 0.0012
vn 0.7764 0.6302 -0.0021
vn 0.7298 0.6837 -0.0014
vn 0.7269 0.6867 -0.0009
vn 0.7574 0.6529 -0.0025
vn 0.6885 0.7253 0.0005
vn 0.8050 0.5932 -0.0038
vn 0.8180 0.5751 -0.0022
vn 0.8281 0.5606 -0.0052
vn 0.8455 0.5340 -0.0015
vn 0.8601 0.5102 -0.0012
vn 0.8837 0.4680 -0.0034
vn 0.8924 0.4512 -0.0007
vn 0.9017 0.4323 -0.0048
vn 0.9224 0.3862 -0.0005
vn 0.9125 0.4091 -0.0003
vn 0.9409 0.3386 -0.0013
vn 0.9370 0.3494 -0.0011
vn 0.9535 0.3014 -0.0009
vn 0.9587 0.2844 -0.0005
vn 0.9814 0.1919 -0.0000
vn 0.9761 0.2174 0.0001
vn 0.9939 0.1106 0.0004
vn 0.9901 0.1402 0.0060
vn 0.9968 0.0801 0.0029
vn 0.9994 0.0341 -0.0017
vn 0.9999 0.0171 -0.0010
vn 0.5202 0.8540 0.0058
vn 0.4933 0.8699 0.0042
vn 0.4457 0.8952 -0.0019
vn 0.4543 0.8908 -0.0023
vn 0.3611 0.9325 0.0005
vn 0.3548 0.9349 0.0005
vn 0.2772 0.9608 0.0020
vn 0.2716 0.9624 0.0022
vn 0.2046 0.9788 0.0027
vn 0.1931 0.9812 0.0024
vn 0.1409 0.9900 -0.0003
vn 0.1245 0.9922 0.0005
vn 0.1006 0.9949 -0.0009
vn 0.0767 0.9971 0.0002
vn 0.0741 0.9973 0.0001
vn 0.0371 0.9993 -0.0004
vn 0.0364 0.9993 -0.0004
vn 0.0088 1.0000 -0.0001
vn -0.0300 -0.8069 -0.5899
vn -0.0000 -0.8231 -0.5679
vn -0.0004 -0.8249 -0.5653
vn -0.0295 -0.8459 -0.5325
vn -0.0006 -0.8266 -0.5628
vn -0.0013 -0.8513 -0.5247
vn -0.0000 -0.8877 -0.4604
vn -0.0294 -0.8863 -0.4622
vn 0.0014 -0.9211 -0.3892
vn -0.0444 -0.9201 -0.3892
vn 0.0020 -0.9489 -0.3155
vn -0.0294 -0.9488 -0.3145
vn 0.0025 -0.9712 -0.2384
vn -0.0299 -0.9710 -0.2374
vn 0.0030 -0.9875 -0.1576
vn -0.0298 -0.9871 -0.1573
vn 0.0050 -0.9972 -0.0741
vn -0.0298 -0.9966 -0.0771
vn 0.0066 -1.0000 -0.0003
vn -0.0301 -0.9995 -0.0000
vn 0.0061 -0.9985 0.0535
vn -0.0304 -0.9965 0.0782
vn 0.0047 -0.9953 0.0963
vn 0.0037 -0.9871 0.1601
vn -0.0308 -0.9868 0.1587
vn -0.0462 -0.9708 0.2354
vn 0.0029 -0.9731 0.2304
vn 0.0041 -0.9483 0.3175
vn -0.0463 -0.9492 0.3114
vn 0.0034 -0.9614 0.2750
vn -0.0450 -0.8810 0.4710
vn -0.0458 -0.9203 0.3885
vn 0.0023 -0.9160 0.4013
vn 0.0032 -0.9323 0.3615
vn 0.0006 -0.8429 0.5380
vn 0.0007 -0.8761 0.4822
vn 0.0018 -0.8969 0.4423
vn 0.0012 -0.8211 0.5708
vn 0.0001 -0.8437 0.5368
vn -0.0301 -0.8408 0.5405
vn -0.0401 -0.8021 0.5958
vn 0.1814 -0.8146 -0.5510
vn 0.2225 -0.8131 -0.5379
vn 0.2061 -0.8265 -0.5239
vn 0.2947 -0.8135 -0.5014
vn 0.3215 -0.8145 -0.4830
vn 0.2994 -0.8268 -0.4763
vn 0.5642 -0.8133 -0.1422
vn 0.5397 -0.8287 -0.1482
vn 0.5328 -0.8263 -0.1826
vn 0.1410 -0.8313 -0.5376
vn 0.1344 -0.8200 -0.5563
vn 0.1733 -0.8247 -0.5384
vn 0.1391 -0.8654 -0.4813
vn 0.1402 -0.8477 -0.5117
vn 0.1695 -0.8474 -0.5032
vn 0.1907 -0.8506 -0.4901
vn 0.1324 -0.9133 -0.3852
vn 0.1389 -0.8911 -0.4320
vn 0.1646 -0.8939 -0.4170
vn 0.1448 -0.8783 -0.4557
vn 0.1812 -0.8713 -0.4562
vn 0.1340 -0.9424 -0.3063
vn 0.1330 -0.9325 -0.3358
vn 0.1572 -0.9248 -0.3464
vn 0.1806 -0.9275 -0.3274
vn 0.1716 -0.9111 -0.3748
vn 0.1407 -0.9807 -0.1358
vn 0.1366 -0.9742 -0.1796
vn 0.1814 -0.9655 -0.1867
vn 0.1944 -0.9676 -0.1610
vn 0.1412 -0.9680 -0.2073
vn 0.1805 -0.9532 -0.2425
vn 0.2042 -0.9547 -0.2164
vn 0.2098 -0.9679 -0.1382
vn 0.2278 -0.9548 -0.1909
vn 0.2468 -0.9567 -0.1546
vn 0.2697 -0.9529 -0.1388
vn 0.2830 -0.9416 -0.1827
vn 0.3121 -0.9386 -0.1472
vn 0.4149 -0.8935 -0.1718
vn 0.4276 -0.8916 -0.1491
vn 0.4052 -0.9027 -0.1450
vn 0.3709 -0.9173 -0.1446
vn 0.4533 -0.8719 -0.1854
vn 0.4049 -0.8934 -0.1947
vn 0.4407 -0.8723 -0.2118
vn 0.3720 -0.9100 -0.1829
vn 0.3375 -0.9272 -0.1627
vn 0.3159 -0.9267 -0.2036
vn 0.3467 -0.9112 -0.2226
vn 0.5123 -0.8457 -0.1498
vn 0.4834 -0.8645 -0.1378
vn 0.4652 -0.8703 -0.1619
vn 0.4966 -0.8514 -0.1689
vn 0.4884 -0.8653 -0.1128
vn 0.4618 -0.8766 -0.1351
vn 0.5389 -0.8153 -0.2118
vn 0.5210 -0.8268 -0.2120
vn 0.5082 -0.8264 -0.2424
vn 0.5280 -0.8138 -0.2427
vn 0.4920 -0.8265 -0.2736
vn 0.5103 -0.8139 -0.2779
vn 0.4741 -0.8505 -0.2278
vn 0.4592 -0.8505 -0.2564
vn 0.4269 -0.8723 -0.2383
vn 0.4739 -0.8265 -0.3038
vn 0.4900 -0.8139 -0.3121
vn 0.4426 -0.8505 -0.2841
vn 0.4114 -0.8724 -0.2641
vn 0.4674 -0.8143 -0.3441
vn 0.4539 -0.8267 -0.3325
vn 0.4319 -0.8268 -0.3604
vn 0.4444 -0.8144 -0.3732
vn 0.4041 -0.8506 -0.3364
vn 0.4242 -0.8506 -0.3108
vn 0.3757 -0.8724 -0.3127
vn 0.3943 -0.8724 -0.2889
vn 0.3645 -0.8931 -0.2636
vn 0.3450 -0.8936 -0.2872
vn 0.2592 -0.8149 -0.5185
vn 0.2376 -0.8270 -0.5095
vn 0.2222 -0.8505 -0.4768
vn 0.2065 -0.8723 -0.4433
vn 0.1905 -0.8923 -0.4093
vn 0.2883 -0.9270 -0.2400
vn 0.3159 -0.9116 -0.2630
vn 0.2583 -0.9418 -0.2150
vn 0.2293 -0.9421 -0.2447
vn 0.4463 -0.8828 -0.1468
vn 0.3800 -0.8923 -0.2439
vn 0.4872 -0.8504 -0.1986
vn 0.3915 -0.8931 -0.2217
vn 0.4091 -0.8271 -0.3855
vn 0.4185 -0.8141 -0.4026
vn 0.3825 -0.8506 -0.3608
vn 0.3556 -0.8724 -0.3354
vn 0.3268 -0.8931 -0.3091
vn 0.5460 -0.8153 -0.1928
vn 0.5595 -0.8106 -0.1728
vn 0.5696 -0.8117 -0.1292
vn 0.3895 -0.8135 -0.4320
vn 0.3835 -0.8267 -0.4116
vn 0.3593 -0.8506 -0.3839
vn 0.3340 -0.8724 -0.3569
vn 0.3085 -0.8923 -0.3296
vn 0.2863 -0.9109 -0.2972
vn 0.2605 -0.9270 -0.2698
vn 0.3407 -0.8161 -0.4668
vn 0.3293 -0.8276 -0.4546
vn 0.3084 -0.8506 -0.4259
vn 0.2809 -0.8505 -0.4446
vn 0.2611 -0.8724 -0.4133
vn 0.2867 -0.8724 -0.3959
vn 0.2648 -0.8923 -0.3657
vn 0.2411 -0.8923 -0.3817
vn 0.2425 -0.9105 -0.3349
vn 0.2208 -0.9105 -0.3496
vn 0.2207 -0.9275 -0.3019
vn 0.2002 -0.9275 -0.3157
vn 0.1966 -0.9421 -0.2715
vn 0.2688 -0.8270 -0.4937
vn 0.2521 -0.8505 -0.4616
vn 0.2344 -0.8723 -0.4291
vn 0.2164 -0.8922 -0.3963
vn 0.1982 -0.9105 -0.3629
vn 0.1692 -0.9400 -0.2962
vn 0.1384 -0.9516 -0.2745
vn 0.2384 -0.9275 -0.2879
vn 0.2630 -0.9106 -0.3189
vn 0.2872 -0.8923 -0.3482
vn 0.3110 -0.8724 -0.3771
vn 0.3346 -0.8506 -0.4057
vn 0.3573 -0.8271 -0.4339
vn 0.3622 -0.8155 -0.4514
vn 0.1431 -0.9609 -0.2371
vn 0.0749 -0.9685 -0.2374
vn 0.4412 -0.8845 0.1520
vn 0.4234 -0.8889 0.1749
vn 0.3824 -0.9110 0.1547
vn 0.2742 -0.8270 0.4908
vn 0.2628 -0.8024 0.5358
vn 0.2492 -0.8197 0.5157
vn 0.1450 -0.9639 0.2233
vn 0.1457 -0.9703 0.1933
vn 0.2012 -0.9521 0.2305
vn 0.2484 -0.9501 0.1887
vn 0.2227 -0.9636 0.1476
vn 0.2497 -0.9568 0.1488
vn 0.1486 -0.9470 0.2848
vn 0.1830 -0.9474 0.2624
vn 0.2086 -0.9249 0.3179
vn 0.1482 -0.9410 0.3043
vn 0.1334 -0.9328 0.3349
vn 0.1746 -0.9228 0.3434
vn 0.1486 -0.9181 0.3674
vn 0.2055 -0.8899 0.4073
vn 0.1472 -0.9077 0.3929
vn 0.1511 -0.8862 0.4380
vn 0.1403 -0.8973 0.4186
vn 0.2306 -0.8491 0.4753
vn 0.1520 -0.8764 0.4570
vn 0.1440 -0.8178 0.5572
vn 0.1489 -0.8303 0.5371
vn 0.1917 -0.8125 0.5506
vn 0.1663 -0.8133 0.5576
vn 0.1876 -0.8462 0.4987
vn 0.1480 -0.8407 0.5209
vn 0.1441 -0.8611 0.4876
vn 0.2158 -0.8310 0.5127
vn 0.2072 -0.8341 0.5113
vn 0.1997 -0.8096 0.5520
vn 0.3296 -0.8147 0.4771
vn 0.3107 -0.8179 0.4843
vn 0.3064 -0.8244 0.4758
vn 0.3316 -0.8288 0.4507
vn 0.3800 -0.8328 0.4026
vn 0.3776 -0.8241 0.4223
vn 0.3668 -0.8217 0.4361
vn 0.4190 -0.8197 0.3906
vn 0.4668 -0.8191 0.3333
vn 0.4737 -0.8280 0.3001
vn 0.4941 -0.8023 0.3349
vn 0.4796 -0.8060 0.3470
vn 0.4284 -0.8335 0.3490
vn 0.4260 -0.8312 0.3572
vn 0.5453 -0.8059 0.2307
vn 0.5337 -0.8170 0.2185
vn 0.5522 -0.8131 0.1845
vn 0.5561 -0.8166 0.1545
vn 0.5349 -0.8299 0.1585
vn 0.4874 -0.8489 0.2048
vn 0.5104 -0.8457 0.1559
vn 0.4750 -0.8661 0.1558
vn 0.5327 -0.8091 0.2483
vn 0.4997 -0.8246 0.2650
vn 0.4619 -0.8502 0.2525
vn 0.3986 -0.8904 0.2199
vn 0.3340 -0.9228 0.1921
vn 0.3344 -0.9296 0.1548
vn 0.2915 -0.8208 0.4913
vn 0.2856 -0.8502 0.4423
vn 0.2462 -0.8911 0.3813
vn 0.4274 -0.8500 0.3081
vn 0.3682 -0.8911 0.2654
vn 0.3069 -0.9257 0.2213
vn 0.2868 -0.9451 0.1564
vn 0.3423 -0.8266 0.4467
vn 0.3382 -0.8502 0.4035
vn 0.2915 -0.8911 0.3479
vn 0.2423 -0.9261 0.2891
vn 0.1415 -0.9578 0.2504
vn 0.4344 -0.8024 0.4092
vn 0.3859 -0.8500 0.3587
vn 0.3324 -0.8911 0.3090
vn 0.2763 -0.9261 0.2568
vn 0.2221 -0.9529 0.2068
vn 0.1426 -0.9782 0.1506
vn 0.1903 -0.9696 0.1535
vn 0.4878 -0.8657 0.1128
vn 0.1414 -0.9844 0.1051
vn 0.2089 -0.9728 0.1003
vn 0.3813 -0.9179 0.1094
vn 0.3263 -0.9392 0.1067
vn 0.5409 -0.8332 0.1147
vn 0.5446 -0.8356 0.0714
vn 0.5689 -0.8190 0.0745
vn 0.5642 -0.8171 0.1181
vn 0.5484 -0.8362 0.0028
vn 0.5780 -0.8160 -0.0057
vn 0.5729 -0.8186 0.0401
vn 0.5761 -0.8122 -0.0921
vn 0.5442 -0.8315 -0.1117
vn 0.5627 -0.8192 -0.1103
vn 0.4336 -0.8944 -0.1095
vn 0.3817 -0.9180 -0.1072
vn 0.2087 -0.9730 -0.0985
vn 0.1428 -0.9859 -0.0869
vn 0.1471 -0.9883 -0.0395
vn 0.2108 -0.9760 -0.0545
vn 0.2128 -0.9771 0.0019
vn 0.1470 -0.9891 0.0027
vn 0.1436 -0.9876 0.0627
vn 0.2097 -0.9760 0.0579
vn 0.5487 -0.8334 -0.0657
vn 0.5759 -0.8162 -0.0467
vn 0.4941 -0.8694 0.0022
vn 0.4917 -0.8683 -0.0656
vn 0.4355 -0.8933 0.1115
vn 0.3838 -0.9213 0.0628
vn 0.4387 -0.8962 0.0653
vn 0.4926 -0.8676 0.0679
vn 0.4399 -0.8981 0.0016
vn 0.3845 -0.9231 0.0011
vn 0.3833 -0.9216 -0.0611
vn 0.4381 -0.8967 -0.0633
vn 0.2695 -0.9575 -0.1032
vn 0.3251 -0.9397 -0.1061
vn 0.3271 -0.9432 -0.0589
vn 0.2696 -0.9613 -0.0567
vn 0.3278 -0.9448 0.0009
vn 0.2697 -0.9629 0.0006
vn 0.3274 -0.9429 0.0604
vn 0.2699 -0.9612 0.0580
vn 0.2704 -0.9570 0.1048
vn 0.8215 0.4954 -0.2824
vn 0.8208 0.4881 -0.2967
vn 0.8211 0.4859 -0.2995
vn 0.8221 0.4964 -0.2790
vn 0.8222 0.4791 -0.3073
vn 0.8142 0.4801 -0.3266
vn 0.8182 0.4793 -0.3175
vn 0.8298 0.5049 -0.2376
vn 0.8248 0.5011 -0.2617
vn 0.8259 0.5026 -0.2553
vn 0.8282 0.5052 -0.2425
vn 0.8312 0.5058 -0.2307
vn 0.8314 0.5162 -0.2057
vn 0.8327 0.5099 -0.2160
vn 0.8340 0.5340 -0.1387
vn 0.8329 0.5321 -0.1520
vn 0.8328 0.5309 -0.1568
vn 0.8338 0.5339 -0.1406
vn 0.8328 0.5284 -0.1650
vn 0.8329 0.5262 -0.1717
vn 0.8322 0.5233 -0.1832
vn 0.8314 0.5215 -0.1919
vn 0.8330 0.5533 -0.0005
vn 0.8334 0.5527 -0.0000
vn 0.8329 0.5527 -0.0282
vn 0.8341 0.5370 -0.1265
vn 0.8350 0.5372 -0.1191
vn 0.8377 0.5357 -0.1059
vn 0.8368 0.5394 -0.0933
vn 0.8351 0.5432 -0.0867
vn 0.8332 0.5491 -0.0652
vn 0.8332 0.5490 -0.0664
vn 0.8332 0.5510 -0.0470
vn 0.8331 0.5511 -0.0462
vn 0.8329 0.5528 -0.0265
vn 0.8317 0.5553 -0.0010
vn 0.8311 0.5562 -0.0007
vn 1.0000 0.0005 -0.0003
vn 1.0000 0.0008 -0.0003
vn 1.0000 -0.0000 -0.0001
vn -0.0001 0.3515 -0.9362
vn 0.0007 0.3670 -0.9302
vn 0.0005 0.3185 -0.9479
vn 0.0005 0.3203 -0.9473
vn -0.0001 0.2745 -0.9616
vn -0.0001 0.2761 -0.9611
vn 0.0001 0.2230 -0.9748
vn 0.0001 0.2247 -0.9744
vn 0.0005 0.1673 -0.9859
vn -0.0001 0.1814 -0.9834
vn 0.0003 0.1505 -0.9886
vn 0.0004 0.1255 -0.9921
vn 0.0005 0.1262 -0.9920
vn 0.0001 0.0964 -0.9953
vn 0.0001 0.0968 -0.9953
vn -0.0001 0.0518 -0.9987
vn -0.0001 0.0531 -0.9986
vn -0.0003 -0.0076 -1.0000
vn -0.0004 0.3824 -0.9240
vn 0.0008 0.4150 -0.9098
vn 0.0008 0.4133 -0.9106
vn 0.0008 0.4367 -0.8996
vn 0.0004 0.4528 -0.8916
vn 0.0001 0.4563 -0.8898
vn -0.0002 0.4937 -0.8696
vn -0.0002 0.4946 -0.8691
vn -0.0002 0.5309 -0.8475
vn 0.0007 0.5392 -0.8422
vn 0.0008 0.5542 -0.8324
vn 0.0013 0.5766 -0.8170
vn 0.0013 0.5769 -0.8168
vn 0.0014 0.6072 -0.7945
vn 0.0008 0.6065 -0.7951
vn 0.0013 0.6218 -0.7831
vn 0.0020 0.6400 -0.7684
vn 0.0020 0.6387 -0.7695
vn 0.0014 0.6709 -0.7416
vn 0.0014 0.6705 -0.7419
vn 0.0002 0.7012 -0.7129
vn 0.0002 0.7002 -0.7140
vn 0.0023 0.7112 -0.7029
vn -0.0020 0.7358 -0.6772
vn -0.0006 0.7361 -0.6768
vn 0.0029 0.7415 -0.6709
vn -0.0022 0.7679 -0.6406
vn 0.0044 0.7442 -0.6680
vn 0.0025 0.7505 -0.6608
vn -0.0005 0.7726 -0.6349
vn 0.0013 0.7733 -0.6340
vn -0.0008 0.7967 -0.6043
vn 0.0009 0.7800 -0.6257
vn 0.0002 0.8063 -0.5915
vn 0.0013 0.7775 -0.6288
vn 0.8141 0.4554 -0.3603
vn 0.8142 0.4658 -0.3465
vn 0.8149 0.4642 -0.3471
vn 0.8066 0.4546 -0.3779
vn 0.8021 0.4473 -0.3957
vn 0.8022 0.4476 -0.3951
vn 1.0000 0.0050 -0.0049
vn 1.0000 0.0008 -0.0008
vn 1.0000 0.0047 -0.0044
vn 0.9999 0.0105 -0.0102
vn 0.7972 0.4251 -0.4286
vn 0.7997 0.4239 -0.4251
vn 0.8057 0.4211 -0.4166
vn 0.8065 0.4234 -0.4126
vn 0.8015 0.4371 -0.4081
vn -0.7322 -0.2898 0.6164
vn -0.7454 -0.3186 0.5855
vn -0.7335 -0.3344 0.5917
vn -0.7229 -0.2995 0.6227
vn -0.7948 -0.4891 0.3592
vn -0.7916 -0.4680 0.3929
vn -0.8093 -0.4498 0.3778
vn -0.8135 -0.4696 0.3431
vn -0.7862 -0.4483 0.4253
vn -0.8034 -0.4307 0.4110
vn -0.7786 -0.4281 0.4588
vn -0.7954 -0.4110 0.4454
vn -0.7690 -0.4071 0.4929
vn -0.7850 -0.3906 0.4808
vn -0.7575 -0.3851 0.5272
vn -0.7728 -0.3688 0.5165
vn -0.7449 -0.3614 0.5609
vn -0.7594 -0.3450 0.5516
vn -0.3839 -0.0024 -0.9234
vn -0.3844 0.0487 -0.9219
vn -0.7069 0.0386 -0.7063
vn -0.7048 -0.0036 -0.7094
vn -0.3860 0.0969 -0.9174
vn -0.7070 0.0700 -0.7037
vn -0.7081 0.0895 -0.7004
vn -0.3849 0.1351 -0.9130
vn -0.7074 0.1045 -0.6990
vn -0.3834 0.1621 -0.9092
vn -0.7065 0.1306 -0.6956
vn -0.3852 0.1963 -0.9017
vn -0.7086 0.1656 -0.6859
vn -0.3861 0.2387 -0.8910
vn -0.3862 0.2778 -0.8796
vn -0.7096 0.2033 -0.6746
vn -0.7134 0.2344 -0.6603
vn -0.3876 0.3081 -0.8688
vn -0.3891 0.3315 -0.8595
vn -0.7158 0.2516 -0.6514
vn -0.3997 0.3537 -0.8457
vn -0.7223 0.2813 -0.6318
vn -0.3991 0.3847 -0.8323
vn -0.4045 0.4134 -0.8158
vn -0.7304 0.2988 -0.6142
vn -0.7345 0.3083 -0.6045
vn -0.7657 0.3635 -0.5307
vn -0.7572 0.3639 -0.5424
vn -0.4170 0.5030 -0.7570
vn -0.4247 0.5174 -0.7429
vn -0.7460 0.3420 -0.5714
vn -0.4127 0.4659 -0.7827
vn -0.4084 0.4363 -0.8018
vn -0.7368 0.3223 -0.5944
vn 0.8105 0.4790 -0.3371
vn -0.1367 -0.7961 0.5896
vn -0.2383 -0.7805 0.5779
vn -0.2360 -0.8225 0.5175
vn -0.1204 -0.8401 0.5289
vn -0.1207 -0.9897 0.0773
vn -0.1202 -0.9928 -0.0000
vn -0.2406 -0.9677 0.0756
vn -0.2404 -0.9707 0.0000
vn -0.3590 -0.9305 0.0727
vn -0.3587 -0.9334 -0.0000
vn -0.4728 -0.8785 0.0686
vn -0.4724 -0.8814 -0.0000
vn -0.5791 -0.8128 0.0634
vn -0.5787 -0.8156 -0.0000
vn -0.6758 -0.7348 0.0573
vn -0.6743 -0.7384 0.0000
vn -0.7561 -0.6528 0.0472
vn -0.7802 -0.6251 0.0221
vn -0.7564 -0.6541 0.0014
vn -0.8158 -0.5773 0.0363
vn -0.7909 -0.6086 0.0631
vn -0.7999 -0.5998 -0.0190
vn -0.7557 -0.6467 0.1034
vn -0.7782 -0.6164 0.1205
vn -0.8151 -0.5720 0.0917
vn -0.7891 -0.6097 0.0744
vn -0.7793 -0.6023 0.1731
vn -0.7543 -0.6225 0.2086
vn -0.8096 -0.5553 0.1901
vn -0.7545 -0.6047 0.2550
vn -0.8080 -0.5430 0.2287
vn -0.7405 -0.5960 0.3105
vn -0.6666 -0.6612 0.3441
vn -0.7953 -0.5384 0.2786
vn -0.6752 -0.6247 0.3922
vn -0.7563 -0.5541 0.3478
vn -0.7994 -0.5090 0.3192
vn -0.6640 -0.6017 0.4440
vn -0.7374 -0.5435 0.4009
vn -0.5870 -0.6919 0.4204
vn -0.5951 -0.6462 0.4778
vn -0.6126 -0.6358 0.4695
vn -0.1200 -0.8797 0.4601
vn -0.1213 -0.9138 0.3876
vn -0.1356 -0.9406 0.3112
vn -0.2231 -0.8642 0.4509
vn -0.2246 -0.8976 0.3793
vn -0.2400 -0.9217 0.3048
vn -0.2263 -0.9464 0.2305
vn -0.4639 -0.7685 0.4407
vn -0.5707 -0.7283 0.3794
vn -0.4656 -0.7848 0.4091
vn -0.5736 -0.7546 0.3187
vn -0.4680 -0.8140 0.3440
vn -0.5758 -0.7763 0.2563
vn -0.4700 -0.8381 0.2769
vn -0.6719 -0.7034 0.2321
vn -0.6701 -0.6839 0.2887
vn -0.4724 -0.8704 0.1384
vn -0.5787 -0.8054 0.1280
vn -0.6742 -0.7294 0.1159
vn -0.3534 -0.8295 0.4326
vn -0.3308 -0.8053 0.4920
vn -0.3553 -0.8609 0.3641
vn -0.3568 -0.8870 0.2932
vn -0.4714 -0.8570 0.2082
vn -0.3580 -0.9073 0.2205
vn -0.5776 -0.7933 0.1926
vn -0.6743 -0.7177 0.1741
vn -0.7659 -0.6254 0.1496
vn -0.8151 -0.5617 0.1418
vn -0.1073 -0.9819 0.1564
vn -0.1223 -0.9643 0.2347
vn -0.2268 -0.9618 0.1532
vn -0.3587 -0.9218 0.1467
vn -0.3224 -0.7545 0.5716
vn -0.8304 -0.5539 0.0611
vn -0.8327 -0.5526 0.0359
vn -0.8327 -0.5538 -0.0001
vn -0.8146 -0.4915 0.3079
vn -0.8224 -0.5089 0.2543
vn -0.8155 -0.5027 0.2869
vn -0.8236 -0.5246 0.2158
vn -0.8280 -0.5373 0.1605
vn -0.8251 -0.5343 0.1836
vn -0.8289 -0.5435 0.1325
vn -0.8278 -0.5495 0.1134
vn -0.8316 -0.5489 0.0849
vn 0.7705 -0.3570 0.5282
vn 0.7639 -0.3610 0.5350
vn 0.7669 -0.3495 0.5383
vn 0.7603 -0.3450 0.5504
vn 0.7577 -0.3432 0.5551
vn 0.7520 -0.3315 0.5698
vn 0.7515 -0.3301 0.5712
vn 0.7084 -0.1597 0.6875
vn 0.7080 -0.1525 0.6895
vn 0.7096 -0.1814 0.6809
vn 0.7101 -0.1947 0.6766
vn 0.7107 -0.2037 0.6734
vn 0.7138 -0.2211 0.6645
vn 0.7171 -0.2293 0.6582
vn 0.7210 -0.2474 0.6473
vn 0.7208 -0.2458 0.6481
vn 0.7237 -0.2638 0.6377
vn 0.7244 -0.2662 0.6360
vn 0.7298 -0.2823 0.6226
vn 0.7320 -0.2879 0.6175
vn 0.7403 -0.3056 0.5988
vn 0.7433 -0.3111 0.5923
vn 0.7073 -0.1300 0.6949
vn 0.7061 -0.1161 0.6986
vn 0.7058 -0.1068 0.7003
vn 0.7065 -0.0849 0.7026
vn 0.7074 -0.0789 0.7024
vn 0.7092 -0.0493 0.7033
vn 0.7092 -0.0520 0.7030
vn 0.7078 -0.0293 0.7058
vn 0.7059 -0.0214 0.7080
vn 0.7059 -0.0021 0.7083
vn 0.7052 0.0045 0.7090
vn 0.0049 0.5823 -0.8129
vn -0.0003 0.6011 -0.7992
vn -0.4381 0.5141 -0.7374
vn 0.0057 0.5648 -0.8252
vn -0.0025 0.5282 -0.8491
vn -0.0091 0.4766 -0.8791
vn -0.0010 0.4400 -0.8980
vn -0.0093 0.4159 -0.9094
vn -0.0058 0.3623 -0.9320
vn 0.0000 0.3360 -0.9419
vn -0.0000 0.3024 -0.9532
vn -0.0000 0.2589 -0.9659
vn -0.0000 0.2125 -0.9772
vn -0.0013 0.1625 -0.9867
vn -0.0025 -0.0018 -1.0000
vn 0.0000 0.0530 -0.9986
vn -0.0015 0.1052 -0.9945
vn 1.0000 0.0001 -0.0000
vn 1.0000 0.0001 -0.0001
vn 1.0000 -0.0000 0.0000
vn 1.0000 -0.0000 -0.0000
vn 1.0000 0.0000 -0.0000
vn 1.0000 0.0001 0.0000
vn 1.0000 0.0000 0.0000
vn -0.5576 -0.0022 0.8301
vn -0.6297 -0.0023 0.7768
vn -0.6444 -0.0485 0.7632
vn -0.5570 -0.0492 0.8291
vn -0.0875 -0.7583 0.6460
vn -0.6693 -0.3296 0.6659
vn -0.6770 -0.3589 0.6425
vn -0.6878 -0.3897 0.6125
vn -0.7004 -0.4177 0.5788
vn -0.7119 -0.4442 0.5439
vn -0.7218 -0.4697 0.5083
vn -0.7296 -0.4944 0.4726
vn -0.7349 -0.5181 0.4375
vn -0.6591 -0.2978 0.6906
vn -0.6931 -0.2719 0.6676
vn -0.6634 -0.2567 0.7028
vn -0.6787 -0.2385 0.6946
vn -0.7224 -0.2592 0.6410
vn -0.6518 -0.2204 0.7256
vn -0.6827 -0.1988 0.7032
vn -0.7152 -0.2239 0.6621
vn -0.6522 -0.1797 0.7365
vn -0.6719 -0.1613 0.7229
vn -0.6458 -0.1386 0.7508
vn -0.6809 -0.1188 0.7227
vn -0.7075 -0.1486 0.6909
vn -0.6490 -0.0946 0.7549
vn -0.6726 -0.0781 0.7359
vn -0.7066 -0.1097 0.6991
vn -0.6913 -0.0367 0.7216
vn -0.6837 -0.0022 0.7298
vn -0.0393 -0.2328 0.9717
vn -0.0827 -0.2574 0.9628
vn -0.0802 -0.2070 0.9750
vn -0.0539 -0.1790 0.9824
vn -0.0765 -0.1535 0.9852
vn -0.0633 -0.1234 0.9903
vn -0.0371 -0.0978 0.9945
vn -0.1135 -0.0676 0.9912
vn -0.0421 -0.0446 0.9981
vn -0.0505 -0.4343 0.8993
vn -0.0637 -0.4540 0.8887
vn -0.0223 -0.4009 0.9159
vn -0.1000 -0.3585 0.9282
vn -0.1015 -0.3891 0.9156
vn -0.0801 -0.3347 0.9389
vn 0.0002 -0.3246 0.9459
vn -0.0843 -0.3136 0.9458
vn -0.1528 -0.2747 0.9493
vn -0.0505 -0.2881 0.9563
vn -0.1386 -0.4731 0.8700
vn -0.0676 -0.5089 0.8582
vn -0.0430 -0.4863 0.8727
vn -0.1146 -0.5295 0.8405
vn -0.0399 -0.5799 0.8137
vn -0.0482 -0.5352 0.8433
vn -0.1210 -0.5762 0.8083
vn -0.0842 -0.6252 0.7759
vn -0.6492 -0.5807 0.4912
vn -0.0329 0.0005 0.9995
vn -0.1058 -0.0021 0.9944
vn -0.1935 -0.0026 0.9811
vn -0.1932 -0.0580 0.9794
vn -0.1986 -0.1152 0.9733
vn -0.2004 -0.1711 0.9647
vn -0.1940 -0.2255 0.9547
vn -0.2021 -0.2773 0.9393
vn -0.1970 -0.3283 0.9238
vn -0.1996 -0.3776 0.9042
vn -0.2031 -0.4258 0.8817
vn -0.2074 -0.4734 0.8561
vn -0.1993 -0.5218 0.8294
vn -0.2168 -0.5672 0.7946
vn -0.2211 -0.6132 0.7583
vn -0.0853 -0.6705 0.7370
vn -0.2249 -0.6583 0.7184
vn -0.0867 -0.7165 0.6922
vn -0.2281 -0.7016 0.6751
vn -0.2289 -0.7420 0.6301
vn -0.2894 -0.0025 0.9572
vn -0.2891 -0.0566 0.9556
vn -0.2892 -0.1126 0.9506
vn -0.2894 -0.1672 0.9425
vn -0.2902 -0.2201 0.9313
vn -0.2917 -0.2710 0.9173
vn -0.2945 -0.3203 0.9004
vn -0.2985 -0.3682 0.8805
vn -0.3038 -0.4149 0.8576
vn -0.3102 -0.4606 0.8316
vn -0.3171 -0.5057 0.8023
vn -0.3240 -0.5503 0.7696
vn -0.3304 -0.5940 0.7334
vn -0.3360 -0.6368 0.6940
vn -0.3405 -0.6778 0.6516
vn -0.3416 -0.7168 0.6078
vn -0.3826 -0.0547 0.9223
vn -0.3827 -0.1087 0.9175
vn -0.3830 -0.1614 0.9095
vn -0.3840 -0.2124 0.8986
vn -0.3860 -0.2616 0.8846
vn -0.3896 -0.3090 0.8676
vn -0.3949 -0.3548 0.8474
vn -0.4018 -0.3993 0.8241
vn -0.4100 -0.4426 0.7975
vn -0.4189 -0.4849 0.7677
vn -0.4279 -0.5264 0.7347
vn -0.4362 -0.5670 0.6988
vn -0.4434 -0.6065 0.6600
vn -0.4492 -0.6445 0.6188
vn -0.4332 -0.6820 0.5892
vn -0.3961 -0.7187 0.5715
vn -0.3830 -0.0025 0.9237
vn -0.4728 -0.0024 0.8811
vn -0.4723 -0.0522 0.8799
vn -0.4725 -0.1037 0.8752
vn -0.4729 -0.1540 0.8676
vn -0.4740 -0.2027 0.8569
vn -0.4764 -0.2495 0.8431
vn -0.4807 -0.2945 0.8259
vn -0.4871 -0.3378 0.8054
vn -0.4954 -0.3794 0.7815
vn -0.5051 -0.4194 0.7543
vn -0.5158 -0.4582 0.7239
vn -0.5264 -0.4959 0.6907
vn -0.5363 -0.5324 0.6549
vn -0.5448 -0.5679 0.6170
vn -0.5516 -0.6020 0.5774
vn -0.5698 -0.6213 0.5379
vn -0.5636 -0.0974 0.8203
vn -0.5575 -0.1452 0.8174
vn -0.5647 -0.1902 0.8031
vn -0.5610 -0.2351 0.7937
vn -0.5721 -0.2759 0.7724
vn -0.5737 -0.3172 0.7551
vn -0.5830 -0.3554 0.7306
vn -0.5940 -0.3916 0.7027
vn -0.6059 -0.4262 0.6718
vn -0.6177 -0.4593 0.6383
vn -0.6287 -0.4912 0.6029
vn -0.6382 -0.5219 0.5660
vn -0.6456 -0.5516 0.5282
vn -0.0004 -0.5391 0.8423
vn -0.0004 -0.5645 0.8255
vn -0.0004 -0.5928 0.8054
vn -0.0012 -0.6546 0.7560
vn -0.0015 -0.6283 0.7780
vn -0.0008 -0.7147 0.6995
vn -0.0012 -0.7064 0.7078
vn -0.0017 -0.7334 0.6798
vn -0.0014 -0.6814 0.7319
vn -0.0011 -0.7496 0.6619
vn -0.0014 -0.7468 0.6650
vn -0.0007 -0.7614 0.6483
vn -0.0000 -0.7998 0.6002
vn -0.0000 -0.7980 0.6026
vn -0.0000 -0.7978 0.6030
vn -0.0001 -0.7936 0.6084
vn -0.0006 -0.7866 0.6174
vn -0.0007 -0.7852 0.6193
vn -0.0012 -0.7763 0.6304
vn 0.0003 -0.5087 0.8609
vn -0.0000 -0.4836 0.8753
vn 0.0000 -0.4545 0.8908
vn 0.0000 -0.4268 0.9044
vn -0.0006 -0.3985 0.9172
vn -0.0007 -0.3626 0.9319
vn 0.0004 -0.2884 0.9575
vn -0.0001 -0.2553 0.9669
vn -0.0001 -0.2119 0.9773
vn -0.0001 -0.1600 0.9871
vn -0.0004 -0.1089 0.9940
vn -0.0005 -0.0751 0.9972
vn 0.0000 -0.0460 0.9989
vn 0.0008 0.0026 1.0000
vn -0.7063 -0.0020 0.7079
vn -0.7071 -0.0324 0.7064
vn -0.7065 -0.0709 0.7042
vn -0.7102 -0.1869 0.6787
vn 0.1866 -0.0006 -0.9824
vn 0.1978 0.0165 -0.9801
vn 0.2586 0.0213 -0.9657
vn 0.0172 -0.0023 -0.9998
vn 0.0711 0.0083 -0.9974
vn 0.0850 0.0131 -0.9963
vn 0.1337 0.0185 -0.9908
vn 0.3418 0.0199 -0.9396
vn 0.3919 0.0140 -0.9199
vn 0.3131 0.0152 -0.9496
vn 0.4713 0.0169 -0.8818
vn 0.5153 0.0142 -0.8569
vn 0.4386 0.0113 -0.8986
vn 0.5940 0.0184 -0.8043
vn 0.5543 0.0162 -0.8322
vn 0.7274 0.0110 -0.6861
vn 0.6645 0.0135 -0.7472
vn 0.7034 0.0164 -0.7106
vn 0.6253 0.0143 -0.7802
vn 0.5892 0.0000 -0.8080
vn 0.7612 0.0151 -0.6483
vn 0.7988 0.0173 -0.6014
vn 0.8118 0.0104 -0.5838
vn 0.8774 0.0124 -0.4797
vn 0.8476 0.0156 -0.5303
vn 0.9298 0.0115 -0.3678
vn 0.9043 0.0157 -0.4267
vn 0.9364 0.0205 -0.3503
vn 0.8778 0.0000 -0.4791
vn 0.9782 0.0212 -0.2065
vn 0.9832 0.0112 -0.1821
vn 0.9652 0.0209 -0.2607
vn 0.9551 0.0216 -0.2957
vn 0.9456 0.0000 -0.3253
vn 0.9906 0.0164 -0.1358
vn 0.9968 0.0060 -0.0800
vn 0.9976 0.0004 -0.0692
vn 1.0000 -0.0007 0.0000
vn -0.9980 0.0003 0.0633
vn -1.0000 0.0021 0.0006
vn -0.9968 -0.0182 0.0779
vn -0.9741 -0.0252 0.2246
vn -0.9774 -0.0030 0.2112
vn -0.9878 -0.0481 0.1479
vn -0.9919 -0.0375 0.1212
vn -0.9481 -0.0410 0.3153
vn -0.9572 -0.0408 0.2864
vn -0.9261 -0.0304 0.3761
vn -0.9700 0.0000 0.2433
vn -0.8556 -0.0279 0.5169
vn -0.8869 -0.0525 0.4590
vn -0.8958 -0.0567 0.4408
vn -0.9128 -0.0130 0.4081
vn -0.9241 -0.0065 0.3821
vn -0.7640 -0.0316 0.6444
vn -0.7897 -0.0344 0.6125
vn -0.8129 -0.0463 0.5806
vn -0.8346 -0.0172 0.5505
vn -0.8477 -0.0104 0.5303
vn -0.8666 -0.0000 0.4989
vn -0.6514 -0.0331 0.7580
vn -0.6433 -0.0099 0.7655
vn -0.6966 -0.0392 0.7164
vn -0.7194 -0.0418 0.6933
vn -0.5265 -0.0046 0.8501
vn -0.5238 -0.0245 0.8515
vn -0.4567 -0.0440 0.8885
vn -0.5887 -0.0495 0.8069
vn 0.0000 1.0000 -0.0000
vn -0.6197 -0.0198 0.7846
vn -0.3877 -0.0367 0.9210
vn -0.3750 -0.0046 0.9270
vn -0.4260 -0.0312 0.9042
vn -0.2985 -0.0494 0.9531
vn -0.2320 -0.0312 0.9722
vn -0.2249 -0.0113 0.9743
vn -0.3181 -0.0557 0.9464
vn -0.3581 -0.0091 0.9337
vn -0.1526 -0.0486 0.9871
vn -0.1897 -0.0163 0.9817
vn -0.1085 -0.0073 0.9941
vn -0.0858 -0.0167 0.9962
vn -0.0701 -0.0048 0.9975
vn -0.0190 -0.0012 0.9998
vn 0.5886 0.0000 0.8084
vn 0.6152 0.0070 0.7883
vn 0.5928 0.0192 0.8051
vn 0.5647 0.0099 0.8252
vn 0.8843 -0.0531 0.4638
vn 0.9277 0.0065 0.3733
vn 0.9367 0.0110 0.3499
vn 0.8788 -0.0120 0.4771
vn 0.7993 0.0194 0.6007
vn 0.8052 0.0010 0.5931
vn 0.8256 0.0149 0.5641
vn 0.8461 -0.0183 0.5327
vn 0.8596 -0.1061 0.4998
vn 0.7313 0.0093 0.6820
vn 0.7533 0.0201 0.6574
vn 0.7033 0.0187 0.7106
vn 0.7832 0.0035 0.6218
vn 0.6518 0.0183 0.7582
vn 0.6943 0.0008 0.7197
vn 0.4694 0.0180 0.8828
vn 0.4694 0.0024 0.8830
vn 0.5157 0.0177 0.8566
vn 0.5371 0.0239 0.8432
vn 0.3406 0.0197 0.9400
vn 0.3293 -0.0000 0.9442
vn 0.3752 0.0127 0.9269
vn 0.4133 0.0172 0.9104
vn 0.4467 0.0035 0.8947
vn 0.1997 0.0187 0.9797
vn 0.2572 0.0206 0.9661
vn 0.2837 0.0205 0.9587
vn 0.1381 0.0236 0.9901
vn 0.1646 0.0042 0.9863
vn 0.1963 0.0021 0.9805
vn 0.1139 0.0204 0.9933
vn 0.0699 0.0089 0.9975
vn 0.0507 -0.0011 0.9987
vn 0.0128 0.0007 0.9999
vn 0.9976 0.0004 0.0696
vn 0.9968 0.0059 0.0802
vn 0.9501 0.0000 0.3118
vn 0.9627 0.0118 0.2705
vn 0.9780 0.0197 0.2075
vn 0.9820 0.0107 0.1888
vn 0.9905 0.0162 0.1365
vn 0.0025 0.0892 -0.9960
vn -0.0636 0.0304 -0.9975
vn -0.0493 0.0431 -0.9979
vn 0.0023 0.0898 -0.9960
vn -0.2322 -0.0367 -0.9720
vn -0.2390 0.0000 -0.9710
vn -0.1899 -0.0315 -0.9813
vn -0.1560 -0.0422 -0.9868
vn -0.3769 0.0000 -0.9262
vn -0.3194 -0.0424 -0.9467
vn -0.3866 -0.0319 -0.9217
vn -0.2908 -0.0384 -0.9560
vn -0.5243 -0.0219 -0.8512
vn -0.4582 -0.0427 -0.8878
vn -0.4287 -0.0329 -0.9029
vn -0.6559 -0.0358 -0.7540
vn -0.6078 -0.0380 -0.7932
vn -0.5833 -0.0426 -0.8111
vn -0.6677 -0.0161 -0.7442
vn -0.5226 0.0000 -0.8526
vn -0.7643 -0.0329 -0.6441
vn -0.7926 -0.0416 -0.6084
vn -0.7199 -0.0399 -0.6929
vn -0.6938 -0.0322 -0.7195
vn -0.8464 -0.0029 -0.5325
vn -0.8216 -0.0371 -0.5689
vn -0.8559 -0.0313 -0.5162
vn -0.8625 -0.0107 -0.5059
vn -0.8082 -0.0619 -0.5857
vn -0.9129 -0.0123 -0.4081
vn -0.8941 -0.0507 -0.4449
vn -0.9271 -0.0350 -0.3731
vn -0.9290 -0.0193 -0.3697
vn -0.8777 -0.0185 -0.4788
vn -0.9543 -0.0470 -0.2951
vn -0.9738 -0.0270 -0.2259
vn -0.9880 -0.0504 -0.1461
vn -0.9778 -0.0058 -0.2097
vn -0.9683 0.0000 -0.2499
vn -0.9940 -0.0142 -0.1085
vn -0.9969 -0.0156 -0.0773
vn -0.9973 -0.0068 -0.0737
vn -0.3079 0.8393 -0.4480
vn -0.3367 0.8401 -0.4253
vn -0.2993 0.8583 -0.4169
vn -0.3512 0.8403 -0.4130
vn -0.3767 0.8393 -0.3920
vn -0.3488 0.8583 -0.3764
vn -0.5365 0.8378 -0.1010
vn -0.5364 0.8396 -0.0854
vn -0.5023 0.8580 -0.1071
vn -0.5293 0.8395 -0.1231
vn -0.5451 0.8376 -0.0358
vn -0.5467 0.8373 0.0002
vn -0.5272 0.8498 -0.0022
vn -0.5115 0.8577 -0.0522
vn -0.0126 0.9999 -0.0040
vn -0.0759 0.9970 -0.0169
vn -0.0718 0.9974 -0.0097
vn -0.0170 0.8760 -0.4820
vn -0.0672 0.8572 -0.5107
vn -0.0593 0.8936 -0.4449
vn -0.0502 0.9257 -0.3750
vn -0.0136 0.9159 -0.4013
vn -0.0128 0.8964 -0.4431
vn -0.0391 0.9526 -0.3017
vn -0.0118 0.9489 -0.3154
vn -0.0137 0.9352 -0.3538
vn -0.0308 0.9733 -0.2274
vn -0.0103 0.9661 -0.2579
vn -0.0095 0.9861 -0.1658
vn -0.0112 0.9793 -0.2022
vn -0.0241 0.9881 -0.1519
vn -0.0133 0.9934 -0.1136
vn -0.0133 0.9970 -0.0764
vn -0.0041 0.9979 -0.0644
vn -0.1417 0.9899 -0.0048
vn -0.1087 0.9940 0.0081
vn -0.1558 0.9874 -0.0267
vn -0.0668 0.9977 0.0115
vn -0.2288 0.9732 -0.0228
vn -0.3013 0.9528 -0.0360
vn -0.3166 0.9486 0.0000
vn -0.2685 0.9633 0.0000
vn -0.5400 0.8394 -0.0609
vn -0.4473 0.8932 -0.0469
vn -0.4809 0.8768 0.0017
vn -0.4852 0.8583 -0.1672
vn -0.5194 0.8398 -0.1582
vn -0.4917 0.8381 -0.2361
vn -0.4956 0.8404 -0.2192
vn -0.4605 0.8584 -0.2262
vn -0.4801 0.8398 -0.2536
vn -0.4534 0.8381 -0.3034
vn -0.4594 0.8386 -0.2927
vn -0.4298 0.8582 -0.2808
vn -0.4415 0.8399 -0.3157
vn -0.4679 0.8401 -0.2746
vn -0.4247 0.8399 -0.3380
vn -0.3921 0.8581 -0.3315
vn -0.3992 0.8395 -0.3685
vn -0.2243 0.8402 -0.4938
vn -0.2507 0.8393 -0.4824
vn -0.2455 0.8581 -0.4510
vn -0.1870 0.8580 -0.4784
vn -0.2834 0.8396 -0.4634
vn -0.1789 0.8390 -0.5139
vn -0.2066 0.8385 -0.5042
vn -0.0760 0.8407 -0.5362
vn -0.1106 0.8399 -0.5314
vn -0.1267 0.8581 -0.4976
vn -0.1296 0.8383 -0.5296
vn -0.1516 0.8392 -0.5223
vn -0.0175 0.8528 -0.5220
vn -0.0391 0.8397 -0.5417
vn -0.0132 0.8394 -0.5433
vn -0.4392 0.8934 -0.0947
vn -0.0702 0.9969 -0.0343
vn -0.0737 0.9970 -0.0255
vn -0.1457 0.9880 -0.0504
vn -0.1507 0.9880 -0.0325
vn -0.2246 0.9732 -0.0484
vn -0.1901 0.9818 0.0000
vn -0.2288 0.9732 0.0228
vn -0.5046 0.8405 -0.1971
vn -0.4246 0.8934 -0.1469
vn -0.3576 0.9257 -0.1237
vn -0.3698 0.9257 -0.0798
vn -0.1385 0.9880 -0.0680
vn -0.2172 0.9732 -0.0751
vn -0.2982 0.9523 -0.0643
vn -0.4034 0.8934 -0.1979
vn -0.3397 0.9256 -0.1667
vn -0.2739 0.9523 -0.1344
vn -0.2883 0.9523 -0.0997
vn -0.2063 0.9732 -0.1012
vn -0.3768 0.9253 -0.0424
vn -0.3693 0.9293 0.0000
vn -0.3762 0.8934 -0.2457
vn -0.3168 0.9256 -0.2069
vn -0.2554 0.9523 -0.1668
vn -0.1924 0.9732 -0.1257
vn -0.1291 0.9880 -0.0843
vn -0.3438 0.8934 -0.2893
vn -0.2895 0.9256 -0.2437
vn -0.2334 0.9523 -0.1964
vn -0.1758 0.9732 -0.1480
vn -0.1180 0.9880 -0.0993
vn -0.0657 0.9969 -0.0429
vn -0.0601 0.9969 -0.0505
vn -0.0536 0.9969 -0.0579
vn -0.1049 0.9880 -0.1132
vn -0.1562 0.9732 -0.1686
vn -0.2074 0.9523 -0.2238
vn -0.2572 0.9256 -0.2776
vn -0.3054 0.8934 -0.3296
vn -0.2618 0.8933 -0.3652
vn -0.2205 0.9256 -0.3076
vn -0.1778 0.9523 -0.2480
vn -0.1339 0.9732 -0.1868
vn -0.0899 0.9880 -0.1254
vn -0.0460 0.9969 -0.0640
vn -0.4524 0.8918 0.0034
vn -0.4168 0.9090 -0.0001
vn -0.2142 0.8933 -0.3950
vn -0.1804 0.9256 -0.3327
vn -0.1455 0.9523 -0.2682
vn -0.1096 0.9732 -0.2021
vn -0.0736 0.9880 -0.1356
vn -0.0377 0.9969 -0.0696
vn -0.1635 0.8934 -0.4185
vn -0.1377 0.9256 -0.3524
vn -0.1110 0.9523 -0.2841
vn -0.0836 0.9732 -0.2141
vn -0.0561 0.9880 -0.1437
vn -0.0294 0.9969 -0.0734
vn -0.1109 0.8934 -0.4354
vn -0.0934 0.9256 -0.3667
vn -0.0753 0.9523 -0.2956
vn -0.0567 0.9732 -0.2227
vn -0.0409 0.9880 -0.1491
vn -0.0196 0.9969 -0.0768
vn -0.0187 0.9971 0.0736
vn -0.0281 0.9971 0.0706
vn -0.0345 0.9729 0.2288
vn -0.0203 0.9880 0.1534
vn -0.0381 0.9880 0.1495
vn -0.0567 0.9732 0.2227
vn -0.5167 0.8380 0.1756
vn -0.5054 0.8404 0.1955
vn -0.4853 0.8582 0.1672
vn -0.5203 0.8399 0.1544
vn -0.0877 0.8396 0.5360
vn -0.0559 0.8390 0.5413
vn -0.0664 0.8576 0.5101
vn -0.0166 0.9171 0.3984
vn -0.0141 0.9352 0.3539
vn -0.0505 0.9257 0.3750
vn -0.0166 0.9955 0.0931
vn -0.0088 0.9987 0.0500
vn -0.0198 0.9971 0.0732
vn -0.0161 0.9923 0.1230
vn -0.0179 0.9843 0.1754
vn -0.0182 0.9799 0.1985
vn -0.0116 0.9581 0.2862
vn -0.0117 0.9675 0.2525
vn -0.0432 0.9525 0.3014
vn -0.0075 0.9747 0.2236
vn -0.0165 0.8858 0.4638
vn -0.0174 0.9047 0.4257
vn -0.0603 0.8929 0.4462
vn -0.0187 0.8350 0.5500
vn -0.0193 0.8588 0.5119
vn -0.0342 0.8359 0.5478
vn -0.0170 0.8294 0.5584
vn -0.1265 0.8582 0.4975
vn -0.1311 0.8385 0.5289
vn -0.1093 0.8399 0.5315
vn -0.1872 0.8582 0.4780
vn -0.2207 0.8399 0.4958
vn -0.2073 0.8386 0.5038
vn -0.1980 0.8384 0.5078
vn -0.1756 0.8398 0.5138
vn -0.2994 0.8582 0.4169
vn -0.3119 0.8394 0.4451
vn -0.2847 0.8395 0.4628
vn -0.2460 0.8581 0.4508
vn -0.3981 0.8395 0.3698
vn -0.3925 0.8580 0.3315
vn -0.4246 0.8395 0.3392
vn -0.4298 0.8581 0.2810
vn -0.4569 0.8383 0.2976
vn -0.4426 0.8394 0.3155
vn -0.4665 0.8399 0.2773
vn -0.4613 0.8384 0.2903
vn -0.5367 0.8375 0.1022
vn -0.5292 0.8395 0.1232
vn -0.5023 0.8581 0.1069
vn -0.5366 0.8395 0.0861
vn -0.5451 0.8375 0.0368
vn -0.5118 0.8576 0.0508
vn -0.4462 0.8936 0.0490
vn -0.3768 0.9253 0.0424
vn -0.3013 0.9528 0.0360
vn -0.1562 0.9874 0.0246
vn -0.0746 0.9970 0.0184
vn -0.0751 0.9970 0.0168
vn -0.5400 0.8394 0.0615
vn -0.4392 0.8934 0.0947
vn -0.3698 0.9257 0.0798
vn -0.2982 0.9523 0.0643
vn -0.2246 0.9732 0.0484
vn -0.1507 0.9880 0.0325
vn -0.4246 0.8934 0.1469
vn -0.3576 0.9257 0.1237
vn -0.2883 0.9523 0.0997
vn -0.2172 0.9732 0.0751
vn -0.1457 0.9880 0.0504
vn -0.0727 0.9970 0.0252
vn -0.0687 0.9971 0.0338
vn -0.4908 0.8381 0.2380
vn -0.4793 0.8399 0.2548
vn -0.4604 0.8584 0.2262
vn -0.4952 0.8404 0.2204
vn -0.3762 0.8934 0.2457
vn -0.4034 0.8934 0.1979
vn -0.3397 0.9256 0.1667
vn -0.3168 0.9256 0.2069
vn -0.3438 0.8934 0.2893
vn -0.2739 0.9523 0.1344
vn -0.2554 0.9523 0.1668
vn -0.3487 0.8583 0.3765
vn -0.3054 0.8934 0.3296
vn -0.3757 0.8394 0.3929
vn -0.2895 0.9256 0.2437
vn -0.2334 0.9523 0.1964
vn -0.2572 0.9256 0.2776
vn -0.2618 0.8933 0.3652
vn -0.3507 0.8403 0.4133
vn -0.3372 0.8404 0.4242
vn -0.2063 0.9732 0.1012
vn -0.1924 0.9732 0.1257
vn -0.2142 0.8933 0.3950
vn -0.2495 0.8397 0.4824
vn -0.1385 0.9880 0.0680
vn -0.1291 0.9880 0.0843
vn -0.1758 0.9732 0.1480
vn -0.2074 0.9523 0.2238
vn -0.1562 0.9732 0.1686
vn -0.2205 0.9256 0.3076
vn -0.1778 0.9523 0.2480
vn -0.0641 0.9971 0.0418
vn -0.1180 0.9880 0.0993
vn -0.0583 0.9971 0.0492
vn -0.1339 0.9732 0.1868
vn -0.1804 0.9256 0.3327
vn -0.1455 0.9523 0.2682
vn -0.1635 0.8934 0.4185
vn -0.1109 0.8934 0.4354
vn -0.1553 0.8398 0.5202
vn -0.0144 0.9465 0.3225
vn -0.0753 0.9523 0.2956
vn -0.0836 0.9732 0.2141
vn -0.1110 0.9523 0.2841
vn -0.0561 0.9880 0.1437
vn -0.0736 0.9880 0.1356
vn -0.1096 0.9732 0.2021
vn -0.0363 0.9971 0.0669
vn -0.0443 0.9971 0.0619
vn -0.0899 0.9880 0.1254
vn -0.1377 0.9256 0.3524
vn -0.1049 0.9880 0.1132
vn -0.0934 0.9256 0.3667
vn -0.0518 0.9971 0.0560
vn 0.0001 0.9378 -0.3473
vn 0.0576 -0.0039 0.9983
vn 0.0143 0.0004 0.9999
vn 0.0141 0.0004 0.9999
vn 0.0511 -0.0028 0.9987
vn 0.0910 -0.0090 0.9958
vn 0.1080 -0.0133 0.9941
vn 0.4962 -0.0763 0.8649
vn 0.4948 -0.0941 0.8639
vn 0.4292 -0.0736 0.9002
vn 0.4059 -0.0612 0.9119
vn 0.3498 -0.0520 0.9354
vn 0.3005 -0.0437 0.9528
vn 0.2819 -0.0399 0.9586
vn 0.2137 -0.0281 0.9765
vn 0.2226 -0.0296 0.9745
vn 0.1630 -0.0211 0.9864
vn 0.1539 -0.0203 0.9879
vn 0.1178 -0.0144 0.9929
vn 0.5767 -0.0975 0.8112
vn 0.5999 -0.1244 0.7904
vn 0.5586 -0.1086 0.8223
vn 0.6450 -0.1105 0.7561
vn 0.6824 -0.1321 0.7189
vn 0.6498 -0.1243 0.7498
vn 0.6215 -0.0961 0.7775
vn 0.6249 -0.1316 0.7695
vn 0.6791 -0.1394 0.7207
vn 0.7173 -0.1587 0.6785
vn 0.7035 -0.1392 0.6970
vn 0.7270 -0.1615 0.6674
vn 0.7459 -0.1792 0.6415
vn 0.7579 -0.1939 0.6229
vn 0.7614 -0.1971 0.6176
vn 0.7727 -0.2095 0.5992
vn 0.7793 -0.2288 0.5834
vn 0.7787 -0.2230 0.5865
vn 0.7866 -0.2546 0.5625
vn 0.7886 -0.2677 0.5535
vn 0.7790 -0.3367 0.5289
vn 0.7776 -0.3397 0.5292
vn 0.7869 -0.3108 0.5330
vn 0.7878 -0.3069 0.5340
vn 0.7905 -0.2808 0.5443
vn 0.5765 -0.0735 0.8138
vn 0.5455 -0.0627 0.8358
vn 0.5184 -0.0635 0.8528
vn 0.3650 -0.0550 0.9294
vn 0.4349 -0.0512 0.8990
vn 0.4670 -0.0542 0.8826
vn -0.0005 0.8204 -0.5718
vn -0.0003 0.8172 -0.5763
vn -0.0013 0.8314 -0.5557
vn -0.0010 0.8280 -0.5608
vn -0.0008 0.8385 -0.5449
vn 0.0018 0.8230 -0.5680
vn 0.0022 0.8217 -0.5699
vn 0.0011 0.8268 -0.5624
vn 0.0010 0.8272 -0.5619
vn -0.0003 0.8429 -0.5381
vn 0.0003 0.8395 -0.5434
vn -0.0000 0.8924 -0.4512
vn -0.0001 0.8647 -0.5023
vn 0.0001 0.9216 -0.3880
vn -0.0003 0.9031 -0.4295
vn -0.0002 0.9093 -0.4162
vn -0.0001 0.9797 -0.2004
vn -0.0000 0.9733 -0.2297
vn -0.0001 0.9659 -0.2588
vn -0.0002 0.9582 -0.2863
vn -0.0001 0.9496 -0.3135
vn -0.0001 0.9927 -0.1206
vn -0.0001 0.9866 -0.1634
vn -0.0001 0.9956 -0.0934
vn -0.0000 0.9983 -0.0576
vn -0.0001 1.0000 -0.0020
vn -0.0122 -0.0004 -0.9999
vn -0.0134 0.0243 -0.9996
vn -0.0059 0.0496 -0.9988
vn -0.0000 -0.0001 1.0000
vn -0.0139 -0.0039 0.9999
vn 0.0002 -0.8198 -0.5726
vn 0.0000 0.0000 -1.0000
vn 0.0213 -0.0041 -0.9998
vn 0.0000 1.0000 0.0000
vn -1.0000 -0.0000 0.0000
vn -1.0000 -0.0000 -0.0000
vn -1.0000 0.0000 -0.0000
vn -1.0000 0.0000 0.0000
vn -1.0000 -0.0001 0.0000
vn -1.0000 -0.0001 -0.0000
vn 1.0000 -0.0001 0.0003
vn 1.0000 -0.0000 0.0002
vn 1.0000 -0.0000 0.0001
vn 1.0000 -0.0001 0.0002
vn 1.0000 0.0000 0.0002
vn 1.0000 -0.0004 0.0008
vn 1.0000 -0.0004 0.0006
vn 1.0000 -0.0003 0.0001
vn 1.0000 -0.0006 0.0003
vn 1.0000 -0.0002 0.0002
vn 1.0000 -0.0003 0.0004
vn 1.0000 -0.0002 0.0005
vn 1.0000 -0.0001 -0.0001
vn 1.0000 -0.0002 -0.0002
vn 1.0000 -0.0003 -0.0003
vn 1.0000 -0.0002 -0.0001
vn 1.0000 -0.0005 -0.0003
vn 1.0000 -0.0006 -0.0002
vn 1.0000 -0.0003 -0.0001
vn 1.0000 -0.0000 -0.0002
vn 1.0000 -0.0001 -0.0002
vn 1.0000 0.0005 0.0008
vn 1.0000 0.0003 0.0004
vn 1.0000 0.0001 0.0002
vn 1.0000 0.0001 0.0004
vn 1.0000 0.0000 -0.0001
vn 1.0000 0.0002 0.0000
vn 1.0000 0.0002 0.0001
vn 1.0000 0.0064 0.0064
vn 1.0000 0.0013 0.0013
vn 0.9998 0.0155 0.0156
vn 0.9999 0.0077 0.0077
vn 1.0000 -0.0003 -0.0000
vn 1.0000 -0.0006 -0.0001
vn 1.0000 -0.0010 0.0001
vn 1.0000 -0.0005 0.0001
vn 1.0000 -0.0002 0.0003
vn 1.0000 0.0003 0.0009
vn -0.8286 -0.5484 -0.1124
vn -0.8285 -0.5443 -0.1314
vn -0.7967 -0.5882 -0.1390
vn -0.7909 -0.6002 -0.1192
vn -0.8146 -0.5728 -0.0914
vn -0.8316 -0.5489 -0.0850
vn -0.7790 -0.6226 -0.0750
vn -0.8296 -0.5550 -0.0613
vn -0.8309 -0.5550 -0.0386
vn -0.8048 -0.5923 -0.0388
vn -0.8268 -0.5321 -0.1826
vn -0.7829 -0.5822 -0.2192
vn -0.7992 -0.5713 -0.1866
vn -0.7889 -0.5898 -0.1727
vn -0.8283 -0.5366 -0.1613
vn -0.8056 -0.5721 -0.1542
vn -0.8033 -0.5277 -0.2762
vn -0.7866 -0.5558 -0.2689
vn -0.8213 -0.5082 -0.2592
vn -0.8020 -0.5252 -0.2844
vn -0.8227 -0.5172 -0.2358
vn -0.7870 -0.5609 -0.2569
vn -0.8263 -0.5229 -0.2093
vn -0.7953 -0.5618 -0.2276
vn -0.8193 -0.4967 -0.2864
vn -0.7719 -0.5508 -0.3175
vn -0.7851 -0.5275 -0.3247
vn -0.8178 -0.4857 -0.3086
vn -0.7672 -0.5309 -0.3599
vn -0.8152 -0.4670 -0.3426
vn -0.7975 -0.4851 -0.3587
vn -0.2155 -0.7863 -0.5791
vn -0.1197 -0.8002 -0.5876
vn -0.1177 -0.8403 -0.5291
vn -0.2370 -0.8223 -0.5174
vn -0.7120 -0.5652 -0.4166
vn -0.6551 -0.6078 -0.4489
vn -0.6607 -0.6358 -0.3990
vn -0.7252 -0.5852 -0.3628
vn -0.7830 -0.4801 -0.3956
vn -0.7537 -0.5285 -0.3907
vn -0.7445 -0.5915 -0.3095
vn -0.7363 -0.6249 -0.2595
vn -0.7424 -0.6370 -0.2073
vn -0.7402 -0.6536 -0.1577
vn -0.7553 -0.6472 -0.1031
vn -0.7545 -0.6542 -0.0521
vn -0.1200 -0.9898 -0.0774
vn -0.1198 -0.9804 -0.1561
vn -0.1196 -0.9647 -0.2346
vn -0.1053 -0.9441 -0.3124
vn -0.6747 -0.7358 -0.0574
vn -0.6734 -0.7302 -0.1160
vn -0.6727 -0.7191 -0.1745
vn -0.6708 -0.7043 -0.2324
vn -0.6683 -0.6853 -0.2893
vn -0.6652 -0.6623 -0.3447
vn -0.5782 -0.8135 -0.0635
vn -0.5775 -0.8063 -0.1282
vn -0.5763 -0.7942 -0.1928
vn -0.5746 -0.7772 -0.2566
vn -0.5723 -0.7554 -0.3191
vn -0.5695 -0.7290 -0.3798
vn -0.5678 -0.6971 -0.4379
vn -0.5660 -0.6630 -0.4900
vn -0.4719 -0.8790 -0.0686
vn -0.4714 -0.8710 -0.1385
vn -0.4704 -0.8575 -0.2083
vn -0.4689 -0.8387 -0.2771
vn -0.4669 -0.8145 -0.3443
vn -0.4645 -0.7853 -0.4093
vn -0.4614 -0.7511 -0.4722
vn -0.4817 -0.7061 -0.5191
vn -0.3584 -0.9307 -0.0727
vn -0.3579 -0.9222 -0.1467
vn -0.3571 -0.9076 -0.2206
vn -0.3560 -0.8873 -0.2933
vn -0.3544 -0.8612 -0.3642
vn -0.3525 -0.8297 -0.4327
vn -0.3511 -0.7927 -0.4984
vn -0.4219 -0.7303 -0.5373
vn -0.3489 -0.7532 -0.5576
vn -0.4538 -0.6799 -0.5760
vn -0.2401 -0.9678 -0.0756
vn -0.2398 -0.9588 -0.1526
vn -0.2392 -0.9435 -0.2294
vn -0.2245 -0.9252 -0.3060
vn -0.2373 -0.8947 -0.3785
vn -0.2362 -0.8615 -0.4495
vn -0.2781 -0.7734 -0.5696
vn -0.2330 -0.7415 -0.6292
vn -0.1180 -0.8803 -0.4596
vn -0.1333 -0.9127 -0.3863
vn 0.8143 0.4665 0.3453
vn 0.8143 0.4666 0.3451
vn 0.8212 0.4754 0.3155
vn 0.8234 0.4755 0.3096
vn 0.8280 0.4772 0.2943
vn 0.8269 0.4853 0.2842
vn 0.8261 0.4902 0.2781
vn 0.8254 0.4973 0.2671
vn 0.8300 0.4976 0.2520
vn 0.8328 0.4964 0.2451
vn 0.8347 0.5059 0.2174
vn 0.8370 0.4961 0.2310
vn 0.8357 0.5137 0.1944
vn 0.8361 0.5196 0.1759
vn 0.8360 0.5183 0.1801
vn 0.8360 0.5148 0.1901
vn 0.8343 0.5093 0.2112
vn 0.8369 0.5243 0.1571
vn 0.8369 0.5323 0.1272
vn 0.8368 0.5297 0.1385
vn 0.8375 0.5250 0.1515
vn 0.8358 0.5222 0.1695
vn 0.8337 0.5439 0.0955
vn 0.8374 0.5354 0.1100
vn 0.8368 0.5345 0.1185
vn 0.8330 0.5514 0.0459
vn 0.8330 0.5525 0.0307
vn 0.8338 0.5515 0.0236
vn 0.8332 0.5511 0.0468
vn 0.8336 0.5478 0.0701
vn 0.8341 0.5481 0.0625
vn 0.8326 0.5471 0.0864
vn 0.0000 0.8379 0.5458
vn 0.0009 0.8268 0.5625
vn -0.0022 0.8477 0.5304
vn 0.0018 0.8219 0.5696
vn 0.0020 0.8212 0.5707
vn 0.0029 0.8155 0.5788
vn 0.0001 0.8136 0.5815
vn 0.0001 0.8014 0.5981
vn -0.0028 0.8299 0.5580
vn 0.0036 0.8146 0.5799
vn -0.0001 0.9989 0.0471
vn -0.0000 0.9962 0.0866
vn -0.0001 0.9921 0.1254
vn 0.0000 0.9859 0.1672
vn 0.0000 0.9797 0.2004
vn 0.0000 0.9744 0.2249
vn -0.0001 0.9676 0.2523
vn -0.0001 0.9584 0.2853
vn 0.0000 0.9498 0.3128
vn 0.0001 0.8671 0.4981
vn -0.0000 0.8877 0.4604
vn -0.0001 0.9351 0.3543
vn -0.0001 0.9442 0.3293
vn 0.0000 0.9194 0.3933
vn 0.0000 0.9042 0.4271
vn -0.6623 -0.0291 -0.7487
vn -0.6486 -0.0484 -0.7596
vn -0.6622 -0.0644 -0.7466
vn -0.7076 -0.0349 -0.7058
vn -0.6658 -0.0801 -0.7418
vn -0.7071 -0.0727 -0.7034
vn -0.6895 0.0008 -0.7243
vn -0.7059 0.0028 -0.7083
vn -0.7061 -0.2662 -0.6562
vn -0.7191 -0.2963 -0.6285
vn -0.7336 -0.2880 -0.6156
vn -0.7231 -0.2584 -0.6406
vn -0.6887 -0.1171 -0.7155
vn -0.7061 -0.1108 -0.6994
vn -0.6900 -0.1569 -0.7066
vn -0.7073 -0.1493 -0.6910
vn -0.6929 -0.1953 -0.6941
vn -0.7102 -0.1872 -0.6787
vn -0.6983 -0.2319 -0.6772
vn -0.7154 -0.2238 -0.6619
vn -0.6293 -0.0976 -0.7710
vn -0.6353 -0.1411 -0.7593
vn -0.6369 -0.1837 -0.7487
vn -0.6405 -0.2243 -0.7344
vn -0.6464 -0.2627 -0.7163
vn -0.6564 -0.2984 -0.6929
vn -0.6661 -0.3285 -0.6696
vn -0.6935 -0.3340 -0.6383
vn -0.5954 -0.3913 -0.7017
vn -0.6713 -0.3633 -0.6461
vn -0.7150 -0.3578 -0.6006
vn -0.7292 -0.3390 -0.5945
vn -0.6908 -0.3881 -0.6100
vn -0.7520 -0.3575 -0.5538
vn -0.7607 -0.3430 -0.5511
vn -0.7195 -0.3907 -0.5742
vn -0.6191 -0.4588 -0.6373
vn -0.7064 -0.4144 -0.5738
vn -0.7647 -0.3805 -0.5200
vn -0.7408 -0.4109 -0.5314
vn -0.7063 -0.4486 -0.5476
vn -0.7488 -0.4158 -0.5162
vn -0.7444 -0.4388 -0.5033
vn -0.6404 -0.5208 -0.5645
vn -0.7377 -0.4564 -0.4974
vn -0.7791 -0.4386 -0.4480
vn -0.7237 -0.4948 -0.4811
vn -0.7828 -0.4591 -0.4201
vn -0.7255 -0.5234 -0.4468
vn -0.5589 -0.6329 -0.5358
vn -0.3449 -0.7157 -0.6073
vn -0.1222 -0.7564 -0.6426
vn -0.1063 -0.2280 -0.9678
vn -0.0754 -0.2596 -0.9628
vn -0.0818 -0.2799 -0.9565
vn -0.1978 -0.2253 -0.9540
vn 0.0014 -0.2903 -0.9569
vn -0.0728 -0.3049 -0.9496
vn -0.1009 -0.3372 -0.9360
vn -0.1974 -0.2776 -0.9402
vn -0.0240 -0.3483 -0.9371
vn -0.0803 -0.3806 -0.9212
vn 0.0015 -0.3572 -0.9340
vn -0.0717 -0.4045 -0.9117
vn -0.0835 -0.4298 -0.8990
vn -0.2008 -0.3775 -0.9040
vn -0.0712 -0.4496 -0.8904
vn -0.1016 -0.4770 -0.8730
vn -0.2038 -0.4258 -0.8816
vn -0.0957 -0.0649 -0.9933
vn -0.0692 -0.1039 -0.9922
vn -0.0585 -0.1218 -0.9908
vn -0.1955 -0.0580 -0.9790
vn -0.0739 -0.1527 -0.9855
vn -0.0844 -0.1761 -0.9808
vn -0.1971 -0.1153 -0.9736
vn -0.0780 -0.1976 -0.9772
vn -0.1984 -0.1712 -0.9651
vn -0.0247 -0.2293 -0.9730
vn -0.0723 -0.0407 -0.9966
vn -0.0118 -0.0752 -0.9971
vn -0.0238 0.0138 -0.9996
vn -0.0245 -0.0013 -0.9997
vn -0.1005 0.0027 -0.9949
vn -0.0247 -0.0058 -0.9997
vn -0.0358 -0.0158 -0.9992
vn -0.6361 -0.0008 -0.7716
vn -0.5590 -0.0021 -0.8292
vn -0.6505 -0.5798 -0.4906
vn -0.6457 -0.5515 -0.5281
vn -0.6275 -0.4917 -0.6037
vn -0.6043 -0.4268 -0.6728
vn -0.5816 -0.3558 -0.7316
vn -0.5738 -0.3172 -0.7551
vn -0.5666 -0.2771 -0.7760
vn -0.5618 -0.2350 -0.7932
vn -0.5590 -0.1910 -0.8069
vn -0.5577 -0.1451 -0.8173
vn -0.5572 -0.0977 -0.8246
vn -0.5571 -0.0492 -0.8290
vn -0.5517 -0.6020 -0.5773
vn -0.5449 -0.5678 -0.6169
vn -0.5364 -0.5323 -0.6549
vn -0.5265 -0.4958 -0.6906
vn -0.5159 -0.4582 -0.7238
vn -0.5053 -0.4194 -0.7542
vn -0.4955 -0.3793 -0.7814
vn -0.4872 -0.3377 -0.8053
vn -0.4809 -0.2945 -0.8259
vn -0.4766 -0.2495 -0.8430
vn -0.4741 -0.2027 -0.8568
vn -0.4730 -0.1540 -0.8675
vn -0.4726 -0.1037 -0.8751
vn -0.4725 -0.0522 -0.8798
vn -0.4723 -0.0023 -0.8814
vn -0.4494 -0.6444 -0.6187
vn -0.4436 -0.6064 -0.6599
vn -0.4364 -0.5669 -0.6987
vn -0.4281 -0.5263 -0.7347
vn -0.4191 -0.4848 -0.7676
vn -0.4102 -0.4425 -0.7974
vn -0.4020 -0.3993 -0.8240
vn -0.3951 -0.3548 -0.8474
vn -0.3898 -0.3090 -0.8675
vn -0.3862 -0.2616 -0.8845
vn -0.3842 -0.2124 -0.8985
vn -0.3832 -0.1614 -0.9094
vn -0.3829 -0.1087 -0.9174
vn -0.3828 -0.0547 -0.9222
vn -0.3826 -0.0024 -0.9239
vn -0.2892 -0.0025 -0.9573
vn -0.2893 -0.0566 -0.9556
vn -0.3407 -0.6778 -0.6515
vn -0.3363 -0.6367 -0.6939
vn -0.3307 -0.5940 -0.7334
vn -0.3242 -0.5502 -0.7695
vn -0.3173 -0.5057 -0.8022
vn -0.3104 -0.4606 -0.8316
vn -0.3041 -0.4148 -0.8576
vn -0.2988 -0.3681 -0.8804
vn -0.2947 -0.3203 -0.9003
vn -0.2920 -0.2710 -0.9172
vn -0.2904 -0.2200 -0.9313
vn -0.2897 -0.1672 -0.9424
vn -0.2894 -0.1126 -0.9506
vn -0.2189 -0.7031 -0.6766
vn -0.2251 -0.6583 -0.7183
vn -0.2214 -0.6132 -0.7583
vn -0.2170 -0.5671 -0.7945
vn -0.2129 -0.5204 -0.8270
vn -0.2068 -0.4734 -0.8562
vn -0.1973 -0.3283 -0.9237
vn -0.1934 -0.0025 -0.9811
vn -0.0779 -0.0297 -0.9965
vn -0.0657 -0.5264 -0.8477
vn -0.1110 -0.5696 -0.8144
vn -0.1151 -0.6170 -0.7785
vn -0.1189 -0.6636 -0.7386
vn -0.1186 -0.7097 -0.6944
vn -0.0188 -0.4741 -0.8803
vn -0.0696 -0.5038 -0.8610
vn -0.0259 -0.5500 -0.8348
vn -0.0320 -0.5959 -0.8024
vn -0.0341 -0.6393 -0.7682
vn -0.0364 -0.6829 -0.7296
vn -0.0596 -0.7235 -0.6877
vn -0.0354 -0.7593 -0.6498
vn -0.0400 -0.7806 -0.6237
vn 0.0020 -0.0025 -1.0000
vn 0.0004 -0.1224 -0.9925
vn 0.0019 -0.0711 -0.9975
vn 0.0001 -0.1728 -0.9850
vn 0.0014 -0.2291 -0.9734
vn 0.0013 -0.4871 -0.8733
vn 0.0017 -0.4235 -0.9059
vn -0.0007 -0.5858 -0.8105
vn -0.0003 -0.6263 -0.7796
vn 0.0001 -0.5413 -0.8408
vn -0.0011 -0.6493 -0.7605
vn -0.0011 -0.6765 -0.7364
vn -0.0012 -0.6975 -0.7166
vn -0.0018 -0.7002 -0.7140
vn -0.0008 -0.7233 -0.6905
vn -0.0017 -0.7352 -0.6779
vn -0.0012 -0.7435 -0.6687
vn -0.0007 -0.7477 -0.6641
vn -0.0004 -0.7685 -0.6398
vn -0.0006 -0.7797 -0.6261
vn -0.0007 -0.7842 -0.6205
vn -0.0007 -0.7850 -0.6195
vn -0.0002 -0.7922 -0.6103
vn -0.0000 -0.7965 -0.6047
vn -0.0000 -0.7968 -0.6043
vn -0.0000 -0.7991 -0.6012
vn 0.7658 -0.3630 -0.5308
vn 0.7737 -0.3485 -0.5291
vn 0.7659 -0.3476 -0.5410
vn 0.7568 -0.3489 -0.5528
vn 0.7463 -0.3276 -0.5794
vn 0.7434 -0.3207 -0.5869
vn 0.7515 -0.3396 -0.5657
vn 0.7318 -0.2923 -0.6157
vn 0.7323 -0.2938 -0.6143
vn 0.7206 -0.2535 -0.6453
vn 0.7252 -0.2669 -0.6347
vn 0.7092 -0.2063 -0.6742
vn 0.7111 -0.2196 -0.6679
vn 0.7141 -0.2352 -0.6593
vn 0.7040 -0.0426 -0.7089
vn 0.7052 -0.0791 -0.7046
vn 0.7061 -0.0984 -0.7012
vn 0.7041 -0.0540 -0.7080
vn 0.7070 -0.1066 -0.6991
vn 0.7073 -0.1274 -0.6954
vn 0.7074 -0.1292 -0.6949
vn 0.7076 -0.1606 -0.6881
vn 0.7076 -0.1616 -0.6879
vn 0.7092 -0.1917 -0.6784
vn 0.7041 -0.0003 -0.7101
vn 1.0000 0.0001 0.0001
vn -0.0012 0.5636 0.8261
vn -0.0098 0.5222 0.8528
vn -0.4246 0.4989 0.7555
vn -0.0001 0.4780 0.8784
vn -0.0021 0.4032 0.9151
vn -0.4096 0.4106 0.8146
vn -0.0125 0.0858 0.9962
vn -0.0130 0.0060 0.9999
vn -0.3883 0.0092 0.9215
vn -0.3915 0.0473 0.9190
vn -0.3928 0.1370 0.9094
vn -0.0151 0.1798 0.9836
vn -0.4003 0.1143 0.9092
vn -0.3838 0.0822 0.9197
vn -0.3879 0.1756 0.9048
vn -0.3885 0.2142 0.8962
vn -0.0030 0.2542 0.9672
vn -0.4000 0.2690 0.8761
vn -0.0033 0.3333 0.9428
vn -0.3922 0.3214 0.8619
vn -0.3969 0.3583 0.8451
vn -0.4141 0.4671 0.7812
vn -0.0005 0.6012 0.7991
vn 0.0049 0.5825 0.8128
vn -0.4251 0.5229 0.7388
vn -0.4404 0.5189 0.7327
vn -0.7061 0.0025 0.7081
vn -0.7070 0.0400 0.7061
vn -0.7076 0.0683 0.7033
vn -0.7080 0.0847 0.7011
vn -0.7071 0.1063 0.6991
vn -0.7074 0.1304 0.6947
vn -0.7081 0.1523 0.6895
vn -0.7086 0.1729 0.6841
vn -0.7118 0.2031 0.6724
vn -0.7152 0.2328 0.6590
vn -0.7218 0.2667 0.6387
vn -0.7304 0.2874 0.6196
vn -0.7334 0.2988 0.6106
vn -0.7393 0.3228 0.5909
vn -0.7498 0.3451 0.5646
vn -0.7601 0.3676 0.5359
vn -0.7672 0.3655 0.5271
vn 0.0005 -0.0053 1.0000
vn -0.0001 0.0296 0.9996
vn -0.0000 0.0564 0.9984
vn 0.0006 0.0611 0.9981
vn 0.0005 0.1012 0.9949
vn 0.0010 0.1330 0.9911
vn 0.0006 0.1253 0.9921
vn 0.0010 0.1437 0.9896
vn 0.0010 0.1624 0.9867
vn 0.0009 0.1764 0.9843
vn 0.0005 0.1876 0.9823
vn 0.0004 0.2150 0.9766
vn 0.0004 0.2151 0.9766
vn 0.0001 0.2433 0.9699
vn 0.0001 0.2430 0.9700
vn 0.0000 0.2704 0.9627
vn 0.0004 0.2832 0.9591
vn 0.0005 0.2965 0.9550
vn 0.0004 0.3331 0.9429
vn 0.0005 0.3300 0.9440
vn -0.0002 0.3807 0.9247
vn -0.0001 0.3767 0.9263
vn -0.0001 0.4317 0.9020
vn 0.0001 0.4105 0.9118
vn 0.0004 0.4372 0.8994
vn -0.0002 0.4896 0.8719
vn -0.0005 0.4680 0.8838
vn -0.0003 0.5337 0.8456
vn -0.0008 0.5020 0.8649
vn 0.0005 0.5412 0.8409
vn 0.0009 0.5807 0.8141
vn 0.0006 0.6216 0.7833
vn 0.0001 0.6058 0.7956
vn 0.0009 0.5797 0.8148
vn 0.0006 0.5547 0.8320
vn 0.0001 0.6579 0.7531
vn 0.0005 0.6323 0.7747
vn 0.0007 0.6677 0.7444
vn 0.0008 0.7084 0.7058
vn 0.0009 0.7236 0.6902
vn 0.0002 0.7128 0.7013
vn 0.0003 0.7043 0.7099
vn 0.0002 0.6810 0.7323
vn 0.0001 0.7600 0.6500
vn 0.0001 0.7638 0.6455
vn 0.0004 0.7443 0.6679
vn 0.0006 0.7399 0.6727
vn 0.0003 0.7912 0.6116
vn 0.0002 0.7898 0.6133
vn 0.0000 0.7810 0.6245
vn 0.0001 0.7771 0.6294
vn 0.6564 -0.1100 -0.7463
vn 0.6311 -0.0929 -0.7701
vn 0.6455 -0.1159 -0.7549
vn 0.0385 -0.0068 -0.9992
vn 0.0774 -0.0103 -0.9969
vn 0.0873 -0.0124 -0.9961
vn 0.0081 -0.0006 -1.0000
vn 0.1160 -0.0129 -0.9932
vn 0.1637 -0.0232 -0.9862
vn 0.1667 -0.0225 -0.9857
vn 0.2537 -0.0325 -0.9667
vn 0.2322 -0.0321 -0.9721
vn 0.2891 -0.0470 -0.9561
vn 0.3020 -0.0365 -0.9526
vn 0.2129 -0.0313 -0.9766
vn 0.3706 -0.0628 -0.9267
vn 0.4056 -0.0602 -0.9121
vn 0.3709 -0.0190 -0.9285
vn 0.4917 -0.0798 -0.8671
vn 0.4588 -0.0591 -0.8866
vn 0.5719 -0.0988 -0.8144
vn 0.5279 -0.0720 -0.8463
vn 0.6002 -0.0840 -0.7954
vn 0.7385 -0.1753 -0.6510
vn 0.7166 -0.1581 -0.6793
vn 0.7167 -0.1582 -0.6792
vn 0.6926 -0.1395 -0.7077
vn 0.6880 -0.1418 -0.7117
vn 0.6712 -0.1200 -0.7315
vn 0.7889 -0.2726 -0.5508
vn 0.7820 -0.2366 -0.5767
vn 0.7837 -0.2423 -0.5719
vn 0.7893 -0.2811 -0.5459
vn 0.7684 -0.2061 -0.6059
vn 0.7650 -0.2043 -0.6108
vn 0.7542 -0.1873 -0.6294
vn 0.7827 -0.3242 -0.5314
vn 0.7856 -0.3133 -0.5335
vn 0.6351 -0.1364 -0.7603
vn 0.4468 -0.0781 -0.8912
vn 0.5083 -0.0980 -0.8556
vn 0.5671 -0.1141 -0.8157
vn 0.6039 -0.1270 -0.7869
vn 0.8112 0.4585 0.3628
vn 0.8069 0.4553 0.3763
vn 0.8057 0.4541 0.3802
vn 0.8047 0.4455 0.3924
vn 0.8036 0.4441 0.3962
vn 0.8075 0.4239 0.4103
vn 0.8026 0.4371 0.4059
vn 0.8083 0.4192 0.4134
vn 0.8070 0.4178 0.4174
vn 0.8063 0.4171 0.4195
vn -0.7953 -0.4108 -0.4459
vn -0.8041 -0.4300 -0.4105
vn -0.8099 -0.4492 -0.3771
vn -0.7871 -0.3884 -0.4792
vn -0.7740 -0.3670 -0.5160
vn -0.7467 -0.3166 -0.5849
vn 1.0000 -0.0004 0.0004
vn 0.0868 -0.8244 0.5593
vn 0.0624 -0.8272 0.5585
vn 0.0752 -0.8485 0.5239
vn 0.1004 -0.8263 0.5543
vn 0.0303 -0.8275 0.5607
vn 0.0202 -0.8473 0.5307
vn 0.1151 -0.8252 0.5529
vn 0.0745 -0.8868 0.4561
vn 0.0746 -0.9203 0.3840
vn 0.0757 -0.9468 0.3129
vn 0.0750 -0.9695 0.2334
vn 0.0758 -0.9862 0.1474
vn 0.0802 -0.9944 0.0684
vn 0.0811 -0.9967 0.0003
vn 0.0794 -0.9943 -0.0713
vn 0.0750 -0.9857 -0.1509
vn 0.0758 -0.9460 -0.3153
vn 0.0759 -0.9199 -0.3848
vn 0.0762 -0.8865 -0.4564
vn 0.0766 -0.8454 -0.5286
vn 0.0687 -0.8219 -0.5654
vn 0.1082 -0.8214 -0.5600
vn 0.0110 -0.8201 -0.5720
vn 0.0192 -0.8459 -0.5330
vn 0.0377 -0.8229 -0.5669
vn 0.0207 -0.8874 -0.4605
vn 0.0231 -0.9213 -0.3881
vn 0.0223 -0.8869 0.4614
vn 0.0073 -0.8239 0.5667
vn 0.0304 -0.9967 -0.0757
vn 0.0266 -0.9875 -0.1551
vn 0.0335 -0.9994 -0.0012
vn 0.0312 -0.9968 0.0737
vn 0.0276 -0.9878 0.1535
vn 0.0264 -0.9712 0.2370
vn 0.0267 -0.9489 0.3143
vn 0.0252 -0.9218 0.3868
vn 0.0241 -0.9485 -0.3159
vn 0.0250 -0.9708 -0.2385
vn -0.4574 0.0806 -0.8856
vn -0.5249 0.0783 -0.8476
vn -0.5377 0.0763 -0.8397
vn -0.5064 0.1612 -0.8471
vn -0.4439 0.1346 -0.8859
vn -0.5195 0.3520 -0.7786
vn -0.5261 0.2939 -0.7980
vn -0.6892 0.1171 -0.7151
vn -0.6816 0.1292 -0.7202
vn -0.7102 0.1356 -0.6908
vn -0.7325 0.1477 -0.6645
vn -0.7606 0.1807 -0.6236
vn -0.5137 0.3888 -0.7648
vn -0.7783 0.2202 -0.5880
vn -0.4968 0.4256 -0.7564
vn -0.7719 0.3398 -0.5373
vn -0.7834 0.3142 -0.5363
vn -0.4629 0.4985 -0.7329
vn -0.4721 0.4711 -0.7451
vn -0.7894 0.2610 -0.5556
vn -0.6291 0.0902 -0.7721
vn -0.6481 0.1079 -0.7538
vn -0.5374 0.2215 -0.8137
vn -0.5897 0.0916 -0.8024
vn -0.2801 0.0404 -0.9591
vn -0.2831 0.0399 -0.9583
vn -0.3488 0.0456 -0.9361
vn -0.3467 0.0558 -0.9363
vn -0.4137 0.0483 -0.9091
vn -0.4043 0.0780 -0.9113
vn -0.4794 0.0688 -0.8749
vn -0.5659 0.0824 -0.8203
vn -0.0081 0.0006 -1.0000
vn -0.0281 -0.0017 -0.9996
vn -0.0709 0.0125 -0.9974
vn -0.0467 0.0003 -0.9989
vn -0.1030 0.0137 -0.9946
vn -0.1074 0.0131 -0.9941
vn -0.1519 0.0214 -0.9882
vn -0.1440 0.0155 -0.9894
vn -0.2127 0.0308 -0.9766
vn -0.2090 0.0267 -0.9776
vn -0.4162 0.3717 -0.8298
vn -0.4222 0.3150 -0.8500
vn -0.4297 0.2365 -0.8715
vn -0.4164 0.1622 -0.8946
vn -0.3371 0.4379 -0.8335
vn -0.3671 0.4034 -0.8382
vn -0.4210 0.3860 -0.8208
vn -0.2692 0.5097 -0.8172
vn -0.2951 0.4936 -0.8181
vn -0.0961 0.5847 -0.8055
vn -0.1646 0.5778 -0.7994
vn -0.2171 0.5600 -0.7995
vn -0.2342 0.5453 -0.8048
vn -0.0387 0.6070 -0.7938
vn -0.0147 0.6020 -0.7984
vn -0.0462 -0.0002 -0.9989
vn -0.0873 -0.0054 -0.9962
vn -0.1417 0.0087 -0.9899
vn -0.2078 0.0224 -0.9779
vn -0.2764 0.0411 -0.9602
vn -0.2743 0.0410 -0.9608
vn -0.2057 0.0220 -0.9784
vn -0.3377 0.0667 -0.9389
vn -0.3385 0.0665 -0.9386
vn -0.3894 0.1047 -0.9151
vn -0.3925 0.1022 -0.9141
vn -0.0619 0.0042 0.9981
vn -0.0993 0.0098 0.9950
vn -0.1411 0.0067 0.9900
vn -0.2075 0.0214 0.9780
vn -0.6246 0.1029 0.7742
vn -0.5776 0.0713 0.8132
vn -0.5476 0.0672 0.8341
vn -0.5158 0.1682 0.8400
vn -0.5079 0.0555 0.8596
vn -0.4572 0.0819 0.8856
vn -0.4717 0.1549 0.8681
vn -0.4359 0.0452 0.8989
vn -0.7296 0.1523 0.6667
vn -0.7062 0.1354 0.6950
vn -0.6881 0.1201 0.7156
vn -0.5386 0.3508 0.7661
vn -0.6746 0.1242 0.7277
vn -0.6344 0.1003 0.7664
vn -0.4931 0.4505 0.7442
vn -0.4685 0.4865 0.7374
vn -0.7926 0.2682 0.5476
vn -0.7852 0.2339 0.5733
vn -0.5188 0.4089 0.7508
vn -0.7652 0.1923 0.6143
vn -0.7759 0.3427 0.5297
vn -0.7856 0.3149 0.5326
vn -0.5486 0.2635 0.7935
vn -0.5209 0.2158 0.8259
vn -0.4333 0.1540 0.8880
vn -0.3604 0.0400 0.9319
vn -0.2914 0.0472 0.9554
vn -0.2567 0.0444 0.9655
vn -0.0766 0.5967 0.7988
vn -0.0247 0.6078 0.7937
vn -0.2449 0.5452 0.8017
vn -0.1634 0.5759 0.8010
vn -0.3384 0.4623 0.8196
vn -0.2886 0.5322 0.7959
vn -0.4572 0.2645 0.8491
vn -0.4034 0.3716 0.8362
vn -0.3794 0.4301 0.8192
vn -0.3657 0.4359 0.8224
vn -0.4153 0.2581 0.8723
vn 0.0027 -1.0000 0.0006
vn 0.0149 -0.9999 0.0003
vn 0.0192 -0.9998 -0.0001
vn 0.0407 -0.9992 -0.0005
vn 0.0421 -0.9991 -0.0004
vn 0.1235 -0.9923 0.0007
vn 0.0701 -0.9975 0.0009
vn 0.0759 -0.9971 0.0011
vn 0.1075 -0.9942 -0.0006
vn 0.0578 -0.9983 0.0000
vn 0.1564 -0.9877 -0.0009
vn 0.2263 -0.9741 -0.0012
vn 0.1898 -0.9818 0.0016
vn -0.2771 -0.0211 -0.9606
vn -0.3544 -0.0422 -0.9342
vn -0.3233 -0.0393 -0.9455
vn 0.2407 -0.9706 0.0007
vn 0.2978 -0.9546 0.0013
vn 0.2782 -0.9605 -0.0010
vn 0.3505 -0.9365 0.0016
vn 0.3537 -0.9354 0.0023
vn 0.3710 -0.9286 0.0004
vn 0.4127 -0.9109 0.0002
vn 0.5339 -0.8455 0.0003
vn 0.4491 -0.8935 0.0003
vn 0.6353 -0.7722 -0.0009
vn 0.6191 -0.7853 -0.0005
vn 0.5433 -0.8395 0.0005
vn 0.5132 -0.8582 0.0008
vn -0.1677 0.0016 -0.9858
vn -0.1067 0.0061 -0.9943
vn -0.1071 0.0099 -0.9942
vn -0.1413 -0.0080 -0.9899
vn -0.0632 0.0099 -0.9979
vn -0.0559 0.0036 -0.9984
vn -0.0144 0.0022 -0.9999
vn -0.0149 -0.0000 -0.9999
vn -0.0150 -0.0000 -0.9999
vn -0.5610 -0.3807 -0.7351
vn -0.5376 -0.4225 -0.7297
vn -0.6954 -0.2557 -0.6716
vn -0.5034 -0.4335 -0.7474
vn -0.7127 -0.2726 -0.6463
vn -0.4950 -0.4438 -0.7470
vn -0.4569 -0.4758 -0.7516
vn -0.7227 -0.2869 -0.6287
vn -0.7297 -0.2992 -0.6149
vn -0.6720 -0.2395 -0.7008
vn -0.5785 -0.3513 -0.7362
vn -0.5965 -0.3027 -0.7434
vn -0.6579 -0.2310 -0.7168
vn -0.6481 -0.2246 -0.7277
vn -0.5860 -0.3081 -0.7495
vn -0.6003 -0.2611 -0.7560
vn -0.6311 -0.2119 -0.7463
vn -0.5831 -0.2260 -0.7803
vn -0.5993 -0.1888 -0.7779
vn -0.5592 -0.1614 -0.8131
vn -0.5553 -0.1834 -0.8112
vn -0.5280 -0.1407 -0.8375
vn -0.5228 -0.1510 -0.8390
vn -0.5019 -0.1239 -0.8560
vn -0.4975 -0.1241 -0.8585
vn -0.4640 -0.1016 -0.8800
vn -0.4661 -0.1094 -0.8779
vn -0.4244 -0.0805 -0.9019
vn -0.4263 -0.0917 -0.8999
vn -0.3957 -0.0674 -0.9159
vn -0.3897 -0.0707 -0.9182
vn -0.3690 -0.0565 -0.9277
vn -0.3225 -0.0376 -0.9458
vn -0.2465 -0.0132 -0.9690
vn -0.2443 -0.0131 -0.9696
vn -0.1739 -0.0127 -0.9847
vn -0.7339 -0.3066 -0.6062
vn -0.4209 -0.5075 -0.7518
vn -0.4022 -0.5097 -0.7606
vn -0.7392 -0.3237 -0.5906
vn -0.6719 0.6628 0.3305
vn -0.6544 0.6857 0.3188
vn -0.6781 0.6758 0.2889
vn -0.7155 0.6293 0.3034
vn -0.7079 0.0336 0.7055
vn -0.6841 0.0264 0.7289
vn -0.6695 0.2381 0.7036
vn -0.7154 0.2031 0.6686
vn -0.6678 0.1946 0.7185
vn -0.6528 0.2201 0.7248
vn -0.7139 0.1369 0.6867
vn -0.6743 0.1602 0.7209
vn -0.6756 0.1177 0.7278
vn -0.6555 0.1435 0.7414
vn -0.7092 0.0763 0.7009
vn -0.6958 0.0677 0.7151
vn -0.6803 0.3495 0.6443
vn -0.7174 0.3286 0.6143
vn -0.7155 0.2704 0.6442
vn -0.6799 0.3085 0.6652
vn -0.6725 0.2682 0.6898
vn -0.6539 0.2941 0.6971
vn -0.7095 0.5256 0.4694
vn -0.7172 0.5006 0.4847
vn -0.7026 0.4924 0.5137
vn -0.7157 0.4484 0.5355
vn -0.6689 0.4911 0.5581
vn -0.6686 0.4558 0.5876
vn -0.6527 0.4818 0.5847
vn -0.7162 0.3912 0.5780
vn -0.6710 0.4265 0.6065
vn -0.7001 0.3704 0.6104
vn -0.6521 0.4184 0.6322
vn -0.6920 0.5612 0.4540
vn -0.7158 0.5615 0.4151
vn -0.7128 0.6008 0.3618
vn -0.6693 0.6489 0.3620
vn -0.6662 0.6285 0.4015
vn -0.6677 0.7392 0.0876
vn -0.7100 0.7021 0.0535
vn -0.7122 0.6935 0.1087
vn -0.6674 0.7336 0.1284
vn -0.7092 0.6873 0.1567
vn -0.6990 0.6985 0.1534
vn -0.7077 0.6809 0.1887
vn -0.6677 0.7157 0.2048
vn -0.6559 0.7316 0.1861
vn -0.7076 0.6701 0.2241
vn -0.6868 0.6866 0.2385
vn -0.7077 0.6580 0.2571
vn -0.6463 0.7169 0.2616
vn -0.6797 0.7322 0.0438
vn -0.6888 0.7249 0.0011
vn -0.7138 0.7004 -0.0002
vn 0.7091 0.1198 0.6948
vn 0.7071 0.0953 0.7007
vn 0.7083 0.1021 0.6985
vn 0.7077 0.0700 0.7030
vn 0.7069 0.0602 0.7048
vn 0.7055 0.0434 0.7073
vn 0.7053 0.0271 0.7084
vn 0.7086 0.1444 0.6907
vn 0.7085 0.1324 0.6932
vn 0.7071 0.1603 0.6887
vn 0.7089 0.1807 0.6817
vn 0.7093 0.1869 0.6796
vn 0.7087 0.2069 0.6745
vn 0.7090 0.2195 0.6701
vn 0.7077 0.2274 0.6689
vn 0.7083 0.2564 0.6577
vn 0.7072 0.2511 0.6610
vn 0.7089 0.2734 0.6501
vn 0.7058 0.2983 0.6425
vn 0.7069 0.2929 0.6438
vn 0.7062 0.3284 0.6272
vn 0.7069 0.3335 0.6238
vn 0.7111 0.3489 0.6104
vn -0.6439 0.0435 0.7638
vn -0.6421 0.0762 0.7629
vn -0.6476 0.1066 0.7545
vn -0.5651 0.1610 0.8091
vn -0.6569 0.1813 0.7319
vn -0.5614 0.2401 0.7919
vn -0.5616 0.2787 0.7790
vn -0.6651 0.2540 0.7022
vn -0.5633 0.3164 0.7633
vn -0.5663 0.3527 0.7449
vn -0.6467 0.3311 0.6871
vn -0.6393 0.3585 0.6802
vn -0.5668 0.4236 0.7066
vn -0.6473 0.3924 0.6535
vn -0.6565 0.4486 0.6064
vn -0.5613 0.5249 0.6398
vn -0.5623 0.5555 0.6126
vn -0.6461 0.5169 0.5616
vn -0.6462 0.5439 0.5353
vn -0.6463 0.5660 0.5119
vn -0.6434 0.5880 0.4902
vn -0.6504 0.6077 0.4557
vn -0.6664 0.6079 0.4317
vn -0.5625 0.6874 0.4595
vn -0.6569 0.6258 0.4205
vn -0.5613 0.7098 0.4256
vn -0.6675 0.6388 0.3825
vn -0.5616 0.7298 0.3900
vn -0.6649 0.6600 0.3497
vn -0.5633 0.7470 0.3530
vn -0.6348 0.7721 0.0313
vn -0.6521 0.7549 0.0702
vn -0.6519 0.7503 0.1094
vn -0.5624 0.8229 0.0808
vn -0.6431 0.7503 0.1535
vn -0.6491 0.7265 0.2255
vn -0.5635 0.8013 0.2009
vn -0.6467 0.7067 0.2870
vn -0.5665 0.7615 0.3151
vn -0.1001 0.9938 0.0488
vn -0.0881 0.9917 0.0940
vn -0.0122 0.9958 0.0906
vn -0.0260 0.9984 0.0496
vn -0.0459 0.9746 0.2194
vn -0.0359 0.9809 0.1913
vn -0.1089 0.9751 0.1933
vn -0.0988 0.9643 0.2455
vn -0.0369 0.9877 0.1520
vn -0.1099 0.9831 0.1465
vn -0.0466 0.9912 0.1238
vn -0.0976 0.8767 0.4710
vn -0.0652 0.8912 0.4489
vn -0.0889 0.9020 0.4226
vn -0.1933 0.8653 0.4624
vn -0.0121 0.9070 0.4209
vn -0.0242 0.9236 0.3827
vn -0.0972 0.9196 0.3807
vn -0.0243 0.9414 0.3363
vn -0.0972 0.9371 0.3353
vn -0.0972 0.9524 0.2891
vn -0.0241 0.9554 0.2943
vn -0.0241 0.9665 0.2556
vn -0.0974 0.8252 0.5563
vn -0.0616 0.8353 0.5463
vn -0.0869 0.8552 0.5110
vn -0.1915 0.8159 0.5455
vn 0.0015 0.8548 0.5190
vn -0.0123 0.8590 0.5118
vn -0.0243 0.8782 0.4777
vn -0.0972 0.7993 0.5930
vn -0.0988 0.7712 0.6289
vn -0.0242 0.7795 0.6259
vn -0.0233 0.8014 0.5977
vn -0.0235 0.8178 0.5751
vn -0.0986 0.7061 0.7012
vn -0.0517 0.6842 0.7275
vn -0.0243 0.7099 0.7039
vn -0.0276 0.7358 0.6767
vn -0.1008 0.7372 0.6681
vn -0.0297 0.7583 0.6513
vn -0.0968 0.5895 0.8020
vn -0.0602 0.6086 0.7912
vn -0.0982 0.6322 0.7685
vn -0.1906 0.5845 0.7887
vn -0.0244 0.6331 0.7737
vn -0.0387 0.6620 0.7485
vn -0.1116 0.6668 0.7369
vn -0.0241 0.5212 0.8531
vn -0.0245 0.5528 0.8329
vn -0.0972 0.5527 0.8277
vn -0.0989 0.5146 0.8517
vn -0.0244 0.5858 0.8101
vn -0.0984 0.3786 0.9203
vn -0.0668 0.4056 0.9116
vn -0.0885 0.4289 0.8990
vn -0.1938 0.3756 0.9063
vn 0.0009 0.4209 0.9071
vn -0.0119 0.4332 0.9012
vn -0.1024 0.4688 0.8774
vn -0.0290 0.4696 0.8824
vn -0.0329 0.4982 0.8664
vn -0.0963 0.2850 0.9537
vn -0.0577 0.3057 0.9504
vn -0.0980 0.3363 0.9367
vn -0.1897 0.2848 0.9396
vn -0.0244 0.3402 0.9400
vn -0.0243 0.3798 0.9247
vn -0.0972 0.2416 0.9655
vn -0.0989 0.1977 0.9752
vn -0.0244 0.2030 0.9789
vn -0.0244 0.2396 0.9706
vn -0.0242 0.2767 0.9607
vn -0.0973 0.0488 0.9941
vn -0.0243 0.0508 0.9984
vn -0.0973 0.0977 0.9905
vn -0.0246 0.0978 0.9949
vn -0.0310 0.1435 0.9892
vn -0.1040 0.1456 0.9839
vn -0.0360 0.1737 0.9841
vn -0.1040 0.9946 0.0023
vn -0.0279 0.9996 0.0020
vn -0.1942 0.0481 0.9798
vn -0.1945 0.0963 0.9762
vn -0.1945 0.1440 0.9703
vn -0.1945 0.1913 0.9621
vn -0.1945 0.2381 0.9516
vn -0.1945 0.3304 0.9236
vn -0.1945 0.4197 0.8866
vn -0.1945 0.4625 0.8650
vn -0.1945 0.5042 0.8414
vn -0.1945 0.5447 0.8157
vn -0.1945 0.6222 0.7583
vn -0.1945 0.6589 0.7267
vn -0.1945 0.6938 0.6934
vn -0.1945 0.7270 0.6585
vn -0.1945 0.7583 0.6222
vn -0.1945 0.7878 0.5845
vn -0.1945 0.8412 0.5045
vn -0.1945 0.8868 0.4192
vn -0.1945 0.9063 0.3752
vn -0.1945 0.9236 0.3304
vn -0.1945 0.9386 0.2849
vn -0.1945 0.9515 0.2386
vn -0.1945 0.9620 0.1915
vn -0.1945 0.9703 0.1437
vn -0.1945 0.9762 0.0959
vn -0.1954 0.9795 0.0483
vn -0.1960 0.9806 0.0022
vn -0.2969 0.9549 0.0022
vn -0.2942 0.9546 0.0466
vn -0.2904 0.0469 0.9558
vn -0.2908 0.0939 0.9522
vn -0.2908 0.1405 0.9464
vn -0.2908 0.1866 0.9384
vn -0.2908 0.2323 0.9282
vn -0.2908 0.2775 0.9157
vn -0.2908 0.3223 0.9009
vn -0.2908 0.3664 0.8839
vn -0.2908 0.4093 0.8648
vn -0.2908 0.4512 0.8437
vn -0.2908 0.4918 0.8207
vn -0.2908 0.5313 0.7957
vn -0.2908 0.5697 0.7687
vn -0.2908 0.6069 0.7397
vn -0.2908 0.6427 0.7088
vn -0.2908 0.6768 0.6763
vn -0.2908 0.7091 0.6424
vn -0.2908 0.7396 0.6070
vn -0.2908 0.7684 0.5701
vn -0.2908 0.7954 0.5318
vn -0.2908 0.8206 0.4921
vn -0.2908 0.8439 0.4510
vn -0.2908 0.8650 0.4089
vn -0.2907 0.8840 0.3660
vn -0.2908 0.9009 0.3223
vn -0.2908 0.9156 0.2779
vn -0.2907 0.9281 0.2327
vn -0.2907 0.9384 0.1868
vn -0.2907 0.9465 0.1402
vn -0.2908 0.9522 0.0936
vn -0.4351 0.9004 0.0022
vn -0.3878 0.9206 0.0451
vn -0.4741 0.8794 0.0430
vn -0.4746 0.8760 0.0861
vn -0.3846 0.9187 0.0903
vn -0.4746 0.8707 0.1290
vn -0.3846 0.9131 0.1353
vn -0.4747 0.8632 0.1718
vn -0.3846 0.9053 0.1802
vn -0.4746 0.8537 0.2141
vn -0.3846 0.8954 0.2245
vn -0.4746 0.8422 0.2556
vn -0.3846 0.8833 0.2681
vn -0.4746 0.8287 0.2965
vn -0.3846 0.8691 0.3109
vn -0.4746 0.8133 0.3367
vn -0.3846 0.8529 0.3531
vn -0.4746 0.7958 0.3761
vn -0.3846 0.8346 0.3944
vn -0.4746 0.7763 0.4149
vn -0.3846 0.8141 0.4351
vn -0.4747 0.7549 0.4527
vn -0.3846 0.7916 0.4747
vn -0.4747 0.7317 0.4892
vn -0.3846 0.7673 0.5131
vn -0.4747 0.7069 0.5244
vn -0.3846 0.7413 0.5500
vn -0.4747 0.6804 0.5583
vn -0.3846 0.7136 0.5856
vn -0.4747 0.6523 0.5909
vn -0.3846 0.6841 0.6197
vn -0.4747 0.6226 0.6222
vn -0.3846 0.6529 0.6525
vn -0.4747 0.5912 0.6521
vn -0.3846 0.6200 0.6838
vn -0.4747 0.5583 0.6805
vn -0.3846 0.5855 0.7136
vn -0.4747 0.5241 0.7071
vn -0.3846 0.5496 0.7416
vn -0.4747 0.4888 0.7320
vn -0.3846 0.5126 0.7676
vn -0.4747 0.4524 0.7550
vn -0.3846 0.4745 0.7918
vn -0.4747 0.4150 0.7762
vn -0.3846 0.4353 0.8140
vn -0.4747 0.3766 0.7955
vn -0.3847 0.3949 0.8343
vn -0.4747 0.3370 0.8131
vn -0.3847 0.3534 0.8527
vn -0.4747 0.2965 0.8287
vn -0.3847 0.3109 0.8691
vn -0.4747 0.2553 0.8423
vn -0.3847 0.2677 0.8834
vn -0.4747 0.2137 0.8538
vn -0.3847 0.2241 0.8954
vn -0.4747 0.1716 0.8632
vn -0.3847 0.1800 0.9053
vn -0.4747 0.1292 0.8706
vn -0.3847 0.1355 0.9131
vn -0.4747 0.0864 0.8759
vn -0.3847 0.0906 0.9186
vn -0.4741 0.0432 0.8794
vn -0.3842 0.0453 0.9222
vn -0.5903 0.8072 0.0022
vn -0.5584 0.8286 0.0405
vn -0.5595 0.8199 0.1215
vn -0.5595 0.8129 0.1618
vn -0.5595 0.7931 0.2407
vn -0.5595 0.7804 0.2792
vn -0.5596 0.6656 0.4938
vn -0.5596 0.6407 0.5258
vn -0.5596 0.6142 0.5564
vn -0.5596 0.5862 0.5858
vn -0.5596 0.4935 0.6658
vn -0.5596 0.4602 0.6892
vn -0.5596 0.3908 0.7308
vn -0.5596 0.2012 0.8040
vn -0.5596 0.1217 0.8198
vn -0.5596 0.0814 0.8247
vn -0.5590 0.0406 0.8282
vn 0.7146 0.3537 0.6035
vn 0.7161 0.3566 0.6001
vn 0.7244 0.3517 0.5930
vn 0.7221 0.3605 0.5904
vn 0.7278 0.3501 0.5897
vn 0.7324 0.3273 0.5971
vn 0.7315 0.3332 0.5948
vn 0.7340 0.3192 0.5994
vn 0.7312 0.3064 0.6095
vn 0.7318 0.3089 0.6075
vn 0.7209 0.2871 0.6307
vn 0.7238 0.2866 0.6277
vn 0.7149 0.2767 0.6422
vn 0.6362 0.2190 0.7398
vn 0.6382 0.2204 0.7377
vn 0.6662 0.2428 0.7051
vn 0.6698 0.2435 0.7015
vn 0.6826 0.2549 0.6848
vn 0.6995 0.2661 0.6632
vn 0.6984 0.2652 0.6648
vn 0.5932 0.1893 0.7825
vn 0.6090 0.1984 0.7680
vn 0.3586 0.0552 0.9319
vn 0.3289 0.0406 0.9435
vn 0.3876 0.0661 0.9195
vn 0.4369 0.0909 0.8949
vn 0.4383 0.0916 0.8941
vn 0.4772 0.1108 0.8718
vn 0.4778 0.1111 0.8714
vn 0.5191 0.1351 0.8440
vn 0.5170 0.1337 0.8454
vn 0.5564 0.1625 0.8149
vn 0.5529 0.1594 0.8179
vn 0.5805 0.1798 0.7942
vn 0.1424 -0.0035 0.9898
vn 0.1154 -0.0060 0.9933
vn 0.0882 -0.0052 0.9961
vn 0.1437 -0.0033 0.9896
vn 0.1909 0.0040 0.9816
vn 0.1935 0.0044 0.9811
vn 0.2629 0.0205 0.9646
vn 0.2657 0.0213 0.9638
vn 0.0804 -0.0048 0.9967
vn 0.0323 -0.0025 0.9995
vn 0.0322 -0.0025 0.9995
vn 0.0048 -0.0005 1.0000
vn -0.3906 -0.5009 -0.7724
vn -0.3897 -0.4913 -0.7789
vn -0.7169 -0.3649 -0.5940
vn -0.7119 -0.3601 -0.6030
vn -0.3915 -0.4662 -0.7933
vn -0.7095 -0.3459 -0.6139
vn -0.3875 -0.4357 -0.8124
vn -0.7062 -0.3280 -0.6274
vn -0.3988 -0.5106 -0.7617
vn -0.7297 -0.3482 -0.5885
vn 0.7060 -0.7082 -0.0038
vn 0.6930 -0.7210 -0.0030
vn 0.7913 -0.6114 -0.0054
vn 0.7527 -0.6583 -0.0053
vn 0.8672 -0.4979 -0.0046
vn 0.8344 -0.5512 -0.0052
vn 0.9140 -0.4058 -0.0035
vn 0.8972 -0.4415 -0.0103
vn 0.9468 -0.3219 -0.0015
vn 0.9399 -0.3413 -0.0017
vn 0.9223 -0.3863 -0.0143
vn 0.9999 -0.0117 -0.0007
vn 0.9998 -0.0205 -0.0012
vn 0.9984 -0.0573 0.0014
vn 0.9988 -0.0495 0.0005
vn 0.9903 -0.1391 0.0019
vn 0.9947 -0.1029 0.0028
vn 0.9665 -0.2566 -0.0005
vn 0.9794 -0.2017 0.0006
vn 0.0136 -0.5584 -0.8294
vn 0.0200 -0.5810 -0.8136
vn -0.0021 -0.6138 -0.7894
vn -0.4237 -0.5116 -0.7475
vn -0.3893 -0.5488 -0.7398
vn -0.3045 -0.6168 -0.7259
vn -0.2600 -0.5979 -0.7583
vn -0.2241 -0.6314 -0.7424
vn -0.1772 -0.6188 -0.7653
vn -0.0982 -0.6292 -0.7710
vn -0.1295 -0.6564 -0.7432
vn -0.0636 -0.6477 -0.7593
vn -0.5635 -0.2338 -0.7924
vn -0.5579 -0.3117 -0.7691
vn -0.4959 -0.1381 -0.8574
vn -0.5406 -0.1902 -0.8195
vn -0.4404 -0.1079 -0.8913
vn -0.3804 -0.0516 -0.9234
vn -0.0363 0.0077 -0.9993
vn -0.0920 0.0144 -0.9957
vn -0.2032 -0.0197 -0.9789
vn -0.1281 0.0042 -0.9917
vn -0.5289 -0.3989 -0.7491
vn -0.5077 -0.3788 -0.7738
vn -0.5566 -0.3488 -0.7540
vn -0.5335 -0.4105 -0.7395
vn -0.4966 -0.4664 -0.7320
vn -0.4712 -0.4768 -0.7420
vn 0.0006 -0.0895 -0.9960
vn 0.0006 -0.0899 -0.9959
vn 0.0019 -0.1963 -0.9805
vn 0.0007 -0.1654 -0.9862
vn 0.0012 -0.2232 -0.9748
vn 0.0013 -0.2764 -0.9610
vn 0.0029 -0.3099 -0.9508
vn 0.0018 -0.3337 -0.9427
vn 0.0019 -0.3939 -0.9192
vn 0.0046 -0.4217 -0.9067
vn 0.0056 -0.5272 -0.8497
vn 0.0038 -0.4932 -0.8699
vn 0.0039 -0.4570 -0.8895
vn -0.0000 -0.4298 -0.9029
vn 0.0001 -0.6163 -0.7875
vn 0.0019 -0.6026 -0.7980
vn 0.0039 -0.6226 -0.7825
vn 0.0018 -0.6452 -0.7640
vn 0.0045 -0.5788 -0.8155
vn 0.0027 -0.5429 -0.8398
vn -0.0000 -0.5119 -0.8590
vn 0.0014 -0.6938 -0.7202
vn 0.0053 -0.6793 -0.7338
vn 0.0026 -0.7126 -0.7016
vn 0.0005 -0.7057 -0.7085
vn 0.0101 -0.6612 -0.7502
vn 0.0063 -0.6643 -0.7475
vn 0.0001 -0.7891 -0.6143
vn 0.0004 -0.7819 -0.6234
vn 0.0018 -0.7911 -0.6117
vn 0.0011 -0.7743 -0.6328
vn 0.0022 -0.7692 -0.6390
vn 0.0050 -0.7561 -0.6544
vn 0.0077 -0.7484 -0.6632
vn 0.0075 -0.7432 -0.6690
vn 0.0009 -0.7393 -0.6734
vn 0.0006 -0.8357 -0.5491
vn 0.0008 -0.8350 -0.5502
vn 0.0012 -0.8614 -0.5080
vn 0.0005 -0.8400 -0.5425
vn -0.0158 -0.8302 -0.5573
vn -0.0139 -0.8356 -0.5492
vn -0.0051 -0.8563 -0.5165
vn 0.0032 -0.8263 -0.5632
vn 0.0036 -0.8250 -0.5651
vn 0.0063 -0.8168 -0.5769
vn 0.0052 -0.8186 -0.5743
vn 0.0010 -0.8200 -0.5723
vn 0.0000 -0.7902 -0.6128
vn 0.0021 -0.9252 -0.3795
vn -0.0226 -0.9266 -0.3754
vn -0.0134 -0.9078 -0.4192
vn 0.0010 -0.9151 -0.4033
vn -0.0141 -0.8901 -0.4555
vn -0.0105 -0.8747 -0.4846
vn 0.0010 -0.9541 -0.2995
vn -0.0138 -0.9413 -0.3373
vn -0.0166 -0.9806 -0.1954
vn -0.0090 -0.9736 -0.2280
vn 0.0010 -0.9827 -0.1850
vn -0.0184 -0.9858 -0.1669
vn -0.0120 -0.9613 -0.2753
vn -0.0216 -0.9930 -0.1164
vn 0.0010 -0.9981 -0.0613
vn -0.0243 -0.9985 -0.0485
vn -0.0151 -0.9999 -0.0058
vn 0.0011 -0.9980 0.0628
vn -0.0356 -0.9989 0.0311
vn 0.0010 -0.9838 0.1792
vn -0.0013 -0.9895 0.1443
vn -0.0226 -0.9941 0.1059
vn -0.0334 -0.9965 0.0772
vn -0.0187 -0.9828 0.1838
vn -0.0233 -0.9780 0.2072
vn 0.0010 -0.9559 0.2938
vn -0.0128 -0.9649 0.2622
vn -0.0180 -0.9143 0.4047
vn -0.0158 -0.9267 0.3754
vn 0.0010 -0.9146 0.4044
vn -0.0140 -0.9022 0.4311
vn -0.0117 -0.9445 0.3282
vn 0.0008 -0.8591 0.5119
vn -0.0104 -0.8744 0.4851
vn 0.0064 -0.8163 0.5776
vn 0.0041 -0.8233 0.5676
vn 0.0038 -0.8243 0.5662
vn 0.0020 -0.8306 0.5568
vn 0.0018 -0.8313 0.5558
vn 0.0005 -0.8365 0.5480
vn 0.0001 -0.8473 0.5312
vn -0.0059 -0.8559 0.5171
vn 0.0028 -0.8503 0.5263
vn -0.0102 -0.8426 0.5385
vn -0.0125 -0.8335 0.5524
vn 0.0088 -0.7446 0.6675
vn 0.0055 -0.7549 0.6558
vn 0.0008 -0.7912 0.6115
vn 0.0115 -0.7384 0.6743
vn 0.0038 -0.7602 0.6497
vn 0.0016 -0.7730 0.6345
vn 0.0008 -0.7777 0.6286
vn 0.0002 -0.8162 0.5778
vn 0.0067 -0.8140 0.5809
vn 0.0089 -0.8102 0.5861
vn 0.0047 -0.6783 0.7348
vn 0.0021 -0.6915 0.7224
vn 0.0017 -0.7134 0.7007
vn 0.0087 -0.6662 0.7458
vn 0.0001 -0.7352 0.6779
vn 0.0084 -0.7406 0.6719
vn 0.0040 -0.6247 0.7808
vn 0.0021 -0.6034 0.7975
vn 0.0014 -0.6456 0.7636
vn 0.0072 -0.6614 0.7500
vn 0.0057 -0.5289 0.8486
vn 0.0031 -0.5035 0.8640
vn -0.0000 -0.5284 0.8490
vn 0.0033 -0.5540 0.8325
vn 0.0053 -0.5816 0.8134
vn 0.0043 -0.5898 0.8075
vn 0.0051 -0.4241 0.9056
vn -0.0000 -0.4262 0.9046
vn 0.0035 -0.4662 0.8847
vn 0.0055 -0.3121 0.9500
vn 0.0001 -0.3061 0.9520
vn 0.0029 -0.3433 0.9392
vn 0.0030 -0.3823 0.9240
vn 0.0016 -0.1716 0.9852
vn 0.0008 -0.1929 0.9812
vn 0.0058 -0.1981 0.9802
vn 0.0046 -0.1525 0.9883
vn 0.0033 -0.2367 0.9716
vn 0.0035 -0.2725 0.9621
vn 0.0001 -0.0596 0.9982
vn 0.0037 -0.0864 0.9963
vn 0.0029 -0.1148 0.9934
vn 0.0375 -0.9993 -0.0007
vn 0.0056 -1.0000 0.0000
vn 0.0122 -0.9999 -0.0001
vn 0.0097 -1.0000 -0.0002
vn 0.0409 -0.9992 -0.0008
vn 0.0843 -0.9964 -0.0002
vn 0.0830 -0.9966 -0.0002
vn 0.1265 -0.9920 -0.0004
vn 0.1221 -0.9925 -0.0002
vn 0.1679 -0.9858 -0.0012
vn 0.1682 -0.9857 -0.0012
vn 0.2208 -0.9753 0.0007
vn 0.2190 -0.9757 0.0006
vn 0.2712 -0.9625 0.0016
vn 0.3072 -0.9516 0.0008
vn 0.3271 -0.9450 0.0001
vn 0.3933 -0.9194 -0.0001
vn 0.3826 -0.9239 -0.0001
vn 0.5478 -0.8366 0.0014
vn 0.5699 -0.8217 -0.0047
vn 0.5144 -0.8576 -0.0038
vn 0.4651 -0.8853 0.0023
vn 0.4832 -0.8755 0.0035
vn -0.0039 0.0000 1.0000
vn -0.0225 -0.0000 0.9997
vn -0.0140 0.0049 0.9999
vn -0.0567 0.0016 0.9984
vn -0.0611 -0.0012 0.9981
vn -0.0247 0.0192 0.9995
vn -0.0119 0.0107 0.9999
vn -0.1395 0.0075 0.9902
vn -0.0961 0.0046 0.9954
vn -0.1450 0.0034 0.9894
vn -0.7290 -0.2984 0.6160
vn -0.7359 -0.3253 0.5938
vn -0.4080 -0.5092 0.7578
vn -0.4347 -0.4999 0.7491
vn -0.7217 -0.2859 0.6304
vn -0.4827 -0.4636 0.7430
vn -0.7081 -0.2720 0.6516
vn -0.4977 -0.4462 0.7438
vn -0.5332 -0.4283 0.7296
vn -0.6942 -0.2610 0.6708
vn -0.5508 -0.4054 0.7296
vn -0.5629 -0.3704 0.7389
vn -0.6786 -0.2480 0.6913
vn -0.5803 -0.3399 0.7401
vn -0.6519 -0.2286 0.7231
vn -0.5795 -0.3146 0.7518
vn -0.6346 -0.2168 0.7418
vn -0.5965 -0.2709 0.7555
vn -0.6160 -0.2038 0.7610
vn -0.5860 -0.2391 0.7742
vn -0.5724 -0.2067 0.7935
vn -0.5954 -0.1889 0.7809
vn -0.5725 -0.1720 0.8017
vn -0.5479 -0.1765 0.8177
vn -0.5444 -0.1539 0.8246
vn -0.2841 -0.0255 0.9585
vn -0.3412 -0.0464 0.9388
vn -0.3749 -0.0552 0.9254
vn -0.3118 -0.0432 0.9492
vn -0.3842 -0.0660 0.9209
vn -0.4418 -0.0949 0.8921
vn -0.4300 -0.0876 0.8986
vn -0.4794 -0.1122 0.8704
vn -0.4869 -0.1276 0.8641
vn -0.5171 -0.1358 0.8451
vn -0.5194 -0.1526 0.8408
vn -0.2824 -0.0333 0.9587
vn -0.2037 -0.0105 0.9790
vn -0.2095 -0.0052 0.9778
vn -0.2377 -0.0166 0.9712
vn -0.6843 0.5488 -0.4802
vn -0.7121 0.5447 -0.4430
vn -0.6805 0.5661 -0.4653
vn -0.6788 0.0474 -0.7328
vn -0.6487 0.0321 -0.7604
vn -0.7051 0.0296 -0.7085
vn -0.7093 0.0763 -0.7008
vn -0.6979 0.0895 -0.7106
vn -0.7069 0.1225 -0.6967
vn -0.6621 0.1262 -0.7387
vn -0.7073 0.1493 -0.6909
vn -0.6688 0.1671 -0.7244
vn -0.6508 0.1496 -0.7444
vn -0.7085 0.1880 -0.6802
vn -0.6738 0.2032 -0.7104
vn -0.7073 0.2190 -0.6721
vn -0.6860 0.2399 -0.6869
vn -0.6472 0.2269 -0.7278
vn -0.7104 0.2616 -0.6534
vn -0.7004 0.2837 -0.6549
vn -0.7101 0.3184 -0.6280
vn -0.6792 0.3229 -0.6591
vn -0.6638 0.3685 -0.6509
vn -0.7073 0.3571 -0.6101
vn -0.6645 0.4364 -0.6066
vn -0.6515 0.4245 -0.6288
vn -0.6618 0.4027 -0.6324
vn -0.7062 0.3861 -0.5934
vn -0.7110 0.4176 -0.5657
vn -0.7083 0.4601 -0.5354
vn -0.6994 0.4438 -0.5602
vn -0.6861 0.4876 -0.5399
vn -0.7148 0.4964 -0.4926
vn -0.6873 0.5045 -0.5226
vn -0.6793 0.5325 -0.5050
vn -0.7130 0.5843 -0.3877
vn -0.6671 0.6093 -0.4285
vn -0.7053 0.5690 -0.4228
vn -0.6409 0.6185 -0.4547
vn -0.6766 0.6267 -0.3866
vn -0.6869 0.6097 -0.3954
vn -0.7087 0.6116 -0.3516
vn -0.7011 0.6267 -0.3401
vn -0.7182 0.6342 -0.2863
vn -0.7030 0.6436 -0.3026
vn -0.7101 0.6671 -0.2252
vn -0.6759 0.6859 -0.2695
vn -0.6679 0.7078 -0.2299
vn -0.6547 0.7122 -0.2533
vn -0.7114 0.6829 -0.1661
vn -0.6627 0.7323 -0.1566
vn -0.7104 0.6938 -0.1184
vn -0.6655 0.7369 -0.1187
vn -0.6507 0.7463 -0.1399
vn -0.6871 0.7208 -0.0913
vn -0.7116 0.7002 -0.0580
vn -0.6823 0.7270 -0.0775
vn -0.6891 0.7241 -0.0297
vn 0.7093 0.3578 -0.6073
vn 0.7117 0.3610 -0.6027
vn 0.7065 0.3458 -0.6174
vn 0.7063 0.3455 -0.6179
vn 0.7072 0.3179 -0.6315
vn 0.7077 0.3139 -0.6330
vn 0.7087 0.2921 -0.6422
vn 0.7090 0.2782 -0.6481
vn 0.7079 0.2745 -0.6508
vn 0.7083 0.2414 -0.6634
vn 0.7069 0.2530 -0.6605
vn 0.7089 0.2251 -0.6684
vn 0.7069 0.1983 -0.6790
vn 0.7083 0.2052 -0.6754
vn 0.7065 0.1642 -0.6884
vn 0.7066 0.1632 -0.6885
vn 0.7085 0.1215 -0.6952
vn 0.7085 0.1378 -0.6921
vn 0.7079 0.1198 -0.6961
vn 0.7079 0.0826 -0.7015
vn 0.7066 0.0967 -0.7010
vn 0.7083 0.0671 -0.7027
vn 0.7068 0.0380 -0.7064
vn 0.7081 0.0454 -0.7046
vn -0.0551 0.9346 -0.3514
vn -0.0240 0.9242 -0.3812
vn -0.0927 0.9222 -0.3753
vn -0.0669 0.8943 -0.4423
vn 0.0016 0.8870 -0.4618
vn -0.0119 0.8816 -0.4719
vn -0.0874 0.8802 -0.4664
vn -0.0674 0.6890 -0.7216
vn -0.0235 0.6668 -0.7448
vn -0.0983 0.6695 -0.7362
vn -0.3858 0.9217 -0.0389
vn -0.2930 0.9553 -0.0402
vn -0.6510 0.0716 -0.7557
vn -0.6405 0.1090 -0.7602
vn -0.6496 0.1884 -0.7366
vn -0.6398 0.2651 -0.7214
vn -0.6432 0.2911 -0.7082
vn -0.0967 0.0491 -0.9941
vn -0.0240 0.0510 -0.9984
vn -0.0967 0.0983 -0.9905
vn -0.0244 0.0983 -0.9949
vn -0.1044 0.1464 -0.9837
vn -0.0319 0.1440 -0.9891
vn -0.0379 0.1741 -0.9840
vn -0.0983 0.1990 -0.9751
vn -0.0242 0.2038 -0.9787
vn -0.0967 0.2430 -0.9652
vn -0.0238 0.2424 -0.9699
vn -0.0984 0.2867 -0.9530
vn -0.0237 0.2824 -0.9590
vn -0.5568 0.0410 -0.8297
vn -0.5567 0.0820 -0.8267
vn -0.5567 0.1227 -0.8216
vn -0.5589 0.1627 -0.8131
vn -0.5567 0.2029 -0.8056
vn -0.5567 0.2424 -0.7946
vn -0.5567 0.2815 -0.7816
vn -0.4722 0.0435 -0.8804
vn -0.4721 0.0871 -0.8772
vn -0.4721 0.1302 -0.8719
vn -0.4721 0.1729 -0.8644
vn -0.4721 0.2153 -0.8549
vn -0.4721 0.2572 -0.8432
vn -0.4721 0.2987 -0.8294
vn -0.3825 0.0456 -0.9228
vn -0.3825 0.0913 -0.9195
vn -0.3825 0.1365 -0.9138
vn -0.3825 0.1813 -0.9060
vn -0.3825 0.2256 -0.8960
vn -0.3825 0.2696 -0.8838
vn -0.3825 0.3131 -0.8693
vn -0.2891 0.0472 -0.9561
vn -0.2891 0.0945 -0.9526
vn -0.2891 0.1414 -0.9468
vn -0.2891 0.1878 -0.9387
vn -0.2891 0.2338 -0.9283
vn -0.2891 0.2793 -0.9157
vn -0.2891 0.3243 -0.9007
vn -0.1934 0.0484 -0.9799
vn -0.1934 0.0969 -0.9763
vn -0.1934 0.1449 -0.9704
vn -0.1933 0.1925 -0.9621
vn -0.1933 0.2396 -0.9514
vn -0.1933 0.2862 -0.9384
vn -0.1933 0.3324 -0.9231
vn -0.1032 0.3374 -0.9357
vn -0.5567 0.3199 -0.7667
vn -0.4721 0.3395 -0.8136
vn -0.3825 0.3558 -0.8527
vn -0.2891 0.3686 -0.8835
vn -0.1933 0.3778 -0.9055
vn -0.0967 0.3833 -0.9186
vn -0.0243 0.3881 -0.9213
vn -0.0306 0.3435 -0.9387
vn -0.0354 0.3141 -0.9487
vn -0.0967 0.4282 -0.8985
vn -0.0240 0.4341 -0.9006
vn -0.0242 0.4760 -0.8791
vn -0.0967 0.5144 -0.8521
vn -0.0966 0.4719 -0.8763
vn -0.1933 0.4652 -0.8638
vn -0.1933 0.4221 -0.8857
vn -0.2891 0.4119 -0.8642
vn -0.2891 0.4539 -0.8429
vn -0.0967 0.5556 -0.8258
vn -0.0243 0.5547 -0.8317
vn -0.0246 0.5155 -0.8565
vn -0.1933 0.5071 -0.8400
vn -0.2891 0.4947 -0.8196
vn -0.3824 0.3975 -0.8341
vn -0.3824 0.4381 -0.8135
vn -0.0966 0.5957 -0.7974
vn -0.1933 0.5477 -0.8140
vn -0.1933 0.5872 -0.7860
vn -0.2891 0.5344 -0.7942
vn -0.2891 0.5729 -0.7669
vn -0.3824 0.4775 -0.7910
vn -0.4721 0.3793 -0.7958
vn -0.4721 0.4180 -0.7762
vn -0.5567 0.3574 -0.7499
vn -0.5567 0.3939 -0.7314
vn -0.0244 0.5957 -0.8029
vn -0.0244 0.6351 -0.7721
vn -0.0966 0.6345 -0.7669
vn -0.1933 0.6255 -0.7559
vn -0.1929 0.6623 -0.7240
vn -0.2891 0.6103 -0.7376
vn -0.3824 0.5158 -0.7666
vn -0.4721 0.4556 -0.7547
vn -0.5595 0.4284 -0.7095
vn -0.6405 0.3250 -0.6958
vn -0.6478 0.3583 -0.6723
vn -0.4721 0.4921 -0.7314
vn -0.3824 0.5530 -0.7402
vn -0.3824 0.5890 -0.7119
vn -0.0985 0.7091 -0.6981
vn -0.0236 0.7146 -0.6992
vn -0.1045 0.7400 -0.6644
vn -0.0310 0.7383 -0.6737
vn -0.1933 0.6973 -0.6903
vn -0.2891 0.6462 -0.7063
vn -0.2891 0.6803 -0.6735
vn -0.4721 0.5276 -0.7062
vn -0.5589 0.4630 -0.6880
vn -0.6648 0.3852 -0.6401
vn -0.0235 0.7862 -0.6176
vn -0.0380 0.7580 -0.6511
vn -0.0983 0.7750 -0.6242
vn -0.1933 0.7304 -0.6551
vn -0.3824 0.6237 -0.6818
vn -0.3824 0.6567 -0.6500
vn -0.4721 0.5620 -0.6792
vn -0.4721 0.5950 -0.6505
vn -0.5595 0.4961 -0.6639
vn -0.5566 0.5296 -0.6401
vn -0.0966 0.8026 -0.5886
vn -0.0230 0.8062 -0.5912
vn -0.1933 0.7617 -0.6184
vn -0.1933 0.7912 -0.5802
vn -0.2891 0.7127 -0.6392
vn -0.2891 0.7432 -0.6034
vn -0.6434 0.4625 -0.6100
vn -0.1030 0.8564 -0.5059
vn -0.0983 0.8284 -0.5514
vn -0.1933 0.8188 -0.5405
vn -0.1933 0.8446 -0.4993
vn -0.3824 0.6879 -0.6169
vn -0.3824 0.7174 -0.5824
vn -0.4721 0.6265 -0.6202
vn -0.4720 0.6563 -0.5886
vn -0.5566 0.5904 -0.5845
vn -0.5638 0.6150 -0.5513
vn -0.5566 0.5607 -0.6130
vn -0.6494 0.4885 -0.5828
vn -0.6292 0.5271 -0.5712
vn -0.0237 0.8180 -0.5747
vn -0.2891 0.7720 -0.5661
vn -0.0303 0.8605 -0.5085
vn -0.0353 0.8377 -0.5451
vn -0.1929 0.8684 -0.4568
vn -0.2891 0.7989 -0.5274
vn -0.3824 0.7451 -0.5464
vn -0.4720 0.6844 -0.5556
vn -0.4720 0.7109 -0.5213
vn -0.5566 0.6450 -0.5236
vn -0.6416 0.5453 -0.5394
vn -0.6594 0.5567 -0.5052
vn -0.6374 0.6011 -0.4821
vn -0.3824 0.7711 -0.5090
vn -0.3824 0.7954 -0.4703
vn -0.2891 0.8241 -0.4872
vn -0.2891 0.8472 -0.4457
vn -0.0985 0.9037 -0.4166
vn -0.0241 0.9094 -0.4153
vn -0.1933 0.8899 -0.4132
vn -0.1887 0.9100 -0.3692
vn -0.4720 0.7357 -0.4857
vn -0.4720 0.7589 -0.4487
vn -0.5566 0.6699 -0.4913
vn -0.0122 0.9469 -0.3213
vn 0.0025 0.9391 -0.3438
vn -0.0911 0.9414 -0.3248
vn -0.2891 0.8683 -0.4032
vn -0.3824 0.8177 -0.4302
vn -0.3824 0.8380 -0.3892
vn -0.5589 0.6921 -0.4568
vn -0.5566 0.7151 -0.4228
vn -0.0966 0.9546 -0.2818
vn -0.0241 0.9586 -0.2838
vn -0.1933 0.9262 -0.3237
vn -0.1933 0.9410 -0.2778
vn -0.2890 0.8871 -0.3599
vn -0.2890 0.9037 -0.3159
vn -0.3824 0.8562 -0.3474
vn -0.4720 0.7802 -0.4104
vn -0.4720 0.7996 -0.3713
vn -0.5566 0.7352 -0.3868
vn -0.6400 0.6416 -0.4228
vn -0.6414 0.6632 -0.3857
vn -0.6430 0.6805 -0.3514
vn -0.5566 0.7535 -0.3499
vn -0.2890 0.9181 -0.2710
vn -0.0983 0.9852 -0.1403
vn -0.1029 0.9772 -0.1857
vn -0.1933 0.9638 -0.1835
vn -0.1929 0.9718 -0.1355
vn -0.0896 0.9671 -0.2382
vn -0.1933 0.9535 -0.2311
vn -0.2890 0.9304 -0.2254
vn -0.2890 0.9404 -0.1791
vn -0.3824 0.8723 -0.3049
vn -0.3824 0.8862 -0.2616
vn -0.4720 0.8322 -0.2909
vn -0.4720 0.8455 -0.2496
vn -0.4720 0.8169 -0.3314
vn -0.5566 0.7698 -0.3123
vn -0.5630 0.7802 -0.2726
vn -0.6431 0.6954 -0.3208
vn -0.6383 0.7112 -0.2946
vn -0.0122 0.9692 -0.2458
vn -0.0304 0.9826 -0.1835
vn -0.0317 0.9763 -0.2140
vn -0.0242 0.9890 -0.1459
vn -0.0678 0.9910 -0.1152
vn -0.5650 0.8218 -0.0733
vn -0.5601 0.8205 -0.1143
vn -0.6418 0.7597 -0.1046
vn -0.5604 0.7943 -0.2344
vn -0.4720 0.8568 -0.2076
vn -0.3824 0.8980 -0.2176
vn -0.3824 0.9077 -0.1728
vn -0.2890 0.9482 -0.1322
vn -0.0985 0.9914 -0.0859
vn -0.0240 0.9965 -0.0801
vn -0.6546 0.7534 -0.0620
vn -0.6320 0.7743 -0.0330
vn -0.5559 0.8305 -0.0349
vn -0.4720 0.8808 -0.0371
vn -0.4720 0.8781 -0.0785
vn -0.6761 0.7099 -0.1973
vn -0.6488 0.7395 -0.1793
vn -0.5589 0.8146 -0.1551
vn -0.4720 0.8731 -0.1217
vn -0.3824 0.9203 -0.0823
vn -0.6646 0.7160 -0.2136
vn -0.5566 0.8074 -0.1956
vn -0.4720 0.8660 -0.1649
vn -0.3824 0.9151 -0.1276
vn -0.2890 0.9535 -0.0852
vn -0.1945 0.9800 -0.0417
vn -0.1933 0.9772 -0.0873
vn -0.0996 0.9941 -0.0422
vn -0.0258 0.9989 -0.0393
vn 0.7170 0.3556 -0.5996
vn 0.7077 0.3552 -0.6108
vn 0.7288 0.3403 -0.5942
vn 0.7267 0.3484 -0.5920
vn 0.7193 0.3556 -0.5968
vn 0.7342 0.3156 -0.6012
vn 0.7342 0.3182 -0.5997
vn 0.7336 0.3305 -0.5938
vn 0.7300 0.3463 -0.5893
vn 0.7014 0.2675 -0.6607
vn 0.6879 0.2571 -0.6788
vn 0.6879 0.2571 -0.6787
vn 0.7016 0.2677 -0.6604
vn 0.7124 0.2771 -0.6447
vn 0.7127 0.2774 -0.6443
vn 0.7217 0.2873 -0.6298
vn 0.7216 0.2872 -0.6299
vn 0.7295 0.2998 -0.6147
vn 0.7292 0.2992 -0.6155
vn 0.7332 0.3094 -0.6056
vn 0.6769 0.2504 -0.6922
vn 0.6650 0.2397 -0.7073
vn 0.6614 0.2384 -0.7111
vn 0.6359 0.2174 -0.7405
vn 0.6359 0.2174 -0.7406
vn 0.6056 0.1964 -0.7712
vn 0.6071 0.1973 -0.7698
vn 0.5801 0.1788 -0.7947
vn 0.5803 0.1790 -0.7945
vn 0.5518 0.1589 -0.8187
vn 0.5528 0.1596 -0.8179
vn 0.5079 0.1308 -0.8514
vn 0.5043 0.1285 -0.8539
vn 0.4503 0.0963 -0.8877
vn 0.4281 0.0868 -0.8996
vn 0.4000 0.0712 -0.9138
vn 0.0070 -0.0000 -1.0000
vn 0.0193 -0.0012 -0.9998
vn 0.0287 -0.0014 -0.9996
vn 0.0806 -0.0036 -0.9967
vn 0.0826 -0.0037 -0.9966
vn 0.1583 -0.0008 -0.9874
vn 0.1676 0.0003 -0.9859
vn 0.2055 0.0045 -0.9786
vn 0.2521 0.0171 -0.9676
vn 0.2536 0.0175 -0.9671
vn 0.3374 0.0467 -0.9402
vn 0.3083 0.0350 -0.9507
vn 0.3544 0.0532 -0.9336
vn -0.3923 -0.4984 0.7731
vn -0.7214 -0.3592 0.5920
vn -0.7149 -0.3595 0.5997
vn -0.3930 -0.4794 0.7847
vn -0.7112 -0.3519 0.6086
vn -0.3880 -0.4555 0.8012
vn -0.7075 -0.3266 0.6266
vn -0.3909 -0.4169 0.8206
vn -0.4002 -0.5120 0.7601
vn -0.7305 -0.3469 0.5882
vn -0.7360 -0.3387 0.5861
vn 0.9982 -0.0602 -0.0002
vn 0.9999 -0.0157 0.0003
vn 1.0000 -0.0072 0.0001
vn 0.9991 -0.0415 0.0002
vn 0.9956 -0.0938 -0.0019
vn 0.9960 -0.0897 -0.0016
vn 0.9861 -0.1658 -0.0036
vn 0.9913 -0.1317 -0.0032
vn 0.9779 -0.2089 -0.0028
vn 0.9581 -0.2863 -0.0005
vn 0.9617 -0.2741 0.0002
vn 0.9412 -0.3379 0.0012
vn 0.9295 -0.3688 0.0020
vn 0.9142 -0.4052 0.0034
vn 0.8994 -0.4371 0.0051
vn 0.8818 -0.4716 0.0058
vn 0.8696 -0.4937 0.0056
vn 0.8469 -0.5318 0.0048
vn 0.8256 -0.5643 0.0039
vn 0.8075 -0.5898 0.0046
vn 0.8053 -0.5928 0.0054
vn 0.7407 -0.6718 0.0042
vn 0.7788 -0.6273 0.0056
vn 0.6969 -0.7172 0.0026
vn 0.6884 -0.7253 0.0023
vn 0.6425 -0.7663 0.0009
vn 0.6291 -0.7773 0.0005
vn -0.0148 -0.6208 0.7839
vn 0.0199 -0.5981 0.8012
vn 0.0222 -0.5776 0.8160
vn 0.0122 -0.5574 0.8302
vn -0.1243 -0.6473 0.7521
vn -0.1101 -0.6309 0.7681
vn -0.1670 -0.6219 0.7651
vn -0.2613 -0.5954 0.7597
vn -0.5609 -0.2950 0.7736
vn -0.5202 -0.4060 0.7514
vn -0.5605 -0.3325 0.7585
vn -0.4696 -0.4771 0.7428
vn -0.4290 -0.5143 0.7426
vn -0.5576 -0.2244 0.7992
vn -0.5282 -0.1755 0.8308
vn -0.4796 -0.1294 0.8679
vn -0.4298 -0.0830 0.8991
vn -0.3798 -0.0491 0.9238
vn -0.3402 -0.0379 0.9396
vn -0.2651 -0.0290 0.9638
vn -0.1988 -0.0133 0.9799
vn -0.1535 0.0068 0.9881
vn -0.0974 0.0140 0.9952
vn -0.0005 -1.0000 -0.0000
vn -0.3870 -0.5540 0.7371
vn -0.4302 -0.5326 0.7289
vn -0.5035 -0.4546 0.7347
vn -0.5212 -0.4308 0.7367
vn -0.2148 -0.6230 0.7522
vn -0.2773 -0.6045 0.7468
vn -0.3458 -0.5765 0.7404
vn -0.3965 -0.2121 -0.8932
vn -0.3937 -0.2703 -0.8786
vn -0.0138 -0.2793 -0.9601
vn 0.0004 -0.5252 -0.8509
vn -0.0121 -0.4750 -0.8799
vn -0.3943 -0.3979 -0.8284
vn -0.3895 -0.3561 -0.8494
vn -0.0194 -0.3852 -0.9226
vn -0.3970 -0.3093 -0.8642
vn -0.0279 -0.1848 -0.9824
vn -0.3912 -0.1605 -0.9062
vn -0.3999 -0.1134 -0.9095
vn -0.3882 -0.0490 -0.9203
vn -0.7041 -0.0607 -0.7075
vn -0.0070 -0.0795 -0.9968
vn -0.7107 -0.2991 -0.6368
vn -0.7080 -0.2758 -0.6502
vn -0.7069 -0.2316 -0.6683
vn -0.7054 -0.2015 -0.6796
vn -0.7075 -0.1541 -0.6897
vn -0.7052 -0.1252 -0.6979
vn -0.3900 -0.0757 0.9177
vn -0.7091 -0.0721 0.7014
vn -0.7061 -0.0392 0.7070
vn -0.3872 -0.0333 0.9214
vn -0.7067 -0.1650 0.6880
vn -0.7070 -0.1414 0.6929
vn -0.3895 -0.1805 0.9032
vn -0.4167 -0.2100 0.8845
vn -0.7086 -0.1218 0.6951
vn -0.7098 -0.0998 0.6973
vn -0.4046 -0.1243 0.9060
vn -0.4032 -0.2224 0.8877
vn -0.3833 -0.2569 0.8872
vn -0.7061 -0.1945 0.6809
vn -0.4007 -0.2910 0.8687
vn -0.7083 -0.2203 0.6707
vn -0.7084 -0.2398 0.6638
vn -0.3986 -0.3172 0.8605
vn -0.7050 -0.2692 0.6561
vn -0.3847 -0.3594 0.8502
vn -0.7074 -0.3019 0.6391
vn -0.4148 -0.3883 0.8229
vn -0.0091 -0.4664 0.8845
vn -0.0036 -0.5259 0.8505
vn -0.0148 -0.0747 0.9971
vn -0.0127 -0.1771 0.9841
vn -0.0194 -0.2804 0.9597
vn -0.0196 -0.3779 0.9256
vn 0.0037 -0.5440 0.8391
vn 1.0000 0.0002 -0.0003
vn 1.0000 0.0002 -0.0002
vn 1.0000 0.0002 -0.0000
vn 0.0000 -0.5067 -0.8621
vn 0.0034 -0.5315 -0.8470
vn 1.0000 -0.0004 -0.0006
vn 1.0000 -0.0004 -0.0004
vn -0.0356 0.0057 -0.9993
vn -0.0120 0.0000 -0.9999
vn -0.0605 0.0089 -0.9981
vn -0.1144 0.0078 -0.9934
vn -0.1551 0.0101 -0.9878
vn -0.2597 0.0030 0.9657
vn -0.2516 0.0038 0.9678
vn -0.1863 0.0033 0.9825
vn -0.1551 0.0101 0.9878
vn -0.1144 0.0078 0.9934
vn -0.0605 0.0089 0.9981
vn -0.0356 0.0057 0.9993
vn -0.0120 0.0000 0.9999
vn -0.4229 0.0058 0.9062
vn -0.3700 0.0069 0.9290
vn -0.3326 0.0036 0.9431
vn -0.3113 -0.0019 0.9503
vn -0.8685 0.0040 0.4957
vn -0.8637 0.0053 0.5041
vn -0.8297 0.0048 0.5582
vn -0.8283 0.0044 0.5603
vn -0.7870 0.0056 0.6170
vn -0.7477 0.0064 0.6640
vn -0.7373 0.0034 0.6756
vn -0.7010 -0.0008 0.7132
vn -0.6839 0.0026 0.7295
vn -0.6538 0.0054 0.7567
vn -0.6073 0.0042 0.7944
vn -0.6102 0.0046 0.7922
vn -0.5526 0.0038 0.8335
vn -0.5511 0.0040 0.8344
vn -0.4941 0.0039 0.8694
vn -0.4859 0.0028 0.8740
vn -0.9633 0.0042 0.2685
vn -0.9660 0.0058 0.2586
vn -0.9464 -0.0002 0.3230
vn -0.9405 0.0043 0.3397
vn -0.9244 0.0090 0.3814
vn -0.9003 0.0066 0.4352
vn -0.9012 0.0069 0.4333
vn -0.9977 0.0077 0.0668
vn -0.9919 0.0061 0.1266
vn -0.9920 0.0062 0.1259
vn -0.9999 0.0123 0.0047
vn -0.9809 0.0049 0.1946
vn -0.9802 0.0054 0.1979
vn -0.9809 0.0049 -0.1946
vn -0.9802 0.0054 -0.1979
vn -0.9908 -0.0003 -0.1352
vn -0.9925 0.0044 -0.1222
vn -0.9969 0.0106 -0.0778
vn -0.9998 0.0077 -0.0185
vn -0.8685 0.0040 -0.4957
vn -0.8637 0.0053 -0.5041
vn -0.9003 0.0066 -0.4352
vn -0.9012 0.0069 -0.4333
vn -0.9244 0.0090 -0.3814
vn -0.9405 0.0043 -0.3397
vn -0.9464 -0.0002 -0.3230
vn -0.9633 0.0042 -0.2685
vn -0.9660 0.0058 -0.2586
vn -0.4859 0.0028 -0.8740
vn -0.4941 0.0039 -0.8694
vn -0.5511 0.0040 -0.8344
vn -0.5526 0.0038 -0.8335
vn -0.6073 0.0042 -0.7944
vn -0.6102 0.0046 -0.7922
vn -0.6538 0.0054 -0.7567
vn -0.6839 0.0026 -0.7295
vn -0.7373 0.0034 -0.6756
vn -0.7010 -0.0008 -0.7132
vn -0.7477 0.0064 -0.6640
vn -0.7870 0.0056 -0.6170
vn -0.8283 0.0044 -0.5603
vn -0.8297 0.0048 -0.5582
vn -0.3326 0.0036 -0.9431
vn -0.3113 -0.0019 -0.9503
vn -0.3700 0.0069 -0.9290
vn -0.4229 0.0058 -0.9062
vn -0.1863 0.0033 -0.9825
vn -0.2516 0.0038 -0.9678
vn -0.2597 0.0030 -0.9657
vn 0.0820 -0.0079 0.9966
vn 0.0313 -0.0055 0.9995
vn 0.1448 -0.0095 0.9894
vn 0.1522 -0.0015 0.9883
vn 0.1149 -0.0027 0.9934
vn 0.2103 -0.0089 0.9776
vn 0.2532 -0.0060 0.9674
vn 0.2460 -0.0078 0.9692
vn 0.1477 -0.0103 -0.9890
vn 0.1434 -0.0004 -0.9897
vn 0.1945 -0.0060 -0.9809
vn 0.2438 -0.0064 -0.9698
vn 0.2513 -0.0049 -0.9679
vn 0.0329 -0.0055 -0.9994
vn 0.0429 -0.0072 -0.9991
vn 0.0955 -0.0080 -0.9954
vn 0.1250 -0.0016 -0.9922
vn 0.3203 0.0006 0.9473
vn 0.3185 0.0006 0.9479
vn 0.3970 0.0006 0.9178
vn 0.4248 -0.0040 0.9053
vn 0.4600 -0.0048 0.8879
vn 0.4869 -0.0094 0.8734
vn 0.4687 0.3746 0.8000
vn 0.5351 0.0000 0.8448
vn 0.5797 0.0005 0.8149
vn 0.5783 0.0005 0.8158
vn 0.6505 0.0005 0.7595
vn 0.6781 0.0005 0.7349
vn 0.7063 0.0001 0.7080
vn 0.7814 0.0001 0.6240
vn 0.7804 0.0001 0.6253
vn 0.9318 -0.0050 0.3630
vn 0.9074 -0.0077 0.4202
vn 0.8863 -0.0068 0.4631
vn 0.8633 -0.0057 0.5047
vn 0.8488 0.0001 0.5287
vn 0.9074 -0.0077 -0.4202
vn 0.9388 -0.0001 -0.3444
vn 0.9318 -0.0050 -0.3630
vn 0.9748 0.0001 -0.2233
vn 0.9749 0.0001 -0.2227
vn 0.9972 0.0001 -0.0750
vn 0.9972 0.0001 -0.0748
vn 0.9972 0.0001 0.0750
vn 0.9972 0.0001 0.0748
vn 0.9748 0.0001 0.2233
vn 0.9749 0.0001 0.2227
vn 0.9388 -0.0001 0.3444
vn 0.8633 -0.0057 -0.5047
vn 0.8863 -0.0068 -0.4631
vn 0.8488 0.0001 -0.5287
vn 0.7814 0.0001 -0.6240
vn 0.7804 0.0001 -0.6253
vn 0.7063 0.0001 -0.7080
vn 0.6781 0.0005 -0.7349
vn 0.4869 -0.0094 -0.8734
vn 0.4601 -0.0048 -0.8879
vn 0.4248 -0.0040 -0.9053
vn 0.6505 0.0005 -0.7595
vn 0.5797 0.0005 -0.8149
vn 0.5783 0.0005 -0.8158
vn 0.5351 0.0000 -0.8448
vn 0.4687 0.3747 -0.8000
vn 0.3182 0.0006 -0.9480
vn 0.3200 0.0006 -0.9474
vn 0.3970 0.0006 -0.9178
vn -0.0001 0.8307 0.5568
vn 0.0004 0.8190 0.5738
vn 0.0010 0.8310 0.5562
vn 0.0000 -0.0000 1.0000
vn -0.0000 0.0000 1.0000
vn -0.0177 -0.9965 -0.0816
vn -0.0241 -0.9967 -0.0769
vn -0.0295 -0.9969 -0.0727
vn -0.0217 -0.9969 -0.0753
vn -0.0375 -0.9969 -0.0688
vn -0.0451 -0.9969 -0.0642
vn -0.0516 -0.9969 -0.0590
vn -0.0586 -0.9969 -0.0521
vn -0.0638 -0.9969 -0.0456
vn -0.0682 -0.9969 -0.0386
vn -0.0725 -0.9969 -0.0297
vn -0.0753 -0.9969 -0.0218
vn -0.0772 -0.9969 -0.0132
vn -0.0783 -0.9969 -0.0044
vn -0.0782 -0.9969 0.0044
vn -0.0773 -0.9969 0.0132
vn -0.0752 -0.9969 0.0218
vn -0.0724 -0.9969 0.0302
vn -0.0684 -0.9969 0.0381
vn -0.0638 -0.9969 0.0456
vn -0.0586 -0.9969 0.0521
vn -0.0516 -0.9969 0.0590
vn -0.0451 -0.9969 0.0642
vn -0.0375 -0.9969 0.0688
vn -0.0295 -0.9969 0.0727
vn -0.0217 -0.9969 0.0753
vn -0.0381 -0.9964 0.0762
vn -0.0355 -0.8571 -0.5138
vn -0.0257 -0.9726 -0.2311
vn -0.0208 -0.9521 -0.3051
vn -0.0308 -0.9890 -0.1444
vn -0.0353 -0.8579 0.5126
vn -0.0238 -0.9529 0.3025
vn -0.0283 -0.9710 0.2373
vn -0.0377 -0.8940 -0.4464
vn -0.0396 -0.8365 0.5465
vn -0.0669 -0.8377 0.5419
vn -0.0823 -0.8574 0.5081
vn -0.0997 -0.8372 0.5377
vn -0.1364 -0.8372 0.5296
vn -0.1389 -0.8574 0.4955
vn -0.1683 -0.8379 0.5192
vn -0.2044 -0.8389 0.5045
vn -0.1932 -0.8579 0.4761
vn -0.2385 -0.8382 0.4904
vn -0.2462 -0.8575 0.4517
vn -0.2701 -0.8372 0.4755
vn -0.3022 -0.8372 0.4559
vn -0.2958 -0.8572 0.4216
vn -0.3275 -0.8373 0.4378
vn -0.3564 -0.8374 0.4144
vn -0.3411 -0.8576 0.3849
vn -0.3813 -0.8384 0.3895
vn -0.4056 -0.8388 0.3633
vn -0.3824 -0.8578 0.3433
vn -0.4329 -0.8376 0.3331
vn -0.4188 -0.8573 0.2993
vn -0.4525 -0.8372 0.3072
vn -0.4725 -0.8372 0.2754
vn -0.4496 -0.8575 0.2501
vn -0.4876 -0.8380 0.2449
vn -0.5023 -0.8389 0.2096
vn -0.4742 -0.8579 0.1978
vn -0.5167 -0.8381 0.1749
vn -0.4941 -0.8575 0.1432
vn -0.5280 -0.8372 0.1423
vn -0.5366 -0.8372 0.1057
vn -0.5075 -0.8573 0.0867
vn -0.5414 -0.8375 0.0743
vn -0.5451 -0.8375 0.0376
vn -0.5133 -0.8577 0.0286
vn -0.5449 -0.8385 0.0025
vn -0.5436 -0.8387 -0.0327
vn -0.5131 -0.8578 -0.0301
vn -0.5414 -0.8375 -0.0743
vn -0.5075 -0.8573 -0.0867
vn -0.5366 -0.8372 -0.1057
vn -0.5280 -0.8372 -0.1423
vn -0.4941 -0.8575 -0.1432
vn -0.5167 -0.8381 -0.1749
vn -0.5023 -0.8389 -0.2096
vn -0.4742 -0.8579 -0.1978
vn -0.4876 -0.8380 -0.2449
vn -0.4496 -0.8575 -0.2501
vn -0.4725 -0.8372 -0.2754
vn -0.4525 -0.8372 -0.3072
vn -0.4188 -0.8573 -0.2993
vn -0.4329 -0.8376 -0.3331
vn -0.4056 -0.8388 -0.3633
vn -0.3824 -0.8578 -0.3433
vn -0.3813 -0.8384 -0.3895
vn -0.3411 -0.8576 -0.3849
vn -0.3564 -0.8374 -0.4144
vn -0.3275 -0.8373 -0.4378
vn -0.2958 -0.8572 -0.4216
vn -0.3022 -0.8372 -0.4559
vn -0.2701 -0.8372 -0.4755
vn -0.2462 -0.8575 -0.4517
vn -0.2385 -0.8382 -0.4904
vn -0.2044 -0.8389 -0.5045
vn -0.1932 -0.8579 -0.4761
vn -0.1683 -0.8379 -0.5192
vn -0.1389 -0.8574 -0.4955
vn -0.1364 -0.8372 -0.5296
vn -0.0997 -0.8372 -0.5377
vn -0.0823 -0.8574 -0.5081
vn -0.0429 -0.8359 -0.5473
vn -0.0669 -0.8377 -0.5419
vn -0.0716 -0.8942 -0.4418
vn -0.1209 -0.8942 -0.4310
vn -0.1686 -0.8942 -0.4146
vn -0.2142 -0.8942 -0.3930
vn -0.2571 -0.8942 -0.3664
vn -0.2967 -0.8942 -0.3351
vn -0.3326 -0.8942 -0.2996
vn -0.3642 -0.8942 -0.2602
vn -0.3911 -0.8942 -0.2176
vn -0.4132 -0.8942 -0.1722
vn -0.4299 -0.8942 -0.1246
vn -0.4412 -0.8942 -0.0754
vn -0.4469 -0.8942 -0.0252
vn -0.4469 -0.8942 0.0252
vn -0.4412 -0.8942 0.0754
vn -0.4299 -0.8942 0.1246
vn -0.4132 -0.8942 0.1722
vn -0.3911 -0.8942 0.2176
vn -0.3642 -0.8942 0.2602
vn -0.3326 -0.8942 0.2996
vn -0.2967 -0.8942 0.3351
vn -0.2571 -0.8942 0.3664
vn -0.2142 -0.8942 0.3930
vn -0.1686 -0.8942 0.4146
vn -0.1209 -0.8942 0.4310
vn -0.0716 -0.8942 0.4418
vn -0.0362 -0.8922 0.4502
vn -0.0613 -0.9260 -0.3725
vn -0.1019 -0.9261 -0.3634
vn -0.1422 -0.9261 -0.3496
vn -0.1806 -0.9261 -0.3314
vn -0.2168 -0.9261 -0.3089
vn -0.2502 -0.9261 -0.2826
vn -0.2804 -0.9261 -0.2526
vn -0.3070 -0.9261 -0.2194
vn -0.3298 -0.9261 -0.1835
vn -0.3484 -0.9261 -0.1452
vn -0.3625 -0.9261 -0.1050
vn -0.3720 -0.9261 -0.0636
vn -0.3768 -0.9261 -0.0213
vn -0.3768 -0.9261 0.0213
vn -0.3720 -0.9261 0.0636
vn -0.3625 -0.9261 0.1050
vn -0.3484 -0.9261 0.1452
vn -0.3298 -0.9261 0.1835
vn -0.3070 -0.9261 0.2194
vn -0.2804 -0.9261 0.2526
vn -0.2502 -0.9261 0.2826
vn -0.2168 -0.9261 0.3089
vn -0.1806 -0.9261 0.3314
vn -0.1422 -0.9261 0.3496
vn -0.1019 -0.9261 0.3634
vn -0.0604 -0.9261 0.3725
vn -0.0357 -0.9262 0.3753
vn -0.0488 -0.9524 -0.3010
vn -0.0823 -0.9524 -0.2936
vn -0.1149 -0.9524 -0.2825
vn -0.1459 -0.9524 -0.2678
vn -0.1752 -0.9524 -0.2496
vn -0.2021 -0.9524 -0.2283
vn -0.2266 -0.9524 -0.2041
vn -0.2481 -0.9524 -0.1773
vn -0.2665 -0.9524 -0.1482
vn -0.2815 -0.9524 -0.1173
vn -0.2929 -0.9524 -0.0849
vn -0.3006 -0.9524 -0.0514
vn -0.3045 -0.9524 -0.0172
vn -0.3045 -0.9524 0.0172
vn -0.3006 -0.9524 0.0514
vn -0.2929 -0.9524 0.0849
vn -0.2815 -0.9524 0.1173
vn -0.2665 -0.9524 0.1482
vn -0.2481 -0.9524 0.1773
vn -0.2266 -0.9524 0.2041
vn -0.2021 -0.9524 0.2283
vn -0.1752 -0.9524 0.2496
vn -0.1459 -0.9524 0.2677
vn -0.1149 -0.9524 0.2825
vn -0.0823 -0.9524 0.2936
vn -0.0488 -0.9524 0.3010
vn -0.0400 -0.9729 -0.2275
vn -0.0623 -0.9730 -0.2221
vn -0.0869 -0.9730 -0.2137
vn -0.1104 -0.9730 -0.2025
vn -0.1325 -0.9730 -0.1888
vn -0.1529 -0.9730 -0.1727
vn -0.1714 -0.9730 -0.1544
vn -0.1877 -0.9730 -0.1341
vn -0.2016 -0.9730 -0.1121
vn -0.2129 -0.9730 -0.0887
vn -0.2216 -0.9730 -0.0642
vn -0.2274 -0.9730 -0.0388
vn -0.2303 -0.9730 -0.0130
vn -0.2303 -0.9730 0.0130
vn -0.2274 -0.9730 0.0388
vn -0.2216 -0.9730 0.0642
vn -0.2129 -0.9730 0.0887
vn -0.2016 -0.9730 0.1121
vn -0.1877 -0.9730 0.1341
vn -0.1714 -0.9730 0.1544
vn -0.1529 -0.9730 0.1727
vn -0.1325 -0.9730 0.1888
vn -0.1104 -0.9730 0.2025
vn -0.0869 -0.9730 0.2137
vn -0.0623 -0.9730 0.2221
vn -0.0369 -0.9730 0.2277
vn -0.0248 -0.9879 -0.1530
vn -0.0419 -0.9879 -0.1493
vn -0.0584 -0.9879 -0.1436
vn -0.0742 -0.9879 -0.1361
vn -0.0890 -0.9879 -0.1269
vn -0.1028 -0.9879 -0.1161
vn -0.1152 -0.9879 -0.1038
vn -0.1261 -0.9879 -0.0901
vn -0.1355 -0.9879 -0.0754
vn -0.1431 -0.9879 -0.0596
vn -0.1489 -0.9879 -0.0431
vn -0.1528 -0.9879 -0.0261
vn -0.1548 -0.9879 -0.0087
vn -0.1548 -0.9879 0.0087
vn -0.1528 -0.9879 0.0261
vn -0.1489 -0.9879 0.0431
vn -0.1431 -0.9879 0.0596
vn -0.1355 -0.9879 0.0754
vn -0.1261 -0.9879 0.0901
vn -0.1152 -0.9879 0.1038
vn -0.1028 -0.9879 0.1161
vn -0.0890 -0.9879 0.1269
vn -0.0742 -0.9879 0.1361
vn -0.0584 -0.9879 0.1436
vn -0.0419 -0.9879 0.1493
vn -0.0289 -0.9878 0.1528
vn -0.0181 -0.9888 0.1481
vn 0.0000 -0.0000 -1.0000
vn 0.0000 -1.0000 -0.0000
vn -0.0000 -0.0000 1.0000
vn 0.0004 -0.0000 -1.0000
vn 0.0022 0.0000 -1.0000
vn 0.3777 0.8125 -0.4440
vn 0.4105 0.8088 -0.4210
vn 0.3346 0.8165 -0.4706
vn 0.2764 0.8269 -0.4897
vn 0.2355 0.8282 -0.5086
vn 0.2503 0.8610 -0.4428
vn 0.3139 0.8414 -0.4399
vn 0.2431 0.8134 -0.5285
vn 0.1862 0.8131 0.5516
vn 0.1944 0.8366 0.5121
vn 0.1430 0.8285 0.5414
vn 0.1418 0.8201 0.5543
vn 0.1354 0.8162 0.5617
vn 0.2024 0.9080 0.3669
vn 0.1433 0.9218 0.3601
vn 0.1398 0.8980 0.4172
vn 0.1909 0.8764 0.4422
vn 0.1444 0.8660 0.4788
vn 0.1435 0.8465 0.5127
vn 0.2045 0.9358 0.2871
vn 0.1425 0.9593 0.2436
vn 0.1402 0.9432 0.3013
vn 0.1436 0.9837 0.1086
vn 0.1425 0.9759 0.1652
vn 0.2101 0.9558 0.2058
vn 0.2116 0.9693 0.1249
vn 0.1414 0.9675 0.2098
vn 0.2129 0.9762 0.0416
vn 0.1437 0.9887 0.0428
vn 0.2109 0.9766 -0.0415
vn 0.1425 0.9863 -0.0832
vn 0.1408 0.9898 -0.0203
vn 0.2082 0.9560 -0.2065
vn 0.1407 0.9657 -0.2183
vn 0.1441 0.9760 -0.1636
vn 0.1448 0.9816 -0.1248
vn 0.2143 0.9688 -0.1247
vn 0.2063 0.9351 -0.2880
vn 0.2001 0.9088 -0.3660
vn 0.1421 0.9327 -0.3315
vn 0.1432 0.9495 -0.2793
vn 0.1439 0.8751 -0.4620
vn 0.1405 0.9023 -0.4075
vn 0.1975 0.8762 -0.4396
vn 0.1375 0.9191 -0.3693
vn 0.1909 0.8379 -0.5114
vn 0.1408 0.8489 -0.5095
vn 0.1901 0.8140 -0.5488
vn 0.1444 0.8190 -0.5553
vn 0.1446 0.8247 -0.5467
vn 0.4950 0.8143 -0.3032
vn 0.4559 0.8092 -0.3706
vn 0.4504 0.8184 -0.3568
vn 0.4694 0.8351 -0.2869
vn 0.4836 0.8507 -0.2057
vn 0.5104 0.8257 -0.2404
vn 0.5031 0.8236 -0.2618
vn 0.5387 0.8205 0.1913
vn 0.5344 0.8185 0.2109
vn 0.5741 0.8083 0.1308
vn 0.5504 0.8258 0.1230
vn 0.5816 0.8123 0.0432
vn 0.5555 0.8305 0.0413
vn 0.5816 0.8123 -0.0432
vn 0.5555 0.8305 -0.0412
vn 0.5740 0.8083 -0.1308
vn 0.5504 0.8258 -0.1230
vn 0.5344 0.8185 -0.2109
vn 0.5387 0.8205 -0.1913
vn 0.4504 0.8184 0.3568
vn 0.4559 0.8092 0.3706
vn 0.4950 0.8143 0.3032
vn 0.4694 0.8351 0.2869
vn 0.4105 0.8088 0.4210
vn 0.3948 0.8431 0.3651
vn 0.3777 0.8125 0.4441
vn 0.3346 0.8165 0.4706
vn 0.4915 0.8619 -0.1247
vn 0.4949 0.8679 -0.0417
vn 0.4949 0.8679 0.0417
vn 0.4915 0.8619 0.1248
vn 0.4836 0.8507 0.2058
vn 0.5104 0.8257 0.2404
vn 0.5031 0.8236 0.2618
vn 0.3948 0.8431 -0.3651
vn 0.4077 0.8666 -0.2877
vn 0.4165 0.8853 -0.2069
vn 0.4224 0.8978 -0.1247
vn 0.4254 0.9041 -0.0417
vn 0.4254 0.9041 0.0417
vn 0.4224 0.8978 0.1248
vn 0.4165 0.8853 0.2070
vn 0.4077 0.8666 0.2877
vn 0.3299 0.8194 -0.4688
vn 0.3289 0.8704 -0.3665
vn 0.3385 0.8959 -0.2877
vn 0.3458 0.9152 -0.2069
vn 0.3507 0.9281 -0.1247
vn 0.3532 0.9346 -0.0417
vn 0.3532 0.9346 0.0417
vn 0.3507 0.9281 0.1248
vn 0.3458 0.9152 0.2070
vn 0.3385 0.8959 0.2877
vn 0.3289 0.8704 0.3665
vn 0.3139 0.8414 0.4400
vn 0.3299 0.8194 0.4688
vn 0.2596 0.8935 -0.3665
vn 0.2672 0.9197 -0.2877
vn 0.2730 0.9395 -0.2069
vn 0.2769 0.9528 -0.1247
vn 0.2788 0.9594 -0.0417
vn 0.2788 0.9594 0.0417
vn 0.2769 0.9528 0.1248
vn 0.2730 0.9395 0.2070
vn 0.2672 0.9197 0.2877
vn 0.2596 0.8935 0.3665
vn 0.2503 0.8610 0.4428
vn 0.2355 0.8282 0.5086
vn 0.2764 0.8269 0.4897
vn 0.2431 0.8134 0.5285
vn 0.0001 0.3155 -0.9489
vn 0.0008 0.2841 -0.9588
vn -0.0001 0.7096 0.7046
vn -0.0001 0.6903 0.7235
vn 0.0010 0.8095 0.5872
vn -0.0045 0.7995 0.6006
vn 0.0026 0.8015 0.5980
vn -0.0042 0.8019 0.5975
vn -0.0039 0.8029 0.5961
vn -0.0028 0.8071 0.5904
vn -0.0015 0.8127 0.5826
vn -0.0014 0.8132 0.5819
vn 0.0005 0.7330 0.6803
vn -0.0016 0.7482 0.6634
vn -0.0006 0.7578 0.6525
vn -0.0025 0.7439 0.6683
vn -0.0024 0.7382 0.6746
vn -0.0001 0.7682 0.6403
vn -0.0003 0.5090 0.8607
vn 0.0001 0.5381 0.8429
vn -0.0004 0.5623 0.8270
vn -0.0002 0.5837 0.8119
vn 0.0000 0.6068 0.7949
vn -0.0002 0.6298 0.7768
vn -0.0000 0.6540 0.7565
vn -0.0001 0.6724 0.7401
vn 0.0008 0.4699 0.8827
vn -0.0001 0.3834 0.9236
vn 0.0005 0.3528 0.9357
vn 0.0003 0.3243 0.9459
vn -0.0001 0.3008 0.9537
vn 0.0001 0.2715 0.9624
vn -0.0003 0.2346 0.9721
vn -0.0002 0.2006 0.9797
vn 0.0001 0.1753 0.9845
vn 0.0002 0.0552 0.9985
vn -0.0006 0.0968 0.9953
vn -0.0000 0.1399 0.9902
vn 0.0018 0.8761 0.4821
vn 0.0020 0.8994 0.4371
vn 0.0026 0.9253 0.3792
vn 0.0025 0.9473 0.3204
vn 0.0020 0.9655 0.2604
vn 0.0034 0.9752 0.2213
vn 0.0036 0.9845 0.1755
vn 0.0033 0.9938 0.1110
vn 0.0037 0.9988 0.0486
vn 0.0033 0.9999 -0.0142
vn 0.0032 0.9967 -0.0806
vn 0.0039 0.9926 -0.1215
vn 0.0030 0.9863 -0.1648
vn 0.0031 0.9739 -0.2269
vn 0.0032 0.9582 -0.2861
vn 0.0024 0.9140 -0.4056
vn 0.0004 0.8570 -0.5153
vn -0.0036 0.8042 -0.5944
vn -0.0040 0.8028 -0.5962
vn -0.0014 0.8132 -0.5820
vn -0.0004 0.8210 -0.5710
vn -0.0012 0.8141 -0.5807
vn 0.0005 0.8340 -0.5518
vn 0.0001 0.8167 -0.5771
vn 0.0006 0.8094 -0.5873
vn -0.0060 0.7961 -0.6051
vn -0.0048 0.7988 -0.6016
vn -0.0001 0.8022 -0.5970
vn -0.0002 0.7698 -0.6383
vn -0.0007 0.7566 -0.6538
vn -0.0016 0.7512 -0.6601
vn -0.0035 0.7387 -0.6740
vn -0.0048 0.7340 -0.6791
vn -0.0034 0.7309 -0.6825
vn 0.0010 0.7233 -0.6905
vn -0.0026 0.6627 -0.7489
vn -0.0001 0.6695 -0.7429
vn -0.0010 0.6748 -0.7380
vn -0.0001 0.6939 -0.7200
vn 0.0012 0.6633 -0.7483
vn -0.0005 0.6335 -0.7737
vn -0.0003 0.6035 -0.7973
vn 0.0000 0.5777 -0.8162
vn -0.0004 0.5498 -0.8353
vn -0.0005 0.5182 -0.8553
vn 0.0001 0.4848 -0.8746
vn 0.0002 0.4396 -0.8982
vn -0.0005 0.4090 -0.9125
vn -0.0004 0.3869 -0.9221
vn 0.0000 0.3496 -0.9369
vn 0.0006 0.2383 -0.9712
vn -0.0002 0.2012 -0.9795
vn 0.0001 0.1756 -0.9845
vn -0.0000 0.1401 -0.9901
vn -0.0006 0.0971 -0.9953
vn 0.0001 0.0554 -0.9985
vn 0.0756 0.8503 -0.5208
vn 0.0203 0.8524 -0.5226
vn 0.0213 0.8814 -0.4719
vn 0.0750 0.8798 -0.4693
vn 0.0223 0.8703 0.4921
vn 0.0744 0.8706 0.4863
vn 0.0745 0.9003 0.4287
vn 0.0225 0.9011 0.4331
vn 0.0722 0.9675 0.2425
vn 0.0737 0.9495 0.3050
vn 0.0741 0.9270 0.3677
vn 0.0235 0.9275 0.3730
vn 0.0233 0.9507 0.3094
vn 0.0237 0.9692 0.2451
vn 0.0724 0.9817 0.1760
vn 0.0732 0.9912 0.1101
vn 0.0731 0.9964 0.0437
vn 0.0731 0.9971 -0.0228
vn 0.0720 0.9935 -0.0880
vn 0.0251 0.9839 0.1770
vn 0.0248 0.9935 0.1113
vn 0.0254 0.9986 0.0455
vn 0.0247 0.9995 -0.0217
vn 0.0248 0.9959 -0.0869
vn 0.0724 0.9852 -0.1555
vn 0.0734 0.9726 -0.2208
vn 0.0736 0.9557 -0.2850
vn 0.0731 0.9346 -0.3481
vn 0.0733 0.9087 -0.4110
vn 0.0230 0.9113 -0.4111
vn 0.0234 0.9363 -0.3505
vn 0.0245 0.9576 -0.2871
vn 0.0244 0.9745 -0.2230
vn 0.0251 0.9874 -0.1564
vn 0.0742 0.8392 0.5388
vn 0.1150 0.8259 0.5519
vn 0.1065 0.8223 0.5590
vn 0.0808 0.8222 0.5635
vn 0.0418 0.8240 0.5650
vn 0.0191 0.8382 0.5451
vn 0.0169 0.8224 0.5686
vn 0.0180 0.8265 -0.5627
vn 0.0058 0.8128 -0.5825
vn 0.0783 0.8151 -0.5740
vn 0.0505 0.8194 -0.5709
vn 0.0752 0.8279 -0.5558
vn 0.0295 0.8193 -0.5726
vn 0.1096 0.8192 -0.5629
vn 0.0900 0.8151 -0.5723
vn -0.5132 -0.7077 0.4856
vn -0.4569 -0.7333 0.5036
vn -0.4742 -0.7142 0.5148
vn -0.5110 -0.6912 0.5110
vn -0.5083 -0.6740 0.5360
vn -0.3999 -0.7554 0.5191
# 4071 vertex normals

vt 0.0000 0.0000 0.0000
# 1 texture coords

o node
g node
usemtl DefaultMaterial
s off
f 1/1/1 2/1/2 3/1/3 
f 1/1/1 3/1/3 4/1/4 
f 5/1/5 4/1/4 3/1/3 
f 6/1/6 5/1/5 3/1/3 
f 3/1/3 7/1/7 6/1/6 
f 8/1/8 9/1/9 10/1/10 
f 10/1/10 9/1/9 3/1/3 
f 3/1/3 9/1/9 11/1/11 
f 3/1/3 11/1/11 7/1/7 
f 3/1/3 2/1/2 12/1/12 
f 13/1/13 14/1/14 15/1/15 16/1/16 
f 16/1/16 15/1/15 17/1/17 18/1/18 
f 18/1/18 17/1/17 19/1/19 10/1/10 
f 10/1/10 19/1/19 8/1/8 
f 20/1/20 14/1/14 13/1/13 21/1/21 
f 20/1/20 22/1/22 23/1/23 24/1/24 
f 24/1/24 23/1/23 25/1/25 26/1/26 
f 25/1/25 23/1/23 27/1/27 28/1/28 
f 29/1/29 17/1/30 15/1/31 30/1/32 
f 30/1/32 15/1/31 14/1/33 31/1/34 
f 31/1/34 14/1/33 20/1/35 32/1/36 
f 32/1/36 20/1/35 24/1/37 26/1/38 
f 33/1/39 25/1/40 28/1/41 
f 9/1/42 8/1/43 34/1/44 
f 8/1/43 19/1/45 34/1/44 
f 34/1/44 19/1/45 35/1/46 
f 29/1/29 19/1/45 17/1/30 
f 11/1/47 9/1/42 34/1/44 
f 6/1/48 7/1/49 34/1/44 
f 34/1/44 7/1/49 11/1/47 
f 36/1/50 12/1/51 2/1/52 
f 36/1/50 1/1/53 4/1/54 
f 36/1/50 2/1/52 1/1/53 
f 4/1/54 5/1/55 36/1/50 
f 36/1/50 5/1/55 34/1/44 
f 34/1/44 5/1/55 6/1/48 
f 33/1/39 37/1/56 26/1/38 25/1/40 
f 26/1/38 37/1/56 38/1/57 
f 26/1/38 38/1/57 32/1/36 
f 28/1/28 27/1/27 39/1/58 
f 39/1/58 27/1/27 40/1/59 41/1/60 
f 40/1/59 42/1/61 43/1/62 41/1/60 
f 43/1/62 44/1/63 45/1/64 46/1/65 
f 46/1/65 45/1/64 47/1/66 48/1/67 
f 47/1/66 49/1/68 48/1/67 
f 48/1/67 49/1/68 50/1/69 51/1/70 
f 50/1/69 52/1/71 53/1/72 51/1/70 
f 53/1/72 52/1/71 54/1/73 55/1/74 
f 54/1/73 56/1/75 57/1/76 55/1/74 
f 57/1/76 56/1/75 58/1/77 59/1/78 
f 59/1/78 58/1/77 60/1/79 61/1/80 
f 61/1/80 60/1/79 62/1/81 63/1/82 
f 64/1/83 65/1/84 66/1/85 66/1/86 
f 67/1/87 68/1/88 69/1/89 70/1/90 
f 65/1/84 69/1/89 68/1/88 71/1/91 
f 65/1/84 71/1/91 66/1/85 
f 70/1/90 72/1/92 73/1/93 67/1/87 
f 73/1/93 72/1/92 74/1/94 
f 74/1/94 75/1/95 76/1/96 73/1/93 
f 75/1/95 77/1/97 78/1/98 76/1/96 
f 78/1/98 77/1/97 79/1/99 
f 80/1/100 78/1/98 79/1/99 81/1/101 
f 82/1/102 80/1/100 81/1/101 83/1/103 
f 83/1/103 84/1/104 85/1/105 82/1/102 
f 86/1/106 85/1/105 84/1/104 87/1/107 
f 87/1/107 88/1/108 89/1/109 86/1/106 
f 89/1/109 88/1/108 90/1/110 
f 88/1/108 91/1/111 92/1/112 90/1/110 
f 66/1/86 93/1/113 64/1/83 
f 64/1/83 93/1/113 94/1/114 
f 95/1/115 64/1/83 94/1/114 96/1/116 
f 96/1/116 97/1/117 98/1/118 95/1/115 
f 98/1/118 97/1/117 99/1/119 100/1/120 
f 100/1/120 99/1/119 101/1/121 102/1/122 
f 102/1/122 101/1/121 103/1/123 104/1/124 
f 104/1/124 103/1/123 105/1/125 
f 105/1/125 106/1/126 107/1/127 104/1/124 
f 106/1/126 108/1/128 109/1/129 107/1/127 
f 109/1/129 108/1/128 110/1/130 111/1/130 
f 112/1/131 113/1/132 114/1/133 115/1/134 
f 116/1/135 117/1/136 115/1/134 114/1/133 
f 117/1/136 118/1/137 119/1/138 115/1/134 
f 118/1/137 120/1/139 121/1/140 119/1/138 
f 120/1/139 122/1/141 123/1/142 121/1/140 
f 122/1/141 124/1/143 125/1/144 123/1/142 
f 124/1/143 126/1/145 127/1/146 125/1/144 
f 126/1/145 128/1/147 129/1/148 127/1/146 
f 129/1/148 128/1/147 130/1/149 131/1/150 
f 130/1/149 132/1/151 133/1/152 131/1/150 
f 133/1/152 132/1/151 134/1/153 
f 133/1/152 134/1/153 135/1/154 136/1/155 
f 137/1/156 136/1/155 135/1/154 138/1/157 
f 139/1/158 140/1/159 141/1/160 
f 140/1/159 137/1/156 138/1/157 141/1/160 
f 142/1/161 143/1/162 144/1/163 
f 144/1/163 143/1/162 145/1/164 
f 143/1/162 140/1/159 139/1/158 145/1/164 
f 146/1/165 142/1/161 147/1/166 
f 148/1/167 147/1/166 142/1/161 
f 148/1/167 142/1/161 144/1/163 
f 149/1/168 150/1/169 146/1/165 
f 146/1/165 150/1/169 151/1/170 142/1/161 
f 150/1/169 152/1/171 151/1/170 
f 153/1/172 154/1/173 155/1/174 
f 156/1/175 157/1/176 158/1/177 
f 159/1/178 160/1/179 161/1/180 
f 162/1/181 163/1/182 153/1/172 164/1/183 
f 165/1/184 166/1/185 167/1/186 168/1/187 
f 167/1/186 166/1/185 162/1/181 164/1/183 
f 169/1/188 170/1/189 171/1/190 
f 171/1/190 170/1/189 172/1/191 173/1/192 
f 174/1/193 175/1/194 176/1/195 177/1/196 
f 176/1/195 175/1/194 169/1/188 178/1/197 
f 179/1/198 180/1/199 181/1/200 182/1/201 
f 181/1/200 180/1/199 183/1/202 
f 181/1/200 183/1/202 184/1/203 185/1/204 
f 186/1/205 182/1/201 187/1/206 188/1/207 
f 189/1/208 188/1/207 190/1/209 191/1/210 
f 192/1/211 193/1/212 194/1/213 195/1/214 
f 196/1/215 192/1/211 197/1/216 198/1/217 
f 197/1/216 192/1/211 195/1/214 199/1/218 
f 199/1/218 195/1/214 200/1/219 
f 199/1/218 200/1/219 201/1/220 202/1/221 
f 203/1/222 204/1/223 205/1/224 206/1/225 
f 204/1/223 207/1/226 208/1/227 205/1/224 
f 209/1/228 210/1/229 211/1/230 212/1/231 
f 212/1/231 211/1/230 213/1/232 214/1/233 
f 211/1/230 215/1/234 216/1/235 213/1/232 
f 215/1/234 198/1/217 217/1/236 216/1/235 
f 172/1/191 165/1/184 168/1/187 173/1/192 
f 155/1/174 168/1/187 167/1/186 164/1/183 
f 155/1/174 164/1/183 153/1/172 
f 218/1/237 219/1/238 214/1/233 213/1/232 
f 220/1/239 218/1/237 213/1/232 216/1/235 
f 221/1/240 220/1/239 216/1/235 217/1/236 
f 222/1/241 223/1/242 224/1/243 225/1/244 
f 226/1/245 224/1/243 223/1/242 227/1/246 
f 228/1/247 226/1/245 227/1/246 229/1/248 
f 229/1/248 230/1/249 231/1/250 228/1/247 
f 155/1/174 154/1/173 232/1/251 233/1/252 
f 233/1/252 234/1/253 168/1/187 155/1/174 
f 173/1/192 168/1/187 234/1/253 235/1/254 
f 235/1/254 236/1/255 171/1/190 173/1/192 
f 236/1/255 178/1/197 169/1/188 171/1/190 
f 237/1/256 238/1/257 202/1/221 201/1/220 
f 190/1/209 188/1/207 187/1/206 239/1/258 
f 239/1/258 187/1/206 185/1/204 240/1/259 
f 192/1/211 196/1/215 241/1/260 193/1/212 
f 241/1/260 196/1/215 205/1/224 208/1/227 
f 223/1/242 222/1/241 219/1/238 218/1/237 
f 218/1/237 220/1/239 227/1/246 223/1/242 
f 220/1/239 221/1/240 229/1/248 227/1/246 
f 230/1/249 229/1/248 221/1/240 242/1/261 
f 203/1/222 206/1/225 161/1/180 160/1/179 
f 161/1/180 206/1/225 243/1/262 210/1/229 
f 206/1/225 205/1/224 196/1/215 243/1/262 
f 243/1/262 196/1/215 198/1/217 215/1/234 
f 198/1/217 197/1/216 244/1/263 217/1/236 
f 244/1/263 197/1/216 199/1/218 202/1/221 
f 245/1/264 246/1/265 225/1/244 224/1/243 
f 224/1/243 226/1/245 247/1/266 245/1/264 
f 226/1/245 228/1/247 248/1/267 247/1/266 
f 249/1/268 248/1/267 228/1/247 231/1/250 
f 238/1/257 231/1/250 230/1/249 202/1/221 
f 202/1/221 230/1/249 242/1/261 244/1/263 
f 242/1/261 221/1/240 217/1/236 244/1/263 
f 215/1/234 211/1/230 210/1/229 243/1/262 
f 210/1/229 209/1/228 250/1/269 161/1/180 
f 159/1/178 161/1/180 250/1/269 251/1/270 
f 159/1/178 251/1/270 252/1/271 
f 253/1/272 246/1/265 254/1/273 
f 254/1/273 246/1/265 245/1/264 
f 255/1/274 254/1/273 245/1/264 247/1/266 
f 256/1/275 255/1/274 247/1/266 248/1/267 
f 248/1/267 249/1/268 257/1/276 256/1/275 
f 257/1/276 249/1/268 258/1/277 
f 249/1/268 231/1/250 238/1/257 258/1/277 
f 259/1/278 258/1/277 238/1/257 237/1/256 
f 260/1/279 261/1/280 158/1/177 157/1/176 
f 261/1/280 262/1/281 263/1/282 158/1/177 
f 264/1/283 263/1/282 262/1/281 265/1/284 
f 265/1/284 266/1/285 267/1/286 264/1/283 
f 266/1/285 268/1/287 269/1/288 267/1/286 
f 268/1/287 270/1/289 271/1/290 269/1/288 
f 271/1/290 270/1/289 272/1/291 
f 232/1/251 273/1/292 233/1/252 
f 273/1/292 274/1/293 234/1/253 233/1/252 
f 274/1/293 275/1/294 235/1/254 234/1/253 
f 275/1/294 276/1/295 236/1/255 235/1/254 
f 178/1/197 236/1/255 276/1/295 277/1/296 
f 176/1/195 178/1/197 277/1/296 177/1/196 
f 174/1/193 177/1/196 278/1/297 279/1/298 
f 200/1/219 191/1/210 190/1/209 201/1/220 
f 201/1/220 190/1/209 239/1/258 237/1/256 
f 237/1/256 239/1/258 240/1/259 259/1/278 
f 259/1/278 240/1/259 280/1/299 
f 280/1/299 281/1/300 258/1/277 259/1/278 
f 257/1/276 258/1/277 281/1/300 282/1/301 
f 282/1/301 283/1/302 256/1/275 257/1/276 
f 255/1/274 256/1/275 283/1/302 284/1/303 
f 254/1/273 255/1/274 284/1/303 285/1/304 
f 285/1/304 286/1/305 253/1/272 254/1/273 
f 273/1/292 232/1/251 156/1/175 158/1/177 
f 274/1/293 273/1/292 158/1/177 263/1/282 
f 263/1/282 264/1/283 275/1/294 274/1/293 
f 264/1/283 267/1/286 276/1/295 275/1/294 
f 277/1/296 276/1/295 267/1/286 269/1/288 
f 177/1/196 277/1/296 269/1/288 271/1/290 
f 271/1/290 272/1/291 278/1/297 177/1/196 
f 279/1/298 278/1/297 272/1/291 184/1/203 
f 287/1/306 183/1/202 288/1/307 
f 261/1/280 260/1/279 286/1/305 285/1/304 
f 262/1/281 261/1/280 285/1/304 284/1/303 
f 265/1/284 262/1/281 284/1/303 283/1/302 
f 266/1/285 265/1/284 283/1/302 282/1/301 
f 268/1/287 266/1/285 282/1/301 281/1/300 
f 281/1/300 280/1/299 270/1/289 268/1/287 
f 272/1/291 270/1/289 280/1/299 240/1/259 
f 184/1/203 272/1/291 240/1/259 185/1/204 
f 181/1/200 185/1/204 187/1/206 182/1/201 
f 182/1/201 186/1/205 179/1/198 
f 289/1/308 290/1/309 291/1/310 
f 292/1/311 293/1/312 294/1/313 
f 295/1/314 296/1/315 297/1/316 
f 298/1/317 299/1/318 300/1/319 
f 301/1/320 302/1/321 303/1/322 304/1/323 
f 305/1/324 306/1/325 307/1/326 
f 307/1/326 306/1/325 308/1/327 309/1/328 
f 308/1/327 310/1/329 311/1/330 309/1/328 
f 310/1/329 308/1/327 312/1/331 313/1/332 
f 314/1/333 315/1/334 316/1/335 317/1/336 
f 318/1/337 316/1/335 315/1/334 319/1/338 
f 318/1/337 319/1/338 320/1/339 
f 321/1/340 322/1/341 316/1/335 294/1/313 
f 316/1/335 323/1/342 317/1/336 
f 324/1/343 325/1/344 326/1/345 327/1/346 
f 328/1/347 329/1/348 330/1/349 331/1/350 
f 332/1/351 333/1/352 334/1/353 335/1/354 
f 332/1/351 335/1/354 336/1/355 
f 331/1/350 332/1/351 336/1/355 337/1/356 
f 338/1/357 339/1/358 340/1/359 
f 341/1/360 340/1/359 339/1/358 342/1/361 
f 342/1/361 339/1/358 343/1/362 344/1/363 
f 343/1/362 290/1/309 289/1/308 345/1/364 
f 312/1/331 294/1/313 316/1/335 318/1/337 
f 318/1/337 320/1/339 313/1/332 312/1/331 
f 339/1/358 338/1/357 346/1/365 347/1/366 
f 343/1/362 339/1/358 347/1/366 348/1/367 
f 348/1/367 349/1/368 290/1/309 343/1/362 
f 291/1/310 349/1/368 350/1/369 351/1/370 
f 352/1/371 292/1/311 326/1/345 325/1/344 
f 326/1/345 292/1/311 294/1/313 353/1/372 
f 353/1/372 294/1/313 312/1/331 
f 312/1/331 308/1/327 354/1/373 353/1/372 
f 308/1/327 306/1/325 303/1/322 354/1/373 
f 306/1/325 305/1/324 304/1/323 303/1/322 
f 347/1/366 333/1/352 332/1/351 348/1/367 
f 348/1/367 332/1/351 355/1/374 
f 349/1/368 348/1/367 355/1/374 356/1/375 
f 356/1/375 357/1/376 350/1/369 349/1/368 
f 350/1/369 357/1/376 358/1/377 351/1/370 
f 357/1/376 298/1/317 300/1/319 358/1/377 
f 359/1/378 327/1/346 330/1/349 
f 330/1/349 327/1/346 326/1/345 360/1/379 
f 360/1/379 326/1/345 353/1/372 
f 353/1/372 354/1/373 361/1/380 360/1/379 
f 362/1/381 361/1/380 354/1/373 303/1/322 
f 297/1/316 362/1/381 303/1/322 302/1/321 
f 297/1/316 302/1/321 363/1/382 295/1/314 
f 363/1/382 302/1/321 301/1/320 
f 364/1/383 328/1/347 331/1/350 
f 365/1/384 331/1/350 330/1/349 360/1/379 
f 360/1/379 361/1/380 366/1/385 365/1/384 
f 367/1/386 366/1/385 361/1/380 362/1/381 
f 368/1/387 367/1/386 362/1/381 297/1/316 
f 297/1/316 296/1/315 369/1/388 368/1/387 
f 331/1/350 365/1/384 355/1/374 332/1/351 
f 365/1/384 366/1/385 356/1/375 355/1/374 
f 366/1/385 367/1/386 357/1/376 356/1/375 
f 367/1/386 368/1/387 298/1/317 357/1/376 
f 298/1/317 368/1/387 370/1/389 299/1/318 
f 370/1/389 368/1/387 369/1/388 
f 344/1/363 345/1/364 371/1/390 
f 370/1/389 369/1/388 372/1/391 373/1/392 
f 373/1/392 299/1/318 370/1/389 
f 374/1/393 291/1/310 351/1/370 375/1/394 
f 371/1/390 376/1/395 342/1/361 344/1/363 
f 376/1/395 377/1/396 378/1/397 379/1/398 
f 380/1/399 381/1/400 382/1/401 
f 383/1/402 384/1/403 160/1/179 159/1/178 
f 385/1/404 383/1/402 159/1/178 252/1/271 
f 193/1/212 241/1/260 386/1/405 194/1/213 
f 241/1/260 208/1/227 207/1/226 386/1/405 
f 204/1/223 203/1/222 384/1/403 207/1/226 
f 384/1/403 203/1/222 160/1/179 
f 194/1/213 386/1/405 387/1/406 195/1/214 
f 189/1/208 388/1/407 186/1/205 188/1/207 
f 186/1/205 388/1/407 389/1/408 179/1/198 
f 390/1/409 391/1/410 392/1/411 393/1/412 
f 373/1/392 372/1/391 394/1/413 395/1/414 
f 395/1/414 394/1/413 393/1/412 392/1/411 
f 396/1/415 397/1/416 381/1/400 380/1/399 
f 380/1/399 398/1/417 399/1/418 396/1/415 
f 291/1/310 374/1/393 400/1/419 289/1/308 
f 374/1/393 401/1/420 402/1/421 400/1/419 
f 289/1/308 400/1/419 371/1/390 345/1/364 
f 400/1/419 402/1/421 403/1/422 371/1/390 
f 403/1/422 402/1/421 404/1/423 398/1/417 
f 402/1/421 401/1/420 405/1/424 404/1/423 
f 404/1/423 405/1/424 406/1/425 407/1/426 
f 407/1/426 399/1/418 398/1/417 404/1/423 
f 398/1/417 380/1/399 377/1/396 403/1/422 
f 377/1/396 380/1/399 382/1/401 378/1/397 
f 371/1/390 403/1/422 377/1/396 376/1/395 
f 342/1/361 376/1/395 379/1/398 341/1/360 
f 391/1/410 390/1/409 389/1/408 388/1/407 
f 408/1/427 388/1/407 189/1/208 
f 195/1/214 387/1/406 409/1/428 
f 387/1/406 406/1/425 410/1/429 409/1/428 
f 411/1/430 410/1/429 412/1/431 413/1/432 
f 413/1/432 412/1/431 414/1/433 415/1/434 
f 415/1/434 414/1/433 375/1/394 416/1/435 
f 416/1/435 358/1/377 300/1/319 
f 300/1/319 299/1/318 373/1/392 416/1/435 
f 416/1/435 373/1/392 395/1/414 415/1/434 
f 415/1/434 395/1/414 392/1/411 413/1/432 
f 413/1/432 392/1/411 391/1/410 411/1/430 
f 391/1/410 388/1/407 408/1/427 411/1/430 
f 411/1/430 408/1/427 409/1/428 410/1/429 
f 408/1/427 189/1/208 191/1/210 409/1/428 
f 191/1/210 200/1/219 195/1/214 409/1/428 
f 384/1/403 383/1/402 397/1/416 396/1/415 
f 207/1/226 384/1/403 396/1/415 399/1/418 
f 399/1/418 407/1/426 386/1/405 207/1/226 
f 387/1/406 386/1/405 407/1/426 406/1/425 
f 410/1/429 406/1/425 405/1/424 412/1/431 
f 412/1/431 405/1/424 401/1/420 414/1/433 
f 414/1/433 401/1/420 374/1/393 375/1/394 
f 375/1/394 351/1/370 358/1/377 416/1/435 
f 417/1/436 418/1/437 419/1/438 420/1/439 
f 419/1/438 418/1/437 421/1/440 
f 418/1/437 422/1/441 423/1/442 421/1/440 
f 424/1/443 425/1/444 420/1/439 426/1/445 
f 420/1/439 425/1/444 417/1/436 
f 424/1/443 426/1/445 427/1/446 427/1/447 
f 428/1/448 424/1/443 427/1/447 429/1/449 
f 430/1/450 431/1/451 432/1/452 433/1/453 
f 432/1/452 431/1/451 434/1/454 435/1/455 
f 435/1/455 434/1/454 436/1/456 437/1/457 
f 436/1/456 428/1/448 429/1/449 437/1/457 
f 438/1/458 439/1/459 440/1/460 
f 433/1/453 441/1/461 442/1/462 430/1/450 
f 443/1/463 444/1/464 445/1/465 442/1/462 
f 446/1/466 445/1/465 444/1/464 447/1/467 
f 447/1/467 448/1/468 449/1/469 446/1/466 
f 440/1/460 449/1/469 448/1/468 450/1/470 
f 440/1/460 450/1/470 451/1/471 438/1/458 
f 451/1/471 450/1/470 452/1/472 
f 453/1/473 92/1/112 91/1/111 454/1/474 
f 454/1/474 455/1/475 456/1/475 453/1/473 
f 457/1/476 458/1/477 459/1/478 460/1/479 
f 460/1/479 459/1/478 461/1/480 462/1/481 
f 462/1/481 461/1/480 463/1/482 464/1/483 
f 464/1/483 463/1/482 465/1/484 466/1/485 
f 466/1/485 465/1/484 467/1/486 
f 467/1/486 465/1/484 468/1/487 469/1/488 
f 468/1/487 470/1/489 471/1/490 469/1/488 
f 470/1/489 472/1/491 473/1/492 471/1/490 
f 473/1/492 472/1/491 474/1/493 475/1/493 
f 457/1/476 476/1/494 458/1/477 
f 458/1/477 476/1/494 477/1/495 478/1/496 
f 478/1/496 477/1/495 479/1/497 480/1/498 
f 480/1/498 479/1/497 481/1/499 
f 481/1/499 482/1/500 483/1/501 480/1/498 
f 483/1/501 482/1/500 484/1/502 485/1/503 
f 485/1/503 484/1/502 486/1/504 
f 486/1/504 487/1/505 488/1/506 485/1/503 
f 487/1/505 489/1/507 490/1/508 488/1/506 
f 490/1/508 489/1/507 491/1/509 
f 491/1/509 489/1/507 492/1/510 493/1/511 
f 492/1/510 494/1/512 495/1/513 493/1/511 
f 495/1/513 494/1/512 496/1/514 497/1/515 
f 497/1/515 496/1/514 498/1/516 499/1/517 
f 498/1/516 500/1/518 499/1/517 
f 499/1/517 500/1/518 501/1/519 502/1/520 
f 502/1/520 501/1/519 503/1/521 
f 502/1/520 503/1/521 504/1/522 505/1/523 
f 502/1/520 505/1/523 506/1/524 507/1/525 
f 508/1/526 509/1/527 507/1/525 510/1/528 
f 502/1/529 507/1/530 511/1/531 512/1/532 
f 499/1/533 502/1/529 512/1/532 513/1/534 
f 514/1/535 515/1/536 488/1/537 490/1/538 
f 491/1/539 493/1/539 514/1/540 490/1/539 
f 514/1/540 493/1/539 495/1/541 
f 495/1/541 497/1/542 516/1/543 514/1/540 
f 516/1/543 497/1/542 499/1/533 513/1/534 
f 517/1/544 518/1/545 519/1/546 520/1/547 
f 521/1/548 522/1/549 523/1/550 524/1/551 
f 523/1/550 522/1/549 525/1/552 526/1/553 
f 526/1/553 525/1/552 527/1/554 528/1/555 
f 528/1/555 527/1/554 529/1/556 530/1/557 
f 530/1/557 529/1/556 531/1/558 532/1/559 
f 532/1/559 531/1/558 533/1/560 534/1/561 
f 534/1/561 533/1/560 519/1/546 518/1/545 
f 535/1/562 536/1/563 473/1/564 475/1/565 
f 536/1/563 537/1/566 471/1/567 473/1/564 
f 471/1/567 537/1/566 469/1/568 
f 469/1/568 537/1/566 538/1/569 467/1/570 
f 467/1/570 538/1/569 539/1/571 466/1/572 
f 466/1/572 539/1/571 540/1/573 464/1/574 
f 540/1/573 541/1/575 464/1/574 
f 464/1/574 541/1/575 542/1/576 462/1/577 
f 460/1/578 462/1/577 542/1/576 543/1/579 
f 543/1/579 544/1/580 457/1/581 460/1/578 
f 457/1/581 544/1/580 545/1/582 476/1/583 
f 476/1/583 545/1/582 546/1/584 
f 546/1/584 547/1/585 477/1/586 476/1/583 
f 477/1/586 547/1/585 479/1/587 
f 486/1/588 484/1/589 548/1/590 549/1/591 
f 484/1/589 482/1/592 550/1/593 548/1/590 
f 551/1/594 550/1/593 482/1/592 481/1/595 
f 551/1/594 481/1/595 479/1/587 547/1/585 
f 422/1/441 552/1/596 507/1/530 423/1/442 
f 507/1/530 552/1/596 511/1/531 
f 553/1/597 554/1/598 555/1/599 556/1/600 
f 133/1/152 557/1/601 558/1/602 131/1/150 
f 558/1/602 557/1/601 559/1/603 560/1/604 
f 560/1/604 559/1/603 561/1/605 562/1/606 
f 562/1/606 561/1/605 563/1/607 564/1/608 
f 564/1/608 563/1/607 565/1/609 566/1/610 
f 566/1/610 565/1/609 567/1/611 568/1/612 
f 568/1/612 567/1/611 569/1/613 
f 569/1/613 570/1/614 571/1/615 568/1/612 
f 572/1/616 570/1/614 569/1/613 573/1/617 
f 571/1/615 570/1/614 574/1/618 
f 575/1/619 576/1/620 577/1/621 578/1/622 
f 579/1/623 580/1/624 581/1/625 
f 580/1/624 582/1/626 583/1/627 581/1/625 
f 584/1/628 582/1/626 585/1/629 
f 582/1/626 586/1/630 583/1/627 
f 584/1/628 587/1/631 588/1/632 586/1/630 
f 588/1/632 589/1/633 586/1/630 
f 587/1/631 590/1/634 591/1/635 
f 592/1/636 593/1/637 594/1/638 
f 152/1/171 556/1/600 151/1/170 
f 556/1/600 152/1/171 553/1/597 
f 142/1/161 151/1/170 556/1/600 595/1/639 
f 142/1/161 596/1/640 143/1/162 
f 597/1/641 140/1/159 143/1/162 
f 555/1/599 598/1/642 595/1/639 556/1/600 
f 595/1/639 598/1/642 596/1/640 142/1/161 
f 596/1/640 598/1/642 599/1/643 
f 596/1/640 599/1/643 597/1/641 143/1/162 
f 597/1/641 599/1/643 600/1/644 601/1/645 
f 602/1/646 592/1/636 603/1/647 604/1/648 
f 604/1/648 603/1/647 605/1/649 606/1/650 
f 606/1/650 605/1/649 607/1/651 608/1/652 
f 609/1/653 607/1/651 605/1/649 610/1/654 
f 610/1/654 605/1/649 603/1/647 585/1/629 
f 585/1/629 603/1/647 592/1/636 587/1/631 
f 587/1/631 592/1/636 594/1/638 590/1/634 
f 521/1/548 589/1/633 591/1/635 
f 591/1/635 588/1/632 587/1/631 
f 587/1/631 584/1/628 585/1/629 
f 585/1/629 582/1/626 610/1/654 
f 610/1/654 582/1/626 580/1/624 609/1/653 
f 563/1/607 611/1/655 612/1/656 565/1/609 
f 565/1/609 612/1/656 613/1/657 567/1/611 
f 567/1/611 613/1/657 575/1/619 569/1/613 
f 569/1/613 575/1/619 578/1/622 573/1/617 
f 614/1/658 615/1/659 602/1/646 604/1/648 
f 616/1/660 614/1/658 604/1/648 606/1/650 
f 617/1/661 616/1/660 606/1/650 608/1/652 
f 617/1/661 608/1/652 618/1/662 619/1/663 
f 618/1/662 608/1/652 607/1/651 620/1/664 
f 620/1/664 607/1/651 609/1/653 621/1/665 
f 621/1/665 609/1/653 580/1/624 
f 580/1/624 579/1/623 622/1/666 621/1/665 
f 622/1/666 579/1/623 623/1/667 
f 136/1/155 137/1/156 624/1/668 
f 624/1/668 137/1/156 625/1/669 626/1/670 
f 626/1/670 625/1/669 601/1/645 
f 601/1/645 619/1/663 627/1/671 626/1/670 
f 137/1/156 140/1/159 625/1/669 
f 625/1/669 140/1/159 597/1/641 601/1/645 
f 133/1/152 136/1/155 624/1/668 557/1/601 
f 559/1/603 557/1/601 624/1/668 626/1/670 
f 626/1/670 627/1/671 561/1/605 559/1/603 
f 563/1/607 561/1/605 627/1/671 611/1/655 
f 628/1/672 615/1/659 555/1/599 554/1/598 
f 615/1/659 614/1/658 598/1/642 555/1/599 
f 614/1/658 616/1/660 599/1/643 598/1/642 
f 616/1/660 617/1/661 600/1/644 599/1/643 
f 600/1/644 617/1/661 619/1/663 601/1/645 
f 619/1/663 618/1/662 611/1/655 627/1/671 
f 611/1/655 618/1/662 620/1/664 612/1/656 
f 612/1/656 620/1/664 621/1/665 613/1/657 
f 613/1/657 621/1/665 622/1/666 
f 622/1/666 576/1/620 575/1/619 613/1/657 
f 629/1/673 630/1/674 572/1/616 573/1/617 
f 570/1/614 572/1/616 630/1/674 631/1/675 
f 631/1/675 574/1/618 570/1/614 
f 524/1/551 632/1/676 589/1/633 521/1/548 
f 633/1/677 586/1/630 634/1/678 
f 586/1/630 589/1/633 632/1/676 634/1/678 
f 635/1/679 583/1/627 586/1/630 633/1/677 
f 636/1/680 579/1/623 581/1/625 637/1/681 
f 637/1/681 581/1/625 583/1/627 635/1/679 
f 623/1/667 579/1/623 636/1/680 638/1/682 
f 623/1/667 638/1/682 639/1/683 
f 629/1/673 573/1/617 578/1/622 
f 578/1/622 577/1/621 640/1/684 629/1/673 
f 577/1/621 576/1/620 639/1/683 640/1/684 
f 576/1/620 622/1/666 623/1/667 639/1/683 
f 453/1/685 456/1/686 641/1/687 
f 641/1/687 456/1/686 642/1/688 643/1/689 
f 643/1/689 642/1/688 644/1/690 645/1/691 
f 646/1/692 647/1/693 648/1/694 649/1/695 
f 649/1/695 648/1/694 650/1/696 
f 651/1/697 649/1/695 650/1/696 652/1/698 
f 652/1/698 653/1/699 654/1/700 651/1/697 
f 655/1/701 654/1/700 653/1/699 656/1/702 
f 657/1/703 655/1/701 656/1/702 658/1/704 
f 659/1/705 657/1/703 658/1/704 660/1/706 
f 644/1/690 659/1/705 660/1/706 645/1/691 
f 646/1/692 661/1/707 662/1/708 647/1/693 
f 662/1/708 661/1/707 663/1/709 
f 663/1/709 664/1/710 665/1/711 662/1/708 
f 664/1/710 666/1/712 667/1/713 665/1/711 
f 668/1/714 667/1/713 666/1/712 669/1/715 
f 669/1/715 670/1/716 671/1/717 668/1/714 
f 455/1/718 454/1/719 672/1/720 549/1/591 
f 549/1/591 548/1/590 673/1/721 455/1/718 
f 673/1/721 548/1/590 550/1/593 674/1/722 
f 674/1/722 550/1/593 551/1/594 675/1/723 
f 675/1/723 551/1/594 547/1/585 676/1/724 
f 676/1/724 547/1/585 546/1/584 677/1/725 
f 678/1/726 545/1/582 544/1/580 
f 679/1/727 678/1/726 544/1/580 543/1/579 
f 680/1/728 679/1/727 543/1/579 542/1/576 
f 681/1/729 680/1/728 542/1/576 541/1/575 
f 541/1/575 540/1/573 682/1/730 681/1/729 
f 540/1/573 539/1/571 683/1/731 682/1/730 
f 684/1/732 685/1/733 536/1/563 535/1/562 
f 685/1/733 686/1/734 537/1/566 536/1/563 
f 686/1/734 683/1/731 538/1/569 537/1/566 
f 538/1/569 683/1/731 539/1/571 
f 642/1/735 456/1/475 455/1/475 673/1/736 
f 683/1/737 686/1/738 664/1/738 663/1/738 
f 644/1/739 642/1/735 673/1/736 674/1/739 
f 659/1/739 644/1/739 674/1/739 675/1/739 
f 686/1/738 685/1/739 666/1/739 664/1/738 
f 666/1/739 685/1/739 669/1/735 
f 669/1/735 685/1/739 684/1/740 670/1/735 
f 661/1/741 646/1/741 682/1/741 683/1/737 
f 681/1/739 682/1/741 646/1/741 649/1/739 
f 680/1/738 681/1/739 649/1/739 651/1/738 
f 680/1/738 651/1/738 679/1/738 
f 675/1/739 676/1/738 657/1/738 659/1/739 
f 657/1/738 676/1/738 677/1/738 655/1/741 
f 655/1/741 677/1/738 678/1/741 
f 655/1/741 678/1/741 654/1/741 
f 678/1/741 679/1/738 651/1/738 654/1/741 
f 687/1/742 688/1/743 689/1/744 690/1/745 
f 152/1/171 691/1/746 553/1/597 
f 692/1/747 520/1/547 519/1/546 693/1/748 
f 693/1/748 519/1/546 533/1/560 694/1/749 
f 694/1/749 533/1/560 531/1/558 695/1/750 
f 695/1/750 531/1/558 529/1/556 696/1/751 
f 696/1/751 529/1/556 527/1/554 697/1/752 
f 697/1/752 527/1/554 525/1/552 698/1/753 
f 698/1/753 525/1/552 522/1/549 699/1/754 
f 692/1/747 700/1/755 701/1/756 520/1/547 
f 701/1/756 700/1/755 702/1/757 
f 701/1/756 702/1/757 703/1/758 704/1/759 
f 703/1/758 705/1/760 706/1/761 707/1/762 
f 706/1/761 705/1/760 708/1/763 
f 709/1/764 710/1/765 711/1/766 712/1/767 
f 711/1/766 710/1/765 713/1/768 
f 711/1/766 713/1/768 714/1/769 715/1/770 
f 716/1/771 689/1/744 688/1/743 717/1/772 
f 718/1/773 719/1/774 720/1/775 
f 721/1/776 720/1/775 722/1/777 
f 723/1/778 722/1/777 724/1/779 
f 725/1/780 723/1/778 724/1/779 726/1/781 
f 727/1/782 728/1/783 729/1/784 
f 729/1/784 730/1/785 731/1/786 727/1/782 
f 731/1/786 730/1/785 732/1/787 
f 730/1/785 652/1/788 733/1/789 732/1/787 
f 734/1/790 733/1/789 735/1/791 
f 734/1/790 735/1/791 719/1/774 718/1/773 
f 736/1/792 737/1/793 738/1/794 
f 736/1/792 738/1/794 728/1/783 727/1/782 
f 739/1/795 740/1/796 741/1/797 
f 739/1/795 741/1/797 737/1/793 736/1/792 
f 742/1/798 743/1/799 740/1/796 
f 591/1/635 590/1/634 744/1/800 699/1/754 
f 745/1/801 746/1/802 725/1/780 726/1/781 
f 746/1/802 747/1/803 748/1/804 725/1/780 
f 748/1/804 749/1/805 723/1/778 725/1/780 
f 723/1/778 749/1/805 721/1/776 722/1/777 
f 721/1/776 749/1/805 750/1/806 
f 721/1/776 750/1/806 718/1/773 720/1/775 
f 718/1/773 750/1/806 751/1/807 
f 734/1/790 718/1/773 751/1/807 752/1/808 
f 734/1/790 752/1/808 732/1/787 733/1/789 
f 732/1/787 752/1/808 753/1/809 
f 753/1/809 754/1/810 731/1/786 732/1/787 
f 754/1/810 755/1/811 727/1/782 731/1/786 
f 755/1/811 756/1/812 736/1/792 727/1/782 
f 756/1/812 757/1/813 739/1/795 736/1/792 
f 739/1/795 757/1/813 742/1/798 740/1/796 
f 742/1/798 757/1/813 758/1/814 
f 742/1/798 758/1/814 743/1/799 
f 743/1/799 758/1/814 759/1/815 
f 759/1/815 760/1/816 743/1/799 
f 760/1/816 759/1/815 761/1/817 
f 760/1/816 761/1/817 762/1/818 
f 762/1/818 761/1/817 763/1/819 
f 763/1/819 764/1/820 691/1/746 762/1/818 
f 691/1/746 764/1/820 553/1/597 
f 553/1/597 764/1/820 554/1/598 
f 747/1/803 765/1/821 766/1/822 748/1/804 
f 749/1/805 748/1/804 766/1/822 767/1/823 
f 767/1/823 768/1/824 750/1/806 749/1/805 
f 768/1/824 769/1/825 751/1/807 750/1/806 
f 769/1/825 770/1/826 752/1/808 751/1/807 
f 753/1/809 752/1/808 770/1/826 771/1/827 
f 754/1/810 753/1/809 771/1/827 772/1/828 
f 755/1/811 754/1/810 772/1/828 773/1/829 
f 773/1/829 774/1/830 756/1/812 755/1/811 
f 757/1/813 756/1/812 774/1/830 775/1/831 
f 758/1/814 757/1/813 775/1/831 776/1/832 
f 759/1/815 758/1/814 776/1/832 777/1/833 
f 761/1/817 759/1/815 777/1/833 778/1/834 
f 763/1/819 761/1/817 778/1/834 779/1/835 
f 764/1/820 763/1/819 779/1/835 780/1/836 
f 554/1/598 764/1/820 780/1/836 628/1/672 
f 767/1/823 766/1/822 781/1/837 782/1/838 
f 782/1/838 783/1/839 768/1/824 767/1/823 
f 783/1/839 784/1/840 769/1/825 768/1/824 
f 770/1/826 769/1/825 784/1/840 785/1/841 
f 785/1/841 786/1/842 771/1/827 770/1/826 
f 786/1/842 787/1/843 772/1/828 771/1/827 
f 787/1/843 788/1/844 773/1/829 772/1/828 
f 774/1/830 773/1/829 788/1/844 789/1/845 
f 775/1/831 774/1/830 789/1/845 790/1/846 
f 790/1/846 791/1/847 776/1/832 775/1/831 
f 777/1/833 776/1/832 791/1/847 792/1/848 
f 778/1/834 777/1/833 792/1/848 793/1/849 
f 779/1/835 778/1/834 793/1/849 794/1/850 
f 794/1/850 795/1/851 780/1/836 779/1/835 
f 795/1/851 796/1/852 628/1/672 780/1/836 
f 765/1/821 797/1/853 781/1/837 766/1/822 
f 797/1/853 798/1/854 690/1/855 781/1/837 
f 690/1/855 799/1/856 782/1/838 781/1/837 
f 799/1/856 800/1/857 783/1/839 782/1/838 
f 784/1/840 783/1/839 800/1/857 801/1/858 
f 801/1/858 802/1/859 785/1/841 784/1/840 
f 786/1/842 785/1/841 802/1/859 803/1/860 
f 803/1/860 804/1/861 787/1/843 786/1/842 
f 788/1/844 787/1/843 804/1/861 805/1/862 
f 789/1/845 788/1/844 805/1/862 806/1/863 
f 806/1/863 807/1/864 790/1/846 789/1/845 
f 807/1/864 808/1/865 791/1/847 790/1/846 
f 792/1/848 791/1/847 808/1/865 809/1/866 
f 809/1/866 810/1/867 793/1/849 792/1/848 
f 810/1/867 811/1/868 794/1/850 793/1/849 
f 795/1/851 794/1/850 811/1/868 812/1/869 
f 798/1/854 687/1/742 690/1/745 690/1/855 
f 690/1/745 813/1/870 799/1/856 690/1/855 
f 800/1/857 799/1/856 813/1/870 814/1/871 
f 801/1/858 800/1/857 814/1/871 815/1/872 
f 802/1/859 801/1/858 815/1/872 802/1/873 
f 802/1/873 816/1/874 803/1/860 802/1/859 
f 804/1/861 803/1/860 816/1/874 804/1/875 
f 805/1/862 804/1/861 804/1/875 805/1/876 
f 805/1/876 817/1/877 806/1/863 805/1/862 
f 807/1/864 806/1/863 817/1/877 818/1/878 
f 808/1/865 807/1/864 818/1/878 808/1/879 
f 808/1/879 819/1/880 809/1/866 808/1/865 
f 819/1/880 810/1/881 810/1/867 809/1/866 
f 810/1/881 820/1/882 811/1/868 810/1/867 
f 820/1/882 744/1/800 812/1/869 811/1/868 
f 812/1/869 744/1/800 594/1/638 593/1/637 
f 594/1/638 744/1/800 590/1/634 
f 690/1/745 689/1/744 813/1/870 
f 689/1/744 714/1/769 713/1/768 813/1/870 
f 814/1/871 813/1/870 713/1/768 710/1/765 
f 814/1/871 710/1/765 815/1/872 
f 710/1/765 709/1/764 708/1/763 815/1/872 
f 802/1/873 815/1/872 708/1/763 705/1/760 
f 802/1/873 705/1/760 816/1/874 
f 705/1/760 703/1/758 702/1/757 816/1/874 
f 702/1/757 700/1/755 804/1/875 816/1/874 
f 700/1/755 692/1/747 805/1/876 804/1/875 
f 692/1/747 693/1/748 817/1/877 805/1/876 
f 693/1/748 694/1/749 818/1/878 817/1/877 
f 694/1/749 695/1/750 808/1/879 818/1/878 
f 819/1/880 808/1/879 695/1/750 696/1/751 
f 696/1/751 697/1/752 810/1/881 819/1/880 
f 697/1/752 698/1/753 820/1/882 810/1/881 
f 698/1/753 699/1/754 744/1/800 820/1/882 
f 699/1/754 522/1/549 521/1/548 591/1/635 
f 641/1/883 741/1/797 740/1/796 821/1/884 
f 822/1/885 821/1/884 740/1/796 
f 823/1/886 824/1/887 743/1/799 760/1/816 
f 743/1/799 824/1/887 822/1/885 
f 825/1/888 826/1/889 762/1/818 827/1/890 
f 826/1/889 828/1/891 760/1/816 762/1/818 
f 760/1/816 828/1/891 823/1/886 
f 829/1/892 830/1/893 691/1/746 831/1/894 
f 830/1/893 827/1/890 762/1/818 691/1/746 
f 152/1/171 150/1/169 832/1/895 
f 833/1/896 834/1/897 152/1/171 832/1/895 
f 152/1/171 834/1/897 835/1/898 
f 836/1/899 837/1/900 152/1/171 835/1/898 
f 691/1/746 152/1/171 837/1/900 838/1/901 
f 691/1/746 838/1/901 831/1/894 
f 737/1/793 741/1/797 641/1/883 643/1/902 
f 643/1/902 645/1/903 738/1/794 737/1/793 
f 738/1/794 645/1/903 660/1/904 728/1/783 
f 660/1/904 658/1/905 728/1/783 
f 728/1/783 658/1/905 656/1/906 729/1/784 
f 729/1/784 656/1/906 653/1/907 730/1/785 
f 730/1/785 653/1/907 652/1/788 
f 733/1/789 652/1/788 650/1/908 735/1/791 
f 719/1/774 735/1/791 650/1/908 648/1/909 
f 648/1/909 647/1/910 720/1/775 719/1/774 
f 662/1/911 722/1/777 720/1/775 647/1/910 
f 665/1/912 667/1/913 726/1/781 724/1/779 
f 665/1/912 724/1/779 722/1/777 662/1/911 
f 667/1/913 668/1/914 726/1/781 
f 726/1/781 668/1/914 671/1/915 745/1/801 
f 716/1/771 717/1/772 839/1/916 840/1/917 
f 716/1/771 840/1/917 841/1/918 
f 716/1/771 841/1/918 714/1/769 689/1/744 
f 714/1/769 841/1/918 715/1/770 
f 711/1/766 715/1/770 712/1/767 
f 709/1/764 712/1/767 842/1/919 
f 709/1/764 842/1/919 706/1/761 708/1/763 
f 706/1/761 842/1/919 707/1/762 
f 703/1/758 707/1/762 704/1/759 
f 701/1/756 704/1/759 517/1/544 520/1/547 
f 843/1/920 844/1/921 163/1/922 
f 845/1/923 846/1/924 847/1/925 848/1/923 
f 849/1/926 847/1/925 846/1/924 844/1/921 
f 849/1/926 844/1/921 843/1/920 
f 850/1/927 154/1/928 153/1/929 
f 844/1/921 850/1/927 153/1/929 163/1/922 
f 851/1/930 156/1/931 232/1/932 
f 850/1/927 851/1/930 232/1/932 154/1/928 
f 851/1/930 852/1/933 157/1/934 156/1/931 
f 246/1/935 253/1/936 853/1/937 
f 852/1/933 853/1/937 253/1/936 286/1/938 
f 852/1/933 286/1/938 260/1/939 157/1/934 
f 225/1/940 246/1/935 853/1/937 854/1/941 
f 225/1/940 854/1/941 222/1/942 
f 854/1/941 855/1/943 219/1/944 222/1/942 
f 209/1/945 212/1/946 855/1/943 856/1/947 
f 855/1/943 212/1/946 214/1/948 219/1/944 
f 857/1/949 385/1/950 252/1/951 
f 856/1/947 857/1/949 252/1/951 251/1/952 
f 856/1/947 251/1/952 250/1/953 209/1/945 
f 383/1/954 385/1/950 857/1/949 858/1/955 
f 383/1/954 858/1/955 397/1/956 
f 397/1/956 858/1/955 859/1/957 381/1/957 
f 860/1/958 861/1/959 862/1/959 863/1/960 
f 864/1/961 865/1/962 866/1/963 
f 866/1/963 867/1/964 863/1/960 864/1/961 
f 863/1/960 867/1/964 860/1/958 
f 868/1/965 869/1/966 864/1/961 870/1/967 
f 864/1/961 869/1/966 871/1/968 865/1/962 
f 870/1/967 872/1/969 873/1/970 874/1/971 
f 875/1/972 876/1/973 870/1/967 874/1/971 
f 870/1/967 876/1/973 868/1/965 
f 872/1/969 877/1/974 878/1/975 879/1/976 
f 872/1/969 879/1/976 880/1/977 881/1/978 
f 872/1/969 881/1/978 882/1/979 873/1/970 
f 883/1/980 884/1/981 885/1/982 
f 877/1/974 883/1/980 885/1/982 886/1/983 
f 877/1/974 886/1/983 878/1/975 
f 887/1/984 888/1/985 889/1/986 
f 888/1/985 887/1/984 890/1/987 
f 888/1/988 883/1/988 852/1/988 
f 883/1/980 890/1/987 891/1/989 884/1/981 
f 892/1/990 893/1/991 894/1/992 
f 894/1/992 889/1/986 888/1/985 892/1/990 
f 895/1/993 896/1/994 897/1/995 
f 896/1/988 892/1/988 850/1/988 
f 892/1/990 895/1/993 898/1/996 
f 892/1/990 898/1/996 899/1/997 893/1/991 
f 900/1/988 896/1/988 844/1/988 
f 896/1/994 901/1/998 902/1/999 897/1/995 
f 903/1/1000 901/1/998 900/1/1001 904/1/1002 
f 904/1/1002 900/1/1001 905/1/1003 906/1/1003 
f 327/1/1004 359/1/1005 907/1/1006 324/1/1007 
f 346/1/1008 338/1/1009 908/1/1010 909/1/1011 
f 910/1/1012 335/1/1013 334/1/1014 
f 909/1/1011 910/1/1012 334/1/1014 333/1/1015 
f 333/1/1015 347/1/1016 346/1/1008 909/1/1011 
f 364/1/1017 337/1/1018 911/1/1019 
f 911/1/988 910/1/988 912/1/988 
f 910/1/1012 337/1/1018 336/1/1020 
f 910/1/1012 336/1/1020 335/1/1013 
f 907/1/1006 359/1/1005 329/1/1021 
f 907/1/988 911/1/988 913/1/988 
f 911/1/1019 329/1/1021 328/1/1022 
f 914/1/1023 292/1/1024 352/1/1025 
f 352/1/1025 325/1/1026 907/1/1006 914/1/1023 
f 907/1/1006 325/1/1026 324/1/1007 
f 915/1/1027 323/1/1028 322/1/1029 
f 322/1/1029 321/1/1030 914/1/1023 915/1/1027 
f 914/1/1023 321/1/1030 293/1/1031 292/1/1024 
f 915/1/1027 916/1/1032 314/1/1033 317/1/1034 
f 916/1/1032 917/1/1035 918/1/1036 919/1/1037 
f 920/1/1038 917/1/1035 916/1/1032 921/1/1039 
f 920/1/1038 921/1/1039 922/1/1040 
f 922/1/1040 921/1/1039 923/1/1041 924/1/1041 
f 382/1/1042 381/1/957 859/1/957 925/1/1043 
f 340/1/1044 341/1/1045 908/1/1010 338/1/1009 
f 908/1/988 926/1/988 927/1/988 
f 926/1/1046 341/1/1045 379/1/1047 
f 925/1/1043 926/1/1046 379/1/1047 378/1/1048 
f 925/1/1043 378/1/1048 382/1/1042 
f 928/1/1049 929/1/1050 930/1/1051 931/1/1052 
f 932/1/1053 933/1/1054 934/1/1055 
f 934/1/1055 935/1/1056 929/1/1050 932/1/1053 
f 929/1/1050 935/1/1056 930/1/1051 
f 936/1/1057 937/1/1058 938/1/1059 
f 932/1/1053 938/1/1059 937/1/1058 939/1/1060 
f 932/1/1053 939/1/1060 933/1/1054 
f 938/1/1059 940/1/1061 941/1/1062 942/1/1063 
f 938/1/1059 942/1/1063 936/1/1057 
f 940/1/1061 913/1/1064 943/1/1065 944/1/1066 
f 943/1/1065 913/1/1064 945/1/1067 
f 944/1/1066 946/1/1068 940/1/1061 
f 940/1/1061 946/1/1068 941/1/1062 
f 912/1/1069 947/1/1070 948/1/1071 
f 913/1/1064 948/1/1071 949/1/1072 945/1/1067 
f 950/1/1073 951/1/1074 952/1/1075 953/1/1076 
f 952/1/988 912/1/988 910/1/988 
f 912/1/1069 951/1/1074 954/1/1077 947/1/1070 
f 955/1/1078 956/1/1079 957/1/1080 958/1/1081 
f 952/1/1075 956/1/1079 959/1/1082 953/1/1076 
f 957/1/1080 960/1/1083 958/1/1081 
f 927/1/1084 961/1/1085 962/1/1086 
f 927/1/1084 962/1/1086 963/1/1087 960/1/1083 
f 964/1/1088 961/1/1085 965/1/1089 966/1/1090 
f 966/1/1090 965/1/1089 862/1/959 861/1/959 
f 944/1/1091 943/1/1092 967/1/1093 
f 945/1/1094 949/1/1095 968/1/1096 
f 962/1/1097 961/1/1098 969/1/1099 963/1/1100 
f 966/1/1101 861/1/1102 970/1/1103 971/1/1104 
f 972/1/1105 973/1/1106 974/1/1107 
f 975/1/1108 976/1/1109 977/1/1110 
f 978/1/1111 979/1/1112 977/1/1110 
f 977/1/1110 979/1/1112 980/1/1113 
f 978/1/1111 981/1/1114 982/1/1115 983/1/1116 
f 978/1/1111 983/1/1116 979/1/1112 
f 981/1/1114 984/1/1117 985/1/1118 
f 981/1/1114 985/1/1118 982/1/1115 
f 986/1/1119 987/1/1120 984/1/1117 988/1/1121 
f 988/1/1121 989/1/1122 986/1/1119 
f 990/1/1123 991/1/1124 989/1/1122 
f 992/1/1125 993/1/1126 974/1/1107 994/1/1127 
f 974/1/1107 993/1/1126 995/1/1128 
f 996/1/1129 997/1/1130 998/1/1131 999/1/1132 
f 964/1/1133 966/1/1101 971/1/1104 
f 1000/1/1134 971/1/1104 970/1/1103 1001/1/1135 
f 969/1/1099 1002/1/1136 960/1/1137 963/1/1100 
f 956/1/1138 955/1/1139 1003/1/1140 959/1/1141 
f 951/1/1142 950/1/1143 1004/1/1144 954/1/1145 
f 1004/1/1144 950/1/1143 953/1/1146 
f 947/1/1147 1005/1/1148 948/1/1149 
f 942/1/1150 941/1/1151 1006/1/1152 1007/1/1153 
f 1006/1/1152 941/1/1151 946/1/1154 
f 937/1/1155 936/1/1156 1007/1/1153 
f 1007/1/1153 936/1/1156 942/1/1150 
f 935/1/1157 934/1/1158 1008/1/1159 976/1/1109 
f 1008/1/1159 933/1/1160 939/1/1161 
f 976/1/1109 1009/1/1162 930/1/1163 935/1/1157 
f 930/1/1163 1009/1/1162 931/1/1164 
f 961/1/1098 964/1/1133 971/1/1104 969/1/1099 
f 971/1/1104 1000/1/1134 1010/1/1165 969/1/1099 
f 972/1/1105 1011/1/1166 1012/1/1167 973/1/1106 
f 1012/1/1167 1013/1/1168 1014/1/1169 973/1/1106 
f 973/1/1106 1014/1/1169 994/1/1127 974/1/1107 
f 1014/1/1169 1015/1/1170 996/1/1129 994/1/1127 
f 1016/1/1171 996/1/1129 1017/1/1172 
f 960/1/1137 1002/1/1136 958/1/1173 
f 1018/1/1174 1002/1/1136 969/1/1099 1010/1/1165 
f 1019/1/1175 1018/1/1174 1010/1/1165 1020/1/1176 
f 1011/1/1166 1021/1/1177 1013/1/1168 1012/1/1167 
f 1013/1/1168 1022/1/1178 1015/1/1170 1014/1/1169 
f 1015/1/1170 1023/1/1179 997/1/1130 996/1/1129 
f 1016/1/1171 992/1/1125 994/1/1127 996/1/1129 
f 1003/1/1140 955/1/1139 958/1/1173 1002/1/1136 
f 1024/1/1180 1003/1/1140 1002/1/1136 1018/1/1174 
f 1018/1/1174 1019/1/1175 1025/1/1181 1024/1/1180 
f 1026/1/1182 1025/1/1181 1019/1/1175 1027/1/1183 
f 1027/1/1183 1022/1/1178 1028/1/1184 1026/1/1182 
f 1021/1/1177 1028/1/1184 1022/1/1178 1013/1/1168 
f 1023/1/1179 1020/1/1176 1029/1/1185 997/1/1130 
f 1029/1/1185 1030/1/1186 998/1/1131 997/1/1130 
f 1004/1/1144 953/1/1146 959/1/1141 1003/1/1140 
f 1003/1/1140 1024/1/1180 1031/1/1187 1004/1/1144 
f 1032/1/1188 1031/1/1187 1024/1/1180 1025/1/1181 
f 1033/1/1189 1032/1/1188 1025/1/1181 1026/1/1182 
f 1034/1/1190 1033/1/1189 1026/1/1182 1028/1/1184 
f 1028/1/1184 1021/1/1177 1035/1/1191 1034/1/1190 
f 954/1/1145 1004/1/1144 1005/1/1148 947/1/1147 
f 1004/1/1144 1031/1/1187 1036/1/1192 1005/1/1148 
f 1031/1/1187 1032/1/1188 1037/1/1193 1036/1/1192 
f 1038/1/1194 1037/1/1193 1032/1/1188 1033/1/1189 
f 1039/1/1195 1038/1/1194 1033/1/1189 1034/1/1190 
f 1034/1/1190 1035/1/1191 1040/1/1196 1039/1/1195 
f 1035/1/1191 1041/1/1197 1042/1/1198 1040/1/1196 
f 1040/1/1196 1042/1/1198 1043/1/1199 1044/1/1200 
f 1044/1/1200 1045/1/1201 1039/1/1195 1040/1/1196 
f 1045/1/1201 1046/1/1202 1038/1/1194 1039/1/1195 
f 1046/1/1202 1047/1/1203 1037/1/1193 1038/1/1194 
f 1047/1/1203 1048/1/1204 1036/1/1192 1037/1/1193 
f 1005/1/1148 1036/1/1192 1048/1/1204 968/1/1096 
f 948/1/1149 1005/1/1148 968/1/1096 949/1/1095 
f 943/1/1092 945/1/1094 968/1/1096 967/1/1093 
f 1049/1/1205 967/1/1093 968/1/1096 1048/1/1204 
f 1048/1/1204 1047/1/1203 1050/1/1206 1049/1/1205 
f 1047/1/1203 1046/1/1202 1051/1/1207 1050/1/1206 
f 1052/1/1208 1051/1/1207 1046/1/1202 1045/1/1201 
f 1053/1/1209 1052/1/1208 1045/1/1201 1044/1/1200 
f 1044/1/1200 1043/1/1199 1054/1/1210 1053/1/1209 
f 1043/1/1199 1042/1/1198 972/1/1105 1054/1/1210 
f 1055/1/1211 1056/1/1212 1000/1/1134 1001/1/1135 
f 1056/1/1212 1030/1/1186 1029/1/1185 1000/1/1134 
f 1000/1/1134 1029/1/1185 1020/1/1176 1010/1/1165 
f 1020/1/1176 1023/1/1179 1027/1/1183 1019/1/1175 
f 1023/1/1179 1015/1/1170 1022/1/1178 1027/1/1183 
f 1021/1/1177 1011/1/1166 1041/1/1197 1035/1/1191 
f 1041/1/1197 1011/1/1166 972/1/1105 1042/1/1198 
f 944/1/1091 967/1/1093 1006/1/1152 946/1/1154 
f 967/1/1093 1049/1/1205 1057/1/1213 1006/1/1152 
f 1049/1/1205 1050/1/1206 1058/1/1214 1057/1/1213 
f 1050/1/1206 1051/1/1207 1059/1/1215 1058/1/1214 
f 1060/1/1216 1059/1/1215 1051/1/1207 1052/1/1208 
f 1061/1/1217 1060/1/1216 1052/1/1208 1053/1/1209 
f 1062/1/1218 1061/1/1217 1053/1/1209 1054/1/1210 
f 1006/1/1152 1057/1/1213 1063/1/1219 1007/1/1153 
f 1064/1/1220 1063/1/1219 1057/1/1213 1058/1/1214 
f 1065/1/1221 1064/1/1220 1058/1/1214 1059/1/1215 
f 1059/1/1215 1060/1/1216 1066/1/1222 1065/1/1221 
f 1060/1/1216 1061/1/1217 1067/1/1223 1066/1/1222 
f 1061/1/1217 1062/1/1218 1068/1/1224 1067/1/1223 
f 1062/1/1218 1054/1/1210 972/1/1105 1068/1/1224 
f 1008/1/1159 939/1/1161 937/1/1155 1007/1/1153 
f 1007/1/1153 1063/1/1219 1069/1/1225 1008/1/1159 
f 1070/1/1226 1069/1/1225 1063/1/1219 1064/1/1220 
f 1064/1/1220 1065/1/1221 1071/1/1227 1070/1/1226 
f 1065/1/1221 1066/1/1222 1072/1/1228 1071/1/1227 
f 1066/1/1222 1067/1/1223 1073/1/1229 1072/1/1228 
f 1074/1/1230 1073/1/1229 1067/1/1223 1068/1/1224 
f 1074/1/1230 1068/1/1224 972/1/1105 
f 1008/1/1159 1069/1/1225 977/1/1110 976/1/1109 
f 1069/1/1225 1070/1/1226 978/1/1111 977/1/1110 
f 981/1/1114 978/1/1111 1070/1/1226 1071/1/1227 
f 1071/1/1227 1072/1/1228 984/1/1117 981/1/1114 
f 988/1/1121 984/1/1117 1072/1/1228 1073/1/1229 
f 988/1/1121 1073/1/1229 990/1/1123 989/1/1122 
f 990/1/1123 1073/1/1229 1074/1/1230 
f 990/1/1123 1074/1/1230 972/1/1105 
f 1075/1/1231 972/1/1105 1076/1/1232 
f 1077/1/1233 1078/1/1234 1079/1/1235 1080/1/1236 
f 868/1/1237 876/1/1238 1081/1/1239 869/1/1240 
f 901/1/1241 903/1/1242 1082/1/1243 
f 1083/1/1244 1084/1/1245 1085/1/1246 
f 1086/1/1247 1087/1/1248 1088/1/1249 
f 1088/1/1249 1087/1/1248 972/1/1105 
f 1089/1/1250 1078/1/1234 1090/1/1251 
f 1090/1/1251 1078/1/1234 1077/1/1233 1091/1/1252 
f 1092/1/1253 1093/1/1254 1077/1/1233 1094/1/1255 
f 1077/1/1233 1093/1/1254 1095/1/1256 1091/1/1252 
f 1096/1/1257 1097/1/1258 1098/1/1259 
f 1082/1/1243 903/1/1242 1099/1/1260 1100/1/1261 
f 903/1/1242 904/1/1262 906/1/1263 1099/1/1260 
f 1101/1/1264 897/1/1265 902/1/1266 
f 1102/1/1267 894/1/1268 893/1/1269 899/1/1270 
f 1102/1/1267 899/1/1270 898/1/1271 
f 1103/1/1272 890/1/1273 887/1/1274 1104/1/1275 
f 886/1/1276 1105/1/1277 878/1/1278 
f 1106/1/1279 880/1/1280 879/1/1281 
f 1106/1/1279 882/1/1282 881/1/1283 880/1/1280 
f 865/1/1284 871/1/1285 1107/1/1286 866/1/1287 
f 970/1/1103 861/1/1102 860/1/1288 1108/1/1289 
f 970/1/1103 1108/1/1289 1001/1/1135 
f 1030/1/1186 1056/1/1212 1109/1/1290 1110/1/1291 
f 1109/1/1290 1056/1/1212 1055/1/1211 
f 1109/1/1290 1055/1/1211 1001/1/1135 1108/1/1289 
f 1030/1/1186 1110/1/1291 1111/1/1292 998/1/1131 
f 1111/1/1292 1017/1/1172 999/1/1132 998/1/1131 
f 999/1/1132 1017/1/1172 996/1/1129 
f 1112/1/1293 993/1/1126 992/1/1125 
f 1017/1/1172 1112/1/1293 992/1/1125 1016/1/1171 
f 972/1/1105 1113/1/1294 1114/1/1295 
f 972/1/1105 974/1/1107 995/1/1128 1113/1/1294 
f 1113/1/1294 995/1/1128 993/1/1126 1112/1/1293 
f 866/1/1287 1107/1/1286 1108/1/1289 867/1/1296 
f 1109/1/1290 1108/1/1289 1107/1/1286 1115/1/1297 
f 1110/1/1291 1109/1/1290 1115/1/1297 1116/1/1298 
f 1116/1/1298 1117/1/1299 1111/1/1292 1110/1/1291 
f 1117/1/1299 1118/1/1300 1017/1/1172 1111/1/1292 
f 1112/1/1293 1017/1/1172 1118/1/1300 1119/1/1301 
f 1119/1/1301 1114/1/1295 1113/1/1294 1112/1/1293 
f 1107/1/1286 871/1/1285 869/1/1240 1081/1/1239 
f 1115/1/1297 1107/1/1286 1081/1/1239 1120/1/1302 
f 1120/1/1302 1121/1/1303 1116/1/1298 1115/1/1297 
f 1121/1/1303 1122/1/1304 1117/1/1299 1116/1/1298 
f 1118/1/1300 1117/1/1299 1122/1/1304 1123/1/1305 
f 1123/1/1305 1124/1/1306 1119/1/1301 1118/1/1300 
f 1114/1/1295 1119/1/1301 1124/1/1306 1125/1/1307 
f 1125/1/1307 1126/1/1308 972/1/1105 1114/1/1295 
f 874/1/1309 873/1/1310 1127/1/1311 875/1/1312 
f 873/1/1310 882/1/1282 1106/1/1279 1127/1/1311 
f 1106/1/1279 1128/1/1313 1129/1/1314 1127/1/1311 
f 1130/1/1315 1129/1/1314 1128/1/1313 1131/1/1316 
f 1128/1/1313 1106/1/1279 1105/1/1277 1132/1/1317 
f 1105/1/1277 1106/1/1279 879/1/1281 878/1/1278 
f 1133/1/1318 1130/1/1315 1131/1/1316 1134/1/1319 
f 1132/1/1317 1105/1/1277 1135/1/1320 1136/1/1321 
f 1135/1/1320 1105/1/1277 886/1/1276 885/1/1322 
f 1134/1/1319 1131/1/1316 1137/1/1323 1138/1/1324 
f 1131/1/1316 1128/1/1313 1132/1/1317 1137/1/1323 
f 1137/1/1323 1132/1/1317 1136/1/1321 1139/1/1325 
f 1136/1/1321 1135/1/1320 1103/1/1272 1140/1/1326 
f 1135/1/1320 884/1/1327 891/1/1328 1103/1/1272 
f 1103/1/1272 891/1/1328 890/1/1273 
f 1141/1/1329 1133/1/1318 1134/1/1319 1142/1/1330 
f 1140/1/1326 1103/1/1272 1104/1/1275 1143/1/1331 
f 1104/1/1275 887/1/1274 889/1/1332 
f 1144/1/1333 1141/1/1329 1142/1/1330 1145/1/1334 
f 1142/1/1330 1134/1/1319 1138/1/1324 1146/1/1335 
f 1146/1/1335 1138/1/1324 1147/1/1336 1148/1/1337 
f 1138/1/1324 1137/1/1323 1139/1/1325 1147/1/1336 
f 1147/1/1336 1139/1/1325 1149/1/1338 1150/1/1339 
f 1139/1/1325 1136/1/1321 1140/1/1326 1149/1/1338 
f 1102/1/1267 1104/1/1275 889/1/1332 894/1/1268 
f 1126/1/1308 1144/1/1333 1145/1/1334 1151/1/1340 
f 1151/1/1340 1145/1/1334 1152/1/1341 1153/1/1342 
f 1145/1/1334 1142/1/1330 1146/1/1335 1152/1/1341 
f 1148/1/1337 1147/1/1336 1150/1/1339 1154/1/1343 
f 1150/1/1339 1149/1/1338 1155/1/1344 1156/1/1345 
f 1149/1/1338 1140/1/1326 1143/1/1331 1155/1/1344 
f 1143/1/1331 1104/1/1275 1102/1/1267 1157/1/1346 
f 1157/1/1346 1102/1/1267 1101/1/1264 1158/1/1347 
f 1102/1/1267 898/1/1271 895/1/1348 1101/1/1264 
f 1101/1/1264 895/1/1348 897/1/1265 
f 1085/1/1246 1084/1/1245 1159/1/1349 1094/1/1255 
f 1160/1/1350 1080/1/1236 1161/1/1351 1162/1/1352 
f 1161/1/1351 1163/1/1353 1164/1/1354 1165/1/1355 
f 1164/1/1354 1166/1/1356 1167/1/1357 1168/1/1358 
f 1166/1/1356 1076/1/1232 972/1/1105 1167/1/1357 
f 901/1/1241 1082/1/1243 1101/1/1264 902/1/1266 
f 1157/1/1346 1169/1/1359 1155/1/1344 1143/1/1331 
f 1169/1/1359 1162/1/1352 1156/1/1345 1155/1/1344 
f 1154/1/1343 1168/1/1358 1170/1/1360 1148/1/1337 
f 1148/1/1337 1170/1/1360 1152/1/1341 1146/1/1335 
f 1151/1/1340 1153/1/1342 972/1/1105 1126/1/1308 
f 876/1/1238 875/1/1312 1127/1/1311 1081/1/1239 
f 1120/1/1302 1081/1/1239 1127/1/1311 1129/1/1314 
f 1129/1/1314 1130/1/1315 1121/1/1303 1120/1/1302 
f 1122/1/1304 1121/1/1303 1130/1/1315 1133/1/1318 
f 1133/1/1318 1141/1/1329 1123/1/1305 1122/1/1304 
f 1141/1/1329 1144/1/1333 1124/1/1306 1123/1/1305 
f 1125/1/1307 1124/1/1306 1144/1/1333 1126/1/1308 
f 1076/1/1232 1163/1/1353 1079/1/1235 1075/1/1231 
f 1075/1/1231 1079/1/1235 1078/1/1234 1088/1/1249 
f 1088/1/1249 1078/1/1234 1089/1/1250 1086/1/1247 
f 1159/1/1349 1092/1/1253 1094/1/1255 
f 1094/1/1255 1077/1/1233 1080/1/1236 1160/1/1350 
f 1080/1/1236 1079/1/1235 1163/1/1353 1161/1/1351 
f 1163/1/1353 1076/1/1232 1166/1/1356 1164/1/1354 
f 972/1/1105 1075/1/1231 1088/1/1249 
f 1083/1/1244 1085/1/1246 1098/1/1259 1097/1/1258 
f 1098/1/1259 1085/1/1246 1171/1/1361 1158/1/1347 
f 1085/1/1246 1094/1/1255 1160/1/1350 1171/1/1361 
f 1171/1/1361 1160/1/1350 1162/1/1352 1169/1/1359 
f 1162/1/1352 1161/1/1351 1165/1/1355 1156/1/1345 
f 1082/1/1243 1100/1/1261 1096/1/1257 1098/1/1259 
f 1082/1/1243 1098/1/1259 1158/1/1347 1101/1/1264 
f 1158/1/1347 1171/1/1361 1169/1/1359 1157/1/1346 
f 1156/1/1345 1165/1/1355 1154/1/1343 1150/1/1339 
f 1165/1/1355 1164/1/1354 1168/1/1358 1154/1/1343 
f 1168/1/1358 1167/1/1357 1172/1/1362 1170/1/1360 
f 1170/1/1360 1172/1/1362 1153/1/1342 1152/1/1341 
f 1172/1/1362 1167/1/1357 972/1/1105 1153/1/1342 
f 985/1/1118 984/1/1117 987/1/1120 
f 991/1/1124 990/1/1123 972/1/1105 
f 983/1/1116 982/1/1115 437/1/1363 
f 1009/1/1162 976/1/1109 975/1/1108 
f 975/1/1108 977/1/1110 980/1/1113 
f 832/1/1364 150/1/1365 110/1/1366 108/1/1367 
f 108/1/1367 106/1/1368 833/1/1369 832/1/1364 
f 1173/1/1370 831/1/1371 838/1/1372 1174/1/1373 
f 1174/1/1373 838/1/1372 837/1/1374 
f 99/1/1375 837/1/1374 836/1/1376 
f 836/1/1376 835/1/1377 101/1/1378 99/1/1375 
f 103/1/1379 101/1/1378 835/1/1377 834/1/1380 
f 105/1/1381 103/1/1379 834/1/1380 833/1/1369 
f 105/1/1381 833/1/1369 106/1/1368 
f 1175/1/1382 830/1/1383 829/1/1384 
f 68/1/1385 67/1/1386 1176/1/1387 71/1/1388 
f 827/1/1389 830/1/1383 1175/1/1382 1176/1/1387 
f 827/1/1389 1176/1/1387 825/1/1390 
f 825/1/1390 1176/1/1387 67/1/1386 826/1/1391 
f 73/1/1392 76/1/1393 826/1/1391 67/1/1386 
f 76/1/1393 78/1/1394 828/1/1395 826/1/1391 
f 828/1/1395 78/1/1394 80/1/1396 
f 80/1/1396 82/1/1397 823/1/1398 828/1/1395 
f 823/1/1398 82/1/1397 85/1/1399 
f 85/1/1399 86/1/1400 824/1/1401 823/1/1398 
f 92/1/1402 453/1/685 641/1/687 821/1/1403 
f 821/1/1403 822/1/1404 90/1/1405 92/1/1402 
f 822/1/1404 824/1/1401 89/1/1406 90/1/1405 
f 89/1/1406 824/1/1401 86/1/1400 
f 66/1/1407 71/1/1388 1176/1/1387 1175/1/1382 
f 66/1/1407 1175/1/1382 66/1/1408 
f 829/1/1384 831/1/1371 1173/1/1370 1175/1/1382 
f 1175/1/1382 1173/1/1370 93/1/1409 66/1/1408 
f 99/1/1375 97/1/1410 1174/1/1373 837/1/1374 
f 1174/1/1373 97/1/1410 96/1/1411 
f 96/1/1411 94/1/1412 1173/1/1370 1174/1/1373 
f 507/1/525 509/1/527 1177/1/1413 423/1/1414 
f 423/1/1414 1177/1/1413 1178/1/1415 421/1/1416 
f 419/1/1417 421/1/1416 1178/1/1415 1179/1/1418 
f 1180/1/1419 1181/1/1420 419/1/1417 1179/1/1418 
f 419/1/1417 1181/1/1420 1182/1/1421 1183/1/1422 
f 931/1/1164 1009/1/1162 1183/1/1422 1184/1/1423 
f 426/1/1424 420/1/1425 975/1/1108 980/1/1113 
f 419/1/1417 1183/1/1422 1009/1/1162 420/1/1425 
f 420/1/1425 1009/1/1162 975/1/1108 
f 979/1/1112 983/1/1116 429/1/1426 
f 429/1/1426 983/1/1116 437/1/1363 
f 426/1/1424 980/1/1113 427/1/1427 
f 427/1/1427 980/1/1113 427/1/1428 
f 427/1/1428 980/1/1113 979/1/1112 
f 427/1/1428 979/1/1112 429/1/1426 
f 443/1/1429 441/1/1430 987/1/1120 
f 433/1/1431 985/1/1118 441/1/1430 
f 441/1/1430 985/1/1118 987/1/1120 
f 433/1/1431 432/1/1432 985/1/1118 
f 437/1/1363 982/1/1115 435/1/1433 
f 432/1/1432 435/1/1433 982/1/1115 
f 986/1/1119 989/1/1122 447/1/1434 444/1/1435 
f 443/1/1429 987/1/1120 444/1/1435 
f 444/1/1435 987/1/1120 986/1/1119 
f 447/1/1434 989/1/1122 448/1/1436 
f 448/1/1436 989/1/1122 991/1/1124 450/1/1437 
f 450/1/1437 991/1/1124 972/1/1105 
f 450/1/1437 972/1/1105 452/1/1438 
f 111/1/1439 928/1/1049 1185/1/1440 
f 1185/1/1440 928/1/1049 931/1/1052 1184/1/1441 
f 923/1/1041 110/1/1366 150/1/1365 149/1/1442 
f 923/1/1041 149/1/1442 924/1/1041 
f 36/1/50 1186/1/1443 906/1/1003 
f 36/1/50 906/1/1003 905/1/1003 12/1/51 
f 114/1/133 1187/1/1444 116/1/135 
f 1187/1/1445 845/1/923 848/1/923 
f 3/1/1446 845/1/923 1187/1/1445 
f 845/1/988 12/1/12 905/1/1447 
f 905/1/1447 900/1/988 846/1/988 845/1/988 
f 846/1/988 900/1/988 844/1/988 
f 844/1/988 896/1/988 850/1/988 
f 851/1/988 850/1/988 892/1/988 888/1/988 
f 851/1/988 888/1/988 852/1/988 
f 913/1/1064 912/1/1069 948/1/1071 
f 952/1/988 910/1/988 909/1/988 
f 952/1/1075 957/1/1080 956/1/1079 
f 957/1/988 909/1/988 908/1/988 
f 957/1/1080 927/1/1084 960/1/1083 
f 927/1/1084 965/1/1089 961/1/1085 
f 965/1/988 926/1/988 925/1/988 
f 862/1/988 965/1/988 925/1/988 859/1/988 
f 863/1/988 862/1/988 859/1/988 858/1/988 
f 858/1/988 857/1/988 864/1/988 863/1/988 
f 857/1/988 856/1/988 870/1/988 864/1/988 
f 856/1/988 855/1/988 872/1/988 870/1/988 
f 855/1/988 854/1/988 877/1/988 872/1/988 
f 854/1/988 853/1/988 883/1/988 877/1/988 
f 883/1/988 853/1/988 852/1/988 
f 110/1/130 923/1/1447 928/1/1447 111/1/130 
f 929/1/988 928/1/1447 923/1/1447 921/1/988 
f 932/1/988 929/1/988 921/1/988 916/1/988 
f 916/1/988 915/1/988 938/1/988 932/1/988 
f 915/1/988 914/1/988 940/1/988 938/1/988 
f 913/1/988 940/1/988 914/1/988 907/1/988 
f 1188/1/1448 629/1/1449 640/1/1449 
f 640/1/1449 639/1/1450 1189/1/1450 1188/1/1448 
f 1189/1/1450 639/1/1450 638/1/1450 1190/1/1450 
f 1190/1/1450 638/1/1450 636/1/1450 
f 1191/1/1450 1190/1/1450 636/1/1450 637/1/1450 
f 1192/1/1448 1193/1/1448 1194/1/1450 1195/1/1450 
f 1195/1/1450 1194/1/1450 1196/1/1448 
f 1196/1/1448 1197/1/1448 1198/1/1451 1195/1/1450 
f 1197/1/1448 631/1/1449 1199/1/1449 1198/1/1451 
f 631/1/1449 630/1/1448 1200/1/1448 1199/1/1449 
f 1200/1/1448 630/1/1448 629/1/1449 1188/1/1448 
f 637/1/1450 635/1/1451 1201/1/1451 1191/1/1450 
f 635/1/1451 633/1/1448 1202/1/1448 1201/1/1451 
f 633/1/1448 634/1/1449 1203/1/1449 1202/1/1448 
f 1204/1/1449 1205/1/1449 1206/1/1449 1207/1/1448 
f 524/1/1448 1208/1/1448 1209/1/1451 632/1/1451 
f 632/1/1451 1209/1/1451 1203/1/1449 634/1/1449 
f 1207/1/1448 1210/1/1450 1211/1/1449 1204/1/1449 
f 1211/1/1449 1210/1/1450 1212/1/1448 
f 1213/1/1448 1211/1/1449 1212/1/1448 1214/1/1448 
f 1214/1/1448 1193/1/1448 1192/1/1448 1213/1/1448 
f 840/1/1452 839/1/1452 1215/1/1452 1216/1/1452 
f 841/1/1450 840/1/1452 1216/1/1452 1217/1/1448 
f 524/1/1448 523/1/1449 1218/1/1449 1208/1/1448 
f 1218/1/1449 523/1/1449 526/1/1450 
f 1219/1/1449 1218/1/1449 526/1/1450 528/1/1450 
f 528/1/1450 530/1/1450 1220/1/1449 1219/1/1449 
f 1221/1/1448 1220/1/1449 530/1/1450 532/1/1450 
f 1222/1/1448 1221/1/1448 532/1/1450 534/1/1450 
f 1223/1/1448 1222/1/1448 534/1/1450 518/1/1450 
f 1224/1/1448 1223/1/1448 518/1/1450 517/1/1450 
f 517/1/1450 704/1/1450 1225/1/1448 1224/1/1448 
f 704/1/1450 707/1/1450 1226/1/1448 1225/1/1448 
f 707/1/1450 842/1/1450 1227/1/1448 1226/1/1448 
f 1228/1/1448 1227/1/1448 842/1/1450 712/1/1450 
f 712/1/1450 715/1/1450 1217/1/1448 1228/1/1448 
f 1229/1/1450 1230/1/1450 1231/1/1448 1232/1/1450 
f 1232/1/1450 1231/1/1448 1233/1/1449 
f 1233/1/1449 1234/1/1450 1235/1/1450 1232/1/1450 
f 1236/1/1450 1235/1/1450 1234/1/1450 1237/1/1450 
f 1237/1/1450 1238/1/1450 1239/1/1450 1236/1/1450 
f 1238/1/1450 1240/1/1450 1241/1/1450 1239/1/1450 
f 1242/1/1448 1241/1/1450 1240/1/1450 1243/1/1448 
f 1243/1/1448 1244/1/1448 1245/1/1448 1242/1/1448 
f 1246/1/1450 1245/1/1448 1244/1/1448 1247/1/1450 
f 1247/1/1450 1248/1/1449 1249/1/1451 1246/1/1450 
f 1248/1/1449 1250/1/1449 1205/1/1449 1249/1/1451 
f 1205/1/1449 1250/1/1449 1206/1/1449 
f 1251/1/1449 1252/1/1453 1253/1/1453 
f 1254/1/1449 1251/1/1449 1253/1/1453 1255/1/1449 
f 1255/1/1449 1256/1/1450 1257/1/1450 1254/1/1449 
f 1258/1/1450 1257/1/1450 1256/1/1450 1259/1/1450 
f 1259/1/1450 1260/1/1450 1261/1/1450 1258/1/1450 
f 1260/1/1450 1262/1/1450 1263/1/1450 1261/1/1450 
f 1264/1/1450 1263/1/1450 1262/1/1450 1265/1/1450 
f 1229/1/1450 1264/1/1450 1265/1/1450 1230/1/1450 
f 1266/1/739 1267/1/739 474/1/739 472/1/739 
f 1268/1/741 1269/1/741 1270/1/741 1271/1/741 
f 1271/1/741 1272/1/741 1273/1/741 1268/1/741 
f 446/1/1454 449/1/1455 1274/1/1456 1275/1/1457 
f 1274/1/1456 449/1/1455 440/1/1458 
f 440/1/1458 439/1/741 1276/1/741 1274/1/1456 
f 439/1/741 1277/1/741 1269/1/741 1276/1/741 
f 1269/1/741 1277/1/741 1270/1/741 
f 431/1/1459 430/1/1460 1278/1/1461 434/1/1462 
f 1279/1/1463 1278/1/1461 430/1/1460 442/1/1464 
f 1275/1/1457 1279/1/1463 442/1/1464 445/1/1465 
f 1275/1/1457 445/1/1465 446/1/1454 
f 1272/1/741 1280/1/741 1281/1/741 1273/1/741 
f 1281/1/741 1280/1/741 1282/1/741 
f 1282/1/741 1283/1/741 1284/1/741 1281/1/741 
f 417/1/1466 425/1/1467 1285/1/1466 1286/1/738 
f 1285/1/1466 425/1/1467 424/1/1468 
f 1287/1/1469 1285/1/1466 424/1/1468 428/1/1470 
f 428/1/1470 436/1/1471 1288/1/1472 1287/1/1469 
f 1288/1/1472 436/1/1471 434/1/1462 1278/1/1461 
f 512/1/1473 511/1/1474 1289/1/739 
f 1289/1/739 511/1/1474 552/1/739 1290/1/739 
f 1290/1/739 552/1/739 422/1/739 
f 422/1/739 418/1/475 1286/1/738 1290/1/739 
f 1286/1/738 418/1/475 417/1/1466 
f 1291/1/741 1292/1/741 1293/1/741 1294/1/741 
f 1295/1/741 1296/1/741 1297/1/741 1294/1/741 
f 1296/1/741 1298/1/741 1299/1/741 1297/1/741 
f 1284/1/741 1283/1/741 1300/1/741 1301/1/741 
f 1301/1/741 1300/1/741 1302/1/741 
f 1291/1/741 1301/1/741 1302/1/741 1292/1/741 
f 483/1/1475 485/1/1476 1303/1/1477 1304/1/1478 
f 1305/1/740 1303/1/1477 485/1/1476 488/1/537 
f 1305/1/740 488/1/537 515/1/536 
f 515/1/536 514/1/535 1306/1/1479 
f 1306/1/1479 514/1/535 516/1/1480 1307/1/739 
f 1307/1/739 516/1/1480 513/1/1481 
f 1307/1/739 513/1/1481 512/1/1473 1289/1/739 
f 1266/1/739 472/1/739 470/1/739 
f 470/1/739 468/1/739 1308/1/739 1266/1/739 
f 1309/1/741 1310/1/741 1311/1/741 1312/1/741 
f 1299/1/741 1298/1/741 1313/1/741 1314/1/741 
f 1314/1/741 1313/1/741 1315/1/741 
f 1316/1/741 1314/1/741 1315/1/741 1317/1/741 
f 1318/1/741 1316/1/741 1317/1/741 1319/1/1482 
f 1318/1/741 1319/1/1482 1320/1/1483 
f 1319/1/1482 1321/1/1484 1322/1/1485 1320/1/1483 
f 1322/1/1485 1323/1/741 1324/1/741 1320/1/1483 
f 1325/1/741 1324/1/741 1323/1/741 1326/1/741 
f 1326/1/741 1327/1/741 1328/1/741 1325/1/741 
f 1329/1/741 1328/1/741 1327/1/741 1330/1/741 
f 1308/1/739 468/1/739 465/1/739 1331/1/739 
f 1331/1/739 465/1/739 463/1/739 
f 1332/1/738 1331/1/739 463/1/739 461/1/738 
f 1333/1/1486 1332/1/738 461/1/738 459/1/1487 
f 459/1/1487 458/1/1488 1334/1/1489 1333/1/1486 
f 1335/1/1490 1334/1/1489 458/1/1488 478/1/1460 
f 478/1/1460 480/1/1491 1304/1/1478 1335/1/1490 
f 1304/1/1478 480/1/1491 483/1/1475 
f 1336/1/741 1337/1/741 1338/1/741 1339/1/741 
f 1339/1/741 1340/1/741 1341/1/741 1336/1/741 
f 1341/1/741 1340/1/741 1342/1/741 
f 1342/1/741 1340/1/741 1311/1/741 1343/1/741 
f 1343/1/741 1311/1/741 1310/1/741 
f 1344/1/741 1345/1/741 1312/1/741 1346/1/741 
f 1312/1/741 1345/1/741 1309/1/741 
f 1330/1/741 1347/1/741 1348/1/741 1329/1/741 
f 1348/1/741 1347/1/741 1349/1/741 
f 1349/1/741 1350/1/741 1346/1/741 1348/1/741 
f 1346/1/741 1350/1/741 1344/1/741 
f 1193/1/1492 1214/1/1493 1351/1/1494 1352/1/1495 
f 1352/1/1495 1353/1/1496 1194/1/1497 1193/1/1492 
f 1353/1/1496 1354/1/1498 1196/1/1499 1194/1/1497 
f 1197/1/1500 1196/1/1499 1354/1/1498 1355/1/1501 
f 1197/1/1500 1355/1/1501 574/1/618 631/1/675 
f 1210/1/1502 1356/1/1503 1357/1/1504 
f 1357/1/1504 1358/1/1505 1212/1/1506 1210/1/1502 
f 1358/1/1505 1359/1/1507 1214/1/1493 1212/1/1506 
f 1214/1/1493 1359/1/1507 1351/1/1494 
f 1360/1/1508 1361/1/1509 1250/1/1510 1362/1/1511 
f 1206/1/1512 1250/1/1510 1361/1/1509 1363/1/1513 
f 1207/1/1514 1206/1/1512 1363/1/1513 1364/1/1515 
f 1207/1/1514 1364/1/1515 1356/1/1503 1210/1/1502 
f 1250/1/1510 1248/1/1516 1365/1/1517 1362/1/1511 
f 1366/1/1518 1365/1/1517 1248/1/1516 1247/1/1519 
f 1366/1/1518 1247/1/1519 1367/1/1520 
f 1367/1/1520 1247/1/1519 1244/1/1521 1368/1/1522 
f 1369/1/1523 1370/1/1524 1371/1/1525 1372/1/1526 
f 1373/1/1527 1374/1/1528 1375/1/1529 1376/1/1530 
f 1368/1/1522 1377/1/1531 1378/1/1532 1367/1/1520 
f 1379/1/1533 1360/1/1508 1362/1/1511 1365/1/1517 
f 1365/1/1517 1366/1/1518 1376/1/1530 1379/1/1533 
f 1376/1/1530 1366/1/1518 1367/1/1520 
f 1379/1/1533 1380/1/1534 1363/1/1513 1361/1/1509 
f 1379/1/1533 1361/1/1509 1360/1/1508 
f 1356/1/1503 1364/1/1515 1380/1/1534 1381/1/1535 
f 1380/1/1534 1364/1/1515 1363/1/1513 
f 1359/1/1507 1358/1/1505 1382/1/1536 1351/1/1494 
f 1381/1/1535 1382/1/1536 1358/1/1505 1357/1/1504 
f 1352/1/1495 1351/1/1494 1382/1/1536 1383/1/1537 
f 1383/1/1537 1354/1/1498 1353/1/1496 1352/1/1495 
f 1354/1/1498 1384/1/1538 1355/1/1501 
f 574/1/618 1355/1/1501 1384/1/1538 571/1/615 
f 129/1/148 131/1/150 558/1/602 1385/1/1539 
f 129/1/148 1385/1/1539 1386/1/1540 127/1/146 
f 127/1/146 1386/1/1540 1387/1/1541 125/1/144 
f 125/1/144 1387/1/1541 1388/1/1542 
f 1388/1/1542 121/1/140 123/1/142 125/1/144 
f 571/1/615 1384/1/1538 1389/1/1543 568/1/612 
f 1389/1/1543 1384/1/1538 1390/1/1544 
f 1384/1/1538 1354/1/1498 1383/1/1537 1390/1/1544 
f 1383/1/1537 1382/1/1536 1391/1/1545 1390/1/1544 
f 1382/1/1536 1381/1/1535 1392/1/1546 1391/1/1545 
f 1393/1/1547 1392/1/1546 1381/1/1535 1380/1/1534 
f 1394/1/1548 1393/1/1547 1380/1/1534 1379/1/1533 
f 1375/1/1529 1394/1/1548 1379/1/1533 1376/1/1530 
f 1376/1/1530 1367/1/1520 1378/1/1532 1373/1/1527 
f 568/1/612 1389/1/1543 1395/1/1549 566/1/610 
f 1396/1/1550 1395/1/1549 1389/1/1543 1390/1/1544 
f 1390/1/1544 1391/1/1545 1397/1/1551 1396/1/1550 
f 1391/1/1545 1392/1/1546 1398/1/1552 1397/1/1551 
f 1392/1/1546 1393/1/1547 1399/1/1553 1398/1/1552 
f 1400/1/1554 1399/1/1553 1393/1/1547 1394/1/1548 
f 1401/1/1555 1400/1/1554 1394/1/1548 1375/1/1529 
f 1402/1/1556 1401/1/1555 1375/1/1529 1374/1/1528 
f 1403/1/1557 564/1/608 566/1/610 1395/1/1549 
f 1395/1/1549 1396/1/1550 1404/1/1558 1403/1/1557 
f 1396/1/1550 1397/1/1551 1405/1/1559 1404/1/1558 
f 1397/1/1551 1398/1/1552 1406/1/1560 1405/1/1559 
f 1398/1/1552 1399/1/1553 1407/1/1561 1406/1/1560 
f 1399/1/1553 1400/1/1554 1408/1/1562 1407/1/1561 
f 1400/1/1554 1401/1/1555 1409/1/1563 1408/1/1562 
f 1401/1/1555 1402/1/1556 1410/1/1564 1409/1/1563 
f 564/1/608 1403/1/1557 1411/1/1565 562/1/606 
f 1412/1/1566 1411/1/1565 1403/1/1557 1404/1/1558 
f 1404/1/1558 1405/1/1559 1413/1/1567 1412/1/1566 
f 1405/1/1559 1406/1/1560 1414/1/1568 1413/1/1567 
f 1406/1/1560 1407/1/1561 1415/1/1569 1414/1/1568 
f 1416/1/1570 1415/1/1569 1407/1/1561 1408/1/1562 
f 1408/1/1562 1409/1/1563 1417/1/1571 1416/1/1570 
f 1417/1/1571 1409/1/1563 1410/1/1572 1418/1/1573 
f 1410/1/1572 1409/1/1563 1410/1/1564 1419/1/1574 
f 1420/1/1575 560/1/604 562/1/606 1411/1/1565 
f 1411/1/1565 1412/1/1566 1421/1/1576 1420/1/1575 
f 1422/1/1577 1421/1/1576 1412/1/1566 1413/1/1567 
f 1423/1/1578 1422/1/1577 1413/1/1567 1414/1/1568 
f 1424/1/1579 1423/1/1578 1414/1/1568 1415/1/1569 
f 1425/1/1580 1424/1/1579 1415/1/1569 1416/1/1570 
f 1372/1/1526 1425/1/1580 1416/1/1570 1417/1/1571 
f 1417/1/1571 1418/1/1573 1418/1/1581 1372/1/1526 
f 1418/1/1581 1426/1/1582 1369/1/1523 1372/1/1526 
f 1371/1/1525 1427/1/1583 1425/1/1580 1372/1/1526 
f 1424/1/1579 1425/1/1580 1427/1/1583 1428/1/1584 
f 1424/1/1579 1428/1/1584 1423/1/1578 
f 1428/1/1584 121/1/140 1388/1/1542 1423/1/1578 
f 1388/1/1542 1387/1/1541 1422/1/1577 1423/1/1578 
f 1421/1/1576 1422/1/1577 1387/1/1541 1386/1/1540 
f 1420/1/1575 1421/1/1576 1386/1/1540 1385/1/1539 
f 560/1/604 1420/1/1575 1385/1/1539 558/1/602 
f 121/1/140 1428/1/1584 1427/1/1583 119/1/138 
f 119/1/138 1427/1/1583 1371/1/1525 115/1/134 
f 115/1/134 1371/1/1525 1370/1/1524 112/1/131 
f 1429/1/1585 1298/1/1586 1296/1/1587 1430/1/1588 
f 1431/1/1589 1430/1/1588 1296/1/1587 1295/1/1590 
f 1431/1/1589 1295/1/1590 1432/1/1591 
f 1432/1/1591 1295/1/1590 1293/1/1592 
f 1432/1/1591 1293/1/1592 1292/1/1593 1433/1/1594 
f 1292/1/1593 1302/1/1595 1434/1/1596 1433/1/1594 
f 1300/1/1597 1283/1/1598 1435/1/1599 1436/1/1600 
f 1302/1/1595 1300/1/1597 1436/1/1600 1437/1/1601 
f 1302/1/1595 1437/1/1601 1434/1/1596 
f 1282/1/1602 1280/1/1603 1438/1/1604 1439/1/1605 
f 1439/1/1605 1440/1/1606 1283/1/1598 1282/1/1602 
f 1283/1/1598 1440/1/1606 1435/1/1599 
f 1280/1/1603 1272/1/1607 1441/1/1608 1442/1/1609 
f 1280/1/1603 1442/1/1609 1438/1/1604 
f 1270/1/1610 1277/1/1611 1443/1/1612 1444/1/1613 
f 1271/1/1614 1270/1/1610 1444/1/1613 1445/1/1615 
f 1272/1/1607 1271/1/1614 1445/1/1615 1446/1/1616 
f 1272/1/1607 1446/1/1616 1441/1/1608 
f 1277/1/1611 439/1/459 438/1/458 1443/1/1612 
f 1443/1/1612 438/1/458 451/1/471 452/1/472 
f 1186/1/1617 1447/1/1618 1431/1/1619 
f 1431/1/1619 1447/1/1618 1448/1/1620 1449/1/1621 
f 1450/1/1622 1451/1/1623 1429/1/1624 1430/1/1625 
f 1452/1/1626 1450/1/1622 1431/1/1619 1449/1/1621 
f 1431/1/1619 1450/1/1622 1430/1/1625 
f 452/1/1438 972/1/1105 1443/1/1627 
f 1087/1/1248 1086/1/1247 1444/1/1628 1443/1/1627 
f 1086/1/1247 1089/1/1250 1445/1/1629 1444/1/1628 
f 1089/1/1250 1090/1/1251 1446/1/1630 1445/1/1629 
f 1441/1/1631 1446/1/1630 1090/1/1251 1091/1/1252 
f 1442/1/1632 1441/1/1631 1091/1/1252 1095/1/1256 
f 1438/1/1633 1442/1/1632 1095/1/1256 1093/1/1254 
f 1093/1/1254 1092/1/1253 1439/1/1634 1438/1/1633 
f 1092/1/1253 1159/1/1349 1440/1/1635 1439/1/1634 
f 1432/1/1636 1433/1/1637 1096/1/1257 1100/1/1261 
f 1431/1/1619 1100/1/1261 1099/1/1260 1186/1/1617 
f 1186/1/1617 1099/1/1260 906/1/1263 
f 1159/1/1349 1084/1/1245 1436/1/1638 1435/1/1639 
f 1084/1/1245 1083/1/1244 1437/1/1640 1436/1/1638 
f 1083/1/1244 1097/1/1258 1434/1/1641 1437/1/1640 
f 1097/1/1258 1096/1/1257 1433/1/1637 1434/1/1641 
f 1453/1/1642 1454/1/1643 1455/1/1644 1253/1/1645 
f 1455/1/1644 1456/1/1646 1255/1/1647 1253/1/1645 
f 1457/1/1648 1453/1/1642 1253/1/1645 1252/1/1649 
f 1458/1/1650 1459/1/1651 1230/1/1652 1265/1/1653 
f 1255/1/1647 1456/1/1646 1460/1/1654 1256/1/1655 
f 1256/1/1655 1460/1/1654 1461/1/1656 1259/1/1657 
f 1259/1/1657 1461/1/1656 1462/1/1658 1260/1/1659 
f 1260/1/1659 1462/1/1658 1463/1/1660 1262/1/1661 
f 1262/1/1661 1463/1/1660 1458/1/1650 1265/1/1653 
f 1455/1/1644 1454/1/1643 1464/1/1662 1456/1/1646 
f 1456/1/1646 1464/1/1662 1465/1/1663 1460/1/1654 
f 1460/1/1654 1465/1/1663 1466/1/1664 1461/1/1656 
f 1461/1/1656 1466/1/1664 1467/1/1665 1462/1/1658 
f 1462/1/1658 1467/1/1665 1468/1/1666 1463/1/1660 
f 1463/1/1660 1468/1/1666 1469/1/1667 1458/1/1650 
f 1458/1/1650 1469/1/1667 1470/1/1668 1459/1/1651 
f 1459/1/1651 1470/1/1668 1471/1/1669 
f 1470/1/1668 1472/1/1670 1473/1/1671 1471/1/1669 
f 1474/1/1672 1475/1/1673 1473/1/1671 1476/1/1674 
f 1474/1/1672 1476/1/1674 1477/1/1675 1233/1/1676 
f 1477/1/1675 1476/1/1674 1478/1/1677 
f 1476/1/1674 1479/1/1678 1480/1/1679 1478/1/1677 
f 1481/1/1680 1480/1/1679 1482/1/1681 
f 1482/1/1681 1480/1/1679 1483/1/1682 1484/1/1683 
f 1484/1/1683 1483/1/1682 1485/1/1684 
f 1483/1/1682 1486/1/1685 1487/1/1686 1485/1/1684 
f 1488/1/1687 1487/1/1686 1489/1/1688 1490/1/1689 
f 1490/1/1689 1489/1/1688 1491/1/1690 1377/1/1531 
f 1491/1/1690 1373/1/1527 1378/1/1532 1377/1/1531 
f 1410/1/1564 1402/1/1556 1492/1/1691 1419/1/1574 
f 1418/1/1581 1418/1/1573 1493/1/1692 1426/1/1582 
f 1494/1/1693 1370/1/1524 1369/1/1523 1426/1/1582 
f 1495/1/1694 1496/1/1695 1497/1/1696 1498/1/1697 
f 1496/1/1695 1499/1/1698 1500/1/1699 1497/1/1696 
f 1497/1/1696 1500/1/1699 1501/1/1700 1502/1/1701 
f 1501/1/1700 1500/1/1699 1503/1/1702 1504/1/1703 
f 1503/1/1702 1505/1/1704 1506/1/1705 1504/1/1703 
f 1504/1/1703 1506/1/1705 1507/1/1706 1508/1/1707 
f 1507/1/1706 1509/1/1708 1510/1/1709 1511/1/1710 
f 1512/1/1711 1513/1/1712 1514/1/1713 1515/1/1714 
f 1514/1/1713 1513/1/1712 1516/1/1715 
f 1514/1/1713 1516/1/1715 1517/1/1716 1518/1/1717 
f 1517/1/1716 1519/1/1718 1495/1/1694 1520/1/1719 
f 1495/1/1694 1519/1/1718 1521/1/1720 1496/1/1695 
f 1512/1/1711 1522/1/1721 1523/1/1722 1513/1/1712 
f 1524/1/1723 1524/1/1724 1525/1/1725 
f 1525/1/1725 1524/1/1724 1526/1/1726 1527/1/1727 
f 1454/1/1643 1453/1/1642 1528/1/1728 1529/1/1729 
f 1528/1/1728 1453/1/1642 1457/1/1648 
f 1373/1/1527 1491/1/1690 1530/1/1730 1374/1/1528 
f 1530/1/1730 1491/1/1690 1489/1/1688 1531/1/1731 
f 1531/1/1731 1489/1/1688 1487/1/1686 1486/1/1685 
f 1486/1/1685 1483/1/1682 1532/1/1732 
f 1532/1/1732 1483/1/1682 1480/1/1679 1479/1/1678 
f 1479/1/1678 1476/1/1674 1533/1/1733 
f 1533/1/1733 1476/1/1674 1473/1/1671 1472/1/1670 
f 1472/1/1670 1470/1/1668 1534/1/1734 
f 1534/1/1734 1470/1/1668 1469/1/1667 1535/1/1735 
f 1535/1/1735 1469/1/1667 1468/1/1666 1536/1/1736 
f 1536/1/1736 1468/1/1666 1467/1/1665 1537/1/1737 
f 1537/1/1737 1467/1/1665 1466/1/1664 1538/1/1738 
f 1538/1/1738 1466/1/1664 1465/1/1663 1539/1/1739 
f 1539/1/1739 1465/1/1663 1464/1/1662 1540/1/1740 
f 1540/1/1740 1464/1/1662 1454/1/1643 1541/1/1741 
f 1541/1/1741 1454/1/1643 1529/1/1729 
f 1374/1/1528 1530/1/1730 1492/1/1691 1402/1/1556 
f 1492/1/1691 1530/1/1730 1531/1/1731 1542/1/1742 
f 1542/1/1742 1531/1/1731 1486/1/1685 1486/1/1743 
f 1486/1/1743 1486/1/1685 1532/1/1732 1543/1/1744 
f 1543/1/1744 1532/1/1732 1479/1/1678 1479/1/1745 
f 1479/1/1745 1479/1/1678 1533/1/1733 1544/1/1746 
f 1544/1/1746 1533/1/1733 1472/1/1670 1545/1/1747 
f 1545/1/1747 1472/1/1670 1534/1/1734 1534/1/1748 
f 1534/1/1748 1534/1/1734 1535/1/1735 1535/1/1749 
f 1535/1/1749 1535/1/1735 1536/1/1736 1546/1/1750 
f 1546/1/1750 1536/1/1736 1537/1/1737 1537/1/1751 
f 1537/1/1751 1537/1/1737 1538/1/1738 1547/1/1752 
f 1547/1/1752 1538/1/1738 1539/1/1739 1548/1/1753 
f 1548/1/1753 1539/1/1739 1540/1/1740 1549/1/1754 
f 1549/1/1754 1540/1/1740 1541/1/1741 1541/1/1755 
f 1541/1/1741 1529/1/1729 1550/1/1756 1541/1/1755 
f 1419/1/1574 1492/1/1691 1542/1/1742 1551/1/1757 
f 1551/1/1757 1542/1/1742 1486/1/1743 1552/1/1758 
f 1552/1/1758 1486/1/1743 1543/1/1744 1553/1/1759 
f 1553/1/1759 1543/1/1744 1479/1/1745 1554/1/1760 
f 1554/1/1760 1479/1/1745 1544/1/1746 1555/1/1761 
f 1555/1/1761 1544/1/1746 1545/1/1747 1556/1/1762 
f 1556/1/1762 1545/1/1747 1534/1/1748 1557/1/1763 
f 1557/1/1763 1534/1/1748 1535/1/1749 1558/1/1764 
f 1558/1/1764 1535/1/1749 1546/1/1750 1559/1/1765 
f 1559/1/1765 1546/1/1750 1537/1/1751 1560/1/1766 
f 1560/1/1766 1537/1/1751 1547/1/1752 1561/1/1767 
f 1561/1/1767 1547/1/1752 1548/1/1753 1562/1/1768 
f 1562/1/1768 1548/1/1753 1549/1/1754 1563/1/1769 
f 1563/1/1769 1549/1/1754 1541/1/1755 1564/1/1770 
f 1541/1/1755 1550/1/1756 1565/1/1771 1564/1/1770 
f 1564/1/1770 1565/1/1771 1566/1/1772 1567/1/1773 
f 1410/1/1572 1419/1/1574 1493/1/1692 1418/1/1573 
f 1493/1/1692 1419/1/1574 1551/1/1757 1568/1/1774 
f 1568/1/1774 1551/1/1757 1552/1/1758 1569/1/1775 
f 1569/1/1775 1552/1/1758 1553/1/1759 1570/1/1776 
f 1570/1/1776 1553/1/1759 1554/1/1760 1571/1/1777 
f 1571/1/1777 1554/1/1760 1555/1/1761 1572/1/1778 
f 1572/1/1778 1555/1/1761 1556/1/1762 1573/1/1779 
f 1573/1/1779 1556/1/1762 1557/1/1763 1574/1/1780 
f 1574/1/1780 1557/1/1763 1558/1/1764 1575/1/1781 
f 1575/1/1781 1558/1/1764 1559/1/1765 1576/1/1782 
f 1576/1/1782 1559/1/1765 1560/1/1766 1577/1/1783 
f 1577/1/1783 1560/1/1766 1561/1/1767 1578/1/1784 
f 1578/1/1784 1561/1/1767 1562/1/1768 1579/1/1785 
f 1579/1/1785 1562/1/1768 1563/1/1769 1580/1/1786 
f 1580/1/1786 1563/1/1769 1564/1/1770 1567/1/1773 
f 1426/1/1582 1493/1/1692 1568/1/1774 1581/1/1787 
f 1581/1/1787 1568/1/1774 1569/1/1775 1582/1/1788 
f 1582/1/1788 1569/1/1775 1570/1/1776 1583/1/1789 
f 1583/1/1789 1570/1/1776 1571/1/1777 1584/1/1790 
f 1584/1/1790 1571/1/1777 1572/1/1778 1585/1/1791 
f 1585/1/1791 1572/1/1778 1573/1/1779 1586/1/1792 
f 1586/1/1792 1573/1/1779 1574/1/1780 1511/1/1710 
f 1511/1/1710 1574/1/1780 1575/1/1781 1508/1/1707 
f 1508/1/1707 1575/1/1781 1576/1/1782 1587/1/1793 
f 1587/1/1793 1576/1/1782 1577/1/1783 1502/1/1701 
f 1502/1/1701 1577/1/1783 1578/1/1784 1498/1/1697 
f 1498/1/1697 1578/1/1784 1579/1/1785 1520/1/1719 
f 1520/1/1719 1579/1/1785 1580/1/1786 1518/1/1717 
f 1518/1/1717 1580/1/1786 1567/1/1773 1515/1/1714 
f 1567/1/1773 1566/1/1772 1588/1/1794 1515/1/1714 
f 1527/1/1727 1589/1/1795 1525/1/1725 
f 1589/1/1795 1522/1/1721 1512/1/1711 1525/1/1725 
f 1525/1/1725 1512/1/1711 1515/1/1714 1588/1/1794 
f 1515/1/1714 1514/1/1713 1518/1/1717 
f 1518/1/1717 1517/1/1716 1520/1/1719 
f 1520/1/1719 1495/1/1694 1498/1/1697 
f 1498/1/1697 1497/1/1696 1502/1/1701 
f 1502/1/1701 1501/1/1700 1587/1/1793 
f 1587/1/1793 1501/1/1700 1504/1/1703 1508/1/1707 
f 1508/1/1707 1507/1/1706 1511/1/1710 
f 1511/1/1710 1510/1/1709 1586/1/1792 
f 1586/1/1792 1590/1/1796 1585/1/1791 
f 1585/1/1791 1590/1/1796 1591/1/1797 1584/1/1790 
f 1584/1/1790 1591/1/1797 1592/1/1798 1583/1/1789 
f 1583/1/1789 1592/1/1798 1593/1/1799 1582/1/1788 
f 1582/1/1788 1593/1/1799 1594/1/1800 1581/1/1787 
f 1581/1/1787 1494/1/1693 1426/1/1582 
f 1595/1/1801 1596/1/1802 1510/1/1709 1509/1/1708 
f 1510/1/1709 1596/1/1802 1590/1/1796 1586/1/1792 
f 1590/1/1796 1596/1/1802 1597/1/1803 
f 1597/1/1803 1598/1/1804 1591/1/1797 1590/1/1796 
f 1598/1/1804 1599/1/1805 1592/1/1798 1591/1/1797 
f 1593/1/1799 1592/1/1798 1599/1/1805 1600/1/1806 
f 1600/1/1806 1601/1/1807 1594/1/1800 1593/1/1799 
f 1594/1/1800 1601/1/1807 1494/1/1693 1581/1/1787 
f 1494/1/1693 1601/1/1807 1602/1/1808 
f 1602/1/1808 1603/1/1809 1370/1/1524 1494/1/1693 
f 1370/1/1524 1603/1/1809 112/1/131 
f 1527/1/1727 1526/1/1726 1604/1/1810 1589/1/1795 
f 1604/1/1810 1526/1/1726 1524/1/1724 1524/1/1723 
f 1605/1/1811 1513/1/1712 1523/1/1722 1606/1/1812 
f 1606/1/1812 1523/1/1722 1522/1/1721 
f 1522/1/1721 1589/1/1795 1604/1/1810 1606/1/1812 
f 1519/1/1718 1517/1/1716 1516/1/1715 1607/1/1813 
f 1607/1/1813 1516/1/1715 1513/1/1712 1605/1/1811 
f 1505/1/1704 1503/1/1702 1500/1/1699 1499/1/1698 
f 1608/1/1814 1499/1/1698 1496/1/1695 1521/1/1720 
f 1608/1/1814 1521/1/1720 1519/1/1718 1607/1/1813 
f 1609/1/1815 1595/1/1801 1509/1/1708 1610/1/1816 
f 1509/1/1708 1507/1/1706 1506/1/1705 1610/1/1816 
f 1610/1/1816 1506/1/1705 1505/1/1704 
f 1599/1/1805 1598/1/1804 1611/1/1817 1612/1/1818 
f 1611/1/1817 1598/1/1804 1597/1/1803 1613/1/1819 
f 1613/1/1819 1597/1/1803 1596/1/1802 1609/1/1815 
f 1609/1/1815 1596/1/1802 1595/1/1801 
f 1599/1/1805 1612/1/1818 1614/1/1820 1600/1/1806 
f 1614/1/1820 1615/1/1821 1600/1/1806 
f 1600/1/1806 1615/1/1821 1616/1/1822 1601/1/1807 
f 1601/1/1807 1616/1/1822 1617/1/1823 1618/1/1824 
f 1601/1/1807 1618/1/1824 1619/1/1825 1602/1/1808 
f 1602/1/1808 1619/1/1825 1620/1/1826 
f 1602/1/1808 1620/1/1826 1621/1/1827 1622/1/1828 
f 1602/1/1808 1622/1/1828 1623/1/1829 1603/1/1809 
f 1603/1/1809 1623/1/1829 1624/1/1830 112/1/131 
f 1625/1/1831 1626/1/1832 112/1/131 1624/1/1830 
f 112/1/131 1626/1/1832 1627/1/1833 
f 1628/1/1834 1629/1/1835 112/1/131 1627/1/1833 
f 112/1/131 1629/1/1835 113/1/132 
f 1630/1/1836 62/1/1837 1613/1/1838 1631/1/1839 
f 1609/1/1840 1632/1/1841 1633/1/1842 
f 1633/1/1842 1631/1/1839 1613/1/1838 1609/1/1840 
f 1609/1/1840 1610/1/1843 1634/1/1844 1632/1/1841 
f 1634/1/1844 1610/1/1843 1505/1/1845 1635/1/1846 
f 1505/1/1845 1499/1/1847 1636/1/1848 1637/1/1849 
f 1505/1/1845 1637/1/1849 1635/1/1846 
f 1638/1/1850 1639/1/1851 1605/1/1852 1606/1/1853 
f 1605/1/1852 1639/1/1851 1640/1/1854 
f 1640/1/1854 1641/1/1855 1607/1/1856 1605/1/1852 
f 1608/1/1857 1607/1/1856 1641/1/1855 1642/1/1858 
f 1499/1/1847 1608/1/1857 1642/1/1858 1643/1/1859 
f 1499/1/1847 1643/1/1859 1636/1/1848 
f 1638/1/1850 1606/1/1853 1604/1/1860 1644/1/1860 
f 1645/1/740 1646/1/741 1638/1/741 1644/1/740 
f 1646/1/741 1640/1/741 1639/1/741 1638/1/741 
f 1640/1/741 1647/1/741 1641/1/741 
f 1642/1/741 1641/1/741 1647/1/741 1648/1/741 
f 1642/1/741 1648/1/741 1643/1/741 
f 1649/1/741 1637/1/741 1636/1/741 1643/1/741 
f 1650/1/1457 62/1/81 1630/1/1861 1651/1/1861 
f 1651/1/1861 1630/1/1861 1631/1/740 
f 1651/1/1862 1652/1/1863 1653/1/1864 
f 1652/1/741 1631/1/740 1633/1/741 1632/1/741 
f 1654/1/741 1652/1/741 1632/1/741 1634/1/741 
f 1654/1/1865 1655/1/1866 1656/1/1867 
f 1655/1/741 1634/1/741 1635/1/741 
f 1635/1/741 1637/1/741 1649/1/741 1655/1/741 
f 1646/1/1868 1645/1/1869 1657/1/1870 1658/1/1871 
f 1659/1/1872 1647/1/1873 1660/1/1874 
f 1660/1/1874 1647/1/1873 1646/1/1868 
f 1661/1/1875 1646/1/1868 1658/1/1871 
f 1647/1/1873 1662/1/1876 1663/1/1877 1648/1/1878 
f 1648/1/1878 1663/1/1877 1664/1/1879 
f 1648/1/741 1649/1/741 1643/1/741 
f 1655/1/1866 1649/1/1880 1665/1/1881 1666/1/1882 
f 1665/1/1881 1649/1/1880 1664/1/1879 
f 1652/1/1863 1654/1/1865 1667/1/1883 1653/1/1864 
f 1667/1/1883 1654/1/1865 1656/1/1867 
f 1656/1/1867 1655/1/1866 1666/1/1882 
f 1668/1/1884 1650/1/1885 1669/1/1886 1670/1/1887 
f 1650/1/1885 1651/1/1862 1653/1/1864 1669/1/1886 
f 1671/1/1888 1672/1/1889 1658/1/1871 1657/1/1870 
f 1672/1/1889 1673/1/1890 1661/1/1875 1658/1/1871 
f 1673/1/1890 1674/1/1891 1660/1/1874 1661/1/1875 
f 1659/1/1872 1660/1/1874 1674/1/1891 1675/1/1892 
f 1662/1/1876 1659/1/1872 1675/1/1892 1676/1/1893 
f 1676/1/1893 1677/1/1894 1663/1/1877 1662/1/1876 
f 1663/1/1877 1677/1/1894 1678/1/1895 
f 1678/1/1895 1679/1/1896 1664/1/1879 1663/1/1877 
f 1679/1/1896 1680/1/1897 1665/1/1881 1664/1/1879 
f 1666/1/1882 1665/1/1881 1680/1/1897 1681/1/1898 
f 1656/1/1867 1666/1/1882 1681/1/1898 1682/1/1899 
f 1682/1/1899 1683/1/1900 1656/1/1867 
f 1656/1/1867 1683/1/1900 1684/1/1901 
f 1667/1/1883 1684/1/1901 1685/1/1902 
f 1653/1/1864 1667/1/1883 1685/1/1902 1686/1/1903 
f 1686/1/1903 1687/1/1904 1669/1/1886 1653/1/1864 
f 1337/1/1905 1336/1/1906 1672/1/1907 1671/1/1905 
f 1672/1/1907 1336/1/1906 1341/1/1908 
f 1341/1/1908 1342/1/1909 1673/1/1909 1672/1/1907 
f 1342/1/1909 1343/1/1910 1674/1/1911 1673/1/1909 
f 1674/1/1911 1343/1/1910 1675/1/1912 
f 1675/1/1912 1343/1/1910 1310/1/1913 1676/1/1914 
f 1676/1/1914 1310/1/1913 1309/1/1915 
f 1677/1/1916 1676/1/1914 1309/1/1915 1345/1/1917 
f 1345/1/1917 1344/1/1918 1678/1/1919 1677/1/1916 
f 1344/1/1918 1350/1/1920 1679/1/1921 1678/1/1919 
f 1679/1/1921 1350/1/1920 1349/1/1922 
f 1349/1/1922 1347/1/1923 1680/1/1924 1679/1/1921 
f 1680/1/1924 1347/1/1923 1330/1/1925 1681/1/1926 
f 1681/1/1926 1330/1/1925 1327/1/1927 1682/1/1928 
f 1682/1/1928 1327/1/1927 1683/1/1929 
f 1683/1/1929 1327/1/1927 1326/1/1930 1684/1/1931 
f 1686/1/1932 1685/1/1933 1326/1/1930 1323/1/1934 
f 1322/1/1935 1321/1/1936 1688/1/1937 1689/1/1938 
f 1323/1/1934 1322/1/1935 1689/1/1938 1687/1/1939 
f 1323/1/1934 1687/1/1939 1686/1/1932 
f 1690/1/1940 1691/1/1941 1321/1/1936 1692/1/1942 
f 1321/1/1936 1691/1/1941 1688/1/1937 
f 1693/1/1943 1694/1/1944 1695/1/1945 1696/1/1946 
f 1696/1/1946 1697/1/1947 1692/1/1942 1693/1/1943 
f 1692/1/1942 1697/1/1947 1690/1/1940 
f 1698/1/1948 1699/1/1949 1700/1/1950 1701/1/1951 
f 1693/1/1943 1701/1/1951 1700/1/1950 1694/1/1944 
f 1429/1/1624 1451/1/1623 1702/1/1952 1703/1/1953 
f 1429/1/1624 1703/1/1953 1704/1/1954 1705/1/1955 
f 1698/1/1948 1705/1/1955 1704/1/1954 1699/1/1949 
f 44/1/1956 42/1/1957 1706/1/1958 
f 113/1/1959 1629/1/1960 10/1/1961 3/1/1446 
f 113/1/1959 3/1/1446 114/1/1962 
f 1629/1/1960 1628/1/1963 10/1/1961 
f 10/1/1961 1628/1/1963 1627/1/1964 18/1/1965 
f 13/1/1966 16/1/1967 1625/1/1968 21/1/1969 
f 1625/1/1968 16/1/1967 18/1/1965 1626/1/1970 
f 21/1/1969 1625/1/1968 1624/1/1971 1707/1/1972 
f 21/1/21 22/1/22 20/1/20 
f 22/1/1973 1707/1/1972 1708/1/1974 23/1/1975 
f 23/1/1975 1708/1/1974 1709/1/1976 27/1/1977 
f 42/1/1957 40/1/1978 1709/1/1976 1706/1/1958 
f 1709/1/1976 40/1/1978 27/1/1977 
f 1616/1/1979 50/1/1979 49/1/1980 1617/1/1981 
f 1617/1/1981 49/1/1980 47/1/1982 1618/1/1983 
f 1618/1/1983 47/1/1982 45/1/1984 
f 58/1/1985 56/1/1986 1614/1/1987 1612/1/1988 
f 1614/1/1987 56/1/1986 54/1/1989 1615/1/1990 
f 1615/1/1990 54/1/1989 52/1/1991 
f 1615/1/1990 52/1/1991 50/1/1979 1616/1/1979 
f 58/1/1985 1612/1/1988 1611/1/1992 60/1/1993 
f 60/1/1993 1611/1/1992 1613/1/1838 62/1/1837 
f 1618/1/1983 45/1/1984 44/1/1956 1706/1/1958 
f 1618/1/1983 1706/1/1958 1619/1/1994 
f 1624/1/1971 1623/1/1995 1707/1/1972 
f 1707/1/1972 1623/1/1995 1622/1/1996 1708/1/1974 
f 1708/1/1974 1622/1/1996 1621/1/1997 1709/1/1976 
f 1709/1/1976 1621/1/1997 1620/1/1998 
f 1709/1/1976 1620/1/1998 1619/1/1994 1706/1/1958 
f 1429/1/1585 1705/1/1999 1313/1/2000 1298/1/1586 
f 1313/1/2000 1705/1/1999 1698/1/2001 
f 1698/1/2001 1701/1/2002 1315/1/2003 1313/1/2000 
f 1701/1/2002 1693/1/2004 1317/1/2005 1315/1/2003 
f 1319/1/2006 1317/1/2005 1693/1/2004 1692/1/2007 
f 1319/1/2006 1692/1/2007 1321/1/2008 
f 1485/1/1684 1487/1/1686 1488/1/1687 1238/1/2009 
f 1238/1/2009 1488/1/1687 1490/1/1689 1240/1/2010 
f 1240/1/2010 1490/1/1689 1377/1/1531 1243/1/2011 
f 1377/1/1531 1368/1/1522 1244/1/1521 1243/1/2011 
f 1484/1/1683 1485/1/1684 1238/1/2009 1237/1/2012 
f 1484/1/1683 1237/1/2012 1482/1/1681 
f 1482/1/1681 1237/1/2012 1234/1/2013 1481/1/1680 
f 1477/1/1675 1478/1/1677 1234/1/2013 1233/1/1676 
f 1478/1/1677 1480/1/1679 1481/1/1680 1234/1/2013 
f 1233/1/1676 1231/1/2014 1475/1/1673 1474/1/1672 
f 1475/1/1673 1231/1/2014 1471/1/1669 1473/1/1671 
f 1471/1/1669 1231/1/2014 1230/1/1652 1459/1/1651 
f 62/1/81 1650/1/1457 1668/1/2015 
f 62/1/81 1668/1/2015 63/1/82 
f 917/1/2016 920/1/2017 1710/1/2018 918/1/2019 
f 1710/1/2018 920/1/2017 922/1/2020 1711/1/2021 
f 1710/1/2018 315/1/334 919/1/2022 918/1/2019 
f 919/1/1037 314/1/1033 916/1/1032 
f 313/1/332 320/1/339 1710/1/2018 1712/1/2023 
f 1710/1/2018 320/1/339 319/1/338 315/1/334 
f 1713/1/2024 307/1/326 309/1/328 
f 363/1/382 301/1/320 1714/1/2025 1715/1/2026 
f 1714/1/2025 301/1/320 304/1/323 305/1/324 
f 1715/1/2026 1716/1/2027 369/1/388 296/1/315 
f 393/1/412 394/1/413 1717/1/2028 1718/1/2029 
f 1716/1/2027 1717/1/2028 394/1/413 372/1/391 
f 1716/1/2027 372/1/391 369/1/388 
f 1719/1/2030 389/1/408 390/1/409 
f 390/1/409 393/1/412 1718/1/2029 1719/1/2030 
f 183/1/202 180/1/199 1720/1/2031 288/1/307 
f 1720/1/2031 180/1/199 179/1/198 
f 1720/1/2031 179/1/198 389/1/408 1719/1/2030 
f 169/1/188 175/1/194 1721/1/2032 1722/1/2033 
f 1721/1/2032 175/1/194 174/1/193 
f 1721/1/2032 174/1/193 279/1/298 288/1/307 
f 172/1/191 170/1/189 1723/1/2034 165/1/184 
f 170/1/189 169/1/188 1722/1/2033 1723/1/2034 
f 1724/1/2035 849/1/2036 843/1/2037 
f 1724/1/2035 843/1/2037 162/1/181 
f 166/1/185 165/1/184 1723/1/2034 1724/1/2035 
f 166/1/185 1724/1/2035 162/1/181 
f 162/1/181 843/1/2037 163/1/182 
f 116/1/135 1187/1/1444 848/1/2038 1725/1/2039 
f 848/1/2038 847/1/2040 1725/1/2039 
f 847/1/2040 849/1/2036 1724/1/2035 1725/1/2039 
f 1724/1/2035 1723/1/2034 1726/1/2041 1725/1/2039 
f 1723/1/2034 1722/1/2033 1727/1/2042 1726/1/2041 
f 288/1/307 279/1/298 287/1/306 
f 1713/1/2024 1714/1/2025 305/1/324 307/1/326 
f 310/1/329 313/1/332 1712/1/2023 311/1/330 
f 1712/1/2023 1710/1/2018 1711/1/2021 1728/1/2043 
f 1711/1/2021 922/1/2020 924/1/2044 
f 1729/1/2045 1730/1/2046 1720/1/2031 1719/1/2030 
f 1731/1/2047 1729/1/2045 1719/1/2030 1718/1/2029 
f 1718/1/2029 1717/1/2028 1732/1/2048 1731/1/2047 
f 1717/1/2028 1716/1/2027 1733/1/2049 1732/1/2048 
f 1716/1/2027 1715/1/2026 1734/1/2050 1733/1/2049 
f 1715/1/2026 1714/1/2025 1735/1/2051 1734/1/2050 
f 144/1/163 145/1/164 1736/1/2052 
f 1736/1/2052 1735/1/2051 1714/1/2025 1713/1/2024 
f 1715/1/2026 296/1/315 295/1/314 363/1/382 
f 149/1/168 146/1/165 1711/1/2021 924/1/2044 
f 1728/1/2043 1711/1/2021 146/1/165 147/1/166 
f 1728/1/2043 147/1/166 148/1/167 
f 309/1/328 311/1/330 1712/1/2023 1713/1/2024 
f 1713/1/2024 1712/1/2023 1728/1/2043 1736/1/2052 
f 1736/1/2052 1728/1/2043 148/1/167 144/1/163 
f 145/1/164 139/1/158 1735/1/2051 1736/1/2052 
f 1735/1/2051 139/1/158 141/1/160 1734/1/2050 
f 1734/1/2050 141/1/160 138/1/157 
f 138/1/157 135/1/154 1733/1/2049 1734/1/2050 
f 124/1/143 122/1/141 1737/1/2053 1738/1/2054 
f 1738/1/2054 1737/1/2053 1721/1/2032 288/1/307 
f 1737/1/2053 1727/1/2042 1722/1/2033 1721/1/2032 
f 288/1/307 1720/1/2031 1730/1/2046 1738/1/2054 
f 1738/1/2054 1730/1/2046 126/1/145 124/1/143 
f 1737/1/2053 122/1/141 120/1/139 1727/1/2042 
f 1726/1/2041 1727/1/2042 120/1/139 118/1/137 
f 118/1/137 117/1/136 1725/1/2039 1726/1/2041 
f 1725/1/2039 117/1/136 116/1/135 
f 135/1/154 134/1/153 1732/1/2048 1733/1/2049 
f 1732/1/2048 134/1/153 132/1/151 
f 132/1/151 130/1/149 1731/1/2047 1732/1/2048 
f 130/1/149 128/1/147 1729/1/2045 1731/1/2047 
f 1730/1/2046 1729/1/2045 128/1/147 126/1/145 
f 1739/1/2055 506/1/2056 1740/1/2057 
f 1739/1/2055 1740/1/2057 1741/1/2058 1742/1/2059 
f 1743/1/2060 1744/1/2061 1745/1/2062 
f 501/1/2063 500/1/2064 1745/1/2062 
f 1745/1/2062 500/1/2064 498/1/2065 1743/1/2060 
f 1743/1/2060 498/1/2065 496/1/2066 1746/1/2067 
f 496/1/2066 494/1/2068 1747/1/2069 1746/1/2067 
f 486/1/588 549/1/591 487/1/2070 
f 487/1/2070 549/1/591 672/1/720 489/1/2071 
f 1748/1/2072 1749/1/2073 492/1/2074 489/1/2071 
f 492/1/2074 1749/1/2073 1747/1/2069 494/1/2068 
f 1750/1/2075 503/1/2076 501/1/2063 1745/1/2062 
f 1745/1/2062 1744/1/2061 1751/1/2077 1750/1/2075 
f 1750/1/2075 1740/1/2057 504/1/2078 
f 1750/1/2075 504/1/2078 503/1/2076 
f 1752/1/2079 1177/1/2080 509/1/2081 1753/1/2082 
f 1753/1/2082 509/1/2081 508/1/2083 1754/1/2084 
f 1754/1/2084 508/1/2083 510/1/2085 1739/1/2055 
f 1739/1/2055 510/1/2085 506/1/2056 
f 1740/1/2057 506/1/2056 505/1/2086 504/1/2078 
f 1183/1/2087 1182/1/2088 1185/1/1440 1184/1/1441 
f 1182/1/2088 1181/1/2089 1755/1/2090 1185/1/1440 
f 1756/1/2091 1181/1/2089 1180/1/2092 
f 1180/1/2092 1179/1/2093 1757/1/2094 1756/1/2091 
f 1179/1/2093 1178/1/2095 1758/1/2096 1757/1/2094 
f 1758/1/2096 1178/1/2095 1177/1/2080 1752/1/2079 
f 1751/1/2077 70/1/2097 69/1/2098 
f 1751/1/2077 1741/1/2058 1750/1/2075 
f 1741/1/2058 69/1/2098 65/1/2099 
f 1741/1/2058 65/1/2099 64/1/2100 1742/1/2059 
f 75/1/2101 74/1/2102 1751/1/2077 1744/1/2061 
f 1751/1/2077 74/1/2102 72/1/2103 70/1/2097 
f 79/1/2104 77/1/2105 1744/1/2061 1743/1/2060 
f 1744/1/2061 77/1/2105 75/1/2101 
f 87/1/2106 84/1/2107 1746/1/2067 1747/1/2069 
f 1746/1/2067 84/1/2107 83/1/2108 
f 83/1/2108 81/1/2109 1743/1/2060 1746/1/2067 
f 1743/1/2060 81/1/2109 79/1/2104 
f 87/1/2106 1747/1/2069 1749/1/2073 
f 1749/1/2073 1748/1/2072 88/1/2110 87/1/2106 
f 88/1/2110 1748/1/2072 91/1/2111 
f 91/1/2111 1748/1/2072 672/1/720 
f 91/1/2111 672/1/720 454/1/719 
f 109/1/2112 1755/1/2090 107/1/2113 
f 107/1/2113 1756/1/2091 1757/1/2094 
f 107/1/2113 1757/1/2094 104/1/2114 
f 1759/1/2115 1760/1/2116 100/1/2117 102/1/2118 
f 100/1/2117 1760/1/2116 98/1/2119 
f 1760/1/2116 1752/1/2079 1761/1/2120 98/1/2119 
f 98/1/2119 1761/1/2120 1762/1/2121 95/1/2122 
f 95/1/2122 1762/1/2121 64/1/2100 
f 1185/1/1440 1755/1/2090 109/1/2112 111/1/1439 
f 1739/1/2055 1742/1/2059 1754/1/2084 
f 1742/1/2059 64/1/2100 1762/1/2121 1754/1/2084 
f 1753/1/2082 1754/1/2084 1762/1/2121 1761/1/2120 
f 1753/1/2082 1761/1/2120 1752/1/2079 
f 1760/1/2116 1759/1/2115 1758/1/2096 1752/1/2079 
f 1758/1/2096 1759/1/2115 1757/1/2094 
f 1759/1/2115 102/1/2118 1757/1/2094 
f 1756/1/2091 1755/1/2090 1181/1/2089 
f 36/1/50 34/1/44 1447/1/2123 1186/1/1443 
f 1448/1/2124 1447/1/2123 34/1/44 35/1/46 
f 1449/1/2125 1448/1/2124 35/1/46 29/1/29 
f 1452/1/2126 1449/1/2125 29/1/29 30/1/32 
f 1763/1/2127 1699/1/2128 1764/1/2129 1765/1/2130 
f 1764/1/2129 1699/1/2128 1704/1/2131 
f 1764/1/2129 1704/1/2131 1766/1/2132 1767/1/2133 
f 1766/1/2132 1704/1/2131 1703/1/2134 
f 1696/1/2135 1695/1/2136 1768/1/2137 1769/1/2138 
f 1768/1/2137 1695/1/2136 1694/1/2139 
f 1694/1/2139 1700/1/2140 1763/1/2127 1768/1/2137 
f 1763/1/2127 1700/1/2140 1699/1/2128 
f 1770/1/2141 1771/1/2142 1691/1/2143 1690/1/2144 
f 1772/1/2145 1770/1/2141 1690/1/2144 1697/1/2146 
f 1687/1/1904 1689/1/2147 1670/1/1887 1669/1/1886 
f 1771/1/2142 1670/1/1887 1689/1/2147 1688/1/2148 
f 1697/1/2146 1696/1/2135 1769/1/2138 1772/1/2145 
f 1769/1/2138 1768/1/2137 1773/1/2149 
f 1773/1/2149 1768/1/2137 1763/1/2127 1774/1/2150 
f 1765/1/2130 1764/1/2129 1767/1/2133 
f 1767/1/2133 1766/1/2132 37/1/56 39/1/2151 
f 37/1/56 1766/1/2132 1703/1/2134 38/1/57 
f 38/1/57 1703/1/2134 1702/1/2152 
f 1702/1/2152 1451/1/2153 32/1/36 38/1/57 
f 1451/1/2153 1450/1/2154 31/1/34 32/1/36 
f 31/1/34 1450/1/2154 1452/1/2126 30/1/32 
f 1670/1/1887 1771/1/2142 61/1/2155 63/1/2156 
f 61/1/2155 1771/1/2142 1770/1/2141 
f 57/1/2157 59/1/2158 1772/1/2145 1769/1/2138 
f 1772/1/2145 59/1/2158 61/1/2155 1770/1/2141 
f 1769/1/2138 53/1/2159 55/1/2160 57/1/2157 
f 43/1/2161 46/1/2162 1773/1/2149 1774/1/2150 
f 1773/1/2149 46/1/2162 48/1/2163 51/1/2164 
f 1773/1/2149 51/1/2164 53/1/2159 1769/1/2138 
f 1774/1/2150 1763/1/2127 1765/1/2130 43/1/2161 
f 43/1/2161 1765/1/2130 1767/1/2133 41/1/2165 
f 41/1/2165 1767/1/2133 39/1/2151 
f 39/1/2151 37/1/56 33/1/39 28/1/41 
f 1775/1/2166 1776/1/2167 1777/1/2168 1778/1/2166 
f 1776/1/2167 1779/1/2169 1780/1/2170 1777/1/2168 
f 1781/1/2171 1782/1/2172 1783/1/2173 1784/1/2174 
f 1783/1/2173 1782/1/2172 1785/1/2175 
f 1785/1/2175 1782/1/2172 1780/1/2170 1779/1/2169 
f 1784/1/2174 1786/1/2176 1781/1/2171 
f 1781/1/2171 1786/1/2176 1787/1/2177 1788/1/2178 
f 1788/1/2179 1789/1/2180 1790/1/2181 
f 1789/1/2182 1787/1/2177 1791/1/2183 1792/1/2184 
f 1791/1/2183 1793/1/2185 1794/1/2186 1792/1/2184 
f 1795/1/2187 1796/1/2188 1794/1/2186 1793/1/2185 
f 1794/1/2186 1796/1/2188 1797/1/2189 1798/1/2190 
f 1799/1/2191 1800/1/2192 1801/1/2193 1797/1/2189 
f 1797/1/2189 1801/1/2193 1802/1/2194 1798/1/2190 
f 1803/1/2195 1804/1/2196 1805/1/2197 1806/1/2198 
f 1807/1/2199 1805/1/2197 1804/1/2196 1808/1/2200 
f 1778/1/2201 1808/1/2200 1809/1/2202 1810/1/2203 
f 1811/1/2204 1812/1/2205 1813/1/2206 
f 1812/1/2205 1814/1/2207 1815/1/2208 1813/1/2206 
f 1815/1/2208 1814/1/2207 1816/1/2209 
f 1816/1/2209 1817/1/2210 1818/1/2211 1815/1/2208 
f 1818/1/2211 1817/1/2210 1819/1/2212 
f 1813/1/2206 1820/1/2213 1821/1/2214 1811/1/2204 
f 1822/1/2215 1821/1/2214 1820/1/2213 1823/1/2216 
f 1823/1/2216 1824/1/2217 1822/1/2218 1822/1/2215 
f 1825/1/2219 1822/1/2215 1824/1/2217 1826/1/2220 
f 1827/1/2221 1825/1/2219 1826/1/2220 1828/1/2222 
f 1828/1/2222 1829/1/2223 1830/1/2224 1827/1/2221 
f 1829/1/2223 1831/1/2225 1832/1/2226 1830/1/2224 
f 1831/1/2225 1833/1/2227 1834/1/2228 1832/1/2226 
f 1833/1/2227 1835/1/2229 1836/1/2230 1834/1/2228 
f 1835/1/2229 1837/1/2231 1838/1/2232 1836/1/2230 
f 1838/1/2232 1837/1/2231 1839/1/2233 1840/1/2234 
f 1840/1/2234 1839/1/2233 1841/1/2235 
f 1841/1/2235 1842/1/2236 1790/1/2181 1840/1/2234 
f 1790/1/2181 1842/1/2236 1843/1/2237 1844/1/2238 
f 1845/1/2239 1844/1/2238 1843/1/2237 1803/1/2195 
f 1845/1/2239 1803/1/2195 1806/1/2198 
f 1846/1/2240 1819/1/2212 1817/1/2210 1847/1/2241 
f 1847/1/2241 1848/1/2242 1849/1/2243 1846/1/2240 
f 1850/1/2244 1851/1/2245 1852/1/2246 1853/1/2247 
f 1854/1/2248 839/1/916 717/1/772 1855/1/2249 
f 1856/1/2250 1857/1/2251 1858/1/2252 1859/1/2253 
f 1858/1/2252 1857/1/2251 1860/1/2254 
f 1861/1/2255 1860/1/2254 1862/1/2256 1863/1/2257 
f 1862/1/2256 1860/1/2254 1864/1/2258 
f 1865/1/2259 1864/1/2258 1854/1/2248 1855/1/2249 
f 1866/1/2260 1867/1/2261 1868/1/2262 1869/1/2263 
f 1869/1/2263 1868/1/2262 1870/1/2264 1871/1/2265 
f 1870/1/2264 1868/1/2262 1857/1/2251 1856/1/2250 
f 1872/1/2266 1873/1/2267 1874/1/2268 
f 1874/1/2268 1873/1/2267 1875/1/2269 1876/1/2270 
f 1876/1/2270 1875/1/2269 1877/1/2271 1878/1/2272 
f 1877/1/2271 1875/1/2269 1879/1/2273 
f 1880/1/2274 1879/1/2273 1881/1/2275 1882/1/2276 
f 1881/1/2275 1879/1/2273 1867/1/2261 
f 1881/1/2275 1867/1/2261 1866/1/2260 
f 1883/1/2277 1884/1/2278 1873/1/2267 1872/1/2266 
f 1850/1/2244 1853/1/2247 1885/1/2279 1886/1/2280 
f 1886/1/2280 1885/1/2279 1887/1/2281 
f 1887/1/2281 1885/1/2279 1884/1/2278 
f 1888/1/2282 1889/1/2283 1890/1/2284 
f 1891/1/2285 1890/1/2284 1892/1/2286 1893/1/2287 
f 1893/1/2287 1892/1/2286 1894/1/2288 
f 1893/1/2287 1894/1/2288 1895/1/2289 1896/1/2290 
f 1895/1/2289 1894/1/2288 1897/1/2291 
f 1898/1/2292 1897/1/2291 1899/1/2293 
f 1898/1/2292 1899/1/2293 1852/1/2246 1900/1/2294 
f 1852/1/2246 1899/1/2293 1853/1/2247 
f 1889/1/2283 1901/1/2295 1902/1/2296 1903/1/2297 
f 1904/1/2298 1905/1/2299 1906/1/2300 
f 1906/1/2300 1905/1/2299 1907/1/2301 1908/1/2302 
f 1908/1/2302 1907/1/2301 1909/1/2303 
f 1910/1/2304 1908/1/2302 1909/1/2303 671/1/717 
f 1906/1/2300 1911/1/2305 1912/1/2306 1904/1/2298 
f 1912/1/2306 1911/1/2305 1913/1/2307 
f 1913/1/2307 1911/1/2305 1914/1/2308 1915/1/2309 
f 1916/1/2310 1915/1/2309 1914/1/2308 1917/1/2311 
f 1916/1/2310 1917/1/2311 1918/1/2312 
f 1918/1/2312 1917/1/2311 1919/1/2313 1920/1/2314 
f 1920/1/2314 1919/1/2313 1921/1/2315 
f 1921/1/2315 1919/1/2313 1922/1/2316 1923/1/2317 
f 1923/1/2317 1922/1/2316 1924/1/2318 1925/1/2319 
f 1925/1/2319 1924/1/2318 1926/1/2320 
f 1855/1/2249 717/1/772 688/1/743 1927/1/2321 
f 1855/1/2249 1927/1/2321 1928/1/2322 1865/1/2259 
f 1865/1/2259 1928/1/2322 1929/1/2323 
f 1865/1/2259 1929/1/2323 1862/1/2256 1864/1/2258 
f 1929/1/2323 1930/1/2324 1863/1/2257 1862/1/2256 
f 1861/1/2255 1863/1/2257 1931/1/2325 
f 1861/1/2255 1931/1/2325 1858/1/2252 1860/1/2254 
f 1931/1/2325 1932/1/2326 1859/1/2253 1858/1/2252 
f 1859/1/2253 1933/1/2327 1934/1/2328 1856/1/2250 
f 1856/1/2250 1934/1/2328 1870/1/2264 
f 1934/1/2328 1935/1/2329 1871/1/2265 1870/1/2264 
f 1871/1/2265 1936/1/2330 1937/1/2331 1869/1/2263 
f 1869/1/2263 1937/1/2331 1938/1/2332 1866/1/2260 
f 1938/1/2332 1939/1/2333 1940/1/2334 1866/1/2260 
f 1881/1/2275 1866/1/2260 1940/1/2334 1882/1/2276 
f 1880/1/2274 1882/1/2276 1941/1/2335 
f 1880/1/2274 1941/1/2335 1877/1/2271 1879/1/2273 
f 1941/1/2335 1942/1/2336 1878/1/2272 1877/1/2271 
f 1878/1/2272 1943/1/2337 1944/1/2338 1876/1/2270 
f 1944/1/2338 1945/1/2339 1874/1/2268 1876/1/2270 
f 1874/1/2268 1945/1/2339 1946/1/2340 1872/1/2266 
f 1872/1/2266 1946/1/2340 1947/1/2341 1883/1/2277 
f 1883/1/2277 1947/1/2341 1948/1/2342 
f 1883/1/2277 1948/1/2342 1949/1/2343 1884/1/2278 
f 1948/1/2342 1950/1/2344 1951/1/2345 1949/1/2343 
f 1949/1/2343 1951/1/2345 1887/1/2281 1884/1/2278 
f 1951/1/2345 1952/1/2346 1953/1/2347 1887/1/2281 
f 1887/1/2281 1953/1/2347 1886/1/2280 
f 1953/1/2347 1954/1/2348 1955/1/2349 1886/1/2280 
f 1886/1/2280 1955/1/2349 1850/1/2244 
f 1955/1/2349 1956/1/2350 1851/1/2245 1850/1/2244 
f 1957/1/2351 1901/1/2295 1958/1/2352 
f 1901/1/2295 1889/1/2283 1888/1/2282 1958/1/2352 
f 1958/1/2352 1888/1/2282 1959/1/2353 1960/1/2354 
f 1888/1/2282 1890/1/2284 1891/1/2285 1959/1/2353 
f 1959/1/2353 1891/1/2285 1961/1/2355 
f 1961/1/2355 1891/1/2285 1893/1/2287 1896/1/2290 
f 1896/1/2290 1895/1/2289 1962/1/2356 1963/1/2357 
f 1895/1/2289 1897/1/2291 1898/1/2292 1962/1/2356 
f 1962/1/2356 1898/1/2292 1900/1/2294 
f 1900/1/2294 1852/1/2246 1964/1/2358 
f 1964/1/2358 1852/1/2246 1851/1/2245 1965/1/2359 
f 1966/1/2360 1967/1/2361 1968/1/2362 1969/1/2363 
f 1970/1/2364 1971/1/2365 1972/1/2366 1973/1/2367 
f 1971/1/2365 1974/1/2368 1975/1/2369 1972/1/2366 
f 1975/1/2369 1974/1/2368 1976/1/2370 1967/1/2361 
f 1977/1/2371 1978/1/2372 1979/1/2373 1980/1/2374 
f 1981/1/2375 1982/1/2376 1983/1/2377 1979/1/2373 
f 1982/1/2376 1984/1/2378 1985/1/2379 1983/1/2377 
f 1986/1/2380 1985/1/2379 1984/1/2378 1987/1/2381 
f 1987/1/2381 1988/1/2382 1973/1/2367 1986/1/2380 
f 1973/1/2367 1988/1/2382 1970/1/2364 
f 1989/1/2383 1990/1/2384 1991/1/2385 1992/1/2386 
f 1990/1/2384 1993/1/2387 1994/1/2388 1991/1/2385 
f 1994/1/2388 1995/1/2389 1977/1/2371 1991/1/2385 
f 1977/1/2371 1995/1/2389 1978/1/2372 
f 1996/1/2390 1997/1/2391 1998/1/2392 1999/1/2393 
f 1999/1/2393 2000/1/2394 1989/1/2383 1996/1/2390 
f 1989/1/2383 2000/1/2394 1990/1/2384 
f 2001/1/2395 2002/1/2396 2003/1/2397 
f 2003/1/2397 2004/1/2398 2005/1/2399 2001/1/2395 
f 1997/1/2391 2005/1/2399 2004/1/2398 2006/1/2400 
f 1997/1/2391 2006/1/2400 1998/1/2392 
f 2007/1/2401 2008/1/2402 2009/1/2403 2010/1/2404 
f 2009/1/2403 2008/1/2402 2011/1/2405 
f 2011/1/2405 2012/1/2406 2013/1/2407 2009/1/2403 
f 2013/1/2407 2012/1/2406 2002/1/2396 2001/1/2395 
f 2014/1/2408 2015/1/2409 2016/1/2410 2017/1/2411 
f 2007/1/2401 2016/1/2410 2015/1/2409 2018/1/2412 
f 2007/1/2401 2018/1/2412 2008/1/2402 
f 2019/1/2413 2020/1/2414 2021/1/2415 2022/1/2416 
f 2020/1/2414 1923/1/2417 2023/1/2418 2021/1/2415 
f 2024/1/2419 2021/1/2415 2023/1/2418 2025/1/2420 
f 2025/1/2420 2026/1/2421 2017/1/2411 2024/1/2419 
f 2017/1/2411 2026/1/2421 2014/1/2408 
f 2027/1/2422 2028/1/2423 2029/1/2424 2030/1/2425 
f 2029/1/2424 2028/1/2423 2031/1/2426 
f 2031/1/2426 2032/1/2427 2019/1/2413 2029/1/2424 
f 2019/1/2413 2032/1/2427 2020/1/2414 
f 2033/1/2428 2034/1/2429 2035/1/2430 2036/1/2431 
f 2036/1/2431 2037/1/2432 2027/1/2422 2033/1/2428 
f 2027/1/2422 2037/1/2432 2028/1/2423 
f 2038/1/2433 746/1/802 745/1/801 2039/1/2434 
f 2040/1/2435 2038/1/2433 2039/1/2434 2041/1/2436 
f 2041/1/2436 2042/1/2437 2043/1/2438 2040/1/2435 
f 2042/1/2437 2044/1/2439 2034/1/2429 2043/1/2438 
f 2034/1/2429 2044/1/2439 2035/1/2430 
f 2045/1/2440 1966/1/2360 1969/1/2363 2046/1/2441 
f 746/1/802 2038/1/2433 2047/1/2442 747/1/803 
f 2047/1/2442 2038/1/2433 2040/1/2435 2048/1/2443 
f 2048/1/2443 2040/1/2435 2043/1/2438 2049/1/2444 
f 2049/1/2444 2043/1/2438 2034/1/2429 2050/1/2445 
f 2050/1/2445 2034/1/2429 2033/1/2428 2051/1/2446 
f 2051/1/2446 2033/1/2428 2027/1/2422 2030/1/2425 
f 2030/1/2425 2029/1/2424 2052/1/2447 
f 2052/1/2447 2029/1/2424 2019/1/2413 2022/1/2416 
f 2022/1/2416 2021/1/2415 2053/1/2448 
f 2053/1/2448 2021/1/2415 2024/1/2419 2054/1/2449 
f 2054/1/2449 2024/1/2419 2017/1/2411 2055/1/2450 
f 2055/1/2450 2017/1/2411 2016/1/2410 2056/1/2451 
f 2056/1/2451 2016/1/2410 2007/1/2401 2010/1/2404 
f 2010/1/2404 2009/1/2403 2057/1/2452 
f 2057/1/2452 2009/1/2403 2013/1/2407 2058/1/2453 
f 2058/1/2453 2013/1/2407 2001/1/2395 2059/1/2454 
f 2059/1/2454 2001/1/2395 2005/1/2399 2060/1/2455 
f 2060/1/2455 2005/1/2399 1997/1/2391 2061/1/2456 
f 2061/1/2456 1997/1/2391 1996/1/2390 2062/1/2457 
f 2062/1/2457 1996/1/2390 1989/1/2383 1992/1/2386 
f 1992/1/2386 1991/1/2385 2063/1/2458 
f 2063/1/2458 1991/1/2385 1977/1/2371 1980/1/2374 
f 1980/1/2374 1979/1/2373 2064/1/2459 
f 2064/1/2459 1979/1/2373 1983/1/2377 2065/1/2460 
f 2065/1/2460 1983/1/2377 1985/1/2379 2066/1/2461 
f 2066/1/2461 1985/1/2379 1986/1/2380 2067/1/2462 
f 2067/1/2462 1986/1/2380 1973/1/2367 2068/1/2463 
f 2068/1/2463 1973/1/2367 1972/1/2366 2069/1/2464 
f 2069/1/2464 1972/1/2366 1975/1/2369 2070/1/2465 
f 2070/1/2465 1975/1/2369 1967/1/2361 2071/1/2466 
f 2071/1/2466 1967/1/2361 1966/1/2360 2072/1/2467 
f 1966/1/2360 2045/1/2440 2073/1/2468 2072/1/2467 
f 2072/1/2467 2073/1/2468 2074/1/2469 2075/1/2470 
f 2076/1/2471 2047/1/2442 2048/1/2443 2077/1/2472 
f 2077/1/2472 2048/1/2443 2049/1/2444 2078/1/2473 
f 2078/1/2473 2049/1/2444 2050/1/2445 2079/1/2474 
f 2079/1/2474 2050/1/2445 2051/1/2446 2080/1/2475 
f 2080/1/2475 2051/1/2446 2030/1/2425 2081/1/2476 
f 2081/1/2476 2030/1/2425 2052/1/2447 2082/1/2477 
f 2082/1/2477 2052/1/2447 2022/1/2416 2083/1/2478 
f 2083/1/2478 2022/1/2416 2053/1/2448 2084/1/2479 
f 2084/1/2479 2053/1/2448 2054/1/2449 2085/1/2480 
f 2085/1/2480 2054/1/2449 2055/1/2450 2086/1/2481 
f 2086/1/2481 2055/1/2450 2056/1/2451 2087/1/2482 
f 2087/1/2482 2056/1/2451 2010/1/2404 2088/1/2483 
f 2088/1/2483 2010/1/2404 2057/1/2452 2089/1/2484 
f 2089/1/2484 2057/1/2452 2058/1/2453 2090/1/2485 
f 2090/1/2485 2058/1/2453 2059/1/2454 2091/1/2486 
f 2091/1/2486 2059/1/2454 2060/1/2455 2092/1/2487 
f 2092/1/2487 2060/1/2455 2061/1/2456 2093/1/2488 
f 2093/1/2488 2061/1/2456 2062/1/2457 2094/1/2489 
f 2094/1/2489 2062/1/2457 1992/1/2386 2095/1/2490 
f 2095/1/2490 1992/1/2386 2063/1/2458 2096/1/2491 
f 2096/1/2491 2063/1/2458 1980/1/2374 2097/1/2492 
f 2097/1/2492 1980/1/2374 2064/1/2459 2098/1/2493 
f 2098/1/2493 2064/1/2459 2065/1/2460 2099/1/2494 
f 2099/1/2494 2065/1/2460 2066/1/2461 2100/1/2495 
f 2100/1/2495 2066/1/2461 2067/1/2462 2101/1/2496 
f 2101/1/2496 2067/1/2462 2068/1/2463 2102/1/2497 
f 2102/1/2497 2068/1/2463 2069/1/2464 2103/1/2498 
f 2103/1/2498 2069/1/2464 2070/1/2465 2104/1/2499 
f 2104/1/2499 2070/1/2465 2071/1/2466 2105/1/2500 
f 2105/1/2500 2071/1/2466 2072/1/2467 2075/1/2470 
f 2075/1/2470 2074/1/2469 2106/1/2501 2107/1/2502 
f 2107/1/2502 2108/1/2503 1960/1/2504 2109/1/2505 
f 2109/1/2505 1960/1/2504 2110/1/2506 2111/1/2507 
f 2111/1/2507 2110/1/2506 2112/1/2508 2113/1/2509 
f 2113/1/2509 2112/1/2508 2114/1/2510 2115/1/2511 
f 2115/1/2511 2114/1/2510 2116/1/2512 2117/1/2513 
f 2117/1/2513 2116/1/2512 2118/1/2514 2119/1/2515 
f 2119/1/2515 2118/1/2514 1965/1/2516 2120/1/2517 
f 2120/1/2517 1965/1/2516 1956/1/2518 2121/1/2519 
f 2121/1/2519 1956/1/2518 2122/1/2520 2123/1/2521 
f 2123/1/2521 2122/1/2520 2124/1/2522 2125/1/2523 
f 2125/1/2523 2124/1/2522 1950/1/2524 2126/1/2525 
f 2126/1/2525 1950/1/2524 2127/1/2526 2128/1/2527 
f 2128/1/2527 2127/1/2526 2129/1/2528 2130/1/2529 
f 2130/1/2529 2129/1/2528 2131/1/2530 2132/1/2531 
f 2132/1/2531 2131/1/2530 2133/1/2532 2134/1/2533 
f 2134/1/2533 2133/1/2532 2135/1/2534 2136/1/2535 
f 2136/1/2535 2135/1/2534 2137/1/2536 2138/1/2537 
f 2138/1/2537 2137/1/2536 2139/1/2538 2140/1/2539 
f 2140/1/2539 2139/1/2538 2141/1/2540 2142/1/2541 
f 2142/1/2541 2141/1/2540 2143/1/2542 2144/1/2543 
f 2144/1/2543 2143/1/2542 2145/1/2544 2146/1/2545 
f 2146/1/2545 2145/1/2544 1936/1/2546 2147/1/2547 
f 2147/1/2547 1936/1/2546 1935/1/2548 2148/1/2549 
f 2148/1/2549 1935/1/2548 2149/1/2550 2150/1/2551 
f 2150/1/2551 2149/1/2550 2151/1/2552 2152/1/2553 
f 2152/1/2553 2151/1/2552 2153/1/2554 2154/1/2555 
f 2154/1/2555 2153/1/2554 1930/1/2556 2155/1/2557 
f 2155/1/2557 1930/1/2556 2156/1/2558 2157/1/2559 
f 2157/1/2559 2156/1/2558 2158/1/2560 2159/1/2561 
f 2159/1/2561 2158/1/2560 2160/1/2562 2161/1/2563 
f 2160/1/2562 798/1/854 797/1/853 2161/1/2563 
f 2161/1/2563 797/1/853 765/1/821 2076/1/2471 
f 2162/1/2564 2108/1/2565 2108/1/2503 2106/1/2501 
f 2106/1/2501 2108/1/2503 2107/1/2502 
f 2075/1/2470 2107/1/2502 2109/1/2505 2105/1/2500 
f 2105/1/2500 2109/1/2505 2111/1/2507 2104/1/2499 
f 2104/1/2499 2111/1/2507 2113/1/2509 2103/1/2498 
f 2103/1/2498 2113/1/2509 2115/1/2511 2102/1/2497 
f 2102/1/2497 2115/1/2511 2117/1/2513 2101/1/2496 
f 2101/1/2496 2117/1/2513 2119/1/2515 2100/1/2495 
f 2100/1/2495 2119/1/2515 2120/1/2517 2099/1/2494 
f 2099/1/2494 2120/1/2517 2121/1/2519 2098/1/2493 
f 2098/1/2493 2121/1/2519 2123/1/2521 2097/1/2492 
f 2097/1/2492 2123/1/2521 2125/1/2523 2096/1/2491 
f 2096/1/2491 2125/1/2523 2126/1/2525 2095/1/2490 
f 2095/1/2490 2126/1/2525 2128/1/2527 2094/1/2489 
f 2094/1/2489 2128/1/2527 2130/1/2529 2093/1/2488 
f 2093/1/2488 2130/1/2529 2132/1/2531 2092/1/2487 
f 2092/1/2487 2132/1/2531 2134/1/2533 2091/1/2486 
f 2091/1/2486 2134/1/2533 2136/1/2535 2090/1/2485 
f 2090/1/2485 2136/1/2535 2138/1/2537 2089/1/2484 
f 2089/1/2484 2138/1/2537 2140/1/2539 2088/1/2483 
f 2088/1/2483 2140/1/2539 2142/1/2541 2087/1/2482 
f 2087/1/2482 2142/1/2541 2144/1/2543 2086/1/2481 
f 2086/1/2481 2144/1/2543 2146/1/2545 2085/1/2480 
f 2085/1/2480 2146/1/2545 2147/1/2547 2084/1/2479 
f 2084/1/2479 2147/1/2547 2148/1/2549 2083/1/2478 
f 2083/1/2478 2148/1/2549 2150/1/2551 2082/1/2477 
f 2082/1/2477 2150/1/2551 2152/1/2553 2081/1/2476 
f 2081/1/2476 2152/1/2553 2154/1/2555 2080/1/2475 
f 2080/1/2475 2154/1/2555 2155/1/2557 2079/1/2474 
f 2079/1/2474 2155/1/2557 2157/1/2559 2078/1/2473 
f 2078/1/2473 2157/1/2559 2159/1/2561 2077/1/2472 
f 2077/1/2472 2159/1/2561 2161/1/2563 2076/1/2471 
f 2076/1/2471 765/1/821 747/1/803 2047/1/2442 
f 2108/1/2503 2108/1/2565 1960/1/2354 1960/1/2504 
f 1960/1/2504 1960/1/2354 2163/1/2566 2110/1/2506 
f 2110/1/2506 2163/1/2566 2112/1/2567 2112/1/2508 
f 2112/1/2508 2112/1/2567 1963/1/2357 2114/1/2510 
f 2114/1/2510 1963/1/2357 2164/1/2568 2116/1/2512 
f 2116/1/2512 2164/1/2568 2165/1/2569 2118/1/2514 
f 2118/1/2514 2165/1/2569 1965/1/2359 1965/1/2516 
f 1965/1/2516 1965/1/2359 1956/1/2350 1956/1/2518 
f 1956/1/2518 1956/1/2350 1954/1/2348 2122/1/2520 
f 2122/1/2520 1954/1/2348 1952/1/2346 2124/1/2522 
f 2124/1/2522 1952/1/2346 1950/1/2344 1950/1/2524 
f 1950/1/2524 1950/1/2344 2127/1/2570 2127/1/2526 
f 2127/1/2526 2127/1/2570 2166/1/2571 2129/1/2528 
f 2129/1/2528 2166/1/2571 2167/1/2572 2131/1/2530 
f 2131/1/2530 2167/1/2572 2133/1/2573 2133/1/2532 
f 2133/1/2532 2133/1/2573 1943/1/2337 2135/1/2534 
f 2135/1/2534 1943/1/2337 1942/1/2336 2137/1/2536 
f 2137/1/2536 1942/1/2336 2139/1/2574 2139/1/2538 
f 2139/1/2538 2139/1/2574 2141/1/2575 2141/1/2540 
f 2141/1/2540 2141/1/2575 1939/1/2333 2143/1/2542 
f 2143/1/2542 1939/1/2333 2168/1/2576 2145/1/2544 
f 2145/1/2544 2168/1/2576 1936/1/2330 1936/1/2546 
f 1936/1/2546 1936/1/2330 1935/1/2329 1935/1/2548 
f 1935/1/2548 1935/1/2329 1933/1/2327 2149/1/2550 
f 2149/1/2550 1933/1/2327 1932/1/2326 2151/1/2552 
f 2151/1/2552 1932/1/2326 2169/1/2577 2153/1/2554 
f 2153/1/2554 2169/1/2577 1930/1/2324 1930/1/2556 
f 1930/1/2556 1930/1/2324 2170/1/2578 2156/1/2558 
f 2156/1/2558 2170/1/2578 2158/1/2579 2158/1/2560 
f 2158/1/2560 2158/1/2579 2160/1/2580 2160/1/2562 
f 2160/1/2580 687/1/742 798/1/854 2160/1/2562 
f 1901/1/2295 1957/1/2351 2162/1/2564 1902/1/2296 
f 2162/1/2564 1957/1/2351 2108/1/2565 
f 2108/1/2565 1957/1/2351 1958/1/2352 1960/1/2354 
f 1960/1/2354 1959/1/2353 2163/1/2566 
f 2163/1/2566 1959/1/2353 1961/1/2355 2112/1/2567 
f 2112/1/2567 1961/1/2355 1896/1/2290 1963/1/2357 
f 1963/1/2357 1962/1/2356 2164/1/2568 
f 2164/1/2568 1962/1/2356 1900/1/2294 2165/1/2569 
f 2165/1/2569 1900/1/2294 1964/1/2358 1965/1/2359 
f 1965/1/2359 1851/1/2245 1956/1/2350 
f 1956/1/2350 1955/1/2349 1954/1/2348 
f 1954/1/2348 1953/1/2347 1952/1/2346 
f 1952/1/2346 1951/1/2345 1950/1/2344 
f 1950/1/2344 1948/1/2342 2127/1/2570 
f 2127/1/2570 1948/1/2342 1947/1/2341 2166/1/2571 
f 2166/1/2571 1947/1/2341 1946/1/2340 2167/1/2572 
f 2167/1/2572 1946/1/2340 1945/1/2339 2133/1/2573 
f 2133/1/2573 1945/1/2339 1944/1/2338 1943/1/2337 
f 1943/1/2337 1878/1/2272 1942/1/2336 
f 1942/1/2336 1941/1/2335 2139/1/2574 
f 2139/1/2574 1941/1/2335 1882/1/2276 2141/1/2575 
f 2141/1/2575 1882/1/2276 1940/1/2334 1939/1/2333 
f 1939/1/2333 1938/1/2332 2168/1/2576 
f 2168/1/2576 1938/1/2332 1937/1/2331 1936/1/2330 
f 1936/1/2330 1871/1/2265 1935/1/2329 
f 1935/1/2329 1934/1/2328 1933/1/2327 
f 1933/1/2327 1859/1/2253 1932/1/2326 
f 1932/1/2326 1931/1/2325 2169/1/2577 
f 2169/1/2577 1931/1/2325 1863/1/2257 1930/1/2324 
f 1930/1/2324 1929/1/2323 2170/1/2578 
f 2170/1/2578 1929/1/2323 1928/1/2322 2158/1/2579 
f 2158/1/2579 1928/1/2322 1927/1/2321 2160/1/2580 
f 1927/1/2321 688/1/743 687/1/742 2160/1/2580 
f 1926/1/2320 1924/1/2318 2171/1/2581 
f 1926/1/2320 2171/1/2581 2172/1/2582 
f 2173/1/2583 2172/1/2582 2171/1/2581 2174/1/2584 
f 2174/1/2584 2175/1/2585 2173/1/2583 
f 2173/1/2583 2175/1/2585 2176/1/2586 2177/1/2587 
f 2177/1/2587 2176/1/2586 2178/1/2588 
f 2178/1/2588 2176/1/2586 2179/1/2589 2180/1/2590 
f 2181/1/2591 2180/1/2590 2179/1/2589 2182/1/2592 
f 2181/1/2591 2182/1/2592 2183/1/2593 
f 1799/1/2594 2184/1/2595 2185/1/2596 2186/1/2597 
f 2186/1/2597 2185/1/2596 2187/1/2598 
f 2187/1/2598 2188/1/2599 2189/1/2600 2186/1/2597 
f 2189/1/2600 2188/1/2599 2181/1/2591 2183/1/2593 
f 1799/1/2594 1797/1/2601 2190/1/2602 2184/1/2595 
f 1787/1/2603 2191/1/2604 2192/1/2605 
f 1791/1/2606 1787/1/2603 2192/1/2605 2193/1/2607 
f 2193/1/2607 2194/1/2608 1793/1/2609 1791/1/2606 
f 2194/1/2608 2195/1/2610 1795/1/2611 1793/1/2609 
f 2195/1/2610 2196/1/2612 1796/1/2613 1795/1/2611 
f 1797/1/2601 1796/1/2613 2196/1/2612 2197/1/2614 
f 1797/1/2601 2197/1/2614 2190/1/2602 
f 1783/1/2615 1785/1/2616 2198/1/2617 2199/1/2618 
f 2199/1/2618 2200/1/2619 1784/1/2620 1783/1/2615 
f 2200/1/2619 2201/1/2621 1786/1/2622 1784/1/2620 
f 1786/1/2622 2201/1/2621 2191/1/2604 1787/1/2603 
f 1785/1/2616 1779/1/2623 2198/1/2617 
f 2198/1/2617 1779/1/2623 1776/1/2624 2202/1/2625 
f 2202/1/2625 1776/1/2624 1775/1/2626 2203/1/2626 
f 2204/1/2627 2205/1/2628 2206/1/2629 
f 2207/1/2630 2206/1/2629 2205/1/2628 2208/1/2631 
f 2209/1/2632 2207/1/2630 2208/1/2631 2210/1/2633 
f 2209/1/2632 2210/1/2633 2211/1/2634 
f 2212/1/2635 2204/1/2627 2206/1/2629 2213/1/2636 
f 2213/1/2636 1849/1/2243 1848/1/2242 2212/1/2635 
f 1800/1/2192 1799/1/2191 2186/1/2637 2214/1/2638 
f 2186/1/2637 2189/1/2639 2215/1/2640 2214/1/2638 
f 2215/1/2640 2189/1/2639 2183/1/2641 2216/1/2642 
f 2216/1/2642 2183/1/2641 2182/1/2643 2217/1/2644 
f 2179/1/2645 2218/1/2646 2219/1/2647 2182/1/2643 
f 2182/1/2643 2219/1/2647 2217/1/2644 
f 2171/1/2648 2220/1/2649 2221/1/2650 2174/1/2651 
f 2174/1/2651 2221/1/2650 2222/1/2652 2175/1/2653 
f 2175/1/2653 2222/1/2652 2223/1/2654 2176/1/2655 
f 2223/1/2654 2218/1/2646 2179/1/2645 2176/1/2655 
f 2220/1/2656 2204/1/2627 2212/1/2635 2221/1/2657 
f 2221/1/2657 2212/1/2635 1848/1/2242 2222/1/2658 
f 2222/1/2658 1848/1/2242 1847/1/2241 
f 1811/1/2204 2224/1/2659 2216/1/2660 1812/1/2205 
f 1812/1/2205 2216/1/2660 2217/1/2661 2225/1/2662 
f 2225/1/2662 2217/1/2661 2219/1/2663 
f 2225/1/2662 2219/1/2663 2226/1/2664 
f 2227/1/2665 2226/1/2664 2219/1/2663 2218/1/2666 
f 2227/1/2665 2218/1/2666 2223/1/2667 
f 1830/1/2224 1801/1/2668 2228/1/2669 1827/1/2221 
f 1830/1/2224 1832/1/2226 1798/1/2670 1802/1/2671 
f 1830/1/2224 1802/1/2671 1801/1/2668 
f 1834/1/2228 1836/1/2230 1798/1/2670 1832/1/2226 
f 1794/1/2672 1798/1/2670 1836/1/2230 1838/1/2232 
f 1792/1/2673 1794/1/2672 1838/1/2232 1840/1/2234 
f 1789/1/2180 1792/1/2673 1840/1/2234 1790/1/2181 
f 1788/1/2179 1790/1/2181 1844/1/2238 
f 1778/1/2201 1777/1/2674 1807/1/2199 1808/1/2200 
f 1777/1/2674 1780/1/2675 1805/1/2197 1807/1/2199 
f 1844/1/2238 1845/1/2239 1781/1/2676 1788/1/2179 
f 1781/1/2676 1845/1/2239 1806/1/2198 1782/1/2677 
f 1782/1/2677 1806/1/2198 1805/1/2197 1780/1/2675 
f 2228/1/2669 2229/1/2678 1825/1/2219 1827/1/2221 
f 1825/1/2679 2229/1/2679 1822/1/2679 
f 1801/1/2668 1800/1/2680 2228/1/2669 
f 2228/1/2669 1800/1/2680 2214/1/2681 2229/1/2678 
f 2229/1/2678 2214/1/2681 2215/1/2682 2230/1/2683 
f 2230/1/2683 2215/1/2682 2216/1/2660 2224/1/2659 
f 2230/1/2683 2224/1/2659 1811/1/2204 1821/1/2214 
f 1821/1/2214 1822/1/2215 2229/1/2678 2230/1/2683 
f 2229/1/2678 1822/1/2215 1822/1/2218 
f 2223/1/2667 2222/1/2658 1847/1/2241 2227/1/2665 
f 2227/1/2665 1847/1/2241 1817/1/2210 2226/1/2664 
f 2226/1/2664 1817/1/2210 1816/1/2209 2225/1/2662 
f 2225/1/2662 1816/1/2209 1814/1/2207 1812/1/2205 
f 2231/1/1451 2232/1/1451 1251/1/1449 2233/1/1449 
f 1251/1/1449 2232/1/1451 2234/1/1451 2235/1/1451 
f 1217/1/1448 1251/1/1449 1228/1/1448 
f 1251/1/1449 1216/1/1452 1215/1/1452 
f 1251/1/1449 1890/1/1450 1889/1/1448 
f 2236/1/1448 2237/1/1448 1251/1/1449 
f 1251/1/1449 2237/1/1448 2238/1/1448 
f 1251/1/1449 2238/1/1448 2239/1/1449 
f 2239/1/1449 2233/1/1449 1251/1/1449 
f 1251/1/1449 2240/1/1449 1252/1/1453 
f 1251/1/1449 1227/1/1448 1228/1/1448 
f 839/1/1452 1854/1/1448 1215/1/1452 
f 1897/1/1449 1894/1/1451 1215/1/1452 
f 1215/1/1452 1892/1/1451 1890/1/1450 1251/1/1449 
f 1889/1/1448 1903/1/1448 1251/1/1449 
f 1251/1/1449 2241/1/1448 2242/1/1448 
f 1251/1/1449 1224/1/1448 1225/1/1448 
f 1251/1/1449 1225/1/1448 1226/1/1448 
f 1215/1/1452 1860/1/1448 1857/1/1450 
f 1857/1/1450 1868/1/1450 1215/1/1452 
f 1215/1/1452 1853/1/1449 1899/1/1451 
f 2243/1/1450 2244/1/1450 1251/1/1449 
f 1251/1/1449 2242/1/1448 2245/1/1448 
f 1251/1/1449 1221/1/1448 1222/1/1448 
f 1251/1/1449 1222/1/1448 1223/1/1448 
f 1854/1/1448 1864/1/1448 1215/1/1452 
f 1215/1/1452 1864/1/1448 1860/1/1448 
f 2246/1/1448 1251/1/1449 2247/1/1448 
f 1251/1/1449 2246/1/1448 2248/1/1448 
f 2249/1/1448 2250/1/1448 1251/1/1449 2245/1/1448 
f 1251/1/1449 2250/1/1448 2236/1/1448 
f 1209/1/1451 1264/1/1450 1229/1/1450 1203/1/1449 
f 1875/1/1451 1873/1/1451 1215/1/1452 
f 1251/1/1449 2248/1/1448 2251/1/1448 
f 1251/1/1449 2251/1/1448 2241/1/1448 
f 1219/1/1449 1220/1/1449 1251/1/1449 1254/1/1449 
f 1873/1/1451 1884/1/1449 1215/1/1452 
f 1884/1/1449 1885/1/1449 1215/1/1452 
f 1215/1/1452 1885/1/1449 1853/1/1449 
f 1257/1/1450 1258/1/1450 1219/1/1449 1254/1/1449 
f 1219/1/1449 1258/1/1450 1261/1/1450 1218/1/1449 
f 1218/1/1449 1261/1/1450 1208/1/1448 
f 1209/1/1451 1208/1/1448 1261/1/1450 1263/1/1450 
f 1209/1/1451 1263/1/1450 1264/1/1450 
f 1868/1/1450 1867/1/1450 1215/1/1452 
f 1879/1/1451 1215/1/1452 1867/1/1450 
f 1215/1/1452 1879/1/1451 1875/1/1451 
f 1201/1/1451 1202/1/1448 1229/1/1450 1232/1/1450 
f 1229/1/1450 1202/1/1448 1203/1/1449 
f 1242/1/1448 1188/1/1448 1189/1/1450 1241/1/1450 
f 1232/1/1450 1235/1/1450 1201/1/1451 
f 1201/1/1451 1235/1/1450 1236/1/1450 1191/1/1450 
f 1191/1/1450 1236/1/1450 1190/1/1450 
f 1236/1/1450 1239/1/1450 1189/1/1450 1190/1/1450 
f 1189/1/1450 1239/1/1450 1241/1/1450 
f 1242/1/1448 1245/1/1448 1199/1/1449 1200/1/1448 
f 1242/1/1448 1200/1/1448 1188/1/1448 
f 1249/1/1451 1205/1/1449 1204/1/1449 1211/1/1449 
f 1213/1/1448 1192/1/1448 1249/1/1451 1211/1/1449 
f 1245/1/1448 1246/1/1450 1199/1/1449 
f 1199/1/1449 1246/1/1450 1249/1/1451 1198/1/1451 
f 1249/1/1451 1192/1/1448 1195/1/1450 1198/1/1451 
f 2252/1/2684 2253/1/2685 475/1/493 474/1/493 
f 2252/1/2684 2254/1/2686 2255/1/2687 2253/1/2685 
f 2255/1/2687 2254/1/2686 2256/1/2688 
f 2257/1/2689 2256/1/2688 2254/1/2686 2258/1/2690 
f 2257/1/2689 2258/1/2690 2259/1/2691 
f 2260/1/2692 2259/1/2691 2258/1/2690 2261/1/2693 
f 2261/1/2693 2262/1/2694 2209/1/2695 2211/1/2696 
f 2261/1/2693 2211/1/2696 2263/1/2697 2260/1/2692 
f 1846/1/2698 1849/1/2699 2264/1/2700 1819/1/2701 
f 2264/1/2700 1849/1/2699 2213/1/2702 
f 2213/1/2702 2206/1/2703 2262/1/2694 2264/1/2700 
f 2262/1/2694 2206/1/2703 2207/1/2704 2209/1/2695 
f 1820/1/2705 1813/1/2706 2265/1/2707 1823/1/2708 
f 2265/1/2707 1813/1/2706 1815/1/2709 1818/1/2710 
f 2264/1/2700 2265/1/2707 1818/1/2710 1819/1/2701 
f 1837/1/2711 1835/1/2712 2266/1/2713 
f 1833/1/2714 1831/1/2715 2266/1/2713 1835/1/2712 
f 2266/1/2713 1831/1/2715 1829/1/2716 1828/1/2717 
f 2266/1/2713 1828/1/2717 1826/1/2718 
f 1826/1/2718 1824/1/2719 2265/1/2707 2266/1/2713 
f 2265/1/2707 1824/1/2719 1823/1/2708 
f 1809/1/2720 1808/1/2721 2267/1/2722 2268/1/2723 
f 2269/1/2724 2268/1/2723 2270/1/2725 
f 2270/1/2725 2268/1/2723 2267/1/2722 2271/1/2726 
f 2267/1/2722 1808/1/2721 1804/1/2727 1803/1/2728 
f 2267/1/2722 1803/1/2728 1843/1/2729 1842/1/2730 
f 2266/1/2713 2267/1/2722 1842/1/2730 1841/1/2731 
f 2266/1/2713 1841/1/2731 1839/1/2732 1837/1/2711 
f 2272/1/2733 2273/1/2734 2274/1/2735 2275/1/2736 
f 2275/1/2736 2274/1/2735 2276/1/2737 2267/1/2722 
f 2267/1/2722 2276/1/2737 2277/1/2738 2271/1/2726 
f 2275/1/2736 2278/1/2739 2279/1/2740 2272/1/2733 
f 2280/1/2741 2281/1/2742 2282/1/2743 2283/1/2744 
f 2278/1/2739 2282/1/2743 2281/1/2742 2284/1/2745 
f 2278/1/2739 2284/1/2745 2279/1/2740 
f 2285/1/2746 2283/1/2744 2282/1/2743 2286/1/2747 
f 2287/1/2748 2286/1/2747 2288/1/2749 
f 2288/1/2749 2286/1/2747 2289/1/2750 2290/1/2751 
f 2291/1/2752 2292/1/2753 2293/1/2754 2289/1/2750 
f 2294/1/2755 2290/1/2751 2289/1/2750 
f 2295/1/2756 2292/1/2753 2291/1/2752 2296/1/2757 
f 2296/1/2757 2291/1/2752 2297/1/2758 2298/1/2759 
f 2299/1/2760 2300/1/2761 2301/1/2762 2302/1/2763 
f 2301/1/2762 2300/1/2761 2303/1/2764 2297/1/2758 
f 2297/1/2758 2303/1/2764 2298/1/2759 
f 2302/1/2763 2301/1/2762 2304/1/2765 2305/1/2766 
f 2306/1/2767 2307/1/2768 2304/1/2765 
f 2304/1/2765 2307/1/2768 2308/1/2769 2309/1/2770 
f 2304/1/2765 2309/1/2770 2310/1/2771 2311/1/2772 
f 2304/1/2765 2312/1/2773 2313/1/2774 2305/1/2766 
f 2312/1/2773 2314/1/2775 2315/1/2776 2313/1/2774 
f 2315/1/2776 2314/1/2775 2316/1/2777 
f 2317/1/2778 2318/1/2779 2319/1/2780 2320/1/2781 
f 2321/1/2782 2322/1/2783 2319/1/2780 2318/1/2779 
f 2323/1/2784 2324/1/2785 2319/1/2780 2322/1/2783 
f 2319/1/2780 2324/1/2785 2325/1/2786 2304/1/2765 
f 2304/1/2765 2325/1/2786 2326/1/2787 2306/1/2767 
f 2327/1/2788 2328/1/2789 2329/1/2790 2330/1/2791 
f 2328/1/2789 2331/1/2792 2329/1/2790 
f 2329/1/2790 2331/1/2792 2332/1/2793 2319/1/2780 
f 2319/1/2780 2332/1/2793 2320/1/2781 
f 2333/1/2794 2334/1/2795 2335/1/2796 
f 2329/1/2790 2333/1/2794 2335/1/2796 2336/1/2797 
f 2329/1/2790 2336/1/2797 2330/1/2791 
f 2337/1/2798 2338/1/2799 2339/1/2800 2340/1/2801 
f 2340/1/2801 2341/1/2802 2333/1/2794 2337/1/2798 
f 2333/1/2794 2341/1/2802 2342/1/2803 2334/1/2795 
f 2343/1/2804 2344/1/2805 2345/1/2806 
f 2337/1/2798 2343/1/2804 2345/1/2806 2338/1/2799 
f 2346/1/2807 2347/1/2808 2348/1/2809 
f 2348/1/2809 2349/1/2810 2343/1/2804 2346/1/2807 
f 2343/1/2804 2349/1/2810 2344/1/2805 
f 2350/1/2811 2351/1/2812 2352/1/2813 2353/1/2814 
f 2352/1/2813 2351/1/2812 2354/1/2815 
f 2354/1/2815 2355/1/2816 2346/1/2807 2352/1/2813 
f 2346/1/2807 2355/1/2816 2347/1/2808 
f 1671/1/1905 2356/1/2817 2357/1/2818 1337/1/1905 
f 2357/1/2818 2356/1/2817 2358/1/2819 
f 2358/1/2819 2353/1/2814 2352/1/2813 2357/1/2818 
f 1339/1/741 1338/1/741 2282/1/737 1267/1/739 
f 2252/1/739 474/1/739 1267/1/739 2254/1/739 
f 1308/1/739 1331/1/739 1339/1/741 
f 1337/1/741 2357/1/741 1338/1/741 
f 1338/1/741 2357/1/741 2352/1/739 2346/1/739 
f 1339/1/741 1267/1/739 1266/1/739 1308/1/739 
f 2278/1/738 2275/1/738 1267/1/739 2282/1/737 
f 1267/1/739 2275/1/738 2267/1/741 
f 1267/1/739 2267/1/741 2266/1/741 2265/1/741 
f 1267/1/739 2265/1/741 2264/1/741 
f 1267/1/739 2264/1/741 2262/1/739 2261/1/739 
f 1267/1/739 2261/1/739 2258/1/739 2254/1/739 
f 1339/1/741 1331/1/739 1332/1/738 1333/1/1486 
f 1339/1/741 1333/1/1486 1334/1/1489 
f 2343/1/739 2337/1/739 1338/1/741 2346/1/739 
f 1338/1/741 2337/1/739 2333/1/741 2329/1/739 
f 1339/1/741 1334/1/1489 1335/1/1490 1304/1/1478 
f 1339/1/741 1304/1/1478 1303/1/1477 
f 1306/1/1479 1312/1/741 1311/1/741 1340/1/741 
f 1338/1/741 2289/1/737 2286/1/737 2282/1/737 
f 1339/1/741 1303/1/1477 1305/1/740 515/1/536 
f 1339/1/741 515/1/536 1306/1/1479 1340/1/741 
f 1338/1/741 2329/1/739 2319/1/739 2304/1/739 
f 1338/1/741 2304/1/739 2301/1/739 2297/1/739 
f 1338/1/741 2297/1/739 2291/1/739 2289/1/737 
f 1328/1/741 1285/1/1466 1287/1/1469 1325/1/741 
f 1346/1/741 1312/1/741 1306/1/1479 1307/1/739 
f 1307/1/739 1289/1/739 1346/1/741 
f 1346/1/741 1289/1/739 1290/1/739 1348/1/741 
f 1348/1/741 1290/1/739 1329/1/741 
f 1328/1/741 1329/1/741 1290/1/739 1286/1/738 
f 1328/1/741 1286/1/738 1285/1/1466 
f 1320/1/1483 1324/1/741 1287/1/1469 1288/1/1472 
f 1287/1/1469 1324/1/741 1325/1/741 
f 1276/1/741 1299/1/741 1314/1/741 1274/1/1456 
f 1288/1/1472 1278/1/1461 1320/1/1483 
f 1320/1/1483 1278/1/1461 1279/1/1463 1318/1/741 
f 1318/1/741 1279/1/1463 1316/1/741 
f 1314/1/741 1316/1/741 1279/1/1463 1275/1/1457 
f 1314/1/741 1275/1/1457 1274/1/1456 
f 1276/1/741 1269/1/741 1294/1/741 1297/1/741 
f 1276/1/741 1297/1/741 1299/1/741 
f 1294/1/741 1269/1/741 1268/1/741 1273/1/741 
f 1294/1/741 1273/1/741 1281/1/741 1284/1/741 
f 1294/1/741 1284/1/741 1301/1/741 1291/1/741 
f 2359/1/2820 2360/1/2821 2361/1/2822 
f 2359/1/2820 2361/1/2822 2362/1/2823 2363/1/2824 
f 2363/1/2824 2364/1/2825 2365/1/2826 2359/1/2820 
f 2366/1/2827 2365/1/2826 2364/1/2825 2367/1/2828 
f 2368/1/2829 2366/1/2827 2367/1/2828 2369/1/2830 
f 2370/1/2831 2368/1/2829 2369/1/2830 2371/1/2832 
f 2371/1/2832 2372/1/2833 2373/1/2834 2370/1/2831 
f 2373/1/2834 2372/1/2833 2374/1/2835 
f 2375/1/2836 2373/1/2834 2374/1/2835 2376/1/2837 
f 2377/1/2838 2378/1/2839 2379/1/2840 
f 2380/1/2841 2377/1/2838 2379/1/2840 2381/1/2842 
f 2380/1/2841 2381/1/2842 2375/1/2836 2376/1/2837 
f 2312/1/2843 2311/1/2844 2382/1/2845 
f 2311/1/2844 2310/1/2846 2383/1/2847 2382/1/2845 
f 2383/1/2847 2362/1/2848 2384/1/2849 2382/1/2845 
f 2385/1/2850 2383/1/2847 2309/1/2851 2308/1/2852 
f 2309/1/2851 2383/1/2847 2310/1/2846 
f 2335/1/2853 2334/1/2854 2386/1/2855 2387/1/2856 
f 2336/1/2857 2335/1/2853 2387/1/2856 2388/1/2858 
f 2330/1/2859 2336/1/2857 2388/1/2858 2389/1/2860 
f 2389/1/2860 2390/1/2861 2327/1/2862 2330/1/2859 
f 2327/1/2862 2390/1/2861 2391/1/2863 
f 2391/1/2863 2392/1/2864 2328/1/2865 2327/1/2862 
f 2392/1/2864 2393/1/2866 2331/1/2867 2328/1/2865 
f 2331/1/2867 2393/1/2866 2394/1/2868 
f 2332/1/2869 2331/1/2867 2394/1/2868 2395/1/2870 
f 2320/1/2871 2332/1/2869 2395/1/2870 2396/1/2872 
f 2396/1/2872 2397/1/2873 2317/1/2874 2320/1/2871 
f 2317/1/2874 2397/1/2873 2318/1/2875 
f 2318/1/2875 2397/1/2873 2398/1/2876 2321/1/2877 
f 2306/1/2878 2326/1/2879 2399/1/2880 2400/1/2881 
f 2399/1/2880 2326/1/2879 2325/1/2882 
f 2401/1/2883 2399/1/2880 2325/1/2882 2324/1/2884 
f 2324/1/2884 2323/1/2885 2402/1/2886 2401/1/2883 
f 2323/1/2885 2322/1/2887 2403/1/2888 2402/1/2886 
f 2322/1/2887 2321/1/2877 2398/1/2876 2403/1/2888 
f 2306/1/2878 2400/1/2881 2400/1/2889 
f 2404/1/2890 2385/1/2850 2308/1/2852 2307/1/2891 
f 2404/1/2890 2307/1/2891 2405/1/2892 
f 2307/1/2891 2306/1/2878 2400/1/2889 2405/1/2892 
f 2406/1/2893 2242/1/2894 2407/1/2895 
f 2408/1/2896 2409/1/2897 1457/1/1648 1252/1/1649 
f 2408/1/2896 2240/1/2898 2235/1/2899 
f 2410/1/2900 2235/1/2899 2234/1/2901 2411/1/2902 
f 2411/1/2902 2234/1/2901 2232/1/2903 
f 2411/1/2902 2232/1/2903 2412/1/2904 2413/1/2905 
f 2412/1/2904 2232/1/2903 2231/1/2906 
f 2414/1/2907 2231/1/2906 2233/1/2908 
f 2414/1/2907 2233/1/2908 2415/1/2909 2416/1/2910 
f 2233/1/2908 2239/1/2911 2415/1/2909 
f 2415/1/2909 2239/1/2911 2417/1/2912 
f 2417/1/2912 2239/1/2911 2238/1/2913 2418/1/2914 
f 2419/1/2915 2238/1/2913 2237/1/2916 
f 2420/1/2917 2421/1/2918 2422/1/2919 2236/1/2920 
f 2236/1/2920 2422/1/2919 2419/1/2915 2237/1/2916 
f 2250/1/2921 2420/1/2917 2236/1/2920 
f 2420/1/2917 2250/1/2921 2249/1/2922 2423/1/2923 
f 2424/1/2924 2249/1/2922 2245/1/2925 2425/1/2926 
f 2406/1/2893 2426/1/2927 2245/1/2925 2242/1/2894 
f 2242/1/2894 2241/1/2928 2427/1/2929 2428/1/2930 
f 2428/1/2930 2429/1/2931 2407/1/2895 2242/1/2894 
f 2430/1/2932 2431/1/2933 2241/1/2928 2251/1/2934 
f 2430/1/2932 2251/1/2934 2432/1/2935 
f 2432/1/2935 2251/1/2934 2248/1/2936 2433/1/2937 
f 2433/1/2937 2248/1/2936 2246/1/2938 2434/1/2939 
f 2434/1/2939 2246/1/2938 2435/1/2940 2436/1/2941 
f 2435/1/2940 2246/1/2938 2247/1/2942 
f 2437/1/2943 2247/1/2942 2244/1/2944 
f 2437/1/2943 2244/1/2944 2438/1/2945 2439/1/2946 
f 2440/1/2947 2244/1/2944 2243/1/2948 2441/1/2949 
f 2442/1/2950 2243/1/2948 1903/1/2297 1902/1/2296 
f 2443/1/2951 2444/1/2952 2445/1/2953 
f 2446/1/2954 2445/1/2953 2447/1/2955 2448/1/2956 
f 2449/1/2957 2448/1/2956 2447/1/2955 2450/1/2958 
f 2449/1/2957 2450/1/2958 2451/1/2959 
f 2451/1/2959 2450/1/2958 2452/1/2960 2453/1/2961 
f 2453/1/2961 2452/1/2960 2454/1/2962 
f 2454/1/2962 2452/1/2960 2455/1/2963 2456/1/2964 
f 2456/1/2964 2455/1/2963 2457/1/2965 2458/1/2966 
f 2457/1/2965 2459/1/2967 2460/1/2968 2458/1/2966 
f 2460/1/2968 2459/1/2967 2461/1/2969 
f 2461/1/2969 2459/1/2967 2462/1/2970 2463/1/2971 
f 2463/1/2971 2462/1/2970 2464/1/2972 
f 2464/1/2972 2462/1/2970 2465/1/2973 2466/1/2974 
f 2466/1/2974 2465/1/2973 1644/1/1860 1604/1/1860 
f 2467/1/2975 2468/1/2976 2469/1/2977 
f 2470/1/2978 2471/1/2979 2472/1/2980 2473/1/2981 
f 2474/1/2982 2475/1/2983 2476/1/2984 
f 2477/1/2985 2106/1/2501 2074/1/2469 2478/1/2986 
f 1528/1/1728 1457/1/1648 2409/1/2897 
f 2409/1/2897 2408/1/2896 2479/1/2987 
f 2408/1/2896 2235/1/2899 2410/1/2900 2479/1/2987 
f 2480/1/2988 2479/1/2987 2410/1/2900 2411/1/2902 
f 2413/1/2905 2412/1/2904 2481/1/2989 
f 2412/1/2904 2231/1/2906 2414/1/2907 2481/1/2989 
f 2481/1/2989 2414/1/2907 2416/1/2910 
f 2416/1/2910 2415/1/2909 2482/1/2990 
f 2482/1/2990 2415/1/2909 2417/1/2912 2483/1/2991 
f 1525/1/1725 2484/1/2992 2485/1/2993 1524/1/1723 
f 2485/1/2993 2484/1/2992 2486/1/2994 2487/1/2995 
f 2487/1/2995 2486/1/2994 2488/1/2996 2489/1/2997 
f 2490/1/2998 2489/1/2997 2488/1/2996 2491/1/2999 
f 2490/1/2998 2491/1/2999 2492/1/3000 
f 2492/1/3000 2491/1/2999 2493/1/3001 2494/1/3002 
f 2494/1/3002 2493/1/3001 2495/1/3003 2496/1/3004 
f 1528/1/1728 2409/1/2897 2497/1/3005 1529/1/1729 
f 2409/1/2897 2479/1/2987 2498/1/3006 2497/1/3005 
f 2499/1/3007 2498/1/3006 2479/1/2987 2480/1/2988 
f 2499/1/3007 2480/1/2988 2500/1/3008 
f 2480/1/2988 2411/1/2902 2413/1/2905 2500/1/3008 
f 2501/1/3009 2500/1/3008 2413/1/2905 2481/1/2989 
f 2502/1/3010 2501/1/3009 2481/1/2989 2416/1/2910 
f 2416/1/2910 2482/1/2990 2503/1/3011 2502/1/3010 
f 2497/1/3012 1550/1/1756 1529/1/1729 2497/1/3005 
f 2497/1/3005 2498/1/3006 2498/1/3013 2497/1/3012 
f 2504/1/3014 2498/1/3013 2498/1/3006 2499/1/3007 
f 2499/1/3007 2500/1/3008 2505/1/3015 2504/1/3014 
f 2506/1/3016 2505/1/3015 2500/1/3008 2501/1/3009 
f 2501/1/3009 2502/1/3010 2507/1/3017 2506/1/3016 
f 2502/1/3010 2503/1/3011 2503/1/3018 2507/1/3017 
f 1550/1/1756 2497/1/3012 2508/1/3019 1565/1/1771 
f 2497/1/3012 2498/1/3013 2509/1/3020 2508/1/3019 
f 2498/1/3013 2504/1/3014 2510/1/3021 2509/1/3020 
f 2504/1/3014 2505/1/3015 2511/1/3022 2510/1/3021 
f 2512/1/3023 2511/1/3022 2505/1/3015 2506/1/3016 
f 2513/1/3024 2512/1/3023 2506/1/3016 2507/1/3017 
f 2507/1/3017 2503/1/3018 2514/1/3025 2513/1/3024 
f 1565/1/1771 2508/1/3019 2515/1/3026 1566/1/1772 
f 2516/1/3027 2515/1/3026 2508/1/3019 2509/1/3020 
f 2509/1/3020 2510/1/3021 2517/1/3028 2516/1/3027 
f 2510/1/3021 2511/1/3022 2518/1/3029 2517/1/3028 
f 2511/1/3022 2512/1/3023 2519/1/3030 2518/1/3029 
f 2512/1/3023 2513/1/3024 2520/1/3031 2519/1/3030 
f 2513/1/3024 2514/1/3025 2521/1/3032 2520/1/3031 
f 1566/1/1772 2515/1/3026 2522/1/3033 1588/1/1794 
f 2515/1/3026 2516/1/3027 2523/1/3034 2522/1/3033 
f 2516/1/3027 2517/1/3028 2524/1/3035 2523/1/3034 
f 2525/1/3036 2524/1/3035 2517/1/3028 2518/1/3029 
f 2526/1/3037 2525/1/3036 2518/1/3029 2519/1/3030 
f 2527/1/3038 2526/1/3037 2519/1/3030 2520/1/3031 
f 2528/1/3039 2527/1/3038 2520/1/3031 2521/1/3032 
f 1588/1/1794 2522/1/3033 2484/1/2992 1525/1/1725 
f 2522/1/3033 2523/1/3034 2486/1/2994 2484/1/2992 
f 2488/1/2996 2486/1/2994 2523/1/3034 2524/1/3035 
f 2491/1/2999 2488/1/2996 2524/1/3035 2525/1/3036 
f 2493/1/3001 2491/1/2999 2525/1/3036 2526/1/3037 
f 2526/1/3037 2527/1/3038 2495/1/3003 2493/1/3001 
f 2529/1/3040 2495/1/3003 2527/1/3038 2528/1/3039 
f 2482/1/2990 2483/1/2991 2530/1/3041 2503/1/3011 
f 2503/1/3011 2530/1/3041 2531/1/3042 2503/1/3018 
f 2503/1/3018 2531/1/3042 2532/1/3043 2514/1/3025 
f 2514/1/3025 2532/1/3043 2533/1/3044 2521/1/3032 
f 2521/1/3032 2533/1/3044 2534/1/3045 2528/1/3039 
f 2528/1/3039 2534/1/3045 2535/1/3046 2529/1/3040 
f 2535/1/3046 2536/1/3047 2537/1/3048 2529/1/3040 
f 2495/1/3003 2529/1/3040 2537/1/3048 2538/1/3049 
f 2495/1/3003 2538/1/3049 2496/1/3004 
f 2536/1/3047 2539/1/3050 2540/1/3051 
f 2540/1/3051 2539/1/3050 2541/1/3052 
f 2542/1/3053 2543/1/3054 2544/1/3055 
f 2543/1/3054 2539/1/3050 2545/1/3056 2544/1/3055 
f 2544/1/3055 2545/1/3056 2546/1/3057 2547/1/3058 
f 2548/1/3059 2549/1/3060 2550/1/3061 2542/1/3053 
f 2551/1/3062 2542/1/3053 2544/1/3055 
f 2551/1/3062 2544/1/3055 2547/1/3058 2552/1/3063 
f 2547/1/3058 2546/1/3057 2553/1/3064 2554/1/3065 
f 2555/1/3066 2548/1/3059 2556/1/3067 2557/1/3068 
f 2557/1/3068 2556/1/3067 2558/1/3069 2559/1/3070 
f 2556/1/3067 2551/1/3062 2552/1/3063 2558/1/3069 
f 2552/1/3063 2547/1/3058 2554/1/3065 2560/1/3071 
f 2554/1/3065 2553/1/3064 2561/1/3072 2562/1/3073 
f 2562/1/3073 2561/1/3072 2563/1/3074 2564/1/3075 
f 2555/1/3066 2565/1/3076 2549/1/3060 2548/1/3059 
f 2548/1/3059 2542/1/3053 2551/1/3062 2556/1/3067 
f 2566/1/3077 2565/1/3076 2555/1/3066 2567/1/3078 
f 2476/1/2984 2475/1/2983 2566/1/3077 2567/1/3078 
f 2476/1/2984 2567/1/3078 2568/1/3079 2569/1/3080 
f 2567/1/3078 2555/1/3066 2557/1/3068 2568/1/3079 
f 2568/1/3079 2557/1/3068 2559/1/3070 2570/1/3081 
f 2558/1/3069 2552/1/3063 2560/1/3071 2571/1/3082 
f 2560/1/3071 2554/1/3065 2562/1/3073 2572/1/3083 
f 2572/1/3083 2562/1/3073 2564/1/3075 2573/1/3084 
f 2574/1/3085 2575/1/3086 2564/1/3075 2563/1/3074 
f 2564/1/3075 2575/1/3086 2573/1/3084 
f 2572/1/3083 2576/1/3087 2571/1/3082 2560/1/3071 
f 2571/1/3082 2577/1/3088 2559/1/3070 2558/1/3069 
f 2577/1/3088 2578/1/3089 2570/1/3081 2559/1/3070 
f 2476/1/2984 2569/1/3080 2579/1/3090 2474/1/2982 
f 2474/1/2982 2579/1/3090 2580/1/3091 
f 2581/1/3092 2582/1/3093 2580/1/3091 2579/1/3090 
f 2583/1/3094 2579/1/3090 2569/1/3080 
f 2583/1/3094 2569/1/3080 2584/1/3095 2585/1/3096 
f 2569/1/3080 2568/1/3079 2570/1/3081 2584/1/3095 
f 2577/1/3088 2571/1/3082 2576/1/3087 2586/1/3097 
f 2576/1/3087 2572/1/3083 2573/1/3084 2587/1/3098 
f 2587/1/3098 2573/1/3084 2588/1/3099 
f 2588/1/3099 2573/1/3084 2575/1/3086 2419/1/2915 
f 2589/1/3100 2590/1/3101 2591/1/3102 
f 2590/1/3101 2582/1/3093 2581/1/3092 2591/1/3102 
f 2581/1/3092 2579/1/3090 2583/1/3094 2592/1/3103 
f 2585/1/3096 2584/1/3095 2593/1/3104 2594/1/3105 
f 2584/1/3095 2570/1/3081 2578/1/3089 2593/1/3104 
f 2593/1/3104 2578/1/3089 2595/1/3106 2596/1/3107 
f 2578/1/3089 2577/1/3088 2586/1/3097 2595/1/3106 
f 2595/1/3106 2586/1/3097 2586/1/3108 2597/1/3109 
f 2586/1/3097 2576/1/3087 2587/1/3098 2586/1/3108 
f 2586/1/3108 2587/1/3098 2421/1/2918 
f 2421/1/2918 2587/1/3098 2588/1/3099 2422/1/2919 
f 2598/1/3110 2599/1/3111 2589/1/3100 2591/1/3102 
f 2598/1/3110 2591/1/3102 2600/1/3112 2601/1/3113 
f 2591/1/3102 2581/1/3092 2592/1/3103 2600/1/3112 
f 2600/1/3112 2592/1/3103 2602/1/3114 2603/1/3115 
f 2592/1/3103 2583/1/3094 2585/1/3096 2602/1/3114 
f 2604/1/3116 2586/1/3108 2421/1/2918 2420/1/2917 
f 2605/1/3117 2606/1/3118 2607/1/3119 2608/1/3120 
f 2606/1/3118 2598/1/3110 2601/1/3113 2607/1/3119 
f 2603/1/3115 2602/1/3114 2609/1/3121 2610/1/3122 
f 2609/1/3121 2594/1/3105 2611/1/3123 2612/1/3124 
f 2612/1/3124 2611/1/3123 2611/1/3125 2613/1/3126 
f 2614/1/3127 2597/1/3109 2615/1/3128 2616/1/3129 
f 2599/1/3111 2598/1/3110 2606/1/3118 2617/1/3130 
f 2601/1/3113 2600/1/3112 2603/1/3115 2618/1/3131 
f 2602/1/3114 2585/1/3096 2594/1/3105 2609/1/3121 
f 2594/1/3105 2593/1/3104 2596/1/3107 2611/1/3123 
f 2611/1/3123 2596/1/3107 2614/1/3127 2611/1/3125 
f 2596/1/3107 2595/1/3106 2597/1/3109 2614/1/3127 
f 2597/1/3109 2586/1/3108 2604/1/3116 2615/1/3128 
f 2619/1/3132 2620/1/3133 2606/1/3118 2605/1/3117 
f 2606/1/3118 2620/1/3133 2617/1/3130 
f 2473/1/2981 2472/1/2980 2619/1/3132 2605/1/3117 
f 2473/1/2981 2605/1/3117 2608/1/3120 2621/1/3134 
f 2607/1/3119 2601/1/3113 2618/1/3131 2622/1/3135 
f 2618/1/3131 2603/1/3115 2610/1/3122 2623/1/3136 
f 2623/1/3136 2610/1/3122 2624/1/3137 2625/1/3138 
f 2610/1/3122 2609/1/3121 2612/1/3124 2624/1/3137 
f 2624/1/3137 2612/1/3124 2613/1/3126 2624/1/3139 
f 2613/1/3126 2611/1/3125 2626/1/3140 
f 2611/1/3125 2614/1/3127 2616/1/3129 2626/1/3140 
f 2626/1/3140 2616/1/3129 2424/1/2924 2425/1/2926 
f 2424/1/2924 2616/1/3129 2615/1/3128 
f 2424/1/2924 2615/1/3128 2423/1/2923 2249/1/2922 
f 2423/1/2923 2615/1/3128 2604/1/3116 2420/1/2917 
f 2422/1/2919 2588/1/3099 2419/1/2915 
f 2419/1/2915 2575/1/3086 2418/1/2914 2238/1/2913 
f 2418/1/2914 2575/1/3086 2574/1/3085 
f 2418/1/2914 2574/1/3085 2483/1/2991 2417/1/2912 
f 2483/1/2991 2574/1/3085 2563/1/3074 2530/1/3041 
f 2530/1/3041 2563/1/3074 2561/1/3072 2531/1/3042 
f 2531/1/3042 2561/1/3072 2553/1/3064 2532/1/3043 
f 2532/1/3043 2553/1/3064 2546/1/3057 2533/1/3044 
f 2533/1/3044 2546/1/3057 2545/1/3056 2534/1/3045 
f 2534/1/3045 2545/1/3056 2539/1/3050 
f 2534/1/3045 2539/1/3050 2535/1/3046 
f 2425/1/2926 2245/1/2925 2426/1/2927 2626/1/3140 
f 2626/1/3140 2426/1/2927 2627/1/3141 2613/1/3126 
f 2627/1/3141 2628/1/3142 2624/1/3139 2613/1/3126 
f 2623/1/3136 2629/1/3143 2622/1/3135 2618/1/3131 
f 2629/1/3143 2630/1/3144 2631/1/3145 2622/1/3135 
f 2622/1/3135 2631/1/3145 2608/1/3120 2607/1/3119 
f 2631/1/3145 2632/1/3146 2621/1/3134 2608/1/3120 
f 2473/1/2981 2621/1/3134 2633/1/3147 2470/1/2978 
f 2470/1/2978 2633/1/3147 2634/1/3148 
f 2469/1/2977 2468/1/2976 2634/1/3148 2633/1/3147 
f 2469/1/2977 2633/1/3147 2635/1/3149 2636/1/3150 
f 2635/1/3149 2633/1/3147 2621/1/3134 
f 2630/1/3144 2629/1/3143 2637/1/3151 2638/1/3152 
f 2629/1/3143 2623/1/3136 2625/1/3138 2637/1/3151 
f 2625/1/3138 2624/1/3137 2624/1/3139 2639/1/3153 
f 2628/1/3142 2627/1/3141 2406/1/2893 2407/1/2895 
f 2406/1/2893 2627/1/3141 2426/1/2927 
f 2640/1/3154 2641/1/3155 2467/1/2975 2642/1/3156 
f 2642/1/3156 2467/1/2975 2469/1/2977 2636/1/3150 
f 2635/1/3149 2621/1/3134 2632/1/3146 2643/1/3157 
f 2643/1/3157 2632/1/3146 2644/1/3158 2645/1/3159 
f 2632/1/3146 2631/1/3145 2630/1/3144 2644/1/3158 
f 2638/1/3152 2637/1/3151 2646/1/3160 2638/1/3161 
f 2637/1/3151 2625/1/3138 2639/1/3153 2646/1/3160 
f 2646/1/3160 2639/1/3153 2429/1/2931 
f 2639/1/3153 2624/1/3139 2628/1/3142 2429/1/2931 
f 2429/1/2931 2628/1/3142 2407/1/2895 
f 2640/1/3154 2642/1/3156 2647/1/3162 2648/1/3163 
f 2647/1/3162 2642/1/3156 2649/1/3164 2650/1/3165 
f 2649/1/3164 2642/1/3156 2636/1/3150 
f 2649/1/3164 2636/1/3150 2651/1/3166 2652/1/3167 
f 2636/1/3150 2635/1/3149 2643/1/3157 2651/1/3166 
f 2651/1/3166 2643/1/3157 2645/1/3159 2653/1/3168 
f 2645/1/3159 2644/1/3158 2654/1/3169 2655/1/3170 
f 2644/1/3158 2630/1/3144 2638/1/3152 2654/1/3169 
f 2654/1/3169 2638/1/3152 2638/1/3161 2654/1/3171 
f 2656/1/3172 2646/1/3160 2429/1/2931 2427/1/2929 
f 2427/1/2929 2429/1/2931 2428/1/2930 
f 2656/1/3172 2657/1/3173 2638/1/3161 2646/1/3160 
f 2657/1/3173 2658/1/3174 2654/1/3171 2638/1/3161 
f 2654/1/3171 2655/1/3175 2655/1/3170 2654/1/3169 
f 2652/1/3167 2659/1/3176 2650/1/3165 2649/1/3164 
f 2660/1/3177 2661/1/3178 2662/1/3179 2663/1/3180 
f 2661/1/3178 2664/1/3181 2665/1/3182 2662/1/3179 
f 2662/1/3179 2665/1/3182 2666/1/3183 2667/1/3184 
f 2665/1/3182 2650/1/3165 2659/1/3176 2666/1/3183 
f 2659/1/3176 2652/1/3167 2668/1/3185 2669/1/3186 
f 2669/1/3186 2668/1/3185 2670/1/3187 2671/1/3188 
f 2668/1/3185 2653/1/3168 2672/1/3189 2670/1/3187 
f 2670/1/3187 2672/1/3189 2673/1/3190 2674/1/3191 
f 2672/1/3189 2655/1/3170 2655/1/3175 2673/1/3190 
f 2673/1/3190 2655/1/3175 2675/1/3192 2676/1/3193 
f 2664/1/3181 2677/1/3194 2648/1/3163 2647/1/3162 
f 2658/1/3174 2675/1/3192 2655/1/3175 2654/1/3171 
f 2655/1/3170 2672/1/3189 2653/1/3168 2645/1/3159 
f 2653/1/3168 2668/1/3185 2652/1/3167 2651/1/3166 
f 2650/1/3165 2665/1/3182 2664/1/3181 2647/1/3162 
f 2664/1/3181 2661/1/3178 2678/1/3195 2679/1/3196 
f 2678/1/3195 2661/1/3178 2660/1/3177 2680/1/3197 
f 2680/1/3197 2660/1/3177 2681/1/3198 
f 2682/1/3199 2683/1/3200 2684/1/3201 
f 2684/1/3201 2683/1/3200 2439/1/2946 2438/1/2945 
f 2673/1/3190 2676/1/3193 2674/1/3191 
f 2674/1/3191 2685/1/3202 2671/1/3188 2670/1/3187 
f 2671/1/3188 2686/1/3203 2687/1/3204 2669/1/3186 
f 2669/1/3186 2687/1/3204 2666/1/3183 2659/1/3176 
f 2687/1/3204 2688/1/3205 2667/1/3184 2666/1/3183 
f 2667/1/3184 2689/1/3206 2663/1/3180 2662/1/3179 
f 2660/1/3177 2663/1/3180 2690/1/3207 2681/1/3198 
f 2681/1/3198 2690/1/3207 2691/1/3208 
f 2438/1/2945 2244/1/2944 2440/1/2947 2684/1/3201 
f 2684/1/3201 2440/1/2947 2692/1/3209 2682/1/3199 
f 2692/1/3209 2693/1/3210 2694/1/3211 2682/1/3199 
f 2682/1/3199 2694/1/3211 2695/1/3212 2696/1/3213 
f 2440/1/2947 2441/1/2949 2692/1/3209 
f 2441/1/2949 2243/1/2948 2442/1/2950 2692/1/3209 
f 2692/1/3209 2442/1/2950 2693/1/3210 
f 2442/1/2950 1902/1/2296 2162/1/2564 2693/1/3210 
f 2693/1/3210 2162/1/2564 2694/1/3211 
f 2694/1/3211 2162/1/2564 2106/1/2501 2695/1/3212 
f 2695/1/3212 2106/1/2501 2477/1/2985 
f 2697/1/3214 2247/1/2942 2437/1/2943 2698/1/3215 
f 2698/1/3215 2437/1/2943 2439/1/2946 2699/1/3216 
f 2699/1/3216 2439/1/2946 2683/1/3200 
f 2683/1/3200 2682/1/3199 2696/1/3213 2700/1/3217 
f 2696/1/3213 2695/1/3212 2477/1/2985 2701/1/3218 
f 2435/1/2940 2247/1/2942 2697/1/3214 2702/1/3219 
f 2702/1/3219 2697/1/3214 2698/1/3215 
f 2686/1/3220 2698/1/3215 2699/1/3216 
f 2686/1/3220 2699/1/3216 2703/1/3221 2686/1/3203 
f 2699/1/3216 2683/1/3200 2700/1/3217 2703/1/3221 
f 2700/1/3217 2696/1/3213 2701/1/3218 2704/1/3222 
f 2701/1/3218 2477/1/2985 2478/1/2986 2705/1/3223 
f 2705/1/3223 2478/1/2986 2706/1/3224 2707/1/3225 
f 2478/1/2986 2074/1/2469 2073/1/2468 2706/1/3224 
f 2706/1/3224 2073/1/2468 2045/1/2440 2708/1/3226 
f 2436/1/2941 2435/1/2940 2702/1/3219 2685/1/3202 
f 2702/1/3219 2698/1/3215 2686/1/3220 2685/1/3202 
f 2685/1/3202 2686/1/3220 2686/1/3203 2671/1/3188 
f 2686/1/3203 2703/1/3221 2688/1/3205 2687/1/3204 
f 2703/1/3221 2700/1/3217 2704/1/3222 2688/1/3205 
f 2688/1/3205 2704/1/3222 2689/1/3206 2667/1/3184 
f 2704/1/3222 2701/1/3218 2705/1/3223 2689/1/3206 
f 2707/1/3225 2706/1/3224 2708/1/3226 2690/1/3207 
f 2708/1/3226 2045/1/2440 2046/1/2441 2709/1/3227 
f 2691/1/3208 2690/1/3207 2708/1/3226 2709/1/3227 
f 2707/1/3225 2690/1/3207 2663/1/3180 
f 2707/1/3225 2663/1/3180 2689/1/3206 2705/1/3223 
f 2685/1/3202 2674/1/3191 2436/1/2941 
f 2436/1/2941 2674/1/3191 2676/1/3193 2434/1/2939 
f 2434/1/2939 2676/1/3193 2675/1/3192 2433/1/2937 
f 2433/1/2937 2675/1/3192 2658/1/3174 2432/1/2935 
f 2432/1/2935 2658/1/3174 2657/1/3173 2430/1/2932 
f 2430/1/2932 2657/1/3173 2656/1/3172 2431/1/2933 
f 2431/1/2933 2656/1/3172 2427/1/2929 2241/1/2928 
f 2710/1/3228 2443/1/2951 2711/1/3229 
f 2443/1/2951 2445/1/2953 2446/1/2954 2711/1/3229 
f 2712/1/3230 2713/1/3231 2714/1/3232 2710/1/3228 
f 2710/1/3228 2714/1/3232 2444/1/2952 2443/1/2951 
f 2712/1/3230 2715/1/3233 2716/1/3234 2717/1/3235 
f 2712/1/3230 2717/1/3235 2718/1/3236 2713/1/3231 
f 2719/1/3237 2720/1/3238 2721/1/3239 2722/1/3240 
f 2722/1/3240 2723/1/3241 2724/1/3242 2719/1/3237 
f 2725/1/3243 2724/1/3242 2723/1/3241 2726/1/3244 
f 2727/1/3245 2725/1/3243 2726/1/3244 2728/1/3246 
f 2728/1/3246 2729/1/3247 2715/1/3233 2727/1/3245 
f 2715/1/3233 2729/1/3247 2716/1/3234 
f 2721/1/3239 2720/1/3238 2730/1/3248 2731/1/3249 
f 2730/1/3248 2732/1/3250 2731/1/3249 
f 2731/1/3249 2732/1/3250 2733/1/3251 2734/1/3252 
f 2733/1/3251 2735/1/3253 2378/1/3254 2734/1/3252 
f 2379/1/3255 2378/1/3254 2735/1/3253 2736/1/3256 
f 2381/1/3257 2379/1/3255 2736/1/3256 2737/1/3258 
f 2737/1/3258 2738/1/3259 2375/1/3260 2381/1/3257 
f 2375/1/3260 2738/1/3259 2739/1/3261 2373/1/3262 
f 2373/1/3262 2739/1/3261 2740/1/3263 
f 2741/1/3264 2360/1/3265 2742/1/3266 
f 2742/1/3266 2360/1/3265 2359/1/3267 2743/1/3268 
f 2743/1/3268 2359/1/3267 2365/1/3269 2744/1/3270 
f 2744/1/3270 2365/1/3269 2366/1/3271 
f 2366/1/3271 2368/1/3272 2745/1/3273 2744/1/3270 
f 2368/1/3272 2370/1/3274 2746/1/3275 2745/1/3273 
f 2746/1/3275 2370/1/3274 2747/1/3276 
f 2370/1/3274 2373/1/3262 2740/1/3263 2747/1/3276 
f 2748/1/3277 2340/1/3278 2339/1/3279 2749/1/3280 
f 2749/1/3280 2339/1/3279 2338/1/3281 2750/1/3282 
f 2750/1/3282 2338/1/3281 2345/1/3283 2751/1/3284 
f 2748/1/3277 2752/1/3285 2341/1/3286 2340/1/3278 
f 2341/1/3286 2752/1/3285 2342/1/3287 
f 2342/1/3287 2752/1/3285 2386/1/2855 2334/1/2854 
f 2753/1/3288 2754/1/3289 2444/1/3290 2714/1/3291 
f 2755/1/3292 2753/1/3288 2714/1/3291 2713/1/3293 
f 2756/1/3294 2755/1/3292 2713/1/3293 2718/1/3295 
f 2718/1/3295 2717/1/3296 2757/1/3297 2756/1/3294 
f 2757/1/3297 2717/1/3296 2716/1/3298 
f 2716/1/3298 2729/1/3299 2758/1/3300 2757/1/3297 
f 2758/1/3300 2729/1/3299 2728/1/3301 2759/1/3302 
f 2728/1/3301 2726/1/3303 2760/1/3304 2759/1/3302 
f 2726/1/3303 2723/1/3305 2761/1/3306 2760/1/3304 
f 2723/1/3305 2722/1/3307 2762/1/3308 2761/1/3306 
f 2763/1/3309 2762/1/3308 2722/1/3307 2721/1/3310 
f 2721/1/3310 2731/1/3311 2764/1/3312 2763/1/3309 
f 2731/1/3311 2734/1/3313 2765/1/3314 2764/1/3312 
f 2734/1/3313 2378/1/2839 2377/1/2838 2765/1/3314 
f 2387/1/2856 2386/1/2855 2756/1/3315 
f 2755/1/3316 2756/1/3315 2386/1/2855 2752/1/3285 
f 2755/1/3316 2752/1/3285 2753/1/3317 
f 2753/1/3317 2752/1/3285 2748/1/3277 2754/1/3318 
f 2756/1/3315 2757/1/3319 2766/1/3320 2387/1/2856 
f 2387/1/2856 2766/1/3320 2767/1/3321 2388/1/2858 
f 2388/1/2858 2767/1/3321 2768/1/3322 2389/1/2860 
f 2389/1/2860 2768/1/3322 2390/1/2861 
f 2769/1/3323 2395/1/2870 2770/1/3324 2765/1/3325 
f 2770/1/3324 2395/1/2870 2394/1/2868 
f 2394/1/2868 2393/1/2866 2771/1/3326 2770/1/3324 
f 2393/1/2866 2392/1/2864 2772/1/3327 2771/1/3326 
f 2772/1/3327 2392/1/2864 2391/1/2863 
f 2398/1/2876 2397/1/2873 2769/1/3323 2377/1/3328 
f 2769/1/3323 2397/1/2873 2396/1/2872 2395/1/2870 
f 2377/1/3328 2380/1/3329 2403/1/2888 2398/1/2876 
f 2402/1/2886 2403/1/2888 2380/1/3329 2376/1/3330 
f 2401/1/2883 2402/1/2886 2376/1/3330 2374/1/3331 
f 2374/1/3331 2372/1/3332 2399/1/2880 2401/1/2883 
f 2400/1/2881 2399/1/2880 2372/1/3332 2371/1/3333 
f 2400/1/2889 2400/1/2881 2371/1/3333 2369/1/3334 
f 2400/1/2889 2369/1/3334 2405/1/2892 
f 2369/1/3334 2367/1/3335 2404/1/2890 2405/1/2892 
f 2385/1/2850 2404/1/2890 2367/1/3335 2364/1/3336 
f 2364/1/3336 2363/1/3337 2383/1/2847 2385/1/2850 
f 2383/1/2847 2363/1/3337 2362/1/2848 
f 2362/1/2823 2361/1/2822 2384/1/3338 
f 2391/1/2863 2761/1/3339 2762/1/3340 2772/1/3327 
f 2772/1/3327 2762/1/3340 2763/1/3341 2771/1/3326 
f 2771/1/3326 2763/1/3341 2764/1/3342 2770/1/3324 
f 2770/1/3324 2764/1/3342 2765/1/3325 
f 2769/1/3323 2765/1/3325 2377/1/3328 
f 2766/1/3320 2757/1/3319 2758/1/3343 2767/1/3321 
f 2767/1/3321 2758/1/3343 2759/1/3344 2768/1/3322 
f 2768/1/3322 2759/1/3344 2760/1/3345 2390/1/2861 
f 2760/1/3345 2761/1/3339 2391/1/2863 2390/1/2861 
f 2773/1/3346 2774/1/3347 2775/1/3348 
f 2210/1/2633 2208/1/2631 2776/1/3349 2777/1/3350 
f 2210/1/2633 2777/1/3350 2778/1/3351 
f 2779/1/3352 2778/1/3351 2777/1/3350 2780/1/3353 
f 2774/1/3347 2781/1/3354 2780/1/3353 2775/1/3348 
f 2780/1/3353 2781/1/3354 2779/1/3352 
f 2775/1/3348 2782/1/3355 2783/1/3356 2773/1/3346 
f 2783/1/3356 2782/1/3355 2784/1/3357 
f 2784/1/3357 2785/1/3358 2253/1/3359 
f 2785/1/3358 2786/1/3360 684/1/732 
f 2785/1/3358 684/1/732 535/1/562 
f 2785/1/3358 535/1/562 475/1/565 2253/1/3359 
f 2211/1/2634 2210/1/2633 2778/1/3351 2263/1/3361 
f 2263/1/3361 2778/1/3351 2779/1/3352 2260/1/3362 
f 2259/1/3363 2260/1/3362 2779/1/3352 2781/1/3354 
f 2781/1/3354 2774/1/3347 2257/1/3364 2259/1/3363 
f 2256/1/3365 2257/1/3364 2774/1/3347 2773/1/3346 
f 2255/1/3366 2256/1/3365 2773/1/3346 2783/1/3356 
f 2255/1/3366 2783/1/3356 2784/1/3357 2253/1/3359 
f 2787/1/3367 2358/1/3368 2356/1/3369 2788/1/3370 
f 2788/1/3370 2356/1/3369 1671/1/1888 1657/1/1870 
f 2354/1/3371 2351/1/3372 2789/1/3373 2790/1/3374 
f 2789/1/3373 2351/1/3372 2350/1/3375 
f 2350/1/3375 2353/1/3376 2791/1/3377 2789/1/3373 
f 2791/1/3377 2353/1/3376 2358/1/3368 2787/1/3367 
f 2354/1/3371 2790/1/3374 2792/1/3378 
f 2792/1/3378 2793/1/3379 2355/1/3380 2354/1/3371 
f 2793/1/3379 2794/1/3381 2347/1/3382 2355/1/3380 
f 2348/1/3383 2347/1/3382 2794/1/3381 2795/1/3384 
f 2349/1/3385 2348/1/3383 2795/1/3384 2796/1/3386 
f 2344/1/3387 2349/1/3385 2796/1/3386 2797/1/3388 
f 2344/1/3387 2797/1/3388 2751/1/3284 2345/1/3283 
f 2788/1/3370 1657/1/1870 1645/1/1869 
f 2798/1/3389 2799/1/3390 2749/1/3280 2750/1/3282 
f 1645/1/1869 2800/1/3391 2787/1/3367 2788/1/3370 
f 2787/1/3367 2800/1/3391 2791/1/3377 
f 2791/1/3377 2801/1/3392 2789/1/3373 
f 2794/1/3381 2793/1/3379 2802/1/3393 
f 2801/1/3392 2790/1/3374 2789/1/3373 
f 2802/1/3393 2803/1/3394 2795/1/3384 2794/1/3381 
f 2795/1/3384 2803/1/3394 2796/1/3386 
f 2798/1/3389 2750/1/3282 2751/1/3284 
f 2803/1/3394 2797/1/3388 2796/1/3386 
f 2754/1/3318 2748/1/3277 2804/1/3395 
f 2804/1/3395 2748/1/3277 2749/1/3280 2799/1/3390 
f 2798/1/735 2803/1/739 2450/1/739 
f 2804/1/3396 2799/1/3397 2444/1/3290 2754/1/3289 
f 2445/1/3398 2444/1/3290 2799/1/3397 2798/1/735 
f 2798/1/735 2450/1/739 2447/1/739 2445/1/3398 
f 2801/1/3392 2802/1/3393 2792/1/3378 
f 2802/1/739 2457/1/739 2455/1/739 
f 2455/1/739 2452/1/739 2803/1/739 2802/1/739 
f 2803/1/739 2452/1/739 2450/1/739 
f 1644/1/740 2465/1/739 2800/1/739 1645/1/740 
f 2800/1/739 2465/1/739 2462/1/739 
f 2800/1/3391 2801/1/3392 2791/1/3377 
f 2801/1/739 2462/1/739 2459/1/739 2457/1/739 
f 2776/1/3349 2208/1/2631 2205/1/2628 2204/1/2627 
f 2805/1/3399 2777/1/3350 2776/1/3349 2806/1/3400 
f 2806/1/3400 2776/1/3349 2204/1/2627 2220/1/2656 
f 2806/1/3401 2220/1/2649 2171/1/2648 
f 1922/1/739 1919/1/741 2780/1/741 
f 2780/1/741 1919/1/741 1917/1/741 2775/1/741 
f 2775/1/741 1917/1/741 1914/1/741 
f 1914/1/741 1911/1/741 2782/1/741 2775/1/741 
f 670/1/716 1910/1/2304 671/1/717 
f 2782/1/741 1911/1/741 1906/1/741 
f 2782/1/3355 2786/1/3360 2784/1/3357 
f 2786/1/741 1908/1/741 1910/1/740 
f 2780/1/741 2777/1/1469 1924/1/1469 1922/1/739 
f 2777/1/1469 2805/1/3402 2171/1/2648 1924/1/1469 
f 2171/1/2648 2805/1/3402 2806/1/3401 
f 2807/1/3403 2269/1/3404 2808/1/3405 
f 2808/1/3405 2809/1/3406 2810/1/3407 2807/1/3403 
f 2811/1/3408 2812/1/3409 2813/1/3410 2814/1/3411 
f 2815/1/3412 2816/1/3413 2817/1/3414 2814/1/3411 
f 2817/1/3414 2816/1/3413 2316/1/3415 
f 2818/1/3416 2819/1/3416 2820/1/3417 2821/1/3418 
f 2821/1/3418 2820/1/3417 2822/1/3419 
f 2811/1/3408 2821/1/3418 2822/1/3419 2812/1/3409 
f 2823/1/3420 2824/1/3421 2825/1/3422 2826/1/3423 
f 2826/1/3423 2825/1/3422 2827/1/3424 2828/1/3424 
f 2828/1/3424 2827/1/3424 2829/1/3425 2830/1/3426 
f 2830/1/3426 2829/1/3425 2831/1/3427 2832/1/3428 
f 2832/1/3428 2831/1/3427 2833/1/3429 
f 2833/1/3429 2834/1/3430 2835/1/3431 2832/1/3428 
f 2836/1/3432 2835/1/3431 2834/1/3430 2834/1/3433 
f 2834/1/3433 2837/1/3434 2838/1/3435 2836/1/3432 
f 2838/1/3435 2837/1/3434 2819/1/3416 2818/1/3416 
f 2839/1/3436 2840/1/3437 2841/1/3438 2842/1/3439 
f 2842/1/3439 2841/1/3438 2843/1/3440 
f 2843/1/3440 2844/1/3441 2845/1/3442 2842/1/3439 
f 2844/1/3441 2824/1/3421 2823/1/3420 2845/1/3442 
f 2846/1/3443 2847/1/3444 2848/1/3445 2849/1/3446 
f 2848/1/3447 2848/1/3445 2847/1/3444 2850/1/3448 
f 2850/1/3448 2840/1/3437 2839/1/3436 2848/1/3447 
f 2851/1/3449 2852/1/3450 2853/1/3451 2851/1/3452 
f 2851/1/3452 2853/1/3451 2854/1/3453 
f 2854/1/3453 2855/1/3454 2849/1/3446 2851/1/3452 
f 2849/1/3446 2855/1/3454 2846/1/3443 
f 2856/1/3455 2857/1/3456 2858/1/3457 2859/1/3458 
f 2859/1/3458 2858/1/3457 2860/1/3459 2861/1/3460 
f 2861/1/3460 2860/1/3459 2862/1/3461 
f 2863/1/3462 2861/1/3460 2862/1/3461 2864/1/3463 
f 2863/1/3462 2864/1/3463 2852/1/3450 2851/1/3449 
f 2865/1/3464 2866/1/3465 2867/1/3466 2868/1/3467 
f 2868/1/3467 2867/1/3466 2867/1/3468 2869/1/3469 
f 2869/1/3469 2867/1/3468 2870/1/3470 2871/1/3471 
f 2872/1/3472 2871/1/3471 2873/1/3473 2874/1/3474 
f 2875/1/3475 2872/1/3472 2874/1/3474 2876/1/3475 
f 2877/1/3476 2875/1/3475 2876/1/3475 2878/1/3477 
f 2856/1/3455 2877/1/3476 2878/1/3477 2857/1/3456 
f 2879/1/3478 2880/1/3479 2881/1/3480 
f 2882/1/3481 2879/1/3478 2881/1/3480 2883/1/3481 
f 2883/1/3481 2866/1/3465 2865/1/3464 2882/1/3481 
f 2884/1/3482 2885/1/3483 2886/1/3484 2810/1/3407 
f 2886/1/3484 2885/1/3483 2880/1/3479 2879/1/3478 
f 2887/1/3485 2888/1/3486 2889/1/3486 2890/1/3487 
f 2890/1/3487 2891/1/3488 2892/1/3489 2887/1/3485 
f 2891/1/3488 2890/1/3487 2893/1/3490 
f 2893/1/3490 2890/1/3487 2894/1/3491 2895/1/3492 
f 2896/1/3493 2897/1/3494 2898/1/3495 
f 2898/1/3495 2899/1/3496 2900/1/3497 2896/1/3493 
f 2896/1/3493 2901/1/3498 2902/1/3499 2903/1/3500 
f 2896/1/3493 2903/1/3500 2904/1/3501 2897/1/3494 
f 2894/1/3491 2905/1/3502 2906/1/3503 2895/1/3492 
f 2905/1/3502 2907/1/3504 2908/1/3505 2906/1/3503 
f 2908/1/3505 2907/1/3504 2909/1/3506 
f 2910/1/3507 2908/1/3505 2909/1/3506 2911/1/3507 
f 2910/1/3508 2911/1/3508 2910/1/3508 2912/1/3508 
f 2911/1/3509 2911/1/3510 2913/1/3511 2910/1/3509 
f 2911/1/3510 2914/1/3512 2915/1/3513 2913/1/3511 
f 2915/1/3513 2914/1/3512 2914/1/3514 
f 2914/1/3514 2916/1/3515 2917/1/3516 2915/1/3513 
f 2918/1/3517 2919/1/3518 2920/1/3519 2921/1/3520 
f 2921/1/3520 2920/1/3519 2922/1/3521 
f 2921/1/3520 2922/1/3521 2917/1/3516 2916/1/3515 
f 2923/1/3522 2924/1/3523 2925/1/3524 
f 2925/1/3524 2924/1/3523 2926/1/3525 2927/1/3526 
f 2927/1/3526 2926/1/3525 2928/1/3527 2929/1/3528 
f 2929/1/3528 2928/1/3527 2930/1/3529 2931/1/3530 
f 2931/1/3530 2930/1/3529 2932/1/3531 2933/1/3532 
f 2933/1/3532 2932/1/3531 2934/1/3533 2918/1/3517 
f 2918/1/3517 2934/1/3533 2919/1/3518 
f 2925/1/3524 2935/1/3534 2936/1/3535 2923/1/3522 
f 2937/1/3536 2935/1/3534 2938/1/3537 2939/1/3538 
f 2939/1/3538 2938/1/3537 2940/1/3539 2941/1/3540 
f 2942/1/3541 2943/1/3541 2944/1/3542 2945/1/3543 
f 2940/1/3539 2940/1/3544 2941/1/3540 
f 2941/1/3540 2940/1/3544 2943/1/3545 2946/1/3546 
f 2946/1/3546 2943/1/3545 2943/1/3547 2942/1/3547 
f 2942/1/3548 2943/1/3548 2942/1/3548 2947/1/3548 
f 2900/1/3497 2899/1/3496 2948/1/3549 2949/1/3550 
f 2949/1/3550 2948/1/3549 2945/1/3543 2950/1/3551 
f 2950/1/3551 2945/1/3543 2944/1/3542 
f 2203/1/3552 2951/1/3553 2952/1/3554 
f 2951/1/3555 2889/1/3486 2888/1/3486 
f 2316/1/3415 2314/1/3555 2953/1/3556 2817/1/3414 
f 2954/1/3557 2287/1/2748 2288/1/2749 2955/1/3558 
f 2956/1/3559 2957/1/3560 2288/1/2749 2958/1/3561 
f 2959/1/3562 2958/1/3561 2288/1/2749 2960/1/3563 
f 2961/1/3564 2960/1/3563 2288/1/2749 
f 2962/1/3565 2961/1/3564 2288/1/2749 2963/1/3566 
f 2964/1/3567 2963/1/3566 2288/1/2749 
f 2965/1/3568 2964/1/3567 2288/1/2749 2966/1/3569 
f 2967/1/3570 2966/1/3569 2288/1/2749 2968/1/3571 
f 2969/1/3572 2968/1/3571 2288/1/2749 2970/1/3573 
f 2971/1/3574 2970/1/3573 2288/1/2749 2972/1/3575 
f 2973/1/3576 2972/1/3575 2288/1/2749 2974/1/3577 
f 2975/1/3578 2974/1/3577 2288/1/2749 
f 2976/1/3579 2975/1/3578 2288/1/2749 2977/1/3580 
f 2978/1/3581 2977/1/3580 2288/1/2749 2979/1/3582 
f 2980/1/3583 2979/1/3582 2288/1/2749 
f 2271/1/2726 2277/1/2738 2981/1/3584 2270/1/2725 
f 2284/1/2745 2281/1/2742 2982/1/3585 2983/1/3586 
f 2280/1/2741 2283/1/2744 2984/1/3587 
f 2985/1/3588 2305/1/2766 2313/1/2774 2315/1/2776 
f 2986/1/3589 2987/1/3590 2296/1/2757 2298/1/2759 
f 2288/1/2749 2290/1/2751 2294/1/2755 2980/1/3583 
f 2285/1/2746 2286/1/2747 2287/1/2748 2954/1/3557 
f 2957/1/3560 2955/1/3558 2288/1/2749 
f 2273/1/2734 2988/1/3591 2276/1/2737 2274/1/2735 
f 2315/1/2776 2316/1/2777 2816/1/3592 2985/1/3588 
f 2985/1/3588 2816/1/3592 2815/1/3593 2989/1/3594 
f 2989/1/3594 2815/1/3593 2813/1/3595 
f 2813/1/3595 2812/1/3596 2990/1/3597 2989/1/3594 
f 2990/1/3597 2812/1/3596 2822/1/3598 
f 2822/1/3598 2820/1/3599 2991/1/3600 2990/1/3597 
f 2991/1/3600 2820/1/3599 2819/1/3601 2992/1/3602 
f 2992/1/3602 2819/1/3601 2837/1/3603 
f 2837/1/3603 2834/1/3604 2993/1/3605 2992/1/3602 
f 2993/1/3605 2834/1/3604 2834/1/3606 
f 2834/1/3606 2833/1/3607 2994/1/3608 2993/1/3605 
f 2831/1/3609 2829/1/3610 2995/1/3611 2994/1/3608 
f 2995/1/3611 2829/1/3610 2827/1/3612 2996/1/3613 
f 2996/1/3613 2827/1/3612 2825/1/3614 
f 2825/1/3614 2824/1/3615 2997/1/3616 2996/1/3613 
f 2997/1/3616 2824/1/3615 2844/1/3617 
f 2844/1/3617 2843/1/3618 2998/1/3619 2997/1/3616 
f 2998/1/3619 2843/1/3618 2841/1/3620 2999/1/3621 
f 2999/1/3621 2841/1/3620 2840/1/3622 
f 2840/1/3622 2850/1/3623 3000/1/3624 2999/1/3621 
f 3000/1/3624 2850/1/3623 2847/1/3625 
f 2847/1/3625 2846/1/3626 3001/1/3627 3000/1/3624 
f 2855/1/3628 2854/1/3629 3002/1/3630 3001/1/3627 
f 3002/1/3630 2854/1/3629 2853/1/3631 3003/1/3632 
f 3003/1/3632 2853/1/3631 2852/1/3633 
f 2852/1/3633 2864/1/3634 3004/1/3635 3003/1/3632 
f 3004/1/3635 2864/1/3634 2862/1/3636 
f 2862/1/3636 2860/1/3637 3005/1/3638 3004/1/3635 
f 3005/1/3638 2860/1/3637 2858/1/3639 3006/1/3640 
f 3006/1/3640 2858/1/3639 2857/1/3641 
f 2857/1/3641 2878/1/3642 3007/1/3643 3006/1/3640 
f 3007/1/3643 2878/1/3642 2876/1/3644 
f 2876/1/3644 2874/1/3645 3008/1/3646 3007/1/3643 
f 3008/1/3646 2874/1/3645 2873/1/3647 3009/1/3648 
f 2873/1/3647 2870/1/3649 3009/1/3648 
f 3009/1/3648 2870/1/3649 2867/1/3650 3010/1/3651 
f 3010/1/3651 2867/1/3650 2867/1/3652 
f 2867/1/3652 2866/1/3653 3011/1/3654 3010/1/3651 
f 3011/1/3654 2866/1/3653 2883/1/3655 
f 2883/1/3655 2881/1/3656 3012/1/3657 3011/1/3654 
f 3012/1/3657 2881/1/3656 2880/1/3658 3013/1/3659 
f 3013/1/3659 2880/1/3658 2885/1/3660 
f 2885/1/3660 2884/1/3661 3014/1/3662 3013/1/3659 
f 2808/1/3663 2269/1/2724 2270/1/2725 2981/1/3584 
f 2809/1/3664 2808/1/3663 2981/1/3584 3014/1/3662 
f 2809/1/3406 2884/1/3482 2810/1/3407 
f 2277/1/2738 2276/1/2737 2988/1/3591 2981/1/3584 
f 2988/1/3591 3015/1/3665 3014/1/3662 2981/1/3584 
f 3013/1/3659 3014/1/3662 3015/1/3665 3016/1/3666 
f 3016/1/3666 3017/1/3667 3012/1/3657 3013/1/3659 
f 3017/1/3667 3018/1/3668 3011/1/3654 3012/1/3657 
f 3010/1/3651 3011/1/3654 3018/1/3668 3019/1/3669 
f 3019/1/3669 3020/1/3670 3009/1/3648 3010/1/3651 
f 3008/1/3646 3009/1/3648 3020/1/3670 3021/1/3671 
f 3021/1/3671 3022/1/3672 3007/1/3643 3008/1/3646 
f 3022/1/3672 3023/1/3673 3006/1/3640 3007/1/3643 
f 3023/1/3673 3024/1/3674 3005/1/3638 3006/1/3640 
f 3024/1/3674 3025/1/3675 3004/1/3635 3005/1/3638 
f 3003/1/3632 3004/1/3635 3025/1/3675 3026/1/3676 
f 3026/1/3676 3027/1/3677 3002/1/3630 3003/1/3632 
f 3027/1/3677 3028/1/3678 3001/1/3627 3002/1/3630 
f 3000/1/3624 3001/1/3627 3028/1/3678 3029/1/3679 
f 3029/1/3679 3030/1/3680 2999/1/3621 3000/1/3624 
f 2998/1/3619 2999/1/3621 3030/1/3680 3031/1/3681 
f 3031/1/3681 3032/1/3682 2997/1/3616 2998/1/3619 
f 2996/1/3613 2997/1/3616 3032/1/3682 3033/1/3683 
f 3033/1/3683 3034/1/3684 2995/1/3611 2996/1/3613 
f 3034/1/3684 3035/1/3685 2994/1/3608 2995/1/3611 
f 3035/1/3685 3036/1/3686 2993/1/3605 2994/1/3608 
f 3036/1/3686 3037/1/3687 2992/1/3602 2993/1/3605 
f 3037/1/3687 3038/1/3688 2991/1/3600 2992/1/3602 
f 3038/1/3688 3039/1/3689 2990/1/3597 2991/1/3600 
f 3039/1/3689 3040/1/3690 2989/1/3594 2990/1/3597 
f 3040/1/3690 3041/1/3691 2985/1/3588 2989/1/3594 
f 2985/1/3588 3041/1/3691 2302/1/2763 2305/1/2766 
f 2302/1/2763 3041/1/3691 2299/1/2760 
f 3015/1/3665 2988/1/3591 2273/1/2734 3042/1/3692 
f 3016/1/3666 3015/1/3665 3042/1/3692 3043/1/3693 
f 3043/1/3693 3044/1/3694 3017/1/3667 3016/1/3666 
f 3044/1/3694 3045/1/3695 3018/1/3668 3017/1/3667 
f 3019/1/3669 3018/1/3668 3045/1/3695 3046/1/3696 
f 3046/1/3696 3047/1/3697 3020/1/3670 3019/1/3669 
f 3047/1/3697 3048/1/3698 3021/1/3671 3020/1/3670 
f 3022/1/3672 3021/1/3671 3048/1/3698 3049/1/3699 
f 3023/1/3673 3022/1/3672 3049/1/3699 3050/1/3700 
f 3024/1/3674 3023/1/3673 3050/1/3700 3051/1/3701 
f 3025/1/3675 3024/1/3674 3051/1/3701 3052/1/3702 
f 3026/1/3676 3025/1/3675 3052/1/3702 3053/1/3703 
f 3053/1/3703 3054/1/3704 3027/1/3677 3026/1/3676 
f 3028/1/3678 3027/1/3677 3054/1/3704 3055/1/3705 
f 3029/1/3679 3028/1/3678 3055/1/3705 3056/1/3706 
f 3056/1/3706 3057/1/3707 3030/1/3680 3029/1/3679 
f 3057/1/3707 3058/1/3708 3031/1/3681 3030/1/3680 
f 3032/1/3682 3031/1/3681 3058/1/3708 3059/1/3709 
f 3059/1/3709 3060/1/3710 3033/1/3683 3032/1/3682 
f 3034/1/3684 3033/1/3683 3060/1/3710 3061/1/3711 
f 3035/1/3685 3034/1/3684 3061/1/3711 3062/1/3712 
f 3036/1/3686 3035/1/3685 3062/1/3712 3063/1/3713 
f 3037/1/3687 3036/1/3686 3063/1/3713 3064/1/3714 
f 3038/1/3688 3037/1/3687 3064/1/3714 3065/1/3715 
f 3039/1/3689 3038/1/3688 3065/1/3715 3066/1/3716 
f 3040/1/3690 3039/1/3689 3066/1/3716 3067/1/3717 
f 3067/1/3717 3068/1/3718 3041/1/3691 3040/1/3690 
f 2299/1/2760 3041/1/3691 3068/1/3718 2300/1/2761 
f 2272/1/2733 2279/1/2740 2273/1/2734 
f 2273/1/2734 2279/1/2740 2983/1/3586 3042/1/3692 
f 3042/1/3692 2983/1/3586 3069/1/3719 
f 3043/1/3693 3042/1/3692 3069/1/3719 3070/1/3720 
f 3044/1/3694 3043/1/3693 3070/1/3720 3071/1/3721 
f 3071/1/3721 3072/1/3722 3045/1/3695 3044/1/3694 
f 3046/1/3696 3045/1/3695 3072/1/3722 3073/1/3723 
f 3073/1/3723 3074/1/3724 3047/1/3697 3046/1/3696 
f 3048/1/3698 3047/1/3697 3074/1/3724 3075/1/3725 
f 3049/1/3699 3048/1/3698 3075/1/3725 3076/1/3726 
f 3076/1/3726 3077/1/3727 3050/1/3700 3049/1/3699 
f 3077/1/3727 3078/1/3728 3051/1/3701 3050/1/3700 
f 3078/1/3728 3079/1/3729 3052/1/3702 3051/1/3701 
f 3079/1/3729 3080/1/3730 3053/1/3703 3052/1/3702 
f 3080/1/3730 3081/1/3731 3054/1/3704 3053/1/3703 
f 3055/1/3705 3054/1/3704 3081/1/3731 3082/1/3732 
f 3056/1/3706 3055/1/3705 3082/1/3732 3083/1/3733 
f 3083/1/3733 3084/1/3734 3057/1/3707 3056/1/3706 
f 3058/1/3708 3057/1/3707 3084/1/3734 3085/1/3735 
f 3085/1/3735 3086/1/3736 3059/1/3709 3058/1/3708 
f 3086/1/3736 3087/1/3737 3060/1/3710 3059/1/3709 
f 3061/1/3711 3060/1/3710 3087/1/3737 3088/1/3738 
f 3088/1/3738 3089/1/3739 3062/1/3712 3061/1/3711 
f 3089/1/3739 3090/1/3740 3063/1/3713 3062/1/3712 
f 3064/1/3714 3063/1/3713 3090/1/3740 3091/1/3741 
f 3091/1/3741 3092/1/3742 3065/1/3715 3064/1/3714 
f 3092/1/3742 3093/1/3743 3066/1/3716 3065/1/3715 
f 3067/1/3717 3066/1/3716 3093/1/3743 3094/1/3744 
f 3094/1/3744 2986/1/3589 3068/1/3718 3067/1/3717 
f 3068/1/3718 2986/1/3589 2303/1/2764 2300/1/2761 
f 2986/1/3589 2298/1/2759 2303/1/2764 
f 2284/1/2745 2983/1/3586 2279/1/2740 
f 3069/1/3719 2983/1/3586 2982/1/3585 3095/1/3745 
f 3070/1/3720 3069/1/3719 3095/1/3745 3096/1/3746 
f 3071/1/3721 3070/1/3720 3096/1/3746 3097/1/3747 
f 3072/1/3722 3071/1/3721 3097/1/3747 3098/1/3748 
f 3073/1/3723 3072/1/3722 3098/1/3748 3099/1/3749 
f 3074/1/3724 3073/1/3723 3099/1/3749 3100/1/3750 
f 3100/1/3750 3101/1/3751 3075/1/3725 3074/1/3724 
f 3076/1/3726 3075/1/3725 3101/1/3751 3102/1/3752 
f 3077/1/3727 3076/1/3726 3102/1/3752 3103/1/3753 
f 3103/1/3753 3104/1/3754 3078/1/3728 3077/1/3727 
f 3104/1/3754 3105/1/3755 3079/1/3729 3078/1/3728 
f 3080/1/3730 3079/1/3729 3105/1/3755 3106/1/3756 
f 3081/1/3731 3080/1/3730 3106/1/3756 3107/1/3757 
f 3082/1/3732 3081/1/3731 3107/1/3757 3108/1/3758 
f 3083/1/3733 3082/1/3732 3108/1/3758 3109/1/3759 
f 3109/1/3759 3110/1/3760 3084/1/3734 3083/1/3733 
f 3110/1/3760 3111/1/3761 3085/1/3735 3084/1/3734 
f 3111/1/3761 3112/1/3762 3086/1/3736 3085/1/3735 
f 3087/1/3737 3086/1/3736 3112/1/3762 3113/1/3763 
f 3113/1/3763 3114/1/3764 3088/1/3738 3087/1/3737 
f 3114/1/3764 3115/1/3765 3089/1/3739 3088/1/3738 
f 3115/1/3765 3116/1/3766 3090/1/3740 3089/1/3739 
f 3091/1/3741 3090/1/3740 3116/1/3766 3117/1/3767 
f 3117/1/3767 3118/1/3768 3092/1/3742 3091/1/3741 
f 3118/1/3768 3119/1/3769 3093/1/3743 3092/1/3742 
f 3119/1/3769 3120/1/3770 3094/1/3744 3093/1/3743 
f 2986/1/3589 3094/1/3744 3120/1/3770 2987/1/3590 
f 2296/1/2757 2987/1/3590 2295/1/2756 
f 2281/1/2742 2280/1/2741 2982/1/3585 
f 2982/1/3585 2280/1/2741 2984/1/3587 3095/1/3745 
f 3095/1/3745 2984/1/3587 3121/1/3771 
f 3096/1/3746 3095/1/3745 3121/1/3771 3122/1/3772 
f 3122/1/3772 3123/1/3773 3097/1/3747 3096/1/3746 
f 3123/1/3773 3124/1/3774 3098/1/3748 3097/1/3747 
f 3124/1/3774 3125/1/3775 3099/1/3749 3098/1/3748 
f 3100/1/3750 3099/1/3749 3125/1/3775 3126/1/3776 
f 3101/1/3751 3100/1/3750 3126/1/3776 3127/1/3777 
f 3127/1/3777 3128/1/3778 3102/1/3752 3101/1/3751 
f 3128/1/3778 3129/1/3779 3103/1/3753 3102/1/3752 
f 3129/1/3779 3130/1/3780 3104/1/3754 3103/1/3753 
f 3105/1/3755 3104/1/3754 3130/1/3780 3131/1/3781 
f 3106/1/3756 3105/1/3755 3131/1/3781 3132/1/3782 
f 3132/1/3782 3133/1/3783 3107/1/3757 3106/1/3756 
f 3133/1/3783 3134/1/3784 3108/1/3758 3107/1/3757 
f 3134/1/3784 3135/1/3785 3109/1/3759 3108/1/3758 
f 3135/1/3785 3136/1/3786 3110/1/3760 3109/1/3759 
f 3111/1/3761 3110/1/3760 3136/1/3786 3137/1/3787 
f 3137/1/3787 3138/1/3788 3112/1/3762 3111/1/3761 
f 3113/1/3763 3112/1/3762 3138/1/3788 3139/1/3789 
f 3114/1/3764 3113/1/3763 3139/1/3789 3140/1/3790 
f 3115/1/3765 3114/1/3764 3140/1/3790 3141/1/3791 
f 3116/1/3766 3115/1/3765 3141/1/3791 3142/1/3792 
f 3117/1/3767 3116/1/3766 3142/1/3792 3143/1/3793 
f 3143/1/3793 3144/1/3794 3118/1/3768 3117/1/3767 
f 3144/1/3794 3145/1/3795 3119/1/3769 3118/1/3768 
f 3120/1/3770 3119/1/3769 3145/1/3795 3146/1/3796 
f 3120/1/3770 3146/1/3796 2987/1/3590 
f 2987/1/3590 3146/1/3796 3147/1/3797 2295/1/2756 
f 3147/1/3797 2293/1/2754 2292/1/2753 2295/1/2756 
f 2984/1/3587 2283/1/2744 2285/1/2746 2954/1/3557 
f 3121/1/3771 2984/1/3587 2954/1/3557 2955/1/3558 
f 2955/1/3558 2957/1/3560 3122/1/3772 3121/1/3771 
f 2957/1/3560 2956/1/3559 3123/1/3773 3122/1/3772 
f 3124/1/3774 3123/1/3773 2956/1/3559 2958/1/3561 
f 3125/1/3775 3124/1/3774 2958/1/3561 2959/1/3562 
f 2959/1/3562 2960/1/3563 3126/1/3776 3125/1/3775 
f 3127/1/3777 3126/1/3776 2960/1/3563 2961/1/3564 
f 3128/1/3778 3127/1/3777 2961/1/3564 2962/1/3565 
f 3129/1/3779 3128/1/3778 2962/1/3565 2963/1/3566 
f 3130/1/3780 3129/1/3779 2963/1/3566 2964/1/3567 
f 2964/1/3567 2965/1/3568 3131/1/3781 3130/1/3780 
f 3132/1/3782 3131/1/3781 2965/1/3568 2966/1/3569 
f 2966/1/3569 2967/1/3570 3133/1/3783 3132/1/3782 
f 2967/1/3570 2968/1/3571 3134/1/3784 3133/1/3783 
f 2968/1/3571 2969/1/3572 3135/1/3785 3134/1/3784 
f 3136/1/3786 3135/1/3785 2969/1/3572 2970/1/3573 
f 2970/1/3573 2971/1/3574 3137/1/3787 3136/1/3786 
f 3138/1/3788 3137/1/3787 2971/1/3574 2972/1/3575 
f 3139/1/3789 3138/1/3788 2972/1/3575 2973/1/3576 
f 3140/1/3790 3139/1/3789 2973/1/3576 2974/1/3577 
f 3141/1/3791 3140/1/3790 2974/1/3577 2975/1/3578 
f 3142/1/3792 3141/1/3791 2975/1/3578 2976/1/3579 
f 2976/1/3579 2977/1/3580 3143/1/3793 3142/1/3792 
f 2977/1/3580 2978/1/3581 3144/1/3794 3143/1/3793 
f 2978/1/3581 2979/1/3582 3145/1/3795 3144/1/3794 
f 3146/1/3796 3145/1/3795 2979/1/3582 2980/1/3583 
f 3146/1/3796 2980/1/3583 3147/1/3797 
f 3147/1/3797 2980/1/3583 2294/1/2755 2293/1/2754 
f 2293/1/2754 2294/1/2755 2289/1/2750 
f 3148/1/1445 2268/1/3798 2269/1/3404 2807/1/3403 
f 1810/1/2203 1809/1/2202 2268/1/3798 
f 1810/1/2203 2268/1/3798 3148/1/1445 
f 1810/1/2203 3148/1/1445 3149/1/1445 1778/1/2201 
f 2384/1/3338 2361/1/3799 2360/1/2821 3150/1/3799 
f 3150/1/3800 2953/1/3556 2314/1/3555 
f 2849/1/3799 2929/1/3799 2931/1/3799 2851/1/3799 
f 2851/1/3799 2931/1/3799 2933/1/3799 2851/1/3799 
f 2851/1/3799 2933/1/3799 2863/1/3799 
f 2849/1/3799 2848/1/3799 2927/1/3799 2929/1/3799 
f 2927/1/3799 2848/1/3799 2848/1/3799 
f 2916/1/3799 2875/1/3799 2877/1/3799 2921/1/3799 
f 2848/1/3799 2839/1/3799 2925/1/3799 2927/1/3799 
f 2925/1/3799 2839/1/3799 2842/1/3799 
f 2842/1/3799 2845/1/3799 2935/1/3799 2925/1/3799 
f 2877/1/3799 2856/1/3799 2921/1/3799 
f 2921/1/3799 2856/1/3799 2859/1/3799 2918/1/3799 
f 2918/1/3799 2859/1/3799 2861/1/3799 
f 2918/1/3799 2861/1/3799 2863/1/3799 2933/1/3799 
f 2935/1/3799 2845/1/3799 2823/1/3799 
f 2823/1/3799 2826/1/3799 2938/1/3799 2935/1/3799 
f 2938/1/3799 2826/1/3799 2828/1/3799 
f 2828/1/3799 2830/1/3799 2940/1/3799 2938/1/3799 
f 2940/1/3799 2830/1/3799 2832/1/3799 2940/1/3799 
f 2940/1/3799 2832/1/3799 2835/1/3799 2943/1/3799 
f 2943/1/3799 2835/1/3799 2836/1/3799 2943/1/3799 
f 2943/1/3799 2836/1/3799 2838/1/3799 2944/1/3799 
f 2944/1/3799 2838/1/3799 2818/1/3799 2950/1/3799 
f 2950/1/3799 2818/1/3799 2821/1/3799 2949/1/3799 
f 2817/1/3799 2953/1/3799 2360/1/2821 2901/1/3799 
f 2814/1/3799 2817/1/3799 2901/1/3799 2896/1/3799 
f 2811/1/3799 2814/1/3799 2896/1/3799 2900/1/3799 
f 2900/1/3799 2949/1/3799 2821/1/3799 2811/1/3799 
f 1775/1/2166 1778/1/2166 3149/1/3799 
f 1775/1/2166 3149/1/3799 2889/1/3799 
f 2889/1/3799 3149/1/3799 2807/1/3799 
f 2890/1/3799 2889/1/3799 2807/1/3799 2810/1/3799 
f 2810/1/3799 2886/1/3799 2894/1/3799 2890/1/3799 
f 2886/1/3799 2879/1/3799 2905/1/3799 2894/1/3799 
f 2879/1/3799 2882/1/3799 2907/1/3799 2905/1/3799 
f 2909/1/3799 2907/1/3799 2882/1/3799 2865/1/3799 
f 2911/1/3799 2909/1/3799 2865/1/3799 2868/1/3799 
f 2911/1/3799 2911/1/3799 2868/1/3799 2869/1/3799 
f 2914/1/3799 2911/1/3799 2869/1/3799 2871/1/3799 
f 2914/1/3799 2914/1/3799 2871/1/3799 2872/1/3799 
f 2916/1/3799 2914/1/3799 2872/1/3799 2875/1/3799 
f 2901/1/3498 2360/1/3265 2741/1/3264 3151/1/3801 
f 2901/1/3498 3151/1/3801 3152/1/3802 2902/1/3499 
f 3150/1/3800 2314/1/3555 2312/1/2843 2382/1/2845 
f 3150/1/3800 2382/1/2845 2384/1/2849 
f 3153/1/3803 2941/1/3804 2946/1/3805 
f 2942/1/3806 3154/1/3807 3155/1/3808 2947/1/3809 
f 3154/1/3807 2942/1/3806 2945/1/3810 
f 2906/1/3811 3156/1/3812 3157/1/3813 3158/1/3814 
f 2906/1/3811 3158/1/3814 2895/1/3815 
f 3159/1/3816 3160/1/3817 3161/1/3818 3162/1/3819 
f 3162/1/3819 3161/1/3818 3163/1/3820 
f 3163/1/3820 3164/1/3821 3156/1/3812 3162/1/3819 
f 3156/1/3812 3164/1/3821 3157/1/3813 
f 3165/1/3822 3166/1/3823 3167/1/3824 
f 3165/1/3822 3167/1/3824 3160/1/3817 3159/1/3816 
f 3168/1/3825 3169/1/3826 3170/1/3827 3171/1/3828 
f 3170/1/3827 3169/1/3826 3172/1/3829 
f 3170/1/3827 3172/1/3829 3166/1/3823 3165/1/3822 
f 3173/1/3830 3174/1/3831 3168/1/3825 3171/1/3828 
f 3175/1/3832 3176/1/3833 3177/1/3834 
f 3175/1/3832 3177/1/3834 3174/1/3831 3173/1/3830 
f 3178/1/3835 3179/1/3836 3180/1/3837 
f 3180/1/3837 3181/1/3838 3182/1/3839 3178/1/3835 
f 3182/1/3839 3181/1/3838 3176/1/3833 3175/1/3832 
f 3183/1/3840 3184/1/3841 3185/1/3842 3186/1/3843 
f 3183/1/3840 3186/1/3843 3179/1/3836 3178/1/3835 
f 3187/1/3844 3188/1/3845 3184/1/3841 3189/1/3846 
f 3184/1/3841 3190/1/3847 3185/1/3842 
f 3187/1/3844 3189/1/3846 3191/1/3848 3192/1/3849 
f 3191/1/3848 2948/1/3850 2899/1/3851 3193/1/3852 
f 3191/1/3848 3193/1/3852 3192/1/3849 
f 2937/1/3853 2939/1/3854 3194/1/3855 3195/1/3856 
f 3195/1/3856 3196/1/3857 2923/1/3858 2936/1/3859 
f 3195/1/3856 2936/1/3859 2937/1/3853 
f 3197/1/3860 2934/1/3861 2932/1/3862 3198/1/3863 
f 3198/1/3863 2932/1/3862 2930/1/3864 3199/1/3865 
f 3199/1/3865 2930/1/3864 2928/1/3866 3200/1/3867 
f 3200/1/3867 2928/1/3866 2926/1/3868 3201/1/3869 
f 3201/1/3869 2926/1/3868 2924/1/3870 3202/1/3871 
f 3203/1/3872 2917/1/3873 2922/1/3874 3204/1/3875 
f 2917/1/3873 3203/1/3872 2915/1/3876 
f 3203/1/3872 3205/1/3877 3206/1/3878 2915/1/3876 
f 2915/1/3876 3206/1/3878 2913/1/3879 
f 3202/1/3871 2924/1/3870 2923/1/3858 3196/1/3857 
f 3201/1/3869 3202/1/3871 3196/1/3857 3207/1/3880 
f 3200/1/3867 3201/1/3869 3207/1/3880 3208/1/3881 
f 3199/1/3865 3200/1/3867 3208/1/3881 3209/1/3882 
f 3209/1/3882 3210/1/3883 3198/1/3863 3199/1/3865 
f 3197/1/3860 3198/1/3863 3210/1/3883 3211/1/3884 
f 3197/1/3860 3211/1/3884 2919/1/3885 2934/1/3861 
f 2919/1/3885 3211/1/3884 3204/1/3875 2920/1/3886 
f 2939/1/3854 2941/1/3804 3194/1/3855 
f 2941/1/3804 3153/1/3803 3212/1/3887 3194/1/3855 
f 3212/1/3887 3213/1/3888 3195/1/3856 3194/1/3855 
f 3213/1/3888 3214/1/3889 3196/1/3857 3195/1/3856 
f 3214/1/3889 3215/1/3890 3207/1/3880 3196/1/3857 
f 3208/1/3881 3207/1/3880 3215/1/3890 3216/1/3891 
f 3216/1/3891 3217/1/3892 3209/1/3882 3208/1/3881 
f 3210/1/3883 3209/1/3882 3217/1/3892 3218/1/3893 
f 3218/1/3893 3219/1/3894 3211/1/3884 3210/1/3883 
f 3204/1/3875 3211/1/3884 3219/1/3894 3220/1/3895 
f 3203/1/3872 3204/1/3875 3220/1/3895 3205/1/3877 
f 3153/1/3803 2946/1/3805 2942/1/3896 2947/1/3809 
f 2947/1/3809 3221/1/3897 3212/1/3887 3153/1/3803 
f 3213/1/3888 3212/1/3887 3221/1/3897 3222/1/3898 
f 3214/1/3889 3213/1/3888 3222/1/3898 3223/1/3899 
f 3215/1/3890 3214/1/3889 3223/1/3899 3224/1/3900 
f 3216/1/3891 3215/1/3890 3224/1/3900 3225/1/3901 
f 3225/1/3901 3226/1/3902 3217/1/3892 3216/1/3891 
f 3218/1/3893 3217/1/3892 3226/1/3902 3227/1/3903 
f 3219/1/3894 3218/1/3893 3227/1/3903 3228/1/3904 
f 3228/1/3904 3229/1/3905 3220/1/3895 3219/1/3894 
f 3229/1/3905 3230/1/3906 3205/1/3877 3220/1/3895 
f 3230/1/3906 2912/1/3907 3206/1/3878 3205/1/3877 
f 2913/1/3879 3206/1/3878 2912/1/3907 2910/1/3908 
f 3155/1/3808 3231/1/3909 3221/1/3897 2947/1/3809 
f 3222/1/3898 3221/1/3897 3231/1/3909 3232/1/3910 
f 3223/1/3899 3222/1/3898 3232/1/3910 3233/1/3911 
f 3224/1/3900 3223/1/3899 3233/1/3911 3234/1/3912 
f 3225/1/3901 3224/1/3900 3234/1/3912 3235/1/3913 
f 3235/1/3913 3236/1/3914 3226/1/3902 3225/1/3901 
f 3227/1/3903 3226/1/3902 3236/1/3914 3237/1/3915 
f 3237/1/3915 3238/1/3916 3228/1/3904 3227/1/3903 
f 3229/1/3905 3228/1/3904 3238/1/3916 3239/1/3917 
f 3239/1/3917 3240/1/3918 3230/1/3906 3229/1/3905 
f 3240/1/3918 3241/1/3919 2912/1/3907 3230/1/3906 
f 3241/1/3919 3242/1/3920 2910/1/3921 2912/1/3907 
f 2910/1/3921 3242/1/3920 2908/1/3922 
f 2948/1/3850 3191/1/3848 3154/1/3807 2945/1/3810 
f 3191/1/3848 3189/1/3846 3155/1/3808 3154/1/3807 
f 3231/1/3909 3155/1/3808 3189/1/3846 3184/1/3841 
f 3184/1/3841 3183/1/3840 3232/1/3910 3231/1/3909 
f 3233/1/3911 3232/1/3910 3183/1/3840 3178/1/3835 
f 3178/1/3835 3182/1/3839 3234/1/3912 3233/1/3911 
f 3235/1/3913 3234/1/3912 3182/1/3839 3175/1/3832 
f 3236/1/3914 3235/1/3913 3175/1/3832 3173/1/3830 
f 3173/1/3830 3171/1/3828 3237/1/3915 3236/1/3914 
f 3171/1/3828 3170/1/3827 3238/1/3916 3237/1/3915 
f 3239/1/3917 3238/1/3916 3170/1/3827 3165/1/3822 
f 3165/1/3822 3159/1/3816 3240/1/3918 3239/1/3917 
f 3241/1/3919 3240/1/3918 3159/1/3816 3162/1/3819 
f 3162/1/3819 3156/1/3812 3242/1/3920 3241/1/3919 
f 3156/1/3812 2906/1/3811 2908/1/3922 3242/1/3920 
f 2538/1/3049 2454/1/3923 2456/1/3924 2496/1/3004 
f 2185/1/3925 2003/1/2397 2002/1/2396 2187/1/3926 
f 1990/1/2384 2000/1/2394 2192/1/3927 2191/1/3928 
f 2192/1/3927 2000/1/2394 1999/1/2393 2193/1/3929 
f 2191/1/3928 2201/1/3930 1990/1/2384 
f 1990/1/2384 2201/1/3930 2200/1/3931 2199/1/3932 
f 2199/1/3932 2198/1/3933 1990/1/2384 
f 1990/1/2384 2198/1/3933 2202/1/3934 2203/1/3552 
f 2003/1/2397 2185/1/3925 2184/1/3935 2004/1/2398 
f 2196/1/3936 2195/1/3937 2006/1/2400 2197/1/3938 
f 2184/1/3935 2190/1/3939 2006/1/2400 2004/1/2398 
f 1999/1/2393 1998/1/2392 2193/1/3929 
f 2193/1/3929 1998/1/2392 2006/1/2400 2194/1/3940 
f 2194/1/3940 2006/1/2400 2195/1/3937 
f 2026/1/2421 1926/1/3941 2014/1/2408 
f 2014/1/2408 1926/1/3941 2172/1/3942 2015/1/2409 
f 2015/1/2409 2172/1/3942 2173/1/3943 
f 2173/1/3943 2177/1/3944 2018/1/2412 2015/1/2409 
f 2177/1/3944 2178/1/3945 2008/1/2402 2018/1/2412 
f 2011/1/2405 2008/1/2402 2178/1/3945 2180/1/3946 
f 2180/1/3946 2181/1/3947 2012/1/2406 2011/1/2405 
f 2002/1/2396 2012/1/2406 2181/1/3947 2188/1/3948 
f 2002/1/2396 2188/1/3948 2187/1/3926 
f 1925/1/3949 1926/1/3941 2026/1/2421 2025/1/2420 
f 2025/1/2420 2023/1/2418 1923/1/2417 1925/1/3949 
f 1921/1/3950 1923/1/2417 2020/1/2414 2032/1/2427 
f 1920/1/3951 1921/1/3950 2032/1/2427 2031/1/2426 
f 1920/1/3951 2031/1/2426 1918/1/3952 
f 1918/1/3952 2031/1/2426 2028/1/2423 1916/1/3953 
f 1916/1/3953 2028/1/2423 2037/1/2432 1915/1/3954 
f 1915/1/3954 2037/1/2432 2036/1/2431 1913/1/3955 
f 1912/1/3956 1913/1/3955 2036/1/2431 2035/1/2430 
f 1912/1/3956 2035/1/2430 2044/1/2439 1904/1/3957 
f 2039/1/2434 745/1/801 671/1/915 1909/1/3958 
f 1909/1/3958 1907/1/3959 2041/1/2436 2039/1/2434 
f 2042/1/2437 2041/1/2436 1907/1/3959 1905/1/3960 
f 1905/1/3960 1904/1/3957 2044/1/2439 2042/1/2437 
f 1990/1/2384 2203/1/3552 2952/1/3554 1993/1/2387 
f 1994/1/2388 1993/1/2387 3243/1/3961 1995/1/2389 
f 1995/1/2389 3243/1/3961 3244/1/3962 1978/1/2372 
f 1978/1/2372 3244/1/3962 1981/1/2375 1979/1/2373 
f 1981/1/2375 3244/1/3962 3245/1/3963 1982/1/2376 
f 1984/1/2378 1982/1/2376 3245/1/3963 3246/1/3964 
f 1984/1/2378 3246/1/3964 1987/1/2381 
f 1987/1/2381 3246/1/3964 3247/1/3965 1988/1/2382 
f 3247/1/3965 3248/1/3966 1970/1/2364 1988/1/2382 
f 3248/1/3966 3249/1/3967 1971/1/2365 1970/1/2364 
f 1971/1/2365 3249/1/3967 1974/1/2368 
f 1974/1/2368 3249/1/3967 3250/1/3968 1976/1/2370 
f 1976/1/2370 3250/1/3968 1968/1/2362 1967/1/2361 
f 1968/1/2362 3250/1/3968 3251/1/3969 1969/1/2363 
f 3251/1/3969 3252/1/3970 2046/1/2441 1969/1/2363 
f 2046/1/2441 3252/1/3970 2709/1/3227 
f 2709/1/3227 3252/1/3970 3253/1/3971 2691/1/3208 
f 3253/1/3971 3254/1/3972 2681/1/3198 2691/1/3208 
f 3254/1/3972 3255/1/3973 2680/1/3197 2681/1/3198 
f 2680/1/3197 3255/1/3973 2678/1/3195 
f 2678/1/3195 3255/1/3973 3256/1/3974 2679/1/3196 
f 2679/1/3196 3256/1/3974 2677/1/3194 2664/1/3181 
f 2677/1/3194 3256/1/3974 3257/1/3975 2648/1/3163 
f 3257/1/3975 2641/1/3155 2640/1/3154 2648/1/3163 
f 2468/1/2976 2467/1/2975 2641/1/3155 3258/1/3976 
f 2468/1/2976 3258/1/3976 2634/1/3148 
f 3258/1/3976 2471/1/2979 2470/1/2978 2634/1/3148 
f 2471/1/2979 3259/1/3977 2619/1/3132 2472/1/2980 
f 2744/1/3978 2745/1/3979 2620/1/3133 2743/1/3980 
f 2620/1/3133 2741/1/3981 2742/1/3982 2743/1/3980 
f 3259/1/3977 3260/1/3983 2620/1/3133 2619/1/3132 
f 2620/1/3133 3260/1/3983 3261/1/3984 2741/1/3981 
f 2741/1/3981 3261/1/3984 3151/1/3985 
f 2746/1/3986 2747/1/3987 2620/1/3133 2745/1/3979 
f 2599/1/3111 2617/1/3130 2740/1/3988 2589/1/3100 
f 2740/1/3988 2617/1/3130 2620/1/3133 2747/1/3987 
f 2740/1/3988 2739/1/3989 2590/1/3101 2589/1/3100 
f 2738/1/3990 2737/1/3991 2590/1/3101 2739/1/3989 
f 2590/1/3101 2737/1/3991 2736/1/3992 2735/1/3993 
f 2735/1/3993 2733/1/3994 2590/1/3101 
f 2590/1/3101 2733/1/3994 2732/1/3995 2582/1/3093 
f 2582/1/3093 2732/1/3995 2580/1/3091 
f 2719/1/3996 2724/1/3997 2474/1/2982 2720/1/3998 
f 2732/1/3995 2730/1/3999 2474/1/2982 2580/1/3091 
f 2474/1/2982 2730/1/3999 2720/1/3998 
f 2474/1/2982 2724/1/3997 2725/1/4000 2475/1/2983 
f 2475/1/2983 2725/1/4000 2727/1/4001 2566/1/3077 
f 2566/1/3077 2727/1/4001 2715/1/4002 2565/1/3076 
f 2715/1/4002 2712/1/4003 2565/1/3076 
f 2712/1/4003 2710/1/4004 2549/1/3060 2565/1/3076 
f 2710/1/4004 2711/1/4005 2550/1/3061 2549/1/3060 
f 2711/1/4005 2446/1/4006 2550/1/3061 
f 2550/1/3061 2541/1/3052 2543/1/3054 
f 2540/1/3051 2541/1/3052 2446/1/4006 2448/1/4007 
f 2536/1/3047 2540/1/3051 2448/1/4007 2449/1/4008 
f 2536/1/3047 2449/1/4008 2451/1/4009 
f 2451/1/4009 2453/1/4010 2537/1/3048 2536/1/3047 
f 2538/1/3049 2537/1/3048 2453/1/4010 2454/1/3923 
f 2456/1/3924 2458/1/4011 2494/1/3002 2496/1/3004 
f 2458/1/4011 2460/1/4012 2492/1/3000 2494/1/3002 
f 2490/1/2998 2492/1/3000 2460/1/4012 2461/1/4013 
f 2461/1/4013 2463/1/4014 2489/1/2997 2490/1/2998 
f 2489/1/2997 2463/1/4014 2464/1/4015 2487/1/2995 
f 2487/1/2995 2464/1/4015 2466/1/4016 2485/1/2993 
f 2485/1/2993 2466/1/4016 1604/1/1810 1524/1/1723 
f 3262/1/4017 3263/1/4018 3264/1/4019 3265/1/4020 
f 3266/1/4021 3267/1/4022 3268/1/4023 3269/1/4024 
f 3166/1/3823 3270/1/4025 3271/1/4026 3167/1/3824 
f 3167/1/3824 3271/1/4026 3272/1/4027 3160/1/3817 
f 3160/1/3817 3272/1/4027 3268/1/4023 3161/1/3818 
f 3161/1/3818 3268/1/4023 3267/1/4022 3163/1/3820 
f 3243/1/3961 3266/1/4021 3269/1/4024 3244/1/3962 
f 3244/1/3962 3269/1/4024 3273/1/4028 3245/1/3963 
f 3245/1/3963 3273/1/4028 3274/1/4029 3246/1/3964 
f 3246/1/3964 3274/1/4029 3275/1/4030 3247/1/3965 
f 3166/1/3823 3172/1/3829 3276/1/4031 3270/1/4025 
f 3276/1/4031 3169/1/3826 3168/1/3825 3277/1/4032 
f 3277/1/4032 3168/1/3825 3174/1/3831 3278/1/4033 
f 3278/1/4033 3174/1/3831 3177/1/3834 3279/1/4034 
f 3279/1/4034 3177/1/3834 3176/1/3833 3280/1/4035 
f 3247/1/3965 3275/1/4030 3248/1/3966 
f 3248/1/3966 3275/1/4030 3281/1/4036 3249/1/3967 
f 3249/1/3967 3281/1/4036 3282/1/4037 3250/1/3968 
f 3250/1/3968 3282/1/4037 3283/1/4038 3251/1/3969 
f 3251/1/3969 3283/1/4038 3284/1/4039 3252/1/3970 
f 3252/1/3970 3284/1/4039 3285/1/4040 3253/1/3971 
f 3286/1/4041 3280/1/4035 3176/1/3833 3181/1/3838 
f 3181/1/3838 3180/1/3837 3286/1/4041 
f 3286/1/4041 3180/1/3837 3179/1/3836 3287/1/4042 
f 3287/1/4042 3179/1/3836 3186/1/3843 3288/1/4043 
f 3288/1/4043 3186/1/3843 3185/1/3842 3289/1/4044 
f 3289/1/4044 3185/1/3842 3190/1/3847 
f 3190/1/3847 3188/1/3845 3290/1/4045 3289/1/4044 
f 3290/1/4045 3188/1/3845 3187/1/3844 3265/1/4020 
f 3192/1/3849 3262/1/4017 3265/1/4020 3187/1/3844 
f 3290/1/4045 3265/1/4020 3264/1/4019 3291/1/4046 
f 3291/1/4046 3292/1/4047 3289/1/4044 3290/1/4045 
f 3288/1/4043 3289/1/4044 3292/1/4047 3293/1/4048 
f 3293/1/4048 3294/1/4049 3287/1/4042 3288/1/4043 
f 3286/1/4041 3287/1/4042 3294/1/4049 3295/1/4050 
f 3280/1/4035 3286/1/4041 3295/1/4050 3285/1/4040 
f 3279/1/4034 3280/1/4035 3285/1/4040 3284/1/4039 
f 3278/1/4033 3279/1/4034 3284/1/4039 3283/1/4038 
f 3277/1/4032 3278/1/4033 3283/1/4038 3282/1/4037 
f 3282/1/4037 3281/1/4036 3276/1/4031 3277/1/4032 
f 3270/1/4025 3276/1/4031 3281/1/4036 3275/1/4030 
f 3271/1/4026 3270/1/4025 3275/1/4030 3274/1/4029 
f 3274/1/4029 3273/1/4028 3272/1/4027 3271/1/4026 
f 3273/1/4028 3269/1/4024 3268/1/4023 3272/1/4027 
f 3254/1/3972 3253/1/3971 3285/1/4040 3295/1/4050 
f 3254/1/3972 3295/1/4050 3255/1/3973 
f 3255/1/3973 3295/1/4050 3294/1/4049 3256/1/3974 
f 3256/1/3974 3294/1/4049 3293/1/4048 3257/1/3975 
f 3257/1/3975 3293/1/4048 3292/1/4047 2641/1/3155 
f 2641/1/3155 3292/1/4047 3291/1/4046 3258/1/3976 
f 3258/1/3976 3291/1/4046 3264/1/4019 2471/1/2979 
f 2471/1/2979 3264/1/4019 3263/1/4018 3259/1/3977 
f 3157/1/3813 3164/1/3821 3296/1/4051 3158/1/3814 
f 2893/1/4052 2895/1/3815 3158/1/3814 2891/1/4053 
f 3158/1/3814 3296/1/4051 2892/1/4054 2891/1/4053 
f 2892/1/4054 3296/1/4051 2887/1/4055 
f 2887/1/4055 3296/1/4051 3297/1/4056 2888/1/4057 
f 2888/1/4057 3297/1/4056 2952/1/3554 2951/1/3553 
f 3243/1/3961 1993/1/2387 3266/1/4021 
f 1993/1/2387 2952/1/3554 3297/1/4056 3266/1/4021 
f 3267/1/4022 3266/1/4021 3297/1/4056 3296/1/4051 
f 3267/1/4022 3296/1/4051 3164/1/3821 3163/1/3820 
f 3151/1/3985 3261/1/3984 3298/1/4058 3152/1/4059 
f 2904/1/4060 2903/1/4061 3299/1/4062 
f 3299/1/4062 2903/1/4061 2902/1/4063 3298/1/4058 
f 3298/1/4058 2902/1/4063 3152/1/4059 
f 3299/1/4062 3193/1/3852 2899/1/3851 2898/1/4064 
f 3299/1/4062 2898/1/4064 2897/1/4065 2904/1/4060 
f 3261/1/3984 3260/1/3983 3298/1/4058 
f 3260/1/3983 3259/1/3977 3263/1/4018 3298/1/4058 
f 3263/1/4018 3262/1/4017 3299/1/4062 3298/1/4058 
f 3193/1/3852 3299/1/4062 3262/1/4017 3192/1/3849 
f 1897/1/1449 1215/1/1452 1899/1/1451 
f 841/1/1450 1217/1/1448 715/1/1450 
f 2408/1/2896 1252/1/1649 2240/1/2898 
f 1251/1/1449 2235/1/1451 2240/1/1449 
f 2539/1/3050 2543/1/3054 2541/1/3052 
f 2539/1/3050 2536/1/3047 2535/1/3046 
f 2550/1/3061 2446/1/4006 2541/1/3052 
f 2542/1/3053 2550/1/3061 2543/1/3054 
f 2244/1/1450 2247/1/1448 1251/1/1449 
f 1903/1/1448 2243/1/1450 1251/1/1449 
f 1894/1/1451 1892/1/1451 1215/1/1452 
f 1217/1/1448 1216/1/1452 1251/1/1449 
f 1251/1/1449 1226/1/1448 1227/1/1448 
f 1251/1/1449 1223/1/1448 1224/1/1448 
f 1251/1/1449 1220/1/1449 1221/1/1448 
f 661/1/741 683/1/737 663/1/738 
f 670/1/735 684/1/740 1910/1/740 
f 2786/1/741 1906/1/741 1908/1/741 
f 2786/1/741 1910/1/740 684/1/740 
f 2782/1/741 1906/1/741 2786/1/741 
f 2784/1/3357 2786/1/3360 2785/1/3358 
f 677/1/725 545/1/582 678/1/726 
f 545/1/582 677/1/725 546/1/584 
f 1748/1/2072 489/1/2071 672/1/720 
f 93/1/1409 1173/1/1370 94/1/1412 
f 510/1/528 507/1/525 506/1/524 
f 1751/1/2077 69/1/2098 1741/1/2058 
f 1750/1/2075 1741/1/2058 1740/1/2057 
f 1757/1/2094 102/1/2118 104/1/2114 
f 107/1/2113 1755/1/2090 1756/1/2091 
f 933/1/1160 1008/1/1159 934/1/1158 
f 913/1/988 911/1/988 912/1/988 
f 952/1/1075 951/1/1074 912/1/1069 
f 952/1/988 909/1/988 957/1/988 
f 957/1/988 908/1/988 927/1/988 
f 927/1/988 926/1/988 965/1/988 
f 867/1/1296 1108/1/1289 860/1/1288 
f 908/1/1010 341/1/1045 926/1/1046 
f 911/1/1019 337/1/1018 910/1/1012 
f 907/1/1006 329/1/1021 911/1/1019 
f 364/1/1017 911/1/1019 328/1/1022 
f 364/1/383 331/1/350 337/1/356 
f 359/1/378 330/1/349 329/1/348 
f 293/1/312 321/1/340 294/1/313 
f 323/1/1028 915/1/1027 317/1/1034 
f 323/1/342 316/1/335 322/1/341 
f 919/1/2022 315/1/334 314/1/333 
f 344/1/363 343/1/362 345/1/364 
f 290/1/309 349/1/368 291/1/310 
f 287/1/306 184/1/203 183/1/202 
f 279/1/298 184/1/203 287/1/306 
f 3/1/3 12/1/12 845/1/988 
f 114/1/1962 3/1/1446 1187/1/1445 
f 1626/1/1970 18/1/1965 1627/1/1964 
f 1691/1/2143 1771/1/2142 1688/1/2148 
f 1668/1/1884 1670/1/1887 63/1/2156 
f 1651/1/1861 1631/1/740 1652/1/741 
f 1656/1/1867 1684/1/1901 1667/1/1883 
f 1684/1/1931 1326/1/1930 1685/1/1933 
f 19/1/45 29/1/29 35/1/46 
f 2889/1/3486 2951/1/3555 1775/1/2626 
f 3149/1/1445 3148/1/1445 2807/1/3403 
f 2873/1/3473 2871/1/3471 2870/1/3470 
f 2855/1/3628 3001/1/3627 2846/1/3626 
f 2831/1/3609 2994/1/3608 2833/1/3607 
f 2815/1/3412 2814/1/3411 2813/1/3410 
f 896/1/994 895/1/993 892/1/990 
f 900/1/1001 901/1/998 896/1/994 
f 888/1/985 890/1/987 883/1/980 
f 884/1/1327 1135/1/1320 885/1/1322 
f 1654/1/741 1634/1/741 1655/1/741 
f 1647/1/741 1640/1/741 1646/1/741 
f 1648/1/1878 1664/1/1879 1649/1/1880 
f 2798/1/3389 2751/1/3284 2803/1/3394 
f 2801/1/739 2457/1/739 2802/1/739 
f 2800/1/739 2462/1/739 2801/1/739 
f 1788/1/2178 1787/1/2177 1789/1/2182 
f 2809/1/3664 3014/1/3662 2884/1/3661 
f 2197/1/3938 2006/1/2400 2190/1/3939 
f 2203/1/2626 1775/1/2626 2951/1/3555 
f 3150/1/3799 2360/1/2821 2953/1/3799 
f 2312/1/2773 2304/1/2765 2311/1/2772 
f 2803/1/3394 2751/1/3284 2797/1/3388 
f 2793/1/3379 2792/1/3378 2802/1/3393 
f 2801/1/3392 2792/1/3378 2790/1/3374 
f 1661/1/1875 1660/1/1874 1646/1/1868 
f 1659/1/1872 1662/1/1876 1647/1/1873 
f 21/1/1969 1707/1/1972 22/1/1973 
f 44/1/63 43/1/62 42/1/61 
f 2936/1/3535 2935/1/3534 2937/1/3536 
f 985/1/1118 432/1/1432 982/1/1115 
f 2920/1/3886 3204/1/3875 2922/1/3874 
f 1440/1/1635 1159/1/1349 1435/1/1639 
f 443/1/463 442/1/462 441/1/461 
f 1432/1/1636 1100/1/1261 1431/1/1619 
f 1295/1/741 1294/1/741 1293/1/741 
f 1087/1/1248 1443/1/1627 972/1/1105 
f 3169/1/3826 3276/1/4031 3172/1/3829 
f 3184/1/3841 3188/1/3845 3190/1/3847 
f 1356/1/1503 1381/1/1535 1357/1/1504 
f 584/1/628 586/1/630 582/1/626 
f 591/1/635 589/1/633 588/1/632 
f 592/1/4066 602/1/4067 796/1/4068 593/1/4069 
f 795/1/4070 812/1/4070 593/1/4069 796/1/4068 
f 615/1/4071 628/1/4071 796/1/4068 602/1/4067 
f 743/1/799 822/1/885 740/1/796 
# 2839 polygons - 1024 triangles

