# This file uses centimeters as units for non-parametric coordinates.

mtllib left_hip_roll_link.mtl
g default
v 0.036497 -0.023004 -0.124124
v 0.044263 -0.023004 -0.124124
v 0.036497 -0.023004 -0.121460
v 0.044263 -0.023004 -0.121229
v 0.035501 -0.023000 -0.011579
v 0.033501 -0.023000 -0.011579
v 0.033501 -0.018972 -0.017410
v 0.035501 -0.018972 -0.017410
v 0.033501 -0.013508 -0.021923
v 0.035501 -0.013508 -0.021923
v 0.033501 -0.007020 -0.024775
v 0.035501 -0.007020 -0.024775
v 0.033501 0.000000 -0.025750
v 0.035501 0.000000 -0.025750
v 0.033501 0.007020 -0.024775
v 0.035501 0.007020 -0.024775
v 0.033501 0.013508 -0.021923
v 0.035501 0.013508 -0.021923
v 0.033501 0.018972 -0.017410
v 0.035501 0.018972 -0.017410
v 0.033501 0.023000 -0.011579
v 0.035501 0.023000 -0.011579
v 0.049483 0.047022 -0.009909
v 0.050893 0.047012 -0.011520
v 0.052111 0.047003 -0.012912
v 0.053666 0.045938 -0.005696
v 0.057117 0.044466 -0.001062
v 0.056737 0.045592 -0.008005
v 0.058635 0.044335 -0.002211
v 0.060082 0.043949 -0.003396
v 0.051326 -0.047497 -0.013504
v 0.050321 -0.047526 -0.012299
v 0.048794 -0.047492 -0.010486
v 0.054897 -0.046609 -0.010175
v 0.058718 -0.044600 -0.002332
v 0.057113 -0.044585 -0.000891
v 0.055152 -0.045598 -0.003725
v 0.060082 -0.044291 -0.003396
v 0.057824 -0.045456 -0.006593
v 0.051676 -0.046838 -0.007822
v 0.065938 0.034407 0.015709
v 0.064529 0.034828 0.016679
v 0.067494 0.030643 0.017943
v 0.067013 0.033434 0.014724
v 0.066502 0.031068 0.019546
v 0.066974 0.027221 0.022888
v 0.067877 0.027503 0.020846
v 0.067329 0.022942 0.025671
v 0.068295 0.022270 0.024343
v 0.067513 0.018232 0.027629
v 0.065893 0.022275 0.027123
v 0.066071 0.018608 0.028770
v 0.065676 0.025579 0.025199
v 0.065498 0.027659 0.023734
v 0.065010 0.031893 0.020009
v 0.063329 0.037968 0.012175
v 0.064765 0.037527 0.011246
v 0.061648 0.040449 0.007743
v 0.063112 0.040159 0.006685
v 0.059589 0.042602 0.003300
v 0.061087 0.042438 0.002150
v 0.066263 0.035801 0.011504
v 0.064749 0.039083 0.005999
v 0.062813 0.041622 0.001687
v 0.065569 -0.034611 0.015658
v 0.067013 -0.033776 0.014723
v 0.066571 -0.030959 0.019367
v 0.067448 -0.031318 0.017591
v 0.064861 -0.031440 0.020557
v 0.064703 -0.032339 0.019616
v 0.064043 -0.035028 0.016374
v 0.065576 -0.026152 0.024979
v 0.067654 -0.022183 0.025768
v 0.065868 -0.022669 0.027080
v 0.067610 -0.018564 0.027545
v 0.066071 -0.018950 0.028770
v 0.067401 -0.025611 0.023772
v 0.067839 -0.028188 0.020561
v 0.068153 -0.024813 0.023077
v 0.065185 -0.029379 0.022488
v 0.067982 -0.011625 0.029391
v 0.066419 -0.011494 0.030830
v 0.062629 -0.042087 0.001384
v 0.064479 -0.039850 0.005260
v 0.062755 -0.040855 0.005860
v 0.059242 -0.043006 0.002866
v 0.060992 -0.042775 0.002207
v 0.060951 -0.041133 0.006634
v 0.063266 -0.037240 0.013230
v 0.066267 -0.036129 0.011522
v 0.068211 0.011445 0.029285
v 0.069111 0.011153 0.026993
v 0.068171 0.005054 0.029928
v 0.068396 -0.000171 0.030363
v 0.066604 0.005420 0.031605
v 0.066662 -0.000171 0.031844
v 0.066403 0.011463 0.030767
v 0.069028 0.016887 0.025108
v 0.068958 0.025087 0.019345
v 0.068914 0.028173 0.015993
v 0.068802 0.021587 0.023044
v 0.068676 0.030719 0.013283
v 0.069174 0.019910 0.022707
v 0.070023 0.027550 0.011823
v 0.069571 0.024884 0.016888
v 0.069349 0.022576 0.019961
v 0.070613 0.029525 0.005966
v 0.071926 0.030088 -0.003376
v 0.073502 0.027776 -0.010844
v 0.074521 0.027742 -0.021645
v 0.072602 0.033087 -0.021624
v 0.067307 0.036427 0.005734
v 0.070306 0.034027 -0.003356
v 0.069850 0.037822 -0.021664
v 0.068359 0.037214 -0.003379
v 0.066275 0.041590 -0.021780
v 0.065917 0.039994 -0.003483
v 0.063589 0.043470 -0.021899
v 0.063093 0.042295 -0.003648
v 0.061431 0.044600 -0.022003
v 0.060829 0.044432 -0.012685
v 0.072600 0.029124 -0.006254
v 0.074692 0.025072 -0.016260
v 0.075880 0.021182 -0.021216
v 0.069215 0.033279 0.005746
v 0.066500 0.041635 -0.025261
v 0.067103 0.041669 -0.036376
v 0.067319 0.041633 -0.041382
v 0.069740 0.039453 -0.041901
v 0.070540 0.037999 -0.032607
v 0.071103 0.037901 -0.042188
v 0.071980 0.036740 -0.042371
v 0.073418 0.033295 -0.032544
v 0.073931 0.033508 -0.042775
v 0.076716 0.022422 -0.032570
v 0.076508 0.026765 -0.043287
v 0.075421 0.028008 -0.032540
v 0.075240 0.030607 -0.043038
v 0.077916 0.019476 -0.043542
v 0.078019 0.011022 -0.032660
v 0.078798 0.011114 -0.043697
v 0.079161 -0.000171 -0.043771
v 0.077614 0.011162 -0.028071
v 0.078047 0.005614 -0.029760
v 0.078195 -0.000171 -0.030333
v 0.076919 0.016253 -0.025346
v 0.069927 -0.028157 0.011939
v 0.069705 -0.026220 0.015264
v 0.069024 -0.030211 0.012896
v 0.068914 -0.028515 0.015993
v 0.068788 -0.025846 0.019528
v 0.068799 -0.022916 0.022157
v 0.069257 -0.021636 0.021369
v 0.069100 -0.018819 0.023923
v 0.069028 -0.017228 0.025107
v 0.069454 -0.024134 0.018443
v 0.068195 -0.005662 0.029878
v 0.066604 -0.005757 0.031605
v 0.078019 -0.011364 -0.032660
v 0.078919 -0.009487 -0.043720
v 0.078047 -0.005956 -0.029760
v 0.076716 -0.022763 -0.032571
v 0.077535 -0.022495 -0.043477
v 0.075421 -0.028349 -0.032540
v 0.076555 -0.026934 -0.043297
v 0.075306 -0.030778 -0.043052
v 0.073418 -0.033637 -0.032545
v 0.073965 -0.033786 -0.042782
v 0.070540 -0.038340 -0.032607
v 0.072060 -0.036970 -0.042391
v 0.067546 -0.041794 -0.041432
v 0.070056 -0.039459 -0.041971
v 0.070900 -0.036470 -0.021646
v 0.068895 -0.039362 -0.021691
v 0.067151 -0.042005 -0.037427
v 0.066275 -0.041932 -0.021781
v 0.071930 -0.034811 -0.021628
v 0.072602 -0.033429 -0.021624
v 0.074263 -0.028968 -0.021638
v 0.076003 -0.021043 -0.021714
v 0.077614 -0.011503 -0.028071
v 0.076919 -0.016594 -0.025346
v 0.074825 -0.024164 -0.015421
v 0.073762 -0.026706 -0.010402
v 0.072741 -0.028227 -0.005015
v 0.071773 -0.030897 -0.003404
v 0.075572 -0.022061 -0.019902
v 0.072613 -0.031367 -0.012513
v 0.071096 -0.034798 -0.012498
v 0.068359 -0.037556 -0.003379
v 0.065917 -0.040335 -0.003483
v 0.063093 -0.042636 -0.003649
v 0.064388 -0.043315 -0.021863
v 0.060825 -0.044772 -0.012629
v 0.061431 -0.044942 -0.022003
v 0.067307 -0.036769 0.005734
v 0.069215 -0.033621 0.005746
v 0.070613 -0.029867 0.005966
v 0.070424 -0.029146 0.008102
v 0.070306 -0.034369 -0.003356
v 0.069494 -0.000171 0.027000
v 0.069508 0.003460 0.026756
v 0.069612 0.010450 0.024825
v 0.069732 0.014329 0.022765
v 0.069904 0.017835 0.020120
v 0.070746 0.024639 0.010653
v 0.070347 0.022527 0.014624
v 0.070098 0.020365 0.017530
v 0.072079 0.026823 0.000595
v 0.071343 0.026216 0.005720
v 0.072741 0.027886 -0.005015
v 0.073762 0.026364 -0.010402
v 0.075886 0.018929 -0.019074
v 0.075167 0.021652 -0.015898
v 0.074506 0.023587 -0.012828
v 0.073934 0.024902 -0.010016
v 0.073279 0.026016 -0.006572
v 0.077808 -0.000171 -0.026999
v 0.077683 0.004838 -0.026490
v 0.077320 0.009947 -0.025031
v 0.076754 0.014333 -0.022724
v 0.070746 -0.024981 0.010653
v 0.071087 -0.026042 0.007727
v 0.071343 -0.026558 0.005720
v 0.071858 -0.027004 0.002116
v 0.069757 -0.015325 0.022347
v 0.069948 -0.018835 0.019510
v 0.070418 -0.023338 0.013869
v 0.070154 -0.021276 0.016841
v 0.069119 -0.010943 0.027175
v 0.069521 -0.005320 0.026506
v 0.069608 -0.010123 0.024932
v 0.073647 -0.000171 0.000024
v 0.073414 0.010802 0.000109
v 0.072814 0.019971 0.000327
v 0.075977 -0.018879 -0.019467
v 0.076711 -0.014954 -0.022545
v 0.077320 -0.010289 -0.025032
v 0.077575 -0.007239 -0.026057
v 0.077718 -0.004533 -0.026632
v 0.072896 -0.026804 -0.004424
v 0.075365 -0.021314 -0.016792
v 0.074715 -0.023369 -0.013815
v 0.074048 -0.025009 -0.010586
v 0.072983 -0.018269 0.000265
v 0.073493 -0.009154 0.000080
v 0.073281 -0.013800 0.000157
v 0.033501 -0.018972 0.017410
v 0.033501 0.007020 0.024775
v 0.033501 0.013508 0.021923
v 0.033501 0.023000 0.011579
v 0.033501 0.018972 0.017410
v 0.033501 0.000000 0.025750
v 0.033501 -0.013508 0.021923
v 0.033501 -0.007020 0.024775
v 0.033501 -0.023000 0.011579
v 0.035501 0.023000 0.011579
v 0.035501 0.018972 0.017410
v 0.035501 0.013508 0.021923
v 0.035501 0.007020 0.024775
v 0.035501 0.000000 0.025750
v 0.035501 -0.007020 0.024775
v 0.035501 -0.013508 0.021923
v 0.035501 -0.018972 0.017410
v 0.035501 -0.023000 0.011579
v 0.075535 -0.014522 -0.121229
v 0.074824 -0.019757 -0.121229
v 0.052923 -0.010976 -0.121229
v 0.035501 0.037339 -0.121229
v 0.049347 0.017525 -0.121229
v 0.044263 0.022996 -0.121229
v 0.049347 -0.017533 -0.121229
v 0.054768 0.003731 -0.121229
v 0.076132 -0.000170 -0.121229
v 0.054768 -0.003738 -0.121229
v 0.076006 -0.007417 -0.121229
v 0.030906 -0.025026 -0.121460
v 0.052923 0.010968 -0.121229
v 0.075448 0.015018 -0.121229
v 0.075974 0.007878 -0.121229
v 0.043560 0.041779 -0.121229
v 0.071465 0.029706 -0.121229
v 0.073124 0.026023 -0.121229
v 0.074241 0.022239 -0.121229
v 0.074683 0.020182 -0.121229
v 0.035884 0.042515 -0.121229
v 0.047028 -0.041825 -0.121229
v 0.043560 -0.042120 -0.121229
v 0.039724 -0.042414 -0.121229
v 0.035501 -0.039832 -0.121229
v 0.035884 -0.042856 -0.121229
v 0.074263 -0.022486 -0.121229
v 0.073385 -0.025611 -0.121229
v 0.072258 -0.028492 -0.121229
v 0.036662 0.022996 -0.121461
v 0.030997 0.025080 -0.121461
v 0.030308 0.038394 -0.121229
v 0.025001 0.025788 -0.121461
v -0.002920 -0.010976 -0.121229
v 0.000655 -0.017533 -0.121229
v -0.006317 -0.026186 -0.121229
v 0.050303 0.041092 -0.121229
v 0.054770 0.040323 -0.121229
v 0.062300 0.037964 -0.121229
v 0.064643 0.036748 -0.121229
v 0.067310 0.034839 -0.121229
v 0.000017 -0.032519 -0.121229
v 0.005740 -0.023004 -0.121229
v 0.007601 -0.037285 -0.121229
v 0.013506 -0.023004 -0.121460
v 0.016055 -0.040243 -0.121229
v 0.019096 -0.025026 -0.121460
v 0.024956 -0.041246 -0.121229
v 0.025001 -0.025712 -0.121460
v 0.030308 -0.040887 -0.121229
v 0.058466 0.039387 -0.121229
v 0.069590 0.032507 -0.121229
v 0.058494 -0.039719 -0.121229
v 0.053848 -0.040851 -0.121229
v 0.048383 -0.041678 -0.121229
v 0.070742 -0.031250 -0.121229
v -0.011082 -0.018601 -0.121229
v -0.014041 -0.010147 -0.121229
v -0.004765 -0.003738 -0.121229
v -0.015043 -0.001246 -0.121229
v -0.004765 0.003731 -0.121229
v -0.014040 0.007655 -0.121229
v -0.002920 0.010968 -0.121229
v -0.011082 0.016109 -0.121229
v 0.000655 0.017525 -0.121229
v -0.006316 0.023693 -0.121229
v 0.005740 0.022996 -0.121229
v 0.000017 0.030027 -0.121229
v 0.013340 0.022996 -0.121461
v 0.007602 0.034792 -0.121229
v 0.019006 0.025080 -0.121461
v 0.016056 0.037751 -0.121229
v 0.024957 0.038754 -0.121229
v 0.068599 -0.033971 -0.121229
v 0.066186 -0.036067 -0.121229
v 0.063096 -0.037930 -0.121229
v 0.059876 -0.039270 -0.121229
v 0.035501 -0.036215 -0.073026
v 0.035501 -0.041247 -0.073104
v 0.035501 -0.046888 -0.062257
v 0.035501 -0.046051 -0.078138
v 0.035501 -0.041247 -0.078404
v 0.035501 0.038753 -0.078403
v 0.035501 0.045303 -0.084227
v 0.035501 0.037339 -0.078403
v 0.035501 0.043703 -0.104341
v 0.035501 0.042778 -0.116808
v 0.035501 0.033719 -0.073003
v 0.035501 0.038753 -0.073103
v 0.035501 0.046675 -0.058995
v 0.035501 0.045797 -0.076718
v 0.035501 -0.047240 -0.051806
v 0.035134 -0.036298 -0.062803
v 0.035134 -0.036298 -0.066803
v 0.035501 -0.043461 -0.111685
v 0.035501 -0.044044 -0.104342
v 0.035501 -0.039832 -0.078404
v 0.035501 -0.045415 -0.087428
v 0.035501 -0.045681 -0.083704
v 0.035287 -0.027200 0.035997
v 0.035142 -0.023790 0.038511
v 0.035239 0.045599 -0.005403
v 0.035501 0.046365 -0.012391
v 0.035501 -0.047376 -0.031071
v 0.035501 -0.047408 -0.034429
v 0.035501 -0.047344 -0.046808
v 0.035153 -0.047251 -0.023484
v 0.035164 -0.047214 -0.022356
v 0.035501 0.033697 -0.062803
v 0.035208 -0.036889 0.024351
v 0.035316 -0.034358 0.028284
v 0.035191 -0.047189 -0.019701
v 0.035115 -0.047083 -0.018109
v 0.035139 -0.046647 -0.011557
v 0.035501 -0.044077 0.004791
v 0.035229 -0.043179 0.008504
v 0.035132 -0.041286 0.014624
v 0.035501 -0.039369 0.019279
v 0.035239 -0.045941 -0.005403
v 0.035237 -0.044793 0.001545
v 0.035153 0.046909 -0.023484
v 0.035501 0.047063 -0.034078
v 0.035501 0.039318 0.018611
v 0.035360 0.041504 0.012884
v 0.035229 0.042836 0.008505
v 0.035237 0.044455 0.001527
v 0.035198 0.021352 0.039702
v 0.035287 0.026419 0.036350
v 0.035317 -0.014240 0.042606
v 0.035191 -0.018408 0.041249
v 0.035224 -0.020005 0.040536
v 0.035241 -0.031789 0.031583
v 0.035501 -0.030821 0.032534
v 0.035115 0.046741 -0.018109
v 0.035501 0.046869 -0.020181
v 0.035164 0.046872 -0.022355
v 0.035501 0.033697 -0.066803
v 0.035501 0.046898 -0.051805
v 0.035501 0.046945 -0.049795
v 0.035224 0.033854 0.028554
v 0.035208 0.036410 0.024591
v 0.035501 0.036961 0.023472
v 0.035501 -0.003901 0.044236
v 0.035501 -0.008769 0.043700
v 0.035159 0.029900 0.033289
v 0.035224 0.032993 0.029707
v 0.035204 0.017789 0.041352
v 0.035501 0.009652 0.043494
v 0.035213 0.004811 0.044273
v 0.035224 -0.000171 0.044484
v 0.035357 0.011900 0.043098
v 0.035224 0.013539 0.042749
v 0.039903 -0.042287 -0.122547
v 0.036232 -0.042662 -0.123897
v 0.038164 -0.042387 -0.123898
v 0.041725 -0.042125 -0.122519
v 0.041712 -0.041995 -0.123898
v 0.043561 -0.041995 -0.122507
v 0.043563 -0.041857 -0.123898
v 0.047135 -0.041550 -0.123899
v 0.052926 -0.040749 -0.123900
v 0.057375 -0.039749 -0.123901
v 0.058710 -0.039354 -0.123901
v 0.060982 -0.038545 -0.123901
v 0.062434 -0.037914 -0.123901
v 0.068009 -0.034082 -0.123902
v 0.065149 -0.036403 -0.123902
v 0.071391 -0.029450 -0.123903
v 0.069915 -0.031854 -0.123903
v 0.072507 -0.026981 -0.123903
v 0.073553 -0.023786 -0.123903
v 0.075366 -0.012080 -0.123903
v 0.074813 -0.017423 -0.123903
v 0.074342 -0.020330 -0.123903
v 0.075656 -0.006330 -0.123903
v 0.075740 -0.000170 -0.123903
v 0.025476 -0.045285 -0.123561
v 0.025356 -0.043761 -0.123895
v 0.062257 0.039521 -0.123457
v 0.066041 0.037388 -0.123608
v 0.064076 0.036720 -0.123901
v 0.030902 -0.044936 -0.123650
v 0.028907 -0.043658 -0.123896
v 0.036446 -0.044124 -0.123662
v 0.043667 -0.043358 -0.123673
v 0.052409 -0.042367 -0.123675
v 0.059071 -0.040824 -0.123678
v 0.063599 -0.039032 -0.123680
v 0.066654 -0.037516 -0.123700
v 0.069318 -0.035041 -0.123611
v 0.069940 0.034100 -0.123515
v 0.068462 0.033286 -0.123902
v 0.066417 0.035154 -0.123902
v 0.070895 -0.033232 -0.123614
v 0.072997 -0.030005 -0.123494
v 0.074868 0.025278 -0.123474
v 0.076093 0.019461 -0.123581
v 0.073695 0.022910 -0.123903
v 0.061834 0.037846 -0.123901
v 0.058727 0.039008 -0.123900
v 0.057120 0.041294 -0.123453
v 0.031039 0.044579 -0.123650
v 0.029065 0.043306 -0.123896
v 0.025357 0.044860 -0.123643
v 0.025356 0.043420 -0.123895
v 0.074613 -0.025471 -0.123661
v 0.076143 -0.018903 -0.123689
v 0.072351 0.027029 -0.123903
v 0.072663 0.030180 -0.123578
v 0.070858 0.030068 -0.123902
v 0.069169 0.032482 -0.123902
v 0.043667 0.043017 -0.123672
v 0.047876 0.042393 -0.123899
v 0.048975 0.041001 -0.123899
v 0.055352 0.039916 -0.123900
v 0.053993 0.040205 -0.123900
v 0.051022 0.040721 -0.123899
v 0.076692 -0.011602 -0.123904
v 0.043563 0.041517 -0.123898
v 0.036446 0.043783 -0.123661
v 0.036232 0.042321 -0.123897
v 0.032725 0.042879 -0.123896
v 0.077514 -0.000162 -0.123479
v 0.077232 0.010570 -0.123477
v 0.075540 0.008904 -0.123903
v 0.076403 0.014638 -0.123903
v 0.074970 0.015873 -0.123903
v 0.074622 0.018374 -0.123903
v 0.034897 0.048449 -0.018183
v 0.034958 0.048023 -0.011571
v 0.039276 0.048251 -0.016460
v 0.034977 0.047280 -0.005003
v 0.036496 0.045051 -0.108324
v 0.043685 0.044646 -0.108885
v 0.043687 0.045028 -0.104599
v 0.036499 0.045375 -0.104488
v 0.051472 0.042401 -0.123449
v 0.076047 -0.020879 -0.123474
v 0.076760 -0.016241 -0.123476
v 0.077463 -0.005503 -0.123478
v 0.077238 -0.010825 -0.123478
v 0.046777 -0.045327 -0.102114
v 0.036492 -0.044942 -0.113953
v 0.035843 -0.045990 -0.101504
v 0.034897 -0.048790 -0.018184
v 0.034958 -0.048364 -0.011572
v 0.040794 -0.048488 -0.015736
v 0.034977 -0.047622 -0.005003
v 0.044608 -0.048124 -0.013572
v 0.034971 -0.046438 0.002142
v 0.034959 -0.045212 0.007634
v 0.034956 -0.044811 0.009168
v 0.034948 -0.043118 0.014704
v 0.034947 -0.041681 0.018532
v 0.030938 -0.045272 -0.113948
v 0.030946 -0.045778 -0.104488
v 0.025387 -0.045710 -0.104487
v 0.025372 -0.045273 -0.113942
v 0.052184 -0.044623 -0.102420
v 0.061744 -0.045208 -0.040126
v 0.063345 -0.044202 -0.060941
v 0.065813 -0.042901 -0.061350
v 0.034315 -0.049117 -0.036758
v 0.033641 -0.049066 -0.045166
v 0.035912 -0.049067 -0.045093
v 0.029617 -0.048590 -0.061260
v 0.035935 -0.047695 -0.078960
v 0.030701 -0.048698 -0.058971
v 0.035938 -0.048803 -0.056385
v 0.028182 -0.048464 -0.063406
v 0.026997 -0.048360 -0.064896
v 0.025792 -0.048207 -0.067322
v 0.025444 -0.048087 -0.069601
v 0.032839 -0.048958 -0.051033
v 0.031813 -0.048824 -0.055662
v 0.041562 -0.048574 -0.057300
v 0.039560 -0.049037 -0.035270
v 0.034457 -0.049101 -0.034030
v 0.044723 -0.048732 -0.036372
v 0.047147 -0.048087 -0.058220
v 0.046635 -0.048552 -0.036784
v 0.052673 -0.047285 -0.059141
v 0.052792 -0.047678 -0.038128
v 0.058106 -0.046071 -0.060057
v 0.059281 -0.046079 -0.039573
v 0.064546 -0.043831 -0.040757
v 0.070241 -0.039489 -0.062057
v 0.072118 -0.037399 -0.062346
v 0.073737 -0.035098 -0.062589
v 0.078395 -0.021915 -0.063251
v 0.077117 -0.027382 -0.063082
v 0.075096 -0.032631 -0.062790
v 0.080081 -0.000170 -0.083083
v 0.079989 -0.000170 -0.063463
v 0.079667 -0.010788 -0.063412
v 0.079417 -0.000170 -0.104077
v 0.078399 -0.010252 -0.113928
v 0.078523 -0.000170 -0.115425
v 0.077187 -0.020776 -0.113896
v 0.075917 -0.025925 -0.113866
v 0.073898 -0.030833 -0.113816
v 0.070879 -0.035201 -0.113741
v 0.066844 -0.038659 -0.113637
v 0.057019 -0.042689 -0.113363
v 0.062109 -0.041093 -0.113508
v 0.025413 -0.046946 -0.088715
v 0.079811 -0.010631 -0.083633
v 0.079328 -0.016119 -0.083589
v 0.078527 -0.021577 -0.083524
v 0.077226 -0.026948 -0.083411
v 0.075173 -0.032091 -0.083217
v 0.073789 -0.034496 -0.083083
v 0.072140 -0.036729 -0.082921
v 0.070230 -0.038741 -0.082729
v 0.068086 -0.040500 -0.082508
v 0.068127 -0.041330 -0.061724
v 0.063271 -0.043227 -0.081987
v 0.047104 -0.046962 -0.080179
v 0.058035 -0.045017 -0.081399
v 0.052615 -0.046188 -0.080791
v 0.073171 -0.033619 -0.103565
v 0.079142 -0.010392 -0.103847
v 0.078680 -0.015749 -0.103824
v 0.077892 -0.021072 -0.103790
v 0.076600 -0.026302 -0.103731
v 0.074556 -0.031296 -0.103633
v 0.071517 -0.035761 -0.103483
v 0.069601 -0.037675 -0.103387
v 0.067457 -0.039331 -0.103277
v 0.062674 -0.041870 -0.103016
v 0.057512 -0.043538 -0.102723
v 0.034667 -0.049049 -0.028660
v 0.044562 -0.048725 -0.032601
v 0.034806 -0.048951 -0.023456
v 0.044081 -0.048594 -0.022926
v 0.048916 -0.048102 -0.022664
v 0.054369 -0.047196 -0.022370
v 0.054128 -0.047396 -0.032156
v 0.058900 -0.045941 -0.022131
v 0.060312 -0.045681 -0.031869
v 0.064666 -0.043567 -0.031670
v 0.064866 -0.043579 -0.036473
v 0.060490 -0.045679 -0.036669
v 0.054303 -0.047382 -0.036957
v 0.034457 -0.047402 -0.034035
v 0.034666 -0.047350 -0.028685
v 0.034828 -0.048914 -0.022414
v 0.034866 -0.048855 -0.020299
v 0.034947 -0.040908 0.020349
v 0.035029 -0.038785 0.020779
v 0.033768 -0.047383 -0.043988
v 0.034314 -0.047416 -0.036769
v 0.033032 -0.047284 -0.049877
v 0.032782 -0.047250 -0.051354
v 0.032328 -0.047188 -0.053603
v 0.031189 -0.047050 -0.057662
v 0.028305 -0.046772 -0.063252
v 0.027240 -0.046681 -0.064563
v 0.029940 -0.046919 -0.060650
v 0.029063 -0.046837 -0.062187
v 0.025466 -0.046404 -0.069189
v 0.026068 -0.046549 -0.066548
v 0.025379 -0.043693 -0.109706
v 0.025371 -0.043568 -0.114164
v 0.025369 -0.043559 -0.115687
v 0.025363 -0.043630 -0.119110
v 0.025419 -0.045479 -0.085272
v 0.025818 -0.044024 -0.104344
v 0.030817 -0.043567 -0.114183
v 0.030890 -0.044084 -0.104343
v 0.041545 -0.048663 -0.019750
v 0.042162 -0.048535 -0.017223
v 0.046247 -0.048095 -0.014881
v 0.047691 -0.048098 -0.016329
v 0.057808 -0.045989 -0.012781
v 0.034947 0.018656 0.043118
v 0.034947 0.027918 0.037629
v 0.034947 0.024491 0.040022
v 0.034947 0.029809 0.035981
v 0.034947 0.032626 0.033072
v 0.034947 0.035424 0.029503
v 0.043112 0.048232 -0.019042
v 0.042162 0.048194 -0.017223
v 0.034866 0.048513 -0.020298
v 0.034806 0.048610 -0.023456
v 0.054390 0.046851 -0.022368
v 0.049335 0.047706 -0.022640
v 0.044081 0.048253 -0.022925
v 0.058342 0.045801 -0.022159
v 0.057812 0.045649 -0.012836
v 0.057492 0.046286 -0.039168
v 0.054303 0.047041 -0.036957
v 0.060490 0.045337 -0.036668
v 0.044562 0.048384 -0.032600
v 0.034457 0.048760 -0.034030
v 0.034667 0.048708 -0.028659
v 0.039629 0.048692 -0.035284
v 0.044722 0.048390 -0.036371
v 0.054128 0.047055 -0.032155
v 0.052523 0.047384 -0.038069
v 0.061430 0.044994 -0.040056
v 0.064867 0.043238 -0.036472
v 0.064419 0.043560 -0.040731
v 0.064666 0.043225 -0.031670
v 0.060312 0.045340 -0.031869
v 0.034947 -0.039267 0.023753
v 0.034947 -0.037962 0.026105
v 0.034947 -0.036856 0.027899
v 0.034947 -0.034173 0.031631
v 0.034947 -0.031194 0.034972
v 0.034947 -0.027902 0.037916
v 0.034947 -0.024639 0.040227
v 0.034947 -0.021119 0.042175
v 0.034947 -0.018998 0.043118
v 0.034939 0.046537 -0.014318
v 0.034959 0.046295 -0.011366
v 0.025374 0.043255 -0.112674
v 0.025371 0.043227 -0.114163
v 0.030817 0.043226 -0.114182
v 0.025364 0.043285 -0.119026
v 0.025379 0.043371 -0.109257
v 0.030890 0.043743 -0.104342
v 0.025387 0.043674 -0.104343
v 0.025359 0.045081 -0.121731
v 0.025372 0.044931 -0.113941
v 0.025375 0.044975 -0.111935
v 0.025444 0.046042 -0.069600
v 0.025466 0.047766 -0.069189
v 0.025413 0.044901 -0.088694
v 0.025413 0.046604 -0.088714
v 0.025387 0.045368 -0.104487
v 0.026997 0.046316 -0.064895
v 0.027393 0.048055 -0.064375
v 0.025792 0.046161 -0.067322
v 0.026068 0.047910 -0.066548
v 0.032298 0.046843 -0.053736
v 0.032929 0.046928 -0.050510
v 0.032504 0.048570 -0.052792
v 0.033768 0.047042 -0.043987
v 0.033768 0.048738 -0.043987
v 0.033085 0.048651 -0.049533
v 0.031261 0.046716 -0.057460
v 0.031616 0.048458 -0.056343
v 0.029789 0.046563 -0.060929
v 0.030521 0.048337 -0.059401
v 0.029364 0.048225 -0.061699
v 0.028059 0.046410 -0.063557
v 0.028182 0.048122 -0.063405
v 0.033993 0.047065 -0.041432
v 0.034457 0.047060 -0.034035
v 0.034315 0.048774 -0.036758
v 0.034666 0.047008 -0.028686
v 0.034847 0.046891 -0.021386
v 0.034971 0.046097 0.002143
v 0.034956 0.044465 0.009168
v 0.034948 0.040836 0.015019
v 0.034948 0.042726 0.014840
v 0.034947 0.040571 0.020339
v 0.035029 0.038442 0.020780
v 0.035147 -0.021208 0.039984
v 0.035088 -0.028848 0.034676
v 0.035243 -0.029847 0.033654
v 0.035273 0.031783 0.031179
v 0.035229 0.028494 0.034621
v 0.034947 0.024900 0.037641
v 0.034947 0.014364 0.044580
v 0.034947 0.012319 0.045104
v 0.034947 0.009747 0.045630
v 0.034947 0.008525 0.043941
v 0.034947 0.004873 0.046268
v 0.034947 -0.000171 0.046485
v 0.034947 -0.004693 0.046311
v 0.035069 -0.005233 0.044332
v 0.034947 -0.009056 0.045802
v 0.034947 -0.010013 0.043746
v 0.034947 -0.013241 0.044965
v 0.034947 0.038491 0.024566
v 0.035080 -0.012243 0.043226
v 0.034947 -0.017223 0.043787
v 0.035206 0.039935 0.017270
v 0.030938 0.044929 -0.114003
v 0.063271 0.042885 -0.081986
v 0.058035 0.044675 -0.081398
v 0.058106 0.045729 -0.060055
v 0.079667 0.010446 -0.063411
v 0.079811 0.010290 -0.083632
v 0.046463 0.044035 -0.113061
v 0.051775 0.043378 -0.113212
v 0.035911 0.048725 -0.045091
v 0.035938 0.048461 -0.056384
v 0.035934 0.047353 -0.078959
v 0.046776 0.044985 -0.102113
v 0.035843 0.045648 -0.101503
v 0.057019 0.042348 -0.113362
v 0.062109 0.040751 -0.113507
v 0.066844 0.038318 -0.113636
v 0.070879 0.034860 -0.113740
v 0.073898 0.030492 -0.113815
v 0.075917 0.025584 -0.113865
v 0.077187 0.020434 -0.113896
v 0.078399 0.009910 -0.113927
v 0.078395 0.021573 -0.063250
v 0.077117 0.027040 -0.063081
v 0.075096 0.032289 -0.062789
v 0.073737 0.034756 -0.062588
v 0.072118 0.037058 -0.062344
v 0.070241 0.039147 -0.062056
v 0.068126 0.040988 -0.061723
v 0.065813 0.042559 -0.061349
v 0.063344 0.043860 -0.060940
v 0.047147 0.047745 -0.058218
v 0.052673 0.046943 -0.059140
v 0.041562 0.048232 -0.057298
v 0.052184 0.044281 -0.102418
v 0.057512 0.043197 -0.102722
v 0.062674 0.041528 -0.103015
v 0.052615 0.045846 -0.080790
v 0.047104 0.046620 -0.080178
v 0.068086 0.040159 -0.082506
v 0.070230 0.038400 -0.082728
v 0.072140 0.036387 -0.082919
v 0.073789 0.034154 -0.083082
v 0.075173 0.031749 -0.083216
v 0.077226 0.026606 -0.083410
v 0.078527 0.021236 -0.083523
v 0.079328 0.015778 -0.083588
v 0.079142 0.010051 -0.103846
v 0.078680 0.015407 -0.103823
v 0.073171 0.033278 -0.103564
v 0.074556 0.030955 -0.103632
v 0.076600 0.025961 -0.103730
v 0.077892 0.020730 -0.103789
v 0.067457 0.038990 -0.103275
v 0.069601 0.037334 -0.103386
v 0.071517 0.035420 -0.103483
v 0.035219 -0.041873 0.012870
v 0.035206 -0.040278 0.017270
v 0.049347 -0.017533 -0.124124
v 0.052923 -0.010976 -0.124124
v 0.054768 -0.003738 -0.124124
v 0.054768 0.003731 -0.124124
v 0.052923 0.010968 -0.124124
v 0.049347 0.017525 -0.124124
v 0.044263 0.022996 -0.124124
v 0.005740 0.022996 -0.124124
v 0.000655 0.017525 -0.124124
v -0.002920 0.010968 -0.124124
v -0.004765 0.003731 -0.124124
v -0.004765 -0.003738 -0.124124
v -0.002920 -0.010976 -0.124124
v 0.000655 -0.017533 -0.124124
v 0.005740 -0.023004 -0.124124
v 0.013506 -0.023004 -0.124124
v 0.024958 0.038753 -0.078403
v 0.030309 0.038394 -0.078403
v 0.028707 0.035060 -0.062803
v 0.028707 0.035060 -0.066803
v 0.021631 0.035101 -0.066803
v 0.021632 0.035101 -0.062803
v 0.014471 0.033714 -0.066803
v 0.014472 0.033714 -0.062802
v 0.007722 0.030927 -0.066802
v 0.007722 0.030927 -0.062802
v 0.000985 0.025848 -0.066802
v 0.001706 0.026888 -0.062802
v 0.000594 0.025726 -0.062802
v 0.030309 -0.040887 -0.078403
v 0.024958 -0.041247 -0.078403
v 0.016057 -0.040244 -0.078403
v 0.007602 -0.037285 -0.078403
v 0.000018 -0.032520 -0.078402
v -0.006316 -0.026186 -0.078402
v -0.011081 -0.018602 -0.078402
v -0.014039 -0.010147 -0.078402
v -0.015042 -0.001246 -0.078402
v -0.014039 0.007655 -0.078402
v -0.011081 0.016109 -0.078402
v -0.006315 0.023693 -0.078402
v 0.000019 0.030027 -0.078402
v 0.007603 0.034792 -0.078402
v 0.016057 0.037751 -0.078403
v 0.001451 0.022901 -0.072989
v 0.000979 0.025768 -0.073002
v 0.001451 0.022923 -0.066802
v 0.001451 -0.025416 -0.066802
v 0.000942 -0.028257 -0.066802
v 0.001451 -0.025387 -0.073016
v 0.001030 -0.028250 -0.073030
v 0.015586 0.032992 -0.073103
v 0.012439 0.031897 -0.068402
v 0.011374 0.031548 -0.073102
v 0.007376 0.029591 -0.068402
v 0.007375 0.029591 -0.073102
v 0.035501 0.032648 -0.073103
v 0.035501 0.032649 -0.068403
v 0.034331 0.032992 -0.073103
v 0.034331 0.032992 -0.068403
v 0.035501 -0.035143 -0.068403
v 0.035501 -0.035141 -0.073103
v 0.034330 -0.035485 -0.068403
v 0.034330 -0.035485 -0.073103
v 0.008452 -0.032657 -0.068403
v 0.011374 -0.034041 -0.073103
v 0.007375 -0.032084 -0.073103
v 0.012735 -0.034562 -0.068403
v 0.015585 -0.035485 -0.073103
v 0.015585 -0.035485 -0.068403
v 0.005885 -0.031185 -0.073103
v 0.005885 -0.031186 -0.066803
v 0.005886 0.028692 -0.066802
v 0.005885 0.028692 -0.073102
v 0.000808 -0.026248 -0.073002
v 0.000806 0.023761 -0.073002
v 0.017718 -0.037046 -0.073032
v 0.011896 -0.035354 -0.073028
v 0.006433 -0.032723 -0.073025
v 0.029796 -0.037448 -0.073028
v 0.023740 -0.037750 -0.073032
v 0.014196 -0.036124 -0.072903
v 0.021319 -0.037565 -0.072903
v 0.032136 0.034562 -0.073003
v 0.028589 0.035093 -0.073003
v 0.024955 0.035274 -0.073003
v 0.021318 0.035092 -0.073003
v 0.017773 0.034560 -0.073003
v 0.014191 0.033651 -0.073003
v 0.010804 0.032420 -0.073002
v 0.007491 0.030826 -0.073002
v 0.004399 0.028938 -0.073002
v 0.028102 -0.036607 -0.073103
v 0.012870 -0.034625 -0.066803
v 0.020377 -0.036450 -0.073103
v 0.020377 -0.036450 -0.066803
v 0.028102 -0.036607 -0.066803
v 0.035501 -0.035145 -0.066803
v 0.020378 0.033957 -0.073103
v 0.035501 0.032652 -0.066803
v 0.028102 0.034114 -0.066803
v 0.012870 0.032132 -0.066802
v 0.020378 0.033957 -0.066803
v 0.028102 0.034114 -0.073103
v 0.000828 -0.026257 -0.066802
v 0.000825 0.023770 -0.066802
v 0.028084 -0.037613 -0.066803
v 0.021131 -0.037546 -0.066803
v 0.018204 -0.037116 -0.066803
v 0.014196 -0.036124 -0.066803
v 0.011195 -0.035052 -0.066803
v 0.004743 -0.031637 -0.066803
v 0.007500 -0.033301 -0.066803
v 0.007753 -0.041247 -0.078403
v 0.005547 -0.040734 -0.078403
v -0.001999 -0.036022 -0.078402
v -0.008443 -0.029889 -0.078402
v -0.013522 -0.022585 -0.078402
v -0.017027 -0.014409 -0.078402
v -0.018817 -0.005694 -0.078402
v -0.018817 0.003202 -0.078402
v -0.017027 0.011916 -0.078402
v -0.013521 0.020092 -0.078402
v -0.008442 0.027396 -0.078402
v -0.001998 0.033529 -0.078402
v 0.005548 0.038241 -0.078402
v 0.007754 0.038753 -0.078402
v 0.007753 -0.041247 -0.073103
v 0.005547 -0.040734 -0.073103
v 0.005548 0.038241 -0.073102
v -0.001998 0.033529 -0.073102
v -0.008442 0.027396 -0.073102
v -0.013521 0.020092 -0.073102
v -0.017027 0.011916 -0.073102
v -0.018816 0.003202 -0.073102
v -0.018817 -0.005694 -0.073102
v -0.017027 -0.014409 -0.073102
v -0.013521 -0.022585 -0.073102
v -0.008443 -0.029889 -0.073102
v -0.001999 -0.036022 -0.073102
v 0.007754 0.038753 -0.073102
v 0.028085 -0.037613 -0.062803
v 0.021131 -0.037546 -0.062803
v 0.000735 -0.028370 -0.062802
v 0.004743 -0.031637 -0.062803
v 0.011195 -0.035052 -0.062803
v 0.018204 -0.037116 -0.062803
v 0.012505 -0.038166 -0.081118
v 0.011105 -0.037680 -0.081732
v 0.011106 -0.040706 -0.081731
v 0.018562 -0.039632 -0.080388
v 0.017599 -0.043480 -0.080387
v 0.015755 -0.039081 -0.080419
v 0.015904 -0.042724 -0.080407
v 0.013981 -0.038618 -0.080682
v 0.014236 -0.041955 -0.080626
v 0.012627 -0.041252 -0.081072
v 0.021007 -0.044735 -0.080385
v 0.024418 -0.045323 -0.080384
v 0.024418 -0.040156 -0.080593
v 0.022391 -0.040070 -0.080387
v 0.020972 -0.039954 -0.080387
v 0.011106 0.040366 -0.081730
v 0.012627 0.040911 -0.081071
v 0.011107 0.045886 -0.081727
v 0.012989 0.046169 -0.080952
v 0.014236 0.041615 -0.080626
v 0.015132 0.046440 -0.080477
v 0.015904 0.042384 -0.080407
v 0.016903 0.046622 -0.080383
v 0.017599 0.043140 -0.080386
v 0.018852 0.046787 -0.080383
v 0.021007 0.044394 -0.080384
v 0.021025 0.046939 -0.080383
v 0.024418 0.044982 -0.080384
v 0.024418 0.047103 -0.080590
v 0.015315 0.043586 -0.123732
v 0.024355 0.044837 -0.123642
v 0.021540 0.044657 -0.123645
v 0.019298 0.044388 -0.123647
v 0.016716 0.043937 -0.123650
v 0.017970 0.044173 -0.123649
v 0.011038 0.043018 -0.123656
v 0.003870 0.042205 -0.123662
v -0.026070 -0.000170 -0.123611
v -0.025900 0.004665 -0.123335
v 0.002433 0.042024 -0.123661
v -0.003972 0.040983 -0.123578
v -0.007760 0.039880 -0.123653
v -0.011210 0.038738 -0.123748
v -0.012955 0.038002 -0.123772
v -0.014172 0.037270 -0.123724
v -0.016195 0.035578 -0.123640
v -0.018219 0.033714 -0.123628
v -0.019637 0.032019 -0.123625
v -0.020796 0.030295 -0.123625
v -0.021907 0.028205 -0.123622
v -0.023111 0.025244 -0.123617
v -0.024009 0.022188 -0.123614
v -0.024515 0.020163 -0.123613
v -0.024795 0.018518 -0.123613
v -0.025039 0.017017 -0.123612
v -0.025301 0.014661 -0.123667
v -0.025512 0.011182 -0.123336
v 0.022933 -0.044858 -0.123895
v 0.017970 -0.044513 -0.123649
v 0.016702 -0.044275 -0.123650
v 0.011534 -0.043338 -0.123735
v 0.003870 -0.042545 -0.123662
v 0.024355 -0.045177 -0.123642
v -0.025980 -0.006482 -0.123611
v -0.025765 -0.012180 -0.123887
v -0.021178 -0.030513 -0.123537
v -0.021839 -0.028870 -0.123537
v -0.022554 -0.027285 -0.123531
v -0.023737 -0.023570 -0.123615
v -0.024168 -0.021911 -0.123615
v -0.024895 -0.018751 -0.123705
v -0.017959 -0.034441 -0.123545
v -0.019941 -0.032352 -0.123545
v -0.014346 -0.037097 -0.123765
v -0.016374 -0.035781 -0.123640
v -0.011483 -0.038792 -0.123822
v -0.010247 -0.039325 -0.123822
v -0.007697 -0.040041 -0.123822
v -0.003962 -0.041324 -0.123578
v 0.000217 -0.042038 -0.123660
v -0.014783 0.004406 -0.123889
v -0.015041 -0.000170 -0.123889
v -0.012810 0.013017 -0.123889
v -0.011743 0.015748 -0.123889
v -0.014336 0.007333 -0.123889
v -0.013674 0.010215 -0.123889
v -0.009051 0.020896 -0.123890
v -0.010491 0.018369 -0.123889
v -0.007447 0.023288 -0.123890
v 0.012646 0.037893 -0.123893
v 0.010042 0.036950 -0.123893
v 0.007509 0.035829 -0.123892
v 0.005026 0.034516 -0.123892
v 0.002649 0.033037 -0.123891
v 0.000357 0.031377 -0.123891
v -0.001825 0.029546 -0.123891
v -0.003819 0.027620 -0.123890
v -0.005672 0.025563 -0.123890
v 0.015275 0.038645 -0.123893
v 0.024354 0.039836 -0.123895
v 0.023326 0.039801 -0.123895
v 0.020630 0.039600 -0.123894
v 0.017953 0.039217 -0.123894
v -0.023042 0.006359 -0.099622
v -0.023104 -0.000170 -0.099460
v -0.024750 0.006285 -0.111067
v -0.025062 -0.000170 -0.110919
v 0.008597 0.045450 -0.083027
v 0.007844 0.045048 -0.090964
v 0.003437 0.044268 -0.090338
v 0.003842 0.043765 -0.104483
v 0.003842 0.042934 -0.117227
v 0.000718 0.042578 -0.115668
v -0.003711 0.041716 -0.114858
v -0.010171 0.039574 -0.113687
v -0.024153 0.015014 -0.111176
v -0.023514 0.019558 -0.111293
v -0.022520 0.024063 -0.111473
v -0.014107 0.037319 -0.112979
v -0.015877 0.035885 -0.112662
v -0.017465 0.034249 -0.112378
v -0.018853 0.032436 -0.112130
v -0.020037 0.030477 -0.111918
v -0.021029 0.028409 -0.111741
v -0.021847 0.026269 -0.111594
v -0.012195 0.038545 -0.113322
v -0.008063 0.040432 -0.114067
v 0.002107 0.043550 -0.102867
v 0.006573 0.044210 -0.103618
v 0.008905 0.044430 -0.104484
v 0.011073 0.044653 -0.104376
v 0.014154 0.044892 -0.104485
v 0.016778 0.045943 -0.092225
v 0.024396 0.046082 -0.095450
v 0.024383 0.045351 -0.104486
v 0.012301 0.045586 -0.091594
v -0.002495 0.042626 -0.088772
v 0.001473 0.043845 -0.086716
v -0.000880 0.043166 -0.089720
v 0.005907 0.044915 -0.084420
v -0.005839 0.041450 -0.095219
v -0.001586 0.042917 -0.095890
v -0.008532 0.040004 -0.091899
v -0.005771 0.041351 -0.090469
v -0.013068 0.036884 -0.094249
v -0.012530 0.037914 -0.100407
v -0.010782 0.038637 -0.093064
v -0.020709 0.023875 -0.098210
v -0.020727 0.024376 -0.099037
v -0.019538 0.027472 -0.097603
v -0.020072 0.026616 -0.099145
v -0.018560 0.029687 -0.097095
v -0.019278 0.028788 -0.099277
v -0.017614 0.031433 -0.096605
v -0.018314 0.030892 -0.099438
v -0.016348 0.033341 -0.095949
v -0.017162 0.032891 -0.099630
v -0.014929 0.035072 -0.095213
v -0.015811 0.034746 -0.099857
v -0.014261 0.036428 -0.100116
v -0.021588 0.020264 -0.098746
v -0.022068 0.017384 -0.098917
v -0.022812 0.010200 -0.099305
v -0.010656 0.039195 -0.100721
v -0.008669 0.040281 -0.101055
v -0.006593 0.041195 -0.101404
v -0.002292 0.042590 -0.102127
v -0.022504 0.013876 -0.099144
v 0.019412 0.045188 -0.104486
v 0.008956 0.043699 -0.114008
v 0.014160 0.044199 -0.114004
v 0.019358 0.044716 -0.114004
v 0.024362 0.044957 -0.118511
v 0.024375 0.045045 -0.109857
v 0.024369 0.044944 -0.113629
v -0.014783 -0.004746 -0.123889
v 0.024354 -0.040176 -0.123895
v -0.014336 -0.007671 -0.123889
v -0.013674 -0.010555 -0.123889
v -0.012811 -0.013355 -0.123889
v -0.011743 -0.016087 -0.123889
v -0.010487 -0.018717 -0.123890
v -0.009051 -0.021236 -0.123890
v -0.007450 -0.023624 -0.123890
v -0.005672 -0.025903 -0.123890
v -0.003816 -0.027963 -0.123891
v -0.001825 -0.029886 -0.123891
v 0.012646 -0.038233 -0.123893
v 0.010039 -0.037289 -0.123893
v 0.007509 -0.036169 -0.123893
v 0.005030 -0.034858 -0.123892
v 0.002649 -0.033377 -0.123892
v 0.000351 -0.031712 -0.123891
v 0.020630 -0.039940 -0.123895
v 0.017953 -0.039557 -0.123894
v 0.015275 -0.038985 -0.123894
v -0.015044 -0.000170 -0.095288
v -0.014960 0.002443 -0.095242
v -0.014783 0.004406 -0.095150
v -0.014510 0.006355 -0.095008
v 0.024418 0.039815 -0.080592
v 0.021271 0.039642 -0.080387
v -0.013676 0.010200 -0.094574
v -0.012810 0.013008 -0.094124
v -0.011745 0.015732 -0.093572
v -0.010487 0.018364 -0.092920
v -0.009053 0.020880 -0.092176
v -0.007440 0.023284 -0.091340
v -0.005674 0.025546 -0.090424
v -0.003815 0.027608 -0.089461
v -0.001827 0.029528 -0.088431
v 0.000359 0.031361 -0.087298
v 0.002647 0.033018 -0.086113
v 0.005028 0.034499 -0.084879
v 0.007506 0.035808 -0.083596
v 0.012246 0.037730 -0.081253
v 0.015205 0.038606 -0.080472
v 0.017493 0.039108 -0.080387
v 0.019112 0.039383 -0.080387
v -0.023085 -0.003416 -0.099450
v -0.022937 -0.008185 -0.099371
v -0.024798 -0.006622 -0.111421
v -0.014510 -0.006696 -0.095008
v -0.014818 -0.004420 -0.095168
v -0.014997 -0.002142 -0.095262
v -0.013676 -0.010540 -0.094574
v -0.012809 -0.013349 -0.094124
v -0.011745 -0.016072 -0.093572
v -0.010490 -0.018700 -0.092921
v -0.009053 -0.021220 -0.092176
v -0.007437 -0.023629 -0.091338
v -0.005674 -0.025887 -0.090425
v -0.003817 -0.027946 -0.089463
v -0.001827 -0.029868 -0.088432
v 0.000364 -0.031706 -0.087296
v 0.002647 -0.033358 -0.086114
v 0.005035 -0.034843 -0.084876
v 0.007506 -0.036149 -0.083596
v 0.000621 -0.043947 -0.087159
v -0.000880 -0.043506 -0.089720
v 0.003437 -0.044609 -0.090338
v -0.005839 -0.041791 -0.095220
v -0.005760 -0.041696 -0.090463
v -0.008176 -0.040537 -0.091714
v -0.020276 -0.025736 -0.097986
v -0.020072 -0.026956 -0.099146
v -0.019278 -0.029129 -0.099278
v -0.021177 -0.022457 -0.098453
v -0.021805 -0.019416 -0.098859
v -0.020727 -0.024717 -0.099037
v -0.018853 -0.032776 -0.112130
v -0.017465 -0.034589 -0.112378
v -0.015877 -0.036225 -0.112662
v -0.020037 -0.030817 -0.111918
v -0.021029 -0.028749 -0.111741
v -0.022520 -0.024403 -0.111473
v -0.021847 -0.026610 -0.111594
v -0.024153 -0.015354 -0.111176
v -0.023514 -0.019898 -0.111293
v -0.022482 -0.014425 -0.099133
v -0.001586 -0.043257 -0.095890
v -0.002532 -0.042954 -0.088791
v 0.003950 -0.044815 -0.085434
v 0.007844 -0.045388 -0.090965
v 0.007448 -0.045571 -0.083623
v 0.012350 -0.046413 -0.081220
v 0.012301 -0.045926 -0.091595
v 0.017288 -0.046997 -0.080384
v 0.015074 -0.046774 -0.080485
v 0.016778 -0.046283 -0.092225
v 0.024304 -0.047322 -0.080413
v 0.024404 -0.046837 -0.089845
v 0.024383 -0.045691 -0.104487
v 0.019412 -0.045528 -0.104486
v 0.014154 -0.045232 -0.104485
v 0.003842 -0.043799 -0.109623
v 0.003842 -0.044106 -0.104483
v 0.002107 -0.043890 -0.102867
v 0.006573 -0.044550 -0.103619
v 0.008905 -0.044770 -0.104484
v 0.011073 -0.044993 -0.104377
v 0.000718 -0.042918 -0.115668
v -0.003711 -0.042056 -0.114858
v -0.008063 -0.040772 -0.114068
v -0.014107 -0.037659 -0.112979
v -0.012195 -0.038885 -0.113323
v -0.010171 -0.039915 -0.113687
v -0.018314 -0.031233 -0.099438
v -0.017162 -0.033231 -0.099631
v -0.015811 -0.035086 -0.099857
v -0.014261 -0.036768 -0.100117
v -0.012530 -0.038254 -0.100407
v -0.010656 -0.039535 -0.100722
v -0.008669 -0.040621 -0.101056
v -0.006593 -0.041535 -0.101405
v -0.002292 -0.042930 -0.102128
v -0.010199 -0.039361 -0.092762
v -0.012080 -0.038038 -0.093737
v -0.013665 -0.036692 -0.094558
v -0.015227 -0.035079 -0.095368
v -0.016611 -0.033318 -0.096085
v -0.018022 -0.031052 -0.096817
v -0.019324 -0.028341 -0.097492
v 0.019358 -0.045056 -0.114005
v 0.024369 -0.045275 -0.114239
v 0.024376 -0.045405 -0.109360
v 0.024362 -0.045306 -0.118814
v 0.014160 -0.044539 -0.114004
v 0.008956 -0.044040 -0.114009
v 0.035224 -0.020005 0.040536
v 0.035191 -0.018408 0.041249
v 0.035142 -0.023790 0.038511
v 0.035224 -0.020005 0.040536
v 0.035159 0.029900 0.033289
v 0.035224 0.032993 0.029707
v 0.035273 0.031783 0.031179
v 0.035224 0.032993 0.029707
v 0.035287 0.026419 0.036350
v 0.035159 0.029900 0.033289
v 0.035159 0.029900 0.033289
v 0.035287 0.026419 0.036350
v 0.035224 0.032993 0.029707
v 0.035159 0.029900 0.033289
v 0.035224 0.033854 0.028554
v 0.035224 0.032993 0.029707
v 0.035224 -0.020005 0.040536
v 0.035142 -0.023790 0.038511
v 0.035191 -0.018408 0.041249
v 0.035224 -0.020005 0.040536
v 0.035191 -0.018408 0.041249
v 0.035317 -0.014240 0.042606
v 0.035080 -0.012243 0.043226
v 0.035317 -0.014240 0.042606
v 0.035357 0.011900 0.043098
v 0.035224 0.013539 0.042749
v 0.035204 0.017789 0.041352
v 0.035224 0.013539 0.042749
v 0.035229 -0.043179 0.008504
v 0.035132 -0.041286 0.014624
v 0.035132 -0.041286 0.014624
v 0.035206 -0.040278 0.017270
v 0.035206 -0.040278 0.017270
v 0.035132 -0.041286 0.014624
v 0.035219 -0.041873 0.012870
v 0.035132 -0.041286 0.014624
v 0.000985 0.025848 -0.066802
v 0.000979 0.025768 -0.073002
v 0.000979 0.025768 -0.073002
v 0.000985 0.025848 -0.066802
v 0.001028 -0.028187 -0.073052
v 0.000942 -0.028257 -0.066802
v 0.000942 -0.028257 -0.066802
v 0.001028 -0.028187 -0.073052
v 0.035229 -0.043179 0.008504
v 0.035501 -0.039369 0.019279
v 0.035191 -0.018408 0.041249
v 0.035224 -0.020005 0.040536
v 0.035224 0.033854 0.028554
v 0.035159 0.029900 0.033289
v 0.035224 0.032993 0.029707
v 0.035204 0.017789 0.041352
v 0.035357 0.011900 0.043098
v 0.034947 0.027918 0.037629
v 0.034947 0.032626 0.033072
v 0.034947 -0.024639 0.040227
v 0.034947 -0.021119 0.042175
v 0.035147 -0.021208 0.039984
v 0.035273 0.031783 0.031179
v 0.035229 0.028494 0.034621
v 0.035080 -0.012243 0.043226
v 0.035219 -0.041873 0.012870
v 0.000985 0.025848 -0.066802
v 0.000979 0.025768 -0.073002
v 0.000942 -0.028257 -0.066802
v 0.001028 -0.028187 -0.073052
v 0.000806 0.023761 -0.073002
v 0.004399 0.028938 -0.073002
v 0.035147 -0.021208 0.039984
v 0.035219 -0.041873 0.012870
v 0.055228 0.045762 -0.006870
v 0.053392 -0.046716 -0.009075
v 0.056634 -0.045520 -0.005322
v 0.064685 -0.036723 0.012376
v 0.069049 -0.005442 0.027707
v 0.069084 -0.000171 0.028257
v 0.068935 0.004143 0.028116
vt 0.299171 0.084562
vt 0.298997 0.096531
vt 0.265109 0.110101
vt 0.265351 0.099118
vt 0.249192 0.616584
vt 0.239595 0.619850
vt 0.253921 0.600210
vt 0.263437 0.596947
vt 0.272555 0.591039
vt 0.281994 0.587799
vt 0.293965 0.592681
vt 0.303338 0.589478
vt 0.316517 0.604677
vt 0.325836 0.601524
vt 0.338593 0.625900
vt 0.347878 0.622805
vt 0.358691 0.654689
vt 0.367960 0.651656
vt 0.375482 0.688989
vt 0.384757 0.686018
vt 0.387864 0.726465
vt 0.397166 0.723552
vt 0.563659 0.791051
vt 0.570351 0.782893
vt 0.557222 0.767635
vt 0.550512 0.776008
vt 0.539464 0.753625
vt 0.533138 0.763490
vt 0.288355 0.569997
vt 0.280056 0.580616
vt 0.266693 0.566207
vt 0.274686 0.555260
vt 0.254365 0.537935
vt 0.245111 0.547292
vt 0.236424 0.524301
vt 0.228644 0.536625
vt 0.578450 0.844447
vt 0.583543 0.834211
vt 0.581234 0.842971
vt 0.575060 0.855235
vt 0.566693 0.864109
vt 0.571685 0.852539
vt 0.556164 0.869358
vt 0.558789 0.859366
vt 0.543095 0.869523
vt 0.537068 0.878620
vt 0.547093 0.877823
vt 0.555642 0.874824
vt 0.560712 0.871660
vt 0.575647 0.850930
vt 0.570108 0.861544
vt 0.575878 0.820668
vt 0.577901 0.835833
vt 0.583523 0.828066
vt 0.581993 0.812576
vt 0.577683 0.797273
vt 0.571121 0.805541
vt 0.585999 0.823588
vt 0.586787 0.804457
vt 0.583653 0.790747
vt 0.575984 0.774109
vt 0.368915 0.676841
vt 0.379789 0.698272
vt 0.376441 0.710539
vt 0.358401 0.682338
vt 0.365760 0.718829
vt 0.361786 0.711582
vt 0.374669 0.734243
vt 0.348912 0.687834
vt 0.412621 0.766274
vt 0.401589 0.775351
vt 0.387976 0.755535
vt 0.399440 0.747113
vt 0.424812 0.785053
vt 0.415456 0.793465
vt 0.392764 0.722034
vt 0.406127 0.743948
vt 0.415975 0.742414
vt 0.450232 0.811262
vt 0.442570 0.822074
vt 0.317173 0.589777
vt 0.334502 0.613473
vt 0.321963 0.617112
vt 0.306220 0.595289
vt 0.311566 0.623749
vt 0.296313 0.601317
vt 0.296540 0.562697
vt 0.346390 0.660268
vt 0.356781 0.654381
vt 0.337121 0.666083
vt 0.525921 0.862724
vt 0.529274 0.848191
vt 0.546271 0.850697
vt 0.505629 0.852142
vt 0.506431 0.838939
vt 0.481228 0.853303
vt 0.490094 0.842450
vt 0.498893 0.864564
vt 0.516882 0.873551
vt 0.569629 0.837766
vt 0.577885 0.826790
vt 0.559053 0.850157
vt 0.583601 0.818437
vt 0.555794 0.844146
vt 0.564205 0.835003
vt 0.580726 0.801916
vt 0.571621 0.823390
vt 0.560862 0.816077
vt 0.568035 0.805080
vt 0.593719 0.681141
vt 0.590610 0.645979
vt 0.596198 0.625920
vt 0.601958 0.641461
vt 0.591702 0.793710
vt 0.594259 0.726454
vt 0.594171 0.708687
vt 0.597564 0.737804
vt 0.601889 0.656328
vt 0.597082 0.747622
vt 0.595196 0.669656
vt 0.593019 0.756752
vt 0.587584 0.677270
vt 0.585784 0.764993
vt 0.580463 0.682459
vt 0.579033 0.728193
vt 0.591039 0.679699
vt 0.584180 0.610322
vt 0.588192 0.774961
vt 0.592076 0.784147
vt 0.595627 0.652641
vt 0.603210 0.603053
vt 0.596155 0.598955
vt 0.601323 0.563850
vt 0.595988 0.575089
vt 0.603461 0.556745
vt 0.603987 0.587894
vt 0.604391 0.551776
vt 0.604696 0.539121
vt 0.589368 0.556512
vt 0.584476 0.494797
vt 0.598227 0.516285
vt 0.598877 0.572206
vt 0.602877 0.528830
vt 0.562881 0.525802
vt 0.564810 0.471523
vt 0.533530 0.441386
vt 0.562185 0.549285
vt 0.547639 0.526339
vt 0.530987 0.508517
vt 0.574161 0.576369
vt 0.409141 0.694454
vt 0.397158 0.694025
vt 0.391810 0.672440
vt 0.403553 0.670882
vt 0.405786 0.720540
vt 0.415084 0.717669
vt 0.422693 0.740414
vt 0.431564 0.761767
vt 0.436630 0.772335
vt 0.458269 0.798693
vt 0.471106 0.827503
vt 0.462644 0.839374
vt 0.512790 0.496643
vt 0.504352 0.417364
vt 0.495623 0.468101
vt 0.453294 0.440240
vt 0.457249 0.385632
vt 0.428807 0.427442
vt 0.438299 0.375989
vt 0.419728 0.368748
vt 0.401408 0.416452
vt 0.403275 0.364106
vt 0.383315 0.360600
vt 0.371251 0.408334
vt 0.344712 0.360146
vt 0.368171 0.359040
vt 0.341936 0.380187
vt 0.368396 0.465813
vt 0.359467 0.464120
vt 0.337354 0.461360
vt 0.390298 0.471423
vt 0.398347 0.474013
vt 0.421586 0.483093
vt 0.456194 0.500927
vt 0.493760 0.491283
vt 0.474635 0.492724
vt 0.479080 0.511591
vt 0.427177 0.548269
vt 0.417167 0.574421
vt 0.403255 0.577633
vt 0.405640 0.526818
vt 0.450883 0.508231
vt 0.440621 0.527017
vt 0.386289 0.520362
vt 0.362816 0.566100
vt 0.340529 0.562443
vt 0.317890 0.560418
vt 0.299306 0.511111
vt 0.323015 0.460577
vt 0.302423 0.460790
vt 0.281101 0.546548
vt 0.360035 0.619212
vt 0.380908 0.624195
vt 0.401079 0.632728
vt 0.402626 0.646531
vt 0.383859 0.571272
vt 0.493405 0.829715
vt 0.529298 0.834041
vt 0.541579 0.831320
vt 0.552714 0.824600
vt 0.575513 0.788289
vt 0.582109 0.765239
vt 0.586440 0.739098
vt 0.591573 0.711922
vt 0.583162 0.638975
vt 0.578143 0.615529
vt 0.586164 0.659917
vt 0.587753 0.677987
vt 0.588487 0.698943
vt 0.544109 0.541139
vt 0.529611 0.525687
vt 0.557742 0.561743
vt 0.568282 0.584897
vt 0.416606 0.651315
vt 0.418566 0.670526
vt 0.416091 0.638678
vt 0.417074 0.617209
vt 0.422579 0.692821
vt 0.435643 0.735829
vt 0.446610 0.760374
vt 0.428334 0.714746
vt 0.463320 0.787368
vt 0.476054 0.814601
vt 0.495376 0.822135
vt 0.512891 0.670443
vt 0.507032 0.829038
vt 0.545433 0.697536
vt 0.569925 0.720976
vt 0.463219 0.518189
vt 0.496455 0.510213
vt 0.507030 0.512573
vt 0.515964 0.516464
vt 0.434229 0.551292
vt 0.422754 0.581026
vt 0.452527 0.526551
vt 0.442778 0.537642
vt 0.451734 0.627821
vt 0.478783 0.807484
vt 0.483785 0.648911
vt 0.467790 0.638051
vt 0.249906 0.781488
vt 0.337276 0.878535
vt 0.358421 0.877039
vt 0.375849 0.864762
vt 0.388386 0.842965
vt 0.268359 0.818330
vt 0.313971 0.868773
vt 0.290344 0.848218
vt 0.236582 0.740785
vt 0.397900 0.840177
vt 0.385445 0.861979
vt 0.368097 0.874246
vt 0.347025 0.875712
vt 0.323778 0.865905
vt 0.300190 0.845292
vt 0.278221 0.815336
vt 0.259760 0.778423
vt 0.246405 0.737651
vt 0.464384 0.061217
vt 0.445964 0.047258
vt 0.372914 0.114175
vt 0.432945 0.270583
vt 0.438054 0.197411
vt 0.431223 0.220223
vt 0.435401 0.040295
vt 0.337799 0.102445
vt 0.423238 0.151232
vt 0.529163 0.124021
vt 0.507704 0.101234
vt 0.402002 0.130842
vt 0.486811 0.080856
vt 0.234746 0.114827
vt 0.208413 0.064953
vt 0.546133 0.144582
vt 0.435430 0.173923
vt 0.567302 0.190854
vt 0.565007 0.178261
vt 0.559992 0.166223
vt 0.556509 0.159924
vt 0.448274 0.282548
vt 0.478489 0.268351
vt 0.236691 0.042547
vt 0.218774 0.049197
vt 0.253062 0.036591
vt 0.220147 0.043721
vt 0.200462 0.055389
vt 0.422148 0.032740
vt 0.408393 0.026364
vt 0.393156 0.021106
vt 0.398966 0.232109
vt 0.380906 0.246783
vt 0.414168 0.281538
vt 0.357914 0.258418
vt 0.393054 0.290971
vt 0.136334 0.213490
vt 0.130728 0.190324
vt 0.075084 0.179744
vt 0.079681 0.207816
vt 0.505238 0.255632
vt 0.522310 0.246343
vt 0.555686 0.220770
vt 0.562384 0.211339
vt 0.548649 0.227822
vt 0.134659 0.166919
vt 0.080863 0.151555
vt 0.167065 0.152111
vt 0.097084 0.124727
vt 0.184324 0.136505
vt 0.123213 0.100764
vt 0.207299 0.123817
vt 0.158083 0.081089
vt 0.182399 0.071891
vt 0.535760 0.237848
vt 0.566331 0.201402
vt 0.286725 0.025975
vt 0.259579 0.034350
vt 0.311270 0.020102
vt 0.094070 0.234397
vt 0.117242 0.258276
vt 0.150863 0.235021
vt 0.147867 0.278437
vt 0.173221 0.253695
vt 0.184386 0.294075
vt 0.201940 0.268508
vt 0.225083 0.304601
vt 0.235286 0.278700
vt 0.268152 0.309631
vt 0.271349 0.283768
vt 0.311738 0.308988
vt 0.302207 0.270582
vt 0.353982 0.302693
vt 0.331225 0.266473
vt 0.375078 0.017195
vt 0.357618 0.015704
vt 0.337759 0.016279
vt 0.318944 0.018689
vt 0.175333 0.305572
vt 0.196345 0.271108
vt 0.181103 0.234617
vt 0.142713 0.314558
vt 0.197213 0.246987
vt 0.183333 0.210521
vt 0.456903 0.441997
vt 0.451046 0.354316
vt 0.435534 0.448383
vt 0.439441 0.451685
vt 0.447685 0.301492
vt 0.425772 0.463323
vt 0.426051 0.490463
vt 0.462766 0.554570
vt 0.439793 0.474612
vt 0.458857 0.475208
vt 0.172123 0.354137
vt 0.209556 0.332967
vt 0.210163 0.314430
vt 0.213048 0.285434
vt 0.195334 0.094597
vt 0.192252 0.124361
vt 0.201908 0.250954
vt 0.171637 0.133079
vt 0.184874 0.194611
vt 0.227087 0.862637
vt 0.238328 0.884776
vt 0.463370 0.802282
vt 0.463543 0.775093
vt 0.466131 0.769536
vt 0.170784 0.377917
vt 0.168101 0.438419
vt 0.167534 0.455231
vt 0.163135 0.468742
vt 0.164753 0.494396
vt 0.164700 0.500206
vt 0.164373 0.513770
vt 0.426272 0.508167
vt 0.193236 0.774839
vt 0.202369 0.802628
vt 0.164051 0.522339
vt 0.164370 0.557292
vt 0.166134 0.591156
vt 0.172124 0.649700
vt 0.173312 0.672440
vt 0.178552 0.710605
vt 0.186539 0.740277
vt 0.186035 0.750745
vt 0.168862 0.630946
vt 0.465062 0.718164
vt 0.466087 0.668397
vt 0.448152 0.909782
vt 0.448499 0.904506
vt 0.453544 0.885026
vt 0.449790 0.895116
vt 0.456500 0.865719
vt 0.460665 0.834101
vt 0.392081 0.986286
vt 0.402105 0.982428
vt 0.408518 0.978001
vt 0.257532 0.912138
vt 0.272805 0.928709
vt 0.252080 0.904536
vt 0.247446 0.898859
vt 0.210828 0.827271
vt 0.215525 0.834469
vt 0.217594 0.843425
vt 0.466837 0.733255
vt 0.465112 0.723415
vt 0.464018 0.587149
vt 0.464328 0.596298
vt 0.430948 0.951157
vt 0.438419 0.935418
vt 0.428369 0.955551
vt 0.441411 0.930284
vt 0.443444 0.919862
vt 0.292823 0.946348
vt 0.309636 0.959624
vt 0.278591 0.936853
vt 0.414680 0.972864
vt 0.418669 0.968590
vt 0.424958 0.960909
vt 0.380653 0.988232
vt 0.337823 0.978235
vt 0.355443 0.983343
vt 0.321004 0.969162
vt 0.362165 0.985874
vt 0.366899 0.987413
vt 0.212363 0.041199
vt 0.203016 0.044166
vt 0.228702 0.040745
vt 0.229235 0.035408
vt 0.237246 0.037572
vt 0.237856 0.032174
vt 0.254687 0.026039
vt 0.283096 0.016936
vt 0.306249 0.011056
vt 0.313517 0.009571
vt 0.326322 0.007458
vt 0.334863 0.006450
vt 0.372014 0.006834
vt 0.351874 0.005563
vt 0.401450 0.014020
vt 0.387474 0.009736
vt 0.413920 0.019200
vt 0.441881 0.035355
vt 0.428150 0.026661
vt 0.470356 0.057523
vt 0.452480 0.042996
vt 0.487977 0.073554
vt 0.505580 0.090919
vt 0.552130 0.222866
vt 0.563024 0.210430
vt 0.552704 0.210881
vt 0.545902 0.217547
vt 0.147771 0.058758
vt 0.152238 0.062019
vt 0.172430 0.048904
vt 0.167917 0.055473
vt 0.199254 0.040428
vt 0.233538 0.028456
vt 0.275689 0.014048
vt 0.355350 0.000000
vt 0.336730 0.001645
vt 0.375112 0.002515
vt 0.571591 0.195669
vt 0.562935 0.194542
vt 0.558839 0.202876
vt 0.387831 0.004815
vt 0.407188 0.010848
vt 0.570395 0.164065
vt 0.560494 0.145840
vt 0.558872 0.158079
vt 0.535507 0.225718
vt 0.534586 0.235942
vt 0.310584 0.005336
vt 0.433482 0.285643
vt 0.421981 0.284758
vt 0.410898 0.295342
vt 0.407067 0.290922
vt 0.411566 0.303432
vt 0.428073 0.020545
vt 0.454310 0.036930
vt 0.448144 0.032165
vt 0.563744 0.171402
vt 0.573404 0.180469
vt 0.565091 0.182008
vt 0.563946 0.191236
vt 0.481933 0.261455
vt 0.498021 0.252148
vt 0.499046 0.246905
vt 0.477556 0.257045
vt 0.523381 0.233640
vt 0.518322 0.236626
vt 0.513337 0.248061
vt 0.507006 0.242834
vt 0.477775 0.056354
vt 0.464850 0.044447
vt 0.453770 0.275032
vt 0.449020 0.270899
vt 0.435949 0.277887
vt 0.513708 0.089359
vt 0.498583 0.074242
vt 0.541810 0.119907
vt 0.529605 0.116662
vt 0.548964 0.130853
vt 0.545848 0.136820
vt 0.550973 0.144230
vt 0.468476 0.777680
vt 0.488386 0.748662
vt 0.468779 0.746925
vt 0.467062 0.808047
vt 0.458517 0.339671
vt 0.487801 0.324995
vt 0.497551 0.302066
vt 0.459700 0.356104
vt 0.489272 0.343460
vt 0.482528 0.059326
vt 0.238556 0.108367
vt 0.195300 0.078723
vt 0.186940 0.130340
vt 0.156850 0.517814
vt 0.186243 0.520805
vt 0.157254 0.553028
vt 0.206000 0.526240
vt 0.158628 0.589363
vt 0.161391 0.630392
vt 0.164669 0.663069
vt 0.165804 0.672395
vt 0.170857 0.706815
vt 0.175377 0.731416
vt 0.169740 0.088541
vt 0.166362 0.127467
vt 0.142068 0.138280
vt 0.145403 0.099264
vt 0.294785 0.047438
vt 0.265579 0.098477
vt 0.304241 0.367864
vt 0.316652 0.266646
vt 0.333009 0.263717
vt 0.322875 0.363361
vt 0.156871 0.424375
vt 0.155643 0.384542
vt 0.166351 0.380731
vt 0.177696 0.225378
vt 0.169640 0.327126
vt 0.146158 0.324879
vt 0.142027 0.316411
vt 0.136343 0.309365
vt 0.131613 0.304900
vt 0.127205 0.296289
vt 0.126570 0.286744
vt 0.153498 0.357978
vt 0.150166 0.338140
vt 0.153850 0.334730
vt 0.197042 0.312917
vt 0.208149 0.408346
vt 0.181952 0.422440
vt 0.157022 0.437684
vt 0.225334 0.299391
vt 0.218129 0.403268
vt 0.254593 0.286792
vt 0.251412 0.387604
vt 0.284944 0.275528
vt 0.289022 0.372780
vt 0.349491 0.262039
vt 0.365858 0.261731
vt 0.381840 0.262818
vt 0.397189 0.265228
vt 0.411732 0.268801
vt 0.461426 0.291003
vt 0.438194 0.278659
vt 0.531563 0.257802
vt 0.534303 0.347052
vt 0.501404 0.318966
vt 0.499881 0.226765
vt 0.525206 0.167335
vt 0.494854 0.139918
vt 0.490588 0.098737
vt 0.519417 0.120936
vt 0.454498 0.070536
vt 0.433379 0.057901
vt 0.409276 0.047442
vt 0.381965 0.040642
vt 0.352603 0.038730
vt 0.323160 0.041436
vt 0.134657 0.203601
vt 0.481358 0.212322
vt 0.461165 0.198482
vt 0.438584 0.185918
vt 0.412838 0.175721
vt 0.398670 0.171946
vt 0.383718 0.169316
vt 0.368166 0.167982
vt 0.352273 0.167994
vt 0.320478 0.171762
vt 0.231916 0.200559
vt 0.289760 0.179432
vt 0.260316 0.189346
vt 0.397779 0.084715
vt 0.383401 0.081938
vt 0.477153 0.125476
vt 0.457799 0.111638
vt 0.436130 0.099007
vt 0.411403 0.088619
vt 0.368467 0.080427
vt 0.353245 0.080213
vt 0.322908 0.083270
vt 0.293631 0.089830
vt 0.206781 0.427475
vt 0.157067 0.464293
vt 0.203288 0.477655
vt 0.156970 0.490609
vt 0.258291 0.415771
vt 0.228821 0.471584
vt 0.294927 0.410518
vt 0.286187 0.462022
vt 0.259096 0.465631
vt 0.323980 0.409332
vt 0.325144 0.384794
vt 0.296171 0.386099
vt 0.259731 0.391441
vt 0.163055 0.442266
vt 0.156980 0.495970
vt 0.156923 0.506856
vt 0.177872 0.743348
vt 0.182107 0.727470
vt 0.162891 0.428951
vt 0.161902 0.394653
vt 0.160000 0.367797
vt 0.159259 0.361267
vt 0.157819 0.351522
vt 0.149163 0.323318
vt 0.138442 0.310656
vt 0.145739 0.317956
vt 0.132355 0.293275
vt 0.133992 0.303964
vt 0.151749 0.082295
vt 0.149726 0.121742
vt 0.150998 0.103228
vt 0.151321 0.096845
vt 0.138860 0.223044
vt 0.149477 0.142895
vt 0.174778 0.092724
vt 0.193074 0.510552
vt 0.190048 0.498295
vt 0.214446 0.516583
vt 0.221833 0.506463
vt 0.241730 0.516270
vt 0.279694 0.512462
vt 0.262484 0.529727
vt 0.382226 1.000000
vt 0.400891 0.994543
vt 0.411642 0.988285
vt 0.417499 0.983110
vt 0.426106 0.973056
vt 0.434500 0.959609
vt 0.468616 0.737040
vt 0.501388 0.740846
vt 0.505630 0.730883
vt 0.468319 0.722377
vt 0.553534 0.695909
vt 0.532365 0.703740
vt 0.544926 0.745108
vt 0.509629 0.711053
vt 0.467477 0.698331
vt 0.568056 0.734438
vt 0.569186 0.688875
vt 0.563709 0.759543
vt 0.563365 0.610913
vt 0.551114 0.627623
vt 0.575147 0.615940
vt 0.577914 0.597953
vt 0.510894 0.665110
vt 0.489082 0.660407
vt 0.466180 0.673757
vt 0.511132 0.647358
vt 0.493922 0.556587
vt 0.543689 0.625851
vt 0.551174 0.650358
vt 0.589905 0.605497
vt 0.587799 0.587003
vt 0.589943 0.628419
vt 0.575261 0.638756
vt 0.187634 0.782476
vt 0.183267 0.766221
vt 0.191382 0.795152
vt 0.200591 0.822448
vt 0.210961 0.848234
vt 0.222521 0.872443
vt 0.234036 0.892920
vt 0.246479 0.911812
vt 0.253973 0.921832
vt 0.463873 0.761387
vt 0.406966 0.329235
vt 0.406915 0.309921
vt 0.429519 0.320576
vt 0.407103 0.335288
vt 0.431757 0.361649
vt 0.407562 0.349362
vt 0.408591 0.370058
vt 0.413144 0.373428
vt 0.411528 0.334145
vt 0.434557 0.325153
vt 0.411738 0.342317
vt 0.421597 0.527194
vt 0.417270 0.441464
vt 0.412639 0.437652
vt 0.416732 0.521600
vt 0.430929 0.545945
vt 0.424710 0.538098
vt 0.418658 0.531245
vt 0.424389 0.540391
vt 0.449611 0.583078
vt 0.452870 0.596804
vt 0.455374 0.590803
vt 0.462154 0.629025
vt 0.458421 0.604749
vt 0.457423 0.625333
vt 0.450902 0.576027
vt 0.444448 0.567740
vt 0.445570 0.563823
vt 0.437383 0.554226
vt 0.440081 0.555149
vt 0.434577 0.549175
vt 0.429307 0.544891
vt 0.458703 0.636711
vt 0.461401 0.670086
vt 0.465335 0.661393
vt 0.471522 0.620880
vt 0.462671 0.694590
vt 0.464906 0.743401
vt 0.463819 0.728494
vt 0.464281 0.840850
vt 0.460082 0.872692
vt 0.455405 0.897967
vt 0.449425 0.921906
vt 0.252080 0.904536
vt 0.257532 0.912138
vt 0.247446 0.898859
vt 0.252080 0.904536
vt 0.247446 0.898859
vt 0.238328 0.884776
vt 0.220289 0.851716
vt 0.424958 0.960909
vt 0.418669 0.968590
vt 0.428369 0.955551
vt 0.430948 0.951157
vt 0.424958 0.960909
vt 0.428369 0.955551
vt 0.418669 0.968590
vt 0.414680 0.972864
vt 0.408518 0.978001
vt 0.368242 0.999562
vt 0.352979 0.996168
vt 0.361508 0.998392
vt 0.348939 0.984293
vt 0.336650 0.989896
vt 0.319524 0.980805
vt 0.303996 0.970463
vt 0.302865 0.957980
vt 0.285690 0.944747
vt 0.288866 0.958433
vt 0.274239 0.944784
vt 0.443491 0.939733
vt 0.408518 0.978001
vt 0.411642 0.988285
vt 0.418669 0.968590
vt 0.418669 0.968590
vt 0.418669 0.968590
vt 0.426106 0.973056
vt 0.428369 0.955551
vt 0.428369 0.955551
vt 0.428369 0.955551
vt 0.430948 0.951157
vt 0.238328 0.884776
vt 0.234036 0.892920
vt 0.252080 0.904536
vt 0.252080 0.904536
vt 0.252080 0.904536
vt 0.246479 0.911812
vt 0.257532 0.912138
vt 0.260234 0.929506
vt 0.272805 0.928709
vt 0.278591 0.936853
vt 0.257532 0.912138
vt 0.257532 0.912138
vt 0.278591 0.936853
vt 0.272805 0.928709
vt 0.362165 0.985874
vt 0.366899 0.987413
vt 0.380653 0.988232
vt 0.380653 0.988232
vt 0.366899 0.987413
vt 0.362165 0.985874
vt 0.572607 0.402266
vt 0.554048 0.417452
vt 0.560881 0.513503
vt 0.579559 0.497049
vt 0.518505 0.291239
vt 0.469833 0.569502
vt 0.464751 0.468499
vt 0.502668 0.348689
vt 0.457897 0.370044
vt 0.538377 0.279510
vt 0.556307 0.266529
vt 0.570707 0.251950
vt 0.579522 0.235865
vt 0.581547 0.219066
vt 0.577687 0.202455
vt 0.569746 0.186381
vt 0.546870 0.155498
vt 0.563298 0.376022
vt 0.588468 0.407649
vt 0.597513 0.424361
vt 0.602381 0.442063
vt 0.602741 0.451247
vt 0.601459 0.460570
vt 0.598427 0.469930
vt 0.593664 0.479203
vt 0.587304 0.488274
vt 0.539765 0.528717
vt 0.517308 0.543024
vt 0.524094 0.337071
vt 0.544373 0.324555
vt 0.562597 0.310789
vt 0.577075 0.295462
vt 0.533233 0.431391
vt 0.511163 0.444429
vt 0.587000 0.385597
vt 0.592028 0.376808
vt 0.595358 0.367843
vt 0.596935 0.358825
vt 0.596851 0.349871
vt 0.592486 0.332453
vt 0.583954 0.315840
vt 0.572721 0.299850
vt 0.559755 0.284208
vt 0.552373 0.197051
vt 0.564881 0.212501
vt 0.587601 0.270150
vt 0.587721 0.261523
vt 0.583744 0.244590
vt 0.575646 0.228282
vt 0.582273 0.287247
vt 0.585810 0.278768
vt 0.173312 0.672440
vt 0.178552 0.710605
vt 0.177174 0.699424
vt 0.177174 0.699424
vt 0.182107 0.727470
vt 0.186539 0.740277
vt 0.178552 0.710605
vt 0.182107 0.727470
vt 0.178552 0.710605
vt 0.177174 0.699424
vt 0.177174 0.699424
vt 0.178552 0.710605
vt 0.173312 0.672440
vt 0.337871 0.090489
vt 0.372893 0.102246
vt 0.401904 0.118950
vt 0.423086 0.139387
vt 0.435249 0.162132
vt 0.437867 0.185677
vt 0.431056 0.208545
vt 0.271578 0.272252
vt 0.235605 0.267172
vt 0.202343 0.256953
vt 0.173698 0.242102
vt 0.151399 0.223381
vt 0.136912 0.201796
vt 0.131327 0.178574
vt 0.135253 0.155111
vt 0.167538 0.141216
vt 0.394120 0.467882
vt 0.416038 0.458861
vt 0.400349 0.521667
vt 0.400222 0.504031
vt 0.369765 0.514850
vt 0.369783 0.532430
vt 0.335170 0.522469
vt 0.335065 0.540010
vt 0.298498 0.526283
vt 0.298263 0.543804
vt 0.255246 0.524929
vt 0.260976 0.543710
vt 0.252851 0.542765
vt 0.174840 0.257637
vt 0.149550 0.266496
vt 0.113322 0.285436
vt 0.086235 0.308486
vt 0.069489 0.334270
vt 0.063621 0.361338
vt 0.068539 0.388267
vt 0.083615 0.413742
vt 0.107785 0.436608
vt 0.139656 0.455899
vt 0.177607 0.470854
vt 0.219860 0.480915
vt 0.264548 0.485721
vt 0.309760 0.485106
vt 0.353580 0.479089
vt 0.248518 0.517633
vt 0.249090 0.490658
vt 0.255585 0.497830
vt 0.255246 0.524929
vt 0.084613 0.395632
vt 0.086857 0.367554
vt 0.097959 0.374152
vt 0.096306 0.401981
vt 0.337992 0.491766
vt 0.321350 0.514432
vt 0.316030 0.494845
vt 0.293538 0.496433
vt 0.293242 0.516820
vt 0.423010 0.480972
vt 0.418845 0.483584
vt 0.418618 0.463004
vt 0.422761 0.460375
vt 0.216600 0.288040
vt 0.210125 0.289234
vt 0.209418 0.310744
vt 0.215915 0.309552
vt 0.102956 0.364202
vt 0.115391 0.351753
vt 0.112273 0.334221
vt 0.101340 0.346338
vt 0.124909 0.344301
vt 0.125986 0.322961
vt 0.096269 0.379710
vt 0.097864 0.351260
vt 0.284672 0.496640
vt 0.284225 0.524004
vt 0.110142 0.330168
vt 0.072014 0.321471
vt 0.130187 0.315311
vt 0.117659 0.324623
vt 0.154706 0.302597
vt 0.144457 0.308047
vt 0.178159 0.297495
vt 0.177017 0.326318
vt 0.115394 0.358645
vt 0.142688 0.340563
vt 0.144031 0.311839
vt 0.215676 0.316916
vt 0.361133 0.486700
vt 0.361113 0.514142
vt 0.423100 0.488029
vt 0.394913 0.502782
vt 0.394744 0.475251
vt 0.323800 0.521299
vt 0.090810 0.400901
vt 0.092343 0.373104
vt 0.086650 0.367486
vt 0.084613 0.395632
vt 0.255246 0.524929
vt 0.255585 0.497830
vt 0.248942 0.493536
vt 0.248942 0.493536
vt 0.248411 0.520486
vt 0.173568 0.323621
vt 0.183010 0.292457
vt 0.142377 0.336283
vt 0.130709 0.342642
vt 0.116211 0.352361
vt 0.106548 0.360448
vt 0.096210 0.371446
vt 0.095082 0.346650
vt 0.089764 0.380502
vt 0.088717 0.398738
vt 0.413479 0.470507
vt 0.255585 0.497830
vt 0.255246 0.524929
vt 0.279155 0.499862
vt 0.297597 0.499488
vt 0.279155 0.499862
vt 0.368372 0.488303
vt 0.351753 0.492462
vt 0.333964 0.495804
vt 0.316129 0.498114
vt 0.399609 0.477202
vt 0.384466 0.483182
vt 0.084613 0.395632
vt 0.086857 0.367554
vt 0.084613 0.395632
vt 0.086857 0.367554
vt 0.073490 0.297627
vt 0.065634 0.302929
vt 0.049066 0.328634
vt 0.042296 0.355515
vt 0.045257 0.382407
vt 0.057482 0.408228
vt 0.078171 0.432010
vt 0.106271 0.452926
vt 0.140543 0.470299
vt 0.179623 0.483600
vt 0.222064 0.492444
vt 0.266373 0.496585
vt 0.311036 0.495912
vt 0.321652 0.493782
vt 0.321453 0.516440
vt 0.064122 0.326743
vt 0.310788 0.518556
vt 0.265920 0.519225
vt 0.221404 0.515110
vt 0.178763 0.506324
vt 0.139495 0.493108
vt 0.105053 0.475845
vt 0.076807 0.455060
vt 0.056003 0.431424
vt 0.043700 0.405760
vt 0.040704 0.379026
vt 0.047489 0.352301
vt 0.172821 0.342116
vt 0.129802 0.361053
vt 0.141513 0.354723
vt 0.082277 0.413861
vt 0.105556 0.378777
vt 0.255585 0.497830
vt 0.105352 0.285300
vt 0.101021 0.286379
vt 0.090848 0.278222
vt 0.095494 0.276941
vt 0.109692 0.264891
vt 0.126915 0.273675
vt 0.116381 0.280110
vt 0.104764 0.269965
vt 0.110198 0.283375
vt 0.100068 0.274110
vt 0.120580 0.255188
vt 0.133834 0.247249
vt 0.151239 0.260650
vt 0.142442 0.265515
vt 0.136520 0.268421
vt 0.340242 0.478280
vt 0.348102 0.480025
vt 0.355635 0.490634
vt 0.344053 0.487897
vt 0.356787 0.481093
vt 0.364242 0.491757
vt 0.365916 0.481259
vt 0.373932 0.491201
vt 0.375131 0.480512
vt 0.381837 0.489380
vt 0.392948 0.478245
vt 0.390469 0.486851
vt 0.400026 0.483954
vt 0.408991 0.474449
vt 0.414789 0.478367
vt 0.092834 0.281868
vt 0.135783 0.261120
vt 0.077648 0.269352
vt 0.239489 0.338154
vt 0.246390 0.299441
vt 0.232720 0.338517
vt 0.151833 0.319243
vt 0.181133 0.283703
vt 0.138147 0.311903
vt 0.144014 0.315315
vt 0.124918 0.303418
vt 0.157352 0.273464
vt 0.113774 0.296824
vt 0.099413 0.333088
vt 0.065064 0.106981
vt 0.107926 0.109259
vt 0.094636 0.090152
vt 0.138272 0.063501
vt 0.143305 0.060895
vt 0.141918 0.080618
vt 0.001959 0.184941
vt 0.004621 0.190373
vt 0.006872 0.195752
vt 0.080288 0.186705
vt 0.014086 0.207020
vt 0.082380 0.195733
vt 0.000956 0.177932
vt 0.121056 0.250292
vt 0.132823 0.308767
vt 0.168974 0.278844
vt 0.146241 0.267537
vt 0.177222 0.329905
vt 0.206603 0.291733
vt 0.193654 0.287988
vt 0.164100 0.324939
vt 0.187451 0.333006
vt 0.219771 0.294888
vt 0.340608 0.297859
vt 0.327556 0.299723
vt 0.317172 0.322535
vt 0.347989 0.313366
vt 0.314326 0.301051
vt 0.300781 0.301847
vt 0.310973 0.324330
vt 0.287211 0.302084
vt 0.282828 0.332068
vt 0.273478 0.301760
vt 0.264941 0.335021
vt 0.259699 0.300862
vt 0.248320 0.337280
vt 0.233250 0.297487
vt 0.220138 0.338049
vt 0.196807 0.335195
vt 0.207068 0.336906
vt 0.353265 0.295499
vt 0.393418 0.283944
vt 0.389117 0.285499
vt 0.394792 0.300861
vt 0.406742 0.296874
vt 0.377577 0.289301
vt 0.384972 0.303735
vt 0.365661 0.292627
vt 0.379019 0.305304
vt 0.373319 0.306702
vt 0.366721 0.307740
vt 0.078491 0.318756
vt 0.083451 0.362701
vt 0.103809 0.377393
vt 0.339992 0.454965
vt 0.319791 0.462362
vt 0.331509 0.484826
vt 0.320581 0.402648
vt 0.341293 0.356413
vt 0.318787 0.349658
vt 0.305291 0.359795
vt 0.127927 0.352252
vt 0.143863 0.361348
vt 0.160938 0.369482
vt 0.220927 0.381606
vt 0.231929 0.380930
vt 0.210056 0.381425
vt 0.199451 0.380396
vt 0.189202 0.378580
vt 0.179372 0.376081
vt 0.169986 0.373026
vt 0.242901 0.379463
vt 0.253761 0.377300
vt 0.264480 0.374555
vt 0.285286 0.367763
vt 0.312928 0.411322
vt 0.332811 0.403046
vt 0.342895 0.396509
vt 0.352317 0.394166
vt 0.365549 0.389586
vt 0.379292 0.438373
vt 0.411304 0.413757
vt 0.408927 0.374942
vt 0.387935 0.382220
vt 0.359808 0.446907
vt 0.291006 0.473966
vt 0.310449 0.479381
vt 0.299125 0.468850
vt 0.295928 0.443888
vt 0.274666 0.449667
vt 0.274295 0.468927
vt 0.259503 0.464096
vt 0.238465 0.430499
vt 0.227354 0.430929
vt 0.232728 0.454179
vt 0.246719 0.459572
vt 0.249555 0.429299
vt 0.166798 0.417871
vt 0.165257 0.420097
vt 0.180322 0.428964
vt 0.175955 0.421515
vt 0.190561 0.434565
vt 0.185438 0.424687
vt 0.199296 0.439082
vt 0.195362 0.427324
vt 0.209732 0.444161
vt 0.205699 0.429305
vt 0.220249 0.448937
vt 0.216390 0.430527
vt 0.151219 0.411005
vt 0.116334 0.387344
vt 0.128608 0.396074
vt 0.260545 0.427419
vt 0.271411 0.424962
vt 0.292552 0.418746
vt 0.140787 0.404432
vt 0.363698 0.349587
vt 0.386264 0.342751
vt 0.407274 0.317505
vt 0.407875 0.352428
vt 0.407444 0.336996
vt 0.108244 0.238502
vt 0.058730 0.253754
vt 0.101105 0.230434
vt 0.042027 0.238164
vt 0.159430 0.074253
vt 0.144241 0.081991
vt 0.094901 0.222051
vt 0.089718 0.213480
vt 0.024814 0.220910
vt 0.085525 0.204668
vt 0.017653 0.211999
vt 0.079258 0.177664
vt 0.002119 0.168939
vt 0.079287 0.168529
vt 0.014183 0.144641
vt 0.008098 0.154559
vt 0.080330 0.159773
vt 0.017469 0.140976
vt 0.004165 0.162191
vt 0.115853 0.101788
vt 0.100929 0.117033
vt 0.094803 0.125187
vt 0.051537 0.115149
vt 0.089668 0.133573
vt 0.036585 0.125116
vt 0.085499 0.142247
vt 0.025534 0.134423
vt 0.082369 0.151078
vt 0.118091 0.074994
vt 0.113468 0.078079
vt 0.134066 0.088129
vt 0.124539 0.094769
vt 0.108997 0.362567
vt 0.114922 0.367281
vt 0.123310 0.373603
vt 0.130030 0.378390
vt 0.137055 0.383181
vt 0.152012 0.392761
vt 0.163891 0.399874
vt 0.176256 0.406885
vt 0.189071 0.413778
vt 0.202212 0.420493
vt 0.215713 0.427054
vt 0.229392 0.433375
vt 0.242850 0.439295
vt 0.256421 0.444975
vt 0.270555 0.450592
vt 0.284612 0.455881
vt 0.298581 0.460847
vt 0.312494 0.465501
vt 0.337579 0.472641
vt 0.352424 0.473491
vt 0.363447 0.471540
vt 0.394717 0.461778
vt 0.380892 0.467044
vt 0.371042 0.469723
vt 0.073435 0.354942
vt 0.059742 0.300650
vt 0.059060 0.343515
vt 0.096708 0.351802
vt 0.102613 0.357160
vt 0.139673 0.120219
vt 0.087900 0.342851
vt 0.082426 0.336392
vt 0.077968 0.330199
vt 0.074540 0.324296
vt 0.072160 0.318707
vt 0.070840 0.313445
vt 0.070598 0.308598
vt 0.071383 0.304265
vt 0.073176 0.300319
vt 0.076096 0.296663
vt 0.080036 0.293504
vt 0.085013 0.290814
vt 0.090984 0.288618
vt 0.036040 0.264268
vt 0.031924 0.256914
vt 0.046836 0.243455
vt 0.046872 0.263539
vt 0.018473 0.246483
vt 0.017592 0.267209
vt 0.011751 0.269121
vt 0.013010 0.301436
vt 0.010207 0.293096
vt 0.006342 0.285652
vt 0.008175 0.295304
vt 0.020202 0.309237
vt 0.027637 0.316180
vt 0.014844 0.300331
vt 0.000250 0.221706
vt 0.000000 0.213513
vt 0.001164 0.205239
vt 0.001809 0.229733
vt 0.004500 0.237520
vt 0.008114 0.245023
vt 0.012511 0.252306
vt 0.034834 0.279055
vt 0.022954 0.266130
vt 0.041018 0.328511
vt 0.026472 0.265411
vt 0.031685 0.232035
vt 0.063360 0.230574
vt 0.058908 0.263189
vt 0.081044 0.218154
vt 0.076779 0.262686
vt 0.096358 0.255769
vt 0.087347 0.259999
vt 0.099555 0.206117
vt 0.126551 0.241735
vt 0.130786 0.200797
vt 0.116559 0.150104
vt 0.137722 0.140241
vt 0.094767 0.160794
vt 0.082276 0.167662
vt 0.056909 0.162037
vt 0.054413 0.182993
vt 0.047308 0.193650
vt 0.048437 0.144850
vt 0.064297 0.180446
vt 0.073758 0.171836
vt 0.032601 0.158682
vt 0.018605 0.173336
vt 0.003747 0.196998
vt 0.007628 0.188907
vt 0.012642 0.181017
vt 0.003383 0.277931
vt 0.001542 0.269978
vt 0.000996 0.261861
vt 0.001854 0.253663
vt 0.004131 0.245487
vt 0.007713 0.237456
vt 0.012445 0.229621
vt 0.018152 0.221985
vt 0.031734 0.207408
vt 0.007590 0.271251
vt 0.004521 0.273817
vt 0.002732 0.276569
vt 0.001941 0.280006
vt 0.002348 0.283886
vt 0.004320 0.289022
vt 0.099460 0.122343
vt 0.120078 0.111070
vt 0.141093 0.099919
vt 0.078946 0.133456
vn 0.000001 -1.000000 0.000001
vn 0.000001 -1.000000 0.000001
vn 0.000001 -1.000000 0.000001
vn 0.000001 -1.000000 0.000001
vn 0.000001 -0.822827 -0.568292
vn 0.000001 -0.822827 -0.568292
vn 0.000002 -0.736794 -0.676118
vn 0.000002 -0.736793 -0.676118
vn 0.000002 -0.736793 -0.676118
vn 0.000002 -0.736794 -0.676118
vn 0.000003 -0.524569 -0.851368
vn 0.000003 -0.524570 -0.851367
vn 0.000003 -0.524570 -0.851367
vn 0.000003 -0.524569 -0.851368
vn 0.000003 -0.272610 -0.962125
vn 0.000003 -0.272611 -0.962124
vn 0.000003 -0.272611 -0.962124
vn 0.000003 -0.272610 -0.962125
vn 0.000004 0.000000 -1.000000
vn 0.000004 0.000001 -1.000000
vn 0.000004 0.000001 -1.000000
vn 0.000004 0.000000 -1.000000
vn 0.000004 0.272611 -0.962124
vn 0.000004 0.272611 -0.962124
vn 0.000004 0.272611 -0.962124
vn 0.000004 0.272611 -0.962124
vn 0.000002 0.524570 -0.851367
vn 0.000002 0.524570 -0.851367
vn 0.000002 0.524570 -0.851367
vn 0.000002 0.524570 -0.851367
vn -0.000002 0.736794 -0.676117
vn -0.000002 0.736793 -0.676118
vn -0.000002 0.736793 -0.676118
vn -0.000002 0.736794 -0.676117
vn -0.000003 0.822828 -0.568291
vn -0.000003 0.822828 -0.568291
vn 0.134810 0.955246 0.263309
vn 0.297245 0.940146 0.166644
vn 0.200712 0.972149 0.121000
vn 0.103158 0.974488 0.199327
vn 0.200712 0.972149 0.121000
vn 0.109223 0.989831 0.091134
vn 0.076047 0.986931 0.142073
vn 0.103158 0.974488 0.199327
vn 0.286950 -0.938520 0.191939
vn 0.149359 -0.949341 0.276484
vn 0.120091 -0.967677 0.221765
vn 0.207536 -0.966628 0.150196
vn 0.166829 -0.977692 0.127622
vn 0.207536 -0.966628 0.150196
vn 0.120091 -0.967677 0.221765
vn 0.098534 -0.977289 0.187609
vn 0.113809 -0.988967 0.094827
vn 0.166829 -0.977692 0.127622
vn 0.098534 -0.977289 0.187609
vn 0.076044 -0.985976 0.148559
vn 0.867662 0.406312 0.286485
vn 0.834876 0.492548 0.245720
vn 0.641122 0.665114 0.382866
vn 0.663956 0.567132 0.487365
vn 0.867662 0.406312 0.286485
vn 0.663956 0.567132 0.487365
vn 0.708207 0.466857 0.529611
vn 0.885602 0.340765 0.315576
vn 0.885602 0.340765 0.315576
vn 0.708207 0.466857 0.529611
vn 0.734263 0.363187 0.573544
vn 0.894710 0.249131 0.370714
vn 0.894710 0.249131 0.370714
vn 0.734263 0.363187 0.573544
vn 0.786672 0.228270 0.573620
vn 0.406236 0.344477 0.846350
vn 0.786672 0.228270 0.573620
vn 0.734263 0.363187 0.573544
vn 0.379617 0.457694 0.803994
vn 0.379617 0.457694 0.803994
vn 0.734263 0.363187 0.573544
vn 0.362334 0.542235 0.758087
vn 0.362334 0.542235 0.758087
vn 0.734263 0.363187 0.573544
vn 0.708207 0.466857 0.529611
vn 0.336836 0.635314 0.694923
vn 0.270163 0.793439 0.545405
vn 0.309645 0.706337 0.636559
vn 0.663956 0.567132 0.487365
vn 0.641122 0.665114 0.382866
vn 0.309645 0.706337 0.636559
vn 0.336836 0.635314 0.694923
vn 0.708207 0.466857 0.529611
vn 0.663956 0.567132 0.487365
vn 0.201450 0.899849 0.386898
vn 0.237151 0.852629 0.465600
vn 0.585322 0.757118 0.290122
vn 0.501195 0.827241 0.253922
vn 0.501195 0.827241 0.253922
vn 0.393543 0.892281 0.221266
vn 0.170538 0.928470 0.329941
vn 0.201450 0.899849 0.386898
vn 0.393543 0.892281 0.221266
vn 0.297245 0.940146 0.166644
vn 0.134810 0.955246 0.263309
vn 0.170538 0.928470 0.329941
vn 0.834876 0.492548 0.245720
vn 0.790296 0.573812 0.214877
vn 0.585322 0.757118 0.290122
vn 0.641122 0.665114 0.382866
vn 0.641122 0.665114 0.382866
vn 0.585322 0.757118 0.290122
vn 0.237151 0.852629 0.465600
vn 0.270163 0.793439 0.545405
vn 0.682802 0.710124 0.171772
vn 0.576309 0.802828 0.152760
vn 0.393543 0.892281 0.221266
vn 0.501195 0.827241 0.253922
vn 0.576309 0.802828 0.152760
vn 0.424652 0.898566 0.110676
vn 0.297245 0.940146 0.166644
vn 0.393543 0.892281 0.221266
vn 0.830426 -0.492166 0.261084
vn 0.842394 -0.446409 0.301813
vn 0.609021 -0.605340 0.512501
vn 0.547801 -0.712755 0.438057
vn 0.322415 -0.679619 0.658913
vn 0.299843 -0.749223 0.590558
vn 0.609021 -0.605340 0.512501
vn 0.357230 -0.628636 0.690799
vn 0.609021 -0.605340 0.512501
vn 0.299843 -0.749223 0.590558
vn 0.282334 -0.792071 0.541213
vn 0.547801 -0.712755 0.438057
vn 0.723840 -0.348833 0.595291
vn 0.385290 -0.471450 0.793276
vn 0.377839 -0.548453 0.745947
vn 0.672846 -0.474873 0.567251
vn 0.385290 -0.471450 0.793276
vn 0.723840 -0.348833 0.595291
vn 0.782815 -0.229545 0.578368
vn 0.413401 -0.341399 0.844124
vn 0.867781 -0.368172 0.333776
vn 0.896531 -0.279655 0.343549
vn 0.672846 -0.474873 0.567251
vn 0.609021 -0.605340 0.512501
vn 0.896531 -0.279655 0.343549
vn 0.932635 -0.206165 0.296123
vn 0.782815 -0.229545 0.578368
vn 0.377839 -0.548453 0.745947
vn 0.357230 -0.628636 0.690799
vn 0.609021 -0.605340 0.512501
vn 0.672846 -0.474873 0.567251
vn 0.782815 -0.229545 0.578368
vn 0.807006 -0.147036 0.571945
vn 0.432845 -0.207658 0.877225
vn 0.413401 -0.341399 0.844124
vn 0.565654 -0.808759 0.161073
vn 0.653116 -0.730328 0.200151
vn 0.439983 -0.838048 0.322630
vn 0.355040 -0.901386 0.247891
vn 0.355040 -0.901386 0.247891
vn 0.439983 -0.838048 0.322630
vn 0.205612 -0.902104 0.379384
vn 0.167846 -0.932285 0.320425
vn 0.286950 -0.938520 0.191939
vn 0.417446 -0.902216 0.108372
vn 0.565654 -0.808759 0.161073
vn 0.355040 -0.901386 0.247891
vn 0.286950 -0.938520 0.191939
vn 0.355040 -0.901386 0.247891
vn 0.167846 -0.932285 0.320425
vn 0.149359 -0.949341 0.276484
vn 0.547801 -0.712755 0.438057
vn 0.481552 -0.796173 0.366356
vn 0.734628 -0.629071 0.254149
vn 0.830426 -0.492166 0.261084
vn 0.248844 -0.855211 0.454633
vn 0.481552 -0.796173 0.366356
vn 0.547801 -0.712755 0.438057
vn 0.282334 -0.792071 0.541213
vn 0.786672 0.228270 0.573620
vn 0.813370 0.141214 0.564348
vn 0.942533 0.089976 0.321770
vn 0.942062 0.137313 0.306047
vn 0.942533 0.089976 0.321770
vn 0.813370 0.141214 0.564348
vn 0.829623 0.061490 0.554928
vn 0.945109 0.042674 0.323958
vn 0.438625 0.001693 0.898669
vn 0.828945 -0.002317 0.559326
vn 0.829623 0.061490 0.554928
vn 0.439823 0.089907 0.893573
vn 0.439823 0.089907 0.893573
vn 0.829623 0.061490 0.554928
vn 0.813370 0.141214 0.564348
vn 0.430483 0.219422 0.875522
vn 0.885602 0.340765 0.315576
vn 0.936156 0.256148 0.240834
vn 0.925276 0.304331 0.226380
vn 0.867662 0.406312 0.286485
vn 0.942062 0.137313 0.306047
vn 0.932432 0.206614 0.296448
vn 0.894710 0.249131 0.370714
vn 0.786672 0.228270 0.573620
vn 0.867662 0.406312 0.286485
vn 0.925276 0.304331 0.226380
vn 0.902871 0.373876 0.212227
vn 0.834876 0.492548 0.245720
vn 0.894710 0.249131 0.370714
vn 0.932432 0.206614 0.296448
vn 0.936156 0.256148 0.240834
vn 0.885602 0.340765 0.315576
vn 0.936156 0.256148 0.240834
vn 0.932432 0.206614 0.296448
vn 0.971542 0.124901 0.201259
vn 0.968527 0.150011 0.198627
vn 0.902871 0.373876 0.212227
vn 0.925276 0.304331 0.226380
vn 0.957683 0.221129 0.184241
vn 0.925276 0.304331 0.226380
vn 0.936156 0.256148 0.240834
vn 0.961918 0.191527 0.195018
vn 0.957683 0.221129 0.184241
vn 0.961918 0.191527 0.195018
vn 0.968527 0.150011 0.198627
vn 0.984897 0.075524 0.155801
vn 0.980673 0.112621 0.159993
vn 0.948154 0.304049 0.092515
vn 0.960464 0.262625 0.092394
vn 0.955921 0.280717 0.086099
vn 0.896170 0.436268 0.080926
vn 0.682802 0.710124 0.171772
vn 0.790296 0.573812 0.214877
vn 0.793391 0.586196 0.164027
vn 0.931580 0.344266 0.116792
vn 0.931333 0.349727 0.101539
vn 0.896170 0.436268 0.080926
vn 0.879973 0.463611 0.103500
vn 0.879973 0.463611 0.103500
vn 0.896170 0.436268 0.080926
vn 0.802664 0.591846 0.073812
vn 0.797478 0.594922 0.100488
vn 0.797478 0.594922 0.100488
vn 0.802664 0.591846 0.073812
vn 0.665179 0.743249 0.071536
vn 0.684425 0.722595 0.097052
vn 0.684425 0.722595 0.097052
vn 0.665179 0.743249 0.071536
vn 0.537900 0.841203 0.055147
vn 0.566597 0.818548 0.094590
vn 0.566597 0.818548 0.094590
vn 0.537900 0.841203 0.055147
vn 0.436013 0.899081 0.039321
vn 0.444116 0.893791 0.062446
vn 0.896170 0.436268 0.080926
vn 0.931333 0.349727 0.101539
vn 0.948154 0.304049 0.092515
vn 0.948154 0.304049 0.092515
vn 0.974974 0.184464 0.124088
vn 0.960464 0.262625 0.092394
vn 0.960464 0.262625 0.092394
vn 0.979627 0.176213 0.096336
vn 0.955921 0.280717 0.086099
vn 0.902871 0.373876 0.212227
vn 0.957683 0.221129 0.184241
vn 0.947642 0.273612 0.164654
vn 0.793391 0.586196 0.164027
vn 0.790296 0.573812 0.214877
vn 0.834876 0.492548 0.245720
vn 0.872920 0.458655 0.166269
vn 0.872920 0.458655 0.166269
vn 0.834876 0.492548 0.245720
vn 0.902871 0.373876 0.212227
vn 0.902871 0.373876 0.212227
vn 0.947642 0.273612 0.164654
vn 0.872920 0.458655 0.166269
vn 0.424652 0.898566 0.110676
vn 0.576309 0.802828 0.152760
vn 0.566597 0.818548 0.094590
vn 0.444116 0.893791 0.062446
vn 0.576309 0.802828 0.152760
vn 0.682802 0.710124 0.171772
vn 0.684425 0.722595 0.097052
vn 0.566597 0.818548 0.094590
vn 0.682802 0.710124 0.171772
vn 0.793391 0.586196 0.164027
vn 0.797478 0.594922 0.100488
vn 0.684425 0.722595 0.097052
vn 0.793391 0.586196 0.164027
vn 0.872920 0.458655 0.166269
vn 0.879973 0.463611 0.103500
vn 0.797478 0.594922 0.100488
vn 0.879973 0.463611 0.103500
vn 0.872920 0.458655 0.166269
vn 0.931580 0.344266 0.116792
vn 0.931580 0.344266 0.116792
vn 0.872920 0.458655 0.166269
vn 0.947642 0.273612 0.164654
vn 0.670334 0.740577 0.046882
vn 0.665179 0.743249 0.071536
vn 0.802664 0.591846 0.073812
vn 0.802664 0.591846 0.073812
vn 0.786973 0.614456 0.055826
vn 0.664010 0.746729 0.038553
vn 0.670334 0.740577 0.046882
vn 0.664010 0.746729 0.038553
vn 0.786973 0.614456 0.055826
vn 0.669872 0.742368 0.012727
vn 0.590472 0.807035 0.006131
vn 0.669872 0.742368 0.012727
vn 0.786973 0.614456 0.055826
vn 0.763721 0.645130 0.023160
vn 0.786973 0.614456 0.055826
vn 0.899068 0.432222 0.069726
vn 0.822844 0.567510 0.029334
vn 0.763721 0.645130 0.023160
vn 0.822844 0.567510 0.029334
vn 0.899068 0.432222 0.069726
vn 0.883396 0.467227 0.036215
vn 0.983445 0.164543 0.075900
vn 0.988477 0.142703 0.050497
vn 0.966733 0.252154 0.042957
vn 0.958731 0.273898 0.076259
vn 0.958731 0.273898 0.076259
vn 0.966733 0.252154 0.042957
vn 0.927541 0.371759 0.038246
vn 0.927541 0.371759 0.038246
vn 0.883396 0.467227 0.036215
vn 0.899068 0.432222 0.069726
vn 0.958731 0.273898 0.076259
vn 0.994357 0.077577 0.072356
vn 0.996108 0.072560 0.050040
vn 0.988477 0.142703 0.050497
vn 0.983445 0.164543 0.075900
vn 0.996108 0.072560 0.050040
vn 0.994357 0.077577 0.072356
vn 0.998778 0.001611 0.049397
vn 0.992428 0.087122 0.086586
vn 0.996579 0.029921 0.077046
vn 0.994357 0.077577 0.072356
vn 0.994357 0.077577 0.072356
vn 0.996579 0.029921 0.077046
vn 0.996919 0.011835 0.077545
vn 0.998778 0.001611 0.049397
vn 0.994357 0.077577 0.072356
vn 0.983445 0.164543 0.075900
vn 0.990140 0.108298 0.088853
vn 0.992428 0.087122 0.086586
vn 0.786973 0.614456 0.055826
vn 0.802664 0.591846 0.073812
vn 0.896170 0.436268 0.080926
vn 0.899068 0.432222 0.069726
vn 0.899068 0.432222 0.069726
vn 0.896170 0.436268 0.080926
vn 0.955921 0.280717 0.086099
vn 0.958731 0.273898 0.076259
vn 0.958731 0.273898 0.076259
vn 0.955921 0.280717 0.086099
vn 0.979627 0.176213 0.096336
vn 0.983445 0.164543 0.075900
vn 0.983445 0.164543 0.075900
vn 0.979627 0.176213 0.096336
vn 0.990140 0.108298 0.088853
vn 0.959797 -0.202211 0.194683
vn 0.922743 -0.314907 0.222214
vn 0.909322 -0.361517 0.206007
vn 0.954085 -0.233051 0.188172
vn 0.842394 -0.446409 0.301813
vn 0.830426 -0.492166 0.261084
vn 0.909322 -0.361517 0.206007
vn 0.922743 -0.314907 0.222214
vn 0.609021 -0.605340 0.512501
vn 0.842394 -0.446409 0.301813
vn 0.867781 -0.368172 0.333776
vn 0.932635 -0.206165 0.296123
vn 0.896531 -0.279655 0.343549
vn 0.867781 -0.368172 0.333776
vn 0.937226 -0.257733 0.234906
vn 0.937226 -0.257733 0.234906
vn 0.963731 -0.174939 0.201543
vn 0.953012 -0.170924 0.250106
vn 0.932635 -0.206165 0.296123
vn 0.953012 -0.170924 0.250106
vn 0.949444 -0.160077 0.270059
vn 0.782815 -0.229545 0.578368
vn 0.932635 -0.206165 0.296123
vn 0.782815 -0.229545 0.578368
vn 0.949444 -0.160077 0.270059
vn 0.943476 -0.126961 0.306161
vn 0.959797 -0.202211 0.194683
vn 0.963731 -0.174939 0.201543
vn 0.937226 -0.257733 0.234906
vn 0.922743 -0.314907 0.222214
vn 0.807006 -0.147036 0.571945
vn 0.782815 -0.229545 0.578368
vn 0.943476 -0.126961 0.306161
vn 0.939143 -0.089480 0.331667
vn 0.831248 -0.067081 0.551840
vn 0.828945 -0.002317 0.559326
vn 0.438625 0.001693 0.898669
vn 0.438833 -0.095257 0.893505
vn 0.831248 -0.067081 0.551840
vn 0.438833 -0.095257 0.893505
vn 0.432845 -0.207658 0.877225
vn 0.807006 -0.147036 0.571945
vn 0.998778 0.001611 0.049397
vn 0.996919 0.011835 0.077545
vn 0.996575 -0.028905 0.077479
vn 0.996609 -0.063317 0.052545
vn 0.994416 -0.079331 0.069601
vn 0.984390 -0.158656 0.076193
vn 0.987413 -0.149561 0.051448
vn 0.987413 -0.149561 0.051448
vn 0.984390 -0.158656 0.076193
vn 0.957024 -0.278837 0.079719
vn 0.962581 -0.267720 0.041998
vn 0.962581 -0.267720 0.041998
vn 0.957024 -0.278837 0.079719
vn 0.928365 -0.369688 0.038336
vn 0.928365 -0.369688 0.038336
vn 0.957024 -0.278837 0.079719
vn 0.899192 -0.432488 0.066389
vn 0.881316 -0.470920 0.038946
vn 0.817850 -0.574713 0.028753
vn 0.881316 -0.470920 0.038946
vn 0.899192 -0.432488 0.066389
vn 0.776175 -0.628553 0.049738
vn 0.623665 -0.781639 0.009073
vn 0.717368 -0.696506 0.016212
vn 0.776175 -0.628553 0.049738
vn 0.659137 -0.751160 0.036027
vn 0.776175 -0.628553 0.049738
vn 0.717368 -0.696506 0.016212
vn 0.817850 -0.574713 0.028753
vn 0.776175 -0.628553 0.049738
vn 0.833825 -0.547234 0.072603
vn 0.753390 -0.654052 0.067964
vn 0.659137 -0.751160 0.036027
vn 0.776175 -0.628553 0.049738
vn 0.753390 -0.654052 0.067964
vn 0.652773 -0.755078 0.061203
vn 0.776175 -0.628553 0.049738
vn 0.899192 -0.432488 0.066389
vn 0.871814 -0.484579 0.071579
vn 0.833825 -0.547234 0.072603
vn 0.871814 -0.484579 0.071579
vn 0.899192 -0.432488 0.066389
vn 0.930264 -0.357320 0.083253
vn 0.930264 -0.357320 0.083253
vn 0.899192 -0.432488 0.066389
vn 0.957024 -0.278837 0.079719
vn 0.955192 -0.282870 0.087141
vn 0.955192 -0.282870 0.087141
vn 0.957024 -0.278837 0.079719
vn 0.984390 -0.158656 0.076193
vn 0.977685 -0.185461 0.098671
vn 0.996609 -0.063317 0.052545
vn 0.998778 0.001611 0.049397
vn 0.996575 -0.028905 0.077479
vn 0.994416 -0.079331 0.069601
vn 0.996575 -0.028905 0.077479
vn 0.992236 -0.092117 0.083554
vn 0.994416 -0.079331 0.069601
vn 0.992236 -0.092117 0.083554
vn 0.990443 -0.107069 0.086945
vn 0.984390 -0.158656 0.076193
vn 0.994416 -0.079331 0.069601
vn 0.990443 -0.107069 0.086945
vn 0.987592 -0.058297 0.145821
vn 0.977685 -0.185461 0.098671
vn 0.958762 -0.265042 0.102604
vn 0.960238 -0.253044 0.117947
vn 0.931812 -0.340239 0.126345
vn 0.934526 -0.343314 0.093787
vn 0.977685 -0.185461 0.098671
vn 0.980117 -0.174025 0.095316
vn 0.955192 -0.282870 0.087141
vn 0.980117 -0.174025 0.095316
vn 0.975877 -0.198801 0.090231
vn 0.955192 -0.282870 0.087141
vn 0.975877 -0.198801 0.090231
vn 0.958762 -0.265042 0.102604
vn 0.955192 -0.282870 0.087141
vn 0.955192 -0.282870 0.087141
vn 0.958762 -0.265042 0.102604
vn 0.934526 -0.343314 0.093787
vn 0.930264 -0.357320 0.083253
vn 0.930264 -0.357320 0.083253
vn 0.934526 -0.343314 0.093787
vn 0.860212 -0.502397 0.087362
vn 0.871814 -0.484579 0.071579
vn 0.871814 -0.484579 0.071579
vn 0.860212 -0.502397 0.087362
vn 0.833825 -0.547234 0.072603
vn 0.833825 -0.547234 0.072603
vn 0.860212 -0.502397 0.087362
vn 0.773173 -0.624420 0.110918
vn 0.753390 -0.654052 0.067964
vn 0.753390 -0.654052 0.067964
vn 0.773173 -0.624420 0.110918
vn 0.692804 -0.713369 0.105486
vn 0.652773 -0.755078 0.061203
vn 0.652773 -0.755078 0.061203
vn 0.692804 -0.713369 0.105486
vn 0.560351 -0.822416 0.098178
vn 0.560351 -0.822416 0.098178
vn 0.490880 -0.868793 0.065081
vn 0.534315 -0.843546 0.054210
vn 0.652773 -0.755078 0.061203
vn 0.534315 -0.843546 0.054210
vn 0.490880 -0.868793 0.065081
vn 0.434679 -0.899983 0.032948
vn 0.565654 -0.808759 0.161073
vn 0.417446 -0.902216 0.108372
vn 0.560351 -0.822416 0.098178
vn 0.417446 -0.902216 0.108372
vn 0.365567 -0.925563 0.098453
vn 0.490880 -0.868793 0.065081
vn 0.560351 -0.822416 0.098178
vn 0.560351 -0.822416 0.098178
vn 0.692804 -0.713369 0.105486
vn 0.653116 -0.730328 0.200151
vn 0.565654 -0.808759 0.161073
vn 0.791484 -0.588229 0.165948
vn 0.734628 -0.629071 0.254149
vn 0.653116 -0.730328 0.200151
vn 0.830426 -0.492166 0.261084
vn 0.883330 -0.436717 0.170312
vn 0.930820 -0.324308 0.168518
vn 0.909322 -0.361517 0.206007
vn 0.909322 -0.361517 0.206007
vn 0.930820 -0.324308 0.168518
vn 0.951246 -0.248247 0.183041
vn 0.954085 -0.233051 0.188172
vn 0.889335 -0.439446 0.126374
vn 0.931812 -0.340239 0.126345
vn 0.930820 -0.324308 0.168518
vn 0.883330 -0.436717 0.170312
vn 0.692804 -0.713369 0.105486
vn 0.773173 -0.624420 0.110918
vn 0.791484 -0.588229 0.165948
vn 0.653116 -0.730328 0.200151
vn 0.931812 -0.340239 0.126345
vn 0.889335 -0.439446 0.126374
vn 0.860212 -0.502397 0.087362
vn 0.934526 -0.343314 0.093787
vn 0.860212 -0.502397 0.087362
vn 0.889335 -0.439446 0.126374
vn 0.773173 -0.624420 0.110918
vn 0.773173 -0.624420 0.110918
vn 0.889335 -0.439446 0.126374
vn 0.883330 -0.436717 0.170312
vn 0.791484 -0.588229 0.165948
vn 0.791484 -0.588229 0.165948
vn 0.883330 -0.436717 0.170312
vn 0.830426 -0.492166 0.261084
vn 0.734628 -0.629071 0.254149
vn 0.828945 -0.002317 0.559326
vn 0.941284 -0.004254 0.337588
vn 0.945109 0.042674 0.323958
vn 0.829623 0.061490 0.554928
vn 0.942062 0.137313 0.306047
vn 0.942533 0.089976 0.321770
vn 0.986584 0.030903 0.160306
vn 0.986868 0.038170 0.156957
vn 0.942062 0.137313 0.306047
vn 0.986868 0.038170 0.156957
vn 0.984828 0.072665 0.157587
vn 0.971542 0.124901 0.201259
vn 0.957683 0.221129 0.184241
vn 0.961918 0.191527 0.195018
vn 0.980673 0.112621 0.159993
vn 0.979206 0.125190 0.159635
vn 0.968527 0.150011 0.198627
vn 0.971542 0.124901 0.201259
vn 0.984828 0.072665 0.157587
vn 0.984897 0.075524 0.155801
vn 0.931580 0.344266 0.116792
vn 0.947642 0.273612 0.164654
vn 0.975021 0.157150 0.156966
vn 0.974946 0.160754 0.153750
vn 0.947642 0.273612 0.164654
vn 0.957683 0.221129 0.184241
vn 0.979206 0.125190 0.159635
vn 0.975021 0.157150 0.156966
vn 0.974946 0.160754 0.153750
vn 0.966798 0.210449 0.144961
vn 0.931333 0.349727 0.101539
vn 0.931580 0.344266 0.116792
vn 0.966798 0.210449 0.144961
vn 0.974974 0.184464 0.124088
vn 0.948154 0.304049 0.092515
vn 0.931333 0.349727 0.101539
vn 0.979627 0.176213 0.096336
vn 0.960464 0.262625 0.092394
vn 0.985984 0.076150 0.148448
vn 0.986330 0.075075 0.146686
vn 0.960464 0.262625 0.092394
vn 0.983133 0.112891 0.143890
vn 0.985984 0.076150 0.148448
vn 0.960464 0.262625 0.092394
vn 0.974974 0.184464 0.124088
vn 0.982447 0.113173 0.148290
vn 0.983133 0.112891 0.143890
vn 0.974974 0.184464 0.124088
vn 0.966798 0.210449 0.144961
vn 0.982105 0.112701 0.150889
vn 0.982447 0.113173 0.148290
vn 0.966798 0.210449 0.144961
vn 0.974946 0.160754 0.153750
vn 0.982105 0.112701 0.150889
vn 0.996919 0.011835 0.077545
vn 0.996579 0.029921 0.077046
vn 0.989227 0.019749 0.145055
vn 0.989700 0.001283 0.143152
vn 0.996579 0.029921 0.077046
vn 0.992428 0.087122 0.086586
vn 0.988440 0.030742 0.148462
vn 0.989227 0.019749 0.145055
vn 0.992428 0.087122 0.086586
vn 0.990140 0.108298 0.088853
vn 0.988108 0.039310 0.148649
vn 0.988440 0.030742 0.148462
vn 0.986330 0.075075 0.146686
vn 0.988108 0.039310 0.148649
vn 0.990140 0.108298 0.088853
vn 0.979627 0.176213 0.096336
vn 0.954085 -0.233051 0.188172
vn 0.951246 -0.248247 0.183041
vn 0.980166 -0.122218 0.156006
vn 0.980776 -0.115991 0.156920
vn 0.951246 -0.248247 0.183041
vn 0.930820 -0.324308 0.168518
vn 0.977912 -0.143886 0.151609
vn 0.980166 -0.122218 0.156006
vn 0.930820 -0.324308 0.168518
vn 0.931812 -0.340239 0.126345
vn 0.977930 -0.142449 0.152846
vn 0.977912 -0.143886 0.151609
vn 0.959797 -0.202211 0.194683
vn 0.954085 -0.233051 0.188172
vn 0.980776 -0.115991 0.156920
vn 0.981488 -0.109534 0.157110
vn 0.943476 -0.126961 0.306161
vn 0.949444 -0.160077 0.270059
vn 0.984733 -0.074231 0.157451
vn 0.985811 -0.055051 0.158577
vn 0.949444 -0.160077 0.270059
vn 0.953012 -0.170924 0.250106
vn 0.984733 -0.074231 0.157451
vn 0.959797 -0.202211 0.194683
vn 0.981488 -0.109534 0.157110
vn 0.981494 -0.103058 0.161394
vn 0.963731 -0.174939 0.201543
vn 0.963731 -0.174939 0.201543
vn 0.981494 -0.103058 0.161394
vn 0.984733 -0.074231 0.157451
vn 0.953012 -0.170924 0.250106
vn 0.985811 -0.055051 0.158577
vn 0.986946 -0.031425 0.157957
vn 0.939143 -0.089480 0.331667
vn 0.943476 -0.126961 0.306161
vn 0.831248 -0.067081 0.551840
vn 0.807006 -0.147036 0.571945
vn 0.939143 -0.089480 0.331667
vn 0.938700 -0.044924 0.341795
vn 0.938700 -0.044924 0.341795
vn 0.941284 -0.004254 0.337588
vn 0.828945 -0.002317 0.559326
vn 0.831248 -0.067081 0.551840
vn 0.985115 -0.002934 0.171874
vn 0.988321 0.003924 0.152333
vn 0.985343 0.021911 0.169173
vn 0.987519 0.039577 0.152444
vn 0.986868 0.038170 0.156957
vn 0.986584 0.030903 0.160306
vn 0.988321 0.003924 0.152333
vn 0.988321 0.003924 0.152333
vn 0.986584 0.030903 0.160306
vn 0.985343 0.021911 0.169173
vn 0.974946 0.160754 0.153750
vn 0.975021 0.157150 0.156966
vn 0.985759 0.071023 0.152432
vn 0.985759 0.071023 0.152432
vn 0.975021 0.157150 0.156966
vn 0.979206 0.125190 0.159635
vn 0.985759 0.071023 0.152432
vn 0.979206 0.125190 0.159635
vn 0.980673 0.112621 0.159993
vn 0.984897 0.075524 0.155801
vn 0.985759 0.071023 0.152432
vn 0.984897 0.075524 0.155801
vn 0.984828 0.072665 0.157587
vn 0.987519 0.039577 0.152444
vn 0.987519 0.039577 0.152444
vn 0.984828 0.072665 0.157587
vn 0.986868 0.038170 0.156957
vn 0.985984 0.076150 0.148448
vn 0.983133 0.112891 0.143890
vn 0.985759 0.071023 0.152432
vn 0.985759 0.071023 0.152432
vn 0.983133 0.112891 0.143890
vn 0.982447 0.113173 0.148290
vn 0.982105 0.112701 0.150889
vn 0.985759 0.071023 0.152432
vn 0.982105 0.112701 0.150889
vn 0.974946 0.160754 0.153750
vn 0.987519 0.039577 0.152444
vn 0.988108 0.039310 0.148649
vn 0.986330 0.075075 0.146686
vn 0.986330 0.075075 0.146686
vn 0.985984 0.076150 0.148448
vn 0.985759 0.071023 0.152432
vn 0.987519 0.039577 0.152444
vn 0.988321 0.003924 0.152333
vn 0.989700 0.001283 0.143152
vn 0.989227 0.019749 0.145055
vn 0.989227 0.019749 0.145055
vn 0.988440 0.030742 0.148462
vn 0.988321 0.003924 0.152333
vn 0.988440 0.030742 0.148462
vn 0.988108 0.039310 0.148649
vn 0.987519 0.039577 0.152444
vn 0.988321 0.003924 0.152333
vn 0.986387 -0.074556 0.146571
vn 0.980117 -0.174025 0.095316
vn 0.977685 -0.185461 0.098671
vn 0.987592 -0.058297 0.145821
vn 0.990443 -0.107069 0.086945
vn 0.992236 -0.092117 0.083554
vn 0.988354 -0.028846 0.149414
vn 0.987592 -0.058297 0.145821
vn 0.988354 -0.028846 0.149414
vn 0.992236 -0.092117 0.083554
vn 0.988416 -0.021250 0.150273
vn 0.996575 -0.028905 0.077479
vn 0.989385 -0.012954 0.144739
vn 0.988416 -0.021250 0.150273
vn 0.989700 0.001283 0.143152
vn 0.989385 -0.012954 0.144739
vn 0.996575 -0.028905 0.077479
vn 0.996919 0.011835 0.077545
vn 0.975877 -0.198801 0.090231
vn 0.983251 -0.100348 0.152143
vn 0.958762 -0.265042 0.102604
vn 0.977930 -0.142449 0.152846
vn 0.931812 -0.340239 0.126345
vn 0.960238 -0.253044 0.117947
vn 0.977930 -0.142449 0.152846
vn 0.960238 -0.253044 0.117947
vn 0.982808 -0.102896 0.153303
vn 0.986387 -0.074556 0.146571
vn 0.985883 -0.079442 0.147390
vn 0.980117 -0.174025 0.095316
vn 0.980117 -0.174025 0.095316
vn 0.985883 -0.079442 0.147390
vn 0.983879 -0.096102 0.150819
vn 0.975877 -0.198801 0.090231
vn 0.975877 -0.198801 0.090231
vn 0.983879 -0.096102 0.150819
vn 0.983251 -0.100348 0.152143
vn 0.983251 -0.100348 0.152143
vn 0.982808 -0.102896 0.153303
vn 0.960238 -0.253044 0.117947
vn 0.958762 -0.265042 0.102604
vn 0.985349 -0.075947 0.152704
vn 0.984733 -0.074231 0.157451
vn 0.981494 -0.103058 0.161394
vn 0.981488 -0.109534 0.157110
vn 0.980776 -0.115991 0.156920
vn 0.985349 -0.075947 0.152704
vn 0.981494 -0.103058 0.161394
vn 0.985349 -0.075947 0.152704
vn 0.980776 -0.115991 0.156920
vn 0.980166 -0.122218 0.156006
vn 0.977912 -0.143886 0.151609
vn 0.985349 -0.075947 0.152704
vn 0.977912 -0.143886 0.151609
vn 0.977930 -0.142449 0.152846
vn 0.988321 0.003924 0.152333
vn 0.985115 -0.002934 0.171874
vn 0.986657 -0.019433 0.161649
vn 0.986657 -0.019433 0.161649
vn 0.986946 -0.031425 0.157957
vn 0.987918 -0.028515 0.152335
vn 0.988321 0.003924 0.152333
vn 0.986946 -0.031425 0.157957
vn 0.985811 -0.055051 0.158577
vn 0.986809 -0.054445 0.152462
vn 0.987918 -0.028515 0.152335
vn 0.985811 -0.055051 0.158577
vn 0.984733 -0.074231 0.157451
vn 0.985349 -0.075947 0.152704
vn 0.986809 -0.054445 0.152462
vn 0.985349 -0.075947 0.152704
vn 0.977930 -0.142449 0.152846
vn 0.982808 -0.102896 0.153303
vn 0.983251 -0.100348 0.152143
vn 0.985349 -0.075947 0.152704
vn 0.983251 -0.100348 0.152143
vn 0.983879 -0.096102 0.150819
vn 0.985883 -0.079442 0.147390
vn 0.985349 -0.075947 0.152704
vn 0.985883 -0.079442 0.147390
vn 0.986387 -0.074556 0.146571
vn 0.986809 -0.054445 0.152462
vn 0.988416 -0.021250 0.150273
vn 0.988321 0.003924 0.152333
vn 0.987918 -0.028515 0.152335
vn 0.988354 -0.028846 0.149414
vn 0.988416 -0.021250 0.150273
vn 0.989385 -0.012954 0.144739
vn 0.988321 0.003924 0.152333
vn 0.988321 0.003924 0.152333
vn 0.989385 -0.012954 0.144739
vn 0.989700 0.001283 0.143152
vn 0.987592 -0.058297 0.145821
vn 0.986809 -0.054445 0.152462
vn 0.986387 -0.074556 0.146571
vn 0.986809 -0.054445 0.152462
vn 0.987592 -0.058297 0.145821
vn 0.987918 -0.028515 0.152335
vn 0.987918 -0.028515 0.152335
vn 0.987592 -0.058297 0.145821
vn 0.988354 -0.028846 0.149414
vn -1.000000 0.000000 0.000000
vn -1.000000 0.000000 0.000000
vn -1.000000 0.000000 0.000001
vn -1.000000 0.000000 0.000000
vn -1.000000 0.000000 0.000000
vn -1.000000 0.000000 0.000000
vn -1.000000 0.000000 0.000000
vn -1.000000 0.000000 0.000000
vn -1.000000 0.000000 0.000000
vn -1.000000 0.000000 0.000000
vn -1.000000 0.000000 0.000000
vn -1.000000 0.000000 0.000000
vn -1.000000 0.000000 0.000000
vn -1.000000 0.000000 0.000000
vn -1.000000 0.000000 0.000000
vn -1.000000 0.000000 0.000000
vn -1.000000 0.000001 -0.000002
vn -1.000000 0.000001 -0.000002
vn -1.000000 0.000000 0.000000
vn -1.000000 0.000001 -0.000002
vn -1.000000 0.000001 -0.000002
vn -1.000000 0.000001 0.000002
vn -1.000000 0.000000 0.000000
vn -1.000000 0.000000 0.000000
vn -1.000000 0.000000 0.000000
vn -1.000000 0.000000 0.000000
vn -1.000000 0.000001 0.000000
vn -1.000000 0.000000 0.000000
vn -1.000000 0.000000 0.000000
vn -1.000000 0.000000 0.000000
vn -1.000000 0.000000 0.000000
vn -1.000000 0.000000 0.000000
vn -1.000000 -0.000001 0.000000
vn -1.000000 -0.000001 0.000000
vn -1.000000 0.000000 0.000000
vn -1.000000 0.000000 0.000000
vn 0.000001 0.822828 0.568291
vn 0.000001 0.822827 0.568291
vn 0.000005 0.736793 0.676118
vn 0.000005 0.736794 0.676117
vn 0.000005 0.736794 0.676117
vn 0.000005 0.736793 0.676118
vn 0.000006 0.524570 0.851368
vn 0.000006 0.524570 0.851367
vn 0.000006 0.524570 0.851367
vn 0.000006 0.524570 0.851368
vn 0.000003 0.272610 0.962125
vn 0.000003 0.272610 0.962125
vn 0.000003 0.272610 0.962125
vn 0.000003 0.272610 0.962125
vn 0.000003 -0.000000 1.000000
vn 0.000003 -0.000001 1.000000
vn 0.000003 -0.000001 1.000000
vn 0.000003 -0.000000 1.000000
vn -0.000001 -0.272610 0.962125
vn -0.000001 -0.272610 0.962125
vn -0.000001 -0.272610 0.962125
vn -0.000001 -0.272610 0.962125
vn -0.000003 -0.524570 0.851367
vn -0.000003 -0.524571 0.851367
vn -0.000003 -0.524571 0.851367
vn -0.000003 -0.524570 0.851367
vn 0.000000 -0.736794 0.676117
vn 0.000000 -0.736794 0.676118
vn 0.000000 -0.736794 0.676118
vn 0.000000 -0.736794 0.676117
vn 0.000002 -0.822827 0.568291
vn 0.000002 -0.822827 0.568291
vn 0.000001 0.000003 -1.000000
vn 0.000001 0.000004 -1.000000
vn 0.000000 0.000003 -1.000000
vn 0.002998 0.005794 -0.999979
vn -0.000001 0.000005 -1.000000
vn 0.018334 0.011208 -0.999769
vn 0.000001 0.000004 -1.000000
vn 0.000001 0.000003 -1.000000
vn 0.000000 0.000003 -1.000000
vn 0.000000 0.000003 -1.000000
vn 0.000000 0.000002 -1.000000
vn 0.000000 0.000002 -1.000000
vn 0.000000 0.000003 -1.000000
vn 0.000000 0.000003 -1.000000
vn 0.000000 0.000003 -1.000000
vn 0.000000 0.000003 -1.000000
vn 0.000001 0.000003 -1.000000
vn 0.000001 0.000003 -1.000000
vn 0.000001 0.000003 -1.000000
vn 0.000000 0.000003 -1.000000
vn 0.000000 0.000003 -1.000000
vn 0.009676 -0.012253 -0.999878
vn 0.019008 -0.014473 -0.999715
vn 0.006544 -0.004982 -0.999966
vn 0.005578 0.000329 -0.999984
vn 0.000000 0.000001 -1.000000
vn 0.000000 0.000002 -1.000000
vn 0.000000 0.000002 -1.000000
vn -0.000001 0.000004 -1.000000
vn 0.000000 0.000002 -1.000000
vn -0.000001 0.000005 -1.000000
vn -0.000001 0.000005 -1.000000
vn -0.000001 0.000005 -1.000000
vn -0.000001 0.000005 -1.000000
vn -0.000001 0.000005 -1.000000
vn -0.000001 0.000004 -1.000000
vn -0.000001 0.000004 -1.000000
vn -0.000001 0.000005 -1.000000
vn 0.000000 0.000001 -1.000000
vn 0.000000 0.000001 -1.000000
vn -0.000001 0.000005 -1.000000
vn 0.002998 0.005794 -0.999979
vn 0.000004 0.000003 -1.000000
vn 0.000001 0.000003 -1.000000
vn -0.000004 0.000003 -1.000000
vn -0.002116 0.018388 -0.999829
vn 0.000000 0.000003 -1.000000
vn -0.000005 0.000003 -1.000000
vn 0.000000 0.000003 -1.000000
vn -0.002116 0.018388 -0.999829
vn 0.005578 0.000329 -0.999984
vn 0.006544 -0.004982 -0.999966
vn -0.002116 0.018388 -0.999829
vn -0.046699 0.406022 -0.912669
vn -0.046699 0.406022 -0.912669
vn 0.005578 0.000329 -0.999984
vn 0.000000 0.000003 -1.000000
vn 0.000001 0.000003 -1.000000
vn 0.000002 0.000004 -1.000000
vn 0.000000 0.000003 -1.000000
vn 0.000002 0.000004 -1.000000
vn 0.000001 0.000004 -1.000000
vn 0.000001 0.000003 -1.000000
vn 0.018334 0.011208 -0.999769
vn 0.016877 0.016611 -0.999720
vn 0.002998 0.005794 -0.999979
vn 0.002998 0.005794 -0.999979
vn 0.016877 0.016611 -0.999720
vn 0.002524 0.012246 -0.999922
vn 0.003088 0.017395 -0.999844
vn 0.003088 0.017395 -0.999844
vn 0.002524 0.012246 -0.999922
vn -0.000413 0.017015 -0.999855
vn -0.000411 0.017742 -0.999843
vn -0.000000 0.000003 -1.000000
vn -0.000001 0.000003 -1.000000
vn -0.000001 0.000002 -1.000000
vn 0.000000 0.000003 -1.000000
vn -0.000002 0.000003 -1.000000
vn -0.000001 0.000003 -1.000000
vn -0.000001 0.000005 -1.000000
vn 0.000001 0.000003 -1.000000
vn -0.000004 0.000002 -1.000000
vn -0.000001 0.000003 -1.000000
vn -0.000001 0.000005 -1.000000
vn -0.000002 0.000002 -1.000000
vn -0.000001 0.000003 -1.000000
vn -0.008972 -0.001167 -0.999959
vn -0.009160 -0.001191 -0.999957
vn -0.000001 0.000002 -1.000000
vn -0.008972 -0.001167 -0.999959
vn -0.009079 -0.009084 -0.999918
vn -0.009887 -0.008568 -0.999914
vn -0.009160 -0.001191 -0.999957
vn -0.009079 -0.009084 -0.999918
vn -0.003014 -0.012909 -0.999912
vn -0.003311 -0.014469 -0.999890
vn -0.009887 -0.008568 -0.999914
vn -0.003014 -0.012909 -0.999912
vn -0.000319 -0.013006 -0.999915
vn -0.000345 -0.014768 -0.999891
vn -0.003311 -0.014469 -0.999890
vn -0.000319 -0.013006 -0.999915
vn 0.009676 -0.012253 -0.999878
vn 0.001801 -0.014689 -0.999891
vn -0.000345 -0.014768 -0.999891
vn 0.001801 -0.014689 -0.999891
vn 0.009676 -0.012253 -0.999878
vn 0.005578 0.000329 -0.999984
vn 0.000000 0.000002 -1.000000
vn -0.000002 0.000002 -1.000000
vn -0.000001 0.000005 -1.000000
vn -0.000001 0.000003 -1.000000
vn 0.000000 0.000003 -1.000000
vn 0.000000 0.000002 -1.000000
vn -0.000001 0.000005 -1.000000
vn -0.000001 0.000003 -1.000000
vn 0.000003 0.000003 -1.000000
vn 0.000000 0.000003 -1.000000
vn 0.000000 0.000003 -1.000000
vn 0.000002 0.000003 -1.000000
vn 0.000000 0.000003 -1.000000
vn 0.000000 0.000003 -1.000000
vn -0.000005 0.000003 -1.000000
vn -0.000000 0.000003 -1.000000
vn 0.000000 0.000003 -1.000000
vn -0.000000 0.000004 -1.000000
vn -0.000000 0.000004 -1.000000
vn -0.000001 0.000004 -1.000000
vn -0.000001 0.000004 -1.000000
vn -0.000000 0.000003 -1.000000
vn -0.000001 0.000004 -1.000000
vn -0.000001 0.000003 -1.000000
vn -0.000001 0.000003 -1.000000
vn -0.000001 0.000004 -1.000000
vn -0.000001 0.000003 -1.000000
vn -0.000001 0.000003 -1.000000
vn -0.000001 0.000002 -1.000000
vn -0.000001 0.000003 -1.000000
vn -0.000001 0.000003 -1.000000
vn -0.000000 0.000003 -1.000000
vn -0.000000 0.000003 -1.000000
vn -0.000001 0.000002 -1.000000
vn -0.000000 0.000003 -1.000000
vn -0.008458 0.001338 -0.999963
vn -0.009599 0.001518 -0.999953
vn -0.000000 0.000003 -1.000000
vn -0.008458 0.001338 -0.999963
vn -0.010689 0.010115 -0.999892
vn -0.009233 0.010971 -0.999897
vn -0.009599 0.001518 -0.999953
vn -0.010689 0.010115 -0.999892
vn -0.004031 0.017293 -0.999842
vn -0.003068 0.013152 -0.999909
vn -0.009233 0.010971 -0.999897
vn -0.004031 0.017293 -0.999842
vn -0.000411 0.017742 -0.999843
vn -0.000413 0.017015 -0.999855
vn -0.003068 0.013152 -0.999909
vn 0.000000 0.000002 -1.000000
vn -0.000001 0.000002 -1.000000
vn 0.000000 0.000003 -1.000000
vn 0.000001 0.000003 -1.000000
vn -0.000002 0.000002 -1.000000
vn -0.000002 0.000002 -1.000000
vn 0.000000 0.000003 -1.000000
vn -0.000001 0.000002 -1.000000
vn 0.000000 0.000003 -1.000000
vn -0.000002 0.000002 -1.000000
vn 0.000002 0.000003 -1.000000
vn -0.943297 0.331667 0.013734
vn -0.868264 0.495794 0.017481
vn -0.881097 0.472279 0.024915
vn -0.570435 0.820202 0.043271
vn -0.881097 0.472279 0.024915
vn -0.868264 0.495794 0.017481
vn -1.000000 0.000000 0.000000
vn -1.000000 -0.000001 0.000001
vn -1.000000 0.000000 -0.000000
vn -1.000000 0.000000 0.000000
vn -1.000000 0.000000 -0.000000
vn -1.000000 0.000000 0.000000
vn -1.000000 0.000000 0.000000
vn -0.999996 0.001756 -0.002161
vn -0.999983 0.003690 -0.004539
vn -1.000000 0.000000 -0.000000
vn -0.999983 0.003690 -0.004539
vn -0.999996 0.001756 -0.002161
vn -0.993204 0.073408 -0.090312
vn -1.000000 0.000000 0.000000
vn -1.000000 0.000000 0.000000
vn -1.000000 0.000000 0.000000
vn -1.000000 0.000000 0.000000
vn -1.000000 0.000000 0.000000
vn -1.000000 -0.000001 0.000000
vn -1.000000 0.000000 0.000000
vn -1.000000 0.000000 0.000000
vn -1.000000 0.000000 0.000000
vn -1.000000 -0.000001 0.000000
vn -1.000000 0.000000 -0.000000
vn -0.999902 -0.008783 0.010920
vn -0.999970 -0.002984 0.007126
vn -0.943297 0.331667 0.013734
vn -0.943297 0.331667 0.013734
vn -0.999970 -0.002984 0.007126
vn -0.999078 -0.038810 -0.018376
vn -0.868264 0.495794 0.017481
vn -0.868264 0.495794 0.017481
vn -0.999078 -0.038810 -0.018376
vn -0.998263 0.000906 -0.058914
vn -0.996956 -0.072878 -0.027712
vn -0.747236 -0.664427 0.013253
vn -0.621066 -0.783747 -0.004219
vn -0.996956 -0.072878 -0.027712
vn -0.621066 -0.783747 -0.004219
vn -0.747236 -0.664427 0.013253
vn -0.994744 -0.099244 0.025213
vn -0.519403 -0.854530 -0.000011
vn -0.747236 -0.664427 0.013253
vn -0.808448 0.586643 0.047557
vn -0.827387 0.559796 0.045381
vn -0.994744 -0.099244 0.025213
vn -0.827387 0.559796 0.045381
vn -1.000000 -0.000001 0.000001
vn -1.000000 0.000000 0.000000
vn -0.994744 -0.099244 0.025213
vn -0.998881 -0.003495 -0.047163
vn -0.999487 0.010480 -0.030265
vn -0.999869 0.016143 -0.001258
vn -0.999426 -0.028857 -0.017738
vn -0.998938 -0.022885 -0.039984
vn -0.999791 -0.010147 -0.017728
vn -0.999907 -0.006654 0.011871
vn -0.999991 0.004286 -0.000051
vn -1.000000 0.000000 -0.000000
vn -1.000000 0.000000 0.000000
vn -0.999900 0.010138 -0.009865
vn -0.999900 0.010138 -0.009865
vn -0.997768 0.047854 -0.046568
vn -0.998169 0.049638 -0.034567
vn -0.999991 0.004286 -0.000051
vn -0.999991 0.004286 -0.000051
vn -0.998169 0.049638 -0.034567
vn -0.999794 0.018518 0.008302
vn -0.999794 0.018518 0.008302
vn -0.999821 0.018735 0.002700
vn -0.999956 0.009250 0.001464
vn -0.999991 0.004286 -0.000051
vn -0.999991 0.002898 0.003103
vn -0.999979 0.004457 0.004772
vn -1.000000 0.000001 0.000000
vn -1.000000 0.000000 -0.000000
vn -0.999703 0.017620 -0.016817
vn -0.999582 0.024385 -0.015511
vn -0.999789 0.019170 0.007416
vn -0.999947 0.008327 -0.006137
vn -0.999956 0.009250 0.001464
vn -0.999821 0.018735 0.002700
vn -0.999608 0.027956 -0.001368
vn -0.999956 0.009250 0.001464
vn -0.999608 0.027956 -0.001368
vn -0.999708 0.022965 0.007581
vn -0.999483 0.029734 0.012227
vn -0.999963 0.007606 -0.003963
vn -0.999963 0.006759 -0.005430
vn -0.999947 0.008327 -0.006137
vn -0.999956 0.009250 0.001464
vn -0.999589 0.023007 0.017095
vn -0.999867 0.014026 -0.008346
vn -0.999947 0.008327 -0.006137
vn -0.999963 0.006759 -0.005430
vn -0.999867 0.014026 -0.008346
vn -0.998412 -0.002923 -0.056260
vn -0.999703 0.017620 -0.016817
vn -0.999947 0.008327 -0.006137
vn -0.999991 0.004286 -0.000051
vn -0.999914 -0.007334 0.010911
vn -0.999902 -0.008783 0.010920
vn -1.000000 0.000000 -0.000000
vn -0.999914 -0.007334 0.010911
vn -0.999974 0.002159 0.006872
vn -0.999970 -0.002984 0.007126
vn -0.999902 -0.008783 0.010920
vn -0.999974 0.002159 0.006872
vn -0.999979 0.004457 0.004772
vn -0.999991 0.002898 0.003103
vn -0.999970 -0.002984 0.007126
vn -0.999956 0.009250 0.001464
vn -0.999483 0.029734 0.012227
vn -0.999152 0.037650 0.016646
vn -0.999963 0.007606 -0.003963
vn -0.999368 -0.018983 -0.030047
vn -0.999981 -0.003170 -0.005343
vn -0.999991 -0.000452 0.004241
vn -0.999726 -0.023223 0.003073
vn -0.999613 -0.022782 0.015941
vn -0.999456 -0.028017 0.017407
vn -0.999936 -0.009120 -0.006626
vn -0.999456 -0.028017 0.017407
vn -0.999212 -0.034710 0.019279
vn -0.999802 -0.019843 -0.001740
vn -0.999936 -0.009120 -0.006626
vn -0.999802 -0.019843 -0.001740
vn -0.999796 -0.019996 -0.002695
vn -0.999907 -0.006654 0.011871
vn -0.999936 -0.009120 -0.006626
vn -0.999907 -0.006654 0.011871
vn -0.999796 -0.019996 -0.002695
vn -0.999426 -0.028857 -0.017738
vn -0.999143 -0.013931 -0.038986
vn -0.999467 -0.003900 -0.032411
vn -0.999810 -0.014245 -0.013315
vn -0.999864 -0.009018 -0.013794
vn -0.999950 0.008882 -0.004621
vn -0.999869 0.016143 -0.001258
vn -0.999874 0.012176 -0.010186
vn -0.999723 0.021473 -0.009645
vn -0.999874 0.012176 -0.010186
vn -0.999869 0.016143 -0.001258
vn -0.999793 0.015752 -0.012900
vn -0.999666 -0.009963 -0.023861
vn -0.999793 0.015752 -0.012900
vn -0.999869 0.016143 -0.001258
vn -0.999487 0.010480 -0.030265
vn -0.999620 0.026264 -0.008415
vn -0.999582 0.024385 -0.015511
vn -0.999614 0.026917 -0.006885
vn -0.999789 0.019170 0.007416
vn -0.999789 0.019170 0.007416
vn -0.999614 0.026917 -0.006885
vn -0.999936 0.011249 -0.001486
vn -0.999869 0.016143 -0.001258
vn -0.999936 0.011249 -0.001486
vn -0.998868 -0.016273 -0.044695
vn -0.998881 -0.003495 -0.047163
vn -0.999869 0.016143 -0.001258
vn -0.999907 -0.006654 0.011871
vn -0.999791 -0.010147 -0.017728
vn -0.999624 0.002711 0.027296
vn -0.999624 0.002711 0.027296
vn -0.999364 0.001882 0.035605
vn -0.999991 -0.000452 0.004241
vn -0.999907 -0.006654 0.011871
vn -0.999991 -0.000452 0.004241
vn -0.999364 0.001882 0.035605
vn -0.999368 -0.018983 -0.030047
vn -1.000000 0.000000 0.000000
vn -1.000000 0.000000 0.000000
vn -0.999991 0.002898 0.003103
vn -1.000000 0.000000 0.000000
vn -1.000000 0.000000 0.000000
vn -0.999991 0.002898 0.003103
vn -1.000000 0.000000 -0.000000
vn -1.000000 0.000000 0.000000
vn -1.000000 0.000000 0.000000
vn -1.000000 0.000000 -0.000000
vn -0.999991 -0.000452 0.004241
vn -0.999981 -0.003170 -0.005343
vn -0.999795 -0.018167 -0.008885
vn -0.999553 -0.010666 -0.027922
vn -0.999747 -0.000819 -0.022479
vn -0.999910 -0.007243 -0.011262
vn -0.999747 -0.000819 -0.022479
vn -0.999553 -0.010666 -0.027922
vn -0.999634 0.000180 -0.027048
vn -0.999936 -0.009120 -0.006626
vn -0.999634 0.000180 -0.027048
vn -0.999653 -0.023718 -0.011500
vn -0.999726 -0.023223 0.003073
vn -0.999936 -0.009120 -0.006626
vn -0.999954 0.006633 -0.006951
vn -0.999950 0.008882 -0.004621
vn -0.999929 0.011299 -0.003908
vn -0.999904 -0.012605 -0.005756
vn -0.999929 0.011299 -0.003908
vn -0.999950 0.008882 -0.004621
vn -0.999723 0.021473 -0.009645
vn -0.999265 0.036238 -0.012531
vn -0.999810 -0.014245 -0.013315
vn -0.999570 -0.027274 0.010762
vn -0.999902 -0.013150 -0.004803
vn -0.999864 -0.009018 -0.013794
vn -0.999864 -0.009018 -0.013794
vn -0.999902 -0.013150 -0.004803
vn -0.999747 -0.000819 -0.022479
vn -0.999902 -0.013150 -0.004803
vn -0.999850 0.000841 -0.017319
vn -0.999910 -0.007243 -0.011262
vn -0.999747 -0.000819 -0.022479
vn -0.999864 -0.009018 -0.013794
vn -0.999587 -0.012498 -0.025882
vn -0.999143 -0.013931 -0.038986
vn -0.999907 0.005900 -0.012279
vn -0.999954 0.006633 -0.006951
vn -0.999781 -0.000046 -0.020952
vn -0.999977 0.000370 -0.006733
vn -0.999954 0.006633 -0.006951
vn -0.999904 -0.012605 -0.005756
vn -0.999186 -0.030032 -0.026928
vn -0.999781 -0.000046 -0.020952
vn -0.997555 -0.069078 0.010571
vn -0.999741 -0.021407 -0.007789
vn -0.999907 0.005900 -0.012279
vn -0.999977 0.000370 -0.006733
vn -0.999741 -0.021407 -0.007789
vn -0.999587 -0.012498 -0.025882
vn -0.999864 -0.009018 -0.013794
vn -0.999907 0.005900 -0.012279
vn -0.102972 0.991468 0.079925
vn -0.122556 0.990132 0.067959
vn -0.130600 0.989624 0.059902
vn -0.099020 0.994356 0.038091
vn -0.122556 0.990132 0.067959
vn -0.102972 0.991468 0.079925
vn -0.084827 0.992188 0.091474
vn -0.090250 0.992290 0.084946
vn -0.102972 0.991468 0.079925
vn -0.080365 0.991962 0.097736
vn -0.085117 0.990567 0.107390
vn -0.084827 0.992188 0.091474
vn -0.084827 0.992188 0.091474
vn -0.085117 0.990567 0.107390
vn -0.084467 0.991718 0.096752
vn -0.084467 0.991718 0.096752
vn -0.084077 0.992110 0.092997
vn -0.090250 0.992290 0.084946
vn -0.084827 0.992188 0.091474
vn -0.090642 0.989304 0.114286
vn -0.131175 0.986389 0.099150
vn -0.084467 0.991718 0.096752
vn -0.085117 0.990567 0.107390
vn -0.131175 0.986389 0.099150
vn -0.116050 0.988559 0.096349
vn -0.084077 0.992110 0.092997
vn -0.084467 0.991718 0.096752
vn -0.116050 0.988559 0.096349
vn -0.131175 0.986389 0.099150
vn -0.189433 0.976768 0.100200
vn -0.172419 0.979903 0.100308
vn -0.189433 0.976768 0.100200
vn -0.260752 0.959776 0.104113
vn -0.231555 0.967616 0.100502
vn -0.172419 0.979903 0.100308
vn -0.231555 0.967616 0.100502
vn -0.260752 0.959776 0.104113
vn -0.313827 0.943001 0.110732
vn -0.260752 0.959776 0.104113
vn -0.350550 0.930663 0.104791
vn -0.368310 0.924295 0.100136
vn -0.313827 0.943001 0.110732
vn -0.350550 0.930663 0.104791
vn -0.459382 0.882225 0.103185
vn -0.444406 0.890051 0.101551
vn -0.368310 0.924295 0.100136
vn -0.695497 0.707332 0.126354
vn -0.554863 0.823700 0.116814
vn -0.587064 0.800266 0.122193
vn -0.710717 0.692262 0.125119
vn -0.587064 0.800266 0.122193
vn -0.554863 0.823700 0.116814
vn -0.444406 0.890051 0.101551
vn -0.459382 0.882225 0.103185
vn -0.879826 0.457624 0.128400
vn -0.804420 0.581286 0.122537
vn -0.824200 0.552542 0.124060
vn -0.895253 0.426263 0.129698
vn -0.710717 0.692262 0.125119
vn -0.824200 0.552542 0.124060
vn -0.804420 0.581286 0.122537
vn -0.695497 0.707332 0.126354
vn -0.895253 0.426263 0.129698
vn -0.938510 0.317542 0.135524
vn -0.927348 0.349571 0.133511
vn -0.879826 0.457624 0.128400
vn -0.976788 0.161938 0.140217
vn -0.969932 0.197718 0.141917
vn -0.954830 0.262738 0.138809
vn -0.960927 0.238659 0.140219
vn -0.960927 0.238659 0.140219
vn -0.954830 0.262738 0.138809
vn -0.927348 0.349571 0.133511
vn -0.938510 0.317542 0.135524
vn -0.988138 0.072272 0.135498
vn -0.982924 0.121356 0.138326
vn -0.976788 0.161938 0.140217
vn -0.985570 0.099455 0.136971
vn -0.982924 0.121356 0.138326
vn -0.969932 0.197718 0.141917
vn -0.976788 0.161938 0.140217
vn -0.985570 0.099455 0.136971
vn -0.989685 0.041820 0.137021
vn -0.989873 0.031457 0.138424
vn -0.988138 0.072272 0.135498
vn -0.989873 0.031457 0.138424
vn -0.989685 0.041820 0.137021
vn -0.989408 -0.004792 0.145084
vn -0.989407 -0.004801 0.145086
vn 0.089021 0.225074 -0.970266
vn 0.112288 0.172939 -0.978511
vn 0.096820 0.198317 -0.975344
vn 0.089897 0.219718 -0.971413
vn -0.002145 -0.214424 -0.976738
vn -0.001448 -0.211275 -0.977426
vn 0.019415 -0.160208 -0.986892
vn 0.019415 -0.160208 -0.986892
vn -0.001448 -0.211275 -0.977426
vn 0.013619 -0.168329 -0.985637
vn 0.013619 -0.168329 -0.985637
vn 0.021123 -0.156610 -0.987435
vn 0.019786 -0.155091 -0.987702
vn 0.019415 -0.160208 -0.986892
vn 0.013385 -0.145118 -0.989324
vn 0.017439 -0.155593 -0.987667
vn 0.014289 -0.147625 -0.988940
vn 0.014289 -0.147625 -0.988940
vn 0.017439 -0.155593 -0.987667
vn 0.024515 -0.146888 -0.988849
vn 0.024515 -0.146888 -0.988849
vn 0.017439 -0.155593 -0.987667
vn 0.029315 -0.146735 -0.988741
vn 0.057556 -0.130815 -0.989735
vn 0.077348 -0.109472 -0.990976
vn 0.086482 -0.105206 -0.990683
vn 0.057751 -0.124598 -0.990525
vn 0.077348 -0.109472 -0.990976
vn 0.112553 -0.104367 -0.988150
vn 0.115405 -0.105877 -0.987660
vn 0.086482 -0.105206 -0.990683
vn 0.174373 0.151751 -0.972916
vn 0.167970 0.155394 -0.973467
vn 0.112288 0.172939 -0.978511
vn 0.112288 0.172939 -0.978511
vn 0.167970 0.155394 -0.973467
vn 0.116129 0.148544 -0.982064
vn 0.096820 0.198317 -0.975344
vn 0.112553 -0.104367 -0.988150
vn 0.162765 -0.101595 -0.981420
vn 0.146896 -0.103557 -0.983716
vn 0.115405 -0.105877 -0.987660
vn 0.146896 -0.103557 -0.983716
vn 0.162765 -0.101595 -0.981420
vn 0.202111 -0.106355 -0.973571
vn 0.218332 0.070364 -0.973334
vn 0.192613 0.041601 -0.980393
vn 0.216907 0.061446 -0.974257
vn 0.089021 0.225074 -0.970266
vn 0.089897 0.219718 -0.971413
vn 0.081478 0.244514 -0.966217
vn 0.089021 0.225074 -0.970266
vn 0.081478 0.244514 -0.966217
vn 0.074132 0.258260 -0.963227
vn 0.035591 -0.148285 -0.988304
vn 0.044326 -0.143373 -0.988676
vn 0.043275 -0.143219 -0.988744
vn 0.029315 -0.146735 -0.988741
vn 0.057751 -0.124598 -0.990525
vn 0.044326 -0.143373 -0.988676
vn 0.056358 -0.146092 -0.987664
vn 0.057556 -0.130815 -0.989735
vn 0.019985 0.166883 -0.985774
vn 0.011658 0.174207 -0.984640
vn 0.005913 0.174130 -0.984705
vn -0.999999 0.000804 0.001020
vn -0.999999 0.000211 0.001474
vn -0.999999 0.000050 0.001598
vn 0.209130 -0.111327 -0.971530
vn 0.186206 -0.096936 -0.977717
vn 0.202111 -0.106355 -0.973571
vn 0.162765 -0.101595 -0.981420
vn 0.202111 -0.106355 -0.973571
vn 0.186206 -0.096936 -0.977717
vn 0.195383 -0.063586 -0.978664
vn 0.195383 -0.063586 -0.978664
vn 0.186206 -0.096936 -0.977717
vn 0.219108 -0.056403 -0.974069
vn 0.195383 -0.063586 -0.978664
vn 0.219108 -0.056403 -0.974069
vn 0.207166 -0.042134 -0.977398
vn 0.235660 -0.059015 -0.970042
vn 0.216907 0.061446 -0.974257
vn 0.213105 0.077328 -0.973965
vn 0.218332 0.070364 -0.973334
vn 0.218332 0.070364 -0.973334
vn 0.213105 0.077328 -0.973965
vn 0.180777 0.101081 -0.978316
vn 0.180777 0.101081 -0.978316
vn 0.213105 0.077328 -0.973965
vn 0.171053 0.118521 -0.978107
vn 0.180777 0.101081 -0.978316
vn 0.171053 0.118521 -0.978107
vn 0.174373 0.151751 -0.972916
vn 0.174373 0.151751 -0.972916
vn 0.171053 0.118521 -0.978107
vn 0.190178 0.141716 -0.971467
vn 0.167970 0.155394 -0.973467
vn 0.019786 -0.155091 -0.987702
vn 0.021123 -0.156610 -0.987435
vn 0.014683 -0.148407 -0.988817
vn 0.019786 -0.155091 -0.987702
vn 0.014683 -0.148407 -0.988817
vn 0.014289 -0.147625 -0.988940
vn 0.014289 -0.147625 -0.988940
vn 0.014683 -0.148407 -0.988817
vn 0.013916 -0.143431 -0.989563
vn 0.013385 -0.145118 -0.989324
vn -0.000436 0.114962 -0.993370
vn 0.017602 0.244107 -0.969589
vn -0.006603 0.031731 -0.999475
vn -0.001938 0.106388 -0.994323
vn 0.081478 0.244514 -0.966217
vn 0.057819 0.240115 -0.969021
vn 0.074132 0.258260 -0.963227
vn 0.057819 0.240115 -0.969021
vn 0.077786 0.280831 -0.956600
vn 0.074132 0.258260 -0.963227
vn 0.074132 0.258260 -0.963227
vn 0.077786 0.280831 -0.956600
vn 0.017602 0.244107 -0.969589
vn 0.080321 0.292180 -0.952985
vn 0.017602 0.244107 -0.969589
vn 0.077786 0.280831 -0.956600
vn -0.000158 0.000008 -1.000000
vn -0.006603 0.031731 -0.999475
vn 0.219108 -0.056403 -0.974069
vn 0.142038 -0.030542 -0.989390
vn 0.207166 -0.042134 -0.977398
vn 0.207166 -0.042134 -0.977398
vn 0.209778 -0.040122 -0.976925
vn 0.241318 -0.014539 -0.970337
vn 0.251354 -0.046669 -0.966769
vn -0.000436 0.114962 -0.993370
vn -0.001938 0.106388 -0.994323
vn 0.018411 0.155709 -0.987631
vn -0.001938 0.106388 -0.994323
vn 0.018864 0.157205 -0.987386
vn 0.018411 0.155709 -0.987631
vn 0.018411 0.155709 -0.987631
vn 0.018864 0.157205 -0.987386
vn 0.019985 0.166883 -0.985774
vn 0.019985 0.166883 -0.985774
vn 0.018864 0.157205 -0.987386
vn 0.022578 0.165441 -0.985961
vn 0.011658 0.174207 -0.984640
vn -0.000179 0.000007 -1.000000
vn 0.208405 0.017980 -0.977877
vn 0.241318 -0.014539 -0.970337
vn 0.209778 -0.040122 -0.976925
vn 0.241318 -0.014539 -0.970337
vn 0.208405 0.017980 -0.977877
vn 0.231109 0.005264 -0.972914
vn 0.225655 0.019620 -0.974010
vn 0.231109 0.005264 -0.972914
vn 0.208405 0.017980 -0.977877
vn 0.232945 0.002723 -0.972486
vn 0.231109 0.005264 -0.972914
vn 0.232945 0.002723 -0.972486
vn 0.272169 -0.019982 -0.962042
vn 0.272169 -0.019982 -0.962042
vn 0.232945 0.002723 -0.972486
vn 0.233777 -0.001037 -0.972290
vn 0.272169 -0.019982 -0.962042
vn 0.233777 -0.001037 -0.972290
vn 0.292854 0.037165 -0.955435
vn 0.233777 -0.001037 -0.972290
vn 0.070566 0.043020 -0.996579
vn 0.292854 0.037165 -0.955435
vn 0.292854 0.037165 -0.955435
vn 0.070566 0.043020 -0.996579
vn 0.192613 0.041601 -0.980393
vn 0.192613 0.041601 -0.980393
vn 0.070566 0.043020 -0.996579
vn 0.189232 0.034309 -0.981333
vn 0.216907 0.061446 -0.974257
vn -0.100115 -0.991464 0.083520
vn -0.131528 -0.989436 0.060973
vn -0.119499 -0.990503 0.067998
vn -0.100090 -0.991460 0.083602
vn -0.988723 -0.042301 0.143655
vn -0.989407 -0.004801 0.145086
vn -0.989408 -0.004792 0.145084
vn -0.988890 -0.031391 0.145297
vn -0.988723 -0.042301 0.143655
vn -0.988890 -0.031391 0.145297
vn -0.984896 -0.105694 0.137145
vn -0.983740 -0.119449 0.134117
vn -0.984896 -0.105694 0.137145
vn -0.973085 -0.180856 0.142814
vn -0.978294 -0.159365 0.132455
vn -0.978294 -0.159365 0.132455
vn -0.973085 -0.180856 0.142814
vn -0.963827 -0.224093 0.144289
vn -0.959002 -0.243251 0.145412
vn -0.959002 -0.243251 0.145412
vn -0.963827 -0.224093 0.144289
vn -0.922791 -0.360863 0.135038
vn -0.909978 -0.392918 0.132496
vn -0.922791 -0.360863 0.135038
vn -0.870204 -0.476879 0.123817
vn -0.859104 -0.496660 0.123568
vn -0.870204 -0.476879 0.123817
vn -0.784264 -0.609540 0.115719
vn -0.778892 -0.616576 0.114721
vn -0.859104 -0.496660 0.123568
vn -0.784264 -0.609540 0.115719
vn -0.631812 -0.766672 0.114139
vn -0.709229 -0.696142 0.111269
vn -0.778892 -0.616576 0.114721
vn -0.709229 -0.696142 0.111269
vn -0.631812 -0.766672 0.114139
vn -0.591047 -0.798074 0.117224
vn -0.631812 -0.766672 0.114139
vn -0.521386 -0.846008 0.111477
vn -0.508842 -0.853602 0.111551
vn -0.591047 -0.798074 0.117224
vn -0.521386 -0.846008 0.111477
vn -0.395484 -0.912401 0.105434
vn -0.386408 -0.916398 0.104421
vn -0.508842 -0.853602 0.111551
vn -0.395484 -0.912401 0.105434
vn -0.295756 -0.949884 0.101236
vn -0.303993 -0.947299 0.101058
vn -0.386408 -0.916398 0.104421
vn -0.303993 -0.947299 0.101058
vn -0.295756 -0.949884 0.101236
vn -0.210161 -0.972831 0.097115
vn -0.245701 -0.963941 0.102218
vn -0.100090 -0.991460 0.083602
vn -0.101197 -0.990701 0.090938
vn -0.128354 -0.987513 0.091341
vn -0.100115 -0.991464 0.083520
vn -0.128354 -0.987513 0.091341
vn -0.101197 -0.990701 0.090938
vn -0.163925 -0.982074 0.093056
vn -0.163925 -0.982074 0.093056
vn -0.173885 -0.980369 0.092953
vn -0.210161 -0.972831 0.097115
vn -0.128354 -0.987513 0.091341
vn 0.054594 0.993149 0.103323
vn 0.050876 0.994559 0.090908
vn 0.026090 0.998595 0.046116
vn 0.054594 0.993149 0.103323
vn 0.069767 0.986772 0.146337
vn 0.076047 0.986931 0.142073
vn 0.050876 0.994559 0.090908
vn 0.083070 0.991470 -0.100428
vn 0.083958 0.992684 -0.086772
vn 0.050873 0.995407 -0.081101
vn 0.073248 0.992927 -0.093438
vn 0.083070 0.991470 -0.100428
vn 0.073248 0.992927 -0.093438
vn 0.097136 0.990119 -0.101144
vn 0.050873 0.995407 -0.081101
vn 0.015737 0.996724 -0.079330
vn 0.061759 0.994959 -0.079014
vn 0.073248 0.992927 -0.093438
vn 0.292854 0.037165 -0.955435
vn 0.192613 0.041601 -0.980393
vn 0.272169 -0.019982 -0.962042
vn -0.000436 0.114962 -0.993370
vn 0.080321 0.292180 -0.952985
vn 0.017602 0.244107 -0.969589
vn 0.241318 -0.014539 -0.970337
vn 0.225655 0.019620 -0.974010
vn 0.651880 -0.042814 -0.757112
vn 0.251354 -0.046669 -0.966769
vn 0.091597 -0.992073 -0.086033
vn 0.101698 -0.989653 -0.101219
vn 0.089020 -0.992381 -0.085182
vn 0.077406 -0.993357 -0.085150
vn 0.089020 -0.992381 -0.085182
vn 0.033653 -0.996663 -0.074366
vn 0.077406 -0.993357 -0.085150
vn 0.027232 -0.998275 0.052010
vn 0.041854 -0.995394 0.086252
vn 0.043182 -0.994151 0.098987
vn 0.041854 -0.995394 0.086252
vn 0.056570 -0.992660 0.106890
vn 0.068052 -0.986257 0.150555
vn 0.043182 -0.994151 0.098987
vn 0.068052 -0.986257 0.150555
vn 0.056570 -0.992660 0.106890
vn 0.076044 -0.985976 0.148559
vn 0.076044 -0.985976 0.148559
vn 0.098534 -0.977289 0.187609
vn 0.094290 -0.975480 0.198866
vn 0.068052 -0.986257 0.150555
vn 0.098534 -0.977289 0.187609
vn 0.120091 -0.967677 0.221765
vn 0.113961 -0.965497 0.234154
vn 0.094290 -0.975480 0.198866
vn 0.120091 -0.967677 0.221765
vn 0.149359 -0.949341 0.276484
vn 0.154866 -0.937789 0.310755
vn 0.113961 -0.965497 0.234154
vn 0.154866 -0.937789 0.310755
vn 0.149359 -0.949341 0.276484
vn 0.167846 -0.932285 0.320425
vn 0.167846 -0.932285 0.320425
vn 0.205612 -0.902104 0.379384
vn 0.168716 -0.927421 0.333804
vn 0.154866 -0.937789 0.310755
vn -0.992165 0.116744 -0.044496
vn -0.991442 0.115625 -0.060609
vn -0.992150 0.116011 -0.046698
vn 0.039990 -0.997974 -0.049494
vn 0.004779 -0.997591 -0.069209
vn -0.301845 -0.951320 -0.062285
vn -0.105562 -0.993889 -0.032276
vn 0.067509 -0.996979 -0.038425
vn 0.039990 -0.997974 -0.049494
vn -0.105562 -0.993889 -0.032276
vn 0.031649 -0.999360 -0.016655
vn 0.091597 -0.992073 -0.086033
vn 0.077406 -0.993357 -0.085150
vn 0.039990 -0.997974 -0.049494
vn 0.067509 -0.996979 -0.038425
vn 0.077406 -0.993357 -0.085150
vn 0.033653 -0.996663 -0.074366
vn 0.004779 -0.997591 -0.069209
vn 0.039990 -0.997974 -0.049494
vn 0.272835 -0.954839 -0.117662
vn 0.222794 -0.968961 -0.107134
vn 0.149131 -0.984875 -0.088211
vn 0.186619 -0.975807 -0.113908
vn 0.376620 -0.926289 -0.012121
vn 0.345609 -0.937769 -0.033831
vn 0.472491 -0.880897 -0.027813
vn 0.504256 -0.863543 -0.004448
vn 0.014937 -0.999888 -0.001172
vn 0.005158 -0.999825 -0.017997
vn 0.042934 -0.998908 -0.018440
vn 0.029024 -0.997392 -0.066083
vn 0.025897 -0.998807 -0.041395
vn 0.004037 -0.998805 -0.048699
vn 0.001838 -0.998750 -0.049952
vn -0.011350 -0.998418 -0.055063
vn -0.011483 -0.998434 -0.054753
vn 0.029024 -0.997392 -0.066083
vn 0.001838 -0.998750 -0.049952
vn -0.011740 -0.998464 -0.054150
vn -0.008905 -0.997895 -0.064242
vn 0.029024 -0.997392 -0.066083
vn -0.011483 -0.998434 -0.054753
vn 0.005158 -0.999825 -0.017997
vn 0.006275 -0.999721 -0.022755
vn 0.025897 -0.998807 -0.041395
vn 0.042934 -0.998908 -0.018440
vn 0.025897 -0.998807 -0.041395
vn 0.006275 -0.999721 -0.022755
vn -0.000620 -0.999459 -0.032897
vn -0.947230 0.026904 0.319425
vn -0.947230 0.026904 0.319425
vn -0.947230 0.026904 0.319425
vn 0.057934 -0.997491 -0.040685
vn 0.074548 -0.997149 -0.011702
vn 0.043239 -0.999061 -0.002698
vn 0.042934 -0.998908 -0.018440
vn 0.042934 -0.998908 -0.018440
vn 0.043239 -0.999061 -0.002698
vn 0.026676 -0.999549 0.013818
vn 0.014937 -0.999888 -0.001172
vn 0.074548 -0.997149 -0.011702
vn 0.057934 -0.997491 -0.040685
vn 0.098296 -0.994423 -0.038224
vn 0.117800 -0.992971 -0.011465
vn 0.117800 -0.992971 -0.011465
vn 0.098296 -0.994423 -0.038224
vn 0.176167 -0.983858 -0.031456
vn 0.176242 -0.984249 -0.013851
vn 0.176242 -0.984249 -0.013851
vn 0.176167 -0.983858 -0.031456
vn 0.245686 -0.968728 -0.034702
vn 0.269283 -0.962945 -0.014978
vn 0.376620 -0.926289 -0.012121
vn 0.269283 -0.962945 -0.014978
vn 0.245686 -0.968728 -0.034702
vn 0.345609 -0.937769 -0.033831
vn 0.472491 -0.880897 -0.027813
vn 0.584750 -0.810992 -0.018985
vn 0.623665 -0.781639 0.009073
vn 0.504256 -0.863543 -0.004448
vn 0.703475 -0.710688 -0.006725
vn 0.773603 -0.633666 -0.002623
vn 0.817850 -0.574713 0.028753
vn 0.717368 -0.696506 0.016212
vn 0.817850 -0.574713 0.028753
vn 0.773603 -0.633666 -0.002623
vn 0.842760 -0.538276 0.003781
vn 0.881316 -0.470920 0.038946
vn 0.928365 -0.369688 0.038336
vn 0.881316 -0.470920 0.038946
vn 0.842760 -0.538276 0.003781
vn 0.914716 -0.403995 0.009055
vn 0.996609 -0.063317 0.052545
vn 0.987413 -0.149561 0.051448
vn 0.986161 -0.164481 0.020792
vn 0.986161 -0.164481 0.020792
vn 0.987413 -0.149561 0.051448
vn 0.962581 -0.267720 0.041998
vn 0.956788 -0.290470 0.013524
vn 0.956788 -0.290470 0.013524
vn 0.962581 -0.267720 0.041998
vn 0.928365 -0.369688 0.038336
vn 0.914716 -0.403995 0.009055
vn 0.999918 0.000002 -0.012846
vn 0.999722 0.001414 0.023539
vn 0.997659 -0.064215 0.023526
vn 0.998906 -0.043996 -0.015829
vn 0.986161 -0.164481 0.020792
vn 0.997659 -0.064215 0.023526
vn 0.996609 -0.063317 0.052545
vn 0.996609 -0.063317 0.052545
vn 0.997659 -0.064215 0.023526
vn 0.999722 0.001414 0.023539
vn 0.998778 0.001611 0.049397
vn 0.998867 0.000001 -0.047580
vn 0.997424 -0.051360 -0.050080
vn 0.993834 -0.063628 -0.090807
vn 0.995337 0.003234 -0.096403
vn 0.995337 0.003234 -0.096403
vn 0.993834 -0.063628 -0.090807
vn 0.992883 -0.025971 -0.116224
vn 0.993014 -0.022580 -0.115816
vn 0.965417 -0.230109 -0.122553
vn 0.988132 -0.111631 -0.105515
vn 0.980192 -0.173126 -0.096188
vn 0.988132 -0.111631 -0.105515
vn 0.990119 -0.090338 -0.107253
vn 0.993834 -0.063628 -0.090807
vn 0.980192 -0.173126 -0.096188
vn 0.993834 -0.063628 -0.090807
vn 0.990119 -0.090338 -0.107253
vn 0.992883 -0.025971 -0.116224
vn 0.941637 -0.311733 -0.127051
vn 0.965417 -0.230109 -0.122553
vn 0.980192 -0.173126 -0.096188
vn 0.945182 -0.310823 -0.100100
vn 0.810908 -0.572946 -0.119002
vn 0.883069 -0.452656 -0.123662
vn 0.882267 -0.459278 -0.103289
vn 0.743289 -0.660951 -0.103270
vn 0.883069 -0.452656 -0.123662
vn 0.941637 -0.311733 -0.127051
vn 0.945182 -0.310823 -0.100100
vn 0.882267 -0.459278 -0.103289
vn 0.743289 -0.660951 -0.103270
vn 0.676670 -0.727883 -0.110921
vn 0.810908 -0.572946 -0.119002
vn 0.604827 -0.788984 -0.108111
vn 0.676670 -0.727883 -0.110921
vn 0.743289 -0.660951 -0.103270
vn 0.540048 -0.835303 -0.103043
vn 0.222794 -0.968961 -0.107134
vn 0.272835 -0.954839 -0.117662
vn 0.379141 -0.919736 -0.101672
vn 0.379141 -0.919736 -0.101672
vn 0.272835 -0.954839 -0.117662
vn 0.416165 -0.901273 -0.120472
vn 0.540048 -0.835303 -0.103043
vn 0.540048 -0.835303 -0.103043
vn 0.416165 -0.901273 -0.120472
vn 0.604827 -0.788984 -0.108111
vn 0.101698 -0.989653 -0.101219
vn 0.116044 -0.987651 -0.105258
vn 0.149131 -0.984875 -0.088211
vn 0.089020 -0.992381 -0.085182
vn -0.163599 -0.984098 -0.069183
vn -0.301845 -0.951320 -0.062285
vn 0.004779 -0.997591 -0.069209
vn 0.033653 -0.996663 -0.074366
vn 0.998906 -0.043996 -0.015829
vn 0.997659 -0.064215 0.023526
vn 0.993070 -0.116985 -0.011284
vn 0.993070 -0.116985 -0.011284
vn 0.997659 -0.064215 0.023526
vn 0.986161 -0.164481 0.020792
vn 0.983937 -0.178120 -0.011918
vn 0.986161 -0.164481 0.020792
vn 0.956788 -0.290470 0.013524
vn 0.952625 -0.303467 -0.020312
vn 0.983937 -0.178120 -0.011918
vn 0.956788 -0.290470 0.013524
vn 0.914716 -0.403995 0.009055
vn 0.912681 -0.407861 -0.025732
vn 0.952625 -0.303467 -0.020312
vn 0.912681 -0.407861 -0.025732
vn 0.914716 -0.403995 0.009055
vn 0.828562 -0.558880 -0.033739
vn 0.828562 -0.558880 -0.033739
vn 0.914716 -0.403995 0.009055
vn 0.842760 -0.538276 0.003781
vn 0.763223 -0.645101 -0.036531
vn 0.763223 -0.645101 -0.036531
vn 0.842760 -0.538276 0.003781
vn 0.773603 -0.633666 -0.002623
vn 0.699706 -0.713358 -0.039143
vn 0.699706 -0.713358 -0.039143
vn 0.773603 -0.633666 -0.002623
vn 0.703475 -0.710688 -0.006725
vn 0.546658 -0.835755 -0.051758
vn 0.546658 -0.835755 -0.051758
vn 0.703475 -0.710688 -0.006725
vn 0.584750 -0.810992 -0.018985
vn 0.584750 -0.810992 -0.018985
vn 0.472491 -0.880897 -0.027813
vn 0.410563 -0.909953 -0.058512
vn 0.546658 -0.835755 -0.051758
vn 0.025897 -0.998807 -0.041395
vn 0.029024 -0.997392 -0.066083
vn 0.057934 -0.997491 -0.040685
vn 0.042934 -0.998908 -0.018440
vn 0.057934 -0.997491 -0.040685
vn 0.029024 -0.997392 -0.066083
vn 0.091044 -0.993698 -0.065388
vn 0.098296 -0.994423 -0.038224
vn 0.703475 -0.710688 -0.006725
vn 0.717368 -0.696506 0.016212
vn 0.623665 -0.781639 0.009073
vn 0.584750 -0.810992 -0.018985
vn 0.410563 -0.909953 -0.058512
vn 0.472491 -0.880897 -0.027813
vn 0.345609 -0.937769 -0.033831
vn 0.276607 -0.959066 -0.060678
vn 0.276607 -0.959066 -0.060678
vn 0.345609 -0.937769 -0.033831
vn 0.245686 -0.968728 -0.034702
vn 0.187989 -0.980215 -0.061961
vn 0.187989 -0.980215 -0.061961
vn 0.245686 -0.968728 -0.034702
vn 0.176167 -0.983858 -0.031456
vn 0.091044 -0.993698 -0.065388
vn 0.091044 -0.993698 -0.065388
vn 0.176167 -0.983858 -0.031456
vn 0.098296 -0.994423 -0.038224
vn 0.743289 -0.660951 -0.103270
vn 0.882267 -0.459278 -0.103289
vn 0.830788 -0.552787 -0.064945
vn 0.753272 -0.653677 -0.072712
vn 0.993834 -0.063628 -0.090807
vn 0.997424 -0.051360 -0.050080
vn 0.992088 -0.114433 -0.051640
vn 0.980192 -0.173126 -0.096188
vn 0.980192 -0.173126 -0.096188
vn 0.992088 -0.114433 -0.051640
vn 0.979453 -0.196341 -0.046072
vn 0.979453 -0.196341 -0.046072
vn 0.949990 -0.308047 -0.051239
vn 0.945182 -0.310823 -0.100100
vn 0.980192 -0.173126 -0.096188
vn 0.949990 -0.308047 -0.051239
vn 0.907980 -0.415656 -0.052941
vn 0.882267 -0.459278 -0.103289
vn 0.945182 -0.310823 -0.100100
vn 0.882267 -0.459278 -0.103289
vn 0.907980 -0.415656 -0.052941
vn 0.830788 -0.552787 -0.064945
vn 0.743289 -0.660951 -0.103270
vn 0.753272 -0.653677 -0.072712
vn 0.691387 -0.719168 -0.069145
vn 0.540048 -0.835303 -0.103043
vn 0.540048 -0.835303 -0.103043
vn 0.691387 -0.719168 -0.069145
vn 0.526665 -0.847061 -0.071496
vn 0.526665 -0.847061 -0.071496
vn 0.390175 -0.917629 -0.075638
vn 0.379141 -0.919736 -0.101672
vn 0.540048 -0.835303 -0.103043
vn 0.390175 -0.917629 -0.075638
vn 0.257639 -0.963185 -0.076791
vn 0.222794 -0.968961 -0.107134
vn 0.379141 -0.919736 -0.101672
vn 0.222794 -0.968961 -0.107134
vn 0.257639 -0.963185 -0.076791
vn 0.149131 -0.984875 -0.088211
vn -0.163599 -0.984098 -0.069183
vn 0.033653 -0.996663 -0.074366
vn 0.029024 -0.997392 -0.066083
vn -0.008905 -0.997895 -0.064242
vn 0.033653 -0.996663 -0.074366
vn 0.089020 -0.992381 -0.085182
vn 0.091044 -0.993698 -0.065388
vn 0.029024 -0.997392 -0.066083
vn 0.089020 -0.992381 -0.085182
vn 0.149131 -0.984875 -0.088211
vn 0.187989 -0.980215 -0.061961
vn 0.091044 -0.993698 -0.065388
vn 0.149131 -0.984875 -0.088211
vn 0.257639 -0.963185 -0.076791
vn 0.276607 -0.959066 -0.060678
vn 0.187989 -0.980215 -0.061961
vn 0.257639 -0.963185 -0.076791
vn 0.390175 -0.917629 -0.075638
vn 0.410563 -0.909953 -0.058512
vn 0.276607 -0.959066 -0.060678
vn 0.390175 -0.917629 -0.075638
vn 0.526665 -0.847061 -0.071496
vn 0.546658 -0.835755 -0.051758
vn 0.410563 -0.909953 -0.058512
vn 0.546658 -0.835755 -0.051758
vn 0.526665 -0.847061 -0.071496
vn 0.699706 -0.713358 -0.039143
vn 0.699706 -0.713358 -0.039143
vn 0.526665 -0.847061 -0.071496
vn 0.691387 -0.719168 -0.069145
vn 0.763223 -0.645101 -0.036531
vn 0.763223 -0.645101 -0.036531
vn 0.691387 -0.719168 -0.069145
vn 0.753272 -0.653677 -0.072712
vn 0.828562 -0.558880 -0.033739
vn 0.828562 -0.558880 -0.033739
vn 0.753272 -0.653677 -0.072712
vn 0.830788 -0.552787 -0.064945
vn 0.830788 -0.552787 -0.064945
vn 0.907980 -0.415656 -0.052941
vn 0.912681 -0.407861 -0.025732
vn 0.828562 -0.558880 -0.033739
vn 0.907980 -0.415656 -0.052941
vn 0.949990 -0.308047 -0.051239
vn 0.952625 -0.303467 -0.020312
vn 0.912681 -0.407861 -0.025732
vn 0.949990 -0.308047 -0.051239
vn 0.979453 -0.196341 -0.046072
vn 0.983937 -0.178120 -0.011918
vn 0.952625 -0.303467 -0.020312
vn 0.979453 -0.196341 -0.046072
vn 0.992088 -0.114433 -0.051640
vn 0.993070 -0.116985 -0.011284
vn 0.983937 -0.178120 -0.011918
vn 0.992088 -0.114433 -0.051640
vn 0.997424 -0.051360 -0.050080
vn 0.998906 -0.043996 -0.015829
vn 0.993070 -0.116985 -0.011284
vn 0.997424 -0.051360 -0.050080
vn 0.998867 0.000001 -0.047580
vn 0.999918 0.000002 -0.012846
vn 0.998906 -0.043996 -0.015829
vn 0.026676 -0.999549 0.013818
vn 0.043239 -0.999061 -0.002698
vn 0.086841 -0.996123 0.014062
vn 0.037243 -0.999144 0.018032
vn 0.086841 -0.996123 0.014062
vn 0.043239 -0.999061 -0.002698
vn 0.074548 -0.997149 -0.011702
vn 0.037243 -0.999144 0.018032
vn 0.086841 -0.996123 0.014062
vn 0.080123 -0.996668 0.015280
vn 0.037779 -0.999162 0.015750
vn 0.086841 -0.996123 0.014062
vn 0.201159 -0.979496 0.011087
vn 0.130441 -0.991337 0.015336
vn 0.080123 -0.996668 0.015280
vn 0.201159 -0.979496 0.011087
vn 0.334108 -0.942412 0.015204
vn 0.306175 -0.951618 0.026068
vn 0.222635 -0.974616 0.023594
vn 0.434679 -0.899983 0.032948
vn 0.306175 -0.951618 0.026068
vn 0.334108 -0.942412 0.015204
vn 0.506709 -0.861662 0.028003
vn 0.659137 -0.751160 0.036027
vn 0.652773 -0.755078 0.061203
vn 0.506709 -0.861662 0.028003
vn 0.520029 -0.853807 0.024151
vn 0.506709 -0.861662 0.028003
vn 0.652773 -0.755078 0.061203
vn 0.534315 -0.843546 0.054210
vn 0.434679 -0.899983 0.032948
vn 0.504256 -0.863543 -0.004448
vn 0.623665 -0.781639 0.009073
vn 0.659137 -0.751160 0.036027
vn 0.520029 -0.853807 0.024151
vn 0.340769 -0.940069 0.012093
vn 0.219262 -0.975640 0.007057
vn 0.176242 -0.984249 -0.013851
vn 0.269283 -0.962945 -0.014978
vn 0.269283 -0.962945 -0.014978
vn 0.376620 -0.926289 -0.012121
vn 0.520029 -0.853807 0.024151
vn 0.340769 -0.940069 0.012093
vn 0.520029 -0.853807 0.024151
vn 0.376620 -0.926289 -0.012121
vn 0.504256 -0.863543 -0.004448
vn 0.117800 -0.992971 -0.011465
vn 0.201159 -0.979496 0.011087
vn 0.086841 -0.996123 0.014062
vn 0.074548 -0.997149 -0.011702
vn 0.130441 -0.991337 0.015336
vn 0.201159 -0.979496 0.011087
vn 0.222635 -0.974616 0.023594
vn 0.520029 -0.853807 0.024151
vn 0.506709 -0.861662 0.028003
vn 0.334108 -0.942412 0.015204
vn 0.340769 -0.940069 0.012093
vn 0.340769 -0.940069 0.012093
vn 0.334108 -0.942412 0.015204
vn 0.201159 -0.979496 0.011087
vn 0.219262 -0.975640 0.007057
vn 0.219262 -0.975640 0.007057
vn 0.201159 -0.979496 0.011087
vn 0.117800 -0.992971 -0.011465
vn 0.176242 -0.984249 -0.013851
vn -0.989125 0.140349 -0.043967
vn -0.990629 0.129743 -0.042673
vn -0.992165 0.116744 -0.044496
vn -0.992150 0.116011 -0.046698
vn -0.999483 0.029734 0.012227
vn -0.999708 0.022965 0.007581
vn -0.992555 0.121758 -0.003093
vn -0.989981 0.140231 -0.016530
vn -0.999708 0.022965 0.007581
vn -0.999608 0.027956 -0.001368
vn -0.991897 0.126923 -0.005504
vn -0.992555 0.121758 -0.003093
vn 0.003109 0.999947 -0.009863
vn 0.003109 0.999947 -0.009863
vn 0.003109 0.999947 -0.009863
vn -0.996385 0.067550 0.051524
vn -0.998956 -0.000007 0.045684
vn -0.996383 0.067571 0.051524
vn -0.996383 0.067571 0.051524
vn -0.991742 0.118403 0.049277
vn -0.998169 0.049638 -0.034567
vn -0.996385 0.067550 0.051524
vn -0.991742 0.118403 0.049277
vn -0.981157 0.192989 0.009337
vn -0.999794 0.018518 0.008302
vn -0.998169 0.049638 -0.034567
vn -0.981157 0.192989 0.009337
vn -0.983314 0.181914 0.000484
vn -0.999821 0.018735 0.002700
vn -0.999794 0.018518 0.008302
vn -0.983314 0.181914 0.000484
vn -0.991897 0.126923 -0.005504
vn -0.999608 0.027956 -0.001368
vn -0.999821 0.018735 0.002700
vn -0.999483 0.029734 0.012227
vn -0.989981 0.140231 -0.016530
vn -0.979801 0.195904 -0.040149
vn -0.999152 0.037650 0.016646
vn -0.999152 0.037650 0.016646
vn -0.979801 0.195904 -0.040149
vn -0.989125 0.140349 -0.043967
vn -0.954196 0.291220 -0.068568
vn -0.989125 0.140349 -0.043967
vn -0.979801 0.195904 -0.040149
vn -0.988535 0.146633 -0.036033
vn -0.990629 0.129743 -0.042673
vn -0.997715 0.065647 -0.015959
vn -0.996135 0.084782 -0.022943
vn -0.991442 0.115625 -0.060609
vn -0.996135 0.084782 -0.022943
vn -0.990163 0.123031 -0.066643
vn -0.992150 0.116011 -0.046698
vn -0.991442 0.115625 -0.060609
vn 0.002490 0.999968 -0.007547
vn 0.002490 0.999968 -0.007547
vn -0.005406 0.999984 -0.001882
vn -0.014849 0.999878 0.004894
vn -0.996906 0.010252 0.077927
vn -0.997435 0.007575 0.071181
vn -0.997429 0.007606 0.071257
vn -0.996906 0.010252 0.077927
vn -0.997435 0.007575 0.071181
vn -0.998956 -0.000007 0.045684
vn -0.998957 -0.000019 0.045654
vn -0.997429 0.007606 0.071257
vn -0.991537 0.004049 0.129759
vn -0.991274 0.003738 0.131766
vn -0.985960 0.012371 0.166521
vn -0.991537 0.004049 0.129759
vn -0.985960 0.012371 0.166521
vn -0.991274 0.003738 0.131766
vn -0.978588 0.020631 0.204794
vn -0.978588 0.020631 0.204794
vn -0.975498 0.015633 0.219451
vn -0.969047 -0.012123 0.246579
vn -0.985960 0.012371 0.166521
vn -0.969047 -0.012123 0.246579
vn -0.975498 0.015633 0.219451
vn -0.962497 -0.035331 0.268982
vn -0.914733 -0.009883 0.403937
vn -0.907865 -0.010339 0.419136
vn -0.884601 -0.000198 0.466349
vn -0.914733 -0.009883 0.403937
vn -0.802999 0.008781 0.595915
vn -0.804822 0.009968 0.593432
vn -0.836266 -0.013271 0.548163
vn -0.847513 -0.014879 0.530566
vn -0.884601 -0.000198 0.466349
vn -0.907865 -0.010339 0.419136
vn -0.832788 0.017307 0.553321
vn -0.832788 0.017307 0.553321
vn -0.804822 0.009968 0.593432
vn -0.802999 0.008781 0.595915
vn -0.884601 -0.000198 0.466349
vn -0.999474 0.007815 0.031487
vn -0.999738 0.007069 0.021753
vn -0.954203 0.005125 0.299116
vn -0.928243 -0.005137 0.371938
vn -0.928243 -0.005137 0.371938
vn -0.954203 0.005125 0.299116
vn -0.847513 -0.014879 0.530566
vn -0.836266 -0.013271 0.548163
vn -0.996974 -0.077650 0.003756
vn -0.998392 -0.056680 -0.000957
vn -0.999523 -0.030109 -0.006919
vn -0.105562 -0.993889 -0.032276
vn -0.995984 0.082959 0.033681
vn -0.999999 -0.000001 0.001633
vn -0.105562 -0.993889 -0.032276
vn -0.999999 -0.000001 0.001633
vn -0.999606 -0.027169 -0.007004
vn -0.999606 -0.027169 -0.007004
vn -0.999523 -0.030109 -0.006919
vn -0.998392 -0.056680 -0.000957
vn -0.105562 -0.993889 -0.032276
vn -0.999474 0.007815 0.031487
vn -0.999664 0.025813 0.002168
vn -0.163599 -0.984098 -0.069183
vn -0.999738 0.007069 0.021753
vn -0.999664 0.025813 0.002168
vn -0.992464 0.122104 0.010306
vn -0.301845 -0.951320 -0.062285
vn -0.163599 -0.984098 -0.069183
vn -0.992464 0.122104 0.010306
vn -0.995984 0.082959 0.033681
vn -0.105562 -0.993889 -0.032276
vn -0.301845 -0.951320 -0.062285
vn -0.099020 0.994356 0.038091
vn -0.130600 0.989624 0.059902
vn -0.054975 0.998417 0.011845
vn -0.054975 0.998417 0.011845
vn -0.049394 0.998150 0.035457
vn -0.045999 0.997859 0.046490
vn -0.099020 0.994356 0.038091
vn -0.049394 0.998150 0.035457
vn -0.008643 0.998683 0.050577
vn 0.005157 0.997454 0.071126
vn -0.045999 0.997859 0.046490
vn -0.045999 0.997859 0.046490
vn 0.005157 0.997454 0.071126
vn -0.008761 0.996827 0.079115
vn 0.005157 0.997454 0.071126
vn -0.008643 0.998683 0.050577
vn 0.010661 0.997162 0.074528
vn 0.005001 0.999910 -0.012419
vn 0.002620 0.999973 0.006813
vn -0.049394 0.998150 0.035457
vn -0.008536 0.999870 -0.013659
vn -0.049394 0.998150 0.035457
vn 0.002620 0.999973 0.006813
vn -0.008643 0.998683 0.050577
vn -0.049394 0.998150 0.035457
vn -0.054975 0.998417 0.011845
vn -0.010714 0.999847 -0.013858
vn -0.008536 0.999870 -0.013659
vn 0.013714 0.998039 0.061072
vn 0.010365 0.997096 0.075444
vn 0.012220 0.997569 0.068609
vn -0.001646 0.999541 0.030262
vn -0.000670 0.999732 0.023160
vn -0.000567 0.999782 0.020895
vn -0.003285 0.999896 0.014035
vn -0.003285 0.999896 0.014035
vn -0.000567 0.999782 0.020895
vn -0.013441 0.999889 0.006448
vn -0.013441 0.999889 0.006448
vn -0.014849 0.999878 0.004894
vn -0.005406 0.999984 -0.001882
vn -0.003285 0.999896 0.014035
vn 0.014391 0.998129 0.059417
vn 0.014268 0.998248 0.057421
vn 0.014093 0.998421 0.054374
vn 0.014982 0.998367 0.055131
vn 0.014391 0.998129 0.059417
vn 0.014982 0.998367 0.055131
vn 0.016252 0.998287 0.056213
vn 0.000689 0.999309 0.037157
vn 0.008503 0.998655 0.051154
vn 0.008503 0.998655 0.051154
vn 0.007507 0.998895 0.046390
vn 0.007507 0.998895 0.046390
vn -0.000693 0.999388 0.034982
vn 0.000689 0.999309 0.037157
vn -0.000693 0.999388 0.034982
vn -0.001862 0.999433 0.033619
vn -0.001646 0.999541 0.030262
vn 0.000689 0.999309 0.037157
vn -0.001646 0.999541 0.030262
vn -0.001862 0.999433 0.033619
vn -0.000670 0.999732 0.023160
vn 0.012220 0.997569 0.068609
vn 0.014268 0.998248 0.057421
vn 0.014391 0.998129 0.059417
vn 0.013714 0.998039 0.061072
vn 0.005157 0.997454 0.071126
vn 0.010661 0.997162 0.074528
vn 0.012220 0.997569 0.068609
vn 0.010365 0.997096 0.075444
vn 0.050483 -0.997500 0.049443
vn 0.026988 -0.998895 0.038487
vn 0.032189 -0.999260 0.021069
vn 0.053268 -0.998201 0.027528
vn 0.026988 -0.998895 0.038487
vn 0.050483 -0.997500 0.049443
vn 0.041854 -0.995394 0.086252
vn 0.027232 -0.998275 0.052010
vn 0.041854 -0.995394 0.086252
vn 0.050483 -0.997500 0.049443
vn 0.078061 -0.994479 0.070129
vn 0.056570 -0.992660 0.106890
vn 0.078061 -0.994479 0.070129
vn 0.123172 -0.991838 0.032959
vn 0.192950 -0.980356 0.040897
vn 0.113809 -0.988967 0.094827
vn 0.053268 -0.998201 0.027528
vn 0.123172 -0.991838 0.032959
vn 0.078061 -0.994479 0.070129
vn 0.050483 -0.997500 0.049443
vn 0.056570 -0.992660 0.106890
vn 0.078061 -0.994479 0.070129
vn 0.113809 -0.988967 0.094827
vn 0.076044 -0.985976 0.148559
vn 0.032189 -0.999260 0.021069
vn 0.037779 -0.999162 0.015750
vn 0.080123 -0.996668 0.015280
vn 0.053268 -0.998201 0.027528
vn 0.192950 -0.980356 0.040897
vn 0.123172 -0.991838 0.032959
vn 0.130441 -0.991337 0.015336
vn 0.222635 -0.974616 0.023594
vn 0.123172 -0.991838 0.032959
vn 0.053268 -0.998201 0.027528
vn 0.080123 -0.996668 0.015280
vn 0.130441 -0.991337 0.015336
vn 0.192950 -0.980356 0.040897
vn 0.289187 -0.956322 0.042658
vn 0.215788 -0.972716 0.085199
vn 0.215788 -0.972716 0.085199
vn 0.289187 -0.956322 0.042658
vn 0.365567 -0.925563 0.098453
vn 0.289187 -0.956322 0.042658
vn 0.490880 -0.868793 0.065081
vn 0.365567 -0.925563 0.098453
vn 0.490880 -0.868793 0.065081
vn 0.289187 -0.956322 0.042658
vn 0.306175 -0.951618 0.026068
vn 0.434679 -0.899983 0.032948
vn 0.306175 -0.951618 0.026068
vn 0.289187 -0.956322 0.042658
vn 0.192950 -0.980356 0.040897
vn 0.222635 -0.974616 0.023594
vn 0.395023 0.335669 0.855151
vn 0.406236 0.344477 0.846350
vn 0.379617 0.457694 0.803994
vn 0.370818 0.455270 0.809458
vn 0.352097 0.538490 0.765543
vn 0.370818 0.455270 0.809458
vn 0.379617 0.457694 0.803994
vn 0.362334 0.542235 0.758087
vn 0.352097 0.538490 0.765543
vn 0.362334 0.542235 0.758087
vn 0.336836 0.635314 0.694923
vn 0.325203 0.632959 0.702570
vn 0.301679 0.696111 0.651474
vn 0.325203 0.632959 0.702570
vn 0.336836 0.635314 0.694923
vn 0.309645 0.706337 0.636559
vn 0.270163 0.793439 0.545405
vn 0.260939 0.784204 0.562970
vn 0.301679 0.696111 0.651474
vn 0.309645 0.706337 0.636559
vn 0.029536 0.999038 0.032430
vn 0.060624 0.995890 0.067291
vn 0.079149 0.996282 0.034018
vn 0.035837 0.999164 0.019681
vn 0.026090 0.998595 0.046116
vn 0.050876 0.994559 0.090908
vn 0.060624 0.995890 0.067291
vn 0.029536 0.999038 0.032430
vn 0.109223 0.989831 0.091134
vn 0.060624 0.995890 0.067291
vn 0.050876 0.994559 0.090908
vn 0.076047 0.986931 0.142073
vn 0.206141 0.978195 0.025292
vn 0.131212 0.991133 0.020950
vn 0.079149 0.996282 0.034018
vn 0.169658 0.984271 0.049263
vn 0.131212 0.991133 0.020950
vn 0.080567 0.996659 0.013388
vn 0.079149 0.996282 0.034018
vn 0.080567 0.996659 0.013388
vn 0.036711 0.999156 0.018413
vn 0.035837 0.999164 0.019681
vn 0.079149 0.996282 0.034018
vn 0.300335 0.952499 0.050448
vn 0.287142 0.957535 0.026002
vn 0.206141 0.978195 0.025292
vn 0.169658 0.984271 0.049263
vn 0.444116 0.893791 0.062446
vn 0.436013 0.899081 0.039321
vn 0.287142 0.957535 0.026002
vn 0.300335 0.952499 0.050448
vn 0.444116 0.893791 0.062446
vn 0.300335 0.952499 0.050448
vn 0.297301 0.950466 0.090704
vn 0.424652 0.898566 0.110676
vn 0.169658 0.984271 0.049263
vn 0.297301 0.950466 0.090704
vn 0.300335 0.952499 0.050448
vn 0.220747 0.975222 -0.014579
vn 0.251762 0.967777 0.004780
vn 0.343840 0.938885 0.016416
vn 0.319361 0.947559 -0.011867
vn 0.090154 0.995902 0.007243
vn 0.042429 0.999099 -0.001227
vn 0.026821 0.999548 0.013572
vn 0.036711 0.999156 0.018413
vn 0.042429 0.999099 -0.001227
vn 0.090154 0.995902 0.007243
vn 0.091535 0.995766 -0.008468
vn 0.052738 0.997720 -0.042110
vn 0.151779 0.988343 -0.011887
vn 0.091535 0.995766 -0.008468
vn 0.090154 0.995902 0.007243
vn 0.192627 0.981222 0.009920
vn 0.319361 0.947559 -0.011867
vn 0.343840 0.938885 0.016416
vn 0.505480 0.862558 0.022007
vn 0.436825 0.899511 -0.008015
vn 0.436825 0.899511 -0.008015
vn 0.505480 0.862558 0.022007
vn 0.664010 0.746729 0.038553
vn 0.590472 0.807035 0.006131
vn 0.670334 0.740577 0.046882
vn 0.502110 0.864414 0.025946
vn 0.537900 0.841203 0.055147
vn 0.665179 0.743249 0.071536
vn 0.502110 0.864414 0.025946
vn 0.339681 0.940431 0.014333
vn 0.436013 0.899081 0.039321
vn 0.537900 0.841203 0.055147
vn 0.339681 0.940431 0.014333
vn 0.287142 0.957535 0.026002
vn 0.436013 0.899081 0.039321
vn 0.287142 0.957535 0.026002
vn 0.339681 0.940431 0.014333
vn 0.192627 0.981222 0.009920
vn 0.206141 0.978195 0.025292
vn 0.080567 0.996659 0.013388
vn 0.090154 0.995902 0.007243
vn 0.036711 0.999156 0.018413
vn 0.080567 0.996659 0.013388
vn 0.131212 0.991133 0.020950
vn 0.192627 0.981222 0.009920
vn 0.090154 0.995902 0.007243
vn 0.192627 0.981222 0.009920
vn 0.131212 0.991133 0.020950
vn 0.206141 0.978195 0.025292
vn 0.664010 0.746729 0.038553
vn 0.505480 0.862558 0.022007
vn 0.502110 0.864414 0.025946
vn 0.670334 0.740577 0.046882
vn 0.505480 0.862558 0.022007
vn 0.343840 0.938885 0.016416
vn 0.339681 0.940431 0.014333
vn 0.502110 0.864414 0.025946
vn 0.343840 0.938885 0.016416
vn 0.251762 0.967777 0.004780
vn 0.192627 0.981222 0.009920
vn 0.339681 0.940431 0.014333
vn 0.251762 0.967777 0.004780
vn 0.220747 0.975222 -0.014579
vn 0.151779 0.988343 -0.011887
vn 0.192627 0.981222 0.009920
vn 0.205612 -0.902104 0.379384
vn 0.248844 -0.855211 0.454633
vn 0.221802 -0.872923 0.434522
vn 0.210352 -0.886446 0.412268
vn 0.248844 -0.855211 0.454633
vn 0.243526 -0.839694 0.485396
vn 0.226900 -0.867013 0.443627
vn 0.221802 -0.872923 0.434522
vn 0.248844 -0.855211 0.454633
vn 0.282334 -0.792071 0.541213
vn 0.269206 -0.789399 0.551704
vn 0.243526 -0.839694 0.485396
vn 0.282334 -0.792071 0.541213
vn 0.299843 -0.749223 0.590558
vn 0.287869 -0.745177 0.601534
vn 0.269206 -0.789399 0.551704
vn 0.299843 -0.749223 0.590558
vn 0.322415 -0.679619 0.658913
vn 0.315863 -0.670319 0.671493
vn 0.287869 -0.745177 0.601534
vn 0.322415 -0.679619 0.658913
vn 0.357230 -0.628636 0.690799
vn 0.346705 -0.571749 0.743572
vn 0.315863 -0.670319 0.671493
vn 0.346705 -0.571749 0.743572
vn 0.357230 -0.628636 0.690799
vn 0.377839 -0.548453 0.745947
vn 0.377839 -0.548453 0.745947
vn 0.385290 -0.471450 0.793276
vn 0.371505 -0.467944 0.801881
vn 0.346705 -0.571749 0.743572
vn 0.385290 -0.471450 0.793276
vn 0.413401 -0.341399 0.844124
vn 0.382383 -0.411459 0.827336
vn 0.371505 -0.467944 0.801881
vn -0.992237 0.050518 -0.113642
vn -0.990682 0.060314 -0.122113
vn -0.990536 0.061185 -0.122865
vn -0.998803 -0.047211 -0.012817
vn -0.997723 -0.066048 0.013673
vn -0.998093 -0.061281 0.007459
vn -0.000133 -0.999988 -0.004803
vn -0.005900 -0.999944 -0.008813
vn -0.032750 -0.998590 0.041775
vn 0.012349 -0.999332 0.034384
vn -0.131528 -0.989436 0.060973
vn -0.073473 -0.996545 0.038718
vn -0.108427 -0.993875 0.021347
vn -0.119499 -0.990503 0.067998
vn -0.005900 -0.999944 -0.008813
vn -0.070319 -0.997506 0.006131
vn -0.032750 -0.998590 0.041775
vn -0.032750 -0.998590 0.041775
vn -0.008902 -0.997342 0.072321
vn -0.022704 -0.998522 0.049390
vn 0.012349 -0.999332 0.034384
vn -0.022704 -0.998522 0.049390
vn -0.008902 -0.997342 0.072321
vn -0.019475 -0.996971 0.075291
vn -0.284186 -0.956926 0.059420
vn -0.108427 -0.993875 0.021347
vn -0.073473 -0.996545 0.038718
vn -0.032750 -0.998590 0.041775
vn -0.070319 -0.997506 0.006131
vn -0.073473 -0.996545 0.038718
vn -0.022225 -0.997190 0.071539
vn -0.008902 -0.997342 0.072321
vn -0.032750 -0.998590 0.041775
vn 0.061591 0.997338 -0.039044
vn 0.000526 0.999943 0.010702
vn 0.035444 0.998146 -0.049479
vn -0.999999 0.000000 0.001634
vn -0.999999 0.000002 0.001633
vn -0.999999 -0.000001 0.001634
vn -0.999999 -0.000001 0.001634
vn -0.999999 0.000000 0.001634
vn -0.999999 0.000000 0.001634
vn -0.999999 0.000000 0.001634
vn -0.999468 0.008369 0.031513
vn -0.999992 0.003508 0.001736
vn -0.999993 0.003287 0.001730
vn -0.999826 0.007307 0.017177
vn -0.999992 0.003508 0.001736
vn -0.999999 -0.000001 0.001634
vn -0.999999 -0.000001 0.001634
vn -0.999993 0.003287 0.001730
vn -0.999999 -0.000001 0.001633
vn -0.999999 0.000000 0.001634
vn -0.999999 -0.000001 0.001633
vn -0.999999 -0.000001 0.001633
vn -0.999999 0.000000 0.001634
vn -0.999999 0.000000 0.001634
vn -0.831763 -0.007443 0.555081
vn -0.921477 -0.000193 0.388434
vn -0.955128 0.009304 0.296046
vn -0.854453 -0.008865 0.519453
vn -0.955128 0.009304 0.296046
vn -0.921477 -0.000193 0.388434
vn -0.999468 0.008369 0.031513
vn -0.999826 0.007307 0.017177
vn -0.969662 0.005821 0.244381
vn -0.989434 0.004965 0.144902
vn -0.974747 0.004822 0.223261
vn -0.993564 0.004105 0.113194
vn -0.991370 0.007389 0.130882
vn -0.989434 0.004965 0.144902
vn -0.992914 0.008067 0.118557
vn -0.989434 0.004965 0.144902
vn -0.991370 0.007389 0.130882
vn -0.974747 0.004822 0.223261
vn -0.974747 0.004822 0.223261
vn -0.957778 0.006957 0.287423
vn -0.943485 0.010377 0.331253
vn -0.969662 0.005821 0.244381
vn -0.957778 0.006957 0.287423
vn -0.927140 0.009626 0.374591
vn -0.885597 0.011955 0.464301
vn -0.943485 0.010377 0.331253
vn -0.927140 0.009626 0.374591
vn -0.845173 0.017593 0.534203
vn -0.885597 0.011955 0.464301
vn -0.815282 0.017686 0.578794
vn -0.831763 -0.007443 0.555081
vn -0.854453 -0.008865 0.519453
vn -0.810467 0.014559 0.585603
vn -0.810467 0.014559 0.585603
vn -0.885597 0.011955 0.464301
vn -0.845173 0.017593 0.534203
vn -0.815282 0.017686 0.578794
vn -0.008902 -0.997342 0.072321
vn -0.022225 -0.997190 0.071539
vn 0.012877 -0.997700 0.066550
vn 0.012877 -0.997700 0.066550
vn 0.011029 -0.997413 0.071039
vn -0.019475 -0.996971 0.075291
vn -0.008902 -0.997342 0.072321
vn 0.015368 -0.998154 0.058754
vn 0.011029 -0.997413 0.071039
vn 0.012877 -0.997700 0.066550
vn 0.014663 -0.998098 0.059871
vn 0.014663 -0.998098 0.059871
vn 0.003907 -0.998933 0.046020
vn 0.004855 -0.998745 0.049843
vn 0.005944 -0.998696 0.050708
vn 0.014663 -0.998098 0.059871
vn 0.005944 -0.998696 0.050708
vn 0.015546 -0.998390 0.054556
vn 0.014250 -0.998473 0.053373
vn 0.015368 -0.998154 0.058754
vn 0.014663 -0.998098 0.059871
vn 0.015546 -0.998390 0.054556
vn -0.003002 -0.999844 0.017389
vn -0.006423 -0.999978 -0.001455
vn -0.033704 -0.999400 0.008001
vn -0.030638 -0.999489 0.009153
vn -0.997117 -0.012748 0.074799
vn -0.998994 0.002922 0.044750
vn -0.997925 0.011314 0.063382
vn -0.003002 -0.999844 0.017389
vn -0.030638 -0.999489 0.009153
vn 0.001389 -0.999791 0.020401
vn 0.000734 -0.999633 0.027077
vn 0.000304 -0.999501 0.031588
vn 0.001739 -0.999390 0.034866
vn 0.003907 -0.998933 0.046020
vn 0.000734 -0.999633 0.027077
vn 0.003907 -0.998933 0.046020
vn 0.001739 -0.999390 0.034866
vn 0.004855 -0.998745 0.049843
vn -0.998994 0.002922 0.044750
vn -0.999127 -0.000036 0.041769
vn -0.997925 0.011314 0.063382
vn 0.015511 0.999879 -0.001153
vn 0.039741 0.999054 -0.017654
vn 0.001622 0.999962 -0.008598
vn -0.997117 -0.012748 0.074799
vn -0.993564 0.004105 0.113194
vn -0.992914 0.008067 0.118557
vn 0.002457 -0.999987 -0.004546
vn -0.006423 -0.999978 -0.001455
vn 0.002237 -0.999949 -0.009839
vn -0.998093 -0.061281 0.007459
vn -0.998169 -0.059577 0.010449
vn -0.998280 -0.058224 0.006880
vn -0.998803 -0.047211 -0.012817
vn -0.997723 -0.066048 0.013673
vn -0.999426 -0.028857 -0.017738
vn -0.992954 -0.118238 -0.007831
vn -0.998093 -0.061281 0.007459
vn -0.998994 0.002922 0.044750
vn -0.999538 0.001566 0.030362
vn -0.999538 0.001569 0.030344
vn -0.999127 -0.000036 0.041769
vn -0.999702 0.002680 0.024272
vn -0.999702 0.002680 0.024272
vn -0.999538 0.001569 0.030344
vn -0.999538 0.001566 0.030362
vn -0.999702 0.002680 0.024272
vn -0.995791 -0.075341 0.052186
vn -0.998280 -0.058224 0.006880
vn -0.998169 -0.059577 0.010449
vn -0.995791 -0.075341 0.052186
vn -0.992954 -0.118238 -0.007831
vn -0.999426 -0.028857 -0.017738
vn -0.999796 -0.019996 -0.002695
vn -0.988370 -0.148823 -0.031264
vn -0.988370 -0.148823 -0.031264
vn -0.999796 -0.019996 -0.002695
vn -0.999802 -0.019843 -0.001740
vn -0.993188 -0.109114 -0.040882
vn -0.993188 -0.109114 -0.040882
vn -0.999802 -0.019843 -0.001740
vn -0.998191 -0.052333 -0.029606
vn -0.997720 -0.056813 -0.036418
vn -0.997720 -0.056813 -0.036418
vn -0.998191 -0.052333 -0.029606
vn -0.992823 -0.113162 -0.038694
vn -0.998191 -0.052333 -0.029606
vn -0.986405 -0.156207 -0.051044
vn -0.991716 -0.120465 -0.044588
vn -0.992823 -0.113162 -0.038694
vn 0.022321 -0.999278 -0.030749
vn 0.022321 -0.999278 -0.030749
vn 0.022321 -0.999278 -0.030749
vn 0.022321 -0.999278 -0.030749
vn -0.130140 -0.406636 0.904274
vn -0.130140 -0.406636 0.904274
vn -0.130140 -0.406636 0.904274
vn 0.840581 -0.269626 0.469814
vn 0.840581 -0.269626 0.469814
vn 0.840581 -0.269626 0.469814
vn -0.062478 0.727971 -0.682755
vn -0.062478 0.727971 -0.682755
vn -0.062478 0.727971 -0.682755
vn -0.062478 0.727971 -0.682755
vn -0.514260 0.573269 -0.637887
vn -0.514260 0.573269 -0.637887
vn -0.514260 0.573268 -0.637887
vn 0.526430 -0.648183 -0.550209
vn 0.526430 -0.648183 -0.550209
vn 0.526430 -0.648183 -0.550209
vn 0.871660 0.392619 0.293358
vn 0.871660 0.392619 0.293358
vn 0.871660 0.392619 0.293358
vn -0.871660 -0.392619 -0.293358
vn -0.871660 -0.392619 -0.293358
vn -0.871660 -0.392619 -0.293358
vn 0.975105 -0.125178 -0.183033
vn 0.975105 -0.125178 -0.183033
vn 0.975105 -0.125178 -0.183033
vn -0.990814 -0.054044 -0.123962
vn -0.990578 -0.062241 -0.121987
vn -0.999143 -0.013931 -0.038986
vn -0.999587 -0.012498 -0.025882
vn -0.999587 -0.012498 -0.025882
vn -0.990986 -0.033278 -0.129765
vn -0.990956 -0.040022 -0.128077
vn -0.990814 -0.054044 -0.123962
vn -0.990986 -0.033278 -0.129765
vn -0.994665 -0.012336 -0.102421
vn -0.990778 -0.030051 -0.132119
vn -0.990956 -0.040022 -0.128077
vn -0.990986 -0.033278 -0.129765
vn -0.989548 0.020757 -0.142702
vn -0.996485 -0.022378 -0.080724
vn -0.994665 -0.012336 -0.102421
vn -0.996485 -0.022378 -0.080724
vn -0.999781 -0.000046 -0.020952
vn -0.994590 -0.020097 -0.101913
vn -0.994665 -0.012336 -0.102421
vn -0.999781 -0.000046 -0.020952
vn -0.999186 -0.030032 -0.026928
vn -0.990803 -0.003083 -0.135275
vn -0.994590 -0.020097 -0.101913
vn -0.990803 -0.003083 -0.135275
vn -0.999186 -0.030032 -0.026928
vn -0.991485 0.024190 -0.127957
vn -0.999186 -0.030032 -0.026928
vn -0.968937 0.037121 -0.244507
vn -0.994581 0.023773 -0.101214
vn -0.991485 0.024190 -0.127957
vn -0.994581 0.023773 -0.101214
vn -0.999360 -0.001048 -0.035760
vn -0.999288 0.010402 -0.036271
vn -0.991485 0.024190 -0.127957
vn -0.999360 -0.001048 -0.035760
vn -0.996113 -0.003952 -0.088001
vn -0.994071 -0.000264 -0.108733
vn -0.999288 0.010402 -0.036271
vn -0.987040 0.142713 -0.073385
vn -0.985636 0.144574 -0.087297
vn -0.999582 0.024385 -0.015511
vn -0.999703 0.017620 -0.016817
vn -0.985636 0.144574 -0.087297
vn -0.985800 0.125212 -0.111898
vn -0.999614 0.026917 -0.006885
vn -0.999582 0.024385 -0.015511
vn -0.985800 0.125212 -0.111898
vn -0.991615 0.088197 -0.094452
vn -0.991876 0.096447 -0.082948
vn -0.999614 0.026917 -0.006885
vn -0.991615 0.088197 -0.094452
vn -0.991630 0.077048 -0.103605
vn -0.998881 -0.003495 -0.047163
vn -0.991876 0.096447 -0.082948
vn -0.991630 0.077048 -0.103605
vn -0.990891 0.064064 -0.118454
vn -0.999487 0.010480 -0.030265
vn -0.998881 -0.003495 -0.047163
vn -0.997715 0.065647 -0.015959
vn -0.996177 0.084814 -0.020943
vn -0.999703 0.017620 -0.016817
vn -0.996135 0.084782 -0.022943
vn -0.999703 0.017620 -0.016817
vn -0.996177 0.084814 -0.020943
vn -0.987040 0.142713 -0.073385
vn -0.999553 -0.010666 -0.027922
vn -0.979092 -0.186353 -0.081550
vn -0.991716 -0.120465 -0.044588
vn -0.956361 -0.274099 -0.101209
vn -0.991716 -0.120465 -0.044588
vn -0.979092 -0.186353 -0.081550
vn -0.992823 -0.113162 -0.038694
vn -0.997861 -0.046318 -0.046128
vn -0.995715 -0.000391 -0.092474
vn -0.995715 -0.000391 -0.092474
vn -0.996915 -0.015904 -0.076864
vn -0.985395 -0.131441 -0.108258
vn -0.985395 -0.131441 -0.108258
vn -0.985395 -0.131441 -0.108258
vn -0.993617 -0.078467 -0.081050
vn -0.993617 -0.078467 -0.081050
vn -0.993617 -0.078467 -0.081050
vn -0.993617 -0.078467 -0.081050
vn -0.992257 -0.084585 -0.090953
vn -0.992257 -0.084585 -0.090953
vn -0.992257 -0.084585 -0.090953
vn -0.988186 -0.120619 -0.094546
vn -0.988186 -0.120619 -0.094546
vn -0.988186 -0.120619 -0.094546
vn -0.988666 -0.120281 -0.089850
vn -0.988666 -0.120281 -0.089850
vn -0.988666 -0.120281 -0.089850
vn -0.999795 -0.018167 -0.008885
vn -0.988854 -0.126793 -0.078051
vn -0.999553 -0.010666 -0.027922
vn -0.999553 -0.010666 -0.027922
vn -0.988854 -0.126793 -0.078051
vn -0.979092 -0.186353 -0.081550
vn -0.994624 0.064838 -0.080735
vn -0.994624 0.064838 -0.080735
vn -0.994624 0.064838 -0.080735
vn -0.990294 0.067301 -0.121607
vn -0.990294 0.067301 -0.121607
vn -0.990294 0.067301 -0.121607
vn -0.989430 0.041643 -0.138907
vn -0.989430 0.041643 -0.138907
vn -0.989430 0.041643 -0.138907
vn -0.994071 -0.000264 -0.108733
vn -0.996113 -0.003952 -0.088001
vn -0.988360 0.021050 -0.150671
vn -0.989898 0.051679 -0.132028
vn -0.989898 0.051679 -0.132028
vn -0.988360 0.021050 -0.150671
vn -0.990536 0.061185 -0.122865
vn -0.990682 0.060314 -0.122113
vn -0.394959 0.142619 -0.907561
vn -0.394959 0.142619 -0.907561
vn -0.394959 0.142619 -0.907561
vn -0.394959 0.142619 -0.907561
vn -0.096938 -0.305421 0.947270
vn -0.096938 -0.305421 0.947270
vn -0.096938 -0.305421 0.947270
vn 0.096938 0.305421 -0.947270
vn 0.096938 0.305421 -0.947270
vn 0.096938 0.305421 -0.947270
vn -0.487772 0.095427 -0.867740
vn -0.487772 0.095427 -0.867740
vn -0.487772 0.095427 -0.867740
vn -0.435815 -0.138490 -0.889318
vn -0.435815 -0.138490 -0.889318
vn -0.435815 -0.138490 -0.889318
vn -0.435815 -0.138490 -0.889318
vn -0.819990 -0.182180 -0.542612
vn -0.819990 -0.182180 -0.542612
vn -0.819990 -0.182180 -0.542612
vn 0.819990 0.182180 0.542612
vn 0.819990 0.182180 0.542612
vn 0.819990 0.182180 0.542612
vn -0.256128 -0.907320 -0.333421
vn -0.256128 -0.907320 -0.333421
vn -0.256128 -0.907320 -0.333421
vn -0.118824 -0.911475 -0.393820
vn -0.118824 -0.911475 -0.393820
vn -0.118824 -0.911475 -0.393820
vn 0.439823 0.089907 0.893573
vn 0.415602 0.140132 0.898687
vn 0.418303 0.064384 0.906023
vn 0.395023 0.335669 0.855151
vn 0.405917 0.267790 0.873796
vn 0.430483 0.219422 0.875522
vn 0.406236 0.344477 0.846350
vn 0.430483 0.219422 0.875522
vn 0.405917 0.267790 0.873796
vn 0.414500 0.165249 0.894921
vn 0.438625 0.001693 0.898669
vn 0.419536 0.001860 0.907737
vn 0.418581 -0.058253 0.906309
vn 0.438833 -0.095257 0.893505
vn 0.432845 -0.207658 0.877225
vn 0.438833 -0.095257 0.893505
vn 0.415258 -0.139207 0.898989
vn 0.413280 -0.183035 0.892019
vn 0.413401 -0.341399 0.844124
vn 0.432845 -0.207658 0.877225
vn 0.406272 -0.269083 0.873234
vn 0.403247 -0.289881 0.867964
vn 0.432845 -0.207658 0.877225
vn 0.413280 -0.183035 0.892019
vn 0.406272 -0.269083 0.873234
vn 0.104943 0.993582 -0.042205
vn 0.071568 0.996252 -0.048585
vn 0.061591 0.997338 -0.039044
vn 0.035444 0.998146 -0.049479
vn 0.035444 0.998146 -0.049479
vn 0.083958 0.992684 -0.086772
vn 0.104943 0.993582 -0.042205
vn 0.050873 0.995407 -0.081101
vn 0.083958 0.992684 -0.086772
vn 0.035444 0.998146 -0.049479
vn -0.000251 0.997678 -0.068101
vn 0.015737 0.996724 -0.079330
vn 0.050873 0.995407 -0.081101
vn 0.035444 0.998146 -0.049479
vn 0.000526 0.999943 0.010702
vn 0.006473 0.999135 -0.041068
vn 0.035444 0.998146 -0.049479
vn 0.006473 0.999135 -0.041068
vn -0.000251 0.997678 -0.068101
vn 0.050873 0.995407 -0.081101
vn 0.397979 0.915541 -0.058282
vn 0.260289 0.963645 -0.060311
vn 0.282010 0.958791 -0.034497
vn 0.390974 0.919935 -0.029316
vn 0.083070 0.991470 -0.100428
vn 0.097136 0.990119 -0.101144
vn 0.147334 0.984337 -0.096814
vn 0.096619 0.989331 -0.109036
vn 0.008394 0.999685 -0.023651
vn 0.001622 0.999962 -0.008598
vn 0.039741 0.999054 -0.017654
vn 0.039741 0.999054 -0.017654
vn 0.015511 0.999879 -0.001153
vn 0.026821 0.999548 0.013572
vn 0.042429 0.999099 -0.001227
vn -0.000903 0.999387 -0.035003
vn 0.006670 0.999627 -0.026482
vn 0.025714 0.998916 -0.038802
vn 0.017137 0.998677 -0.048479
vn 0.025714 0.998916 -0.038802
vn 0.006670 0.999627 -0.026482
vn 0.008394 0.999685 -0.023651
vn 0.039741 0.999054 -0.017654
vn 0.028575 0.997412 -0.065979
vn -0.009360 0.997898 -0.064133
vn -0.012706 0.998408 -0.054947
vn -0.011916 0.998416 -0.054994
vn -0.011304 0.998421 -0.055031
vn -0.003158 0.998654 -0.051764
vn 0.028575 0.997412 -0.065979
vn -0.011916 0.998416 -0.054994
vn 0.073248 0.992927 -0.093438
vn 0.061759 0.994959 -0.079014
vn 0.085557 0.993353 -0.077010
vn 0.097136 0.990119 -0.101144
vn 0.061759 0.994959 -0.079014
vn 0.015737 0.996724 -0.079330
vn 0.026167 0.996824 -0.075216
vn 0.085557 0.993353 -0.077010
vn 0.015737 0.996724 -0.079330
vn -0.000251 0.997678 -0.068101
vn -0.007511 0.997567 -0.069306
vn 0.026167 0.996824 -0.075216
vn 0.250650 0.962708 -0.101822
vn 0.190263 0.976686 -0.099422
vn 0.147334 0.984337 -0.096814
vn 0.246072 0.964606 -0.094781
vn 0.250650 0.962708 -0.101822
vn 0.246072 0.964606 -0.094781
vn 0.380278 0.919759 -0.097123
vn 0.389291 0.914816 -0.107540
vn 0.560744 0.819706 -0.116830
vn 0.389291 0.914816 -0.107540
vn 0.380278 0.919759 -0.097123
vn 0.552489 0.826975 -0.104248
vn 0.732588 0.669533 -0.122639
vn 0.560744 0.819706 -0.116830
vn 0.552489 0.826975 -0.104248
vn 0.739631 0.664006 -0.109738
vn 0.867858 0.481717 -0.121537
vn 0.732588 0.669533 -0.122639
vn 0.739631 0.664006 -0.109738
vn 0.878641 0.466323 -0.102631
vn 0.878641 0.466323 -0.102631
vn 0.946282 0.308020 -0.098355
vn 0.944132 0.306304 -0.121625
vn 0.867858 0.481717 -0.121537
vn 0.946282 0.308020 -0.098355
vn 0.981274 0.163633 -0.101618
vn 0.980788 0.154233 -0.119445
vn 0.944132 0.306304 -0.121625
vn 0.981274 0.163633 -0.101618
vn 0.992979 0.065415 -0.098560
vn 0.985885 0.118957 -0.117811
vn 0.980788 0.154233 -0.119445
vn 0.992185 0.028138 -0.121558
vn 0.992185 0.028138 -0.121558
vn 0.992979 0.065415 -0.098560
vn 0.995337 0.003234 -0.096403
vn 0.997420 0.067287 0.025017
vn 0.987049 0.158693 0.023484
vn 0.988477 0.142703 0.050497
vn 0.996108 0.072560 0.050040
vn 0.999722 0.001414 0.023539
vn 0.997420 0.067287 0.025017
vn 0.996108 0.072560 0.050040
vn 0.998778 0.001611 0.049397
vn 0.966733 0.252154 0.042957
vn 0.988477 0.142703 0.050497
vn 0.987049 0.158693 0.023484
vn 0.959377 0.281657 0.016279
vn 0.966733 0.252154 0.042957
vn 0.959377 0.281657 0.016279
vn 0.918001 0.396471 0.009245
vn 0.927541 0.371759 0.038246
vn 0.918001 0.396471 0.009245
vn 0.855553 0.517691 0.005012
vn 0.883396 0.467227 0.036215
vn 0.927541 0.371759 0.038246
vn 0.883396 0.467227 0.036215
vn 0.855553 0.517691 0.005012
vn 0.792376 0.610029 -0.002160
vn 0.822844 0.567510 0.029334
vn 0.792376 0.610029 -0.002160
vn 0.705827 0.708296 -0.011161
vn 0.763721 0.645130 0.023160
vn 0.822844 0.567510 0.029334
vn 0.705827 0.708296 -0.011161
vn 0.602467 0.797876 -0.020698
vn 0.669872 0.742368 0.012727
vn 0.763721 0.645130 0.023160
vn 0.602467 0.797876 -0.020698
vn 0.535944 0.843959 -0.022298
vn 0.590472 0.807035 0.006131
vn 0.669872 0.742368 0.012727
vn 0.535944 0.843959 -0.022298
vn 0.390974 0.919935 -0.029316
vn 0.436825 0.899511 -0.008015
vn 0.590472 0.807035 0.006131
vn 0.390974 0.919935 -0.029316
vn 0.282010 0.958791 -0.034497
vn 0.319361 0.947559 -0.011867
vn 0.436825 0.899511 -0.008015
vn 0.151779 0.988343 -0.011887
vn 0.220747 0.975222 -0.014579
vn 0.187576 0.981607 -0.035529
vn 0.108590 0.993241 -0.040990
vn 0.220747 0.975222 -0.014579
vn 0.319361 0.947559 -0.011867
vn 0.282010 0.958791 -0.034497
vn 0.187576 0.981607 -0.035529
vn 0.025714 0.998916 -0.038802
vn 0.039741 0.999054 -0.017654
vn 0.042429 0.999099 -0.001227
vn 0.052738 0.997720 -0.042110
vn 0.091535 0.995766 -0.008468
vn 0.108590 0.993241 -0.040990
vn 0.052738 0.997720 -0.042110
vn 0.108590 0.993241 -0.040990
vn 0.091535 0.995766 -0.008468
vn 0.151779 0.988343 -0.011887
vn 0.085557 0.993353 -0.077010
vn 0.161397 0.983733 -0.078869
vn 0.147334 0.984337 -0.096814
vn 0.097136 0.990119 -0.101144
vn 0.161397 0.983733 -0.078869
vn 0.251953 0.964605 -0.077825
vn 0.246072 0.964606 -0.094781
vn 0.147334 0.984337 -0.096814
vn 0.251953 0.964605 -0.077825
vn 0.390168 0.917632 -0.075628
vn 0.380278 0.919759 -0.097123
vn 0.246072 0.964606 -0.094781
vn 0.390168 0.917632 -0.075628
vn 0.515674 0.853776 -0.071745
vn 0.552489 0.826975 -0.104248
vn 0.380278 0.919759 -0.097123
vn 0.260289 0.963645 -0.060311
vn 0.167150 0.983969 -0.062170
vn 0.187576 0.981607 -0.035529
vn 0.282010 0.958791 -0.034497
vn 0.167150 0.983969 -0.062170
vn 0.085660 0.994190 -0.065178
vn 0.108590 0.993241 -0.040990
vn 0.187576 0.981607 -0.035529
vn 0.085660 0.994190 -0.065178
vn 0.028575 0.997412 -0.065979
vn 0.052738 0.997720 -0.042110
vn 0.108590 0.993241 -0.040990
vn 0.028575 0.997412 -0.065979
vn 0.017137 0.998677 -0.048479
vn 0.025714 0.998916 -0.038802
vn 0.052738 0.997720 -0.042110
vn 0.397979 0.915541 -0.058282
vn 0.390974 0.919935 -0.029316
vn 0.535944 0.843959 -0.022298
vn 0.535944 0.843959 -0.022298
vn 0.602467 0.797876 -0.020698
vn 0.543511 0.837746 -0.052708
vn 0.397979 0.915541 -0.058282
vn 0.602467 0.797876 -0.020698
vn 0.705827 0.708296 -0.011161
vn 0.678660 0.733220 -0.042526
vn 0.543511 0.837746 -0.052708
vn 0.705827 0.708296 -0.011161
vn 0.792376 0.610029 -0.002160
vn 0.764816 0.643201 -0.036731
vn 0.678660 0.733220 -0.042526
vn 0.792376 0.610029 -0.002160
vn 0.855553 0.517691 0.005012
vn 0.836120 0.547653 -0.031291
vn 0.764816 0.643201 -0.036731
vn 0.855553 0.517691 0.005012
vn 0.918001 0.396471 0.009245
vn 0.909882 0.414137 -0.024613
vn 0.836120 0.547653 -0.031291
vn 0.918001 0.396471 0.009245
vn 0.959377 0.281657 0.016279
vn 0.952622 0.303478 -0.020308
vn 0.909882 0.414137 -0.024613
vn 0.959377 0.281657 0.016279
vn 0.987049 0.158693 0.023484
vn 0.983935 0.178127 -0.011915
vn 0.952622 0.303478 -0.020308
vn 0.987049 0.158693 0.023484
vn 0.997420 0.067287 0.025017
vn 0.993069 0.116989 -0.011281
vn 0.983935 0.178127 -0.011915
vn 0.993069 0.116989 -0.011281
vn 0.997420 0.067287 0.025017
vn 0.998906 0.044003 -0.015827
vn 0.998906 0.044003 -0.015827
vn 0.997420 0.067287 0.025017
vn 0.999722 0.001414 0.023539
vn 0.999918 0.000002 -0.012846
vn 0.995337 0.003234 -0.096403
vn 0.992979 0.065415 -0.098560
vn 0.997423 0.051368 -0.050079
vn 0.998867 0.000001 -0.047580
vn 0.992979 0.065415 -0.098560
vn 0.981274 0.163633 -0.101618
vn 0.992087 0.114439 -0.051636
vn 0.997423 0.051368 -0.050079
vn 0.828021 0.557192 -0.062595
vn 0.899894 0.432291 -0.057572
vn 0.878641 0.466323 -0.102631
vn 0.739631 0.664006 -0.109738
vn 0.899894 0.432291 -0.057572
vn 0.949987 0.308059 -0.051235
vn 0.946282 0.308020 -0.098355
vn 0.878641 0.466323 -0.102631
vn 0.949987 0.308059 -0.051235
vn 0.979451 0.196351 -0.046069
vn 0.981274 0.163633 -0.101618
vn 0.946282 0.308020 -0.098355
vn 0.981274 0.163633 -0.101618
vn 0.979451 0.196351 -0.046069
vn 0.992087 0.114439 -0.051636
vn 0.552489 0.826975 -0.104248
vn 0.515674 0.853776 -0.071745
vn 0.663597 0.744757 -0.070534
vn 0.663597 0.744757 -0.070534
vn 0.737924 0.671606 -0.066434
vn 0.739631 0.664006 -0.109738
vn 0.552489 0.826975 -0.104248
vn 0.739631 0.664006 -0.109738
vn 0.737924 0.671606 -0.066434
vn 0.828021 0.557192 -0.062595
vn -0.009360 0.997898 -0.064133
vn 0.028575 0.997412 -0.065979
vn 0.026167 0.996824 -0.075216
vn -0.007511 0.997567 -0.069306
vn 0.028575 0.997412 -0.065979
vn 0.085660 0.994190 -0.065178
vn 0.085557 0.993353 -0.077010
vn 0.026167 0.996824 -0.075216
vn 0.085660 0.994190 -0.065178
vn 0.167150 0.983969 -0.062170
vn 0.161397 0.983733 -0.078869
vn 0.085557 0.993353 -0.077010
vn 0.167150 0.983969 -0.062170
vn 0.260289 0.963645 -0.060311
vn 0.251953 0.964605 -0.077825
vn 0.161397 0.983733 -0.078869
vn 0.260289 0.963645 -0.060311
vn 0.397979 0.915541 -0.058282
vn 0.390168 0.917632 -0.075628
vn 0.251953 0.964605 -0.077825
vn 0.397979 0.915541 -0.058282
vn 0.543511 0.837746 -0.052708
vn 0.515674 0.853776 -0.071745
vn 0.390168 0.917632 -0.075628
vn 0.543511 0.837746 -0.052708
vn 0.678660 0.733220 -0.042526
vn 0.663597 0.744757 -0.070534
vn 0.515674 0.853776 -0.071745
vn 0.678660 0.733220 -0.042526
vn 0.764816 0.643201 -0.036731
vn 0.737924 0.671606 -0.066434
vn 0.663597 0.744757 -0.070534
vn 0.764816 0.643201 -0.036731
vn 0.836120 0.547653 -0.031291
vn 0.828021 0.557192 -0.062595
vn 0.737924 0.671606 -0.066434
vn 0.836120 0.547653 -0.031291
vn 0.909882 0.414137 -0.024613
vn 0.899894 0.432291 -0.057572
vn 0.828021 0.557192 -0.062595
vn 0.909882 0.414137 -0.024613
vn 0.952622 0.303478 -0.020308
vn 0.949987 0.308059 -0.051235
vn 0.899894 0.432291 -0.057572
vn 0.952622 0.303478 -0.020308
vn 0.983935 0.178127 -0.011915
vn 0.979451 0.196351 -0.046069
vn 0.949987 0.308059 -0.051235
vn 0.983935 0.178127 -0.011915
vn 0.993069 0.116989 -0.011281
vn 0.992087 0.114439 -0.051636
vn 0.979451 0.196351 -0.046069
vn 0.993069 0.116989 -0.011281
vn 0.998906 0.044003 -0.015827
vn 0.997423 0.051368 -0.050079
vn 0.992087 0.114439 -0.051636
vn 0.998906 0.044003 -0.015827
vn 0.999918 0.000002 -0.012846
vn 0.998867 0.000001 -0.047580
vn 0.997423 0.051368 -0.050079
vn 0.076047 0.986931 0.142073
vn 0.069767 0.986772 0.146337
vn 0.095434 0.973425 0.208175
vn 0.103158 0.974488 0.199327
vn 0.103158 0.974488 0.199327
vn 0.095434 0.973425 0.208175
vn 0.129178 0.952592 0.275466
vn 0.134810 0.955246 0.263309
vn 0.260939 0.784204 0.562970
vn 0.270163 0.793439 0.545405
vn 0.237151 0.852629 0.465600
vn 0.226657 0.846051 0.482519
vn 0.237151 0.852629 0.465600
vn 0.201450 0.899849 0.386898
vn 0.192204 0.895718 0.400933
vn 0.226657 0.846051 0.482519
vn 0.192204 0.895718 0.400933
vn 0.201450 0.899849 0.386898
vn 0.170538 0.928470 0.329941
vn 0.163539 0.925706 0.341062
vn 0.163539 0.925706 0.341062
vn 0.170538 0.928470 0.329941
vn 0.134810 0.955246 0.263309
vn 0.129178 0.952592 0.275466
vn 0.588557 0.774944 -0.230353
vn 0.588557 0.774944 -0.230353
vn 0.588557 0.774944 -0.230353
vn -0.491867 0.818071 -0.298038
vn -0.491867 0.818071 -0.298038
vn -0.491867 0.818071 -0.298038
vn -0.122605 0.910986 -0.393792
vn -0.122605 0.910986 -0.393792
vn -0.122605 0.910986 -0.393792
vn -0.488625 0.819745 -0.298771
vn -0.488625 0.819745 -0.298771
vn -0.488625 0.819745 -0.298771
vn 0.491867 -0.818071 0.298038
vn 0.491867 -0.818071 0.298038
vn 0.491867 -0.818071 0.298038
vn -0.588557 -0.774944 0.230352
vn -0.588557 -0.774944 0.230353
vn -0.588557 -0.774944 0.230353
vn 0.000003 1.000000 0.000000
vn 0.000003 1.000000 0.000000
vn 0.000003 1.000000 0.000000
vn 0.000003 1.000000 0.000000
vn 0.000005 -1.000000 0.000000
vn 0.000005 -1.000000 0.000000
vn 0.000005 -1.000000 0.000000
vn 0.000005 -1.000000 0.000000
vn 0.732486 -0.680782 -0.000001
vn 0.732486 -0.680782 -0.000001
vn 0.811534 -0.584306 -0.000001
vn 0.811534 -0.584305 -0.000001
vn 0.811534 -0.584305 -0.000001
vn 0.811534 -0.584306 -0.000001
vn 0.930722 -0.365727 0.000000
vn 0.930722 -0.365727 0.000000
vn 0.930722 -0.365727 0.000000
vn 0.930722 -0.365727 0.000000
vn 0.992222 -0.124480 0.000000
vn 0.992222 -0.124480 0.000000
vn 0.992222 -0.124480 0.000000
vn 0.992222 -0.124480 0.000000
vn 0.992222 0.124481 -0.000001
vn 0.992222 0.124481 -0.000001
vn 0.992222 0.124481 -0.000001
vn 0.992222 0.124481 -0.000001
vn 0.930722 0.365727 -0.000001
vn 0.930722 0.365727 -0.000001
vn 0.930722 0.365727 -0.000001
vn 0.930722 0.365727 -0.000001
vn 0.811534 0.584306 0.000000
vn 0.811534 0.584305 0.000000
vn 0.811534 0.584305 0.000000
vn 0.811534 0.584306 0.000000
vn 0.732487 0.680781 0.000000
vn 0.732487 0.680781 0.000000
vn -0.000000 1.000000 -0.000004
vn -0.000000 1.000000 -0.000004
vn -0.000000 1.000000 -0.000004
vn 0.000000 1.000000 0.000002
vn -0.000000 1.000000 -0.000004
vn 0.000000 1.000000 0.000002
vn -0.000001 1.000000 0.000001
vn -0.732487 0.680781 0.000001
vn -0.732487 0.680781 0.000001
vn -0.811533 0.584306 0.000001
vn -0.811534 0.584306 0.000001
vn -0.811534 0.584306 0.000001
vn -0.811533 0.584306 0.000001
vn -0.930722 0.365727 -0.000001
vn -0.930722 0.365728 -0.000001
vn -0.930722 0.365728 -0.000001
vn -0.930722 0.365727 -0.000001
vn -0.992222 0.124481 -0.000001
vn -0.992222 0.124482 -0.000001
vn -0.992222 0.124482 -0.000001
vn -0.992222 0.124481 -0.000001
vn -0.992222 -0.124480 -0.000002
vn -0.992222 -0.124480 -0.000002
vn -0.992222 -0.124480 -0.000002
vn -0.992222 -0.124480 -0.000002
vn -0.930722 -0.365727 -0.000001
vn -0.930722 -0.365727 -0.000001
vn -0.930722 -0.365727 -0.000001
vn -0.930722 -0.365727 -0.000001
vn -0.811534 -0.584306 0.000001
vn -0.811534 -0.584306 0.000001
vn -0.811534 -0.584306 0.000001
vn -0.811534 -0.584306 0.000001
vn -0.732486 -0.680782 0.000001
vn -0.732486 -0.680782 0.000001
vn -0.000001 -1.000000 0.000023
vn -0.000005 -1.000000 0.000015
vn -0.000005 -1.000000 0.000015
vn -0.000001 -1.000000 0.000024
vn 0.000000 0.000000 -1.000000
vn 0.000000 0.000000 -1.000000
vn 0.000000 0.000000 -1.000000
vn 0.000000 0.000000 -1.000000
vn 0.000000 0.000000 -1.000000
vn 0.000000 0.000000 -1.000000
vn 0.000000 0.000000 -1.000000
vn -0.000000 0.000000 -1.000000
vn 0.000000 0.000000 -1.000000
vn 0.000000 0.000000 -1.000000
vn 0.000001 0.000000 -1.000000
vn 0.000000 0.000000 -1.000000
vn 0.000000 0.000000 -1.000000
vn 0.000000 0.000000 -1.000000
vn 0.000000 0.000000 -1.000000
vn -0.000000 0.000000 -1.000000
vn 0.000000 0.000000 -1.000000
vn 0.000000 0.000000 -1.000000
vn 0.000000 0.000000 -1.000000
vn 0.000002 -0.000001 -1.000000
vn 0.000002 -0.000001 -1.000000
vn 0.000000 0.000000 -1.000000
vn 0.000000 0.000000 -1.000000
vn 0.000000 0.000000 -1.000000
vn 0.000002 -0.000001 -1.000000
vn 0.000000 0.000000 -1.000000
vn 0.000000 0.000000 -1.000000
vn 0.000000 0.000000 -1.000000
vn 0.000000 0.000000 -1.000000
vn 0.000000 0.000000 -1.000000
vn 0.000000 0.000000 -1.000000
vn 0.000000 0.000000 -1.000000
vn 0.000000 0.000001 -1.000000
vn -0.045088 0.998983 0.000007
vn -0.045086 0.998983 0.000007
vn 0.132985 0.991118 0.000001
vn 0.132983 0.991118 0.000001
vn 0.132983 0.991118 0.000001
vn 0.132985 0.991118 0.000001
vn 0.199129 0.979973 -0.000002
vn 0.199129 0.979973 -0.000002
vn 0.000009 0.999990 -0.004417
vn 0.000008 0.999484 -0.032137
vn 0.000004 0.981794 -0.189949
vn 0.000007 0.996845 -0.079370
vn 0.000007 0.996845 -0.079370
vn 0.000004 0.981794 -0.189949
vn -0.000026 0.000016 -1.000000
vn 0.100704 0.994916 0.000002
vn 0.196667 0.980470 -0.000003
vn 0.204979 0.978701 0.011339
vn 0.100761 0.994856 0.010443
vn 0.100704 0.994916 0.000002
vn 0.100761 0.994856 0.010443
vn -0.093429 0.995564 0.011063
vn -0.094126 0.995560 0.000009
vn -0.094126 0.995560 0.000009
vn -0.093429 0.995564 0.011063
vn -0.287648 0.957668 0.011384
vn -0.287431 0.957801 0.000014
vn -0.287431 0.957801 0.000014
vn -0.287648 0.957668 0.011384
vn -0.492482 0.870307 0.005180
vn -0.488186 0.872298 -0.027749
vn -0.488186 0.872298 -0.027749
vn -0.492482 0.870307 0.005180
vn -0.582557 0.812762 -0.006812
vn -0.590608 0.805215 -0.053015
vn -0.590608 0.805215 -0.053015
vn -0.582557 0.812762 -0.006812
vn -0.721523 0.690624 -0.049424
vn 0.199012 -0.979463 -0.032364
vn 0.199012 -0.979463 -0.032364
vn 0.110915 -0.993772 -0.010731
vn 0.071978 -0.997406 -0.001214
vn 0.071978 -0.997406 -0.001214
vn 0.110915 -0.993772 -0.010731
vn -0.045100 -0.998983 -0.000004
vn -0.045102 -0.998982 -0.000004
vn -0.045102 -0.998982 -0.000004
vn -0.045100 -0.998983 -0.000004
vn -0.222530 -0.974926 0.000002
vn -0.222532 -0.974925 0.000002
vn -0.222532 -0.974925 0.000002
vn -0.222530 -0.974926 0.000002
vn -0.433892 -0.900965 0.000008
vn -0.433894 -0.900964 0.000008
vn -0.433894 -0.900964 0.000008
vn -0.433892 -0.900965 0.000008
vn -0.623497 -0.781826 0.000014
vn -0.623498 -0.781825 0.000014
vn -0.623498 -0.781825 0.000014
vn -0.623497 -0.781826 0.000014
vn -0.781837 -0.623483 0.000020
vn -0.781838 -0.623482 0.000020
vn -0.781838 -0.623482 0.000020
vn -0.781837 -0.623483 0.000020
vn -0.900973 -0.433875 0.000025
vn -0.900973 -0.433874 0.000025
vn -0.900973 -0.433874 0.000025
vn -0.900973 -0.433875 0.000025
vn -0.974930 -0.222512 0.000028
vn -0.974930 -0.222511 0.000028
vn -0.974930 -0.222511 0.000028
vn -0.974930 -0.222512 0.000028
vn -1.000000 0.000009 0.000030
vn -1.000000 0.000009 0.000030
vn -1.000000 0.000009 0.000030
vn -1.000000 0.000009 0.000030
vn -0.974926 0.222530 0.000030
vn -0.974926 0.222529 0.000030
vn -0.974926 0.222529 0.000030
vn -0.974926 0.222530 0.000030
vn -0.900965 0.433892 0.000029
vn -0.900965 0.433891 0.000029
vn -0.900965 0.433891 0.000029
vn -0.900965 0.433892 0.000029
vn -0.781826 0.623497 0.000026
vn -0.781827 0.623496 0.000026
vn -0.781827 0.623496 0.000026
vn -0.781826 0.623497 0.000026
vn -0.623483 0.781837 0.000023
vn -0.623484 0.781836 0.000023
vn -0.623484 0.781836 0.000023
vn -0.623483 0.781837 0.000023
vn -0.433876 0.900973 0.000018
vn -0.433877 0.900972 0.000018
vn -0.433877 0.900972 0.000018
vn -0.433876 0.900973 0.000018
vn -0.222513 0.974930 0.000012
vn -0.222515 0.974929 0.000012
vn -0.222515 0.974929 0.000012
vn -0.222513 0.974930 0.000012
vn -0.045086 0.998983 0.000007
vn -0.045088 0.998983 0.000007
vn 0.987119 0.159978 -0.001753
vn 0.987119 0.159978 -0.001753
vn 0.987119 0.159978 -0.001753
vn 0.987119 0.159978 -0.001753
vn 0.986600 -0.163063 0.005483
vn 0.986600 -0.163064 0.005483
vn 0.986600 -0.163064 0.005483
vn 0.986600 -0.163064 0.005483
vn 0.244466 -0.969289 -0.026763
vn 0.333775 -0.942454 -0.019387
vn 0.400929 -0.916033 -0.011808
vn 0.452351 -0.891779 -0.010410
vn 0.400929 -0.916033 -0.011808
vn 0.333775 -0.942454 -0.019387
vn 0.451191 -0.892205 -0.019924
vn -0.281367 -0.959600 0.000319
vn -0.032506 -0.166155 -0.985564
vn -0.192137 -0.981368 0.000019
vn -0.281434 -0.959581 0.000126
vn -0.281273 0.959628 0.000178
vn -0.192112 0.981373 0.000034
vn -0.193754 0.980971 -0.012470
vn -0.239973 0.970270 -0.031466
vn 0.446374 0.894523 -0.024058
vn 0.362486 0.931673 -0.024275
vn 0.385832 0.922569 -0.000370
vn 0.460446 0.887678 -0.004227
vn 0.362486 0.931673 -0.024275
vn 0.243941 0.969621 -0.018103
vn 0.245329 0.969436 0.002568
vn 0.385832 0.922569 -0.000370
vn 0.517502 0.855642 0.008339
vn 0.509109 0.860702 0.000670
vn 0.513614 0.858008 0.004896
vn 0.517502 0.855642 0.008339
vn 0.507056 -0.861897 0.005330
vn 0.509073 -0.860713 0.004186
vn 0.499768 -0.866159 -0.000839
vn 0.507056 -0.861897 0.005330
vn -0.005580 -0.018811 0.999807
vn -0.003786 -0.014568 0.999887
vn -0.005226 -0.035807 0.999345
vn -0.007753 -0.029239 0.999542
vn -0.005226 -0.035807 0.999345
vn -0.003786 -0.014568 0.999887
vn -0.000008 -0.020729 0.999785
vn -0.004407 -0.037934 0.999271
vn -0.193754 0.980971 -0.012470
vn -0.192112 0.981373 0.000034
vn -0.062338 0.998055 0.000007
vn -0.056327 0.998412 -0.000800
vn 0.446374 0.894523 -0.024058
vn 0.509109 0.860702 0.000670
vn 0.344355 0.935586 -0.078095
vn 0.362486 0.931673 -0.024275
vn 0.513614 0.858008 0.004896
vn 0.509109 0.860702 0.000670
vn 0.446374 0.894523 -0.024058
vn 0.460446 0.887678 -0.004227
vn 0.245329 0.969436 0.002568
vn 0.243941 0.969621 -0.018103
vn 0.079234 0.996854 -0.002045
vn 0.083645 0.996496 0.000003
vn 0.243941 0.969621 -0.018103
vn 0.362486 0.931673 -0.024275
vn 0.344355 0.935586 -0.078095
vn 0.079234 0.996854 -0.002045
vn 0.079234 0.996854 -0.002045
vn -0.056327 0.998412 -0.000800
vn -0.062338 0.998055 0.000007
vn 0.083645 0.996496 0.000003
vn -0.193754 0.980971 -0.012470
vn -0.056327 0.998412 -0.000800
vn -0.205711 0.976936 -0.057265
vn -0.239973 0.970270 -0.031466
vn 0.333775 -0.942454 -0.019387
vn 0.244466 -0.969289 -0.026763
vn 0.113986 -0.993398 -0.012941
vn 0.108327 -0.994053 -0.011145
vn -0.281367 -0.959600 0.000319
vn -0.005093 -0.024943 -0.999676
vn -0.032506 -0.166155 -0.985564
vn -0.005093 -0.024943 -0.999676
vn -0.004685 -0.023550 -0.999712
vn -0.023224 -0.369559 -0.928917
vn -0.032506 -0.166155 -0.985564
vn -0.023224 -0.369559 -0.928917
vn -0.062351 -0.998054 -0.000003
vn -0.192137 -0.981368 0.000019
vn -0.032506 -0.166155 -0.985564
vn 0.343258 -0.939165 0.011954
vn 0.333775 -0.942454 -0.019387
vn 0.108327 -0.994053 -0.011145
vn 0.499768 -0.866159 -0.000839
vn 0.509073 -0.860713 0.004186
vn 0.452351 -0.891779 -0.010410
vn 0.451191 -0.892205 -0.019924
vn 0.499768 -0.866159 -0.000839
vn 0.451191 -0.892205 -0.019924
vn 0.333775 -0.942454 -0.019387
vn 0.343258 -0.939165 0.011954
vn 0.113986 -0.993398 -0.012941
vn -0.062351 -0.998054 -0.000003
vn -0.023224 -0.369559 -0.928917
vn 0.108327 -0.994053 -0.011145
vn -0.987015 0.160603 -0.002803
vn -0.802499 0.596646 0.003062
vn -0.802499 0.596646 0.003062
vn -0.987005 0.160663 -0.002802
vn -0.987015 0.160603 -0.002803
vn -0.987005 0.160663 -0.002802
vn -0.996488 -0.083544 -0.005645
vn -0.996488 -0.083544 -0.005645
vn -0.996303 0.085903 -0.000270
vn -0.996303 0.085903 -0.000270
vn -0.996303 0.085903 -0.000270
vn -0.997080 0.076306 0.002983
vn -0.997080 0.076306 0.002983
vn -0.997080 0.076306 0.002983
vn -0.802062 -0.597235 0.002708
vn -0.802062 -0.597235 0.002708
vn -0.802062 -0.597235 0.002708
vn -0.802061 -0.597235 0.002708
vn 0.190832 -0.981591 0.007880
vn 0.090738 -0.995853 0.006536
vn 0.122589 -0.992388 0.011744
vn 0.195902 -0.980534 0.013264
vn 0.090738 -0.995853 0.006536
vn -0.049371 -0.998776 0.002987
vn 0.009162 -0.999920 0.008675
vn 0.122589 -0.992388 0.011744
vn 0.009162 -0.999920 0.008675
vn -0.049371 -0.998776 0.002987
vn -0.125143 -0.992139 -0.000245
vn -0.049371 -0.998776 0.002987
vn -0.209761 -0.977708 0.009395
vn -0.202088 -0.979365 0.002073
vn -0.125143 -0.992139 -0.000245
vn -0.209761 -0.977708 0.009395
vn -0.277791 -0.960534 0.014403
vn -0.281089 -0.959672 0.004295
vn -0.202088 -0.979365 0.002073
vn -0.277791 -0.960534 0.014403
vn -0.410079 -0.912030 0.006104
vn -0.392632 -0.919692 -0.002775
vn -0.281089 -0.959672 0.004295
vn -0.410079 -0.912030 0.006104
vn -0.461843 -0.886917 0.008883
vn -0.546888 -0.837060 -0.015652
vn -0.392632 -0.919692 -0.002775
vn -0.648802 -0.760486 -0.026774
vn -0.546888 -0.837060 -0.015652
vn -0.609258 -0.792792 -0.016912
vn -0.648497 -0.760738 -0.027018
vn -0.609258 -0.792792 -0.016912
vn -0.546888 -0.837060 -0.015652
vn -0.461843 -0.886917 0.008883
vn -0.566272 -0.824210 -0.003697
vn 0.100761 0.994856 0.010443
vn 0.204979 0.978701 0.011339
vn 0.212095 0.977021 0.021094
vn 0.202578 0.979095 0.018305
vn -0.679788 0.733354 -0.008950
vn -0.679788 0.733354 -0.008950
vn -0.679788 0.733354 -0.008950
vn -0.582557 0.812762 -0.006812
vn -0.492482 0.870307 0.005180
vn -0.546710 0.836471 0.037736
vn -0.577620 0.814887 0.048102
vn -0.287648 0.957668 0.011384
vn -0.093429 0.995564 0.011063
vn -0.146404 0.989052 0.018489
vn -0.186852 0.982173 0.020543
vn -0.287648 0.957668 0.011384
vn -0.186852 0.982173 0.020543
vn -0.339327 0.940488 0.018422
vn -0.339327 0.940488 0.018422
vn -0.378157 0.925513 0.020578
vn -0.492482 0.870307 0.005180
vn -0.287648 0.957668 0.011384
vn -0.492482 0.870307 0.005180
vn -0.378157 0.925513 0.020578
vn -0.546710 0.836471 0.037736
vn 0.100761 0.994856 0.010443
vn 0.202578 0.979095 0.018305
vn 0.052176 0.998490 0.017171
vn 0.052176 0.998490 0.017171
vn 0.010059 0.999773 0.018801
vn -0.093429 0.995564 0.011063
vn 0.100761 0.994856 0.010443
vn -0.093429 0.995564 0.011063
vn 0.010059 0.999773 0.018801
vn -0.146404 0.989052 0.018489
vn 0.998987 0.042710 0.014209
vn 0.998987 0.042710 0.014209
vn 0.998987 0.042710 0.014209
vn -0.998987 -0.042710 -0.014209
vn -0.998987 -0.042710 -0.014209
vn -0.998987 -0.042710 -0.014209
vn -0.000012 -0.997706 -0.067697
vn -0.000011 -0.999334 -0.036486
vn -0.000009 -0.999978 -0.006605
vn -0.000012 -0.997706 -0.067697
vn -0.000030 0.000017 -1.000000
vn -0.000029 0.000007 -1.000000
vn -0.000029 0.000014 -1.000000
vn -0.000029 0.000007 -1.000000
vn -0.000030 0.000006 -1.000000
vn -0.000030 0.000006 -1.000000
vn -0.000029 0.000014 -1.000000
vn -0.000030 0.000006 -1.000000
vn -0.000029 0.000006 -1.000000
vn -0.000029 0.000006 -1.000000
vn -0.000030 0.000006 -1.000000
vn -0.000029 0.000006 -1.000000
vn -0.000028 0.000006 -1.000000
vn -0.000029 0.000006 -1.000000
vn -0.000029 0.000006 -1.000000
vn -0.000028 0.000006 -1.000000
vn -0.000029 0.000005 -1.000000
vn -0.000029 0.000005 -1.000000
vn -0.000029 0.000006 -1.000000
vn -0.000029 0.000005 -1.000000
vn -0.000030 0.000004 -1.000000
vn -0.000034 0.000005 -1.000000
vn -0.000029 0.000005 -1.000000
vn -0.000030 0.000004 -1.000000
vn -0.000036 0.000005 -1.000000
vn -0.000034 0.000005 -1.000000
vn -0.000034 0.000005 -1.000000
vn -0.000034 0.000005 -1.000000
vn -0.000036 0.000005 -1.000000
vn -0.000029 0.000005 -1.000000
vn -0.000029 0.000005 -1.000000
vn -0.000029 0.000006 -1.000000
vn -0.000028 0.000006 -1.000000
vn -0.000034 0.000005 -1.000000
vn -0.000029 0.000006 -1.000000
vn -0.000030 0.000005 -1.000000
vn -0.000029 0.000006 -1.000000
vn -0.000028 0.000006 -1.000000
vn -0.000030 0.000005 -1.000000
vn -0.000029 0.000004 -1.000000
vn -0.000029 0.000004 -1.000000
vn -0.000029 0.000006 -1.000000
vn -0.000029 0.000004 -1.000000
vn -0.000029 0.000004 -1.000000
vn -0.000029 0.000004 -1.000000
vn -0.000029 0.000004 -1.000000
vn -0.000029 0.000004 -1.000000
vn -0.000029 0.000004 -1.000000
vn -0.000029 0.000004 -1.000000
vn -0.000029 0.000004 -1.000000
vn -0.000029 0.000004 -1.000000
vn -0.000029 0.000003 -1.000000
vn -0.000030 -0.000001 -1.000000
vn -0.000029 0.000004 -1.000000
vn 0.000009 1.000000 0.000004
vn 0.000009 1.000000 0.000004
vn 0.000009 0.999990 -0.004417
vn -0.031885 -0.999492 -0.000004
vn -0.033191 -0.999449 -0.000004
vn -0.000011 -0.999334 -0.036486
vn -0.033191 -0.999449 -0.000004
vn -0.031885 -0.999492 -0.000004
vn -0.472238 -0.881471 0.000010
vn -0.472238 -0.881471 0.000010
vn -0.472222 0.881480 0.000018
vn -0.472221 0.881480 0.000018
vn -0.612639 0.790363 0.000021
vn -0.612639 0.790363 0.000021
vn -0.612639 0.790363 0.000021
vn -0.612639 0.790363 0.000021
vn -0.759099 0.650975 0.000026
vn -0.759099 0.650975 0.000026
vn -0.759099 0.650975 0.000026
vn -0.759099 0.650975 0.000026
vn -0.874527 0.484978 0.000029
vn -0.874527 0.484977 0.000029
vn -0.874527 0.484977 0.000029
vn -0.874527 0.484978 0.000029
vn -0.954205 0.299154 0.000030
vn -0.954205 0.299154 0.000030
vn -0.954205 0.299154 0.000030
vn -0.954205 0.299154 0.000030
vn -0.994876 0.101102 0.000030
vn -0.994876 0.101102 0.000030
vn -0.994876 0.101102 0.000030
vn -0.994876 0.101102 0.000030
vn -0.994878 -0.101084 0.000029
vn -0.994878 -0.101084 0.000029
vn -0.994878 -0.101084 0.000029
vn -0.994878 -0.101084 0.000029
vn -0.954210 -0.299137 0.000027
vn -0.954210 -0.299137 0.000027
vn -0.954210 -0.299137 0.000027
vn -0.954210 -0.299137 0.000027
vn -0.874535 -0.484962 0.000024
vn -0.874535 -0.484962 0.000024
vn -0.874535 -0.484962 0.000024
vn -0.874535 -0.484962 0.000024
vn -0.759110 -0.650962 0.000020
vn -0.759111 -0.650962 0.000020
vn -0.759111 -0.650962 0.000020
vn -0.759110 -0.650962 0.000020
vn -0.612654 -0.790351 0.000015
vn -0.612654 -0.790351 0.000015
vn -0.612654 -0.790351 0.000015
vn -0.612654 -0.790351 0.000015
vn -0.472238 -0.881471 0.000010
vn -0.472238 -0.881471 0.000010
vn -0.472221 0.881480 0.000018
vn -0.472222 0.881480 0.000018
vn -0.226447 0.974024 0.000012
vn -0.226447 0.974024 0.000012
vn -0.003886 0.015688 0.999869
vn 0.000060 0.028200 0.999602
vn 0.001658 0.025331 0.999678
vn 0.000031 -0.000005 1.000000
vn 0.000029 -0.000005 1.000000
vn 0.000029 -0.000005 1.000000
vn 0.000030 -0.000005 1.000000
vn 0.000031 -0.000005 1.000000
vn 0.000030 -0.000005 1.000000
vn 0.000030 -0.000006 1.000000
vn 0.000030 -0.000005 1.000000
vn 0.000031 -0.000005 1.000000
vn 0.000030 -0.000005 1.000000
vn 0.000030 -0.000005 1.000000
vn 0.000032 -0.000005 1.000000
vn 0.000030 -0.000005 1.000000
vn 0.000032 -0.000005 1.000000
vn 0.000034 -0.000005 1.000000
vn 0.000032 -0.000005 1.000000
vn 0.000030 -0.000005 1.000000
vn 0.000023 -0.000005 1.000000
vn 0.000023 -0.000005 1.000000
vn 0.000028 -0.000005 1.000000
vn 0.000028 -0.000005 1.000000
vn 0.000032 -0.000005 1.000000
vn 0.000030 -0.000005 1.000000
vn 0.000028 -0.000005 1.000000
vn -0.000029 0.000005 -1.000000
vn -0.000029 0.000005 -1.000000
vn -0.000029 0.000005 -1.000000
vn -0.000029 0.000005 -1.000000
vn -0.000029 0.000005 -1.000000
vn -0.000029 0.000005 -1.000000
vn -0.000030 0.000005 -1.000000
vn -0.000030 0.000005 -1.000000
vn -0.000030 0.000005 -1.000000
vn -0.000029 0.000005 -1.000000
vn -0.000026 0.000006 -1.000000
vn -0.000031 0.000005 -1.000000
vn -0.000031 0.000005 -1.000000
vn -0.000030 0.000005 -1.000000
vn -0.000030 0.000005 -1.000000
vn -0.000030 0.000005 -1.000000
vn -0.000030 0.000005 -1.000000
vn -0.000030 0.000005 -1.000000
vn -0.000030 0.000005 -1.000000
vn -0.000029 0.000005 -1.000000
vn -0.000030 0.000005 -1.000000
vn -0.000030 0.000005 -1.000000
vn -0.000029 0.000005 -1.000000
vn -0.000030 0.000005 -1.000000
vn -0.000030 0.000005 -1.000000
vn -0.000026 0.000007 -1.000000
vn 0.000023 -0.000005 1.000000
vn 0.000023 -0.000005 1.000000
vn 0.000023 -0.000005 1.000000
vn 0.000000 0.000005 -1.000000
vn 0.000000 0.000005 -1.000000
vn 0.000000 0.000005 -1.000000
vn 0.000000 0.000005 -1.000000
vn -0.997219 -0.000907 -0.074520
vn -0.997219 -0.000907 -0.074520
vn -0.997219 -0.000907 -0.074520
vn -0.997219 -0.000907 -0.074520
vn -0.648497 -0.760738 -0.027018
vn -0.609258 -0.792792 -0.016912
vn -0.566272 -0.824210 -0.003697
vn -0.647947 -0.761190 -0.027456
vn -0.461843 -0.886917 0.008883
vn -0.410079 -0.912030 0.006104
vn -0.383755 -0.923042 0.026942
vn -0.566272 -0.824210 -0.003697
vn -0.383755 -0.923042 0.026942
vn -0.410079 -0.912030 0.006104
vn -0.277791 -0.960534 0.014403
vn -0.277791 -0.960534 0.014403
vn -0.209761 -0.977708 0.009395
vn -0.225986 -0.973945 0.019008
vn -0.383755 -0.923042 0.026942
vn 0.190832 -0.981591 0.007880
vn 0.183384 -0.983041 -0.000010
vn 0.088771 -0.996052 -0.000008
vn 0.090738 -0.995853 0.006536
vn 0.090738 -0.995853 0.006536
vn 0.088771 -0.996052 -0.000008
vn -0.050163 -0.998741 -0.000004
vn -0.049371 -0.998776 0.002987
vn -0.049371 -0.998776 0.002987
vn -0.050163 -0.998741 -0.000004
vn -0.225986 -0.973945 0.019008
vn -0.209761 -0.977708 0.009395
vn 0.002925 0.022285 0.999747
vn 0.005005 0.019857 0.999790
vn 0.001658 0.025331 0.999678
vn 0.000030 -0.000005 1.000000
vn 0.000031 -0.000005 1.000000
vn 0.005968 0.002015 0.999980
vn 0.000029 -0.000005 1.000000
vn 0.005968 0.002015 0.999980
vn 0.000031 -0.000005 1.000000
vn 0.000032 -0.000005 1.000000
vn 0.004865 0.001645 0.999987
vn 0.000035 -0.000005 1.000000
vn 0.000029 -0.000005 1.000000
vn 0.005968 0.002015 0.999980
vn 0.000035 -0.000005 1.000000
vn 0.001087 -0.000777 0.999999
vn -0.002361 -0.016771 0.999857
vn -0.002361 -0.016771 0.999857
vn -0.007565 -0.018941 0.999792
vn -0.007866 -0.019066 0.999787
vn 0.003995 -0.001042 0.999991
vn 0.001087 -0.000777 0.999999
vn -0.007565 -0.018941 0.999792
vn 0.004865 0.001645 0.999987
vn 0.016145 0.007146 0.999844
vn 0.002617 0.001530 0.999995
vn 0.000029 -0.000005 1.000000
vn 0.000029 -0.000005 1.000000
vn 0.005968 0.002015 0.999980
vn 0.000029 -0.000005 1.000000
vn -0.005580 -0.018811 0.999807
vn -0.005474 -0.008350 0.999950
vn -0.004988 -0.008694 0.999950
vn -0.003786 -0.014568 0.999887
vn -0.005474 -0.008350 0.999950
vn -0.006884 -0.007540 0.999948
vn -0.006119 -0.007648 0.999952
vn -0.004988 -0.008694 0.999950
vn -0.006884 -0.007540 0.999948
vn -0.007514 -0.007309 0.999945
vn -0.006119 -0.007648 0.999952
vn -0.006884 -0.007540 0.999948
vn -0.005875 -0.002766 0.999979
vn -0.007815 -0.004368 0.999960
vn -0.007514 -0.007309 0.999945
vn 0.004865 0.001645 0.999987
vn 0.002617 0.001530 0.999995
vn 0.006523 0.001728 0.999977
vn 0.005968 0.002015 0.999980
vn 0.006523 0.001728 0.999977
vn 0.002617 0.001530 0.999995
vn 0.002173 -0.001407 0.999997
vn 0.001741 -0.017243 0.999850
vn -0.000008 -0.020729 0.999785
vn 0.001244 -0.018143 0.999835
vn 0.001741 -0.017243 0.999850
vn 0.002173 -0.001407 0.999997
vn 0.002617 0.001530 0.999995
vn 0.001087 -0.000777 0.999999
vn 0.003995 -0.001042 0.999991
vn 0.001087 -0.000777 0.999999
vn 0.002617 0.001530 0.999995
vn -0.005344 -0.000170 0.999986
vn -0.005212 -0.000288 0.999986
vn -0.005344 -0.000170 0.999986
vn 0.002617 0.001530 0.999995
vn -0.008516 0.004468 0.999954
vn -0.008387 0.004248 0.999956
vn -0.008387 0.004248 0.999956
vn -0.008516 0.004468 0.999954
vn -0.008861 0.007538 0.999932
vn -0.008842 0.006394 0.999941
vn 0.001087 -0.000777 0.999999
vn -0.005212 -0.000288 0.999986
vn -0.004222 0.000165 0.999991
vn -0.004222 0.000165 0.999991
vn -0.004620 0.000319 0.999989
vn -0.005875 -0.002766 0.999979
vn 0.001087 -0.000777 0.999999
vn -0.005875 -0.002766 0.999979
vn -0.004620 0.000319 0.999989
vn -0.007815 -0.004368 0.999960
vn -0.008861 0.007538 0.999932
vn -0.007945 0.010671 0.999912
vn -0.008263 0.010263 0.999913
vn -0.008842 0.006394 0.999941
vn -0.003886 0.015688 0.999869
vn -0.004549 0.013512 0.999898
vn -0.004307 0.014121 0.999891
vn -0.002553 0.018472 0.999826
vn -0.007945 0.010671 0.999912
vn -0.006584 0.011929 0.999907
vn -0.006336 0.012049 0.999907
vn -0.008263 0.010263 0.999913
vn -0.006584 0.011929 0.999907
vn -0.004549 0.013512 0.999898
vn -0.003886 0.015688 0.999869
vn -0.006336 0.012049 0.999907
vn -0.001955 0.019955 0.999799
vn 0.000060 0.028200 0.999602
vn -0.003886 0.015688 0.999869
vn -0.002553 0.018472 0.999826
vn 0.001658 0.025331 0.999678
vn 0.000060 0.028200 0.999602
vn 0.002312 0.023001 0.999733
vn 0.002925 0.022285 0.999747
vn 0.000000 -1.000000 0.000000
vn -0.000001 -1.000000 0.000023
vn 0.000000 -1.000000 0.000002
vn -0.009079 -0.009084 -0.999918
vn 0.009676 -0.012253 -0.999878
vn -0.000319 -0.013006 -0.999915
vn -0.003014 -0.012909 -0.999912
vn -0.000001 -1.000000 0.000024
vn 0.000000 -1.000000 0.000002
vn -0.000001 -1.000000 0.000023
vn -0.000413 0.017015 -0.999855
vn 0.002524 0.012246 -0.999922
vn -0.003068 0.013152 -0.999909
vn -0.003068 0.013152 -0.999909
vn 0.002524 0.012246 -0.999922
vn 0.016877 0.016611 -0.999720
vn -0.009233 0.010971 -0.999897
vn -1.000000 0.000000 0.000001
vn -1.000000 0.000000 0.000001
vn -1.000000 0.000000 0.000000
vn -1.000000 0.000000 0.000000
vn -1.000000 0.000000 0.000000
vn -1.000000 0.000000 0.000000
vn -1.000000 0.000000 0.000000
vn -1.000000 0.000000 0.000000
vn -0.350286 -0.000870 0.936642
vn -0.439657 -0.000072 0.898166
vn -0.446365 -0.004295 0.894841
vn -0.371540 -0.010933 0.928353
vn -0.008384 -0.001358 0.999964
vn -0.004237 0.001300 0.999990
vn -0.073052 0.002211 0.997326
vn -0.055217 0.001307 0.998474
vn -0.055217 0.001307 0.998474
vn -0.073052 0.002211 0.997326
vn -0.216596 0.000217 0.976261
vn -0.221781 -0.007324 0.975069
vn -0.221781 -0.007324 0.975069
vn -0.216596 0.000217 0.976261
vn -0.350286 -0.000870 0.936642
vn -0.371540 -0.010933 0.928353
vn 0.010787 0.002065 0.999940
vn 0.029832 0.008820 0.999516
vn 0.039699 0.015854 0.999086
vn 0.033435 0.013436 0.999351
vn 0.010787 0.002065 0.999940
vn 0.033435 0.013436 0.999351
vn -0.000343 0.000418 1.000000
vn -0.000343 0.000418 1.000000
vn -0.004237 0.001300 0.999990
vn -0.008384 -0.001358 0.999964
vn 0.010787 0.002065 0.999940
vn -0.448366 -0.005400 0.893834
vn -0.350381 -0.008620 0.936568
vn -0.397001 0.000302 0.917818
vn -0.448811 -0.000365 0.893627
vn -0.350381 -0.008620 0.936568
vn -0.219248 -0.005723 0.975652
vn -0.265653 0.002124 0.964066
vn -0.397001 0.000302 0.917818
vn -0.219248 -0.005723 0.975652
vn -0.088332 0.000682 0.996091
vn -0.119913 0.002719 0.992781
vn -0.265653 0.002124 0.964066
vn -0.088332 0.000682 0.996091
vn -0.008912 0.000141 0.999960
vn -0.015780 0.000569 0.999875
vn -0.119913 0.002719 0.992781
vn -0.008912 0.000141 0.999960
vn 0.017894 -0.001378 0.999839
vn -0.000103 -0.000855 1.000000
vn -0.015780 0.000569 0.999875
vn -0.000103 -0.000855 1.000000
vn 0.017894 -0.001378 0.999839
vn 0.019347 0.033154 0.999263
vn 0.019347 0.033154 0.999263
vn 0.017894 -0.001378 0.999839
vn 0.030611 0.003848 0.999524
vn 0.025561 0.043907 0.998709
vn -0.047962 0.024766 -0.998542
vn -0.039058 0.013336 -0.999148
vn -0.030339 0.013040 -0.999455
vn -0.010570 0.003379 -0.999938
vn -0.012757 0.004335 -0.999909
vn -0.022305 -0.003196 -0.999746
vn -0.019017 0.005771 -0.999803
vn -0.019227 0.006203 -0.999796
vn -0.020232 0.005049 -0.999783
vn -0.020215 0.004006 -0.999788
vn -0.027494 -0.017987 -0.999460
vn -0.036086 0.004213 -0.999340
vn -0.049433 -0.021960 -0.998536
vn -0.993850 0.066715 0.088380
vn -0.995346 0.047181 0.084022
vn -0.991576 0.052186 0.118545
vn -0.012519 -0.029205 -0.999495
vn -0.012519 -0.029205 -0.999495
vn -0.012519 -0.029205 -0.999495
vn -0.214381 -0.976408 -0.025863
vn -0.214381 -0.976408 -0.025863
vn -0.214381 -0.976408 -0.025863
vn -0.022145 -0.008868 -0.999716
vn -0.022955 -0.007688 -0.999707
vn -0.017715 -0.015973 -0.999716
vn -0.019246 -0.012986 -0.999731
vn -0.017715 -0.015973 -0.999716
vn -0.014882 -0.016398 -0.999755
vn -0.018803 -0.010580 -0.999767
vn -0.018598 -0.013199 -0.999740
vn -0.022145 -0.008868 -0.999716
vn -0.019246 -0.012986 -0.999731
vn -0.039058 0.013336 -0.999148
vn -0.025007 -0.000140 -0.999687
vn -0.030339 0.013040 -0.999455
vn -0.027494 -0.017987 -0.999460
vn -0.018188 0.009841 -0.999786
vn -0.017961 0.010264 -0.999786
vn -0.036086 0.004213 -0.999340
vn -0.017961 0.010264 -0.999786
vn -0.018188 0.009841 -0.999786
vn -0.020232 0.005049 -0.999783
vn -0.019227 0.006203 -0.999796
vn -0.039058 0.013336 -0.999148
vn -0.047962 0.024766 -0.998542
vn -0.047917 0.005531 -0.998836
vn -0.047917 0.005531 -0.998836
vn -0.047962 0.024766 -0.998542
vn -0.049433 -0.021960 -0.998536
vn -0.036086 0.004213 -0.999340
vn -0.016343 0.007991 -0.999835
vn -0.016368 0.007968 -0.999834
vn -0.017824 0.006875 -0.999817
vn -0.017747 0.006912 -0.999819
vn -0.019017 0.005771 -0.999803
vn -0.017747 0.006912 -0.999819
vn -0.017824 0.006875 -0.999817
vn -0.019227 0.006203 -0.999796
vn -0.016368 0.007968 -0.999834
vn -0.016343 0.007991 -0.999835
vn -0.015109 0.009312 -0.999843
vn -0.014838 0.009538 -0.999844
vn -0.007794 0.040506 -0.999149
vn -0.007652 0.038255 -0.999239
vn -0.009410 0.033044 -0.999410
vn -0.009341 0.039053 -0.999194
vn -0.009410 0.033044 -0.999410
vn -0.007652 0.038255 -0.999239
vn -0.011826 0.028465 -0.999525
vn -0.011826 0.028465 -0.999525
vn -0.015357 0.025968 -0.999545
vn -0.015366 0.025964 -0.999545
vn -0.009410 0.033044 -0.999410
vn -0.015357 0.025968 -0.999545
vn -0.010344 0.028025 -0.999554
vn -0.007572 0.029235 -0.999544
vn -0.015366 0.025964 -0.999545
vn -0.010344 0.028025 -0.999554
vn 0.000632 0.028423 -0.999596
vn 0.001651 0.027270 -0.999627
vn -0.007572 0.029235 -0.999544
vn 0.000632 0.028423 -0.999596
vn 0.001259 0.019334 -0.999812
vn 0.000368 0.017119 -0.999853
vn 0.001651 0.027270 -0.999627
vn -0.022305 -0.003196 -0.999746
vn -0.012757 0.004335 -0.999909
vn -0.017280 0.005037 -0.999838
vn -0.017218 0.005142 -0.999839
vn -0.014610 0.009966 -0.999844
vn -0.014411 0.010073 -0.999846
vn -0.014838 0.009538 -0.999844
vn -0.015109 0.009312 -0.999843
vn -0.014411 0.010073 -0.999846
vn -0.017218 0.005142 -0.999839
vn -0.017280 0.005037 -0.999838
vn -0.014838 0.009538 -0.999844
vn -0.009341 0.039053 -0.999194
vn -0.004645 0.040105 -0.999185
vn -0.007794 0.040506 -0.999149
vn -0.001914 0.050588 -0.998718
vn -0.003112 0.050305 -0.998729
vn -0.003563 0.050199 -0.998733
vn -0.001914 0.050588 -0.998718
vn -0.003112 0.050305 -0.998729
vn -0.005539 0.049794 -0.998744
vn -0.005784 0.049750 -0.998745
vn -0.003563 0.050199 -0.998733
vn -0.005539 0.049794 -0.998744
vn 0.001644 0.046292 -0.998927
vn -0.007347 0.049496 -0.998747
vn -0.005784 0.049750 -0.998745
vn -0.007347 0.049496 -0.998747
vn 0.001644 0.046292 -0.998927
vn 0.006078 0.044587 -0.998987
vn -0.004309 0.038518 -0.999249
vn 0.006078 0.044587 -0.998987
vn 0.001644 0.046292 -0.998927
vn -0.004645 0.040105 -0.999185
vn -0.992790 0.001763 0.119852
vn -0.986804 0.024609 0.160036
vn -0.987214 0.035743 0.155343
vn -0.991576 0.052186 0.118545
vn -0.992790 0.001763 0.119852
vn -0.991576 0.052186 0.118545
vn -0.995346 0.047181 0.084022
vn -0.996324 0.002345 0.085628
vn -0.146073 0.988471 -0.039855
vn -0.145909 0.988202 -0.046558
vn -0.194495 0.980350 -0.032963
vn -0.189024 0.981517 -0.029913
vn -0.138803 0.988179 -0.065086
vn -0.107988 0.990986 -0.079285
vn -0.116674 0.989510 -0.085184
vn -0.169003 0.983158 -0.069562
vn -0.988560 0.094958 0.117180
vn -0.986467 0.136418 0.090960
vn -0.993160 0.075455 0.089102
vn -0.964862 0.249580 0.082165
vn -0.972920 0.214013 0.087321
vn -0.976471 0.180891 0.117399
vn -0.962672 0.247815 0.108859
vn -0.988560 0.094958 0.117180
vn -0.976471 0.180891 0.117399
vn -0.984501 0.149813 0.091178
vn -0.986467 0.136418 0.090960
vn -0.984501 0.149813 0.091178
vn -0.976471 0.180891 0.117399
vn -0.972920 0.214013 0.087321
vn -0.667491 0.744614 0.002602
vn -0.673990 0.738130 0.030042
vn -0.594601 0.803792 0.019171
vn -0.591864 0.806035 -0.002122
vn -0.673990 0.738130 0.030042
vn -0.667491 0.744614 0.002602
vn -0.739341 0.673129 0.016507
vn -0.748809 0.661148 0.046567
vn -0.748809 0.661148 0.046567
vn -0.739341 0.673129 0.016507
vn -0.813236 0.580901 0.034655
vn -0.819158 0.569905 0.064714
vn -0.819158 0.569905 0.064714
vn -0.813236 0.580901 0.034655
vn -0.868778 0.492800 0.048710
vn -0.872709 0.481925 0.078284
vn -0.872709 0.481925 0.078284
vn -0.868778 0.492800 0.048710
vn -0.890181 0.452351 0.054364
vn -0.912449 0.399732 0.087476
vn -0.927021 0.369494 0.064082
vn -0.943043 0.325287 0.069706
vn -0.940483 0.326233 0.095209
vn -0.912449 0.399732 0.087476
vn -0.943043 0.325287 0.069706
vn -0.964862 0.249580 0.082165
vn -0.962672 0.247815 0.108859
vn -0.940483 0.326233 0.095209
vn -0.381000 0.923731 -0.039505
vn -0.479282 0.877561 -0.013261
vn -0.495448 0.868625 0.004753
vn -0.404959 0.914146 -0.018569
vn -0.230615 0.969739 -0.080145
vn -0.309742 0.948817 -0.061702
vn -0.322464 0.945815 -0.038103
vn -0.245304 0.967874 -0.055191
vn -0.309742 0.948817 -0.061702
vn -0.381000 0.923731 -0.039505
vn -0.404959 0.914146 -0.018569
vn -0.322464 0.945815 -0.038103
vn -0.113194 0.988382 -0.101436
vn -0.170915 0.980627 -0.095697
vn -0.169003 0.983158 -0.069562
vn -0.116674 0.989510 -0.085184
vn -0.195158 0.979855 -0.042399
vn -0.138891 0.988607 -0.058011
vn -0.138803 0.988179 -0.065086
vn -0.169003 0.983158 -0.069562
vn -0.138803 0.988179 -0.065086
vn -0.138891 0.988607 -0.058011
vn -0.106210 0.991434 -0.076019
vn -0.107988 0.990986 -0.079285
vn -0.106210 0.991434 -0.076019
vn -0.138891 0.988607 -0.058011
vn -0.102602 0.992813 -0.061613
vn -0.080103 0.994469 -0.067935
vn -0.065377 0.995666 -0.066139
vn -0.044575 0.996363 -0.072622
vn -0.037577 0.997073 -0.066580
vn -0.051026 0.996487 -0.066402
vn -0.044575 0.996363 -0.072622
vn -0.065377 0.995666 -0.066139
vn -0.053215 0.996434 -0.065478
vn -0.053215 0.996434 -0.065478
vn -0.065377 0.995666 -0.066139
vn -0.070035 0.995710 -0.060467
vn -0.058800 0.996294 -0.062769
vn -0.106307 0.992746 -0.056158
vn -0.100243 0.993644 -0.051218
vn -0.093941 0.994136 -0.053561
vn -0.065377 0.995666 -0.066139
vn -0.065377 0.995666 -0.066139
vn -0.093941 0.994136 -0.053561
vn -0.091359 0.994238 -0.056070
vn -0.070035 0.995710 -0.060467
vn -0.146073 0.988471 -0.039855
vn -0.132987 0.990164 -0.043472
vn -0.106307 0.992746 -0.056158
vn -0.145909 0.988202 -0.046558
vn -0.106307 0.992746 -0.056158
vn -0.132987 0.990164 -0.043472
vn -0.100243 0.993644 -0.051218
vn -0.340491 0.940235 0.004970
vn -0.240285 0.970596 -0.014373
vn -0.286514 0.958061 -0.005441
vn -0.286514 0.958061 -0.005441
vn -0.240285 0.970596 -0.014373
vn -0.189024 0.981517 -0.029913
vn -0.194495 0.980350 -0.032963
vn -0.340491 0.940235 0.004970
vn -0.286514 0.958061 -0.005441
vn -0.264235 0.964268 -0.019168
vn -0.380494 0.924702 0.012248
vn -0.264235 0.964268 -0.019168
vn -0.286514 0.958061 -0.005441
vn -0.194495 0.980350 -0.032963
vn -0.409005 0.912194 0.024836
vn -0.340491 0.940235 0.004970
vn -0.380494 0.924702 0.012248
vn -0.467036 0.883506 0.035986
vn -0.592783 0.804037 0.046181
vn -0.677843 0.732400 0.064186
vn -0.659494 0.747659 0.077937
vn -0.571477 0.818598 0.057546
vn -0.592783 0.804037 0.046181
vn -0.571477 0.818598 0.057546
vn -0.467036 0.883506 0.035986
vn -0.504173 0.863145 0.028106
vn -0.960506 0.243029 0.135514
vn -0.953575 0.251377 0.165844
vn -0.927870 0.341714 0.149292
vn -0.938135 0.321261 0.129209
vn -0.938135 0.321261 0.129209
vn -0.927870 0.341714 0.149292
vn -0.900308 0.414899 0.131549
vn -0.912112 0.392372 0.118726
vn -0.912112 0.392372 0.118726
vn -0.900308 0.414899 0.131549
vn -0.862272 0.491473 0.122234
vn -0.874631 0.472531 0.108332
vn -0.874631 0.472531 0.108332
vn -0.862272 0.491473 0.122234
vn -0.811195 0.574341 0.109981
vn -0.823596 0.559031 0.095784
vn -0.823596 0.559031 0.095784
vn -0.811195 0.574341 0.109981
vn -0.742665 0.662823 0.095469
vn -0.756944 0.648476 0.080715
vn -0.756944 0.648476 0.080715
vn -0.742665 0.662823 0.095469
vn -0.659494 0.747659 0.077937
vn -0.677843 0.732400 0.064186
vn -0.953575 0.251377 0.165844
vn -0.960506 0.243029 0.135514
vn -0.969874 0.201638 0.136699
vn -0.988560 0.094958 0.117180
vn -0.991576 0.052186 0.118545
vn -0.987605 0.067827 0.141549
vn -0.985493 0.094236 0.141150
vn -0.987605 0.067827 0.141549
vn -0.991576 0.052186 0.118545
vn -0.987214 0.035743 0.155343
vn -0.993850 0.066715 0.088380
vn -0.991576 0.052186 0.118545
vn -0.988560 0.094958 0.117180
vn -0.993160 0.075455 0.089102
vn -0.504173 0.863145 0.028106
vn -0.435577 0.900076 0.011651
vn -0.404959 0.914146 -0.018569
vn -0.495448 0.868625 0.004753
vn -0.435577 0.900076 0.011651
vn -0.332375 0.943018 -0.015603
vn -0.322464 0.945815 -0.038103
vn -0.404959 0.914146 -0.018569
vn -0.332375 0.943018 -0.015603
vn -0.257989 0.965647 -0.031114
vn -0.245304 0.967874 -0.055191
vn -0.322464 0.945815 -0.038103
vn -0.988560 0.094958 0.117180
vn -0.985493 0.094236 0.141150
vn -0.980591 0.135391 0.141813
vn -0.976471 0.180891 0.117399
vn -0.976471 0.180891 0.117399
vn -0.980591 0.135391 0.141813
vn -0.969874 0.201638 0.136699
vn -0.969874 0.201638 0.136699
vn -0.960506 0.243029 0.135514
vn -0.962672 0.247815 0.108859
vn -0.976471 0.180891 0.117399
vn -0.960506 0.243029 0.135514
vn -0.938135 0.321261 0.129209
vn -0.940483 0.326233 0.095209
vn -0.962672 0.247815 0.108859
vn -0.938135 0.321261 0.129209
vn -0.912112 0.392372 0.118726
vn -0.912449 0.399732 0.087476
vn -0.940483 0.326233 0.095209
vn -0.912112 0.392372 0.118726
vn -0.874631 0.472531 0.108332
vn -0.872709 0.481925 0.078284
vn -0.912449 0.399732 0.087476
vn -0.874631 0.472531 0.108332
vn -0.823596 0.559031 0.095784
vn -0.819158 0.569905 0.064714
vn -0.872709 0.481925 0.078284
vn -0.823596 0.559031 0.095784
vn -0.756944 0.648476 0.080715
vn -0.748809 0.661148 0.046567
vn -0.819158 0.569905 0.064714
vn -0.756944 0.648476 0.080715
vn -0.677843 0.732400 0.064186
vn -0.673990 0.738130 0.030042
vn -0.748809 0.661148 0.046567
vn -0.677843 0.732400 0.064186
vn -0.592783 0.804037 0.046181
vn -0.594601 0.803792 0.019171
vn -0.673990 0.738130 0.030042
vn -0.194495 0.980350 -0.032963
vn -0.195158 0.979855 -0.042399
vn -0.257989 0.965647 -0.031114
vn -0.264235 0.964268 -0.019168
vn -0.264235 0.964268 -0.019168
vn -0.257989 0.965647 -0.031114
vn -0.332375 0.943018 -0.015603
vn -0.380494 0.924702 0.012248
vn -0.380494 0.924702 0.012248
vn -0.332375 0.943018 -0.015603
vn -0.435577 0.900076 0.011651
vn -0.435577 0.900076 0.011651
vn -0.504173 0.863145 0.028106
vn -0.467036 0.883506 0.035986
vn -0.380494 0.924702 0.012248
vn -0.592783 0.804037 0.046181
vn -0.504173 0.863145 0.028106
vn -0.495448 0.868625 0.004753
vn -0.594601 0.803792 0.019171
vn -0.594601 0.803792 0.019171
vn -0.495448 0.868625 0.004753
vn -0.479282 0.877561 -0.013261
vn -0.591864 0.806035 -0.002122
vn -0.065377 0.995666 -0.066139
vn -0.051026 0.996487 -0.066402
vn -0.080103 0.994469 -0.067935
vn -0.080103 0.994469 -0.067935
vn -0.102602 0.992813 -0.061613
vn -0.106307 0.992746 -0.056158
vn -0.065377 0.995666 -0.066139
vn -0.102602 0.992813 -0.061613
vn -0.138891 0.988607 -0.058011
vn -0.145909 0.988202 -0.046558
vn -0.106307 0.992746 -0.056158
vn -0.138891 0.988607 -0.058011
vn -0.195158 0.979855 -0.042399
vn -0.194495 0.980350 -0.032963
vn -0.145909 0.988202 -0.046558
vn -0.257989 0.965647 -0.031114
vn -0.195158 0.979855 -0.042399
vn -0.169003 0.983158 -0.069562
vn -0.245304 0.967874 -0.055191
vn -0.245304 0.967874 -0.055191
vn -0.169003 0.983158 -0.069562
vn -0.170915 0.980627 -0.095697
vn -0.230615 0.969739 -0.080145
vn -0.116674 0.989510 -0.085184
vn -0.107988 0.990986 -0.079285
vn -0.106991 0.990008 -0.091851
vn -0.113194 0.988382 -0.101436
vn -0.106991 0.990008 -0.091851
vn -0.107988 0.990986 -0.079285
vn -0.097399 0.992802 -0.069704
vn -0.130526 0.987745 -0.085569
vn -0.097399 0.992802 -0.069704
vn -0.133754 0.989522 -0.054375
vn -0.130526 0.987745 -0.085569
vn -0.073955 0.996226 -0.045442
vn -0.088807 0.995722 -0.025518
vn -0.133994 0.990438 -0.032836
vn -0.121489 0.991640 -0.043477
vn -0.121489 0.991640 -0.043477
vn -0.133754 0.989522 -0.054375
vn -0.097399 0.992802 -0.069704
vn -0.073955 0.996226 -0.045442
vn -0.066372 0.997555 -0.021876
vn -0.088807 0.995722 -0.025518
vn -0.073955 0.996226 -0.045442
vn -0.061391 0.997930 -0.019173
vn -0.037577 0.997073 -0.066580
vn -0.030837 0.998542 -0.044305
vn -0.073955 0.996226 -0.045442
vn -0.051026 0.996487 -0.066402
vn -0.073955 0.996226 -0.045442
vn -0.030837 0.998542 -0.044305
vn -0.044715 0.998948 -0.010130
vn -0.061391 0.997930 -0.019173
vn -0.106210 0.991434 -0.076019
vn -0.080103 0.994469 -0.067935
vn -0.097399 0.992802 -0.069704
vn -0.107988 0.990986 -0.079285
vn -0.080103 0.994469 -0.067935
vn -0.051026 0.996487 -0.066402
vn -0.073955 0.996226 -0.045442
vn -0.097399 0.992802 -0.069704
vn -0.025007 -0.000140 -0.999687
vn -0.023110 0.012817 -0.999651
vn -0.022876 0.014561 -0.999632
vn -0.030339 0.013040 -0.999455
vn -0.023110 0.012817 -0.999651
vn -0.016176 0.023676 -0.999589
vn -0.009140 0.000069 -0.999958
vn -0.022876 0.014561 -0.999632
vn 0.047434 -0.014442 -0.998770
vn 0.047434 -0.014442 -0.998770
vn 0.047434 -0.014442 -0.998770
vn 0.047434 -0.014442 -0.998770
vn -0.009140 0.000069 -0.999958
vn -0.016176 0.023676 -0.999589
vn -0.001586 -0.015763 -0.999875
vn -0.001586 -0.015763 -0.999875
vn -0.005158 -0.019247 -0.999801
vn -0.006027 -0.019095 -0.999800
vn -0.009140 0.000069 -0.999958
vn -0.006027 -0.019095 -0.999800
vn -0.005158 -0.019247 -0.999801
vn -0.013778 -0.013579 -0.999813
vn -0.014364 -0.012771 -0.999815
vn -0.013778 -0.013579 -0.999813
vn -0.018803 -0.010580 -0.999767
vn -0.014882 -0.016398 -0.999755
vn -0.014364 -0.012771 -0.999815
vn -0.017715 -0.015973 -0.999716
vn -0.018803 -0.010580 -0.999767
vn -0.019246 -0.012986 -0.999731
vn -0.017909 -0.014149 -0.999740
vn -0.023160 -0.006575 -0.999710
vn -0.018598 -0.013199 -0.999740
vn -0.019246 -0.012986 -0.999731
vn -0.023160 -0.006575 -0.999710
vn -0.017909 -0.014149 -0.999740
vn -0.023082 0.000568 -0.999734
vn -0.012511 0.002561 -0.999919
vn -0.020549 0.006228 -0.999770
vn -0.015220 0.002672 -0.999881
vn -0.008097 -0.000768 -0.999967
vn -0.020549 0.006228 -0.999770
vn -0.031157 0.012629 -0.999435
vn -0.023082 0.000568 -0.999734
vn -0.015220 0.002672 -0.999881
vn -0.001302 -0.035730 -0.999361
vn 0.001188 -0.037613 -0.999292
vn -0.010566 -0.028721 -0.999532
vn -0.012889 -0.028771 -0.999503
vn -0.009836 -0.026546 -0.999599
vn -0.013814 -0.028243 -0.999506
vn -0.013814 -0.028243 -0.999506
vn -0.009836 -0.026546 -0.999599
vn -0.010238 -0.026535 -0.999595
vn -0.010238 -0.026535 -0.999595
vn -0.009836 -0.026546 -0.999599
vn -0.016060 -0.023814 -0.999587
vn -0.016727 -0.023579 -0.999582
vn -0.016727 -0.023579 -0.999582
vn -0.016060 -0.023814 -0.999587
vn 0.005555 -0.027824 -0.999597
vn 0.006331 -0.027991 -0.999588
vn 0.006331 -0.027991 -0.999588
vn 0.005555 -0.027824 -0.999597
vn 0.009809 -0.017320 -0.999802
vn 0.009925 -0.017435 -0.999799
vn 0.009925 -0.017435 -0.999799
vn 0.009809 -0.017320 -0.999802
vn -0.008097 -0.000768 -0.999967
vn -0.015220 0.002672 -0.999881
vn -0.007551 -0.049440 -0.998749
vn -0.002260 -0.043336 -0.999058
vn -0.008709 -0.049201 -0.998751
vn -0.007551 -0.049440 -0.998749
vn -0.002260 -0.043336 -0.999058
vn 0.000518 -0.040064 -0.999197
vn -0.008709 -0.049201 -0.998751
vn -0.002260 -0.043336 -0.999058
vn 0.001188 -0.037613 -0.999292
vn -0.001302 -0.035730 -0.999361
vn 0.000518 -0.040064 -0.999197
vn -0.023082 0.000568 -0.999734
vn -0.031157 0.012629 -0.999435
vn -0.023160 -0.006575 -0.999710
vn -0.462883 0.012435 0.886332
vn -0.459734 0.000102 0.888057
vn -0.459615 -0.000062 0.888118
vn -0.465343 0.009513 0.885080
vn -0.465343 0.009513 0.885080
vn -0.467507 -0.003104 0.883984
vn -0.462883 0.012435 0.886332
vn -0.465343 0.009513 0.885080
vn -0.475822 0.001968 0.879539
vn -0.467507 -0.003104 0.883984
vn -0.467507 -0.003104 0.883984
vn -0.475822 0.001968 0.879539
vn -0.468807 -0.017732 0.883123
vn 0.996038 -0.088928 0.001095
vn 0.982087 -0.188427 -0.000230
vn 0.981998 -0.188892 -0.000238
vn 0.991394 -0.130915 0.000383
vn 0.981998 -0.188892 -0.000238
vn 0.982087 -0.188427 -0.000230
vn 0.967393 -0.253280 -0.000444
vn 0.966556 -0.256456 -0.000418
vn 0.967393 -0.253280 -0.000444
vn 0.948048 -0.318127 -0.000108
vn 0.936230 -0.351387 -0.000127
vn 0.966556 -0.256456 -0.000418
vn 0.936230 -0.351387 -0.000127
vn 0.948048 -0.318127 -0.000108
vn 0.921894 -0.387442 -0.000142
vn 0.921894 -0.387442 -0.000142
vn 0.901327 -0.433140 -0.000169
vn 0.901223 -0.433356 -0.000169
vn 0.936230 -0.351387 -0.000127
vn 0.901327 -0.433140 -0.000169
vn 0.867561 -0.497331 -0.000204
vn 0.867021 -0.498272 -0.000204
vn 0.901223 -0.433356 -0.000169
vn 0.867561 -0.497331 -0.000204
vn 0.829239 -0.558894 -0.000237
vn 0.828176 -0.560469 -0.000238
vn 0.867021 -0.498272 -0.000204
vn 0.829239 -0.558894 -0.000237
vn 0.787492 -0.616325 -0.000269
vn 0.785870 -0.618392 -0.000270
vn 0.828176 -0.560469 -0.000238
vn 0.787492 -0.616325 -0.000269
vn 0.741976 -0.670427 -0.000299
vn 0.739660 -0.672981 -0.000300
vn 0.785870 -0.618392 -0.000270
vn 0.741976 -0.670427 -0.000299
vn 0.692637 -0.721286 -0.000328
vn 0.689698 -0.724097 -0.000329
vn 0.739660 -0.672981 -0.000300
vn 0.692637 -0.721286 -0.000328
vn 0.640364 -0.768072 -0.000354
vn 0.636879 -0.770964 -0.000356
vn 0.689698 -0.724097 -0.000329
vn 0.640364 -0.768072 -0.000354
vn 0.585183 -0.810901 -0.000380
vn 0.580970 -0.813925 -0.000381
vn 0.636879 -0.770964 -0.000356
vn 0.585183 -0.810901 -0.000380
vn 0.526491 -0.850181 -0.000403
vn 0.521629 -0.853172 -0.000405
vn 0.580970 -0.813925 -0.000381
vn 0.526491 -0.850181 -0.000403
vn 0.431329 -0.902194 -0.001263
vn 0.484467 -0.874809 -0.000418
vn 0.521629 -0.853172 -0.000405
vn 0.484467 -0.874809 -0.000418
vn 0.431329 -0.902194 -0.001263
vn 0.400074 -0.916481 -0.001589
vn 0.431329 -0.902194 -0.001263
vn 0.374850 -0.927084 -0.001463
vn 0.327106 -0.944987 -0.001203
vn 0.400074 -0.916481 -0.001589
vn 0.327106 -0.944987 -0.001203
vn 0.374850 -0.927084 -0.001463
vn 0.299254 -0.954173 -0.000632
vn 0.327106 -0.944987 -0.001203
vn 0.299254 -0.954173 -0.000632
vn 0.247815 -0.968807 -0.000567
vn 0.244560 -0.969634 -0.000551
vn 0.200571 -0.979679 -0.000456
vn 0.244560 -0.969634 -0.000551
vn 0.247815 -0.968807 -0.000567
vn 0.172503 -0.985009 -0.000360
vn 0.983311 -0.181926 -0.001538
vn 0.983311 -0.181926 -0.001538
vn 0.190619 -0.981664 -0.000800
vn 0.643239 -0.765665 -0.001349
vn 0.643239 -0.765665 -0.001349
vn 0.190619 -0.981664 -0.000800
vn 0.095153 -0.995463 -0.000491
vn 0.095077 -0.995470 -0.000492
vn 0.095077 -0.995470 -0.000492
vn 0.095153 -0.995463 -0.000491
vn 0.140538 -0.990075 -0.000425
vn 0.172503 -0.985009 -0.000360
vn 0.172503 -0.985009 -0.000360
vn 0.140538 -0.990075 -0.000425
vn 0.200571 -0.979679 -0.000456
vn 0.999995 -0.002703 0.001594
vn 0.996038 -0.088928 0.001095
vn 0.998403 -0.056486 0.001201
vn 0.999995 -0.002764 0.001594
vn 0.998403 -0.056486 0.001201
vn 0.996038 -0.088928 0.001095
vn 0.991394 -0.130915 0.000383
vn -0.468807 -0.017732 0.883123
vn -0.463319 -0.010040 0.886135
vn -0.465152 -0.015152 0.885101
vn -0.467507 -0.003104 0.883984
vn -0.421074 -0.010290 0.906968
vn -0.448366 -0.005400 0.893834
vn -0.458206 -0.001965 0.888844
vn -0.457313 -0.002857 0.889301
vn -0.458206 -0.001965 0.888844
vn -0.448366 -0.005400 0.893834
vn -0.448811 -0.000365 0.893627
vn -0.462493 -0.004111 0.886613
vn -0.462888 -0.000718 0.886417
vn -0.462647 -0.000069 0.886543
vn -0.462593 -0.004250 0.886561
vn -0.462888 -0.000718 0.886417
vn -0.458939 0.006476 0.888444
vn -0.459070 0.005459 0.888383
vn -0.462647 -0.000069 0.886543
vn -0.458939 0.006476 0.888444
vn -0.459811 -0.000359 0.888017
vn -0.463319 -0.010040 0.886135
vn -0.459070 0.005459 0.888383
vn -0.463319 -0.010040 0.886135
vn -0.459811 -0.000359 0.888017
vn -0.465152 -0.015152 0.885101
vn -0.459812 -0.000359 0.888016
vn -0.462493 -0.004111 0.886613
vn -0.462593 -0.004250 0.886561
vn -0.459812 -0.000360 0.888016
vn -0.459812 -0.000359 0.888016
vn -0.459809 -0.000358 0.888018
vn -0.459809 -0.000357 0.888018
vn -0.459812 -0.000360 0.888016
vn -0.459812 -0.000360 0.888016
vn -0.459809 -0.000357 0.888018
vn -0.459812 -0.000361 0.888016
vn -0.459812 -0.000361 0.888016
vn -0.459814 -0.000363 0.888015
vn -0.459812 -0.000360 0.888016
vn -0.459812 -0.000360 0.888016
vn -0.459812 -0.000360 0.888016
vn -0.459814 -0.000363 0.888015
vn -0.459812 -0.000359 0.888016
vn -0.459812 -0.000360 0.888016
vn -0.459811 -0.000360 0.888017
vn -0.459812 -0.000360 0.888016
vn -0.459812 -0.000359 0.888016
vn -0.459812 -0.000359 0.888016
vn -0.459812 -0.000360 0.888016
vn -0.459809 -0.000358 0.888018
vn -0.459810 -0.000359 0.888017
vn -0.459810 -0.000359 0.888017
vn -0.459811 -0.000360 0.888017
vn -0.459812 -0.000360 0.888016
vn -0.459812 -0.000360 0.888016
vn -0.459812 -0.000360 0.888016
vn -0.459811 -0.000360 0.888017
vn -0.459811 -0.000360 0.888017
vn -0.459811 -0.000360 0.888017
vn -0.459810 -0.000359 0.888017
vn -0.459810 -0.000359 0.888017
vn -0.459811 -0.000360 0.888017
vn -0.458206 -0.001965 0.888844
vn -0.459811 -0.000359 0.888017
vn -0.459811 -0.000359 0.888017
vn -0.457313 -0.002857 0.889301
vn -0.459811 -0.000359 0.888017
vn -0.459812 -0.000360 0.888016
vn -0.459812 -0.000360 0.888016
vn -0.459811 -0.000359 0.888017
vn 0.999999 -0.000001 -0.001472
vn 0.999999 -0.000001 -0.001472
vn 0.999999 -0.000001 -0.001472
vn 0.999999 -0.000001 -0.001472
vn 0.030611 0.003848 0.999524
vn 0.017894 -0.001378 0.999839
vn 0.018545 -0.011529 0.999762
vn 0.033640 -0.020380 0.999226
vn 0.017894 -0.001378 0.999839
vn -0.008912 0.000141 0.999960
vn -0.002010 -0.000314 0.999998
vn 0.018545 -0.011529 0.999762
vn -0.008912 0.000141 0.999960
vn -0.088332 0.000682 0.996091
vn -0.036281 -0.001470 0.999341
vn -0.002010 -0.000314 0.999998
vn -0.088332 0.000682 0.996091
vn -0.219248 -0.005723 0.975652
vn -0.162849 -0.015752 0.986525
vn -0.036281 -0.001470 0.999341
vn -0.219248 -0.005723 0.975652
vn -0.350381 -0.008620 0.936568
vn -0.421074 -0.010290 0.906968
vn -0.162849 -0.015752 0.986525
vn -0.421074 -0.010290 0.906968
vn -0.350381 -0.008620 0.936568
vn -0.448366 -0.005400 0.893834
vn 0.999999 -0.000055 -0.001469
vn 0.999999 -0.000055 -0.001469
vn 0.999999 -0.000047 -0.001472
vn 0.999999 -0.000053 -0.001469
vn 0.999999 -0.000001 -0.001472
vn 0.999999 -0.000002 -0.001472
vn 0.999999 -0.000001 -0.001472
vn 0.999999 -0.000047 -0.001472
vn 0.999999 -0.000046 -0.001473
vn 0.999999 -0.000046 -0.001473
vn 0.999999 -0.000053 -0.001469
vn -0.986804 0.024609 0.160036
vn -0.992790 0.001763 0.119852
vn -0.987233 -0.036088 0.155144
vn -0.992790 0.001763 0.119852
vn -0.991175 -0.050463 0.122581
vn -0.987485 -0.058245 0.146567
vn -0.987233 -0.036088 0.155144
vn -0.991175 -0.050463 0.122581
vn -0.992790 0.001763 0.119852
vn -0.996324 0.002345 0.085628
vn -0.995339 -0.034521 0.090044
vn -0.459825 0.000358 0.888010
vn -0.459825 0.000357 0.888010
vn -0.459818 0.000290 0.888013
vn -0.459816 0.000274 0.888014
vn -0.459816 0.000274 0.888014
vn -0.459818 0.000290 0.888013
vn -0.459734 0.000102 0.888057
vn -0.462883 0.012435 0.886332
vn 0.224073 0.974572 0.000230
vn 0.826706 0.562632 -0.001480
vn 0.826706 0.562632 -0.001480
vn 0.554963 0.831874 -0.001093
vn 0.999995 -0.002764 0.001594
vn 0.998515 0.054465 0.001345
vn 0.995806 0.091488 0.001058
vn 0.999995 -0.002703 0.001594
vn 0.302749 0.953070 -0.000113
vn 0.308670 0.951169 -0.000105
vn 0.391700 0.920093 -0.000292
vn 0.355000 0.934866 -0.000509
vn 0.998515 0.054465 0.001345
vn 0.992198 0.124668 0.000348
vn 0.995806 0.091488 0.001058
vn 0.992198 0.124668 0.000348
vn 0.982404 0.186770 -0.000285
vn 0.982492 0.186306 -0.000278
vn 0.995806 0.091488 0.001058
vn 0.982404 0.186770 -0.000285
vn 0.961985 0.273102 -0.000425
vn 0.970658 0.240463 -0.000545
vn 0.982492 0.186306 -0.000278
vn 0.970658 0.240463 -0.000545
vn 0.961985 0.273102 -0.000425
vn 0.947728 0.319078 -0.000105
vn 0.947728 0.319078 -0.000105
vn 0.961985 0.273102 -0.000425
vn 0.930767 0.365614 -0.000129
vn 0.930527 0.366224 -0.000130
vn 0.930527 0.366224 -0.000130
vn 0.930767 0.365614 -0.000129
vn 0.901230 0.433340 -0.000165
vn 0.901328 0.433137 -0.000165
vn 0.901328 0.433137 -0.000165
vn 0.901230 0.433340 -0.000165
vn 0.867037 0.498244 -0.000199
vn 0.867571 0.497313 -0.000199
vn 0.867571 0.497313 -0.000199
vn 0.867037 0.498244 -0.000199
vn 0.828187 0.560452 -0.000233
vn 0.829257 0.558868 -0.000232
vn 0.829257 0.558868 -0.000232
vn 0.828187 0.560452 -0.000233
vn 0.785849 0.618418 -0.000264
vn 0.787479 0.616342 -0.000263
vn 0.787479 0.616342 -0.000263
vn 0.785849 0.618418 -0.000264
vn 0.739642 0.673000 -0.000293
vn 0.741951 0.670454 -0.000292
vn 0.741951 0.670454 -0.000292
vn 0.739642 0.673000 -0.000293
vn 0.689745 0.724052 -0.000322
vn 0.692676 0.721248 -0.000320
vn 0.692676 0.721248 -0.000320
vn 0.689745 0.724052 -0.000322
vn 0.636875 0.770967 -0.000348
vn 0.640371 0.768066 -0.000347
vn 0.640371 0.768066 -0.000347
vn 0.636875 0.770967 -0.000348
vn 0.580936 0.813949 -0.000373
vn 0.585165 0.810914 -0.000371
vn 0.585165 0.810914 -0.000371
vn 0.580936 0.813949 -0.000373
vn 0.521571 0.853208 -0.000396
vn 0.526419 0.850225 -0.000394
vn 0.526419 0.850225 -0.000394
vn 0.521571 0.853208 -0.000396
vn 0.460401 0.887711 -0.000416
vn 0.465833 0.884873 -0.000415
vn 0.465833 0.884873 -0.000415
vn 0.460401 0.887711 -0.000416
vn 0.412667 0.910882 -0.000944
vn 0.391700 0.920093 -0.000292
vn -0.459811 0.000351 0.888017
vn -0.446365 -0.004295 0.894841
vn -0.439657 -0.000072 0.898166
vn 0.200599 0.979673 -0.000582
vn 0.200599 0.979673 -0.000582
vn 0.235463 0.971883 -0.000394
vn 0.212271 0.977211 -0.000599
vn 0.308670 0.951169 -0.000105
vn 0.302749 0.953070 -0.000113
vn 0.271153 0.962536 -0.000323
vn 0.235463 0.971883 -0.000394
vn 0.235463 0.971883 -0.000394
vn 0.271153 0.962536 -0.000323
vn 0.212271 0.977211 -0.000599
vn 0.058491 0.998288 0.000632
vn 0.224073 0.974572 0.000230
vn 0.554963 0.831874 -0.001093
vn 0.105401 0.994430 -0.000026
vn 0.105401 0.994430 -0.000026
vn 0.554963 0.831874 -0.001093
vn 0.137204 0.990543 -0.000474
vn 0.137204 0.990543 -0.000474
vn -0.255234 -0.966766 -0.014814
vn -0.254197 -0.967001 -0.017119
vn -0.199311 -0.979393 -0.032625
vn -0.199230 -0.979582 -0.026939
vn -0.366810 -0.930254 0.008814
vn -0.356116 -0.934400 0.008854
vn -0.463619 -0.885448 0.032241
vn -0.946180 -0.284859 0.153621
vn -0.938117 -0.322084 0.127271
vn -0.912129 -0.391939 0.120021
vn -0.916640 -0.373300 0.142892
vn -0.975616 -0.213605 0.050468
vn -0.974980 -0.172421 0.140301
vn -0.962017 -0.236787 0.135853
vn -0.811743 -0.579682 0.071009
vn -0.799558 -0.598475 0.050342
vn -0.724035 -0.689310 0.024996
vn -0.742695 -0.667687 0.050970
vn -0.724035 -0.689310 0.024996
vn -0.635785 -0.771858 -0.003598
vn -0.660185 -0.750556 0.028672
vn -0.742695 -0.667687 0.050970
vn -0.877148 -0.475296 0.068592
vn -0.799558 -0.598475 0.050342
vn -0.811743 -0.579682 0.071009
vn -0.875921 -0.474322 0.088212
vn -0.915740 -0.395233 0.072192
vn -0.877148 -0.475296 0.068592
vn -0.875921 -0.474322 0.088212
vn -0.914336 -0.393328 0.096347
vn -0.962300 -0.259919 0.080133
vn -0.940392 -0.332118 0.073217
vn -0.940313 -0.325830 0.098219
vn -0.962538 -0.247830 0.110009
vn -0.940392 -0.332118 0.073217
vn -0.915740 -0.395233 0.072192
vn -0.914336 -0.393328 0.096347
vn -0.940313 -0.325830 0.098219
vn -0.987103 -0.102125 0.123282
vn -0.990321 -0.098304 0.097987
vn -0.984220 -0.150347 0.093308
vn -0.978270 -0.170578 0.117857
vn -0.978270 -0.170578 0.117857
vn -0.984220 -0.150347 0.093308
vn -0.970580 -0.224924 0.085927
vn -0.970580 -0.224924 0.085927
vn -0.962300 -0.259919 0.080133
vn -0.962538 -0.247830 0.110009
vn -0.978270 -0.170578 0.117857
vn -0.991175 -0.050463 0.122581
vn -0.995339 -0.034521 0.090044
vn -0.990321 -0.098304 0.097987
vn -0.991175 -0.050463 0.122581
vn -0.990321 -0.098304 0.097987
vn -0.987103 -0.102125 0.123282
vn -0.974980 -0.172421 0.140301
vn -0.985296 -0.093389 0.143073
vn -0.987103 -0.102125 0.123282
vn -0.978270 -0.170578 0.117857
vn -0.985296 -0.093389 0.143073
vn -0.987485 -0.058245 0.146567
vn -0.991175 -0.050463 0.122581
vn -0.987103 -0.102125 0.123282
vn -0.946180 -0.284859 0.153621
vn -0.975616 -0.213605 0.050468
vn -0.962017 -0.236787 0.135853
vn -0.938117 -0.322084 0.127271
vn -0.332973 -0.942919 0.005763
vn -0.356116 -0.934400 0.008854
vn -0.366810 -0.930254 0.008814
vn -0.271443 -0.962330 -0.015472
vn -0.199230 -0.979582 -0.026939
vn -0.199311 -0.979393 -0.032625
vn -0.146528 -0.988164 -0.045401
vn -0.150546 -0.987895 -0.037400
vn -0.146528 -0.988164 -0.045401
vn -0.109197 -0.992520 -0.054593
vn -0.113798 -0.992393 -0.046968
vn -0.150546 -0.987895 -0.037400
vn -0.057257 -0.996828 -0.055279
vn -0.098084 -0.993798 -0.052397
vn -0.061240 -0.996024 -0.064698
vn -0.098084 -0.993798 -0.052397
vn -0.113798 -0.992393 -0.046968
vn -0.109197 -0.992520 -0.054593
vn -0.061240 -0.996024 -0.064698
vn -0.051039 -0.997170 -0.055204
vn -0.057257 -0.996828 -0.055279
vn -0.061240 -0.996024 -0.064698
vn -0.047459 -0.996852 -0.063516
vn -0.047459 -0.996852 -0.063516
vn -0.061240 -0.996024 -0.064698
vn -0.049897 -0.996478 -0.067401
vn -0.038069 -0.996952 -0.068103
vn -0.049897 -0.996478 -0.067401
vn -0.061240 -0.996024 -0.064698
vn -0.077760 -0.994719 -0.066994
vn -0.077760 -0.994719 -0.066994
vn -0.061240 -0.996024 -0.064698
vn -0.109197 -0.992520 -0.054593
vn -0.097729 -0.993046 -0.065645
vn -0.129062 -0.988889 -0.073770
vn -0.154491 -0.986307 -0.057721
vn -0.193028 -0.980240 -0.043251
vn -0.168360 -0.982884 -0.074791
vn -0.193028 -0.980240 -0.043251
vn -0.154491 -0.986307 -0.057721
vn -0.139140 -0.988846 -0.053136
vn -0.154491 -0.986307 -0.057721
vn -0.129062 -0.988889 -0.073770
vn -0.103598 -0.991949 -0.072831
vn -0.139140 -0.988846 -0.053136
vn -0.139140 -0.988846 -0.053136
vn -0.103598 -0.991949 -0.072831
vn -0.097729 -0.993046 -0.065645
vn -0.168360 -0.982884 -0.074791
vn -0.254074 -0.965630 -0.054812
vn -0.252116 -0.964278 -0.081271
vn -0.155168 -0.983831 -0.089437
vn -0.252116 -0.964278 -0.081271
vn -0.254074 -0.965630 -0.054812
vn -0.330432 -0.943020 -0.039101
vn -0.297179 -0.951609 -0.078266
vn -0.635785 -0.771858 -0.003598
vn -0.554116 -0.831955 -0.028407
vn -0.575117 -0.818055 0.005124
vn -0.660185 -0.750556 0.028672
vn -0.554116 -0.831955 -0.028407
vn -0.474636 -0.879154 -0.042528
vn -0.507915 -0.861383 -0.006397
vn -0.575117 -0.818055 0.005124
vn -0.507915 -0.861383 -0.006397
vn -0.474636 -0.879154 -0.042528
vn -0.423809 -0.905620 -0.015450
vn -0.423809 -0.905620 -0.015450
vn -0.474636 -0.879154 -0.042528
vn -0.348817 -0.935184 -0.061295
vn -0.330432 -0.943020 -0.039101
vn -0.330432 -0.943020 -0.039101
vn -0.348817 -0.935184 -0.061295
vn -0.297179 -0.951609 -0.078266
vn -0.462429 0.005267 0.886641
vn -0.461712 0.000727 0.887030
vn -0.463360 0.002012 0.886168
vn -0.978270 -0.170578 0.117857
vn -0.962538 -0.247830 0.110009
vn -0.962017 -0.236787 0.135853
vn -0.974980 -0.172421 0.140301
vn -0.962538 -0.247830 0.110009
vn -0.940313 -0.325830 0.098219
vn -0.938117 -0.322084 0.127271
vn -0.962017 -0.236787 0.135853
vn -0.940313 -0.325830 0.098219
vn -0.914336 -0.393328 0.096347
vn -0.912129 -0.391939 0.120021
vn -0.938117 -0.322084 0.127271
vn -0.914336 -0.393328 0.096347
vn -0.875921 -0.474322 0.088212
vn -0.875551 -0.470435 0.110009
vn -0.912129 -0.391939 0.120021
vn -0.875921 -0.474322 0.088212
vn -0.811743 -0.579682 0.071009
vn -0.824770 -0.557181 0.096453
vn -0.875551 -0.470435 0.110009
vn -0.811743 -0.579682 0.071009
vn -0.742695 -0.667687 0.050970
vn -0.758877 -0.646230 0.080576
vn -0.824770 -0.557181 0.096453
vn -0.742695 -0.667687 0.050970
vn -0.660185 -0.750556 0.028672
vn -0.681945 -0.728646 0.063451
vn -0.758877 -0.646230 0.080576
vn -0.660185 -0.750556 0.028672
vn -0.575117 -0.818055 0.005124
vn -0.598521 -0.799791 0.045905
vn -0.681945 -0.728646 0.063451
vn -0.575117 -0.818055 0.005124
vn -0.507915 -0.861383 -0.006397
vn -0.516694 -0.855671 0.029229
vn -0.598521 -0.799791 0.045905
vn -0.507915 -0.861383 -0.006397
vn -0.423809 -0.905620 -0.015450
vn -0.440678 -0.897568 0.013179
vn -0.516694 -0.855671 0.029229
vn -0.423809 -0.905620 -0.015450
vn -0.330432 -0.943020 -0.039101
vn -0.342382 -0.939494 -0.011204
vn -0.440678 -0.897568 0.013179
vn -0.330432 -0.943020 -0.039101
vn -0.254074 -0.965630 -0.054812
vn -0.263678 -0.964112 -0.031010
vn -0.342382 -0.939494 -0.011204
vn -0.254074 -0.965630 -0.054812
vn -0.168360 -0.982884 -0.074791
vn -0.193028 -0.980240 -0.043251
vn -0.263678 -0.964112 -0.031010
vn -0.129062 -0.988889 -0.073770
vn -0.168360 -0.982884 -0.074791
vn -0.155168 -0.983831 -0.089437
vn -0.114208 -0.988959 -0.094433
vn -0.193028 -0.980240 -0.043251
vn -0.271443 -0.962330 -0.015472
vn -0.263678 -0.964112 -0.031010
vn -0.263678 -0.964112 -0.031010
vn -0.271443 -0.962330 -0.015472
vn -0.366810 -0.930254 0.008814
vn -0.342382 -0.939494 -0.011204
vn -0.342382 -0.939494 -0.011204
vn -0.366810 -0.930254 0.008814
vn -0.463619 -0.885448 0.032241
vn -0.440678 -0.897568 0.013179
vn -0.440678 -0.897568 0.013179
vn -0.463619 -0.885448 0.032241
vn -0.522196 -0.851595 0.045798
vn -0.516694 -0.855671 0.029229
vn -0.516694 -0.855671 0.029229
vn -0.522196 -0.851595 0.045798
vn -0.601256 -0.796585 0.062805
vn -0.598521 -0.799791 0.045905
vn -0.598521 -0.799791 0.045905
vn -0.601256 -0.796585 0.062805
vn -0.680826 -0.728074 0.079895
vn -0.681945 -0.728646 0.063451
vn -0.681945 -0.728646 0.063451
vn -0.680826 -0.728074 0.079895
vn -0.754520 -0.649117 0.096678
vn -0.758877 -0.646230 0.080576
vn -0.758877 -0.646230 0.080576
vn -0.754520 -0.649117 0.096678
vn -0.820337 -0.560556 0.113245
vn -0.824770 -0.557181 0.096453
vn -0.824770 -0.557181 0.096453
vn -0.820337 -0.560556 0.113245
vn -0.874626 -0.466879 0.130593
vn -0.875551 -0.470435 0.110009
vn -0.874626 -0.466879 0.130593
vn -0.916640 -0.373300 0.142892
vn -0.912129 -0.391939 0.120021
vn -0.875551 -0.470435 0.110009
vn -0.332973 -0.942919 0.005763
vn -0.271443 -0.962330 -0.015472
vn -0.254197 -0.967001 -0.017119
vn -0.255234 -0.966766 -0.014814
vn -0.271443 -0.962330 -0.015472
vn -0.193028 -0.980240 -0.043251
vn -0.199311 -0.979393 -0.032625
vn -0.254197 -0.967001 -0.017119
vn -0.193028 -0.980240 -0.043251
vn -0.139140 -0.988846 -0.053136
vn -0.146528 -0.988164 -0.045401
vn -0.199311 -0.979393 -0.032625
vn -0.139140 -0.988846 -0.053136
vn -0.097729 -0.993046 -0.065645
vn -0.109197 -0.992520 -0.054593
vn -0.146528 -0.988164 -0.045401
vn -0.077760 -0.994719 -0.066994
vn -0.097729 -0.993046 -0.065645
vn -0.103598 -0.991949 -0.072831
vn -0.099121 -0.992691 -0.068840
vn -0.074558 -0.996079 -0.047630
vn -0.077483 -0.996060 -0.043139
vn -0.044289 -0.998965 -0.010367
vn -0.030154 -0.998554 -0.044514
vn -0.077483 -0.996060 -0.043139
vn -0.074558 -0.996079 -0.047630
vn -0.085093 -0.995084 -0.050662
vn -0.085093 -0.995084 -0.050662
vn -0.138733 -0.988641 -0.057805
vn -0.115929 -0.992077 -0.048409
vn -0.074558 -0.996079 -0.047630
vn -0.099121 -0.992691 -0.068840
vn -0.114208 -0.988959 -0.094433
vn -0.127342 -0.987777 -0.089891
vn -0.107419 -0.990573 -0.085011
vn -0.107419 -0.990573 -0.085011
vn -0.127342 -0.987777 -0.089891
vn -0.099121 -0.992691 -0.068840
vn -0.099121 -0.992691 -0.068840
vn -0.127342 -0.987777 -0.089891
vn -0.138733 -0.988641 -0.057805
vn -0.114208 -0.988959 -0.094433
vn -0.107419 -0.990573 -0.085011
vn -0.129062 -0.988889 -0.073770
vn -0.107419 -0.990573 -0.085011
vn -0.099121 -0.992691 -0.068840
vn -0.103598 -0.991949 -0.072831
vn -0.129062 -0.988889 -0.073770
vn -0.077760 -0.994719 -0.066994
vn -0.099121 -0.992691 -0.068840
vn -0.074558 -0.996079 -0.047630
vn -0.049897 -0.996478 -0.067401
vn -0.049897 -0.996478 -0.067401
vn -0.074558 -0.996079 -0.047630
vn -0.030154 -0.998554 -0.044514
vn -0.038069 -0.996952 -0.068103
vn -0.459825 0.000358 0.888010
vn -0.459392 -0.004443 0.888223
vn -0.459481 -0.003461 0.888181
vn -0.459825 0.000357 0.888010
vn -0.459392 -0.004443 0.888223
vn -0.463360 0.002012 0.886168
vn -0.460420 -0.006871 0.887675
vn -0.459481 -0.003461 0.888181
vn -0.460420 -0.006871 0.887675
vn -0.463360 0.002012 0.886168
vn -0.461712 0.000727 0.887030
vn -0.462429 0.005267 0.886641
vn -0.459811 0.000350 0.888017
vn -0.459811 0.000349 0.888017
vn -0.461712 0.000727 0.887030
vn -0.459811 0.000350 0.888017
vn -0.459811 0.000351 0.888017
vn -0.459811 0.000351 0.888017
vn -0.459811 0.000349 0.888017
vn -0.459813 0.000352 0.888016
vn -0.459811 0.000351 0.888017
vn -0.459812 0.000351 0.888016
vn -0.459810 0.000350 0.888017
vn -0.459811 0.000351 0.888017
vn -0.459811 0.000351 0.888017
vn -0.459811 0.000351 0.888017
vn -0.459811 0.000351 0.888017
vn -0.459811 0.000351 0.888017
vn -0.459811 0.000351 0.888017
vn -0.459812 0.000351 0.888016
vn -0.459813 0.000352 0.888016
vn -0.459810 0.000350 0.888017
vn -0.459812 0.000351 0.888016
vn -0.459812 0.000351 0.888016
vn -0.459815 0.000352 0.888015
vn -0.459812 0.000350 0.888016
vn -0.459813 0.000352 0.888016
vn -0.459812 0.000350 0.888016
vn -0.459815 0.000352 0.888015
vn -0.459808 0.000349 0.888018
vn -0.459808 0.000349 0.888018
vn -0.459809 0.000349 0.888018
vn -0.459810 0.000349 0.888017
vn -0.459812 0.000350 0.888016
vn -0.459809 0.000349 0.888018
vn -0.459811 0.000351 0.888017
vn -0.459811 0.000351 0.888017
vn -0.459810 0.000349 0.888017
vn -0.459811 0.000351 0.888017
vn -0.459811 0.000351 0.888017
vn -0.459811 0.000351 0.888017
vn -0.459811 0.000351 0.888017
vn -0.459811 0.000351 0.888017
vn -0.459812 0.000351 0.888016
vn -0.459811 0.000351 0.888017
vn -0.459811 0.000351 0.888017
vn -0.459812 0.000351 0.888016
vn -0.459811 0.000351 0.888017
vn -0.459811 0.000351 0.888017
vn -0.459811 0.000351 0.888017
vn -0.459811 0.000351 0.888017
vn -0.454406 -0.002451 0.890791
vn -0.446365 -0.004295 0.894841
vn -0.459811 0.000351 0.888017
vn -0.446365 -0.004295 0.894841
vn -0.454406 -0.002451 0.890791
vn -0.369599 -0.014446 0.929079
vn -0.371540 -0.010933 0.928353
vn 0.999874 -0.015857 0.001066
vn 0.999874 -0.015857 0.001066
vn 0.999874 -0.015857 0.001066
vn 0.999874 -0.015857 0.001066
vn -0.055217 0.001307 0.998474
vn -0.221781 -0.007324 0.975069
vn -0.161340 -0.010040 0.986848
vn -0.161340 -0.010040 0.986848
vn -0.221781 -0.007324 0.975069
vn -0.371540 -0.010933 0.928353
vn -0.369599 -0.014446 0.929079
vn -0.055217 0.001307 0.998474
vn -0.161340 -0.010040 0.986848
vn -0.009827 -0.003808 0.999945
vn -0.008384 -0.001358 0.999964
vn -0.008384 -0.001358 0.999964
vn -0.009827 -0.003808 0.999945
vn 0.000819 -0.006123 0.999981
vn 0.010787 0.002065 0.999940
vn 0.000819 -0.006123 0.999981
vn 0.029832 0.008820 0.999516
vn 0.010787 0.002065 0.999940
vn 0.999999 0.000049 -0.001471
vn 0.999999 0.000046 -0.001475
vn 0.999999 0.000048 -0.001472
vn 0.999999 0.000000 -0.001472
vn 0.999999 0.000000 -0.001472
vn 0.999999 0.000000 -0.001472
vn 0.999999 0.000000 -0.001472
vn 0.999999 0.000048 -0.001472
vn 0.999999 0.000049 -0.001470
vn 0.999999 0.000049 -0.001470
vn 0.999999 0.000049 -0.001471
vn -0.051152 -0.023872 -0.998406
vn -0.051152 -0.023872 -0.998406
vn -0.051152 -0.023872 -0.998406
vn -0.012757 0.004335 -0.999909
vn -0.010570 0.003379 -0.999938
vn 0.000368 0.017119 -0.999853
vn 0.001259 0.019334 -0.999812
vn -0.004309 0.038518 -0.999249
vn -0.004645 0.040105 -0.999185
vn -0.009341 0.039053 -0.999194
vn -0.999999 0.000050 0.001598
vn -0.999999 0.000002 0.001633
vn -0.999999 0.000000 0.001634
vn 0.005913 0.174130 -0.984705
vn 0.011658 0.174207 -0.984640
vn 0.005136 0.172326 -0.985027
vn -0.999999 0.000050 0.001598
vn -0.999999 0.000211 0.001474
vn -0.999999 0.000002 0.001633
vn -0.030715 -0.999149 -0.027542
vn -0.070319 -0.997506 0.006131
vn -0.005900 -0.999944 -0.008813
vn 0.024515 -0.146888 -0.988849
vn 0.029315 -0.146735 -0.988741
vn 0.043275 -0.143219 -0.988744
vn 0.043275 -0.143219 -0.988744
vn 0.044326 -0.143373 -0.988676
vn 0.057751 -0.124598 -0.990525
vn 0.209778 -0.040122 -0.976925
vn 0.207166 -0.042134 -0.977398
vn 0.142038 -0.030542 -0.989390
vn -0.988723 -0.042301 0.143655
vn -0.984896 -0.105694 0.137145
vn -0.983740 -0.119449 0.134117
vn -0.959002 -0.243251 0.145412
vn -0.922791 -0.360863 0.135038
vn -0.909978 -0.392918 0.132496
vn -0.245701 -0.963941 0.102218
vn -0.210161 -0.972831 0.097115
vn -0.173885 -0.980369 0.092953
vn 0.712771 -0.109852 -0.692741
vn 0.712771 -0.109852 -0.692741
vn 0.712771 -0.109852 -0.692741
vn 0.000001 0.000000 -1.000000
vn 0.000000 0.000000 -1.000000
vn 0.000000 0.000001 -1.000000
vn -0.000001 1.000000 -0.000001
vn -0.000001 1.000000 0.000001
vn 0.000000 1.000000 0.000002
vn 0.019008 -0.014473 -0.999715
vn 0.009676 -0.012253 -0.999878
vn -0.009079 -0.009084 -0.999918
vn 0.412667 0.910882 -0.000944
vn 0.355000 0.934866 -0.000509
vn 0.391700 0.920093 -0.000292
vn 0.017137 0.998677 -0.048479
vn 0.028575 0.997412 -0.065979
vn -0.003158 0.998654 -0.051764
vn 0.000304 -0.999501 0.031588
vn 0.000734 -0.999633 0.027077
vn 0.001389 -0.999791 0.020401
vn -0.997925 0.011314 0.063382
vn -0.993564 0.004105 0.113194
vn -0.997117 -0.012748 0.074799
vn -0.033704 -0.999400 0.008001
vn -0.006423 -0.999978 -0.001455
vn 0.002457 -0.999987 -0.004546
vn -0.059029 -0.998116 -0.016731
vn -0.036133 -0.999223 -0.015746
vn -0.056997 -0.998236 -0.016644
vn -0.059029 -0.998116 -0.016731
vn -0.056997 -0.998236 -0.016644
vn -0.036133 -0.999223 -0.015746
vn -0.035900 -0.999232 -0.015736
vn -0.026333 -0.996331 -0.081437
vn -0.026333 -0.996331 -0.081437
vn -0.026333 -0.996331 -0.081437
vn -0.055637 -0.996542 -0.061718
vn -0.055637 -0.996542 -0.061718
vn -0.055637 -0.996542 -0.061718
vn -0.055637 -0.996542 -0.061718
vn -0.996915 -0.015904 -0.076864
vn -0.996827 -0.078445 -0.013473
vn -0.997861 -0.046318 -0.046128
vn 0.382383 -0.411459 0.827336
vn 0.413401 -0.341399 0.844124
vn 0.403247 -0.289881 0.867964
vn 0.168716 -0.927421 0.333804
vn 0.205612 -0.902104 0.379384
vn 0.210352 -0.886446 0.412268
vn -0.998957 -0.000019 0.045654
vn -0.998956 -0.000007 0.045684
vn -0.996385 0.067550 0.051524
vn -0.000620 -0.999459 -0.032897
vn 0.004037 -0.998805 -0.048699
vn 0.025897 -0.998807 -0.041395
vn 0.000009 1.000000 0.000004
vn 0.000008 0.999484 -0.032137
vn 0.000009 0.999990 -0.004417
vn -0.000029 0.000003 -1.000000
vn -0.000030 -0.000002 -1.000000
vn -0.000030 -0.000001 -1.000000
vn -0.003786 -0.014568 0.999887
vn 0.001244 -0.018143 0.999835
vn -0.000008 -0.020729 0.999785
vn -0.000009 -0.999978 -0.006605
vn -0.000011 -0.999334 -0.036486
vn -0.033191 -0.999449 -0.000004
vn 0.297301 0.950466 0.090704
vn 0.200712 0.972149 0.121000
vn 0.297245 0.940146 0.166644
vn 0.424652 0.898566 0.110676
vn 0.297301 0.950466 0.090704
vn 0.169658 0.984271 0.049263
vn 0.109223 0.989831 0.091134
vn 0.200712 0.972149 0.121000
vn 0.109223 0.989831 0.091134
vn 0.169658 0.984271 0.049263
vn 0.079149 0.996282 0.034018
vn 0.060624 0.995890 0.067291
vn 0.682802 0.710124 0.171772
vn 0.501195 0.827241 0.253922
vn 0.585322 0.757118 0.290122
vn 0.790296 0.573812 0.214877
vn 0.430483 0.219422 0.875522
vn 0.813370 0.141214 0.564348
vn 0.786672 0.228270 0.573620
vn 0.406236 0.344477 0.846350
vn 0.961918 0.191527 0.195018
vn 0.936156 0.256148 0.240834
vn 0.968527 0.150011 0.198627
vn 0.215788 -0.972716 0.085199
vn 0.166829 -0.977692 0.127622
vn 0.113809 -0.988967 0.094827
vn 0.192950 -0.980356 0.040897
vn 0.365567 -0.925563 0.098453
vn 0.207536 -0.966628 0.150196
vn 0.166829 -0.977692 0.127622
vn 0.215788 -0.972716 0.085199
vn 0.286950 -0.938520 0.191939
vn 0.207536 -0.966628 0.150196
vn 0.365567 -0.925563 0.098453
vn 0.417446 -0.902216 0.108372
vn 0.248844 -0.855211 0.454633
vn 0.205612 -0.902104 0.379384
vn 0.439983 -0.838048 0.322630
vn 0.481552 -0.796173 0.366356
vn 0.734628 -0.629071 0.254149
vn 0.481552 -0.796173 0.366356
vn 0.439983 -0.838048 0.322630
vn 0.653116 -0.730328 0.200151
vn 0.867781 -0.368172 0.333776
vn 0.842394 -0.446409 0.301813
vn 0.922743 -0.314907 0.222214
vn 0.937226 -0.257733 0.234906
vn 0.896531 -0.279655 0.343549
vn 0.782815 -0.229545 0.578368
vn 0.723840 -0.348833 0.595291
vn 0.672846 -0.474873 0.567251
vn 0.990443 -0.107069 0.086945
vn 0.977685 -0.185461 0.098671
vn 0.984390 -0.158656 0.076193
vn 0.996575 -0.028905 0.077479
vn 0.988416 -0.021250 0.150273
vn 0.992236 -0.092117 0.083554
vn 0.986657 -0.019433 0.161649
vn 0.938700 -0.044924 0.341795
vn 0.939143 -0.089480 0.331667
vn 0.986946 -0.031425 0.157957
vn 0.986657 -0.019433 0.161649
vn 0.985115 -0.002934 0.171874
vn 0.941284 -0.004254 0.337588
vn 0.938700 -0.044924 0.341795
vn 0.941284 -0.004254 0.337588
vn 0.985115 -0.002934 0.171874
vn 0.985343 0.021911 0.169173
vn 0.945109 0.042674 0.323958
vn 0.986584 0.030903 0.160306
vn 0.942533 0.089976 0.321770
vn 0.945109 0.042674 0.323958
vn 0.985343 0.021911 0.169173
vn 0.439823 0.089907 0.893573
vn 0.418303 0.064384 0.906023
vn 0.419536 0.001860 0.907737
vn 0.438625 0.001693 0.898669
vn 0.415258 -0.139207 0.898989
vn 0.438833 -0.095257 0.893505
vn 0.418581 -0.058253 0.906309
vn 0.430483 0.219422 0.875522
vn 0.414500 0.165249 0.894921
vn 0.415602 0.140132 0.898687
vn 0.439823 0.089907 0.893573
vn 0.971542 0.124901 0.201259
vn 0.932432 0.206614 0.296448
vn 0.942062 0.137313 0.306047
s off
g left_hip_roll_link:Mesh
usemtl initialShadingGroup
f 2/1/1 4/2/2 3/3/3 1/4/4
f 5/5/5 6/6/6 7/7/7 8/8/8
f 8/8/9 7/7/10 9/9/11 10/10/12
f 10/10/13 9/9/14 11/11/15 12/12/16
f 12/12/17 11/11/18 13/13/19 14/14/20
f 14/14/21 13/13/22 15/15/23 16/16/24
f 16/16/25 15/15/26 17/17/27 18/18/28
f 18/18/29 17/17/30 19/19/31 20/20/32
f 20/20/33 19/19/34 21/21/35 22/22/36
f 27/23/37 29/24/38 1329/25/39 26/26/40
f 1329/25/41 24/27/42 23/28/43 26/26/44
f 35/29/45 36/30/46 37/31/47 1331/32/48
f 1330/33/49 1331/32/50 37/31/51 40/34/52
f 32/35/53 1330/33/54 40/34/55 33/36/56
f 43/37/57 44/38/58 41/39/59 45/40/60
f 43/37/61 45/40/62 46/41/63 47/42/64
f 47/42/65 46/41/66 48/43/67 49/44/68
f 49/44/69 48/43/70 50/45/71
f 52/46/72 50/45/73 48/43/74 51/47/75
f 51/47/76 48/43/77 53/48/78
f 53/48/79 48/43/80 46/41/81 54/49/82
f 42/50/83 55/51/84 45/40/85 41/39/86
f 55/51/87 54/49/88 46/41/89 45/40/90
f 58/52/91 56/53/92 57/54/93 59/55/94
f 59/55/95 61/56/96 60/57/97 58/52/98
f 61/56/99 29/24/100 27/23/101 60/57/102
f 44/38/103 62/58/104 57/54/105 41/39/106
f 41/39/107 57/54/108 56/53/109 42/50/110
f 63/59/111 64/60/112 61/56/113 59/55/114
f 64/60/115 30/61/116 29/24/117 61/56/118
f 66/62/119 68/63/120 67/64/121 65/65/122
f 69/66/123 70/67/124 67/64/125 80/68/126
f 67/64/127 70/67/128 71/69/129 65/65/130
f 73/70/131 74/71/132 72/72/133 77/73/134
f 74/71/135 73/70/136 75/74/137 76/75/138
f 78/76/139 79/77/140 77/73/141 67/64/142
f 79/77/143 152/78/144 75/74/145
f 72/72/146 80/68/147 67/64/148 77/73/149
f 75/74/150 81/79/151 82/80/152 76/75/153
f 83/81/154 84/82/155 85/83/156 87/84/157
f 87/84/158 85/83/159 88/85/160 86/86/161
f 35/29/162 38/87/163 83/81/164 87/84/165
f 35/29/166 87/84/167 86/86/168 36/30/169
f 65/65/170 1332/88/171 90/89/172 66/62/173
f 89/90/174 1332/88/175 65/65/176 71/69/177
f 50/45/178 91/91/179 92/92/180 98/93/181
f 92/92/182 91/91/183 93/94/184 1335/95/185
f 96/96/186 94/97/187 93/94/188 95/98/189
f 95/98/190 93/94/191 91/91/192 97/99/193
f 47/42/194 99/100/195 100/101/196 43/37/197
f 98/93/198 101/102/199 49/44/200 50/45/201
f 43/37/202 100/101/203 102/103/204 44/38/205
f 49/44/206 101/102/207 99/100/208 47/42/209
f 99/100/210 101/102/211 103/104/212 106/105/213
f 102/103/214 100/101/215 104/106/216
f 100/101/217 99/100/218 105/107/219 104/106/220
f 105/107/221 106/105/222 208/108/223 207/109/224
f 109/110/225 123/111/226 110/112/227 111/113/228
f 63/59/229 62/58/230 112/114/231
f 108/115/232 122/116/233 111/113/234 113/117/235
f 113/117/236 111/113/237 114/118/238 115/119/239
f 115/119/240 114/118/241 116/120/242 117/121/243
f 117/121/244 116/120/245 118/122/246 119/123/247
f 119/123/248 118/122/249 120/124/250 121/125/251
f 111/113/252 122/116/253 109/110/254
f 109/110/255 212/126/256 123/111/257
f 123/111/258 124/127/259 110/112/260
f 102/103/261 104/106/262 107/128/263
f 112/114/264 62/58/265 44/38/266 125/129/267
f 125/129/268 44/38/269 102/103/270
f 102/103/271 107/128/272 125/129/273
f 30/61/274 64/60/275 119/123/276 121/125/277
f 64/60/278 63/59/279 117/121/280 119/123/281
f 63/59/282 112/114/283 115/119/284 117/121/285
f 112/114/286 125/129/287 113/117/288 115/119/289
f 113/117/290 125/129/291 108/115/292
f 108/115/293 125/129/294 107/128/295
f 126/130/296 116/120/297 114/118/298
f 114/118/299 130/131/300 127/132/301 126/130/302
f 127/132/303 130/131/304 129/133/305 128/134/306
f 129/133/307 130/131/308 131/135/309
f 130/131/310 133/136/311 132/137/312 131/135/313
f 132/137/314 133/136/315 134/138/316
f 135/139/317 139/140/318 136/141/319 137/142/320
f 137/142/321 136/141/322 138/143/323
f 138/143/324 134/138/325 133/136/326 137/142/327
f 140/144/328 141/145/329 139/140/330 135/139/331
f 141/145/332 140/144/333 142/146/334
f 143/147/335 144/148/336 140/144/337
f 140/144/338 144/148/339 145/149/340 142/146/341
f 140/144/342 135/139/343 146/150/344 143/147/345
f 130/131/346 114/118/347 111/113/348 133/136/349
f 133/136/350 111/113/351 110/112/352 137/142/353
f 137/142/354 110/112/355 124/127/356 135/139/357
f 135/139/358 124/127/359 146/150/360
f 148/151/361 150/152/362 149/153/363 147/154/364
f 68/63/365 66/62/366 149/153/367 150/152/368
f 67/64/369 68/63/370 78/76/371
f 152/78/372 79/77/373 78/76/374 151/155/375
f 151/155/376 156/156/377 153/157/378 152/78/379
f 153/157/380 154/158/381 75/74/382 152/78/383
f 75/74/384 154/158/385 155/159/386
f 148/151/387 156/156/388 151/155/389 150/152/390
f 81/79/391 75/74/392 155/159/393 230/160/394
f 157/161/395 94/97/396 96/96/397 158/162/398
f 157/161/399 158/162/400 82/80/401 81/79/402
f 142/146/403 145/149/404 161/163/405
f 160/164/406 159/165/407 162/166/408 163/167/409
f 163/167/410 162/166/411 164/168/412 165/169/413
f 165/169/414 164/168/415 166/170/416
f 166/170/417 164/168/418 167/171/419 168/172/420
f 170/173/421 168/172/422 167/171/423 169/174/424
f 171/175/425 172/176/426 169/174/427 175/177/428
f 169/174/429 172/176/430 170/173/431
f 169/174/432 173/178/433 174/179/434
f 175/177/435 169/174/436 174/179/437 176/180/438
f 169/174/439 167/171/440 177/181/441 173/178/442
f 177/181/443 167/171/444 178/182/445
f 178/182/446 167/171/447 164/168/448 179/183/449
f 179/183/450 164/168/451 162/166/452 180/184/453
f 160/164/454 142/146/455 161/163/456 159/165/457
f 161/163/458 181/185/459 159/165/460
f 181/185/461 182/186/462 162/166/463 159/165/464
f 182/186/465 237/187/466 180/184/467
f 184/188/468 185/189/469 186/190/470 188/191/471
f 180/184/472 187/192/473 179/183/474
f 187/192/475 183/193/476 179/183/477
f 183/193/478 184/188/479 179/183/480
f 179/183/481 184/188/482 188/191/483 178/182/484
f 178/182/485 188/191/486 189/194/487 177/181/488
f 177/181/489 189/194/490 173/178/491
f 173/178/492 189/194/493 190/195/494 174/179/495
f 174/179/496 190/195/497 191/196/498 176/180/499
f 176/180/500 191/196/501 192/197/502
f 192/197/503 194/198/504 193/199/505 176/180/506
f 193/199/507 194/198/508 195/200/509
f 83/81/510 38/87/511 192/197/512
f 38/87/513 39/201/514 194/198/515 192/197/516
f 192/197/517 191/196/518 84/82/519 83/81/520
f 196/202/521 90/89/522 84/82/523
f 66/62/524 197/203/525 198/204/526 149/153/527
f 149/153/528 198/204/529 199/205/530 147/154/531
f 200/206/532 186/190/533 198/204/534 197/203/535
f 191/196/536 190/195/537 196/202/538 84/82/539
f 186/190/540 200/206/541 189/194/542 188/191/543
f 189/194/544 200/206/545 190/195/546
f 190/195/547 200/206/548 197/203/549 196/202/550
f 196/202/551 197/203/552 66/62/553 90/89/554
f 94/97/555 1334/207/556 1335/95/557 93/94/558
f 98/93/559 92/92/560 203/208/561 204/209/562
f 98/93/563 204/209/564 205/210/565 103/104/566
f 104/106/567 105/107/568 207/109/569 206/211/570
f 106/105/571 103/104/572 205/210/573 208/108/574
f 108/115/575 107/128/576 210/212/577 209/213/578
f 107/128/579 104/106/580 206/211/581 210/212/582
f 209/213/583 211/214/584 122/116/585 108/115/586
f 211/214/587 212/126/588 109/110/589 122/116/590
f 124/127/591 123/111/592 214/215/593 213/216/594
f 123/111/595 215/217/596 214/215/597
f 123/111/598 212/126/599 216/218/600 215/217/601
f 212/126/602 211/214/603 217/219/604 216/218/605
f 211/214/606 209/213/607 217/219/608
f 145/149/609 144/148/610 219/220/611 218/221/612
f 144/148/613 143/147/614 220/222/615 219/220/616
f 143/147/617 146/150/618 221/223/619 220/222/620
f 213/216/621 221/223/622 146/150/623 124/127/624
f 147/154/625 199/205/626 223/224/627 222/225/628
f 199/205/629 198/204/630 224/226/631 223/224/632
f 198/204/633 186/190/634 225/227/635 224/226/636
f 148/151/637 147/154/638 222/225/639 228/228/640
f 155/159/641 154/158/642 227/229/643 226/230/644
f 154/158/645 153/157/646 227/229/647
f 148/151/648 228/228/649 229/231/650 156/156/651
f 156/156/652 229/231/653 227/229/654 153/157/655
f 226/230/656 232/232/657 230/160/658 155/159/659
f 157/161/660 81/79/661 230/160/662 1333/233/663
f 1333/233/664 1334/207/665 94/97/666 157/161/667
f 201/234/668 233/235/669 202/236/670
f 234/237/671 204/209/672 203/208/673 233/235/674
f 233/235/675 203/208/676 202/236/677
f 209/213/678 210/212/679 235/238/680
f 235/238/681 210/212/682 206/211/683
f 235/238/684 206/211/685 207/109/686 208/108/687
f 235/238/688 208/108/689 205/210/690 234/237/691
f 234/237/692 205/210/693 204/209/694
f 214/215/695 215/217/696 235/238/697
f 235/238/698 215/217/699 216/218/700 217/219/701
f 235/238/702 217/219/703 209/213/704
f 234/237/705 221/223/706 213/216/707
f 213/216/708 214/215/709 235/238/710 234/237/711
f 233/235/712 218/221/713 219/220/714
f 219/220/715 220/222/716 233/235/717
f 220/222/718 221/223/719 234/237/720 233/235/721
f 236/239/722 187/192/723 180/184/724 237/187/725
f 182/186/726 181/185/727 238/240/728 237/187/729
f 238/240/730 181/185/731 239/241/732
f 161/163/733 240/242/734 239/241/735
f 218/221/736 240/242/737 161/163/738 145/149/739
f 183/193/740 244/243/741 184/188/742
f 225/227/743 186/190/744 185/189/745
f 225/227/746 185/189/747 241/244/748
f 236/239/749 242/245/750 187/192/751
f 187/192/752 242/245/753 243/246/754 183/193/755
f 183/193/756 243/246/757 244/243/758
f 244/243/759 241/244/760 185/189/761 184/188/762
f 245/247/763 227/229/764 229/231/765
f 228/228/766 222/225/767 245/247/768 229/231/769
f 245/247/770 222/225/771 223/224/772 224/226/773
f 245/247/774 224/226/775 225/227/776
f 233/235/777 201/234/778 231/248/779
f 231/248/780 232/232/781 246/249/782 233/235/783
f 232/232/784 226/230/785 247/250/786 246/249/787
f 226/230/788 227/229/789 245/247/790 247/250/791
f 245/247/792 225/227/793 241/244/794 244/243/795
f 245/247/796 244/243/797 243/246/798 242/245/799
f 245/247/800 242/245/801 236/239/802 247/250/803
f 239/241/804 233/235/805 246/249/806 238/240/807
f 239/241/808 240/242/809 233/235/810
f 233/235/811 240/242/812 218/221/813
f 237/187/814 247/250/815 236/239/816
f 247/250/817 237/187/818 246/249/819
f 246/249/820 237/187/821 238/240/822
f 248/251/823 19/19/824 17/17/825 15/15/826
f 248/251/827 249/252/828 250/253/829 252/254/830
f 19/19/831 248/251/832 251/255/833 21/21/834
f 251/255/835 248/251/836 252/254/837
f 248/251/838 254/256/839 253/257/840 249/252/841
f 253/257/842 254/256/843 255/258/844
f 248/251/845 15/15/846 13/13/847 11/11/848
f 6/6/849 256/259/850 7/7/851
f 7/7/852 256/259/853 248/251/854 9/9/855
f 9/9/856 248/251/857 11/11/858
f 257/260/859 251/255/860 252/254/861 258/261/862
f 258/261/863 252/254/864 250/253/865 259/262/866
f 259/262/867 250/253/868 249/252/869 260/263/870
f 260/263/871 249/252/872 253/257/873 261/264/874
f 261/264/875 253/257/876 255/258/877 262/265/878
f 262/265/879 255/258/880 254/256/881 263/266/882
f 263/266/883 254/256/884 248/251/885 264/267/886
f 264/267/887 248/251/888 256/259/889 265/268/890
f 266/269/891 267/270/892 268/271/893
f 269/272/894 270/273/895 271/274/896
f 267/270/897 292/275/898 272/276/899 268/271/900
f 273/277/901 280/278/902 274/279/903 275/280/904
f 275/280/905 274/279/906 276/281/907
f 276/281/908 266/269/909 268/271/910 275/280/911
f 277/282/912 3/3/913 4/2/914 290/283/915
f 279/284/916 280/278/917 273/277/918 278/285/919
f 282/286/920 283/287/921 270/273/922
f 270/273/923 283/287/924 284/288/925 278/285/926
f 278/285/927 284/288/928 285/289/929 279/284/930
f 270/273/931 269/272/932 286/290/933 281/291/934
f 288/292/935 289/293/936 272/276/937 287/294/938
f 272/276/939 289/293/940 290/283/941 4/2/942
f 289/293/943 418/295/944 291/296/945 290/283/946
f 272/276/947 292/275/948 293/297/949
f 272/276/950 293/297/951 294/298/952 321/299/953
f 271/274/954 295/300/955 269/272/956
f 269/272/957 295/300/958 296/301/959 297/302/960
f 297/302/961 296/301/962 298/303/963 338/304/964
f 299/305/965 300/306/966 301/307/967 322/308/968
f 302/309/969 303/310/970 270/273/971 281/291/972
f 305/311/973 306/312/974 270/273/975 304/313/976
f 300/306/977 308/314/978 307/315/979 301/307/980
f 308/314/981 310/316/982 309/317/983 307/315/984
f 310/316/985 312/318/986 311/319/987 309/317/988
f 312/318/989 314/320/990 313/321/991 311/319/992
f 314/320/993 277/282/994 315/322/995 313/321/996
f 315/322/997 277/282/998 290/283/999
f 316/323/1000 304/313/1001 270/273/1002 303/310/1003
f 317/324/1004 282/286/1005 270/273/1006 306/312/1007
f 319/325/1008 320/326/1009 272/276/1010 318/327/1011
f 272/276/1012 320/326/1013 287/294/1014
f 299/305/1015 322/308/1016 323/328/1017
f 323/328/1018 325/329/1019 324/330/1020 299/305/1021
f 325/329/1022 327/331/1023 326/332/1024 324/330/1025
f 327/331/1026 329/333/1027 328/334/1028 326/332/1029
f 329/333/1030 331/335/1031 330/336/1032 328/334/1033
f 331/335/1034 333/337/1035 332/338/1036 330/336/1037
f 333/337/1038 335/339/1039 334/340/1040 332/338/1041
f 335/339/1042 337/341/1043 336/342/1044 334/340/1045
f 337/341/1046 338/304/1047 298/303/1048 336/342/1049
f 339/343/1050 340/344/1051 272/276/1052 321/299/1053
f 341/345/1054 342/346/1055 272/276/1056 340/344/1057
f 272/276/1058 342/346/1059 318/327/1060
f 345/347/1061 344/348/1062 346/349/1063 622/350/1064
f 346/349/1065 344/348/1066 347/351/1067 364/352/1068
f 349/353/1069 351/354/1070 350/355/1071 348/356/1072
f 351/354/1073 352/357/1074 269/272/1075 350/355/1076
f 269/272/1077 352/357/1078 286/290/1079
f 353/358/1080 402/359/1081 355/360/1082 354/361/1083
f 355/360/1084 356/362/1085 348/356/1086 354/361/1087
f 348/356/1088 356/362/1089 349/353/1090
f 357/363/1091 358/364/1092 345/347/1093
f 345/347/1094 358/364/1095 359/365/1096 344/348/1097
f 344/348/1098 359/365/1099 343/366/1100
f 360/367/1101 361/368/1102 290/283/1103 291/296/1104
f 290/283/1105 361/368/1106 362/369/1107 315/322/1108
f 361/368/1109 635/370/1110 363/371/1111 362/369/1112
f 363/371/1113 364/352/1114 347/351/1115 362/369/1116
f 365/372/1117 366/373/1118 263/266/1119
f 367/374/1120 681/375/1121 368/376/1122 22/22/1123
f 8/8/1124 371/377/1125 370/378/1126 369/379/1127
f 369/379/1128 611/380/1129 372/381/1130 8/8/1131
f 8/8/1132 372/381/1133 373/382/1134
f 373/382/1135 377/383/1136 5/5/1137 8/8/1138
f 374/384/1139 14/14/1140 16/16/1141 18/18/1142
f 375/385/1143 376/386/1144 264/267/1145 265/268/1146
f 5/5/1147 377/383/1148 378/387/1149
f 5/5/1150 378/387/1151 379/388/1152 384/389/1153
f 380/390/1154 1303/391/1155 265/268/1156 5/5/1157
f 382/392/1158 383/393/1159 265/268/1160 1303/391/1161
f 383/393/1162 615/394/1163 375/385/1164 265/268/1165
f 8/8/1166 10/10/1167 357/363/1168 371/377/1169
f 10/10/1170 12/12/1171 358/364/1172 357/363/1173
f 12/12/1174 14/14/1175 374/384/1176 358/364/1177
f 5/5/1178 384/389/1179 385/395/1180 380/390/1181
f 386/396/1182 387/397/1183 20/20/1184
f 388/398/1185 745/399/1186 389/400/1187 257/260/1188
f 389/400/1189 721/401/1190 390/402/1191 257/260/1192
f 390/402/1193 391/403/1194 22/22/1195 257/260/1196
f 22/22/1197 391/403/1198 367/374/1199
f 392/404/1200 730/405/1201 393/406/1202 259/262/1203
f 262/265/1204 263/266/1205 395/407/1206 394/408/1207
f 395/407/1208 263/266/1209 1306/409/1210 1327/410/1211
f 1306/409/1212 263/266/1213 366/373/1214 1327/410/1215
f 376/386/1216 397/411/1217 264/267/1218
f 264/267/1219 397/411/1220 398/412/1221 263/266/1222
f 398/412/1223 727/413/1224 365/372/1225 263/266/1226
f 22/22/1227 368/376/1228 400/414/1229
f 400/414/1230 401/415/1231 20/20/1232 22/22/1233
f 20/20/1234 401/415/1235 386/396/1236
f 355/360/1237 402/359/1238 374/384/1239 403/416/1240
f 403/416/1241 374/384/1242 18/18/1243 404/417/1244
f 404/417/1245 18/18/1246 20/20/1247 387/397/1248
f 1307/418/1249 406/419/1250 258/261/1251 1309/420/1252
f 258/261/1253 406/419/1254 407/421/1255 257/260/1256
f 407/421/1257 724/422/1258 388/398/1259 257/260/1260
f 261/264/1261 262/265/1262 409/423/1263 408/424/1264
f 409/423/1265 262/265/1266 394/408/1267 1319/425/1268
f 393/406/1269 1318/426/1270 410/427/1271 259/262/1272
f 259/262/1273 410/427/1274 258/261/1275
f 410/427/1276 1317/428/1277 1309/420/1278 258/261/1279
f 259/262/1280 1310/429/1281 392/404/1282
f 260/263/1283 261/264/1284 414/430/1285 413/431/1286
f 261/264/1287 408/424/1288 415/432/1289 414/430/1290
f 1311/433/1291 417/434/1292 260/263/1293 413/431/1294
f 417/434/1295 1310/429/1296 259/262/1297 260/263/1298
f 418/295/1299 420/435/1300 419/436/1301 291/296/1302
f 420/435/1303 418/295/1304 421/437/1305 422/438/1306
f 418/295/1307 289/293/1308 288/292/1309 421/437/1310
f 421/437/1311 288/292/1312 423/439/1313
f 423/439/1314 424/440/1315 422/438/1316 421/437/1317
f 287/294/1318 320/326/1319 423/439/1320 288/292/1321
f 320/326/1322 425/441/1323 424/440/1324 423/439/1325
f 425/441/1326 320/326/1327 319/325/1328 426/442/1329
f 319/325/1330 318/327/1331 427/443/1332 426/442/1333
f 427/443/1334 318/327/1335 428/444/1336
f 318/327/1337 342/346/1338 429/445/1339 428/444/1340
f 342/346/1341 341/345/1342 430/446/1343 429/445/1344
f 431/447/1345 432/448/1346 340/344/1347 339/343/1348
f 340/344/1349 432/448/1350 430/446/1351 341/345/1352
f 433/449/1353 434/450/1354 321/299/1355 294/298/1356
f 339/343/1357 321/299/1358 434/450/1359 431/447/1360
f 294/298/1361 293/297/1362 435/451/1363 433/449/1364
f 267/270/1365 439/452/1366 436/453/1367 292/275/1368
f 292/275/1369 436/453/1370 435/451/1371 293/297/1372
f 437/454/1373 438/455/1374 267/270/1375 266/269/1376
f 438/455/1377 439/452/1378 267/270/1379
f 266/269/1380 276/281/1381 440/456/1382 437/454/1383
f 440/456/1384 276/281/1385 274/279/1386 441/457/1387
f 444/458/1388 445/459/1389 446/460/1390 464/461/1391
f 442/462/1392 443/463/1393 447/464/1394
f 447/464/1395 443/463/1396 448/465/1397
f 448/465/1398 419/436/1399 449/466/1400 447/464/1401
f 424/440/1402 425/441/1403 450/467/1404
f 450/467/1405 425/441/1406 451/468/1407
f 451/468/1408 425/441/1409 426/442/1410
f 430/446/1411 432/448/1412 454/469/1413 453/470/1414
f 432/448/1415 431/447/1416 455/471/1417 454/469/1418
f 456/472/1419 457/473/1420 445/459/1421
f 445/459/1422 457/473/1423 458/474/1424 446/460/1425
f 431/447/1426 434/450/1427 459/475/1428 455/471/1429
f 459/475/1430 434/450/1431 460/476/1432
f 461/477/1433 462/478/1434 463/479/1435
f 444/458/1436 464/461/1437 465/480/1438
f 444/458/1439 465/480/1440 466/481/1441
f 427/443/1442 428/444/1443 452/482/1444 426/442/1445
f 453/470/1446 428/444/1447 429/445/1448 430/446/1449
f 467/483/1450 468/484/1451 469/485/1452
f 469/485/1453 470/486/1454 689/487/1455
f 433/449/1456 435/451/1457 460/476/1458 434/450/1459
f 460/476/1460 435/451/1461 471/488/1462
f 471/488/1463 435/451/1464 436/453/1465
f 471/488/1466 436/453/1467 472/489/1468 503/490/1469
f 463/479/1470 473/491/1471 461/477/1472
f 461/477/1473 473/491/1474 474/492/1475
f 474/492/1476 473/491/1477 475/493/1478
f 474/492/1479 475/493/1480 456/472/1481
f 456/472/1482 475/493/1483 476/494/1484 457/473/1485
f 449/466/1486 419/436/1487 420/435/1488
f 449/466/1489 420/435/1490 450/467/1491
f 450/467/1492 420/435/1493 422/438/1494 424/440/1495
f 477/495/1496 478/496/1497 479/497/1498 484/498/1499
f 465/480/1500 480/499/1501 466/481/1502
f 480/499/1503 481/500/1504 466/481/1505
f 466/481/1506 481/500/1507 478/496/1508 502/501/1509
f 478/496/1510 481/500/1511 482/502/1512 479/497/1513
f 436/453/1514 439/452/1515 472/489/1516
f 472/489/1517 438/455/1518 483/503/1519 504/504/1520
f 477/495/1521 484/498/1522 485/505/1523
f 484/498/1524 486/506/1525 485/505/1526
f 485/505/1527 486/506/1528 467/483/1529
f 467/483/1530 486/506/1531 487/507/1532 468/484/1533
f 437/454/1534 440/456/1535 483/503/1536 438/455/1537
f 483/503/1538 440/456/1539 488/508/1540 505/509/1541
f 488/508/1542 440/456/1543 441/457/1544
f 488/508/1545 441/457/1546 489/510/1547
f 489/510/1548 441/457/1549 490/511/1550
f 489/510/1551 490/511/1552 491/512/1553
f 490/511/1554 492/513/1555 491/512/1556
f 491/512/1557 492/513/1558 462/478/1559
f 462/478/1560 492/513/1561 493/514/1562 463/479/1563
f 281/291/1564 286/290/1565 486/506/1566 484/498/1567
f 490/511/1568 441/457/1569 274/279/1570 280/278/1571
f 490/511/1572 280/278/1573 279/284/1574
f 492/513/1575 279/284/1576 285/289/1577 493/514/1578
f 493/514/1579 285/289/1580 284/288/1581 463/479/1582
f 463/479/1583 284/288/1584 283/287/1585
f 473/491/1586 283/287/1587 282/286/1588 475/493/1589
f 282/286/1590 317/324/1591 476/494/1592 475/493/1593
f 317/324/1594 306/312/1595 457/473/1596 476/494/1597
f 457/473/1598 306/312/1599 458/474/1600
f 306/312/1601 305/311/1602 446/460/1603 458/474/1604
f 305/311/1605 304/313/1606 464/461/1607 446/460/1608
f 304/313/1609 316/323/1610 465/480/1611 464/461/1612
f 465/480/1613 316/323/1614 303/310/1615 480/499/1616
f 484/498/1617 479/497/1618 302/309/1619 281/291/1620
f 302/309/1621 479/497/1622 482/502/1623
f 482/502/1624 481/500/1625 303/310/1626 302/309/1627
f 495/515/1628 496/516/1629 494/517/1630
f 495/515/1631 497/518/1632 23/28/1633 496/516/1634
f 477/495/1635 485/505/1636 498/519/1637 499/520/1638
f 477/495/1639 499/520/1640 752/521/1641
f 498/519/1642 501/522/1643 500/523/1644 499/520/1645
f 491/512/1646 462/478/1647 489/510/1648
f 477/495/1649 502/501/1650 478/496/1651
f 483/503/1652 505/509/1653 506/524/1654 504/504/1655
f 449/466/1656 450/467/1657 507/525/1658 508/526/1659
f 507/525/1660 509/527/1661 508/526/1662
f 510/528/1663 512/529/1664 511/530/1665
f 512/529/1666 514/531/1667 513/532/1668 511/530/1669
f 513/532/1670 514/531/1671 33/36/1672
f 33/36/1673 40/34/1674 515/533/1675 513/532/1676
f 40/34/1677 37/31/1678 516/534/1679 515/533/1680
f 37/31/1681 36/30/1682 517/535/1683 516/534/1684
f 517/535/1685 36/30/1686 86/86/1687
f 86/86/1688 88/85/1689 518/536/1690 517/535/1691
f 518/536/1692 519/537/1693 382/392/1694
f 520/538/1695 521/539/1696 522/540/1697 523/541/1698
f 447/464/1699 520/538/1700 523/541/1701 442/462/1702
f 449/466/1703 508/526/1704 520/538/1705 447/464/1706
f 508/526/1707 509/527/1708 521/539/1709 520/538/1710
f 452/482/1711 569/542/1712 524/543/1713 451/468/1714
f 525/544/1715 526/545/1716 527/546/1717 551/547/1718
f 528/548/1719 529/549/1720 530/550/1721
f 532/551/1722 534/552/1723 533/553/1724 531/554/1725
f 535/555/1726 536/556/1727 532/551/1728 531/554/1729
f 537/557/1730 538/558/1731 532/551/1732 536/556/1733
f 529/549/1734 539/559/1735 534/552/1736 530/550/1737
f 534/552/1738 539/559/1739 540/560/1740
f 540/560/1741 621/561/1742 533/553/1743
f 541/562/1744 544/563/1745 542/564/1746 530/550/1747
f 530/550/1748 542/564/1749 543/565/1750 528/548/1751
f 544/563/1752 541/562/1753 545/566/1754 546/567/1755
f 546/567/1756 545/566/1757 547/568/1758 548/569/1759
f 548/569/1760 547/568/1761 549/570/1762 550/571/1763
f 525/544/1764 550/571/1765 549/570/1766 526/545/1767
f 527/546/1768 581/572/1769 171/175/1770 551/547/1771
f 552/573/1772 553/574/1773 170/173/1774 172/176/1775
f 170/173/1776 553/574/1777 554/575/1778 168/172/1779
f 166/170/1780 168/172/1781 554/575/1782 557/576/1783
f 160/164/1784 163/167/1785 555/577/1786
f 555/577/1787 163/167/1788 165/169/1789 556/578/1790
f 556/578/1791 165/169/1792 166/170/1793 557/576/1794
f 558/579/1795 559/580/1796 560/581/1797 572/582/1798
f 555/577/1799 560/581/1800 160/164/1801
f 160/164/1802 560/581/1803 559/580/1804 142/146/1805
f 561/583/1806 587/584/1807 562/585/1808 563/586/1809
f 563/586/1810 562/585/1811 505/509/1812 488/508/1813
f 503/490/1814 504/504/1815 564/587/1816
f 504/504/1817 506/524/1818 562/585/1819 564/587/1820
f 562/585/1821 506/524/1822 505/509/1823
f 471/488/1824 503/490/1825 564/587/1826 565/588/1827
f 459/475/1828 460/476/1829 566/589/1830 567/590/1831
f 460/476/1832 471/488/1833 565/588/1834 566/589/1835
f 567/590/1836 455/471/1837 459/475/1838
f 454/469/1839 455/471/1840 567/590/1841 568/591/1842
f 569/542/1843 452/482/1844 570/592/1845
f 570/592/1846 452/482/1847 453/470/1848 568/591/1849
f 568/591/1850 453/470/1851 454/469/1852
f 450/467/1853 451/468/1854 524/543/1855 507/525/1856
f 571/593/1857 522/540/1858 521/539/1859 509/527/1860
f 572/582/1861 560/581/1862 573/594/1863
f 573/594/1864 560/581/1865 555/577/1866 574/595/1867
f 555/577/1868 556/578/1869 575/596/1870 574/595/1871
f 556/578/1872 557/576/1873 576/597/1874 575/596/1875
f 576/597/1876 557/576/1877 577/598/1878
f 577/598/1879 557/576/1880 554/575/1881 578/599/1882
f 578/599/1883 554/575/1884 553/574/1885 579/600/1886
f 579/600/1887 553/574/1888 552/573/1889 580/601/1890
f 580/601/1891 552/573/1892 581/572/1893
f 581/572/1894 527/546/1895 582/602/1896 580/601/1897
f 534/552/1898 532/551/1899 541/562/1900 530/550/1901
f 541/562/1902 532/551/1903 583/603/1904 545/566/1905
f 552/573/1906 172/176/1907 171/175/1908 581/572/1909
f 582/602/1910 527/546/1911 526/545/1912 584/604/1913
f 584/604/1914 526/545/1915 549/570/1916 585/605/1917
f 585/605/1918 549/570/1919 547/568/1920 583/603/1921
f 583/603/1922 547/568/1923 545/566/1924
f 567/590/1925 566/589/1926 586/606/1927 592/607/1928
f 562/585/1929 587/584/1930 588/608/1931 564/587/1932
f 564/587/1933 588/608/1934 589/609/1935
f 589/609/1936 590/610/1937 565/588/1938 564/587/1939
f 590/610/1940 591/611/1941 566/589/1942 565/588/1943
f 566/589/1944 591/611/1945 586/606/1946
f 567/590/1947 592/607/1948 593/612/1949 568/591/1950
f 568/591/1951 593/612/1952 594/613/1953
f 594/613/1954 595/614/1955 570/592/1956 568/591/1957
f 595/614/1958 596/615/1959 569/542/1960 570/592/1961
f 569/542/1962 596/615/1963 524/543/1964
f 571/593/1965 509/527/1966 532/551/1967 538/558/1968
f 509/527/1969 507/525/1970 583/603/1971 532/551/1972
f 507/525/1973 524/543/1974 585/605/1975 583/603/1976
f 524/543/1977 596/615/1978 584/604/1979 585/605/1980
f 596/615/1981 595/614/1982 582/602/1983 584/604/1984
f 595/614/1985 594/613/1986 580/601/1987 582/602/1988
f 580/601/1989 594/613/1990 579/600/1991
f 579/600/1992 594/613/1993 593/612/1994 578/599/1995
f 578/599/1996 593/612/1997 592/607/1998 577/598/1999
f 577/598/2000 592/607/2001 586/606/2002
f 586/606/2003 591/611/2004 576/597/2005 577/598/2006
f 591/611/2007 590/610/2008 575/596/2009 576/597/2010
f 590/610/2011 589/609/2012 574/595/2013 575/596/2014
f 589/609/2015 588/608/2016 573/594/2017 574/595/2018
f 588/608/2019 587/584/2020 572/582/2021 573/594/2022
f 587/584/2023 561/583/2024 558/579/2025 572/582/2026
f 543/565/2027 542/564/2028 598/616/2029 597/617/2030
f 598/616/2031 542/564/2032 544/563/2033
f 597/617/2034 598/616/2035 600/618/2036 599/619/2037
f 598/616/2038 603/620/2039 601/621/2040 600/618/2041
f 603/620/2042 605/622/2043 604/623/2044 602/624/2045
f 195/200/2046 604/623/2047 605/622/2048 606/625/2049
f 175/177/2050 176/180/2051 606/625/2052 607/626/2053
f 606/625/2054 176/180/2055 193/199/2056 195/200/2057
f 551/547/2058 171/175/2059 175/177/2060 607/626/2061
f 608/627/2062 609/628/2063 548/569/2064 550/571/2065
f 550/571/2066 525/544/2067 607/626/2068 608/627/2069
f 607/626/2070 525/544/2071 551/547/2072
f 546/567/2073 603/620/2074 598/616/2075 544/563/2076
f 601/621/2077 603/620/2078 602/624/2079
f 607/626/2080 606/625/2081 605/622/2082 608/627/2083
f 608/627/2084 605/622/2085 603/620/2086 609/628/2087
f 609/628/2088 603/620/2089 546/567/2090 548/569/2091
f 1303/391/2092 517/535/2093 518/536/2094 382/392/2095
f 384/389/2096 379/388/2097 511/530/2098 513/532/2099
f 379/388/2100 378/387/2101 510/528/2102 511/530/2103
f 610/629/2104 611/380/2105 369/379/2106
f 611/380/2107 543/565/2108 597/617/2109
f 597/617/2110 599/619/2111 372/381/2112 611/380/2113
f 599/619/2114 612/630/2115 373/382/2116 372/381/2117
f 612/630/2118 613/631/2119 377/383/2120 373/382/2121
f 613/631/2122 510/528/2123 378/387/2124 377/383/2125
f 384/389/2126 513/532/2127 515/533/2128 385/395/2129
f 385/395/2130 515/533/2131 1303/391/2132 380/390/2133
f 1303/391/2134 515/533/2135 516/534/2136 517/535/2137
f 614/632/2138 615/394/2139 519/537/2140
f 615/394/2141 802/633/2142 382/392/2143 519/537/2144
f 610/629/2145 369/379/2146 370/378/2147 617/634/2148
f 529/549/2149 528/548/2150 617/634/2151 616/635/2152
f 528/548/2153 543/565/2154 610/629/2155 617/634/2156
f 616/635/2157 618/636/2158 539/559/2159 529/549/2160
f 539/559/2161 618/636/2162 619/637/2163
f 619/637/2164 620/638/2165 540/560/2166 539/559/2167
f 540/560/2168 620/638/2169 621/561/2170
f 621/561/2171 624/639/2172 531/554/2173 533/553/2174
f 535/555/2175 622/350/2176 623/640/2177 536/556/2178
f 531/554/2179 624/639/2180 625/641/2181
f 625/641/2182 622/350/2183 535/555/2184 531/554/2185
f 626/642/2186 538/558/2187 537/557/2188 627/643/2189
f 627/643/2190 537/557/2191 536/556/2192 623/640/2193
f 443/463/2194 442/462/2195 631/644/2196
f 523/541/2197 628/645/2198 629/646/2199
f 523/541/2200 629/646/2201 630/647/2202
f 630/647/2203 631/644/2204 442/462/2205 523/541/2206
f 626/642/2207 632/648/2208 571/593/2209 538/558/2210
f 632/648/2211 633/649/2212 522/540/2213 571/593/2214
f 633/649/2215 628/645/2216 523/541/2217 522/540/2218
f 291/296/2219 419/436/2220 448/465/2221
f 448/465/2222 634/650/2223 360/367/2224 291/296/2225
f 634/650/2226 628/645/2227 635/370/2228 360/367/2229
f 360/367/2230 635/370/2231 361/368/2232
f 635/370/2233 628/645/2234 633/649/2235
f 630/647/2236 629/646/2237 634/650/2238 631/644/2239
f 634/650/2240 629/646/2241 628/645/2242
f 634/650/2243 448/465/2244 443/463/2245 631/644/2246
f 364/352/2247 363/371/2248 632/648/2249
f 357/363/2250 619/637/2251 618/636/2252 371/377/2253
f 371/377/2254 618/636/2255 616/635/2256
f 616/635/2257 617/634/2258 370/378/2259 371/377/2260
f 346/349/2261 626/642/2262 627/643/2263 623/640/2264
f 346/349/2265 623/640/2266 622/350/2267
f 345/347/2268 622/350/2269 625/641/2270 624/639/2271
f 624/639/2272 621/561/2273 345/347/2274
f 621/561/2275 620/638/2276 357/363/2277 345/347/2278
f 357/363/2279 620/638/2280 619/637/2281
f 632/648/2282 626/642/2283 346/349/2284 364/352/2285
f 635/370/2286 633/649/2287 632/648/2288 363/371/2289
f 637/651/2290 613/631/2291 612/630/2292 636/652/2293
f 613/631/2294 637/651/2295 512/529/2296 510/528/2297
f 512/529/2298 637/651/2299 638/653/2300 514/531/2301
f 638/653/2302 639/654/2303 31/655/2304 32/35/2305
f 636/652/2306 639/654/2307 638/653/2308 637/651/2309
f 514/531/2310 638/653/2311 32/35/2312 33/36/2313
f 612/630/2314 599/619/2315 600/618/2316 636/652/2317
f 31/655/2318 639/654/2319 601/621/2320 602/624/2321
f 639/654/2322 636/652/2323 600/618/2324 601/621/2325
f 31/655/2326 640/656/2327 34/657/2328
f 34/657/2329 640/656/2330 39/201/2331
f 640/656/2332 194/198/2333 39/201/2334
f 194/198/2335 640/656/2336 604/623/2337 195/200/2338
f 604/623/2339 640/656/2340 31/655/2341 602/624/2342
f 641/658/2343 52/46/2344 51/47/2345 643/659/2346
f 642/660/2347 643/659/2348 51/47/2349 53/48/2350
f 642/660/2351 53/48/2352 54/49/2353 644/661/2354
f 645/662/2355 644/661/2356 54/49/2357 55/51/2358
f 42/50/2359 646/663/2360 645/662/2361 55/51/2362
f 649/664/2363 648/665/2364 647/666/2365 650/667/2366
f 494/517/2367 496/516/2368 648/665/2369 649/664/2370
f 24/27/2371 648/665/2372 496/516/2373 23/28/2374
f 651/668/2375 652/669/2376 647/666/2377 25/670/2378
f 652/669/2379 653/671/2380 647/666/2381
f 653/671/2382 661/672/2383 650/667/2384 647/666/2385
f 655/673/2386 654/674/2387 651/668/2388 25/670/2389
f 121/125/2390 120/124/2391 654/674/2392 655/673/2393
f 121/125/2394 655/673/2395 28/675/2396 30/61/2397
f 25/670/2398 28/675/2399 655/673/2400
f 656/676/2401 657/677/2402 658/678/2403 666/679/2404
f 659/680/2405 662/681/2406 660/682/2407 661/672/2408
f 662/681/2409 659/680/2410 663/683/2411 778/684/2412
f 665/685/2413 663/683/2414 659/680/2415 664/686/2416
f 666/679/2417 658/678/2418 667/687/2419 668/688/2420
f 668/688/2421 667/687/2422 127/132/2423 128/134/2424
f 126/130/2425 669/689/2426 118/122/2427 116/120/2428
f 669/689/2429 670/690/2430 120/124/2431 118/122/2432
f 670/690/2433 654/674/2434 120/124/2435
f 654/674/2436 670/690/2437 664/686/2438 651/668/2439
f 653/671/2440 659/680/2441 661/672/2442
f 653/671/2443 652/669/2444 664/686/2445 659/680/2446
f 664/686/2447 652/669/2448 651/668/2449
f 127/132/2450 667/687/2451 669/689/2452 126/130/2453
f 667/687/2454 658/678/2455 670/690/2456 669/689/2457
f 658/678/2458 657/677/2459 664/686/2460 670/690/2461
f 657/677/2462 656/676/2463 665/685/2464 664/686/2465
f 88/85/2466 89/90/2467 614/632/2468 519/537/2469
f 89/90/2470 672/691/2471 671/692/2472 614/632/2473
f 89/90/2474 71/69/2475 673/693/2476 672/691/2477
f 71/69/2478 70/67/2479 674/694/2480 673/693/2481
f 70/67/2482 69/66/2483 675/695/2484 674/694/2485
f 69/66/2486 80/68/2487 676/696/2488 675/695/2489
f 676/696/2490 80/68/2491 72/72/2492
f 72/72/2493 74/71/2494 677/697/2495 676/696/2496
f 74/71/2497 76/75/2498 678/698/2499 677/697/2500
f 678/698/2501 679/699/2502 395/407/2503
f 680/700/2504 681/375/2505 495/515/2506
f 683/701/2507 685/702/2508 684/703/2509 682/704/2510
f 286/290/2511 352/357/2512 487/507/2513 486/506/2514
f 685/702/2515 468/484/2516 684/703/2517
f 684/703/2518 687/705/2519 686/706/2520 682/704/2521
f 686/706/2522 687/705/2523 688/707/2524 696/708/2525
f 487/507/2526 352/357/2527 684/703/2528 468/484/2529
f 352/357/2530 351/354/2531 687/705/2532 684/703/2533
f 689/487/2534 690/709/2535 746/710/2536
f 690/709/2537 685/702/2538 683/701/2539
f 683/701/2540 682/704/2541 691/711/2542 690/709/2543
f 693/712/2544 695/713/2545 694/714/2546 692/715/2547
f 695/713/2548 696/708/2549 688/707/2550 694/714/2551
f 696/708/2552 691/711/2553 686/706/2554
f 686/706/2555 691/711/2556 682/704/2557
f 698/716/2558 700/717/2559 699/718/2560 697/719/2561
f 699/718/2562 700/717/2563 693/712/2564 692/715/2565
f 701/720/2566 702/721/2567 703/722/2568
f 705/723/2569 706/724/2570 702/721/2571 704/725/2572
f 702/721/2573 706/724/2574 703/722/2575
f 703/722/2576 708/726/2577 707/727/2578 701/720/2579
f 708/726/2580 710/728/2581 709/729/2582 707/727/2583
f 710/728/2584 711/730/2585 709/729/2586
f 713/731/2587 698/716/2588 697/719/2589 712/732/2590
f 712/732/2591 709/729/2592 711/730/2593 713/731/2594
f 687/705/2595 351/354/2596 349/353/2597
f 349/353/2598 694/714/2599 688/707/2600 687/705/2601
f 692/715/2602 694/714/2603 349/353/2604 356/362/2605
f 356/362/2606 355/360/2607 709/729/2608 712/732/2609
f 356/362/2610 712/732/2611 697/719/2612
f 699/718/2613 692/715/2614 356/362/2615 697/719/2616
f 404/417/2617 387/397/2618 714/733/2619 704/725/2620
f 714/733/2621 715/734/2622 716/735/2623
f 404/417/2624 704/725/2625 702/721/2626 403/416/2627
f 701/720/2628 707/727/2629 355/360/2630 403/416/2631
f 355/360/2632 707/727/2633 709/729/2634
f 715/734/2635 660/682/2636 716/735/2637
f 716/735/2638 754/736/2639 705/723/2640
f 714/733/2641 705/723/2642 704/725/2643
f 715/734/2644 387/397/2645 717/737/2646
f 495/515/2647 494/517/2648 399/738/2649 680/700/2650
f 681/375/2651 367/374/2652 497/518/2653 495/515/2654
f 715/734/2655 717/737/2656 661/672/2657 660/682/2658
f 649/664/2659 650/667/2660 661/672/2661 717/737/2662 718/739/2663
f 718/739/2664 399/738/2665 494/517/2666 649/664/2667
f 497/518/2668 367/374/2669 391/403/2670 719/740/2671
f 719/740/2672 391/403/2673 390/402/2674 720/741/2675
f 720/741/2676 390/402/2677 721/401/2678 722/742/2679
f 722/742/2680 721/401/2681 723/743/2682
f 721/401/2683 745/399/2684 724/422/2685 723/743/2686
f 400/414/2687 399/738/2688 718/739/2689 401/415/2690
f 1259/744/2691 1260/745/2692 725/746/2693
f 1262/747/2694 1316/748/2695 1261/749/2696
f 397/411/2697 726/750/2698 727/413/2699 398/412/2700
f 726/750/2701 365/372/2702 727/413/2703
f 728/751/2704 1263/752/2705 1264/753/2706
f 1309/420/2707 1317/428/2708 1307/418/2709
f 405/754/2710 1265/755/2711 1266/756/2712
f 1268/757/2713 729/758/2714 1267/759/2715
f 641/658/2716 643/659/2717 392/404/2718 1310/429/2719
f 1310/429/2720 417/434/2721 731/760/2722 641/658/2723
f 417/434/2724 733/761/2725 732/762/2726 731/760/2727
f 417/434/2728 1311/433/2729 734/763/2730 733/761/2731
f 734/763/2732 414/430/2733 735/764/2734 733/761/2735
f 414/430/2736 415/432/2737 736/765/2738 735/764/2739
f 736/765/2740 415/432/2741 737/766/2742
f 415/432/2743 408/424/2744 738/767/2745 737/766/2746
f 738/767/2747 740/768/2748 739/769/2749 737/766/2750
f 740/768/2751 1319/425/2752 741/770/2753 739/769/2754
f 672/691/2755 673/693/2756 376/386/2757 375/385/2758
f 673/693/2759 674/694/2760 397/411/2761 376/386/2762
f 674/694/2763 675/695/2764 726/750/2765 397/411/2766
f 675/695/2767 676/696/2768 365/372/2769 726/750/2770
f 676/696/2771 677/697/2772 366/373/2773 365/372/2774
f 614/632/2775 671/692/2776 375/385/2777 615/394/2778
f 375/385/2779 671/692/2780 672/691/2781
f 406/419/2782 742/771/2783 724/422/2784 407/421/2785
f 724/422/2786 742/771/2787 723/743/2788
f 643/659/2789 642/660/2790 393/406/2791 730/405/2792
f 1270/772/2793 1312/773/2794 1269/774/2795
f 1308/775/2796 642/660/2797 644/661/2798 645/662/2799
f 1272/776/2800 1313/777/2801 1271/778/2802
f 411/779/2803 645/662/2804 646/663/2805
f 1274/780/2806 646/663/2807 1273/781/2808
f 1307/418/2809 646/663/2810 406/419/2811
f 406/419/2812 646/663/2813 742/771/2814
f 1276/782/2815 1314/783/2816 1275/784/2817
f 396/785/2818 677/697/2819 678/698/2820
f 1278/786/2821 1315/787/2822 1277/788/2823
f 741/770/2824 1319/425/2825 394/408/2826 744/789/2827
f 744/789/2828 394/408/2829 395/407/2830 679/699/2831
f 1319/425/2832 740/768/2833 738/767/2834 409/423/2835
f 1280/790/2836 743/791/2837 1279/792/2838
f 1305/793/2839 1281/794/2840 1282/795/2841
f 409/423/2842 738/767/2843 408/424/2844
f 414/430/2845 734/763/2846 1311/433/2847 413/431/2848
f 1283/796/2849 1284/797/2850 412/798/2851
f 1285/799/2852 1286/800/2853 416/801/2854
f 745/399/2855 721/401/2856 389/400/2857
f 745/399/2858 388/398/2859 724/422/2860
f 95/98/2861 733/761/2862 735/764/2863
f 641/658/2864 731/760/2865 97/99/2866 52/46/2867
f 97/99/2868 731/760/2869 732/762/2870
f 96/96/2871 736/765/2872 737/766/2873 158/162/2874
f 82/80/2875 158/162/2876 739/769/2877 741/770/2878
f 76/75/2879 82/80/2880 744/789/2881 679/699/2882
f 82/80/2883 741/770/2884 744/789/2885
f 467/483/2886 469/485/2887 689/487/2888 746/710/2889
f 746/710/2890 485/505/2891 467/483/2892
f 498/519/2893 485/505/2894 746/710/2895
f 696/708/2896 501/522/2897 498/519/2898
f 746/710/2899 690/709/2900 691/711/2901
f 746/710/2902 691/711/2903 696/708/2904 498/519/2905
f 747/802/2906 748/803/2907 749/804/2908 775/805/2909
f 477/495/2910 752/521/2911 753/806/2912 502/501/2913
f 706/724/2914 705/723/2915 754/736/2916
f 754/736/2917 716/735/2918 660/682/2919 662/681/2920
f 708/726/2921 703/722/2922 755/807/2923 710/728/2924
f 755/807/2925 703/722/2926 706/724/2927 754/736/2928
f 756/808/2929 693/712/2930 700/717/2931 698/716/2932
f 713/731/2933 711/730/2934 756/808/2935 698/716/2936
f 499/520/2937 500/523/2938 757/809/2939 752/521/2940
f 500/523/2941 501/522/2942 758/810/2943 757/809/2944
f 501/522/2945 696/708/2946 695/713/2947 758/810/2948
f 466/481/2949 502/501/2950 753/806/2951 759/811/2952
f 466/481/2953 759/811/2954 760/812/2955 444/458/2956
f 445/459/2957 444/458/2958 760/812/2959 761/813/2960
f 456/472/2961 445/459/2962 761/813/2963 762/814/2964
f 474/492/2965 456/472/2966 762/814/2967 763/815/2968
f 763/815/2969 764/816/2970 461/477/2971 474/492/2972
f 764/816/2973 765/817/2974 462/478/2975 461/477/2976
f 765/817/2977 766/818/2978 489/510/2979 462/478/2980
f 488/508/2981 489/510/2982 766/818/2983 563/586/2984
f 750/819/2985 767/820/2986 139/140/2987 141/145/2988
f 559/580/2989 750/819/2990 141/145/2991 142/146/2992
f 136/141/2993 139/140/2994 767/820/2995 768/821/2996
f 136/141/2997 768/821/2998 769/822/2999 138/143/3000
f 769/822/3001 770/823/3002 134/138/3003 138/143/3004
f 134/138/3005 770/823/3006 771/824/3007 132/137/3008
f 771/824/3009 772/825/3010 131/135/3011 132/137/3012
f 772/825/3013 773/826/3014 129/133/3015 131/135/3016
f 773/826/3017 774/827/3018 128/134/3019 129/133/3020
f 774/827/3021 775/805/3022 668/688/3023 128/134/3024
f 775/805/3025 749/804/3026 666/679/3027 668/688/3028
f 665/685/3029 656/676/3030 777/828/3031 776/829/3032
f 656/676/3033 666/679/3034 749/804/3035 777/828/3036
f 755/807/3037 754/736/3038 662/681/3039 778/684/3040
f 663/683/3041 776/829/3042 778/684/3043
f 776/829/3044 663/683/3045 665/685/3046
f 757/809/3047 779/830/3048 753/806/3049 752/521/3050
f 779/830/3051 780/831/3052 759/811/3053 753/806/3054
f 780/831/3055 781/832/3056 760/812/3057 759/811/3058
f 781/832/3059 798/833/3060 761/813/3061 760/812/3062
f 748/803/3063 782/834/3064 777/828/3065 749/804/3066
f 782/834/3067 783/835/3068 776/829/3069 777/828/3070
f 783/835/3071 756/808/3072 778/684/3073 776/829/3074
f 756/808/3075 710/728/3076 755/807/3077 778/684/3078
f 747/802/3079 775/805/3080 774/827/3081
f 774/827/3082 773/826/3083 784/836/3084 747/802/3085
f 773/826/3086 772/825/3087 785/837/3088 784/836/3089
f 772/825/3090 771/824/3091 786/838/3092 785/837/3093
f 771/824/3094 770/823/3095 787/839/3096 786/838/3097
f 770/823/3098 769/822/3099 788/840/3100 787/839/3101
f 769/822/3102 768/821/3103 789/841/3104 788/840/3105
f 768/821/3106 767/820/3107 790/842/3108 789/841/3109
f 767/820/3110 750/819/3111 791/843/3112 790/842/3113
f 791/843/3114 750/819/3115 751/844/3116
f 751/844/3117 750/819/3118 559/580/3119 558/579/3120
f 563/586/3121 766/818/3122 792/845/3123 561/583/3124
f 766/818/3125 765/817/3126 793/846/3127 792/845/3128
f 794/847/3129 795/848/3130 763/815/3131 762/814/3132
f 795/848/3133 796/849/3134 764/816/3135 763/815/3136
f 796/849/3137 797/850/3138 765/817/3139 764/816/3140
f 765/817/3141 797/850/3142 793/846/3143
f 761/813/3144 798/833/3145 799/851/3146
f 799/851/3147 800/852/3148 762/814/3149 761/813/3150
f 762/814/3151 800/852/3152 794/847/3153
f 693/712/3154 756/808/3155 758/810/3156 695/713/3157
f 756/808/3158 783/835/3159 757/809/3160 758/810/3161
f 783/835/3162 782/834/3163 779/830/3164 757/809/3165
f 782/834/3166 748/803/3167 780/831/3168 779/830/3169
f 748/803/3170 747/802/3171 781/832/3172 780/831/3173
f 747/802/3174 784/836/3175 798/833/3176 781/832/3177
f 784/836/3178 785/837/3179 799/851/3180 798/833/3181
f 785/837/3182 786/838/3183 800/852/3184 799/851/3185
f 786/838/3186 787/839/3187 794/847/3188 800/852/3189
f 787/839/3190 788/840/3191 795/848/3192 794/847/3193
f 788/840/3194 789/841/3195 796/849/3196 795/848/3197
f 789/841/3198 790/842/3199 797/850/3200 796/849/3201
f 790/842/3202 791/843/3203 793/846/3204 797/850/3205
f 791/843/3206 751/844/3207 792/845/3208 793/846/3209
f 751/844/3210 558/579/3211 561/583/3212 792/845/3213
f 23/28/3214 497/518/3215 719/740/3216 26/26/3217
f 26/26/3218 719/740/3219 720/741/3220 27/23/3221
f 646/663/3222 42/50/3223 56/53/3224 742/771/3225
f 56/53/3226 58/52/3227 723/743/3228 742/771/3229
f 723/743/3230 58/52/3231 60/57/3232 722/742/3233
f 722/742/3234 60/57/3235 27/23/3236 720/741/3237
f 1287/853/3238 1288/854/3239 801/855/3240
f 1320/856/3241 382/392/3242 802/633/3243
f 615/394/3244 383/393/3245 802/633/3246
f 1290/857/3247 1304/858/3248 1289/859/3249
f 1291/860/3250 1292/861/3251 1328/862/3252
f 1293/863/3253 1294/864/3254 381/865/3255
f 21/21/3256 251/255/3257 257/260/3258 22/22/3259
f 256/259/3260 6/6/3261 5/5/3262 265/268/3263
f 4/2/3264 2/1/3265 803/866/3266 272/276/3267
f 272/276/3268 803/866/3269 804/867/3270 268/271/3271
f 268/271/3272 804/867/3273 805/868/3274 275/280/3275
f 275/280/3276 805/868/3277 806/869/3278 273/277/3279
f 273/277/3280 806/869/3281 807/870/3282 278/285/3283
f 278/285/3284 807/870/3285 808/871/3286 270/273/3287
f 270/273/3288 808/871/3289 809/872/3290 271/274/3291
f 810/873/3292 332/338/3293 334/340/3294 295/300/3295
f 810/873/3296 295/300/3297 809/872/3298
f 332/338/3299 810/873/3300 811/874/3301 330/336/3302
f 330/336/3303 811/874/3304 812/875/3305 328/334/3306
f 328/334/3307 812/875/3308 813/876/3309 326/332/3310
f 326/332/3311 813/876/3312 814/877/3313 324/330/3314
f 324/330/3315 814/877/3316 815/878/3317 299/305/3318
f 299/305/3319 815/878/3320 816/879/3321 300/306/3322
f 300/306/3323 816/879/3324 817/880/3325 308/314/3326
f 310/316/3327 308/314/3328 817/880/3329 818/881/3330
f 809/872/3331 818/881/3332 817/880/3333 816/879/3334
f 1/4/3335 818/881/3336 809/872/3337 808/871/3338
f 809/872/3339 816/879/3340 815/878/3341 814/877/3342
f 807/870/3343 806/869/3344 1/4/3345 808/871/3346
f 1/4/3347 806/869/3348 805/868/3349
f 804/867/3350 803/866/3351 1/4/3352 805/868/3353
f 1/4/3354 803/866/3355 2/1/3356
f 813/876/3357 812/875/3358 809/872/3359 814/877/3360
f 809/872/3361 812/875/3362 811/874/3363
f 338/304/3364 819/882/3365 820/883/3366 297/302/3367
f 297/302/3368 820/883/3369 350/355/3370 269/272/3371
f 819/882/3372 354/361/3373 348/356/3374 820/883/3375
f 820/883/3376 348/356/3377 350/355/3378
f 821/884/3379 374/384/3380 402/359/3381 822/885/3382
f 821/884/3383 822/885/3384 823/886/3385 824/887/3386
f 824/887/3387 823/886/3388 825/888/3389 826/889/3390
f 826/889/3391 825/888/3392 827/890/3393 828/891/3394
f 828/891/3395 827/890/3396 829/892/3397 830/893/3398
f 830/893/3399 829/892/3400 831/894/3401
f 362/369/3402 347/351/3403 832/895/3404 315/322/3405
f 315/322/3406 832/895/3407 833/896/3408 313/321/3409
f 313/321/3410 833/896/3411 834/897/3412 311/319/3413
f 311/319/3414 834/897/3415 835/898/3416 309/317/3417
f 309/317/3418 835/898/3419 836/899/3420 307/315/3421
f 307/315/3422 836/899/3423 837/900/3424 301/307/3425
f 301/307/3426 837/900/3427 838/901/3428 322/308/3429
f 322/308/3430 838/901/3431 839/902/3432 323/328/3433
f 323/328/3434 839/902/3435 840/903/3436 325/329/3437
f 325/329/3438 840/903/3439 841/904/3440 327/331/3441
f 327/331/3442 841/904/3443 842/905/3444 329/333/3445
f 329/333/3446 842/905/3447 843/906/3448 331/335/3449
f 331/335/3450 843/906/3451 844/907/3452 333/337/3453
f 333/337/3454 844/907/3455 845/908/3456 335/339/3457
f 335/339/3458 845/908/3459 846/909/3460 337/341/3461
f 337/341/3462 846/909/3463 819/882/3464 338/304/3465
f 849/910/3466 847/911/3467 1322/912/3468 1321/913/3469
f 1323/914/3470 1324/915/3471 852/916/3472 850/917/3473
f 854/918/3474 855/919/3475 856/920/3476
f 858/921/3477 856/920/3478 855/919/3479 857/922/3480
f 860/923/3481 862/924/3482 861/925/3483 859/926/3484
f 864/927/3485 866/928/3486 865/929/3487 863/930/3488
f 867/931/3489 870/932/3490 868/933/3491 869/934/3492
f 870/932/3493 872/935/3494 871/936/3495 868/933/3496
f 1323/914/3497 874/937/3498 873/938/3499 1324/915/3500
f 1322/912/3501 876/939/3502 875/940/3503 1321/913/3504
f 880/941/3505 930/942/3506 879/943/3507 884/944/3508
f 879/943/3509 930/942/3510 883/945/3511 885/946/3512
f 865/929/3513 866/928/3514 895/947/3515 899/948/3516
f 867/931/3517 874/937/3518 896/949/3519 870/932/3520
f 873/938/3521 874/937/3522 867/931/3523 869/934/3524
f 871/936/3525 872/935/3526 898/950/3527 897/951/3528
f 872/935/3529 870/932/3530 896/949/3531 898/950/3532
f 898/950/3533 899/948/3534 895/947/3535 897/951/3536
f 865/929/3537 899/948/3538 900/952/3539 863/930/3540
f 855/919/3541 854/918/3542 901/953/3543 905/954/3544
f 860/923/3545 902/955/3546 862/924/3547
f 902/955/3548 900/952/3549 903/956/3550 862/924/3551
f 903/956/3552 906/957/3553 861/925/3554 862/924/3555
f 904/958/3556 855/919/3557 905/954/3558
f 875/940/3559 876/939/3560 858/921/3561 857/922/3562
f 875/940/3563 857/922/3564 855/919/3565 904/958/3566
f 901/953/3567 906/957/3568 903/956/3569 905/954/3570
f 907/959/3571 850/917/3572 852/916/3573 877/960/3574
f 907/959/3575 877/960/3576 853/961/3577 851/962/3578
f 1295/963/3579 1296/964/3580 878/965/3581
f 829/892/3582 1325/966/3583 908/967/3584
f 908/967/3585 1325/966/3586 847/911/3587 849/910/3588
f 359/365/3589 909/968/3590 882/969/3591 343/366/3592
f 909/968/3593 910/970/3594 883/945/3595 882/969/3596
f 883/945/3597 910/970/3598 885/946/3599
f 910/970/3600 911/971/3601 879/943/3602 885/946/3603
f 911/971/3604 912/972/3605 884/944/3606 879/943/3607
f 912/972/3608 913/973/3609 880/941/3610 884/944/3611
f 913/973/3612 915/974/3613 881/975/3614 880/941/3615
f 853/961/3616 881/975/3617 914/976/3618 851/962/3619
f 914/976/3620 881/975/3621 915/974/3622 947/977/3623
f 822/885/3624 402/359/3625 353/358/3626 886/978/3627
f 1297/979/3628 1298/980/3629 894/981/3630
f 829/892/3631 827/890/3632 893/982/3633 1326/983/3634
f 825/888/3635 823/886/3636 889/984/3637 890/985/3638
f 825/888/3639 890/985/3640 891/986/3641
f 891/986/3642 892/987/3643 827/890/3644 825/888/3645
f 827/890/3646 892/987/3647 893/982/3648
f 822/885/3649 886/978/3650 887/988/3651
f 887/988/3652 888/989/3653 823/886/3654 822/885/3655
f 823/886/3656 888/989/3657 889/984/3658
f 1300/990/3659 853/961/3660 1299/991/3661
f 1301/992/3662 1302/993/3663 853/961/3664
f 347/351/3665 344/348/3666 833/896/3667 832/895/3668
f 833/896/3669 916/994/3670 834/897/3671
f 916/994/3672 917/995/3673 835/898/3674 834/897/3675
f 917/995/3676 918/996/3677 836/899/3678 835/898/3679
f 918/996/3680 919/997/3681 837/900/3682 836/899/3683
f 919/997/3684 920/998/3685 838/901/3686 837/900/3687
f 920/998/3688 921/999/3689 839/902/3690 838/901/3691
f 921/999/3692 922/1000/3693 840/903/3694 839/902/3695
f 840/903/3696 922/1000/3697 923/1001/3698
f 923/1001/3699 924/1002/3700 841/904/3701 840/903/3702
f 924/1002/3703 925/1003/3704 842/905/3705 841/904/3706
f 925/1003/3707 926/1004/3708 843/906/3709 842/905/3710
f 926/1004/3711 927/1005/3712 844/907/3713 843/906/3714
f 927/1005/3715 928/1006/3716 845/908/3717 844/907/3718
f 928/1006/3719 929/1007/3720 846/909/3721 845/908/3722
f 929/1007/3723 943/1008/3724 819/882/3725
f 930/942/3726 916/994/3727 344/348/3728
f 916/994/3729 930/942/3730 931/1009/3731 917/995/3732
f 932/1010/3733 928/1006/3734 927/1005/3735 933/1011/3736
f 933/1011/3737 927/1005/3738 926/1004/3739 934/1012/3740
f 934/1012/3741 926/1004/3742 925/1003/3743 935/1013/3744
f 935/1013/3745 925/1003/3746 924/1002/3747 936/1014/3748
f 936/1014/3749 924/1002/3750 923/1001/3751 937/1015/3752
f 937/1015/3753 923/1001/3754 922/1000/3755 938/1016/3756
f 938/1016/3757 922/1000/3758 921/999/3759 939/1017/3760
f 939/1017/3761 921/999/3762 920/998/3763 940/1018/3764
f 940/1018/3765 920/998/3766 919/997/3767 941/1019/3768
f 941/1019/3769 919/997/3770 918/996/3771 942/1020/3772
f 942/1020/3773 918/996/3774 917/995/3775 931/1009/3776
f 928/1006/3777 932/1010/3778 943/1008/3779 929/1007/3780
f 943/1008/3781 888/989/3782 354/361/3783
f 358/364/3784 374/384/3785 821/884/3786 824/887/3787
f 358/364/3788 824/887/3789 826/889/3790 828/891/3791
f 358/364/3792 828/891/3793 830/893/3794 944/1021/3795
f 830/893/3796 949/1022/3797 945/1023/3798 944/1021/3799
f 830/893/3800 831/894/3801 946/1024/3802 947/977/3803
f 948/1025/3804 949/1022/3805 830/893/3806 947/977/3807
f 908/967/3808 849/910/3809 898/950/3810 896/949/3811
f 898/950/3812 849/910/3813 875/940/3814 899/948/3815
f 875/940/3816 849/910/3817 1321/913/3818
f 905/954/3819 903/956/3820 900/952/3821 904/958/3822
f 875/940/3823 904/958/3824 900/952/3825 899/948/3826
f 896/949/3827 874/937/3828 850/917/3829 908/967/3830
f 850/917/3831 874/937/3832 1323/914/3833
f 851/962/3834 829/892/3835 907/959/3836
f 829/892/3837 908/967/3838 850/917/3839 907/959/3840
f 946/1024/3841 831/894/3842 829/892/3843 851/962/3844
f 851/962/3845 914/976/3846 947/977/3847 946/1024/3848
f 915/974/3849 913/973/3850 948/1025/3851 947/977/3852
f 948/1025/3853 913/973/3854 912/972/3855
f 912/972/3856 911/971/3857 949/1022/3858 948/1025/3859
f 359/365/3860 358/364/3861 944/1021/3862 909/968/3863
f 909/968/3864 944/1021/3865 945/1023/3866 910/970/3867
f 910/970/3868 945/1023/3869 949/1022/3870 911/971/3871
f 886/978/3872 353/358/3873 354/361/3874
f 854/918/3875 856/920/3876 866/928/3877 901/953/3878
f 866/928/3879 856/920/3880 858/921/3881 876/939/3882
f 859/926/3883 861/925/3884 866/928/3885 864/927/3886
f 852/916/3887 1324/915/3888 873/938/3889 869/934/3890
f 868/933/3891 871/936/3892 852/916/3893 869/934/3894
f 876/939/3895 1322/912/3896 847/911/3897
f 906/957/3898 901/953/3899 866/928/3900 861/925/3901
f 880/941/3902 881/975/3903 931/1009/3904 930/942/3905
f 881/975/3906 853/961/3907 942/1020/3908 931/1009/3909
f 853/961/3910 941/1019/3911 942/1020/3912
f 853/961/3913 877/960/3914 940/1018/3915 941/1019/3916
f 876/939/3917 847/911/3918 895/947/3919 866/928/3920
f 895/947/3921 847/911/3922 897/951/3923
f 882/969/3924 883/945/3925 344/348/3926 343/366/3927
f 897/951/3928 847/911/3929 852/916/3930 871/936/3931
f 852/916/3932 847/911/3933 936/1014/3934 937/1015/3935
f 936/1014/3936 847/911/3937 1325/966/3938 935/1013/3939
f 935/1013/3940 1325/966/3941 848/1026/3942 934/1012/3943
f 852/916/3944 937/1015/3945 938/1016/3946
f 938/1016/3947 939/1017/3948 877/960/3949 852/916/3950
f 877/960/3951 939/1017/3952 940/1018/3953
f 848/1026/3954 1326/983/3955 933/1011/3956 934/1012/3957
f 943/1008/3958 892/987/3959 891/986/3960 890/985/3961
f 1326/983/3962 893/982/3963 932/1010/3964 933/1011/3965
f 893/982/3966 892/987/3967 943/1008/3968 932/1010/3969
f 889/984/3970 888/989/3971 943/1008/3972 890/985/3973
f 354/361/3974 888/989/3975 887/988/3976 886/978/3977
f 3/3/3978 310/316/3979 1/4/3980
f 310/316/3981 277/282/3982 314/320/3983 312/318/3984
f 818/881/3985 1/4/3986 310/316/3987
f 298/303/3988 296/301/3989 336/342/3990
f 336/342/3991 296/301/3992 295/300/3993 334/340/3994
f 900/952/3995 902/955/3996 860/923/3997 863/930/3998
f 860/923/3999 859/926/4000 864/927/4001 863/930/4002
f 950/1027/4003 951/1028/4004 952/1029/4005 959/1030/4006
f 954/1031/4007 953/1032/4008 955/1033/4009 956/1034/4010
f 956/1034/4011 955/1033/4012 957/1035/4013 958/1036/4014
f 958/1036/4015 957/1035/4016 950/1027/4017 959/1030/4018
f 960/1037/4019 961/1038/4020 962/1039/4021 963/1040/4022
f 960/1037/4023 963/1040/4024 964/1041/4025
f 964/1041/4026 953/1032/4027 954/1031/4028 960/1037/4029
f 965/1042/4030 966/1043/4031 967/1044/4032 1057/1045/4033
f 966/1043/4034 969/1046/4035 968/1047/4036 967/1044/4037
f 969/1046/4038 971/1048/4039 970/1049/4040 968/1047/4041
f 971/1048/4042 973/1050/4043 972/1051/4044 970/1049/4045
f 973/1050/4046 975/1052/4047 974/1053/4048 972/1051/4049
f 974/1053/4050 975/1052/4051 976/1054/4052
f 976/1054/4053 975/1052/4054 977/1055/4055 978/1056/4056
f 988/1057/4057 1030/1058/4058 987/1059/4059
f 993/1060/4060 1046/1061/4061 994/1062/4062
f 1001/1063/4063 1033/1064/4064 1003/1065/4065 1002/1066/4066
f 1005/1067/4067 1035/1068/4068 1006/1069/4069
f 1006/1069/4070 988/1057/4071 1055/1070/4072
f 1011/1071/4073 1138/1072/4074 1010/1073/4075
f 1007/1074/4076 1012/1075/4077 1256/1076/4078
f 1015/1077/4079 1016/1078/4080 1017/1079/4081 1132/1080/4082
f 1017/1079/4083 1018/1081/4084 1131/1082/4085
f 1022/1083/4086 1015/1077/4087 1132/1080/4088
f 1030/1058/4089 1031/1084/4090 987/1059/4091
f 1005/1067/4092 1004/1085/4093 1032/1086/4094 1035/1068/4095
f 1032/1086/4096 1004/1085/4097 1003/1065/4098 1033/1064/4099
f 1030/1058/4100 988/1057/4101 1034/1087/4102
f 1034/1087/4103 988/1057/4104 1006/1069/4105 1035/1068/4106
f 999/1088/4107 1036/1089/4108 1037/1090/4109 1000/1091/4110
f 1001/1063/4111 1000/1091/4112 1037/1090/4113 1033/1064/4114
f 1036/1089/4115 999/1088/4116 998/1092/4117 1038/1093/4118
f 1039/1094/4119 1040/1095/4120 986/1096/4121 985/1097/4122
f 986/1096/4123 1040/1095/4124 1041/1098/4125
f 1041/1098/4126 1042/1099/4127 989/1100/4128 986/1096/4129
f 1042/1099/4130 1043/1101/4131 990/1102/4132 989/1100/4133
f 1043/1101/4134 1044/1103/4135 991/1104/4136 990/1102/4137
f 1044/1103/4138 1045/1105/4139 992/1106/4140 991/1104/4141
f 994/1062/4142 1046/1061/4143 1047/1107/4144 995/1108/4145
f 997/1109/4146 996/1110/4147 1038/1093/4148 998/1092/4149
f 996/1110/4150 995/1108/4151 1047/1107/4152 1038/1093/4153
f 985/1097/4154 1048/1111/4155 1039/1094/4156
f 1049/1112/4157 1050/1113/4158 981/1114/4159 980/1115/4160
f 1050/1113/4161 1051/1116/4162 982/1117/4163 981/1114/4164
f 1051/1116/4165 1052/1118/4166 984/1119/4167 982/1117/4168
f 984/1119/4169 1052/1118/4170 983/1120/4171
f 979/1121/4172 983/1120/4173 1052/1118/4174 1048/1111/4175
f 1056/1122/4176 1054/1123/4177 1053/1124/4178 1055/1070/4179
f 1056/1122/4180 1055/1070/4181 988/1057/4182 987/1059/4183
f 1057/1045/4184 1058/1125/4185 1059/1126/4186 1089/1127/4187
f 1060/1128/4188 1119/1129/4189 1061/1130/4190 1062/1131/4191
f 1065/1132/4192 1004/1085/4193 1005/1067/4194
f 1001/1063/4195 1002/1066/4196 1066/1133/4197 1067/1134/4198
f 1065/1132/4199 1066/1133/4200 1003/1065/4201 1004/1085/4202
f 1003/1065/4203 1066/1133/4204 1002/1066/4205
f 995/1108/4206 1069/1135/4207 1068/1136/4208 994/1062/4209
f 1069/1135/4210 995/1108/4211 996/1110/4212 1070/1137/4213
f 1070/1137/4214 996/1110/4215 997/1109/4216 1071/1138/4217
f 1071/1138/4218 997/1109/4219 998/1092/4220 1072/1139/4221
f 1072/1139/4222 998/1092/4223 999/1088/4224 1073/1140/4225
f 999/1088/4226 1000/1091/4227 1074/1141/4228 1073/1140/4229
f 1000/1091/4230 1001/1063/4231 1067/1134/4232 1074/1141/4233
f 992/1106/4234 993/1060/4235 1075/1142/4236 1064/1143/4237
f 990/1102/4238 991/1104/4239 1076/1144/4240 1063/1145/4241
f 991/1104/4242 992/1106/4243 1064/1143/4244 1076/1144/4245
f 986/1096/4246 989/1100/4247 1062/1131/4248 1061/1130/4249
f 1077/1146/4250 1078/1147/4251 1060/1128/4252 1062/1131/4253
f 1060/1128/4254 1078/1147/4255 1079/1148/4256 1119/1129/4257
f 1079/1148/4258 1078/1147/4259 1080/1149/4260 1081/1150/4261
f 1082/1151/4262 1083/1152/4263 1084/1153/4264 1118/1154/4265
f 1083/1152/4266 1082/1151/4267 978/1056/4268
f 978/1056/4269 1082/1151/4270 974/1053/4271 976/1054/4272
f 1085/1155/4273 968/1047/4274 970/1049/4275 1082/1151/4276
f 1082/1151/4277 970/1049/4278 972/1051/4279 974/1053/4280
f 1057/1045/4281 967/1044/4282 1085/1155/4283 1058/1125/4284
f 1085/1155/4285 967/1044/4286 968/1047/4287
f 1086/1156/4288 1087/1157/4289 1088/1158/4290
f 1088/1158/4291 1087/1157/4292 1089/1127/4293 1059/1126/4294
f 1086/1156/4295 1088/1158/4296 1091/1159/4297 1090/1160/4298
f 1091/1159/4299 1088/1158/4300 1059/1126/4301
f 1093/1161/4302 1086/1156/4303 1090/1160/4304 1092/1162/4305
f 1095/1163/4306 1109/1164/4307 1094/1165/4308 1096/1166/4309
f 1095/1163/4310 1096/1166/4311 1092/1162/4312 1113/1167/4313
f 1098/1168/4314 1097/1169/4315 1099/1170/4316 1100/1171/4317
f 1100/1171/4318 1099/1170/4319 1101/1172/4320 1102/1173/4321
f 1102/1173/4322 1101/1172/4323 1103/1174/4324 1104/1175/4325
f 1104/1175/4326 1103/1174/4327 1105/1176/4328 1106/1177/4329
f 1106/1177/4330 1105/1176/4331 1107/1178/4332 1108/1179/4333
f 1108/1179/4334 1107/1178/4335 1094/1165/4336 1109/1164/4337
f 1097/1169/4338 1098/1168/4339 1110/1180/4340
f 1065/1132/4341 1055/1070/4342 1112/1181/4343 1117/1182/4344
f 1112/1181/4345 1055/1070/4346 1053/1124/4347
f 1006/1069/4348 1055/1070/4349 1065/1132/4350 1005/1067/4351
f 1113/1167/4352 1114/1183/4353 1064/1143/4354 1075/1142/4355
f 1114/1183/4356 1115/1184/4357 1076/1144/4358 1064/1143/4359
f 1115/1184/4360 1116/1185/4361 1063/1145/4362 1076/1144/4363
f 1065/1132/4364 1117/1182/4365 1111/1186/4366 1066/1133/4367
f 1066/1133/4368 1111/1186/4369 1110/1180/4370
f 1110/1180/4371 1098/1168/4372 1067/1134/4373 1066/1133/4374
f 1098/1168/4375 1100/1171/4376 1074/1141/4377 1067/1134/4378
f 1100/1171/4379 1102/1173/4380 1073/1140/4381 1074/1141/4382
f 1102/1173/4383 1104/1175/4384 1072/1139/4385 1073/1140/4386
f 1104/1175/4387 1106/1177/4388 1071/1138/4389 1072/1139/4390
f 1106/1177/4391 1108/1179/4392 1070/1137/4393 1071/1138/4394
f 1108/1179/4395 1109/1164/4396 1069/1135/4397 1070/1137/4398
f 1109/1164/4399 1095/1163/4400 1068/1136/4401 1069/1135/4402
f 1059/1126/4403 1077/1146/4404 1116/1185/4405 1091/1159/4406
f 1091/1159/4407 1116/1185/4408 1115/1184/4409 1090/1160/4410
f 1090/1160/4411 1115/1184/4412 1114/1183/4413
f 1114/1183/4414 1113/1167/4415 1092/1162/4416 1090/1160/4417
f 1095/1163/4418 1113/1167/4419 1075/1142/4420 1068/1136/4421
f 1068/1136/4422 1075/1142/4423 993/1060/4424 994/1062/4425
f 1082/1151/4426 1118/1154/4427 1081/1150/4428
f 1081/1150/4429 1080/1149/4430 1085/1155/4431 1082/1151/4432
f 1080/1149/4433 1078/1147/4434 1058/1125/4435 1085/1155/4436
f 1078/1147/4437 1077/1146/4438 1059/1126/4439 1058/1125/4440
f 1116/1185/4441 1077/1146/4442 1062/1131/4443 1063/1145/4444
f 1063/1145/4445 1062/1131/4446 989/1100/4447 990/1102/4448
f 1061/1130/4449 1119/1129/4450 985/1097/4451 986/1096/4452
f 985/1097/4453 1119/1129/4454 1120/1187/4455 979/1121/4456
f 1120/1187/4457 983/1120/4458 979/1121/4459
f 1121/1188/4460 981/1114/4461 982/1117/4462 984/1119/4463
f 984/1119/4464 983/1120/4465 1120/1187/4466 1121/1188/4467
f 980/1115/4468 981/1114/4469 1121/1188/4470 1122/1189/4471
f 1084/1153/4472 1123/1190/4473 1121/1188/4474 1118/1154/4475
f 1121/1188/4476 1123/1190/4477 1124/1191/4478 1122/1189/4479
f 1079/1148/4480 1081/1150/4481 1120/1187/4482 1119/1129/4483
f 1081/1150/4484 1118/1154/4485 1121/1188/4486 1120/1187/4487
f 1031/1084/4488 1125/1192/4489 1013/1193/4490 987/1059/4491
f 1125/1192/4492 1127/1194/4493 1014/1195/4494 1013/1193/4495
f 1126/1196/4496 1012/1075/4497 1007/1074/4498 1143/1197/4499
f 1014/1195/4500 1127/1194/4501 1128/1198/4502
f 1128/1198/4503 1129/1199/4504 1020/1200/4505 1014/1195/4506
f 1020/1200/4507 1129/1199/4508 1130/1201/4509 1019/1202/4510
f 1130/1201/4511 1131/1082/4512 1018/1081/4513 1019/1202/4514
f 1017/1079/4515 1131/1082/4516 1132/1080/4517
f 1133/1203/4518 1021/1204/4519 1022/1083/4520 1132/1080/4521
f 1021/1204/4522 1133/1203/4523 1134/1205/4524
f 1025/1206/4525 1023/1207/4526 1135/1208/4527 1026/1209/4528
f 1023/1207/4529 1024/1210/4530 1134/1205/4531 1135/1208/4532
f 1137/1211/4533 1010/1073/4534 1138/1072/4535
f 1138/1072/4536 1011/1071/4537 1139/1212/4538
f 1139/1212/4539 1011/1071/4540 1140/1213/4541
f 1140/1213/4542 1011/1071/4543 1029/1214/4544 1141/1215/4545
f 1141/1215/4546 1029/1214/4547 1028/1216/4548 1142/1217/4549
f 1142/1217/4550 1028/1216/4551 1027/1218/4552 1136/1219/4553
f 1136/1219/4554 1027/1218/4555 1026/1209/4556 1135/1208/4557
f 1008/1220/4558 1009/1221/4559 1144/1222/4560 1143/1197/4561
f 1009/1221/4562 1145/1223/4563 1144/1222/4564
f 1009/1221/4565 1010/1073/4566 1137/1211/4567 1145/1223/4568
f 1134/1205/4569 1024/1210/4570 1021/1204/4571
f 1054/1123/4572 1174/1224/4573 1146/1225/4574 1147/1226/4575
f 1147/1226/4576 1053/1124/4577 1054/1123/4578
f 1147/1226/4579 1148/1227/4580 1053/1124/4581
f 1053/1124/4582 1148/1227/4583 1149/1228/4584
f 1030/1058/4585 1034/1087/4586 1149/1228/4587 1148/1227/4588
f 1149/1228/4589 1034/1087/4590 1035/1068/4591 1152/1229/4592
f 1035/1068/4593 1032/1086/4594 1153/1230/4595 1152/1229/4596
f 1153/1230/4597 1032/1086/4598 1033/1064/4599
f 1033/1064/4600 1037/1090/4601 1154/1231/4602 1153/1230/4603
f 1037/1090/4604 1036/1089/4605 1155/1232/4606 1154/1231/4607
f 1036/1089/4608 1038/1093/4609 1156/1233/4610 1155/1232/4611
f 1038/1093/4612 1047/1107/4613 1157/1234/4614 1156/1233/4615
f 1047/1107/4616 1046/1061/4617 1158/1235/4618 1157/1234/4619
f 1046/1061/4620 1045/1105/4621 1159/1236/4622 1158/1235/4623
f 1045/1105/4624 1044/1103/4625 1160/1237/4626 1159/1236/4627
f 1044/1103/4628 1043/1101/4629 1161/1238/4630 1160/1237/4631
f 1043/1101/4632 1042/1099/4633 1162/1239/4634 1161/1238/4635
f 1042/1099/4636 1041/1098/4637 1163/1240/4638 1162/1239/4639
f 1163/1240/4640 1041/1098/4641 1164/1241/4642
f 1041/1098/4643 1040/1095/4644 1165/1242/4645 1164/1241/4646
f 1165/1242/4647 1040/1095/4648 1039/1094/4649
f 1165/1242/4650 1039/1094/4651 1048/1111/4652 1166/1243/4653
f 1167/1244/4654 1166/1243/4655 1048/1111/4656 1052/1118/4657
f 1049/1112/4658 1084/1153/4659 1150/1245/4660 1050/1113/4661
f 1050/1113/4662 1150/1245/4663 1151/1246/4664 1051/1116/4665
f 1051/1116/4666 1151/1246/4667 1168/1247/4668 1052/1118/4669
f 1052/1118/4670 1168/1247/4671 1167/1244/4672
f 1031/1084/4673 1030/1058/4674 1147/1226/4675 1146/1225/4676
f 1147/1226/4677 1030/1058/4678 1148/1227/4679
f 1149/1228/4680 1152/1229/4681 1112/1181/4682 1053/1124/4683
f 1165/1242/4684 965/1042/4685 1089/1127/4686 1164/1241/4687
f 1089/1127/4688 965/1042/4689 1057/1045/4690
f 1097/1169/4691 1110/1180/4692 1154/1231/4693 1155/1232/4694
f 1110/1180/4695 1111/1186/4696 1153/1230/4697 1154/1231/4698
f 1111/1186/4699 1117/1182/4700 1152/1229/4701 1153/1230/4702
f 1152/1229/4703 1117/1182/4704 1112/1181/4705
f 1099/1170/4706 1097/1169/4707 1155/1232/4708 1156/1233/4709
f 1158/1235/4710 1107/1178/4711 1105/1176/4712 1157/1234/4713
f 1157/1234/4714 1105/1176/4715 1103/1174/4716
f 1103/1174/4717 1101/1172/4718 1156/1233/4719 1157/1234/4720
f 1156/1233/4721 1101/1172/4722 1099/1170/4723
f 1159/1236/4724 1096/1166/4725 1094/1165/4726 1158/1235/4727
f 1158/1235/4728 1094/1165/4729 1107/1178/4730
f 1160/1237/4731 1092/1162/4732 1096/1166/4733 1159/1236/4734
f 1162/1239/4735 1086/1156/4736 1093/1161/4737 1161/1238/4738
f 1093/1161/4739 1092/1162/4740 1160/1237/4741 1161/1238/4742
f 1089/1127/4743 1087/1157/4744 1163/1240/4745 1164/1241/4746
f 1087/1157/4747 1086/1156/4748 1162/1239/4749 1163/1240/4750
f 1150/1245/4751 1083/1152/4752 978/1056/4753 977/1055/4754
f 977/1055/4755 975/1052/4756 1151/1246/4757 1150/1245/4758
f 975/1052/4759 973/1050/4760 1168/1247/4761 1151/1246/4762
f 973/1050/4763 971/1048/4764 1167/1244/4765 1168/1247/4766
f 971/1048/4767 969/1046/4768 1166/1243/4769 1167/1244/4770
f 969/1046/4771 966/1043/4772 1165/1242/4773 1166/1243/4774
f 1165/1242/4775 966/1043/4776 965/1042/4777
f 1123/1190/4778 1084/1153/4779 1049/1112/4780 1124/1191/4781
f 1150/1245/4782 1084/1153/4783 1083/1152/4784
f 1049/1112/4785 980/1115/4786 1122/1189/4787 1124/1191/4788
f 1054/1123/4789 1056/1122/4790 1169/1248/4791
f 1056/1122/4792 1171/1249/4793 1170/1250/4794 1169/1248/4795
f 1171/1249/4796 1056/1122/4797 987/1059/4798 1013/1193/4799
f 1170/1250/4800 1172/1251/4801 1173/1252/4802 1169/1248/4803
f 1169/1248/4804 1173/1252/4805 1174/1224/4806 1054/1123/4807
f 962/1039/4808 1255/1253/4809 1126/1196/4810 1143/1197/4811
f 1146/1225/4812 1174/1224/4813 1125/1192/4814 1031/1084/4815
f 950/1027/4816 1137/1211/4817 1138/1072/4818 951/1028/4819
f 1174/1224/4820 1173/1252/4821 1125/1192/4822
f 1173/1252/4823 1172/1251/4824 1127/1194/4825 1125/1192/4826
f 1172/1251/4827 1175/1254/4828 1128/1198/4829 1127/1194/4830
f 1128/1198/4831 1175/1254/4832 1129/1199/4833
f 1129/1199/4834 1175/1254/4835 1176/1255/4836 1130/1201/4837
f 1130/1201/4838 1176/1255/4839 1177/1256/4840 1131/1082/4841
f 1131/1082/4842 1177/1256/4843 1178/1257/4844 1132/1080/4845
f 1132/1080/4846 1178/1257/4847 1179/1258/4848 1133/1203/4849
f 1133/1203/4850 1179/1258/4851 1180/1259/4852 1134/1205/4853
f 1134/1205/4854 1180/1259/4855 1181/1260/4856 1135/1208/4857
f 1135/1208/4858 1181/1260/4859 1182/1261/4860 1136/1219/4861
f 1136/1219/4862 1182/1261/4863 1183/1262/4864 1142/1217/4865
f 1142/1217/4866 1183/1262/4867 1184/1263/4868 1141/1215/4869
f 1141/1215/4870 1184/1263/4871 1185/1264/4872 1140/1213/4873
f 1140/1213/4874 1185/1264/4875 1186/1265/4876 1139/1212/4877
f 1139/1212/4878 1186/1265/4879 1187/1266/4880 1138/1072/4881
f 1187/1266/4882 952/1029/4883 951/1028/4884
f 953/1032/4885 1144/1222/4886 1145/1223/4887 955/1033/4888
f 1137/1211/4889 950/1027/4890 957/1035/4891 1145/1223/4892
f 1145/1223/4893 957/1035/4894 955/1033/4895
f 963/1040/4896 962/1039/4897 1143/1197/4898 964/1041/4899
f 964/1041/4900 1143/1197/4901 1144/1222/4902 953/1032/4903
f 1188/1267/4904 1189/1268/4905 1190/1269/4906 1212/1270/4907
f 1191/1271/4908 1192/1272/4909 1193/1273/4910
f 1194/1274/4911 1195/1275/4912 1196/1276/4913 1252/1277/4914
f 1197/1278/4915 1198/1279/4916 1199/1280/4917
f 1200/1281/4918 1022/1083/4919 1021/1204/4920 1201/1282/4921
f 1021/1204/4922 1024/1210/4923 1202/1283/4924 1201/1282/4925
f 1015/1077/4926 1022/1083/4927 1200/1281/4928 1203/1284/4929
f 1016/1078/4930 1015/1077/4931 1203/1284/4932 1204/1285/4933
f 1018/1081/4934 1017/1079/4935 1206/1286/4936 1205/1287/4937
f 1017/1079/4938 1016/1078/4939 1204/1285/4940 1206/1286/4941
f 1207/1288/4942 1014/1195/4943 1020/1200/4944 1208/1289/4945
f 1208/1289/4946 1020/1200/4947 1019/1202/4948
f 1019/1202/4949 1018/1081/4950 1205/1287/4951 1208/1289/4952
f 1171/1249/4953 1013/1193/4954 1014/1195/4955
f 1171/1249/4956 1014/1195/4957 1207/1288/4958
f 1198/1279/4959 1209/1290/4960 1207/1288/4961 1208/1289/4962
f 1209/1290/4963 1170/1250/4964 1171/1249/4965 1207/1288/4966
f 1194/1274/4967 1197/1278/4968 1199/1280/4969 1195/1275/4970
f 1211/1291/4971 1192/1272/4972 1191/1271/4973 1210/1292/4974
f 1212/1270/4975 1190/1269/4976 1213/1293/4977 1214/1294/4978
f 1213/1293/4979 1216/1295/4980 1215/1296/4981 1214/1294/4982
f 1217/1297/4983 1218/1298/4984 1219/1299/4985
f 1218/1298/4986 1215/1296/4987 1216/1295/4988 1219/1299/4989
f 1220/1300/4990 1217/1297/4991 1219/1299/4992 1221/1301/4993
f 1221/1301/4994 1219/1299/4995 1223/1302/4996 1222/1303/4997
f 1223/1302/4998 1219/1299/4999 1224/1304/5000
f 1224/1304/5001 1219/1299/5002 1216/1295/5003 1230/1305/5004
f 1225/1306/5005 1226/1307/5006 1227/1308/5007 1231/1309/5008
f 1227/1308/5009 1226/1307/5010 1228/1310/5011
f 1226/1307/5012 1225/1306/5013 1229/1311/5014 1228/1310/5015
f 1228/1310/5016 1229/1311/5017 1230/1305/5018
f 1231/1309/5019 1232/1312/5020 1028/1216/5021 1029/1214/5022
f 1028/1216/5023 1232/1312/5024 1233/1313/5025 1027/1218/5026
f 1024/1210/5027 1023/1207/5028 1234/1314/5029 1202/1283/5030
f 1023/1207/5031 1025/1206/5032 1235/1315/5033 1234/1314/5034
f 1235/1315/5035 1025/1206/5036 1236/1316/5037
f 1236/1316/5038 1025/1206/5039 1026/1209/5040 1233/1313/5041
f 1233/1313/5042 1026/1209/5043 1027/1218/5044
f 1197/1278/5045 1177/1256/5046 1198/1279/5047
f 1208/1289/5048 1205/1287/5049 1199/1280/5050 1198/1279/5051
f 1205/1287/5052 1206/1286/5053 1195/1275/5054 1199/1280/5055
f 1206/1286/5056 1204/1285/5057 1196/1276/5058 1195/1275/5059
f 1204/1285/5060 1203/1284/5061 1237/1317/5062 1196/1276/5063
f 1203/1284/5064 1200/1281/5065 1238/1318/5066 1237/1317/5067
f 1200/1281/5068 1201/1282/5069 1239/1319/5070 1238/1318/5071
f 1201/1282/5072 1202/1283/5073 1240/1320/5074 1239/1319/5075
f 1202/1283/5076 1234/1314/5077 1241/1321/5078 1240/1320/5079
f 1234/1314/5080 1235/1315/5081 1242/1322/5082 1241/1321/5083
f 1235/1315/5084 1236/1316/5085 1243/1323/5086 1242/1322/5087
f 1236/1316/5088 1233/1313/5089 1244/1324/5090 1243/1323/5091
f 1233/1313/5092 1232/1312/5093 1245/1325/5094 1244/1324/5095
f 1232/1312/5096 1231/1309/5097 1227/1308/5098 1245/1325/5099
f 1225/1306/5100 1231/1309/5101 1029/1214/5102 1011/1071/5103
f 1227/1308/5104 1210/1292/5105 1245/1325/5106
f 1245/1325/5107 1210/1292/5108 1191/1271/5109 1244/1324/5110
f 1244/1324/5111 1191/1271/5112 1193/1273/5113 1243/1323/5114
f 1243/1323/5115 1193/1273/5116 1246/1326/5117 1242/1322/5118
f 1242/1322/5119 1246/1326/5120 1247/1327/5121 1241/1321/5122
f 1241/1321/5123 1247/1327/5124 1248/1328/5125 1240/1320/5126
f 1240/1320/5127 1248/1328/5128 1249/1329/5129 1239/1319/5130
f 1239/1319/5131 1249/1329/5132 1250/1330/5133 1238/1318/5134
f 1238/1318/5135 1250/1330/5136 1251/1331/5137 1237/1317/5138
f 1251/1331/5139 1252/1277/5140 1196/1276/5141 1237/1317/5142
f 1211/1291/5143 1210/1292/5144 1189/1268/5145 1188/1267/5146
f 1210/1292/5147 1227/1308/5148 1190/1269/5149 1189/1268/5150
f 1227/1308/5151 1228/1310/5152 1213/1293/5153 1190/1269/5154
f 1228/1310/5155 1230/1305/5156 1216/1295/5157 1213/1293/5158
f 1224/1304/5159 1230/1305/5160 1229/1311/5161 1257/1332/5162
f 1253/1333/5163 1256/1076/5164 1254/1334/5165 1255/1253/5166
f 1256/1076/5167 1253/1333/5168 1008/1220/5169 1007/1074/5170
f 1009/1221/5171 1008/1220/5172 1253/1333/5173 1257/1332/5174
f 1011/1071/5175 1010/1073/5176 1258/1335/5177
f 1258/1335/5178 1010/1073/5179 1257/1332/5180
f 1257/1332/5181 1010/1073/5182 1009/1221/5183
f 1011/1071/5184 1258/1335/5185 1225/1306/5186
f 1258/1335/5187 1257/1332/5188 1229/1311/5189 1225/1306/5190
f 1224/1304/5191 1257/1332/5192 1253/1333/5193 1223/1302/5194
f 1223/1302/5195 1253/1333/5196 1255/1253/5197 1222/1303/5198
f 1170/1250/5199 1209/1290/5200 1175/1254/5201 1172/1251/5202
f 1209/1290/5203 1198/1279/5204 1176/1255/5205 1175/1254/5206
f 1176/1255/5207 1198/1279/5208 1177/1256/5209
f 1197/1278/5210 1194/1274/5211 1178/1257/5212 1177/1256/5213
f 1194/1274/5214 1252/1277/5215 1179/1258/5216 1178/1257/5217
f 1181/1260/5218 1180/1259/5219 1250/1330/5220 1249/1329/5221
f 1179/1258/5222 1252/1277/5223 1251/1331/5224 1180/1259/5225
f 1180/1259/5226 1251/1331/5227 1250/1330/5228
f 1181/1260/5229 1249/1329/5230 1248/1328/5231
f 1248/1328/5232 1247/1327/5233 1182/1261/5234 1181/1260/5235
f 1182/1261/5236 1247/1327/5237 1246/1326/5238
f 1246/1326/5239 1193/1273/5240 1183/1262/5241 1182/1261/5242
f 1193/1273/5243 1192/1272/5244 1184/1263/5245 1183/1262/5246
f 1192/1272/5247 1211/1291/5248 1185/1264/5249 1184/1263/5250
f 1211/1291/5251 1188/1267/5252 1186/1265/5253 1185/1264/5254
f 1188/1267/5255 1212/1270/5256 1187/1266/5257 1186/1265/5258
f 1212/1270/5259 1214/1294/5260 952/1029/5261 1187/1266/5262
f 952/1029/5263 1214/1294/5264 1215/1296/5265 959/1030/5266
f 1220/1300/5267 1221/1301/5268 962/1039/5269 961/1038/5270
f 956/1034/5271 958/1036/5272 1218/1298/5273
f 1218/1298/5274 958/1036/5275 959/1030/5276 1215/1296/5277
f 956/1034/5278 1218/1298/5279 1217/1297/5280 954/1031/5281
f 954/1031/5282 1217/1297/5283 1220/1300/5284 960/1037/5285
f 1220/1300/5286 961/1038/5287 960/1037/5288
f 1256/1076/5289 1012/1075/5290 1126/1196/5291
f 1222/1303/5292 1255/1253/5293 962/1039/5294 1221/1301/5295
f 1126/1196/5296 1255/1253/5297 1254/1334/5298 1256/1076/5299
f 1008/1220/5300 1143/1197/5301 1007/1074/5302
f 1046/1061/5303 993/1060/5304 992/1106/5305 1045/1105/5306
f 979/1121/5307 1048/1111/5308 985/1097/5309
f 689/487/5310 685/702/5311 690/709/5312
f 469/485/5313 468/484/5314 470/486/5315
f 689/487/5316 470/486/5317 685/702/5318
f 470/486/5319 468/484/5320 685/702/5321
f 451/468/5322 426/442/5323 452/482/5324
f 452/482/5325 428/444/5326 453/470/5327
f 438/455/5328 472/489/5329 439/452/5330
f 490/511/5331 279/284/5332 492/513/5333
f 463/479/5334 283/287/5335 473/491/5336
f 480/499/5337 303/310/5338 481/500/5339
f 472/489/5340 504/504/5341 503/490/5342
f 810/873/5343 809/872/5344 811/874/5345
f 271/274/5346 809/872/5347 295/300/5348
f 3/3/5349 277/282/5350 310/316/5351
f 1187/1266/5352 951/1028/5353 1138/1072/5354
f 710/728/5355 756/808/5356 711/730/5357
f 701/720/5358 403/416/5359 702/721/5360
f 716/735/5361 705/723/5362 714/733/5363
f 714/733/5364 387/397/5365 715/734/5366
f 718/739/5367 717/737/5368 386/396/5369 401/415/5370
f 386/396/5371 717/737/5372 387/397/5373
f 680/700/5374 368/376/5375 681/375/5376
f 400/414/5377 368/376/5378 680/700/5379 399/738/5380
f 730/405/5381 392/404/5382 643/659/5383
f 678/698/5384 76/75/5385 679/699/5386
f 518/536/5387 88/85/5388 519/537/5389
f 610/629/5390 543/565/5391 611/380/5392
f 540/560/5393 533/553/5394 534/552/5395
f 943/1008/5396 354/361/5397 819/882/5398
f 929/1007/5399 819/882/5400 846/909/5401
f 930/942/5402 344/348/5403 883/945/5404
f 833/896/5405 344/348/5406 916/994/5407
f 28/675/5408 1329/25/5409 29/24/5410 30/61/5411
f 28/675/5412 25/670/5413 24/27/5414 1329/25/5415
f 24/27/5416 25/670/5417 647/666/5418 648/665/5419
f 63/59/5420 59/55/5421 57/54/5422 62/58/5423
f 97/99/5424 91/91/5425 50/45/5426 52/46/5427
f 105/107/5428 99/100/5429 106/105/5430
f 34/657/5431 1330/33/5432 32/35/5433 31/655/5434
f 39/201/5435 1331/32/5436 1330/33/5437 34/657/5438
f 35/29/5439 1331/32/5440 39/201/5441 38/87/5442
f 89/90/5443 88/85/5444 85/83/5445 1332/88/5446
f 90/89/5447 1332/88/5448 85/83/5449 84/82/5450
f 78/76/5451 68/63/5452 150/152/5453 151/155/5454
f 79/77/5455 75/74/5456 73/70/5457 77/73/5458
f 182/186/5459 180/184/5460 162/166/5461
f 161/163/5462 239/241/5463 181/185/5464
f 231/248/5465 1333/233/5466 230/160/5467 232/232/5468
f 231/248/5469 201/234/5470 1334/207/5471 1333/233/5472
f 1334/207/5473 201/234/5474 202/236/5475 1335/95/5476
f 203/208/5477 92/92/5478 1335/95/5479 202/236/5480
f 95/98/5481 735/764/5482 736/765/5483 96/96/5484
f 739/769/5485 158/162/5486 737/766/5487
f 97/99/5488 732/762/5489 733/761/5490 95/98/5491
f 103/104/5492 101/102/5493 98/93/5494
