# This file uses centimeters as units for non-parametric coordinates.

mtllib left_hip_yaw_link.mtl
g default
v 0.000507 0.043703 -0.007027
v 0.000520 0.044341 -0.000528
v 0.000352 0.000806 -0.000505
v 0.000331 0.000800 -0.013505
v 0.000494 0.043057 -0.013527
v 0.000183 -0.042729 -0.000483
v 0.000175 -0.042097 -0.006983
v 0.000167 -0.041458 -0.013484
v 0.052364 0.004455 -0.000506
v 0.052385 0.000605 -0.000504
v 0.008227 0.044327 -0.000527
v 0.010839 0.044273 -0.000527
v 0.015070 0.044116 -0.000527
v 0.051827 0.015096 -0.000511
v 0.052098 0.011700 -0.000509
v 0.052273 0.008153 -0.000507
v 0.020402 0.043757 -0.000527
v 0.024892 0.043264 -0.000526
v 0.028129 0.042757 -0.000526
v 0.050132 0.024804 -0.000516
v 0.050251 0.024366 -0.000516
v 0.031571 0.042028 -0.000525
v 0.034655 0.041144 -0.000525
v 0.035728 0.040770 -0.000525
v 0.047646 0.031042 -0.000519
v 0.048616 0.029087 -0.000518
v 0.049439 0.027006 -0.000517
v 0.050925 0.021430 -0.000514
v 0.051442 0.018340 -0.000513
v 0.038069 0.039800 -0.000524
v 0.040181 0.038693 -0.000523
v 0.042088 0.037432 -0.000523
v 0.042560 0.037071 -0.000523
v 0.042913 0.036786 -0.000522
v 0.044098 0.035723 -0.000522
v 0.045481 0.034226 -0.000521
v 0.046719 0.032563 -0.000520
v 0.014685 -0.042618 -0.000483
v 0.010503 -0.042740 -0.000483
v 0.010065 -0.042748 -0.000483
v 0.005232 -0.042780 -0.000483
v 0.052353 -0.002321 -0.000502
v 0.052149 -0.008284 -0.000499
v 0.051757 -0.013470 -0.000496
v 0.030973 -0.040721 -0.000483
v 0.029981 -0.040941 -0.000483
v 0.027280 -0.041446 -0.000483
v 0.025902 -0.041659 -0.000483
v 0.023282 -0.041992 -0.000483
v 0.019091 -0.042373 -0.000483
v 0.051639 -0.014572 -0.000496
v 0.051257 -0.017436 -0.000494
v 0.050635 -0.020822 -0.000493
v 0.038275 -0.038239 -0.000484
v 0.037304 -0.038684 -0.000484
v 0.034997 -0.039578 -0.000484
v 0.032555 -0.040323 -0.000483
v 0.049859 -0.023868 -0.000491
v 0.048980 -0.026454 -0.000490
v 0.047945 -0.028791 -0.000489
v 0.047707 -0.029252 -0.000488
v 0.047535 -0.029570 -0.000488
v 0.046599 -0.031119 -0.000487
v 0.043439 -0.034809 -0.000486
v 0.041857 -0.036102 -0.000485
v 0.040133 -0.037242 -0.000485
v 0.045345 -0.032813 -0.000487
v 0.043931 -0.034347 -0.000486
v 0.049913 0.011796 -0.013509
v 0.050091 0.008229 -0.013508
v 0.050267 0.010405 -0.011996
v 0.010345 0.043919 -0.004187
v 0.020307 0.043174 -0.006126
v 0.030135 0.041465 -0.008039
v 0.025249 0.042488 -0.007089
v 0.039327 0.037669 -0.009823
v 0.037157 0.038913 -0.009403
v 0.034879 0.039939 -0.008961
v 0.041345 0.036181 -0.010214
v 0.043159 0.034445 -0.010566
v 0.044733 0.032479 -0.010873
v 0.046056 0.030317 -0.011131
v 0.047135 0.028006 -0.011344
v 0.047994 0.025596 -0.011515
v 0.049188 0.020619 -0.011758
v 0.049888 0.015532 -0.011909
v 0.050613 0.000607 -0.011211
v 0.050183 0.004500 -0.013506
v 0.050203 0.000607 -0.013504
v 0.049634 0.015201 -0.013511
v 0.049233 0.018444 -0.013513
v 0.048688 0.021525 -0.013514
v 0.048274 0.023320 -0.013515
v 0.047634 0.025544 -0.013517
v 0.046863 0.027647 -0.013518
v 0.045946 0.029625 -0.013519
v 0.045065 0.031164 -0.013519
v 0.043895 0.032827 -0.013520
v 0.042574 0.034337 -0.013521
v 0.041096 0.035698 -0.013522
v 0.040711 0.036009 -0.013522
v 0.038900 0.037275 -0.013523
v 0.036896 0.038387 -0.013523
v 0.034670 0.039362 -0.013524
v 0.033863 0.039663 -0.013524
v 0.030968 0.040562 -0.013525
v 0.029212 0.040997 -0.013525
v 0.027732 0.041311 -0.013525
v 0.024864 0.041810 -0.013526
v 0.020645 0.042337 -0.013526
v 0.001634 0.043063 -0.013527
v 0.009130 0.042998 -0.013527
v 0.015635 0.042735 -0.013526
v 0.019136 0.042480 -0.013526
v 0.050153 -0.003252 -0.013502
v 0.050035 -0.006949 -0.013500
v 0.008229 -0.041473 -0.013483
v 0.014812 -0.041278 -0.013483
v 0.049117 -0.017083 -0.013495
v 0.049534 -0.013865 -0.013496
v 0.049834 -0.010487 -0.013498
v 0.018814 -0.041024 -0.013483
v 0.019906 -0.040932 -0.013483
v 0.024192 -0.040448 -0.013483
v 0.027079 -0.039986 -0.013484
v 0.028900 -0.039619 -0.013484
v 0.030369 -0.039273 -0.013484
v 0.047360 -0.024550 -0.013491
v 0.048029 -0.022352 -0.013492
v 0.048560 -0.020140 -0.013493
v 0.033314 -0.038407 -0.013484
v 0.034169 -0.038102 -0.013484
v 0.036430 -0.037152 -0.013485
v 0.038467 -0.036064 -0.013485
v 0.040307 -0.034819 -0.013486
v 0.040693 -0.034519 -0.013486
v 0.044737 -0.030051 -0.013488
v 0.045615 -0.028577 -0.013489
v 0.046560 -0.026627 -0.013490
v 0.042194 -0.033182 -0.013487
v 0.043540 -0.031696 -0.013487
v 0.024926 -0.041073 -0.007046
v 0.045826 -0.029067 -0.011101
v 0.049773 -0.014313 -0.011894
v 0.034575 -0.038600 -0.008921
v 0.010012 -0.042386 -0.004142
v 0.019979 -0.041720 -0.006082
v 0.029820 -0.040089 -0.007997
v 0.044487 -0.031219 -0.010840
v 0.042897 -0.033173 -0.010532
v 0.041070 -0.034894 -0.010178
v 0.049033 -0.019395 -0.011738
v 0.047801 -0.024362 -0.011489
v 0.050191 -0.009189 -0.011986
v 0.046923 -0.026765 -0.011316
v 0.036862 -0.037592 -0.009363
v 0.039041 -0.036366 -0.009785
v -0.037832 0.038333 -0.013625
v -0.036302 0.038966 -0.013626
v -0.019662 0.017670 -0.013615
v -0.024163 0.009942 -0.013611
v -0.051462 0.017672 -0.013615
v -0.050189 0.023410 -0.013618
v -0.025750 0.001142 -0.013606
v -0.052299 0.010269 -0.013611
v -0.052030 0.013369 -0.013613
v 0.027035 -0.039981 -0.013585
v 0.012789 -0.021308 -0.013595
v 0.030232 -0.039294 -0.013585
v 0.019662 -0.015586 -0.013597
v 0.036643 -0.037033 -0.013586
v -0.033932 0.039772 -0.013626
v -0.028199 0.041121 -0.013627
v -0.012789 0.023392 -0.013618
v -0.020450 0.042157 -0.013627
v -0.004373 0.026418 -0.013619
v -0.009528 0.042841 -0.013627
v 0.004569 0.026383 -0.013619
v -0.024231 -0.007671 -0.013602
v -0.052214 -0.010399 -0.013600
v -0.052619 0.001004 -0.013562
v -0.032395 -0.038432 -0.013586
v -0.039536 -0.035741 -0.013587
v -0.019789 -0.015433 -0.013598
v -0.042287 -0.034017 -0.013588
v -0.044751 -0.031864 -0.013589
v -0.046191 -0.030190 -0.013590
v 0.020618 -0.040854 -0.013584
v 0.016225 -0.041191 -0.013584
v 0.004373 -0.024334 -0.013593
v 0.005346 -0.041484 -0.013584
v 0.000173 -0.024707 -0.013593
v -0.002812 -0.041392 -0.013584
v -0.004569 -0.024299 -0.013593
v -0.005103 -0.041335 -0.013584
v -0.012961 -0.021208 -0.013595
v -0.021308 -0.040338 -0.013585
v -0.026958 -0.039576 -0.013585
v 0.006133 0.043038 -0.013628
v 0.016626 0.042662 -0.013627
v 0.012961 0.023292 -0.013617
v 0.024167 0.041901 -0.013627
v 0.019789 0.017517 -0.013614
v 0.027799 0.041286 -0.013627
v -0.048398 0.028160 -0.013620
v -0.046832 0.030906 -0.013621
v -0.048279 -0.026856 -0.013592
v -0.050606 -0.020524 -0.013595
v -0.044079 0.034224 -0.013623
v -0.041143 0.036545 -0.013624
v 0.048592 -0.019904 -0.013595
v 0.048182 -0.021690 -0.013594
v 0.046615 -0.026452 -0.013592
v 0.029913 0.040820 -0.013626
v 0.034461 0.039429 -0.013626
v 0.038200 0.037677 -0.013625
v 0.045180 -0.029306 -0.013590
v 0.041685 -0.033646 -0.013588
v 0.049195 -0.016433 -0.013597
v 0.024163 -0.007858 -0.013601
v 0.049880 -0.009527 -0.013600
v 0.025750 0.000942 -0.013606
v 0.050186 0.000532 -0.013606
v 0.041151 0.035633 -0.013624
v 0.043449 0.033344 -0.013622
v 0.049426 0.016889 -0.013614
v 0.024231 0.009755 -0.013610
v 0.048631 0.021713 -0.013616
v 0.050077 0.008168 -0.013610
v 0.045736 0.029985 -0.013621
v 0.047273 0.026542 -0.013619
v -0.012961 -0.021208 0.000000
v -0.004569 -0.024299 0.000000
v -0.015109 -0.019809 0.000000
v -0.019789 -0.015433 0.000000
v -0.024231 -0.007671 0.000000
v -0.025750 0.001142 0.000000
v -0.024163 0.009942 0.000000
v -0.019662 0.017670 0.000000
v -0.012789 0.023392 0.000000
v -0.004373 0.026418 0.000000
v 0.004569 0.026383 0.000000
v 0.012961 0.023292 0.000000
v 0.019789 0.017517 0.000000
v 0.024231 0.009755 0.000000
v 0.025750 0.000942 0.000000
v 0.024163 -0.007858 0.000000
v 0.019662 -0.015586 0.000000
v 0.012789 -0.021308 0.000000
v 0.004373 -0.024334 0.000000
v 0.000000 0.001042 0.000000
v -0.040112 -0.034694 -0.154682
v -0.039982 -0.025123 -0.154848
v -0.041513 -0.025116 -0.152399
v -0.037823 -0.034330 -0.159166
v -0.037275 -0.025137 -0.160336
v -0.043522 -0.034921 -0.149757
v -0.043460 -0.025107 -0.149724
v 0.002272 -0.036406 -0.073864
v 0.003656 -0.036759 -0.069188
v 0.007992 -0.036315 -0.070690
v -0.002516 -0.035393 -0.088692
v -0.007618 -0.034622 -0.102625
v -0.002504 -0.034298 -0.101780
v -0.011057 -0.034263 -0.111143
v -0.005444 -0.033952 -0.109161
v -0.007062 -0.033797 -0.113027
v 0.003020 -0.035194 -0.086473
v 0.000276 -0.034706 -0.094333
v -0.001095 -0.034494 -0.098064
v -0.027829 -0.033583 -0.153212
v -0.031571 -0.034149 -0.151485
v -0.022687 -0.033371 -0.144644
v -0.024955 -0.033864 -0.140114
v -0.016672 -0.033325 -0.133565
v -0.020538 -0.033829 -0.131728
v -0.019065 -0.033848 -0.128774
v -0.010865 -0.033522 -0.121621
v -0.013149 -0.034101 -0.116026
v -0.037118 -0.034474 -0.157966
v -0.034397 -0.034025 -0.163090
v -0.034830 -0.033999 -0.163702
v -0.037038 -0.034560 -0.156599
v 0.012568 -0.037651 -0.053876
v 0.007096 -0.038708 -0.046009
v 0.009670 -0.039611 -0.034757
v 0.004243 -0.037817 -0.057196
v 0.017578 -0.039533 -0.030513
v 0.016197 -0.038886 -0.038327
v 0.012282 -0.040479 -0.023813
v 0.015767 -0.040169 -0.025277
v 0.001985 -0.039703 -0.034787
v 0.004119 -0.040621 -0.023712
v -0.005740 -0.037176 -0.065935
v -0.004803 -0.037489 -0.062034
v -0.001946 -0.038357 -0.051279
v -0.006961 -0.036875 -0.069737
v -0.012987 -0.036915 -0.067543
v -0.010757 -0.037546 -0.059868
v -0.042494 -0.034923 -0.149058
v -0.041974 -0.034906 -0.148750
v -0.011236 -0.035885 -0.083550
v -0.012896 -0.035574 -0.088484
v -0.016543 -0.035029 -0.098576
v -0.019853 -0.034681 -0.106989
v -0.021422 -0.034559 -0.110766
v -0.027088 -0.034327 -0.123423
v -0.029146 -0.034316 -0.127679
v -0.033118 -0.034395 -0.135451
v -0.050042 -0.016451 -0.149032
v -0.050075 -0.025081 -0.149029
v -0.045111 -0.016474 -0.155078
v -0.044324 -0.025107 -0.156361
v -0.044290 -0.016477 -0.156366
v -0.040928 -0.016494 -0.163292
v -0.040423 -0.025127 -0.164826
v -0.040388 -0.016497 -0.164829
v -0.035704 -0.033813 -0.164927
v -0.000017 -0.025751 -0.141287
v -0.006031 -0.030168 -0.138532
v 0.003631 -0.030923 -0.118058
v -0.011537 -0.032230 -0.135956
v 0.006306 -0.033913 -0.094247
v 0.011089 -0.035858 -0.071760
v 0.016835 -0.034560 -0.073744
v -0.002004 -0.032820 -0.115413
v -0.022667 -0.032356 -0.155593
v -0.018543 -0.030796 -0.157492
v -0.016005 -0.029408 -0.158663
v -0.012487 -0.026688 -0.160282
v 0.005158 -0.022538 -0.138214
v -0.008041 -0.020779 -0.162331
v -0.010064 -0.023919 -0.161397
v 0.008785 -0.027815 -0.120439
v 0.015722 -0.023753 -0.116335
v 0.024889 -0.030920 -0.076508
v 0.017474 -0.029030 -0.099412
v 0.027455 -0.028920 -0.077382
v 0.030253 -0.025854 -0.078329
v 0.023800 -0.024861 -0.096362
v 0.020811 -0.033141 -0.075111
v 0.012113 -0.032075 -0.096941
v 0.030918 -0.024741 -0.078568
v 0.033728 -0.026457 -0.067246
v 0.031576 -0.022940 -0.078818
v 0.034160 -0.023368 -0.070740
v 0.034524 -0.025060 -0.067479
v 0.037402 -0.023993 -0.058784
v 0.038897 -0.025980 -0.049836
v 0.040770 -0.024761 -0.044086
v 0.038103 -0.027400 -0.049690
v 0.043964 -0.028925 -0.021380
v 0.045480 -0.025975 -0.020960
v -0.052117 -0.020944 -0.053113
v -0.053485 -0.015356 -0.052601
v -0.053117 -0.015315 -0.044594
v -0.053974 -0.007898 -0.044289
v -0.054348 -0.007766 -0.052279
v -0.054576 0.000992 -0.052185
v -0.054256 0.000995 -0.044192
v -0.051952 -0.020327 -0.045012
v -0.050610 -0.023913 -0.045492
v -0.050567 -0.024629 -0.053697
v -0.048987 -0.026842 -0.046069
v -0.048719 -0.027508 -0.054397
v -0.046782 -0.029549 -0.046849
v -0.047395 -0.029015 -0.054901
v -0.045537 -0.030683 -0.047289
v -0.046225 -0.030092 -0.055344
v -0.044151 -0.031729 -0.047781
v -0.043698 -0.031872 -0.056294
v -0.040982 -0.033502 -0.048912
v -0.036840 -0.035016 -0.050400
v -0.040270 -0.033518 -0.057569
v -0.032157 -0.036093 -0.052093
v -0.035670 -0.034926 -0.059263
v -0.024606 -0.037045 -0.054833
v -0.029638 -0.035999 -0.061472
v -0.021215 -0.036710 -0.064546
v -0.015089 -0.037502 -0.058292
v -0.017290 -0.036852 -0.065975
v 0.048794 0.000533 -0.020972
v 0.045766 0.001537 -0.035686
v 0.048554 -0.008720 -0.020967
v 0.045218 -0.012502 -0.035582
v 0.047971 -0.015543 -0.020963
v 0.044217 -0.019421 -0.035364
v 0.046911 -0.021454 -0.020958
v 0.032591 -0.016556 -0.079275
v 0.036670 -0.019449 -0.065085
v 0.037523 -0.012483 -0.065307
v 0.033232 -0.008796 -0.079558
v 0.037233 0.015626 -0.065170
v 0.032796 0.014516 -0.079327
v 0.033451 0.000638 -0.079647
v 0.036170 0.022546 -0.064860
v 0.031134 0.025285 -0.078550
v 0.034745 0.025996 -0.066751
v 0.044804 0.028780 -0.020990
v 0.042178 0.027964 -0.034314
v 0.046235 0.025269 -0.020986
v 0.043880 0.022417 -0.035198
v 0.047459 0.020489 -0.020982
v 0.045091 0.015559 -0.035494
v 0.048256 0.014815 -0.020980
v 0.048768 0.004916 -0.020975
v 0.041614 -0.012482 -0.050526
v 0.042202 0.001571 -0.050642
v 0.037994 0.001584 -0.065402
v 0.040628 -0.019408 -0.050295
v 0.041396 0.015590 -0.050412
v 0.040192 0.022451 -0.050095
v 0.037823 0.026727 -0.054588
v 0.038235 0.028500 -0.049699
v 0.043105 0.031610 -0.020993
v 0.033960 0.027459 -0.067261
v 0.030793 0.026271 -0.078437
v 0.038035 0.030048 -0.046306
v 0.034356 0.029094 -0.062290
v 0.031222 0.028431 -0.073424
v 0.029725 0.028151 -0.078024
v -0.002540 0.039246 -0.054427
v -0.005543 0.038354 -0.065829
v 0.005875 0.037783 -0.069790
v 0.027818 0.030218 -0.077381
v 0.026839 0.031106 -0.077048
v 0.030342 0.032323 -0.063485
v 0.024803 0.032635 -0.076353
v 0.017162 0.035940 -0.073710
v 0.019516 0.038799 -0.046287
v 0.011681 0.037088 -0.071807
v 0.009477 0.039929 -0.044027
v 0.001113 0.040633 -0.038542
v 0.005529 0.042296 -0.021044
v 0.016696 0.041865 -0.021026
v 0.025485 0.040813 -0.021013
v 0.024478 0.037680 -0.047363
v 0.030443 0.039705 -0.021006
v 0.021564 0.034396 -0.075238
v 0.025957 0.034938 -0.062619
v 0.029262 0.035919 -0.048346
v 0.034899 0.038101 -0.021002
v 0.037896 0.036504 -0.021000
v 0.033674 0.033272 -0.049169
v 0.040717 0.034327 -0.020999
v -0.001521 0.036832 -0.086330
v -0.008147 0.035944 -0.104648
v 0.000623 0.034715 -0.108764
v 0.001138 0.030867 -0.130454
v -0.002853 0.032803 -0.128587
v -0.010212 0.031753 -0.146514
v -0.014022 0.033300 -0.144739
v -0.007065 0.034085 -0.126608
v -0.018793 0.034548 -0.142515
v -0.015726 0.035459 -0.122534
v -0.024832 0.035476 -0.139699
v -0.027119 0.035932 -0.124107
v -0.033041 0.036050 -0.135873
v -0.015241 0.036566 -0.095879
v -0.020964 0.036090 -0.110381
v -0.024113 0.035970 -0.117611
v 0.007382 0.035657 -0.090482
v 0.011750 0.034536 -0.092522
v 0.015943 0.032794 -0.094480
v 0.019746 0.030192 -0.096255
v 0.024581 0.027256 -0.092708
v 0.019179 0.026376 -0.107132
v 0.022795 0.026954 -0.097668
v -0.007329 0.030040 -0.147853
v 0.004688 0.028086 -0.132087
v -0.004296 0.027395 -0.149249
v 0.006650 0.024680 -0.134934
v -0.001740 0.024071 -0.150397
v 0.013619 0.025577 -0.120228
v 0.012689 0.029083 -0.114389
v 0.009004 0.031738 -0.112689
v 0.004910 0.033543 -0.110776
v -0.010402 0.037282 -0.081928
v -0.039698 0.036407 -0.147727
v -0.036284 0.035749 -0.161769
v -0.042278 0.036569 -0.152783
v -0.040895 0.036473 -0.155653
v -0.039489 0.036299 -0.158573
v -0.039043 0.036225 -0.159532
v -0.038646 0.036147 -0.160441
v -0.031716 0.034596 -0.164345
v -0.021835 0.033714 -0.154622
v -0.017839 0.032047 -0.156896
v -0.014109 0.029719 -0.158984
v -0.010812 0.026618 -0.160768
v -0.008191 0.022973 -0.162108
v -0.015264 0.022205 -0.173511
v -0.017706 0.025632 -0.172216
v -0.020095 0.028133 -0.170901
v -0.023382 0.030700 -0.169058
v -0.027192 0.032833 -0.166904
v -0.025617 0.032037 -0.167795
v -0.043083 0.036268 -0.152906
v -0.042930 0.036403 -0.152862
v -0.042157 0.036551 -0.150753
v -0.042658 0.036498 -0.150694
v -0.042543 0.036547 -0.152798
v -0.042725 0.036503 -0.152821
v -0.042828 0.036430 -0.150674
v -0.043252 0.035915 -0.150629
v -0.043293 0.035756 -0.150626
v -0.043323 0.035432 -0.150628
v -0.043297 0.035547 -0.153026
v -0.043272 0.035848 -0.152996
v -0.043235 0.035992 -0.152972
v -0.043176 0.036131 -0.152943
v -0.043127 0.036169 -0.150641
v -0.043024 0.036290 -0.150652
v -0.041538 0.035603 -0.127473
v -0.041604 0.036240 -0.139029
v -0.041177 0.035833 -0.127331
v -0.041048 0.036283 -0.138154
v -0.051652 0.023833 -0.067039
v -0.052890 0.019210 -0.063850
v -0.051574 0.023517 -0.067388
v -0.053036 0.020193 -0.062259
v -0.052124 0.023250 -0.064359
v -0.051690 0.024124 -0.066584
v -0.042432 0.034492 -0.103993
v -0.043622 0.033640 -0.093199
v -0.044200 0.033320 -0.092478
v -0.045371 0.032472 -0.085102
v -0.046761 0.031381 -0.081224
v -0.047035 0.031133 -0.078850
v -0.040679 0.035859 -0.125652
v -0.040695 0.035767 -0.123380
v -0.041436 0.035276 -0.115636
v -0.041069 0.035297 -0.113715
v -0.042167 0.034537 -0.102396
v -0.042194 0.035660 -0.139143
v -0.042228 0.035136 -0.138479
v -0.041761 0.035236 -0.127621
v -0.041832 0.034710 -0.126986
v -0.041947 0.034322 -0.118957
v -0.041991 0.034655 -0.116100
v -0.042074 0.034156 -0.116003
v -0.042928 0.033839 -0.104628
v -0.042886 0.033441 -0.105715
v -0.043651 0.032886 -0.099607
v -0.044602 0.032639 -0.093270
v -0.044105 0.032563 -0.096617
v -0.045776 0.031316 -0.087744
v -0.047019 0.030699 -0.082144
v -0.047023 0.030262 -0.082402
v -0.050071 0.027008 -0.071628
v -0.048999 0.028118 -0.075226
v -0.048486 0.029185 -0.076756
v -0.047480 0.029826 -0.080625
v -0.051176 0.024455 -0.068513
v -0.050148 0.026427 -0.071557
v -0.048322 0.029844 -0.075802
v -0.048068 0.030125 -0.075471
v -0.048565 0.029574 -0.073947
v -0.050006 0.027624 -0.070672
v -0.046942 0.031069 -0.081692
v -0.048450 0.029536 -0.076286
v -0.050076 0.027330 -0.071157
v -0.049923 0.027772 -0.070057
v -0.051110 0.025677 -0.066908
v -0.051570 0.024670 -0.065738
v -0.041781 0.035027 -0.115868
v -0.042744 0.034219 -0.104313
v -0.044460 0.033022 -0.092880
v -0.041970 0.036022 -0.139079
v -0.053494 0.016056 -0.062332
v -0.054163 0.013711 -0.059500
v -0.053569 0.017703 -0.060886
v -0.054327 0.012161 -0.059124
v -0.054084 0.011758 -0.060853
v -0.054472 0.000988 -0.060009
v -0.054343 0.006756 -0.060273
v -0.054652 0.007594 -0.058394
v -0.054819 0.000990 -0.058052
v -0.054440 -0.008771 -0.056403
v -0.053670 -0.016072 -0.060316
v -0.054315 -0.011429 -0.059060
v -0.054707 -0.005815 -0.058339
v -0.026728 -0.030016 -0.174601
v -0.029953 -0.032040 -0.172843
v -0.023396 -0.030920 -0.165409
v -0.029704 -0.033288 -0.161937
v -0.032737 -0.033293 -0.170263
v -0.015368 -0.023776 -0.169706
v -0.018718 -0.020197 -0.178960
v -0.021363 -0.024439 -0.177535
v -0.017762 -0.026669 -0.168459
v -0.024003 -0.027594 -0.176094
v -0.020458 -0.029057 -0.167014
v -0.003946 -0.018521 -0.157588
v 0.006468 -0.019624 -0.138781
v 0.024599 -0.023488 -0.096674
v 0.016513 -0.022379 -0.116668
v 0.025131 -0.021969 -0.096879
v 0.017046 -0.020862 -0.116878
v -0.045038 -0.032969 -0.112792
v -0.044575 -0.032061 -0.098917
v -0.042252 -0.032535 -0.095163
v -0.044955 -0.031540 -0.092879
v -0.037757 -0.033607 -0.076894
v -0.043778 -0.031454 -0.074131
v -0.025195 -0.035319 -0.082708
v -0.049734 -0.034699 -0.140922
v -0.040541 -0.034105 -0.124216
v -0.046926 -0.034873 -0.143337
v -0.032070 -0.034250 -0.103736
v -0.036089 -0.034050 -0.114058
v -0.031489 -0.034749 -0.079782
v -0.046559 -0.029769 -0.072851
v -0.048586 -0.028081 -0.073128
v -0.049681 -0.026684 -0.069524
v -0.050811 -0.024870 -0.066538
v -0.051764 -0.022863 -0.064338
v -0.053012 -0.019066 -0.061661
v -0.045939 -0.030638 -0.085148
v -0.047544 -0.029186 -0.077134
v -0.051897 -0.034459 -0.139308
v -0.047484 -0.033764 -0.126460
v -0.044364 -0.033492 -0.118565
v -0.037178 -0.033673 -0.099414
v -0.019094 -0.015573 -0.182073
v -0.010908 -0.014825 -0.170183
v -0.010326 -0.009957 -0.170468
v -0.014092 0.019219 -0.174058
v -0.019314 0.018680 -0.181847
v -0.018578 0.012537 -0.182333
v 0.027770 -0.017485 -0.092238
v -0.011440 -0.017762 -0.169925
v -0.003218 -0.014792 -0.157902
v -0.019308 -0.017007 -0.181940
v 0.004538 0.012115 -0.145483
v -0.000368 0.021169 -0.150965
v -0.005626 0.020144 -0.160400
v 0.014254 0.022588 -0.122335
v 0.007642 0.021719 -0.136132
v 0.011172 0.012705 -0.132532
v 0.017328 0.013331 -0.119346
v 0.028194 0.013955 -0.092392
v 0.026134 0.024417 -0.092815
v 0.020661 0.023518 -0.107389
v 0.028830 0.001135 -0.092698
v 0.028391 -0.011685 -0.092514
v 0.022556 -0.017282 -0.105793
v 0.023170 -0.011549 -0.106078
v 0.023609 0.001125 -0.106269
v 0.022991 0.013797 -0.105955
v -0.010322 0.011834 -0.170436
v -0.018100 0.000921 -0.182668
v -0.009857 0.000939 -0.170687
v -0.018536 -0.010421 -0.182417
v -0.002624 -0.009945 -0.158160
v -0.002146 0.000907 -0.158360
v -0.002619 0.011759 -0.158136
v -0.011415 0.019504 -0.169879
v 0.005038 0.000937 -0.145718
v 0.011710 0.001001 -0.132799
v 0.004564 -0.010241 -0.145527
v 0.011249 -0.010703 -0.132608
v 0.003965 -0.015247 -0.145272
v 0.010647 -0.015964 -0.132342
v 0.017909 0.001073 -0.119646
v 0.017462 -0.011186 -0.119452
v 0.016856 -0.016718 -0.119171
v 0.002863 0.022720 -0.144083
v 0.013055 0.024013 -0.123536
v 0.021928 0.025316 -0.102511
v -0.034627 0.032119 -0.184905
v -0.029432 0.028384 -0.184865
v -0.035835 0.035083 -0.170354
v -0.035332 0.034613 -0.173671
v -0.033525 0.033785 -0.174626
v -0.034784 0.033439 -0.180039
v -0.036313 0.035381 -0.167784
v -0.037306 0.035792 -0.164072
v -0.030444 0.032038 -0.176369
v -0.027546 0.029912 -0.178010
v -0.024891 0.027397 -0.179495
v -0.022524 0.024508 -0.180780
v -0.025115 0.024534 -0.184477
v -0.020392 0.021697 -0.181296
v -0.041065 0.036307 -0.157830
v -0.040630 0.036234 -0.158770
v -0.040214 0.036153 -0.159718
v -0.041953 0.036465 -0.155376
v -0.042319 0.036335 -0.155487
v -0.042400 0.036247 -0.155512
v -0.041354 0.036142 -0.157951
v -0.042218 0.036402 -0.155458
v -0.041248 0.036249 -0.157911
v -0.042501 0.036011 -0.155552
v -0.042536 0.035706 -0.155561
v -0.041437 0.035821 -0.157977
v -0.041416 0.035992 -0.157971
v -0.042926 0.018539 -0.154705
v -0.042318 0.018321 -0.156181
v -0.041885 0.018212 -0.157132
v -0.041505 0.018116 -0.157971
v -0.043391 0.019127 -0.150665
v -0.049399 0.019191 -0.074012
v -0.046572 0.019174 -0.084425
v -0.044405 0.019160 -0.095106
v -0.043704 0.019155 -0.099603
v -0.042902 0.019148 -0.106081
v -0.042324 0.019143 -0.112762
v -0.042342 0.019129 -0.139294
v -0.041888 0.019135 -0.125506
v -0.042024 0.019139 -0.118459
v -0.049971 0.013473 -0.073541
v -0.047287 0.013062 -0.086632
v -0.046729 0.015404 -0.086581
v -0.043727 0.018529 -0.099778
v -0.046200 0.017707 -0.086575
v -0.049740 0.015835 -0.073572
v -0.044003 0.017469 -0.099741
v -0.042956 0.018431 -0.106434
v -0.042375 0.018734 -0.112773
v -0.042555 0.018272 -0.112793
v -0.043120 0.017940 -0.106411
v -0.042887 0.017785 -0.112817
v -0.043353 0.017451 -0.106397
v -0.043356 0.017315 -0.112841
v -0.047557 0.011778 -0.111978
v -0.046652 0.013841 -0.112170
v -0.046129 0.013351 -0.106551
v -0.045939 0.014867 -0.112331
v -0.044728 0.015470 -0.106417
v -0.043701 0.017038 -0.112854
v -0.046823 0.011664 -0.107425
v -0.046674 0.011670 -0.093838
v -0.046426 0.011665 -0.100016
v -0.046073 0.013045 -0.099908
v -0.051320 0.011700 -0.068929
v -0.050068 0.011693 -0.073506
v -0.047553 0.011677 -0.086055
v -0.045026 0.015310 -0.099774
v -0.053606 -0.014612 -0.061842
v -0.053314 -0.016394 -0.062484
v -0.051876 -0.016402 -0.066804
v -0.050805 -0.016433 -0.118408
v -0.050825 -0.002248 -0.118701
v -0.049233 -0.002273 -0.115125
v -0.049262 -0.016437 -0.114805
v -0.047471 -0.002280 -0.107260
v -0.047992 -0.016439 -0.109908
v -0.047235 -0.016440 -0.104562
v -0.046935 -0.002271 -0.099070
v -0.046912 -0.016438 -0.098604
v -0.047213 -0.002260 -0.090957
v -0.047138 -0.016433 -0.091153
v -0.048156 -0.002239 -0.082906
v -0.047996 -0.016426 -0.083459
v -0.049702 -0.002222 -0.074979
v -0.049613 -0.016415 -0.075029
v -0.051851 -0.002212 -0.067235
v -0.054066 -0.010664 -0.060883
v -0.054374 -0.005217 -0.060254
v -0.047226 0.004845 -0.090898
v -0.048208 0.004867 -0.082875
v -0.049750 0.004880 -0.074972
v -0.046762 0.008361 -0.098927
v -0.047150 0.008372 -0.090895
v -0.051973 0.011796 -0.121782
v -0.049007 0.011667 -0.116572
v -0.050531 0.008396 -0.118519
v -0.048932 0.008353 -0.114907
v -0.047203 0.008345 -0.107051
v -0.052397 0.009461 -0.121432
v -0.052531 0.006763 -0.121337
v -0.052553 0.004706 -0.121329
v -0.050686 0.004852 -0.118588
v -0.049091 0.004818 -0.114994
v -0.047358 0.004817 -0.107129
v -0.046887 0.004835 -0.098968
v -0.052585 0.000949 -0.121327
v -0.052744 -0.016427 -0.121315
v -0.054279 -0.011007 -0.059973
v -0.054532 -0.007554 -0.059500
v -0.053675 -0.015654 -0.061195
v -0.033320 -0.033344 -0.170354
v -0.033984 -0.032698 -0.175090
v -0.032377 -0.032880 -0.173630
v -0.033961 -0.032087 -0.178795
v -0.033928 -0.032441 -0.176826
v -0.034480 -0.033266 -0.170432
v -0.032319 -0.031421 -0.182351
v -0.028735 -0.026129 -0.186858
v -0.026914 -0.022932 -0.187861
v -0.025367 -0.019678 -0.188591
v -0.047335 -0.034880 -0.143776
v -0.052925 -0.017970 -0.063271
v -0.050041 -0.025949 -0.070005
v -0.051734 -0.022718 -0.065509
v -0.051621 -0.022117 -0.066278
v -0.051857 -0.021511 -0.065701
v -0.050118 -0.025108 -0.070452
v -0.046775 -0.029182 -0.085489
v -0.048225 -0.027649 -0.077779
v -0.046567 -0.030038 -0.085331
v -0.047957 -0.028696 -0.077385
v -0.048999 -0.027410 -0.073663
v -0.052581 -0.034124 -0.139026
v -0.052292 -0.034349 -0.139141
v -0.048196 -0.033416 -0.126293
v -0.052759 -0.033788 -0.138964
v -0.045491 -0.030864 -0.100281
v -0.046016 -0.031776 -0.112777
v -0.045752 -0.032562 -0.112748
v -0.048454 -0.032643 -0.126271
v -0.052824 -0.033348 -0.138957
v -0.045266 -0.031573 -0.098992
v -0.052142 -0.034473 -0.139869
v -0.050053 -0.034704 -0.141435
v -0.025219 0.010201 -0.191478
v -0.040311 0.009373 -0.208288
v -0.040202 0.000784 -0.208424
v -0.032230 0.000789 -0.200376
v -0.025227 -0.008591 -0.191524
v -0.024946 0.000791 -0.191697
v -0.036289 0.017064 -0.203477
v -0.042800 0.016620 -0.209885
v -0.028518 -0.016212 -0.194283
v -0.024491 -0.016551 -0.189048
v -0.031690 0.017060 -0.198297
v -0.032429 0.009841 -0.200189
v -0.031524 0.017059 -0.198100
v -0.031562 0.017497 -0.198044
v -0.030039 0.017678 -0.196165
v -0.032450 -0.008241 -0.200227
v -0.034277 -0.015717 -0.201247
v -0.040348 -0.007792 -0.208312
v -0.040169 -0.015206 -0.207475
v -0.048577 0.001099 -0.215380
v -0.047935 0.016829 -0.214423
v -0.031856 0.017060 -0.198494
v -0.033498 0.017066 -0.200401
v -0.029861 0.025070 -0.190722
v -0.033994 0.027493 -0.193241
v -0.030877 0.023687 -0.193555
v -0.033271 0.025155 -0.195091
v -0.034406 0.029398 -0.190790
v -0.027464 0.021518 -0.190943
v -0.030998 0.020817 -0.195958
v -0.036507 0.034236 -0.175517
v -0.035937 0.034606 -0.173514
v -0.036542 0.034598 -0.173357
v -0.036562 0.033820 -0.177669
v -0.037001 0.031764 -0.185130
v -0.036906 0.035096 -0.169854
v -0.037205 0.035264 -0.168490
v -0.037559 0.035404 -0.167069
v -0.037908 0.035545 -0.165811
v -0.038980 0.035867 -0.162736
v -0.040586 0.035716 -0.159850
v -0.040558 0.035892 -0.159850
v -0.040369 0.036113 -0.159782
v -0.040485 0.036025 -0.159827
v -0.038935 0.018104 -0.164160
v -0.038305 0.035113 -0.165879
v -0.038426 0.018101 -0.165693
v -0.041683 0.017928 -0.157663
v -0.041874 0.018048 -0.157217
v -0.041921 0.017915 -0.157205
v -0.044490 0.017640 -0.152512
v -0.044881 0.017633 -0.150445
v -0.042604 0.017622 -0.156904
v -0.041962 0.017657 -0.157692
v -0.042092 0.017625 -0.157720
v -0.041971 0.017619 -0.158159
v -0.042270 0.017620 -0.157562
v -0.042481 0.017648 -0.156792
v -0.042743 0.017644 -0.156337
v -0.042891 0.017623 -0.156387
v -0.043468 0.017629 -0.155210
v -0.043827 0.017628 -0.154565
v -0.043541 0.017699 -0.154451
v -0.044585 0.017650 -0.150480
v -0.044282 0.017713 -0.150515
v -0.043803 0.017980 -0.150571
v -0.043678 0.018115 -0.150586
v -0.043481 0.018488 -0.150609
v -0.042875 0.018323 -0.154889
v -0.041564 0.017837 -0.157999
v -0.041647 0.018061 -0.157681
v -0.041799 0.017761 -0.157665
v -0.041708 0.017675 -0.158069
v -0.041820 0.017632 -0.158122
v -0.043167 0.017625 -0.155866
v -0.043006 0.017640 -0.155881
v -0.042879 0.017685 -0.155857
v -0.042618 0.017695 -0.156314
v -0.043023 0.017739 -0.155380
v -0.043171 0.017802 -0.154903
v -0.043142 0.017674 -0.155399
v -0.043283 0.017720 -0.154918
v -0.043406 0.017662 -0.154937
v -0.044003 0.017833 -0.150548
v -0.042968 0.018063 -0.154883
v -0.043315 0.017867 -0.154423
v -0.044156 0.017758 -0.150530
v -0.042379 0.017623 -0.157277
v -0.042221 0.017653 -0.157244
v -0.042102 0.017712 -0.157222
v -0.042000 0.017800 -0.157208
v -0.042105 0.018026 -0.156751
v -0.042166 0.017896 -0.156746
v -0.042252 0.017788 -0.156753
v -0.042359 0.017704 -0.156769
v -0.042764 0.017757 -0.155839
v -0.042507 0.017773 -0.156296
v -0.042918 0.017830 -0.155366
v -0.042299 0.018141 -0.156297
v -0.042343 0.018001 -0.156286
v -0.042414 0.017876 -0.156286
v -0.042134 0.018459 -0.118462
v -0.042862 0.017761 -0.134632
v -0.043767 0.017636 -0.137962
v -0.043394 0.017641 -0.125803
v -0.043529 0.017645 -0.118515
v -0.042676 0.017827 -0.118479
v -0.042507 0.017983 -0.134646
v -0.042382 0.018118 -0.134651
v -0.042183 0.018491 -0.134658
v -0.044197 0.017454 -0.118320
v -0.044820 0.017072 -0.118104
v -0.048444 0.017095 -0.124820
v -0.049665 0.015920 -0.123764
v -0.051008 0.014076 -0.122607
v -0.047638 0.014735 -0.117954
v -0.089038 -0.016291 -0.129144
v -0.089642 -0.011070 -0.129319
v -0.084110 -0.011093 -0.128091
v -0.094782 -0.016269 -0.131034
v -0.094571 0.010726 -0.131334
v -0.094483 0.011663 -0.131559
v -0.088834 0.011385 -0.129624
v -0.094417 0.012183 -0.131729
v -0.094217 0.013356 -0.132251
v -0.094689 0.007006 -0.131053
v -0.094654 0.009078 -0.131128
v -0.089084 0.006981 -0.129205
v -0.094715 0.001107 -0.131043
v -0.094700 0.004941 -0.131045
v -0.067333 -0.011165 -0.126962
v -0.073079 -0.016351 -0.127130
v -0.072891 -0.011141 -0.127134
v -0.076961 -0.016336 -0.127297
v -0.083083 -0.016313 -0.127917
v -0.061896 -0.011189 -0.126388
v -0.064760 -0.016383 -0.126792
v -0.070763 -0.016360 -0.127073
v -0.057070 -0.016412 -0.124777
v -0.057696 -0.016410 -0.125081
v -0.056818 -0.011210 -0.124666
v -0.060873 -0.016398 -0.126167
v -0.062353 -0.016392 -0.126477
v -0.055114 -0.016419 -0.123563
v -0.055943 0.006776 -0.124292
v -0.055506 0.011163 -0.124602
v -0.052857 0.017119 -0.128698
v -0.064549 0.014166 -0.128791
v -0.058224 0.017160 -0.131098
v -0.059241 0.014125 -0.127854
v -0.054648 0.014093 -0.125820
v -0.069904 0.017251 -0.132437
v -0.062071 0.017190 -0.131926
v -0.092785 0.017408 -0.136032
v -0.084601 0.017365 -0.133630
v -0.088381 0.014331 -0.131029
v -0.078849 0.017323 -0.132819
v -0.082332 0.014294 -0.129813
v -0.070287 0.014207 -0.129053
v -0.093358 0.016212 -0.134515
v -0.093984 0.014354 -0.132863
v -0.083042 0.006947 -0.127957
v -0.071071 0.006872 -0.127123
v -0.065441 0.006837 -0.126890
v -0.060314 0.006802 -0.126092
v -0.082716 0.011348 -0.128380
v -0.070617 0.011267 -0.127583
v -0.064951 0.011229 -0.127334
v -0.059826 0.011191 -0.126470
v -0.066809 -0.016421 -0.215500
v -0.061034 -0.016442 -0.213246
v -0.066926 -0.016425 -0.224846
v -0.075858 -0.016387 -0.217140
v -0.077560 -0.016385 -0.226214
v -0.084956 -0.016351 -0.216684
v -0.089398 -0.016338 -0.224975
v -0.093788 -0.016316 -0.214151
v -0.098951 -0.016300 -0.221712
v -0.101868 -0.016282 -0.209628
v -0.106365 -0.016269 -0.217471
v -0.108592 -0.016253 -0.203482
v -0.118404 -0.016202 -0.178298
v -0.127249 -0.016165 -0.173145
v -0.117607 -0.016201 -0.169204
v -0.125800 -0.016167 -0.164728
v -0.114730 -0.016207 -0.160443
v -0.122910 -0.016174 -0.156690
v -0.109914 -0.016222 -0.152563
v -0.112929 -0.016241 -0.212007
v -0.118445 -0.016216 -0.205486
v -0.113773 -0.016229 -0.195933
v -0.122745 -0.016196 -0.198106
v -0.117108 -0.016212 -0.187378
v -0.125699 -0.016180 -0.190092
v -0.127215 -0.016170 -0.181686
v -0.045416 -0.016448 -0.102748
v -0.045759 -0.016451 -0.110687
v -0.046718 -0.016451 -0.118401
v -0.048989 -0.016447 -0.128465
v -0.050460 -0.016443 -0.133090
v -0.055411 -0.016430 -0.144501
v -0.053405 -0.016435 -0.140415
v -0.051491 -0.016404 -0.067406
v -0.050262 -0.016411 -0.070893
v -0.119070 -0.016185 -0.149862
v -0.114191 -0.016201 -0.143734
v -0.103536 -0.016243 -0.146091
v -0.108398 -0.016220 -0.138462
v -0.095804 -0.016271 -0.141197
v -0.101838 -0.016244 -0.134180
v -0.090476 -0.016290 -0.139082
v -0.084879 -0.016311 -0.137747
v -0.081439 -0.016324 -0.137336
v -0.075778 -0.016346 -0.137309
v -0.045694 -0.016443 -0.094621
v -0.046725 -0.016435 -0.085496
v -0.048047 -0.016427 -0.078767
v -0.049785 -0.016418 -0.072366
v -0.058352 -0.016416 -0.142619
v -0.063506 -0.016395 -0.140106
v -0.066772 -0.016382 -0.138955
v -0.072262 -0.016360 -0.137698
v -0.034433 -0.025153 -0.170535
v -0.033955 -0.025157 -0.175094
v -0.033911 -0.025158 -0.176179
v -0.033899 -0.025158 -0.177264
v -0.033934 -0.025159 -0.178799
v -0.034268 -0.031226 -0.182372
v -0.032496 -0.029838 -0.187292
v -0.047865 -0.034878 -0.144925
v -0.047578 -0.025089 -0.145169
v -0.050658 -0.025076 -0.142461
v -0.050695 -0.034693 -0.142456
v -0.038841 -0.025132 -0.162601
v -0.051553 -0.025075 -0.147615
v -0.053120 -0.025068 -0.146263
v -0.051879 -0.025072 -0.144369
v -0.053086 -0.016438 -0.146268
v -0.051519 -0.016445 -0.147620
v -0.050997 -0.016447 -0.148103
v -0.052945 -0.033361 -0.139234
v -0.053438 -0.025064 -0.140411
v -0.053049 -0.033372 -0.139468
v -0.053470 -0.033429 -0.140407
v -0.052986 -0.033810 -0.139488
v -0.052812 -0.034143 -0.139562
v -0.052530 -0.034366 -0.139690
v -0.052641 -0.034473 -0.140986
v -0.032045 0.017536 -0.198260
v -0.031926 0.017462 -0.198303
v -0.031861 0.017505 -0.198200
v -0.032105 0.017468 -0.198475
v -0.031652 0.017721 -0.198007
v -0.031723 0.017636 -0.198048
v -0.032174 0.017983 -0.197867
v -0.032216 0.017782 -0.197941
v -0.032036 0.017706 -0.198020
v -0.032321 0.017624 -0.198098
v -0.032107 0.017634 -0.198101
v -0.032175 0.017581 -0.198199
v -0.032479 0.017561 -0.198319
v -0.032297 0.017541 -0.198423
v -0.031964 0.017791 -0.197962
v -0.031893 0.017885 -0.197932
v -0.031583 0.017906 -0.197974
v -0.031750 0.017234 -0.198310
v -0.031614 0.017343 -0.198121
v -0.031827 0.017357 -0.198319
v -0.031943 0.017318 -0.198485
v -0.031693 0.017462 -0.198130
v -0.031793 0.017563 -0.198113
v -0.032187 0.021119 -0.197146
v -0.037615 -0.016529 -0.204657
v -0.041911 -0.016515 -0.208914
v -0.048690 -0.016491 -0.214857
v -0.029184 -0.017787 -0.194564
v -0.035443 -0.016536 -0.202344
v -0.031578 -0.016548 -0.197931
v -0.031965 -0.019489 -0.197178
v -0.053415 -0.016474 -0.218380
v -0.053207 0.000902 -0.218582
v -0.053286 0.017187 -0.218391
v -0.042817 0.017301 -0.209782
v -0.036347 0.017296 -0.203463
v -0.036599 0.017574 -0.203179
v -0.036474 0.017538 -0.203297
v -0.036387 0.017446 -0.203381
v -0.037467 0.025849 -0.194047
v -0.037368 0.027783 -0.192356
v -0.037254 0.029313 -0.190351
v -0.037206 0.032147 -0.182647
v -0.037359 0.031364 -0.185055
v -0.037343 0.031493 -0.185094
v -0.036914 0.033557 -0.177602
v -0.036927 0.033432 -0.177575
v -0.037273 0.031630 -0.185115
v -0.036841 0.033698 -0.177634
v -0.037164 0.031718 -0.185123
v -0.036722 0.033785 -0.177656
v -0.036922 0.034214 -0.173259
v -0.036803 0.034472 -0.173321
v -0.036889 0.034351 -0.173292
v -0.036681 0.034561 -0.173344
v -0.037307 0.034681 -0.169877
v -0.037264 0.034868 -0.169894
v -0.037190 0.034979 -0.169894
v -0.037075 0.035056 -0.169882
v -0.037373 0.035228 -0.168525
v -0.037497 0.035144 -0.168545
v -0.037575 0.035014 -0.168549
v -0.037607 0.034843 -0.168529
v -0.037727 0.035367 -0.167110
v -0.037850 0.035282 -0.167135
v -0.037927 0.035151 -0.167145
v -0.037954 0.034978 -0.167138
v -0.038074 0.035504 -0.165855
v -0.038197 0.035418 -0.165881
v -0.038274 0.035286 -0.165889
v -0.037373 0.018083 -0.169858
v -0.038099 0.018099 -0.166836
v -0.038960 0.017603 -0.165658
v -0.038584 0.017601 -0.166967
v -0.038406 0.017636 -0.166919
v -0.038512 0.017886 -0.165522
v -0.038133 0.017915 -0.166845
v -0.038670 0.017684 -0.165569
v -0.038242 0.017746 -0.166874
v -0.040194 0.017624 -0.161844
v -0.041037 0.017614 -0.160216
v -0.040062 0.017677 -0.161792
v -0.039965 0.017764 -0.161755
v -0.039899 0.017891 -0.161730
v -0.096305 0.017799 -0.216281
v -0.098616 0.017805 -0.221291
v -0.090491 0.017773 -0.224178
v -0.053571 0.017633 -0.217969
v -0.058434 0.017654 -0.214162
v -0.081872 0.017739 -0.225607
v -0.073132 0.017705 -0.225464
v -0.067518 0.017684 -0.224528
v -0.060250 0.017657 -0.221885
v -0.084824 0.017754 -0.216701
v -0.093657 0.017789 -0.214168
v -0.095970 0.017798 -0.215555
v -0.075727 0.017719 -0.217157
v -0.066677 0.017685 -0.215517
v -0.060903 0.017664 -0.213263
v -0.057561 0.017651 -0.211764
v -0.057414 0.017651 -0.211361
v -0.044305 0.017629 -0.156140
v -0.045062 0.017649 -0.122214
v -0.047396 0.017656 -0.125698
v -0.052421 0.017673 -0.130048
v -0.116977 0.017892 -0.187395
v -0.117645 0.017893 -0.192465
v -0.113641 0.017875 -0.195950
v -0.114364 0.017877 -0.199134
v -0.108460 0.017852 -0.203499
v -0.109501 0.017855 -0.205637
v -0.101736 0.017823 -0.209645
v -0.103490 0.017829 -0.211087
v -0.096959 0.017802 -0.215084
v -0.109783 0.017882 -0.152580
v -0.113256 0.017896 -0.153617
v -0.114598 0.017897 -0.160460
v -0.117126 0.017907 -0.160734
v -0.117476 0.017904 -0.169221
v -0.119570 0.017913 -0.168489
v -0.118273 0.017902 -0.178315
v -0.120483 0.017912 -0.176549
v -0.119835 0.017906 -0.184634
v -0.058513 0.017695 -0.132630
v -0.055207 0.017677 -0.144569
v -0.051080 0.017659 -0.147917
v -0.047431 0.017643 -0.151786
v -0.080337 0.017777 -0.137291
v -0.075058 0.017757 -0.137375
v -0.076061 0.017762 -0.134083
v -0.065777 0.017723 -0.133715
v -0.069721 0.017736 -0.138166
v -0.061863 0.017708 -0.133320
v -0.064588 0.017715 -0.139658
v -0.059712 0.017695 -0.141813
v -0.085603 0.017797 -0.137913
v -0.084349 0.017794 -0.135083
v -0.090737 0.017816 -0.139225
v -0.092263 0.017823 -0.137420
v -0.095673 0.017834 -0.141214
v -0.099617 0.017850 -0.140825
v -0.103405 0.017861 -0.146108
v -0.106194 0.017873 -0.145582
v -0.111734 0.017891 -0.151506
v -0.042879 0.017622 -0.158632
v -0.045406 0.017597 -0.122140
v -0.047655 0.017603 -0.125482
v -0.045724 0.017461 -0.121972
v -0.047932 0.017468 -0.125252
v -0.111573 0.016028 -0.146085
v -0.106184 0.016010 -0.141180
v -0.107498 0.013403 -0.139492
v -0.101748 0.006666 -0.134195
v -0.101588 0.010752 -0.134462
v -0.101111 0.013381 -0.135322
v -0.105014 0.017451 -0.142685
v -0.099166 0.017430 -0.138869
v -0.100081 0.015988 -0.137196
v -0.117951 0.017493 -0.158936
v -0.114223 0.017482 -0.152402
v -0.116112 0.016043 -0.151786
v -0.110769 0.017470 -0.148030
v -0.119954 0.015778 -0.158014
v -0.117891 0.013438 -0.150594
v -0.121790 0.013127 -0.157170
v -0.118713 0.010810 -0.150047
v -0.122592 0.010455 -0.156803
v -0.118978 0.006724 -0.149876
v -0.122818 0.006738 -0.156703
v -0.108107 0.010775 -0.138717
v -0.108307 0.006689 -0.138477
v -0.113140 0.013423 -0.144626
v -0.113864 0.010794 -0.143957
v -0.114100 0.006709 -0.143749
v -0.122843 0.001203 -0.156699
v -0.058011 0.017518 -0.131744
v -0.061967 0.017541 -0.132604
v -0.050833 0.017479 -0.128079
v -0.054245 0.017497 -0.130259
v -0.092537 0.017707 -0.136701
v -0.084570 0.017672 -0.134348
v -0.076232 0.017627 -0.133340
v -0.065898 0.017564 -0.132991
v -0.061120 -0.016447 -0.222763
v -0.055893 -0.016458 -0.210276
v -0.060232 -0.016442 -0.212848
v -0.056776 -0.016463 -0.220502
v -0.053302 -0.016467 -0.208352
v -0.046146 -0.016490 -0.200853
v -0.046924 -0.016488 -0.201880
v -0.049933 -0.016478 -0.205302
v -0.043134 -0.016498 -0.196060
v -0.044289 -0.016499 -0.198080
v -0.045238 -0.016496 -0.199558
v -0.044819 -0.016494 -0.198934
v -0.044550 -0.016494 -0.198510
v -0.095737 0.001106 -0.141206
v -0.060967 0.000934 -0.213255
v -0.044222 0.000877 -0.198089
v -0.040945 -0.016505 -0.191209
v -0.041751 0.000870 -0.193366
v -0.040619 -0.016506 -0.190301
v -0.040551 0.000867 -0.190310
v -0.039920 0.000866 -0.188320
v -0.039419 -0.016509 -0.186108
v -0.038793 0.000864 -0.183151
v -0.038633 -0.016510 -0.181349
v -0.038566 0.000864 -0.181358
v -0.038585 -0.016510 -0.180850
v -0.038358 0.000865 -0.177881
v -0.038456 -0.016508 -0.175527
v -0.038728 -0.016506 -0.172262
v -0.038624 0.000869 -0.172576
v -0.038987 -0.016504 -0.170510
v -0.039450 0.000875 -0.167925
v -0.039143 -0.016504 -0.169659
v -0.039597 0.000875 -0.167330
v -0.040857 0.000882 -0.163299
v -0.041041 0.000883 -0.162812
v -0.041268 0.000884 -0.162239
v -0.043607 0.000896 -0.157412
v -0.045042 0.000903 -0.155085
v -0.046523 0.000909 -0.153005
v -0.049998 0.000925 -0.149016
v -0.050929 0.000929 -0.148110
v -0.053989 0.000942 -0.145506
v -0.058429 0.000961 -0.142545
v -0.063246 0.000981 -0.140192
v -0.066705 0.000995 -0.138964
v -0.068332 0.001001 -0.138506
v -0.073520 0.001022 -0.137523
v -0.075711 0.001030 -0.137318
v -0.078805 0.001042 -0.137233
v -0.094374 0.001101 -0.140579
v -0.089327 0.001082 -0.138765
v -0.084106 0.001063 -0.137646
v -0.054413 -0.025061 -0.142468
v -0.055444 -0.025058 -0.144497
v -0.098884 0.001077 -0.221721
v -0.098855 0.007240 -0.221714
v -0.106274 0.006643 -0.217480
v -0.120527 0.017499 -0.166101
v -0.122659 0.015785 -0.165539
v -0.124017 0.015786 -0.173421
v -0.121820 0.017501 -0.173605
v -0.121789 0.017496 -0.181219
v -0.123985 0.015782 -0.181418
v -0.120438 0.017487 -0.188712
v -0.122565 0.015772 -0.189289
v -0.113971 0.017456 -0.202436
v -0.115773 0.015739 -0.203703
v -0.119800 0.015758 -0.196793
v -0.117805 0.017473 -0.195857
v -0.109053 0.017434 -0.208248
v -0.110608 0.015716 -0.209809
v -0.102997 0.017408 -0.213262
v -0.104462 0.015689 -0.214925
v -0.096797 0.017056 -0.217341
v -0.096592 0.017381 -0.216901
v -0.098218 0.017388 -0.216110
v -0.097728 0.015156 -0.219343
v -0.124614 0.013134 -0.165025
v -0.126031 0.013135 -0.173252
v -0.125998 0.013131 -0.181600
v -0.124515 0.013121 -0.189815
v -0.121629 0.013106 -0.197649
v -0.117426 0.013086 -0.204861
v -0.112035 0.013062 -0.211235
v -0.105619 0.013034 -0.216575
v -0.098374 0.012996 -0.220724
v -0.125467 0.010462 -0.164802
v -0.126909 0.010464 -0.173178
v -0.126876 0.010459 -0.181678
v -0.125366 0.010449 -0.190043
v -0.122427 0.010433 -0.198019
v -0.118148 0.010413 -0.205363
v -0.112659 0.010389 -0.211852
v -0.106126 0.010361 -0.217290
v -0.098728 0.010580 -0.221470
v -0.125707 0.006745 -0.164740
v -0.127157 0.006747 -0.173157
v -0.127123 0.006742 -0.181698
v -0.125606 0.006732 -0.190102
v -0.122653 0.006717 -0.198116
v -0.118354 0.006696 -0.205496
v -0.112838 0.006671 -0.212016
v -0.066967 0.017181 -0.224907
v -0.073081 0.017204 -0.225961
v -0.067472 0.000953 -0.225007
v -0.081911 0.017238 -0.226105
v -0.090618 0.017272 -0.224662
v -0.098821 0.017305 -0.221730
v -0.060033 0.000353 -0.222376
v -0.060051 0.017156 -0.222347
v -0.035671 -0.025145 -0.164932
v -0.036227 -0.025148 -0.175202
v -0.038499 -0.025140 -0.175311
v -0.038825 -0.025137 -0.171777
v -0.039175 -0.025134 -0.169653
v -0.036987 -0.025155 -0.193350
v -0.041527 -0.025137 -0.192594
v -0.036893 -0.025155 -0.193091
v -0.040382 -0.025140 -0.189489
v -0.038607 -0.025142 -0.180721
v -0.034051 -0.025159 -0.180591
v -0.034244 -0.025160 -0.182375
v -0.035122 -0.025159 -0.187155
v -0.035139 -0.029565 -0.187153
v -0.034822 -0.030146 -0.185705
v -0.032616 -0.028158 -0.190502
v -0.032671 -0.027207 -0.191877
v -0.031304 -0.024436 -0.192767
v -0.032381 -0.022178 -0.196050
v -0.032539 -0.023541 -0.195263
v -0.032681 -0.025225 -0.194026
v -0.053109 -0.033939 -0.140656
v -0.053250 -0.034167 -0.140559
v -0.053174 -0.034251 -0.140611
v -0.052991 -0.034379 -0.140738
v -0.052749 -0.034459 -0.140909
v -0.053362 -0.033979 -0.140482
v -0.036800 0.017578 -0.197619
v -0.034487 0.017597 -0.197827
v -0.034461 0.017688 -0.197670
v -0.034442 0.017829 -0.197556
v -0.034433 0.017991 -0.197502
v -0.036774 0.017606 -0.197457
v -0.036748 0.017697 -0.197300
v -0.036729 0.017838 -0.197186
v -0.036764 0.018007 -0.197118
v -0.037317 0.020713 -0.196427
v -0.042935 -0.018475 -0.195667
v -0.042007 -0.023529 -0.193712
v -0.042337 -0.022139 -0.194437
v -0.042761 -0.019816 -0.195317
v -0.047764 0.017516 -0.213894
v -0.047562 0.017263 -0.214209
v -0.053347 0.017479 -0.218299
v -0.040294 0.017587 -0.206854
v -0.043082 0.017597 -0.209493
v -0.051097 0.017629 -0.206576
v -0.047444 0.017617 -0.202707
v -0.045106 0.017610 -0.199576
v -0.044530 0.017608 -0.198695
v -0.041939 0.017600 -0.193935
v -0.044157 0.017607 -0.198098
v -0.038478 0.017586 -0.195521
v -0.037155 0.017580 -0.197483
v -0.037407 0.017581 -0.197245
v -0.038287 0.017585 -0.196126
v -0.038419 0.017585 -0.195894
v -0.039476 0.017594 -0.186917
v -0.039856 0.017595 -0.188328
v -0.038034 0.017588 -0.187277
v -0.040030 0.017595 -0.188915
v -0.041687 0.017599 -0.193374
v -0.037675 0.022584 -0.195745
v -0.037542 0.023864 -0.195208
v -0.037742 0.027558 -0.192139
v -0.037825 0.026001 -0.193557
v -0.037758 0.026092 -0.193682
v -0.037632 0.029045 -0.190199
v -0.037606 0.029335 -0.189484
v -0.037757 0.027376 -0.192140
v -0.037627 0.026156 -0.193775
v -0.037747 0.025425 -0.194180
v -0.037857 0.025303 -0.193959
v -0.037561 0.029182 -0.190275
v -0.037431 0.029276 -0.190325
v -0.037672 0.027674 -0.192245
v -0.037542 0.027752 -0.192319
v -0.037394 0.018087 -0.184760
v -0.037322 0.018088 -0.183597
v -0.037259 0.018088 -0.182633
v -0.036986 0.018089 -0.177560
v -0.036984 0.018092 -0.173242
v -0.036943 0.018090 -0.175408
v -0.037427 0.018087 -0.185340
v -0.037410 0.018087 -0.185050
v -0.037754 0.017943 -0.168283
v -0.037864 0.017597 -0.169960
v -0.038068 0.017622 -0.168358
v -0.037663 0.017640 -0.169918
v -0.037932 0.017693 -0.168325
v -0.037506 0.017756 -0.169885
v -0.037824 0.017803 -0.168300
v -0.037408 0.017911 -0.169865
v -0.040133 0.017608 -0.165231
v -0.039744 0.017606 -0.166545
v -0.040722 0.017611 -0.163497
v -0.040316 0.017608 -0.164662
v -0.038768 0.017593 -0.183417
v -0.038583 0.017593 -0.182087
v -0.038288 0.017595 -0.177051
v -0.038666 0.017599 -0.171752
v -0.056349 0.000918 -0.210635
v -0.055237 0.017643 -0.209929
v -0.053235 0.000907 -0.208361
v -0.053170 0.017636 -0.208369
v -0.052142 0.000903 -0.207446
v -0.048389 0.000891 -0.203729
v -0.045171 0.000880 -0.199567
v -0.060097 0.017529 -0.222225
v -0.067436 0.017556 -0.224891
v -0.090585 0.017645 -0.224538
v -0.098766 0.017678 -0.221614
v -0.073093 0.017577 -0.225834
v -0.081900 0.017611 -0.225978
v -0.096140 0.017762 -0.215922
v -0.120592 0.017791 -0.184776
v -0.097299 0.017686 -0.215775
v -0.103948 0.017713 -0.211706
v -0.110069 0.017740 -0.206157
v -0.115020 0.017762 -0.199538
v -0.118361 0.017778 -0.192748
v -0.121253 0.017798 -0.176544
v -0.120326 0.017799 -0.168338
v -0.117839 0.017793 -0.160442
v -0.106713 0.017758 -0.145014
v -0.112352 0.017776 -0.151046
v -0.113901 0.017782 -0.153195
v -0.100019 0.017734 -0.140168
v -0.036284 -0.027114 -0.191281
v -0.036019 -0.027734 -0.190429
v -0.036892 0.018040 -0.197052
v -0.037034 0.018080 -0.196909
v -0.036912 0.017866 -0.197091
v -0.037058 0.017909 -0.196927
v -0.036968 0.017711 -0.197182
v -0.037151 0.017726 -0.196999
v -0.037056 0.017605 -0.197323
v -0.037295 0.017610 -0.197112
v -0.036824 0.017846 -0.197153
v -0.036862 0.017703 -0.197256
v -0.036920 0.017608 -0.197403
v -0.037498 0.020635 -0.196307
v -0.037977 0.018084 -0.195549
v -0.037533 0.018086 -0.187304
v -0.038008 0.017913 -0.195547
v -0.037563 0.017916 -0.187303
v -0.038125 0.017731 -0.195540
v -0.037680 0.017734 -0.187296
v -0.038308 0.017615 -0.195531
v -0.037863 0.017618 -0.187286
v -0.038257 0.017622 -0.195784
v -0.038100 0.017731 -0.195735
v -0.037995 0.017895 -0.195702
v -0.037923 0.017892 -0.195841
v -0.037892 0.018083 -0.195817
v -0.037959 0.018084 -0.195691
v -0.038009 0.017730 -0.195908
v -0.038137 0.017622 -0.196008
v -0.037895 0.017589 -0.184730
v -0.037823 0.017590 -0.183564
v -0.037928 0.017589 -0.185313
v -0.037871 0.022543 -0.195620
v -0.037961 0.021562 -0.195647
v -0.037949 0.020637 -0.195692
v -0.037963 0.021551 -0.195543
v -0.037967 0.020638 -0.195550
v -0.037946 0.022462 -0.195401
v -0.037901 0.023889 -0.194842
v -0.037833 0.023957 -0.194985
v -0.037908 0.023896 -0.194683
v -0.037711 0.024000 -0.195082
v -0.037488 0.017591 -0.177542
v -0.037639 0.017624 -0.183576
v -0.037357 0.017904 -0.183594
v -0.037303 0.017626 -0.177549
v -0.037469 0.017735 -0.183587
v -0.037134 0.017736 -0.177555
v -0.037022 0.017905 -0.177558
v -0.037711 0.017624 -0.184741
v -0.037541 0.017734 -0.184751
v -0.037430 0.017903 -0.184757
v -0.037020 0.017908 -0.173244
v -0.037132 0.017739 -0.173249
v -0.037301 0.017628 -0.173256
v -0.037485 0.017593 -0.173265
v -0.037457 0.017917 -0.185338
v -0.037574 0.017734 -0.185332
v -0.037757 0.017618 -0.185322
v 0.031570 -0.030493 -0.061521
v 0.015348 -0.040619 -0.020660
v 0.005184 -0.041302 -0.015687
v 0.025978 -0.039407 -0.021077
v 0.024577 -0.038827 -0.028520
v 0.017741 -0.036528 -0.058041
v 0.022645 -0.035266 -0.059275
v 0.027337 -0.033334 -0.060454
v 0.040509 -0.033058 -0.021652
v 0.038904 -0.032549 -0.029665
v 0.034577 -0.035571 -0.029314
v 0.036132 -0.036129 -0.021475
v 0.029697 -0.037569 -0.028926
v 0.031178 -0.038147 -0.021281
v 0.035448 -0.031513 -0.045640
v 0.031171 -0.034444 -0.044931
v 0.026387 -0.036409 -0.044149
v 0.021379 -0.037668 -0.043329
v -0.006428 -0.040350 -0.024961
v -0.017132 -0.039863 -0.024171
v -0.027777 -0.038663 -0.023386
v -0.033017 -0.037553 -0.023001
v -0.038088 -0.035829 -0.022629
v -0.043539 -0.032352 -0.031144
v -0.047210 -0.028683 -0.030586
v -0.049820 -0.024173 -0.030188
v -0.051504 -0.019229 -0.029929
v -0.052546 -0.014109 -0.029767
v -0.053165 -0.008923 -0.029670
v -0.053431 0.001001 -0.026015
v -0.039066 -0.034953 -0.031825
v -0.034186 -0.036656 -0.032570
v -0.029139 -0.037754 -0.033342
v -0.018880 -0.038927 -0.034914
v -0.008562 -0.039377 -0.036496
v 0.049171 -0.010077 -0.017362
v 0.047965 -0.019834 -0.017360
v -0.050971 0.022441 -0.023709
v -0.052224 0.017666 -0.026809
v -0.052880 0.012922 -0.026634
v -0.050551 0.026484 -0.064661
v -0.044387 0.032768 -0.080978
v -0.031630 0.035887 -0.109311
v -0.025441 0.036406 -0.092223
v -0.015839 0.038804 -0.056821
v -0.050287 0.025181 -0.029569
v -0.048329 0.029083 -0.030026
v -0.042106 0.035172 -0.031440
v -0.045585 0.032498 -0.030652
v -0.038130 0.037071 -0.032345
v -0.020894 0.040098 -0.036371
v -0.029601 0.039190 -0.034316
v -0.009189 0.042237 -0.020013
v -0.012214 0.040425 -0.038452
v -0.038891 0.035926 -0.126000
v -0.036967 0.035416 -0.104273
v -0.042269 0.034351 -0.099307
v -0.038219 0.034912 -0.084606
v -0.045345 0.032023 -0.066422
v -0.048238 0.029570 -0.065447
v -0.052224 0.022961 -0.064083
v -0.052907 0.017674 -0.043846
v -0.020198 0.037440 -0.074879
v -0.031846 0.035956 -0.088386
v -0.027579 0.037013 -0.072391
v -0.034925 0.035989 -0.069920
v -0.042046 0.033831 -0.067530
v -0.023951 0.038423 -0.054695
v -0.032062 0.037453 -0.052586
v -0.039970 0.035312 -0.050552
v -0.043645 0.033460 -0.049614
v -0.046864 0.030903 -0.048795
v -0.053627 0.009938 -0.036950
v -0.000825 -0.042080 -0.006984
v -0.000817 -0.042710 -0.000483
v -0.000648 0.000810 -0.000505
v -0.000669 0.000804 -0.013505
v -0.000833 -0.041442 -0.013484
v -0.000480 0.044331 -0.000528
v -0.000493 0.043694 -0.007028
v -0.000506 0.043049 -0.013527
v -0.005919 -0.042570 -0.000483
v -0.009015 -0.042443 -0.000484
v -0.013110 -0.042214 -0.000484
v -0.050995 -0.011463 -0.000501
v -0.051270 -0.007490 -0.000503
v -0.051419 -0.003333 -0.000505
v -0.051457 0.001007 -0.000507
v -0.018801 -0.041745 -0.000484
v -0.023545 -0.041166 -0.000485
v -0.024660 -0.040997 -0.000485
v -0.049666 -0.020317 -0.000496
v -0.050184 -0.017751 -0.000498
v -0.050573 -0.015249 -0.000499
v -0.044833 -0.031415 -0.000490
v -0.045256 -0.030848 -0.000491
v -0.043506 -0.032960 -0.000490
v -0.046004 -0.029733 -0.000491
v -0.047028 -0.027916 -0.000492
v -0.047343 -0.027273 -0.000493
v -0.048264 -0.025080 -0.000494
v -0.049031 -0.022761 -0.000495
v -0.027496 -0.040494 -0.000485
v -0.031108 -0.039659 -0.000486
v -0.034010 -0.038767 -0.000486
v -0.036613 -0.037729 -0.000487
v -0.037229 -0.037441 -0.000487
v -0.039235 -0.036359 -0.000488
v -0.041049 -0.035139 -0.000488
v -0.042687 -0.033770 -0.000489
v -0.014507 0.043821 -0.000528
v -0.010043 0.044070 -0.000528
v -0.005366 0.044236 -0.000528
v -0.051376 0.005675 -0.000510
v -0.051103 0.011035 -0.000512
v -0.048608 0.025519 -0.000520
v -0.049402 0.022726 -0.000518
v -0.049812 0.020912 -0.000517
v -0.030715 0.041534 -0.000527
v -0.029483 0.041836 -0.000527
v -0.028181 0.042122 -0.000528
v -0.026596 0.042429 -0.000528
v -0.050641 0.015809 -0.000515
v -0.050080 0.019524 -0.000517
v -0.041663 0.036373 -0.000525
v -0.041416 0.036575 -0.000525
v -0.022789 0.043020 -0.000528
v -0.018757 0.043477 -0.000528
v -0.043161 0.034996 -0.000524
v -0.040024 0.037597 -0.000526
v -0.038245 0.038675 -0.000526
v -0.037542 0.039045 -0.000526
v -0.035400 0.040013 -0.000527
v -0.033123 0.040837 -0.000527
v -0.048480 0.025904 -0.000520
v -0.047576 0.028264 -0.000521
v -0.046532 0.030407 -0.000522
v -0.045341 0.032345 -0.000523
v -0.043987 0.034100 -0.000524
v -0.009958 0.043116 -0.010617
v -0.021450 0.042067 -0.013527
v -0.020669 0.042146 -0.013527
v -0.020066 0.042648 -0.008567
v -0.013147 0.042692 -0.013527
v -0.030137 0.041269 -0.006557
v -0.030891 0.040582 -0.013527
v -0.027919 0.041181 -0.013527
v -0.033039 0.040039 -0.013527
v -0.035063 0.039894 -0.005591
v -0.035868 0.039135 -0.013526
v -0.037438 0.038927 -0.005129
v -0.037196 0.038615 -0.013526
v -0.039695 0.037730 -0.004693
v -0.040932 0.036686 -0.013525
v -0.041793 0.036273 -0.004289
v -0.042647 0.035472 -0.013525
v -0.043679 0.034551 -0.003926
v -0.043745 0.034539 -0.013524
v -0.045315 0.032592 -0.003612
v -0.046248 0.031753 -0.013523
v -0.046688 0.030440 -0.003346
v -0.048183 0.028591 -0.013521
v -0.047813 0.028151 -0.003128
v -0.048721 0.025769 -0.002950
v -0.049685 0.024992 -0.013519
v -0.050028 0.020816 -0.002686
v -0.051024 0.020013 -0.013517
v -0.050835 0.015794 -0.002517
v -0.051999 0.013609 -0.013514
v -0.051314 0.010730 -0.002412
v -0.052278 0.010462 -0.013512
v -0.052543 0.005247 -0.013509
v -0.051666 0.001006 -0.002579
v -0.025128 0.042122 -0.007552
v -0.013470 -0.040987 -0.013484
v -0.020988 -0.040382 -0.013485
v -0.033341 -0.038180 -0.013487
v -0.031197 -0.038739 -0.013486
v -0.036164 -0.037254 -0.013487
v -0.028231 -0.039361 -0.013486
v -0.021768 -0.040298 -0.013485
v -0.052575 -0.003239 -0.013505
v -0.052352 -0.008456 -0.013502
v -0.052096 -0.011604 -0.013501
v -0.042914 -0.033539 -0.013489
v -0.041208 -0.034766 -0.013489
v -0.037487 -0.036725 -0.013487
v -0.051171 -0.018016 -0.013497
v -0.049871 -0.023005 -0.013495
v -0.048396 -0.026615 -0.013493
v -0.046486 -0.029792 -0.013491
v -0.044005 -0.032597 -0.013490
v -0.010285 -0.041432 -0.010574
v -0.020389 -0.040885 -0.008524
v -0.025447 -0.040318 -0.007509
v -0.035365 -0.038011 -0.005551
v -0.030449 -0.039426 -0.006515
v -0.042066 -0.034337 -0.004253
v -0.039979 -0.035811 -0.004655
v -0.037731 -0.037026 -0.005090
v -0.043939 -0.032601 -0.003892
v -0.045559 -0.030628 -0.003579
v -0.046916 -0.028466 -0.003316
v -0.050181 -0.018815 -0.002666
v -0.050950 -0.013787 -0.002502
v -0.051389 -0.008720 -0.002402
v -0.048912 -0.023779 -0.002924
v -0.048023 -0.026167 -0.003100
v -0.048654 -0.027544 -0.150530
v -0.049056 0.017650 -0.149925
v -0.046348 -0.027554 -0.153353
v -0.044532 0.017630 -0.155758
v -0.044707 -0.027566 -0.155734
v -0.053786 -0.027521 -0.145729
v -0.054574 0.017674 -0.145023
v -0.051115 -0.027533 -0.148017
v -0.049231 -0.027541 -0.149901
v -0.059679 -0.027496 -0.141900
v -0.060899 0.017700 -0.141218
v -0.056648 -0.027509 -0.143685
v -0.054749 -0.027517 -0.144998
v -0.062855 -0.027483 -0.140388
v -0.067816 0.017728 -0.138640
v -0.066151 -0.027470 -0.139161
v -0.069542 -0.027456 -0.138229
v -0.076504 -0.027429 -0.137273
v -0.073002 -0.027443 -0.137598
v -0.083526 -0.027402 -0.137550
v -0.082469 0.017785 -0.137472
v -0.080021 -0.027415 -0.137257
v -0.090391 -0.027376 -0.139052
v -0.089707 0.017812 -0.138921
v -0.086992 -0.027389 -0.138150
v -0.093699 -0.027364 -0.140249
v -0.096555 0.017837 -0.141676
v -0.096730 -0.027353 -0.141651
v -0.102781 0.017859 -0.145642
v -0.099934 -0.027342 -0.143490
v -0.102815 -0.027332 -0.145508
v -0.107989 -0.027314 -0.150263
v -0.108171 0.017878 -0.150684
v -0.105507 -0.027322 -0.147772
v -0.112252 -0.027301 -0.155851
v -0.112544 0.017892 -0.156631
v -0.110244 -0.027307 -0.152963
v -0.115471 -0.027292 -0.162098
v -0.115749 0.017901 -0.163281
v -0.113999 -0.027296 -0.158903
v -0.118135 -0.027287 -0.172279
v -0.117678 0.017904 -0.170406
v -0.117547 -0.027287 -0.168812
v -0.116657 -0.027289 -0.165409
v -0.118416 -0.027288 -0.175785
v -0.118264 0.017903 -0.177764
v -0.118052 -0.027293 -0.182803
v -0.117489 0.017896 -0.185104
v -0.118388 -0.027290 -0.179302
v -0.116464 -0.027303 -0.189649
v -0.115378 0.017885 -0.192177
v -0.117408 -0.027297 -0.186261
v -0.115226 -0.027309 -0.192941
v -0.112003 0.017868 -0.198742
v -0.113643 -0.027317 -0.196224
v -0.112178 -0.027329 -0.198718
v -0.070692 -0.044249 -0.212870
v -0.102751 -0.044091 -0.149931
v -0.064024 -0.044273 -0.210720
v -0.057891 -0.044295 -0.207336
v -0.052516 -0.044313 -0.202843
v -0.097092 -0.044110 -0.145802
v -0.090748 -0.044133 -0.142830
v -0.083953 -0.044158 -0.141125
v -0.076958 -0.044185 -0.140750
v -0.070020 -0.044213 -0.141717
v -0.084634 -0.044195 -0.213199
v -0.113707 -0.044058 -0.167562
v -0.077647 -0.044222 -0.213706
v -0.111214 -0.044064 -0.161015
v -0.107517 -0.044075 -0.155065
v -0.052037 -0.044288 -0.152085
v -0.047724 -0.044307 -0.157605
v -0.042009 -0.044340 -0.177561
v -0.044544 -0.044323 -0.163847
v -0.042616 -0.044334 -0.170582
v -0.057326 -0.044265 -0.147491
v -0.042747 -0.044341 -0.184527
v -0.044803 -0.044337 -0.191224
v -0.063395 -0.044239 -0.143992
v -0.048099 -0.044328 -0.197405
v -0.108231 -0.027342 -0.203921
v -0.107480 0.017848 -0.204575
v -0.110537 -0.027332 -0.201099
v -0.103099 -0.027365 -0.208723
v -0.101962 0.017824 -0.209478
v -0.105771 -0.027353 -0.206435
v -0.100237 -0.027377 -0.210767
v -0.097206 -0.027390 -0.212552
v -0.095636 0.017798 -0.213283
v -0.090734 -0.027416 -0.215290
v -0.088720 0.017770 -0.215861
v -0.094031 -0.027403 -0.214063
v -0.083883 -0.027444 -0.216854
v -0.081447 0.017742 -0.217124
v -0.087343 -0.027430 -0.216223
v -0.076864 -0.027471 -0.217195
v -0.074066 0.017713 -0.217029
v -0.080381 -0.027457 -0.217179
v -0.069893 -0.027497 -0.216301
v -0.066829 0.017686 -0.215580
v -0.073359 -0.027484 -0.216901
v -0.066494 -0.027510 -0.215399
v -0.059981 0.017661 -0.212825
v -0.056951 -0.027545 -0.210961
v -0.054070 -0.027555 -0.208943
v -0.053755 0.017639 -0.208859
v -0.063187 -0.027522 -0.214202
v -0.060155 -0.027533 -0.212801
v -0.048896 -0.027572 -0.204188
v -0.048364 0.017621 -0.203817
v -0.051378 -0.027564 -0.206679
v -0.044633 -0.027585 -0.198601
v -0.043992 0.017607 -0.197869
v -0.046641 -0.027579 -0.201488
v -0.041414 -0.027594 -0.192354
v -0.040787 0.017598 -0.191220
v -0.042886 -0.027591 -0.195548
v -0.039338 -0.027599 -0.185640
v -0.038858 0.017594 -0.184095
v -0.040228 -0.027597 -0.189043
v -0.039033 -0.027599 -0.184071
v -0.038750 -0.027599 -0.182172
v -0.038272 0.017595 -0.176737
v -0.038469 -0.027598 -0.178666
v -0.038446 -0.027597 -0.176712
v -0.039222 -0.027590 -0.169372
v -0.039047 0.017602 -0.169396
v -0.038834 -0.027593 -0.171648
v -0.038497 -0.027596 -0.175149
v -0.041332 -0.027578 -0.162299
v -0.041158 0.017614 -0.162323
v -0.040421 -0.027583 -0.164802
v -0.039477 -0.027589 -0.168190
v -0.043243 -0.027569 -0.158227
v -0.041659 -0.027577 -0.161510
v -0.085702 -0.034890 -0.211470
v -0.094600 -0.034859 -0.218159
v -0.101345 -0.034831 -0.214809
v -0.085641 -0.034889 -0.208693
v -0.110024 -0.034773 -0.170420
v -0.109115 -0.034777 -0.170066
v -0.086056 -0.034888 -0.210561
v -0.102963 -0.034824 -0.213224
v -0.086034 -0.034888 -0.209586
v -0.121451 -0.034737 -0.184203
v -0.087383 -0.034888 -0.220310
v -0.084598 -0.034895 -0.213204
v -0.079904 -0.034918 -0.221198
v -0.077611 -0.034922 -0.213712
v -0.072384 -0.034946 -0.220799
v -0.070656 -0.034949 -0.212875
v -0.065042 -0.034974 -0.219122
v -0.063988 -0.034973 -0.210725
v -0.058093 -0.034999 -0.216218
v -0.053980 -0.034974 -0.141219
v -0.057290 -0.034965 -0.147496
v -0.055598 -0.034967 -0.139635
v -0.063359 -0.034940 -0.143997
v -0.035492 -0.035061 -0.170240
v -0.047688 -0.035007 -0.157610
v -0.052001 -0.034988 -0.152091
v -0.098573 -0.034814 -0.163350
v -0.074394 -0.034928 -0.201302
v -0.084937 -0.034891 -0.208019
v -0.107481 -0.034775 -0.155070
v -0.110770 -0.034758 -0.147342
v -0.102715 -0.034791 -0.149936
v -0.105201 -0.034777 -0.142272
v -0.097056 -0.034810 -0.145807
v -0.098850 -0.034799 -0.138225
v -0.090712 -0.034833 -0.142835
v -0.091901 -0.034824 -0.135321
v -0.083917 -0.034858 -0.141130
v -0.084559 -0.034852 -0.133645
v -0.076922 -0.034885 -0.140755
v -0.077038 -0.034881 -0.133245
v -0.069984 -0.034913 -0.141722
v -0.069560 -0.034910 -0.134134
v -0.062342 -0.034939 -0.136285
v -0.110999 -0.034770 -0.170398
v -0.111892 -0.034766 -0.170005
v -0.122203 -0.034733 -0.182068
v -0.112567 -0.034763 -0.169301
v -0.122389 -0.034728 -0.174539
v -0.113671 -0.034758 -0.167567
v -0.121288 -0.034728 -0.167088
v -0.111178 -0.034764 -0.161020
v -0.118933 -0.034733 -0.159935
v -0.115392 -0.034743 -0.153288
v -0.051741 -0.035021 -0.212172
v -0.057855 -0.034995 -0.207341
v -0.046173 -0.035040 -0.207101
v -0.052480 -0.035014 -0.202848
v -0.041550 -0.035055 -0.201155
v -0.048063 -0.035028 -0.197410
v -0.038010 -0.035065 -0.194508
v -0.044767 -0.035037 -0.191229
v -0.035655 -0.035070 -0.187355
v -0.042711 -0.035041 -0.184532
v -0.034554 -0.035070 -0.179905
v -0.041973 -0.035040 -0.177566
v -0.034739 -0.035066 -0.172376
v -0.042580 -0.035034 -0.170587
v -0.044508 -0.035023 -0.163852
v -0.114868 -0.028037 -0.194499
v -0.113726 -0.027735 -0.196267
v -0.113519 -0.027704 -0.196615
v -0.046275 -0.027975 -0.153296
v -0.048595 -0.027940 -0.150475
v -0.115303 -0.027705 -0.192973
v -0.116765 -0.028029 -0.189746
v -0.116096 -0.028246 -0.192573
v -0.115517 -0.028036 -0.193064
v -0.115025 -0.028070 -0.194254
v -0.116543 -0.027699 -0.189674
v -0.117490 -0.027693 -0.186279
v -0.118134 -0.027689 -0.182814
v -0.118472 -0.027686 -0.179306
v -0.118218 -0.027683 -0.172269
v -0.117629 -0.027683 -0.168794
v -0.116737 -0.027685 -0.165385
v -0.118500 -0.027684 -0.175782
v -0.115548 -0.027688 -0.162066
v -0.114073 -0.027691 -0.158866
v -0.112323 -0.027697 -0.155807
v -0.110310 -0.027703 -0.152913
v -0.108051 -0.027710 -0.150208
v -0.105564 -0.027718 -0.147712
v -0.102866 -0.027727 -0.145443
v -0.099980 -0.027738 -0.143421
v -0.096927 -0.027748 -0.141660
v -0.093731 -0.027760 -0.140174
v -0.090417 -0.027772 -0.138974
v -0.087011 -0.027785 -0.138070
v -0.083538 -0.027798 -0.137469
v -0.080026 -0.027811 -0.137175
v -0.076502 -0.027825 -0.137191
v -0.072993 -0.027839 -0.137516
v -0.069525 -0.027852 -0.138149
v -0.062824 -0.027879 -0.140313
v -0.059642 -0.027893 -0.141827
v -0.056605 -0.027905 -0.143616
v -0.066127 -0.027866 -0.139083
v -0.047554 -0.028307 -0.151270
v -0.048423 -0.028272 -0.150320
v -0.048625 -0.028483 -0.149589
v -0.050903 -0.028261 -0.147787
v -0.050669 -0.028474 -0.147536
v -0.053595 -0.028249 -0.145482
v -0.053384 -0.028462 -0.145210
v -0.056480 -0.028237 -0.143421
v -0.056293 -0.028450 -0.143133
v -0.059534 -0.028224 -0.141622
v -0.059374 -0.028437 -0.141318
v -0.062735 -0.028211 -0.140099
v -0.062602 -0.028424 -0.139782
v -0.066057 -0.028198 -0.138862
v -0.065952 -0.028410 -0.138535
v -0.069475 -0.028184 -0.137922
v -0.069399 -0.028396 -0.137587
v -0.072962 -0.028170 -0.137286
v -0.072916 -0.028382 -0.136945
v -0.076492 -0.028156 -0.136959
v -0.076476 -0.028368 -0.136615
v -0.080037 -0.028142 -0.136943
v -0.080051 -0.028355 -0.136599
v -0.083569 -0.028129 -0.137239
v -0.083614 -0.028341 -0.136897
v -0.087062 -0.028116 -0.137843
v -0.087136 -0.028328 -0.137507
v -0.090488 -0.028103 -0.138752
v -0.090592 -0.028315 -0.138424
v -0.093821 -0.028091 -0.139959
v -0.093953 -0.028302 -0.139641
v -0.097035 -0.028079 -0.141454
v -0.097195 -0.028291 -0.141148
v -0.100106 -0.028068 -0.143225
v -0.100292 -0.028280 -0.142935
v -0.103009 -0.028058 -0.145259
v -0.103219 -0.028269 -0.144986
v -0.105722 -0.028049 -0.147541
v -0.105956 -0.028260 -0.147287
v -0.108224 -0.028041 -0.150052
v -0.108479 -0.028252 -0.149819
v -0.110496 -0.028033 -0.152773
v -0.110770 -0.028244 -0.152564
v -0.112520 -0.028027 -0.155683
v -0.112812 -0.028238 -0.155499
v -0.114281 -0.028022 -0.158759
v -0.114588 -0.028233 -0.158601
v -0.115764 -0.028018 -0.161979
v -0.116084 -0.028229 -0.161848
v -0.116960 -0.028015 -0.165316
v -0.117289 -0.028226 -0.165214
v -0.117857 -0.028014 -0.168745
v -0.118194 -0.028225 -0.168673
v -0.118449 -0.028013 -0.172240
v -0.118792 -0.028224 -0.172197
v -0.118733 -0.028014 -0.175773
v -0.119078 -0.028225 -0.175761
v -0.118705 -0.028016 -0.179318
v -0.119049 -0.028227 -0.179336
v -0.118365 -0.028019 -0.182847
v -0.118707 -0.028230 -0.182895
v -0.117717 -0.028024 -0.186332
v -0.118053 -0.028235 -0.186409
v -0.117093 -0.028240 -0.189853
v -0.053737 -0.027918 -0.145664
v -0.051060 -0.027929 -0.147957
v -0.119772 -0.028869 -0.186807
v -0.121430 -0.029271 -0.184206
v -0.122183 -0.029433 -0.182070
v -0.121927 -0.029392 -0.183188
v -0.053959 -0.029508 -0.141222
v -0.052301 -0.029107 -0.143823
v -0.054678 -0.029629 -0.140337
v -0.055577 -0.029667 -0.139638
v -0.057811 -0.029658 -0.138366
v -0.062322 -0.029639 -0.136287
v -0.064930 -0.029629 -0.135354
v -0.069539 -0.029610 -0.134136
v -0.072466 -0.029599 -0.133633
v -0.077018 -0.029581 -0.133248
v -0.080188 -0.029569 -0.133259
v -0.084538 -0.029552 -0.133648
v -0.087855 -0.029539 -0.134241
v -0.091881 -0.029524 -0.135324
v -0.095233 -0.029512 -0.136551
v -0.098829 -0.029499 -0.138228
v -0.102092 -0.029488 -0.140115
v -0.105181 -0.029477 -0.142275
v -0.108221 -0.029466 -0.144826
v -0.110750 -0.029458 -0.147345
v -0.113432 -0.029449 -0.150536
v -0.115372 -0.029443 -0.153291
v -0.117563 -0.029437 -0.157070
v -0.118913 -0.029433 -0.159938
v -0.120487 -0.029430 -0.164226
v -0.121268 -0.029428 -0.167091
v -0.122113 -0.029427 -0.171783
v -0.122369 -0.029428 -0.174542
v -0.122391 -0.029431 -0.179509
v -0.040797 -0.028520 -0.161877
v -0.039799 -0.028525 -0.164597
v -0.037126 -0.029178 -0.167643
v -0.038839 -0.028531 -0.168041
v -0.035471 -0.029595 -0.170243
v -0.038186 -0.028535 -0.171556
v -0.037843 -0.028539 -0.175115
v -0.034719 -0.029766 -0.172379
v -0.034975 -0.029722 -0.171261
v -0.102942 -0.029358 -0.213227
v -0.100599 -0.028316 -0.211318
v -0.103508 -0.028303 -0.209240
v -0.104597 -0.028941 -0.210627
v -0.106224 -0.028292 -0.206915
v -0.108268 -0.028283 -0.204861
v -0.102224 -0.029485 -0.214113
v -0.101325 -0.029531 -0.214812
v -0.097519 -0.028329 -0.213132
v -0.099091 -0.029541 -0.216083
v -0.094291 -0.028342 -0.214669
v -0.094580 -0.029559 -0.218162
v -0.090940 -0.028356 -0.215916
v -0.091972 -0.029570 -0.219096
v -0.087493 -0.028369 -0.216864
v -0.087362 -0.029588 -0.220313
v -0.083976 -0.028383 -0.217505
v -0.084436 -0.029600 -0.220816
v -0.080417 -0.028397 -0.217835
v -0.079884 -0.029618 -0.221201
v -0.076842 -0.028411 -0.217852
v -0.076714 -0.029630 -0.221190
v -0.073279 -0.028425 -0.217554
v -0.072363 -0.029646 -0.220801
v -0.069756 -0.028438 -0.216944
v -0.069047 -0.029659 -0.220208
v -0.066301 -0.028451 -0.216027
v -0.065021 -0.029674 -0.219125
v -0.062939 -0.028463 -0.214810
v -0.061669 -0.029686 -0.217899
v -0.059698 -0.028475 -0.213302
v -0.058073 -0.029699 -0.216221
v -0.056601 -0.028486 -0.211516
v -0.054810 -0.029711 -0.214334
v -0.053673 -0.028496 -0.209464
v -0.051721 -0.029722 -0.212174
v -0.050937 -0.028505 -0.207163
v -0.048680 -0.029732 -0.209624
v -0.048413 -0.028514 -0.204631
v -0.046152 -0.029740 -0.207104
v -0.046122 -0.028521 -0.201887
v -0.043470 -0.029749 -0.203913
v -0.044081 -0.028527 -0.198952
v -0.041530 -0.029755 -0.201158
v -0.042305 -0.028533 -0.195849
v -0.039339 -0.029761 -0.197379
v -0.040809 -0.028537 -0.192602
v -0.037989 -0.029765 -0.194511
v -0.039603 -0.028539 -0.189237
v -0.036415 -0.029769 -0.190223
v -0.038698 -0.028541 -0.185778
v -0.035634 -0.029770 -0.187358
v -0.038101 -0.028541 -0.182253
v -0.034789 -0.029771 -0.182666
v -0.037815 -0.028541 -0.178690
v -0.034533 -0.029770 -0.179908
v -0.034511 -0.029768 -0.174940
v -0.042022 -0.028300 -0.159952
v -0.043369 -0.027954 -0.157836
v -0.110613 -0.027753 -0.201155
v -0.110840 -0.027717 -0.200820
v -0.108293 -0.027738 -0.203976
v -0.041586 -0.027973 -0.161478
v -0.040126 -0.028312 -0.164704
v -0.041374 -0.028305 -0.161387
v -0.040345 -0.027980 -0.164777
v -0.039399 -0.027985 -0.168172
v -0.038754 -0.027990 -0.171637
v -0.038417 -0.027993 -0.175145
v -0.038670 -0.027996 -0.182182
v -0.039260 -0.027995 -0.185657
v -0.040152 -0.027994 -0.189067
v -0.038389 -0.027995 -0.178669
v -0.041340 -0.027991 -0.192385
v -0.042815 -0.027987 -0.195586
v -0.044566 -0.027982 -0.198644
v -0.046578 -0.027976 -0.201538
v -0.048837 -0.027968 -0.204243
v -0.051325 -0.027960 -0.206739
v -0.054022 -0.027951 -0.209008
v -0.056908 -0.027941 -0.211030
v -0.059961 -0.027930 -0.212791
v -0.063157 -0.027918 -0.214277
v -0.066471 -0.027906 -0.215477
v -0.069877 -0.027894 -0.216381
v -0.073350 -0.027880 -0.216982
v -0.076862 -0.027867 -0.217276
v -0.080386 -0.027853 -0.217260
v -0.083896 -0.027840 -0.216935
v -0.087363 -0.027826 -0.216302
v -0.094064 -0.027799 -0.214138
v -0.097246 -0.027786 -0.212624
v -0.100283 -0.027773 -0.210835
v -0.090761 -0.027812 -0.215368
v -0.109493 -0.028062 -0.202936
v -0.109337 -0.028097 -0.203181
v -0.108467 -0.028069 -0.204130
v -0.105988 -0.028080 -0.206664
v -0.103295 -0.028092 -0.208969
v -0.100411 -0.028104 -0.211029
v -0.097356 -0.028117 -0.212828
v -0.094156 -0.028130 -0.214352
v -0.090834 -0.028143 -0.215588
v -0.087416 -0.028157 -0.216528
v -0.083929 -0.028171 -0.217165
v -0.080399 -0.028185 -0.217492
v -0.076854 -0.028199 -0.217508
v -0.073322 -0.028212 -0.217212
v -0.069829 -0.028225 -0.216608
v -0.066403 -0.028238 -0.215698
v -0.063070 -0.028250 -0.214492
v -0.059856 -0.028262 -0.212997
v -0.056785 -0.028273 -0.211226
v -0.053882 -0.028283 -0.209191
v -0.051169 -0.028292 -0.206910
v -0.048667 -0.028300 -0.204399
v -0.046395 -0.028308 -0.201678
v -0.044371 -0.028314 -0.198768
v -0.042610 -0.028319 -0.195692
v -0.041126 -0.028323 -0.192472
v -0.039931 -0.028326 -0.189135
v -0.039034 -0.028327 -0.185706
v -0.038441 -0.028328 -0.182211
v -0.038158 -0.028327 -0.178677
v -0.038186 -0.028325 -0.175133
v -0.038526 -0.028322 -0.171604
v -0.039174 -0.028317 -0.168119
v -0.103151 -0.027761 -0.208787
v -0.105828 -0.027749 -0.206494
v -0.074427 -0.043228 -0.201298
v -0.098605 -0.043114 -0.163345
v -0.112599 -0.043063 -0.169296
v -0.085734 -0.043190 -0.211466
v -0.111924 -0.043066 -0.170001
v -0.111031 -0.043070 -0.170394
v -0.110056 -0.043073 -0.170415
v -0.109147 -0.043077 -0.170061
v -0.086088 -0.043188 -0.210557
v -0.086066 -0.043187 -0.209581
v -0.085674 -0.043188 -0.208689
v -0.084969 -0.043191 -0.208014
v -0.061233 0.017674 -0.196647
v -0.057240 0.017661 -0.192197
v -0.054381 0.017652 -0.186946
v -0.052810 0.017649 -0.181177
v -0.052612 0.017651 -0.175202
v -0.053797 0.017659 -0.169342
v -0.056302 0.017671 -0.163913
v -0.059991 0.017688 -0.159208
v -0.064666 0.017708 -0.155480
v -0.087682 0.017797 -0.153372
v -0.092956 0.017816 -0.156188
v -0.097439 0.017832 -0.160145
v -0.100888 0.017842 -0.165028
v -0.103118 0.017848 -0.170575
v -0.103808 0.017849 -0.174023
v -0.104009 0.017849 -0.176487
v -0.103512 0.017844 -0.182446
v -0.101655 0.017834 -0.188129
v -0.083583 0.017757 -0.202538
v -0.077629 0.017734 -0.203083
v -0.071710 0.017711 -0.202241
v -0.066145 0.017691 -0.200056
v -0.098537 0.017819 -0.193230
v -0.094326 0.017801 -0.197475
v -0.089250 0.017780 -0.200634
v -0.070074 0.017730 -0.152932
v -0.075924 0.017753 -0.151699
v -0.081901 0.017776 -0.151848
v -0.059991 0.018564 -0.159208
v -0.064666 0.018564 -0.155480
v -0.070074 0.018564 -0.152932
v -0.075924 0.018564 -0.151699
v -0.081901 0.018564 -0.151848
v -0.087682 0.018564 -0.153372
v -0.092956 0.018564 -0.156188
v -0.097439 0.018564 -0.160145
v -0.100888 0.018564 -0.165028
v -0.103118 0.018564 -0.170575
v -0.104009 0.018564 -0.176487
v -0.056790 0.018564 -0.163145
v -0.103512 0.018564 -0.182446
v -0.101655 0.018564 -0.188129
v -0.098537 0.018564 -0.193230
v -0.094326 0.018564 -0.197475
v -0.089250 0.018564 -0.200634
v -0.083583 0.018564 -0.202538
v -0.077629 0.018564 -0.203083
v -0.071710 0.018564 -0.202241
v -0.066145 0.018564 -0.200056
v -0.061233 0.018564 -0.196647
v -0.057240 0.018564 -0.192197
v -0.054381 0.018564 -0.186946
v -0.052810 0.018564 -0.181177
v -0.052612 0.018564 -0.175202
v -0.053797 0.018564 -0.169342
v -0.056302 0.018564 -0.163913
v -0.078273 0.018564 -0.177341
v -0.007962 0.040995 -0.017651
v -0.004373 0.026418 -0.017644
v -0.019454 0.040371 -0.017651
v -0.012789 0.023392 -0.017642
v -0.000213 0.041135 -0.017651
v 0.002397 0.041146 -0.017651
v 0.004569 0.026383 -0.017644
v 0.010732 0.041021 -0.017651
v 0.012961 0.023292 -0.017642
v 0.015815 0.040775 -0.017651
v -0.029942 0.038929 -0.017650
v -0.028245 0.039258 -0.017650
v -0.019662 0.017670 -0.017639
v -0.027210 0.039435 -0.017650
v -0.021997 0.040127 -0.017651
v -0.050353 0.016738 -0.017639
v -0.049376 0.021545 -0.017641
v -0.024163 0.009942 -0.017635
v -0.048366 0.024804 -0.017643
v -0.051410 0.000860 -0.017630
v -0.051412 0.000997 -0.017630
v -0.025750 0.001142 -0.017631
v -0.051192 0.008523 -0.017634
v -0.050543 0.015450 -0.017638
v -0.033348 -0.036274 -0.017611
v -0.037034 -0.034961 -0.017612
v -0.019789 -0.015433 -0.017622
v -0.037143 -0.034914 -0.017612
v 0.012789 -0.021308 -0.017619
v 0.019662 -0.015586 -0.017622
v 0.023940 -0.038572 -0.017610
v -0.040590 0.034969 -0.017648
v -0.038041 0.036369 -0.017649
v -0.033628 0.038015 -0.017649
v -0.043325 0.032834 -0.017647
v -0.043716 0.032452 -0.017647
v -0.047568 -0.024802 -0.017617
v -0.048704 -0.021873 -0.017619
v -0.004569 -0.024299 -0.017618
v -0.018435 -0.038766 -0.017610
v -0.012961 -0.021208 -0.017619
v -0.025767 -0.037904 -0.017611
v -0.028702 -0.037395 -0.017611
v 0.022860 -0.038719 -0.017610
v 0.019082 -0.039122 -0.017610
v 0.004373 -0.024334 -0.017618
v 0.009606 -0.039590 -0.017610
v -0.000100 -0.024708 -0.017617
v 0.004973 -0.039632 -0.017610
v -0.010377 -0.039291 -0.017610
v 0.036494 -0.034858 -0.017612
v 0.034046 -0.036024 -0.017612
v 0.029786 -0.037424 -0.017611
v 0.024163 -0.007858 -0.017626
v 0.047123 -0.015153 -0.017622
v 0.017722 0.040637 -0.017651
v 0.021781 0.040233 -0.017651
v 0.019789 0.017517 -0.017639
v 0.027263 0.039358 -0.017650
v 0.031098 0.038400 -0.017650
v -0.046888 0.028117 -0.017644
v -0.044988 0.031015 -0.017646
v -0.024231 -0.007671 -0.017626
v -0.050046 -0.016524 -0.017622
v -0.050917 -0.010136 -0.017625
v -0.051376 -0.001635 -0.017629
v -0.040293 -0.033271 -0.017613
v -0.041426 -0.032506 -0.017613
v -0.042898 -0.031317 -0.017614
v 0.047748 -0.007232 -0.017626
v 0.025750 0.000942 -0.017631
v 0.047912 0.000614 -0.017630
v 0.034744 0.037060 -0.017649
v 0.037518 0.035588 -0.017648
v 0.040156 0.033578 -0.017647
v -0.045216 -0.028795 -0.017615
v -0.047041 -0.025886 -0.017617
v 0.046498 -0.019152 -0.017620
v 0.046357 -0.019855 -0.017620
v 0.045189 -0.024162 -0.017618
v 0.044637 -0.025643 -0.017617
v 0.044005 -0.027076 -0.017616
v 0.043334 -0.028351 -0.017616
v 0.044850 0.026518 -0.017644
v 0.045983 0.023030 -0.017642
v 0.046150 0.022369 -0.017642
v 0.024231 0.009755 -0.017635
v 0.041350 -0.031041 -0.017614
v 0.039432 -0.032880 -0.017613
v 0.047161 0.016710 -0.017639
v 0.047567 0.012567 -0.017637
v 0.047906 0.003335 -0.017632
v 0.041939 0.031658 -0.017646
v 0.043834 0.028734 -0.017645
v -0.051364 0.000998 -0.016934
v -0.051338 0.000857 -0.016606
v -0.051340 0.000998 -0.016606
v 0.047673 0.013676 -0.016612
v 0.047099 0.018546 -0.016615
v 0.024231 0.009755 -0.016610
v 0.020498 0.040493 -0.016626
v 0.017899 0.040734 -0.016626
v 0.012961 0.023292 -0.016617
v 0.011405 0.041103 -0.016627
v 0.004569 0.026383 -0.016619
v 0.007319 0.041211 -0.016627
v -0.004373 0.026418 -0.016619
v 0.047259 -0.015564 -0.016597
v 0.024163 -0.007858 -0.016601
v 0.046681 -0.019173 -0.016596
v 0.019662 -0.015586 -0.016597
v 0.032714 -0.036664 -0.016587
v 0.036288 -0.035129 -0.016587
v 0.036829 -0.034834 -0.016588
v 0.039603 -0.032943 -0.016588
v 0.016821 -0.039385 -0.016585
v 0.023184 -0.038776 -0.016586
v 0.012789 -0.021308 -0.016595
v 0.028740 -0.037795 -0.016586
v 0.030625 -0.037317 -0.016586
v -0.012961 -0.021208 -0.016595
v -0.022578 -0.038422 -0.016586
v -0.016368 -0.039018 -0.016586
v 0.019789 0.017517 -0.016614
v -0.006564 0.041133 -0.016627
v -0.012335 0.040928 -0.016627
v -0.012789 0.023392 -0.016618
v -0.020681 0.040352 -0.016626
v -0.019662 0.017670 -0.016615
v -0.026903 0.039570 -0.016626
v 0.027015 0.039535 -0.016626
v 0.032278 0.038169 -0.016625
v 0.047445 -0.014011 -0.016598
v 0.047964 -0.006683 -0.016602
v 0.025750 0.000942 -0.016606
v 0.048107 0.000613 -0.016606
v 0.047940 0.009545 -0.016610
v 0.041617 -0.030991 -0.016589
v 0.043502 -0.028404 -0.016591
v 0.044220 -0.027025 -0.016591
v 0.044796 -0.025708 -0.016592
v 0.046262 -0.021101 -0.016595
v -0.004569 -0.024299 -0.016593
v -0.012312 -0.039279 -0.016585
v 0.000173 -0.024707 -0.016593
v 0.001461 -0.039701 -0.016585
v 0.004373 -0.024334 -0.016593
v 0.005085 -0.039719 -0.016585
v 0.015160 -0.039483 -0.016585
v 0.038845 0.034884 -0.016623
v 0.036279 0.036484 -0.016624
v 0.032497 0.038095 -0.016625
v 0.046187 0.023018 -0.016617
v 0.045041 0.026563 -0.016619
v 0.043533 0.029669 -0.016621
v -0.038984 -0.034097 -0.016588
v -0.036974 -0.035059 -0.016588
v -0.019789 -0.015433 -0.016598
v -0.026940 -0.037797 -0.016586
v -0.029398 -0.037335 -0.016586
v -0.049205 0.021977 -0.016617
v -0.024163 0.009942 -0.016611
v -0.047784 0.026165 -0.016619
v -0.031534 0.038650 -0.016625
v -0.035747 0.037384 -0.016625
v -0.037965 0.036460 -0.016624
v 0.041614 0.032338 -0.016622
v 0.039167 0.034641 -0.016623
v -0.034923 -0.035848 -0.016587
v -0.030006 -0.037206 -0.016587
v -0.025750 0.001142 -0.016606
v -0.050394 -0.014190 -0.016598
v -0.049532 -0.018815 -0.016596
v -0.024231 -0.007671 -0.016602
v -0.048284 -0.023033 -0.016594
v -0.047694 -0.024507 -0.016593
v -0.044202 -0.030063 -0.016590
v -0.041674 -0.032382 -0.016589
v -0.040980 0.034747 -0.016623
v -0.043344 0.032827 -0.016622
v -0.043632 0.032543 -0.016622
v -0.046055 -0.027614 -0.016591
v -0.044950 -0.029173 -0.016591
v -0.051110 -0.006848 -0.016602
v -0.050346 0.016367 -0.016614
v -0.050856 0.012110 -0.016612
v -0.051310 0.003584 -0.016608
v -0.045827 0.029839 -0.016621
v -0.047587 0.026617 -0.016619
v 0.035729 -0.035293 -0.017396
v 0.040124 -0.032314 -0.017460
v 0.022921 -0.038753 -0.017189
v 0.030514 -0.037262 -0.017319
v 0.010519 -0.039626 -0.016953
v 0.047730 -0.009232 -0.017173
v 0.046575 -0.019161 -0.017192
v -0.050801 0.012931 -0.016982
v -0.049638 0.020330 -0.017065
v -0.047832 0.026107 -0.017177
v -0.045290 0.030618 -0.017325
vt 0.623360 0.956611
vt 0.521616 0.951997
vt 0.624850 0.983679
vt 0.521613 0.902103
vt 0.621850 0.929526
vt 0.432043 0.901079
vt 0.430893 0.924154
vt 0.433213 0.877918
vt 0.688692 0.931769
vt 0.679767 0.929372
vt 0.650173 0.979698
vt 0.658538 0.978326
vt 0.671807 0.976066
vt 0.712469 0.938741
vt 0.705092 0.936450
vt 0.697149 0.934127
vt 0.687945 0.973128
vt 0.700890 0.970541
vt 0.709750 0.968582
vt 0.730535 0.945485
vt 0.731269 0.945829
vt 0.718595 0.966378
vt 0.725864 0.964254
vt 0.728205 0.963473
vt 0.739505 0.951135
vt 0.737472 0.949373
vt 0.734705 0.947605
vt 0.725270 0.943250
vt 0.719219 0.941005
vt 0.732891 0.961666
vt 0.736490 0.959883
vt 0.739046 0.958102
vt 0.739550 0.957630
vt 0.739890 0.957266
vt 0.740752 0.955976
vt 0.741095 0.954303
vt 0.740584 0.952594
vt 0.475398 0.918477
vt 0.462506 0.920045
vt 0.461159 0.920213
vt 0.446343 0.922107
vt 0.672911 0.927587
vt 0.658712 0.924049
vt 0.645931 0.921104
vt 0.527600 0.913288
vt 0.524244 0.913540
vt 0.515279 0.914283
vt 0.510783 0.914690
vt 0.502354 0.915505
vt 0.489110 0.916904
vt 0.643139 0.920497
vt 0.635701 0.918957
vt 0.626485 0.917217
vt 0.553939 0.911928
vt 0.550213 0.912042
vt 0.541678 0.912409
vt 0.533034 0.912912
vt 0.617644 0.915747
vt 0.609551 0.914592
vt 0.601588 0.913645
vt 0.599925 0.913471
vt 0.598757 0.913355
vt 0.592787 0.912826
vt 0.575958 0.911922
vt 0.568709 0.911786
vt 0.561373 0.911791
vt 0.585617 0.912336
vt 0.578336 0.911998
vt 0.699376 0.889089
vt 0.697032 0.893783
vt 0.691391 0.886993
vt 0.656142 0.963495
vt 0.686343 0.950324
vt 0.712979 0.936945
vt 0.700266 0.943674
vt 0.731654 0.923306
vt 0.728188 0.926718
vt 0.723799 0.930142
vt 0.734004 0.919945
vt 0.735086 0.916691
vt 0.734851 0.913597
vt 0.733367 0.910696
vt 0.730794 0.908005
vt 0.727342 0.905523
vt 0.718584 0.901111
vt 0.708247 0.897249
vt 0.674950 0.890936
vt 0.682856 0.884860
vt 0.673824 0.882686
vt 0.706754 0.891153
vt 0.713456 0.893191
vt 0.719399 0.895211
vt 0.722603 0.896436
vt 0.726220 0.898014
vt 0.729173 0.899584
vt 0.731395 0.901149
vt 0.732631 0.902445
vt 0.733320 0.903942
vt 0.733165 0.905418
vt 0.732154 0.906877
vt 0.731775 0.907231
vt 0.729496 0.908783
vt 0.726206 0.910330
vt 0.721857 0.911896
vt 0.720138 0.912433
vt 0.713469 0.914254
vt 0.709110 0.915293
vt 0.705288 0.916140
vt 0.697550 0.917717
vt 0.685536 0.919923
vt 0.625646 0.929003
vt 0.650124 0.925528
vt 0.670525 0.922418
vt 0.681091 0.920686
vt 0.664769 0.880580
vt 0.655976 0.878609
vt 0.458023 0.875031
vt 0.478425 0.872814
vt 0.630617 0.873517
vt 0.638960 0.875075
vt 0.647392 0.876773
vt 0.490983 0.871550
vt 0.494443 0.871218
vt 0.508203 0.869985
vt 0.517700 0.869230
vt 0.523824 0.868793
vt 0.528855 0.868468
vt 0.609243 0.870223
vt 0.615935 0.871134
vt 0.622291 0.872104
vt 0.539270 0.867906
vt 0.542398 0.867769
vt 0.550953 0.867485
vt 0.559133 0.867347
vt 0.567063 0.867356
vt 0.568806 0.867378
vt 0.589906 0.868286
vt 0.595574 0.868743
vt 0.602470 0.869424
vt 0.575952 0.867550
vt 0.582970 0.867852
vt 0.509098 0.892208
vt 0.595097 0.876859
vt 0.638613 0.880510
vt 0.542523 0.883458
vt 0.461698 0.907369
vt 0.493073 0.897082
vt 0.525544 0.887610
vt 0.577962 0.877729
vt 0.586668 0.877115
vt 0.569077 0.878708
vt 0.625250 0.878599
vt 0.610884 0.877277
vt 0.651313 0.882814
vt 0.603179 0.876930
vt 0.551262 0.881626
vt 0.560133 0.880024
vt 0.477923 0.944040
vt 0.493430 0.920976
vt 0.484912 0.943753
vt 0.460854 0.917841
vt 0.381891 0.935612
vt 0.399088 0.939132
vt 0.436356 0.912805
vt 0.363012 0.930777
vt 0.370572 0.932827
vt 0.517581 0.868888
vt 0.528409 0.868145
vt 0.513137 0.883991
vt 0.546400 0.884628
vt 0.551822 0.867114
vt 0.495304 0.943181
vt 0.518878 0.941363
vt 0.529803 0.921740
vt 0.548509 0.938359
vt 0.564998 0.920017
vt 0.587672 0.933641
vt 0.594252 0.916068
vt 0.422839 0.906585
vt 0.321003 0.916759
vt 0.342561 0.924721
vt 0.334633 0.891372
vt 0.421526 0.900003
vt 0.315856 0.895731
vt 0.309801 0.897846
vt 0.305471 0.900127
vt 0.303700 0.901726
vt 0.496728 0.870651
vt 0.482862 0.872005
vt 0.480726 0.885437
vt 0.449162 0.875687
vt 0.466789 0.886804
vt 0.424063 0.878664
vt 0.452628 0.888834
vt 0.417008 0.879525
vt 0.432022 0.893859
vt 0.367307 0.886063
vt 0.350368 0.888632
vt 0.640420 0.926510
vt 0.673525 0.921519
vt 0.613846 0.910475
vt 0.695588 0.917678
vt 0.621640 0.904013
vt 0.705438 0.915692
vt 0.416211 0.941728
vt 0.428136 0.942982
vt 0.302827 0.904624
vt 0.306860 0.909553
vt 0.445759 0.944079
vt 0.461787 0.944350
vt 0.622902 0.871853
vt 0.617819 0.871062
vt 0.603005 0.869134
vt 0.710848 0.914474
vt 0.721388 0.911628
vt 0.728388 0.908933
vt 0.592768 0.868157
vt 0.573509 0.867128
vt 0.632283 0.873467
vt 0.577002 0.887291
vt 0.649694 0.876904
vt 0.601583 0.891731
vt 0.673605 0.882277
vt 0.732157 0.906418
vt 0.733290 0.904050
vt 0.710237 0.891828
vt 0.719695 0.894959
vt 0.617197 0.897512
vt 0.691208 0.886585
vt 0.731676 0.901062
vt 0.727639 0.898367
vt 0.452701 0.939394
vt 0.432142 0.945053
vt 0.428031 0.946930
vt 0.421672 0.951975
vt 0.422985 0.959394
vt 0.436472 0.966409
vt 0.460913 0.972091
vt 0.493412 0.975634
vt 0.529697 0.976506
vt 0.564808 0.974575
vt 0.593994 0.970135
vt 0.613547 0.963838
vt 0.621328 0.956558
vt 0.616899 0.949228
vt 0.601324 0.942707
vt 0.576801 0.937694
vt 0.546268 0.934683
vt 0.513077 0.933954
vt 0.480737 0.935574
vt 0.521006 0.954255
vt 0.311799 0.347679
vt 0.325621 0.354613
vt 0.330887 0.344930
vt 0.320269 0.330083
vt 0.340140 0.323189
vt 0.318892 0.365175
vt 0.299693 0.366901
vt 0.449365 0.657878
vt 0.467397 0.668718
vt 0.453014 0.674891
vt 0.436191 0.603360
vt 0.421306 0.551310
vt 0.410822 0.519066
vt 0.438326 0.554234
vt 0.429565 0.526453
vt 0.424641 0.511803
vt 0.454086 0.611087
vt 0.446376 0.582017
vt 0.442437 0.568126
vt 0.355962 0.354978
vt 0.373818 0.389171
vt 0.342218 0.361406
vt 0.365349 0.406741
vt 0.394039 0.432746
vt 0.380295 0.439701
vt 0.385183 0.451223
vt 0.412800 0.478980
vt 0.404284 0.500429
vt 0.332525 0.314964
vt 0.322601 0.340473
vt 0.331077 0.312445
vt 0.322454 0.335005
vt 0.478830 0.729127
vt 0.466054 0.798643
vt 0.459900 0.758752
vt 0.452786 0.718720
vt 0.487403 0.784214
vt 0.490272 0.811704
vt 0.483521 0.830781
vt 0.472330 0.836998
vt 0.442148 0.800702
vt 0.447020 0.839922
vt 0.432394 0.741731
vt 0.424995 0.702804
vt 0.422602 0.688555
vt 0.419272 0.674665
vt 0.399907 0.683958
vt 0.405938 0.712081
vt 0.303283 0.369814
vt 0.305128 0.371102
vt 0.407368 0.623646
vt 0.402551 0.605239
vt 0.391618 0.567263
vt 0.381308 0.535263
vt 0.376302 0.520788
vt 0.357642 0.471788
vt 0.350656 0.455133
vt 0.336877 0.424477
vt 0.312685 0.365474
vt 0.330071 0.341241
vt 0.295594 0.367151
vt 0.315663 0.338133
vt 0.332944 0.336068
vt 0.344633 0.308159
vt 0.329072 0.304444
vt 0.346495 0.301943
vt 0.328403 0.307358
vt 0.463595 0.403253
vt 0.464587 0.492619
vt 0.435095 0.413937
vt 0.413036 0.423712
vt 0.466955 0.581923
vt 0.477898 0.664376
vt 0.498194 0.656482
vt 0.442813 0.502675
vt 0.375693 0.346068
vt 0.392538 0.338870
vt 0.403753 0.334341
vt 0.420914 0.327890
vt 0.486919 0.415144
vt 0.434610 0.323218
vt 0.447827 0.319080
vt 0.487284 0.483594
vt 0.517529 0.499139
vt 0.511714 0.562348
vt 0.542176 0.642811
vt 0.530224 0.645955
vt 0.557118 0.639588
vt 0.539898 0.573713
vt 0.513237 0.651183
vt 0.488807 0.571620
vt 0.561501 0.638848
vt 0.566082 0.679495
vt 0.567356 0.638213
vt 0.574053 0.667429
vt 0.571447 0.678871
vt 0.582156 0.710335
vt 0.582151 0.741810
vt 0.590180 0.762563
vt 0.590193 0.841139
vt 0.576773 0.742029
vt 0.600884 0.843570
vt 0.299507 0.753875
vt 0.307188 0.790570
vt 0.305551 0.758565
vt 0.318828 0.795540
vt 0.317518 0.763289
vt 0.334480 0.767520
vt 0.335857 0.800313
vt 0.301538 0.786265
vt 0.299332 0.782368
vt 0.297849 0.749689
vt 0.299379 0.778350
vt 0.298775 0.745339
vt 0.301851 0.773515
vt 0.300490 0.742457
vt 0.303977 0.770976
vt 0.302477 0.740031
vt 0.306744 0.768248
vt 0.307770 0.735056
vt 0.314177 0.762299
vt 0.325292 0.754893
vt 0.316322 0.728716
vt 0.338909 0.746825
vt 0.329173 0.720648
vt 0.362041 0.734255
vt 0.347264 0.710521
vt 0.373627 0.696892
vt 0.392113 0.718919
vt 0.386126 0.690685
vt 0.669760 0.855704
vt 0.647854 0.851070
vt 0.663620 0.802749
vt 0.629966 0.797145
vt 0.630879 0.847861
vt 0.611713 0.795269
vt 0.614812 0.845314
vt 0.584335 0.637707
vt 0.589957 0.688773
vt 0.607897 0.689748
vt 0.603551 0.638187
vt 0.672372 0.698594
vt 0.625762 0.639841
vt 0.656531 0.644250
vt 0.686034 0.702174
vt 0.677723 0.650080
vt 0.690276 0.696142
vt 0.726147 0.872384
vt 0.721658 0.869888
vt 0.716705 0.821460
vt 0.708067 0.814813
vt 0.713486 0.866800
vt 0.694924 0.810066
vt 0.702020 0.863423
vt 0.679924 0.857990
vt 0.619742 0.743414
vt 0.653544 0.747942
vt 0.641363 0.693344
vt 0.601502 0.742043
vt 0.684423 0.754319
vt 0.697556 0.758542
vt 0.701119 0.743349
vt 0.706640 0.763046
vt 0.728159 0.874631
vt 0.691522 0.694748
vt 0.679111 0.650819
vt 0.709797 0.777021
vt 0.696670 0.714792
vt 0.685676 0.671184
vt 0.680461 0.653091
vt 0.603094 0.759847
vt 0.627795 0.693649
vt 0.590978 0.712839
vt 0.679652 0.656491
vt 0.678797 0.658213
vt 0.692385 0.712050
vt 0.676201 0.661751
vt 0.660070 0.674752
vt 0.645148 0.683937
vt 0.674012 0.786461
vt 0.644353 0.799328
vt 0.618416 0.825004
vt 0.636761 0.896023
vt 0.671957 0.891138
vt 0.697228 0.886931
vt 0.686986 0.780131
vt 0.709925 0.884289
vt 0.670321 0.667300
vt 0.685214 0.717410
vt 0.719635 0.881572
vt 0.724758 0.879457
vt 0.697592 0.774023
vt 0.704626 0.768369
vt 0.727815 0.877094
vt 0.601153 0.626059
vt 0.603534 0.531757
vt 0.576832 0.549634
vt 0.596132 0.440933
vt 0.560018 0.371820
vt 0.587455 0.448443
vt 0.550613 0.378662
vt 0.576277 0.456565
vt 0.536974 0.387477
vt 0.549736 0.473642
vt 0.517846 0.398909
vt 0.510715 0.466575
vt 0.489710 0.414811
vt 0.553826 0.587475
vt 0.532828 0.525857
vt 0.521472 0.494765
vt 0.627945 0.607390
vt 0.639514 0.598270
vt 0.648811 0.589510
vt 0.654573 0.581533
vt 0.662523 0.594928
vt 0.643557 0.537074
vt 0.656258 0.575115
vt 0.565720 0.366827
vt 0.601124 0.434549
vt 0.569587 0.361860
vt 0.599303 0.423202
vt 0.570140 0.358080
vt 0.623989 0.483871
vt 0.629505 0.507822
vt 0.624018 0.514989
vt 0.614955 0.523129
vt 0.572064 0.645996
vt 0.477135 0.299841
vt 0.466190 0.361559
vt 0.456996 0.338554
vt 0.457413 0.347657
vt 0.461885 0.325990
vt 0.466662 0.313260
vt 0.468128 0.309092
vt 0.469401 0.305138
vt 0.491024 0.289781
vt 0.524291 0.334670
vt 0.534327 0.325936
vt 0.541690 0.318254
vt 0.545574 0.312124
vt 0.545766 0.307995
vt 0.519668 0.258223
vt 0.519355 0.261893
vt 0.516983 0.266063
vt 0.511542 0.272351
vt 0.503092 0.280132
vt 0.506810 0.276866
vt 0.455958 0.338447
vt 0.455424 0.347851
vt 0.455176 0.338325
vt 0.454172 0.338132
vt 0.454631 0.347928
vt 0.451820 0.348186
vt 0.452052 0.337692
vt 0.451571 0.337618
vt 0.451288 0.348230
vt 0.450404 0.348296
vt 0.450759 0.337555
vt 0.452891 0.348092
vt 0.452605 0.337798
vt 0.453565 0.348029
vt 0.453281 0.337941
vt 0.457562 0.451329
vt 0.459445 0.451955
vt 0.458780 0.400037
vt 0.460945 0.403977
vt 0.393784 0.713529
vt 0.393364 0.711898
vt 0.379055 0.725718
vt 0.390792 0.724902
vt 0.394303 0.715593
vt 0.380708 0.732908
vt 0.451776 0.554586
vt 0.442598 0.604874
vt 0.445467 0.601718
vt 0.436373 0.636952
vt 0.428763 0.653744
vt 0.427205 0.664019
vt 0.461352 0.459392
vt 0.461081 0.469418
vt 0.457225 0.503519
vt 0.458634 0.511953
vt 0.452863 0.561557
vt 0.455208 0.399562
vt 0.453839 0.402585
vt 0.455868 0.450688
vt 0.454356 0.453526
vt 0.453061 0.488908
vt 0.453704 0.501470
vt 0.452219 0.501889
vt 0.448405 0.551773
vt 0.447615 0.546975
vt 0.443544 0.573655
vt 0.439521 0.601345
vt 0.441143 0.586690
vt 0.432175 0.625269
vt 0.426226 0.649621
vt 0.425204 0.648388
vt 0.406679 0.694562
vt 0.417409 0.672795
vt 0.413103 0.679179
vt 0.422540 0.656051
vt 0.396907 0.707318
vt 0.405083 0.694689
vt 0.419534 0.677087
vt 0.418042 0.685073
vt 0.421118 0.678553
vt 0.408330 0.698873
vt 0.427372 0.651667
vt 0.418352 0.674925
vt 0.407397 0.696702
vt 0.408979 0.701557
vt 0.399917 0.714635
vt 0.395979 0.719396
vt 0.455363 0.502496
vt 0.449980 0.553175
vt 0.440941 0.603099
vt 0.456905 0.399811
vt 0.369992 0.731091
vt 0.362540 0.742295
vt 0.373327 0.737890
vt 0.358628 0.743291
vt 0.358619 0.735796
vt 0.347777 0.744577
vt 0.334635 0.735201
vt 0.333435 0.743381
vt 0.347096 0.736323
vt 0.315055 0.746135
vt 0.303248 0.727336
vt 0.310131 0.734288
vt 0.319968 0.739479
vt 0.366299 0.269463
vt 0.375928 0.306901
vt 0.351355 0.276432
vt 0.349998 0.320160
vt 0.339451 0.286520
vt 0.417252 0.289350
vt 0.395677 0.257056
vt 0.413337 0.250454
vt 0.403340 0.294687
vt 0.380364 0.263303
vt 0.389501 0.300580
vt 0.466049 0.337908
vt 0.497303 0.412721
vt 0.545280 0.572650
vt 0.522926 0.497888
vt 0.550171 0.572017
vt 0.527842 0.497102
vt 0.299318 0.513547
vt 0.310316 0.582903
vt 0.303087 0.568389
vt 0.302949 0.592288
vt 0.307751 0.665708
vt 0.324158 0.653404
vt 0.362868 0.628782
vt 0.278693 0.401509
vt 0.288122 0.392142
vt 0.312348 0.468394
vt 0.341488 0.548471
vt 0.327987 0.508353
vt 0.343055 0.641019
vt 0.301391 0.671664
vt 0.297548 0.671401
vt 0.296507 0.686243
vt 0.296116 0.698850
vt 0.296689 0.708441
vt 0.299706 0.720708
vt 0.301498 0.623001
vt 0.298944 0.655134
vt 0.271579 0.407757
vt 0.288843 0.459294
vt 0.300476 0.490681
vt 0.325395 0.565698
vt 0.421722 0.236056
vt 0.463329 0.283066
vt 0.450910 0.285617
vt 0.516637 0.257301
vt 0.485514 0.223685
vt 0.497251 0.222913
vt 0.567899 0.589731
vt 0.442898 0.287446
vt 0.476408 0.335920
vt 0.417978 0.237096
vt 0.562365 0.381443
vt 0.547684 0.316476
vt 0.567730 0.356512
vt 0.618756 0.475336
vt 0.585196 0.434455
vt 0.595375 0.418664
vt 0.641308 0.593724
vt 0.641241 0.535770
vt 0.660377 0.593889
vt 0.613062 0.590553
vt 0.582604 0.589455
vt 0.552554 0.539101
vt 0.567079 0.538386
vt 0.597140 0.538508
vt 0.624985 0.540685
vt 0.512239 0.276071
vt 0.460857 0.227277
vt 0.488946 0.278766
vt 0.434582 0.232778
vt 0.488871 0.333850
vt 0.514583 0.330507
vt 0.537956 0.328639
vt 0.526504 0.275551
vt 0.538130 0.382414
vt 0.559678 0.434426
vt 0.511583 0.384927
vt 0.531893 0.436122
vt 0.498728 0.386649
vt 0.518454 0.437544
vt 0.606219 0.487555
vt 0.579372 0.486448
vt 0.550295 0.487274
vt 0.536243 0.488377
vt 0.618386 0.470377
vt 0.582153 0.385235
vt 0.649580 0.555493
vt 0.477159 0.261925
vt 0.482474 0.244035
vt 0.477861 0.247453
vt 0.477026 0.219723
vt 0.474413 0.198708
vt 0.476128 0.273157
vt 0.473476 0.289338
vt 0.489456 0.237889
vt 0.494784 0.232377
vt 0.498246 0.227712
vt 0.499749 0.224061
vt 0.484330 0.202357
vt 0.490620 0.207215
vt 0.500587 0.223666
vt 0.462278 0.312173
vt 0.460845 0.316269
vt 0.463624 0.308044
vt 0.457942 0.327038
vt 0.456266 0.326509
vt 0.459374 0.315723
vt 0.455755 0.326406
vt 0.456802 0.326637
vt 0.460026 0.315890
vt 0.454814 0.326276
vt 0.458296 0.315684
vt 0.453955 0.326313
vt 0.458786 0.315665
vt 0.412611 0.334608
vt 0.414322 0.328358
vt 0.415644 0.324332
vt 0.416807 0.320785
vt 0.412293 0.351951
vt 0.391630 0.681689
vt 0.401744 0.636867
vt 0.409435 0.591078
vt 0.411910 0.571832
vt 0.414720 0.544111
vt 0.416718 0.515512
vt 0.416281 0.401369
vt 0.418120 0.460842
vt 0.417726 0.491097
vt 0.377046 0.682029
vt 0.392807 0.626877
vt 0.385657 0.626228
vt 0.410424 0.571006
vt 0.399810 0.627330
vt 0.383024 0.682582
vt 0.407060 0.571051
vt 0.412910 0.542547
vt 0.415615 0.515449
vt 0.413923 0.515353
vt 0.411628 0.515237
vt 0.411219 0.542612
vt 0.409282 0.542645
vt 0.408878 0.515128
vt 0.381409 0.518693
vt 0.390139 0.541802
vt 0.389212 0.517943
vt 0.394062 0.517279
vt 0.399894 0.542469
vt 0.407007 0.515072
vt 0.383915 0.537994
vt 0.384719 0.595468
vt 0.389787 0.569948
vt 0.385497 0.569347
vt 0.368403 0.701161
vt 0.372848 0.681648
vt 0.381698 0.628397
vt 0.398565 0.570720
vt 0.306290 0.721702
vt 0.308770 0.700719
vt 0.303814 0.718415
vt 0.310929 0.491306
vt 0.345390 0.505013
vt 0.339593 0.490087
vt 0.316534 0.506012
vt 0.351908 0.537678
vt 0.321182 0.525922
vt 0.324015 0.547594
vt 0.354042 0.571580
vt 0.325329 0.571704
vt 0.353263 0.605126
vt 0.324750 0.601835
vt 0.350125 0.638449
vt 0.321953 0.632976
vt 0.344819 0.671343
vt 0.316508 0.667184
vt 0.337323 0.703635
vt 0.312486 0.727124
vt 0.322317 0.731792
vt 0.368130 0.606667
vt 0.364812 0.640254
vt 0.359452 0.673420
vt 0.377153 0.573539
vt 0.375934 0.607325
vt 0.365064 0.476853
vt 0.363106 0.490841
vt 0.375783 0.499150
vt 0.368932 0.506169
vt 0.375359 0.539343
vt 0.358477 0.478397
vt 0.352222 0.478859
vt 0.347778 0.478930
vt 0.354981 0.490552
vt 0.360798 0.505718
vt 0.367248 0.538750
vt 0.369159 0.572918
vt 0.339771 0.479011
vt 0.303908 0.479388
vt 0.311068 0.730739
vt 0.317066 0.734026
vt 0.304022 0.723952
vt 0.337353 0.286057
vt 0.341408 0.273044
vt 0.336221 0.266795
vt 0.336873 0.259776
vt 0.337404 0.251754
vt 0.344266 0.237659
vt 0.333528 0.285483
vt 0.367006 0.218372
vt 0.379713 0.213490
vt 0.391683 0.209579
vt 0.286666 0.390347
vt 0.302095 0.714620
vt 0.296636 0.684623
vt 0.297034 0.703825
vt 0.298922 0.703478
vt 0.298565 0.700932
vt 0.297962 0.683115
vt 0.298429 0.654332
vt 0.300456 0.622482
vt 0.297371 0.669543
vt 0.301362 0.622054
vt 0.299485 0.653075
vt 0.269802 0.408789
vt 0.270395 0.408379
vt 0.287017 0.459920
vt 0.269802 0.408981
vt 0.297610 0.513748
vt 0.287578 0.459963
vt 0.270400 0.408950
vt 0.301618 0.568203
vt 0.302149 0.563207
vt 0.298185 0.513668
vt 0.270668 0.405486
vt 0.277540 0.399426
vt 0.456929 0.183877
vt 0.400848 0.106321
vt 0.411100 0.148492
vt 0.382418 0.111087
vt 0.415454 0.192650
vt 0.436820 0.187598
vt 0.432898 0.124253
vt 0.407954 0.093600
vt 0.387934 0.183824
vt 0.401180 0.206620
vt 0.449559 0.148651
vt 0.450156 0.149570
vt 0.430461 0.144221
vt 0.450488 0.149289
vt 0.456926 0.158187
vt 0.368767 0.152942
vt 0.390871 0.153890
vt 0.363616 0.116663
vt 0.348867 0.124581
vt 0.339947 0.118650
vt 0.352387 0.077277
vt 0.389286 0.071002
vt 0.448961 0.147733
vt 0.443042 0.138801
vt 0.474890 0.178114
vt 0.467951 0.166051
vt 0.465646 0.164270
vt 0.462737 0.157632
vt 0.468685 0.173980
vt 0.475110 0.179779
vt 0.460777 0.157035
vt 0.457187 0.151231
vt 0.472635 0.239049
vt 0.475624 0.247992
vt 0.473384 0.248531
vt 0.471422 0.229603
vt 0.464843 0.197104
vt 0.473251 0.263880
vt 0.472561 0.269831
vt 0.471602 0.276038
vt 0.470656 0.281522
vt 0.467488 0.294907
vt 0.461720 0.307464
vt 0.461192 0.307511
vt 0.462954 0.307737
vt 0.462310 0.307541
vt 0.426062 0.294437
vt 0.468151 0.281278
vt 0.427889 0.287897
vt 0.415736 0.322141
vt 0.414840 0.324089
vt 0.415316 0.324009
vt 0.414105 0.322039
vt 0.413979 0.320020
vt 0.413557 0.321904
vt 0.412898 0.322558
vt 0.407259 0.335296
vt 0.408471 0.335823
vt 0.408569 0.332553
vt 0.404592 0.352910
vt 0.404889 0.344100
vt 0.403469 0.353021
vt 0.405845 0.352787
vt 0.410519 0.352326
vt 0.412309 0.333871
vt 0.415959 0.320731
vt 0.416168 0.322032
vt 0.415065 0.320447
vt 0.414932 0.322157
vt 0.414563 0.320206
vt 0.410274 0.329721
vt 0.410650 0.327548
vt 0.409651 0.329759
vt 0.410841 0.329833
vt 0.411240 0.327784
vt 0.411812 0.327894
vt 0.410442 0.331866
vt 0.409860 0.331781
vt 0.410049 0.333896
vt 0.409454 0.333833
vt 0.408873 0.333745
vt 0.408957 0.352481
vt 0.411381 0.333949
vt 0.408197 0.352556
vt 0.409675 0.335940
vt 0.407137 0.352660
vt 0.406405 0.352732
vt 0.412511 0.323776
vt 0.413153 0.323939
vt 0.413725 0.324040
vt 0.414296 0.324094
vt 0.414425 0.325996
vt 0.413912 0.326043
vt 0.413352 0.326028
vt 0.412773 0.325963
vt 0.412199 0.325856
vt 0.411692 0.325353
vt 0.411423 0.329913
vt 0.412394 0.327968
vt 0.413985 0.327902
vt 0.413505 0.327981
vt 0.412966 0.328000
vt 0.411032 0.331921
vt 0.411367 0.421624
vt 0.407740 0.407205
vt 0.409284 0.459592
vt 0.408905 0.490859
vt 0.412412 0.491013
vt 0.413159 0.421565
vt 0.415796 0.491084
vt 0.413919 0.421538
vt 0.415480 0.421479
vt 0.406051 0.491695
vt 0.402933 0.492622
vt 0.382532 0.468254
vt 0.389603 0.463686
vt 0.373560 0.473270
vt 0.387472 0.493262
vt 0.168363 0.445497
vt 0.197180 0.449871
vt 0.175665 0.444322
vt 0.145852 0.437076
vt 0.197855 0.433247
vt 0.222366 0.441214
vt 0.200061 0.432144
vt 0.201354 0.431328
vt 0.204481 0.428861
vt 0.190059 0.434861
vt 0.212588 0.443433
vt 0.194270 0.434327
vt 0.178520 0.435463
vt 0.185987 0.435095
vt 0.260714 0.455362
vt 0.239932 0.454421
vt 0.229234 0.454733
vt 0.214639 0.453879
vt 0.191353 0.451002
vt 0.280819 0.457972
vt 0.260104 0.456460
vt 0.237882 0.455065
vt 0.288222 0.465057
vt 0.299427 0.465314
vt 0.285944 0.463787
vt 0.274362 0.459193
vt 0.268943 0.457859
vt 0.295322 0.470110
vt 0.339599 0.466184
vt 0.350566 0.464681
vt 0.373264 0.446729
vt 0.322907 0.445967
vt 0.342906 0.450311
vt 0.353231 0.435977
vt 0.360051 0.459315
vt 0.338736 0.432104
vt 0.308861 0.429318
vt 0.218294 0.411314
vt 0.230081 0.434670
vt 0.251326 0.422898
vt 0.274099 0.426978
vt 0.254162 0.440490
vt 0.301030 0.444523
vt 0.213609 0.418328
vt 0.207399 0.425994
vt 0.236488 0.449267
vt 0.282790 0.453448
vt 0.304133 0.454690
vt 0.323352 0.458326
vt 0.246666 0.447088
vt 0.293633 0.451178
vt 0.315187 0.452514
vt 0.334458 0.456473
vt 0.248700 0.080360
vt 0.247844 0.039979
vt 0.270345 0.092536
vt 0.214295 0.069189
vt 0.207288 0.028770
vt 0.179119 0.066982
vt 0.161164 0.028216
vt 0.144431 0.074075
vt 0.123230 0.037893
vt 0.112290 0.090543
vt 0.093390 0.053238
vt 0.085320 0.115159
vt 0.046721 0.224850
vt 0.050812 0.265907
vt 0.009885 0.245563
vt 0.016814 0.284034
vt 0.063457 0.305695
vt 0.029720 0.320827
vt 0.083826 0.341522
vt 0.066728 0.074763
vt 0.044226 0.101842
vt 0.064533 0.147029
vt 0.026734 0.133610
vt 0.051364 0.184367
vt 0.014921 0.168994
vt 0.009237 0.206758
vt 0.330470 0.554828
vt 0.329038 0.522680
vt 0.325433 0.491335
vt 0.317078 0.450178
vt 0.311690 0.431122
vt 0.293515 0.383573
vt 0.300895 0.400700
vt 0.310111 0.698218
vt 0.314344 0.683942
vt 0.046356 0.352020
vt 0.067022 0.379900
vt 0.110096 0.370909
vt 0.091057 0.403748
vt 0.141179 0.393121
vt 0.117727 0.422997
vt 0.162185 0.402786
vt 0.183922 0.409023
vt 0.197124 0.411075
vt 0.218605 0.411674
vt 0.329720 0.587687
vt 0.326358 0.624591
vt 0.321905 0.651872
vt 0.315973 0.677926
vt 0.282917 0.391069
vt 0.264169 0.401028
vt 0.252172 0.405538
vt 0.231796 0.410332
vt 0.349709 0.282534
vt 0.351248 0.264208
vt 0.351374 0.259832
vt 0.351390 0.255443
vt 0.351230 0.249219
vt 0.337949 0.237003
vt 0.346666 0.217125
vt 0.284773 0.385698
vt 0.293748 0.393833
vt 0.304560 0.383154
vt 0.275266 0.395269
vt 0.334644 0.313759
vt 0.290389 0.372733
vt 0.284852 0.378067
vt 0.289343 0.385937
vt 0.301849 0.376523
vt 0.307434 0.371122
vt 0.309291 0.369190
vt 0.283927 0.401920
vt 0.269937 0.407827
vt 0.269541 0.406876
vt 0.267904 0.403071
vt 0.268938 0.406859
vt 0.268927 0.406618
vt 0.269504 0.406158
vt 0.268859 0.400959
vt 0.449379 0.148415
vt 0.449970 0.148763
vt 0.449637 0.148315
vt 0.449005 0.147496
vt 0.451029 0.149556
vt 0.450771 0.149405
vt 0.451223 0.149560
vt 0.449947 0.149830
vt 0.449805 0.149371
vt 0.449334 0.149608
vt 0.448592 0.148970
vt 0.449382 0.149033
vt 0.449016 0.148609
vt 0.447874 0.147986
vt 0.448485 0.147611
vt 0.450263 0.149605
vt 0.450737 0.149709
vt 0.449744 0.148478
vt 0.449752 0.148342
vt 0.449244 0.147595
vt 0.450476 0.149155
vt 0.450349 0.149135
vt 0.451898 0.149627
vt 0.355268 0.138027
vt 0.382354 0.183205
vt 0.362957 0.148415
vt 0.376546 0.167991
vt 0.369154 0.172415
vt 0.334738 0.061341
vt 0.369880 0.050432
vt 0.298191 0.073956
vt 0.315470 0.090922
vt 0.409439 0.093600
vt 0.433217 0.124152
vt 0.432942 0.125132
vt 0.433417 0.124406
vt 0.433311 0.124682
vt 0.449053 0.160332
vt 0.453986 0.166828
vt 0.458044 0.174978
vt 0.465018 0.207941
vt 0.462939 0.197288
vt 0.462569 0.197518
vt 0.469495 0.229915
vt 0.469144 0.230085
vt 0.463522 0.197149
vt 0.470104 0.229732
vt 0.464133 0.197104
vt 0.470748 0.229630
vt 0.471056 0.249026
vt 0.472120 0.248673
vt 0.471511 0.248829
vt 0.472780 0.248570
vt 0.470776 0.263836
vt 0.471387 0.263696
vt 0.471923 0.263672
vt 0.472537 0.263728
vt 0.471855 0.269645
vt 0.471196 0.269556
vt 0.470597 0.269568
vt 0.470066 0.269714
vt 0.470890 0.275828
vt 0.470231 0.275716
vt 0.469633 0.275702
vt 0.469116 0.275788
vt 0.469946 0.281301
vt 0.469284 0.281186
vt 0.468682 0.281178
vt 0.431622 0.270067
vt 0.429060 0.283009
vt 0.424819 0.288096
vt 0.426889 0.282739
vt 0.426164 0.282501
vt 0.427088 0.288688
vt 0.428515 0.283024
vt 0.426056 0.288516
vt 0.427737 0.282931
vt 0.420422 0.304373
vt 0.417349 0.311275
vt 0.421024 0.304610
vt 0.421574 0.304765
vt 0.422102 0.304848
vt 0.200201 0.037733
vt 0.223860 0.003707
vt 0.190234 0.012739
vt 0.351423 0.066658
vt 0.293904 0.007486
vt 0.258950 0.001919
vt 0.316014 0.014871
vt 0.344254 0.030785
vt 0.369809 0.051859
vt 0.247409 0.041822
vt 0.201636 0.041344
vt 0.211323 0.049090
vt 0.283936 0.044419
vt 0.319594 0.056500
vt 0.341992 0.069542
vt 0.354815 0.077887
vt 0.355385 0.079771
vt 0.405489 0.328369
vt 0.403273 0.474968
vt 0.394687 0.459905
vt 0.376079 0.440846
vt 0.114080 0.165555
vt 0.127909 0.125985
vt 0.110778 0.140970
vt 0.124546 0.110406
vt 0.149662 0.092280
vt 0.145056 0.081570
vt 0.177824 0.066335
vt 0.170321 0.058594
vt 0.197542 0.043044
vt 0.147525 0.332449
vt 0.126389 0.294386
vt 0.132647 0.326924
vt 0.115466 0.292496
vt 0.113301 0.252117
vt 0.104249 0.255004
vt 0.109135 0.208514
vt 0.099624 0.216222
vt 0.101817 0.177691
vt 0.353273 0.429204
vt 0.365376 0.377221
vt 0.380674 0.363123
vt 0.394086 0.346793
vt 0.268989 0.406728
vt 0.285933 0.421483
vt 0.289722 0.406857
vt 0.325706 0.423910
vt 0.310412 0.403847
vt 0.340612 0.425941
vt 0.330064 0.397756
vt 0.348511 0.388782
vt 0.248018 0.403406
vt 0.253160 0.416311
vt 0.227292 0.396915
vt 0.221196 0.404981
vt 0.207079 0.387261
vt 0.190868 0.388575
vt 0.174804 0.363666
vt 0.163156 0.365692
vt 0.139299 0.337121
vt 0.410659 0.317798
vt 0.401899 0.475281
vt 0.400438 0.476005
vt 0.392304 0.461823
vt 0.393621 0.460832
vt 0.136737 0.362967
vt 0.149308 0.394580
vt 0.159806 0.386483
vt 0.160488 0.420265
vt 0.169043 0.418567
vt 0.176117 0.414349
vt 0.167462 0.379389
vt 0.185430 0.405502
vt 0.192004 0.397696
vt 0.111225 0.300966
vt 0.116927 0.335517
vt 0.127782 0.332572
vt 0.142834 0.353671
vt 0.099322 0.305459
vt 0.104395 0.341495
vt 0.086408 0.309914
vt 0.095963 0.344599
vt 0.077991 0.312322
vt 0.087262 0.346391
vt 0.070202 0.313911
vt 0.141735 0.398509
vt 0.133127 0.400236
vt 0.125153 0.370101
vt 0.117122 0.373656
vt 0.108466 0.375415
vt 0.060114 0.315638
vt 0.354797 0.433133
vt 0.339872 0.429097
vt 0.381579 0.449484
vt 0.368895 0.439841
vt 0.219879 0.408248
vt 0.252054 0.419624
vt 0.285005 0.424803
vt 0.324925 0.427116
vt 0.269642 0.051725
vt 0.289417 0.107336
vt 0.273338 0.094577
vt 0.285793 0.063411
vt 0.298957 0.116536
vt 0.325060 0.150815
vt 0.322239 0.146230
vt 0.311288 0.130726
vt 0.335958 0.171889
vt 0.331775 0.163068
vt 0.328343 0.156559
vt 0.329867 0.159315
vt 0.330840 0.161182
vt 0.173811 0.390220
vt 0.305847 0.081143
vt 0.368255 0.153878
vt 0.343854 0.192780
vt 0.377297 0.174992
vt 0.345033 0.196652
vt 0.381680 0.188445
vt 0.383986 0.197131
vt 0.349372 0.214385
vt 0.388124 0.219461
vt 0.352257 0.234275
vt 0.388970 0.227138
vt 0.352440 0.236351
vt 0.389778 0.241941
vt 0.353022 0.258332
vt 0.352143 0.271714
vt 0.388925 0.264338
vt 0.351278 0.278866
vt 0.386064 0.283817
vt 0.350751 0.282333
vt 0.385550 0.286300
vt 0.381123 0.303077
vt 0.380472 0.305099
vt 0.379673 0.307474
vt 0.371378 0.327454
vt 0.366261 0.337061
vt 0.360962 0.345634
vt 0.348450 0.362042
vt 0.345080 0.365763
vt 0.333960 0.376447
vt 0.317681 0.388566
vt 0.299836 0.398135
vt 0.286896 0.403081
vt 0.280775 0.404900
vt 0.261089 0.408673
vt 0.252705 0.409368
vt 0.240781 0.409458
vt 0.179319 0.393161
vt 0.199525 0.401730
vt 0.220140 0.407163
vt 0.280369 0.393430
vt 0.276600 0.385025
vt 0.155956 0.024356
vt 0.136113 0.035707
vt 0.168057 0.019412
vt 0.099463 0.266293
vt 0.086921 0.269086
vt 0.080311 0.231084
vt 0.093201 0.230086
vt 0.079783 0.192778
vt 0.092719 0.193599
vt 0.098047 0.158111
vt 0.085383 0.155524
vt 0.113928 0.089341
vt 0.096910 0.120640
vt 0.125186 0.095044
vt 0.109010 0.124879
vt 0.135787 0.062685
vt 0.145967 0.069620
vt 0.171424 0.048834
vt 0.161664 0.041521
vt 0.196564 0.033059
vt 0.191360 0.037854
vt 0.198110 0.034989
vt 0.188690 0.024654
vt 0.073432 0.272065
vt 0.066504 0.232502
vt 0.065931 0.192612
vt 0.071764 0.153815
vt 0.083793 0.117492
vt 0.101559 0.084916
vt 0.124376 0.057191
vt 0.151381 0.035201
vt 0.181551 0.019572
vt 0.064786 0.273943
vt 0.057729 0.233818
vt 0.057133 0.193356
vt 0.063051 0.154000
vt 0.075270 0.117155
vt 0.093321 0.084114
vt 0.116506 0.055998
vt 0.143945 0.033704
vt 0.175202 0.017873
vt 0.056979 0.275599
vt 0.049907 0.235542
vt 0.049298 0.195146
vt 0.055208 0.155851
vt 0.067423 0.119060
vt 0.085474 0.086063
vt 0.108665 0.057980
vt 0.317060 0.013845
vt 0.280652 0.025983
vt 0.293007 0.005640
vt 0.257709 0.000000
vt 0.222268 0.001786
vt 0.188330 0.010965
vt 0.307863 0.041822
vt 0.343899 0.029187
vt 0.345572 0.304920
vt 0.343388 0.263245
vt 0.334452 0.276557
vt 0.335491 0.262275
vt 0.333288 0.285104
vt 0.340277 0.189196
vt 0.340610 0.190283
vt 0.324408 0.190885
vt 0.328517 0.203952
vt 0.334967 0.240238
vt 0.350071 0.234645
vt 0.350784 0.241929
vt 0.346915 0.214992
vt 0.338080 0.223012
vt 0.338094 0.216841
vt 0.349517 0.203421
vt 0.351195 0.197422
vt 0.361465 0.192974
vt 0.362242 0.178205
vt 0.358948 0.182017
vt 0.355083 0.187799
vt 0.268219 0.402170
vt 0.267405 0.402384
vt 0.267295 0.402578
vt 0.267806 0.401908
vt 0.268507 0.401256
vt 0.267255 0.402852
vt 0.432274 0.149423
vt 0.440707 0.149365
vt 0.441010 0.150008
vt 0.441406 0.150434
vt 0.441814 0.150585
vt 0.432435 0.150129
vt 0.432738 0.150773
vt 0.433133 0.151201
vt 0.433393 0.151394
vt 0.437612 0.152713
vt 0.332672 0.174573
vt 0.325881 0.185391
vt 0.327465 0.181642
vt 0.330596 0.176739
vt 0.391480 0.072959
vt 0.391660 0.071825
vt 0.370303 0.050597
vt 0.419421 0.107440
vt 0.409138 0.094573
vt 0.379378 0.104058
vt 0.393101 0.122820
vt 0.401825 0.137631
vt 0.403968 0.141748
vt 0.413575 0.163703
vt 0.426199 0.157995
vt 0.405353 0.144532
vt 0.430986 0.149888
vt 0.430073 0.150835
vt 0.426887 0.155414
vt 0.426410 0.156381
vt 0.422672 0.195333
vt 0.427915 0.194229
vt 0.421271 0.189033
vt 0.420628 0.186404
vt 0.414508 0.166261
vt 0.440646 0.154546
vt 0.444121 0.156256
vt 0.452082 0.167782
vt 0.448560 0.161713
vt 0.448102 0.162294
vt 0.456017 0.175665
vt 0.451597 0.167870
vt 0.456804 0.178709
vt 0.447028 0.159872
vt 0.449191 0.161313
vt 0.446343 0.160881
vt 0.456603 0.175278
vt 0.457305 0.175053
vt 0.452613 0.167273
vt 0.453272 0.166945
vt 0.431409 0.205188
vt 0.431683 0.210285
vt 0.431920 0.214508
vt 0.432966 0.236688
vt 0.433020 0.255461
vt 0.433146 0.246060
vt 0.431283 0.202645
vt 0.431345 0.203917
vt 0.429938 0.276862
vt 0.428070 0.276576
vt 0.428734 0.269682
vt 0.429562 0.269897
vt 0.428724 0.276724
vt 0.430397 0.270035
vt 0.429368 0.276823
vt 0.431105 0.270091
vt 0.420568 0.289690
vt 0.421964 0.284069
vt 0.418450 0.297092
vt 0.419907 0.292122
vt 0.425295 0.210856
vt 0.425984 0.216714
vt 0.427113 0.238747
vt 0.425809 0.261698
vt 0.323271 0.094674
vt 0.363693 0.087208
vt 0.334930 0.105927
vt 0.371542 0.095130
vt 0.339003 0.110361
vt 0.352920 0.127993
vt 0.364774 0.147175
vt 0.344550 0.029423
vt 0.316044 0.013356
vt 0.223187 0.002068
vt 0.189327 0.011228
vt 0.293768 0.005907
vt 0.258549 0.000281
vt 0.200835 0.039548
vt 0.195840 0.039691
vt 0.168102 0.055505
vt 0.142349 0.078888
vt 0.121440 0.108251
vt 0.107401 0.139382
vt 0.098263 0.176791
vt 0.096026 0.216048
vt 0.100739 0.255558
vt 0.112174 0.293750
vt 0.160777 0.368286
vt 0.136466 0.339198
vt 0.129686 0.328814
vt 0.189009 0.391573
vt 0.338874 0.198727
vt 0.338584 0.202541
vt 0.433004 0.151616
vt 0.432530 0.151536
vt 0.432578 0.152169
vt 0.432099 0.152174
vt 0.431971 0.151203
vt 0.431344 0.151927
vt 0.431406 0.150612
vt 0.430552 0.151443
vt 0.432804 0.151306
vt 0.432337 0.150922
vt 0.431906 0.150308
vt 0.436772 0.153218
vt 0.429166 0.157785
vt 0.428664 0.157875
vt 0.430876 0.194030
vt 0.430375 0.194110
vt 0.427820 0.157960
vt 0.429533 0.194189
vt 0.426888 0.158000
vt 0.428602 0.194229
vt 0.427085 0.156903
vt 0.427907 0.157118
vt 0.428665 0.157210
vt 0.428922 0.156629
vt 0.429230 0.157168
vt 0.429472 0.156638
vt 0.428238 0.156393
vt 0.427524 0.155966
vt 0.428449 0.205395
vt 0.428725 0.210502
vt 0.428323 0.202841
vt 0.437232 0.155439
vt 0.439374 0.156033
vt 0.439836 0.155047
vt 0.435136 0.155759
vt 0.437198 0.155906
vt 0.435072 0.156378
vt 0.443273 0.157086
vt 0.442865 0.157731
vt 0.443821 0.156679
vt 0.442858 0.158430
vt 0.430009 0.236832
vt 0.429472 0.210491
vt 0.431133 0.210369
vt 0.430755 0.236841
vt 0.430341 0.210444
vt 0.431624 0.236817
vt 0.432416 0.236761
vt 0.429196 0.205389
vt 0.430066 0.205346
vt 0.430858 0.205272
vt 0.432471 0.255517
vt 0.431679 0.255531
vt 0.430812 0.255498
vt 0.430066 0.255428
vt 0.430782 0.202723
vt 0.429940 0.202800
vt 0.429010 0.202841
vt 0.551020 0.699606
vt 0.481355 0.847267
vt 0.449009 0.868253
vt 0.515648 0.842922
vt 0.512694 0.817087
vt 0.496894 0.713201
vt 0.514323 0.708102
vt 0.532426 0.703470
vt 0.571438 0.839297
vt 0.567939 0.811564
vt 0.548964 0.812749
vt 0.552281 0.839844
vt 0.530464 0.814681
vt 0.533593 0.841143
vt 0.560181 0.755775
vt 0.541407 0.758287
vt 0.523118 0.761551
vt 0.505530 0.765283
vt 0.414629 0.838933
vt 0.381499 0.845636
vt 0.349194 0.852817
vt 0.333991 0.856689
vt 0.320308 0.860831
vt 0.308158 0.832009
vt 0.302523 0.837292
vt 0.302080 0.842118
vt 0.305713 0.846388
vt 0.312029 0.850211
vt 0.320096 0.853722
vt 0.339324 0.874416
vt 0.318411 0.826615
vt 0.331553 0.821367
vt 0.346212 0.816322
vt 0.377476 0.806734
vt 0.409643 0.797622
vt 0.646493 0.863243
vt 0.621324 0.858648
vt 0.393930 0.896463
vt 0.378853 0.880926
vt 0.366258 0.878953
vt 0.403830 0.724449
vt 0.440716 0.654763
vt 0.517668 0.604220
vt 0.556767 0.753423
vt 0.402412 0.873223
vt 0.418346 0.872916
vt 0.455000 0.868120
vt 0.436157 0.871250
vt 0.473832 0.863807
vt 0.542173 0.841786
vt 0.509369 0.853294
vt 0.587435 0.906613
vt 0.572956 0.830032
vt 0.494384 0.530900
vt 0.468079 0.457916
vt 0.473950 0.553077
vt 0.452071 0.575038
vt 0.468257 0.638543
vt 0.435601 0.717661
vt 0.419342 0.721662
vt 0.389784 0.725994
vt 0.376041 0.809689
vt 0.538489 0.677650
vt 0.493741 0.621482
vt 0.511456 0.689655
vt 0.482749 0.701539
vt 0.451866 0.712742
vt 0.527566 0.764583
vt 0.496496 0.775566
vt 0.462978 0.785743
vt 0.445294 0.790051
vt 0.427633 0.793353
vt 0.356971 0.834653
vt 0.428974 0.901468
vt 0.518417 0.952455
vt 0.427831 0.924566
vt 0.518407 0.902512
vt 0.430136 0.878287
vt 0.620013 0.957093
vt 0.621502 0.984191
vt 0.618505 0.929983
vt 0.412205 0.926713
vt 0.402729 0.928052
vt 0.390223 0.929873
vt 0.323566 0.967467
vt 0.330492 0.970517
vt 0.338329 0.973682
vt 0.347040 0.976971
vt 0.372955 0.932523
vt 0.358754 0.934876
vt 0.355456 0.935453
vt 0.310931 0.960470
vt 0.314091 0.962540
vt 0.317604 0.964521
vt 0.306430 0.950550
vt 0.306056 0.951127
vt 0.308037 0.948909
vt 0.305602 0.952226
vt 0.305526 0.953939
vt 0.305664 0.954528
vt 0.306658 0.956472
vt 0.308436 0.958450
vt 0.347170 0.936975
vt 0.336897 0.939055
vt 0.328985 0.940884
vt 0.322280 0.942692
vt 0.320764 0.943150
vt 0.316079 0.944743
vt 0.312262 0.946354
vt 0.309293 0.947998
vt 0.572913 0.991191
vt 0.588742 0.989011
vt 0.604941 0.986673
vt 0.356982 0.980498
vt 0.369219 0.984517
vt 0.409704 0.994758
vt 0.400636 0.992919
vt 0.395163 0.991675
vt 0.510919 0.998124
vt 0.516002 0.997696
vt 0.521281 0.997217
vt 0.527598 0.996602
vt 0.381082 0.988036
vt 0.391158 0.990703
vt 0.459571 0.999891
vt 0.460931 0.999921
vt 0.542349 0.995010
vt 0.557453 0.993198
vt 0.450961 0.999575
vt 0.468341 1.000000
vt 0.477270 0.999912
vt 0.480666 0.999830
vt 0.490625 0.999449
vt 0.500707 0.998874
vt 0.411027 0.995003
vt 0.419599 0.996442
vt 0.428232 0.997633
vt 0.436965 0.998579
vt 0.445902 0.999287
vt 0.586839 0.946510
vt 0.544812 0.939194
vt 0.550986 0.959693
vt 0.547718 0.938874
vt 0.574980 0.935665
vt 0.512355 0.972229
vt 0.520007 0.941690
vt 0.508059 0.942705
vt 0.499125 0.943360
vt 0.491547 0.977804
vt 0.486868 0.944085
vt 0.480757 0.980241
vt 0.480877 0.944356
vt 0.469826 0.982329
vt 0.462882 0.944771
vt 0.453844 0.944718
vt 0.458850 0.983985
vt 0.448034 0.985137
vt 0.447698 0.944568
vt 0.437599 0.985758
vt 0.432196 0.943739
vt 0.427708 0.985872
vt 0.417971 0.942357
vt 0.418449 0.985546
vt 0.409821 0.984863
vt 0.404431 0.940454
vt 0.394134 0.982701
vt 0.388580 0.937494
vt 0.380310 0.979868
vt 0.371200 0.933390
vt 0.367777 0.976609
vt 0.363496 0.931309
vt 0.351604 0.927811
vt 0.346243 0.968715
vt 0.532054 0.966117
vt 0.391234 0.883149
vt 0.368260 0.886288
vt 0.331972 0.892257
vt 0.338015 0.891106
vt 0.324321 0.893894
vt 0.346606 0.889611
vt 0.365897 0.886629
vt 0.334068 0.922059
vt 0.324379 0.918491
vt 0.319035 0.916314
vt 0.308576 0.898761
vt 0.312051 0.897348
vt 0.320891 0.894722
vt 0.309737 0.911775
vt 0.304658 0.908068
vt 0.302882 0.905205
vt 0.303441 0.902469
vt 0.306637 0.899764
vt 0.400531 0.892373
vt 0.369333 0.904100
vt 0.354032 0.910193
vt 0.325773 0.922970
vt 0.339358 0.916453
vt 0.310223 0.933062
vt 0.314488 0.929688
vt 0.319738 0.926316
vt 0.307142 0.936383
vt 0.305340 0.939595
vt 0.304784 0.942655
vt 0.311972 0.953297
vt 0.319090 0.957863
vt 0.327567 0.962119
vt 0.306827 0.948260
vt 0.305339 0.945542
vt 0.295817 0.361710
vt 0.303851 0.350587
vt 0.388127 0.354651
vt 0.404660 0.329986
vt 0.309528 0.341190
vt 0.277777 0.380591
vt 0.287196 0.371602
vt 0.367730 0.375311
vt 0.293802 0.364188
vt 0.256793 0.395592
vt 0.267621 0.388609
vt 0.344039 0.391268
vt 0.274367 0.383459
vt 0.245366 0.401481
vt 0.317734 0.401932
vt 0.233416 0.406222
vt 0.221026 0.409772
vt 0.195273 0.413150
vt 0.208281 0.412091
vt 0.168851 0.411408
vt 0.182097 0.412927
vt 0.260531 0.405709
vt 0.142556 0.404484
vt 0.155637 0.408592
vt 0.231472 0.398409
vt 0.129715 0.399104
vt 0.203435 0.385038
vt 0.117839 0.392843
vt 0.177440 0.365919
vt 0.105168 0.384648
vt 0.093670 0.375663
vt 0.072722 0.354486
vt 0.154482 0.341607
vt 0.082822 0.365585
vt 0.055125 0.329570
vt 0.135479 0.312890
vt 0.063461 0.342450
vt 0.041533 0.301696
vt 0.121224 0.280768
vt 0.047792 0.315948
vt 0.029753 0.256371
vt 0.032468 0.271780
vt 0.112335 0.246420
vt 0.036408 0.286931
vt 0.028293 0.240839
vt 0.109216 0.211150
vt 0.029187 0.209946
vt 0.028103 0.225318
vt 0.112027 0.176324
vt 0.035131 0.180182
vt 0.031536 0.194856
vt 0.120666 0.143300
vt 0.039938 0.166050
vt 0.134781 0.113354
vt 0.046151 0.152109
vt 0.051922 0.141647
vt 0.182640 0.107267
vt 0.207085 0.118710
vt 0.065604 0.360249
vt 0.229329 0.134817
vt 0.248635 0.154929
vt 0.087742 0.378174
vt 0.112098 0.391165
vt 0.137712 0.398837
vt 0.163614 0.401024
vt 0.188868 0.397763
vt 0.130623 0.100281
vt 0.156840 0.101008
vt 0.021070 0.283899
vt 0.031529 0.312214
vt 0.046596 0.337993
vt 0.252407 0.358351
vt 0.286268 0.259114
vt 0.267227 0.337083
vt 0.278008 0.312903
vt 0.284422 0.286624
vt 0.234005 0.375966
vt 0.283478 0.231275
vt 0.276118 0.204025
vt 0.212595 0.389280
vt 0.264390 0.178279
vt 0.067558 0.120247
vt 0.153782 0.087616
vt 0.058421 0.131770
vt 0.087866 0.101270
vt 0.176885 0.067014
vt 0.077301 0.110195
vt 0.099155 0.093539
vt 0.111068 0.087058
vt 0.203158 0.052237
vt 0.136341 0.078006
vt 0.123499 0.081870
vt 0.231569 0.043715
vt 0.162820 0.074310
vt 0.149485 0.075484
vt 0.261048 0.041615
vt 0.189631 0.075977
vt 0.176238 0.074480
vt 0.290531 0.045857
vt 0.215924 0.082837
vt 0.202893 0.078775
vt 0.319005 0.056137
vt 0.228626 0.088118
vt 0.345543 0.071960
vt 0.263855 0.110700
vt 0.369325 0.092675
vt 0.274366 0.120247
vt 0.240906 0.094564
vt 0.252096 0.101707
vt 0.293113 0.141908
vt 0.284140 0.130678
vt 0.389654 0.117509
vt 0.308436 0.166414
vt 0.301228 0.153850
vt 0.405967 0.145603
vt 0.319959 0.193033
vt 0.314692 0.179507
vt 0.417834 0.176039
vt 0.327414 0.221003
vt 0.324208 0.206898
vt 0.424959 0.207865
vt 0.328522 0.227466
vt 0.329561 0.235251
vt 0.427179 0.240120
vt 0.330637 0.249544
vt 0.330770 0.257467
vt 0.328281 0.287004
vt 0.329565 0.277879
vt 0.424457 0.271844
vt 0.330637 0.263786
vt 0.321136 0.315194
vt 0.324238 0.305241
vt 0.416881 0.302100
vt 0.327427 0.291729
vt 0.314588 0.331331
vt 0.320019 0.318323
vt 0.142835 0.101411
vt 0.081652 0.080341
vt 0.107960 0.068883
vt 0.143241 0.113259
vt 0.054205 0.271034
vt 0.050542 0.269294
vt 0.141538 0.105138
vt 0.075349 0.086505
vt 0.141681 0.109300
vt 0.002981 0.206207
vt 0.135818 0.062932
vt 0.146953 0.094491
vt 0.164336 0.062550
vt 0.173435 0.095270
vt 0.192640 0.067622
vt 0.199487 0.101663
vt 0.219902 0.077871
vt 0.224162 0.113313
vt 0.245364 0.092880
vt 0.263172 0.399965
vt 0.257503 0.406194
vt 0.251161 0.374313
vt 0.229542 0.387808
vt 0.326568 0.286593
vt 0.284713 0.334896
vt 0.269744 0.356457
vt 0.096322 0.302064
vt 0.186184 0.148756
vt 0.145978 0.116410
vt 0.061899 0.335680
vt 0.081097 0.358281
vt 0.049425 0.368223
vt 0.071899 0.390492
vt 0.103457 0.376484
vt 0.097034 0.408213
vt 0.128057 0.389677
vt 0.124004 0.420947
vt 0.153925 0.397473
vt 0.151961 0.428426
vt 0.180083 0.399701
vt 0.180065 0.430558
vt 0.205584 0.396403
vt 0.207511 0.427405
vt 0.233551 0.419174
vt 0.046636 0.269150
vt 0.043083 0.270631
vt 0.000077 0.215342
vt 0.040429 0.273514
vt 0.000000 0.248271
vt 0.036125 0.280747
vt 0.005198 0.281076
vt 0.046683 0.309501
vt 0.015458 0.312667
vt 0.030385 0.342022
vt 0.268351 0.112122
vt 0.246607 0.129688
vt 0.288287 0.134976
vt 0.266079 0.150119
vt 0.304694 0.160760
vt 0.281963 0.173826
vt 0.317197 0.188742
vt 0.293779 0.199954
vt 0.325527 0.218164
vt 0.301185 0.227601
vt 0.329514 0.248255
vt 0.303980 0.255838
vt 0.329086 0.278242
vt 0.302098 0.283736
vt 0.295608 0.310381
vt 0.045977 0.150648
vt 0.045108 0.152124
vt 0.038962 0.166095
vt 0.040066 0.159687
vt 0.032681 0.180024
vt 0.037523 0.165794
vt 0.034838 0.167871
vt 0.039390 0.160732
vt 0.034147 0.180247
vt 0.030546 0.194943
vt 0.028193 0.210055
vt 0.027108 0.225450
vt 0.028762 0.256549
vt 0.031482 0.271980
vt 0.035429 0.287154
vt 0.027299 0.240994
vt 0.040564 0.301939
vt 0.046835 0.316212
vt 0.054181 0.329853
vt 0.062532 0.342751
vt 0.071809 0.354804
vt 0.081926 0.365918
vt 0.092792 0.376010
vt 0.104311 0.385007
vt 0.116380 0.392847
vt 0.128899 0.399480
vt 0.141762 0.404867
vt 0.154863 0.408979
vt 0.168099 0.411798
vt 0.181367 0.413317
vt 0.194564 0.413539
vt 0.207593 0.412478
vt 0.220358 0.410154
vt 0.244736 0.401848
vt 0.256181 0.395950
vt 0.267025 0.388957
vt 0.232768 0.406598
vt 0.295235 0.362735
vt 0.294140 0.365712
vt 0.298208 0.359013
vt 0.286557 0.372692
vt 0.286989 0.373779
vt 0.277076 0.381743
vt 0.277433 0.382904
vt 0.266852 0.389816
vt 0.267129 0.391044
vt 0.255952 0.396847
vt 0.256143 0.398136
vt 0.244447 0.402778
vt 0.244547 0.404118
vt 0.232416 0.407555
vt 0.232419 0.408938
vt 0.219941 0.411133
vt 0.219843 0.412549
vt 0.207108 0.413473
vt 0.206906 0.414913
vt 0.194010 0.414543
vt 0.193701 0.415997
vt 0.180742 0.414323
vt 0.180323 0.415781
vt 0.167402 0.412800
vt 0.166873 0.414251
vt 0.154094 0.409970
vt 0.153453 0.411403
vt 0.140920 0.405840
vt 0.140168 0.407245
vt 0.127985 0.400429
vt 0.127124 0.401794
vt 0.115397 0.393764
vt 0.114427 0.395079
vt 0.103259 0.385885
vt 0.102184 0.387139
vt 0.091675 0.376842
vt 0.090500 0.378025
vt 0.080747 0.366699
vt 0.079476 0.367801
vt 0.070571 0.355528
vt 0.069210 0.356539
vt 0.061240 0.343412
vt 0.059796 0.344324
vt 0.052840 0.330445
vt 0.051321 0.331250
vt 0.045450 0.316731
vt 0.043865 0.317421
vt 0.039142 0.302382
vt 0.037499 0.302951
vt 0.033977 0.287516
vt 0.032287 0.287960
vt 0.030006 0.272260
vt 0.028279 0.272574
vt 0.027269 0.256745
vt 0.025516 0.256926
vt 0.025796 0.241104
vt 0.024029 0.241152
vt 0.025603 0.225475
vt 0.023833 0.225389
vt 0.026694 0.209996
vt 0.024933 0.209777
vt 0.029060 0.194801
vt 0.027320 0.194451
vt 0.030972 0.179548
vt 0.277196 0.380927
vt 0.286630 0.371924
vt 0.295264 0.362019
vt 0.303292 0.350917
vt 0.019144 0.192442
vt 0.011851 0.203611
vt 0.008652 0.212906
vt 0.009682 0.208020
vt 0.273540 0.399190
vt 0.280112 0.388755
vt 0.270778 0.402733
vt 0.267520 0.405493
vt 0.259585 0.410465
vt 0.243436 0.418574
vt 0.234025 0.422198
vt 0.217253 0.426869
vt 0.206509 0.428745
vt 0.189653 0.430044
vt 0.177805 0.429795
vt 0.161391 0.427890
vt 0.148757 0.425182
vt 0.133276 0.420343
vt 0.120256 0.414909
vt 0.106150 0.407497
vt 0.093226 0.399163
vt 0.080869 0.389618
vt 0.068583 0.378325
vt 0.058265 0.367151
vt 0.047200 0.352975
vt 0.039114 0.340716
vt 0.029870 0.323883
vt 0.024102 0.311099
vt 0.017260 0.291986
vt 0.013786 0.279224
vt 0.009873 0.258361
vt 0.008564 0.246127
vt 0.008021 0.224176
vt 0.321175 0.317241
vt 0.332482 0.294884
vt 0.324564 0.306450
vt 0.327798 0.292744
vt 0.337316 0.284894
vt 0.329966 0.278697
vt 0.331054 0.264402
vt 0.339520 0.276528
vt 0.338753 0.280948
vt 0.084733 0.082880
vt 0.084568 0.099425
vt 0.096040 0.091581
vt 0.078997 0.093284
vt 0.073832 0.108484
vt 0.065739 0.116667
vt 0.087324 0.079405
vt 0.090788 0.076779
vt 0.108145 0.085007
vt 0.099583 0.072235
vt 0.120776 0.079746
vt 0.117261 0.065247
vt 0.133823 0.075830
vt 0.127425 0.062398
vt 0.147175 0.073277
vt 0.145288 0.059271
vt 0.160721 0.072093
vt 0.156559 0.058463
vt 0.174349 0.072274
vt 0.173973 0.058915
vt 0.187950 0.073802
vt 0.186017 0.060420
vt 0.201418 0.076650
vt 0.202436 0.064059
vt 0.214649 0.080781
vt 0.214865 0.068068
vt 0.227544 0.086148
vt 0.229847 0.074422
vt 0.240009 0.092697
vt 0.242235 0.081032
vt 0.251956 0.100365
vt 0.255441 0.089582
vt 0.263302 0.109083
vt 0.267343 0.098798
vt 0.273969 0.118776
vt 0.278544 0.109005
vt 0.283886 0.129364
vt 0.289506 0.120736
vt 0.292991 0.140761
vt 0.298575 0.132066
vt 0.301224 0.152880
vt 0.308154 0.146132
vt 0.308536 0.165628
vt 0.315055 0.158075
vt 0.314882 0.178911
vt 0.322829 0.174209
vt 0.320225 0.192634
vt 0.327610 0.186295
vt 0.324534 0.206699
vt 0.333190 0.204152
vt 0.327786 0.221006
vt 0.335969 0.215962
vt 0.329963 0.235459
vt 0.339010 0.235124
vt 0.331054 0.249957
vt 0.339963 0.246299
vt 0.340170 0.266283
vt 0.313404 0.332985
vt 0.319502 0.318571
vt 0.317381 0.324744
vt 0.323842 0.305897
vt 0.319596 0.319064
vt 0.323727 0.305471
vt 0.326920 0.291940
vt 0.329061 0.278072
vt 0.330135 0.263960
vt 0.329056 0.235386
vt 0.326906 0.221119
vt 0.323695 0.206995
vt 0.330134 0.249699
vt 0.319439 0.193112
vt 0.314163 0.179567
vt 0.307897 0.166456
vt 0.300679 0.153875
vt 0.292551 0.141917
vt 0.283564 0.130671
vt 0.273775 0.120226
vt 0.263247 0.110665
vt 0.252050 0.102067
vt 0.240261 0.094506
vt 0.227962 0.088051
vt 0.215240 0.082762
vt 0.202187 0.078694
vt 0.188903 0.075892
vt 0.175489 0.074392
vt 0.162049 0.074222
vt 0.148691 0.075397
vt 0.122662 0.081792
vt 0.110210 0.086987
vt 0.098277 0.093477
vt 0.135526 0.077923
vt 0.061289 0.124518
vt 0.065348 0.119674
vt 0.061845 0.123522
vt 0.075164 0.109554
vt 0.085807 0.100569
vt 0.097180 0.092787
vt 0.109180 0.086264
vt 0.121703 0.081043
vt 0.134638 0.077155
vt 0.147877 0.074619
vt 0.161309 0.073440
vt 0.174823 0.073614
vt 0.188311 0.075125
vt 0.201667 0.077945
vt 0.214790 0.082037
vt 0.227580 0.087356
vt 0.239945 0.093848
vt 0.251797 0.101450
vt 0.263052 0.110094
vt 0.273635 0.119707
vt 0.283475 0.130207
vt 0.292508 0.141512
vt 0.300678 0.153533
vt 0.307933 0.166179
vt 0.314231 0.179357
vt 0.319533 0.192971
vt 0.323810 0.206924
vt 0.327038 0.221120
vt 0.329198 0.235459
vt 0.330281 0.249844
vt 0.330282 0.264177
vt 0.329203 0.278360
vt 0.327051 0.292299
vt 0.086970 0.101219
vt 0.076388 0.110157
vt 0.066628 0.120224
vt 0.057397 0.131742
vt 0.056560 0.133108
vt 0.171268 0.153169
vt 0.082301 0.304555
vt 0.026926 0.276425
vt 0.128279 0.106501
vt 0.029553 0.273579
vt 0.033070 0.272115
vt 0.036938 0.272253
vt 0.040567 0.273967
vt 0.126996 0.110180
vt 0.127140 0.114287
vt 0.128688 0.118192
vt 0.131402 0.121298
vt 0.341202 0.144395
vt 0.356543 0.165866
vt 0.367475 0.190287
vt 0.373508 0.216405
vt 0.374383 0.242909
vt 0.370077 0.268492
vt 0.360800 0.291891
vt 0.346985 0.311934
vt 0.329282 0.327583
vt 0.238923 0.332873
vt 0.217373 0.318971
vt 0.198741 0.299780
vt 0.184138 0.276297
vt 0.174469 0.249815
vt 0.171352 0.233467
vt 0.170350 0.221846
vt 0.172062 0.194023
vt 0.179512 0.167981
vt 0.253106 0.108207
vt 0.276948 0.108318
vt 0.300385 0.114749
vt 0.322173 0.127028
vt 0.192247 0.145241
vt 0.209484 0.127100
vt 0.230179 0.114547
vt 0.308537 0.337986
vt 0.285773 0.342516
vt 0.262150 0.340823
vt 0.348907 0.311671
vt 0.331143 0.327348
vt 0.310332 0.337770
vt 0.287497 0.342311
vt 0.263806 0.340620
vt 0.240513 0.332664
vt 0.218907 0.318748
vt 0.200228 0.299535
vt 0.185592 0.276025
vt 0.175904 0.249511
vt 0.171783 0.221506
vt 0.360946 0.294888
vt 0.173507 0.193645
vt 0.180986 0.167564
vt 0.193763 0.144787
vt 0.211054 0.126613
vt 0.231813 0.114032
vt 0.254808 0.107671
vt 0.278721 0.107771
vt 0.302228 0.114201
vt 0.324080 0.126488
vt 0.343163 0.143874
vt 0.358545 0.165372
vt 0.369505 0.189829
vt 0.375548 0.215985
vt 0.376417 0.242532
vt 0.372088 0.268157
vt 0.362773 0.291595
vt 0.277195 0.225513
vt 0.588461 0.915003
vt 0.547636 0.919807
vt 0.565054 0.903844
vt 0.529834 0.905504
vt 0.614775 0.911636
vt 0.623452 0.910490
vt 0.594328 0.900041
vt 0.650446 0.906769
vt 0.613935 0.894656
vt 0.666243 0.904423
vt 0.507463 0.923675
vt 0.493436 0.904769
vt 0.514240 0.923111
vt 0.518310 0.922752
vt 0.538218 0.920812
vt 0.383807 0.917717
vt 0.460837 0.901751
vt 0.397855 0.920578
vt 0.408748 0.922379
vt 0.346484 0.907584
vt 0.436321 0.896902
vt 0.346761 0.907675
vt 0.363224 0.912543
vt 0.380338 0.916924
vt 0.335444 0.877829
vt 0.421482 0.884575
vt 0.325620 0.879959
vt 0.325344 0.880027
vt 0.513154 0.869157
vt 0.511267 0.856348
vt 0.546440 0.869770
vt 0.460079 0.925891
vt 0.472528 0.925679
vt 0.492201 0.924762
vt 0.445246 0.925669
vt 0.442951 0.925582
vt 0.310762 0.892184
vt 0.309074 0.889969
vt 0.452606 0.873821
vt 0.431986 0.878660
vt 0.379524 0.870969
vt 0.357356 0.874111
vt 0.348694 0.875474
vt 0.507747 0.856636
vt 0.495618 0.857700
vt 0.480723 0.870550
vt 0.465956 0.860677
vt 0.465917 0.871965
vt 0.451646 0.862247
vt 0.404290 0.867799
vt 0.555934 0.854030
vt 0.546357 0.854261
vt 0.530945 0.854976
vt 0.629207 0.860381
vt 0.577062 0.872333
vt 0.672006 0.903520
vt 0.683913 0.901541
vt 0.621733 0.888434
vt 0.698969 0.898694
vt 0.708494 0.896512
vt 0.421553 0.924012
vt 0.435043 0.925165
vt 0.422796 0.890913
vt 0.316456 0.895994
vt 0.325991 0.900332
vt 0.341493 0.905950
vt 0.317840 0.882165
vt 0.315450 0.883040
vt 0.312697 0.884297
vt 0.648790 0.864265
vt 0.601660 0.876608
vt 0.667265 0.868356
vt 0.716356 0.894196
vt 0.721124 0.892179
vt 0.724067 0.889913
vt 0.309559 0.886673
vt 0.308822 0.889113
vt 0.618578 0.858555
vt 0.616629 0.858247
vt 0.603887 0.856469
vt 0.599099 0.855913
vt 0.594196 0.855408
vt 0.589527 0.854995
vt 0.720489 0.883916
vt 0.715221 0.881470
vt 0.714089 0.881029
vt 0.617285 0.882173
vt 0.578072 0.854317
vt 0.568629 0.854040
vt 0.703245 0.877444
vt 0.694447 0.874985
vt 0.673583 0.869820
vt 0.724617 0.888064
vt 0.722979 0.885600
vt 0.346947 0.910481
vt 0.346759 0.911706
vt 0.347041 0.911799
vt 0.697393 0.879404
vt 0.617263 0.886081
vt 0.707493 0.882372
vt 0.680462 0.906354
vt 0.613913 0.898685
vt 0.672785 0.907623
vt 0.652810 0.910677
vt 0.594309 0.904124
vt 0.639773 0.912540
vt 0.565040 0.907963
vt 0.628670 0.863815
vt 0.619040 0.862157
vt 0.577047 0.876144
vt 0.546430 0.873555
vt 0.541118 0.858017
vt 0.554761 0.857593
vt 0.556953 0.857560
vt 0.568981 0.857581
vt 0.488276 0.862001
vt 0.513150 0.872936
vt 0.508597 0.860152
vt 0.527091 0.858779
vt 0.533634 0.858388
vt 0.431995 0.882531
vt 0.385706 0.873874
vt 0.366789 0.876471
vt 0.621710 0.892402
vt 0.593498 0.918691
vt 0.573438 0.921182
vt 0.529826 0.909639
vt 0.543326 0.924641
vt 0.493435 0.908897
vt 0.519709 0.927007
vt 0.698605 0.902979
vt 0.711526 0.899927
vt 0.632654 0.864555
vt 0.650638 0.868211
vt 0.601640 0.880461
vt 0.667804 0.872058
vt 0.688296 0.877002
vt 0.578936 0.857886
vt 0.589886 0.858552
vt 0.594910 0.859005
vt 0.599400 0.859475
vt 0.613614 0.861315
vt 0.452612 0.877644
vt 0.398175 0.872266
vt 0.466780 0.875671
vt 0.440654 0.867147
vt 0.480723 0.874342
vt 0.451824 0.865872
vt 0.483064 0.862518
vt 0.723349 0.895218
vt 0.719571 0.897239
vt 0.712016 0.899790
vt 0.715761 0.885286
vt 0.721132 0.887792
vt 0.724376 0.890213
vt 0.320727 0.885087
vt 0.421493 0.888505
vt 0.325661 0.883763
vt 0.353738 0.878432
vt 0.346536 0.879607
vt 0.399443 0.925084
vt 0.413920 0.927367
vt 0.460841 0.905849
vt 0.501155 0.928543
vt 0.483145 0.929644
vt 0.473017 0.930040
vt 0.725311 0.892566
vt 0.723714 0.894940
vt 0.331030 0.882531
vt 0.344776 0.879907
vt 0.436330 0.900953
vt 0.319842 0.901637
vt 0.422807 0.894904
vt 0.313822 0.898403
vt 0.310015 0.895311
vt 0.309233 0.894179
vt 0.310656 0.889471
vt 0.314871 0.887123
vt 0.458161 0.930253
vt 0.445171 0.930005
vt 0.443472 0.929939
vt 0.308953 0.891657
vt 0.309781 0.890293
vt 0.331907 0.906598
vt 0.383048 0.921711
vt 0.372060 0.919025
vt 0.352495 0.913496
vt 0.429324 0.929051
vt 0.415649 0.927594
vt 0.552794 0.854831
vt 0.571826 0.854636
vt 0.507861 0.858101
vt 0.533423 0.855853
vt 0.468675 0.862713
vt 0.644203 0.864872
vt 0.618773 0.860059
vt 0.374006 0.918032
vt 0.394240 0.922262
vt 0.413608 0.925004
vt 0.433043 0.926381
vn -0.999991 0.003866 0.001599
vn -0.999991 0.003866 0.001599
vn -0.999991 0.003866 0.001598
vn -0.999991 0.003866 0.001599
vn -0.999991 0.003866 0.001599
vn -0.999991 0.003866 0.001600
vn -0.999991 0.003866 0.001599
vn -0.999991 0.003866 0.001599
vn -0.999991 0.003866 0.001600
vn -0.999991 0.003866 0.001599
vn -0.999991 0.003866 0.001599
vn -0.999991 0.003866 0.001599
vn -0.999991 0.003866 0.001599
vn -0.999991 0.003866 0.001599
vn -0.999991 0.003866 0.001599
vn -0.999991 0.003866 0.001599
vn -0.999991 0.003867 0.001599
vn -0.999991 0.003866 0.001599
vn -0.000033 0.000512 1.000000
vn -0.000033 0.000513 1.000000
vn -0.000033 0.000512 1.000000
vn -0.000032 0.000513 1.000000
vn -0.000033 0.000513 1.000000
vn -0.000033 0.000513 1.000000
vn -0.000033 0.000513 1.000000
vn -0.000032 0.000513 1.000000
vn -0.000033 0.000513 1.000000
vn -0.000033 0.000513 1.000000
vn -0.000032 0.000513 1.000000
vn -0.000032 0.000513 1.000000
vn -0.000033 0.000513 1.000000
vn -0.000033 0.000513 1.000000
vn -0.000033 0.000512 1.000000
vn -0.000033 0.000513 1.000000
vn -0.000033 0.000514 1.000000
vn -0.000033 0.000512 1.000000
vn -0.000033 0.000513 1.000000
vn -0.000033 0.000512 1.000000
vn -0.000033 0.000514 1.000000
vn -0.000032 0.000513 1.000000
vn -0.000033 0.000513 1.000000
vn -0.000034 0.000514 1.000000
vn -0.000033 0.000513 1.000000
vn -0.000034 0.000513 1.000000
vn -0.000034 0.000514 1.000000
vn -0.000033 0.000513 1.000000
vn -0.000032 0.000512 1.000000
vn -0.000034 0.000513 1.000000
vn -0.000033 0.000513 1.000000
vn -0.000032 0.000510 1.000000
vn -0.000034 0.000515 1.000000
vn -0.000032 0.000512 1.000000
vn -0.000033 0.000513 1.000000
vn -0.000031 0.000512 1.000000
vn -0.000033 0.000513 1.000000
vn -0.000033 0.000513 1.000000
vn -0.000031 0.000512 1.000000
vn -0.000033 0.000513 1.000000
vn -0.000033 0.000513 1.000000
vn -0.000033 0.000513 1.000000
vn -0.000033 0.000513 1.000000
vn -0.000033 0.000513 1.000000
vn -0.000033 0.000512 1.000000
vn -0.000033 0.000513 1.000000
vn -0.000034 0.000514 1.000000
vn -0.000033 0.000512 1.000000
vn -0.000033 0.000513 1.000000
vn -0.000034 0.000515 1.000000
vn -0.000034 0.000514 1.000000
vn -0.000032 0.000510 1.000000
vn -0.000033 0.000513 1.000000
vn -0.000032 0.000512 1.000000
vn -0.000033 0.000513 1.000000
vn -0.000033 0.000514 1.000000
vn -0.000032 0.000512 1.000000
vn -0.000033 0.000513 1.000000
vn -0.000033 0.000513 1.000000
vn -0.000033 0.000514 1.000000
vn -0.000033 0.000513 1.000000
vn -0.000033 0.000513 1.000000
vn -0.000033 0.000513 1.000000
vn -0.000033 0.000513 1.000000
vn -0.000035 0.000515 1.000000
vn -0.000033 0.000513 1.000000
vn -0.000033 0.000513 1.000000
vn -0.000031 0.000510 1.000000
vn -0.000035 0.000515 1.000000
vn -0.000031 0.000510 1.000000
vn -0.000033 0.000513 1.000000
vn -0.000027 0.000506 1.000000
vn -0.000033 0.000513 1.000000
vn -0.000037 0.000517 1.000000
vn -0.000027 0.000506 1.000000
vn -0.000033 0.000513 1.000000
vn -0.000034 0.000514 1.000000
vn -0.000037 0.000517 1.000000
vn -0.000034 0.000514 1.000000
vn -0.000033 0.000513 1.000000
vn -0.000032 0.000512 1.000000
vn -0.000033 0.000513 1.000000
vn -0.000033 0.000513 1.000000
vn -0.000032 0.000512 1.000000
vn -0.000033 0.000513 1.000000
vn -0.000033 0.000513 1.000000
vn -0.000033 0.000513 1.000000
vn -0.000035 0.000512 1.000000
vn -0.000033 0.000513 1.000000
vn -0.000034 0.000512 1.000000
vn -0.000034 0.000512 1.000000
vn -0.000033 0.000513 1.000000
vn -0.000033 0.000513 1.000000
vn -0.000033 0.000513 1.000000
vn -0.000033 0.000513 1.000000
vn -0.000033 0.000513 1.000000
vn -0.000033 0.000513 1.000000
vn -0.000033 0.000513 1.000000
vn -0.000033 0.000513 1.000000
vn -0.000033 0.000512 1.000000
vn -0.000033 0.000513 1.000000
vn -0.000033 0.000514 1.000000
vn -0.000033 0.000513 1.000000
vn -0.000033 0.000514 1.000000
vn -0.000033 0.000514 1.000000
vn -0.000033 0.000513 1.000000
vn -0.000033 0.000512 1.000000
vn -0.000033 0.000514 1.000000
vn -0.000037 0.000510 1.000000
vn -0.000033 0.000513 1.000000
vn -0.000036 0.000511 1.000000
vn -0.000033 0.000513 1.000000
vn -0.000033 0.000513 1.000000
vn -0.000036 0.000511 1.000000
vn -0.000033 0.000513 1.000000
vn -0.000035 0.000511 1.000000
vn -0.000033 0.000513 1.000000
vn -0.000035 0.000511 1.000000
vn -0.000033 0.000513 1.000000
vn -0.000031 0.000514 1.000000
vn -0.000033 0.000513 1.000000
vn -0.000032 0.000514 1.000000
vn -0.000031 0.000514 1.000000
vn -0.000033 0.000513 1.000000
vn -0.000035 0.000512 1.000000
vn -0.000032 0.000514 1.000000
vn -0.000033 0.000512 1.000000
vn -0.000033 0.000513 1.000000
vn -0.000033 0.000514 1.000000
vn -0.000033 0.000513 1.000000
vn -0.000033 0.000513 1.000000
vn -0.000033 0.000514 1.000000
vn -0.000033 0.000513 1.000000
vn -0.000033 0.000512 1.000000
vn -0.000033 0.000513 1.000000
vn -0.000034 0.000512 1.000000
vn -0.000033 0.000513 1.000000
vn -0.000036 0.000510 1.000000
vn -0.000036 0.000510 1.000000
vn -0.000033 0.000513 1.000000
vn -0.000032 0.000513 1.000000
vn -0.000033 0.000513 1.000000
vn -0.000031 0.000515 1.000000
vn -0.000032 0.000513 1.000000
vn -0.000033 0.000513 1.000000
vn -0.000037 0.000510 1.000000
vn -0.000031 0.000515 1.000000
vn -0.000033 0.000512 1.000000
vn -0.000033 0.000513 1.000000
vn -0.000033 0.000513 1.000000
vn -0.000033 0.000513 1.000000
vn -0.000033 0.000513 1.000000
vn -0.000033 0.000513 1.000000
vn -0.000033 0.000513 1.000000
vn -0.000034 0.000512 1.000000
vn -0.000033 0.000513 1.000000
vn -0.000034 0.000512 1.000000
vn -0.000033 0.000513 1.000000
vn -0.000034 0.000512 1.000000
vn -0.000033 0.000513 1.000000
vn -0.000030 0.000518 1.000000
vn -0.000034 0.000512 1.000000
vn -0.000033 0.000513 1.000000
vn -0.000033 0.000513 1.000000
vn -0.000030 0.000518 1.000000
vn -0.000032 0.000514 1.000000
vn -0.000033 0.000513 1.000000
vn -0.000031 0.000515 1.000000
vn -0.000033 0.000513 1.000000
vn -0.000032 0.000514 1.000000
vn -0.000031 0.000515 1.000000
vn -0.000033 0.000513 1.000000
vn -0.000034 0.000512 1.000000
vn -0.000032 0.000514 1.000000
vn -0.000033 0.000513 1.000000
vn -0.000033 0.000513 1.000000
vn -0.000035 0.000510 1.000000
vn -0.000033 0.000513 1.000000
vn -0.000034 0.000512 1.000000
vn -0.000035 0.000510 1.000000
vn -0.000033 0.000513 1.000000
vn -0.000032 0.000514 1.000000
vn -0.000034 0.000512 1.000000
vn 0.983926 0.072068 -0.163389
vn 0.985008 0.044083 -0.166782
vn 0.988259 0.025193 -0.150695
vn 0.031365 0.994426 -0.100664
vn 0.053146 0.992015 -0.114377
vn 0.025238 0.994599 -0.100678
vn 0.053146 0.992015 -0.114377
vn 0.079884 0.991501 -0.102687
vn 0.025238 0.994599 -0.100678
vn 0.053146 0.992015 -0.114377
vn 0.088993 0.990314 -0.106580
vn 0.079884 0.991501 -0.102687
vn 0.233650 0.965091 -0.118352
vn 0.147309 0.982842 -0.111001
vn 0.183141 0.976565 -0.113046
vn 0.147309 0.982842 -0.111001
vn 0.126617 0.985871 -0.109668
vn 0.183141 0.976565 -0.113046
vn 0.147309 0.982842 -0.111001
vn 0.088993 0.990314 -0.106580
vn 0.126617 0.985871 -0.109668
vn 0.521572 0.840902 -0.144384
vn 0.430576 0.892409 -0.134950
vn 0.422352 0.896370 -0.134681
vn 0.430576 0.892409 -0.134950
vn 0.365304 0.921918 -0.128919
vn 0.422352 0.896370 -0.134681
vn 0.430576 0.892409 -0.134950
vn 0.321445 0.938493 -0.126110
vn 0.365304 0.921918 -0.128919
vn 0.321445 0.938493 -0.126110
vn 0.288223 0.949249 -0.125915
vn 0.365304 0.921918 -0.128919
vn 0.321445 0.938493 -0.126110
vn 0.233650 0.965091 -0.118352
vn 0.288223 0.949249 -0.125915
vn 0.233650 0.965091 -0.118352
vn 0.241858 0.963064 -0.118377
vn 0.288223 0.949249 -0.125915
vn 0.233650 0.965091 -0.118352
vn 0.183141 0.976565 -0.113046
vn 0.241858 0.963064 -0.118377
vn 0.651980 0.742868 -0.151886
vn 0.620308 0.769389 -0.152508
vn 0.609795 0.778626 -0.147958
vn 0.620308 0.769389 -0.152508
vn 0.560891 0.815364 -0.143469
vn 0.609795 0.778626 -0.147958
vn 0.620308 0.769389 -0.152508
vn 0.521572 0.840902 -0.144384
vn 0.560891 0.815364 -0.143469
vn 0.521572 0.840902 -0.144384
vn 0.503462 0.852582 -0.140108
vn 0.560891 0.815364 -0.143469
vn 0.521572 0.840902 -0.144384
vn 0.422352 0.896370 -0.134681
vn 0.503462 0.852582 -0.140108
vn 0.651980 0.742868 -0.151886
vn 0.697108 0.700367 -0.153388
vn 0.620308 0.769389 -0.152508
vn 0.697108 0.700367 -0.153388
vn 0.715042 0.680818 -0.158753
vn 0.620308 0.769389 -0.152508
vn 0.697108 0.700367 -0.153388
vn 0.761502 0.629148 -0.155847
vn 0.715042 0.680818 -0.158753
vn 0.761502 0.629148 -0.155847
vn 0.798440 0.579675 -0.162700
vn 0.715042 0.680818 -0.158753
vn 0.761502 0.629148 -0.155847
vn 0.818079 0.552539 -0.159524
vn 0.798440 0.579675 -0.162700
vn 0.818079 0.552539 -0.159524
vn 0.863659 0.476631 -0.164059
vn 0.798440 0.579675 -0.162700
vn 0.818079 0.552539 -0.159524
vn 0.867093 0.470668 -0.163163
vn 0.863659 0.476631 -0.164059
vn 0.867093 0.470668 -0.163163
vn 0.907666 0.385281 -0.166436
vn 0.863659 0.476631 -0.164059
vn 0.867093 0.470668 -0.163163
vn 0.901179 0.401477 -0.163381
vn 0.907666 0.385281 -0.166436
vn 0.901179 0.401477 -0.163381
vn 0.930276 0.329096 -0.162116
vn 0.907666 0.385281 -0.166436
vn 0.930276 0.329096 -0.162116
vn 0.946723 0.275108 -0.167425
vn 0.907666 0.385281 -0.166436
vn 0.930276 0.329096 -0.162116
vn 0.943419 0.289045 -0.162520
vn 0.946723 0.275108 -0.167425
vn 0.943419 0.289045 -0.162520
vn 0.958889 0.229910 -0.166354
vn 0.946723 0.275108 -0.167425
vn 0.958889 0.229910 -0.166354
vn 0.968254 0.185847 -0.167169
vn 0.946723 0.275108 -0.167425
vn 0.958889 0.229910 -0.166354
vn 0.967719 0.191930 -0.163347
vn 0.968254 0.185847 -0.167169
vn 0.967719 0.191930 -0.163347
vn 0.976753 0.138886 -0.163292
vn 0.968254 0.185847 -0.167169
vn 0.976753 0.138886 -0.163292
vn 0.980332 0.106082 -0.166419
vn 0.968254 0.185847 -0.167169
vn 0.976753 0.138886 -0.163292
vn 0.981865 0.096277 -0.163318
vn 0.980332 0.106082 -0.166419
vn 0.981865 0.096277 -0.163318
vn 0.984399 0.064447 -0.163724
vn 0.980332 0.106082 -0.166419
vn 0.984399 0.064447 -0.163724
vn 0.985008 0.044083 -0.166782
vn 0.980332 0.106082 -0.166419
vn 0.984399 0.064447 -0.163724
vn 0.985628 0.034630 -0.165340
vn 0.985008 0.044083 -0.166782
vn 0.985628 0.034630 -0.165340
vn 0.985808 0.017624 -0.166949
vn 0.985008 0.044083 -0.166782
vn 0.985808 0.017624 -0.166949
vn 0.985835 -0.004511 -0.167657
vn 0.985008 0.044083 -0.166782
vn 0.985808 0.017624 -0.166949
vn 0.986586 -0.001763 -0.163234
vn 0.985835 -0.004511 -0.167657
vn 0.985008 0.044083 -0.166782
vn 0.985835 -0.004511 -0.167657
vn 0.988259 0.025193 -0.150695
vn 0.985835 -0.004511 -0.167657
vn 0.988459 0.020812 -0.150054
vn 0.988259 0.025193 -0.150695
vn 0.985835 -0.004511 -0.167657
vn 0.984340 -0.003818 -0.176239
vn 0.988459 0.020812 -0.150054
vn 0.983926 0.072068 -0.163389
vn 0.980594 0.091709 -0.173276
vn 0.985008 0.044083 -0.166782
vn 0.980594 0.091709 -0.173276
vn 0.980332 0.106082 -0.166419
vn 0.985008 0.044083 -0.166782
vn 0.980594 0.091709 -0.173276
vn 0.977201 0.142296 -0.157579
vn 0.980332 0.106082 -0.166419
vn 0.977201 0.142296 -0.157579
vn 0.968254 0.185847 -0.167169
vn 0.980332 0.106082 -0.166419
vn 0.977201 0.142296 -0.157579
vn 0.964887 0.198123 -0.172452
vn 0.968254 0.185847 -0.167169
vn 0.964887 0.198123 -0.172452
vn 0.959780 0.241288 -0.143534
vn 0.968254 0.185847 -0.167169
vn 0.959780 0.241288 -0.143534
vn 0.946723 0.275108 -0.167425
vn 0.968254 0.185847 -0.167169
vn 0.959780 0.241288 -0.143534
vn 0.934899 0.308529 -0.175423
vn 0.946723 0.275108 -0.167425
vn 0.934899 0.308529 -0.175423
vn 0.907666 0.385281 -0.166436
vn 0.946723 0.275108 -0.167425
vn 0.934899 0.308529 -0.175423
vn 0.908661 0.380509 -0.171896
vn 0.907666 0.385281 -0.166436
vn 0.908661 0.380509 -0.171896
vn 0.863659 0.476631 -0.164059
vn 0.907666 0.385281 -0.166436
vn 0.908661 0.380509 -0.171896
vn 0.880312 0.443330 -0.168850
vn 0.863659 0.476631 -0.164059
vn 0.880312 0.443330 -0.168850
vn 0.829208 0.531560 -0.172794
vn 0.863659 0.476631 -0.164059
vn 0.829208 0.531560 -0.172794
vn 0.798440 0.579675 -0.162700
vn 0.863659 0.476631 -0.164059
vn 0.829208 0.531560 -0.172794
vn 0.770867 0.613789 -0.170373
vn 0.798440 0.579675 -0.162700
vn 0.770867 0.613789 -0.170373
vn 0.715042 0.680818 -0.158753
vn 0.798440 0.579675 -0.162700
vn 0.770867 0.613789 -0.170373
vn 0.703708 0.691148 -0.164650
vn 0.715042 0.680818 -0.158753
vn 0.703708 0.691148 -0.164650
vn 0.659082 0.735295 -0.157964
vn 0.715042 0.680818 -0.158753
vn 0.659082 0.735295 -0.157964
vn 0.620308 0.769389 -0.152508
vn 0.715042 0.680818 -0.158753
vn 0.659082 0.735295 -0.157964
vn 0.574759 0.803985 -0.152513
vn 0.620308 0.769389 -0.152508
vn 0.574759 0.803985 -0.152513
vn 0.521572 0.840902 -0.144384
vn 0.620308 0.769389 -0.152508
vn 0.574759 0.803985 -0.152513
vn 0.518178 0.842525 -0.147118
vn 0.521572 0.840902 -0.144384
vn 0.518178 0.842525 -0.147118
vn 0.430576 0.892409 -0.134950
vn 0.521572 0.840902 -0.144384
vn 0.518178 0.842525 -0.147118
vn 0.438040 0.887812 -0.141107
vn 0.430576 0.892409 -0.134950
vn 0.438040 0.887812 -0.141107
vn 0.380355 0.914677 -0.136735
vn 0.430576 0.892409 -0.134950
vn 0.380355 0.914677 -0.136735
vn 0.321445 0.938493 -0.126110
vn 0.430576 0.892409 -0.134950
vn 0.380355 0.914677 -0.136735
vn 0.303976 0.944477 -0.124744
vn 0.321445 0.938493 -0.126110
vn 0.303976 0.944477 -0.124744
vn 0.273990 0.954436 -0.118246
vn 0.321445 0.938493 -0.126110
vn 0.273990 0.954436 -0.118246
vn 0.233650 0.965091 -0.118352
vn 0.321445 0.938493 -0.126110
vn 0.273990 0.954436 -0.118246
vn 0.222437 0.967537 -0.119975
vn 0.233650 0.965091 -0.118352
vn 0.222437 0.967537 -0.119975
vn 0.182282 0.976871 -0.111790
vn 0.233650 0.965091 -0.118352
vn 0.182282 0.976871 -0.111790
vn 0.147309 0.982842 -0.111001
vn 0.233650 0.965091 -0.118352
vn 0.182282 0.976871 -0.111790
vn 0.141810 0.983516 -0.112191
vn 0.147309 0.982842 -0.111001
vn 0.088993 0.990314 -0.106580
vn 0.147309 0.982842 -0.111001
vn 0.079884 0.991501 -0.102687
vn 0.147309 0.982842 -0.111001
vn 0.113253 0.987616 -0.108578
vn 0.079884 0.991501 -0.102687
vn 0.147309 0.982842 -0.111001
vn 0.141810 0.983516 -0.112191
vn 0.113253 0.987616 -0.108578
vn 0.006554 0.995162 -0.098031
vn 0.025238 0.994599 -0.100678
vn 0.022054 0.994650 -0.100916
vn 0.025238 0.994599 -0.100678
vn 0.052758 0.993694 -0.098934
vn 0.022054 0.994650 -0.100916
vn 0.025238 0.994599 -0.100678
vn 0.079884 0.991501 -0.102687
vn 0.052758 0.993694 -0.098934
vn 0.079884 0.991501 -0.102687
vn 0.077933 0.991382 -0.105298
vn 0.052758 0.993694 -0.098934
vn 0.079884 0.991501 -0.102687
vn 0.113253 0.987616 -0.108578
vn 0.077933 0.991382 -0.105298
vn 0.031365 0.994426 -0.100664
vn 0.025238 0.994599 -0.100678
vn 0.004512 0.994091 -0.108460
vn 0.025238 0.994599 -0.100678
vn 0.006243 0.995152 -0.098147
vn 0.004512 0.994091 -0.108460
vn 0.025238 0.994599 -0.100678
vn 0.006554 0.995162 -0.098031
vn 0.006243 0.995152 -0.098147
vn 0.006554 0.995162 -0.098031
vn 0.001017 0.995206 -0.097794
vn 0.006243 0.995152 -0.098147
vn 0.006554 0.995162 -0.098031
vn -0.005247 0.995087 -0.098870
vn 0.001017 0.995206 -0.097794
vn 0.000031 -0.000513 -1.000000
vn 0.000033 -0.000513 -1.000000
vn 0.000017 -0.000512 -1.000000
vn 0.000035 -0.000514 -1.000000
vn 0.000033 -0.000513 -1.000000
vn 0.000033 -0.000513 -1.000000
vn 0.000033 -0.000513 -1.000000
vn 0.000033 -0.000513 -1.000000
vn 0.000033 -0.000513 -1.000000
vn 0.000033 -0.000513 -1.000000
vn 0.000031 -0.000513 -1.000000
vn 0.000033 -0.000513 -1.000000
vn 0.000033 -0.000513 -1.000000
vn 0.000033 -0.000513 -1.000000
vn 0.000033 -0.000514 -1.000000
vn 0.000033 -0.000513 -1.000000
vn 0.000033 -0.000513 -1.000000
vn 0.000033 -0.000514 -1.000000
vn 0.000033 -0.000513 -1.000000
vn 0.000033 -0.000511 -1.000000
vn 0.000033 -0.000513 -1.000000
vn 0.000032 -0.000512 -1.000000
vn 0.000033 -0.000513 -1.000000
vn 0.000032 -0.000512 -1.000000
vn 0.000033 -0.000513 -1.000000
vn 0.000034 -0.000513 -1.000000
vn 0.000032 -0.000512 -1.000000
vn 0.000033 -0.000513 -1.000000
vn 0.000035 -0.000514 -1.000000
vn 0.000034 -0.000513 -1.000000
vn 0.000033 -0.000511 -1.000000
vn 0.000033 -0.000513 -1.000000
vn 0.000033 -0.000512 -1.000000
vn 0.000033 -0.000513 -1.000000
vn 0.000033 -0.000513 -1.000000
vn 0.000033 -0.000512 -1.000000
vn 0.000033 -0.000513 -1.000000
vn 0.000034 -0.000513 -1.000000
vn 0.000033 -0.000513 -1.000000
vn 0.000032 -0.000512 -1.000000
vn 0.000033 -0.000513 -1.000000
vn 0.000033 -0.000513 -1.000000
vn 0.000033 -0.000513 -1.000000
vn 0.000033 -0.000513 -1.000000
vn 0.000034 -0.000514 -1.000000
vn 0.000033 -0.000513 -1.000000
vn 0.000036 -0.000515 -1.000000
vn 0.000034 -0.000514 -1.000000
vn 0.000033 -0.000513 -1.000000
vn 0.000032 -0.000512 -1.000000
vn 0.000036 -0.000515 -1.000000
vn 0.000034 -0.000513 -1.000000
vn 0.000033 -0.000513 -1.000000
vn 0.000033 -0.000513 -1.000000
vn 0.000033 -0.000513 -1.000000
vn 0.000034 -0.000514 -1.000000
vn 0.000033 -0.000513 -1.000000
vn 0.000033 -0.000513 -1.000000
vn 0.000032 -0.000512 -1.000000
vn 0.000034 -0.000514 -1.000000
vn 0.000034 -0.000513 -1.000000
vn 0.000033 -0.000513 -1.000000
vn 0.000034 -0.000513 -1.000000
vn 0.000033 -0.000513 -1.000000
vn 0.000032 -0.000511 -1.000000
vn 0.000034 -0.000513 -1.000000
vn 0.000033 -0.000513 -1.000000
vn 0.000032 -0.000512 -1.000000
vn 0.000032 -0.000511 -1.000000
vn 0.000032 -0.000512 -1.000000
vn 0.000033 -0.000513 -1.000000
vn 0.000033 -0.000512 -1.000000
vn 0.000033 -0.000513 -1.000000
vn 0.000034 -0.000514 -1.000000
vn 0.000033 -0.000512 -1.000000
vn 0.000033 -0.000513 -1.000000
vn 0.000033 -0.000513 -1.000000
vn 0.000034 -0.000514 -1.000000
vn 0.000033 -0.000513 -1.000000
vn 0.000033 -0.000513 -1.000000
vn 0.000033 -0.000513 -1.000000
vn 0.000033 -0.000513 -1.000000
vn 0.000033 -0.000512 -1.000000
vn 0.000033 -0.000513 -1.000000
vn 0.000033 -0.000513 -1.000000
vn 0.000034 -0.000513 -1.000000
vn 0.000033 -0.000512 -1.000000
vn 0.000033 -0.000512 -1.000000
vn 0.000033 -0.000513 -1.000000
vn 0.000033 -0.000513 -1.000000
vn 0.000033 -0.000512 -1.000000
vn 0.000033 -0.000513 -1.000000
vn 0.000033 -0.000513 -1.000000
vn 0.000032 -0.000513 -1.000000
vn 0.000033 -0.000513 -1.000000
vn 0.000032 -0.000513 -1.000000
vn 0.000033 -0.000513 -1.000000
vn 0.000032 -0.000514 -1.000000
vn 0.000032 -0.000513 -1.000000
vn 0.000033 -0.000514 -1.000000
vn 0.000033 -0.000513 -1.000000
vn 0.000033 -0.000513 -1.000000
vn 0.000033 -0.000513 -1.000000
vn 0.000034 -0.000512 -1.000000
vn 0.000033 -0.000513 -1.000000
vn 0.000033 -0.000513 -1.000000
vn 0.000033 -0.000513 -1.000000
vn 0.000034 -0.000512 -1.000000
vn 0.000032 -0.000514 -1.000000
vn 0.000033 -0.000513 -1.000000
vn 0.000034 -0.000512 -1.000000
vn 0.000033 -0.000513 -1.000000
vn 0.000032 -0.000513 -1.000000
vn 0.000034 -0.000512 -1.000000
vn 0.000033 -0.000513 -1.000000
vn 0.000033 -0.000514 -1.000000
vn 0.000032 -0.000513 -1.000000
vn 0.000033 -0.000514 -1.000000
vn 0.000033 -0.000513 -1.000000
vn 0.000034 -0.000513 -1.000000
vn 0.000033 -0.000513 -1.000000
vn 0.000034 -0.000512 -1.000000
vn 0.000034 -0.000513 -1.000000
vn 0.000033 -0.000513 -1.000000
vn 0.000035 -0.000512 -1.000000
vn 0.000034 -0.000512 -1.000000
vn 0.000032 -0.000514 -1.000000
vn 0.000033 -0.000513 -1.000000
vn 0.000032 -0.000514 -1.000000
vn 0.000033 -0.000513 -1.000000
vn 0.000034 -0.000512 -1.000000
vn 0.000032 -0.000514 -1.000000
vn 0.000033 -0.000513 -1.000000
vn 0.000033 -0.000514 -1.000000
vn 0.000034 -0.000512 -1.000000
vn 0.000035 -0.000512 -1.000000
vn 0.000033 -0.000513 -1.000000
vn 0.000030 -0.000515 -1.000000
vn 0.000033 -0.000513 -1.000000
vn 0.000035 -0.000511 -1.000000
vn 0.000030 -0.000515 -1.000000
vn 0.000033 -0.000513 -1.000000
vn 0.000035 -0.000512 -1.000000
vn 0.000035 -0.000511 -1.000000
vn 0.000035 -0.000512 -1.000000
vn 0.000033 -0.000513 -1.000000
vn 0.000031 -0.000515 -1.000000
vn 0.000033 -0.000513 -1.000000
vn 0.000030 -0.000517 -1.000000
vn 0.000031 -0.000515 -1.000000
vn 0.000033 -0.000513 -1.000000
vn 0.000034 -0.000513 -1.000000
vn 0.000030 -0.000517 -1.000000
vn 0.000032 -0.000514 -1.000000
vn 0.000033 -0.000513 -1.000000
vn 0.000034 -0.000512 -1.000000
vn 0.000033 -0.000513 -1.000000
vn 0.000035 -0.000511 -1.000000
vn 0.000034 -0.000512 -1.000000
vn 0.000033 -0.000513 -1.000000
vn 0.000032 -0.000514 -1.000000
vn 0.000035 -0.000511 -1.000000
vn 0.000034 -0.000513 -1.000000
vn 0.000033 -0.000513 -1.000000
vn 0.000034 -0.000512 -1.000000
vn 0.000033 -0.000513 -1.000000
vn 0.000033 -0.000513 -1.000000
vn 0.000034 -0.000512 -1.000000
vn 0.000033 -0.000513 -1.000000
vn 0.000032 -0.000514 -1.000000
vn 0.000033 -0.000513 -1.000000
vn 0.107168 -0.988526 -0.106450
vn 0.139066 -0.983986 -0.111501
vn 0.135535 -0.984873 -0.107962
vn 0.819486 -0.550657 -0.158806
vn 0.858049 -0.485684 -0.166922
vn 0.848912 -0.503561 -0.160546
vn 0.985739 -0.026999 -0.166102
vn 0.985835 -0.004511 -0.167657
vn 0.986586 -0.001763 -0.163234
vn 0.982897 -0.077758 -0.166932
vn 0.979143 -0.114910 -0.167553
vn 0.978116 -0.115698 -0.172925
vn 0.369567 -0.919609 -0.133193
vn 0.314847 -0.940589 -0.127136
vn 0.285094 -0.951269 -0.117513
vn 0.021394 -0.994812 -0.099460
vn -0.006750 -0.993244 -0.115852
vn -0.001972 -0.995128 -0.098572
vn -0.001972 -0.995128 -0.098572
vn -0.001395 -0.995277 -0.097067
vn 0.021394 -0.994812 -0.099460
vn -0.001395 -0.995277 -0.097067
vn 0.010898 -0.994986 -0.099418
vn 0.021394 -0.994812 -0.099460
vn -0.001395 -0.995277 -0.097067
vn -0.001946 -0.995197 -0.097870
vn 0.010898 -0.994986 -0.099418
vn 0.126189 -0.985983 -0.109151
vn 0.069635 -0.992045 -0.104868
vn 0.105838 -0.988689 -0.106264
vn 0.069635 -0.992045 -0.104868
vn 0.055099 -0.993742 -0.097161
vn 0.105838 -0.988689 -0.106264
vn 0.069635 -0.992045 -0.104868
vn 0.021394 -0.994812 -0.099460
vn 0.055099 -0.993742 -0.097161
vn 0.021394 -0.994812 -0.099460
vn 0.047377 -0.994483 -0.093586
vn 0.055099 -0.993742 -0.097161
vn 0.021394 -0.994812 -0.099460
vn 0.010898 -0.994986 -0.099418
vn 0.047377 -0.994483 -0.093586
vn 0.176684 -0.978514 -0.106271
vn 0.194954 -0.974463 -0.111426
vn 0.139066 -0.983986 -0.111501
vn 0.194954 -0.974463 -0.111426
vn 0.221423 -0.967870 -0.119161
vn 0.139066 -0.983986 -0.111501
vn 0.194954 -0.974463 -0.111426
vn 0.265005 -0.957266 -0.115821
vn 0.221423 -0.967870 -0.119161
vn 0.265005 -0.957266 -0.115821
vn 0.285094 -0.951269 -0.117513
vn 0.221423 -0.967870 -0.119161
vn 0.369567 -0.919609 -0.133193
vn 0.419462 -0.897128 -0.138614
vn 0.314847 -0.940589 -0.127136
vn 0.762375 -0.628179 -0.155486
vn 0.711509 -0.684206 -0.160056
vn 0.793074 -0.586645 -0.163955
vn 0.711509 -0.684206 -0.160056
vn 0.695742 -0.700369 -0.159458
vn 0.793074 -0.586645 -0.163955
vn 0.711509 -0.684206 -0.160056
vn 0.613221 -0.775154 -0.151978
vn 0.695742 -0.700369 -0.159458
vn 0.613221 -0.775154 -0.151978
vn 0.646919 -0.745954 -0.158269
vn 0.695742 -0.700369 -0.159458
vn 0.864208 -0.474126 -0.168374
vn 0.793074 -0.586645 -0.163955
vn 0.828273 -0.537369 -0.158740
vn 0.793074 -0.586645 -0.163955
vn 0.759151 -0.631452 -0.157981
vn 0.828273 -0.537369 -0.158740
vn 0.793074 -0.586645 -0.163955
vn 0.695742 -0.700369 -0.159458
vn 0.759151 -0.631452 -0.157981
vn 0.966293 -0.196160 -0.166730
vn 0.944433 -0.284783 -0.164147
vn 0.961135 -0.225002 -0.159979
vn 0.944433 -0.284783 -0.164147
vn 0.959397 -0.246074 -0.137858
vn 0.961135 -0.225002 -0.159979
vn 0.979143 -0.114910 -0.167553
vn 0.966293 -0.196160 -0.166730
vn 0.978116 -0.115698 -0.172925
vn 0.966293 -0.196160 -0.166730
vn 0.981307 -0.137616 -0.134528
vn 0.978116 -0.115698 -0.172925
vn 0.966293 -0.196160 -0.166730
vn 0.961135 -0.225002 -0.159979
vn 0.981307 -0.137616 -0.134528
vn 0.988404 -0.029373 -0.148979
vn 0.984765 -0.051903 -0.165963
vn 0.987202 -0.036262 -0.155300
vn 0.984765 -0.051903 -0.165963
vn 0.982897 -0.077758 -0.166932
vn 0.987202 -0.036262 -0.155300
vn 0.985127 -0.051629 -0.163887
vn 0.984765 -0.051903 -0.165963
vn 0.985739 -0.026999 -0.166102
vn 0.984765 -0.051903 -0.165963
vn 0.985835 -0.004511 -0.167657
vn 0.985739 -0.026999 -0.166102
vn 0.984765 -0.051903 -0.165963
vn 0.988404 -0.029373 -0.148979
vn 0.985835 -0.004511 -0.167657
vn 0.988404 -0.029373 -0.148979
vn 0.984340 -0.003818 -0.176239
vn 0.985835 -0.004511 -0.167657
vn 0.982897 -0.077758 -0.166932
vn 0.984765 -0.051903 -0.165963
vn 0.979143 -0.114910 -0.167553
vn 0.984765 -0.051903 -0.165963
vn 0.983314 -0.081305 -0.162736
vn 0.979143 -0.114910 -0.167553
vn 0.984765 -0.051903 -0.165963
vn 0.985127 -0.051629 -0.163887
vn 0.983314 -0.081305 -0.162736
vn 0.906700 -0.388680 -0.163777
vn 0.944433 -0.284783 -0.164147
vn 0.946063 -0.277361 -0.167441
vn 0.944433 -0.284783 -0.164147
vn 0.962829 -0.214159 -0.164608
vn 0.946063 -0.277361 -0.167441
vn 0.944433 -0.284783 -0.164147
vn 0.966293 -0.196160 -0.166730
vn 0.962829 -0.214159 -0.164608
vn 0.966293 -0.196160 -0.166730
vn 0.974401 -0.154793 -0.163042
vn 0.962829 -0.214159 -0.164608
vn 0.966293 -0.196160 -0.166730
vn 0.979143 -0.114910 -0.167553
vn 0.974401 -0.154793 -0.163042
vn 0.979143 -0.114910 -0.167553
vn 0.978862 -0.123452 -0.163062
vn 0.974401 -0.154793 -0.163042
vn 0.979143 -0.114910 -0.167553
vn 0.983314 -0.081305 -0.162736
vn 0.978862 -0.123452 -0.163062
vn 0.848912 -0.503561 -0.160546
vn 0.858049 -0.485684 -0.166922
vn 0.873305 -0.459183 -0.162754
vn 0.858049 -0.485684 -0.166922
vn 0.896813 -0.412028 -0.161120
vn 0.873305 -0.459183 -0.162754
vn 0.858049 -0.485684 -0.166922
vn 0.906700 -0.388680 -0.163777
vn 0.896813 -0.412028 -0.161120
vn 0.906700 -0.388680 -0.163777
vn 0.920237 -0.355054 -0.164625
vn 0.896813 -0.412028 -0.161120
vn 0.906700 -0.388680 -0.163777
vn 0.946063 -0.277361 -0.167441
vn 0.920237 -0.355054 -0.164625
vn 0.762375 -0.628179 -0.155486
vn 0.793074 -0.586645 -0.163955
vn 0.819486 -0.550657 -0.158806
vn 0.793074 -0.586645 -0.163955
vn 0.858049 -0.485684 -0.166922
vn 0.819486 -0.550657 -0.158806
vn 0.793074 -0.586645 -0.163955
vn 0.864208 -0.474126 -0.168374
vn 0.858049 -0.485684 -0.166922
vn 0.864208 -0.474126 -0.168374
vn 0.906700 -0.388680 -0.163777
vn 0.858049 -0.485684 -0.166922
vn 0.864208 -0.474126 -0.168374
vn 0.904460 -0.389270 -0.174417
vn 0.906700 -0.388680 -0.163777
vn 0.904460 -0.389270 -0.174417
vn 0.944433 -0.284783 -0.164147
vn 0.906700 -0.388680 -0.163777
vn 0.904460 -0.389270 -0.174417
vn 0.930033 -0.323319 -0.174653
vn 0.944433 -0.284783 -0.164147
vn 0.930033 -0.323319 -0.174653
vn 0.959397 -0.246074 -0.137858
vn 0.944433 -0.284783 -0.164147
vn 0.378020 -0.916911 -0.127963
vn 0.423767 -0.895455 -0.136316
vn 0.451578 -0.881784 -0.136140
vn 0.423767 -0.895455 -0.136316
vn 0.508463 -0.849606 -0.140124
vn 0.451578 -0.881784 -0.136140
vn 0.423767 -0.895455 -0.136316
vn 0.515337 -0.844810 -0.143955
vn 0.508463 -0.849606 -0.140124
vn 0.515337 -0.844810 -0.143955
vn 0.587759 -0.795980 -0.144758
vn 0.508463 -0.849606 -0.140124
vn 0.515337 -0.844810 -0.143955
vn 0.613221 -0.775154 -0.151978
vn 0.587759 -0.795980 -0.144758
vn 0.613221 -0.775154 -0.151978
vn 0.642874 -0.751268 -0.149362
vn 0.587759 -0.795980 -0.144758
vn 0.613221 -0.775154 -0.151978
vn 0.711509 -0.684206 -0.160056
vn 0.642874 -0.751268 -0.149362
vn 0.711509 -0.684206 -0.160056
vn 0.714736 -0.682384 -0.153312
vn 0.642874 -0.751268 -0.149362
vn 0.711509 -0.684206 -0.160056
vn 0.762375 -0.628179 -0.155486
vn 0.714736 -0.682384 -0.153312
vn 0.323847 -0.937836 -0.124851
vn 0.314847 -0.940589 -0.127136
vn 0.378020 -0.916911 -0.127963
vn 0.314847 -0.940589 -0.127136
vn 0.423767 -0.895455 -0.136316
vn 0.378020 -0.916911 -0.127963
vn 0.314847 -0.940589 -0.127136
vn 0.419462 -0.897128 -0.138614
vn 0.423767 -0.895455 -0.136316
vn 0.419462 -0.897128 -0.138614
vn 0.515337 -0.844810 -0.143955
vn 0.423767 -0.895455 -0.136316
vn 0.419462 -0.897128 -0.138614
vn 0.508995 -0.848186 -0.146646
vn 0.515337 -0.844810 -0.143955
vn 0.508995 -0.848186 -0.146646
vn 0.613221 -0.775154 -0.151978
vn 0.515337 -0.844810 -0.143955
vn 0.508995 -0.848186 -0.146646
vn 0.562078 -0.813751 -0.147911
vn 0.613221 -0.775154 -0.151978
vn 0.562078 -0.813751 -0.147911
vn 0.646919 -0.745954 -0.158269
vn 0.613221 -0.775154 -0.151978
vn 0.285094 -0.951269 -0.117513
vn 0.314847 -0.940589 -0.127136
vn 0.221423 -0.967870 -0.119161
vn 0.314847 -0.940589 -0.127136
vn 0.273030 -0.953883 -0.124751
vn 0.221423 -0.967870 -0.119161
vn 0.314847 -0.940589 -0.127136
vn 0.323847 -0.937836 -0.124851
vn 0.273030 -0.953883 -0.124751
vn 0.135535 -0.984873 -0.107962
vn 0.139066 -0.983986 -0.111501
vn 0.174799 -0.977478 -0.118244
vn 0.139066 -0.983986 -0.111501
vn 0.186344 -0.975535 -0.116654
vn 0.174799 -0.977478 -0.118244
vn 0.139066 -0.983986 -0.111501
vn 0.221423 -0.967870 -0.119161
vn 0.186344 -0.975535 -0.116654
vn 0.221423 -0.967870 -0.119161
vn 0.232732 -0.965488 -0.116918
vn 0.186344 -0.975535 -0.116654
vn 0.221423 -0.967870 -0.119161
vn 0.273030 -0.953883 -0.124751
vn 0.232732 -0.965488 -0.116918
vn 0.070343 -0.992028 -0.104561
vn 0.069635 -0.992045 -0.104868
vn 0.107168 -0.988526 -0.106450
vn 0.069635 -0.992045 -0.104868
vn 0.139066 -0.983986 -0.111501
vn 0.107168 -0.988526 -0.106450
vn 0.069635 -0.992045 -0.104868
vn 0.126189 -0.985983 -0.109151
vn 0.139066 -0.983986 -0.111501
vn 0.126189 -0.985983 -0.109151
vn 0.176684 -0.978514 -0.106271
vn 0.139066 -0.983986 -0.111501
vn -0.006750 -0.993244 -0.115852
vn 0.021394 -0.994812 -0.099460
vn 0.007468 -0.995087 -0.098725
vn 0.021394 -0.994812 -0.099460
vn 0.041565 -0.993208 -0.108677
vn 0.007468 -0.995087 -0.098725
vn 0.021394 -0.994812 -0.099460
vn 0.069635 -0.992045 -0.104868
vn 0.041565 -0.993208 -0.108677
vn 0.069635 -0.992045 -0.104868
vn 0.036101 -0.991509 -0.124927
vn 0.041565 -0.993208 -0.108677
vn 0.069635 -0.992045 -0.104868
vn 0.070343 -0.992028 -0.104561
vn 0.036101 -0.991509 -0.124927
vn -0.000004 0.000512 1.000000
vn -0.000003 0.000513 1.000000
vn -0.000004 0.000513 1.000000
vn -0.000003 0.000513 1.000000
vn -0.000003 0.000513 1.000000
vn -0.000003 0.000513 1.000000
vn -0.000003 0.000513 1.000000
vn -0.000003 0.000513 1.000000
vn -0.000003 0.000513 1.000000
vn 0.000378 0.000423 1.000000
vn -0.000003 0.000513 1.000000
vn 0.000967 0.003335 0.999994
vn -0.000003 0.000513 1.000000
vn -0.000004 0.000512 1.000000
vn 0.000967 0.003335 0.999994
vn -0.000003 0.000513 1.000000
vn -0.000003 0.000513 1.000000
vn -0.000004 0.000512 1.000000
vn -0.000004 0.000512 1.000000
vn -0.000003 0.000513 1.000000
vn -0.000003 0.000513 1.000000
vn -0.000003 0.000513 1.000000
vn -0.000003 0.000513 1.000000
vn -0.000003 0.000513 1.000000
vn -0.000003 0.000513 1.000000
vn -0.000003 0.000513 1.000000
vn -0.000003 0.000513 1.000000
vn -0.000004 0.000513 1.000000
vn -0.000003 0.000513 1.000000
vn -0.000003 0.000513 1.000000
vn -0.000003 0.000513 1.000000
vn -0.000004 0.000512 1.000000
vn -0.000003 0.000513 1.000000
vn -0.000003 0.000513 1.000000
vn -0.000004 0.000513 1.000000
vn -0.000004 0.000512 1.000000
vn -0.000004 0.000513 1.000000
vn -0.000003 0.000513 1.000000
vn -0.000004 0.000512 1.000000
vn -0.000004 0.000513 1.000000
vn -0.000004 0.000513 1.000000
vn -0.000003 0.000513 1.000000
vn -0.000004 0.000513 1.000000
vn -0.000004 0.000513 1.000000
vn -0.000003 0.000513 1.000000
vn -0.000004 0.000513 1.000000
vn -0.000004 0.000513 1.000000
vn -0.000004 0.000513 1.000000
vn -0.000003 0.000512 1.000000
vn 0.000378 0.000423 1.000000
vn 0.000686 -0.001068 0.999999
vn 0.000378 0.000423 1.000000
vn 0.001633 0.000507 0.999999
vn 0.000686 -0.001068 0.999999
vn 0.000378 0.000423 1.000000
vn 0.000967 0.003335 0.999994
vn 0.001633 0.000507 0.999999
vn -0.000003 0.000513 1.000000
vn -0.000003 0.000513 1.000000
vn -0.000004 0.000513 1.000000
vn -0.000003 0.000513 1.000000
vn -0.000004 0.000513 1.000000
vn -0.000004 0.000513 1.000000
vn -0.000003 0.000513 1.000000
vn -0.000003 0.000512 1.000000
vn -0.000004 0.000513 1.000000
vn -0.000003 0.000512 1.000000
vn -0.000004 0.000513 1.000000
vn -0.000004 0.000513 1.000000
vn -0.000003 0.000512 1.000000
vn -0.000004 0.000513 1.000000
vn -0.000004 0.000513 1.000000
vn -0.000004 0.000512 1.000000
vn -0.000003 0.000513 1.000000
vn -0.000004 0.000512 1.000000
vn -0.000003 0.000513 1.000000
vn -0.000002 0.000513 1.000000
vn -0.000004 0.000512 1.000000
vn -0.000003 0.000513 1.000000
vn -0.000004 0.000513 1.000000
vn -0.000002 0.000513 1.000000
vn -0.000004 0.000513 1.000000
vn -0.000004 0.000513 1.000000
vn -0.000002 0.000513 1.000000
vn -0.000004 0.000513 1.000000
vn -0.000004 0.000513 1.000000
vn -0.000004 0.000513 1.000000
vn -0.000004 0.000513 1.000000
vn -0.000004 0.000513 1.000000
vn -0.000004 0.000513 1.000000
vn -0.000004 0.000513 1.000000
vn -0.000004 0.000513 1.000000
vn -0.000004 0.000513 1.000000
vn -0.000004 0.000513 1.000000
vn -0.000003 0.000513 1.000000
vn -0.000004 0.000513 1.000000
vn -0.000004 0.000513 1.000000
vn -0.000003 0.000513 1.000000
vn -0.000003 0.000513 1.000000
vn -0.000003 0.000513 1.000000
vn -0.000003 0.000513 1.000000
vn -0.000003 0.000513 1.000000
vn -0.000003 0.000513 1.000000
vn -0.000003 0.000513 1.000000
vn -0.000003 0.000513 1.000000
vn -0.000003 0.000513 1.000000
vn -0.000003 0.000513 1.000000
vn -0.000003 0.000513 1.000000
vn -0.000003 0.000513 1.000000
vn -0.000003 0.000513 1.000000
vn -0.000003 0.000513 1.000000
vn -0.000004 0.000513 1.000000
vn -0.000004 0.000513 1.000000
vn -0.000003 0.000513 1.000000
vn -0.000004 0.000513 1.000000
vn -0.000004 0.000513 1.000000
vn -0.000003 0.000513 1.000000
vn -0.000004 0.000513 1.000000
vn -0.000004 0.000513 1.000000
vn -0.000004 0.000513 1.000000
vn -0.000004 0.000513 1.000000
vn -0.000003 0.000513 1.000000
vn -0.000004 0.000513 1.000000
vn -0.000004 0.000513 1.000000
vn -0.000003 0.000513 1.000000
vn -0.000003 0.000513 1.000000
vn -0.000003 0.000513 1.000000
vn -0.000002 0.000512 1.000000
vn -0.000003 0.000513 1.000000
vn -0.000003 0.000513 1.000000
vn -0.000003 0.000513 1.000000
vn -0.000003 0.000512 1.000000
vn -0.000003 0.000513 1.000000
vn -0.000003 0.000512 1.000000
vn -0.000003 0.000512 1.000000
vn -0.000004 0.000513 1.000000
vn -0.000003 0.000512 1.000000
vn -0.000003 0.000512 1.000000
vn -0.000003 0.000512 1.000000
vn -0.000003 0.000512 1.000000
vn -0.000003 0.000512 1.000000
vn -0.000003 0.000512 1.000000
vn 0.000686 -0.001068 0.999999
vn -0.000003 0.000512 1.000000
vn -0.000003 0.000512 1.000000
vn -0.000003 0.000513 1.000000
vn -0.000003 0.000513 1.000000
vn -0.000003 0.000513 1.000000
vn -0.000002 0.000514 1.000000
vn -0.000003 0.000513 1.000000
vn -0.000003 0.000513 1.000000
vn -0.000004 0.000512 1.000000
vn -0.000002 0.000514 1.000000
vn -0.000003 0.000514 1.000000
vn -0.000003 0.000513 1.000000
vn -0.000003 0.000518 1.000000
vn -0.000003 0.000513 1.000000
vn -0.000005 0.000512 1.000000
vn -0.000003 0.000518 1.000000
vn -0.000002 0.000512 1.000000
vn -0.000003 0.000513 1.000000
vn -0.000003 0.000513 1.000000
vn -0.000003 0.000513 1.000000
vn -0.000003 0.000513 1.000000
vn -0.000003 0.000513 1.000000
vn -0.000003 0.000513 1.000000
vn -0.000004 0.000513 1.000000
vn -0.000003 0.000513 1.000000
vn -0.000005 0.000512 1.000000
vn -0.000003 0.000513 1.000000
vn -0.000006 0.000509 1.000000
vn -0.000003 0.000513 1.000000
vn -0.000003 0.000513 1.000000
vn -0.000006 0.000509 1.000000
vn -0.000003 0.000513 1.000000
vn -0.000003 0.000513 1.000000
vn -0.000003 0.000513 1.000000
vn -0.000003 0.000514 1.000000
vn -0.000003 0.000512 1.000000
vn -0.000003 0.000513 1.000000
vn -0.000003 0.000512 1.000000
vn -0.000003 0.000513 1.000000
vn -0.000003 0.000513 1.000000
vn -0.000003 0.000512 1.000000
vn -0.000004 0.000512 1.000000
vn -0.000003 0.000513 1.000000
vn -0.000004 0.000512 1.000000
vn -0.000004 0.000512 1.000000
vn -0.000003 0.000513 1.000000
vn -0.000004 0.000512 1.000000
vn -0.000005 0.000513 1.000000
vn -0.000004 0.000512 1.000000
vn -0.000004 0.000513 1.000000
vn -0.000003 0.000513 1.000000
vn -0.000004 0.000514 1.000000
vn -0.000003 0.000513 1.000000
vn -0.000003 0.000512 1.000000
vn -0.000004 0.000514 1.000000
vn -0.000003 0.000512 1.000000
vn -0.000003 0.000513 1.000000
vn -0.000003 0.000512 1.000000
vn -0.000003 0.000513 1.000000
vn -0.000003 0.000513 1.000000
vn -0.000003 0.000512 1.000000
vn -0.000003 0.000512 1.000000
vn -0.000004 0.000514 1.000000
vn -0.000003 0.000512 1.000000
vn -0.000003 0.000512 1.000000
vn -0.000004 0.000512 1.000000
vn -0.000004 0.000514 1.000000
vn -0.000004 0.000512 1.000000
vn -0.000005 0.000513 1.000000
vn -0.000004 0.000514 1.000000
vn -0.000003 0.000512 1.000000
vn -0.000003 0.000513 1.000000
vn -0.000003 0.000513 1.000000
vn -0.000003 0.000513 1.000000
vn -0.000004 0.000514 1.000000
vn -0.000003 0.000513 1.000000
vn -0.000003 0.000513 1.000000
vn -0.000003 0.000513 1.000000
vn -0.000004 0.000514 1.000000
vn -0.494741 -0.868971 -0.010966
vn -0.191384 -0.981441 0.012036
vn -0.391932 -0.919994 0.000000
vn -0.391932 -0.919994 0.000000
vn -0.641933 -0.766719 -0.008019
vn -0.494741 -0.868971 -0.010966
vn -0.641933 -0.766719 -0.008019
vn -0.776451 -0.630115 -0.008917
vn -0.494741 -0.868971 -0.010966
vn -0.641933 -0.766719 -0.008019
vn -0.799429 -0.600761 0.000000
vn -0.776451 -0.630115 -0.008917
vn -0.799429 -0.600761 0.000000
vn -0.941031 -0.338319 0.000000
vn -0.776451 -0.630115 -0.008917
vn -0.799429 -0.600761 0.000000
vn -0.941014 -0.338368 0.000000
vn -0.941031 -0.338319 0.000000
vn -0.941014 -0.338368 0.000000
vn -0.999992 0.003941 0.000000
vn -0.941031 -0.338319 0.000000
vn -0.941014 -0.338368 0.000000
vn -0.999992 0.003884 0.000000
vn -0.999992 0.003941 0.000000
vn -0.999992 0.003884 0.000000
vn -0.938339 0.345717 0.000000
vn -0.999992 0.003941 0.000000
vn -0.999992 0.003884 0.000000
vn -0.938358 0.345665 0.000000
vn -0.938339 0.345717 0.000000
vn -0.938358 0.345665 0.000000
vn -0.763516 0.645789 0.000000
vn -0.938339 0.345717 0.000000
vn -0.938358 0.345665 0.000000
vn -0.763547 0.645753 0.000000
vn -0.763516 0.645789 0.000000
vn -0.763547 0.645753 0.000000
vn -0.496614 0.867972 -0.000001
vn -0.763516 0.645789 0.000000
vn -0.763547 0.645753 0.000000
vn -0.496643 0.867955 -0.000001
vn -0.496614 0.867972 -0.000001
vn -0.496643 0.867955 -0.000001
vn -0.169825 0.985474 -0.000001
vn -0.496614 0.867972 -0.000001
vn -0.496643 0.867955 -0.000001
vn -0.169840 0.985472 0.000000
vn -0.169825 0.985474 -0.000001
vn -0.169840 0.985472 0.000000
vn 0.177443 0.984131 0.000000
vn -0.169825 0.985474 -0.000001
vn -0.169840 0.985472 0.000000
vn 0.177448 0.984130 0.000001
vn 0.177443 0.984131 0.000000
vn 0.177448 0.984130 0.000001
vn 0.503313 0.864104 0.000000
vn 0.177443 0.984131 0.000000
vn 0.177448 0.984130 0.000001
vn 0.503333 0.864092 0.000001
vn 0.503313 0.864104 0.000000
vn 0.503333 0.864092 0.000001
vn 0.768488 0.639865 0.000001
vn 0.503313 0.864104 0.000000
vn 0.503333 0.864092 0.000001
vn 0.768513 0.639834 0.000001
vn 0.768488 0.639865 0.000001
vn 0.768513 0.639834 0.000001
vn 0.940984 0.338450 0.000000
vn 0.768488 0.639865 0.000001
vn 0.768513 0.639834 0.000001
vn 0.941001 0.338403 0.000000
vn 0.940984 0.338450 0.000000
vn 0.941001 0.338403 0.000000
vn 0.999993 -0.003791 0.000000
vn 0.940984 0.338450 0.000000
vn 0.941001 0.338403 0.000000
vn 0.999993 -0.003847 0.000000
vn 0.999993 -0.003791 0.000000
vn 0.999993 -0.003847 0.000000
vn 0.938388 -0.345583 0.000000
vn 0.999993 -0.003791 0.000000
vn 0.999993 -0.003847 0.000000
vn 0.938369 -0.345635 0.000000
vn 0.938388 -0.345583 0.000000
vn 0.938369 -0.345635 0.000000
vn 0.763592 -0.645699 0.000000
vn 0.938388 -0.345583 0.000000
vn 0.938369 -0.345635 0.000000
vn 0.763562 -0.645735 0.000000
vn 0.763592 -0.645699 0.000000
vn 0.763562 -0.645735 0.000000
vn 0.496683 -0.867932 0.000000
vn 0.763592 -0.645699 0.000000
vn 0.763562 -0.645735 0.000000
vn 0.496654 -0.867949 0.000000
vn 0.496683 -0.867932 0.000000
vn 0.496654 -0.867949 0.000000
vn 0.260213 -0.965551 0.000000
vn 0.496683 -0.867932 0.000000
vn 0.496654 -0.867949 0.000000
vn 0.183347 -0.982970 0.012396
vn 0.260213 -0.965551 0.000000
vn 0.183347 -0.982970 0.012396
vn -0.003033 -0.999949 0.009656
vn 0.260213 -0.965551 0.000000
vn 0.183347 -0.982970 0.012396
vn -0.191384 -0.981441 0.012036
vn -0.003033 -0.999949 0.009656
vn -0.191384 -0.981441 0.012036
vn -0.257444 -0.966293 0.000001
vn -0.003033 -0.999949 0.009656
vn -0.191384 -0.981441 0.012036
vn -0.494741 -0.868971 -0.010966
vn -0.257444 -0.966293 0.000001
vn 0.000001 -0.000001 1.000000
vn 0.000000 0.000000 1.000000
vn 0.000000 0.000000 1.000000
vn 0.000000 0.000000 1.000000
vn 0.000000 0.000000 1.000000
vn 0.000000 0.000000 1.000000
vn 0.000000 0.000000 1.000000
vn 0.000000 0.000000 1.000000
vn 0.000000 0.000000 1.000000
vn 0.000000 0.000000 1.000000
vn 0.000001 -0.000001 1.000000
vn 0.000000 0.000000 1.000000
vn 0.000000 0.000000 1.000000
vn 0.000000 0.000000 1.000000
vn 0.000000 0.000000 1.000000
vn 0.000000 0.000000 1.000000
vn 0.000000 0.000000 1.000000
vn 0.000000 0.000000 1.000000
vn 0.000000 0.000000 1.000000
vn 0.000000 0.000000 1.000000
vn 0.000000 0.000000 1.000000
vn 0.000001 0.000000 1.000000
vn 0.000000 0.000000 1.000000
vn 0.000000 0.000000 1.000000
vn 0.000000 0.000000 1.000000
vn 0.000001 0.000000 1.000000
vn 0.000000 0.000000 1.000000
vn 0.000000 0.000000 1.000000
vn 0.000000 0.000000 1.000000
vn 0.000001 0.000000 1.000000
vn 0.000000 0.000000 1.000000
vn 0.000000 0.000000 1.000000
vn 0.000000 0.000000 1.000000
vn 0.000000 0.000000 1.000000
vn 0.000001 0.000000 1.000000
vn 0.000000 0.000000 1.000000
vn 0.000000 0.000000 1.000000
vn 0.000001 0.000000 1.000000
vn 0.000001 0.000000 1.000000
vn 0.000000 0.000000 1.000000
vn 0.000000 0.000000 1.000000
vn -0.000001 0.000000 1.000000
vn 0.000000 0.000000 1.000000
vn 0.000000 0.000000 1.000000
vn -0.000001 0.000000 1.000000
vn 0.000000 0.000000 1.000000
vn 0.000000 0.000000 1.000000
vn 0.000000 0.000000 1.000000
vn 0.000000 0.000000 1.000000
vn 0.000000 0.000000 1.000000
vn 0.000000 0.000000 1.000000
vn 0.000000 0.000000 1.000000
vn 0.000000 0.000000 1.000000
vn 0.000000 0.000000 1.000000
vn 0.000000 0.000000 1.000000
vn 0.000000 0.000000 1.000000
vn 0.000000 0.000000 1.000000
vn -0.856551 0.009623 -0.515972
vn -0.825904 0.008115 -0.563752
vn -0.880281 0.000225 -0.474452
vn -0.856551 0.009623 -0.515972
vn -0.880281 0.000225 -0.474452
vn -0.915345 0.006342 -0.402620
vn -0.880281 0.000225 -0.474452
vn -0.920897 0.002265 -0.389800
vn -0.915345 0.006342 -0.402620
vn -0.766105 0.006985 -0.642677
vn -0.825904 0.008115 -0.563752
vn -0.779602 0.009625 -0.626201
vn -0.825904 0.008115 -0.563752
vn -0.856551 0.009623 -0.515972
vn -0.779602 0.009625 -0.626201
vn 0.033809 -0.996130 -0.081135
vn 0.088778 -0.990922 -0.100954
vn 0.036765 -0.995463 -0.087761
vn 0.033809 -0.996130 -0.081135
vn 0.033103 -0.996719 -0.073857
vn 0.088778 -0.990922 -0.100954
vn 0.033987 -0.997490 -0.062122
vn 0.040431 -0.997651 -0.055294
vn 0.107298 -0.990183 -0.089583
vn 0.040431 -0.997651 -0.055294
vn 0.121976 -0.987782 -0.096994
vn 0.107298 -0.990183 -0.089583
vn 0.040431 -0.997651 -0.055294
vn 0.120193 -0.988968 -0.086582
vn 0.121976 -0.987782 -0.096994
vn 0.088778 -0.990922 -0.100954
vn 0.033103 -0.996719 -0.073857
vn 0.102538 -0.989504 -0.101823
vn 0.033103 -0.996719 -0.073857
vn 0.096721 -0.991042 -0.092091
vn 0.102538 -0.989504 -0.101823
vn 0.033103 -0.996719 -0.073857
vn 0.033987 -0.997490 -0.062122
vn 0.096721 -0.991042 -0.092091
vn 0.033987 -0.997490 -0.062122
vn 0.107333 -0.989728 -0.094433
vn 0.096721 -0.991042 -0.092091
vn 0.033987 -0.997490 -0.062122
vn 0.107298 -0.990183 -0.089583
vn 0.107333 -0.989728 -0.094433
vn 0.161275 -0.984393 -0.070432
vn 0.154907 -0.984931 -0.076910
vn 0.089202 -0.995660 -0.026525
vn 0.154907 -0.984931 -0.076910
vn 0.076443 -0.996753 -0.025293
vn 0.089202 -0.995660 -0.026525
vn 0.154907 -0.984931 -0.076910
vn 0.144602 -0.985880 -0.084439
vn 0.076443 -0.996753 -0.025293
vn 0.076443 -0.996753 -0.025293
vn 0.144602 -0.985880 -0.084439
vn 0.066835 -0.997253 -0.031919
vn 0.144602 -0.985880 -0.084439
vn 0.058202 -0.997331 -0.044081
vn 0.066835 -0.997253 -0.031919
vn 0.144602 -0.985880 -0.084439
vn 0.117286 -0.990232 -0.075396
vn 0.058202 -0.997331 -0.044081
vn 0.117286 -0.990232 -0.075396
vn 0.049873 -0.997682 -0.046299
vn 0.058202 -0.997331 -0.044081
vn 0.117286 -0.990232 -0.075396
vn 0.120193 -0.988968 -0.086582
vn 0.049873 -0.997682 -0.046299
vn 0.120193 -0.988968 -0.086582
vn 0.040431 -0.997651 -0.055294
vn 0.049873 -0.997682 -0.046299
vn 0.042570 -0.996422 -0.073012
vn -0.022124 -0.997841 -0.061832
vn -0.012645 -0.995066 -0.098407
vn -0.022124 -0.997841 -0.061832
vn -0.006180 -0.996848 -0.079095
vn -0.012645 -0.995066 -0.098407
vn 0.091622 -0.990649 -0.101098
vn 0.033960 -0.995589 -0.087458
vn 0.030946 -0.995678 -0.087567
vn 0.030946 -0.995678 -0.087567
vn 0.033819 -0.995428 -0.089330
vn 0.091622 -0.990649 -0.101098
vn 0.033819 -0.995428 -0.089330
vn 0.088778 -0.990922 -0.100954
vn 0.091622 -0.990649 -0.101098
vn 0.033819 -0.995428 -0.089330
vn 0.036765 -0.995463 -0.087761
vn 0.088778 -0.990922 -0.100954
vn 0.033960 -0.995589 -0.087458
vn 0.094308 -0.990556 -0.099523
vn 0.097706 -0.990486 -0.096910
vn 0.033960 -0.995589 -0.087458
vn 0.091622 -0.990649 -0.101098
vn 0.094308 -0.990556 -0.099523
vn 0.085752 -0.992380 -0.088476
vn 0.033960 -0.995589 -0.087458
vn 0.097706 -0.990486 -0.096910
vn 0.085752 -0.992380 -0.088476
vn 0.027021 -0.996084 -0.084177
vn 0.033960 -0.995589 -0.087458
vn -0.006003 -0.996757 -0.080241
vn 0.027021 -0.996084 -0.084177
vn -0.001058 -0.996517 -0.083389
vn 0.027021 -0.996084 -0.084177
vn -0.006003 -0.996757 -0.080241
vn 0.033960 -0.995589 -0.087458
vn -0.006003 -0.996757 -0.080241
vn 0.030946 -0.995678 -0.087567
vn 0.033960 -0.995589 -0.087458
vn -0.006003 -0.996757 -0.080241
vn -0.004156 -0.996798 -0.079849
vn 0.030946 -0.995678 -0.087567
vn -0.004156 -0.996798 -0.079849
vn 0.033819 -0.995428 -0.089330
vn 0.030946 -0.995678 -0.087567
vn -0.004156 -0.996798 -0.079849
vn -0.000013 -0.996635 -0.081966
vn 0.033819 -0.995428 -0.089330
vn -0.000013 -0.996635 -0.081966
vn 0.036765 -0.995463 -0.087761
vn 0.033819 -0.995428 -0.089330
vn -0.000013 -0.996635 -0.081966
vn -0.000292 -0.996836 -0.079487
vn 0.036765 -0.995463 -0.087761
vn 0.002064 -0.997266 -0.073867
vn -0.000292 -0.996836 -0.079487
vn -0.034280 -0.996950 -0.070106
vn -0.000292 -0.996836 -0.079487
vn -0.026285 -0.996813 -0.075313
vn -0.034280 -0.996950 -0.070106
vn -0.000292 -0.996836 -0.079487
vn -0.000013 -0.996635 -0.081966
vn -0.026285 -0.996813 -0.075313
vn 0.019152 -0.999780 -0.008593
vn -0.006180 -0.996848 -0.079095
vn 0.032807 -0.999434 -0.007459
vn -0.006180 -0.996848 -0.079095
vn -0.022124 -0.997841 -0.061832
vn 0.032807 -0.999434 -0.007459
vn 0.089202 -0.995660 -0.026525
vn 0.032807 -0.999434 -0.007459
vn -0.022124 -0.997841 -0.061832
vn 0.006076 -0.999909 -0.012042
vn 0.046870 -0.998631 -0.023237
vn 0.019152 -0.999780 -0.008593
vn 0.046870 -0.998631 -0.023237
vn -0.006180 -0.996848 -0.079095
vn 0.019152 -0.999780 -0.008593
vn 0.046870 -0.998631 -0.023237
vn -0.038268 -0.994385 -0.098663
vn -0.006180 -0.996848 -0.079095
vn -0.000292 -0.996836 -0.079487
vn 0.033809 -0.996130 -0.081135
vn 0.036765 -0.995463 -0.087761
vn 0.002064 -0.997266 -0.073867
vn 0.033809 -0.996130 -0.081135
vn -0.000292 -0.996836 -0.079487
vn 0.002064 -0.997266 -0.073867
vn -0.017158 -0.997531 -0.068097
vn 0.033809 -0.996130 -0.081135
vn -0.017158 -0.997531 -0.068097
vn 0.033103 -0.996719 -0.073857
vn 0.033809 -0.996130 -0.081135
vn -0.017158 -0.997531 -0.068097
vn -0.020273 -0.998648 -0.047861
vn 0.033103 -0.996719 -0.073857
vn -0.020273 -0.998648 -0.047861
vn -0.011412 -0.998865 -0.046252
vn 0.033103 -0.996719 -0.073857
vn 0.033103 -0.996719 -0.073857
vn -0.011412 -0.998865 -0.046252
vn 0.033987 -0.997490 -0.062122
vn -0.011412 -0.998865 -0.046252
vn 0.040431 -0.997651 -0.055294
vn 0.033987 -0.997490 -0.062122
vn -0.011412 -0.998865 -0.046252
vn -0.012588 -0.999350 -0.033767
vn 0.040431 -0.997651 -0.055294
vn -0.012588 -0.999350 -0.033767
vn -0.006000 -0.999803 -0.018927
vn 0.040431 -0.997651 -0.055294
vn -0.006000 -0.999803 -0.018927
vn 0.049873 -0.997682 -0.046299
vn 0.040431 -0.997651 -0.055294
vn -0.006000 -0.999803 -0.018927
vn 0.003999 -0.999859 -0.016316
vn 0.049873 -0.997682 -0.046299
vn 0.003999 -0.999859 -0.016316
vn 0.058202 -0.997331 -0.044081
vn 0.049873 -0.997682 -0.046299
vn 0.003999 -0.999859 -0.016316
vn 0.009645 -0.999953 0.000964
vn 0.058202 -0.997331 -0.044081
vn 0.009645 -0.999953 0.000964
vn 0.066835 -0.997253 -0.031919
vn 0.058202 -0.997331 -0.044081
vn 0.009645 -0.999953 0.000964
vn 0.030918 -0.999442 0.012646
vn 0.066835 -0.997253 -0.031919
vn 0.030918 -0.999442 0.012646
vn 0.076443 -0.996753 -0.025293
vn 0.066835 -0.997253 -0.031919
vn 0.030918 -0.999442 0.012646
vn 0.032807 -0.999434 -0.007459
vn 0.076443 -0.996753 -0.025293
vn 0.032807 -0.999434 -0.007459
vn 0.089202 -0.995660 -0.026525
vn 0.076443 -0.996753 -0.025293
vn -0.761956 0.007416 -0.647587
vn -0.789693 0.010592 -0.613411
vn -0.765475 0.010714 -0.643377
vn -0.789693 0.010592 -0.613411
vn -0.851902 0.016788 -0.523433
vn -0.765475 0.010714 -0.643377
vn -0.789693 0.010592 -0.613411
vn -0.890343 0.005934 -0.455251
vn -0.851902 0.016788 -0.523433
vn -0.890343 0.005934 -0.455251
vn -0.909042 0.009553 -0.416594
vn -0.851902 0.016788 -0.523433
vn -0.909042 0.009553 -0.416594
vn -0.934427 0.014523 -0.355859
vn -0.851902 0.016788 -0.523433
vn -0.909042 0.009553 -0.416594
vn -0.962231 0.005566 -0.272177
vn -0.934427 0.014523 -0.355859
vn -0.055817 -0.992298 -0.110585
vn -0.012645 -0.995066 -0.098407
vn -0.038268 -0.994385 -0.098663
vn -0.012645 -0.995066 -0.098407
vn -0.006180 -0.996848 -0.079095
vn -0.038268 -0.994385 -0.098663
vn 0.550368 -0.774044 -0.312972
vn 0.343944 -0.917964 -0.197600
vn 0.395574 -0.890250 -0.225781
vn 0.154907 -0.984931 -0.076910
vn 0.229539 -0.963560 -0.137347
vn 0.144602 -0.985880 -0.084439
vn 0.102538 -0.989504 -0.101823
vn 0.208156 -0.968813 -0.134436
vn 0.088778 -0.990922 -0.100954
vn 0.208156 -0.968813 -0.134436
vn 0.149776 -0.981521 -0.119095
vn 0.088778 -0.990922 -0.100954
vn 0.208156 -0.968813 -0.134436
vn 0.224365 -0.963657 -0.145003
vn 0.149776 -0.981521 -0.119095
vn 0.216506 -0.967390 -0.131464
vn 0.121976 -0.987782 -0.096994
vn 0.120193 -0.988968 -0.086582
vn 0.107298 -0.990183 -0.089583
vn 0.208156 -0.968813 -0.134436
vn 0.107333 -0.989728 -0.094433
vn 0.208156 -0.968813 -0.134436
vn 0.096721 -0.991042 -0.092091
vn 0.107333 -0.989728 -0.094433
vn 0.208156 -0.968813 -0.134436
vn 0.102538 -0.989504 -0.101823
vn 0.096721 -0.991042 -0.092091
vn 0.229539 -0.963560 -0.137347
vn 0.216506 -0.967390 -0.131464
vn 0.144602 -0.985880 -0.084439
vn 0.216506 -0.967390 -0.131464
vn 0.117286 -0.990232 -0.075396
vn 0.144602 -0.985880 -0.084439
vn 0.216506 -0.967390 -0.131464
vn 0.120193 -0.988968 -0.086582
vn 0.117286 -0.990232 -0.075396
vn 0.161275 -0.984393 -0.070432
vn 0.241391 -0.961898 -0.128387
vn 0.154907 -0.984931 -0.076910
vn 0.241391 -0.961898 -0.128387
vn 0.229539 -0.963560 -0.137347
vn 0.154907 -0.984931 -0.076910
vn 0.241391 -0.961898 -0.128387
vn 0.331075 -0.927158 -0.175406
vn 0.229539 -0.963560 -0.137347
vn 0.331075 -0.927158 -0.175406
vn 0.447250 -0.859068 -0.248936
vn 0.229539 -0.963560 -0.137347
vn 0.447250 -0.859068 -0.248936
vn 0.548326 -0.770413 -0.325273
vn 0.395574 -0.890250 -0.225781
vn 0.548326 -0.770413 -0.325273
vn 0.550368 -0.774044 -0.312972
vn 0.395574 -0.890250 -0.225781
vn 0.706579 -0.591259 -0.388792
vn 0.661379 -0.625504 -0.413912
vn 0.724757 -0.514693 -0.458059
vn 0.520033 -0.804668 -0.286487
vn 0.706579 -0.591259 -0.388792
vn 0.646045 -0.693796 -0.318233
vn 0.516435 -0.818654 -0.251198
vn 0.615617 -0.743948 -0.259917
vn 0.470658 -0.855437 -0.216122
vn 0.516435 -0.818654 -0.251198
vn 0.687798 -0.668889 -0.281995
vn 0.615617 -0.743948 -0.259917
vn 0.687798 -0.668889 -0.281995
vn 0.516435 -0.818654 -0.251198
vn 0.653616 -0.700993 -0.285299
vn 0.516435 -0.818654 -0.251198
vn 0.520033 -0.804668 -0.286487
vn 0.653616 -0.700993 -0.285299
vn 0.520033 -0.804668 -0.286487
vn 0.646045 -0.693796 -0.318233
vn 0.653616 -0.700993 -0.285299
vn 0.224365 -0.963657 -0.145003
vn 0.208156 -0.968813 -0.134436
vn 0.348388 -0.919106 -0.184036
vn 0.208156 -0.968813 -0.134436
vn 0.323908 -0.929305 -0.177412
vn 0.348388 -0.919106 -0.184036
vn 0.208156 -0.968813 -0.134436
vn 0.343944 -0.917964 -0.197600
vn 0.323908 -0.929305 -0.177412
vn 0.395574 -0.890250 -0.225781
vn 0.229539 -0.963560 -0.137347
vn 0.447250 -0.859068 -0.248936
vn 0.395574 -0.890250 -0.225781
vn 0.343944 -0.917964 -0.197600
vn 0.229539 -0.963560 -0.137347
vn 0.343944 -0.917964 -0.197600
vn 0.216506 -0.967390 -0.131464
vn 0.229539 -0.963560 -0.137347
vn 0.343944 -0.917964 -0.197600
vn 0.208156 -0.968813 -0.134436
vn 0.216506 -0.967390 -0.131464
vn 0.208156 -0.968813 -0.134436
vn 0.121976 -0.987782 -0.096994
vn 0.216506 -0.967390 -0.131464
vn 0.208156 -0.968813 -0.134436
vn 0.107298 -0.990183 -0.089583
vn 0.121976 -0.987782 -0.096994
vn 0.348388 -0.919106 -0.184036
vn 0.323908 -0.929305 -0.177412
vn 0.470658 -0.855437 -0.216122
vn 0.323908 -0.929305 -0.177412
vn 0.516435 -0.818654 -0.251198
vn 0.470658 -0.855437 -0.216122
vn 0.323908 -0.929305 -0.177412
vn 0.343944 -0.917964 -0.197600
vn 0.516435 -0.818654 -0.251198
vn 0.343944 -0.917964 -0.197600
vn 0.520033 -0.804668 -0.286487
vn 0.516435 -0.818654 -0.251198
vn 0.343944 -0.917964 -0.197600
vn 0.550368 -0.774044 -0.312972
vn 0.520033 -0.804668 -0.286487
vn 0.550368 -0.774044 -0.312972
vn 0.706579 -0.591259 -0.388792
vn 0.520033 -0.804668 -0.286487
vn 0.550368 -0.774044 -0.312972
vn 0.661379 -0.625504 -0.413912
vn 0.706579 -0.591259 -0.388792
vn 0.550368 -0.774044 -0.312972
vn 0.548326 -0.770413 -0.325273
vn 0.661379 -0.625504 -0.413912
vn 0.841076 -0.441824 -0.312062
vn 0.716818 -0.654852 -0.239460
vn 0.687798 -0.668889 -0.281995
vn 0.921918 -0.211000 -0.324880
vn 0.924451 -0.239539 -0.296668
vn 0.841076 -0.441824 -0.312062
vn 0.924451 -0.239539 -0.296668
vn 0.865332 -0.428682 -0.259676
vn 0.841076 -0.441824 -0.312062
vn 0.924451 -0.239539 -0.296668
vn 0.938866 -0.248977 -0.237785
vn 0.865332 -0.428682 -0.259676
vn 0.938866 -0.248977 -0.237785
vn 0.873316 -0.435178 -0.218952
vn 0.865332 -0.428682 -0.259676
vn 0.938866 -0.248977 -0.237785
vn 0.924513 -0.312713 -0.217913
vn 0.873316 -0.435178 -0.218952
vn 0.873316 -0.435178 -0.218952
vn 0.823647 -0.535855 -0.185646
vn 0.758952 -0.615864 -0.211431
vn 0.916863 -0.348907 -0.193976
vn 0.823647 -0.535855 -0.185646
vn 0.924513 -0.312713 -0.217913
vn 0.823647 -0.535855 -0.185646
vn 0.873316 -0.435178 -0.218952
vn 0.924513 -0.312713 -0.217913
vn 0.865332 -0.428682 -0.259676
vn 0.716818 -0.654852 -0.239460
vn 0.841076 -0.441824 -0.312062
vn 0.865332 -0.428682 -0.259676
vn 0.873316 -0.435178 -0.218952
vn 0.716818 -0.654852 -0.239460
vn 0.873316 -0.435178 -0.218952
vn 0.758952 -0.615864 -0.211431
vn 0.716818 -0.654852 -0.239460
vn -0.949033 -0.312681 0.039577
vn -0.985199 -0.165025 0.046370
vn -0.983852 -0.173533 0.043842
vn -0.985199 -0.165025 0.046370
vn -0.996625 -0.067710 0.046407
vn -0.983852 -0.173533 0.043842
vn -0.996625 -0.067710 0.046407
vn -0.996980 -0.064453 0.043327
vn -0.983852 -0.173533 0.043842
vn -0.996625 -0.067710 0.046407
vn -0.999136 -0.003906 0.041375
vn -0.996980 -0.064453 0.043327
vn -0.996625 -0.067710 0.046407
vn -0.999017 0.005492 0.043991
vn -0.999136 -0.003906 0.041375
vn -0.985199 -0.165025 0.046370
vn -0.949033 -0.312681 0.039577
vn -0.957521 -0.285047 0.043619
vn -0.949033 -0.312681 0.039577
vn -0.904017 -0.425539 0.040866
vn -0.957521 -0.285047 0.043619
vn -0.949033 -0.312681 0.039577
vn -0.883865 -0.466827 0.029254
vn -0.904017 -0.425539 0.040866
vn -0.883865 -0.466827 0.029254
vn -0.824352 -0.565383 0.028021
vn -0.904017 -0.425539 0.040866
vn -0.883865 -0.466827 0.029254
vn -0.803994 -0.594328 0.019164
vn -0.824352 -0.565383 0.028021
vn -0.803994 -0.594328 0.019164
vn -0.734420 -0.678547 0.014193
vn -0.824352 -0.565383 0.028021
vn -0.803994 -0.594328 0.019164
vn -0.717759 -0.696231 0.009224
vn -0.734420 -0.678547 0.014193
vn -0.717759 -0.696231 0.009224
vn -0.637877 -0.770137 -0.001353
vn -0.734420 -0.678547 0.014193
vn -0.717759 -0.696231 0.009224
vn -0.617255 -0.786756 -0.003288
vn -0.637877 -0.770137 -0.001353
vn -0.617255 -0.786756 -0.003288
vn -0.527963 -0.849153 -0.013910
vn -0.637877 -0.770137 -0.001353
vn -0.617255 -0.786756 -0.003288
vn -0.498418 -0.866716 -0.019566
vn -0.527963 -0.849153 -0.013910
vn -0.527963 -0.849153 -0.013910
vn -0.498418 -0.866716 -0.019566
vn -0.410013 -0.911445 -0.034029
vn -0.498418 -0.866716 -0.019566
vn -0.292137 -0.955078 -0.049817
vn -0.410013 -0.911445 -0.034029
vn -0.498418 -0.866716 -0.019566
vn -0.369372 -0.928697 -0.032953
vn -0.292137 -0.955078 -0.049817
vn -0.369372 -0.928697 -0.032953
vn -0.175722 -0.982624 -0.059766
vn -0.292137 -0.955078 -0.049817
vn -0.369372 -0.928697 -0.032953
vn -0.249036 -0.967503 -0.043817
vn -0.175722 -0.982624 -0.059766
vn -0.249036 -0.967503 -0.043817
vn -0.102702 -0.992778 -0.061999
vn -0.175722 -0.982624 -0.059766
vn -0.249036 -0.967503 -0.043817
vn -0.148498 -0.987616 -0.050628
vn -0.102702 -0.992778 -0.061999
vn -0.148498 -0.987616 -0.050628
vn -0.088429 -0.994241 -0.060538
vn -0.102702 -0.992778 -0.061999
vn -0.088429 -0.994241 -0.060538
vn -0.059369 -0.995990 -0.066931
vn -0.102702 -0.992778 -0.061999
vn -0.088429 -0.994241 -0.060538
vn -0.048918 -0.996450 -0.068517
vn -0.059369 -0.995990 -0.066931
vn -0.034280 -0.996950 -0.070106
vn -0.026285 -0.996813 -0.075313
vn -0.048918 -0.996450 -0.068517
vn -0.026285 -0.996813 -0.075313
vn -0.059369 -0.995990 -0.066931
vn -0.048918 -0.996450 -0.068517
vn 0.980299 -0.016427 -0.196834
vn 0.978099 -0.050572 -0.201903
vn 0.975004 0.004985 -0.222132
vn 0.978099 -0.050572 -0.201903
vn 0.971878 -0.076332 -0.222771
vn 0.975004 0.004985 -0.222132
vn 0.978099 -0.050572 -0.201903
vn 0.974580 -0.122247 -0.187750
vn 0.971878 -0.076332 -0.222771
vn 0.974580 -0.122247 -0.187750
vn 0.955241 -0.199141 -0.218765
vn 0.971878 -0.076332 -0.222771
vn 0.974580 -0.122247 -0.187750
vn 0.948962 -0.245474 -0.198022
vn 0.955241 -0.199141 -0.218765
vn 0.948962 -0.245474 -0.198022
vn 0.924513 -0.312713 -0.217913
vn 0.955241 -0.199141 -0.218765
vn 0.948962 -0.245474 -0.198022
vn 0.916863 -0.348907 -0.193976
vn 0.924513 -0.312713 -0.217913
vn 0.937376 -0.129273 -0.323442
vn 0.949137 -0.156102 -0.273444
vn 0.921918 -0.211000 -0.324880
vn 0.949137 -0.156102 -0.273444
vn 0.924451 -0.239539 -0.296668
vn 0.921918 -0.211000 -0.324880
vn 0.957001 -0.068022 -0.281998
vn 0.937376 -0.129273 -0.323442
vn 0.946061 -0.050281 -0.320063
vn 0.953258 0.091281 -0.288039
vn 0.947318 0.017319 -0.319826
vn 0.941932 0.100940 -0.320274
vn 0.941932 0.100940 -0.320274
vn 0.941152 0.185000 -0.282858
vn 0.953258 0.091281 -0.288039
vn 0.941932 0.100940 -0.320274
vn 0.928556 0.183493 -0.322666
vn 0.941152 0.185000 -0.282858
vn 0.928556 0.183493 -0.322666
vn 0.920688 0.275921 -0.276046
vn 0.941152 0.185000 -0.282858
vn 0.870664 0.450901 -0.196554
vn 0.933222 0.298005 -0.200722
vn 0.908804 0.358481 -0.213464
vn 0.933222 0.298005 -0.200722
vn 0.943518 0.245314 -0.222698
vn 0.908804 0.358481 -0.213464
vn 0.933222 0.298005 -0.200722
vn 0.961511 0.186305 -0.201960
vn 0.943518 0.245314 -0.222698
vn 0.961511 0.186305 -0.201960
vn 0.970027 0.093018 -0.224489
vn 0.943518 0.245314 -0.222698
vn 0.961511 0.186305 -0.201960
vn 0.976079 0.078999 -0.202554
vn 0.970027 0.093018 -0.224489
vn 0.975004 0.004985 -0.222132
vn 0.978666 0.036319 -0.202222
vn 0.980299 -0.016427 -0.196834
vn 0.975004 0.004985 -0.222132
vn 0.976079 0.078999 -0.202554
vn 0.978666 0.036319 -0.202222
vn 0.965259 -0.076542 -0.249833
vn 0.957001 -0.068022 -0.281998
vn 0.967399 0.008388 -0.253120
vn 0.957001 -0.068022 -0.281998
vn 0.957529 0.014088 -0.287991
vn 0.967399 0.008388 -0.253120
vn 0.957001 -0.068022 -0.281998
vn 0.946061 -0.050281 -0.320063
vn 0.957529 0.014088 -0.287991
vn 0.937376 -0.129273 -0.323442
vn 0.957001 -0.068022 -0.281998
vn 0.949137 -0.156102 -0.273444
vn 0.957001 -0.068022 -0.281998
vn 0.949833 -0.193417 -0.245777
vn 0.949137 -0.156102 -0.273444
vn 0.957001 -0.068022 -0.281998
vn 0.965259 -0.076542 -0.249833
vn 0.949833 -0.193417 -0.245777
vn 0.953258 0.091281 -0.288039
vn 0.941152 0.185000 -0.282858
vn 0.962355 0.098216 -0.253430
vn 0.941152 0.185000 -0.282858
vn 0.946317 0.213665 -0.242551
vn 0.962355 0.098216 -0.253430
vn 0.941152 0.185000 -0.282858
vn 0.920688 0.275921 -0.276046
vn 0.946317 0.213665 -0.242551
vn 0.920688 0.275921 -0.276046
vn 0.915044 0.323512 -0.240902
vn 0.946317 0.213665 -0.242551
vn 0.908804 0.358481 -0.213464
vn 0.943518 0.245314 -0.222698
vn 0.915044 0.323512 -0.240902
vn 0.943518 0.245314 -0.222698
vn 0.946317 0.213665 -0.242551
vn 0.915044 0.323512 -0.240902
vn 0.943518 0.245314 -0.222698
vn 0.970027 0.093018 -0.224489
vn 0.946317 0.213665 -0.242551
vn 0.970027 0.093018 -0.224489
vn 0.962355 0.098216 -0.253430
vn 0.946317 0.213665 -0.242551
vn 0.970027 0.093018 -0.224489
vn 0.967399 0.008388 -0.253120
vn 0.962355 0.098216 -0.253430
vn 0.967399 0.008388 -0.253120
vn 0.953258 0.091281 -0.288039
vn 0.962355 0.098216 -0.253430
vn 0.967399 0.008388 -0.253120
vn 0.957529 0.014088 -0.287991
vn 0.953258 0.091281 -0.288039
vn 0.957529 0.014088 -0.287991
vn 0.947318 0.017319 -0.319826
vn 0.953258 0.091281 -0.288039
vn 0.957529 0.014088 -0.287991
vn 0.946061 -0.050281 -0.320063
vn 0.947318 0.017319 -0.319826
vn 0.924451 -0.239539 -0.296668
vn 0.949137 -0.156102 -0.273444
vn 0.938866 -0.248977 -0.237785
vn 0.949137 -0.156102 -0.273444
vn 0.924513 -0.312713 -0.217913
vn 0.938866 -0.248977 -0.237785
vn 0.949137 -0.156102 -0.273444
vn 0.949833 -0.193417 -0.245777
vn 0.924513 -0.312713 -0.217913
vn 0.949833 -0.193417 -0.245777
vn 0.955241 -0.199141 -0.218765
vn 0.924513 -0.312713 -0.217913
vn 0.949833 -0.193417 -0.245777
vn 0.965259 -0.076542 -0.249833
vn 0.955241 -0.199141 -0.218765
vn 0.965259 -0.076542 -0.249833
vn 0.971878 -0.076332 -0.222771
vn 0.955241 -0.199141 -0.218765
vn 0.965259 -0.076542 -0.249833
vn 0.967399 0.008388 -0.253120
vn 0.971878 -0.076332 -0.222771
vn 0.967399 0.008388 -0.253120
vn 0.975004 0.004985 -0.222132
vn 0.971878 -0.076332 -0.222771
vn 0.967399 0.008388 -0.253120
vn 0.970027 0.093018 -0.224489
vn 0.975004 0.004985 -0.222132
vn 0.970027 0.093018 -0.224489
vn 0.976079 0.078999 -0.202554
vn 0.975004 0.004985 -0.222132
vn 0.908804 0.358481 -0.213464
vn 0.851101 0.478614 -0.215768
vn 0.870664 0.450901 -0.196554
vn 0.851101 0.478614 -0.215768
vn 0.794181 0.576694 -0.191577
vn 0.870664 0.450901 -0.196554
vn 0.908804 0.358481 -0.213464
vn 0.915044 0.323512 -0.240902
vn 0.851101 0.478614 -0.215768
vn 0.915044 0.323512 -0.240902
vn 0.838528 0.476866 -0.263572
vn 0.851101 0.478614 -0.215768
vn 0.915044 0.323512 -0.240902
vn 0.920688 0.275921 -0.276046
vn 0.838528 0.476866 -0.263572
vn 0.920688 0.275921 -0.276046
vn 0.836162 0.452668 -0.309718
vn 0.838528 0.476866 -0.263572
vn 0.920688 0.275921 -0.276046
vn 0.928556 0.183493 -0.322666
vn 0.836162 0.452668 -0.309718
vn 0.794181 0.576694 -0.191577
vn 0.851101 0.478614 -0.215768
vn 0.706053 0.680434 -0.196212
vn 0.851101 0.478614 -0.215768
vn 0.703625 0.677348 -0.214739
vn 0.706053 0.680434 -0.196212
vn 0.851101 0.478614 -0.215768
vn 0.838528 0.476866 -0.263572
vn 0.703625 0.677348 -0.214739
vn 0.838528 0.476866 -0.263572
vn 0.720910 0.645428 -0.252412
vn 0.703625 0.677348 -0.214739
vn 0.838528 0.476866 -0.263572
vn 0.836162 0.452668 -0.309718
vn 0.720910 0.645428 -0.252412
vn 0.836162 0.452668 -0.309718
vn 0.725151 0.625569 -0.287784
vn 0.720910 0.645428 -0.252412
vn -0.003241 0.996455 -0.084064
vn 0.052734 0.994872 -0.086311
vn 0.000282 0.997327 -0.073063
vn 0.725151 0.625569 -0.287784
vn 0.636766 0.728040 -0.253942
vn 0.720910 0.645428 -0.252412
vn 0.636766 0.728040 -0.253942
vn 0.703625 0.677348 -0.214739
vn 0.720910 0.645428 -0.252412
vn 0.636766 0.728040 -0.253942
vn 0.568578 0.789550 -0.230933
vn 0.703625 0.677348 -0.214739
vn 0.568578 0.789550 -0.230933
vn 0.569865 0.796771 -0.201025
vn 0.703625 0.677348 -0.214739
vn 0.568578 0.789550 -0.230933
vn 0.461702 0.862886 -0.205570
vn 0.569865 0.796771 -0.201025
vn 0.214929 0.967723 -0.131594
vn 0.123461 0.986715 -0.105595
vn 0.127632 0.985866 -0.108532
vn 0.123461 0.986715 -0.105595
vn 0.058220 0.993623 -0.096561
vn 0.127632 0.985866 -0.108532
vn 0.123461 0.986715 -0.105595
vn 0.052734 0.994872 -0.086311
vn 0.058220 0.993623 -0.096561
vn 0.052734 0.994872 -0.086311
vn 0.000049 0.995892 -0.090552
vn 0.058220 0.993623 -0.096561
vn 0.052734 0.994872 -0.086311
vn -0.003241 0.996455 -0.084064
vn 0.000049 0.995892 -0.090552
vn 0.012199 0.995250 -0.096582
vn 0.058220 0.993623 -0.096561
vn 0.000049 0.995892 -0.090552
vn 0.012199 0.995250 -0.096582
vn 0.077066 0.991571 -0.104157
vn 0.058220 0.993623 -0.096561
vn 0.077066 0.991571 -0.104157
vn 0.127632 0.985866 -0.108532
vn 0.058220 0.993623 -0.096561
vn 0.077066 0.991571 -0.104157
vn 0.158715 0.980425 -0.116515
vn 0.127632 0.985866 -0.108532
vn 0.250861 0.959234 -0.130151
vn 0.158715 0.980425 -0.116515
vn 0.279099 0.950535 -0.136334
vn 0.461702 0.862886 -0.205570
vn 0.348107 0.921504 -0.172195
vn 0.569865 0.796771 -0.201025
vn 0.348107 0.921504 -0.172195
vn 0.358230 0.920134 -0.158192
vn 0.569865 0.796771 -0.201025
vn 0.348107 0.921504 -0.172195
vn 0.214929 0.967723 -0.131594
vn 0.358230 0.920134 -0.158192
vn 0.214929 0.967723 -0.131594
vn 0.250861 0.959234 -0.130151
vn 0.358230 0.920134 -0.158192
vn 0.214929 0.967723 -0.131594
vn 0.127632 0.985866 -0.108532
vn 0.250861 0.959234 -0.130151
vn 0.127632 0.985866 -0.108532
vn 0.158715 0.980425 -0.116515
vn 0.250861 0.959234 -0.130151
vn 0.394196 0.906009 -0.154133
vn 0.537932 0.825345 -0.171566
vn 0.402317 0.902126 -0.155918
vn 0.537932 0.825345 -0.171566
vn 0.570573 0.800267 -0.184443
vn 0.402317 0.902126 -0.155918
vn 0.537932 0.825345 -0.171566
vn 0.671112 0.718228 -0.183731
vn 0.570573 0.800267 -0.184443
vn 0.671112 0.718228 -0.183731
vn 0.706053 0.680434 -0.196212
vn 0.570573 0.800267 -0.184443
vn 0.671112 0.718228 -0.183731
vn 0.794181 0.576694 -0.191577
vn 0.706053 0.680434 -0.196212
vn 0.703625 0.677348 -0.214739
vn 0.569865 0.796771 -0.201025
vn 0.706053 0.680434 -0.196212
vn 0.569865 0.796771 -0.201025
vn 0.570573 0.800267 -0.184443
vn 0.706053 0.680434 -0.196212
vn 0.569865 0.796771 -0.201025
vn 0.358230 0.920134 -0.158192
vn 0.570573 0.800267 -0.184443
vn 0.358230 0.920134 -0.158192
vn 0.402317 0.902126 -0.155918
vn 0.570573 0.800267 -0.184443
vn 0.358230 0.920134 -0.158192
vn 0.250861 0.959234 -0.130151
vn 0.402317 0.902126 -0.155918
vn 0.250861 0.959234 -0.130151
vn 0.394196 0.906009 -0.154133
vn 0.402317 0.902126 -0.155918
vn 0.250861 0.959234 -0.130151
vn 0.279099 0.950535 -0.136334
vn 0.394196 0.906009 -0.154133
vn 0.055383 0.995560 -0.076107
vn 0.138038 0.985794 -0.095681
vn 0.066698 0.995815 -0.062478
vn 0.433430 0.868119 -0.241883
vn 0.347114 0.913075 -0.214023
vn 0.291900 0.941596 -0.167902
vn 0.347114 0.913075 -0.214023
vn 0.244966 0.958135 -0.148221
vn 0.291900 0.941596 -0.167902
vn 0.244966 0.958135 -0.148221
vn 0.160207 0.982331 -0.096750
vn 0.291900 0.941596 -0.167902
vn 0.244966 0.958135 -0.148221
vn 0.148550 0.985326 -0.084061
vn 0.160207 0.982331 -0.096750
vn 0.148550 0.985326 -0.084061
vn 0.086996 0.994627 -0.056111
vn 0.160207 0.982331 -0.096750
vn 0.148550 0.985326 -0.084061
vn 0.087947 0.995259 -0.041530
vn 0.086996 0.994627 -0.056111
vn 0.087947 0.995259 -0.041530
vn 0.022070 0.999716 -0.008968
vn 0.086996 0.994627 -0.056111
vn 0.087947 0.995259 -0.041530
vn 0.044354 0.999004 -0.004830
vn 0.022070 0.999716 -0.008968
vn -0.000406 0.999112 -0.042137
vn 0.086996 0.994627 -0.056111
vn 0.001203 0.999559 -0.029684
vn 0.001203 0.999559 -0.029684
vn 0.086996 0.994627 -0.056111
vn 0.013536 0.999765 -0.016968
vn 0.086996 0.994627 -0.056111
vn 0.022070 0.999716 -0.008968
vn 0.013536 0.999765 -0.016968
vn 0.052734 0.994872 -0.086311
vn 0.123461 0.986715 -0.105595
vn 0.127217 0.986750 -0.100704
vn 0.123461 0.986715 -0.105595
vn 0.253640 0.956652 -0.143124
vn 0.127217 0.986750 -0.100704
vn 0.123461 0.986715 -0.105595
vn 0.214929 0.967723 -0.131594
vn 0.253640 0.956652 -0.143124
vn 0.214929 0.967723 -0.131594
vn 0.399277 0.896011 -0.194275
vn 0.253640 0.956652 -0.143124
vn 0.214929 0.967723 -0.131594
vn 0.348107 0.921504 -0.172195
vn 0.399277 0.896011 -0.194275
vn 0.348107 0.921504 -0.172195
vn 0.537514 0.806730 -0.245490
vn 0.399277 0.896011 -0.194275
vn 0.348107 0.921504 -0.172195
vn 0.461702 0.862886 -0.205570
vn 0.537514 0.806730 -0.245490
vn 0.710706 0.639451 -0.293256
vn 0.636766 0.728040 -0.253942
vn 0.725151 0.625569 -0.287784
vn 0.683948 0.657799 -0.315460
vn 0.537514 0.806730 -0.245490
vn 0.668796 0.684205 -0.290819
vn 0.537514 0.806730 -0.245490
vn 0.710706 0.639451 -0.293256
vn 0.668796 0.684205 -0.290819
vn 0.710706 0.639451 -0.293256
vn 0.537514 0.806730 -0.245490
vn 0.636766 0.728040 -0.253942
vn 0.537514 0.806730 -0.245490
vn 0.568578 0.789550 -0.230933
vn 0.636766 0.728040 -0.253942
vn 0.537514 0.806730 -0.245490
vn 0.461702 0.862886 -0.205570
vn 0.568578 0.789550 -0.230933
vn 0.347114 0.913075 -0.214023
vn 0.433430 0.868119 -0.241883
vn 0.475792 0.829172 -0.293420
vn 0.433430 0.868119 -0.241883
vn 0.578035 0.751602 -0.317758
vn 0.475792 0.829172 -0.293420
vn 0.578035 0.751602 -0.317758
vn 0.595257 0.717595 -0.361561
vn 0.475792 0.829172 -0.293420
vn 0.578035 0.751602 -0.317758
vn 0.698213 0.605030 -0.382671
vn 0.595257 0.717595 -0.361561
vn 0.698213 0.605030 -0.382671
vn 0.696156 0.582249 -0.419944
vn 0.595257 0.717595 -0.361561
vn 0.671210 0.660289 -0.336890
vn 0.558222 0.780991 -0.280074
vn 0.683948 0.657799 -0.315460
vn 0.558222 0.780991 -0.280074
vn 0.537514 0.806730 -0.245490
vn 0.683948 0.657799 -0.315460
vn 0.558222 0.780991 -0.280074
vn 0.410306 0.886052 -0.215778
vn 0.537514 0.806730 -0.245490
vn 0.410306 0.886052 -0.215778
vn 0.399277 0.896011 -0.194275
vn 0.537514 0.806730 -0.245490
vn 0.410306 0.886052 -0.215778
vn 0.267558 0.951200 -0.153723
vn 0.399277 0.896011 -0.194275
vn 0.267558 0.951200 -0.153723
vn 0.253640 0.956652 -0.143124
vn 0.399277 0.896011 -0.194275
vn 0.267558 0.951200 -0.153723
vn 0.138038 0.985794 -0.095681
vn 0.253640 0.956652 -0.143124
vn 0.138038 0.985794 -0.095681
vn 0.127217 0.986750 -0.100704
vn 0.253640 0.956652 -0.143124
vn 0.138038 0.985794 -0.095681
vn 0.055383 0.995560 -0.076107
vn 0.127217 0.986750 -0.100704
vn 0.055383 0.995560 -0.076107
vn 0.052734 0.994872 -0.086311
vn 0.127217 0.986750 -0.100704
vn 0.698213 0.605030 -0.382671
vn 0.578035 0.751602 -0.317758
vn 0.671210 0.660289 -0.336890
vn 0.578035 0.751602 -0.317758
vn 0.558222 0.780991 -0.280074
vn 0.671210 0.660289 -0.336890
vn 0.578035 0.751602 -0.317758
vn 0.433430 0.868119 -0.241883
vn 0.558222 0.780991 -0.280074
vn 0.433430 0.868119 -0.241883
vn 0.410306 0.886052 -0.215778
vn 0.558222 0.780991 -0.280074
vn 0.433430 0.868119 -0.241883
vn 0.291900 0.941596 -0.167902
vn 0.410306 0.886052 -0.215778
vn 0.291900 0.941596 -0.167902
vn 0.267558 0.951200 -0.153723
vn 0.410306 0.886052 -0.215778
vn 0.291900 0.941596 -0.167902
vn 0.160207 0.982331 -0.096750
vn 0.267558 0.951200 -0.153723
vn 0.160207 0.982331 -0.096750
vn 0.138038 0.985794 -0.095681
vn 0.267558 0.951200 -0.153723
vn 0.160207 0.982331 -0.096750
vn 0.086996 0.994627 -0.056111
vn 0.138038 0.985794 -0.095681
vn 0.086996 0.994627 -0.056111
vn 0.066698 0.995815 -0.062478
vn 0.138038 0.985794 -0.095681
vn 0.086996 0.994627 -0.056111
vn -0.000406 0.999112 -0.042137
vn 0.066698 0.995815 -0.062478
vn -0.000406 0.999112 -0.042137
vn 0.055383 0.995560 -0.076107
vn 0.066698 0.995815 -0.062478
vn -0.000406 0.999112 -0.042137
vn -0.003183 0.998272 -0.058684
vn 0.055383 0.995560 -0.076107
vn -0.003183 0.998272 -0.058684
vn 0.052734 0.994872 -0.086311
vn 0.055383 0.995560 -0.076107
vn -0.003183 0.998272 -0.058684
vn 0.000282 0.997327 -0.073063
vn 0.052734 0.994872 -0.086311
vn 0.044354 0.999004 -0.004830
vn 0.153532 0.986266 -0.060896
vn 0.079642 0.996747 -0.012385
vn 0.048064 0.998841 -0.002445
vn -0.001352 0.999846 0.017499
vn 0.079642 0.996747 -0.012385
vn 0.079642 0.996747 -0.012385
vn 0.098727 0.995092 -0.006709
vn 0.048064 0.998841 -0.002445
vn 0.098727 0.995092 -0.006709
vn 0.079642 0.996747 -0.012385
vn 0.158804 0.987287 -0.006698
vn 0.079642 0.996747 -0.012385
vn 0.153532 0.986266 -0.060896
vn 0.158804 0.987287 -0.006698
vn 0.153532 0.986266 -0.060896
vn 0.170796 0.985306 0.001030
vn 0.158804 0.987287 -0.006698
vn 0.153532 0.986266 -0.060896
vn 0.148920 0.988355 -0.031263
vn 0.170796 0.985306 0.001030
vn 0.044354 0.999004 -0.004830
vn 0.087947 0.995259 -0.041530
vn 0.153532 0.986266 -0.060896
vn 0.087947 0.995259 -0.041530
vn 0.220304 0.968765 -0.113849
vn 0.153532 0.986266 -0.060896
vn 0.087947 0.995259 -0.041530
vn 0.148550 0.985326 -0.084061
vn 0.220304 0.968765 -0.113849
vn 0.148550 0.985326 -0.084061
vn 0.244966 0.958135 -0.148221
vn 0.237799 0.959815 -0.149020
vn 0.244966 0.958135 -0.148221
vn 0.341803 0.908988 -0.238560
vn 0.237799 0.959815 -0.149020
vn 0.244966 0.958135 -0.148221
vn 0.347114 0.913075 -0.214023
vn 0.341803 0.908988 -0.238560
vn 0.347114 0.913075 -0.214023
vn 0.475792 0.829172 -0.293420
vn 0.341803 0.908988 -0.238560
vn 0.475792 0.829172 -0.293420
vn 0.457572 0.828756 -0.322166
vn 0.341803 0.908988 -0.238560
vn 0.475792 0.829172 -0.293420
vn 0.593085 0.700665 -0.396634
vn 0.457572 0.828756 -0.322166
vn 0.475792 0.829172 -0.293420
vn 0.595257 0.717595 -0.361561
vn 0.593085 0.700665 -0.396634
vn 0.595257 0.717595 -0.361561
vn 0.696156 0.582249 -0.419944
vn 0.593085 0.700665 -0.396634
vn 0.696156 0.582249 -0.419944
vn 0.701505 0.546471 -0.457450
vn 0.593085 0.700665 -0.396634
vn 0.691471 0.545217 -0.473926
vn 0.606493 0.674837 -0.420430
vn 0.701505 0.546471 -0.457450
vn 0.606493 0.674837 -0.420430
vn 0.593085 0.700665 -0.396634
vn 0.701505 0.546471 -0.457450
vn 0.606493 0.674837 -0.420430
vn 0.508591 0.788967 -0.344770
vn 0.593085 0.700665 -0.396634
vn 0.508591 0.788967 -0.344770
vn 0.457572 0.828756 -0.322166
vn 0.593085 0.700665 -0.396634
vn 0.508591 0.788967 -0.344770
vn 0.341803 0.908988 -0.238560
vn 0.457572 0.828756 -0.322166
vn 0.508591 0.788967 -0.344770
vn 0.445580 0.848492 -0.285515
vn 0.341803 0.908988 -0.238560
vn 0.148550 0.985326 -0.084061
vn 0.237799 0.959815 -0.149020
vn 0.220304 0.968765 -0.113849
vn 0.237799 0.959815 -0.149020
vn 0.295672 0.938485 -0.178395
vn 0.220304 0.968765 -0.113849
vn 0.237799 0.959815 -0.149020
vn 0.341803 0.908988 -0.238560
vn 0.295672 0.938485 -0.178395
vn 0.341803 0.908988 -0.238560
vn 0.370725 0.898240 -0.236069
vn 0.295672 0.938485 -0.178395
vn 0.341803 0.908988 -0.238560
vn 0.445580 0.848492 -0.285515
vn 0.370725 0.898240 -0.236069
vn -0.134741 0.990776 -0.014428
vn -0.178858 0.983372 0.031453
vn -0.001352 0.999846 0.017499
vn 0.048064 0.998841 -0.002445
vn -0.134741 0.990776 -0.014428
vn -0.352227 0.935054 -0.040139
vn -0.178858 0.983372 0.031453
vn -0.352227 0.935054 -0.040139
vn -0.532378 0.845266 -0.045817
vn -0.498406 0.865437 0.051093
vn -0.178858 0.983372 0.031453
vn -0.926979 0.368227 0.071546
vn -0.915180 0.371529 -0.156245
vn -0.957036 0.222317 -0.186164
vn -0.985951 0.149307 0.074888
vn -0.997320 0.005741 0.072941
vn -0.985951 0.149307 0.074888
vn -0.986738 0.006688 -0.162183
vn -0.985951 0.149307 0.074888
vn -0.957036 0.222317 -0.186164
vn -0.986738 0.006688 -0.162183
vn -0.849081 0.523252 0.072591
vn -0.865337 0.484494 -0.128289
vn -0.915180 0.371529 -0.156245
vn -0.926979 0.368227 0.071546
vn -0.665583 0.743561 0.064169
vn -0.711938 0.698125 -0.075931
vn -0.865337 0.484494 -0.128289
vn -0.849081 0.523252 0.072591
vn -0.498406 0.865437 0.051093
vn -0.532378 0.845266 -0.045817
vn -0.711938 0.698125 -0.075931
vn -0.665583 0.743561 0.064169
vn -0.720037 0.693082 0.034418
vn -0.360603 0.931902 0.039041
vn -0.311956 0.949024 0.045126
vn -0.360603 0.931902 0.039041
vn 0.011972 0.999608 0.025301
vn -0.311956 0.949024 0.045126
vn -0.966211 0.137196 -0.218207
vn -0.946540 0.023838 -0.321704
vn -0.955199 0.048512 -0.291963
vn -0.957155 0.286489 -0.042180
vn -0.964108 0.224444 -0.141845
vn -0.962047 0.272150 0.019987
vn -0.506340 0.862294 0.008323
vn -0.617065 0.786830 -0.011354
vn -0.322163 0.945432 0.048677
vn -0.617065 0.786830 -0.011354
vn -0.382055 0.923262 0.040278
vn -0.322163 0.945432 0.048677
vn -0.617065 0.786830 -0.011354
vn -0.722943 0.689988 -0.035626
vn -0.382055 0.923262 0.040278
vn -0.722943 0.689988 -0.035626
vn -0.537535 0.842989 0.020632
vn -0.382055 0.923262 0.040278
vn 0.011972 0.999608 0.025301
vn -0.360603 0.931902 0.039041
vn -0.002577 0.999588 0.028597
vn -0.360603 0.931902 0.039041
vn -0.078519 0.995858 0.045841
vn -0.002577 0.999588 0.028597
vn -0.360603 0.931902 0.039041
vn -0.435932 0.899610 0.025795
vn -0.078519 0.995858 0.045841
vn -0.435932 0.899610 0.025795
vn -0.094988 0.994840 0.035657
vn -0.078519 0.995858 0.045841
vn -0.435932 0.899610 0.025795
vn -0.506340 0.862294 0.008323
vn -0.094988 0.994840 0.035657
vn -0.506340 0.862294 0.008323
vn -0.178682 0.982623 0.050244
vn -0.094988 0.994840 0.035657
vn -0.506340 0.862294 0.008323
vn -0.322163 0.945432 0.048677
vn -0.178682 0.982623 0.050244
vn -0.997320 0.005741 0.072941
vn -0.940969 0.328887 0.080069
vn -0.985951 0.149307 0.074888
vn -0.940969 0.328887 0.080069
vn -0.926979 0.368227 0.071546
vn -0.985951 0.149307 0.074888
vn -0.997320 0.005741 0.072941
vn -0.998090 0.008567 0.061183
vn -0.940969 0.328887 0.080069
vn -0.998090 0.008567 0.061183
vn -0.940346 0.338548 0.033689
vn -0.940969 0.328887 0.080069
vn -0.998090 0.008567 0.061183
vn -0.999818 0.009675 0.016432
vn -0.940346 0.338548 0.033689
vn -0.999818 0.009675 0.016432
vn -0.999714 0.006357 -0.023055
vn -0.940346 0.338548 0.033689
vn -0.999714 0.006357 -0.023055
vn -0.931810 0.361815 -0.028632
vn -0.940346 0.338548 0.033689
vn -0.999714 0.006357 -0.023055
vn -0.997628 0.010561 -0.068017
vn -0.931810 0.361815 -0.028632
vn -0.997628 0.010561 -0.068017
vn -0.931288 0.356979 -0.072583
vn -0.931810 0.361815 -0.028632
vn -0.997628 0.010561 -0.068017
vn -0.995569 0.007084 -0.093772
vn -0.931288 0.356979 -0.072583
vn -0.995569 0.007084 -0.093772
vn -0.991018 0.001402 -0.133724
vn -0.931288 0.356979 -0.072583
vn -0.991018 0.001402 -0.133724
vn -0.933003 0.338218 -0.122939
vn -0.931288 0.356979 -0.072583
vn -0.991018 0.001402 -0.133724
vn -0.984856 0.003681 -0.173336
vn -0.933003 0.338218 -0.122939
vn -0.984856 0.003681 -0.173336
vn -0.979823 0.001835 -0.199861
vn -0.933003 0.338218 -0.122939
vn -0.979823 0.001835 -0.199861
vn -0.939426 0.302822 -0.160552
vn -0.933003 0.338218 -0.122939
vn -0.979823 0.001835 -0.199861
vn -0.972950 0.008494 -0.230858
vn -0.939426 0.302822 -0.160552
vn -0.958314 0.193374 -0.210335
vn -0.953652 0.226242 -0.198402
vn -0.961352 0.010686 -0.275116
vn -0.953652 0.226242 -0.198402
vn -0.965604 0.013442 -0.259669
vn -0.961352 0.010686 -0.275116
vn -0.953652 0.226242 -0.198402
vn -0.939426 0.302822 -0.160552
vn -0.965604 0.013442 -0.259669
vn -0.939426 0.302822 -0.160552
vn -0.972950 0.008494 -0.230858
vn -0.965604 0.013442 -0.259669
vn -0.966211 0.137196 -0.218207
vn -0.949419 0.017476 -0.313524
vn -0.946540 0.023838 -0.321704
vn -0.966211 0.137196 -0.218207
vn -0.958314 0.193374 -0.210335
vn -0.949419 0.017476 -0.313524
vn -0.958314 0.193374 -0.210335
vn -0.953101 0.010572 -0.302467
vn -0.949419 0.017476 -0.313524
vn -0.958314 0.193374 -0.210335
vn -0.961352 0.010686 -0.275116
vn -0.953101 0.010572 -0.302467
vn -0.827168 0.558971 -0.057833
vn -0.708349 0.705316 0.027776
vn -0.650956 0.758439 0.032050
vn -0.827168 0.558971 -0.057833
vn -0.894170 0.443207 -0.063464
vn -0.708349 0.705316 0.027776
vn -0.860576 0.497873 -0.107387
vn -0.903776 0.409088 -0.125839
vn -0.827168 0.558971 -0.057833
vn -0.903776 0.409088 -0.125839
vn -0.894170 0.443207 -0.063464
vn -0.827168 0.558971 -0.057833
vn -0.903776 0.409088 -0.125839
vn -0.938253 0.317485 -0.137423
vn -0.894170 0.443207 -0.063464
vn -0.938253 0.317485 -0.137423
vn -0.964108 0.224444 -0.141845
vn -0.894170 0.443207 -0.063464
vn -0.708349 0.705316 0.027776
vn -0.894170 0.443207 -0.063464
vn -0.790849 0.610686 0.040250
vn -0.894170 0.443207 -0.063464
vn -0.863018 0.505113 0.007764
vn -0.790849 0.610686 0.040250
vn -0.894170 0.443207 -0.063464
vn -0.964108 0.224444 -0.141845
vn -0.863018 0.505113 0.007764
vn -0.964108 0.224444 -0.141845
vn -0.909931 0.413136 0.036657
vn -0.863018 0.505113 0.007764
vn -0.964108 0.224444 -0.141845
vn -0.957155 0.286489 -0.042180
vn -0.909931 0.413136 0.036657
vn -0.720037 0.693082 0.034418
vn -0.742731 0.669590 -0.000308
vn -0.360603 0.931902 0.039041
vn -0.742731 0.669590 -0.000308
vn -0.435932 0.899610 0.025795
vn -0.360603 0.931902 0.039041
vn -0.742731 0.669590 -0.000308
vn -0.774692 0.631227 -0.037479
vn -0.435932 0.899610 0.025795
vn -0.774692 0.631227 -0.037479
vn -0.506340 0.862294 0.008323
vn -0.435932 0.899610 0.025795
vn -0.774692 0.631227 -0.037479
vn -0.815448 0.574033 -0.074376
vn -0.506340 0.862294 0.008323
vn -0.815448 0.574033 -0.074376
vn -0.617065 0.786830 -0.011354
vn -0.506340 0.862294 0.008323
vn -0.815448 0.574033 -0.074376
vn -0.860576 0.497873 -0.107387
vn -0.617065 0.786830 -0.011354
vn -0.860576 0.497873 -0.107387
vn -0.722943 0.689988 -0.035626
vn -0.617065 0.786830 -0.011354
vn -0.860576 0.497873 -0.107387
vn -0.827168 0.558971 -0.057833
vn -0.722943 0.689988 -0.035626
vn -0.827168 0.558971 -0.057833
vn -0.537535 0.842989 0.020632
vn -0.722943 0.689988 -0.035626
vn -0.827168 0.558971 -0.057833
vn -0.650956 0.758439 0.032050
vn -0.537535 0.842989 0.020632
vn -0.720037 0.693082 0.034418
vn -0.311956 0.949024 0.045126
vn -0.702309 0.708905 0.064926
vn -0.311956 0.949024 0.045126
vn -0.849081 0.523252 0.072591
vn -0.702309 0.708905 0.064926
vn -0.311956 0.949024 0.045126
vn -0.665583 0.743561 0.064169
vn -0.849081 0.523252 0.072591
vn -0.001352 0.999846 0.017499
vn -0.178858 0.983372 0.031453
vn 0.011972 0.999608 0.025301
vn -0.178858 0.983372 0.031453
vn -0.311956 0.949024 0.045126
vn 0.011972 0.999608 0.025301
vn -0.178858 0.983372 0.031453
vn -0.498406 0.865437 0.051093
vn -0.311956 0.949024 0.045126
vn -0.498406 0.865437 0.051093
vn -0.665583 0.743561 0.064169
vn -0.311956 0.949024 0.045126
vn -0.926979 0.368227 0.071546
vn -0.940969 0.328887 0.080069
vn -0.849081 0.523252 0.072591
vn -0.940969 0.328887 0.080069
vn -0.702309 0.708905 0.064926
vn -0.849081 0.523252 0.072591
vn -0.940969 0.328887 0.080069
vn -0.940346 0.338548 0.033689
vn -0.702309 0.708905 0.064926
vn -0.940346 0.338548 0.033689
vn -0.720037 0.693082 0.034418
vn -0.702309 0.708905 0.064926
vn -0.940346 0.338548 0.033689
vn -0.931810 0.361815 -0.028632
vn -0.720037 0.693082 0.034418
vn -0.931810 0.361815 -0.028632
vn -0.742731 0.669590 -0.000308
vn -0.720037 0.693082 0.034418
vn -0.931810 0.361815 -0.028632
vn -0.931288 0.356979 -0.072583
vn -0.742731 0.669590 -0.000308
vn -0.931288 0.356979 -0.072583
vn -0.774692 0.631227 -0.037479
vn -0.742731 0.669590 -0.000308
vn -0.931288 0.356979 -0.072583
vn -0.933003 0.338218 -0.122939
vn -0.774692 0.631227 -0.037479
vn -0.933003 0.338218 -0.122939
vn -0.815448 0.574033 -0.074376
vn -0.774692 0.631227 -0.037479
vn -0.933003 0.338218 -0.122939
vn -0.939426 0.302822 -0.160552
vn -0.815448 0.574033 -0.074376
vn -0.939426 0.302822 -0.160552
vn -0.860576 0.497873 -0.107387
vn -0.815448 0.574033 -0.074376
vn -0.939426 0.302822 -0.160552
vn -0.953652 0.226242 -0.198402
vn -0.860576 0.497873 -0.107387
vn -0.953652 0.226242 -0.198402
vn -0.903776 0.409088 -0.125839
vn -0.860576 0.497873 -0.107387
vn -0.953652 0.226242 -0.198402
vn -0.958314 0.193374 -0.210335
vn -0.903776 0.409088 -0.125839
vn -0.958314 0.193374 -0.210335
vn -0.938253 0.317485 -0.137423
vn -0.903776 0.409088 -0.125839
vn -0.958314 0.193374 -0.210335
vn -0.966211 0.137196 -0.218207
vn -0.938253 0.317485 -0.137423
vn -0.966211 0.137196 -0.218207
vn -0.964108 0.224444 -0.141845
vn -0.938253 0.317485 -0.137423
vn -0.966211 0.137196 -0.218207
vn -0.955199 0.048512 -0.291963
vn -0.964108 0.224444 -0.141845
vn -0.955199 0.048512 -0.291963
vn -0.962047 0.272150 0.019987
vn -0.964108 0.224444 -0.141845
vn -0.959006 0.035395 -0.281166
vn -0.962047 0.272150 0.019987
vn -0.955199 0.048512 -0.291963
vn -0.989168 0.144231 0.027268
vn -0.981329 0.190490 0.026598
vn -0.962047 0.272150 0.019987
vn -0.989168 0.144231 0.027268
vn -0.962047 0.272150 0.019987
vn -0.995918 0.087215 0.023275
vn -0.962047 0.272150 0.019987
vn -0.958694 0.029616 -0.282894
vn -0.995918 0.087215 0.023275
vn -0.962047 0.272150 0.019987
vn -0.959006 0.035395 -0.281166
vn -0.958694 0.029616 -0.282894
vn -0.997414 0.066978 0.026050
vn -0.952488 0.003048 -0.304562
vn -0.999961 -0.000773 -0.008783
vn -0.952488 0.003048 -0.304562
vn -0.997414 0.066978 0.026050
vn -0.950014 0.002268 -0.312198
vn -0.997414 0.066978 0.026050
vn -0.958694 0.029616 -0.282894
vn -0.950014 0.002268 -0.312198
vn -0.997414 0.066978 0.026050
vn -0.995918 0.087215 0.023275
vn -0.958694 0.029616 -0.282894
vn -0.983852 -0.173533 0.043842
vn -0.995764 -0.083190 0.039153
vn -0.982325 -0.184669 0.030577
vn -0.983852 -0.173533 0.043842
vn -0.996980 -0.064453 0.043327
vn -0.995764 -0.083190 0.039153
vn -0.982325 -0.184669 0.030577
vn -0.995764 -0.083190 0.039153
vn -0.990389 -0.129624 0.048242
vn -0.995764 -0.083190 0.039153
vn -0.999742 -0.021708 -0.006738
vn -0.990389 -0.129624 0.048242
vn -0.995764 -0.083190 0.039153
vn -0.999961 -0.000773 -0.008783
vn -0.999742 -0.021708 -0.006738
vn -0.995764 -0.083190 0.039153
vn -0.996980 -0.064453 0.043327
vn -0.999961 -0.000773 -0.008783
vn -0.996980 -0.064453 0.043327
vn -0.999136 -0.003906 0.041375
vn -0.999961 -0.000773 -0.008783
vn 0.515507 -0.813642 -0.268773
vn 0.338795 -0.922000 -0.187443
vn 0.385465 -0.907089 -0.169132
vn 0.042570 -0.996422 -0.073012
vn 0.223832 -0.970159 -0.093220
vn -0.022124 -0.997841 -0.061832
vn 0.223832 -0.970159 -0.093220
vn 0.089202 -0.995660 -0.026525
vn -0.022124 -0.997841 -0.061832
vn 0.223832 -0.970159 -0.093220
vn 0.161275 -0.984393 -0.070432
vn 0.089202 -0.995660 -0.026525
vn 0.338795 -0.922000 -0.187443
vn 0.282194 -0.953490 -0.105942
vn 0.385465 -0.907089 -0.169132
vn 0.338795 -0.922000 -0.187443
vn 0.223832 -0.970159 -0.093220
vn 0.282194 -0.953490 -0.105942
vn 0.223832 -0.970159 -0.093220
vn 0.042570 -0.996422 -0.073012
vn 0.282194 -0.953490 -0.105942
vn 0.662815 -0.607229 -0.438120
vn 0.639500 -0.632433 -0.437112
vn 0.726410 -0.475673 -0.496048
vn 0.724757 -0.514693 -0.458059
vn 0.661379 -0.625504 -0.413912
vn 0.726410 -0.475673 -0.496048
vn 0.661379 -0.625504 -0.413912
vn 0.662815 -0.607229 -0.438120
vn 0.726410 -0.475673 -0.496048
vn 0.661379 -0.625504 -0.413912
vn 0.568380 -0.733682 -0.372364
vn 0.662815 -0.607229 -0.438120
vn 0.568380 -0.733682 -0.372364
vn 0.639500 -0.632433 -0.437112
vn 0.662815 -0.607229 -0.438120
vn 0.568380 -0.733682 -0.372364
vn 0.563410 -0.742447 -0.362411
vn 0.639500 -0.632433 -0.437112
vn 0.515507 -0.813642 -0.268773
vn 0.563410 -0.742447 -0.362411
vn 0.338795 -0.922000 -0.187443
vn 0.563410 -0.742447 -0.362411
vn 0.458367 -0.835930 -0.301862
vn 0.338795 -0.922000 -0.187443
vn 0.563410 -0.742447 -0.362411
vn 0.568380 -0.733682 -0.372364
vn 0.458367 -0.835930 -0.301862
vn 0.568380 -0.733682 -0.372364
vn 0.548326 -0.770413 -0.325273
vn 0.458367 -0.835930 -0.301862
vn 0.568380 -0.733682 -0.372364
vn 0.661379 -0.625504 -0.413912
vn 0.548326 -0.770413 -0.325273
vn 0.161275 -0.984393 -0.070432
vn 0.223832 -0.970159 -0.093220
vn 0.241391 -0.961898 -0.128387
vn 0.223832 -0.970159 -0.093220
vn 0.331075 -0.927158 -0.175406
vn 0.241391 -0.961898 -0.128387
vn 0.223832 -0.970159 -0.093220
vn 0.338795 -0.922000 -0.187443
vn 0.331075 -0.927158 -0.175406
vn 0.338795 -0.922000 -0.187443
vn 0.447250 -0.859068 -0.248936
vn 0.331075 -0.927158 -0.175406
vn 0.338795 -0.922000 -0.187443
vn 0.458367 -0.835930 -0.301862
vn 0.447250 -0.859068 -0.248936
vn 0.458367 -0.835930 -0.301862
vn 0.548326 -0.770413 -0.325273
vn 0.447250 -0.859068 -0.248936
vn 0.816956 -0.315897 -0.482485
vn 0.828990 -0.333392 -0.449027
vn 0.724757 -0.514693 -0.458059
vn 0.829684 -0.441788 -0.341244
vn 0.921918 -0.211000 -0.324880
vn 0.841076 -0.441824 -0.312062
vn 0.687798 -0.668889 -0.281995
vn 0.653616 -0.700993 -0.285299
vn 0.841076 -0.441824 -0.312062
vn 0.653616 -0.700993 -0.285299
vn 0.829684 -0.441788 -0.341244
vn 0.841076 -0.441824 -0.312062
vn 0.653616 -0.700993 -0.285299
vn 0.807331 -0.444182 -0.388483
vn 0.829684 -0.441788 -0.341244
vn 0.921918 -0.211000 -0.324880
vn 0.829684 -0.441788 -0.341244
vn 0.905225 -0.234769 -0.354192
vn 0.829684 -0.441788 -0.341244
vn 0.888298 -0.233551 -0.395449
vn 0.905225 -0.234769 -0.354192
vn 0.829684 -0.441788 -0.341244
vn 0.807331 -0.444182 -0.388483
vn 0.888298 -0.233551 -0.395449
vn 0.807331 -0.444182 -0.388483
vn 0.828990 -0.333392 -0.449027
vn 0.888298 -0.233551 -0.395449
vn 0.724757 -0.514693 -0.458059
vn 0.828990 -0.333392 -0.449027
vn 0.706579 -0.591259 -0.388792
vn 0.828990 -0.333392 -0.449027
vn 0.646045 -0.693796 -0.318233
vn 0.706579 -0.591259 -0.388792
vn 0.828990 -0.333392 -0.449027
vn 0.807331 -0.444182 -0.388483
vn 0.646045 -0.693796 -0.318233
vn 0.807331 -0.444182 -0.388483
vn 0.653616 -0.700993 -0.285299
vn 0.646045 -0.693796 -0.318233
vn -0.240152 -0.968178 0.070419
vn -0.235281 -0.971702 0.020955
vn -0.386265 -0.919965 0.066812
vn -0.235281 -0.971702 0.020955
vn -0.346803 -0.937193 0.037365
vn -0.386265 -0.919965 0.066812
vn -0.249036 -0.967503 -0.043817
vn -0.398347 -0.917162 -0.011527
vn -0.257399 -0.966102 -0.019812
vn -0.017158 -0.997531 -0.068097
vn -0.065208 -0.996962 -0.042590
vn -0.020273 -0.998648 -0.047861
vn -0.036107 -0.997849 0.054714
vn 0.009308 -0.999389 0.033695
vn -0.023940 -0.999137 0.033938
vn 0.009308 -0.999389 0.033695
vn 0.030918 -0.999442 0.012646
vn -0.023940 -0.999137 0.033938
vn 0.009308 -0.999389 0.033695
vn 0.032807 -0.999434 -0.007459
vn 0.030918 -0.999442 0.012646
vn -0.064499 -0.997867 -0.010025
vn -0.045444 -0.998950 0.005884
vn 0.003999 -0.999859 -0.016316
vn -0.045444 -0.998950 0.005884
vn 0.009645 -0.999953 0.000964
vn 0.003999 -0.999859 -0.016316
vn -0.011412 -0.998865 -0.046252
vn -0.064499 -0.997867 -0.010025
vn -0.012588 -0.999350 -0.033767
vn -0.064499 -0.997867 -0.010025
vn -0.006000 -0.999803 -0.018927
vn -0.012588 -0.999350 -0.033767
vn -0.064499 -0.997867 -0.010025
vn 0.003999 -0.999859 -0.016316
vn -0.006000 -0.999803 -0.018927
vn 0.002064 -0.997266 -0.073867
vn -0.034280 -0.996950 -0.070106
vn -0.017158 -0.997531 -0.068097
vn -0.034280 -0.996950 -0.070106
vn -0.065208 -0.996962 -0.042590
vn -0.017158 -0.997531 -0.068097
vn -0.034280 -0.996950 -0.070106
vn -0.048918 -0.996450 -0.068517
vn -0.065208 -0.996962 -0.042590
vn -0.048918 -0.996450 -0.068517
vn -0.088429 -0.994241 -0.060538
vn -0.065208 -0.996962 -0.042590
vn -0.148498 -0.987616 -0.050628
vn -0.144323 -0.989104 -0.029050
vn -0.088429 -0.994241 -0.060538
vn -0.144323 -0.989104 -0.029050
vn -0.065208 -0.996962 -0.042590
vn -0.088429 -0.994241 -0.060538
vn -0.144323 -0.989104 -0.029050
vn -0.064499 -0.997867 -0.010025
vn -0.065208 -0.996962 -0.042590
vn -0.064499 -0.997867 -0.010025
vn -0.020273 -0.998648 -0.047861
vn -0.065208 -0.996962 -0.042590
vn -0.064499 -0.997867 -0.010025
vn -0.011412 -0.998865 -0.046252
vn -0.020273 -0.998648 -0.047861
vn -0.249036 -0.967503 -0.043817
vn -0.369372 -0.928697 -0.032953
vn -0.398347 -0.917162 -0.011527
vn -0.369372 -0.928697 -0.032953
vn -0.565905 -0.824470 0.000455
vn -0.398347 -0.917162 -0.011527
vn -0.369372 -0.928697 -0.032953
vn -0.498418 -0.866716 -0.019566
vn -0.565905 -0.824470 0.000455
vn -0.498418 -0.866716 -0.019566
vn -0.617255 -0.786756 -0.003288
vn -0.565905 -0.824470 0.000455
vn -0.617255 -0.786756 -0.003288
vn -0.690078 -0.723729 0.003117
vn -0.565905 -0.824470 0.000455
vn -0.617255 -0.786756 -0.003288
vn -0.717759 -0.696231 0.009224
vn -0.690078 -0.723729 0.003117
vn -0.717759 -0.696231 0.009224
vn -0.788379 -0.615088 0.011213
vn -0.690078 -0.723729 0.003117
vn -0.717759 -0.696231 0.009224
vn -0.803994 -0.594328 0.019164
vn -0.788379 -0.615088 0.011213
vn -0.803994 -0.594328 0.019164
vn -0.858606 -0.512575 0.007892
vn -0.788379 -0.615088 0.011213
vn -0.803994 -0.594328 0.019164
vn -0.883865 -0.466827 0.029254
vn -0.858606 -0.512575 0.007892
vn -0.883865 -0.466827 0.029254
vn -0.918156 -0.395794 0.018347
vn -0.858606 -0.512575 0.007892
vn -0.883865 -0.466827 0.029254
vn -0.949033 -0.312681 0.039577
vn -0.918156 -0.395794 0.018347
vn -0.949033 -0.312681 0.039577
vn -0.960675 -0.277635 0.004701
vn -0.918156 -0.395794 0.018347
vn -0.982325 -0.184669 0.030577
vn -0.949033 -0.312681 0.039577
vn -0.983852 -0.173533 0.043842
vn -0.982325 -0.184669 0.030577
vn -0.960675 -0.277635 0.004701
vn -0.949033 -0.312681 0.039577
vn -0.257399 -0.966102 -0.019812
vn -0.398347 -0.917162 -0.011527
vn -0.429402 -0.902196 0.040704
vn -0.398347 -0.917162 -0.011527
vn -0.574038 -0.818198 0.032117
vn -0.429402 -0.902196 0.040704
vn -0.398347 -0.917162 -0.011527
vn -0.565905 -0.824470 0.000455
vn -0.574038 -0.818198 0.032117
vn -0.565905 -0.824470 0.000455
vn -0.690078 -0.723729 0.003117
vn -0.574038 -0.818198 0.032117
vn -0.036107 -0.997849 0.054714
vn -0.023940 -0.999137 0.033938
vn -0.075493 -0.994322 0.074992
vn -0.023940 -0.999137 0.033938
vn -0.117279 -0.989304 0.086732
vn -0.075493 -0.994322 0.074992
vn -0.023940 -0.999137 0.033938
vn -0.099752 -0.993739 0.050332
vn -0.117279 -0.989304 0.086732
vn -0.099752 -0.993739 0.050332
vn -0.240152 -0.968178 0.070419
vn -0.117279 -0.989304 0.086732
vn -0.099752 -0.993739 0.050332
vn -0.148112 -0.988893 0.012363
vn -0.240152 -0.968178 0.070419
vn -0.148112 -0.988893 0.012363
vn -0.235281 -0.971702 0.020955
vn -0.240152 -0.968178 0.070419
vn -0.148112 -0.988893 0.012363
vn -0.257399 -0.966102 -0.019812
vn -0.235281 -0.971702 0.020955
vn -0.257399 -0.966102 -0.019812
vn -0.346803 -0.937193 0.037365
vn -0.235281 -0.971702 0.020955
vn -0.257399 -0.966102 -0.019812
vn -0.429402 -0.902196 0.040704
vn -0.346803 -0.937193 0.037365
vn -0.249036 -0.967503 -0.043817
vn -0.257399 -0.966102 -0.019812
vn -0.148498 -0.987616 -0.050628
vn -0.257399 -0.966102 -0.019812
vn -0.144323 -0.989104 -0.029050
vn -0.148498 -0.987616 -0.050628
vn -0.257399 -0.966102 -0.019812
vn -0.148112 -0.988893 0.012363
vn -0.144323 -0.989104 -0.029050
vn -0.148112 -0.988893 0.012363
vn -0.064499 -0.997867 -0.010025
vn -0.144323 -0.989104 -0.029050
vn -0.148112 -0.988893 0.012363
vn -0.099752 -0.993739 0.050332
vn -0.064499 -0.997867 -0.010025
vn -0.099752 -0.993739 0.050332
vn -0.045444 -0.998950 0.005884
vn -0.064499 -0.997867 -0.010025
vn -0.099752 -0.993739 0.050332
vn -0.023940 -0.999137 0.033938
vn -0.045444 -0.998950 0.005884
vn -0.023940 -0.999137 0.033938
vn 0.009645 -0.999953 0.000964
vn -0.045444 -0.998950 0.005884
vn -0.023940 -0.999137 0.033938
vn 0.030918 -0.999442 0.012646
vn 0.009645 -0.999953 0.000964
vn 0.806063 -0.133149 -0.576658
vn 0.834365 -0.072046 -0.546483
vn 0.828274 -0.154761 -0.538527
vn 0.809241 0.204566 -0.550710
vn 0.808112 0.088258 -0.582380
vn 0.783908 0.220944 -0.580235
vn 0.946061 -0.050281 -0.320063
vn 0.937376 -0.129273 -0.323442
vn 0.928557 -0.146454 -0.341076
vn 0.937376 -0.129273 -0.323442
vn 0.905225 -0.234769 -0.354192
vn 0.928557 -0.146454 -0.341076
vn 0.937376 -0.129273 -0.323442
vn 0.921918 -0.211000 -0.324880
vn 0.905225 -0.234769 -0.354192
vn 0.794645 -0.313652 -0.519771
vn 0.847264 -0.167838 -0.503959
vn 0.816956 -0.315897 -0.482485
vn 0.847264 -0.167838 -0.503959
vn 0.828990 -0.333392 -0.449027
vn 0.816956 -0.315897 -0.482485
vn 0.794645 -0.313652 -0.519771
vn 0.779792 -0.299412 -0.549798
vn 0.828274 -0.154761 -0.538527
vn 0.779792 -0.299412 -0.549798
vn 0.806063 -0.133149 -0.576658
vn 0.828274 -0.154761 -0.538527
vn 0.874974 0.111708 -0.471106
vn 0.832540 0.227963 -0.504886
vn 0.845004 0.232292 -0.481672
vn 0.888056 0.207400 -0.410296
vn 0.890299 0.104736 -0.443169
vn 0.863904 0.213478 -0.456176
vn 0.890299 0.104736 -0.443169
vn 0.845004 0.232292 -0.481672
vn 0.863904 0.213478 -0.456176
vn 0.932516 0.105107 -0.345495
vn 0.902176 0.203457 -0.380373
vn 0.914266 0.213230 -0.344457
vn 0.932516 0.105107 -0.345495
vn 0.947318 0.017319 -0.319826
vn 0.937943 0.009336 -0.346665
vn 0.947318 0.017319 -0.319826
vn 0.935606 -0.063972 -0.347201
vn 0.937943 0.009336 -0.346665
vn 0.947318 0.017319 -0.319826
vn 0.946061 -0.050281 -0.320063
vn 0.935606 -0.063972 -0.347201
vn 0.947318 0.017319 -0.319826
vn 0.932516 0.105107 -0.345495
vn 0.941932 0.100940 -0.320274
vn 0.932516 0.105107 -0.345495
vn 0.914266 0.213230 -0.344457
vn 0.941932 0.100940 -0.320274
vn 0.914266 0.213230 -0.344457
vn 0.928556 0.183493 -0.322666
vn 0.941932 0.100940 -0.320274
vn 0.909072 -0.171389 -0.379755
vn 0.924458 -0.062620 -0.376106
vn 0.935606 -0.063972 -0.347201
vn 0.924458 -0.062620 -0.376106
vn 0.937943 0.009336 -0.346665
vn 0.935606 -0.063972 -0.347201
vn 0.924458 -0.062620 -0.376106
vn 0.926694 0.008466 -0.375722
vn 0.937943 0.009336 -0.346665
vn 0.926694 0.008466 -0.375722
vn 0.932516 0.105107 -0.345495
vn 0.937943 0.009336 -0.346665
vn 0.926694 0.008466 -0.375722
vn 0.921381 0.104601 -0.374321
vn 0.932516 0.105107 -0.345495
vn 0.921381 0.104601 -0.374321
vn 0.902176 0.203457 -0.380373
vn 0.932516 0.105107 -0.345495
vn 0.921381 0.104601 -0.374321
vn 0.888056 0.207400 -0.410296
vn 0.902176 0.203457 -0.380373
vn 0.809241 0.204566 -0.550710
vn 0.833879 0.087100 -0.545032
vn 0.808112 0.088258 -0.582380
vn 0.833879 0.087100 -0.545032
vn 0.813267 0.001114 -0.581889
vn 0.808112 0.088258 -0.582380
vn 0.833879 0.087100 -0.545032
vn 0.836024 0.000623 -0.548692
vn 0.813267 0.001114 -0.581889
vn 0.836024 0.000623 -0.548692
vn 0.834365 -0.072046 -0.546483
vn 0.813267 0.001114 -0.581889
vn 0.834365 -0.072046 -0.546483
vn 0.811772 -0.071543 -0.579575
vn 0.813267 0.001114 -0.581889
vn 0.834365 -0.072046 -0.546483
vn 0.806063 -0.133149 -0.576658
vn 0.811772 -0.071543 -0.579575
vn 0.794645 -0.313652 -0.519771
vn 0.828274 -0.154761 -0.538527
vn 0.847264 -0.167838 -0.503959
vn 0.828274 -0.154761 -0.538527
vn 0.856226 -0.072710 -0.511460
vn 0.847264 -0.167838 -0.503959
vn 0.828274 -0.154761 -0.538527
vn 0.834365 -0.072046 -0.546483
vn 0.856226 -0.072710 -0.511460
vn 0.834365 -0.072046 -0.546483
vn 0.858933 0.000552 -0.512088
vn 0.856226 -0.072710 -0.511460
vn 0.834365 -0.072046 -0.546483
vn 0.836024 0.000623 -0.548692
vn 0.858933 0.000552 -0.512088
vn 0.836024 0.000623 -0.548692
vn 0.855902 0.099136 -0.507546
vn 0.858933 0.000552 -0.512088
vn 0.836024 0.000623 -0.548692
vn 0.833879 0.087100 -0.545032
vn 0.855902 0.099136 -0.507546
vn 0.833879 0.087100 -0.545032
vn 0.816623 0.245023 -0.522581
vn 0.855902 0.099136 -0.507546
vn 0.833879 0.087100 -0.545032
vn 0.809241 0.204566 -0.550710
vn 0.816623 0.245023 -0.522581
vn 0.845004 0.232292 -0.481672
vn 0.890299 0.104736 -0.443169
vn 0.874974 0.111708 -0.471106
vn 0.890299 0.104736 -0.443169
vn 0.879237 0.002307 -0.476379
vn 0.874974 0.111708 -0.471106
vn 0.890299 0.104736 -0.443169
vn 0.896707 0.004774 -0.442598
vn 0.879237 0.002307 -0.476379
vn 0.896707 0.004774 -0.442598
vn 0.876055 -0.070458 -0.477035
vn 0.879237 0.002307 -0.476379
vn 0.896707 0.004774 -0.442598
vn 0.893581 -0.067304 -0.443827
vn 0.876055 -0.070458 -0.477035
vn 0.893581 -0.067304 -0.443827
vn 0.859779 -0.175119 -0.479702
vn 0.876055 -0.070458 -0.477035
vn 0.893581 -0.067304 -0.443827
vn 0.879969 -0.178342 -0.440282
vn 0.859779 -0.175119 -0.479702
vn 0.888056 0.207400 -0.410296
vn 0.908010 0.104139 -0.405800
vn 0.890299 0.104736 -0.443169
vn 0.908010 0.104139 -0.405800
vn 0.896707 0.004774 -0.442598
vn 0.890299 0.104736 -0.443169
vn 0.908010 0.104139 -0.405800
vn 0.912389 0.007036 -0.409265
vn 0.896707 0.004774 -0.442598
vn 0.912389 0.007036 -0.409265
vn 0.893581 -0.067304 -0.443827
vn 0.896707 0.004774 -0.442598
vn 0.912389 0.007036 -0.409265
vn 0.909642 -0.064437 -0.410364
vn 0.893581 -0.067304 -0.443827
vn 0.909642 -0.064437 -0.410364
vn 0.879969 -0.178342 -0.440282
vn 0.893581 -0.067304 -0.443827
vn 0.909642 -0.064437 -0.410364
vn 0.899786 -0.151266 -0.409272
vn 0.879969 -0.178342 -0.440282
vn 0.888056 0.207400 -0.410296
vn 0.921381 0.104601 -0.374321
vn 0.908010 0.104139 -0.405800
vn 0.921381 0.104601 -0.374321
vn 0.912389 0.007036 -0.409265
vn 0.908010 0.104139 -0.405800
vn 0.921381 0.104601 -0.374321
vn 0.926694 0.008466 -0.375722
vn 0.912389 0.007036 -0.409265
vn 0.926694 0.008466 -0.375722
vn 0.909642 -0.064437 -0.410364
vn 0.912389 0.007036 -0.409265
vn 0.926694 0.008466 -0.375722
vn 0.924458 -0.062620 -0.376106
vn 0.909642 -0.064437 -0.410364
vn 0.924458 -0.062620 -0.376106
vn 0.899786 -0.151266 -0.409272
vn 0.909642 -0.064437 -0.410364
vn 0.924458 -0.062620 -0.376106
vn 0.909072 -0.171389 -0.379755
vn 0.899786 -0.151266 -0.409272
vn 0.946061 -0.050281 -0.320063
vn 0.928557 -0.146454 -0.341076
vn 0.935606 -0.063972 -0.347201
vn 0.928557 -0.146454 -0.341076
vn 0.909072 -0.171389 -0.379755
vn 0.935606 -0.063972 -0.347201
vn 0.928557 -0.146454 -0.341076
vn 0.905225 -0.234769 -0.354192
vn 0.909072 -0.171389 -0.379755
vn 0.905225 -0.234769 -0.354192
vn 0.899786 -0.151266 -0.409272
vn 0.909072 -0.171389 -0.379755
vn 0.905225 -0.234769 -0.354192
vn 0.888298 -0.233551 -0.395449
vn 0.899786 -0.151266 -0.409272
vn 0.888298 -0.233551 -0.395449
vn 0.879969 -0.178342 -0.440282
vn 0.899786 -0.151266 -0.409272
vn 0.888298 -0.233551 -0.395449
vn 0.828990 -0.333392 -0.449027
vn 0.879969 -0.178342 -0.440282
vn 0.828990 -0.333392 -0.449027
vn 0.859779 -0.175119 -0.479702
vn 0.879969 -0.178342 -0.440282
vn 0.828990 -0.333392 -0.449027
vn 0.847264 -0.167838 -0.503959
vn 0.859779 -0.175119 -0.479702
vn 0.847264 -0.167838 -0.503959
vn 0.876055 -0.070458 -0.477035
vn 0.859779 -0.175119 -0.479702
vn 0.847264 -0.167838 -0.503959
vn 0.856226 -0.072710 -0.511460
vn 0.876055 -0.070458 -0.477035
vn 0.856226 -0.072710 -0.511460
vn 0.879237 0.002307 -0.476379
vn 0.876055 -0.070458 -0.477035
vn 0.856226 -0.072710 -0.511460
vn 0.858933 0.000552 -0.512088
vn 0.879237 0.002307 -0.476379
vn 0.858933 0.000552 -0.512088
vn 0.874974 0.111708 -0.471106
vn 0.879237 0.002307 -0.476379
vn 0.858933 0.000552 -0.512088
vn 0.855902 0.099136 -0.507546
vn 0.874974 0.111708 -0.471106
vn 0.855902 0.099136 -0.507546
vn 0.832540 0.227963 -0.504886
vn 0.874974 0.111708 -0.471106
vn 0.855902 0.099136 -0.507546
vn 0.816623 0.245023 -0.522581
vn 0.832540 0.227963 -0.504886
vn 0.698213 0.605030 -0.382671
vn 0.799658 0.449038 -0.398637
vn 0.779356 0.446933 -0.439153
vn 0.914266 0.213230 -0.344457
vn 0.836162 0.452668 -0.309718
vn 0.928556 0.183493 -0.322666
vn 0.902176 0.203457 -0.380373
vn 0.888056 0.207400 -0.410296
vn 0.833565 0.431531 -0.344891
vn 0.888056 0.207400 -0.410296
vn 0.799658 0.449038 -0.398637
vn 0.833565 0.431531 -0.344891
vn 0.888056 0.207400 -0.410296
vn 0.863904 0.213478 -0.456176
vn 0.799658 0.449038 -0.398637
vn 0.863904 0.213478 -0.456176
vn 0.779356 0.446933 -0.439153
vn 0.799658 0.449038 -0.398637
vn 0.863904 0.213478 -0.456176
vn 0.845004 0.232292 -0.481672
vn 0.779356 0.446933 -0.439153
vn 0.698213 0.605030 -0.382671
vn 0.779356 0.446933 -0.439153
vn 0.696156 0.582249 -0.419944
vn 0.779356 0.446933 -0.439153
vn 0.845004 0.232292 -0.481672
vn 0.696156 0.582249 -0.419944
vn 0.710706 0.639451 -0.293256
vn 0.833565 0.431531 -0.344891
vn 0.668796 0.684205 -0.290819
vn 0.833565 0.431531 -0.344891
vn 0.683948 0.657799 -0.315460
vn 0.668796 0.684205 -0.290819
vn 0.833565 0.431531 -0.344891
vn 0.799658 0.449038 -0.398637
vn 0.683948 0.657799 -0.315460
vn 0.799658 0.449038 -0.398637
vn 0.671210 0.660289 -0.336890
vn 0.683948 0.657799 -0.315460
vn 0.799658 0.449038 -0.398637
vn 0.698213 0.605030 -0.382671
vn 0.671210 0.660289 -0.336890
vn 0.902176 0.203457 -0.380373
vn 0.833565 0.431531 -0.344891
vn 0.914266 0.213230 -0.344457
vn 0.833565 0.431531 -0.344891
vn 0.836162 0.452668 -0.309718
vn 0.914266 0.213230 -0.344457
vn 0.833565 0.431531 -0.344891
vn 0.710706 0.639451 -0.293256
vn 0.836162 0.452668 -0.309718
vn 0.710706 0.639451 -0.293256
vn 0.725151 0.625569 -0.287784
vn 0.836162 0.452668 -0.309718
vn 0.845004 0.232292 -0.481672
vn 0.701505 0.546471 -0.457450
vn 0.696156 0.582249 -0.419944
vn 0.832540 0.227963 -0.504886
vn 0.701505 0.546471 -0.457450
vn 0.845004 0.232292 -0.481672
vn 0.832540 0.227963 -0.504886
vn 0.816623 0.245023 -0.522581
vn 0.701505 0.546471 -0.457450
vn 0.816623 0.245023 -0.522581
vn 0.691471 0.545217 -0.473926
vn 0.701505 0.546471 -0.457450
vn 0.816623 0.245023 -0.522581
vn 0.809241 0.204566 -0.550710
vn 0.691471 0.545217 -0.473926
vn 0.290712 0.949261 -0.119957
vn 0.358066 0.918482 -0.167867
vn 0.367996 0.923963 -0.104267
vn 0.358066 0.918482 -0.167867
vn 0.573442 0.798207 -0.184474
vn 0.367996 0.923963 -0.104267
vn 0.358066 0.918482 -0.167867
vn 0.529236 0.794050 -0.298989
vn 0.573442 0.798207 -0.184474
vn 0.213514 0.974913 -0.062906
vn 0.198831 0.978273 -0.058721
vn 0.220304 0.968765 -0.113849
vn 0.198831 0.978273 -0.058721
vn 0.153532 0.986266 -0.060896
vn 0.220304 0.968765 -0.113849
vn 0.198831 0.978273 -0.058721
vn 0.148920 0.988355 -0.031263
vn 0.153532 0.986266 -0.060896
vn 0.213514 0.974913 -0.062906
vn 0.220304 0.968765 -0.113849
vn 0.290712 0.949261 -0.119957
vn 0.220304 0.968765 -0.113849
vn 0.295672 0.938485 -0.178395
vn 0.290712 0.949261 -0.119957
vn 0.295672 0.938485 -0.178395
vn 0.358066 0.918482 -0.167867
vn 0.290712 0.949261 -0.119957
vn 0.295672 0.938485 -0.178395
vn 0.370725 0.898240 -0.236069
vn 0.358066 0.918482 -0.167867
vn 0.370725 0.898240 -0.236069
vn 0.445580 0.848492 -0.285515
vn 0.430556 0.873195 -0.228369
vn 0.445580 0.848492 -0.285515
vn 0.506256 0.807663 -0.302301
vn 0.430556 0.873195 -0.228369
vn 0.445580 0.848492 -0.285515
vn 0.508591 0.788967 -0.344770
vn 0.506256 0.807663 -0.302301
vn 0.508591 0.788967 -0.344770
vn 0.572502 0.724998 -0.382909
vn 0.506256 0.807663 -0.302301
vn 0.508591 0.788967 -0.344770
vn 0.606493 0.674837 -0.420430
vn 0.572502 0.724998 -0.382909
vn 0.606493 0.674837 -0.420430
vn 0.628652 0.639307 -0.442814
vn 0.572502 0.724998 -0.382909
vn 0.606493 0.674837 -0.420430
vn 0.691471 0.545217 -0.473926
vn 0.628652 0.639307 -0.442814
vn 0.370725 0.898240 -0.236069
vn 0.430556 0.873195 -0.228369
vn 0.358066 0.918482 -0.167867
vn 0.430556 0.873195 -0.228369
vn 0.529236 0.794050 -0.298989
vn 0.358066 0.918482 -0.167867
vn 0.430556 0.873195 -0.228369
vn 0.506256 0.807663 -0.302301
vn 0.529236 0.794050 -0.298989
vn 0.506256 0.807663 -0.302301
vn 0.592614 0.714581 -0.371731
vn 0.529236 0.794050 -0.298989
vn 0.506256 0.807663 -0.302301
vn 0.572502 0.724998 -0.382909
vn 0.592614 0.714581 -0.371731
vn 0.572502 0.724998 -0.382909
vn 0.652752 0.601784 -0.460185
vn 0.592614 0.714581 -0.371731
vn 0.572502 0.724998 -0.382909
vn 0.628652 0.639307 -0.442814
vn 0.652752 0.601784 -0.460185
vn 0.628652 0.639307 -0.442814
vn 0.717026 0.451387 -0.531152
vn 0.652752 0.601784 -0.460185
vn 0.628652 0.639307 -0.442814
vn 0.691471 0.545217 -0.473926
vn 0.717026 0.451387 -0.531152
vn 0.158804 0.987287 -0.006698
vn -0.083309 0.989751 -0.115982
vn -0.055859 0.994693 -0.086400
vn 0.158804 0.987287 -0.006698
vn 0.170796 0.985306 0.001030
vn -0.083309 0.989751 -0.115982
vn 0.170796 0.985306 0.001030
vn -0.068841 0.990578 -0.118390
vn -0.083309 0.989751 -0.115982
vn 0.170796 0.985306 0.001030
vn 0.148920 0.988355 -0.031263
vn -0.068841 0.990578 -0.118390
vn 0.048064 0.998841 -0.002445
vn 0.098727 0.995092 -0.006709
vn -0.065092 0.995751 -0.065134
vn 0.098727 0.995092 -0.006709
vn -0.055859 0.994693 -0.086400
vn -0.065092 0.995751 -0.065134
vn 0.098727 0.995092 -0.006709
vn 0.158804 0.987287 -0.006698
vn -0.055859 0.994693 -0.086400
vn -0.646971 0.730599 -0.218297
vn -0.739576 0.569561 -0.358647
vn -0.830607 0.485447 -0.272824
vn -0.134741 0.990776 -0.014428
vn -0.304245 0.943042 -0.134558
vn -0.352227 0.935054 -0.040139
vn -0.304245 0.943042 -0.134558
vn -0.646971 0.730599 -0.218297
vn -0.352227 0.935054 -0.040139
vn -0.304245 0.943042 -0.134558
vn -0.431541 0.868522 -0.243806
vn -0.646971 0.730599 -0.218297
vn -0.431541 0.868522 -0.243806
vn -0.739576 0.569561 -0.358647
vn -0.646971 0.730599 -0.218297
vn -0.916587 0.252279 -0.310201
vn -0.910348 0.004680 -0.413817
vn -0.935205 0.008150 -0.354012
vn -0.916587 0.252279 -0.310201
vn -0.876398 0.264130 -0.402694
vn -0.910348 0.004680 -0.413817
vn -0.916587 0.252279 -0.310201
vn -0.830607 0.485447 -0.272824
vn -0.876398 0.264130 -0.402694
vn -0.830607 0.485447 -0.272824
vn -0.739576 0.569561 -0.358647
vn -0.876398 0.264130 -0.402694
vn 0.048064 0.998841 -0.002445
vn -0.065092 0.995751 -0.065134
vn -0.134741 0.990776 -0.014428
vn -0.065092 0.995751 -0.065134
vn -0.304245 0.943042 -0.134558
vn -0.134741 0.990776 -0.014428
vn -0.065092 0.995751 -0.065134
vn -0.055859 0.994693 -0.086400
vn -0.304245 0.943042 -0.134558
vn -0.055859 0.994693 -0.086400
vn -0.431541 0.868522 -0.243806
vn -0.304245 0.943042 -0.134558
vn -0.532378 0.845266 -0.045817
vn -0.646971 0.730599 -0.218297
vn -0.711938 0.698125 -0.075931
vn -0.352227 0.935054 -0.040139
vn -0.646971 0.730599 -0.218297
vn -0.532378 0.845266 -0.045817
vn -0.830607 0.485447 -0.272824
vn -0.865337 0.484494 -0.128289
vn -0.711938 0.698125 -0.075931
vn -0.646971 0.730599 -0.218297
vn -0.916587 0.252279 -0.310201
vn -0.957036 0.222317 -0.186164
vn -0.915180 0.371529 -0.156245
vn -0.865337 0.484494 -0.128289
vn -0.830607 0.485447 -0.272824
vn -0.935205 0.008150 -0.354012
vn -0.986738 0.006688 -0.162183
vn -0.957036 0.222317 -0.186164
vn -0.916587 0.252279 -0.310201
vn -0.986738 0.006688 -0.162183
vn -0.935205 0.008150 -0.354012
vn -0.978187 -0.006770 -0.207617
vn -0.935205 0.008150 -0.354012
vn -0.917729 0.004160 -0.397185
vn -0.978187 -0.006770 -0.207617
vn -0.935205 0.008150 -0.354012
vn -0.910348 0.004680 -0.413817
vn -0.917729 0.004160 -0.397185
vn -0.917729 0.004160 -0.397185
vn -0.910348 0.004680 -0.413817
vn -0.910239 0.004505 -0.414059
vn -0.910348 0.004680 -0.413817
vn -0.921656 0.008730 -0.387910
vn -0.910239 0.004505 -0.414059
vn -0.978187 -0.006770 -0.207617
vn -0.999331 0.004655 0.036273
vn -0.986738 0.006688 -0.162183
vn -0.999331 0.004655 0.036273
vn -0.997320 0.005741 0.072941
vn -0.986738 0.006688 -0.162183
vn -0.949419 0.017476 -0.313524
vn -0.953101 0.010572 -0.302467
vn -0.960696 0.034284 -0.275476
vn -0.953101 0.010572 -0.302467
vn -0.961352 0.010686 -0.275116
vn -0.960696 0.034284 -0.275476
vn -0.949419 0.017476 -0.313524
vn -0.960696 0.034284 -0.275476
vn -0.946540 0.023838 -0.321704
vn -0.960696 0.034284 -0.275476
vn -0.955199 0.048512 -0.291963
vn -0.946540 0.023838 -0.321704
vn -0.961352 0.010686 -0.275116
vn -0.965604 0.013442 -0.259669
vn -0.960696 0.034284 -0.275476
vn -0.965604 0.013442 -0.259669
vn -0.972830 0.023774 -0.230299
vn -0.960696 0.034284 -0.275476
vn -0.965604 0.013442 -0.259669
vn -0.972950 0.008494 -0.230858
vn -0.972830 0.023774 -0.230299
vn -0.972950 0.008494 -0.230858
vn -0.979823 0.001835 -0.199861
vn -0.972830 0.023774 -0.230299
vn -0.979823 0.001835 -0.199861
vn -0.982795 0.041385 -0.180003
vn -0.972830 0.023774 -0.230299
vn -0.979823 0.001835 -0.199861
vn -0.984856 0.003681 -0.173336
vn -0.982795 0.041385 -0.180003
vn -0.984856 0.003681 -0.173336
vn -0.991018 0.001402 -0.133724
vn -0.982795 0.041385 -0.180003
vn -0.991018 0.001402 -0.133724
vn -0.990697 0.006947 -0.135906
vn -0.982795 0.041385 -0.180003
vn -0.991018 0.001402 -0.133724
vn -0.995569 0.007084 -0.093772
vn -0.990697 0.006947 -0.135906
vn -0.995569 0.007084 -0.093772
vn -0.994963 0.007275 -0.099983
vn -0.990697 0.006947 -0.135906
vn -0.995569 0.007084 -0.093772
vn -0.997628 0.010561 -0.068017
vn -0.994963 0.007275 -0.099983
vn -0.997628 0.010561 -0.068017
vn -0.997323 0.003621 -0.073036
vn -0.994963 0.007275 -0.099983
vn -0.997628 0.010561 -0.068017
vn -0.999714 0.006357 -0.023055
vn -0.997323 0.003621 -0.073036
vn -0.997922 0.019363 0.061456
vn -0.999493 0.029065 0.012999
vn -0.998090 0.008567 0.061183
vn -0.999493 0.029065 0.012999
vn -0.999818 0.009675 0.016432
vn -0.998090 0.008567 0.061183
vn -0.999493 0.029065 0.012999
vn -0.999405 0.009619 -0.033112
vn -0.999818 0.009675 0.016432
vn -0.999405 0.009619 -0.033112
vn -0.999714 0.006357 -0.023055
vn -0.999818 0.009675 0.016432
vn -0.999405 0.009619 -0.033112
vn -0.997323 0.003621 -0.073036
vn -0.999714 0.006357 -0.023055
vn -0.998090 0.008567 0.061183
vn -0.999331 0.004655 0.036273
vn -0.997922 0.019363 0.061456
vn -0.998090 0.008567 0.061183
vn -0.997320 0.005741 0.072941
vn -0.999331 0.004655 0.036273
vn -0.964839 0.067826 -0.253940
vn -0.957445 0.225650 -0.179946
vn -0.969491 0.195572 -0.147782
vn -0.990697 0.006947 -0.135906
vn -0.973508 0.187968 -0.130190
vn -0.982795 0.041385 -0.180003
vn -0.982795 0.041385 -0.180003
vn -0.962107 0.170988 -0.212397
vn -0.972830 0.023774 -0.230299
vn -0.959006 0.035395 -0.281166
vn -0.955199 0.048512 -0.291963
vn -0.959506 0.072323 -0.272245
vn -0.955199 0.048512 -0.291963
vn -0.960696 0.034284 -0.275476
vn -0.959506 0.072323 -0.272245
vn -0.973508 0.187968 -0.130190
vn -0.921581 0.369635 -0.118568
vn -0.982795 0.041385 -0.180003
vn -0.921581 0.369635 -0.118568
vn -0.962107 0.170988 -0.212397
vn -0.982795 0.041385 -0.180003
vn -0.921581 0.369635 -0.118568
vn -0.957445 0.225650 -0.179946
vn -0.962107 0.170988 -0.212397
vn -0.990697 0.006947 -0.135906
vn -0.994963 0.007275 -0.099983
vn -0.973508 0.187968 -0.130190
vn -0.994963 0.007275 -0.099983
vn -0.976150 0.198896 -0.087015
vn -0.973508 0.187968 -0.130190
vn -0.997323 0.003621 -0.073036
vn -0.962862 0.259606 -0.074167
vn -0.994963 0.007275 -0.099983
vn -0.962862 0.259606 -0.074167
vn -0.880142 0.471498 -0.055132
vn -0.994963 0.007275 -0.099983
vn -0.880142 0.471498 -0.055132
vn -0.976150 0.198896 -0.087015
vn -0.994963 0.007275 -0.099983
vn -0.880142 0.471498 -0.055132
vn -0.768215 0.639647 -0.026401
vn -0.922958 0.375071 -0.086432
vn -0.768215 0.639647 -0.026401
vn -0.847577 0.529879 -0.029013
vn -0.922958 0.375071 -0.086432
vn -0.768215 0.639647 -0.026401
vn -0.650828 0.759118 0.012768
vn -0.847577 0.529879 -0.029013
vn -0.931858 0.302531 0.200288
vn -0.882215 0.465029 0.073794
vn -0.855793 0.483517 0.183927
vn -0.882215 0.465029 0.073794
vn -0.713942 0.688112 0.129572
vn -0.855793 0.483517 0.183927
vn -0.882215 0.465029 0.073794
vn -0.822136 0.568544 0.029154
vn -0.713942 0.688112 0.129572
vn -0.822136 0.568544 0.029154
vn -0.686466 0.720825 0.095794
vn -0.713942 0.688112 0.129572
vn -0.822136 0.568544 0.029154
vn -0.847577 0.529879 -0.029013
vn -0.686466 0.720825 0.095794
vn -0.847577 0.529879 -0.029013
vn -0.650828 0.759118 0.012768
vn -0.686466 0.720825 0.095794
vn -0.931858 0.302531 0.200288
vn -0.973112 0.193441 0.125037
vn -0.882215 0.465029 0.073794
vn -0.994892 0.067724 -0.074860
vn -0.928854 0.364827 -0.064284
vn -0.988075 0.153393 0.013347
vn -0.954505 -0.004271 -0.298165
vn -0.964839 0.067826 -0.253940
vn -0.975274 0.015673 -0.220443
vn -0.964839 0.067826 -0.253940
vn -0.969491 0.195572 -0.147782
vn -0.975274 0.015673 -0.220443
vn -0.969491 0.195572 -0.147782
vn -0.985674 0.039143 -0.164058
vn -0.975274 0.015673 -0.220443
vn -0.847577 0.529879 -0.029013
vn -0.822136 0.568544 0.029154
vn -0.897569 0.430070 -0.097007
vn -0.822136 0.568544 0.029154
vn -0.928854 0.364827 -0.064284
vn -0.897569 0.430070 -0.097007
vn -0.822136 0.568544 0.029154
vn -0.882215 0.465029 0.073794
vn -0.928854 0.364827 -0.064284
vn -0.882215 0.465029 0.073794
vn -0.988075 0.153393 0.013347
vn -0.928854 0.364827 -0.064284
vn -0.882215 0.465029 0.073794
vn -0.973112 0.193441 0.125037
vn -0.988075 0.153393 0.013347
vn -0.985674 0.039143 -0.164058
vn -0.969491 0.195572 -0.147782
vn -0.994892 0.067724 -0.074860
vn -0.969491 0.195572 -0.147782
vn -0.928854 0.364827 -0.064284
vn -0.994892 0.067724 -0.074860
vn -0.969491 0.195572 -0.147782
vn -0.957445 0.225650 -0.179946
vn -0.928854 0.364827 -0.064284
vn -0.957445 0.225650 -0.179946
vn -0.897569 0.430070 -0.097007
vn -0.928854 0.364827 -0.064284
vn -0.957445 0.225650 -0.179946
vn -0.921581 0.369635 -0.118568
vn -0.897569 0.430070 -0.097007
vn -0.921581 0.369635 -0.118568
vn -0.847577 0.529879 -0.029013
vn -0.897569 0.430070 -0.097007
vn -0.921581 0.369635 -0.118568
vn -0.973508 0.187968 -0.130190
vn -0.847577 0.529879 -0.029013
vn -0.973508 0.187968 -0.130190
vn -0.922958 0.375071 -0.086432
vn -0.847577 0.529879 -0.029013
vn -0.973508 0.187968 -0.130190
vn -0.976150 0.198896 -0.087015
vn -0.922958 0.375071 -0.086432
vn -0.976150 0.198896 -0.087015
vn -0.880142 0.471498 -0.055132
vn -0.922958 0.375071 -0.086432
vn -0.958694 0.029616 -0.282894
vn -0.959006 0.035395 -0.281166
vn -0.954505 -0.004271 -0.298165
vn -0.959006 0.035395 -0.281166
vn -0.964839 0.067826 -0.253940
vn -0.954505 -0.004271 -0.298165
vn -0.959006 0.035395 -0.281166
vn -0.959506 0.072323 -0.272245
vn -0.964839 0.067826 -0.253940
vn -0.959506 0.072323 -0.272245
vn -0.957445 0.225650 -0.179946
vn -0.964839 0.067826 -0.253940
vn -0.959506 0.072323 -0.272245
vn -0.960696 0.034284 -0.275476
vn -0.957445 0.225650 -0.179946
vn -0.960696 0.034284 -0.275476
vn -0.962107 0.170988 -0.212397
vn -0.957445 0.225650 -0.179946
vn -0.960696 0.034284 -0.275476
vn -0.972830 0.023774 -0.230299
vn -0.962107 0.170988 -0.212397
vn -0.953406 -0.041231 -0.298859
vn -0.957385 -0.008079 -0.288702
vn -0.960207 -0.084298 -0.266264
vn -0.877693 0.009201 0.479135
vn -0.959347 0.009526 0.282070
vn -0.874467 0.009347 0.484995
vn -0.877693 0.009201 0.479135
vn -0.954399 0.002140 0.298526
vn -0.959347 0.009526 0.282070
vn -0.954399 0.002140 0.298526
vn -0.989993 0.005370 0.141017
vn -0.959347 0.009526 0.282070
vn -0.954399 0.002140 0.298526
vn -0.979650 -0.001487 0.200707
vn -0.989993 0.005370 0.141017
vn -0.979650 -0.001487 0.200707
vn -0.995911 0.003021 0.090293
vn -0.989993 0.005370 0.141017
vn -0.995911 0.003021 0.090293
vn -0.999901 0.000938 0.014040
vn -0.989993 0.005370 0.141017
vn -0.995911 0.003021 0.090293
vn -0.999985 -0.002319 0.005035
vn -0.999901 0.000938 0.014040
vn -0.999985 -0.002319 0.005035
vn -0.997091 -0.002048 -0.076188
vn -0.999901 0.000938 0.014040
vn -0.999985 -0.002319 0.005035
vn -0.997369 -0.005329 -0.072303
vn -0.997091 -0.002048 -0.076188
vn -0.997369 -0.005329 -0.072303
vn -0.987961 -0.004442 -0.154637
vn -0.997091 -0.002048 -0.076188
vn -0.997369 -0.005329 -0.072303
vn -0.988543 -0.005852 -0.150824
vn -0.987961 -0.004442 -0.154637
vn -0.988543 -0.005852 -0.150824
vn -0.973434 -0.005234 -0.228908
vn -0.987961 -0.004442 -0.154637
vn -0.988543 -0.005852 -0.150824
vn -0.973962 -0.005713 -0.226640
vn -0.973434 -0.005234 -0.228908
vn -0.973962 -0.005713 -0.226640
vn -0.954895 -0.003865 -0.296919
vn -0.973434 -0.005234 -0.228908
vn -0.973962 -0.005713 -0.226640
vn -0.957385 -0.008079 -0.288702
vn -0.954895 -0.003865 -0.296919
vn -0.957385 -0.008079 -0.288702
vn -0.943104 -0.012746 -0.332253
vn -0.954895 -0.003865 -0.296919
vn -0.957385 -0.008079 -0.288702
vn -0.953406 -0.041231 -0.298859
vn -0.943104 -0.012746 -0.332253
vn -0.950014 0.002268 -0.312198
vn -0.954895 -0.003865 -0.296919
vn -0.952488 0.003048 -0.304562
vn -0.954895 -0.003865 -0.296919
vn -0.943697 -0.008360 -0.330705
vn -0.952488 0.003048 -0.304562
vn -0.954895 -0.003865 -0.296919
vn -0.943104 -0.012746 -0.332253
vn -0.943697 -0.008360 -0.330705
vn -0.996459 0.010180 -0.083463
vn -0.986051 0.003454 -0.166405
vn -0.985674 0.039143 -0.164058
vn -0.986051 0.003454 -0.166405
vn -0.975274 0.015673 -0.220443
vn -0.985674 0.039143 -0.164058
vn -0.986051 0.003454 -0.166405
vn -0.973523 -0.000730 -0.228586
vn -0.975274 0.015673 -0.220443
vn -0.973523 -0.000730 -0.228586
vn -0.954505 -0.004271 -0.298165
vn -0.975274 0.015673 -0.220443
vn -0.997849 0.065519 0.002091
vn -0.996023 0.039916 -0.079651
vn -0.994892 0.067724 -0.074860
vn -0.996023 0.039916 -0.079651
vn -0.985674 0.039143 -0.164058
vn -0.994892 0.067724 -0.074860
vn -0.973112 0.193441 0.125037
vn -0.997849 0.065519 0.002091
vn -0.988075 0.153393 0.013347
vn -0.997849 0.065519 0.002091
vn -0.994892 0.067724 -0.074860
vn -0.988075 0.153393 0.013347
vn -0.732549 0.357865 0.579054
vn -0.880129 0.088349 0.466442
vn -0.864198 0.361112 0.350371
vn -0.880129 0.088349 0.466442
vn -0.931858 0.302531 0.200288
vn -0.864198 0.361112 0.350371
vn -0.880129 0.088349 0.466442
vn -0.952412 0.054553 0.299891
vn -0.931858 0.302531 0.200288
vn -0.952412 0.054553 0.299891
vn -0.973112 0.193441 0.125037
vn -0.931858 0.302531 0.200288
vn -0.952412 0.054553 0.299891
vn -0.987885 0.082315 0.131558
vn -0.973112 0.193441 0.125037
vn -0.987885 0.082315 0.131558
vn -0.997849 0.065519 0.002091
vn -0.973112 0.193441 0.125037
vn -0.718703 0.144126 0.680216
vn -0.880129 0.088349 0.466442
vn -0.732549 0.357865 0.579054
vn -0.718703 0.144126 0.680216
vn -0.731701 0.035781 0.680686
vn -0.880129 0.088349 0.466442
vn -0.731701 0.035781 0.680686
vn -0.696571 0.014278 0.717346
vn -0.880129 0.088349 0.466442
vn -0.874467 0.009347 0.484995
vn -0.959347 0.009526 0.282070
vn -0.877649 0.016026 0.479035
vn -0.959347 0.009526 0.282070
vn -0.959892 0.020589 0.279613
vn -0.877649 0.016026 0.479035
vn -0.959347 0.009526 0.282070
vn -0.989993 0.005370 0.141017
vn -0.959892 0.020589 0.279613
vn -0.989993 0.005370 0.141017
vn -0.990315 0.020906 0.137256
vn -0.959892 0.020589 0.279613
vn -0.989993 0.005370 0.141017
vn -0.999901 0.000938 0.014040
vn -0.990315 0.020906 0.137256
vn -0.999901 0.000938 0.014040
vn -0.999846 0.015175 0.008844
vn -0.990315 0.020906 0.137256
vn -0.999901 0.000938 0.014040
vn -0.997091 -0.002048 -0.076188
vn -0.999846 0.015175 0.008844
vn -0.997091 -0.002048 -0.076188
vn -0.996459 0.010180 -0.083463
vn -0.999846 0.015175 0.008844
vn -0.997091 -0.002048 -0.076188
vn -0.987961 -0.004442 -0.154637
vn -0.996459 0.010180 -0.083463
vn -0.987961 -0.004442 -0.154637
vn -0.986051 0.003454 -0.166405
vn -0.996459 0.010180 -0.083463
vn -0.987961 -0.004442 -0.154637
vn -0.973434 -0.005234 -0.228908
vn -0.986051 0.003454 -0.166405
vn -0.973434 -0.005234 -0.228908
vn -0.973523 -0.000730 -0.228586
vn -0.986051 0.003454 -0.166405
vn -0.973434 -0.005234 -0.228908
vn -0.954895 -0.003865 -0.296919
vn -0.973523 -0.000730 -0.228586
vn -0.954895 -0.003865 -0.296919
vn -0.954505 -0.004271 -0.298165
vn -0.973523 -0.000730 -0.228586
vn -0.954895 -0.003865 -0.296919
vn -0.950014 0.002268 -0.312198
vn -0.954505 -0.004271 -0.298165
vn -0.950014 0.002268 -0.312198
vn -0.958694 0.029616 -0.282894
vn -0.954505 -0.004271 -0.298165
vn -0.996023 0.039916 -0.079651
vn -0.996459 0.010180 -0.083463
vn -0.985674 0.039143 -0.164058
vn -0.996023 0.039916 -0.079651
vn -0.997849 0.065519 0.002091
vn -0.996459 0.010180 -0.083463
vn -0.997849 0.065519 0.002091
vn -0.999846 0.015175 0.008844
vn -0.996459 0.010180 -0.083463
vn -0.997849 0.065519 0.002091
vn -0.987885 0.082315 0.131558
vn -0.999846 0.015175 0.008844
vn -0.987885 0.082315 0.131558
vn -0.990315 0.020906 0.137256
vn -0.999846 0.015175 0.008844
vn -0.987885 0.082315 0.131558
vn -0.952412 0.054553 0.299891
vn -0.990315 0.020906 0.137256
vn -0.952412 0.054553 0.299891
vn -0.959892 0.020589 0.279613
vn -0.990315 0.020906 0.137256
vn -0.952412 0.054553 0.299891
vn -0.880129 0.088349 0.466442
vn -0.959892 0.020589 0.279613
vn -0.880129 0.088349 0.466442
vn -0.877649 0.016026 0.479035
vn -0.959892 0.020589 0.279613
vn -0.880129 0.088349 0.466442
vn -0.696571 0.014278 0.717346
vn -0.877649 0.016026 0.479035
vn -0.696571 0.014278 0.717346
vn -0.874467 0.009347 0.484995
vn -0.877649 0.016026 0.479035
vn -0.696571 0.014278 0.717346
vn -0.728997 0.005151 0.684497
vn -0.874467 0.009347 0.484995
vn -0.728997 0.005151 0.684497
vn -0.877693 0.009201 0.479135
vn -0.874467 0.009347 0.484995
vn -0.728997 0.005151 0.684497
vn -0.767075 0.007457 0.641514
vn -0.877693 0.009201 0.479135
vn -0.953406 -0.041231 -0.298859
vn -0.984475 -0.062905 -0.163868
vn -0.943104 -0.012746 -0.332253
vn -0.984475 -0.062905 -0.163868
vn -0.943697 -0.008360 -0.330705
vn -0.943104 -0.012746 -0.332253
vn -0.984475 -0.062905 -0.163868
vn -0.986489 -0.036599 -0.159687
vn -0.943697 -0.008360 -0.330705
vn -0.986489 -0.036599 -0.159687
vn -0.952488 0.003048 -0.304562
vn -0.943697 -0.008360 -0.330705
vn -0.990389 -0.129624 0.048242
vn -0.983754 -0.125171 -0.128687
vn -0.982325 -0.184669 0.030577
vn -0.983754 -0.125171 -0.128687
vn -0.984475 -0.062905 -0.163868
vn -0.953406 -0.041231 -0.298859
vn -0.983754 -0.125171 -0.128687
vn -0.990389 -0.129624 0.048242
vn -0.984475 -0.062905 -0.163868
vn -0.990389 -0.129624 0.048242
vn -0.986489 -0.036599 -0.159687
vn -0.984475 -0.062905 -0.163868
vn -0.990389 -0.129624 0.048242
vn -0.999742 -0.021708 -0.006738
vn -0.986489 -0.036599 -0.159687
vn -0.999742 -0.021708 -0.006738
vn -0.952488 0.003048 -0.304562
vn -0.986489 -0.036599 -0.159687
vn -0.999742 -0.021708 -0.006738
vn -0.999961 -0.000773 -0.008783
vn -0.952488 0.003048 -0.304562
vn -0.983754 -0.125171 -0.128687
vn -0.960207 -0.084298 -0.266264
vn -0.982325 -0.184669 0.030577
vn -0.983754 -0.125171 -0.128687
vn -0.953406 -0.041231 -0.298859
vn -0.960207 -0.084298 -0.266264
vn 0.282194 -0.953490 -0.105942
vn -0.012645 -0.995066 -0.098407
vn -0.003806 -0.993472 -0.114013
vn 0.282194 -0.953490 -0.105942
vn 0.042570 -0.996422 -0.073012
vn -0.012645 -0.995066 -0.098407
vn 0.022209 -0.989259 -0.144479
vn 0.039801 -0.986672 -0.157781
vn 0.046863 -0.985372 -0.163845
vn 0.037969 -0.985081 -0.167852
vn -0.051246 -0.969187 -0.240935
vn 0.039801 -0.986672 -0.157781
vn 0.022209 -0.989259 -0.144479
vn -0.048324 -0.991378 -0.121798
vn 0.022209 -0.989259 -0.144479
vn -0.003806 -0.993472 -0.114013
vn -0.048324 -0.991378 -0.121798
vn 0.282194 -0.953490 -0.105942
vn -0.003806 -0.993472 -0.114013
vn 0.022209 -0.989259 -0.144479
vn -0.051246 -0.969187 -0.240935
vn 0.515507 -0.813642 -0.268773
vn 0.385465 -0.907089 -0.169132
vn -0.051246 -0.969187 -0.240935
vn 0.687080 -0.622907 -0.374042
vn 0.515507 -0.813642 -0.268773
vn 0.687080 -0.622907 -0.374042
vn 0.563410 -0.742447 -0.362411
vn 0.515507 -0.813642 -0.268773
vn 0.687080 -0.622907 -0.374042
vn 0.708794 -0.515065 -0.481994
vn 0.563410 -0.742447 -0.362411
vn 0.708794 -0.515065 -0.481994
vn 0.639500 -0.632433 -0.437112
vn 0.563410 -0.742447 -0.362411
vn 0.708794 -0.515065 -0.481994
vn 0.726410 -0.475673 -0.496048
vn 0.639500 -0.632433 -0.437112
vn 0.708794 -0.515065 -0.481994
vn 0.732613 -0.399878 -0.550796
vn 0.726410 -0.475673 -0.496048
vn 0.385465 -0.907089 -0.169132
vn 0.022209 -0.989259 -0.144479
vn -0.051246 -0.969187 -0.240935
vn 0.385465 -0.907089 -0.169132
vn 0.282194 -0.953490 -0.105942
vn 0.022209 -0.989259 -0.144479
vn 0.794645 -0.313652 -0.519771
vn 0.726410 -0.475673 -0.496048
vn 0.779792 -0.299412 -0.549798
vn 0.816956 -0.315897 -0.482485
vn 0.724757 -0.514693 -0.458059
vn 0.794645 -0.313652 -0.519771
vn 0.724757 -0.514693 -0.458059
vn 0.726410 -0.475673 -0.496048
vn 0.794645 -0.313652 -0.519771
vn -0.018829 -0.999716 0.014645
vn 0.019152 -0.999780 -0.008593
vn 0.009308 -0.999389 0.033695
vn 0.019152 -0.999780 -0.008593
vn 0.032807 -0.999434 -0.007459
vn 0.009308 -0.999389 0.033695
vn -0.982325 -0.184669 0.030577
vn -0.960207 -0.084298 -0.266264
vn -0.960675 -0.277635 0.004701
vn -0.960207 -0.084298 -0.266264
vn -0.954687 -0.091137 -0.283315
vn -0.960675 -0.277635 0.004701
vn -0.858606 -0.512575 0.007892
vn -0.933100 -0.331297 -0.139879
vn -0.788379 -0.615088 0.011213
vn -0.960675 -0.277635 0.004701
vn -0.959095 -0.242489 -0.146067
vn -0.918156 -0.395794 0.018347
vn -0.959095 -0.242489 -0.146067
vn -0.858606 -0.512575 0.007892
vn -0.918156 -0.395794 0.018347
vn -0.959095 -0.242489 -0.146067
vn -0.947283 -0.069697 -0.312727
vn -0.948782 -0.047445 -0.312348
vn -0.960675 -0.277635 0.004701
vn -0.954687 -0.091137 -0.283315
vn -0.959095 -0.242489 -0.146067
vn -0.954687 -0.091137 -0.283315
vn -0.947283 -0.069697 -0.312727
vn -0.959095 -0.242489 -0.146067
vn -0.858606 -0.512575 0.007892
vn -0.959095 -0.242489 -0.146067
vn -0.933100 -0.331297 -0.139879
vn -0.959095 -0.242489 -0.146067
vn -0.965168 -0.038335 -0.258807
vn -0.933100 -0.331297 -0.139879
vn -0.959095 -0.242489 -0.146067
vn -0.948782 -0.047445 -0.312348
vn -0.965168 -0.038335 -0.258807
vn -0.429402 -0.902196 0.040704
vn -0.886931 -0.453403 -0.088198
vn -0.861598 -0.506262 -0.036718
vn -0.574038 -0.818198 0.032117
vn -0.886931 -0.453403 -0.088198
vn -0.429402 -0.902196 0.040704
vn -0.574038 -0.818198 0.032117
vn -0.930551 -0.342697 -0.128973
vn -0.886931 -0.453403 -0.088198
vn -0.574038 -0.818198 0.032117
vn -0.690078 -0.723729 0.003117
vn -0.930551 -0.342697 -0.128973
vn -0.690078 -0.723729 0.003117
vn -0.933100 -0.331297 -0.139879
vn -0.930551 -0.342697 -0.128973
vn -0.690078 -0.723729 0.003117
vn -0.788379 -0.615088 0.011213
vn -0.933100 -0.331297 -0.139879
vn -0.861598 -0.506262 -0.036718
vn -0.886931 -0.453403 -0.088198
vn -0.992795 -0.008038 -0.119558
vn -0.886931 -0.453403 -0.088198
vn -0.978244 -0.030561 -0.205197
vn -0.992795 -0.008038 -0.119558
vn -0.886931 -0.453403 -0.088198
vn -0.930551 -0.342697 -0.128973
vn -0.978244 -0.030561 -0.205197
vn -0.930551 -0.342697 -0.128973
vn -0.965168 -0.038335 -0.258807
vn -0.978244 -0.030561 -0.205197
vn -0.930551 -0.342697 -0.128973
vn -0.933100 -0.331297 -0.139879
vn -0.965168 -0.038335 -0.258807
vn -0.679054 -0.679118 0.278718
vn -0.366833 -0.912445 0.181324
vn -0.117279 -0.989304 0.086732
vn -0.366833 -0.912445 0.181324
vn -0.075493 -0.994322 0.074992
vn -0.117279 -0.989304 0.086732
vn -0.240152 -0.968178 0.070419
vn -0.707626 -0.670863 0.221829
vn -0.117279 -0.989304 0.086732
vn -0.707626 -0.670863 0.221829
vn -0.679054 -0.679118 0.278718
vn -0.117279 -0.989304 0.086732
vn -0.707626 -0.670863 0.221829
vn -0.890598 -0.310505 0.332298
vn -0.679054 -0.679118 0.278718
vn -0.386265 -0.919965 0.066812
vn -0.759224 -0.639144 0.122773
vn -0.240152 -0.968178 0.070419
vn -0.759224 -0.639144 0.122773
vn -0.707626 -0.670863 0.221829
vn -0.240152 -0.968178 0.070419
vn -0.759224 -0.639144 0.122773
vn -0.970010 -0.010329 0.242846
vn -0.707626 -0.670863 0.221829
vn -0.944325 -0.019421 0.328441
vn -0.707626 -0.670863 0.221829
vn -0.970010 -0.010329 0.242846
vn -0.944325 -0.019421 0.328441
vn -0.890598 -0.310505 0.332298
vn -0.707626 -0.670863 0.221829
vn -0.790648 -0.612135 0.012893
vn -0.999862 -0.001076 -0.016570
vn -0.992994 -0.005465 0.118041
vn -0.429402 -0.902196 0.040704
vn -0.861598 -0.506262 -0.036718
vn -0.790648 -0.612135 0.012893
vn -0.861598 -0.506262 -0.036718
vn -0.999862 -0.001076 -0.016570
vn -0.790648 -0.612135 0.012893
vn -0.861598 -0.506262 -0.036718
vn -0.992795 -0.008038 -0.119558
vn -0.999862 -0.001076 -0.016570
vn -0.429402 -0.902196 0.040704
vn -0.386265 -0.919965 0.066812
vn -0.346803 -0.937193 0.037365
vn -0.429402 -0.902196 0.040704
vn -0.790648 -0.612135 0.012893
vn -0.386265 -0.919965 0.066812
vn -0.790648 -0.612135 0.012893
vn -0.759224 -0.639144 0.122773
vn -0.386265 -0.919965 0.066812
vn -0.790648 -0.612135 0.012893
vn -0.992994 -0.005465 0.118041
vn -0.759224 -0.639144 0.122773
vn -0.992994 -0.005465 0.118041
vn -0.970010 -0.010329 0.242846
vn -0.759224 -0.639144 0.122773
vn -0.097485 -0.993740 0.054562
vn -0.057654 -0.997795 0.032890
vn -0.075493 -0.994322 0.074992
vn -0.057654 -0.997795 0.032890
vn -0.036107 -0.997849 0.054714
vn -0.075493 -0.994322 0.074992
vn -0.036107 -0.997849 0.054714
vn -0.057654 -0.997795 0.032890
vn 0.009308 -0.999389 0.033695
vn -0.057654 -0.997795 0.032890
vn -0.018829 -0.999716 0.014645
vn 0.009308 -0.999389 0.033695
vn 0.813267 0.001114 -0.581889
vn 0.784010 0.076359 -0.616034
vn 0.808112 0.088258 -0.582380
vn 0.682085 0.038348 -0.730267
vn 0.741709 0.000452 -0.670721
vn 0.672259 0.001753 -0.740314
vn 0.783203 -0.062635 -0.618603
vn 0.741709 0.000452 -0.670721
vn 0.782758 -0.001217 -0.622325
vn 0.711900 0.076375 -0.698115
vn 0.682085 0.038348 -0.730267
vn 0.678212 0.076381 -0.730886
vn 0.768962 -0.116656 -0.628561
vn 0.783203 -0.062635 -0.618603
vn 0.784496 -0.167666 -0.597038
vn 0.761223 0.093511 -0.641713
vn 0.768064 0.094959 -0.633293
vn 0.743412 0.049109 -0.667029
vn 0.768064 0.094959 -0.633293
vn 0.784010 0.076359 -0.616034
vn 0.743412 0.049109 -0.667029
vn 0.768064 0.094959 -0.633293
vn 0.771381 0.118582 -0.625227
vn 0.784010 0.076359 -0.616034
vn 0.782265 0.147959 -0.605120
vn 0.783908 0.220944 -0.580235
vn 0.808112 0.088258 -0.582380
vn 0.768962 -0.116656 -0.628561
vn 0.735321 -0.088698 -0.671890
vn 0.741927 -0.056091 -0.668131
vn 0.735321 -0.088698 -0.671890
vn 0.663175 -0.046897 -0.746994
vn 0.741927 -0.056091 -0.668131
vn 0.735321 -0.088698 -0.671890
vn 0.656386 -0.063232 -0.751770
vn 0.663175 -0.046897 -0.746994
vn 0.640453 -0.044342 -0.766716
vn 0.607685 -0.001341 -0.794177
vn 0.663175 -0.046897 -0.746994
vn 0.656386 -0.063232 -0.751770
vn 0.678212 0.076381 -0.730886
vn 0.682085 0.038348 -0.730267
vn 0.605198 0.019641 -0.795833
vn 0.682085 0.038348 -0.730267
vn 0.672259 0.001753 -0.740314
vn 0.605198 0.019641 -0.795833
vn 0.672259 0.001753 -0.740314
vn 0.607685 -0.001341 -0.794177
vn 0.605198 0.019641 -0.795833
vn 0.761223 0.093511 -0.641713
vn 0.743412 0.049109 -0.667029
vn 0.754880 0.098603 -0.648408
vn 0.743412 0.049109 -0.667029
vn 0.742132 0.110402 -0.661098
vn 0.754880 0.098603 -0.648408
vn 0.743412 0.049109 -0.667029
vn 0.711900 0.076375 -0.698115
vn 0.742132 0.110402 -0.661098
vn 0.813267 0.001114 -0.581889
vn 0.811772 -0.071543 -0.579575
vn 0.782758 -0.001217 -0.622325
vn 0.811772 -0.071543 -0.579575
vn 0.783203 -0.062635 -0.618603
vn 0.782758 -0.001217 -0.622325
vn 0.811772 -0.071543 -0.579575
vn 0.806063 -0.133149 -0.576658
vn 0.783203 -0.062635 -0.618603
vn 0.806063 -0.133149 -0.576658
vn 0.784496 -0.167666 -0.597038
vn 0.783203 -0.062635 -0.618603
vn 0.806063 -0.133149 -0.576658
vn 0.779792 -0.299412 -0.549798
vn 0.784496 -0.167666 -0.597038
vn 0.672259 0.001753 -0.740314
vn 0.663175 -0.046897 -0.746994
vn 0.607685 -0.001341 -0.794177
vn 0.672259 0.001753 -0.740314
vn 0.741709 0.000452 -0.670721
vn 0.663175 -0.046897 -0.746994
vn 0.741709 0.000452 -0.670721
vn 0.741927 -0.056091 -0.668131
vn 0.663175 -0.046897 -0.746994
vn 0.741709 0.000452 -0.670721
vn 0.783203 -0.062635 -0.618603
vn 0.741927 -0.056091 -0.668131
vn 0.783203 -0.062635 -0.618603
vn 0.768962 -0.116656 -0.628561
vn 0.741927 -0.056091 -0.668131
vn 0.782758 -0.001217 -0.622325
vn 0.784010 0.076359 -0.616034
vn 0.813267 0.001114 -0.581889
vn 0.782758 -0.001217 -0.622325
vn 0.741709 0.000452 -0.670721
vn 0.784010 0.076359 -0.616034
vn 0.741709 0.000452 -0.670721
vn 0.743412 0.049109 -0.667029
vn 0.784010 0.076359 -0.616034
vn 0.741709 0.000452 -0.670721
vn 0.682085 0.038348 -0.730267
vn 0.743412 0.049109 -0.667029
vn 0.682085 0.038348 -0.730267
vn 0.711900 0.076375 -0.698115
vn 0.743412 0.049109 -0.667029
vn 0.691471 0.545217 -0.473926
vn 0.809241 0.204566 -0.550710
vn 0.717026 0.451387 -0.531152
vn 0.809241 0.204566 -0.550710
vn 0.783908 0.220944 -0.580235
vn 0.717026 0.451387 -0.531152
vn 0.654768 0.603245 -0.455384
vn 0.698808 0.491160 -0.520028
vn 0.634820 0.644024 -0.426892
vn 0.698808 0.491160 -0.520028
vn 0.663657 0.529355 -0.528529
vn 0.634820 0.644024 -0.426892
vn 0.592614 0.714581 -0.371731
vn 0.654768 0.603245 -0.455384
vn 0.634820 0.644024 -0.426892
vn 0.613618 0.683657 -0.395078
vn 0.613618 0.683657 -0.395078
vn 0.529236 0.794050 -0.298989
vn 0.592614 0.714581 -0.371731
vn 0.652752 0.601784 -0.460185
vn 0.654768 0.603245 -0.455384
vn 0.592614 0.714581 -0.371731
vn 0.652752 0.601784 -0.460185
vn 0.744662 0.373345 -0.553256
vn 0.654768 0.603245 -0.455384
vn 0.698808 0.491160 -0.520028
vn 0.732941 0.357011 -0.579086
vn 0.687900 0.407471 -0.600634
vn 0.698808 0.491160 -0.520028
vn 0.654768 0.603245 -0.455384
vn 0.732941 0.357011 -0.579086
vn 0.654768 0.603245 -0.455384
vn 0.744662 0.373345 -0.553256
vn 0.732941 0.357011 -0.579086
vn 0.744662 0.373345 -0.553256
vn 0.652752 0.601784 -0.460185
vn 0.717026 0.451387 -0.531152
vn 0.573442 0.798207 -0.184474
vn -0.061418 0.981382 -0.181979
vn 0.367996 0.923963 -0.104267
vn -0.061418 0.981382 -0.181979
vn -0.052891 0.986640 -0.154089
vn 0.367996 0.923963 -0.104267
vn -0.061418 0.981382 -0.181979
vn -0.090623 0.983820 -0.154549
vn -0.052891 0.986640 -0.154089
vn -0.061418 0.981382 -0.181979
vn 0.573442 0.798207 -0.184474
vn -0.108517 0.965905 -0.235058
vn -0.124146 0.938502 -0.322183
vn -0.108517 0.965905 -0.235058
vn 0.573442 0.798207 -0.184474
vn -0.117153 0.942521 -0.312937
vn 0.367996 0.923963 -0.104267
vn -0.052891 0.986640 -0.154089
vn 0.290712 0.949261 -0.119957
vn -0.052891 0.986640 -0.154089
vn -0.078586 0.986418 -0.144234
vn 0.290712 0.949261 -0.119957
vn -0.052891 0.986640 -0.154089
vn -0.090623 0.983820 -0.154549
vn -0.078586 0.986418 -0.144234
vn -0.078586 0.986418 -0.144234
vn -0.053319 0.991019 -0.122633
vn 0.290712 0.949261 -0.119957
vn -0.053319 0.991019 -0.122633
vn 0.213514 0.974913 -0.062906
vn 0.290712 0.949261 -0.119957
vn -0.053319 0.991019 -0.122633
vn -0.070471 0.989601 -0.125391
vn 0.213514 0.974913 -0.062906
vn -0.070471 0.989601 -0.125391
vn -0.065220 0.989692 -0.127498
vn 0.213514 0.974913 -0.062906
vn -0.065220 0.989692 -0.127498
vn 0.198831 0.978273 -0.058721
vn 0.213514 0.974913 -0.062906
vn -0.065220 0.989692 -0.127498
vn -0.084570 0.987978 -0.129412
vn 0.198831 0.978273 -0.058721
vn -0.084570 0.987978 -0.129412
vn 0.148920 0.988355 -0.031263
vn 0.198831 0.978273 -0.058721
vn -0.084570 0.987978 -0.129412
vn -0.068841 0.990578 -0.118390
vn 0.148920 0.988355 -0.031263
vn 0.744662 0.373345 -0.553256
vn 0.782265 0.147959 -0.605120
vn 0.732941 0.357011 -0.579086
vn 0.744662 0.373345 -0.553256
vn 0.717026 0.451387 -0.531152
vn 0.782265 0.147959 -0.605120
vn 0.717026 0.451387 -0.531152
vn 0.783908 0.220944 -0.580235
vn 0.782265 0.147959 -0.605120
vn -0.083309 0.989751 -0.115982
vn -0.431541 0.868522 -0.243806
vn -0.055859 0.994693 -0.086400
vn -0.910348 0.004680 -0.413817
vn -0.871457 0.316390 -0.374781
vn -0.927565 0.003008 -0.373649
vn -0.385498 0.891844 -0.236655
vn -0.662608 0.674582 -0.325406
vn -0.739576 0.569561 -0.358647
vn -0.662608 0.674582 -0.325406
vn -0.871457 0.316390 -0.374781
vn -0.739576 0.569561 -0.358647
vn -0.871457 0.316390 -0.374781
vn -0.876398 0.264130 -0.402694
vn -0.739576 0.569561 -0.358647
vn -0.871457 0.316390 -0.374781
vn -0.910348 0.004680 -0.413817
vn -0.876398 0.264130 -0.402694
vn -0.068841 0.990578 -0.118390
vn -0.385498 0.891844 -0.236655
vn -0.083309 0.989751 -0.115982
vn -0.385498 0.891844 -0.236655
vn -0.431541 0.868522 -0.243806
vn -0.083309 0.989751 -0.115982
vn -0.385498 0.891844 -0.236655
vn -0.739576 0.569561 -0.358647
vn -0.431541 0.868522 -0.243806
vn -0.910348 0.004680 -0.413817
vn -0.927565 0.003008 -0.373649
vn -0.921656 0.008730 -0.387910
vn -0.927565 0.003008 -0.373649
vn -0.930335 0.008516 -0.366613
vn -0.921656 0.008730 -0.387910
vn -0.927565 0.003008 -0.373649
vn -0.940387 0.001221 -0.340104
vn -0.930335 0.008516 -0.366613
vn -0.940387 0.001221 -0.340104
vn -0.954475 0.005083 -0.298248
vn -0.930335 0.008516 -0.366613
vn -0.830156 0.381575 -0.406500
vn -0.816284 0.409468 -0.407451
vn -0.880887 0.200575 -0.428729
vn -0.367017 0.910427 -0.190843
vn -0.006303 0.999963 -0.005841
vn -0.147316 0.986625 -0.069772
vn -0.006303 0.999963 -0.005841
vn 0.002285 0.999986 -0.004728
vn -0.147316 0.986625 -0.069772
vn -0.019513 0.999775 -0.008331
vn -0.380998 0.920333 -0.088479
vn -0.028976 0.999406 -0.018634
vn -0.139778 0.990149 0.008227
vn -0.003803 0.999986 -0.003562
vn 0.006312 0.999977 0.002687
vn -0.139778 0.990149 0.008227
vn -0.241067 0.970450 0.010698
vn -0.003803 0.999986 -0.003562
vn -0.241067 0.970450 0.010698
vn -0.019513 0.999775 -0.008331
vn -0.003803 0.999986 -0.003562
vn -0.999331 0.004655 0.036273
vn -0.978187 -0.006770 -0.207617
vn -0.954111 0.297866 0.030779
vn -0.978187 -0.006770 -0.207617
vn -0.952200 0.205910 -0.225646
vn -0.954111 0.297866 0.030779
vn -0.813675 0.455783 -0.360826
vn -0.897435 0.154635 -0.413157
vn -0.921656 0.008730 -0.387910
vn -0.897435 0.154635 -0.413157
vn -0.910239 0.004505 -0.414059
vn -0.921656 0.008730 -0.387910
vn -0.813675 0.455783 -0.360826
vn -0.534375 0.810914 -0.238460
vn -0.637782 0.694957 -0.332068
vn -0.534375 0.810914 -0.238460
vn -0.367017 0.910427 -0.190843
vn -0.637782 0.694957 -0.332068
vn -0.534375 0.810914 -0.238460
vn -0.205043 0.974001 -0.096326
vn -0.367017 0.910427 -0.190843
vn -0.205043 0.974001 -0.096326
vn -0.006303 0.999963 -0.005841
vn -0.367017 0.910427 -0.190843
vn -0.204218 0.972848 -0.108913
vn -0.010073 0.999905 -0.009371
vn -0.009416 0.999895 -0.011019
vn -0.204218 0.972848 -0.108913
vn -0.382108 0.902864 -0.197055
vn -0.010073 0.999905 -0.009371
vn -0.382108 0.902864 -0.197055
vn -0.205373 0.970589 -0.125614
vn -0.010073 0.999905 -0.009371
vn -0.382108 0.902864 -0.197055
vn -0.437385 0.869314 -0.230191
vn -0.205373 0.970589 -0.125614
vn -0.552964 0.782719 -0.285627
vn -0.278973 0.949239 -0.145327
vn -0.687129 0.664532 -0.293687
vn -0.278973 0.949239 -0.145327
vn -0.448696 0.868384 -0.211141
vn -0.687129 0.664532 -0.293687
vn -0.278973 0.949239 -0.145327
vn -0.028976 0.999406 -0.018634
vn -0.448696 0.868384 -0.211141
vn -0.028976 0.999406 -0.018634
vn -0.252847 0.961240 -0.109938
vn -0.448696 0.868384 -0.211141
vn -0.843329 0.536863 0.023979
vn -0.857542 0.473297 -0.201522
vn -0.653549 0.756652 0.018767
vn -0.586904 0.802428 -0.107946
vn -0.653549 0.756652 0.018767
vn -0.857542 0.473297 -0.201522
vn -0.586904 0.802428 -0.107946
vn -0.380998 0.920333 -0.088479
vn -0.653549 0.756652 0.018767
vn -0.380998 0.920333 -0.088479
vn -0.527760 0.849196 0.018319
vn -0.653549 0.756652 0.018767
vn -0.380998 0.920333 -0.088479
vn -0.019513 0.999775 -0.008331
vn -0.527760 0.849196 0.018319
vn -0.019513 0.999775 -0.008331
vn -0.394378 0.918852 0.013293
vn -0.527760 0.849196 0.018319
vn -0.019513 0.999775 -0.008331
vn -0.241067 0.970450 0.010698
vn -0.394378 0.918852 0.013293
vn -0.910239 0.004505 -0.414059
vn -0.897435 0.154635 -0.413157
vn -0.880887 0.200575 -0.428729
vn -0.897435 0.154635 -0.413157
vn -0.830156 0.381575 -0.406500
vn -0.880887 0.200575 -0.428729
vn -0.897435 0.154635 -0.413157
vn -0.813675 0.455783 -0.360826
vn -0.830156 0.381575 -0.406500
vn -0.026513 0.999529 -0.015490
vn -0.147316 0.986625 -0.069772
vn 0.002285 0.999986 -0.004728
vn -0.026513 0.999529 -0.015490
vn -0.278395 0.948233 -0.152809
vn -0.147316 0.986625 -0.069772
vn -0.278395 0.948233 -0.152809
vn -0.367017 0.910427 -0.190843
vn -0.147316 0.986625 -0.069772
vn -0.278395 0.948233 -0.152809
vn -0.502817 0.821788 -0.268028
vn -0.367017 0.910427 -0.190843
vn -0.502817 0.821788 -0.268028
vn -0.637782 0.694957 -0.332068
vn -0.367017 0.910427 -0.190843
vn -0.502817 0.821788 -0.268028
vn -0.685024 0.636667 -0.354114
vn -0.637782 0.694957 -0.332068
vn -0.685024 0.636667 -0.354114
vn -0.816284 0.409468 -0.407451
vn -0.637782 0.694957 -0.332068
vn -0.816284 0.409468 -0.407451
vn -0.830156 0.381575 -0.406500
vn -0.637782 0.694957 -0.332068
vn -0.830156 0.381575 -0.406500
vn -0.813675 0.455783 -0.360826
vn -0.637782 0.694957 -0.332068
vn -0.910239 0.004505 -0.414059
vn -0.880887 0.200575 -0.428729
vn -0.917729 0.004160 -0.397185
vn -0.880887 0.200575 -0.428729
vn -0.869239 0.249431 -0.426859
vn -0.917729 0.004160 -0.397185
vn -0.880887 0.200575 -0.428729
vn -0.816284 0.409468 -0.407451
vn -0.869239 0.249431 -0.426859
vn -0.816284 0.409468 -0.407451
vn -0.780417 0.483233 -0.396781
vn -0.869239 0.249431 -0.426859
vn -0.816284 0.409468 -0.407451
vn -0.685024 0.636667 -0.354114
vn -0.780417 0.483233 -0.396781
vn -0.685024 0.636667 -0.354114
vn -0.644130 0.686904 -0.336540
vn -0.780417 0.483233 -0.396781
vn -0.685024 0.636667 -0.354114
vn -0.502817 0.821788 -0.268028
vn -0.644130 0.686904 -0.336540
vn -0.502817 0.821788 -0.268028
vn -0.470923 0.845984 -0.250085
vn -0.644130 0.686904 -0.336540
vn -0.502817 0.821788 -0.268028
vn -0.278395 0.948233 -0.152809
vn -0.470923 0.845984 -0.250085
vn -0.278395 0.948233 -0.152809
vn -0.249338 0.959222 -0.133130
vn -0.470923 0.845984 -0.250085
vn -0.278395 0.948233 -0.152809
vn -0.026513 0.999529 -0.015490
vn -0.249338 0.959222 -0.133130
vn -0.026513 0.999529 -0.015490
vn -0.001764 0.999993 -0.003461
vn -0.249338 0.959222 -0.133130
vn -0.028976 0.999406 -0.018634
vn -0.278973 0.949239 -0.145327
vn -0.009416 0.999895 -0.011019
vn -0.278973 0.949239 -0.145327
vn -0.204218 0.972848 -0.108913
vn -0.009416 0.999895 -0.011019
vn -0.278973 0.949239 -0.145327
vn -0.552964 0.782719 -0.285627
vn -0.204218 0.972848 -0.108913
vn -0.552964 0.782719 -0.285627
vn -0.382108 0.902864 -0.197055
vn -0.204218 0.972848 -0.108913
vn -0.552964 0.782719 -0.285627
vn -0.629802 0.703478 -0.329345
vn -0.382108 0.902864 -0.197055
vn -0.629802 0.703478 -0.329345
vn -0.437385 0.869314 -0.230191
vn -0.382108 0.902864 -0.197055
vn -0.629802 0.703478 -0.329345
vn -0.635127 0.697092 -0.332679
vn -0.437385 0.869314 -0.230191
vn -0.954111 0.297866 0.030779
vn -0.857542 0.473297 -0.201522
vn -0.843329 0.536863 0.023979
vn -0.954111 0.297866 0.030779
vn -0.952200 0.205910 -0.225646
vn -0.857542 0.473297 -0.201522
vn -0.917729 0.004160 -0.397185
vn -0.869239 0.249431 -0.426859
vn -0.886201 0.212578 -0.411653
vn -0.869239 0.249431 -0.426859
vn -0.844419 0.342713 -0.411709
vn -0.886201 0.212578 -0.411653
vn -0.869239 0.249431 -0.426859
vn -0.780417 0.483233 -0.396781
vn -0.844419 0.342713 -0.411709
vn -0.780417 0.483233 -0.396781
vn -0.751851 0.536106 -0.383809
vn -0.844419 0.342713 -0.411709
vn -0.780417 0.483233 -0.396781
vn -0.644130 0.686904 -0.336540
vn -0.751851 0.536106 -0.383809
vn -0.644130 0.686904 -0.336540
vn -0.635127 0.697092 -0.332679
vn -0.751851 0.536106 -0.383809
vn -0.644130 0.686904 -0.336540
vn -0.470923 0.845984 -0.250085
vn -0.635127 0.697092 -0.332679
vn -0.470923 0.845984 -0.250085
vn -0.437385 0.869314 -0.230191
vn -0.635127 0.697092 -0.332679
vn -0.470923 0.845984 -0.250085
vn -0.249338 0.959222 -0.133130
vn -0.437385 0.869314 -0.230191
vn -0.249338 0.959222 -0.133130
vn -0.205373 0.970589 -0.125614
vn -0.437385 0.869314 -0.230191
vn -0.249338 0.959222 -0.133130
vn -0.001764 0.999993 -0.003461
vn -0.205373 0.970589 -0.125614
vn -0.001764 0.999993 -0.003461
vn -0.010073 0.999905 -0.009371
vn -0.205373 0.970589 -0.125614
vn -0.886201 0.212578 -0.411653
vn -0.978187 -0.006770 -0.207617
vn -0.917729 0.004160 -0.397185
vn -0.886201 0.212578 -0.411653
vn -0.844419 0.342713 -0.411709
vn -0.978187 -0.006770 -0.207617
vn -0.844419 0.342713 -0.411709
vn -0.952200 0.205910 -0.225646
vn -0.978187 -0.006770 -0.207617
vn -0.844419 0.342713 -0.411709
vn -0.751851 0.536106 -0.383809
vn -0.952200 0.205910 -0.225646
vn -0.751851 0.536106 -0.383809
vn -0.857542 0.473297 -0.201522
vn -0.952200 0.205910 -0.225646
vn -0.751851 0.536106 -0.383809
vn -0.635127 0.697092 -0.332679
vn -0.857542 0.473297 -0.201522
vn -0.635127 0.697092 -0.332679
vn -0.629802 0.703478 -0.329345
vn -0.857542 0.473297 -0.201522
vn -0.629802 0.703478 -0.329345
vn -0.692501 0.630191 -0.351143
vn -0.857542 0.473297 -0.201522
vn -0.629802 0.703478 -0.329345
vn -0.552964 0.782719 -0.285627
vn -0.692501 0.630191 -0.351143
vn -0.552964 0.782719 -0.285627
vn -0.857542 0.473297 -0.201522
vn -0.692501 0.630191 -0.351143
vn -0.552964 0.782719 -0.285627
vn -0.687129 0.664532 -0.293687
vn -0.857542 0.473297 -0.201522
vn -0.687129 0.664532 -0.293687
vn -0.586904 0.802428 -0.107946
vn -0.857542 0.473297 -0.201522
vn -0.687129 0.664532 -0.293687
vn -0.448696 0.868384 -0.211141
vn -0.586904 0.802428 -0.107946
vn -0.448696 0.868384 -0.211141
vn -0.380998 0.920333 -0.088479
vn -0.586904 0.802428 -0.107946
vn -0.448696 0.868384 -0.211141
vn -0.252847 0.961240 -0.109938
vn -0.380998 0.920333 -0.088479
vn -0.252847 0.961240 -0.109938
vn -0.028976 0.999406 -0.018634
vn -0.380998 0.920333 -0.088479
vn -0.139778 0.990149 0.008227
vn -0.317843 0.948066 0.012129
vn -0.241067 0.970450 0.010698
vn 0.006312 0.999977 0.002687
vn -0.021498 0.999768 0.001219
vn -0.139778 0.990149 0.008227
vn -0.021498 0.999768 0.001219
vn -0.317843 0.948066 0.012129
vn -0.139778 0.990149 0.008227
vn -0.021498 0.999768 0.001219
vn -0.057696 0.998334 -0.000662
vn -0.317843 0.948066 0.012129
vn -0.189688 0.981094 0.038378
vn -0.582815 0.812600 0.002780
vn -0.057696 0.998334 -0.000662
vn -0.582815 0.812600 0.002780
vn -0.317843 0.948066 0.012129
vn -0.057696 0.998334 -0.000662
vn -0.582815 0.812600 0.002780
vn -0.601469 0.798546 0.023660
vn -0.317843 0.948066 0.012129
vn -0.582815 0.812600 0.002780
vn -0.862797 0.505231 -0.017972
vn -0.601469 0.798546 0.023660
vn -0.862797 0.505231 -0.017972
vn -0.843007 0.536768 0.034909
vn -0.601469 0.798546 0.023660
vn -0.862797 0.505231 -0.017972
vn -0.975147 0.218494 0.036731
vn -0.843007 0.536768 0.034909
vn -0.999405 0.009619 -0.033112
vn -0.999493 0.029065 0.012999
vn -0.862797 0.505231 -0.017972
vn -0.999493 0.029065 0.012999
vn -0.975147 0.218494 0.036731
vn -0.862797 0.505231 -0.017972
vn -0.999493 0.029065 0.012999
vn -0.997922 0.019363 0.061456
vn -0.975147 0.218494 0.036731
vn -0.954111 0.297866 0.030779
vn -0.997922 0.019363 0.061456
vn -0.999331 0.004655 0.036273
vn -0.601469 0.798546 0.023660
vn -0.843007 0.536768 0.034909
vn -0.843329 0.536863 0.023979
vn -0.843007 0.536768 0.034909
vn -0.954111 0.297866 0.030779
vn -0.843329 0.536863 0.023979
vn -0.843007 0.536768 0.034909
vn -0.975147 0.218494 0.036731
vn -0.954111 0.297866 0.030779
vn -0.975147 0.218494 0.036731
vn -0.997922 0.019363 0.061456
vn -0.954111 0.297866 0.030779
vn -0.241067 0.970450 0.010698
vn -0.317843 0.948066 0.012129
vn -0.394378 0.918852 0.013293
vn -0.317843 0.948066 0.012129
vn -0.527760 0.849196 0.018319
vn -0.394378 0.918852 0.013293
vn -0.317843 0.948066 0.012129
vn -0.601469 0.798546 0.023660
vn -0.527760 0.849196 0.018319
vn -0.601469 0.798546 0.023660
vn -0.653549 0.756652 0.018767
vn -0.527760 0.849196 0.018319
vn -0.601469 0.798546 0.023660
vn -0.843329 0.536863 0.023979
vn -0.653549 0.756652 0.018767
vn -0.650828 0.759118 0.012768
vn -0.189688 0.981094 0.038378
vn -0.363944 0.924656 0.112050
vn -0.862797 0.505231 -0.017972
vn -0.997323 0.003621 -0.073036
vn -0.999405 0.009619 -0.033112
vn -0.997323 0.003621 -0.073036
vn -0.862797 0.505231 -0.017972
vn -0.962862 0.259606 -0.074167
vn -0.862797 0.505231 -0.017972
vn -0.880142 0.471498 -0.055132
vn -0.962862 0.259606 -0.074167
vn -0.650828 0.759118 0.012768
vn -0.589469 0.778280 0.216349
vn -0.686466 0.720825 0.095794
vn -0.650828 0.759118 0.012768
vn -0.363944 0.924656 0.112050
vn -0.589469 0.778280 0.216349
vn -0.582815 0.812600 0.002780
vn -0.189688 0.981094 0.038378
vn -0.650828 0.759118 0.012768
vn -0.862797 0.505231 -0.017972
vn -0.582815 0.812600 0.002780
vn -0.880142 0.471498 -0.055132
vn -0.582815 0.812600 0.002780
vn -0.768215 0.639647 -0.026401
vn -0.880142 0.471498 -0.055132
vn -0.582815 0.812600 0.002780
vn -0.650828 0.759118 0.012768
vn -0.768215 0.639647 -0.026401
vn -0.519880 0.746829 0.414694
vn -0.589469 0.778280 0.216349
vn -0.433596 0.831711 0.346773
vn -0.519880 0.746829 0.414694
vn -0.626904 0.602231 0.494276
vn -0.589469 0.778280 0.216349
vn -0.694694 0.650370 0.307279
vn -0.626904 0.602231 0.494276
vn -0.864198 0.361112 0.350371
vn -0.626904 0.602231 0.494276
vn -0.732549 0.357865 0.579054
vn -0.864198 0.361112 0.350371
vn -0.626904 0.602231 0.494276
vn -0.694694 0.650370 0.307279
vn -0.589469 0.778280 0.216349
vn -0.931858 0.302531 0.200288
vn -0.855793 0.483517 0.183927
vn -0.864198 0.361112 0.350371
vn -0.855793 0.483517 0.183927
vn -0.694694 0.650370 0.307279
vn -0.864198 0.361112 0.350371
vn -0.855793 0.483517 0.183927
vn -0.713942 0.688112 0.129572
vn -0.694694 0.650370 0.307279
vn -0.713942 0.688112 0.129572
vn -0.589469 0.778280 0.216349
vn -0.694694 0.650370 0.307279
vn -0.713942 0.688112 0.129572
vn -0.686466 0.720825 0.095794
vn -0.589469 0.778280 0.216349
vn -0.258107 -0.001804 0.966115
vn -0.130624 0.006095 0.991413
vn -0.272848 0.003893 0.962049
vn -0.272848 0.003893 0.962049
vn -0.377878 0.001834 0.925854
vn -0.258107 -0.001804 0.966115
vn -0.343601 0.160836 0.925241
vn -0.234028 0.248878 0.939835
vn -0.352244 0.281412 0.892598
vn -0.234028 0.248878 0.939835
vn -0.337793 0.393307 0.855106
vn -0.352244 0.281412 0.892598
vn -0.234028 0.248878 0.939835
vn -0.306933 0.481242 0.821096
vn -0.337793 0.393307 0.855106
vn -0.367008 0.023193 0.929929
vn -0.240904 0.023535 0.970264
vn -0.365721 0.084921 0.926842
vn -0.240904 0.023535 0.970264
vn -0.343601 0.160836 0.925241
vn -0.365721 0.084921 0.926842
vn -0.377878 0.001834 0.925854
vn -0.240904 0.023535 0.970264
vn -0.370245 0.001987 0.928932
vn -0.240904 0.023535 0.970264
vn -0.366146 0.002940 0.930553
vn -0.370245 0.001987 0.928932
vn -0.240904 0.023535 0.970264
vn -0.367008 0.023193 0.929929
vn -0.366146 0.002940 0.930553
vn -0.067773 -0.002344 0.997698
vn -0.067022 0.007878 0.997720
vn -0.036096 0.001095 0.999348
vn -0.067022 0.007878 0.997720
vn -0.081387 0.027279 0.996309
vn -0.036096 0.001095 0.999348
vn -0.067022 0.007878 0.997720
vn -0.130624 0.006095 0.991413
vn -0.081387 0.027279 0.996309
vn -0.130624 0.006095 0.991413
vn -0.144687 0.004498 0.989467
vn -0.081387 0.027279 0.996309
vn -0.130624 0.006095 0.991413
vn -0.258107 -0.001804 0.966115
vn -0.144687 0.004498 0.989467
vn -0.212547 -0.007296 0.977124
vn -0.067773 -0.002344 0.997698
vn -0.082815 -0.003708 0.996558
vn -0.067773 -0.002344 0.997698
vn -0.036730 0.002989 0.999321
vn -0.082815 -0.003708 0.996558
vn -0.067773 -0.002344 0.997698
vn -0.036096 0.001095 0.999348
vn -0.036730 0.002989 0.999321
vn -0.505688 0.005934 0.862696
vn -0.448380 -0.009929 0.893788
vn -0.339853 -0.017650 0.940313
vn -0.448380 -0.009929 0.893788
vn -0.297653 -0.017274 0.954518
vn -0.339853 -0.017650 0.940313
vn -0.448380 -0.009929 0.893788
vn -0.212547 -0.007296 0.977124
vn -0.297653 -0.017274 0.954518
vn -0.212547 -0.007296 0.977124
vn -0.156878 -0.003068 0.987613
vn -0.297653 -0.017274 0.954518
vn -0.212547 -0.007296 0.977124
vn -0.082815 -0.003708 0.996558
vn -0.156878 -0.003068 0.987613
vn -0.505688 0.005934 0.862696
vn -0.646149 0.000518 0.763211
vn -0.448380 -0.009929 0.893788
vn -0.646149 0.000518 0.763211
vn -0.728997 0.005151 0.684497
vn -0.448380 -0.009929 0.893788
vn -0.646149 0.000518 0.763211
vn -0.767075 0.007457 0.641514
vn -0.728997 0.005151 0.684497
vn -0.502470 0.033219 0.863956
vn -0.696571 0.014278 0.717346
vn -0.731701 0.035781 0.680686
vn -0.510459 0.274359 0.814959
vn -0.718703 0.144126 0.680216
vn -0.732549 0.357865 0.579054
vn -0.345163 0.770450 0.535976
vn -0.519880 0.746829 0.414694
vn -0.433596 0.831711 0.346773
vn -0.073510 0.642104 0.763085
vn -0.218809 0.644617 0.732524
vn -0.192344 0.770248 0.608048
vn -0.218809 0.644617 0.732524
vn -0.345163 0.770450 0.535976
vn -0.192344 0.770248 0.608048
vn -0.218809 0.644617 0.732524
vn -0.418410 0.639361 0.645097
vn -0.345163 0.770450 0.535976
vn -0.418410 0.639361 0.645097
vn -0.519880 0.746829 0.414694
vn -0.345163 0.770450 0.535976
vn -0.418410 0.639361 0.645097
vn -0.626904 0.602231 0.494276
vn -0.519880 0.746829 0.414694
vn -0.073510 0.642104 0.763085
vn -0.076688 0.776030 0.626016
vn -0.029860 0.769781 0.637609
vn -0.073510 0.642104 0.763085
vn -0.192344 0.770248 0.608048
vn -0.076688 0.776030 0.626016
vn -0.176415 0.823946 0.538508
vn -0.183973 0.643061 0.743388
vn -0.120987 0.770498 0.625855
vn -0.183973 0.643061 0.743388
vn -0.044115 0.758647 0.650007
vn -0.120987 0.770498 0.625855
vn -0.183973 0.643061 0.743388
vn -0.090417 0.615787 0.782708
vn -0.044115 0.758647 0.650007
vn -0.090417 0.615787 0.782708
vn -0.029860 0.769781 0.637609
vn -0.044115 0.758647 0.650007
vn -0.090417 0.615787 0.782708
vn -0.040454 0.633079 0.773029
vn -0.029860 0.769781 0.637609
vn -0.040454 0.633079 0.773029
vn -0.073510 0.642104 0.763085
vn -0.029860 0.769781 0.637609
vn -0.220869 0.748826 0.624881
vn -0.183973 0.643061 0.743388
vn -0.176415 0.823946 0.538508
vn -0.220869 0.748826 0.624881
vn -0.280236 0.641881 0.713762
vn -0.183973 0.643061 0.743388
vn -0.280236 0.641881 0.713762
vn -0.306933 0.481242 0.821096
vn -0.183973 0.643061 0.743388
vn -0.377878 0.001834 0.925854
vn -0.272848 0.003893 0.962049
vn -0.240904 0.023535 0.970264
vn -0.272848 0.003893 0.962049
vn -0.113359 0.018913 0.993374
vn -0.240904 0.023535 0.970264
vn -0.272848 0.003893 0.962049
vn -0.130624 0.006095 0.991413
vn -0.113359 0.018913 0.993374
vn -0.130624 0.006095 0.991413
vn -0.062583 0.023916 0.997753
vn -0.113359 0.018913 0.993374
vn -0.130624 0.006095 0.991413
vn -0.067022 0.007878 0.997720
vn -0.062583 0.023916 0.997753
vn -0.067022 0.007878 0.997720
vn -0.097250 0.027468 0.994881
vn -0.062583 0.023916 0.997753
vn -0.067022 0.007878 0.997720
vn -0.067773 -0.002344 0.997698
vn -0.097250 0.027468 0.994881
vn -0.067773 -0.002344 0.997698
vn -0.263709 0.032062 0.964069
vn -0.097250 0.027468 0.994881
vn -0.067773 -0.002344 0.997698
vn -0.212547 -0.007296 0.977124
vn -0.263709 0.032062 0.964069
vn -0.212547 -0.007296 0.977124
vn -0.502470 0.033219 0.863956
vn -0.263709 0.032062 0.964069
vn -0.212547 -0.007296 0.977124
vn -0.448380 -0.009929 0.893788
vn -0.502470 0.033219 0.863956
vn -0.448380 -0.009929 0.893788
vn -0.696571 0.014278 0.717346
vn -0.502470 0.033219 0.863956
vn -0.448380 -0.009929 0.893788
vn -0.728997 0.005151 0.684497
vn -0.696571 0.014278 0.717346
vn -0.343601 0.160836 0.925241
vn -0.240904 0.023535 0.970264
vn -0.234028 0.248878 0.939835
vn -0.240904 0.023535 0.970264
vn -0.105504 0.249464 0.962620
vn -0.234028 0.248878 0.939835
vn -0.240904 0.023535 0.970264
vn -0.113359 0.018913 0.993374
vn -0.105504 0.249464 0.962620
vn -0.113359 0.018913 0.993374
vn -0.055980 0.262132 0.963407
vn -0.105504 0.249464 0.962620
vn -0.113359 0.018913 0.993374
vn -0.062583 0.023916 0.997753
vn -0.055980 0.262132 0.963407
vn -0.062583 0.023916 0.997753
vn -0.099046 0.264006 0.959422
vn -0.055980 0.262132 0.963407
vn -0.062583 0.023916 0.997753
vn -0.097250 0.027468 0.994881
vn -0.099046 0.264006 0.959422
vn -0.097250 0.027468 0.994881
vn -0.267863 0.268727 0.925222
vn -0.099046 0.264006 0.959422
vn -0.097250 0.027468 0.994881
vn -0.263709 0.032062 0.964069
vn -0.267863 0.268727 0.925222
vn -0.263709 0.032062 0.964069
vn -0.510459 0.274359 0.814959
vn -0.267863 0.268727 0.925222
vn -0.263709 0.032062 0.964069
vn -0.502470 0.033219 0.863956
vn -0.510459 0.274359 0.814959
vn -0.502470 0.033219 0.863956
vn -0.718703 0.144126 0.680216
vn -0.510459 0.274359 0.814959
vn -0.502470 0.033219 0.863956
vn -0.731701 0.035781 0.680686
vn -0.718703 0.144126 0.680216
vn -0.306933 0.481242 0.821096
vn -0.234028 0.248878 0.939835
vn -0.183973 0.643061 0.743388
vn -0.234028 0.248878 0.939835
vn -0.090417 0.615787 0.782708
vn -0.183973 0.643061 0.743388
vn -0.234028 0.248878 0.939835
vn -0.105504 0.249464 0.962620
vn -0.090417 0.615787 0.782708
vn -0.105504 0.249464 0.962620
vn -0.040454 0.633079 0.773029
vn -0.090417 0.615787 0.782708
vn -0.105504 0.249464 0.962620
vn -0.055980 0.262132 0.963407
vn -0.040454 0.633079 0.773029
vn -0.055980 0.262132 0.963407
vn -0.073510 0.642104 0.763085
vn -0.040454 0.633079 0.773029
vn -0.055980 0.262132 0.963407
vn -0.099046 0.264006 0.959422
vn -0.073510 0.642104 0.763085
vn -0.099046 0.264006 0.959422
vn -0.218809 0.644617 0.732524
vn -0.073510 0.642104 0.763085
vn -0.099046 0.264006 0.959422
vn -0.267863 0.268727 0.925222
vn -0.218809 0.644617 0.732524
vn -0.267863 0.268727 0.925222
vn -0.418410 0.639361 0.645097
vn -0.218809 0.644617 0.732524
vn -0.267863 0.268727 0.925222
vn -0.510459 0.274359 0.814959
vn -0.418410 0.639361 0.645097
vn -0.510459 0.274359 0.814959
vn -0.626904 0.602231 0.494276
vn -0.418410 0.639361 0.645097
vn -0.510459 0.274359 0.814959
vn -0.732549 0.357865 0.579054
vn -0.626904 0.602231 0.494276
vn -0.003866 -0.999992 0.000514
vn -0.003898 -0.999992 0.000530
vn -0.003639 -0.999993 0.000754
vn -0.003866 -0.999992 0.000514
vn -0.003865 -0.999992 0.000513
vn -0.003898 -0.999992 0.000530
vn -0.003865 -0.999992 0.000513
vn -0.003866 -0.999992 0.000513
vn -0.003898 -0.999992 0.000530
vn -0.003865 -0.999992 0.000513
vn -0.003866 -0.999992 0.000513
vn -0.003866 -0.999992 0.000513
vn -0.003866 -0.999992 0.000513
vn -0.003866 -0.999992 0.000513
vn -0.003866 -0.999992 0.000513
vn -0.003866 -0.999992 0.000513
vn -0.003866 -0.999992 0.000513
vn -0.003866 -0.999992 0.000513
vn -0.003866 -0.999992 0.000513
vn -0.003865 -0.999992 0.000513
vn -0.003866 -0.999992 0.000513
vn -0.003866 -0.999992 0.000513
vn -0.003865 -0.999992 0.000513
vn -0.003865 -0.999992 0.000513
vn -0.003865 -0.999992 0.000513
vn -0.003865 -0.999992 0.000513
vn -0.003865 -0.999992 0.000513
vn -0.003865 -0.999992 0.000513
vn -0.003865 -0.999992 0.000513
vn -0.003865 -0.999992 0.000513
vn -0.003866 -0.999992 0.000513
vn -0.003865 -0.999992 0.000512
vn -0.003866 -0.999992 0.000512
vn -0.003865 -0.999992 0.000512
vn -0.003865 -0.999992 0.000513
vn -0.003866 -0.999992 0.000512
vn -0.003865 -0.999992 0.000512
vn -0.003866 -0.999992 0.000513
vn -0.003865 -0.999992 0.000513
vn -0.003866 -0.999992 0.000513
vn -0.003866 -0.999992 0.000514
vn -0.003865 -0.999992 0.000513
vn -0.003866 -0.999992 0.000513
vn -0.003866 -0.999992 0.000514
vn -0.003866 -0.999992 0.000514
vn -0.003865 -0.999992 0.000513
vn -0.003865 -0.999992 0.000513
vn -0.003864 -0.999992 0.000513
vn -0.003865 -0.999992 0.000513
vn -0.003865 -0.999992 0.000513
vn -0.003864 -0.999992 0.000513
vn -0.003865 -0.999992 0.000513
vn -0.003866 -0.999992 0.000513
vn -0.003865 -0.999992 0.000513
vn -0.003866 -0.999992 0.000513
vn -0.003867 -0.999992 0.000513
vn -0.003865 -0.999992 0.000513
vn -0.003866 -0.999992 0.000513
vn -0.003866 -0.999992 0.000513
vn -0.003867 -0.999992 0.000513
vn -0.003866 -0.999992 0.000513
vn -0.003866 -0.999992 0.000513
vn -0.003867 -0.999992 0.000513
vn -0.003866 -0.999992 0.000513
vn -0.003866 -0.999992 0.000513
vn -0.003866 -0.999992 0.000513
vn -0.003866 -0.999992 0.000513
vn -0.003866 -0.999992 0.000512
vn -0.003866 -0.999992 0.000513
vn -0.003866 -0.999992 0.000513
vn -0.003866 -0.999992 0.000512
vn -0.003866 -0.999992 0.000512
vn -0.005445 -0.999985 0.000703
vn -0.004853 -0.999988 0.000612
vn -0.005326 -0.999986 0.000577
vn -0.004853 -0.999988 0.000612
vn -0.004760 -0.999988 0.000596
vn -0.005326 -0.999986 0.000577
vn -0.004853 -0.999988 0.000612
vn -0.004531 -0.999990 0.000619
vn -0.004760 -0.999988 0.000596
vn -0.004531 -0.999990 0.000619
vn -0.004314 -0.999991 0.000602
vn -0.004760 -0.999988 0.000596
vn -0.004531 -0.999990 0.000619
vn -0.004347 -0.999990 0.000788
vn -0.004314 -0.999991 0.000602
vn -0.004347 -0.999990 0.000788
vn -0.004165 -0.999991 0.000599
vn -0.004314 -0.999991 0.000602
vn -0.004165 -0.999991 0.000599
vn -0.004127 -0.999991 0.000562
vn -0.004314 -0.999991 0.000602
vn -0.004165 -0.999991 0.000599
vn -0.003995 -0.999992 0.000629
vn -0.004127 -0.999991 0.000562
vn -0.003995 -0.999992 0.000629
vn -0.004038 -0.999992 0.000548
vn -0.004127 -0.999991 0.000562
vn -0.004109 -0.999991 0.000538
vn -0.003865 -0.999992 0.000605
vn -0.003903 -0.999992 0.000555
vn -0.003865 -0.999992 0.000605
vn -0.003932 -0.999992 0.000576
vn -0.003903 -0.999992 0.000555
vn -0.003865 -0.999992 0.000605
vn -0.004038 -0.999992 0.000548
vn -0.003932 -0.999992 0.000576
vn -0.004038 -0.999992 0.000548
vn -0.003934 -0.999992 0.000633
vn -0.003932 -0.999992 0.000576
vn -0.004038 -0.999992 0.000548
vn -0.003995 -0.999992 0.000629
vn -0.003934 -0.999992 0.000633
vn -0.003843 -0.999992 0.000517
vn -0.003847 -0.999993 0.000516
vn -0.003828 -0.999993 0.000531
vn -0.003847 -0.999993 0.000516
vn -0.004133 -0.999991 0.000467
vn -0.003828 -0.999993 0.000531
vn -0.003847 -0.999993 0.000516
vn -0.011350 -0.999934 -0.001515
vn -0.004133 -0.999991 0.000467
vn -0.003866 -0.999992 0.000514
vn -0.003866 -0.999992 0.000514
vn -0.003867 -0.999992 0.000513
vn -0.003866 -0.999992 0.000514
vn -0.003866 -0.999992 0.000514
vn -0.003867 -0.999992 0.000513
vn -0.003866 -0.999992 0.000514
vn -0.003866 -0.999992 0.000513
vn -0.003866 -0.999992 0.000514
vn -0.003866 -0.999992 0.000513
vn -0.003866 -0.999992 0.000513
vn -0.003866 -0.999992 0.000514
vn -0.003866 -0.999992 0.000513
vn -0.003865 -0.999992 0.000514
vn -0.003866 -0.999992 0.000513
vn -0.003865 -0.999992 0.000514
vn -0.003866 -0.999992 0.000514
vn -0.003866 -0.999992 0.000513
vn -0.003865 -0.999992 0.000514
vn -0.003866 -0.999992 0.000513
vn -0.003866 -0.999992 0.000514
vn -0.003866 -0.999992 0.000513
vn -0.003866 -0.999992 0.000513
vn -0.003866 -0.999992 0.000514
vn -0.003866 -0.999992 0.000513
vn -0.003866 -0.999992 0.000512
vn -0.003866 -0.999992 0.000513
vn -0.003866 -0.999992 0.000512
vn -0.003866 -0.999992 0.000513
vn -0.003866 -0.999992 0.000513
vn -0.003866 -0.999992 0.000512
vn -0.003867 -0.999992 0.000512
vn -0.003866 -0.999992 0.000513
vn -0.003867 -0.999992 0.000512
vn -0.003867 -0.999992 0.000513
vn -0.003866 -0.999992 0.000513
vn -0.003867 -0.999992 0.000512
vn -0.003865 -0.999992 0.000513
vn -0.003867 -0.999992 0.000513
vn -0.005445 -0.999985 0.000703
vn -0.005326 -0.999986 0.000577
vn -0.005797 -0.999983 0.000433
vn -0.005326 -0.999986 0.000577
vn -0.006025 -0.999982 0.000417
vn -0.005797 -0.999983 0.000433
vn -0.006025 -0.999982 0.000417
vn -0.006615 -0.999978 0.000189
vn -0.005797 -0.999983 0.000433
vn -0.006025 -0.999982 0.000417
vn -0.006993 -0.999976 0.000117
vn -0.006615 -0.999978 0.000189
vn -0.006993 -0.999976 0.000117
vn -0.007763 -0.999970 -0.000316
vn -0.006615 -0.999978 0.000189
vn -0.006993 -0.999976 0.000117
vn -0.008810 -0.999961 -0.000459
vn -0.007763 -0.999970 -0.000316
vn -0.008810 -0.999961 -0.000459
vn -0.011350 -0.999934 -0.001515
vn -0.007763 -0.999970 -0.000316
vn -0.008810 -0.999961 -0.000459
vn -0.020719 -0.999783 -0.002327
vn -0.011350 -0.999934 -0.001515
vn -0.020719 -0.999783 -0.002327
vn -0.004133 -0.999991 0.000467
vn -0.011350 -0.999934 -0.001515
vn -0.004109 -0.999991 0.000538
vn -0.003903 -0.999992 0.000555
vn -0.004254 -0.999991 0.000452
vn -0.003903 -0.999992 0.000555
vn -0.003865 -0.999992 0.000512
vn -0.004254 -0.999991 0.000452
vn -0.003903 -0.999992 0.000555
vn -0.003868 -0.999992 0.000514
vn -0.003865 -0.999992 0.000512
vn -0.003868 -0.999992 0.000514
vn -0.003865 -0.999992 0.000513
vn -0.003865 -0.999992 0.000512
vn -0.003867 -0.999992 0.000513
vn -0.003865 -0.999992 0.000513
vn -0.003865 -0.999992 0.000513
vn -0.003865 -0.999992 0.000513
vn -0.003866 -0.999992 0.000513
vn -0.003865 -0.999992 0.000513
vn -0.003865 -0.999992 0.000513
vn -0.003866 -0.999992 0.000512
vn -0.003866 -0.999992 0.000513
vn -0.003866 -0.999992 0.000512
vn -0.003866 -0.999992 0.000513
vn -0.003866 -0.999992 0.000513
vn -0.003866 -0.999992 0.000512
vn -0.003865 -0.999992 0.000513
vn -0.003866 -0.999992 0.000513
vn -0.003865 -0.999992 0.000513
vn -0.003864 -0.999992 0.000513
vn -0.003866 -0.999992 0.000513
vn -0.003865 -0.999992 0.000513
vn -0.003868 -0.999992 0.000514
vn -0.003864 -0.999992 0.000513
vn -0.003806 -0.993472 -0.114013
vn -0.012645 -0.995066 -0.098407
vn -0.048324 -0.991378 -0.121798
vn -0.012645 -0.995066 -0.098407
vn -0.055817 -0.992298 -0.110585
vn -0.048324 -0.991378 -0.121798
vn -0.985107 0.003790 -0.171900
vn -0.985894 0.003390 -0.167338
vn -0.996017 0.004406 -0.089059
vn -0.985894 0.003390 -0.167338
vn -0.995737 0.003799 -0.092158
vn -0.996017 0.004406 -0.089059
vn -0.999640 0.003768 -0.026578
vn -0.996017 0.004406 -0.089059
vn -0.995737 0.003799 -0.092158
vn -0.996017 0.004406 -0.089059
vn -0.999640 0.003768 -0.026578
vn -0.999952 0.005062 -0.008350
vn -0.999640 0.003768 -0.026578
vn -0.999954 0.003803 0.008805
vn -0.999952 0.005062 -0.008350
vn -0.999952 0.005062 -0.008350
vn -0.999954 0.003803 0.008805
vn -0.998487 0.007233 0.054504
vn -0.999954 0.003803 0.008805
vn -0.998950 0.003848 0.045659
vn -0.998487 0.007233 0.054504
vn -0.093254 -0.960588 -0.261867
vn -0.051246 -0.969187 -0.240935
vn 0.037969 -0.985081 -0.167852
vn 0.687080 -0.622907 -0.374042
vn -0.051246 -0.969187 -0.240935
vn 0.689620 -0.665940 -0.284514
vn 0.726410 -0.475673 -0.496048
vn 0.732613 -0.399878 -0.550796
vn 0.779792 -0.299412 -0.549798
vn 0.732613 -0.399878 -0.550796
vn 0.784496 -0.167666 -0.597038
vn 0.779792 -0.299412 -0.549798
vn 0.019152 -0.999780 -0.008593
vn -0.018829 -0.999716 0.014645
vn 0.006076 -0.999909 -0.012042
vn -0.018829 -0.999716 0.014645
vn -0.018398 -0.999806 0.007069
vn 0.006076 -0.999909 -0.012042
vn -0.713086 0.003924 -0.701065
vn -0.631431 0.000236 -0.775432
vn -0.712019 0.004137 -0.702148
vn -0.713086 0.003924 -0.701065
vn -0.637270 0.002024 -0.770638
vn -0.631431 0.000236 -0.775432
vn -0.779602 0.009625 -0.626201
vn -0.712019 0.004137 -0.702148
vn -0.766105 0.006985 -0.642677
vn -0.779602 0.009625 -0.626201
vn -0.713086 0.003924 -0.701065
vn -0.712019 0.004137 -0.702148
vn -0.003868 -0.999992 0.000513
vn -0.003867 -0.999992 0.000512
vn -0.003869 -0.999992 0.000513
vn -0.003864 -0.999992 0.000513
vn -0.003867 -0.999992 0.000512
vn -0.003868 -0.999992 0.000513
vn -0.003867 -0.999992 0.000512
vn -0.003867 -0.999992 0.000512
vn -0.003868 -0.999992 0.000513
vn -0.003867 -0.999992 0.000512
vn -0.003868 -0.999992 0.000512
vn -0.003867 -0.999992 0.000512
vn -0.003866 -0.999992 0.000512
vn -0.003864 -0.999992 0.000513
vn -0.003867 -0.999992 0.000511
vn -0.003867 -0.999992 0.000511
vn -0.003867 -0.999992 0.000512
vn -0.003866 -0.999992 0.000512
vn -0.003867 -0.999992 0.000512
vn -0.003867 -0.999992 0.000512
vn -0.003866 -0.999992 0.000512
vn -0.003867 -0.999992 0.000512
vn -0.003868 -0.999992 0.000512
vn -0.003867 -0.999992 0.000512
vn -0.003864 -0.999992 0.000513
vn -0.003866 -0.999992 0.000512
vn -0.003866 -0.999992 0.000512
vn -0.003866 -0.999992 0.000512
vn -0.003865 -0.999992 0.000513
vn -0.003866 -0.999992 0.000512
vn -0.003866 -0.999992 0.000512
vn -0.003865 -0.999992 0.000516
vn -0.003865 -0.999992 0.000513
vn -0.671820 0.002327 -0.740711
vn -0.761956 0.007416 -0.647587
vn -0.765475 0.010714 -0.643377
vn -0.626051 0.001748 -0.779780
vn -0.658845 0.000781 -0.752278
vn -0.625325 0.002020 -0.780362
vn -0.658845 0.000781 -0.752278
vn -0.671820 0.002327 -0.740711
vn -0.625325 0.002020 -0.780362
vn -0.658845 0.000781 -0.752278
vn -0.691063 0.002817 -0.722789
vn -0.671820 0.002327 -0.740711
vn -0.691063 0.002817 -0.722789
vn -0.761956 0.007416 -0.647587
vn -0.671820 0.002327 -0.740711
vn -0.940702 -0.045750 -0.336136
vn -0.954687 -0.091137 -0.283315
vn -0.960207 -0.084298 -0.266264
vn -0.954687 -0.091137 -0.283315
vn -0.940702 -0.045750 -0.336136
vn -0.947283 -0.069697 -0.312727
vn -0.940702 -0.045750 -0.336136
vn -0.948782 -0.047445 -0.312348
vn -0.947283 -0.069697 -0.312727
vn -0.940702 -0.045750 -0.336136
vn -0.947196 -0.035090 -0.318729
vn -0.948782 -0.047445 -0.312348
vn -0.947196 -0.035090 -0.318729
vn -0.965168 -0.038335 -0.258807
vn -0.948782 -0.047445 -0.312348
vn -0.947196 -0.035090 -0.318729
vn -0.964949 -0.013608 -0.262084
vn -0.965168 -0.038335 -0.258807
vn -0.964949 -0.013608 -0.262084
vn -0.978244 -0.030561 -0.205197
vn -0.965168 -0.038335 -0.258807
vn -0.964949 -0.013608 -0.262084
vn -0.975257 -0.002141 -0.221063
vn -0.978244 -0.030561 -0.205197
vn -0.975257 -0.002141 -0.221063
vn -0.992795 -0.008038 -0.119558
vn -0.978244 -0.030561 -0.205197
vn -0.975257 -0.002141 -0.221063
vn -0.989159 0.003761 -0.146798
vn -0.992795 -0.008038 -0.119558
vn -0.989159 0.003761 -0.146798
vn -0.996922 0.010047 -0.077752
vn -0.992795 -0.008038 -0.119558
vn -0.996922 0.010047 -0.077752
vn -0.999862 -0.001076 -0.016570
vn -0.992795 -0.008038 -0.119558
vn -0.996922 0.010047 -0.077752
vn -0.999900 0.006794 0.012374
vn -0.999862 -0.001076 -0.016570
vn -0.944325 -0.019421 0.328441
vn -0.940477 -0.000472 0.339857
vn -0.915735 -0.007326 0.401717
vn -0.940477 -0.000472 0.339857
vn -0.913135 -0.006050 0.407612
vn -0.915735 -0.007326 0.401717
vn -0.940477 -0.000472 0.339857
vn -0.911774 -0.012481 0.410502
vn -0.913135 -0.006050 0.407612
vn -0.927875 0.019541 0.372378
vn -0.940477 -0.000472 0.339857
vn -0.970010 -0.010329 0.242846
vn -0.940477 -0.000472 0.339857
vn -0.944325 -0.019421 0.328441
vn -0.970010 -0.010329 0.242846
vn -0.999900 0.006794 0.012374
vn -0.992994 -0.005465 0.118041
vn -0.999862 -0.001076 -0.016570
vn -0.999900 0.006794 0.012374
vn -0.996824 0.005876 0.079419
vn -0.992994 -0.005465 0.118041
vn -0.996824 0.005876 0.079419
vn -0.984118 0.005891 0.177416
vn -0.992994 -0.005465 0.118041
vn -0.984118 0.005891 0.177416
vn -0.970010 -0.010329 0.242846
vn -0.992994 -0.005465 0.118041
vn -0.984118 0.005891 0.177416
vn -0.968195 0.001880 0.250188
vn -0.970010 -0.010329 0.242846
vn -0.968195 0.001880 0.250188
vn -0.934447 0.033493 0.354525
vn -0.970010 -0.010329 0.242846
vn -0.934447 0.033493 0.354525
vn -0.927875 0.019541 0.372378
vn -0.970010 -0.010329 0.242846
vn -0.915735 -0.007326 0.401717
vn -0.890598 -0.310505 0.332298
vn -0.944325 -0.019421 0.328441
vn -0.913135 -0.006050 0.407612
vn -0.870915 -0.307728 0.383158
vn -0.915735 -0.007326 0.401717
vn -0.870915 -0.307728 0.383158
vn -0.890598 -0.310505 0.332298
vn -0.915735 -0.007326 0.401717
vn -0.870915 -0.307728 0.383158
vn -0.666831 -0.671866 0.322386
vn -0.890598 -0.310505 0.332298
vn -0.666831 -0.671866 0.322386
vn -0.679054 -0.679118 0.278718
vn -0.890598 -0.310505 0.332298
vn -0.666831 -0.671866 0.322386
vn -0.359086 -0.915226 0.182810
vn -0.679054 -0.679118 0.278718
vn -0.359086 -0.915226 0.182810
vn -0.366833 -0.912445 0.181324
vn -0.679054 -0.679118 0.278718
vn -0.359086 -0.915226 0.182810
vn -0.097485 -0.993740 0.054562
vn -0.366833 -0.912445 0.181324
vn -0.097485 -0.993740 0.054562
vn -0.075493 -0.994322 0.074992
vn -0.366833 -0.912445 0.181324
vn -0.057654 -0.997795 0.032890
vn -0.083149 -0.995806 0.038177
vn -0.060829 -0.997793 0.026643
vn -0.057654 -0.997795 0.032890
vn -0.097485 -0.993740 0.054562
vn -0.083149 -0.995806 0.038177
vn -0.060829 -0.997793 0.026643
vn -0.018398 -0.999806 0.007069
vn -0.057654 -0.997795 0.032890
vn -0.018398 -0.999806 0.007069
vn -0.018829 -0.999716 0.014645
vn -0.057654 -0.997795 0.032890
vn 0.272289 0.881421 -0.385948
vn 0.329239 0.713039 -0.619013
vn 0.479987 0.707820 -0.518269
vn 0.479987 0.707820 -0.518269
vn 0.477942 0.766953 -0.428200
vn 0.272289 0.881421 -0.385948
vn 0.782398 0.122624 -0.610587
vn 0.153934 0.440718 -0.884348
vn -0.013819 0.260979 -0.965246
vn -0.153188 0.229145 -0.961263
vn 0.011321 0.619285 -0.785084
vn -0.136265 0.542070 -0.829212
vn 0.011321 0.619285 -0.785084
vn -0.078097 0.853083 -0.515898
vn -0.136265 0.542070 -0.829212
vn 0.011321 0.619285 -0.785084
vn 0.061505 0.798991 -0.598190
vn -0.078097 0.853083 -0.515898
vn 0.061505 0.798991 -0.598190
vn 0.073359 0.941024 -0.330291
vn -0.078097 0.853083 -0.515898
vn 0.073359 0.941024 -0.330291
vn 0.007936 0.999847 -0.015579
vn -0.078097 0.853083 -0.515898
vn 0.073359 0.941024 -0.330291
vn 0.196231 0.964482 -0.176829
vn 0.007936 0.999847 -0.015579
vn 0.011321 0.619285 -0.785084
vn -0.153188 0.229145 -0.961263
vn -0.010670 0.460733 -0.887475
vn -0.153188 0.229145 -0.961263
vn -0.143322 0.226761 -0.963347
vn -0.010670 0.460733 -0.887475
vn -0.143857 0.323389 -0.935267
vn -0.143322 0.226761 -0.963347
vn -0.153188 0.229145 -0.961263
vn 0.692798 0.279345 -0.664829
vn 0.771381 0.118582 -0.625227
vn 0.761223 0.093511 -0.641713
vn 0.771381 0.118582 -0.625227
vn 0.768064 0.094959 -0.633293
vn 0.761223 0.093511 -0.641713
vn 0.782398 0.122624 -0.610587
vn 0.784010 0.076359 -0.616034
vn 0.771381 0.118582 -0.625227
vn 0.631976 0.443075 -0.635838
vn 0.754880 0.098603 -0.648408
vn 0.657568 0.486343 -0.575391
vn 0.196231 0.964482 -0.176829
vn 0.272289 0.881421 -0.385948
vn 0.477942 0.766953 -0.428200
vn 0.477942 0.766953 -0.428200
vn 0.479987 0.707820 -0.518269
vn 0.657568 0.486343 -0.575391
vn 0.479987 0.707820 -0.518269
vn 0.631976 0.443075 -0.635838
vn 0.657568 0.486343 -0.575391
vn 0.479987 0.707820 -0.518269
vn 0.329239 0.713039 -0.619013
vn 0.631976 0.443075 -0.635838
vn 0.329239 0.713039 -0.619013
vn 0.504540 0.454136 -0.734302
vn 0.631976 0.443075 -0.635838
vn 0.329239 0.713039 -0.619013
vn 0.236432 0.611894 -0.754775
vn 0.504540 0.454136 -0.734302
vn 0.236432 0.611894 -0.754775
vn 0.782398 0.122624 -0.610587
vn 0.504540 0.454136 -0.734302
vn 0.236432 0.611894 -0.754775
vn 0.153934 0.440718 -0.884348
vn 0.782398 0.122624 -0.610587
vn 0.782398 0.122624 -0.610587
vn 0.771381 0.118582 -0.625227
vn 0.504540 0.454136 -0.734302
vn 0.771381 0.118582 -0.625227
vn 0.631976 0.443075 -0.635838
vn 0.504540 0.454136 -0.734302
vn 0.771381 0.118582 -0.625227
vn 0.692798 0.279345 -0.664829
vn 0.631976 0.443075 -0.635838
vn 0.692798 0.279345 -0.664829
vn 0.754880 0.098603 -0.648408
vn 0.631976 0.443075 -0.635838
vn 0.692798 0.279345 -0.664829
vn 0.761223 0.093511 -0.641713
vn 0.754880 0.098603 -0.648408
vn 0.782398 0.122624 -0.610587
vn -0.013819 0.260979 -0.965246
vn 0.676800 0.268515 -0.685450
vn -0.013819 0.260979 -0.965246
vn -0.143322 0.226761 -0.963347
vn 0.676800 0.268515 -0.685450
vn -0.013819 0.260979 -0.965246
vn 0.153934 0.440718 -0.884348
vn -0.143322 0.226761 -0.963347
vn 0.153934 0.440718 -0.884348
vn -0.010670 0.460733 -0.887475
vn -0.143322 0.226761 -0.963347
vn 0.153934 0.440718 -0.884348
vn 0.236432 0.611894 -0.754775
vn -0.010670 0.460733 -0.887475
vn 0.236432 0.611894 -0.754775
vn 0.011321 0.619285 -0.785084
vn -0.010670 0.460733 -0.887475
vn 0.236432 0.611894 -0.754775
vn 0.329239 0.713039 -0.619013
vn 0.011321 0.619285 -0.785084
vn 0.329239 0.713039 -0.619013
vn 0.061505 0.798991 -0.598190
vn 0.011321 0.619285 -0.785084
vn 0.329239 0.713039 -0.619013
vn 0.272289 0.881421 -0.385948
vn 0.061505 0.798991 -0.598190
vn 0.272289 0.881421 -0.385948
vn 0.073359 0.941024 -0.330291
vn 0.061505 0.798991 -0.598190
vn 0.272289 0.881421 -0.385948
vn 0.196231 0.964482 -0.176829
vn 0.073359 0.941024 -0.330291
vn 0.676800 0.268515 -0.685450
vn 0.732941 0.357011 -0.579086
vn 0.782265 0.147959 -0.605120
vn 0.676800 0.268515 -0.685450
vn 0.687900 0.407471 -0.600634
vn 0.732941 0.357011 -0.579086
vn 0.676800 0.268515 -0.685450
vn 0.782265 0.147959 -0.605120
vn 0.782398 0.122624 -0.610587
vn 0.735321 -0.088698 -0.671890
vn 0.719183 -0.082205 -0.689940
vn 0.656386 -0.063232 -0.751770
vn 0.719183 -0.082205 -0.689940
vn 0.640453 -0.044342 -0.766716
vn 0.656386 -0.063232 -0.751770
vn 0.752070 -0.288377 -0.592646
vn 0.784496 -0.167666 -0.597038
vn 0.732613 -0.399878 -0.550796
vn 0.719183 -0.082205 -0.689940
vn 0.735321 -0.088698 -0.671890
vn 0.727947 -0.135671 -0.672076
vn 0.735321 -0.088698 -0.671890
vn 0.758172 -0.157749 -0.632685
vn 0.727947 -0.135671 -0.672076
vn 0.735321 -0.088698 -0.671890
vn 0.768962 -0.116656 -0.628561
vn 0.758172 -0.157749 -0.632685
vn 0.768962 -0.116656 -0.628561
vn 0.752070 -0.288377 -0.592646
vn 0.758172 -0.157749 -0.632685
vn 0.768962 -0.116656 -0.628561
vn 0.784496 -0.167666 -0.597038
vn 0.752070 -0.288377 -0.592646
vn 0.758172 -0.157749 -0.632685
vn 0.752070 -0.288377 -0.592646
vn 0.745957 -0.346115 -0.568992
vn 0.752070 -0.288377 -0.592646
vn 0.732613 -0.399878 -0.550796
vn 0.745957 -0.346115 -0.568992
vn 0.538490 -0.000540 -0.842632
vn 0.533590 0.015631 -0.845599
vn 0.605198 0.019641 -0.795833
vn 0.607685 -0.001341 -0.794177
vn 0.543742 -0.014929 -0.839120
vn 0.538490 -0.000540 -0.842632
vn 0.607685 -0.001341 -0.794177
vn 0.618079 -0.024152 -0.785745
vn 0.678212 0.076381 -0.730886
vn 0.637192 0.361567 -0.680629
vn 0.711900 0.076375 -0.698115
vn 0.678212 0.076381 -0.730886
vn 0.605198 0.019641 -0.795833
vn 0.637192 0.361567 -0.680629
vn 0.742132 0.110402 -0.661098
vn 0.657568 0.486343 -0.575391
vn 0.754880 0.098603 -0.648408
vn 0.669280 0.349704 -0.655569
vn 0.742132 0.110402 -0.661098
vn 0.711900 0.076375 -0.698115
vn 0.196231 0.964482 -0.176829
vn 0.007998 0.999959 -0.004348
vn 0.007936 0.999847 -0.015579
vn 0.549545 0.649657 -0.525306
vn 0.318340 0.897894 -0.304051
vn 0.196231 0.964482 -0.176829
vn 0.318340 0.897894 -0.304051
vn 0.007998 0.999959 -0.004348
vn 0.196231 0.964482 -0.176829
vn 0.742132 0.110402 -0.661098
vn 0.669280 0.349704 -0.655569
vn 0.657568 0.486343 -0.575391
vn 0.669280 0.349704 -0.655569
vn 0.477942 0.766953 -0.428200
vn 0.657568 0.486343 -0.575391
vn 0.669280 0.349704 -0.655569
vn 0.549545 0.649657 -0.525306
vn 0.477942 0.766953 -0.428200
vn 0.549545 0.649657 -0.525306
vn 0.196231 0.964482 -0.176829
vn 0.477942 0.766953 -0.428200
vn 0.687900 0.407471 -0.600634
vn 0.663657 0.529355 -0.528529
vn 0.698808 0.491160 -0.520028
vn -0.096126 0.563050 -0.820813
vn -0.112784 0.715926 -0.689006
vn -0.147557 0.463378 -0.873789
vn -0.147557 0.463378 -0.873789
vn -0.112784 0.715926 -0.689006
vn -0.136344 0.662408 -0.736632
vn -0.112784 0.715926 -0.689006
vn -0.096586 0.861989 -0.497640
vn -0.136344 0.662408 -0.736632
vn -0.112784 0.715926 -0.689006
vn -0.107789 0.875413 -0.471205
vn -0.096586 0.861989 -0.497640
vn -0.107789 0.875413 -0.471205
vn -0.117153 0.942521 -0.312937
vn -0.096586 0.861989 -0.497640
vn -0.107789 0.875413 -0.471205
vn -0.124146 0.938502 -0.322183
vn -0.117153 0.942521 -0.312937
vn -0.998438 0.004330 0.055704
vn -0.935444 0.345343 -0.075380
vn -0.998329 0.005697 0.057511
vn -0.944406 0.325864 -0.043694
vn -0.998438 0.004330 0.055704
vn -0.999687 0.004821 0.024542
vn -0.998438 0.004330 0.055704
vn -0.944406 0.325864 -0.043694
vn -0.935444 0.345343 -0.075380
vn -0.944406 0.325864 -0.043694
vn -0.780257 0.601334 -0.172040
vn -0.935444 0.345343 -0.075380
vn -0.944406 0.325864 -0.043694
vn -0.769624 0.627067 -0.120275
vn -0.780257 0.601334 -0.172040
vn -0.769624 0.627067 -0.120275
vn -0.435942 0.855490 -0.279449
vn -0.780257 0.601334 -0.172040
vn -0.769624 0.627067 -0.120275
vn -0.428263 0.881070 -0.200765
vn -0.435942 0.855490 -0.279449
vn -0.428263 0.881070 -0.200765
vn -0.124146 0.938502 -0.322183
vn -0.435942 0.855490 -0.279449
vn -0.428263 0.881070 -0.200765
vn -0.108517 0.965905 -0.235058
vn -0.124146 0.938502 -0.322183
vn -0.998182 0.005768 -0.059989
vn -0.944406 0.325864 -0.043694
vn -0.999687 0.004821 0.024542
vn -0.769624 0.627067 -0.120275
vn -0.944406 0.325864 -0.043694
vn -0.718906 0.679647 -0.145788
vn -0.944406 0.325864 -0.043694
vn -0.910634 0.398573 -0.109023
vn -0.718906 0.679647 -0.145788
vn -0.944406 0.325864 -0.043694
vn -0.998182 0.005768 -0.059989
vn -0.910634 0.398573 -0.109023
vn -0.108517 0.965905 -0.235058
vn -0.428263 0.881070 -0.200765
vn -0.061418 0.981382 -0.181979
vn -0.718906 0.679647 -0.145788
vn -0.428263 0.881070 -0.200765
vn -0.769624 0.627067 -0.120275
vn -0.718906 0.679647 -0.145788
vn -0.463702 0.870974 -0.162432
vn -0.428263 0.881070 -0.200765
vn -0.463702 0.870974 -0.162432
vn -0.061418 0.981382 -0.181979
vn -0.428263 0.881070 -0.200765
vn -0.463702 0.870974 -0.162432
vn -0.090623 0.983820 -0.154549
vn -0.061418 0.981382 -0.181979
vn -0.988943 0.006181 -0.148171
vn -0.910634 0.398573 -0.109023
vn -0.998182 0.005768 -0.059989
vn -0.988943 0.006181 -0.148171
vn -0.917187 0.354468 -0.181989
vn -0.910634 0.398573 -0.109023
vn -0.917187 0.354468 -0.181989
vn -0.718906 0.679647 -0.145788
vn -0.910634 0.398573 -0.109023
vn -0.917187 0.354468 -0.181989
vn -0.678873 0.707534 -0.196283
vn -0.718906 0.679647 -0.145788
vn -0.678873 0.707534 -0.196283
vn -0.463702 0.870974 -0.162432
vn -0.718906 0.679647 -0.145788
vn -0.678873 0.707534 -0.196283
vn -0.346627 0.921303 -0.176209
vn -0.463702 0.870974 -0.162432
vn -0.346627 0.921303 -0.176209
vn -0.090623 0.983820 -0.154549
vn -0.463702 0.870974 -0.162432
vn -0.346627 0.921303 -0.176209
vn -0.078586 0.986418 -0.144234
vn -0.090623 0.983820 -0.154549
vn -0.078586 0.986418 -0.144234
vn -0.342509 0.921478 -0.183210
vn -0.053319 0.991019 -0.122633
vn -0.078586 0.986418 -0.144234
vn -0.346627 0.921303 -0.176209
vn -0.342509 0.921478 -0.183210
vn -0.346627 0.921303 -0.176209
vn -0.690070 0.682784 -0.240019
vn -0.342509 0.921478 -0.183210
vn -0.346627 0.921303 -0.176209
vn -0.678873 0.707534 -0.196283
vn -0.690070 0.682784 -0.240019
vn -0.678873 0.707534 -0.196283
vn -0.912602 0.321817 -0.252173
vn -0.690070 0.682784 -0.240019
vn -0.678873 0.707534 -0.196283
vn -0.917187 0.354468 -0.181989
vn -0.912602 0.321817 -0.252173
vn -0.972771 0.005401 -0.231706
vn -0.912602 0.321817 -0.252173
vn -0.988943 0.006181 -0.148171
vn -0.912602 0.321817 -0.252173
vn -0.917187 0.354468 -0.181989
vn -0.988943 0.006181 -0.148171
vn -0.053319 0.991019 -0.122633
vn -0.342509 0.921478 -0.183210
vn -0.070471 0.989601 -0.125391
vn -0.342509 0.921478 -0.183210
vn -0.342900 0.920757 -0.186081
vn -0.070471 0.989601 -0.125391
vn -0.342509 0.921478 -0.183210
vn -0.690070 0.682784 -0.240019
vn -0.342900 0.920757 -0.186081
vn -0.690070 0.682784 -0.240019
vn -0.689624 0.679177 -0.251270
vn -0.342900 0.920757 -0.186081
vn -0.690070 0.682784 -0.240019
vn -0.912602 0.321817 -0.252173
vn -0.689624 0.679177 -0.251270
vn -0.912602 0.321817 -0.252173
vn -0.909716 0.314128 -0.271553
vn -0.689624 0.679177 -0.251270
vn -0.912602 0.321817 -0.252173
vn -0.972771 0.005401 -0.231706
vn -0.909716 0.314128 -0.271553
vn -0.972771 0.005401 -0.231706
vn -0.966647 0.005325 -0.256058
vn -0.909716 0.314128 -0.271553
vn -0.940387 0.001221 -0.340104
vn -0.909716 0.314128 -0.271553
vn -0.966647 0.005325 -0.256058
vn -0.070471 0.989601 -0.125391
vn -0.342900 0.920757 -0.186081
vn -0.065220 0.989692 -0.127498
vn -0.342900 0.920757 -0.186081
vn -0.380347 0.896445 -0.227427
vn -0.065220 0.989692 -0.127498
vn -0.342900 0.920757 -0.186081
vn -0.689624 0.679177 -0.251270
vn -0.380347 0.896445 -0.227427
vn -0.689624 0.679177 -0.251270
vn -0.670314 0.674120 -0.310228
vn -0.380347 0.896445 -0.227427
vn -0.689624 0.679177 -0.251270
vn -0.909716 0.314128 -0.271553
vn -0.670314 0.674120 -0.310228
vn -0.909716 0.314128 -0.271553
vn -0.882454 0.313958 -0.350293
vn -0.670314 0.674120 -0.310228
vn -0.909716 0.314128 -0.271553
vn -0.940387 0.001221 -0.340104
vn -0.882454 0.313958 -0.350293
vn -0.380347 0.896445 -0.227427
vn -0.084570 0.987978 -0.129412
vn -0.065220 0.989692 -0.127498
vn -0.927565 0.003008 -0.373649
vn -0.882454 0.313958 -0.350293
vn -0.940387 0.001221 -0.340104
vn -0.927565 0.003008 -0.373649
vn -0.871457 0.316390 -0.374781
vn -0.882454 0.313958 -0.350293
vn -0.871457 0.316390 -0.374781
vn -0.670314 0.674120 -0.310228
vn -0.882454 0.313958 -0.350293
vn -0.871457 0.316390 -0.374781
vn -0.662608 0.674582 -0.325406
vn -0.670314 0.674120 -0.310228
vn -0.662608 0.674582 -0.325406
vn -0.380347 0.896445 -0.227427
vn -0.670314 0.674120 -0.310228
vn -0.662608 0.674582 -0.325406
vn -0.385498 0.891844 -0.236655
vn -0.380347 0.896445 -0.227427
vn -0.385498 0.891844 -0.236655
vn -0.084570 0.987978 -0.129412
vn -0.380347 0.896445 -0.227427
vn -0.385498 0.891844 -0.236655
vn -0.068841 0.990578 -0.118390
vn -0.084570 0.987978 -0.129412
vn -0.988943 0.006181 -0.148171
vn -0.985345 0.005928 -0.170472
vn -0.972771 0.005401 -0.231706
vn -0.985345 0.005928 -0.170472
vn -0.969316 0.005829 -0.245747
vn -0.972771 0.005401 -0.231706
vn -0.972771 0.005401 -0.231706
vn -0.969316 0.005829 -0.245747
vn -0.966647 0.005325 -0.256058
vn -0.969316 0.005829 -0.245747
vn -0.954475 0.005083 -0.298248
vn -0.966647 0.005325 -0.256058
vn -0.954475 0.005083 -0.298248
vn -0.940387 0.001221 -0.340104
vn -0.966647 0.005325 -0.256058
vn -0.080364 0.996347 -0.028868
vn -0.361402 0.927245 -0.098006
vn -0.013419 0.999896 -0.005379
vn -0.954475 0.005083 -0.298248
vn -0.969316 0.005829 -0.245747
vn -0.830254 0.484793 -0.275053
vn -0.969316 0.005829 -0.245747
vn -0.888369 0.391303 -0.240170
vn -0.830254 0.484793 -0.275053
vn -0.888369 0.391303 -0.240170
vn -0.498714 0.850279 -0.168254
vn -0.830254 0.484793 -0.275053
vn -0.888369 0.391303 -0.240170
vn -0.683761 0.706174 -0.183820
vn -0.498714 0.850279 -0.168254
vn -0.683761 0.706174 -0.183820
vn -0.361402 0.927245 -0.098006
vn -0.498714 0.850279 -0.168254
vn -0.361402 0.927245 -0.098006
vn -0.080364 0.996347 -0.028868
vn -0.498714 0.850279 -0.168254
vn -0.154021 0.986104 -0.062269
vn -0.080364 0.996347 -0.028868
vn -0.006119 0.999970 -0.004761
vn -0.830254 0.484793 -0.275053
vn -0.930335 0.008516 -0.366613
vn -0.954475 0.005083 -0.298248
vn -0.080364 0.996347 -0.028868
vn -0.154021 0.986104 -0.062269
vn -0.498714 0.850279 -0.168254
vn -0.154021 0.986104 -0.062269
vn -0.461764 0.866945 -0.187564
vn -0.498714 0.850279 -0.168254
vn -0.461764 0.866945 -0.187564
vn -0.720989 0.628810 -0.291157
vn -0.498714 0.850279 -0.168254
vn -0.720989 0.628810 -0.291157
vn -0.830254 0.484793 -0.275053
vn -0.498714 0.850279 -0.168254
vn -0.720989 0.628810 -0.291157
vn -0.924814 0.015594 -0.380100
vn -0.830254 0.484793 -0.275053
vn -0.924814 0.015594 -0.380100
vn -0.930335 0.008516 -0.366613
vn -0.830254 0.484793 -0.275053
vn -0.924814 0.015594 -0.380100
vn -0.921656 0.008730 -0.387910
vn -0.930335 0.008516 -0.366613
vn -0.006303 0.999963 -0.005841
vn -0.205043 0.974001 -0.096326
vn -0.006119 0.999970 -0.004761
vn -0.205043 0.974001 -0.096326
vn -0.154021 0.986104 -0.062269
vn -0.006119 0.999970 -0.004761
vn -0.205043 0.974001 -0.096326
vn -0.534375 0.810914 -0.238460
vn -0.154021 0.986104 -0.062269
vn -0.534375 0.810914 -0.238460
vn -0.461764 0.866945 -0.187564
vn -0.154021 0.986104 -0.062269
vn -0.921656 0.008730 -0.387910
vn -0.924814 0.015594 -0.380100
vn -0.813675 0.455783 -0.360826
vn -0.924814 0.015594 -0.380100
vn -0.720989 0.628810 -0.291157
vn -0.813675 0.455783 -0.360826
vn -0.720989 0.628810 -0.291157
vn -0.461764 0.866945 -0.187564
vn -0.813675 0.455783 -0.360826
vn -0.461764 0.866945 -0.187564
vn -0.534375 0.810914 -0.238460
vn -0.813675 0.455783 -0.360826
vn 0.003843 0.999993 -0.000429
vn -0.000072 0.999878 -0.015621
vn -0.004301 0.999721 -0.023236
vn 0.003815 0.999993 -0.000423
vn 0.004678 0.999923 -0.011456
vn 0.002774 0.999882 -0.015137
vn 0.004678 0.999923 -0.011456
vn 0.003815 0.999993 -0.000423
vn 0.008763 0.999800 -0.017964
vn 0.003815 0.999993 -0.000423
vn 0.012756 0.999730 -0.019443
vn 0.008763 0.999800 -0.017964
vn 0.003815 0.999993 -0.000423
vn 0.024331 0.999559 -0.017046
vn 0.012756 0.999730 -0.019443
vn 0.003864 0.999993 -0.000404
vn 0.001874 0.999993 -0.003298
vn 0.003867 0.999992 -0.000473
vn 0.001874 0.999993 -0.003298
vn 0.003864 0.999993 -0.000404
vn 0.003843 0.999993 -0.000429
vn 0.003864 0.999993 -0.000404
vn -0.000072 0.999878 -0.015621
vn 0.003843 0.999993 -0.000429
vn 0.003864 0.999993 -0.000404
vn 0.003843 0.999993 -0.000399
vn -0.000072 0.999878 -0.015621
vn 0.003843 0.999993 -0.000399
vn 0.002774 0.999882 -0.015137
vn -0.000072 0.999878 -0.015621
vn 0.003843 0.999993 -0.000399
vn 0.003841 0.999993 -0.000406
vn 0.002774 0.999882 -0.015137
vn 0.003841 0.999993 -0.000406
vn 0.003815 0.999993 -0.000423
vn 0.002774 0.999882 -0.015137
vn 0.003841 0.999993 -0.000406
vn 0.003862 0.999992 -0.000524
vn 0.003815 0.999993 -0.000423
vn 0.003862 0.999992 -0.000524
vn 0.011345 0.999935 0.000810
vn 0.003815 0.999993 -0.000423
vn 0.003862 0.999992 -0.000524
vn 0.003870 0.999992 -0.000519
vn 0.011345 0.999935 0.000810
vn -0.009416 0.999895 -0.011019
vn 0.003632 0.999993 -0.000696
vn -0.028976 0.999406 -0.018634
vn -0.189688 0.981094 0.038378
vn -0.057696 0.998334 -0.000662
vn -0.008659 0.999945 0.005953
vn -0.057696 0.998334 -0.000662
vn 0.001169 0.999997 0.002012
vn -0.008659 0.999945 0.005953
vn -0.057696 0.998334 -0.000662
vn -0.021498 0.999768 0.001219
vn 0.001169 0.999997 0.002012
vn -0.021498 0.999768 0.001219
vn 0.006312 0.999977 0.002687
vn 0.001169 0.999997 0.002012
vn 0.006312 0.999977 0.002687
vn 0.000683 0.999989 0.004577
vn 0.001169 0.999997 0.002012
vn 0.004147 0.999991 -0.000434
vn 0.004070 0.999992 -0.000397
vn -0.031028 0.999426 -0.013618
vn 0.004070 0.999992 -0.000397
vn -0.028743 0.999374 -0.020614
vn -0.031028 0.999426 -0.013618
vn 0.004070 0.999992 -0.000397
vn 0.003987 0.999992 -0.000396
vn -0.028743 0.999374 -0.020614
vn 0.003987 0.999992 -0.000396
vn -0.026306 0.999265 -0.027880
vn -0.028743 0.999374 -0.020614
vn 0.003987 0.999992 -0.000396
vn 0.003912 0.999992 -0.000426
vn -0.026306 0.999265 -0.027880
vn 0.003912 0.999992 -0.000426
vn -0.020618 0.999245 -0.032942
vn -0.026306 0.999265 -0.027880
vn 0.003912 0.999992 -0.000426
vn 0.003867 0.999992 -0.000473
vn -0.020618 0.999245 -0.032942
vn 0.003867 0.999992 -0.000473
vn -0.011372 0.999594 -0.026114
vn -0.020618 0.999245 -0.032942
vn 0.003867 0.999992 -0.000473
vn 0.001874 0.999993 -0.003298
vn -0.011372 0.999594 -0.026114
vn 0.004147 0.999991 -0.000737
vn 0.004206 0.999991 -0.000666
vn -0.021876 0.999655 0.014524
vn 0.004206 0.999991 -0.000666
vn -0.032940 0.999342 0.015192
vn -0.021876 0.999655 0.014524
vn 0.004206 0.999991 -0.000666
vn 0.004228 0.999991 -0.000572
vn -0.032940 0.999342 0.015192
vn 0.004228 0.999991 -0.000572
vn -0.036671 0.999294 0.008156
vn -0.032940 0.999342 0.015192
vn 0.004228 0.999991 -0.000572
vn 0.004235 0.999991 -0.000473
vn -0.036671 0.999294 0.008156
vn 0.004235 0.999991 -0.000473
vn -0.036863 0.999320 0.000206
vn -0.036671 0.999294 0.008156
vn 0.004235 0.999991 -0.000473
vn 0.004147 0.999991 -0.000434
vn -0.036863 0.999320 0.000206
vn 0.004147 0.999991 -0.000434
vn -0.034543 0.999376 -0.007315
vn -0.036863 0.999320 0.000206
vn 0.004147 0.999991 -0.000434
vn -0.031028 0.999426 -0.013618
vn -0.034543 0.999376 -0.007315
vn 0.001318 0.999954 0.009479
vn 0.000683 0.999989 0.004577
vn 0.003853 0.999992 -0.000501
vn 0.000683 0.999989 0.004577
vn 0.003851 0.999992 -0.000501
vn 0.003853 0.999992 -0.000501
vn 0.000683 0.999989 0.004577
vn 0.001339 0.999998 -0.001146
vn 0.003851 0.999992 -0.000501
vn 0.003853 0.999992 -0.000500
vn 0.001056 0.999140 0.041454
vn 0.003852 0.999992 -0.000498
vn 0.006312 0.999977 0.002687
vn -0.003803 0.999986 -0.003562
vn 0.000683 0.999989 0.004577
vn -0.003803 0.999986 -0.003562
vn 0.001339 0.999998 -0.001146
vn 0.000683 0.999989 0.004577
vn -0.003803 0.999986 -0.003562
vn -0.019513 0.999775 -0.008331
vn 0.001339 0.999998 -0.001146
vn -0.019513 0.999775 -0.008331
vn 0.003632 0.999993 -0.000696
vn 0.001339 0.999998 -0.001146
vn 0.003632 0.999993 -0.000696
vn -0.009416 0.999895 -0.011019
vn -0.010073 0.999905 -0.009371
vn 0.001056 0.999140 0.041454
vn 0.001809 0.999072 0.043026
vn 0.003852 0.999992 -0.000498
vn 0.001809 0.999072 0.043026
vn 0.003857 0.999992 -0.000500
vn 0.003852 0.999992 -0.000498
vn 0.001809 0.999072 0.043026
vn 0.000500 0.999741 0.022755
vn 0.003857 0.999992 -0.000500
vn 0.000500 0.999741 0.022755
vn 0.003853 0.999992 -0.000492
vn 0.003857 0.999992 -0.000500
vn 0.000500 0.999741 0.022755
vn 0.001318 0.999954 0.009479
vn 0.003853 0.999992 -0.000492
vn 0.001318 0.999954 0.009479
vn 0.003852 0.999992 -0.000500
vn 0.003853 0.999992 -0.000492
vn 0.001318 0.999954 0.009479
vn 0.003853 0.999992 -0.000501
vn 0.003852 0.999992 -0.000500
vn 0.003632 0.999993 -0.000696
vn -0.019513 0.999775 -0.008331
vn -0.028976 0.999406 -0.018634
vn 0.003853 0.999992 -0.000500
vn 0.003852 0.999992 -0.000501
vn 0.001056 0.999140 0.041454
vn 0.003852 0.999992 -0.000501
vn -0.004353 0.999166 0.040590
vn 0.001056 0.999140 0.041454
vn 0.003852 0.999992 -0.000501
vn 0.003802 0.999993 -0.000506
vn -0.004353 0.999166 0.040590
vn 0.003802 0.999993 -0.000506
vn -0.013205 0.998911 0.044755
vn -0.004353 0.999166 0.040590
vn 0.003802 0.999993 -0.000506
vn 0.003982 0.999992 -0.000784
vn -0.013205 0.998911 0.044755
vn 0.003982 0.999992 -0.000784
vn -0.015655 0.999335 0.032938
vn -0.013205 0.998911 0.044755
vn 0.003982 0.999992 -0.000784
vn 0.004078 0.999991 -0.000778
vn -0.015655 0.999335 0.032938
vn 0.004078 0.999991 -0.000778
vn -0.022429 0.999315 0.029440
vn -0.015655 0.999335 0.032938
vn 0.004078 0.999991 -0.000778
vn 0.004147 0.999991 -0.000737
vn -0.022429 0.999315 0.029440
vn 0.004147 0.999991 -0.000737
vn -0.029765 0.999132 0.029140
vn -0.022429 0.999315 0.029440
vn 0.004147 0.999991 -0.000737
vn -0.021876 0.999655 0.014524
vn -0.029765 0.999132 0.029140
vn 0.003597 0.999993 -0.000623
vn 0.003632 0.999993 -0.000696
vn -0.001764 0.999993 -0.003461
vn 0.003632 0.999993 -0.000696
vn -0.010073 0.999905 -0.009371
vn -0.001764 0.999993 -0.003461
vn -0.006303 0.999963 -0.005841
vn 0.003597 0.999993 -0.000623
vn 0.002285 0.999986 -0.004728
vn 0.003597 0.999993 -0.000623
vn -0.026513 0.999529 -0.015490
vn 0.002285 0.999986 -0.004728
vn 0.003597 0.999993 -0.000623
vn -0.001764 0.999993 -0.003461
vn -0.026513 0.999529 -0.015490
vn -0.221765 0.967379 0.122467
vn -0.189688 0.981094 0.038378
vn -0.008659 0.999945 0.005953
vn -0.189688 0.981094 0.038378
vn -0.221765 0.967379 0.122467
vn -0.363944 0.924656 0.112050
vn -0.221765 0.967379 0.122467
vn -0.306297 0.936957 0.168206
vn -0.363944 0.924656 0.112050
vn -0.306297 0.936957 0.168206
vn -0.589469 0.778280 0.216349
vn -0.363944 0.924656 0.112050
vn -0.306297 0.936957 0.168206
vn -0.433596 0.831711 0.346773
vn -0.589469 0.778280 0.216349
vn -0.433596 0.831711 0.346773
vn -0.306297 0.936957 0.168206
vn -0.325313 0.898481 0.294794
vn -0.306297 0.936957 0.168206
vn -0.181247 0.969940 0.162377
vn -0.325313 0.898481 0.294794
vn -0.306297 0.936957 0.168206
vn -0.221765 0.967379 0.122467
vn -0.181247 0.969940 0.162377
vn -0.221765 0.967379 0.122467
vn 0.001169 0.999997 0.002012
vn -0.181247 0.969940 0.162377
vn -0.221765 0.967379 0.122467
vn -0.008659 0.999945 0.005953
vn 0.001169 0.999997 0.002012
vn -0.512621 0.705747 0.489021
vn -0.525505 0.507229 0.683054
vn -0.433094 0.705117 0.561463
vn -0.377878 0.001834 0.925854
vn -0.370245 0.001987 0.928932
vn -0.485728 0.002447 0.874107
vn -0.370245 0.001987 0.928932
vn -0.492133 0.014593 0.870398
vn -0.485728 0.002447 0.874107
vn -0.370245 0.001987 0.928932
vn -0.366146 0.002940 0.930553
vn -0.492133 0.014593 0.870398
vn -0.352244 0.281412 0.892598
vn -0.478085 0.186981 0.858180
vn -0.343601 0.160836 0.925241
vn -0.478085 0.186981 0.858180
vn -0.365721 0.084921 0.926842
vn -0.343601 0.160836 0.925241
vn -0.478085 0.186981 0.858180
vn -0.492133 0.014593 0.870398
vn -0.365721 0.084921 0.926842
vn -0.492133 0.014593 0.870398
vn -0.367008 0.023193 0.929929
vn -0.365721 0.084921 0.926842
vn -0.492133 0.014593 0.870398
vn -0.366146 0.002940 0.930553
vn -0.367008 0.023193 0.929929
vn -0.352244 0.281412 0.892598
vn -0.337793 0.393307 0.855106
vn -0.478085 0.186981 0.858180
vn -0.337793 0.393307 0.855106
vn -0.419400 0.506248 0.753536
vn -0.478085 0.186981 0.858180
vn -0.337793 0.393307 0.855106
vn -0.306933 0.481242 0.821096
vn -0.419400 0.506248 0.753536
vn -0.325761 0.845900 0.422295
vn -0.341823 0.704748 0.621681
vn -0.254076 0.839610 0.480105
vn -0.306933 0.481242 0.821096
vn -0.280236 0.641881 0.713762
vn -0.419400 0.506248 0.753536
vn -0.280236 0.641881 0.713762
vn -0.341823 0.704748 0.621681
vn -0.419400 0.506248 0.753536
vn -0.280236 0.641881 0.713762
vn -0.220869 0.748826 0.624881
vn -0.341823 0.704748 0.621681
vn -0.220869 0.748826 0.624881
vn -0.254076 0.839610 0.480105
vn -0.341823 0.704748 0.621681
vn -0.220869 0.748826 0.624881
vn -0.176415 0.823946 0.538508
vn -0.254076 0.839610 0.480105
vn -0.505201 0.830555 0.234415
vn -0.589932 0.703480 0.396354
vn -0.471919 0.822702 0.316946
vn -0.589932 0.703480 0.396354
vn -0.390021 0.848494 0.357689
vn -0.471919 0.822702 0.316946
vn -0.505201 0.830555 0.234415
vn -0.658885 0.690672 0.298065
vn -0.589932 0.703480 0.396354
vn -0.658885 0.690672 0.298065
vn -0.712580 0.507570 0.484357
vn -0.589932 0.703480 0.396354
vn -0.658885 0.690672 0.298065
vn -0.803275 0.472926 0.362064
vn -0.712580 0.507570 0.484357
vn -0.803275 0.472926 0.362064
vn -0.812986 0.188579 0.550901
vn -0.712580 0.507570 0.484357
vn -0.803275 0.472926 0.362064
vn -0.897369 0.170516 0.407005
vn -0.812986 0.188579 0.550901
vn -0.897369 0.170516 0.407005
vn -0.820022 0.016540 0.572093
vn -0.812986 0.188579 0.550901
vn -0.897369 0.170516 0.407005
vn -0.910564 0.029345 0.412325
vn -0.820022 0.016540 0.572093
vn -0.325761 0.845900 0.422295
vn -0.433094 0.705117 0.561463
vn -0.341823 0.704748 0.621681
vn -0.433094 0.705117 0.561463
vn -0.419400 0.506248 0.753536
vn -0.341823 0.704748 0.621681
vn -0.433094 0.705117 0.561463
vn -0.525505 0.507229 0.683054
vn -0.419400 0.506248 0.753536
vn -0.525505 0.507229 0.683054
vn -0.478085 0.186981 0.858180
vn -0.419400 0.506248 0.753536
vn -0.525505 0.507229 0.683054
vn -0.600265 0.187636 0.777480
vn -0.478085 0.186981 0.858180
vn -0.600265 0.187636 0.777480
vn -0.492133 0.014593 0.870398
vn -0.478085 0.186981 0.858180
vn -0.600265 0.187636 0.777480
vn -0.611697 0.014023 0.790968
vn -0.492133 0.014593 0.870398
vn -0.611697 0.014023 0.790968
vn -0.485728 0.002447 0.874107
vn -0.492133 0.014593 0.870398
vn -0.611697 0.014023 0.790968
vn -0.611803 0.002947 0.791005
vn -0.485728 0.002447 0.874107
vn -0.512621 0.705747 0.489021
vn -0.627653 0.507574 0.590271
vn -0.525505 0.507229 0.683054
vn -0.627653 0.507574 0.590271
vn -0.600265 0.187636 0.777480
vn -0.525505 0.507229 0.683054
vn -0.627653 0.507574 0.590271
vn -0.716494 0.188028 0.671775
vn -0.600265 0.187636 0.777480
vn -0.716494 0.188028 0.671775
vn -0.611697 0.014023 0.790968
vn -0.600265 0.187636 0.777480
vn -0.716494 0.188028 0.671775
vn -0.729925 0.014423 0.683375
vn -0.611697 0.014023 0.790968
vn -0.729925 0.014423 0.683375
vn -0.611803 0.002947 0.791005
vn -0.611697 0.014023 0.790968
vn -0.729925 0.014423 0.683375
vn -0.730030 0.003349 0.683407
vn -0.611803 0.002947 0.791005
vn -0.325761 0.845900 0.422295
vn -0.390021 0.848494 0.357689
vn -0.433094 0.705117 0.561463
vn -0.390021 0.848494 0.357689
vn -0.512621 0.705747 0.489021
vn -0.433094 0.705117 0.561463
vn -0.390021 0.848494 0.357689
vn -0.589932 0.703480 0.396354
vn -0.512621 0.705747 0.489021
vn -0.589932 0.703480 0.396354
vn -0.627653 0.507574 0.590271
vn -0.512621 0.705747 0.489021
vn -0.589932 0.703480 0.396354
vn -0.712580 0.507570 0.484357
vn -0.627653 0.507574 0.590271
vn -0.712580 0.507570 0.484357
vn -0.716494 0.188028 0.671775
vn -0.627653 0.507574 0.590271
vn -0.712580 0.507570 0.484357
vn -0.812986 0.188579 0.550901
vn -0.716494 0.188028 0.671775
vn -0.812986 0.188579 0.550901
vn -0.729925 0.014423 0.683375
vn -0.716494 0.188028 0.671775
vn -0.812986 0.188579 0.550901
vn -0.820022 0.016540 0.572093
vn -0.729925 0.014423 0.683375
vn -0.820022 0.016540 0.572093
vn -0.730030 0.003349 0.683407
vn -0.729925 0.014423 0.683375
vn -0.820022 0.016540 0.572093
vn -0.829602 0.003670 0.558343
vn -0.730030 0.003349 0.683407
vn -0.829602 0.003670 0.558343
vn -0.820022 0.016540 0.572093
vn -0.907053 0.003800 0.420999
vn -0.820022 0.016540 0.572093
vn -0.914141 0.003899 0.405377
vn -0.907053 0.003800 0.420999
vn -0.820022 0.016540 0.572093
vn -0.910564 0.029345 0.412325
vn -0.914141 0.003899 0.405377
vn -0.192344 0.770248 0.608048
vn -0.104352 0.933047 0.344288
vn -0.076688 0.776030 0.626016
vn -0.104352 0.933047 0.344288
vn -0.039847 0.931536 0.361459
vn -0.076688 0.776030 0.626016
vn -0.325313 0.898481 0.294794
vn -0.181247 0.969940 0.162377
vn -0.263458 0.920015 0.290108
vn -0.181247 0.969940 0.162377
vn 0.000683 0.999989 0.004577
vn -0.263458 0.920015 0.290108
vn -0.181247 0.969940 0.162377
vn 0.001169 0.999997 0.002012
vn 0.000683 0.999989 0.004577
vn 0.001318 0.999954 0.009479
vn -0.145958 0.930987 0.334603
vn 0.000683 0.999989 0.004577
vn -0.145958 0.930987 0.334603
vn -0.263458 0.920015 0.290108
vn 0.000683 0.999989 0.004577
vn -0.145958 0.930987 0.334603
vn -0.345163 0.770450 0.535976
vn -0.263458 0.920015 0.290108
vn -0.345163 0.770450 0.535976
vn -0.325313 0.898481 0.294794
vn -0.263458 0.920015 0.290108
vn -0.345163 0.770450 0.535976
vn -0.433596 0.831711 0.346773
vn -0.325313 0.898481 0.294794
vn -0.345163 0.770450 0.535976
vn -0.145958 0.930987 0.334603
vn -0.192344 0.770248 0.608048
vn -0.145958 0.930987 0.334603
vn -0.104352 0.933047 0.344288
vn -0.192344 0.770248 0.608048
vn -0.145958 0.930987 0.334603
vn 0.001318 0.999954 0.009479
vn -0.104352 0.933047 0.344288
vn 0.001318 0.999954 0.009479
vn -0.039847 0.931536 0.361459
vn -0.104352 0.933047 0.344288
vn 0.001318 0.999954 0.009479
vn 0.000500 0.999741 0.022755
vn -0.039847 0.931536 0.361459
vn -0.176415 0.823946 0.538508
vn -0.120987 0.770498 0.625855
vn -0.093878 0.960894 0.260518
vn -0.093878 0.960894 0.260518
vn -0.120987 0.770498 0.625855
vn -0.055495 0.958237 0.280539
vn -0.120987 0.770498 0.625855
vn -0.012140 0.950128 0.311623
vn -0.055495 0.958237 0.280539
vn -0.120987 0.770498 0.625855
vn -0.044115 0.758647 0.650007
vn -0.012140 0.950128 0.311623
vn -0.044115 0.758647 0.650007
vn -0.029860 0.769781 0.637609
vn -0.012140 0.950128 0.311623
vn -0.029860 0.769781 0.637609
vn -0.013868 0.962452 0.271098
vn -0.012140 0.950128 0.311623
vn -0.076688 0.776030 0.626016
vn -0.039847 0.931536 0.361459
vn -0.029860 0.769781 0.637609
vn -0.039847 0.931536 0.361459
vn -0.013868 0.962452 0.271098
vn -0.029860 0.769781 0.637609
vn -0.039847 0.931536 0.361459
vn 0.000500 0.999741 0.022755
vn -0.013868 0.962452 0.271098
vn 0.000500 0.999741 0.022755
vn 0.001809 0.999072 0.043026
vn -0.013868 0.962452 0.271098
vn 0.001809 0.999072 0.043026
vn -0.012140 0.950128 0.311623
vn -0.013868 0.962452 0.271098
vn 0.001809 0.999072 0.043026
vn 0.001056 0.999140 0.041454
vn -0.012140 0.950128 0.311623
vn 0.001056 0.999140 0.041454
vn -0.055495 0.958237 0.280539
vn -0.012140 0.950128 0.311623
vn 0.001056 0.999140 0.041454
vn -0.004353 0.999166 0.040590
vn -0.055495 0.958237 0.280539
vn -0.004353 0.999166 0.040590
vn -0.093878 0.960894 0.260518
vn -0.055495 0.958237 0.280539
vn -0.004353 0.999166 0.040590
vn -0.013205 0.998911 0.044755
vn -0.093878 0.960894 0.260518
vn -0.004029 -0.999992 0.000600
vn -0.003639 -0.999993 0.000754
vn -0.003898 -0.999992 0.000530
vn -0.004129 -0.999991 0.000771
vn -0.004061 -0.999991 0.000838
vn -0.004190 -0.999991 0.000799
vn -0.004129 -0.999991 0.000771
vn -0.003605 -0.999993 0.001037
vn -0.004061 -0.999991 0.000838
vn -0.003605 -0.999993 0.001037
vn -0.003916 -0.999992 0.000806
vn -0.004061 -0.999991 0.000838
vn -0.003605 -0.999993 0.001037
vn -0.003639 -0.999993 0.000754
vn -0.003916 -0.999992 0.000806
vn -0.003639 -0.999993 0.000754
vn -0.004029 -0.999992 0.000600
vn -0.003916 -0.999992 0.000806
vn -0.004190 -0.999991 0.000799
vn -0.004126 -0.999991 0.000852
vn -0.004129 -0.999991 0.000771
vn -0.004613 -0.999989 -0.000090
vn -0.004168 -0.999991 0.000907
vn -0.004174 -0.999991 0.000878
vn -0.004168 -0.999991 0.000907
vn -0.004182 -0.999991 0.000877
vn -0.004174 -0.999991 0.000878
vn -0.004168 -0.999991 0.000907
vn -0.004172 -0.999991 0.000866
vn -0.004182 -0.999991 0.000877
vn -0.004172 -0.999991 0.000866
vn -0.004190 -0.999991 0.000799
vn -0.004182 -0.999991 0.000877
vn -0.004172 -0.999991 0.000866
vn -0.004126 -0.999991 0.000852
vn -0.004190 -0.999991 0.000799
vn -0.003890 -0.999989 0.002623
vn -0.004320 -0.999991 0.000595
vn -0.003869 -0.999992 0.000814
vn -0.004320 -0.999991 0.000595
vn -0.003948 -0.999992 0.000697
vn -0.003869 -0.999992 0.000814
vn -0.004613 -0.999989 -0.000090
vn -0.004174 -0.999991 0.000878
vn -0.003871 -0.999992 0.000668
vn -0.004174 -0.999991 0.000878
vn -0.003040 -0.999993 0.002326
vn -0.003871 -0.999992 0.000668
vn -0.004174 -0.999991 0.000878
vn -0.003948 -0.999992 0.000697
vn -0.003040 -0.999993 0.002326
vn -0.003948 -0.999992 0.000697
vn -0.005500 -0.999982 -0.002260
vn -0.003040 -0.999993 0.002326
vn -0.003948 -0.999992 0.000697
vn -0.004320 -0.999991 0.000595
vn -0.005500 -0.999982 -0.002260
vn 0.519017 -0.002427 -0.854760
vn 0.650887 -0.002888 -0.759169
vn 0.479194 -0.003799 -0.877701
vn 0.519017 -0.002427 -0.854760
vn 0.495090 -0.001213 -0.868841
vn 0.650887 -0.002888 -0.759169
vn -0.232892 0.001385 0.972502
vn -0.405786 0.002817 0.913964
vn -0.409354 0.002035 0.912373
vn 0.495090 -0.001213 -0.868841
vn 0.627303 -0.002807 -0.778770
vn 0.650887 -0.002888 -0.759169
vn 0.627303 -0.002807 -0.778770
vn 0.788527 -0.003346 -0.614991
vn 0.650887 -0.002888 -0.759169
vn 0.627303 -0.002807 -0.778770
vn 0.788527 -0.003346 -0.614991
vn 0.788527 -0.003346 -0.614991
vn 0.788527 -0.003346 -0.614991
vn 0.907690 -0.003707 -0.419626
vn 0.788527 -0.003346 -0.614991
vn 0.788527 -0.003346 -0.614991
vn 0.907690 -0.003707 -0.419626
vn 0.907690 -0.003707 -0.419626
vn 0.907690 -0.003707 -0.419626
vn 0.979464 -0.003874 -0.201580
vn 0.907690 -0.003707 -0.419626
vn 0.907690 -0.003707 -0.419626
vn 0.979465 -0.003875 -0.201579
vn 0.979464 -0.003874 -0.201580
vn 0.979465 -0.003875 -0.201579
vn 0.999616 -0.003837 0.027445
vn 0.979464 -0.003874 -0.201580
vn 0.979465 -0.003875 -0.201579
vn 0.999616 -0.003837 0.027447
vn 0.999616 -0.003837 0.027445
vn 0.999616 -0.003837 0.027447
vn 0.967191 -0.003599 0.254024
vn 0.999616 -0.003837 0.027445
vn 0.999616 -0.003837 0.027447
vn 0.967191 -0.003599 0.254026
vn 0.967191 -0.003599 0.254024
vn 0.967191 -0.003599 0.254026
vn 0.883993 -0.003172 0.467490
vn 0.967191 -0.003599 0.254024
vn 0.967191 -0.003599 0.254026
vn 0.883992 -0.003172 0.467491
vn 0.883993 -0.003172 0.467490
vn 0.883992 -0.003172 0.467491
vn 0.754701 -0.002579 0.656064
vn 0.883993 -0.003172 0.467490
vn 0.883992 -0.003172 0.467491
vn 0.754701 -0.002579 0.656064
vn 0.754701 -0.002579 0.656064
vn 0.754701 -0.002579 0.656064
vn 0.584688 -0.001847 0.811256
vn 0.754701 -0.002579 0.656064
vn 0.754701 -0.002579 0.656064
vn 0.584686 -0.001846 0.811258
vn 0.584688 -0.001847 0.811256
vn 0.584686 -0.001846 0.811258
vn 0.385062 -0.001021 0.922890
vn 0.584688 -0.001847 0.811256
vn 0.584686 -0.001846 0.811258
vn 0.385056 -0.001021 0.922893
vn 0.385062 -0.001021 0.922890
vn 0.385056 -0.001021 0.922893
vn 0.164404 -0.000139 0.986393
vn 0.385062 -0.001021 0.922890
vn 0.385056 -0.001021 0.922893
vn 0.164400 -0.000139 0.986394
vn 0.164404 -0.000139 0.986393
vn 0.164400 -0.000139 0.986394
vn -0.065119 0.000751 0.997877
vn 0.164404 -0.000139 0.986393
vn 0.164400 -0.000139 0.986394
vn -0.065124 0.000751 0.997877
vn -0.065119 0.000751 0.997877
vn -0.065124 0.000751 0.997877
vn -0.232892 0.001385 0.972502
vn -0.065119 0.000751 0.997877
vn -0.065124 0.000751 0.997877
vn -0.233588 0.001387 0.972335
vn -0.232892 0.001385 0.972502
vn -0.233588 0.001387 0.972335
vn -0.405786 0.002817 0.913964
vn -0.232892 0.001385 0.972502
vn -0.233588 0.001387 0.972335
vn -0.373940 0.001905 0.927451
vn -0.405786 0.002817 0.913964
vn -0.901292 -0.005900 0.433171
vn -0.877078 0.007043 0.480296
vn -0.865779 0.003609 0.500414
vn -0.901292 -0.005900 0.433171
vn -0.916507 -0.002820 0.400010
vn -0.877078 0.007043 0.480296
vn -0.916507 -0.002820 0.400010
vn -0.903430 0.008716 0.428648
vn -0.877078 0.007043 0.480296
vn -0.916507 -0.002820 0.400010
vn -0.956739 0.004044 0.290920
vn -0.903430 0.008716 0.428648
vn -0.903430 0.008716 0.428648
vn -0.956739 0.004044 0.290920
vn -0.940008 0.003653 0.341132
vn -0.956739 0.004044 0.290920
vn -0.970562 0.003868 0.240821
vn -0.940008 0.003653 0.341132
vn -0.956739 0.004044 0.290920
vn -0.977111 0.014297 0.212249
vn -0.970562 0.003868 0.240821
vn -0.977111 0.014297 0.212249
vn -0.982182 0.003748 0.187893
vn -0.970562 0.003868 0.240821
vn -0.977111 0.014297 0.212249
vn -0.985950 0.013682 0.166481
vn -0.982182 0.003748 0.187893
vn -0.985950 0.013682 0.166481
vn -0.996626 0.002728 0.082031
vn -0.982182 0.003748 0.187893
vn -0.985950 0.013682 0.166481
vn -0.999467 0.006857 0.031911
vn -0.996626 0.002728 0.082031
vn -0.999467 0.006857 0.031911
vn -0.999985 0.004359 -0.003427
vn -0.996626 0.002728 0.082031
vn -0.999467 0.006857 0.031911
vn -0.999806 0.003393 -0.019398
vn -0.999985 0.004359 -0.003427
vn -0.999806 0.003393 -0.019398
vn -0.994950 0.000617 -0.100370
vn -0.999985 0.004359 -0.003427
vn -0.994950 0.000617 -0.100370
vn -0.994146 0.004260 -0.107960
vn -0.999985 0.004359 -0.003427
vn -0.994950 0.000617 -0.100370
vn -0.987034 0.002246 -0.160494
vn -0.994146 0.004260 -0.107960
vn -0.987034 0.002246 -0.160494
vn -0.982931 0.002207 -0.183959
vn -0.994146 0.004260 -0.107960
vn -0.987034 0.002246 -0.160494
vn -0.971109 0.005796 -0.238566
vn -0.982931 0.002207 -0.183959
vn -0.971109 0.005796 -0.238566
vn -0.960205 0.003335 -0.279277
vn -0.982931 0.002207 -0.183959
vn -0.971109 0.005796 -0.238566
vn -0.962231 0.005566 -0.272177
vn -0.960205 0.003335 -0.279277
vn -0.962231 0.005566 -0.272177
vn -0.952222 0.003468 -0.305386
vn -0.960205 0.003335 -0.279277
vn -0.962231 0.005566 -0.272177
vn -0.909042 0.009553 -0.416594
vn -0.952222 0.003468 -0.305386
vn -0.952222 0.003468 -0.305386
vn -0.909042 0.009553 -0.416594
vn -0.932546 0.003064 -0.361038
vn -0.909042 0.009553 -0.416594
vn -0.902755 0.003245 -0.430142
vn -0.932546 0.003064 -0.361038
vn -0.909042 0.009553 -0.416594
vn -0.890343 0.005934 -0.455251
vn -0.902755 0.003245 -0.430142
vn -0.890343 0.005934 -0.455251
vn -0.885462 0.003311 -0.464699
vn -0.902755 0.003245 -0.430142
vn -0.890343 0.005934 -0.455251
vn -0.789693 0.010592 -0.613411
vn -0.885462 0.003311 -0.464699
vn -0.885462 0.003311 -0.464699
vn -0.789693 0.010592 -0.613411
vn -0.834133 0.001361 -0.551561
vn -0.789693 0.010592 -0.613411
vn -0.777092 0.004493 -0.629371
vn -0.834133 0.001361 -0.551561
vn -0.789693 0.010592 -0.613411
vn -0.761956 0.007416 -0.647587
vn -0.777092 0.004493 -0.629371
vn -0.761956 0.007416 -0.647587
vn -0.741893 0.002432 -0.670514
vn -0.777092 0.004493 -0.629371
vn -0.761956 0.007416 -0.647587
vn -0.691063 0.002817 -0.722789
vn -0.741893 0.002432 -0.670514
vn -0.691063 0.002817 -0.722789
vn -0.666177 0.000540 -0.745794
vn -0.741893 0.002432 -0.670514
vn -0.691063 0.002817 -0.722789
vn -0.658845 0.000781 -0.752278
vn -0.666177 0.000540 -0.745794
vn -0.658845 0.000781 -0.752278
vn -0.597076 0.002395 -0.802181
vn -0.666177 0.000540 -0.745794
vn -0.658845 0.000781 -0.752278
vn -0.626051 0.001748 -0.779780
vn -0.597076 0.002395 -0.802181
vn -0.626051 0.001748 -0.779780
vn -0.574436 -0.000604 -0.818550
vn -0.597076 0.002395 -0.802181
vn -0.574436 -0.000604 -0.818550
vn -0.481557 -0.000120 -0.876415
vn -0.597076 0.002395 -0.802181
vn -0.481557 -0.000120 -0.876415
vn -0.497396 0.003289 -0.867517
vn -0.597076 0.002395 -0.802181
vn -0.481557 -0.000120 -0.876415
vn -0.398409 0.001296 -0.917207
vn -0.497396 0.003289 -0.867517
vn -0.398409 0.001296 -0.917207
vn -0.393824 -0.002532 -0.919182
vn -0.497396 0.003289 -0.867517
vn -0.398409 0.001296 -0.917207
vn -0.267147 0.003220 -0.963650
vn -0.393824 -0.002532 -0.919182
vn -0.393824 -0.002532 -0.919182
vn -0.267147 0.003220 -0.963650
vn -0.320644 -0.004376 -0.947190
vn -0.267147 0.003220 -0.963650
vn -0.213247 0.000030 -0.976998
vn -0.320644 -0.004376 -0.947190
vn -0.267147 0.003220 -0.963650
vn -0.177988 0.003073 -0.984028
vn -0.213247 0.000030 -0.976998
vn -0.177988 0.003073 -0.984028
vn -0.154989 -0.002731 -0.987912
vn -0.213247 0.000030 -0.976998
vn -0.177988 0.003073 -0.984028
vn -0.038296 0.000406 -0.999266
vn -0.154989 -0.002731 -0.987912
vn -0.038296 0.000406 -0.999266
vn -0.056880 -0.000784 -0.998381
vn -0.154989 -0.002731 -0.987912
vn -0.038296 0.000406 -0.999266
vn 0.053464 -0.005191 -0.998556
vn -0.056880 -0.000784 -0.998381
vn 0.053464 -0.005191 -0.998556
vn 0.034861 0.002762 -0.999388
vn -0.056880 -0.000784 -0.998381
vn 0.053464 -0.005191 -0.998556
vn 0.181504 -0.002420 -0.983387
vn 0.034861 0.002762 -0.999388
vn 0.519017 -0.002427 -0.854760
vn 0.359493 -0.001497 -0.933147
vn 0.495090 -0.001213 -0.868841
vn 0.359493 -0.001497 -0.933147
vn 0.300750 0.001823 -0.953701
vn 0.495090 -0.001213 -0.868841
vn 0.359493 -0.001497 -0.933147
vn 0.274293 -0.000918 -0.961646
vn 0.300750 0.001823 -0.953701
vn 0.274293 -0.000918 -0.961646
vn 0.181504 -0.002420 -0.983387
vn 0.300750 0.001823 -0.953701
vn 0.274293 -0.000918 -0.961646
vn 0.143230 0.000929 -0.989689
vn 0.181504 -0.002420 -0.983387
vn 0.143230 0.000929 -0.989689
vn 0.034861 0.002762 -0.999388
vn 0.181504 -0.002420 -0.983387
vn -0.896658 -0.000551 0.442724
vn -0.940477 -0.000472 0.339857
vn -0.927875 0.019541 0.372378
vn -0.896658 -0.000551 0.442724
vn -0.927875 0.019541 0.372378
vn -0.894419 -0.000163 0.447229
vn -0.927875 0.019541 0.372378
vn -0.897651 0.003696 0.440692
vn -0.894419 -0.000163 0.447229
vn -0.914141 0.003899 0.405377
vn -0.969012 0.003997 0.246980
vn -0.907053 0.003800 0.420999
vn -0.382544 -0.001118 -0.923937
vn -0.583498 0.012365 -0.812020
vn -0.497396 0.032683 -0.866908
vn -0.382544 -0.001118 -0.923937
vn -0.414109 0.001209 -0.910227
vn -0.583498 0.012365 -0.812020
vn -0.505201 0.830555 0.234415
vn -0.534066 0.832947 0.144820
vn -0.658885 0.690672 0.298065
vn -0.534066 0.832947 0.144820
vn -0.699153 0.690389 0.185872
vn -0.658885 0.690672 0.298065
vn -0.720948 0.690288 0.061131
vn -0.699153 0.690389 0.185872
vn -0.533347 0.844382 0.050606
vn -0.699153 0.690389 0.185872
vn -0.534066 0.832947 0.144820
vn -0.533347 0.844382 0.050606
vn -0.720537 0.690325 -0.065398
vn -0.720948 0.690288 0.061131
vn -0.546742 0.835858 -0.049144
vn -0.720948 0.690288 0.061131
vn -0.533347 0.844382 0.050606
vn -0.546742 0.835858 -0.049144
vn -0.546742 0.835858 -0.049144
vn -0.529115 0.836058 -0.145065
vn -0.720537 0.690325 -0.065398
vn -0.529115 0.836058 -0.145065
vn -0.698344 0.690064 -0.190074
vn -0.720537 0.690325 -0.065398
vn -0.591188 0.689526 -0.418390
vn -0.654664 0.689966 -0.308808
vn -0.448457 0.834321 -0.320616
vn -0.448457 0.834321 -0.320616
vn -0.654664 0.689966 -0.308808
vn -0.503736 0.830027 -0.239383
vn -0.654664 0.689966 -0.308808
vn -0.698344 0.690064 -0.190074
vn -0.503736 0.830027 -0.239383
vn -0.698344 0.690064 -0.190074
vn -0.529115 0.836058 -0.145065
vn -0.503736 0.830027 -0.239383
vn -0.508608 0.690035 -0.514947
vn -0.591188 0.689526 -0.418390
vn -0.387521 0.831054 -0.398970
vn -0.591188 0.689526 -0.418390
vn -0.448457 0.834321 -0.320616
vn -0.387521 0.831054 -0.398970
vn -0.387521 0.831054 -0.398970
vn -0.318637 0.831672 -0.454745
vn -0.508608 0.690035 -0.514947
vn -0.318637 0.831672 -0.454745
vn -0.418787 0.686390 -0.594548
vn -0.508608 0.690035 -0.514947
vn -0.308929 0.766414 -0.563181
vn -0.293630 0.797227 -0.527457
vn -0.177205 0.911012 -0.372365
vn -0.318637 0.831672 -0.454745
vn -0.293630 0.797227 -0.527457
vn -0.418787 0.686390 -0.594548
vn -0.293630 0.797227 -0.527457
vn -0.370535 0.658386 -0.655158
vn -0.418787 0.686390 -0.594548
vn -0.293630 0.797227 -0.527457
vn -0.308929 0.766414 -0.563181
vn -0.370535 0.658386 -0.655158
vn -0.658885 0.690672 0.298065
vn -0.699153 0.690389 0.185872
vn -0.803275 0.472926 0.362064
vn -0.699153 0.690389 0.185872
vn -0.851481 0.473341 0.225673
vn -0.803275 0.472926 0.362064
vn -0.699153 0.690389 0.185872
vn -0.720948 0.690288 0.061131
vn -0.851481 0.473341 0.225673
vn -0.720948 0.690288 0.061131
vn -0.877747 0.473366 0.074066
vn -0.851481 0.473341 0.225673
vn -0.720948 0.690288 0.061131
vn -0.720537 0.690325 -0.065398
vn -0.877747 0.473366 0.074066
vn -0.720537 0.690325 -0.065398
vn -0.877288 0.473285 -0.079799
vn -0.877747 0.473366 0.074066
vn -0.720537 0.690325 -0.065398
vn -0.698344 0.690064 -0.190074
vn -0.877288 0.473285 -0.079799
vn -0.698344 0.690064 -0.190074
vn -0.850117 0.473102 -0.231248
vn -0.877288 0.473285 -0.079799
vn -0.698344 0.690064 -0.190074
vn -0.654664 0.689966 -0.308808
vn -0.850117 0.473102 -0.231248
vn -0.654664 0.689966 -0.308808
vn -0.797061 0.472824 -0.375675
vn -0.850117 0.473102 -0.231248
vn -0.654664 0.689966 -0.308808
vn -0.591188 0.689526 -0.418390
vn -0.797061 0.472824 -0.375675
vn -0.591188 0.689526 -0.418390
vn -0.719732 0.472455 -0.508697
vn -0.797061 0.472824 -0.375675
vn -0.591188 0.689526 -0.418390
vn -0.508608 0.690035 -0.514947
vn -0.719732 0.472455 -0.508697
vn -0.508608 0.690035 -0.514947
vn -0.620477 0.472015 -0.626267
vn -0.719732 0.472455 -0.508697
vn -0.508608 0.690035 -0.514947
vn -0.418787 0.686390 -0.594548
vn -0.620477 0.472015 -0.626267
vn -0.418787 0.686390 -0.594548
vn -0.505551 0.468873 -0.724277
vn -0.620477 0.472015 -0.626267
vn -0.418787 0.686390 -0.594548
vn -0.370535 0.658386 -0.655158
vn -0.505551 0.468873 -0.724277
vn -0.370535 0.658386 -0.655158
vn -0.443844 0.448903 -0.775557
vn -0.505551 0.468873 -0.724277
vn -0.803275 0.472926 0.362064
vn -0.851481 0.473341 0.225673
vn -0.897369 0.170516 0.407005
vn -0.851481 0.473341 0.225673
vn -0.952380 0.172296 0.251570
vn -0.897369 0.170516 0.407005
vn -0.851481 0.473341 0.225673
vn -0.877747 0.473366 0.074066
vn -0.952380 0.172296 0.251570
vn -0.877747 0.473366 0.074066
vn -0.981601 0.172322 0.082253
vn -0.952380 0.172296 0.251570
vn -0.877747 0.473366 0.074066
vn -0.877288 0.473285 -0.079799
vn -0.981601 0.172322 0.082253
vn -0.877288 0.473285 -0.079799
vn -0.980977 0.172230 -0.089565
vn -0.981601 0.172322 0.082253
vn -0.877288 0.473285 -0.079799
vn -0.850117 0.473102 -0.231248
vn -0.980977 0.172230 -0.089565
vn -0.850117 0.473102 -0.231248
vn -0.950526 0.172024 -0.258665
vn -0.980977 0.172230 -0.089565
vn -0.850117 0.473102 -0.231248
vn -0.797061 0.472824 -0.375675
vn -0.950526 0.172024 -0.258665
vn -0.797061 0.472824 -0.375675
vn -0.891174 0.171715 -0.419908
vn -0.950526 0.172024 -0.258665
vn -0.797061 0.472824 -0.375675
vn -0.719732 0.472455 -0.508697
vn -0.891174 0.171715 -0.419908
vn -0.719732 0.472455 -0.508697
vn -0.804726 0.171305 -0.568394
vn -0.891174 0.171715 -0.419908
vn -0.719732 0.472455 -0.508697
vn -0.620477 0.472015 -0.626267
vn -0.804726 0.171305 -0.568394
vn -0.620477 0.472015 -0.626267
vn -0.693805 0.170804 -0.699614
vn -0.804726 0.171305 -0.568394
vn -0.620477 0.472015 -0.626267
vn -0.505551 0.468873 -0.724277
vn -0.693805 0.170804 -0.699614
vn -0.505551 0.468873 -0.724277
vn -0.561408 0.169039 -0.810091
vn -0.693805 0.170804 -0.699614
vn -0.505551 0.468873 -0.724277
vn -0.443844 0.448903 -0.775557
vn -0.561408 0.169039 -0.810091
vn -0.443844 0.448903 -0.775557
vn -0.490555 0.183367 -0.851899
vn -0.561408 0.169039 -0.810091
vn -0.897369 0.170516 0.407005
vn -0.952380 0.172296 0.251570
vn -0.910564 0.029345 0.412325
vn -0.952380 0.172296 0.251570
vn -0.969834 0.013967 0.243366
vn -0.910564 0.029345 0.412325
vn -0.952380 0.172296 0.251570
vn -0.981601 0.172322 0.082253
vn -0.969834 0.013967 0.243366
vn -0.981601 0.172322 0.082253
vn -0.996451 0.012782 0.083203
vn -0.969834 0.013967 0.243366
vn -0.981601 0.172322 0.082253
vn -0.980977 0.172230 -0.089565
vn -0.996451 0.012782 0.083203
vn -0.980977 0.172230 -0.089565
vn -0.995761 0.012691 -0.091101
vn -0.996451 0.012782 0.083203
vn -0.980977 0.172230 -0.089565
vn -0.950526 0.172024 -0.258665
vn -0.995761 0.012691 -0.091101
vn -0.950526 0.172024 -0.258665
vn -0.964814 0.012483 -0.262637
vn -0.995761 0.012691 -0.091101
vn -0.950526 0.172024 -0.258665
vn -0.891174 0.171715 -0.419908
vn -0.964814 0.012483 -0.262637
vn -0.891174 0.171715 -0.419908
vn -0.904551 0.012167 -0.426191
vn -0.964814 0.012483 -0.262637
vn -0.891174 0.171715 -0.419908
vn -0.804726 0.171305 -0.568394
vn -0.904551 0.012167 -0.426191
vn -0.804726 0.171305 -0.568394
vn -0.816803 0.011750 -0.576797
vn -0.904551 0.012167 -0.426191
vn -0.804726 0.171305 -0.568394
vn -0.693805 0.170804 -0.699614
vn -0.816803 0.011750 -0.576797
vn -0.693805 0.170804 -0.699614
vn -0.704236 0.011245 -0.709877
vn -0.816803 0.011750 -0.576797
vn -0.693805 0.170804 -0.699614
vn -0.561408 0.169039 -0.810091
vn -0.704236 0.011245 -0.709877
vn -0.561408 0.169039 -0.810091
vn -0.583498 0.012365 -0.812020
vn -0.704236 0.011245 -0.709877
vn -0.561408 0.169039 -0.810091
vn -0.490555 0.183367 -0.851899
vn -0.583498 0.012365 -0.812020
vn -0.490555 0.183367 -0.851899
vn -0.497396 0.032683 -0.866908
vn -0.583498 0.012365 -0.812020
vn -0.910564 0.029345 0.412325
vn -0.969834 0.013967 0.243366
vn -0.914141 0.003899 0.405377
vn -0.969834 0.013967 0.243366
vn -0.969012 0.003997 0.246980
vn -0.914141 0.003899 0.405377
vn -0.969834 0.013967 0.243366
vn -0.996451 0.012782 0.083203
vn -0.969012 0.003997 0.246980
vn -0.996451 0.012782 0.083203
vn -0.996526 0.004073 0.083189
vn -0.969012 0.003997 0.246980
vn -0.996451 0.012782 0.083203
vn -0.995761 0.012691 -0.091101
vn -0.996526 0.004073 0.083189
vn -0.995761 0.012691 -0.091101
vn -0.995832 0.003981 -0.091122
vn -0.996526 0.004073 0.083189
vn -0.995761 0.012691 -0.091101
vn -0.964814 0.012483 -0.262637
vn -0.995832 0.003981 -0.091122
vn -0.964814 0.012483 -0.262637
vn -0.964881 0.003773 -0.262662
vn -0.995832 0.003981 -0.091122
vn -0.964814 0.012483 -0.262637
vn -0.904551 0.012167 -0.426191
vn -0.964881 0.003773 -0.262662
vn -0.904551 0.012167 -0.426191
vn -0.904611 0.003456 -0.426224
vn -0.964881 0.003773 -0.262662
vn -0.904551 0.012167 -0.426191
vn -0.816803 0.011750 -0.576797
vn -0.904611 0.003456 -0.426224
vn -0.816803 0.011750 -0.576797
vn -0.816854 0.003039 -0.576836
vn -0.904611 0.003456 -0.426224
vn -0.816803 0.011750 -0.576797
vn -0.704236 0.011245 -0.709877
vn -0.816854 0.003039 -0.576836
vn -0.704236 0.011245 -0.709877
vn -0.704280 0.002537 -0.709918
vn -0.816854 0.003039 -0.576836
vn -0.704236 0.011245 -0.709877
vn -0.583498 0.012365 -0.812020
vn -0.704280 0.002537 -0.709918
vn -0.583498 0.012365 -0.812020
vn -0.570305 0.001962 -0.821431
vn -0.704280 0.002537 -0.709918
vn -0.583498 0.012365 -0.812020
vn -0.414109 0.001209 -0.910227
vn -0.570305 0.001962 -0.821431
vn -0.382544 -0.001118 -0.923937
vn -0.188160 -0.005949 -0.982120
vn -0.414109 0.001209 -0.910227
vn 0.293894 0.005673 -0.955821
vn 0.240056 -0.004835 -0.970747
vn 0.066981 0.005852 -0.997737
vn 0.240056 -0.004835 -0.970747
vn -0.020513 -0.008059 -0.999757
vn 0.066981 0.005852 -0.997737
vn 0.240056 -0.004835 -0.970747
vn 0.248356 -0.001682 -0.968667
vn -0.020513 -0.008059 -0.999757
vn 0.066981 0.005852 -0.997737
vn -0.020513 -0.008059 -0.999757
vn -0.075833 0.005757 -0.997104
vn -0.020513 -0.008059 -0.999757
vn -0.188160 -0.005949 -0.982120
vn -0.075833 0.005757 -0.997104
vn -0.188160 -0.005949 -0.982120
vn -0.234749 0.005794 -0.972039
vn -0.075833 0.005757 -0.997104
vn -0.188160 -0.005949 -0.982120
vn -0.382544 -0.001118 -0.923937
vn -0.234749 0.005794 -0.972039
vn -0.382544 -0.001118 -0.923937
vn -0.336582 0.008312 -0.941618
vn -0.234749 0.005794 -0.972039
vn 0.366202 -0.001565 -0.930534
vn 0.415823 0.000169 -0.909446
vn 0.492969 -0.008095 -0.870009
vn 0.538490 -0.000540 -0.842632
vn 0.415823 0.000169 -0.909446
vn 0.420153 0.006725 -0.907428
vn 0.533590 0.015631 -0.845599
vn 0.543742 -0.014929 -0.839120
vn 0.492969 -0.008095 -0.870009
vn 0.415823 0.000169 -0.909446
vn 0.538490 -0.000540 -0.842632
vn 0.248356 -0.001682 -0.968667
vn 0.240056 -0.004835 -0.970747
vn 0.415823 0.000169 -0.909446
vn 0.366202 -0.001565 -0.930534
vn -0.920897 0.002265 -0.389800
vn -0.958646 0.007083 -0.284515
vn -0.915345 0.006342 -0.402620
vn -0.920897 0.002265 -0.389800
vn -0.962863 0.003311 -0.269972
vn -0.958646 0.007083 -0.284515
vn -0.985107 0.003790 -0.171900
vn -0.962863 0.003311 -0.269972
vn -0.985894 0.003390 -0.167338
vn -0.985107 0.003790 -0.171900
vn -0.958646 0.007083 -0.284515
vn -0.962863 0.003311 -0.269972
vn -0.003872 -0.999992 0.000509
vn -0.003876 -0.999992 0.000507
vn -0.003868 -0.999992 0.000512
vn -0.003875 -0.999992 0.000512
vn -0.003872 -0.999992 0.000509
vn -0.003864 -0.999992 0.000505
vn -0.003874 -0.999992 0.000513
vn -0.003868 -0.999992 0.000513
vn -0.003869 -0.999992 0.000513
vn -0.003872 -0.999992 0.000509
vn -0.003875 -0.999992 0.000512
vn -0.003876 -0.999992 0.000507
vn -0.003875 -0.999992 0.000512
vn -0.003874 -0.999992 0.000513
vn -0.003876 -0.999992 0.000507
vn -0.003875 -0.999992 0.000512
vn -0.003872 -0.999992 0.000515
vn -0.003874 -0.999992 0.000513
vn -0.003872 -0.999992 0.000515
vn -0.003868 -0.999992 0.000513
vn -0.003874 -0.999992 0.000513
vn -0.003872 -0.999992 0.000515
vn -0.003864 -0.999992 0.000513
vn -0.003868 -0.999992 0.000513
vn -0.003852 -0.999992 0.000646
vn -0.003900 -0.999992 0.000486
vn -0.003867 -0.999992 0.000515
vn -0.003900 -0.999992 0.000486
vn -0.003931 -0.999992 0.000494
vn -0.003867 -0.999992 0.000515
vn -0.003956 -0.999992 0.000543
vn -0.003979 -0.999992 0.000581
vn -0.003885 -0.999992 0.000625
vn -0.003864 -0.999992 0.000505
vn -0.003872 -0.999992 0.000509
vn -0.003869 -0.999992 0.000511
vn -0.003872 -0.999992 0.000509
vn -0.003756 -0.999993 0.000635
vn -0.003869 -0.999992 0.000511
vn -0.003956 -0.999992 0.000543
vn -0.003931 -0.999992 0.000494
vn -0.003979 -0.999992 0.000581
vn -0.003931 -0.999992 0.000494
vn -0.003909 -0.999992 0.000454
vn -0.003979 -0.999992 0.000581
vn -0.003931 -0.999992 0.000494
vn -0.003900 -0.999992 0.000486
vn -0.003909 -0.999992 0.000454
vn -0.003956 -0.999992 0.000543
vn -0.003885 -0.999992 0.000625
vn -0.003868 -0.999992 0.000512
vn -0.003885 -0.999992 0.000625
vn -0.003872 -0.999992 0.000509
vn -0.003868 -0.999992 0.000512
vn -0.003885 -0.999992 0.000625
vn -0.004087 -0.999992 0.000439
vn -0.003872 -0.999992 0.000509
vn -0.004087 -0.999992 0.000439
vn -0.003756 -0.999993 0.000635
vn -0.003872 -0.999992 0.000509
vn -0.998950 0.003848 0.045659
vn -0.996311 0.005622 0.085632
vn -0.998487 0.007233 0.054504
vn -0.996311 0.005622 0.085632
vn -0.992749 0.007161 0.119995
vn -0.998487 0.007233 0.054504
vn -0.996311 0.005622 0.085632
vn -0.988128 -0.000816 0.153633
vn -0.992749 0.007161 0.119995
vn -0.100862 -0.917653 -0.384370
vn -0.087667 -0.947045 -0.308902
vn -0.117045 -0.893077 -0.434413
vn -0.093254 -0.960588 -0.261867
vn -0.087667 -0.947045 -0.308902
vn -0.051246 -0.969187 -0.240935
vn -0.087667 -0.947045 -0.308902
vn -0.100862 -0.917653 -0.384370
vn -0.051246 -0.969187 -0.240935
vn 0.689620 -0.665940 -0.284514
vn 0.687063 -0.612751 -0.390488
vn 0.687080 -0.622907 -0.374042
vn 0.687063 -0.612751 -0.390488
vn 0.721505 -0.521873 -0.455060
vn 0.687080 -0.622907 -0.374042
vn 0.721505 -0.521873 -0.455060
vn 0.725009 -0.487389 -0.486636
vn 0.687080 -0.622907 -0.374042
vn 0.725009 -0.487389 -0.486636
vn 0.708794 -0.515065 -0.481994
vn 0.687080 -0.622907 -0.374042
vn 0.761158 -0.357689 -0.541015
vn 0.708794 -0.515065 -0.481994
vn 0.743206 -0.406341 -0.531537
vn 0.708794 -0.515065 -0.481994
vn 0.725009 -0.487389 -0.486636
vn 0.743206 -0.406341 -0.531537
vn 0.725009 -0.487389 -0.486636
vn 0.725689 -0.478749 -0.494140
vn 0.743206 -0.406341 -0.531537
vn 0.725009 -0.487389 -0.486636
vn 0.721505 -0.521873 -0.455060
vn 0.725689 -0.478749 -0.494140
vn 0.761158 -0.357689 -0.541015
vn 0.745957 -0.346115 -0.568992
vn 0.708794 -0.515065 -0.481994
vn 0.745957 -0.346115 -0.568992
vn 0.732613 -0.399878 -0.550796
vn 0.708794 -0.515065 -0.481994
vn -0.631431 0.000236 -0.775432
vn -0.637270 0.002024 -0.770638
vn -0.597094 0.001167 -0.802171
vn -0.581241 -0.013340 -0.813622
vn -0.570234 0.001766 -0.821481
vn -0.567525 0.000487 -0.823356
vn -0.570234 0.001766 -0.821481
vn -0.581241 -0.013340 -0.813622
vn -0.574711 0.000319 -0.818356
vn -0.581241 -0.013340 -0.813622
vn -0.578886 -0.003429 -0.815401
vn -0.574711 0.000319 -0.818356
vn -0.581241 -0.013340 -0.813622
vn -0.597094 0.001167 -0.802171
vn -0.578886 -0.003429 -0.815401
vn -0.566917 0.000420 -0.823775
vn -0.571208 0.001772 -0.820803
vn -0.567525 0.000487 -0.823356
vn -0.571208 0.001772 -0.820803
vn -0.581241 -0.013340 -0.813622
vn -0.567525 0.000487 -0.823356
vn -0.571208 0.001772 -0.820803
vn -0.597094 0.001167 -0.802171
vn -0.581241 -0.013340 -0.813622
vn -0.571208 0.001772 -0.820803
vn -0.593226 -0.001044 -0.805036
vn -0.597094 0.001167 -0.802171
vn -0.593226 -0.001044 -0.805036
vn -0.631431 0.000236 -0.775432
vn -0.597094 0.001167 -0.802171
vn -0.003866 -0.999992 0.000512
vn -0.003866 -0.999992 0.000515
vn -0.003865 -0.999992 0.000516
vn -0.003866 -0.999992 0.000515
vn -0.003865 -0.999992 0.000513
vn -0.003865 -0.999992 0.000516
vn -0.003866 -0.999992 0.000515
vn -0.003866 -0.999992 0.000515
vn -0.003865 -0.999992 0.000513
vn -0.003866 -0.999992 0.000515
vn -0.003866 -0.999992 0.000512
vn -0.003865 -0.999992 0.000513
vn -0.604953 0.001930 -0.796259
vn -0.574436 -0.000604 -0.818550
vn -0.625325 0.002020 -0.780362
vn -0.574436 -0.000604 -0.818550
vn -0.626051 0.001748 -0.779780
vn -0.625325 0.002020 -0.780362
vn -0.911774 -0.012481 0.410502
vn -0.849435 -0.357957 0.387721
vn -0.913135 -0.006050 0.407612
vn -0.913135 -0.006050 0.407612
vn -0.849435 -0.357957 0.387721
vn -0.870915 -0.307728 0.383158
vn -0.849435 -0.357957 0.387721
vn -0.666831 -0.671866 0.322386
vn -0.870915 -0.307728 0.383158
vn -0.849435 -0.357957 0.387721
vn -0.694748 -0.643772 0.320753
vn -0.666831 -0.671866 0.322386
vn -0.694748 -0.643772 0.320753
vn -0.507308 -0.827580 0.240311
vn -0.666831 -0.671866 0.322386
vn -0.507308 -0.827580 0.240311
vn -0.359086 -0.915226 0.182810
vn -0.666831 -0.671866 0.322386
vn -0.507308 -0.827580 0.240311
vn -0.326764 -0.932166 0.155858
vn -0.359086 -0.915226 0.182810
vn -0.326764 -0.932166 0.155858
vn -0.189557 -0.977408 0.093497
vn -0.359086 -0.915226 0.182810
vn -0.189557 -0.977408 0.093497
vn -0.097485 -0.993740 0.054562
vn -0.359086 -0.915226 0.182810
vn -0.189557 -0.977408 0.093497
vn -0.083149 -0.995806 0.038177
vn -0.097485 -0.993740 0.054562
vn 0.003673 0.999992 -0.001713
vn -0.042188 0.956920 -0.287270
vn 0.007936 0.999847 -0.015579
vn 0.007936 0.999847 -0.015579
vn -0.042188 0.956920 -0.287270
vn -0.078097 0.853083 -0.515898
vn -0.042188 0.956920 -0.287270
vn -0.099122 0.762061 -0.639873
vn -0.078097 0.853083 -0.515898
vn -0.099122 0.762061 -0.639873
vn -0.136265 0.542070 -0.829212
vn -0.078097 0.853083 -0.515898
vn -0.099122 0.762061 -0.639873
vn -0.136861 0.488875 -0.861551
vn -0.136265 0.542070 -0.829212
vn -0.136861 0.488875 -0.861551
vn -0.153188 0.229145 -0.961263
vn -0.136265 0.542070 -0.829212
vn -0.136861 0.488875 -0.861551
vn -0.156132 0.227030 -0.961291
vn -0.153188 0.229145 -0.961263
vn 0.003673 0.999992 -0.001713
vn -0.054308 0.939376 -0.338560
vn -0.042188 0.956920 -0.287270
vn -0.054308 0.939376 -0.338560
vn -0.099122 0.762061 -0.639873
vn -0.042188 0.956920 -0.287270
vn -0.054308 0.939376 -0.338560
vn -0.104544 0.763660 -0.637098
vn -0.099122 0.762061 -0.639873
vn -0.104544 0.763660 -0.637098
vn -0.136861 0.488875 -0.861551
vn -0.099122 0.762061 -0.639873
vn -0.104544 0.763660 -0.637098
vn -0.142534 0.484935 -0.862857
vn -0.136861 0.488875 -0.861551
vn -0.142534 0.484935 -0.862857
vn -0.156132 0.227030 -0.961291
vn -0.136861 0.488875 -0.861551
vn -0.142534 0.484935 -0.862857
vn -0.158246 0.218962 -0.962816
vn -0.156132 0.227030 -0.961291
vn -0.143857 0.323389 -0.935267
vn 0.676800 0.268515 -0.685450
vn -0.143322 0.226761 -0.963347
vn -0.173055 0.255988 -0.951064
vn -0.143857 0.323389 -0.935267
vn -0.158246 0.218962 -0.962816
vn -0.143857 0.323389 -0.935267
vn -0.156132 0.227030 -0.961291
vn -0.158246 0.218962 -0.962816
vn -0.143857 0.323389 -0.935267
vn -0.153188 0.229145 -0.961263
vn -0.156132 0.227030 -0.961291
vn -0.156628 -0.225539 -0.961561
vn -0.153006 -0.284305 -0.946446
vn -0.153398 -0.212151 -0.965122
vn -0.153006 -0.284305 -0.946446
vn -0.153592 -0.229195 -0.961186
vn -0.153398 -0.212151 -0.965122
vn -0.138856 -0.526483 -0.838770
vn -0.147379 -0.412171 -0.899108
vn -0.139111 -0.521307 -0.841954
vn -0.147379 -0.412171 -0.899108
vn -0.146363 -0.399078 -0.905160
vn -0.139111 -0.521307 -0.841954
vn -0.147379 -0.412171 -0.899108
vn -0.151998 -0.332088 -0.930921
vn -0.146363 -0.399078 -0.905160
vn -0.151998 -0.332088 -0.930921
vn -0.153006 -0.284305 -0.946446
vn -0.146363 -0.399078 -0.905160
vn -0.151998 -0.332088 -0.930921
vn -0.153592 -0.229195 -0.961186
vn -0.153006 -0.284305 -0.946446
vn 0.032962 0.998674 -0.039554
vn 0.596884 0.382739 -0.705153
vn 0.024331 0.999559 -0.017046
vn 0.596884 0.382739 -0.705153
vn 0.374092 0.745925 -0.551046
vn 0.024331 0.999559 -0.017046
vn 0.596884 0.382739 -0.705153
vn 0.605198 0.019641 -0.795833
vn 0.374092 0.745925 -0.551046
vn 0.533590 0.015631 -0.845599
vn 0.374092 0.745925 -0.551046
vn 0.605198 0.019641 -0.795833
vn 0.637192 0.361567 -0.680629
vn 0.596884 0.382739 -0.705153
vn 0.032962 0.998674 -0.039554
vn 0.318340 0.897894 -0.304051
vn 0.033107 0.998962 -0.031305
vn 0.007998 0.999959 -0.004348
vn 0.549545 0.649657 -0.525306
vn 0.637192 0.361567 -0.680629
vn 0.318340 0.897894 -0.304051
vn 0.637192 0.361567 -0.680629
vn 0.033107 0.998962 -0.031305
vn 0.318340 0.897894 -0.304051
vn 0.637192 0.361567 -0.680629
vn 0.026138 0.999083 -0.033908
vn 0.033107 0.998962 -0.031305
vn 0.549545 0.649657 -0.525306
vn 0.669280 0.349704 -0.655569
vn 0.637192 0.361567 -0.680629
vn 0.669280 0.349704 -0.655569
vn 0.711900 0.076375 -0.698115
vn 0.637192 0.361567 -0.680629
vn 0.026138 0.999083 -0.033908
vn 0.637192 0.361567 -0.680629
vn 0.032962 0.998674 -0.039554
vn 0.003853 0.999960 -0.008104
vn 0.003866 0.999992 -0.000518
vn 0.026138 0.999083 -0.033908
vn 0.003866 0.999992 -0.000518
vn 0.033107 0.998962 -0.031305
vn 0.026138 0.999083 -0.033908
vn 0.003866 0.999992 -0.000518
vn 0.003894 0.999992 -0.000505
vn 0.033107 0.998962 -0.031305
vn 0.003894 0.999992 -0.000505
vn 0.007998 0.999959 -0.004348
vn 0.033107 0.998962 -0.031305
vn 0.003894 0.999992 -0.000505
vn 0.003892 0.999992 -0.000548
vn 0.007998 0.999959 -0.004348
vn 0.003883 0.999992 -0.000525
vn -0.006477 0.999979 -0.000021
vn 0.003887 0.999992 -0.000538
vn 0.007998 0.999959 -0.004348
vn 0.003673 0.999992 -0.001713
vn 0.007936 0.999847 -0.015579
vn 0.007998 0.999959 -0.004348
vn 0.003892 0.999992 -0.000548
vn 0.003673 0.999992 -0.001713
vn 0.003892 0.999992 -0.000548
vn 0.001589 0.999990 -0.004238
vn 0.003673 0.999992 -0.001713
vn 0.003892 0.999992 -0.000548
vn 0.000247 0.999993 -0.003737
vn 0.001589 0.999990 -0.004238
vn 0.003892 0.999992 -0.000548
vn -0.000097 0.999994 -0.003510
vn 0.000247 0.999993 -0.003737
vn 0.003892 0.999992 -0.000548
vn 0.003887 0.999992 -0.000538
vn -0.000097 0.999994 -0.003510
vn 0.003887 0.999992 -0.000538
vn -0.000401 0.999998 -0.001973
vn -0.000097 0.999994 -0.003510
vn 0.003887 0.999992 -0.000538
vn -0.006477 0.999979 -0.000021
vn -0.000401 0.999998 -0.001973
vn 0.003891 0.999992 -0.000511
vn -0.018430 0.999830 0.000689
vn 0.003883 0.999992 -0.000517
vn -0.018430 0.999830 0.000689
vn 0.003886 0.999992 -0.000519
vn 0.003883 0.999992 -0.000517
vn -0.018430 0.999830 0.000689
vn -0.006477 0.999979 -0.000021
vn 0.003886 0.999992 -0.000519
vn -0.006477 0.999979 -0.000021
vn 0.003887 0.999992 -0.000520
vn 0.003886 0.999992 -0.000519
vn -0.006477 0.999979 -0.000021
vn 0.003883 0.999992 -0.000525
vn 0.003887 0.999992 -0.000520
vn -0.143857 0.323389 -0.935267
vn -0.173055 0.255988 -0.951064
vn -0.173446 0.354982 -0.918643
vn -0.173446 0.354982 -0.918643
vn -0.077123 0.477695 -0.875134
vn -0.143857 0.323389 -0.935267
vn -0.077123 0.477695 -0.875134
vn -0.096126 0.563050 -0.820813
vn -0.143857 0.323389 -0.935267
vn -0.147557 0.463378 -0.873789
vn -0.143857 0.323389 -0.935267
vn -0.096126 0.563050 -0.820813
vn -0.962850 0.226144 -0.147579
vn -0.797319 0.408778 -0.444053
vn -0.983722 0.138699 -0.114249
vn -0.965452 0.245219 -0.088144
vn -0.998625 0.004278 0.052246
vn -0.998573 0.005636 0.053099
vn -0.096126 0.563050 -0.820813
vn -0.645744 0.412687 -0.642421
vn -0.278295 0.638279 -0.717741
vn -0.278295 0.638279 -0.717741
vn -0.645744 0.412687 -0.642421
vn -0.797319 0.408778 -0.444053
vn -0.645744 0.412687 -0.642421
vn -0.983722 0.138699 -0.114249
vn -0.797319 0.408778 -0.444053
vn -0.645744 0.412687 -0.642421
vn -0.998873 0.007732 0.046821
vn -0.983722 0.138699 -0.114249
vn -0.935444 0.345343 -0.075380
vn -0.998573 0.005636 0.053099
vn -0.998329 0.005697 0.057511
vn -0.998573 0.005636 0.053099
vn -0.935444 0.345343 -0.075380
vn -0.965452 0.245219 -0.088144
vn -0.935444 0.345343 -0.075380
vn -0.787419 0.555939 -0.266277
vn -0.965452 0.245219 -0.088144
vn -0.935444 0.345343 -0.075380
vn -0.780257 0.601334 -0.172040
vn -0.787419 0.555939 -0.266277
vn -0.780257 0.601334 -0.172040
vn -0.438647 0.796769 -0.415630
vn -0.787419 0.555939 -0.266277
vn -0.780257 0.601334 -0.172040
vn -0.435942 0.855490 -0.279449
vn -0.438647 0.796769 -0.415630
vn -0.435942 0.855490 -0.279449
vn -0.107789 0.875413 -0.471205
vn -0.438647 0.796769 -0.415630
vn -0.435942 0.855490 -0.279449
vn -0.124146 0.938502 -0.322183
vn -0.107789 0.875413 -0.471205
vn -0.962850 0.226144 -0.147579
vn -0.790518 0.475485 -0.385999
vn -0.797319 0.408778 -0.444053
vn -0.790518 0.475485 -0.385999
vn -0.278295 0.638279 -0.717741
vn -0.797319 0.408778 -0.444053
vn -0.790518 0.475485 -0.385999
vn -0.439305 0.672061 -0.596109
vn -0.278295 0.638279 -0.717741
vn -0.439305 0.672061 -0.596109
vn -0.096126 0.563050 -0.820813
vn -0.278295 0.638279 -0.717741
vn -0.439305 0.672061 -0.596109
vn -0.112784 0.715926 -0.689006
vn -0.096126 0.563050 -0.820813
vn -0.998873 0.007732 0.046821
vn -0.998625 0.004278 0.052246
vn -0.983722 0.138699 -0.114249
vn -0.998625 0.004278 0.052246
vn -0.962850 0.226144 -0.147579
vn -0.983722 0.138699 -0.114249
vn -0.998625 0.004278 0.052246
vn -0.965452 0.245219 -0.088144
vn -0.962850 0.226144 -0.147579
vn -0.965452 0.245219 -0.088144
vn -0.790518 0.475485 -0.385999
vn -0.962850 0.226144 -0.147579
vn -0.965452 0.245219 -0.088144
vn -0.787419 0.555939 -0.266277
vn -0.790518 0.475485 -0.385999
vn -0.787419 0.555939 -0.266277
vn -0.439305 0.672061 -0.596109
vn -0.790518 0.475485 -0.385999
vn -0.787419 0.555939 -0.266277
vn -0.438647 0.796769 -0.415630
vn -0.439305 0.672061 -0.596109
vn -0.438647 0.796769 -0.415630
vn -0.112784 0.715926 -0.689006
vn -0.439305 0.672061 -0.596109
vn -0.438647 0.796769 -0.415630
vn -0.107789 0.875413 -0.471205
vn -0.112784 0.715926 -0.689006
vn -0.998112 0.006563 0.061066
vn -0.997987 0.006323 0.063098
vn -0.998329 0.005697 0.057511
vn -0.997987 0.006323 0.063098
vn -0.998438 0.004330 0.055704
vn -0.998329 0.005697 0.057511
vn -0.997987 0.006323 0.063098
vn -0.998420 0.009288 0.055427
vn -0.998438 0.004330 0.055704
vn -0.998420 0.009288 0.055427
vn -0.999687 0.004821 0.024542
vn -0.998438 0.004330 0.055704
vn -0.998420 0.009288 0.055427
vn -0.999166 0.004705 0.040567
vn -0.999687 0.004821 0.024542
vn -0.996941 0.005913 -0.077931
vn -0.998182 0.005768 -0.059989
vn -0.999948 0.009987 0.002060
vn -0.998182 0.005768 -0.059989
vn -0.999166 0.004705 0.040567
vn -0.999948 0.009987 0.002060
vn -0.998182 0.005768 -0.059989
vn -0.999687 0.004821 0.024542
vn -0.999166 0.004705 0.040567
vn -0.998518 0.006374 0.054047
vn -0.998382 0.006469 0.056492
vn -0.998329 0.005697 0.057511
vn -0.998382 0.006469 0.056492
vn -0.998112 0.006563 0.061066
vn -0.998329 0.005697 0.057511
vn -0.985345 0.005928 -0.170472
vn -0.988943 0.006181 -0.148171
vn -0.996941 0.005913 -0.077931
vn -0.988943 0.006181 -0.148171
vn -0.998182 0.005768 -0.059989
vn -0.996941 0.005913 -0.077931
vn -0.985345 0.005928 -0.170472
vn -0.955611 0.181387 -0.232178
vn -0.969316 0.005829 -0.245747
vn -0.955611 0.181387 -0.232178
vn -0.888369 0.391303 -0.240170
vn -0.969316 0.005829 -0.245747
vn -0.955611 0.181387 -0.232178
vn -0.683761 0.706174 -0.183820
vn -0.888369 0.391303 -0.240170
vn -0.013419 0.999896 -0.005379
vn -0.228761 0.971841 -0.056518
vn -0.016075 0.999865 -0.003458
vn -0.228761 0.971841 -0.056518
vn -0.402864 0.913275 -0.060242
vn -0.016075 0.999865 -0.003458
vn -0.228761 0.971841 -0.056518
vn -0.568233 0.811254 -0.137763
vn -0.402864 0.913275 -0.060242
vn -0.568233 0.811254 -0.137763
vn -0.716958 0.688874 -0.106882
vn -0.402864 0.913275 -0.060242
vn -0.568233 0.811254 -0.137763
vn -0.785295 0.588251 -0.193061
vn -0.716958 0.688874 -0.106882
vn -0.785295 0.588251 -0.193061
vn -0.915813 0.377679 -0.136546
vn -0.716958 0.688874 -0.106882
vn -0.013419 0.999896 -0.005379
vn -0.361402 0.927245 -0.098006
vn -0.228761 0.971841 -0.056518
vn -0.361402 0.927245 -0.098006
vn -0.568233 0.811254 -0.137763
vn -0.228761 0.971841 -0.056518
vn -0.361402 0.927245 -0.098006
vn -0.683761 0.706174 -0.183820
vn -0.568233 0.811254 -0.137763
vn -0.683761 0.706174 -0.183820
vn -0.785295 0.588251 -0.193061
vn -0.568233 0.811254 -0.137763
vn -0.683761 0.706174 -0.183820
vn -0.955611 0.181387 -0.232178
vn -0.785295 0.588251 -0.193061
vn -0.955611 0.181387 -0.232178
vn -0.915813 0.377679 -0.136546
vn -0.785295 0.588251 -0.193061
vn -0.955611 0.181387 -0.232178
vn -0.985345 0.005928 -0.170472
vn -0.915813 0.377679 -0.136546
vn -0.080364 0.996347 -0.028868
vn -0.013419 0.999896 -0.005379
vn 0.004025 0.999992 -0.000010
vn -0.013419 0.999896 -0.005379
vn 0.003925 0.999992 -0.000504
vn 0.004025 0.999992 -0.000010
vn -0.006303 0.999963 -0.005841
vn -0.006119 0.999970 -0.004761
vn 0.003597 0.999993 -0.000623
vn -0.006119 0.999970 -0.004761
vn 0.003953 0.999992 -0.000520
vn 0.003597 0.999993 -0.000623
vn -0.006119 0.999970 -0.004761
vn -0.080364 0.996347 -0.028868
vn 0.003953 0.999992 -0.000520
vn -0.080364 0.996347 -0.028868
vn 0.002788 0.999995 -0.001417
vn 0.003953 0.999992 -0.000520
vn -0.080364 0.996347 -0.028868
vn 0.004025 0.999992 -0.000010
vn 0.002788 0.999995 -0.001417
vn -0.940554 0.000724 0.339643
vn -0.940008 0.003653 0.341132
vn -0.970562 0.003868 0.240821
vn -0.940554 0.000724 0.339643
vn -0.934087 0.000872 0.357045
vn -0.940008 0.003653 0.341132
vn -0.934087 0.000872 0.357045
vn -0.903430 0.008716 0.428648
vn -0.940008 0.003653 0.341132
vn -0.934087 0.000872 0.357045
vn -0.886568 0.004075 0.462581
vn -0.903430 0.008716 0.428648
vn -0.886568 0.004075 0.462581
vn -0.877078 0.007043 0.480296
vn -0.903430 0.008716 0.428648
vn -0.886568 0.004075 0.462581
vn -0.878348 0.003644 0.478008
vn -0.877078 0.007043 0.480296
vn -0.940554 0.000724 0.339643
vn -0.970562 0.003868 0.240821
vn -0.963673 0.003847 0.267058
vn -0.970562 0.003868 0.240821
vn -0.976225 0.005086 0.216700
vn -0.963673 0.003847 0.267058
vn -0.970562 0.003868 0.240821
vn -0.982182 0.003748 0.187893
vn -0.976225 0.005086 0.216700
vn -0.982182 0.003748 0.187893
vn -0.983361 0.004691 0.181600
vn -0.976225 0.005086 0.216700
vn -0.982182 0.003748 0.187893
vn -0.996626 0.002728 0.082031
vn -0.983361 0.004691 0.181600
vn -0.996626 0.002728 0.082031
vn -0.997065 0.002125 0.076533
vn -0.983361 0.004691 0.181600
vn -0.996626 0.002728 0.082031
vn -0.999985 0.004359 -0.003427
vn -0.997065 0.002125 0.076533
vn -0.999985 0.004359 -0.003427
vn -0.999967 0.001692 -0.007975
vn -0.997065 0.002125 0.076533
vn -0.999985 0.004359 -0.003427
vn -0.994146 0.004260 -0.107960
vn -0.999967 0.001692 -0.007975
vn -0.994146 0.004260 -0.107960
vn -0.990732 0.001367 -0.135825
vn -0.999967 0.001692 -0.007975
vn -0.994146 0.004260 -0.107960
vn -0.982931 0.002207 -0.183959
vn -0.990732 0.001367 -0.135825
vn -0.982931 0.002207 -0.183959
vn -0.960205 0.003335 -0.279277
vn -0.990732 0.001367 -0.135825
vn -0.990732 0.001367 -0.135825
vn -0.960205 0.003335 -0.279277
vn -0.975436 0.001770 -0.220274
vn -0.960205 0.003335 -0.279277
vn -0.956097 0.005608 -0.292997
vn -0.975436 0.001770 -0.220274
vn -0.960205 0.003335 -0.279277
vn -0.952222 0.003468 -0.305386
vn -0.956097 0.005608 -0.292997
vn -0.952222 0.003468 -0.305386
vn -0.946903 0.004930 -0.321482
vn -0.956097 0.005608 -0.292997
vn -0.952222 0.003468 -0.305386
vn -0.932546 0.003064 -0.361038
vn -0.946903 0.004930 -0.321482
vn -0.932546 0.003064 -0.361038
vn -0.918554 0.006859 -0.395235
vn -0.946903 0.004930 -0.321482
vn -0.932546 0.003064 -0.361038
vn -0.902755 0.003245 -0.430142
vn -0.918554 0.006859 -0.395235
vn -0.902755 0.003245 -0.430142
vn -0.885462 0.003311 -0.464699
vn -0.918554 0.006859 -0.395235
vn -0.885462 0.003311 -0.464699
vn -0.899666 0.008897 -0.436489
vn -0.918554 0.006859 -0.395235
vn -0.885462 0.003311 -0.464699
vn -0.834133 0.001361 -0.551561
vn -0.899666 0.008897 -0.436489
vn -0.834133 0.001361 -0.551561
vn -0.834762 0.001708 -0.550608
vn -0.899666 0.008897 -0.436489
vn -0.834133 0.001361 -0.551561
vn -0.777092 0.004493 -0.629371
vn -0.834762 0.001708 -0.550608
vn -0.777092 0.004493 -0.629371
vn -0.772313 0.000425 -0.635242
vn -0.834762 0.001708 -0.550608
vn -0.777092 0.004493 -0.629371
vn -0.741893 0.002432 -0.670514
vn -0.772313 0.000425 -0.635242
vn -0.741893 0.002432 -0.670514
vn -0.666177 0.000540 -0.745794
vn -0.772313 0.000425 -0.635242
vn -0.666177 0.000540 -0.745794
vn -0.681607 -0.000182 -0.731718
vn -0.772313 0.000425 -0.635242
vn -0.666177 0.000540 -0.745794
vn -0.597076 0.002395 -0.802181
vn -0.681607 -0.000182 -0.731718
vn -0.597076 0.002395 -0.802181
vn -0.577260 -0.001654 -0.816559
vn -0.681607 -0.000182 -0.731718
vn -0.597076 0.002395 -0.802181
vn -0.497396 0.003289 -0.867517
vn -0.577260 -0.001654 -0.816559
vn -0.497396 0.003289 -0.867517
vn -0.462001 0.003342 -0.886873
vn -0.577260 -0.001654 -0.816559
vn -0.497396 0.003289 -0.867517
vn -0.393824 -0.002532 -0.919182
vn -0.462001 0.003342 -0.886873
vn -0.393824 -0.002532 -0.919182
vn -0.320644 -0.004376 -0.947190
vn -0.462001 0.003342 -0.886873
vn -0.320644 -0.004376 -0.947190
vn -0.348836 0.005631 -0.937167
vn -0.462001 0.003342 -0.886873
vn -0.320644 -0.004376 -0.947190
vn -0.213247 0.000030 -0.976998
vn -0.348836 0.005631 -0.937167
vn -0.213247 0.000030 -0.976998
vn -0.213926 -0.000669 -0.976850
vn -0.348836 0.005631 -0.937167
vn -0.213247 0.000030 -0.976998
vn -0.154989 -0.002731 -0.987912
vn -0.213926 -0.000669 -0.976850
vn -0.154989 -0.002731 -0.987912
vn -0.056880 -0.000784 -0.998381
vn -0.213926 -0.000669 -0.976850
vn -0.056880 -0.000784 -0.998381
vn -0.085656 -0.001007 -0.996324
vn -0.213926 -0.000669 -0.976850
vn -0.056880 -0.000784 -0.998381
vn 0.034861 0.002762 -0.999388
vn -0.085656 -0.001007 -0.996324
vn 0.034861 0.002762 -0.999388
vn 0.050999 -0.004255 -0.998690
vn -0.085656 -0.001007 -0.996324
vn 0.034861 0.002762 -0.999388
vn 0.143230 0.000929 -0.989689
vn 0.050999 -0.004255 -0.998690
vn 0.143230 0.000929 -0.989689
vn 0.182857 -0.004662 -0.983129
vn 0.050999 -0.004255 -0.998690
vn 0.143230 0.000929 -0.989689
vn 0.274293 -0.000918 -0.961646
vn 0.182857 -0.004662 -0.983129
vn 0.274293 -0.000918 -0.961646
vn 0.311588 -0.005094 -0.950204
vn 0.182857 -0.004662 -0.983129
vn 0.274293 -0.000918 -0.961646
vn 0.359493 -0.001497 -0.933147
vn 0.311588 -0.005094 -0.950204
vn 0.359493 -0.001497 -0.933147
vn 0.479194 -0.003799 -0.877701
vn 0.311588 -0.005094 -0.950204
vn 0.359493 -0.001497 -0.933147
vn 0.519017 -0.002427 -0.854760
vn 0.479194 -0.003799 -0.877701
vn -0.405786 0.002817 0.913964
vn -0.506613 0.002538 0.862170
vn -0.409354 0.002035 0.912373
vn -0.405786 0.002817 0.913964
vn -0.534347 0.004828 0.845251
vn -0.506613 0.002538 0.862170
vn -0.534347 0.004828 0.845251
vn -0.576889 0.002304 0.816819
vn -0.506613 0.002538 0.862170
vn -0.534347 0.004828 0.845251
vn -0.604450 0.003533 0.796636
vn -0.576889 0.002304 0.816819
vn -0.604450 0.003533 0.796636
vn -0.628915 0.002120 0.777471
vn -0.576889 0.002304 0.816819
vn -0.604450 0.003533 0.796636
vn -0.688792 0.002874 0.724954
vn -0.628915 0.002120 0.777471
vn -0.688792 0.002874 0.724954
vn -0.701628 0.000884 0.712543
vn -0.628915 0.002120 0.777471
vn -0.688792 0.002874 0.724954
vn -0.748411 0.001995 0.663233
vn -0.701628 0.000884 0.712543
vn -0.701628 0.000884 0.712543
vn -0.748411 0.001995 0.663233
vn -0.761601 0.003434 0.648037
vn -0.748411 0.001995 0.663233
vn -0.807104 0.006774 0.590371
vn -0.761601 0.003434 0.648037
vn -0.748411 0.001995 0.663233
vn -0.804513 0.001778 0.593932
vn -0.807104 0.006774 0.590371
vn 0.026138 0.999083 -0.033908
vn 0.032962 0.998674 -0.039554
vn 0.003853 0.999960 -0.008104
vn 0.032962 0.998674 -0.039554
vn 0.011714 0.999879 -0.010244
vn 0.003853 0.999960 -0.008104
vn 0.003870 0.999992 -0.000519
vn 0.011512 0.999880 -0.010343
vn 0.011345 0.999935 0.000810
vn 0.011512 0.999880 -0.010343
vn 0.032962 0.998674 -0.039554
vn 0.011345 0.999935 0.000810
vn 0.011512 0.999880 -0.010343
vn 0.011714 0.999879 -0.010244
vn 0.032962 0.998674 -0.039554
vn 0.003815 0.999993 -0.000423
vn 0.011345 0.999935 0.000810
vn 0.024331 0.999559 -0.017046
vn 0.011345 0.999935 0.000810
vn 0.032962 0.998674 -0.039554
vn 0.024331 0.999559 -0.017046
vn 0.308541 0.699373 -0.644732
vn 0.012756 0.999730 -0.019443
vn 0.024331 0.999559 -0.017046
vn 0.420153 0.006725 -0.907428
vn 0.374092 0.745925 -0.551046
vn 0.533590 0.015631 -0.845599
vn 0.420153 0.006725 -0.907428
vn 0.308541 0.699373 -0.644732
vn 0.374092 0.745925 -0.551046
vn 0.308541 0.699373 -0.644732
vn 0.024331 0.999559 -0.017046
vn 0.374092 0.745925 -0.551046
vn 0.012756 0.999730 -0.019443
vn 0.167220 0.697493 -0.696808
vn 0.008763 0.999800 -0.017964
vn 0.012756 0.999730 -0.019443
vn 0.308541 0.699373 -0.644732
vn 0.167220 0.697493 -0.696808
vn 0.308541 0.699373 -0.644732
vn 0.293894 0.005673 -0.955821
vn 0.167220 0.697493 -0.696808
vn 0.308541 0.699373 -0.644732
vn 0.420153 0.006725 -0.907428
vn 0.293894 0.005673 -0.955821
vn -0.336582 0.008312 -0.941618
vn -0.177868 0.693563 -0.698092
vn -0.234749 0.005794 -0.972039
vn -0.336582 0.008312 -0.941618
vn -0.243915 0.680462 -0.690997
vn -0.177868 0.693563 -0.698092
vn -0.243915 0.680462 -0.690997
vn -0.000072 0.999878 -0.015621
vn -0.177868 0.693563 -0.698092
vn -0.243915 0.680462 -0.690997
vn -0.004301 0.999721 -0.023236
vn -0.000072 0.999878 -0.015621
vn 0.066981 0.005852 -0.997737
vn 0.059750 0.687963 -0.723282
vn 0.293894 0.005673 -0.955821
vn 0.059750 0.687963 -0.723282
vn 0.167220 0.697493 -0.696808
vn 0.293894 0.005673 -0.955821
vn 0.059750 0.687963 -0.723282
vn 0.004678 0.999923 -0.011456
vn 0.167220 0.697493 -0.696808
vn 0.004678 0.999923 -0.011456
vn 0.008763 0.999800 -0.017964
vn 0.167220 0.697493 -0.696808
vn 0.004678 0.999923 -0.011456
vn 0.059750 0.687963 -0.723282
vn 0.002774 0.999882 -0.015137
vn 0.059750 0.687963 -0.723282
vn -0.050494 0.692501 -0.719647
vn 0.002774 0.999882 -0.015137
vn 0.059750 0.687963 -0.723282
vn 0.066981 0.005852 -0.997737
vn -0.050494 0.692501 -0.719647
vn 0.066981 0.005852 -0.997737
vn -0.075833 0.005757 -0.997104
vn -0.050494 0.692501 -0.719647
vn -0.234749 0.005794 -0.972039
vn -0.177868 0.693563 -0.698092
vn -0.075833 0.005757 -0.997104
vn -0.177868 0.693563 -0.698092
vn -0.050494 0.692501 -0.719647
vn -0.075833 0.005757 -0.997104
vn -0.177868 0.693563 -0.698092
vn -0.000072 0.999878 -0.015621
vn -0.050494 0.692501 -0.719647
vn -0.000072 0.999878 -0.015621
vn 0.002774 0.999882 -0.015137
vn -0.050494 0.692501 -0.719647
vn -0.906953 0.003724 0.421216
vn -0.907230 0.003723 0.420619
vn -0.907970 0.003715 0.419019
vn -0.907230 0.003723 0.420619
vn -0.907956 0.003719 0.419048
vn -0.907970 0.003715 0.419019
vn -0.908499 0.007013 0.417827
vn -0.908133 0.004226 0.418661
vn -0.908526 0.006483 0.417778
vn -0.908133 0.004226 0.418661
vn -0.907976 0.003616 0.419007
vn -0.908526 0.006483 0.417778
vn -0.908133 0.004226 0.418661
vn -0.907970 0.003711 0.419020
vn -0.907976 0.003616 0.419007
vn -0.907970 0.003715 0.419019
vn -0.907967 0.003717 0.419026
vn -0.907969 0.003714 0.419020
vn -0.907970 0.003715 0.419019
vn -0.907956 0.003719 0.419048
vn -0.907967 0.003717 0.419026
vn -0.907976 0.003616 0.419007
vn -0.907970 0.003711 0.419020
vn -0.907969 0.003710 0.419021
vn -0.907970 0.003711 0.419020
vn -0.907969 0.003714 0.419020
vn -0.907969 0.003710 0.419021
vn -0.907970 0.003715 0.419019
vn -0.907969 0.003714 0.419020
vn -0.907972 0.003715 0.419015
vn -0.907969 0.003714 0.419020
vn -0.907970 0.003711 0.419020
vn -0.907972 0.003715 0.419015
vn -0.177205 0.911012 -0.372365
vn -0.293630 0.797227 -0.527457
vn -0.123203 0.961649 -0.245057
vn -0.293630 0.797227 -0.527457
vn -0.110041 0.970307 -0.215397
vn -0.123203 0.961649 -0.245057
vn -0.293630 0.797227 -0.527457
vn -0.318637 0.831672 -0.454745
vn -0.110041 0.970307 -0.215397
vn -0.318637 0.831672 -0.454745
vn -0.176307 0.957140 -0.229779
vn -0.110041 0.970307 -0.215397
vn -0.318637 0.831672 -0.454745
vn -0.387521 0.831054 -0.398970
vn -0.176307 0.957140 -0.229779
vn -0.387521 0.831054 -0.398970
vn -0.214089 0.957717 -0.192211
vn -0.176307 0.957140 -0.229779
vn -0.251762 0.955559 -0.153369
vn -0.214089 0.957717 -0.192211
vn -0.448457 0.834321 -0.320616
vn -0.214089 0.957717 -0.192211
vn -0.387521 0.831054 -0.398970
vn -0.448457 0.834321 -0.320616
vn -0.448457 0.834321 -0.320616
vn -0.503736 0.830027 -0.239383
vn -0.251762 0.955559 -0.153369
vn -0.503736 0.830027 -0.239383
vn -0.275628 0.955513 -0.105000
vn -0.251762 0.955559 -0.153369
vn -0.546742 0.835858 -0.049144
vn -0.287523 0.956326 -0.052643
vn -0.529115 0.836058 -0.145065
vn -0.287523 0.956326 -0.052643
vn -0.275628 0.955513 -0.105000
vn -0.529115 0.836058 -0.145065
vn -0.275628 0.955513 -0.105000
vn -0.503736 0.830027 -0.239383
vn -0.529115 0.836058 -0.145065
vn -0.546742 0.835858 -0.049144
vn -0.289113 0.957292 0.002227
vn -0.287523 0.956326 -0.052643
vn -0.546742 0.835858 -0.049144
vn -0.533347 0.844382 0.050606
vn -0.289113 0.957292 0.002227
vn -0.316573 0.947273 0.049558
vn -0.289113 0.957292 0.002227
vn -0.534066 0.832947 0.144820
vn -0.289113 0.957292 0.002227
vn -0.533347 0.844382 0.050606
vn -0.534066 0.832947 0.144820
vn -0.259222 0.960107 0.104874
vn -0.316573 0.947273 0.049558
vn -0.534066 0.832947 0.144820
vn -0.471919 0.822702 0.316946
vn -0.259222 0.960107 0.104874
vn -0.505201 0.830555 0.234415
vn -0.259222 0.960107 0.104874
vn -0.534066 0.832947 0.144820
vn -0.505201 0.830555 0.234415
vn -0.195940 0.955601 0.220078
vn -0.390021 0.848494 0.357689
vn -0.325761 0.845900 0.422295
vn -0.195940 0.955601 0.220078
vn -0.217894 0.958892 0.181792
vn -0.390021 0.848494 0.357689
vn -0.217894 0.958892 0.181792
vn -0.471919 0.822702 0.316946
vn -0.390021 0.848494 0.357689
vn -0.217894 0.958892 0.181792
vn -0.254005 0.956065 0.146361
vn -0.471919 0.822702 0.316946
vn -0.254005 0.956065 0.146361
vn -0.259222 0.960107 0.104874
vn -0.471919 0.822702 0.316946
vn -0.325761 0.845900 0.422295
vn -0.140257 0.961539 0.236158
vn -0.195940 0.955601 0.220078
vn -0.325761 0.845900 0.422295
vn -0.254076 0.839610 0.480105
vn -0.140257 0.961539 0.236158
vn -0.093878 0.960894 0.260518
vn -0.140257 0.961539 0.236158
vn -0.176415 0.823946 0.538508
vn -0.140257 0.961539 0.236158
vn -0.254076 0.839610 0.480105
vn -0.176415 0.823946 0.538508
vn -0.013205 0.998911 0.044755
vn -0.015655 0.999335 0.032938
vn -0.093878 0.960894 0.260518
vn -0.015655 0.999335 0.032938
vn -0.140257 0.961539 0.236158
vn -0.093878 0.960894 0.260518
vn -0.015655 0.999335 0.032938
vn -0.022429 0.999315 0.029440
vn -0.140257 0.961539 0.236158
vn -0.022429 0.999315 0.029440
vn -0.195940 0.955601 0.220078
vn -0.140257 0.961539 0.236158
vn -0.022429 0.999315 0.029440
vn -0.029765 0.999132 0.029140
vn -0.195940 0.955601 0.220078
vn -0.029765 0.999132 0.029140
vn -0.217894 0.958892 0.181792
vn -0.195940 0.955601 0.220078
vn -0.029765 0.999132 0.029140
vn -0.021876 0.999655 0.014524
vn -0.217894 0.958892 0.181792
vn -0.021876 0.999655 0.014524
vn -0.254005 0.956065 0.146361
vn -0.217894 0.958892 0.181792
vn -0.021876 0.999655 0.014524
vn -0.032940 0.999342 0.015192
vn -0.254005 0.956065 0.146361
vn -0.032940 0.999342 0.015192
vn -0.259222 0.960107 0.104874
vn -0.254005 0.956065 0.146361
vn -0.032940 0.999342 0.015192
vn -0.036671 0.999294 0.008156
vn -0.259222 0.960107 0.104874
vn -0.036671 0.999294 0.008156
vn -0.316573 0.947273 0.049558
vn -0.259222 0.960107 0.104874
vn -0.036671 0.999294 0.008156
vn -0.036863 0.999320 0.000206
vn -0.316573 0.947273 0.049558
vn -0.036863 0.999320 0.000206
vn -0.289113 0.957292 0.002227
vn -0.316573 0.947273 0.049558
vn -0.036863 0.999320 0.000206
vn -0.034543 0.999376 -0.007315
vn -0.289113 0.957292 0.002227
vn -0.034543 0.999376 -0.007315
vn -0.287523 0.956326 -0.052643
vn -0.289113 0.957292 0.002227
vn -0.034543 0.999376 -0.007315
vn -0.031028 0.999426 -0.013618
vn -0.287523 0.956326 -0.052643
vn -0.031028 0.999426 -0.013618
vn -0.275628 0.955513 -0.105000
vn -0.287523 0.956326 -0.052643
vn -0.031028 0.999426 -0.013618
vn -0.028743 0.999374 -0.020614
vn -0.275628 0.955513 -0.105000
vn -0.028743 0.999374 -0.020614
vn -0.251762 0.955559 -0.153369
vn -0.275628 0.955513 -0.105000
vn -0.028743 0.999374 -0.020614
vn -0.026306 0.999265 -0.027880
vn -0.251762 0.955559 -0.153369
vn -0.026306 0.999265 -0.027880
vn -0.214089 0.957717 -0.192211
vn -0.251762 0.955559 -0.153369
vn -0.026306 0.999265 -0.027880
vn -0.020618 0.999245 -0.032942
vn -0.214089 0.957717 -0.192211
vn -0.020618 0.999245 -0.032942
vn -0.176307 0.957140 -0.229779
vn -0.214089 0.957717 -0.192211
vn -0.020618 0.999245 -0.032942
vn -0.011372 0.999594 -0.026114
vn -0.176307 0.957140 -0.229779
vn -0.011372 0.999594 -0.026114
vn -0.110041 0.970307 -0.215397
vn -0.176307 0.957140 -0.229779
vn -0.011372 0.999594 -0.026114
vn 0.001874 0.999993 -0.003298
vn -0.110041 0.970307 -0.215397
vn 0.001874 0.999993 -0.003298
vn -0.123203 0.961649 -0.245057
vn -0.110041 0.970307 -0.215397
vn -0.877078 0.007043 0.480296
vn -0.848979 0.002989 0.528418
vn -0.865779 0.003609 0.500414
vn -0.877078 0.007043 0.480296
vn -0.804513 0.001778 0.593932
vn -0.848979 0.002989 0.528418
vn -0.804513 0.001778 0.593932
vn -0.836177 0.003059 0.548451
vn -0.848979 0.002989 0.528418
vn -0.804513 0.001778 0.593932
vn -0.822441 0.003482 0.568839
vn -0.836177 0.003059 0.548451
vn -0.500759 -0.000916 0.865586
vn -0.405786 0.002817 0.913964
vn -0.373940 0.001905 0.927451
vn -0.500759 -0.000916 0.865586
vn -0.543047 0.000293 0.839702
vn -0.405786 0.002817 0.913964
vn -0.543047 0.000293 0.839702
vn -0.534347 0.004828 0.845251
vn -0.405786 0.002817 0.913964
vn -0.543047 0.000293 0.839702
vn -0.638820 0.004008 0.769346
vn -0.534347 0.004828 0.845251
vn -0.534347 0.004828 0.845251
vn -0.638820 0.004008 0.769346
vn -0.604450 0.003533 0.796636
vn -0.638820 0.004008 0.769346
vn -0.688792 0.002874 0.724954
vn -0.604450 0.003533 0.796636
vn -0.638820 0.004008 0.769346
vn -0.712002 0.005655 0.702155
vn -0.688792 0.002874 0.724954
vn -0.712002 0.005655 0.702155
vn -0.748411 0.001995 0.663233
vn -0.688792 0.002874 0.724954
vn -0.712002 0.005655 0.702155
vn -0.763002 0.004456 0.646381
vn -0.748411 0.001995 0.663233
vn -0.763002 0.004456 0.646381
vn -0.804547 0.000279 0.593889
vn -0.748411 0.001995 0.663233
vn -0.804547 0.000279 0.593889
vn -0.804513 0.001778 0.593932
vn -0.748411 0.001995 0.663233
vn -0.804547 0.000279 0.593889
vn -0.822441 0.003482 0.568839
vn -0.804513 0.001778 0.593932
vn -0.962231 0.005566 -0.272177
vn -0.971109 0.005796 -0.238566
vn -0.934427 0.014523 -0.355859
vn -0.971109 0.005796 -0.238566
vn -0.974364 0.004059 -0.224943
vn -0.934427 0.014523 -0.355859
vn -0.971109 0.005796 -0.238566
vn -0.987034 0.002246 -0.160494
vn -0.974364 0.004059 -0.224943
vn -0.987034 0.002246 -0.160494
vn -0.992894 0.005638 -0.118868
vn -0.974364 0.004059 -0.224943
vn -0.987034 0.002246 -0.160494
vn -0.994950 0.000617 -0.100370
vn -0.992894 0.005638 -0.118868
vn -0.994950 0.000617 -0.100370
vn -0.999721 0.004425 -0.023224
vn -0.992894 0.005638 -0.118868
vn -0.956739 0.004044 0.290920
vn -0.968581 0.012853 0.248367
vn -0.977111 0.014297 0.212249
vn -0.968581 0.012853 0.248367
vn -0.985950 0.013682 0.166481
vn -0.977111 0.014297 0.212249
vn -0.968581 0.012853 0.248367
vn -0.991577 0.008127 0.129264
vn -0.985950 0.013682 0.166481
vn -0.991577 0.008127 0.129264
vn -0.999467 0.006857 0.031911
vn -0.985950 0.013682 0.166481
vn -0.991577 0.008127 0.129264
vn -0.999721 0.004425 -0.023224
vn -0.999467 0.006857 0.031911
vn -0.999721 0.004425 -0.023224
vn -0.999806 0.003393 -0.019398
vn -0.999467 0.006857 0.031911
vn -0.999721 0.004425 -0.023224
vn -0.994950 0.000617 -0.100370
vn -0.999806 0.003393 -0.019398
vn -0.916507 -0.002820 0.400010
vn -0.913140 -0.007917 0.407569
vn -0.918405 -0.002228 0.395636
vn -0.916507 -0.002820 0.400010
vn -0.911416 -0.010607 0.411350
vn -0.913140 -0.007917 0.407569
vn -0.911416 -0.010607 0.411350
vn -0.916507 -0.002820 0.400010
vn -0.911385 -0.010387 0.411423
vn -0.916507 -0.002820 0.400010
vn -0.901292 -0.005900 0.433171
vn -0.911385 -0.010387 0.411423
vn -0.956739 0.004044 0.290920
vn -0.916507 -0.002820 0.400010
vn -0.968581 0.012853 0.248367
vn -0.916507 -0.002820 0.400010
vn -0.934526 0.005912 0.355847
vn -0.968581 0.012853 0.248367
vn -0.916507 -0.002820 0.400010
vn -0.918405 -0.002228 0.395636
vn -0.934526 0.005912 0.355847
vn -0.138856 -0.526483 -0.838770
vn -0.128619 -0.627802 -0.767673
vn -0.134516 -0.592355 -0.794368
vn -0.139111 -0.521307 -0.841954
vn -0.128619 -0.627802 -0.767673
vn -0.138856 -0.526483 -0.838770
vn -0.139111 -0.521307 -0.841954
vn -0.129865 -0.663851 -0.736503
vn -0.128619 -0.627802 -0.767673
vn -0.129865 -0.663851 -0.736503
vn -0.119248 -0.756053 -0.643555
vn -0.128619 -0.627802 -0.767673
vn -0.129865 -0.663851 -0.736503
vn -0.125100 -0.758658 -0.639366
vn -0.119248 -0.756053 -0.643555
vn -0.125100 -0.758658 -0.639366
vn -0.117840 -0.861303 -0.494238
vn -0.119248 -0.756053 -0.643555
vn -0.125100 -0.758658 -0.639366
vn -0.117078 -0.862915 -0.491601
vn -0.117840 -0.861303 -0.494238
vn -0.117078 -0.862915 -0.491601
vn -0.117045 -0.893077 -0.434413
vn -0.117840 -0.861303 -0.494238
vn -0.117078 -0.862915 -0.491601
vn -0.100862 -0.917653 -0.384370
vn -0.117045 -0.893077 -0.434413
vn -0.970472 0.003858 0.241185
vn -0.976527 -0.006535 0.215296
vn -0.963419 -0.005041 0.267953
vn -0.976527 -0.006535 0.215296
vn -0.957970 -0.032035 0.285075
vn -0.963419 -0.005041 0.267953
vn -0.976527 -0.006535 0.215296
vn -0.955986 -0.027385 0.292132
vn -0.957970 -0.032035 0.285075
vn -0.955986 -0.027385 0.292132
vn -0.940064 0.022018 0.340288
vn -0.957970 -0.032035 0.285075
vn -0.970472 0.003858 0.241185
vn -0.984222 -0.000320 0.176937
vn -0.976527 -0.006535 0.215296
vn -0.984222 -0.000320 0.176937
vn -0.988128 -0.000816 0.153633
vn -0.976527 -0.006535 0.215296
vn -0.984222 -0.000320 0.176937
vn -0.992749 0.007161 0.119995
vn -0.988128 -0.000816 0.153633
vn -0.548712 0.113138 -0.828321
vn -0.564431 0.425063 -0.707630
vn -0.772503 0.021519 -0.634646
vn -0.564431 0.425063 -0.707630
vn -0.715110 0.382360 -0.585165
vn -0.772503 0.021519 -0.634646
vn -0.564431 0.425063 -0.707630
vn -0.418314 0.730042 -0.540419
vn -0.715110 0.382360 -0.585165
vn -0.418314 0.730042 -0.540419
vn -0.540354 0.709811 -0.451870
vn -0.715110 0.382360 -0.585165
vn -0.418314 0.730042 -0.540419
vn -0.174976 0.952892 -0.247750
vn -0.540354 0.709811 -0.451870
vn -0.174976 0.952892 -0.247750
vn -0.278728 0.930034 -0.239474
vn -0.540354 0.709811 -0.451870
vn -0.174976 0.952892 -0.247750
vn 0.000247 0.999993 -0.003737
vn -0.278728 0.930034 -0.239474
vn -0.158246 0.218962 -0.962816
vn -0.346743 0.470666 -0.811322
vn -0.548712 0.113138 -0.828321
vn -0.346743 0.470666 -0.811322
vn -0.564431 0.425063 -0.707630
vn -0.548712 0.113138 -0.828321
vn -0.346743 0.470666 -0.811322
vn -0.270655 0.754850 -0.597451
vn -0.564431 0.425063 -0.707630
vn -0.270655 0.754850 -0.597451
vn -0.418314 0.730042 -0.540419
vn -0.564431 0.425063 -0.707630
vn -0.270655 0.754850 -0.597451
vn -0.174898 0.919805 -0.351241
vn -0.418314 0.730042 -0.540419
vn -0.174898 0.919805 -0.351241
vn -0.174976 0.952892 -0.247750
vn -0.418314 0.730042 -0.540419
vn -0.142534 0.484935 -0.862857
vn -0.346743 0.470666 -0.811322
vn -0.158246 0.218962 -0.962816
vn -0.142534 0.484935 -0.862857
vn -0.104544 0.763660 -0.637098
vn -0.346743 0.470666 -0.811322
vn -0.104544 0.763660 -0.637098
vn -0.270655 0.754850 -0.597451
vn -0.346743 0.470666 -0.811322
vn -0.104544 0.763660 -0.637098
vn -0.054308 0.939376 -0.338560
vn -0.270655 0.754850 -0.597451
vn -0.054308 0.939376 -0.338560
vn -0.174898 0.919805 -0.351241
vn -0.270655 0.754850 -0.597451
vn -0.054308 0.939376 -0.338560
vn 0.003673 0.999992 -0.001713
vn -0.174898 0.919805 -0.351241
vn 0.003673 0.999992 -0.001713
vn -0.174976 0.952892 -0.247750
vn -0.174898 0.919805 -0.351241
vn 0.003673 0.999992 -0.001713
vn 0.001589 0.999990 -0.004238
vn -0.174976 0.952892 -0.247750
vn 0.001589 0.999990 -0.004238
vn 0.000247 0.999993 -0.003737
vn -0.174976 0.952892 -0.247750
vn -0.754279 0.042449 -0.655180
vn -0.548712 0.113138 -0.828321
vn -0.772503 0.021519 -0.634646
vn -0.754279 0.042449 -0.655180
vn -0.173055 0.255988 -0.951064
vn -0.548712 0.113138 -0.828321
vn -0.173055 0.255988 -0.951064
vn -0.158246 0.218962 -0.962816
vn -0.548712 0.113138 -0.828321
vn -0.804513 0.001778 0.593932
vn -0.877078 0.007043 0.480296
vn -0.807104 0.006774 0.590371
vn -0.877078 0.007043 0.480296
vn -0.841438 0.004098 0.540338
vn -0.807104 0.006774 0.590371
vn -0.877078 0.007043 0.480296
vn -0.878348 0.003644 0.478008
vn -0.841438 0.004098 0.540338
vn -0.998599 0.014908 0.050777
vn -0.921253 0.386206 0.046244
vn -0.998513 0.009311 0.053719
vn -0.921253 0.386206 0.046244
vn -0.921052 0.386275 0.049548
vn -0.998513 0.009311 0.053719
vn -0.921253 0.386206 0.046244
vn -0.702901 0.710432 0.034887
vn -0.921052 0.386275 0.049548
vn -0.702901 0.710432 0.034887
vn -0.703332 0.709861 0.037706
vn -0.921052 0.386275 0.049548
vn -0.702901 0.710432 0.034887
vn -0.377549 0.925805 0.018497
vn -0.703332 0.709861 0.037706
vn -0.377549 0.925805 0.018497
vn -0.378574 0.925352 0.020130
vn -0.703332 0.709861 0.037706
vn -0.377549 0.925805 0.018497
vn -0.006477 0.999979 -0.000021
vn -0.378574 0.925352 0.020130
vn -0.006477 0.999979 -0.000021
vn -0.018430 0.999830 0.000689
vn -0.378574 0.925352 0.020130
vn -0.006477 0.999979 -0.000021
vn -0.330071 0.938620 -0.100227
vn -0.000401 0.999998 -0.001973
vn -0.006477 0.999979 -0.000021
vn -0.377549 0.925805 0.018497
vn -0.330071 0.938620 -0.100227
vn -0.377549 0.925805 0.018497
vn -0.649667 0.733170 -0.200982
vn -0.330071 0.938620 -0.100227
vn -0.377549 0.925805 0.018497
vn -0.702901 0.710432 0.034887
vn -0.649667 0.733170 -0.200982
vn -0.702901 0.710432 0.034887
vn -0.873795 0.404627 -0.269740
vn -0.649667 0.733170 -0.200982
vn -0.702901 0.710432 0.034887
vn -0.921253 0.386206 0.046244
vn -0.873795 0.404627 -0.269740
vn -0.734455 0.389298 -0.555899
vn -0.953362 0.017245 -0.301335
vn -0.798124 0.017849 -0.602229
vn -0.998599 0.014908 0.050777
vn -0.953362 0.017245 -0.301335
vn -0.921253 0.386206 0.046244
vn -0.953362 0.017245 -0.301335
vn -0.873795 0.404627 -0.269740
vn -0.921253 0.386206 0.046244
vn -0.953362 0.017245 -0.301335
vn -0.734455 0.389298 -0.555899
vn -0.873795 0.404627 -0.269740
vn -0.734455 0.389298 -0.555899
vn -0.649667 0.733170 -0.200982
vn -0.873795 0.404627 -0.269740
vn -0.734455 0.389298 -0.555899
vn -0.562789 0.710608 -0.422262
vn -0.649667 0.733170 -0.200982
vn -0.562789 0.710608 -0.422262
vn -0.330071 0.938620 -0.100227
vn -0.649667 0.733170 -0.200982
vn -0.562789 0.710608 -0.422262
vn -0.300148 0.926534 -0.226815
vn -0.330071 0.938620 -0.100227
vn -0.300148 0.926534 -0.226815
vn -0.000401 0.999998 -0.001973
vn -0.330071 0.938620 -0.100227
vn -0.300148 0.926534 -0.226815
vn -0.000097 0.999994 -0.003510
vn -0.000401 0.999998 -0.001973
vn -0.300148 0.926534 -0.226815
vn 0.000247 0.999993 -0.003737
vn -0.000097 0.999994 -0.003510
vn -0.715110 0.382360 -0.585165
vn -0.798124 0.017849 -0.602229
vn -0.772503 0.021519 -0.634646
vn 0.000247 0.999993 -0.003737
vn -0.300148 0.926534 -0.226815
vn -0.278728 0.930034 -0.239474
vn -0.300148 0.926534 -0.226815
vn -0.540354 0.709811 -0.451870
vn -0.278728 0.930034 -0.239474
vn -0.300148 0.926534 -0.226815
vn -0.562789 0.710608 -0.422262
vn -0.540354 0.709811 -0.451870
vn -0.562789 0.710608 -0.422262
vn -0.715110 0.382360 -0.585165
vn -0.540354 0.709811 -0.451870
vn -0.562789 0.710608 -0.422262
vn -0.734455 0.389298 -0.555899
vn -0.715110 0.382360 -0.585165
vn -0.734455 0.389298 -0.555899
vn -0.798124 0.017849 -0.602229
vn -0.715110 0.382360 -0.585165
vn -0.032725 0.999463 0.001451
vn 0.003904 0.999992 -0.000509
vn -0.049078 0.998792 0.002490
vn -0.032725 0.999463 0.001451
vn -0.006649 0.999978 0.000061
vn 0.003904 0.999992 -0.000509
vn -0.006649 0.999978 0.000061
vn 0.003891 0.999992 -0.000511
vn 0.003904 0.999992 -0.000509
vn -0.006649 0.999978 0.000061
vn -0.018430 0.999830 0.000689
vn 0.003891 0.999992 -0.000511
vn -0.173446 0.354982 -0.918643
vn -0.173055 0.255988 -0.951064
vn -0.754279 0.042449 -0.655180
vn -0.835631 0.074192 -0.544258
vn -0.999801 0.010108 0.017209
vn -0.782042 0.169916 -0.599616
vn -0.754279 0.042449 -0.655180
vn -0.754279 0.042449 -0.655180
vn -0.850404 0.011811 -0.525998
vn -0.835631 0.074192 -0.544258
vn -0.850404 0.011811 -0.525998
vn -0.998501 0.007549 0.054210
vn -0.835631 0.074192 -0.544258
vn -0.850404 0.011811 -0.525998
vn -0.998717 0.003891 0.050486
vn -0.998501 0.007549 0.054210
vn -0.835631 0.074192 -0.544258
vn -0.998501 0.007549 0.054210
vn -0.999801 0.010108 0.017209
vn -0.754782 0.306658 -0.579884
vn -0.173446 0.354982 -0.918643
vn -0.782042 0.169916 -0.599616
vn -0.904029 0.208206 -0.373339
vn -0.904029 0.208206 -0.373339
vn -0.782042 0.169916 -0.599616
vn -0.999801 0.010108 0.017209
vn -0.754782 0.306658 -0.579884
vn -0.422152 0.440038 -0.792562
vn -0.173446 0.354982 -0.918643
vn -0.422152 0.440038 -0.792562
vn -0.077123 0.477695 -0.875134
vn -0.173446 0.354982 -0.918643
vn -0.422152 0.440038 -0.792562
vn -0.096126 0.563050 -0.820813
vn -0.077123 0.477695 -0.875134
vn -0.096126 0.563050 -0.820813
vn -0.422152 0.440038 -0.792562
vn -0.645744 0.412687 -0.642421
vn -0.422152 0.440038 -0.792562
vn -0.754782 0.306658 -0.579884
vn -0.645744 0.412687 -0.642421
vn -0.754782 0.306658 -0.579884
vn -0.998873 0.007732 0.046821
vn -0.645744 0.412687 -0.642421
vn -0.754782 0.306658 -0.579884
vn -0.904029 0.208206 -0.373339
vn -0.998873 0.007732 0.046821
vn -0.904029 0.208206 -0.373339
vn -0.998587 0.005244 0.052887
vn -0.998873 0.007732 0.046821
vn -0.904029 0.208206 -0.373339
vn -0.999801 0.010108 0.017209
vn -0.998587 0.005244 0.052887
vn -0.998329 0.005697 0.057511
vn -0.998513 0.009311 0.053719
vn -0.998518 0.006374 0.054047
vn -0.998513 0.009311 0.053719
vn -0.998717 0.003891 0.050486
vn -0.998599 0.014908 0.050777
vn -0.998513 0.009311 0.053719
vn -0.998873 0.007732 0.046821
vn -0.998587 0.005244 0.052887
vn -0.998717 0.003891 0.050486
vn -0.998513 0.009311 0.053719
vn -0.998501 0.007549 0.054210
vn -0.998513 0.009311 0.053719
vn -0.999801 0.010108 0.017209
vn -0.998501 0.007549 0.054210
vn -0.998513 0.009311 0.053719
vn -0.998587 0.005244 0.052887
vn -0.999801 0.010108 0.017209
vn -0.998873 0.007732 0.046821
vn -0.998513 0.009311 0.053719
vn -0.998625 0.004278 0.052246
vn -0.998513 0.009311 0.053719
vn -0.998573 0.005636 0.053099
vn -0.998625 0.004278 0.052246
vn -0.998513 0.009311 0.053719
vn -0.998329 0.005697 0.057511
vn -0.998573 0.005636 0.053099
vn -0.028799 0.999585 0.000554
vn -0.379262 0.925046 0.021218
vn -0.049078 0.998792 0.002490
vn -0.882644 0.467264 0.051036
vn -0.998420 0.009288 0.055427
vn -0.997987 0.006323 0.063098
vn -0.028799 0.999585 0.000554
vn -0.381896 0.924126 0.012117
vn -0.379262 0.925046 0.021218
vn -0.381896 0.924126 0.012117
vn -0.703739 0.709351 0.039663
vn -0.379262 0.925046 0.021218
vn -0.381896 0.924126 0.012117
vn -0.705831 0.708014 0.022784
vn -0.703739 0.709351 0.039663
vn -0.705831 0.708014 0.022784
vn -0.882644 0.467264 0.051036
vn -0.703739 0.709351 0.039663
vn -0.705831 0.708014 0.022784
vn -0.907697 0.418282 0.033548
vn -0.882644 0.467264 0.051036
vn -0.907697 0.418282 0.033548
vn -0.998420 0.009288 0.055427
vn -0.882644 0.467264 0.051036
vn -0.907697 0.418282 0.033548
vn -0.999166 0.004705 0.040567
vn -0.998420 0.009288 0.055427
vn -0.049078 0.998792 0.002490
vn -0.378917 0.925167 0.022088
vn -0.032725 0.999463 0.001451
vn -0.049078 0.998792 0.002490
vn -0.379262 0.925046 0.021218
vn -0.378917 0.925167 0.022088
vn -0.379262 0.925046 0.021218
vn -0.703605 0.709296 0.042885
vn -0.378917 0.925167 0.022088
vn -0.379262 0.925046 0.021218
vn -0.703739 0.709351 0.039663
vn -0.703605 0.709296 0.042885
vn -0.703739 0.709351 0.039663
vn -0.914578 0.400489 0.056175
vn -0.703605 0.709296 0.042885
vn -0.703739 0.709351 0.039663
vn -0.882644 0.467264 0.051036
vn -0.914578 0.400489 0.056175
vn -0.882644 0.467264 0.051036
vn -0.998112 0.006563 0.061066
vn -0.914578 0.400489 0.056175
vn -0.882644 0.467264 0.051036
vn -0.997987 0.006323 0.063098
vn -0.998112 0.006563 0.061066
vn -0.999948 0.009987 0.002060
vn -0.908515 0.414107 -0.055828
vn -0.996941 0.005913 -0.077931
vn -0.907697 0.418282 0.033548
vn -0.999948 0.009987 0.002060
vn -0.999166 0.004705 0.040567
vn -0.999948 0.009987 0.002060
vn -0.907697 0.418282 0.033548
vn -0.908515 0.414107 -0.055828
vn -0.907697 0.418282 0.033548
vn -0.707550 0.705773 -0.035476
vn -0.908515 0.414107 -0.055828
vn -0.907697 0.418282 0.033548
vn -0.705831 0.708014 0.022784
vn -0.707550 0.705773 -0.035476
vn -0.705831 0.708014 0.022784
vn -0.384796 0.922793 -0.019623
vn -0.707550 0.705773 -0.035476
vn -0.705831 0.708014 0.022784
vn -0.381896 0.924126 0.012117
vn -0.384796 0.922793 -0.019623
vn -0.381896 0.924126 0.012117
vn -0.022198 0.999752 -0.001815
vn -0.384796 0.922793 -0.019623
vn -0.381896 0.924126 0.012117
vn -0.028799 0.999585 0.000554
vn -0.022198 0.999752 -0.001815
vn -0.998382 0.006469 0.056492
vn -0.914578 0.400489 0.056175
vn -0.998112 0.006563 0.061066
vn -0.998382 0.006469 0.056492
vn -0.998518 0.006374 0.054047
vn -0.914578 0.400489 0.056175
vn -0.998518 0.006374 0.054047
vn -0.921217 0.385850 0.049785
vn -0.914578 0.400489 0.056175
vn -0.921217 0.385850 0.049785
vn -0.703605 0.709296 0.042885
vn -0.914578 0.400489 0.056175
vn -0.921217 0.385850 0.049785
vn -0.703709 0.709437 0.038639
vn -0.703605 0.709296 0.042885
vn -0.703709 0.709437 0.038639
vn -0.378917 0.925167 0.022088
vn -0.703605 0.709296 0.042885
vn -0.703709 0.709437 0.038639
vn -0.377750 0.925672 0.020876
vn -0.378917 0.925167 0.022088
vn -0.377750 0.925672 0.020876
vn -0.032725 0.999463 0.001451
vn -0.378917 0.925167 0.022088
vn -0.377750 0.925672 0.020876
vn -0.006649 0.999978 0.000061
vn -0.032725 0.999463 0.001451
vn -0.996941 0.005913 -0.077931
vn -0.915813 0.377679 -0.136546
vn -0.985345 0.005928 -0.170472
vn -0.996941 0.005913 -0.077931
vn -0.908515 0.414107 -0.055828
vn -0.915813 0.377679 -0.136546
vn -0.908515 0.414107 -0.055828
vn -0.716958 0.688874 -0.106882
vn -0.915813 0.377679 -0.136546
vn -0.908515 0.414107 -0.055828
vn -0.707550 0.705773 -0.035476
vn -0.716958 0.688874 -0.106882
vn -0.707550 0.705773 -0.035476
vn -0.402864 0.913275 -0.060242
vn -0.716958 0.688874 -0.106882
vn -0.707550 0.705773 -0.035476
vn -0.384796 0.922793 -0.019623
vn -0.402864 0.913275 -0.060242
vn -0.384796 0.922793 -0.019623
vn -0.016075 0.999865 -0.003458
vn -0.402864 0.913275 -0.060242
vn -0.384796 0.922793 -0.019623
vn -0.022198 0.999752 -0.001815
vn -0.016075 0.999865 -0.003458
vn -0.013419 0.999896 -0.005379
vn -0.016075 0.999865 -0.003458
vn 0.003925 0.999992 -0.000504
vn -0.016075 0.999865 -0.003458
vn 0.003886 0.999992 -0.000516
vn 0.003925 0.999992 -0.000504
vn -0.016075 0.999865 -0.003458
vn -0.022198 0.999752 -0.001815
vn 0.003886 0.999992 -0.000516
vn -0.022198 0.999752 -0.001815
vn -0.028799 0.999585 0.000554
vn 0.003886 0.999992 -0.000516
vn -0.028799 0.999585 0.000554
vn 0.003872 0.999992 -0.000512
vn 0.003886 0.999992 -0.000516
vn -0.028799 0.999585 0.000554
vn -0.049078 0.998792 0.002490
vn 0.003872 0.999992 -0.000512
vn -0.049078 0.998792 0.002490
vn 0.003854 0.999992 -0.000511
vn 0.003872 0.999992 -0.000512
vn -0.049078 0.998792 0.002490
vn 0.003904 0.999992 -0.000509
vn 0.003854 0.999992 -0.000511
vn -0.754279 0.042449 -0.655180
vn -0.798124 0.017849 -0.602229
vn -0.850404 0.011811 -0.525998
vn -0.772503 0.021519 -0.634646
vn -0.798124 0.017849 -0.602229
vn -0.754279 0.042449 -0.655180
vn -0.921052 0.386275 0.049548
vn -0.998518 0.006374 0.054047
vn -0.998513 0.009311 0.053719
vn -0.377750 0.925672 0.020876
vn -0.018430 0.999830 0.000689
vn -0.006649 0.999978 0.000061
vn -0.998518 0.006374 0.054047
vn -0.921052 0.386275 0.049548
vn -0.921217 0.385850 0.049785
vn -0.921052 0.386275 0.049548
vn -0.703709 0.709437 0.038639
vn -0.921217 0.385850 0.049785
vn -0.921052 0.386275 0.049548
vn -0.703332 0.709861 0.037706
vn -0.703709 0.709437 0.038639
vn -0.703332 0.709861 0.037706
vn -0.377750 0.925672 0.020876
vn -0.703709 0.709437 0.038639
vn -0.703332 0.709861 0.037706
vn -0.378574 0.925352 0.020130
vn -0.377750 0.925672 0.020876
vn -0.378574 0.925352 0.020130
vn -0.018430 0.999830 0.000689
vn -0.377750 0.925672 0.020876
vn -0.998717 0.003891 0.050486
vn -0.850404 0.011811 -0.525998
vn -0.998599 0.014908 0.050777
vn -0.850404 0.011811 -0.525998
vn -0.953362 0.017245 -0.301335
vn -0.998599 0.014908 0.050777
vn -0.850404 0.011811 -0.525998
vn -0.798124 0.017849 -0.602229
vn -0.953362 0.017245 -0.301335
vn 0.758952 -0.615864 -0.211431
vn 0.614587 -0.760512 -0.209534
vn 0.716818 -0.654852 -0.239460
vn 0.669900 -0.728110 -0.145227
vn 0.823647 -0.535855 -0.185646
vn 0.816047 -0.556527 -0.156026
vn 0.072627 -0.993609 -0.086407
vn 0.000564 -0.996354 -0.085311
vn 0.027021 -0.996084 -0.084177
vn 0.000564 -0.996354 -0.085311
vn -0.001058 -0.996517 -0.083389
vn 0.027021 -0.996084 -0.084177
vn 0.163157 -0.981095 -0.104079
vn 0.072627 -0.993609 -0.086407
vn 0.085752 -0.992380 -0.088476
vn 0.072627 -0.993609 -0.086407
vn 0.027021 -0.996084 -0.084177
vn 0.085752 -0.992380 -0.088476
vn 0.094308 -0.990556 -0.099523
vn 0.180764 -0.977040 -0.112775
vn 0.097706 -0.990486 -0.096910
vn 0.088778 -0.990922 -0.100954
vn 0.149776 -0.981521 -0.119095
vn 0.091622 -0.990649 -0.101098
vn 0.149776 -0.981521 -0.119095
vn 0.167431 -0.978582 -0.119771
vn 0.091622 -0.990649 -0.101098
vn 0.149776 -0.981521 -0.119095
vn 0.224365 -0.963657 -0.145003
vn 0.167431 -0.978582 -0.119771
vn 0.224365 -0.963657 -0.145003
vn 0.280537 -0.948674 -0.146002
vn 0.167431 -0.978582 -0.119771
vn 0.224365 -0.963657 -0.145003
vn 0.348388 -0.919106 -0.184036
vn 0.280537 -0.948674 -0.146002
vn 0.348388 -0.919106 -0.184036
vn 0.430675 -0.884606 -0.178860
vn 0.280537 -0.948674 -0.146002
vn 0.348388 -0.919106 -0.184036
vn 0.470658 -0.855437 -0.216122
vn 0.430675 -0.884606 -0.178860
vn 0.470658 -0.855437 -0.216122
vn 0.614587 -0.760512 -0.209534
vn 0.430675 -0.884606 -0.178860
vn 0.470658 -0.855437 -0.216122
vn 0.615617 -0.743948 -0.259917
vn 0.614587 -0.760512 -0.209534
vn 0.615617 -0.743948 -0.259917
vn 0.716818 -0.654852 -0.239460
vn 0.614587 -0.760512 -0.209534
vn 0.615617 -0.743948 -0.259917
vn 0.687798 -0.668889 -0.281995
vn 0.716818 -0.654852 -0.239460
vn 0.823647 -0.535855 -0.185646
vn 0.669948 -0.723536 -0.166330
vn 0.695644 -0.694027 -0.185490
vn 0.669948 -0.723536 -0.166330
vn 0.464905 -0.871082 -0.158367
vn 0.695644 -0.694027 -0.185490
vn 0.669948 -0.723536 -0.166330
vn 0.473781 -0.868629 -0.144965
vn 0.464905 -0.871082 -0.158367
vn 0.473781 -0.868629 -0.144965
vn 0.299318 -0.944796 -0.133299
vn 0.464905 -0.871082 -0.158367
vn 0.473781 -0.868629 -0.144965
vn 0.303938 -0.944755 -0.122718
vn 0.299318 -0.944796 -0.133299
vn 0.303938 -0.944755 -0.122718
vn 0.180764 -0.977040 -0.112775
vn 0.299318 -0.944796 -0.133299
vn 0.303938 -0.944755 -0.122718
vn 0.163157 -0.981095 -0.104079
vn 0.180764 -0.977040 -0.112775
vn 0.163157 -0.981095 -0.104079
vn 0.097706 -0.990486 -0.096910
vn 0.180764 -0.977040 -0.112775
vn 0.163157 -0.981095 -0.104079
vn 0.085752 -0.992380 -0.088476
vn 0.097706 -0.990486 -0.096910
vn 0.823647 -0.535855 -0.185646
vn 0.695644 -0.694027 -0.185490
vn 0.758952 -0.615864 -0.211431
vn 0.695644 -0.694027 -0.185490
vn 0.633335 -0.749264 -0.193623
vn 0.758952 -0.615864 -0.211431
vn 0.695644 -0.694027 -0.185490
vn 0.464905 -0.871082 -0.158367
vn 0.633335 -0.749264 -0.193623
vn 0.464905 -0.871082 -0.158367
vn 0.448436 -0.878173 -0.166485
vn 0.633335 -0.749264 -0.193623
vn 0.464905 -0.871082 -0.158367
vn 0.299318 -0.944796 -0.133299
vn 0.448436 -0.878173 -0.166485
vn 0.299318 -0.944796 -0.133299
vn 0.290158 -0.946858 -0.138813
vn 0.448436 -0.878173 -0.166485
vn 0.299318 -0.944796 -0.133299
vn 0.180764 -0.977040 -0.112775
vn 0.290158 -0.946858 -0.138813
vn 0.180764 -0.977040 -0.112775
vn 0.171787 -0.978286 -0.115953
vn 0.290158 -0.946858 -0.138813
vn 0.180764 -0.977040 -0.112775
vn 0.094308 -0.990556 -0.099523
vn 0.171787 -0.978286 -0.115953
vn 0.000564 -0.996354 -0.085311
vn 0.072627 -0.993609 -0.086407
vn 0.015957 -0.996229 -0.085278
vn 0.072627 -0.993609 -0.086407
vn 0.062393 -0.993709 -0.093003
vn 0.015957 -0.996229 -0.085278
vn 0.072627 -0.993609 -0.086407
vn 0.163157 -0.981095 -0.104079
vn 0.062393 -0.993709 -0.093003
vn 0.163157 -0.981095 -0.104079
vn 0.098309 -0.987837 -0.120473
vn 0.062393 -0.993709 -0.093003
vn 0.098309 -0.987837 -0.120473
vn 0.163157 -0.981095 -0.104079
vn 0.162142 -0.981877 -0.098123
vn 0.163157 -0.981095 -0.104079
vn 0.284759 -0.952949 -0.103923
vn 0.162142 -0.981877 -0.098123
vn 0.163157 -0.981095 -0.104079
vn 0.303938 -0.944755 -0.122718
vn 0.284759 -0.952949 -0.103923
vn 0.303938 -0.944755 -0.122718
vn 0.451673 -0.883986 -0.120665
vn 0.284759 -0.952949 -0.103923
vn 0.303938 -0.944755 -0.122718
vn 0.473781 -0.868629 -0.144965
vn 0.451673 -0.883986 -0.120665
vn 0.473781 -0.868629 -0.144965
vn 0.669900 -0.728110 -0.145227
vn 0.451673 -0.883986 -0.120665
vn 0.473781 -0.868629 -0.144965
vn 0.669948 -0.723536 -0.166330
vn 0.669900 -0.728110 -0.145227
vn 0.669948 -0.723536 -0.166330
vn 0.823647 -0.535855 -0.185646
vn 0.669900 -0.728110 -0.145227
vn 0.091622 -0.990649 -0.101098
vn 0.167431 -0.978582 -0.119771
vn 0.094308 -0.990556 -0.099523
vn 0.167431 -0.978582 -0.119771
vn 0.171787 -0.978286 -0.115953
vn 0.094308 -0.990556 -0.099523
vn 0.167431 -0.978582 -0.119771
vn 0.280537 -0.948674 -0.146002
vn 0.171787 -0.978286 -0.115953
vn 0.280537 -0.948674 -0.146002
vn 0.290158 -0.946858 -0.138813
vn 0.171787 -0.978286 -0.115953
vn 0.280537 -0.948674 -0.146002
vn 0.430675 -0.884606 -0.178860
vn 0.290158 -0.946858 -0.138813
vn 0.430675 -0.884606 -0.178860
vn 0.448436 -0.878173 -0.166485
vn 0.290158 -0.946858 -0.138813
vn 0.430675 -0.884606 -0.178860
vn 0.614587 -0.760512 -0.209534
vn 0.448436 -0.878173 -0.166485
vn 0.614587 -0.760512 -0.209534
vn 0.633335 -0.749264 -0.193623
vn 0.448436 -0.878173 -0.166485
vn 0.614587 -0.760512 -0.209534
vn 0.758952 -0.615864 -0.211431
vn 0.633335 -0.749264 -0.193623
vn 0.000564 -0.996354 -0.085311
vn -0.034862 -0.996223 -0.079527
vn -0.001058 -0.996517 -0.083389
vn 0.015957 -0.996229 -0.085278
vn -0.013956 -0.996133 -0.086741
vn 0.000564 -0.996354 -0.085311
vn -0.013956 -0.996133 -0.086741
vn -0.034862 -0.996223 -0.079527
vn 0.000564 -0.996354 -0.085311
vn -0.013956 -0.996133 -0.086741
vn -0.051557 -0.995830 -0.075258
vn -0.034862 -0.996223 -0.079527
vn -0.051557 -0.995830 -0.075258
vn -0.078633 -0.994067 -0.075158
vn -0.034862 -0.996223 -0.079527
vn -0.051557 -0.995830 -0.075258
vn -0.088462 -0.993094 -0.077066
vn -0.078633 -0.994067 -0.075158
vn -0.088462 -0.993094 -0.077066
vn -0.151314 -0.985664 -0.074642
vn -0.078633 -0.994067 -0.075158
vn -0.088462 -0.993094 -0.077066
vn -0.167057 -0.982801 -0.078699
vn -0.151314 -0.985664 -0.074642
vn -0.167057 -0.982801 -0.078699
vn -0.267202 -0.961571 -0.063122
vn -0.151314 -0.985664 -0.074642
vn -0.167057 -0.982801 -0.078699
vn -0.278051 -0.958372 -0.064886
vn -0.267202 -0.961571 -0.063122
vn -0.278051 -0.958372 -0.064886
vn -0.402159 -0.913764 -0.057470
vn -0.267202 -0.961571 -0.063122
vn -0.278051 -0.958372 -0.064886
vn -0.435276 -0.898994 -0.048428
vn -0.402159 -0.913764 -0.057470
vn -0.435276 -0.898994 -0.048428
vn -0.617201 -0.786666 -0.014827
vn -0.402159 -0.913764 -0.057470
vn -0.435276 -0.898994 -0.048428
vn -0.591691 -0.805439 -0.034195
vn -0.617201 -0.786666 -0.014827
vn -0.591691 -0.805439 -0.034195
vn -0.698488 -0.715296 -0.021604
vn -0.617201 -0.786666 -0.014827
vn -0.698488 -0.715296 -0.021604
vn -0.793255 -0.608847 0.007227
vn -0.617201 -0.786666 -0.014827
vn -0.698488 -0.715296 -0.021604
vn -0.818828 -0.573998 -0.006838
vn -0.793255 -0.608847 0.007227
vn -0.818828 -0.573998 -0.006838
vn -0.910006 -0.413356 0.032043
vn -0.793255 -0.608847 0.007227
vn -0.818828 -0.573998 -0.006838
vn -0.904255 -0.426834 0.011618
vn -0.910006 -0.413356 0.032043
vn -0.904255 -0.426834 0.011618
vn -0.963348 -0.264787 0.042990
vn -0.910006 -0.413356 0.032043
vn -0.904255 -0.426834 0.011618
vn -0.968492 -0.245686 0.040768
vn -0.963348 -0.264787 0.042990
vn -0.968492 -0.245686 0.040768
vn -0.986490 -0.156462 0.048541
vn -0.963348 -0.264787 0.042990
vn -0.968492 -0.245686 0.040768
vn -0.993322 -0.099918 0.057681
vn -0.986490 -0.156462 0.048541
vn -0.986490 -0.156462 0.048541
vn -0.993322 -0.099918 0.057681
vn -0.996169 -0.070887 0.051206
vn -0.993322 -0.099918 0.057681
vn -0.998380 -0.001135 0.056889
vn -0.996169 -0.070887 0.051206
vn -0.993322 -0.099918 0.057681
vn -0.998134 0.006567 0.060712
vn -0.998380 -0.001135 0.056889
vn -0.793255 -0.608847 0.007227
vn -0.910006 -0.413356 0.032043
vn -0.904017 -0.425539 0.040866
vn -0.910006 -0.413356 0.032043
vn -0.957521 -0.285047 0.043619
vn -0.904017 -0.425539 0.040866
vn -0.910006 -0.413356 0.032043
vn -0.963348 -0.264787 0.042990
vn -0.957521 -0.285047 0.043619
vn -0.963348 -0.264787 0.042990
vn -0.985199 -0.165025 0.046370
vn -0.957521 -0.285047 0.043619
vn -0.963348 -0.264787 0.042990
vn -0.986490 -0.156462 0.048541
vn -0.985199 -0.165025 0.046370
vn -0.986490 -0.156462 0.048541
vn -0.996625 -0.067710 0.046407
vn -0.985199 -0.165025 0.046370
vn -0.986490 -0.156462 0.048541
vn -0.996169 -0.070887 0.051206
vn -0.996625 -0.067710 0.046407
vn -0.996169 -0.070887 0.051206
vn -0.998380 -0.001135 0.056889
vn -0.996625 -0.067710 0.046407
vn -0.998380 -0.001135 0.056889
vn -0.999017 0.005492 0.043991
vn -0.996625 -0.067710 0.046407
vn -0.617201 -0.786666 -0.014827
vn -0.734420 -0.678547 0.014193
vn -0.637877 -0.770137 -0.001353
vn -0.617201 -0.786666 -0.014827
vn -0.793255 -0.608847 0.007227
vn -0.734420 -0.678547 0.014193
vn -0.793255 -0.608847 0.007227
vn -0.824352 -0.565383 0.028021
vn -0.734420 -0.678547 0.014193
vn -0.793255 -0.608847 0.007227
vn -0.904017 -0.425539 0.040866
vn -0.824352 -0.565383 0.028021
vn -0.527963 -0.849153 -0.013910
vn -0.410013 -0.911445 -0.034029
vn -0.419506 -0.907136 -0.033445
vn -0.410013 -0.911445 -0.034029
vn -0.276987 -0.959440 -0.052474
vn -0.419506 -0.907136 -0.033445
vn -0.410013 -0.911445 -0.034029
vn -0.292137 -0.955078 -0.049817
vn -0.276987 -0.959440 -0.052474
vn -0.292137 -0.955078 -0.049817
vn -0.155479 -0.985633 -0.065977
vn -0.276987 -0.959440 -0.052474
vn -0.292137 -0.955078 -0.049817
vn -0.175722 -0.982624 -0.059766
vn -0.155479 -0.985633 -0.065977
vn -0.175722 -0.982624 -0.059766
vn -0.086993 -0.993543 -0.072830
vn -0.155479 -0.985633 -0.065977
vn -0.175722 -0.982624 -0.059766
vn -0.102702 -0.992778 -0.061999
vn -0.086993 -0.993543 -0.072830
vn -0.102702 -0.992778 -0.061999
vn -0.036413 -0.996429 -0.076177
vn -0.086993 -0.993543 -0.072830
vn -0.102702 -0.992778 -0.061999
vn -0.059369 -0.995990 -0.066931
vn -0.036413 -0.996429 -0.076177
vn -0.004156 -0.996798 -0.079849
vn -0.026285 -0.996813 -0.075313
vn -0.000013 -0.996635 -0.081966
vn -0.059369 -0.995990 -0.066931
vn -0.026285 -0.996813 -0.075313
vn -0.036413 -0.996429 -0.076177
vn -0.026285 -0.996813 -0.075313
vn -0.006003 -0.996757 -0.080241
vn -0.036413 -0.996429 -0.076177
vn -0.026285 -0.996813 -0.075313
vn -0.004156 -0.996798 -0.079849
vn -0.006003 -0.996757 -0.080241
vn -0.001058 -0.996517 -0.083389
vn -0.034862 -0.996223 -0.079527
vn -0.006003 -0.996757 -0.080241
vn -0.034862 -0.996223 -0.079527
vn -0.036413 -0.996429 -0.076177
vn -0.006003 -0.996757 -0.080241
vn -0.034862 -0.996223 -0.079527
vn -0.078633 -0.994067 -0.075158
vn -0.036413 -0.996429 -0.076177
vn -0.078633 -0.994067 -0.075158
vn -0.086993 -0.993543 -0.072830
vn -0.036413 -0.996429 -0.076177
vn -0.078633 -0.994067 -0.075158
vn -0.151314 -0.985664 -0.074642
vn -0.086993 -0.993543 -0.072830
vn -0.151314 -0.985664 -0.074642
vn -0.155479 -0.985633 -0.065977
vn -0.086993 -0.993543 -0.072830
vn -0.151314 -0.985664 -0.074642
vn -0.267202 -0.961571 -0.063122
vn -0.155479 -0.985633 -0.065977
vn -0.267202 -0.961571 -0.063122
vn -0.276987 -0.959440 -0.052474
vn -0.155479 -0.985633 -0.065977
vn -0.267202 -0.961571 -0.063122
vn -0.402159 -0.913764 -0.057470
vn -0.276987 -0.959440 -0.052474
vn -0.402159 -0.913764 -0.057470
vn -0.419506 -0.907136 -0.033445
vn -0.276987 -0.959440 -0.052474
vn -0.402159 -0.913764 -0.057470
vn -0.617201 -0.786666 -0.014827
vn -0.419506 -0.907136 -0.033445
vn -0.617201 -0.786666 -0.014827
vn -0.527963 -0.849153 -0.013910
vn -0.419506 -0.907136 -0.033445
vn -0.617201 -0.786666 -0.014827
vn -0.637877 -0.770137 -0.001353
vn -0.527963 -0.849153 -0.013910
vn 0.823647 -0.535855 -0.185646
vn 0.916863 -0.348907 -0.193976
vn 0.816047 -0.556527 -0.156026
vn 0.916863 -0.348907 -0.193976
vn 0.916784 -0.362539 -0.167550
vn 0.816047 -0.556527 -0.156026
vn 0.982880 -0.011819 -0.183868
vn 0.978994 -0.070471 -0.191321
vn 0.980299 -0.016427 -0.196834
vn 0.935887 -0.291534 -0.197799
vn 0.963324 -0.199352 -0.179628
vn 0.968557 -0.186391 -0.164793
vn 0.963324 -0.199352 -0.179628
vn 0.972599 -0.122400 -0.197659
vn 0.968557 -0.186391 -0.164793
vn 0.963324 -0.199352 -0.179628
vn 0.978994 -0.070471 -0.191321
vn 0.972599 -0.122400 -0.197659
vn 0.978994 -0.070471 -0.191321
vn 0.982647 -0.054358 -0.177340
vn 0.972599 -0.122400 -0.197659
vn 0.978994 -0.070471 -0.191321
vn 0.982880 -0.011819 -0.183868
vn 0.982647 -0.054358 -0.177340
vn 0.935887 -0.291534 -0.197799
vn 0.916784 -0.362539 -0.167550
vn 0.963324 -0.199352 -0.179628
vn 0.916784 -0.362539 -0.167550
vn 0.948962 -0.245474 -0.198022
vn 0.963324 -0.199352 -0.179628
vn 0.916784 -0.362539 -0.167550
vn 0.916863 -0.348907 -0.193976
vn 0.948962 -0.245474 -0.198022
vn 0.980299 -0.016427 -0.196834
vn 0.978994 -0.070471 -0.191321
vn 0.978099 -0.050572 -0.201903
vn 0.978994 -0.070471 -0.191321
vn 0.963324 -0.199352 -0.179628
vn 0.978099 -0.050572 -0.201903
vn 0.963324 -0.199352 -0.179628
vn 0.974580 -0.122247 -0.187750
vn 0.978099 -0.050572 -0.201903
vn 0.963324 -0.199352 -0.179628
vn 0.948962 -0.245474 -0.198022
vn 0.974580 -0.122247 -0.187750
vn -0.963256 0.265751 0.038923
vn -0.979683 0.196188 0.041605
vn -0.955333 0.291292 0.049885
vn -0.979683 0.196188 0.041605
vn -0.981804 0.180949 0.057608
vn -0.955333 0.291292 0.049885
vn -0.979683 0.196188 0.041605
vn -0.993901 0.097933 0.050687
vn -0.981804 0.180949 0.057608
vn -0.993901 0.097933 0.050687
vn -0.991762 0.112699 0.060880
vn -0.981804 0.180949 0.057608
vn -0.909931 0.413136 0.036657
vn -0.861141 0.507976 0.019914
vn -0.863018 0.505113 0.007764
vn -0.382055 0.923262 0.040278
vn -0.537535 0.842989 0.020632
vn -0.368240 0.929703 0.007139
vn 0.001203 0.999559 -0.029684
vn -0.048484 0.998422 -0.028320
vn -0.000406 0.999112 -0.042137
vn 0.000282 0.997327 -0.073063
vn -0.038919 0.996534 -0.073518
vn -0.003241 0.996455 -0.084064
vn -0.963256 0.265751 0.038923
vn -0.955333 0.291292 0.049885
vn -0.930705 0.364623 0.028950
vn -0.955333 0.291292 0.049885
vn -0.908370 0.416700 0.034997
vn -0.930705 0.364623 0.028950
vn -0.908370 0.416700 0.034997
vn -0.849074 0.528117 0.012906
vn -0.930705 0.364623 0.028950
vn -0.908370 0.416700 0.034997
vn -0.810008 0.586317 0.010914
vn -0.849074 0.528117 0.012906
vn -0.527743 0.848534 -0.038434
vn -0.700296 0.713739 -0.012760
vn -0.694513 0.719372 -0.012496
vn -0.700296 0.713739 -0.012760
vn -0.810008 0.586317 0.010914
vn -0.694513 0.719372 -0.012496
vn -0.319026 0.945403 -0.066598
vn -0.527743 0.848534 -0.038434
vn -0.440972 0.896231 -0.048095
vn -0.527743 0.848534 -0.038434
vn -0.545263 0.837531 -0.035079
vn -0.440972 0.896231 -0.048095
vn -0.527743 0.848534 -0.038434
vn -0.694513 0.719372 -0.012496
vn -0.545263 0.837531 -0.035079
vn -0.088842 0.992588 -0.082922
vn -0.186168 0.979504 -0.076902
vn -0.167429 0.982466 -0.082027
vn -0.186168 0.979504 -0.076902
vn -0.254700 0.964151 -0.074437
vn -0.167429 0.982466 -0.082027
vn -0.186168 0.979504 -0.076902
vn -0.319026 0.945403 -0.066598
vn -0.254700 0.964151 -0.074437
vn -0.319026 0.945403 -0.066598
vn -0.343093 0.937296 -0.061350
vn -0.254700 0.964151 -0.074437
vn -0.319026 0.945403 -0.066598
vn -0.440972 0.896231 -0.048095
vn -0.343093 0.937296 -0.061350
vn -0.092465 0.991776 -0.088486
vn -0.032979 0.994773 -0.096635
vn -0.032631 0.995127 -0.093051
vn -0.032979 0.994773 -0.096635
vn 0.012199 0.995250 -0.096582
vn -0.032631 0.995127 -0.093051
vn -0.032979 0.994773 -0.096635
vn 0.009277 0.994840 -0.101031
vn 0.012199 0.995250 -0.096582
vn 0.009277 0.994840 -0.101031
vn 0.077066 0.991571 -0.104157
vn 0.012199 0.995250 -0.096582
vn 0.009277 0.994840 -0.101031
vn 0.062269 0.992374 -0.106381
vn 0.077066 0.991571 -0.104157
vn 0.062269 0.992374 -0.106381
vn 0.124876 0.985353 -0.116127
vn 0.077066 0.991571 -0.104157
vn 0.124876 0.985353 -0.116127
vn 0.158715 0.980425 -0.116515
vn 0.077066 0.991571 -0.104157
vn 0.124876 0.985353 -0.116127
vn 0.187826 0.974679 -0.121338
vn 0.158715 0.980425 -0.116515
vn 0.187826 0.974679 -0.121338
vn 0.257458 0.958056 -0.125872
vn 0.158715 0.980425 -0.116515
vn 0.257458 0.958056 -0.125872
vn 0.279099 0.950535 -0.136334
vn 0.158715 0.980425 -0.116515
vn 0.257458 0.958056 -0.125872
vn 0.355681 0.924982 -0.133789
vn 0.279099 0.950535 -0.136334
vn 0.279099 0.950535 -0.136334
vn 0.355681 0.924982 -0.133789
vn 0.394196 0.906009 -0.154133
vn 0.355681 0.924982 -0.133789
vn 0.493536 0.857217 -0.146976
vn 0.394196 0.906009 -0.154133
vn 0.493536 0.857217 -0.146976
vn 0.537932 0.825345 -0.171566
vn 0.394196 0.906009 -0.154133
vn 0.493536 0.857217 -0.146976
vn 0.631397 0.758401 -0.161758
vn 0.537932 0.825345 -0.171566
vn 0.631397 0.758401 -0.161758
vn 0.671112 0.718228 -0.183731
vn 0.537932 0.825345 -0.171566
vn 0.631397 0.758401 -0.161758
vn 0.764625 0.621486 -0.170598
vn 0.671112 0.718228 -0.183731
vn 0.764625 0.621486 -0.170598
vn 0.794181 0.576694 -0.191577
vn 0.671112 0.718228 -0.183731
vn 0.764625 0.621486 -0.170598
vn 0.860118 0.478557 -0.176579
vn 0.794181 0.576694 -0.191577
vn 0.860118 0.478557 -0.176579
vn 0.870664 0.450901 -0.196554
vn 0.794181 0.576694 -0.191577
vn 0.860118 0.478557 -0.176579
vn 0.928008 0.325371 -0.181482
vn 0.870664 0.450901 -0.196554
vn 0.870664 0.450901 -0.196554
vn 0.928008 0.325371 -0.181482
vn 0.933222 0.298005 -0.200722
vn 0.928008 0.325371 -0.181482
vn 0.959701 0.213513 -0.182717
vn 0.933222 0.298005 -0.200722
vn 0.959701 0.213513 -0.182717
vn 0.961511 0.186305 -0.201960
vn 0.933222 0.298005 -0.200722
vn 0.959701 0.213513 -0.182717
vn 0.977564 0.107887 -0.180911
vn 0.961511 0.186305 -0.201960
vn 0.977564 0.107887 -0.180911
vn 0.976079 0.078999 -0.202554
vn 0.961511 0.186305 -0.201960
vn 0.977564 0.107887 -0.180911
vn 0.981507 0.044737 -0.186124
vn 0.976079 0.078999 -0.202554
vn 0.980299 -0.016427 -0.196834
vn 0.978666 0.036319 -0.202222
vn 0.982880 -0.011819 -0.183868
vn 0.978666 0.036319 -0.202222
vn 0.981507 0.044737 -0.186124
vn 0.982880 -0.011819 -0.183868
vn 0.978666 0.036319 -0.202222
vn 0.976079 0.078999 -0.202554
vn 0.981507 0.044737 -0.186124
vn 0.000049 0.995892 -0.090552
vn -0.032320 0.995709 -0.086712
vn 0.012199 0.995250 -0.096582
vn -0.032320 0.995709 -0.086712
vn -0.032631 0.995127 -0.093051
vn 0.012199 0.995250 -0.096582
vn -0.032320 0.995709 -0.086712
vn -0.088842 0.992588 -0.082922
vn -0.032631 0.995127 -0.093051
vn -0.088842 0.992588 -0.082922
vn -0.092465 0.991776 -0.088486
vn -0.032631 0.995127 -0.093051
vn -0.088842 0.992588 -0.082922
vn -0.167429 0.982466 -0.082027
vn -0.092465 0.991776 -0.088486
vn 0.013536 0.999765 -0.016968
vn 0.022070 0.999716 -0.008968
vn -0.041400 0.999142 -0.000919
vn -0.094988 0.994840 0.035657
vn -0.017684 0.999783 0.011037
vn -0.078519 0.995858 0.045841
vn -0.017684 0.999783 0.011037
vn -0.002577 0.999588 0.028597
vn -0.078519 0.995858 0.045841
vn -0.017684 0.999783 0.011037
vn 0.044354 0.999004 -0.004830
vn -0.002577 0.999588 0.028597
vn 0.044354 0.999004 -0.004830
vn 0.011972 0.999608 0.025301
vn -0.002577 0.999588 0.028597
vn 0.044354 0.999004 -0.004830
vn 0.079642 0.996747 -0.012385
vn 0.011972 0.999608 0.025301
vn 0.079642 0.996747 -0.012385
vn -0.001352 0.999846 0.017499
vn 0.011972 0.999608 0.025301
vn 0.044354 0.999004 -0.004830
vn -0.017684 0.999783 0.011037
vn 0.022070 0.999716 -0.008968
vn -0.017684 0.999783 0.011037
vn -0.041400 0.999142 -0.000919
vn 0.022070 0.999716 -0.008968
vn -0.017684 0.999783 0.011037
vn -0.094988 0.994840 0.035657
vn -0.041400 0.999142 -0.000919
vn -0.094988 0.994840 0.035657
vn -0.114011 0.993344 0.016414
vn -0.041400 0.999142 -0.000919
vn -0.094988 0.994840 0.035657
vn -0.178682 0.982623 0.050244
vn -0.114011 0.993344 0.016414
vn -0.178682 0.982623 0.050244
vn -0.186123 0.982228 0.024199
vn -0.114011 0.993344 0.016414
vn -0.178682 0.982623 0.050244
vn -0.322163 0.945432 0.048677
vn -0.186123 0.982228 0.024199
vn -0.368240 0.929703 0.007139
vn -0.226256 0.974067 0.001081
vn -0.382055 0.923262 0.040278
vn -0.555331 0.831627 -0.002121
vn -0.708349 0.705316 0.027776
vn -0.716505 0.697441 0.014024
vn -0.861141 0.507976 0.019914
vn -0.716505 0.697441 0.014024
vn -0.863018 0.505113 0.007764
vn -0.716505 0.697441 0.014024
vn -0.790849 0.610686 0.040250
vn -0.863018 0.505113 0.007764
vn -0.716505 0.697441 0.014024
vn -0.708349 0.705316 0.027776
vn -0.790849 0.610686 0.040250
vn -0.909931 0.413136 0.036657
vn -0.957155 0.286489 -0.042180
vn -0.861141 0.507976 0.019914
vn -0.957155 0.286489 -0.042180
vn -0.920224 0.390401 0.027852
vn -0.861141 0.507976 0.019914
vn -0.957155 0.286489 -0.042180
vn -0.962047 0.272150 0.019987
vn -0.920224 0.390401 0.027852
vn -0.930705 0.364623 0.028950
vn -0.979683 0.196188 0.041605
vn -0.963256 0.265751 0.038923
vn -0.930705 0.364623 0.028950
vn -0.979965 0.195225 0.039443
vn -0.979683 0.196188 0.041605
vn -0.000406 0.999112 -0.042137
vn -0.048484 0.998422 -0.028320
vn -0.003183 0.998272 -0.058684
vn -0.048484 0.998422 -0.028320
vn -0.043789 0.997481 -0.055807
vn -0.003183 0.998272 -0.058684
vn -0.048484 0.998422 -0.028320
vn -0.121611 0.992470 -0.014631
vn -0.043789 0.997481 -0.055807
vn -0.121611 0.992470 -0.014631
vn -0.112146 0.992564 -0.047331
vn -0.043789 0.997481 -0.055807
vn -0.121611 0.992470 -0.014631
vn -0.226256 0.974067 0.001081
vn -0.112146 0.992564 -0.047331
vn -0.226256 0.974067 0.001081
vn -0.222206 0.974353 -0.035517
vn -0.112146 0.992564 -0.047331
vn -0.226256 0.974067 0.001081
vn -0.368240 0.929703 0.007139
vn -0.222206 0.974353 -0.035517
vn -0.368240 0.929703 0.007139
vn -0.354738 0.934658 -0.023975
vn -0.222206 0.974353 -0.035517
vn -0.368240 0.929703 0.007139
vn -0.537535 0.842989 0.020632
vn -0.354738 0.934658 -0.023975
vn -0.537535 0.842989 0.020632
vn -0.555331 0.831627 -0.002121
vn -0.354738 0.934658 -0.023975
vn -0.537535 0.842989 0.020632
vn -0.650956 0.758439 0.032050
vn -0.555331 0.831627 -0.002121
vn -0.650956 0.758439 0.032050
vn -0.708349 0.705316 0.027776
vn -0.555331 0.831627 -0.002121
vn -0.382055 0.923262 0.040278
vn -0.226256 0.974067 0.001081
vn -0.322163 0.945432 0.048677
vn -0.226256 0.974067 0.001081
vn -0.186123 0.982228 0.024199
vn -0.322163 0.945432 0.048677
vn -0.226256 0.974067 0.001081
vn -0.121611 0.992470 -0.014631
vn -0.186123 0.982228 0.024199
vn -0.121611 0.992470 -0.014631
vn -0.114011 0.993344 0.016414
vn -0.186123 0.982228 0.024199
vn -0.121611 0.992470 -0.014631
vn -0.048484 0.998422 -0.028320
vn -0.114011 0.993344 0.016414
vn -0.048484 0.998422 -0.028320
vn -0.041400 0.999142 -0.000919
vn -0.114011 0.993344 0.016414
vn -0.048484 0.998422 -0.028320
vn 0.001203 0.999559 -0.029684
vn -0.041400 0.999142 -0.000919
vn 0.001203 0.999559 -0.029684
vn 0.013536 0.999765 -0.016968
vn -0.041400 0.999142 -0.000919
vn -0.003241 0.996455 -0.084064
vn -0.038919 0.996534 -0.073518
vn 0.000049 0.995892 -0.090552
vn -0.038919 0.996534 -0.073518
vn -0.032320 0.995709 -0.086712
vn 0.000049 0.995892 -0.090552
vn -0.038919 0.996534 -0.073518
vn -0.099780 0.992723 -0.067423
vn -0.032320 0.995709 -0.086712
vn -0.099780 0.992723 -0.067423
vn -0.088842 0.992588 -0.082922
vn -0.032320 0.995709 -0.086712
vn -0.099780 0.992723 -0.067423
vn -0.203502 0.977322 -0.058559
vn -0.088842 0.992588 -0.082922
vn -0.203502 0.977322 -0.058559
vn -0.186168 0.979504 -0.076902
vn -0.088842 0.992588 -0.082922
vn -0.203502 0.977322 -0.058559
vn -0.333159 0.941638 -0.048208
vn -0.186168 0.979504 -0.076902
vn -0.333159 0.941638 -0.048208
vn -0.319026 0.945403 -0.066598
vn -0.186168 0.979504 -0.076902
vn -0.333159 0.941638 -0.048208
vn -0.542074 0.839934 -0.025837
vn -0.319026 0.945403 -0.066598
vn -0.542074 0.839934 -0.025837
vn -0.527743 0.848534 -0.038434
vn -0.319026 0.945403 -0.066598
vn -0.542074 0.839934 -0.025837
vn -0.723019 0.690813 -0.004607
vn -0.527743 0.848534 -0.038434
vn -0.723019 0.690813 -0.004607
vn -0.700296 0.713739 -0.012760
vn -0.527743 0.848534 -0.038434
vn -0.723019 0.690813 -0.004607
vn -0.849074 0.528117 0.012906
vn -0.700296 0.713739 -0.012760
vn -0.849074 0.528117 0.012906
vn -0.810008 0.586317 0.010914
vn -0.700296 0.713739 -0.012760
vn -0.003183 0.998272 -0.058684
vn -0.043789 0.997481 -0.055807
vn 0.000282 0.997327 -0.073063
vn -0.043789 0.997481 -0.055807
vn -0.038919 0.996534 -0.073518
vn 0.000282 0.997327 -0.073063
vn -0.043789 0.997481 -0.055807
vn -0.112146 0.992564 -0.047331
vn -0.038919 0.996534 -0.073518
vn -0.112146 0.992564 -0.047331
vn -0.099780 0.992723 -0.067423
vn -0.038919 0.996534 -0.073518
vn -0.112146 0.992564 -0.047331
vn -0.222206 0.974353 -0.035517
vn -0.099780 0.992723 -0.067423
vn -0.222206 0.974353 -0.035517
vn -0.203502 0.977322 -0.058559
vn -0.099780 0.992723 -0.067423
vn -0.222206 0.974353 -0.035517
vn -0.354738 0.934658 -0.023975
vn -0.203502 0.977322 -0.058559
vn -0.354738 0.934658 -0.023975
vn -0.333159 0.941638 -0.048208
vn -0.203502 0.977322 -0.058559
vn -0.354738 0.934658 -0.023975
vn -0.555331 0.831627 -0.002121
vn -0.333159 0.941638 -0.048208
vn -0.555331 0.831627 -0.002121
vn -0.542074 0.839934 -0.025837
vn -0.333159 0.941638 -0.048208
vn -0.555331 0.831627 -0.002121
vn -0.716505 0.697441 0.014024
vn -0.542074 0.839934 -0.025837
vn -0.716505 0.697441 0.014024
vn -0.723019 0.690813 -0.004607
vn -0.542074 0.839934 -0.025837
vn -0.716505 0.697441 0.014024
vn -0.861141 0.507976 0.019914
vn -0.723019 0.690813 -0.004607
vn -0.861141 0.507976 0.019914
vn -0.849074 0.528117 0.012906
vn -0.723019 0.690813 -0.004607
vn -0.861141 0.507976 0.019914
vn -0.920224 0.390401 0.027852
vn -0.849074 0.528117 0.012906
vn -0.920224 0.390401 0.027852
vn -0.930705 0.364623 0.028950
vn -0.849074 0.528117 0.012906
vn -0.920224 0.390401 0.027852
vn -0.962047 0.272150 0.019987
vn -0.930705 0.364623 0.028950
vn -0.962047 0.272150 0.019987
vn -0.979965 0.195225 0.039443
vn -0.930705 0.364623 0.028950
vn -0.962047 0.272150 0.019987
vn -0.981329 0.190490 0.026598
vn -0.979965 0.195225 0.039443
vn -0.989168 0.144231 0.027268
vn -0.979965 0.195225 0.039443
vn -0.981329 0.190490 0.026598
vn -0.996177 0.075821 0.043392
vn -0.998134 0.006567 0.060712
vn -0.997461 0.042589 0.057069
vn -0.991762 0.112699 0.060880
vn -0.993901 0.097933 0.050687
vn -0.997461 0.042589 0.057069
vn -0.993901 0.097933 0.050687
vn -0.996177 0.075821 0.043392
vn -0.997461 0.042589 0.057069
vn -0.993901 0.097933 0.050687
vn -0.979683 0.196188 0.041605
vn -0.996177 0.075821 0.043392
vn -0.989168 0.144231 0.027268
vn -0.995918 0.087215 0.023275
vn -0.979965 0.195225 0.039443
vn -0.979683 0.196188 0.041605
vn -0.979965 0.195225 0.039443
vn -0.996177 0.075821 0.043392
vn -0.979965 0.195225 0.039443
vn -0.997414 0.066978 0.026050
vn -0.996177 0.075821 0.043392
vn -0.979965 0.195225 0.039443
vn -0.995918 0.087215 0.023275
vn -0.997414 0.066978 0.026050
vn -0.998134 0.006567 0.060712
vn -0.996177 0.075821 0.043392
vn -0.998380 -0.001135 0.056889
vn -0.996177 0.075821 0.043392
vn -0.999017 0.005492 0.043991
vn -0.998380 -0.001135 0.056889
vn -0.996177 0.075821 0.043392
vn -0.997414 0.066978 0.026050
vn -0.999017 0.005492 0.043991
vn -0.997414 0.066978 0.026050
vn -0.999136 -0.003906 0.041375
vn -0.999017 0.005492 0.043991
vn -0.997414 0.066978 0.026050
vn -0.999961 -0.000773 -0.008783
vn -0.999136 -0.003906 0.041375
vn 0.999991 -0.003866 -0.001599
vn 0.999991 -0.003866 -0.001599
vn 0.999991 -0.003866 -0.001599
vn 0.999991 -0.003866 -0.001599
vn 0.999991 -0.003866 -0.001599
vn 0.999991 -0.003867 -0.001600
vn 0.999991 -0.003866 -0.001599
vn 0.999991 -0.003866 -0.001599
vn 0.999991 -0.003866 -0.001599
vn 0.999991 -0.003866 -0.001599
vn 0.999991 -0.003866 -0.001599
vn 0.999991 -0.003866 -0.001599
vn 0.999991 -0.003866 -0.001599
vn 0.999991 -0.003866 -0.001599
vn 0.999991 -0.003866 -0.001599
vn 0.999991 -0.003866 -0.001599
vn 0.999991 -0.003866 -0.001599
vn 0.999991 -0.003866 -0.001599
vn -0.000033 0.000513 1.000000
vn -0.000033 0.000513 1.000000
vn -0.000032 0.000513 1.000000
vn -0.000033 0.000513 1.000000
vn -0.000034 0.000513 1.000000
vn -0.000032 0.000513 1.000000
vn -0.000033 0.000513 1.000000
vn -0.000033 0.000513 1.000000
vn -0.000034 0.000513 1.000000
vn -0.000033 0.000512 1.000000
vn -0.000033 0.000513 1.000000
vn -0.000033 0.000513 1.000000
vn -0.000033 0.000513 1.000000
vn -0.000033 0.000514 1.000000
vn -0.000033 0.000513 1.000000
vn -0.000033 0.000513 1.000000
vn -0.000033 0.000513 1.000000
vn -0.000033 0.000514 1.000000
vn -0.000033 0.000513 1.000000
vn -0.000033 0.000513 1.000000
vn -0.000033 0.000513 1.000000
vn -0.000033 0.000513 1.000000
vn -0.000035 0.000514 1.000000
vn -0.000033 0.000513 1.000000
vn -0.000033 0.000513 1.000000
vn -0.000035 0.000514 1.000000
vn -0.000035 0.000514 1.000000
vn -0.000033 0.000512 1.000000
vn -0.000033 0.000513 1.000000
vn -0.000033 0.000513 1.000000
vn -0.000033 0.000513 1.000000
vn -0.000033 0.000513 1.000000
vn -0.000033 0.000513 1.000000
vn -0.000033 0.000513 1.000000
vn -0.000033 0.000512 1.000000
vn -0.000033 0.000513 1.000000
vn -0.000032 0.000512 1.000000
vn -0.000033 0.000513 1.000000
vn -0.000031 0.000510 1.000000
vn -0.000032 0.000512 1.000000
vn -0.000034 0.000515 1.000000
vn -0.000033 0.000513 1.000000
vn -0.000031 0.000510 1.000000
vn -0.000033 0.000513 1.000000
vn -0.000034 0.000514 1.000000
vn -0.000033 0.000513 1.000000
vn -0.000033 0.000513 1.000000
vn -0.000034 0.000514 1.000000
vn -0.000033 0.000513 1.000000
vn -0.000031 0.000511 1.000000
vn -0.000033 0.000513 1.000000
vn -0.000031 0.000511 1.000000
vn -0.000033 0.000513 1.000000
vn -0.000034 0.000515 1.000000
vn -0.000033 0.000513 1.000000
vn -0.000034 0.000515 1.000000
vn -0.000034 0.000515 1.000000
vn -0.000033 0.000513 1.000000
vn -0.000033 0.000512 1.000000
vn -0.000034 0.000515 1.000000
vn -0.000035 0.000514 1.000000
vn -0.000033 0.000513 1.000000
vn -0.000033 0.000513 1.000000
vn -0.000033 0.000513 1.000000
vn -0.000032 0.000513 1.000000
vn -0.000033 0.000513 1.000000
vn -0.000033 0.000513 1.000000
vn -0.000032 0.000512 1.000000
vn -0.000032 0.000513 1.000000
vn -0.000032 0.000512 1.000000
vn -0.000033 0.000513 1.000000
vn -0.000032 0.000512 1.000000
vn -0.000033 0.000513 1.000000
vn -0.000035 0.000515 1.000000
vn -0.000032 0.000512 1.000000
vn -0.000033 0.000513 1.000000
vn -0.000035 0.000515 1.000000
vn -0.000035 0.000515 1.000000
vn -0.000035 0.000515 1.000000
vn -0.000033 0.000513 1.000000
vn -0.000032 0.000511 1.000000
vn -0.000033 0.000513 1.000000
vn -0.000032 0.000512 1.000000
vn -0.000032 0.000511 1.000000
vn -0.000033 0.000513 1.000000
vn -0.000034 0.000515 1.000000
vn -0.000032 0.000512 1.000000
vn -0.000033 0.000512 1.000000
vn -0.000033 0.000513 1.000000
vn -0.000033 0.000513 1.000000
vn -0.000033 0.000513 1.000000
vn -0.000033 0.000513 1.000000
vn -0.000033 0.000513 1.000000
vn -0.000033 0.000513 1.000000
vn -0.000031 0.000513 1.000000
vn -0.000033 0.000513 1.000000
vn -0.000033 0.000513 1.000000
vn -0.000033 0.000513 1.000000
vn -0.000033 0.000512 1.000000
vn -0.000033 0.000513 1.000000
vn -0.000033 0.000513 1.000000
vn -0.000033 0.000512 1.000000
vn -0.000034 0.000511 1.000000
vn -0.000033 0.000513 1.000000
vn -0.000033 0.000513 1.000000
vn -0.000033 0.000513 1.000000
vn -0.000034 0.000511 1.000000
vn -0.000033 0.000513 1.000000
vn -0.000036 0.000511 1.000000
vn -0.000033 0.000513 1.000000
vn -0.000032 0.000513 1.000000
vn -0.000033 0.000513 1.000000
vn -0.000030 0.000515 1.000000
vn -0.000032 0.000513 1.000000
vn -0.000033 0.000513 1.000000
vn -0.000035 0.000512 1.000000
vn -0.000030 0.000515 1.000000
vn -0.000033 0.000513 1.000000
vn -0.000033 0.000513 1.000000
vn -0.000033 0.000514 1.000000
vn -0.000033 0.000513 1.000000
vn -0.000033 0.000514 1.000000
vn -0.000033 0.000514 1.000000
vn -0.000033 0.000513 1.000000
vn -0.000034 0.000511 1.000000
vn -0.000033 0.000514 1.000000
vn -0.000030 0.000517 1.000000
vn -0.000033 0.000513 1.000000
vn -0.000034 0.000512 1.000000
vn -0.000035 0.000512 1.000000
vn -0.000033 0.000513 1.000000
vn -0.000033 0.000512 1.000000
vn -0.000033 0.000513 1.000000
vn -0.000033 0.000513 1.000000
vn -0.000033 0.000512 1.000000
vn -0.000033 0.000513 1.000000
vn -0.000033 0.000512 1.000000
vn -0.000033 0.000513 1.000000
vn -0.000030 0.000517 1.000000
vn -0.000031 0.000515 1.000000
vn -0.000033 0.000513 1.000000
vn -0.000034 0.000512 1.000000
vn -0.000033 0.000513 1.000000
vn -0.000034 0.000512 1.000000
vn -0.000033 0.000513 1.000000
vn -0.000033 0.000513 1.000000
vn -0.000034 0.000512 1.000000
vn -0.000033 0.000513 1.000000
vn -0.000036 0.000510 1.000000
vn -0.000033 0.000513 1.000000
vn -0.000036 0.000510 1.000000
vn -0.000033 0.000513 1.000000
vn -0.000033 0.000513 1.000000
vn -0.000033 0.000513 1.000000
vn -0.000032 0.000514 1.000000
vn -0.000033 0.000513 1.000000
vn -0.000033 0.000513 1.000000
vn -0.000036 0.000511 1.000000
vn -0.000032 0.000514 1.000000
vn -0.000034 0.000511 1.000000
vn -0.000033 0.000513 1.000000
vn -0.000033 0.000513 1.000000
vn -0.000033 0.000513 1.000000
vn -0.000032 0.000514 1.000000
vn -0.000033 0.000513 1.000000
vn -0.000033 0.000513 1.000000
vn -0.000033 0.000513 1.000000
vn -0.000032 0.000514 1.000000
vn -0.000033 0.000513 1.000000
vn -0.000033 0.000513 1.000000
vn -0.000035 0.000511 1.000000
vn -0.000033 0.000513 1.000000
vn -0.000035 0.000510 1.000000
vn -0.000035 0.000511 1.000000
vn -0.000033 0.000513 1.000000
vn -0.000031 0.000515 1.000000
vn -0.000035 0.000510 1.000000
vn -0.019223 0.995054 -0.097457
vn -0.022636 0.994803 -0.099269
vn -0.026221 0.994861 -0.097800
vn -0.022636 0.994803 -0.099269
vn -0.041651 0.994128 -0.099879
vn -0.026221 0.994861 -0.097800
vn -0.132576 0.988031 -0.078855
vn -0.088555 0.991816 -0.091978
vn -0.075234 0.992960 -0.091494
vn -0.088555 0.991816 -0.091978
vn -0.055801 0.994476 -0.088901
vn -0.075234 0.992960 -0.091494
vn -0.088555 0.991816 -0.091978
vn -0.041651 0.994128 -0.099879
vn -0.055801 0.994476 -0.088901
vn -0.041651 0.994128 -0.099879
vn -0.023943 0.994650 -0.100485
vn -0.055801 0.994476 -0.088901
vn -0.041651 0.994128 -0.099879
vn -0.022636 0.994803 -0.099269
vn -0.023943 0.994650 -0.100485
vn -0.232663 0.970177 -0.068011
vn -0.164211 0.983235 -0.079271
vn -0.218965 0.973046 -0.072360
vn -0.218965 0.973046 -0.072360
vn -0.280961 0.957844 -0.059959
vn -0.232663 0.970177 -0.068011
vn -0.280961 0.957844 -0.059959
vn -0.320650 0.945557 -0.055732
vn -0.232663 0.970177 -0.068011
vn -0.280961 0.957844 -0.059959
vn -0.330668 0.942171 -0.054517
vn -0.320650 0.945557 -0.055732
vn -0.330668 0.942171 -0.054517
vn -0.433176 0.900214 -0.044430
vn -0.320650 0.945557 -0.055732
vn -0.330668 0.942171 -0.054517
vn -0.435695 0.899096 -0.042381
vn -0.433176 0.900214 -0.044430
vn -0.435695 0.899096 -0.042381
vn -0.519111 0.854201 -0.029394
vn -0.433176 0.900214 -0.044430
vn -0.435695 0.899096 -0.042381
vn -0.507394 0.861144 -0.031353
vn -0.519111 0.854201 -0.029394
vn -0.507394 0.861144 -0.031353
vn -0.615265 0.788280 -0.007945
vn -0.626490 0.779384 -0.008353
vn -0.615265 0.788280 -0.007945
vn -0.724869 0.688874 0.004070
vn -0.626490 0.779384 -0.008353
vn -0.615265 0.788280 -0.007945
vn -0.720050 0.693851 0.009947
vn -0.724869 0.688874 0.004070
vn -0.720050 0.693851 0.009947
vn -0.801540 0.597506 0.022813
vn -0.724869 0.688874 0.004070
vn -0.720050 0.693851 0.009947
vn -0.804220 0.593897 0.022728
vn -0.801540 0.597506 0.022813
vn -0.804220 0.593897 0.022728
vn -0.867262 0.495933 0.043661
vn -0.801540 0.597506 0.022813
vn -0.804220 0.593897 0.022728
vn -0.893432 0.447009 0.044286
vn -0.867262 0.495933 0.043661
vn -0.867262 0.495933 0.043661
vn -0.893432 0.447009 0.044286
vn -0.915000 0.399983 0.052804
vn -0.893432 0.447009 0.044286
vn -0.952570 0.297513 0.063999
vn -0.915000 0.399983 0.052804
vn -0.893432 0.447009 0.044286
vn -0.948800 0.309314 0.064063
vn -0.952570 0.297513 0.063999
vn -0.948800 0.309314 0.064063
vn -0.974832 0.210494 0.073453
vn -0.952570 0.297513 0.063999
vn -0.948800 0.309314 0.064063
vn -0.977445 0.198201 0.072924
vn -0.974832 0.210494 0.073453
vn -0.977445 0.198201 0.072924
vn -0.988142 0.129734 0.082127
vn -0.974832 0.210494 0.073453
vn -0.977445 0.198201 0.072924
vn -0.989022 0.124955 0.078885
vn -0.988142 0.129734 0.082127
vn -0.994137 0.057451 0.091600
vn -0.989022 0.124955 0.078885
vn -0.994309 0.064383 0.084875
vn -0.994309 0.064383 0.084875
vn -0.995436 0.034638 0.088924
vn -0.994137 0.057451 0.091600
vn -0.995436 0.034638 0.088924
vn -0.995768 0.003837 0.091825
vn -0.994137 0.057451 0.091600
vn -0.995436 0.034638 0.088924
vn -0.996249 0.003897 0.086447
vn -0.995768 0.003837 0.091825
vn -0.989022 0.124955 0.078885
vn -0.994137 0.057451 0.091600
vn -0.988142 0.129734 0.082127
vn -0.994137 0.057451 0.091600
vn -0.993539 0.060187 0.096215
vn -0.988142 0.129734 0.082127
vn -0.994137 0.057451 0.091600
vn -0.995768 0.003837 0.091825
vn -0.993539 0.060187 0.096215
vn -0.995768 0.003837 0.091825
vn -0.998303 0.046774 0.034697
vn -0.993539 0.060187 0.096215
vn -0.995768 0.003837 0.091825
vn -0.994930 0.004863 0.100457
vn -0.998303 0.046774 0.034697
vn -0.963589 0.263320 0.046464
vn -0.974832 0.210494 0.073453
vn -0.974334 0.207282 0.087787
vn -0.974832 0.210494 0.073453
vn -0.983645 0.162590 0.077508
vn -0.974334 0.207282 0.087787
vn -0.974832 0.210494 0.073453
vn -0.988142 0.129734 0.082127
vn -0.983645 0.162590 0.077508
vn -0.988142 0.129734 0.082127
vn -0.988286 0.119455 0.094983
vn -0.983645 0.162590 0.077508
vn -0.988142 0.129734 0.082127
vn -0.993539 0.060187 0.096215
vn -0.988286 0.119455 0.094983
vn -0.963589 0.263320 0.046464
vn -0.962085 0.264382 0.067042
vn -0.974832 0.210494 0.073453
vn -0.962085 0.264382 0.067042
vn -0.952570 0.297513 0.063999
vn -0.974832 0.210494 0.073453
vn -0.962085 0.264382 0.067042
vn -0.932900 0.352999 0.071341
vn -0.952570 0.297513 0.063999
vn -0.932900 0.352999 0.071341
vn -0.915000 0.399983 0.052804
vn -0.952570 0.297513 0.063999
vn -0.932900 0.352999 0.071341
vn -0.913523 0.401790 0.063570
vn -0.915000 0.399983 0.052804
vn -0.913523 0.401790 0.063570
vn -0.867262 0.495933 0.043661
vn -0.915000 0.399983 0.052804
vn -0.913523 0.401790 0.063570
vn -0.872065 0.486961 0.048708
vn -0.867262 0.495933 0.043661
vn -0.872065 0.486961 0.048708
vn -0.801540 0.597506 0.022813
vn -0.867262 0.495933 0.043661
vn -0.872065 0.486961 0.048708
vn -0.824126 0.565113 0.038256
vn -0.801540 0.597506 0.022813
vn -0.824126 0.565113 0.038256
vn -0.766183 0.642022 0.027782
vn -0.801540 0.597506 0.022813
vn -0.766183 0.642022 0.027782
vn -0.724869 0.688874 0.004070
vn -0.801540 0.597506 0.022813
vn -0.766183 0.642022 0.027782
vn -0.695980 0.717959 0.012127
vn -0.724869 0.688874 0.004070
vn -0.695980 0.717959 0.012127
vn -0.669424 0.742866 0.004605
vn -0.724869 0.688874 0.004070
vn -0.669424 0.742866 0.004605
vn -0.626490 0.779384 -0.008353
vn -0.724869 0.688874 0.004070
vn -0.669424 0.742866 0.004605
vn -0.597155 0.802113 -0.004514
vn -0.626490 0.779384 -0.008353
vn -0.507394 0.861144 -0.031353
vn -0.626490 0.779384 -0.008353
vn -0.519111 0.854201 -0.029394
vn -0.626490 0.779384 -0.008353
vn -0.551352 0.834175 -0.012774
vn -0.519111 0.854201 -0.029394
vn -0.626490 0.779384 -0.008353
vn -0.597155 0.802113 -0.004514
vn -0.551352 0.834175 -0.012774
vn -0.320650 0.945557 -0.055732
vn -0.433176 0.900214 -0.044430
vn -0.371175 0.927642 -0.041353
vn -0.433176 0.900214 -0.044430
vn -0.433602 0.900477 -0.033613
vn -0.371175 0.927642 -0.041353
vn -0.433176 0.900214 -0.044430
vn -0.519111 0.854201 -0.029394
vn -0.433602 0.900477 -0.033613
vn -0.519111 0.854201 -0.029394
vn -0.497940 0.866895 -0.023427
vn -0.433602 0.900477 -0.033613
vn -0.519111 0.854201 -0.029394
vn -0.551352 0.834175 -0.012774
vn -0.497940 0.866895 -0.023427
vn -0.198218 0.977374 -0.073819
vn -0.232663 0.970177 -0.068011
vn -0.224380 0.972196 -0.067001
vn -0.232663 0.970177 -0.068011
vn -0.269532 0.960530 -0.068805
vn -0.224380 0.972196 -0.067001
vn -0.232663 0.970177 -0.068011
vn -0.320650 0.945557 -0.055732
vn -0.269532 0.960530 -0.068805
vn -0.320650 0.945557 -0.055732
vn -0.300279 0.951818 -0.062245
vn -0.269532 0.960530 -0.068805
vn -0.320650 0.945557 -0.055732
vn -0.371175 0.927642 -0.041353
vn -0.300279 0.951818 -0.062245
vn -0.088555 0.991816 -0.091978
vn -0.147321 0.985451 -0.084753
vn -0.128034 0.988411 -0.081555
vn -0.147321 0.985451 -0.084753
vn -0.168602 0.982641 -0.077398
vn -0.128034 0.988411 -0.081555
vn -0.132576 0.988031 -0.078855
vn -0.164211 0.983235 -0.079271
vn -0.088555 0.991816 -0.091978
vn -0.164211 0.983235 -0.079271
vn -0.147321 0.985451 -0.084753
vn -0.088555 0.991816 -0.091978
vn -0.164211 0.983235 -0.079271
vn -0.232663 0.970177 -0.068011
vn -0.147321 0.985451 -0.084753
vn -0.232663 0.970177 -0.068011
vn -0.168602 0.982641 -0.077398
vn -0.147321 0.985451 -0.084753
vn -0.232663 0.970177 -0.068011
vn -0.198218 0.977374 -0.073819
vn -0.168602 0.982641 -0.077398
vn -0.026221 0.994861 -0.097800
vn -0.041651 0.994128 -0.099879
vn -0.045178 0.994507 -0.094419
vn -0.041651 0.994128 -0.099879
vn -0.065547 0.993219 -0.096023
vn -0.045178 0.994507 -0.094419
vn -0.041651 0.994128 -0.099879
vn -0.088555 0.991816 -0.091978
vn -0.065547 0.993219 -0.096023
vn -0.088555 0.991816 -0.091978
vn -0.094151 0.991754 -0.086944
vn -0.065547 0.993219 -0.096023
vn -0.088555 0.991816 -0.091978
vn -0.128034 0.988411 -0.081555
vn -0.094151 0.991754 -0.086944
vn 0.000512 0.005071 -0.999987
vn 0.000075 -0.000513 -1.000000
vn 0.001091 -0.000517 -0.999999
vn 0.000033 -0.000512 -1.000000
vn 0.000033 -0.000513 -1.000000
vn 0.000075 -0.000513 -1.000000
vn 0.000033 -0.000513 -1.000000
vn 0.000033 -0.000513 -1.000000
vn 0.000075 -0.000513 -1.000000
vn 0.000512 0.005071 -0.999987
vn 0.000033 -0.000513 -1.000000
vn 0.000075 -0.000513 -1.000000
vn 0.000033 -0.000512 -1.000000
vn 0.000075 -0.000513 -1.000000
vn 0.000034 -0.000512 -1.000000
vn 0.000075 -0.000513 -1.000000
vn 0.000034 -0.000513 -1.000000
vn 0.000034 -0.000512 -1.000000
vn 0.000075 -0.000513 -1.000000
vn 0.000033 -0.000513 -1.000000
vn 0.000034 -0.000513 -1.000000
vn 0.000033 -0.000513 -1.000000
vn 0.000075 -0.000513 -1.000000
vn 0.000033 -0.000513 -1.000000
vn 0.000075 -0.000513 -1.000000
vn 0.000034 -0.000512 -1.000000
vn 0.000033 -0.000513 -1.000000
vn 0.000075 -0.000513 -1.000000
vn 0.000032 -0.000514 -1.000000
vn 0.000034 -0.000512 -1.000000
vn 0.000033 -0.000513 -1.000000
vn 0.000075 -0.000513 -1.000000
vn 0.000033 -0.000512 -1.000000
vn 0.000075 -0.000513 -1.000000
vn 0.000033 -0.000513 -1.000000
vn 0.000033 -0.000512 -1.000000
vn 0.000075 -0.000513 -1.000000
vn 0.000033 -0.000513 -1.000000
vn 0.000033 -0.000513 -1.000000
vn 0.000032 -0.000514 -1.000000
vn 0.000075 -0.000513 -1.000000
vn 0.000032 -0.000514 -1.000000
vn 0.000075 -0.000513 -1.000000
vn 0.000033 -0.000513 -1.000000
vn 0.000032 -0.000514 -1.000000
vn 0.000075 -0.000513 -1.000000
vn 0.000034 -0.000512 -1.000000
vn 0.000033 -0.000513 -1.000000
vn 0.000034 -0.000512 -1.000000
vn 0.000075 -0.000513 -1.000000
vn 0.000034 -0.000512 -1.000000
vn 0.000075 -0.000513 -1.000000
vn 0.000033 -0.000513 -1.000000
vn 0.000034 -0.000512 -1.000000
vn 0.000075 -0.000513 -1.000000
vn 0.000033 -0.000513 -1.000000
vn 0.000033 -0.000513 -1.000000
vn 0.000033 -0.000513 -1.000000
vn 0.000033 -0.000513 -1.000000
vn 0.000075 -0.000513 -1.000000
vn 0.000033 -0.000513 -1.000000
vn 0.000033 -0.000513 -1.000000
vn 0.000075 -0.000513 -1.000000
vn 0.000034 -0.000514 -1.000000
vn 0.000075 -0.000513 -1.000000
vn 0.000033 -0.000513 -1.000000
vn 0.000034 -0.000514 -1.000000
vn 0.000034 -0.000514 -1.000000
vn 0.000075 -0.000513 -1.000000
vn 0.000033 -0.000513 -1.000000
vn 0.000075 -0.000513 -1.000000
vn 0.000034 -0.000513 -1.000000
vn 0.000075 -0.000513 -1.000000
vn 0.000032 -0.000513 -1.000000
vn 0.000034 -0.000513 -1.000000
vn 0.000075 -0.000513 -1.000000
vn 0.000033 -0.000513 -1.000000
vn 0.000032 -0.000513 -1.000000
vn 0.001091 -0.000517 -0.999999
vn 0.000075 -0.000513 -1.000000
vn 0.000468 -0.006100 -0.999981
vn 0.000075 -0.000513 -1.000000
vn 0.000033 -0.000514 -1.000000
vn 0.000468 -0.006100 -0.999981
vn 0.000075 -0.000513 -1.000000
vn 0.000033 -0.000513 -1.000000
vn 0.000033 -0.000514 -1.000000
vn 0.000033 -0.000512 -1.000000
vn 0.000075 -0.000513 -1.000000
vn 0.000033 -0.000513 -1.000000
vn 0.000075 -0.000513 -1.000000
vn 0.000033 -0.000513 -1.000000
vn 0.000033 -0.000513 -1.000000
vn 0.000075 -0.000513 -1.000000
vn 0.000034 -0.000514 -1.000000
vn 0.000033 -0.000513 -1.000000
vn 0.000033 -0.000513 -1.000000
vn 0.000075 -0.000513 -1.000000
vn 0.000033 -0.000512 -1.000000
vn 0.000075 -0.000513 -1.000000
vn 0.000034 -0.000514 -1.000000
vn 0.000033 -0.000512 -1.000000
vn 0.000075 -0.000513 -1.000000
vn 0.000033 -0.000513 -1.000000
vn 0.000034 -0.000514 -1.000000
vn 0.000033 -0.000513 -1.000000
vn 0.000075 -0.000513 -1.000000
vn 0.000032 -0.000512 -1.000000
vn 0.000075 -0.000513 -1.000000
vn 0.000033 -0.000513 -1.000000
vn 0.000032 -0.000512 -1.000000
vn 0.000075 -0.000513 -1.000000
vn 0.000033 -0.000512 -1.000000
vn 0.000033 -0.000513 -1.000000
vn -0.031633 -0.994538 -0.099463
vn -0.030359 -0.994707 -0.098170
vn -0.050729 -0.993744 -0.099495
vn -0.030359 -0.994707 -0.098170
vn -0.032343 -0.994720 -0.097401
vn -0.050729 -0.993744 -0.099495
vn -0.030359 -0.994707 -0.098170
vn -0.027257 -0.994966 -0.096434
vn -0.032343 -0.994720 -0.097401
vn -0.091342 -0.991688 -0.090613
vn -0.050729 -0.993744 -0.099495
vn -0.070110 -0.993045 -0.094585
vn -0.050729 -0.993744 -0.099495
vn -0.048679 -0.994429 -0.093496
vn -0.070110 -0.993045 -0.094585
vn -0.050729 -0.993744 -0.099495
vn -0.032343 -0.994720 -0.097401
vn -0.048679 -0.994429 -0.093496
vn -0.195938 -0.977917 -0.072712
vn -0.156864 -0.984191 -0.082228
vn -0.166274 -0.983115 -0.076401
vn -0.156864 -0.984191 -0.082228
vn -0.126444 -0.988547 -0.082378
vn -0.166274 -0.983115 -0.076401
vn -0.156864 -0.984191 -0.082228
vn -0.091342 -0.991688 -0.090613
vn -0.126444 -0.988547 -0.082378
vn -0.091342 -0.991688 -0.090613
vn -0.097051 -0.991478 -0.086905
vn -0.126444 -0.988547 -0.082378
vn -0.091342 -0.991688 -0.090613
vn -0.070110 -0.993045 -0.094585
vn -0.097051 -0.991478 -0.086905
vn -0.328522 -0.942829 -0.056104
vn -0.238472 -0.968546 -0.071068
vn -0.259853 -0.963478 -0.064705
vn -0.238472 -0.968546 -0.071068
vn -0.195938 -0.977917 -0.072712
vn -0.259853 -0.963478 -0.064705
vn -0.667601 -0.744517 0.001858
vn -0.627701 -0.778437 -0.005134
vn -0.591003 -0.806576 -0.012250
vn -0.627701 -0.778437 -0.005134
vn -0.514658 -0.857042 -0.024613
vn -0.591003 -0.806576 -0.012250
vn -0.627701 -0.778437 -0.005134
vn -0.530310 -0.847481 -0.023376
vn -0.514658 -0.857042 -0.024613
vn -0.530310 -0.847481 -0.023376
vn -0.462655 -0.886000 -0.030890
vn -0.514658 -0.857042 -0.024613
vn -0.530310 -0.847481 -0.023376
vn -0.440667 -0.896788 -0.039789
vn -0.462655 -0.886000 -0.030890
vn -0.440667 -0.896788 -0.039789
vn -0.382205 -0.923200 -0.040254
vn -0.462655 -0.886000 -0.030890
vn -0.440667 -0.896788 -0.039789
vn -0.328522 -0.942829 -0.056104
vn -0.382205 -0.923200 -0.040254
vn -0.328522 -0.942829 -0.056104
vn -0.323181 -0.944764 -0.054544
vn -0.382205 -0.923200 -0.040254
vn -0.328522 -0.942829 -0.056104
vn -0.259853 -0.963478 -0.064705
vn -0.323181 -0.944764 -0.054544
vn -0.667601 -0.744517 0.001858
vn -0.723936 -0.689731 0.013706
vn -0.627701 -0.778437 -0.005134
vn -0.723936 -0.689731 0.013706
vn -0.727994 -0.685488 0.011410
vn -0.627701 -0.778437 -0.005134
vn -0.723936 -0.689731 0.013706
vn -0.770165 -0.637316 0.025958
vn -0.727994 -0.685488 0.011410
vn -0.770165 -0.637316 0.025958
vn -0.812692 -0.582122 0.025808
vn -0.727994 -0.685488 0.011410
vn -0.770165 -0.637316 0.025958
vn -0.819232 -0.572073 0.039898
vn -0.812692 -0.582122 0.025808
vn -0.929443 -0.362841 0.066945
vn -0.869985 -0.491139 0.043684
vn -0.918266 -0.394960 0.028176
vn -0.869985 -0.491139 0.043684
vn -0.869424 -0.492101 0.044024
vn -0.918266 -0.394960 0.028176
vn -0.869985 -0.491139 0.043684
vn -0.812692 -0.582122 0.025808
vn -0.869424 -0.492101 0.044024
vn -0.812692 -0.582122 0.025808
vn -0.859145 -0.511141 0.024596
vn -0.869424 -0.492101 0.044024
vn -0.812692 -0.582122 0.025808
vn -0.819232 -0.572073 0.039898
vn -0.859145 -0.511141 0.024596
vn -0.982136 -0.169328 0.082074
vn -0.986475 -0.141942 0.081978
vn -0.977196 -0.199518 0.072667
vn -0.986475 -0.141942 0.081978
vn -0.989110 -0.124037 0.079223
vn -0.977196 -0.199518 0.072667
vn -0.986475 -0.141942 0.081978
vn -0.994602 -0.078054 0.068372
vn -0.989110 -0.124037 0.079223
vn -0.994602 -0.078054 0.068372
vn -0.994435 -0.052252 0.091483
vn -0.989110 -0.124037 0.079223
vn -0.994435 -0.052252 0.091483
vn -0.994449 -0.053826 0.090413
vn -0.989110 -0.124037 0.079223
vn -0.994435 -0.052252 0.091483
vn -0.997479 -0.026332 0.065898
vn -0.994449 -0.053826 0.090413
vn -0.997479 -0.026332 0.065898
vn -0.995768 0.003837 0.091825
vn -0.994449 -0.053826 0.090413
vn -0.997479 -0.026332 0.065898
vn -0.994930 0.004863 0.100457
vn -0.995768 0.003837 0.091825
vn -0.996249 0.003897 0.086447
vn -0.995674 -0.026850 0.088956
vn -0.995768 0.003837 0.091825
vn -0.995674 -0.026850 0.088956
vn -0.994449 -0.053826 0.090413
vn -0.995768 0.003837 0.091825
vn -0.995674 -0.026850 0.088956
vn -0.994570 -0.059059 0.085683
vn -0.994449 -0.053826 0.090413
vn -0.994570 -0.059059 0.085683
vn -0.989110 -0.124037 0.079223
vn -0.994449 -0.053826 0.090413
vn -0.994570 -0.059059 0.085683
vn -0.989537 -0.118837 0.081825
vn -0.989110 -0.124037 0.079223
vn -0.989537 -0.118837 0.081825
vn -0.977196 -0.199518 0.072667
vn -0.989110 -0.124037 0.079223
vn -0.989537 -0.118837 0.081825
vn -0.979394 -0.187313 0.075513
vn -0.977196 -0.199518 0.072667
vn -0.979394 -0.187313 0.075513
vn -0.955846 -0.286422 0.065730
vn -0.977196 -0.199518 0.072667
vn -0.979394 -0.187313 0.075513
vn -0.952111 -0.299379 0.062108
vn -0.955846 -0.286422 0.065730
vn -0.952111 -0.299379 0.062108
vn -0.915964 -0.396729 0.060131
vn -0.955846 -0.286422 0.065730
vn -0.952111 -0.299379 0.062108
vn -0.897532 -0.438758 0.043904
vn -0.915964 -0.396729 0.060131
vn -0.982136 -0.169328 0.082074
vn -0.977196 -0.199518 0.072667
vn -0.969748 -0.234384 0.068208
vn -0.977196 -0.199518 0.072667
vn -0.961757 -0.266240 0.064344
vn -0.969748 -0.234384 0.068208
vn -0.977196 -0.199518 0.072667
vn -0.955846 -0.286422 0.065730
vn -0.961757 -0.266240 0.064344
vn -0.955846 -0.286422 0.065730
vn -0.929443 -0.362841 0.066945
vn -0.961757 -0.266240 0.064344
vn -0.955846 -0.286422 0.065730
vn -0.915964 -0.396729 0.060131
vn -0.929443 -0.362841 0.066945
vn -0.915964 -0.396729 0.060131
vn -0.869985 -0.491139 0.043684
vn -0.929443 -0.362841 0.066945
vn -0.915964 -0.396729 0.060131
vn -0.897532 -0.438758 0.043904
vn -0.869985 -0.491139 0.043684
vn -0.897532 -0.438758 0.043904
vn -0.812692 -0.582122 0.025808
vn -0.869985 -0.491139 0.043684
vn -0.897532 -0.438758 0.043904
vn -0.813504 -0.581085 0.023486
vn -0.812692 -0.582122 0.025808
vn -0.813504 -0.581085 0.023486
vn -0.727994 -0.685488 0.011410
vn -0.812692 -0.582122 0.025808
vn -0.813504 -0.581085 0.023486
vn -0.724013 -0.689781 0.002664
vn -0.727994 -0.685488 0.011410
vn -0.724013 -0.689781 0.002664
vn -0.627701 -0.778437 -0.005134
vn -0.727994 -0.685488 0.011410
vn -0.724013 -0.689781 0.002664
vn -0.614639 -0.788732 -0.010984
vn -0.627701 -0.778437 -0.005134
vn -0.614639 -0.788732 -0.010984
vn -0.530310 -0.847481 -0.023376
vn -0.627701 -0.778437 -0.005134
vn -0.614639 -0.788732 -0.010984
vn -0.516955 -0.855414 -0.031995
vn -0.530310 -0.847481 -0.023376
vn -0.516955 -0.855414 -0.031995
vn -0.440667 -0.896788 -0.039789
vn -0.530310 -0.847481 -0.023376
vn -0.516955 -0.855414 -0.031995
vn -0.441435 -0.896097 -0.046307
vn -0.440667 -0.896788 -0.039789
vn -0.441435 -0.896097 -0.046307
vn -0.328522 -0.942829 -0.056104
vn -0.440667 -0.896788 -0.039789
vn -0.441435 -0.896097 -0.046307
vn -0.332925 -0.941274 -0.056258
vn -0.328522 -0.942829 -0.056104
vn -0.195938 -0.977917 -0.072712
vn -0.238472 -0.968546 -0.071068
vn -0.156864 -0.984191 -0.082228
vn -0.238472 -0.968546 -0.071068
vn -0.235139 -0.969978 -0.062067
vn -0.156864 -0.984191 -0.082228
vn -0.238472 -0.968546 -0.071068
vn -0.328522 -0.942829 -0.056104
vn -0.235139 -0.969978 -0.062067
vn -0.328522 -0.942829 -0.056104
vn -0.281477 -0.958193 -0.051359
vn -0.235139 -0.969978 -0.062067
vn -0.328522 -0.942829 -0.056104
vn -0.332925 -0.941274 -0.056258
vn -0.281477 -0.958193 -0.051359
vn -0.031633 -0.994538 -0.099463
vn -0.050729 -0.993744 -0.099495
vn -0.064914 -0.994599 -0.080988
vn -0.050729 -0.993744 -0.099495
vn -0.076241 -0.993088 -0.089237
vn -0.064914 -0.994599 -0.080988
vn -0.050729 -0.993744 -0.099495
vn -0.091342 -0.991688 -0.090613
vn -0.076241 -0.993088 -0.089237
vn -0.091342 -0.991688 -0.090613
vn -0.134995 -0.986948 -0.087806
vn -0.076241 -0.993088 -0.089237
vn -0.091342 -0.991688 -0.090613
vn -0.156864 -0.984191 -0.082228
vn -0.134995 -0.986948 -0.087806
vn -0.156864 -0.984191 -0.082228
vn -0.171138 -0.982194 -0.077500
vn -0.134995 -0.986948 -0.087806
vn -0.156864 -0.984191 -0.082228
vn -0.235139 -0.969978 -0.062067
vn -0.171138 -0.982194 -0.077500
vn 0.767681 0.000044 0.640833
vn 0.796279 0.000094 0.604930
vn 0.729914 0.001044 0.683538
vn 0.796279 0.000094 0.604930
vn 0.843397 0.000585 0.537291
vn 0.729914 0.001044 0.683538
vn 0.796279 0.000094 0.604930
vn 0.843138 -0.003849 0.537683
vn 0.843397 0.000585 0.537291
vn 0.639184 0.000912 0.769053
vn 0.674543 0.000848 0.738235
vn 0.591672 0.001482 0.806178
vn 0.674543 0.000848 0.738235
vn 0.729914 0.001044 0.683538
vn 0.591672 0.001482 0.806178
vn 0.674543 0.000848 0.738235
vn 0.714575 -0.001001 0.699558
vn 0.729914 0.001044 0.683538
vn 0.714575 -0.001001 0.699558
vn 0.767681 0.000044 0.640833
vn 0.729914 0.001044 0.683538
vn 0.469951 0.001175 0.882692
vn 0.530662 0.001616 0.847582
vn 0.433201 0.001857 0.901296
vn 0.530662 0.001616 0.847582
vn 0.591672 0.001482 0.806178
vn 0.433201 0.001857 0.901296
vn 0.530662 0.001616 0.847582
vn 0.581208 0.000175 0.813755
vn 0.591672 0.001482 0.806178
vn 0.581208 0.000175 0.813755
vn 0.639184 0.000912 0.769053
vn 0.591672 0.001482 0.806178
vn 0.433201 0.001857 0.901296
vn 0.386539 0.001880 0.922271
vn 0.469951 0.001175 0.882692
vn 0.433201 0.001857 0.901296
vn 0.261865 0.002488 0.965101
vn 0.386539 0.001880 0.922271
vn 0.261865 0.002488 0.965101
vn 0.308430 0.002191 0.951245
vn 0.386539 0.001880 0.922271
vn 0.261865 0.002488 0.965101
vn 0.221569 0.002215 0.975142
vn 0.308430 0.002191 0.951245
vn 0.047692 0.002534 0.998859
vn 0.138872 0.002609 0.990307
vn 0.080448 0.003449 0.996753
vn 0.138872 0.002609 0.990307
vn 0.261865 0.002488 0.965101
vn 0.080448 0.003449 0.996753
vn 0.138872 0.002609 0.990307
vn 0.221569 0.002215 0.975142
vn 0.261865 0.002488 0.965101
vn -0.127622 0.003065 0.991818
vn -0.037367 0.003155 0.999297
vn -0.104300 0.004420 0.994536
vn -0.037367 0.003155 0.999297
vn 0.080448 0.003449 0.996753
vn -0.104300 0.004420 0.994536
vn -0.037367 0.003155 0.999297
vn 0.047692 0.002534 0.998859
vn 0.080448 0.003449 0.996753
vn -0.299028 0.003562 0.954238
vn -0.212349 0.003712 0.977187
vn -0.285594 0.005241 0.958336
vn -0.212349 0.003712 0.977187
vn -0.104300 0.004420 0.994536
vn -0.285594 0.005241 0.958336
vn -0.212349 0.003712 0.977187
vn -0.127622 0.003065 0.991818
vn -0.104300 0.004420 0.994536
vn -0.285594 0.005241 0.958336
vn -0.378873 0.004334 0.925439
vn -0.299028 0.003562 0.954238
vn -0.285594 0.005241 0.958336
vn -0.458732 0.004070 0.888565
vn -0.378873 0.004334 0.925439
vn -0.458732 0.004070 0.888565
vn -0.467060 0.007348 0.884195
vn -0.378873 0.004334 0.925439
vn -0.458732 0.004070 0.888565
vn -0.612767 0.003463 0.790256
vn -0.467060 0.007348 0.884195
vn -0.467060 0.007348 0.884195
vn -0.612767 0.003463 0.790256
vn -0.533445 0.008403 0.845793
vn -0.612767 0.003463 0.790256
vn -0.609211 0.004601 0.792995
vn -0.533445 0.008403 0.845793
vn -0.734441 0.007504 0.678631
vn -0.612767 0.003463 0.790256
vn -0.746138 0.004570 0.665775
vn -0.734441 0.007504 0.678631
vn -0.678082 0.008036 0.734943
vn -0.612767 0.003463 0.790256
vn -0.678082 0.008036 0.734943
vn -0.609211 0.004601 0.792995
vn -0.612767 0.003463 0.790256
vn -0.842250 0.007413 0.539037
vn -0.746138 0.004570 0.665775
vn -0.855901 0.005443 0.517112
vn -0.842250 0.007413 0.539037
vn -0.796112 0.007775 0.605100
vn -0.746138 0.004570 0.665775
vn -0.796112 0.007775 0.605100
vn -0.734441 0.007504 0.678631
vn -0.746138 0.004570 0.665775
vn -0.923857 0.007263 0.382669
vn -0.855901 0.005443 0.517112
vn -0.936433 0.006127 0.350792
vn -0.923857 0.007263 0.382669
vn -0.889628 0.007483 0.456624
vn -0.855901 0.005443 0.517112
vn -0.889628 0.007483 0.456624
vn -0.842250 0.007413 0.539037
vn -0.855901 0.005443 0.517112
vn -0.992446 0.006768 0.122494
vn -0.976721 0.007045 0.214398
vn -0.984989 0.006614 0.172489
vn -0.976721 0.007045 0.214398
vn -0.936433 0.006127 0.350792
vn -0.984989 0.006614 0.172489
vn -0.976721 0.007045 0.214398
vn -0.955753 0.007147 0.294084
vn -0.936433 0.006127 0.350792
vn -0.955753 0.007147 0.294084
vn -0.923857 0.007263 0.382669
vn -0.936433 0.006127 0.350792
vn -0.984989 0.006614 0.172489
vn -0.999199 0.006759 0.039451
vn -0.992446 0.006768 0.122494
vn -0.984989 0.006614 0.172489
vn -0.999894 0.006554 -0.013037
vn -0.999199 0.006759 0.039451
vn -0.990402 0.007094 -0.138037
vn -0.998400 0.007011 -0.056116
vn -0.980184 0.005956 -0.198000
vn -0.998400 0.007011 -0.056116
vn -0.999894 0.006554 -0.013037
vn -0.980184 0.005956 -0.198000
vn -0.998400 0.007011 -0.056116
vn -0.999199 0.006759 0.039451
vn -0.999894 0.006554 -0.013037
vn -0.951023 0.007357 -0.309033
vn -0.973009 0.007153 -0.230657
vn -0.927019 0.005185 -0.374979
vn -0.973009 0.007153 -0.230657
vn -0.980184 0.005956 -0.198000
vn -0.927019 0.005185 -0.374979
vn -0.973009 0.007153 -0.230657
vn -0.990402 0.007094 -0.138037
vn -0.980184 0.005956 -0.198000
vn -0.951023 0.007357 -0.309033
vn -0.927019 0.005185 -0.374979
vn -0.916833 0.007184 -0.399206
vn -0.927019 0.005185 -0.374979
vn -0.843377 0.004588 -0.537302
vn -0.916833 0.007184 -0.399206
vn -0.843377 0.004588 -0.537302
vn -0.885200 0.007783 -0.465146
vn -0.916833 0.007184 -0.399206
vn -0.843377 0.004588 -0.537302
vn -0.843381 0.003141 -0.537307
vn -0.885200 0.007783 -0.465146
vn -0.003866 -0.999992 0.000544
vn -0.003865 -0.999992 0.000544
vn -0.003866 -0.999992 0.000544
vn -0.003865 -0.999992 0.000544
vn -0.003865 -0.999992 0.000544
vn -0.003866 -0.999992 0.000544
vn -0.003865 -0.999992 0.000544
vn -0.003866 -0.999992 0.000543
vn -0.003866 -0.999992 0.000544
vn -0.003866 -0.999992 0.000543
vn -0.003866 -0.999992 0.000543
vn -0.003866 -0.999992 0.000544
vn -0.003866 -0.999992 0.000543
vn -0.003865 -0.999992 0.000544
vn -0.003866 -0.999992 0.000543
vn -0.003865 -0.999992 0.000544
vn -0.003866 -0.999992 0.000543
vn -0.003866 -0.999992 0.000544
vn -0.003866 -0.999992 0.000543
vn -0.003866 -0.999992 0.000543
vn -0.003866 -0.999992 0.000544
vn -0.003866 -0.999992 0.000543
vn -0.003866 -0.999992 0.000544
vn -0.003866 -0.999992 0.000543
vn -0.003867 -0.999992 0.000543
vn -0.003866 -0.999992 0.000543
vn -0.003864 -0.999992 0.000545
vn -0.003866 -0.999992 0.000543
vn -0.003866 -0.999992 0.000543
vn -0.003864 -0.999992 0.000545
vn -0.003866 -0.999992 0.000543
vn -0.003866 -0.999992 0.000544
vn -0.003866 -0.999992 0.000543
vn -0.003866 -0.999992 0.000544
vn -0.003866 -0.999992 0.000544
vn -0.003866 -0.999992 0.000543
vn -0.003866 -0.999992 0.000544
vn -0.003866 -0.999992 0.000544
vn -0.003866 -0.999992 0.000544
vn -0.003863 -0.999992 0.000545
vn -0.003864 -0.999992 0.000545
vn -0.003869 -0.999992 0.000542
vn -0.003864 -0.999992 0.000545
vn -0.003860 -0.999992 0.000546
vn -0.003869 -0.999992 0.000542
vn -0.003864 -0.999992 0.000545
vn -0.003873 -0.999992 0.000544
vn -0.003860 -0.999992 0.000546
vn -0.003863 -0.999992 0.000545
vn -0.003867 -0.999992 0.000543
vn -0.003864 -0.999992 0.000545
vn -0.003867 -0.999992 0.000543
vn -0.003865 -0.999992 0.000543
vn -0.003864 -0.999992 0.000545
vn -0.003867 -0.999992 0.000543
vn -0.003866 -0.999992 0.000544
vn -0.003865 -0.999992 0.000543
vn -0.003866 -0.999992 0.000544
vn -0.003866 -0.999992 0.000543
vn -0.003865 -0.999992 0.000544
vn -0.003866 -0.999992 0.000543
vn -0.003867 -0.999992 0.000543
vn -0.003865 -0.999992 0.000544
vn -0.003866 -0.999992 0.000543
vn -0.003866 -0.999992 0.000544
vn -0.003867 -0.999992 0.000543
vn -0.003866 -0.999992 0.000544
vn -0.003866 -0.999992 0.000544
vn -0.003867 -0.999992 0.000543
vn -0.749264 0.006402 -0.662240
vn -0.843377 0.004588 -0.537302
vn -0.731612 0.004262 -0.681708
vn -0.749264 0.006402 -0.662240
vn -0.795658 0.007383 -0.605701
vn -0.843377 0.004588 -0.537302
vn -0.795658 0.007383 -0.605701
vn -0.843381 0.003141 -0.537307
vn -0.843377 0.004588 -0.537302
vn -0.620247 0.005490 -0.784388
vn -0.731612 0.004262 -0.681708
vn -0.593682 0.004132 -0.804689
vn -0.620247 0.005490 -0.784388
vn -0.681985 0.006086 -0.731340
vn -0.731612 0.004262 -0.681708
vn -0.681985 0.006086 -0.731340
vn -0.749264 0.006402 -0.662240
vn -0.731612 0.004262 -0.681708
vn -0.620247 0.005490 -0.784388
vn -0.593682 0.004132 -0.804689
vn -0.543656 0.004984 -0.839294
vn -0.593682 0.004132 -0.804689
vn -0.472791 0.004532 -0.881163
vn -0.543656 0.004984 -0.839294
vn -0.593682 0.004132 -0.804689
vn -0.434376 0.003885 -0.900723
vn -0.472791 0.004532 -0.881163
vn -0.308402 0.003541 -0.951250
vn -0.386520 0.003866 -0.922273
vn -0.259936 0.003192 -0.965621
vn -0.386520 0.003866 -0.922273
vn -0.434376 0.003885 -0.900723
vn -0.259936 0.003192 -0.965621
vn -0.386520 0.003866 -0.922273
vn -0.472791 0.004532 -0.881163
vn -0.434376 0.003885 -0.900723
vn -0.137381 0.003288 -0.990513
vn -0.218466 0.003467 -0.975838
vn -0.077827 0.002076 -0.996965
vn -0.218466 0.003467 -0.975838
vn -0.259936 0.003192 -0.965621
vn -0.077827 0.002076 -0.996965
vn -0.218466 0.003467 -0.975838
vn -0.308402 0.003541 -0.951250
vn -0.259936 0.003192 -0.965621
vn 0.037874 0.003105 -0.999278
vn -0.043615 0.003108 -0.999044
vn 0.106942 0.000900 -0.994265
vn -0.043615 0.003108 -0.999044
vn -0.077827 0.002076 -0.996965
vn 0.106942 0.000900 -0.994265
vn -0.043615 0.003108 -0.999044
vn -0.137381 0.003288 -0.990513
vn -0.077827 0.002076 -0.996965
vn 0.211962 0.003018 -0.977273
vn 0.132588 0.002812 -0.991167
vn 0.288062 -0.000311 -0.957612
vn 0.132588 0.002812 -0.991167
vn 0.106942 0.000900 -0.994265
vn 0.288062 -0.000311 -0.957612
vn 0.132588 0.002812 -0.991167
vn 0.037874 0.003105 -0.999278
vn 0.106942 0.000900 -0.994265
vn 0.211962 0.003018 -0.977273
vn 0.288062 -0.000311 -0.957612
vn 0.304668 0.002600 -0.952455
vn 0.288062 -0.000311 -0.957612
vn 0.459469 -0.001713 -0.888192
vn 0.304668 0.002600 -0.952455
vn 0.533491 0.003360 -0.845799
vn 0.613416 -0.000837 -0.789760
vn 0.609218 -0.000972 -0.793002
vn 0.304668 0.002600 -0.952455
vn 0.459469 -0.001713 -0.888192
vn 0.377519 0.003208 -0.925996
vn 0.459469 -0.001713 -0.888192
vn 0.467101 0.002775 -0.884200
vn 0.377519 0.003208 -0.925996
vn 0.459469 -0.001713 -0.888192
vn 0.613416 -0.000837 -0.789760
vn 0.467101 0.002775 -0.884200
vn 0.613416 -0.000837 -0.789760
vn 0.533491 0.003360 -0.845799
vn 0.467101 0.002775 -0.884200
vn 0.738456 -0.001335 -0.674300
vn 0.677128 -0.000736 -0.735865
vn 0.747854 0.000364 -0.663863
vn 0.677128 -0.000736 -0.735865
vn 0.613416 -0.000837 -0.789760
vn 0.747854 0.000364 -0.663863
vn 0.677128 -0.000736 -0.735865
vn 0.609218 -0.000972 -0.793002
vn 0.613416 -0.000837 -0.789760
vn 0.844951 -0.001524 -0.534841
vn 0.795883 -0.001046 -0.605449
vn 0.857236 -0.000112 -0.514924
vn 0.795883 -0.001046 -0.605449
vn 0.747854 0.000364 -0.663863
vn 0.857236 -0.000112 -0.514924
vn 0.795883 -0.001046 -0.605449
vn 0.738456 -0.001335 -0.674300
vn 0.747854 0.000364 -0.663863
vn 0.925432 -0.001531 -0.378911
vn 0.889884 -0.001200 -0.456186
vn 0.937346 -0.000532 -0.348400
vn 0.889884 -0.001200 -0.456186
vn 0.857236 -0.000112 -0.514924
vn 0.937346 -0.000532 -0.348400
vn 0.889884 -0.001200 -0.456186
vn 0.844951 -0.001524 -0.534841
vn 0.857236 -0.000112 -0.514924
vn 0.972155 -0.000533 -0.234340
vn 0.956192 -0.001189 -0.292738
vn 0.985447 -0.000861 -0.169983
vn 0.956192 -0.001189 -0.292738
vn 0.937346 -0.000532 -0.348400
vn 0.985447 -0.000861 -0.169983
vn 0.956192 -0.001189 -0.292738
vn 0.925432 -0.001531 -0.378911
vn 0.937346 -0.000532 -0.348400
vn 0.972155 -0.000533 -0.234340
vn 0.985447 -0.000861 -0.169983
vn 0.985925 -0.002025 -0.167175
vn 0.985447 -0.000861 -0.169983
vn 0.994848 -0.000239 -0.101375
vn 0.985925 -0.002025 -0.167175
vn 0.985447 -0.000861 -0.169983
vn 0.999916 -0.000803 0.012927
vn 0.994848 -0.000239 -0.101375
vn 0.999916 -0.000803 0.012927
vn 0.998408 -0.000179 -0.056396
vn 0.994848 -0.000239 -0.101375
vn 0.999916 -0.000803 0.012927
vn 0.999966 -0.001979 0.007958
vn 0.998408 -0.000179 -0.056396
vn 0.983140 -0.001721 0.182845
vn 0.992441 -0.000561 0.122725
vn 0.980701 -0.000354 0.195514
vn 0.992441 -0.000561 0.122725
vn 0.999916 -0.000803 0.012927
vn 0.980701 -0.000354 0.195514
vn 0.992441 -0.000561 0.122725
vn 0.997041 -0.000497 0.076872
vn 0.999916 -0.000803 0.012927
vn 0.997041 -0.000497 0.076872
vn 0.999966 -0.001979 0.007958
vn 0.999916 -0.000803 0.012927
vn 0.935966 -0.001282 0.352087
vn 0.954173 -0.000659 0.299254
vn 0.927978 0.000109 0.372635
vn 0.954173 -0.000659 0.299254
vn 0.980701 -0.000354 0.195514
vn 0.927978 0.000109 0.372635
vn 0.954173 -0.000659 0.299254
vn 0.967132 -0.000637 0.254274
vn 0.980701 -0.000354 0.195514
vn 0.967132 -0.000637 0.254274
vn 0.983140 -0.001721 0.182845
vn 0.980701 -0.000354 0.195514
vn 0.843138 -0.003849 0.537683
vn 0.884850 -0.000685 0.465876
vn 0.843397 0.000585 0.537291
vn 0.884850 -0.000685 0.465876
vn 0.927978 0.000109 0.372635
vn 0.843397 0.000585 0.537291
vn 0.884850 -0.000685 0.465876
vn 0.905228 -0.000623 0.424925
vn 0.927978 0.000109 0.372635
vn 0.905228 -0.000623 0.424925
vn 0.935966 -0.001282 0.352087
vn 0.927978 0.000109 0.372635
vn -0.003866 -0.999992 0.000543
vn -0.003865 -0.999992 0.000542
vn -0.003865 -0.999992 0.000542
vn -0.003865 -0.999992 0.000543
vn -0.003866 -0.999992 0.000544
vn -0.003863 -0.999992 0.000548
vn -0.003866 -0.999992 0.000543
vn -0.003865 -0.999992 0.000543
vn -0.003865 -0.999992 0.000542
vn -0.003865 -0.999992 0.000543
vn -0.003866 -0.999992 0.000544
vn -0.003865 -0.999992 0.000542
vn -0.003865 -0.999992 0.000543
vn -0.003865 -0.999992 0.000543
vn -0.003866 -0.999992 0.000544
vn -0.003865 -0.999992 0.000543
vn -0.003865 -0.999992 0.000544
vn -0.003866 -0.999992 0.000544
vn -0.003865 -0.999992 0.000543
vn -0.003865 -0.999992 0.000543
vn -0.003865 -0.999992 0.000544
vn -0.003865 -0.999992 0.000542
vn -0.003866 -0.999992 0.000544
vn -0.003866 -0.999992 0.000543
vn -0.003866 -0.999992 0.000544
vn -0.003865 -0.999992 0.000545
vn -0.003866 -0.999992 0.000543
vn -0.003866 -0.999992 0.000544
vn -0.003865 -0.999992 0.000545
vn -0.003865 -0.999992 0.000545
vn -0.003865 -0.999992 0.000545
vn -0.003865 -0.999992 0.000545
vn -0.003865 -0.999992 0.000545
vn -0.003865 -0.999992 0.000545
vn -0.003866 -0.999992 0.000544
vn -0.003865 -0.999992 0.000545
vn -0.003866 -0.999992 0.000544
vn -0.003866 -0.999992 0.000543
vn -0.003865 -0.999992 0.000545
vn -0.003866 -0.999992 0.000544
vn -0.003865 -0.999992 0.000543
vn -0.003866 -0.999992 0.000543
vn -0.003865 -0.999992 0.000543
vn -0.003865 -0.999992 0.000543
vn -0.003866 -0.999992 0.000543
vn -0.003865 -0.999992 0.000543
vn -0.003865 -0.999992 0.000543
vn -0.003865 -0.999992 0.000543
vn -0.003871 -0.999992 0.000543
vn -0.003866 -0.999992 0.000544
vn -0.003867 -0.999992 0.000543
vn -0.003866 -0.999992 0.000544
vn -0.003865 -0.999992 0.000544
vn -0.003867 -0.999992 0.000543
vn -0.003867 -0.999992 0.000545
vn -0.003871 -0.999992 0.000543
vn -0.003868 -0.999992 0.000542
vn -0.003871 -0.999992 0.000543
vn -0.003866 -0.999992 0.000543
vn -0.003868 -0.999992 0.000542
vn -0.003871 -0.999992 0.000543
vn -0.003867 -0.999992 0.000543
vn -0.003866 -0.999992 0.000543
vn -0.003865 -0.999992 0.000544
vn -0.003866 -0.999992 0.000544
vn -0.003865 -0.999992 0.000544
vn -0.003866 -0.999992 0.000544
vn -0.003865 -0.999992 0.000544
vn -0.003865 -0.999992 0.000544
vn -0.003866 -0.999992 0.000544
vn -0.003865 -0.999992 0.000543
vn -0.003865 -0.999992 0.000544
vn -0.003866 -0.999992 0.000544
vn -0.003866 -0.999992 0.000544
vn -0.003866 -0.999992 0.000543
vn -0.003866 -0.999992 0.000544
vn -0.003866 -0.999992 0.000544
vn -0.003866 -0.999992 0.000543
vn -0.003866 -0.999992 0.000544
vn -0.003865 -0.999992 0.000544
vn -0.003866 -0.999992 0.000544
vn -0.003865 -0.999992 0.000544
vn -0.003865 -0.999992 0.000543
vn -0.003866 -0.999992 0.000544
vn -0.003865 -0.999992 0.000544
vn -0.003866 -0.999992 0.000543
vn -0.003865 -0.999992 0.000543
vn -0.003866 -0.999992 0.000543
vn -0.003866 -0.999992 0.000543
vn -0.003865 -0.999992 0.000543
vn -0.003866 -0.999992 0.000543
vn -0.003866 -0.999992 0.000544
vn -0.003866 -0.999992 0.000543
vn -0.003866 -0.999992 0.000544
vn -0.003865 -0.999992 0.000544
vn -0.003866 -0.999992 0.000543
vn -0.003866 -0.999992 0.000544
vn -0.003865 -0.999992 0.000544
vn -0.003865 -0.999992 0.000544
vn -0.003865 -0.999992 0.000544
vn -0.003865 -0.999992 0.000544
vn -0.003865 -0.999992 0.000544
vn -0.003865 -0.999992 0.000544
vn -0.003867 -0.999992 0.000543
vn -0.003865 -0.999992 0.000544
vn -0.003867 -0.999992 0.000543
vn -0.003867 -0.999992 0.000543
vn -0.003865 -0.999992 0.000544
vn -0.003867 -0.999992 0.000543
vn -0.003865 -0.999992 0.000544
vn -0.003867 -0.999992 0.000543
vn -0.003865 -0.999992 0.000544
vn -0.003864 -0.999992 0.000544
vn -0.003867 -0.999992 0.000543
vn -0.003865 -0.999992 0.000544
vn -0.003866 -0.999992 0.000544
vn -0.003864 -0.999992 0.000544
vn -0.003863 -0.999992 0.000548
vn -0.003865 -0.999992 0.000544
vn -0.003865 -0.999992 0.000543
vn -0.003865 -0.999992 0.000544
vn -0.003865 -0.999992 0.000544
vn -0.003865 -0.999992 0.000543
vn -0.003865 -0.999992 0.000544
vn -0.003867 -0.999992 0.000546
vn -0.003865 -0.999992 0.000544
vn -0.003867 -0.999992 0.000546
vn -0.003866 -0.999992 0.000544
vn -0.003865 -0.999992 0.000544
vn -0.003867 -0.999992 0.000546
vn -0.003866 -0.999992 0.000543
vn -0.003866 -0.999992 0.000544
vn -0.003866 -0.999992 0.000543
vn -0.003866 -0.999992 0.000545
vn -0.003866 -0.999992 0.000544
vn -0.003866 -0.999992 0.000543
vn -0.003866 -0.999992 0.000542
vn -0.003866 -0.999992 0.000545
vn -0.003866 -0.999992 0.000542
vn -0.003866 -0.999992 0.000544
vn -0.003866 -0.999992 0.000545
vn -0.003866 -0.999992 0.000542
vn -0.003866 -0.999992 0.000546
vn -0.003866 -0.999992 0.000544
vn -0.003866 -0.999992 0.000546
vn -0.003866 -0.999992 0.000544
vn -0.003866 -0.999992 0.000544
vn -0.003866 -0.999992 0.000546
vn -0.003866 -0.999992 0.000544
vn -0.003866 -0.999992 0.000544
vn -0.003866 -0.999992 0.000544
vn -0.003865 -0.999992 0.000543
vn -0.003866 -0.999992 0.000544
vn -0.003866 -0.999992 0.000544
vn -0.003866 -0.999992 0.000543
vn -0.003865 -0.999992 0.000543
vn -0.003865 -0.999992 0.000543
vn -0.003865 -0.999992 0.000542
vn -0.003865 -0.999992 0.000543
vn -0.003865 -0.999992 0.000542
vn -0.003865 -0.999992 0.000542
vn -0.003865 -0.999992 0.000543
vn -0.003865 -0.999992 0.000542
vn -0.003865 -0.999992 0.000543
vn -0.003865 -0.999992 0.000542
vn -0.003865 -0.999992 0.000543
vn -0.003865 -0.999992 0.000544
vn -0.003865 -0.999992 0.000542
vn -0.003865 -0.999992 0.000543
vn -0.003866 -0.999992 0.000544
vn -0.003865 -0.999992 0.000544
vn -0.003866 -0.999992 0.000544
vn -0.003866 -0.999992 0.000544
vn -0.003865 -0.999992 0.000544
vn -0.003866 -0.999992 0.000544
vn -0.003865 -0.999992 0.000543
vn -0.003866 -0.999992 0.000544
vn -0.003865 -0.999992 0.000543
vn -0.003865 -0.999992 0.000544
vn -0.003866 -0.999992 0.000544
vn -0.003865 -0.999992 0.000543
vn -0.003865 -0.999992 0.000544
vn -0.003865 -0.999992 0.000544
vn -0.003865 -0.999992 0.000544
vn -0.003865 -0.999992 0.000544
vn -0.003865 -0.999992 0.000544
vn -0.003865 -0.999992 0.000544
vn -0.003865 -0.999992 0.000543
vn -0.003865 -0.999992 0.000544
vn -0.003865 -0.999992 0.000543
vn -0.003865 -0.999992 0.000543
vn -0.003865 -0.999992 0.000544
vn -0.003865 -0.999992 0.000543
vn -0.003866 -0.999992 0.000543
vn -0.003865 -0.999992 0.000543
vn -0.003866 -0.999992 0.000543
vn -0.003866 -0.999992 0.000543
vn -0.003865 -0.999992 0.000543
vn -0.003866 -0.999992 0.000543
vn -0.003867 -0.999992 0.000545
vn -0.003866 -0.999992 0.000543
vn -0.003867 -0.999992 0.000545
vn -0.003865 -0.999992 0.000545
vn -0.003866 -0.999992 0.000543
vn -0.003867 -0.999992 0.000545
vn -0.003868 -0.999992 0.000542
vn -0.003865 -0.999992 0.000545
vn -0.843381 0.003141 -0.537307
vn -0.845008 0.020913 -0.534344
vn -0.885200 0.007783 -0.465146
vn -0.845008 0.020913 -0.534344
vn -0.861164 0.100226 -0.498349
vn -0.885200 0.007783 -0.465146
vn -0.861164 0.100226 -0.498349
vn -0.852922 0.379166 -0.358827
vn -0.885200 0.007783 -0.465146
vn -0.861164 0.100226 -0.498349
vn -0.690873 0.640373 -0.335583
vn -0.852922 0.379166 -0.358827
vn -0.652262 0.727654 -0.212308
vn -0.659035 0.701849 -0.270334
vn -0.447417 0.877897 -0.170633
vn -0.659035 0.701849 -0.270334
vn -0.546323 0.799702 -0.249015
vn -0.447417 0.877897 -0.170633
vn -0.885200 0.007783 -0.465146
vn -0.852922 0.379166 -0.358827
vn -0.916833 0.007184 -0.399206
vn -0.852922 0.379166 -0.358827
vn -0.870291 0.401697 -0.285014
vn -0.916833 0.007184 -0.399206
vn -0.870291 0.401697 -0.285014
vn -0.951023 0.007357 -0.309033
vn -0.916833 0.007184 -0.399206
vn -0.870291 0.401697 -0.285014
vn -0.891945 0.401809 -0.207324
vn -0.951023 0.007357 -0.309033
vn -0.951023 0.007357 -0.309033
vn -0.891945 0.401809 -0.207324
vn -0.973009 0.007153 -0.230657
vn -0.891945 0.401809 -0.207324
vn -0.906675 0.401929 -0.128037
vn -0.973009 0.007153 -0.230657
vn -0.906675 0.401929 -0.128037
vn -0.990402 0.007094 -0.138037
vn -0.973009 0.007153 -0.230657
vn -0.906675 0.401929 -0.128037
vn -0.914412 0.401958 -0.047760
vn -0.990402 0.007094 -0.138037
vn -0.908593 0.402028 0.113277
vn -0.895099 0.402034 0.192787
vn -0.992446 0.006768 0.122494
vn -0.895099 0.402034 0.192787
vn -0.976721 0.007045 0.214398
vn -0.992446 0.006768 0.122494
vn -0.895099 0.402034 0.192787
vn -0.874648 0.402085 0.270773
vn -0.976721 0.007045 0.214398
vn -0.990402 0.007094 -0.138037
vn -0.914412 0.401958 -0.047760
vn -0.998400 0.007011 -0.056116
vn -0.914412 0.401958 -0.047760
vn -0.915027 0.402050 0.032888
vn -0.998400 0.007011 -0.056116
vn -0.915027 0.402050 0.032888
vn -0.999199 0.006759 0.039451
vn -0.998400 0.007011 -0.056116
vn -0.915027 0.402050 0.032888
vn -0.908593 0.402028 0.113277
vn -0.999199 0.006759 0.039451
vn -0.908593 0.402028 0.113277
vn -0.992446 0.006768 0.122494
vn -0.999199 0.006759 0.039451
vn -0.976721 0.007045 0.214398
vn -0.874648 0.402085 0.270773
vn -0.955753 0.007147 0.294084
vn -0.874648 0.402085 0.270773
vn -0.923857 0.007263 0.382669
vn -0.955753 0.007147 0.294084
vn -0.874648 0.402085 0.270773
vn -0.847526 0.401847 0.346724
vn -0.923857 0.007263 0.382669
vn -0.847526 0.401847 0.346724
vn -0.813721 0.401853 0.419968
vn -0.923857 0.007263 0.382669
vn -0.813721 0.401853 0.419968
vn -0.889628 0.007483 0.456624
vn -0.923857 0.007263 0.382669
vn -0.813721 0.401853 0.419968
vn -0.773649 0.401750 0.489964
vn -0.889628 0.007483 0.456624
vn -0.889628 0.007483 0.456624
vn -0.773649 0.401750 0.489964
vn -0.842250 0.007413 0.539037
vn -0.773649 0.401750 0.489964
vn -0.727609 0.401568 0.556173
vn -0.842250 0.007413 0.539037
vn -0.727609 0.401568 0.556173
vn -0.796112 0.007775 0.605100
vn -0.842250 0.007413 0.539037
vn -0.727609 0.401568 0.556173
vn -0.675904 0.401424 0.618072
vn -0.796112 0.007775 0.605100
vn -0.796112 0.007775 0.605100
vn -0.675904 0.401424 0.618072
vn -0.734441 0.007504 0.678631
vn -0.675904 0.401424 0.618072
vn -0.618976 0.401240 0.675185
vn -0.734441 0.007504 0.678631
vn -0.618976 0.401240 0.675185
vn -0.678082 0.008036 0.734943
vn -0.734441 0.007504 0.678631
vn -0.618976 0.401240 0.675185
vn -0.557255 0.400999 0.727094
vn -0.678082 0.008036 0.734943
vn -0.678082 0.008036 0.734943
vn -0.557255 0.400999 0.727094
vn -0.609211 0.004601 0.792995
vn -0.557255 0.400999 0.727094
vn -0.491196 0.400798 0.773361
vn -0.609211 0.004601 0.792995
vn -0.491196 0.400798 0.773361
vn -0.533445 0.008403 0.845793
vn -0.609211 0.004601 0.792995
vn -0.491196 0.400798 0.773361
vn -0.426437 0.400012 0.811260
vn -0.533445 0.008403 0.845793
vn -0.533445 0.008403 0.845793
vn -0.426437 0.400012 0.811260
vn -0.467060 0.007348 0.884195
vn -0.426437 0.400012 0.811260
vn -0.346960 0.402189 0.847268
vn -0.467060 0.007348 0.884195
vn -0.346960 0.402189 0.847268
vn -0.378873 0.004334 0.925439
vn -0.467060 0.007348 0.884195
vn -0.346960 0.402189 0.847268
vn -0.272377 0.399988 0.875112
vn -0.378873 0.004334 0.925439
vn -0.378873 0.004334 0.925439
vn -0.272377 0.399988 0.875112
vn -0.299028 0.003562 0.954238
vn -0.272377 0.399988 0.875112
vn -0.194429 0.399679 0.895798
vn -0.299028 0.003562 0.954238
vn -0.194429 0.399679 0.895798
vn -0.212349 0.003712 0.977187
vn -0.299028 0.003562 0.954238
vn -0.194429 0.399679 0.895798
vn -0.114955 0.399387 0.909547
vn -0.212349 0.003712 0.977187
vn -0.212349 0.003712 0.977187
vn -0.114955 0.399387 0.909547
vn -0.127622 0.003065 0.991818
vn -0.114955 0.399387 0.909547
vn -0.034592 0.399091 0.916259
vn -0.127622 0.003065 0.991818
vn -0.034592 0.399091 0.916259
vn -0.037367 0.003155 0.999297
vn -0.127622 0.003065 0.991818
vn -0.034592 0.399091 0.916259
vn 0.046062 0.398793 0.915883
vn -0.037367 0.003155 0.999297
vn -0.037367 0.003155 0.999297
vn 0.046062 0.398793 0.915883
vn 0.047692 0.002534 0.998859
vn 0.046062 0.398793 0.915883
vn 0.126357 0.398493 0.908426
vn 0.047692 0.002534 0.998859
vn 0.126357 0.398493 0.908426
vn 0.138872 0.002609 0.990307
vn 0.047692 0.002534 0.998859
vn 0.126357 0.398493 0.908426
vn 0.205693 0.398157 0.893958
vn 0.138872 0.002609 0.990307
vn 0.358998 0.397629 0.844400
vn 0.431851 0.397149 0.809801
vn 0.469951 0.001175 0.882692
vn 0.431851 0.397149 0.809801
vn 0.493112 0.410484 0.767035
vn 0.469951 0.001175 0.882692
vn 0.138872 0.002609 0.990307
vn 0.205693 0.398157 0.893958
vn 0.221569 0.002215 0.975142
vn 0.205693 0.398157 0.893958
vn 0.283454 0.397857 0.872562
vn 0.221569 0.002215 0.975142
vn 0.283454 0.397857 0.872562
vn 0.308430 0.002191 0.951245
vn 0.221569 0.002215 0.975142
vn 0.283454 0.397857 0.872562
vn 0.358998 0.397629 0.844400
vn 0.308430 0.002191 0.951245
vn 0.358998 0.397629 0.844400
vn 0.386539 0.001880 0.922271
vn 0.308430 0.002191 0.951245
vn 0.358998 0.397629 0.844400
vn 0.469951 0.001175 0.882692
vn 0.386539 0.001880 0.922271
vn 0.522456 0.701465 0.484755
vn 0.348124 0.875091 0.336193
vn 0.591265 0.648028 0.480068
vn 0.522456 0.701465 0.484755
vn 0.472022 0.723397 0.503878
vn 0.348124 0.875091 0.336193
vn 0.472022 0.723397 0.503878
vn 0.292996 0.907728 0.300305
vn 0.348124 0.875091 0.336193
vn 0.472022 0.723397 0.503878
vn 0.423755 0.729318 0.537148
vn 0.292996 0.907728 0.300305
vn 0.423755 0.729318 0.537148
vn 0.231083 0.928257 0.291444
vn 0.292996 0.907728 0.300305
vn 0.423755 0.729318 0.537148
vn 0.374906 0.729525 0.572048
vn 0.231083 0.928257 0.291444
vn 0.374906 0.729525 0.572048
vn 0.200039 0.931742 0.303054
vn 0.231083 0.928257 0.291444
vn 0.374906 0.729525 0.572048
vn 0.323188 0.729726 0.602535
vn 0.200039 0.931742 0.303054
vn 0.323188 0.729726 0.602535
vn 0.171378 0.932313 0.318468
vn 0.200039 0.931742 0.303054
vn 0.323188 0.729726 0.602535
vn 0.268985 0.729949 0.628348
vn 0.171378 0.932313 0.318468
vn 0.268985 0.729949 0.628348
vn 0.145645 0.932895 0.329385
vn 0.171378 0.932313 0.318468
vn 0.268985 0.729949 0.628348
vn 0.212725 0.730184 0.649292
vn 0.145645 0.932895 0.329385
vn 0.212725 0.730184 0.649292
vn 0.113106 0.932560 0.342839
vn 0.145645 0.932895 0.329385
vn 0.212725 0.730184 0.649292
vn 0.154838 0.730432 0.665202
vn 0.113106 0.932560 0.342839
vn 0.154838 0.730432 0.665202
vn 0.085483 0.933145 0.349189
vn 0.113106 0.932560 0.342839
vn 0.154838 0.730432 0.665202
vn 0.095782 0.730644 0.676007
vn 0.085483 0.933145 0.349189
vn 0.095782 0.730644 0.676007
vn 0.051519 0.932817 0.356648
vn 0.085483 0.933145 0.349189
vn 0.095782 0.730644 0.676007
vn 0.036007 0.730905 0.681528
vn 0.051519 0.932817 0.356648
vn 0.036007 0.730905 0.681528
vn 0.022732 0.933368 0.358200
vn 0.051519 0.932817 0.356648
vn 0.036007 0.730905 0.681528
vn -0.024029 0.731123 0.681823
vn 0.022732 0.933368 0.358200
vn -0.024029 0.731123 0.681823
vn -0.011484 0.933076 0.359497
vn 0.022732 0.933368 0.358200
vn -0.024029 0.731123 0.681823
vn -0.083853 0.731348 0.676830
vn -0.011484 0.933076 0.359497
vn -0.083853 0.731348 0.676830
vn -0.040702 0.933557 0.356112
vn -0.011484 0.933076 0.359497
vn -0.083853 0.731348 0.676830
vn -0.143015 0.731555 0.666614
vn -0.040702 0.933557 0.356112
vn -0.143015 0.731555 0.666614
vn -0.073966 0.933333 0.351311
vn -0.040702 0.933557 0.356112
vn -0.143015 0.731555 0.666614
vn -0.201033 0.731791 0.651204
vn -0.073966 0.933333 0.351311
vn -0.201033 0.731791 0.651204
vn -0.102879 0.933700 0.342958
vn -0.073966 0.933333 0.351311
vn -0.201033 0.731791 0.651204
vn -0.257485 0.732000 0.630776
vn -0.102879 0.933700 0.342958
vn -0.257485 0.732000 0.630776
vn -0.134021 0.933575 0.332380
vn -0.102879 0.933700 0.342958
vn -0.257485 0.732000 0.630776
vn -0.311920 0.732208 0.605457
vn -0.134021 0.933575 0.332380
vn -0.311920 0.732208 0.605457
vn -0.161891 0.933789 0.319107
vn -0.134021 0.933575 0.332380
vn -0.311920 0.732208 0.605457
vn -0.363936 0.732372 0.575484
vn -0.161891 0.933789 0.319107
vn -0.363936 0.732372 0.575484
vn -0.189815 0.933799 0.303297
vn -0.161891 0.933789 0.319107
vn -0.363936 0.732372 0.575484
vn -0.413112 0.732533 0.541049
vn -0.189815 0.933799 0.303297
vn -0.413112 0.732533 0.541049
vn -0.215906 0.933819 0.285247
vn -0.189815 0.933799 0.303297
vn -0.413112 0.732533 0.541049
vn -0.459059 0.732706 0.502401
vn -0.215906 0.933819 0.285247
vn -0.459059 0.732706 0.502401
vn -0.239655 0.934000 0.264971
vn -0.215906 0.933819 0.285247
vn -0.459059 0.732706 0.502401
vn -0.501440 0.732840 0.459895
vn -0.239655 0.934000 0.264971
vn -0.501440 0.732840 0.459895
vn -0.263251 0.933781 0.242388
vn -0.239655 0.934000 0.264971
vn -0.501440 0.732840 0.459895
vn -0.539933 0.732956 0.413821
vn -0.263251 0.933781 0.242388
vn -0.539933 0.732956 0.413821
vn -0.282037 0.934168 0.218598
vn -0.263251 0.933781 0.242388
vn -0.539933 0.732956 0.413821
vn -0.574214 0.733071 0.364535
vn -0.282037 0.934168 0.218598
vn -0.574214 0.733071 0.364535
vn -0.302441 0.933669 0.191811
vn -0.282037 0.934168 0.218598
vn -0.574214 0.733071 0.364535
vn -0.604050 0.733151 0.312432
vn -0.302441 0.933669 0.191811
vn -0.604050 0.733151 0.312432
vn -0.315684 0.934303 0.165597
vn -0.302441 0.933669 0.191811
vn -0.604050 0.733151 0.312432
vn -0.629173 0.733228 0.257910
vn -0.315684 0.934303 0.165597
vn -0.629173 0.733228 0.257910
vn -0.332239 0.933479 0.135036
vn -0.315684 0.934303 0.165597
vn -0.629173 0.733228 0.257910
vn -0.649431 0.733265 0.201399
vn -0.332239 0.933479 0.135036
vn -0.649431 0.733265 0.201399
vn -0.339591 0.934399 0.107598
vn -0.332239 0.933479 0.135036
vn -0.649431 0.733265 0.201399
vn -0.664641 0.733289 0.143319
vn -0.339591 0.934399 0.107598
vn -0.664641 0.733289 0.143319
vn -0.351675 0.933209 0.073793
vn -0.339591 0.934399 0.107598
vn -0.664641 0.733289 0.143319
vn -0.674673 0.733307 0.084131
vn -0.351675 0.933209 0.073793
vn -0.674673 0.733307 0.084131
vn -0.353050 0.934455 0.046371
vn -0.351675 0.933209 0.073793
vn -0.674673 0.733307 0.084131
vn -0.679476 0.733296 0.024288
vn -0.353050 0.934455 0.046371
vn -0.679476 0.733296 0.024288
vn -0.360110 0.932857 0.009945
vn -0.353050 0.934455 0.046371
vn -0.679476 0.733296 0.024288
vn -0.679028 0.733242 -0.035746
vn -0.360110 0.932857 0.009945
vn -0.679028 0.733242 -0.035746
vn -0.355649 0.934503 -0.014760
vn -0.360110 0.932857 0.009945
vn -0.679028 0.733242 -0.035746
vn -0.673256 0.733216 -0.095503
vn -0.355649 0.934503 -0.014760
vn -0.673256 0.733216 -0.095503
vn -0.354534 0.933693 -0.050225
vn -0.355649 0.934503 -0.014760
vn -0.673256 0.733216 -0.095503
vn -0.662298 0.733132 -0.154526
vn -0.354534 0.933693 -0.050225
vn -0.662298 0.733132 -0.154526
vn -0.357155 0.930326 -0.083276
vn -0.354534 0.933693 -0.050225
vn -0.662298 0.733132 -0.154526
vn -0.652262 0.727654 -0.212308
vn -0.357155 0.930326 -0.083276
vn -0.652262 0.727654 -0.212308
vn -0.391541 0.910094 -0.135739
vn -0.357155 0.930326 -0.083276
vn -0.652262 0.727654 -0.212308
vn -0.447417 0.877897 -0.170633
vn -0.391541 0.910094 -0.135739
vn 0.469951 0.001175 0.882692
vn 0.493112 0.410484 0.767035
vn 0.530662 0.001616 0.847582
vn 0.493112 0.410484 0.767035
vn 0.581208 0.000175 0.813755
vn 0.530662 0.001616 0.847582
vn 0.493112 0.410484 0.767035
vn 0.567290 0.420605 0.708007
vn 0.581208 0.000175 0.813755
vn 0.567290 0.420605 0.708007
vn 0.639184 0.000912 0.769053
vn 0.581208 0.000175 0.813755
vn 0.567290 0.420605 0.708007
vn 0.628214 0.396391 0.669494
vn 0.639184 0.000912 0.769053
vn 0.628214 0.396391 0.669494
vn 0.674543 0.000848 0.738235
vn 0.639184 0.000912 0.769053
vn 0.628214 0.396391 0.669494
vn 0.682832 0.405499 0.607710
vn 0.674543 0.000848 0.738235
vn -0.546323 0.799702 -0.249015
vn -0.659035 0.701849 -0.270334
vn -0.690873 0.640373 -0.335583
vn -0.659035 0.701849 -0.270334
vn -0.852922 0.379166 -0.358827
vn -0.690873 0.640373 -0.335583
vn -0.659035 0.701849 -0.270334
vn -0.652262 0.727654 -0.212308
vn -0.852922 0.379166 -0.358827
vn -0.652262 0.727654 -0.212308
vn -0.870291 0.401697 -0.285014
vn -0.852922 0.379166 -0.358827
vn -0.652262 0.727654 -0.212308
vn -0.662298 0.733132 -0.154526
vn -0.870291 0.401697 -0.285014
vn -0.662298 0.733132 -0.154526
vn -0.891945 0.401809 -0.207324
vn -0.870291 0.401697 -0.285014
vn -0.662298 0.733132 -0.154526
vn -0.673256 0.733216 -0.095503
vn -0.891945 0.401809 -0.207324
vn -0.673256 0.733216 -0.095503
vn -0.906675 0.401929 -0.128037
vn -0.891945 0.401809 -0.207324
vn -0.673256 0.733216 -0.095503
vn -0.679028 0.733242 -0.035746
vn -0.906675 0.401929 -0.128037
vn -0.679028 0.733242 -0.035746
vn -0.914412 0.401958 -0.047760
vn -0.906675 0.401929 -0.128037
vn -0.679028 0.733242 -0.035746
vn -0.679476 0.733296 0.024288
vn -0.914412 0.401958 -0.047760
vn -0.679476 0.733296 0.024288
vn -0.915027 0.402050 0.032888
vn -0.914412 0.401958 -0.047760
vn -0.679476 0.733296 0.024288
vn -0.674673 0.733307 0.084131
vn -0.915027 0.402050 0.032888
vn -0.674673 0.733307 0.084131
vn -0.908593 0.402028 0.113277
vn -0.915027 0.402050 0.032888
vn -0.674673 0.733307 0.084131
vn -0.664641 0.733289 0.143319
vn -0.908593 0.402028 0.113277
vn -0.664641 0.733289 0.143319
vn -0.895099 0.402034 0.192787
vn -0.908593 0.402028 0.113277
vn -0.664641 0.733289 0.143319
vn -0.649431 0.733265 0.201399
vn -0.895099 0.402034 0.192787
vn -0.649431 0.733265 0.201399
vn -0.874648 0.402085 0.270773
vn -0.895099 0.402034 0.192787
vn -0.649431 0.733265 0.201399
vn -0.629173 0.733228 0.257910
vn -0.874648 0.402085 0.270773
vn -0.629173 0.733228 0.257910
vn -0.847526 0.401847 0.346724
vn -0.874648 0.402085 0.270773
vn -0.629173 0.733228 0.257910
vn -0.604050 0.733151 0.312432
vn -0.847526 0.401847 0.346724
vn -0.604050 0.733151 0.312432
vn -0.813721 0.401853 0.419968
vn -0.847526 0.401847 0.346724
vn -0.604050 0.733151 0.312432
vn -0.574214 0.733071 0.364535
vn -0.813721 0.401853 0.419968
vn -0.574214 0.733071 0.364535
vn -0.773649 0.401750 0.489964
vn -0.813721 0.401853 0.419968
vn -0.574214 0.733071 0.364535
vn -0.539933 0.732956 0.413821
vn -0.773649 0.401750 0.489964
vn -0.539933 0.732956 0.413821
vn -0.727609 0.401568 0.556173
vn -0.773649 0.401750 0.489964
vn -0.539933 0.732956 0.413821
vn -0.501440 0.732840 0.459895
vn -0.727609 0.401568 0.556173
vn -0.501440 0.732840 0.459895
vn -0.675904 0.401424 0.618072
vn -0.727609 0.401568 0.556173
vn -0.501440 0.732840 0.459895
vn -0.459059 0.732706 0.502401
vn -0.675904 0.401424 0.618072
vn -0.459059 0.732706 0.502401
vn -0.618976 0.401240 0.675185
vn -0.675904 0.401424 0.618072
vn -0.459059 0.732706 0.502401
vn -0.413112 0.732533 0.541049
vn -0.618976 0.401240 0.675185
vn -0.413112 0.732533 0.541049
vn -0.557255 0.400999 0.727094
vn -0.618976 0.401240 0.675185
vn -0.413112 0.732533 0.541049
vn -0.363936 0.732372 0.575484
vn -0.557255 0.400999 0.727094
vn -0.363936 0.732372 0.575484
vn -0.491196 0.400798 0.773361
vn -0.557255 0.400999 0.727094
vn -0.363936 0.732372 0.575484
vn -0.311920 0.732208 0.605457
vn -0.491196 0.400798 0.773361
vn -0.311920 0.732208 0.605457
vn -0.426437 0.400012 0.811260
vn -0.491196 0.400798 0.773361
vn -0.311920 0.732208 0.605457
vn -0.257485 0.732000 0.630776
vn -0.426437 0.400012 0.811260
vn -0.257485 0.732000 0.630776
vn -0.346960 0.402189 0.847268
vn -0.426437 0.400012 0.811260
vn -0.257485 0.732000 0.630776
vn -0.201033 0.731791 0.651204
vn -0.346960 0.402189 0.847268
vn -0.201033 0.731791 0.651204
vn -0.272377 0.399988 0.875112
vn -0.346960 0.402189 0.847268
vn -0.201033 0.731791 0.651204
vn -0.143015 0.731555 0.666614
vn -0.272377 0.399988 0.875112
vn -0.143015 0.731555 0.666614
vn -0.194429 0.399679 0.895798
vn -0.272377 0.399988 0.875112
vn -0.143015 0.731555 0.666614
vn -0.083853 0.731348 0.676830
vn -0.194429 0.399679 0.895798
vn -0.083853 0.731348 0.676830
vn -0.114955 0.399387 0.909547
vn -0.194429 0.399679 0.895798
vn -0.083853 0.731348 0.676830
vn -0.024029 0.731123 0.681823
vn -0.114955 0.399387 0.909547
vn -0.024029 0.731123 0.681823
vn -0.034592 0.399091 0.916259
vn -0.114955 0.399387 0.909547
vn -0.024029 0.731123 0.681823
vn 0.036007 0.730905 0.681528
vn -0.034592 0.399091 0.916259
vn 0.036007 0.730905 0.681528
vn 0.046062 0.398793 0.915883
vn -0.034592 0.399091 0.916259
vn 0.036007 0.730905 0.681528
vn 0.095782 0.730644 0.676007
vn 0.046062 0.398793 0.915883
vn 0.095782 0.730644 0.676007
vn 0.126357 0.398493 0.908426
vn 0.046062 0.398793 0.915883
vn 0.095782 0.730644 0.676007
vn 0.154838 0.730432 0.665202
vn 0.126357 0.398493 0.908426
vn 0.154838 0.730432 0.665202
vn 0.205693 0.398157 0.893958
vn 0.126357 0.398493 0.908426
vn 0.154838 0.730432 0.665202
vn 0.212725 0.730184 0.649292
vn 0.205693 0.398157 0.893958
vn 0.212725 0.730184 0.649292
vn 0.283454 0.397857 0.872562
vn 0.205693 0.398157 0.893958
vn 0.212725 0.730184 0.649292
vn 0.268985 0.729949 0.628348
vn 0.283454 0.397857 0.872562
vn 0.268985 0.729949 0.628348
vn 0.358998 0.397629 0.844400
vn 0.283454 0.397857 0.872562
vn 0.268985 0.729949 0.628348
vn 0.323188 0.729726 0.602535
vn 0.358998 0.397629 0.844400
vn 0.323188 0.729726 0.602535
vn 0.431851 0.397149 0.809801
vn 0.358998 0.397629 0.844400
vn 0.323188 0.729726 0.602535
vn 0.374906 0.729525 0.572048
vn 0.431851 0.397149 0.809801
vn 0.374906 0.729525 0.572048
vn 0.493112 0.410484 0.767035
vn 0.431851 0.397149 0.809801
vn 0.374906 0.729525 0.572048
vn 0.423755 0.729318 0.537148
vn 0.493112 0.410484 0.767035
vn 0.423755 0.729318 0.537148
vn 0.567290 0.420605 0.708007
vn 0.493112 0.410484 0.767035
vn 0.423755 0.729318 0.537148
vn 0.472022 0.723397 0.503878
vn 0.567290 0.420605 0.708007
vn 0.472022 0.723397 0.503878
vn 0.628214 0.396391 0.669494
vn 0.567290 0.420605 0.708007
vn 0.472022 0.723397 0.503878
vn 0.522456 0.701465 0.484755
vn 0.628214 0.396391 0.669494
vn 0.522456 0.701465 0.484755
vn 0.682832 0.405499 0.607710
vn 0.628214 0.396391 0.669494
vn 0.522456 0.701465 0.484755
vn 0.591265 0.648028 0.480068
vn 0.682832 0.405499 0.607710
vn 0.591265 0.648028 0.480068
vn 0.841910 0.018138 0.539313
vn 0.682832 0.405499 0.607710
vn 0.674543 0.000848 0.738235
vn 0.682832 0.405499 0.607710
vn 0.714575 -0.001001 0.699558
vn 0.682832 0.405499 0.607710
vn 0.767681 0.000044 0.640833
vn 0.714575 -0.001001 0.699558
vn 0.682832 0.405499 0.607710
vn 0.841910 0.018138 0.539313
vn 0.767681 0.000044 0.640833
vn 0.841910 0.018138 0.539313
vn 0.796279 0.000094 0.604930
vn 0.767681 0.000044 0.640833
vn 0.841910 0.018138 0.539313
vn 0.843138 -0.003849 0.537683
vn 0.796279 0.000094 0.604930
vn -0.447417 0.877897 -0.170633
vn -0.331577 0.940067 -0.079563
vn -0.391541 0.910094 -0.135739
vn -0.331577 0.940067 -0.079563
vn -0.357155 0.930326 -0.083276
vn -0.391541 0.910094 -0.135739
vn -0.331577 0.940067 -0.079563
vn -0.331596 0.941539 -0.059573
vn -0.357155 0.930326 -0.083276
vn -0.331596 0.941539 -0.059573
vn -0.354534 0.933693 -0.050225
vn -0.357155 0.930326 -0.083276
vn -0.355649 0.934503 -0.014760
vn -0.354534 0.933693 -0.050225
vn -0.335357 0.941513 -0.032990
vn -0.354534 0.933693 -0.050225
vn -0.335284 0.940994 -0.045982
vn -0.335357 0.941513 -0.032990
vn -0.354534 0.933693 -0.050225
vn -0.331596 0.941539 -0.059573
vn -0.335284 0.940994 -0.045982
vn 0.198817 0.939671 0.278371
vn 0.231083 0.928257 0.291444
vn 0.200039 0.931742 0.303054
vn 0.198817 0.939671 0.278371
vn 0.216932 0.938139 0.269880
vn 0.231083 0.928257 0.291444
vn 0.216932 0.938139 0.269880
vn 0.292996 0.907728 0.300305
vn 0.231083 0.928257 0.291444
vn 0.216932 0.938139 0.269880
vn 0.348124 0.875091 0.336193
vn 0.292996 0.907728 0.300305
vn 0.198817 0.939671 0.278371
vn 0.200039 0.931742 0.303054
vn 0.188068 0.939154 0.287437
vn 0.200039 0.931742 0.303054
vn 0.176318 0.939714 0.293002
vn 0.188068 0.939154 0.287437
vn 0.200039 0.931742 0.303054
vn 0.171378 0.932313 0.318468
vn 0.176318 0.939714 0.293002
vn 0.171378 0.932313 0.318468
vn 0.158485 0.938701 0.306141
vn 0.176318 0.939714 0.293002
vn 0.171378 0.932313 0.318468
vn 0.145645 0.932895 0.329385
vn 0.158485 0.938701 0.306141
vn 0.145645 0.932895 0.329385
vn 0.135026 0.938852 0.316742
vn 0.158485 0.938701 0.306141
vn 0.145645 0.932895 0.329385
vn 0.113106 0.932560 0.342839
vn 0.135026 0.938852 0.316742
vn 0.113106 0.932560 0.342839
vn 0.103506 0.939053 0.327821
vn 0.135026 0.938852 0.316742
vn 0.113106 0.932560 0.342839
vn 0.085483 0.933145 0.349189
vn 0.103506 0.939053 0.327821
vn 0.085483 0.933145 0.349189
vn 0.077909 0.939189 0.334445
vn 0.103506 0.939053 0.327821
vn 0.085483 0.933145 0.349189
vn 0.051519 0.932817 0.356648
vn 0.077909 0.939189 0.334445
vn 0.051519 0.932817 0.356648
vn 0.045672 0.939398 0.339774
vn 0.077909 0.939189 0.334445
vn 0.051519 0.932817 0.356648
vn 0.022732 0.933368 0.358200
vn 0.045672 0.939398 0.339774
vn 0.022732 0.933368 0.358200
vn 0.018655 0.939520 0.341985
vn 0.045672 0.939398 0.339774
vn 0.022732 0.933368 0.358200
vn -0.011484 0.933076 0.359497
vn 0.018655 0.939520 0.341985
vn -0.011484 0.933076 0.359497
vn -0.013316 0.939729 0.341662
vn 0.018655 0.939520 0.341985
vn -0.011484 0.933076 0.359497
vn -0.040702 0.933557 0.356112
vn -0.013316 0.939729 0.341662
vn -0.040702 0.933557 0.356112
vn -0.040953 0.939842 0.339146
vn -0.013316 0.939729 0.341662
vn -0.040702 0.933557 0.356112
vn -0.073966 0.933333 0.351311
vn -0.040953 0.939842 0.339146
vn -0.073966 0.933333 0.351311
vn -0.071727 0.940042 0.333432
vn -0.040953 0.939842 0.339146
vn -0.073966 0.933333 0.351311
vn -0.102879 0.933700 0.342958
vn -0.071727 0.940042 0.333432
vn -0.102879 0.933700 0.342958
vn -0.099124 0.940144 0.326043
vn -0.071727 0.940042 0.333432
vn -0.102879 0.933700 0.342958
vn -0.134021 0.933575 0.332380
vn -0.099124 0.940144 0.326043
vn -0.134021 0.933575 0.332380
vn -0.127840 0.940327 0.315343
vn -0.099124 0.940144 0.326043
vn -0.134021 0.933575 0.332380
vn -0.161891 0.933789 0.319107
vn -0.127840 0.940327 0.315343
vn -0.161891 0.933789 0.319107
vn -0.154111 0.940422 0.303079
vn -0.127840 0.940327 0.315343
vn -0.161891 0.933789 0.319107
vn -0.189815 0.933799 0.303297
vn -0.154111 0.940422 0.303079
vn -0.189815 0.933799 0.303297
vn -0.179998 0.940586 0.287922
vn -0.154111 0.940422 0.303079
vn -0.189815 0.933799 0.303297
vn -0.215906 0.933819 0.285247
vn -0.179998 0.940586 0.287922
vn -0.215906 0.933819 0.285247
vn -0.204254 0.940674 0.270949
vn -0.179998 0.940586 0.287922
vn -0.215906 0.933819 0.285247
vn -0.239655 0.934000 0.264971
vn -0.204254 0.940674 0.270949
vn -0.239655 0.934000 0.264971
vn -0.226681 0.940808 0.251985
vn -0.204254 0.940674 0.270949
vn -0.239655 0.934000 0.264971
vn -0.263251 0.933781 0.242388
vn -0.226681 0.940808 0.251985
vn -0.263251 0.933781 0.242388
vn -0.248064 0.940888 0.230637
vn -0.226681 0.940808 0.251985
vn -0.263251 0.933781 0.242388
vn -0.282037 0.934168 0.218598
vn -0.248064 0.940888 0.230637
vn -0.282037 0.934168 0.218598
vn -0.266509 0.940988 0.208600
vn -0.248064 0.940888 0.230637
vn -0.282037 0.934168 0.218598
vn -0.302441 0.933669 0.191811
vn -0.266509 0.940988 0.208600
vn -0.302441 0.933669 0.191811
vn -0.284215 0.941064 0.183359
vn -0.266509 0.940988 0.208600
vn -0.302441 0.933669 0.191811
vn -0.315684 0.934303 0.165597
vn -0.284215 0.941064 0.183359
vn -0.315684 0.934303 0.165597
vn -0.298308 0.941126 0.159042
vn -0.284215 0.941064 0.183359
vn -0.315684 0.934303 0.165597
vn -0.332239 0.933479 0.135036
vn -0.298308 0.941126 0.159042
vn -0.332239 0.933479 0.135036
vn -0.311626 0.941196 0.130535
vn -0.298308 0.941126 0.159042
vn -0.332239 0.933479 0.135036
vn -0.339591 0.934399 0.107598
vn -0.311626 0.941196 0.130535
vn -0.339591 0.934399 0.107598
vn -0.321140 0.941217 0.104780
vn -0.311626 0.941196 0.130535
vn -0.339591 0.934399 0.107598
vn -0.351675 0.933209 0.073793
vn -0.321140 0.941217 0.104780
vn -0.351675 0.933209 0.073793
vn -0.329463 0.941283 0.073761
vn -0.321140 0.941217 0.104780
vn -0.351675 0.933209 0.073793
vn -0.353050 0.934455 0.046371
vn -0.329463 0.941283 0.073761
vn -0.353050 0.934455 0.046371
vn -0.334334 0.941261 0.047411
vn -0.329463 0.941283 0.073761
vn -0.353050 0.934455 0.046371
vn -0.360110 0.932857 0.009945
vn -0.334334 0.941261 0.047411
vn -0.360110 0.932857 0.009945
vn -0.337198 0.941318 0.014739
vn -0.334334 0.941261 0.047411
vn -0.360110 0.932857 0.009945
vn -0.355649 0.934503 -0.014760
vn -0.337198 0.941318 0.014739
vn -0.355649 0.934503 -0.014760
vn -0.338388 0.940963 -0.009060
vn -0.337198 0.941318 0.014739
vn -0.355649 0.934503 -0.014760
vn -0.335357 0.941513 -0.032990
vn -0.338388 0.940963 -0.009060
vn 0.454320 0.874517 0.169746
vn 0.338829 0.937564 0.078540
vn 0.398572 0.907183 0.134760
vn 0.338829 0.937564 0.078540
vn 0.364336 0.927627 0.082263
vn 0.398572 0.907183 0.134760
vn 0.338829 0.937564 0.078540
vn 0.338865 0.939012 0.058548
vn 0.364336 0.927627 0.082263
vn 0.338865 0.939012 0.058548
vn 0.361742 0.930979 0.049211
vn 0.364336 0.927627 0.082263
vn 0.362864 0.931741 0.013746
vn 0.361742 0.930979 0.049211
vn 0.342625 0.938928 0.031966
vn 0.361742 0.930979 0.049211
vn 0.342548 0.938424 0.044957
vn 0.342625 0.938928 0.031966
vn 0.361742 0.930979 0.049211
vn 0.338865 0.939012 0.058548
vn 0.342548 0.938424 0.044957
vn -0.191550 0.940876 -0.279394
vn -0.223899 0.929699 -0.292454
vn -0.192830 0.932930 -0.304069
vn -0.191550 0.940876 -0.279394
vn -0.209683 0.939492 -0.270901
vn -0.223899 0.929699 -0.292454
vn -0.209683 0.939492 -0.270901
vn -0.285977 0.909637 -0.301294
vn -0.223899 0.929699 -0.292454
vn -0.209683 0.939492 -0.270901
vn -0.341349 0.877392 -0.337141
vn -0.285977 0.909637 -0.301294
vn -0.191550 0.940876 -0.279394
vn -0.192830 0.932930 -0.304069
vn -0.180799 0.940268 -0.288459
vn -0.192830 0.932930 -0.304069
vn -0.169048 0.940730 -0.294023
vn -0.180799 0.940268 -0.288459
vn -0.192830 0.932930 -0.304069
vn -0.164163 0.933266 -0.319476
vn -0.169048 0.940730 -0.294023
vn -0.164163 0.933266 -0.319476
vn -0.151226 0.939565 -0.307162
vn -0.169048 0.940730 -0.294023
vn -0.164163 0.933266 -0.319476
vn -0.138427 0.933635 -0.330398
vn -0.151226 0.939565 -0.307162
vn -0.138427 0.933635 -0.330398
vn -0.127764 0.939522 -0.317765
vn -0.151226 0.939565 -0.307162
vn -0.138427 0.933635 -0.330398
vn -0.105893 0.933033 -0.343854
vn -0.127764 0.939522 -0.317765
vn -0.105893 0.933033 -0.343854
vn -0.096244 0.939468 -0.328842
vn -0.127764 0.939522 -0.317765
vn -0.105893 0.933033 -0.343854
vn -0.078270 0.933398 -0.350203
vn -0.096244 0.939468 -0.328842
vn -0.078270 0.933398 -0.350203
vn -0.070647 0.939399 -0.335467
vn -0.096244 0.939468 -0.328842
vn -0.078270 0.933398 -0.350203
vn -0.044308 0.932799 -0.357663
vn -0.070647 0.939399 -0.335467
vn -0.044308 0.932799 -0.357663
vn -0.038407 0.939350 -0.340802
vn -0.070647 0.939399 -0.335467
vn -0.044308 0.932799 -0.357663
vn -0.015515 0.933125 -0.359218
vn -0.038407 0.939350 -0.340802
vn -0.015515 0.933125 -0.359218
vn -0.011391 0.939264 -0.343007
vn -0.038407 0.939350 -0.340802
vn -0.015515 0.933125 -0.359218
vn 0.018693 0.932568 -0.360509
vn -0.011391 0.939264 -0.343007
vn 0.018693 0.932568 -0.360509
vn 0.020579 0.939226 -0.342683
vn -0.011391 0.939264 -0.343007
vn 0.018693 0.932568 -0.360509
vn 0.047919 0.932826 -0.357127
vn 0.020579 0.939226 -0.342683
vn 0.047919 0.932826 -0.357127
vn 0.048219 0.939126 -0.340172
vn 0.020579 0.939226 -0.342683
vn 0.047919 0.932826 -0.357127
vn 0.081180 0.932348 -0.352330
vn 0.048219 0.939126 -0.340172
vn 0.081180 0.932348 -0.352330
vn 0.078989 0.939095 -0.334458
vn 0.048219 0.939126 -0.340172
vn 0.081180 0.932348 -0.352330
vn 0.110096 0.932503 -0.343973
vn 0.078989 0.939095 -0.334458
vn 0.110096 0.932503 -0.343973
vn 0.106388 0.938993 -0.327068
vn 0.078989 0.939095 -0.334458
vn 0.110096 0.932503 -0.343973
vn 0.141232 0.932150 -0.333391
vn 0.106388 0.938993 -0.327068
vn 0.141232 0.932150 -0.333391
vn 0.135097 0.938970 -0.316362
vn 0.106388 0.938993 -0.327068
vn 0.141232 0.932150 -0.333391
vn 0.169103 0.932162 -0.320121
vn 0.135097 0.938970 -0.316362
vn 0.169103 0.932162 -0.320121
vn 0.161374 0.938873 -0.304098
vn 0.135097 0.938970 -0.316362
vn 0.169103 0.932162 -0.320121
vn 0.197025 0.931974 -0.304311
vn 0.161374 0.938873 -0.304098
vn 0.197025 0.931974 -0.304311
vn 0.187264 0.938853 -0.288942
vn 0.161374 0.938873 -0.304098
vn 0.197025 0.931974 -0.304311
vn 0.223116 0.931812 -0.286263
vn 0.187264 0.938853 -0.288942
vn 0.223116 0.931812 -0.286263
vn 0.211523 0.938770 -0.271971
vn 0.187264 0.938853 -0.288942
vn 0.223116 0.931812 -0.286263
vn 0.246869 0.931829 -0.265989
vn 0.211523 0.938770 -0.271971
vn 0.246869 0.931829 -0.265989
vn 0.233949 0.938752 -0.253009
vn 0.211523 0.938770 -0.271971
vn 0.246869 0.931829 -0.265989
vn 0.270465 0.931452 -0.243403
vn 0.233949 0.938752 -0.253009
vn 0.270465 0.931452 -0.243403
vn 0.255330 0.938691 -0.231660
vn 0.233949 0.938752 -0.253009
vn 0.270465 0.931452 -0.243403
vn 0.289250 0.931721 -0.219613
vn 0.255330 0.938691 -0.231660
vn 0.289250 0.931721 -0.219613
vn 0.273774 0.938673 -0.209622
vn 0.255330 0.938691 -0.231660
vn 0.289250 0.931721 -0.219613
vn 0.309652 0.931093 -0.192823
vn 0.273774 0.938673 -0.209622
vn 0.309652 0.931093 -0.192823
vn 0.291485 0.938638 -0.184380
vn 0.273774 0.938673 -0.209622
vn 0.309652 0.931093 -0.192823
vn 0.322897 0.931653 -0.166614
vn 0.291485 0.938638 -0.184380
vn 0.322897 0.931653 -0.166614
vn 0.305573 0.938618 -0.160066
vn 0.291485 0.938638 -0.184380
vn 0.322897 0.931653 -0.166614
vn 0.339445 0.930735 -0.136051
vn 0.305573 0.938618 -0.160066
vn 0.339445 0.930735 -0.136051
vn 0.318893 0.938616 -0.131558
vn 0.305573 0.938618 -0.160066
vn 0.339445 0.930735 -0.136051
vn 0.346804 0.931628 -0.108612
vn 0.318893 0.938616 -0.131558
vn 0.346804 0.931628 -0.108612
vn 0.328405 0.938593 -0.105801
vn 0.318893 0.938616 -0.131558
vn 0.346804 0.931628 -0.108612
vn 0.358879 0.930382 -0.074806
vn 0.328405 0.938593 -0.105801
vn 0.358879 0.930382 -0.074806
vn 0.336731 0.938627 -0.074782
vn 0.328405 0.938593 -0.105801
vn 0.358879 0.930382 -0.074806
vn 0.360263 0.931646 -0.047386
vn 0.336731 0.938627 -0.074782
vn 0.360263 0.931646 -0.047386
vn 0.341602 0.938596 -0.048433
vn 0.336731 0.938627 -0.074782
vn 0.360263 0.931646 -0.047386
vn 0.367310 0.930034 -0.010956
vn 0.341602 0.938596 -0.048433
vn 0.367310 0.930034 -0.010956
vn 0.344465 0.938667 -0.015758
vn 0.341602 0.938596 -0.048433
vn 0.367310 0.930034 -0.010956
vn 0.362864 0.931741 0.013746
vn 0.344465 0.938667 -0.015758
vn 0.362864 0.931741 0.013746
vn 0.345653 0.938328 0.008039
vn 0.344465 0.938667 -0.015758
vn 0.362864 0.931741 0.013746
vn 0.342625 0.938928 0.031966
vn 0.345653 0.938328 0.008039
vn 0.843138 -0.003849 0.537683
vn 0.846430 0.019755 0.532134
vn 0.884850 -0.000685 0.465876
vn 0.846430 0.019755 0.532134
vn 0.841748 0.400124 0.362439
vn 0.884850 -0.000685 0.465876
vn 0.846430 0.019755 0.532134
vn 0.689202 0.643525 0.332981
vn 0.841748 0.400124 0.362439
vn 0.657862 0.722826 0.211517
vn 0.657999 0.704217 0.266674
vn 0.454320 0.874517 0.169746
vn 0.657999 0.704217 0.266674
vn 0.689202 0.643525 0.332981
vn 0.454320 0.874517 0.169746
vn 0.884850 -0.000685 0.465876
vn 0.841748 0.400124 0.362439
vn 0.905228 -0.000623 0.424925
vn 0.841748 0.400124 0.362439
vn 0.935966 -0.001282 0.352087
vn 0.905228 -0.000623 0.424925
vn 0.841748 0.400124 0.362439
vn 0.870835 0.404677 0.279076
vn 0.935966 -0.001282 0.352087
vn 0.870835 0.404677 0.279076
vn 0.954173 -0.000659 0.299254
vn 0.935966 -0.001282 0.352087
vn 0.870835 0.404677 0.279076
vn 0.882549 0.419226 0.212971
vn 0.954173 -0.000659 0.299254
vn 0.954173 -0.000659 0.299254
vn 0.882549 0.419226 0.212971
vn 0.967132 -0.000637 0.254274
vn 0.882549 0.419226 0.212971
vn 0.983140 -0.001721 0.182845
vn 0.967132 -0.000637 0.254274
vn 0.882549 0.419226 0.212971
vn 0.904747 0.408439 0.120870
vn 0.983140 -0.001721 0.182845
vn 0.904747 0.408439 0.120870
vn 0.992441 -0.000561 0.122725
vn 0.983140 -0.001721 0.182845
vn 0.904747 0.408439 0.120870
vn 0.907560 0.416293 0.055098
vn 0.992441 -0.000561 0.122725
vn 0.904752 0.412685 -0.105431
vn 0.887356 0.415795 -0.199283
vn 0.985925 -0.002025 -0.167175
vn 0.887356 0.415795 -0.199283
vn 0.972155 -0.000533 -0.234340
vn 0.985925 -0.002025 -0.167175
vn 0.887356 0.415795 -0.199283
vn 0.877724 0.395028 -0.271208
vn 0.972155 -0.000533 -0.234340
vn 0.992441 -0.000561 0.122725
vn 0.907560 0.416293 0.055098
vn 0.997041 -0.000497 0.076872
vn 0.907560 0.416293 0.055098
vn 0.999966 -0.001979 0.007958
vn 0.997041 -0.000497 0.076872
vn 0.907560 0.416293 0.055098
vn 0.910193 0.412221 -0.040283
vn 0.999966 -0.001979 0.007958
vn 0.910193 0.412221 -0.040283
vn 0.998408 -0.000179 -0.056396
vn 0.999966 -0.001979 0.007958
vn 0.910193 0.412221 -0.040283
vn 0.904752 0.412685 -0.105431
vn 0.998408 -0.000179 -0.056396
vn 0.904752 0.412685 -0.105431
vn 0.994848 -0.000239 -0.101375
vn 0.998408 -0.000179 -0.056396
vn 0.904752 0.412685 -0.105431
vn 0.985925 -0.002025 -0.167175
vn 0.994848 -0.000239 -0.101375
vn 0.972155 -0.000533 -0.234340
vn 0.877724 0.395028 -0.271208
vn 0.956192 -0.001189 -0.292738
vn 0.877724 0.395028 -0.271208
vn 0.925432 -0.001531 -0.378911
vn 0.956192 -0.001189 -0.292738
vn 0.877724 0.395028 -0.271208
vn 0.850607 0.394900 -0.347162
vn 0.925432 -0.001531 -0.378911
vn 0.850607 0.394900 -0.347162
vn 0.816805 0.395080 -0.420406
vn 0.925432 -0.001531 -0.378911
vn 0.816805 0.395080 -0.420406
vn 0.889884 -0.001200 -0.456186
vn 0.925432 -0.001531 -0.378911
vn 0.816805 0.395080 -0.420406
vn 0.776742 0.395197 -0.490399
vn 0.889884 -0.001200 -0.456186
vn 0.889884 -0.001200 -0.456186
vn 0.776742 0.395197 -0.490399
vn 0.844951 -0.001524 -0.534841
vn 0.776742 0.395197 -0.490399
vn 0.730671 0.395371 -0.556599
vn 0.844951 -0.001524 -0.534841
vn 0.730671 0.395371 -0.556599
vn 0.795883 -0.001046 -0.605449
vn 0.844951 -0.001524 -0.534841
vn 0.730671 0.395371 -0.556599
vn 0.678981 0.395533 -0.618497
vn 0.795883 -0.001046 -0.605449
vn 0.795883 -0.001046 -0.605449
vn 0.678981 0.395533 -0.618497
vn 0.738456 -0.001335 -0.674300
vn 0.678981 0.395533 -0.618497
vn 0.622052 0.395717 -0.675618
vn 0.738456 -0.001335 -0.674300
vn 0.622052 0.395717 -0.675618
vn 0.677128 -0.000736 -0.735865
vn 0.738456 -0.001335 -0.674300
vn 0.622052 0.395717 -0.675618
vn 0.560328 0.395905 -0.727524
vn 0.677128 -0.000736 -0.735865
vn 0.677128 -0.000736 -0.735865
vn 0.560328 0.395905 -0.727524
vn 0.609218 -0.000972 -0.793002
vn 0.560328 0.395905 -0.727524
vn 0.494275 0.396147 -0.773796
vn 0.609218 -0.000972 -0.793002
vn 0.494275 0.396147 -0.773796
vn 0.533491 0.003360 -0.845799
vn 0.609218 -0.000972 -0.793002
vn 0.494275 0.396147 -0.773796
vn 0.429505 0.395834 -0.811690
vn 0.533491 0.003360 -0.845799
vn 0.533491 0.003360 -0.845799
vn 0.429505 0.395834 -0.811690
vn 0.467101 0.002775 -0.884200
vn 0.429505 0.395834 -0.811690
vn 0.350058 0.398564 -0.847706
vn 0.467101 0.002775 -0.884200
vn 0.350058 0.398564 -0.847706
vn 0.377519 0.003208 -0.925996
vn 0.467101 0.002775 -0.884200
vn 0.350058 0.398564 -0.847706
vn 0.275452 0.396945 -0.875535
vn 0.377519 0.003208 -0.925996
vn 0.377519 0.003208 -0.925996
vn 0.275452 0.396945 -0.875535
vn 0.304668 0.002600 -0.952455
vn 0.275452 0.396945 -0.875535
vn 0.197507 0.397225 -0.896216
vn 0.304668 0.002600 -0.952455
vn 0.197507 0.397225 -0.896216
vn 0.211962 0.003018 -0.977273
vn 0.304668 0.002600 -0.952455
vn 0.197507 0.397225 -0.896216
vn 0.118034 0.397521 -0.909970
vn 0.211962 0.003018 -0.977273
vn 0.211962 0.003018 -0.977273
vn 0.118034 0.397521 -0.909970
vn 0.132588 0.002812 -0.991167
vn 0.118034 0.397521 -0.909970
vn 0.037673 0.397833 -0.916684
vn 0.132588 0.002812 -0.991167
vn 0.037673 0.397833 -0.916684
vn 0.037874 0.003105 -0.999278
vn 0.132588 0.002812 -0.991167
vn 0.037673 0.397833 -0.916684
vn -0.042972 0.398141 -0.916317
vn 0.037874 0.003105 -0.999278
vn 0.037874 0.003105 -0.999278
vn -0.042972 0.398141 -0.916317
vn -0.043615 0.003108 -0.999044
vn -0.042972 0.398141 -0.916317
vn -0.123281 0.398463 -0.908861
vn -0.043615 0.003108 -0.999044
vn -0.123281 0.398463 -0.908861
vn -0.137381 0.003288 -0.990513
vn -0.043615 0.003108 -0.999044
vn -0.123281 0.398463 -0.908861
vn -0.202615 0.398789 -0.894379
vn -0.137381 0.003288 -0.990513
vn -0.355921 0.399467 -0.844835
vn -0.428769 0.399597 -0.810234
vn -0.472791 0.004532 -0.881163
vn -0.428769 0.399597 -0.810234
vn -0.498213 0.400071 -0.769238
vn -0.472791 0.004532 -0.881163
vn -0.137381 0.003288 -0.990513
vn -0.202615 0.398789 -0.894379
vn -0.218466 0.003467 -0.975838
vn -0.202615 0.398789 -0.894379
vn -0.280372 0.399083 -0.872997
vn -0.218466 0.003467 -0.975838
vn -0.280372 0.399083 -0.872997
vn -0.308402 0.003541 -0.951250
vn -0.218466 0.003467 -0.975838
vn -0.280372 0.399083 -0.872997
vn -0.355921 0.399467 -0.844835
vn -0.308402 0.003541 -0.951250
vn -0.355921 0.399467 -0.844835
vn -0.386520 0.003866 -0.922273
vn -0.308402 0.003541 -0.951250
vn -0.355921 0.399467 -0.844835
vn -0.472791 0.004532 -0.881163
vn -0.386520 0.003866 -0.922273
vn -0.594144 0.640490 -0.486586
vn -0.521474 0.701453 -0.485828
vn -0.454297 0.799365 -0.393230
vn -0.521474 0.701453 -0.485828
vn -0.341349 0.877392 -0.337141
vn -0.454297 0.799365 -0.393230
vn -0.521474 0.701453 -0.485828
vn -0.466419 0.726477 -0.504662
vn -0.341349 0.877392 -0.337141
vn -0.466419 0.726477 -0.504662
vn -0.285977 0.909637 -0.301294
vn -0.341349 0.877392 -0.337141
vn -0.466419 0.726477 -0.504662
vn -0.418105 0.731987 -0.537943
vn -0.285977 0.909637 -0.301294
vn -0.418105 0.731987 -0.537943
vn -0.223899 0.929699 -0.292454
vn -0.285977 0.909637 -0.301294
vn -0.418105 0.731987 -0.537943
vn -0.369260 0.731771 -0.572851
vn -0.223899 0.929699 -0.292454
vn -0.369260 0.731771 -0.572851
vn -0.192830 0.932930 -0.304069
vn -0.223899 0.929699 -0.292454
vn -0.369260 0.731771 -0.572851
vn -0.317541 0.731548 -0.603329
vn -0.192830 0.932930 -0.304069
vn -0.317541 0.731548 -0.603329
vn -0.164163 0.933266 -0.319476
vn -0.192830 0.932930 -0.304069
vn -0.317541 0.731548 -0.603329
vn -0.263333 0.731332 -0.629134
vn -0.164163 0.933266 -0.319476
vn -0.263333 0.731332 -0.629134
vn -0.138427 0.933635 -0.330398
vn -0.164163 0.933266 -0.319476
vn -0.263333 0.731332 -0.629134
vn -0.207072 0.731110 -0.650076
vn -0.138427 0.933635 -0.330398
vn -0.207072 0.731110 -0.650076
vn -0.105893 0.933033 -0.343854
vn -0.138427 0.933635 -0.330398
vn -0.207072 0.731110 -0.650076
vn -0.149191 0.730872 -0.666010
vn -0.105893 0.933033 -0.343854
vn -0.149191 0.730872 -0.666010
vn -0.078270 0.933398 -0.350203
vn -0.105893 0.933033 -0.343854
vn -0.149191 0.730872 -0.666010
vn -0.090135 0.730635 -0.676793
vn -0.078270 0.933398 -0.350203
vn -0.090135 0.730635 -0.676793
vn -0.044308 0.932799 -0.357663
vn -0.078270 0.933398 -0.350203
vn -0.090135 0.730635 -0.676793
vn -0.030355 0.730397 -0.682348
vn -0.044308 0.932799 -0.357663
vn -0.030355 0.730397 -0.682348
vn -0.015515 0.933125 -0.359218
vn -0.044308 0.932799 -0.357663
vn -0.030355 0.730397 -0.682348
vn 0.029676 0.730168 -0.682623
vn -0.015515 0.933125 -0.359218
vn 0.029676 0.730168 -0.682623
vn 0.018693 0.932568 -0.360509
vn -0.015515 0.933125 -0.359218
vn 0.029676 0.730168 -0.682623
vn 0.089500 0.729945 -0.677621
vn 0.018693 0.932568 -0.360509
vn 0.089500 0.729945 -0.677621
vn 0.047919 0.932826 -0.357127
vn 0.018693 0.932568 -0.360509
vn 0.089500 0.729945 -0.677621
vn 0.148660 0.729707 -0.667403
vn 0.047919 0.932826 -0.357127
vn 0.148660 0.729707 -0.667403
vn 0.081180 0.932348 -0.352330
vn 0.047919 0.932826 -0.357127
vn 0.148660 0.729707 -0.667403
vn 0.206677 0.729523 -0.651982
vn 0.081180 0.932348 -0.352330
vn 0.206677 0.729523 -0.651982
vn 0.110096 0.932503 -0.343973
vn 0.081180 0.932348 -0.352330
vn 0.206677 0.729523 -0.651982
vn 0.263148 0.729282 -0.631586
vn 0.110096 0.932503 -0.343973
vn 0.263148 0.729282 -0.631586
vn 0.141232 0.932150 -0.333391
vn 0.110096 0.932503 -0.343973
vn 0.263148 0.729282 -0.631586
vn 0.317580 0.729086 -0.606281
vn 0.141232 0.932150 -0.333391
vn 0.317580 0.729086 -0.606281
vn 0.169103 0.932162 -0.320121
vn 0.141232 0.932150 -0.333391
vn 0.317580 0.729086 -0.606281
vn 0.369589 0.728906 -0.576281
vn 0.169103 0.932162 -0.320121
vn 0.369589 0.728906 -0.576281
vn 0.197025 0.931974 -0.304311
vn 0.169103 0.932162 -0.320121
vn 0.369589 0.728906 -0.576281
vn 0.418747 0.728749 -0.541826
vn 0.197025 0.931974 -0.304311
vn 0.418747 0.728749 -0.541826
vn 0.223116 0.931812 -0.286263
vn 0.197025 0.931974 -0.304311
vn 0.418747 0.728749 -0.541826
vn 0.464703 0.728590 -0.503198
vn 0.223116 0.931812 -0.286263
vn 0.464703 0.728590 -0.503198
vn 0.246869 0.931829 -0.265989
vn 0.223116 0.931812 -0.286263
vn 0.464703 0.728590 -0.503198
vn 0.507074 0.728460 -0.460675
vn 0.246869 0.931829 -0.265989
vn 0.507074 0.728460 -0.460675
vn 0.270465 0.931452 -0.243403
vn 0.246869 0.931829 -0.265989
vn 0.507074 0.728460 -0.460675
vn 0.545577 0.728316 -0.414610
vn 0.270465 0.931452 -0.243403
vn 0.545577 0.728316 -0.414610
vn 0.289250 0.931721 -0.219613
vn 0.270465 0.931452 -0.243403
vn 0.545577 0.728316 -0.414610
vn 0.579869 0.728207 -0.365330
vn 0.289250 0.931721 -0.219613
vn 0.579869 0.728207 -0.365330
vn 0.309652 0.931093 -0.192823
vn 0.289250 0.931721 -0.219613
vn 0.579869 0.728207 -0.365330
vn 0.609694 0.728121 -0.313228
vn 0.309652 0.931093 -0.192823
vn 0.609694 0.728121 -0.313228
vn 0.322897 0.931653 -0.166614
vn 0.309652 0.931093 -0.192823
vn 0.609694 0.728121 -0.313228
vn 0.634827 0.728056 -0.258706
vn 0.322897 0.931653 -0.166614
vn 0.634827 0.728056 -0.258706
vn 0.339445 0.930735 -0.136051
vn 0.322897 0.931653 -0.166614
vn 0.634827 0.728056 -0.258706
vn 0.655068 0.728015 -0.202189
vn 0.339445 0.930735 -0.136051
vn 0.655068 0.728015 -0.202189
vn 0.346804 0.931628 -0.108612
vn 0.339445 0.930735 -0.136051
vn 0.655068 0.728015 -0.202189
vn 0.670286 0.727976 -0.144113
vn 0.346804 0.931628 -0.108612
vn 0.670286 0.727976 -0.144113
vn 0.358879 0.930382 -0.074806
vn 0.346804 0.931628 -0.108612
vn 0.670286 0.727976 -0.144113
vn 0.680323 0.727976 -0.084925
vn 0.358879 0.930382 -0.074806
vn 0.680323 0.727976 -0.084925
vn 0.360263 0.931646 -0.047386
vn 0.358879 0.930382 -0.074806
vn 0.680323 0.727976 -0.084925
vn 0.685125 0.727994 -0.025083
vn 0.360263 0.931646 -0.047386
vn 0.685125 0.727994 -0.025083
vn 0.367310 0.930034 -0.010956
vn 0.360263 0.931646 -0.047386
vn 0.685125 0.727994 -0.025083
vn 0.684652 0.728032 0.034951
vn 0.367310 0.930034 -0.010956
vn 0.684652 0.728032 0.034951
vn 0.362864 0.931741 0.013746
vn 0.367310 0.930034 -0.010956
vn 0.684652 0.728032 0.034951
vn 0.678923 0.728075 0.094711
vn 0.362864 0.931741 0.013746
vn 0.678923 0.728075 0.094711
vn 0.361742 0.930979 0.049211
vn 0.362864 0.931741 0.013746
vn 0.678923 0.728075 0.094711
vn 0.667954 0.728151 0.153734
vn 0.361742 0.930979 0.049211
vn 0.667954 0.728151 0.153734
vn 0.364336 0.927627 0.082263
vn 0.361742 0.930979 0.049211
vn 0.667954 0.728151 0.153734
vn 0.657862 0.722826 0.211517
vn 0.364336 0.927627 0.082263
vn 0.657862 0.722826 0.211517
vn 0.398572 0.907183 0.134760
vn 0.364336 0.927627 0.082263
vn 0.657862 0.722826 0.211517
vn 0.454320 0.874517 0.169746
vn 0.398572 0.907183 0.134760
vn -0.472791 0.004532 -0.881163
vn -0.498213 0.400071 -0.769238
vn -0.543656 0.004984 -0.839294
vn -0.498213 0.400071 -0.769238
vn -0.620247 0.005490 -0.784388
vn -0.543656 0.004984 -0.839294
vn -0.498213 0.400071 -0.769238
vn -0.563892 0.400173 -0.722417
vn -0.620247 0.005490 -0.784388
vn -0.563892 0.400173 -0.722417
vn -0.625142 0.400486 -0.669932
vn -0.620247 0.005490 -0.784388
vn -0.625142 0.400486 -0.669932
vn -0.681985 0.006086 -0.731340
vn -0.620247 0.005490 -0.784388
vn -0.625142 0.400486 -0.669932
vn -0.684487 0.377915 -0.623424
vn -0.681985 0.006086 -0.731340
vn 0.657999 0.704217 0.266674
vn 0.841748 0.400124 0.362439
vn 0.689202 0.643525 0.332981
vn 0.657999 0.704217 0.266674
vn 0.657862 0.722826 0.211517
vn 0.841748 0.400124 0.362439
vn 0.657862 0.722826 0.211517
vn 0.870835 0.404677 0.279076
vn 0.841748 0.400124 0.362439
vn 0.657862 0.722826 0.211517
vn 0.667954 0.728151 0.153734
vn 0.870835 0.404677 0.279076
vn 0.667954 0.728151 0.153734
vn 0.882549 0.419226 0.212971
vn 0.870835 0.404677 0.279076
vn 0.667954 0.728151 0.153734
vn 0.678923 0.728075 0.094711
vn 0.882549 0.419226 0.212971
vn 0.678923 0.728075 0.094711
vn 0.904747 0.408439 0.120870
vn 0.882549 0.419226 0.212971
vn 0.678923 0.728075 0.094711
vn 0.684652 0.728032 0.034951
vn 0.904747 0.408439 0.120870
vn 0.684652 0.728032 0.034951
vn 0.907560 0.416293 0.055098
vn 0.904747 0.408439 0.120870
vn 0.684652 0.728032 0.034951
vn 0.685125 0.727994 -0.025083
vn 0.907560 0.416293 0.055098
vn 0.685125 0.727994 -0.025083
vn 0.910193 0.412221 -0.040283
vn 0.907560 0.416293 0.055098
vn 0.685125 0.727994 -0.025083
vn 0.680323 0.727976 -0.084925
vn 0.910193 0.412221 -0.040283
vn 0.680323 0.727976 -0.084925
vn 0.904752 0.412685 -0.105431
vn 0.910193 0.412221 -0.040283
vn 0.680323 0.727976 -0.084925
vn 0.670286 0.727976 -0.144113
vn 0.904752 0.412685 -0.105431
vn 0.670286 0.727976 -0.144113
vn 0.887356 0.415795 -0.199283
vn 0.904752 0.412685 -0.105431
vn 0.670286 0.727976 -0.144113
vn 0.655068 0.728015 -0.202189
vn 0.887356 0.415795 -0.199283
vn 0.655068 0.728015 -0.202189
vn 0.877724 0.395028 -0.271208
vn 0.887356 0.415795 -0.199283
vn 0.655068 0.728015 -0.202189
vn 0.634827 0.728056 -0.258706
vn 0.877724 0.395028 -0.271208
vn 0.634827 0.728056 -0.258706
vn 0.850607 0.394900 -0.347162
vn 0.877724 0.395028 -0.271208
vn 0.634827 0.728056 -0.258706
vn 0.609694 0.728121 -0.313228
vn 0.850607 0.394900 -0.347162
vn 0.609694 0.728121 -0.313228
vn 0.816805 0.395080 -0.420406
vn 0.850607 0.394900 -0.347162
vn 0.609694 0.728121 -0.313228
vn 0.579869 0.728207 -0.365330
vn 0.816805 0.395080 -0.420406
vn 0.579869 0.728207 -0.365330
vn 0.776742 0.395197 -0.490399
vn 0.816805 0.395080 -0.420406
vn 0.579869 0.728207 -0.365330
vn 0.545577 0.728316 -0.414610
vn 0.776742 0.395197 -0.490399
vn 0.545577 0.728316 -0.414610
vn 0.730671 0.395371 -0.556599
vn 0.776742 0.395197 -0.490399
vn 0.545577 0.728316 -0.414610
vn 0.507074 0.728460 -0.460675
vn 0.730671 0.395371 -0.556599
vn 0.507074 0.728460 -0.460675
vn 0.678981 0.395533 -0.618497
vn 0.730671 0.395371 -0.556599
vn 0.507074 0.728460 -0.460675
vn 0.464703 0.728590 -0.503198
vn 0.678981 0.395533 -0.618497
vn 0.464703 0.728590 -0.503198
vn 0.622052 0.395717 -0.675618
vn 0.678981 0.395533 -0.618497
vn 0.464703 0.728590 -0.503198
vn 0.418747 0.728749 -0.541826
vn 0.622052 0.395717 -0.675618
vn 0.418747 0.728749 -0.541826
vn 0.560328 0.395905 -0.727524
vn 0.622052 0.395717 -0.675618
vn 0.418747 0.728749 -0.541826
vn 0.369589 0.728906 -0.576281
vn 0.560328 0.395905 -0.727524
vn 0.369589 0.728906 -0.576281
vn 0.494275 0.396147 -0.773796
vn 0.560328 0.395905 -0.727524
vn 0.369589 0.728906 -0.576281
vn 0.317580 0.729086 -0.606281
vn 0.494275 0.396147 -0.773796
vn 0.317580 0.729086 -0.606281
vn 0.429505 0.395834 -0.811690
vn 0.494275 0.396147 -0.773796
vn 0.317580 0.729086 -0.606281
vn 0.263148 0.729282 -0.631586
vn 0.429505 0.395834 -0.811690
vn 0.263148 0.729282 -0.631586
vn 0.350058 0.398564 -0.847706
vn 0.429505 0.395834 -0.811690
vn 0.263148 0.729282 -0.631586
vn 0.206677 0.729523 -0.651982
vn 0.350058 0.398564 -0.847706
vn 0.206677 0.729523 -0.651982
vn 0.275452 0.396945 -0.875535
vn 0.350058 0.398564 -0.847706
vn 0.206677 0.729523 -0.651982
vn 0.148660 0.729707 -0.667403
vn 0.275452 0.396945 -0.875535
vn 0.148660 0.729707 -0.667403
vn 0.197507 0.397225 -0.896216
vn 0.275452 0.396945 -0.875535
vn 0.148660 0.729707 -0.667403
vn 0.089500 0.729945 -0.677621
vn 0.197507 0.397225 -0.896216
vn 0.089500 0.729945 -0.677621
vn 0.118034 0.397521 -0.909970
vn 0.197507 0.397225 -0.896216
vn 0.089500 0.729945 -0.677621
vn 0.029676 0.730168 -0.682623
vn 0.118034 0.397521 -0.909970
vn 0.029676 0.730168 -0.682623
vn 0.037673 0.397833 -0.916684
vn 0.118034 0.397521 -0.909970
vn 0.029676 0.730168 -0.682623
vn -0.030355 0.730397 -0.682348
vn 0.037673 0.397833 -0.916684
vn -0.030355 0.730397 -0.682348
vn -0.042972 0.398141 -0.916317
vn 0.037673 0.397833 -0.916684
vn -0.030355 0.730397 -0.682348
vn -0.090135 0.730635 -0.676793
vn -0.042972 0.398141 -0.916317
vn -0.090135 0.730635 -0.676793
vn -0.123281 0.398463 -0.908861
vn -0.042972 0.398141 -0.916317
vn -0.090135 0.730635 -0.676793
vn -0.149191 0.730872 -0.666010
vn -0.123281 0.398463 -0.908861
vn -0.149191 0.730872 -0.666010
vn -0.202615 0.398789 -0.894379
vn -0.123281 0.398463 -0.908861
vn -0.149191 0.730872 -0.666010
vn -0.207072 0.731110 -0.650076
vn -0.202615 0.398789 -0.894379
vn -0.207072 0.731110 -0.650076
vn -0.280372 0.399083 -0.872997
vn -0.202615 0.398789 -0.894379
vn -0.207072 0.731110 -0.650076
vn -0.263333 0.731332 -0.629134
vn -0.280372 0.399083 -0.872997
vn -0.263333 0.731332 -0.629134
vn -0.355921 0.399467 -0.844835
vn -0.280372 0.399083 -0.872997
vn -0.263333 0.731332 -0.629134
vn -0.317541 0.731548 -0.603329
vn -0.355921 0.399467 -0.844835
vn -0.317541 0.731548 -0.603329
vn -0.428769 0.399597 -0.810234
vn -0.355921 0.399467 -0.844835
vn -0.317541 0.731548 -0.603329
vn -0.369260 0.731771 -0.572851
vn -0.428769 0.399597 -0.810234
vn -0.369260 0.731771 -0.572851
vn -0.498213 0.400071 -0.769238
vn -0.428769 0.399597 -0.810234
vn -0.369260 0.731771 -0.572851
vn -0.418105 0.731987 -0.537943
vn -0.498213 0.400071 -0.769238
vn -0.418105 0.731987 -0.537943
vn -0.563892 0.400173 -0.722417
vn -0.498213 0.400071 -0.769238
vn -0.418105 0.731987 -0.537943
vn -0.466419 0.726477 -0.504662
vn -0.563892 0.400173 -0.722417
vn -0.466419 0.726477 -0.504662
vn -0.625142 0.400486 -0.669932
vn -0.563892 0.400173 -0.722417
vn -0.466419 0.726477 -0.504662
vn -0.521474 0.701453 -0.485828
vn -0.625142 0.400486 -0.669932
vn -0.521474 0.701453 -0.485828
vn -0.684487 0.377915 -0.623424
vn -0.625142 0.400486 -0.669932
vn -0.521474 0.701453 -0.485828
vn -0.594144 0.640490 -0.486586
vn -0.684487 0.377915 -0.623424
vn -0.594144 0.640490 -0.486586
vn -0.841768 0.025494 -0.539237
vn -0.684487 0.377915 -0.623424
vn -0.681985 0.006086 -0.731340
vn -0.684487 0.377915 -0.623424
vn -0.749264 0.006402 -0.662240
vn -0.684487 0.377915 -0.623424
vn -0.841768 0.025494 -0.539237
vn -0.749264 0.006402 -0.662240
vn -0.841768 0.025494 -0.539237
vn -0.795658 0.007383 -0.605701
vn -0.749264 0.006402 -0.662240
vn -0.841768 0.025494 -0.539237
vn -0.836462 0.002668 -0.548019
vn -0.795658 0.007383 -0.605701
vn -0.836462 0.002668 -0.548019
vn -0.843381 0.003141 -0.537307
vn -0.795658 0.007383 -0.605701
vn -0.843386 0.002967 -0.537300
vn -0.843387 0.002967 -0.537299
vn -0.843386 0.002967 -0.537300
vn -0.843387 0.002967 -0.537299
vn -0.843387 0.002967 -0.537299
vn -0.843386 0.002967 -0.537300
vn -0.807831 0.002802 -0.589407
vn -0.836109 0.002956 -0.548555
vn -0.843388 0.002968 -0.537297
vn -0.836109 0.002956 -0.548555
vn -0.843384 0.002985 -0.537303
vn -0.843388 0.002968 -0.537297
vn -0.836109 0.002956 -0.548555
vn -0.850244 0.003018 -0.526381
vn -0.843384 0.002985 -0.537303
vn -0.850244 0.003018 -0.526381
vn -0.843388 0.002981 -0.537297
vn -0.843384 0.002985 -0.537303
vn -0.850244 0.003018 -0.526381
vn -0.873566 0.003112 -0.486695
vn -0.843388 0.002981 -0.537297
vn -0.873566 0.003112 -0.486695
vn -0.843379 0.002967 -0.537310
vn -0.843388 0.002981 -0.537297
vn -0.843367 0.002992 -0.537330
vn -0.860916 -0.000378 -0.508747
vn -0.843390 0.002974 -0.537293
vn -0.860916 -0.000378 -0.508747
vn -0.843386 0.002971 -0.537300
vn -0.843390 0.002974 -0.537293
vn -0.860916 -0.000378 -0.508747
vn -0.857687 0.003043 -0.514163
vn -0.843386 0.002971 -0.537300
vn -0.830846 0.002554 -0.556496
vn -0.843385 0.002969 -0.537302
vn -0.828270 0.002899 -0.560321
vn -0.843385 0.002969 -0.537302
vn -0.830846 0.002554 -0.556496
vn -0.843389 0.002973 -0.537295
vn -0.830846 0.002554 -0.556496
vn -0.843386 0.002969 -0.537300
vn -0.843389 0.002973 -0.537295
vn -0.830846 0.002554 -0.556496
vn -0.860916 -0.000378 -0.508747
vn -0.843386 0.002969 -0.537300
vn -0.860916 -0.000378 -0.508747
vn -0.844428 0.009781 -0.535580
vn -0.843386 0.002969 -0.537300
vn -0.845008 0.020913 -0.534344
vn -0.860916 -0.000378 -0.508747
vn -0.861164 0.100226 -0.498349
vn -0.860916 -0.000378 -0.508747
vn -0.838995 -0.011692 -0.544014
vn -0.861164 0.100226 -0.498349
vn -0.860916 -0.000378 -0.508747
vn -0.843367 0.002992 -0.537330
vn -0.838995 -0.011692 -0.544014
vn -0.844428 0.009781 -0.535580
vn -0.860916 -0.000378 -0.508747
vn -0.841768 0.025494 -0.539237
vn -0.860916 -0.000378 -0.508747
vn -0.836462 0.002668 -0.548019
vn -0.841768 0.025494 -0.539237
vn -0.860916 -0.000378 -0.508747
vn -0.843381 0.003141 -0.537307
vn -0.836462 0.002668 -0.548019
vn -0.845008 0.020913 -0.534344
vn -0.843381 0.003141 -0.537307
vn -0.860916 -0.000378 -0.508747
vn 0.522969 -0.019276 0.852134
vn 0.830844 -0.003266 0.556495
vn 0.553251 -0.012288 0.832924
vn 0.830844 -0.003266 0.556495
vn 0.693874 -0.028261 0.719542
vn 0.553251 -0.012288 0.832924
vn 0.830844 -0.003266 0.556495
vn 0.828271 -0.002898 0.560320
vn 0.693874 -0.028261 0.719542
vn -0.523100 -0.016158 -0.852118
vn -0.830846 0.002554 -0.556496
vn -0.553336 -0.008914 -0.832910
vn -0.830846 0.002554 -0.556496
vn -0.694063 -0.023673 -0.719525
vn -0.553336 -0.008914 -0.832910
vn -0.830846 0.002554 -0.556496
vn -0.828270 0.002899 -0.560321
vn -0.694063 -0.023673 -0.719525
vn 0.843396 -0.002956 0.537285
vn 0.860727 -0.006496 0.509025
vn 0.843384 -0.002965 0.537304
vn 0.860727 -0.006496 0.509025
vn 0.843386 -0.002963 0.537301
vn 0.843384 -0.002965 0.537304
vn 0.860727 -0.006496 0.509025
vn 0.857687 -0.003034 0.514163
vn 0.843386 -0.002963 0.537301
vn 0.830844 -0.003266 0.556495
vn 0.843387 -0.002970 0.537299
vn 0.828271 -0.002898 0.560320
vn 0.843387 -0.002970 0.537299
vn 0.830844 -0.003266 0.556495
vn 0.843384 -0.002961 0.537303
vn 0.830844 -0.003266 0.556495
vn 0.843419 -0.002769 0.537250
vn 0.843384 -0.002961 0.537303
vn 0.830844 -0.003266 0.556495
vn 0.860727 -0.006496 0.509025
vn 0.843419 -0.002769 0.537250
vn 0.860727 -0.006496 0.509025
vn 0.843396 -0.002956 0.537285
vn 0.846430 0.019755 0.532134
vn 0.843419 -0.002769 0.537250
vn 0.860727 -0.006496 0.509025
vn 0.841910 0.018138 0.539313
vn 0.860727 -0.006496 0.509025
vn 0.843138 -0.003849 0.537683
vn 0.841910 0.018138 0.539313
vn 0.846430 0.019755 0.532134
vn 0.843138 -0.003849 0.537683
vn 0.860727 -0.006496 0.509025
vn 0.992029 -0.003767 0.125952
vn 0.941084 -0.009015 0.338054
vn 0.993743 -0.027659 0.108212
vn 0.941084 -0.009015 0.338054
vn 0.860727 -0.006496 0.509025
vn 0.993743 -0.027659 0.108212
vn 0.941084 -0.009015 0.338054
vn 0.857687 -0.003034 0.514163
vn 0.860727 -0.006496 0.509025
vn -0.072463 -0.000262 -0.997371
vn 0.023576 -0.000634 -0.999722
vn -0.072469 -0.000262 -0.997371
vn -0.072463 -0.000262 -0.997371
vn 0.023581 -0.000634 -0.999722
vn 0.023576 -0.000634 -0.999722
vn 0.023581 -0.000634 -0.999722
vn 0.214130 -0.001357 -0.976804
vn 0.023576 -0.000634 -0.999722
vn 0.023581 -0.000634 -0.999722
vn 0.214130 -0.001358 -0.976804
vn 0.214130 -0.001357 -0.976804
vn 0.214130 -0.001358 -0.976804
vn 0.396795 -0.002035 -0.917905
vn 0.214130 -0.001357 -0.976804
vn 0.214130 -0.001358 -0.976804
vn 0.396794 -0.002036 -0.917906
vn 0.396795 -0.002035 -0.917905
vn 0.396794 -0.002036 -0.917906
vn 0.564845 -0.002634 -0.825193
vn 0.396795 -0.002035 -0.917905
vn 0.396794 -0.002036 -0.917906
vn 0.564844 -0.002633 -0.825193
vn 0.564845 -0.002634 -0.825193
vn 0.564844 -0.002633 -0.825193
vn 0.712085 -0.003135 -0.702087
vn 0.564845 -0.002634 -0.825193
vn 0.564844 -0.002633 -0.825193
vn 0.712084 -0.003135 -0.702088
vn 0.712085 -0.003135 -0.702087
vn 0.712084 -0.003135 -0.702088
vn 0.833096 -0.003521 -0.553117
vn 0.712085 -0.003135 -0.702087
vn 0.712084 -0.003135 -0.702088
vn 0.833096 -0.003521 -0.553118
vn 0.833096 -0.003521 -0.553117
vn 0.833096 -0.003521 -0.553118
vn 0.923419 -0.003778 -0.383774
vn 0.833096 -0.003521 -0.553117
vn 0.833096 -0.003521 -0.553118
vn 0.923419 -0.003778 -0.383774
vn 0.923419 -0.003778 -0.383774
vn 0.923419 -0.003778 -0.383774
vn 0.979728 -0.003895 -0.200293
vn 0.923419 -0.003778 -0.383774
vn 0.923419 -0.003778 -0.383774
vn 0.979728 -0.003896 -0.200293
vn 0.979728 -0.003895 -0.200293
vn 0.979728 -0.003896 -0.200293
vn 0.999948 -0.003871 -0.009435
vn 0.979728 -0.003895 -0.200293
vn 0.979728 -0.003896 -0.200293
vn 0.999948 -0.003871 -0.009435
vn 0.999948 -0.003871 -0.009435
vn 0.999948 -0.003871 -0.009435
vn 0.983334 -0.003703 0.181772
vn 0.999948 -0.003871 -0.009435
vn 0.999948 -0.003871 -0.009435
vn 0.983334 -0.003703 0.181771
vn 0.983334 -0.003703 0.181772
vn 0.983334 -0.003703 0.181771
vn 0.930498 -0.003398 0.366282
vn 0.983334 -0.003703 0.181772
vn 0.983334 -0.003703 0.181771
vn 0.930498 -0.003398 0.366281
vn 0.930498 -0.003398 0.366282
vn 0.930498 -0.003398 0.366281
vn 0.843386 -0.002967 0.537300
vn 0.930498 -0.003398 0.366282
vn 0.930498 -0.003398 0.366281
vn 0.843386 -0.002967 0.537300
vn 0.843386 -0.002967 0.537300
vn 0.843386 -0.002967 0.537300
vn 0.725208 -0.002428 0.688525
vn 0.843386 -0.002967 0.537300
vn 0.843386 -0.002967 0.537300
vn 0.725209 -0.002428 0.688524
vn 0.725208 -0.002428 0.688525
vn 0.725209 -0.002428 0.688524
vn 0.580315 -0.001800 0.814390
vn 0.725208 -0.002428 0.688525
vn 0.725209 -0.002428 0.688524
vn 0.580317 -0.001801 0.814389
vn 0.580315 -0.001800 0.814390
vn 0.580317 -0.001801 0.814389
vn 0.414048 -0.001106 0.910254
vn 0.580315 -0.001800 0.814390
vn 0.580317 -0.001801 0.814389
vn 0.414046 -0.001106 0.910255
vn 0.414048 -0.001106 0.910254
vn 0.414046 -0.001106 0.910255
vn 0.232528 -0.000368 0.972590
vn 0.414048 -0.001106 0.910254
vn 0.414046 -0.001106 0.910255
vn 0.232526 -0.000368 0.972590
vn 0.232528 -0.000368 0.972590
vn 0.232526 -0.000368 0.972590
vn 0.042444 0.000379 0.999099
vn 0.232528 -0.000368 0.972590
vn 0.232526 -0.000368 0.972590
vn 0.042443 0.000378 0.999099
vn 0.042444 0.000379 0.999099
vn 0.042443 0.000378 0.999099
vn -0.149206 0.001114 0.988806
vn 0.042444 0.000379 0.999099
vn 0.042443 0.000378 0.999099
vn -0.149209 0.001116 0.988805
vn -0.149206 0.001114 0.988806
vn -0.149209 0.001116 0.988805
vn -0.335361 0.001810 0.942088
vn -0.149206 0.001114 0.988806
vn -0.149209 0.001116 0.988805
vn -0.335360 0.001809 0.942088
vn -0.335361 0.001810 0.942088
vn -0.335360 0.001809 0.942088
vn -0.509158 0.002436 0.860670
vn -0.335361 0.001810 0.942088
vn -0.335360 0.001809 0.942088
vn -0.509158 0.002435 0.860670
vn -0.509158 0.002436 0.860670
vn -0.509158 0.002435 0.860670
vn -0.664203 0.002974 0.747546
vn -0.509158 0.002436 0.860670
vn -0.509158 0.002435 0.860670
vn -0.664203 0.002974 0.747546
vn -0.664203 0.002974 0.747546
vn -0.664203 0.002974 0.747546
vn -0.794780 0.003400 0.606888
vn -0.664203 0.002974 0.747546
vn -0.664203 0.002974 0.747546
vn -0.794780 0.003401 0.606888
vn -0.794780 0.003400 0.606888
vn -0.794780 0.003401 0.606888
vn -0.896082 0.003704 0.443873
vn -0.794780 0.003400 0.606888
vn -0.794780 0.003401 0.606888
vn -0.896083 0.003705 0.443871
vn -0.896082 0.003704 0.443873
vn -0.896083 0.003705 0.443871
vn -0.934542 0.003805 0.355832
vn -0.896082 0.003704 0.443873
vn -0.896083 0.003705 0.443871
vn -0.934543 0.003804 0.355830
vn -0.934542 0.003805 0.355832
vn -0.807831 0.002802 -0.589407
vn -0.573580 0.001771 -0.819148
vn -0.836109 0.002956 -0.548555
vn -0.807831 0.002802 -0.589407
vn -0.573563 0.001772 -0.819160
vn -0.573580 0.001771 -0.819148
vn -0.573563 0.001772 -0.819160
vn -0.216436 0.000306 -0.976297
vn -0.573580 0.001771 -0.819148
vn -0.573563 0.001772 -0.819160
vn -0.216438 0.000306 -0.976296
vn -0.216436 0.000306 -0.976297
vn -0.216438 0.000306 -0.976296
vn 0.173639 -0.001206 -0.984809
vn -0.216436 0.000306 -0.976297
vn -0.216438 0.000306 -0.976296
vn 0.173629 -0.001207 -0.984810
vn 0.173639 -0.001206 -0.984809
vn 0.173629 -0.001207 -0.984810
vn 0.525314 -0.002496 -0.850905
vn 0.173639 -0.001206 -0.984809
vn 0.173629 -0.001207 -0.984810
vn 0.525315 -0.002495 -0.850904
vn 0.525314 -0.002496 -0.850905
vn -0.850244 0.003018 -0.526381
vn -0.984801 0.003713 -0.173649
vn -0.873566 0.003112 -0.486695
vn -0.850244 0.003018 -0.526381
vn -0.984800 0.003711 -0.173651
vn -0.984801 0.003713 -0.173649
vn -0.984800 0.003711 -0.173651
vn -0.976286 0.003892 0.216449
vn -0.984801 0.003713 -0.173649
vn -0.984800 0.003711 -0.173651
vn -0.976290 0.003890 0.216433
vn -0.976286 0.003892 0.216449
vn -0.976290 0.003890 0.216433
vn -0.819140 0.003478 0.573583
vn -0.976286 0.003892 0.216449
vn -0.976290 0.003890 0.216433
vn -0.819151 0.003476 0.573568
vn -0.819140 0.003478 0.573583
vn -0.819151 0.003476 0.573568
vn -0.549164 0.002574 0.835711
vn -0.819140 0.003478 0.573583
vn -0.819151 0.003476 0.573568
vn -0.549165 0.002576 0.835710
vn -0.549164 0.002574 0.835711
vn 0.550763 -0.044966 -0.833450
vn 0.447413 -0.006124 -0.894307
vn 0.435874 -0.011216 -0.899938
vn -0.553336 -0.008914 -0.832910
vn -0.447298 -0.014263 -0.894271
vn -0.523100 -0.016158 -0.852118
vn -0.447298 -0.014263 -0.894271
vn -0.366278 -0.019775 -0.930295
vn -0.523100 -0.016158 -0.852118
vn -0.447298 -0.014263 -0.894271
vn -0.389708 0.001007 -0.920938
vn -0.366278 -0.019775 -0.930295
vn -0.389708 0.001007 -0.920938
vn -0.287860 -0.015429 -0.957548
vn -0.366278 -0.019775 -0.930295
vn -0.287860 -0.015429 -0.957548
vn -0.202307 -0.021100 -0.979095
vn -0.366278 -0.019775 -0.930295
vn -0.287860 -0.015429 -0.957548
vn -0.222515 0.000330 -0.974929
vn -0.202307 -0.021100 -0.979095
vn -0.222515 0.000330 -0.974929
vn -0.119916 -0.016519 -0.992647
vn -0.202307 -0.021100 -0.979095
vn -0.119916 -0.016519 -0.992647
vn -0.035061 -0.016239 -0.999253
vn -0.202307 -0.021100 -0.979095
vn -0.119916 -0.016519 -0.992647
vn -0.048464 -0.000355 -0.998825
vn -0.035061 -0.016239 -0.999253
vn 0.121323 -0.005481 -0.992598
vn -0.035061 -0.016239 -0.999253
vn 0.102449 -0.009995 -0.994688
vn -0.035061 -0.016239 -0.999253
vn 0.066440 -0.038563 -0.997045
vn 0.102449 -0.009995 -0.994688
vn -0.035061 -0.016239 -0.999253
vn -0.048464 -0.000355 -0.998825
vn 0.066440 -0.038563 -0.997045
vn 0.447413 -0.006124 -0.894307
vn 0.288519 -0.005835 -0.957456
vn 0.435874 -0.011216 -0.899938
vn 0.435874 -0.011216 -0.899938
vn 0.288519 -0.005835 -0.957456
vn 0.399629 -0.043004 -0.915668
vn 0.288519 -0.005835 -0.957456
vn 0.273302 -0.010653 -0.961869
vn 0.399629 -0.043004 -0.915668
vn 0.288519 -0.005835 -0.957456
vn 0.121323 -0.005481 -0.992598
vn 0.273302 -0.010653 -0.961869
vn 0.121323 -0.005481 -0.992598
vn 0.236574 -0.040859 -0.970754
vn 0.273302 -0.010653 -0.961869
vn 0.121323 -0.005481 -0.992598
vn 0.102449 -0.009995 -0.994688
vn 0.236574 -0.040859 -0.970754
vn 0.550763 -0.044966 -0.833450
vn 0.585236 -0.011661 -0.810779
vn 0.447413 -0.006124 -0.894307
vn 0.585236 -0.011661 -0.810779
vn 0.596231 -0.012710 -0.802713
vn 0.447413 -0.006124 -0.894307
vn 0.585236 -0.011661 -0.810779
vn 0.673447 -0.020149 -0.738961
vn 0.596231 -0.012710 -0.802713
vn 0.673447 -0.020149 -0.738961
vn 0.733721 -0.025756 -0.678963
vn 0.596231 -0.012710 -0.802713
vn 0.673447 -0.020149 -0.738961
vn 0.738672 -0.003220 -0.674058
vn 0.733721 -0.025756 -0.678963
vn 0.738672 -0.003220 -0.674058
vn 0.789901 -0.020391 -0.612896
vn 0.733721 -0.025756 -0.678963
vn 0.789901 -0.020391 -0.612896
vn 0.838733 -0.025822 -0.543931
vn 0.733721 -0.025756 -0.678963
vn 0.789901 -0.020391 -0.612896
vn 0.845238 -0.003558 -0.534378
vn 0.838733 -0.025822 -0.543931
vn 0.845238 -0.003558 -0.534378
vn 0.883075 -0.020439 -0.468786
vn 0.838733 -0.025822 -0.543931
vn 0.883075 -0.020439 -0.468786
vn 0.919193 -0.025651 -0.392971
vn 0.838733 -0.025822 -0.543931
vn 0.883075 -0.020439 -0.468786
vn 0.925715 -0.003784 -0.378204
vn 0.919193 -0.025651 -0.392971
vn 0.925715 -0.003784 -0.378204
vn 0.950233 -0.020286 -0.310880
vn 0.919193 -0.025651 -0.392971
vn 0.950233 -0.020286 -0.310880
vn 0.972746 -0.025236 -0.230497
vn 0.919193 -0.025651 -0.392971
vn 0.950233 -0.020286 -0.310880
vn 0.977617 -0.003892 -0.210356
vn 0.972746 -0.025236 -0.230497
vn 0.977617 -0.003892 -0.210356
vn 0.989400 -0.019925 -0.143840
vn 0.972746 -0.025236 -0.230497
vn 0.989400 -0.019925 -0.143840
vn 0.997819 -0.024578 -0.061263
vn 0.972746 -0.025236 -0.230497
vn 0.989400 -0.019925 -0.143840
vn 0.999344 -0.003882 -0.036015
vn 0.997819 -0.024578 -0.061263
vn 0.999344 -0.003882 -0.036015
vn 0.999437 -0.019357 0.027408
vn 0.997819 -0.024578 -0.061263
vn 0.999437 -0.019357 0.027408
vn 0.993743 -0.027659 0.108212
vn 0.997819 -0.024578 -0.061263
vn 0.999437 -0.019357 0.027408
vn 0.992029 -0.003767 0.125952
vn 0.993743 -0.027659 0.108212
vn 0.003839 0.999992 -0.000555
vn 0.003875 0.999992 -0.000546
vn 0.003820 0.999993 -0.000563
vn 0.003872 0.999992 -0.000547
vn 0.003866 0.999992 -0.000544
vn 0.003863 0.999992 -0.000540
vn 0.003872 0.999992 -0.000547
vn 0.003875 0.999992 -0.000546
vn 0.003866 0.999992 -0.000544
vn 0.003875 0.999992 -0.000546
vn 0.003874 0.999992 -0.000539
vn 0.003866 0.999992 -0.000544
vn 0.003875 0.999992 -0.000546
vn 0.003839 0.999992 -0.000555
vn 0.003874 0.999992 -0.000539
vn 0.003866 0.999992 -0.000544
vn 0.003866 0.999992 -0.000543
vn 0.003866 0.999992 -0.000544
vn 0.003863 0.999992 -0.000540
vn 0.003866 0.999992 -0.000544
vn 0.003859 0.999992 -0.000545
vn 0.003866 0.999992 -0.000544
vn 0.003866 0.999992 -0.000544
vn 0.003859 0.999992 -0.000545
vn 0.003866 0.999992 -0.000544
vn 0.003865 0.999992 -0.000544
vn 0.003866 0.999992 -0.000544
vn 0.003865 0.999992 -0.000544
vn 0.003866 0.999992 -0.000543
vn 0.003866 0.999992 -0.000544
vn -0.537294 0.002537 0.843391
vn -0.537292 0.002535 0.843392
vn -0.549165 0.002576 0.835710
vn -0.537292 0.002535 0.843392
vn -0.549164 0.002574 0.835711
vn -0.549165 0.002576 0.835710
vn -0.992030 0.003765 -0.125949
vn -0.941121 -0.002105 -0.338064
vn -0.993928 -0.020092 -0.108182
vn -0.941121 -0.002105 -0.338064
vn -0.860916 -0.000378 -0.508747
vn -0.993928 -0.020092 -0.108182
vn -0.941121 -0.002105 -0.338064
vn -0.857687 0.003043 -0.514163
vn -0.860916 -0.000378 -0.508747
vn 0.537297 -0.002536 -0.843389
vn 0.537296 -0.002536 -0.843390
vn 0.525315 -0.002495 -0.850904
vn 0.537296 -0.002536 -0.843390
vn 0.525314 -0.002496 -0.850905
vn 0.525315 -0.002495 -0.850904
vn -0.399942 -0.038915 0.915714
vn -0.288556 -0.002565 0.957460
vn -0.273379 -0.007497 0.961877
vn 0.553251 -0.012288 0.832924
vn 0.447181 -0.016749 0.894287
vn 0.522969 -0.019276 0.852134
vn 0.447181 -0.016749 0.894287
vn 0.366120 -0.021596 0.930317
vn 0.522969 -0.019276 0.852134
vn 0.447181 -0.016749 0.894287
vn 0.389703 -0.001006 0.920940
vn 0.366120 -0.021596 0.930317
vn 0.389703 -0.001006 0.920940
vn 0.287734 -0.016615 0.957566
vn 0.366120 -0.021596 0.930317
vn 0.287734 -0.016615 0.957566
vn 0.202144 -0.021599 0.979118
vn 0.366120 -0.021596 0.930317
vn 0.287734 -0.016615 0.957566
vn 0.222515 -0.000331 0.974929
vn 0.202144 -0.021599 0.979118
vn 0.222515 -0.000331 0.974929
vn 0.119789 -0.016364 0.992665
vn 0.202144 -0.021599 0.979118
vn 0.119789 -0.016364 0.992665
vn 0.034941 -0.015420 0.999270
vn 0.202144 -0.021599 0.979118
vn 0.119789 -0.016364 0.992665
vn 0.048463 0.000360 0.998825
vn 0.034941 -0.015420 0.999270
vn -0.288556 -0.002565 0.957460
vn -0.121359 -0.003462 0.992603
vn -0.273379 -0.007497 0.961877
vn -0.273379 -0.007497 0.961877
vn -0.121359 -0.003462 0.992603
vn -0.236874 -0.037971 0.970798
vn -0.121359 -0.003462 0.992603
vn -0.102525 -0.008118 0.994697
vn -0.236874 -0.037971 0.970798
vn -0.121359 -0.003462 0.992603
vn 0.034941 -0.015420 0.999270
vn -0.102525 -0.008118 0.994697
vn 0.034941 -0.015420 0.999270
vn -0.066730 -0.036963 0.997086
vn -0.102525 -0.008118 0.994697
vn 0.034941 -0.015420 0.999270
vn 0.048463 0.000360 0.998825
vn -0.066730 -0.036963 0.997086
vn -0.399942 -0.038915 0.915714
vn -0.435939 -0.006866 0.899950
vn -0.288556 -0.002565 0.957460
vn -0.435939 -0.006866 0.899950
vn -0.450685 -0.008052 0.892647
vn -0.288556 -0.002565 0.957460
vn -0.435939 -0.006866 0.899950
vn -0.537279 -0.014657 0.843277
vn -0.450685 -0.008052 0.892647
vn -0.537279 -0.014657 0.843277
vn -0.607408 -0.019905 0.794141
vn -0.450685 -0.008052 0.892647
vn -0.537279 -0.014657 0.843277
vn -0.609307 0.002786 0.792929
vn -0.607408 -0.019905 0.794141
vn -0.609307 0.002786 0.792929
vn -0.673581 -0.014139 0.738978
vn -0.607408 -0.019905 0.794141
vn -0.673581 -0.014139 0.738978
vn -0.733895 -0.019347 0.678987
vn -0.607408 -0.019905 0.794141
vn -0.673581 -0.014139 0.738978
vn -0.738670 0.003219 0.674060
vn -0.733895 -0.019347 0.678987
vn -0.738670 0.003219 0.674060
vn -0.790031 -0.013620 0.612916
vn -0.733895 -0.019347 0.678987
vn -0.790031 -0.013620 0.612916
vn -0.838904 -0.018749 0.543956
vn -0.733895 -0.019347 0.678987
vn -0.790031 -0.013620 0.612916
vn -0.845236 0.003555 0.534381
vn -0.838904 -0.018749 0.543956
vn -0.845236 0.003555 0.534381
vn -0.883205 -0.013104 0.468804
vn -0.838904 -0.018749 0.543956
vn -0.883205 -0.013104 0.468804
vn -0.919363 -0.018116 0.392993
vn -0.838904 -0.018749 0.543956
vn -0.883205 -0.013104 0.468804
vn -0.925715 0.003785 0.378204
vn -0.919363 -0.018116 0.392993
vn -0.925715 0.003785 0.378204
vn -0.950360 -0.012600 0.310897
vn -0.919363 -0.018116 0.392993
vn -0.950360 -0.012600 0.310897
vn -0.972911 -0.017466 0.230519
vn -0.919363 -0.018116 0.392993
vn -0.950360 -0.012600 0.310897
vn -0.977617 0.003891 0.210357
vn -0.972911 -0.017466 0.230519
vn -0.977617 0.003891 0.210357
vn -0.989524 -0.012122 0.143857
vn -0.972911 -0.017466 0.230519
vn -0.989524 -0.012122 0.143857
vn -0.997979 -0.016798 0.061285
vn -0.972911 -0.017466 0.230519
vn -0.989524 -0.012122 0.143857
vn -0.999344 0.003879 0.036014
vn -0.997979 -0.016798 0.061285
vn -0.999344 0.003879 0.036014
vn -0.999557 -0.011660 -0.027390
vn -0.997979 -0.016798 0.061285
vn -0.999557 -0.011660 -0.027390
vn -0.993928 -0.020092 -0.108182
vn -0.997979 -0.016798 0.061285
vn -0.999557 -0.011660 -0.027390
vn -0.992030 0.003765 -0.125949
vn -0.993928 -0.020092 -0.108182
vn 0.003852 0.999992 -0.000500
vn 0.003852 0.999992 -0.000501
vn 0.003853 0.999992 -0.000500
vn 0.003852 0.999992 -0.000501
vn 0.003853 0.999992 -0.000500
vn 0.003853 0.999992 -0.000500
vn 0.003852 0.999992 -0.000501
vn 0.003853 0.999992 -0.000501
vn 0.003853 0.999992 -0.000500
vn 0.003853 0.999992 -0.000501
vn 0.003853 0.999992 -0.000501
vn 0.003853 0.999992 -0.000500
vn 0.003853 0.999992 -0.000501
vn 0.003852 0.999992 -0.000501
vn 0.003853 0.999992 -0.000501
vn 0.003852 0.999992 -0.000501
vn 0.003852 0.999992 -0.000501
vn 0.003853 0.999992 -0.000501
vn 0.003852 0.999992 -0.000501
vn 0.003852 0.999992 -0.000500
vn 0.003852 0.999992 -0.000501
vn 0.003852 0.999992 -0.000501
vn 0.003852 0.999992 -0.000500
vn 0.003853 0.999992 -0.000501
vn 0.003852 0.999992 -0.000500
vn 0.003852 0.999992 -0.000500
vn 0.003853 0.999992 -0.000501
vn 0.003852 0.999992 -0.000500
vn 0.003853 0.999992 -0.000500
vn 0.003852 0.999992 -0.000500
vn 0.003853 0.999992 -0.000500
vn 0.003853 0.999992 -0.000500
vn 0.003852 0.999992 -0.000500
vn 0.003853 0.999992 -0.000500
vn 0.003853 0.999992 -0.000501
vn 0.003853 0.999992 -0.000500
vn 0.003853 0.999992 -0.000501
vn 0.003853 0.999992 -0.000500
vn 0.003853 0.999992 -0.000500
vn 0.003853 0.999992 -0.000501
vn 0.003853 0.999992 -0.000499
vn 0.003853 0.999992 -0.000500
vn 0.003853 0.999992 -0.000499
vn 0.003853 0.999992 -0.000501
vn 0.003853 0.999992 -0.000500
vn 0.003853 0.999992 -0.000499
vn 0.003852 0.999992 -0.000500
vn 0.003853 0.999992 -0.000501
vn 0.003853 0.999992 -0.000501
vn 0.003852 0.999992 -0.000501
vn 0.003852 0.999992 -0.000501
vn 0.003852 0.999992 -0.000501
vn 0.003852 0.999992 -0.000501
vn 0.003852 0.999992 -0.000501
vn 0.003852 0.999992 -0.000501
vn 0.003852 0.999992 -0.000501
vn 0.003852 0.999992 -0.000501
vn 0.003852 0.999992 -0.000501
vn 0.003853 0.999992 -0.000500
vn 0.003852 0.999992 -0.000501
vn 0.003852 0.999992 -0.000501
vn 0.003854 0.999992 -0.000500
vn 0.003853 0.999992 -0.000500
vn 0.003854 0.999992 -0.000500
vn 0.003854 0.999992 -0.000500
vn 0.003853 0.999992 -0.000500
vn 0.003854 0.999992 -0.000500
vn 0.003853 0.999992 -0.000501
vn 0.003854 0.999992 -0.000500
vn 0.003853 0.999992 -0.000501
vn 0.003853 0.999992 -0.000501
vn 0.003854 0.999992 -0.000500
vn 0.003853 0.999992 -0.000501
vn 0.003852 0.999992 -0.000502
vn 0.003853 0.999992 -0.000501
vn 0.003852 0.999992 -0.000502
vn 0.003853 0.999992 -0.000501
vn 0.003853 0.999992 -0.000501
vn 0.003852 0.999992 -0.000502
vn 0.003853 0.999992 -0.000500
vn 0.003853 0.999992 -0.000501
vn 0.003853 0.999992 -0.000500
vn 0.003853 0.999992 -0.000500
vn 0.003853 0.999992 -0.000501
vn 0.003853 0.999992 -0.000500
vn 0.003853 0.999992 -0.000501
vn 0.003853 0.999992 -0.000500
vn 0.003853 0.999992 -0.000501
vn 0.003853 0.999992 -0.000501
vn 0.003853 0.999992 -0.000500
vn 0.003853 0.999992 -0.000501
vn 0.003852 0.999992 -0.000500
vn 0.003853 0.999992 -0.000501
vn 0.003852 0.999992 -0.000501
vn 0.003853 0.999992 -0.000501
vn 0.003853 0.999992 -0.000501
vn 0.003853 0.999992 -0.000501
vn 0.003853 0.999992 -0.000501
vn 0.003853 0.999992 -0.000501
vn 0.003853 0.999992 -0.000501
vn 0.003853 0.999992 -0.000501
vn 0.003853 0.999992 -0.000501
vn 0.003853 0.999992 -0.000501
vn 0.003852 0.999992 -0.000500
vn 0.003853 0.999992 -0.000501
vn 0.003853 0.999992 -0.000501
vn 0.003853 0.999992 -0.000501
vn 0.003852 0.999992 -0.000500
vn 0.003853 0.999992 -0.000501
vn 0.003852 0.999992 -0.000501
vn 0.003852 0.999992 -0.000500
vn 0.003853 0.999992 -0.000501
vn 0.003852 0.999992 -0.000500
vn 0.003852 0.999992 -0.000501
vn 0.003852 0.999992 -0.000500
vn 0.003852 0.999992 -0.000500
vn 0.003852 0.999992 -0.000501
vn 0.003852 0.999992 -0.000500
vn 0.003853 0.999992 -0.000500
vn 0.003852 0.999992 -0.000500
vn 0.003853 0.999992 -0.000501
vn 0.003852 0.999992 -0.000500
vn 0.003853 0.999992 -0.000501
vn 0.003852 0.999992 -0.000500
vn 0.003852 0.999992 -0.000500
vn 0.003853 0.999992 -0.000501
vn 0.003852 0.999992 -0.000500
vn 0.003852 0.999992 -0.000500
vn 0.003852 0.999992 -0.000500
vn 0.003852 0.999992 -0.000500
vn 0.003852 0.999992 -0.000500
vn 0.003852 0.999992 -0.000500
vn 0.003852 0.999992 -0.000500
vn 0.003853 0.999992 -0.000501
vn 0.003852 0.999992 -0.000500
vn 0.003853 0.999992 -0.000501
vn 0.003853 0.999992 -0.000501
vn 0.003852 0.999992 -0.000500
vn 0.003853 0.999992 -0.000501
vn 0.003853 0.999992 -0.000500
vn 0.003853 0.999992 -0.000501
vn 0.003853 0.999992 -0.000500
vn 0.003853 0.999992 -0.000501
vn 0.003853 0.999992 -0.000501
vn 0.003853 0.999992 -0.000500
vn 0.003852 0.999992 -0.000501
vn 0.003853 0.999992 -0.000501
vn 0.003852 0.999992 -0.000501
vn 0.003853 0.999992 -0.000501
vn 0.003853 0.999992 -0.000501
vn 0.003852 0.999992 -0.000501
vn 0.003853 0.999992 -0.000501
vn 0.003853 0.999992 -0.000501
vn 0.003853 0.999992 -0.000501
vn 0.003852 0.999992 -0.000500
vn 0.003853 0.999992 -0.000501
vn 0.003852 0.999992 -0.000500
vn 0.003852 0.999992 -0.000501
vn 0.003853 0.999992 -0.000501
vn 0.003852 0.999992 -0.000500
vn 0.003853 0.999992 -0.000501
vn 0.003852 0.999992 -0.000501
vn 0.003853 0.999992 -0.000501
vn 0.003853 0.999992 -0.000501
vn 0.003852 0.999992 -0.000501
vn 0.003853 0.999992 -0.000501
vn 0.003853 0.999992 -0.000501
vn 0.003853 0.999992 -0.000501
vn 0.003853 0.999992 -0.000501
vn 0.003853 0.999992 -0.000501
vn 0.003853 0.999992 -0.000501
vn 0.003853 0.999992 -0.000501
vn 0.003853 0.999992 -0.000501
vn 0.003853 0.999992 -0.000501
vn 0.003853 0.999992 -0.000501
vn 0.003852 0.999992 -0.000501
vn 0.003853 0.999992 -0.000501
vn 0.003853 0.999992 -0.000501
vn 0.003853 0.999992 -0.000501
vn 0.003852 0.999992 -0.000501
vn 0.003853 0.999992 -0.000501
vn 0.003854 0.999992 -0.000500
vn 0.003852 0.999992 -0.000501
vn 0.003853 0.999992 -0.000501
vn 0.003852 0.999992 -0.000501
vn 0.003854 0.999992 -0.000500
vn 0.709038 -0.004929 0.705153
vn 0.528553 -0.000001 0.848900
vn 0.528767 0.000000 0.848767
vn 0.528553 -0.000001 0.848900
vn 0.318812 -0.000015 0.947818
vn 0.528767 0.000000 0.848767
vn 0.528553 -0.000001 0.848900
vn 0.318544 -0.000016 0.947908
vn 0.318812 -0.000015 0.947818
vn 0.318544 -0.000016 0.947908
vn 0.091650 -0.000001 0.995791
vn 0.318812 -0.000015 0.947818
vn 0.318544 -0.000016 0.947908
vn 0.091355 0.000000 0.995818
vn 0.091650 -0.000001 0.995791
vn 0.091355 0.000000 0.995818
vn -0.140477 0.000000 0.990084
vn 0.091650 -0.000001 0.995791
vn 0.091355 0.000000 0.995818
vn -0.140767 -0.000001 0.990043
vn -0.140477 0.000000 0.990084
vn -0.140767 -0.000001 0.990043
vn -0.365054 -0.000015 0.930986
vn -0.140477 0.000000 0.990084
vn -0.140767 -0.000001 0.990043
vn -0.365308 -0.000017 0.930887
vn -0.365054 -0.000015 0.930986
vn -0.365308 -0.000017 0.930887
vn -0.569962 -0.000019 0.821671
vn -0.365054 -0.000015 0.930986
vn -0.365308 -0.000017 0.930887
vn -0.570158 -0.000020 0.821535
vn -0.569962 -0.000019 0.821671
vn -0.570158 -0.000020 0.821535
vn -0.744136 -0.000013 0.668028
vn -0.569962 -0.000019 0.821671
vn -0.570158 -0.000020 0.821535
vn -0.744264 -0.000013 0.667886
vn -0.744136 -0.000013 0.668028
vn -0.744264 -0.000013 0.667886
vn -0.878178 -0.000001 0.478334
vn -0.744136 -0.000013 0.668028
vn -0.744264 -0.000013 0.667886
vn -0.878243 0.000000 0.478215
vn -0.878178 -0.000001 0.478334
vn -0.878243 0.000000 0.478215
vn -0.951117 0.000000 0.308832
vn -0.878178 -0.000001 0.478334
vn -0.878243 0.000000 0.478215
vn -0.953339 0.018910 0.301311
vn -0.951117 0.000000 0.308832
vn -0.953339 0.018910 0.301311
vn -0.966489 0.211959 0.144817
vn -0.951117 0.000000 0.308832
vn -0.953339 0.018910 0.301311
vn -0.999418 0.028638 -0.018558
vn -0.966489 0.211959 0.144817
vn 0.775151 -0.111066 0.621937
vn 0.709038 -0.004929 0.705153
vn 0.872660 -0.026915 0.487586
vn 0.709038 -0.004929 0.705153
vn 0.710143 0.000000 0.704057
vn 0.872660 -0.026915 0.487586
vn 0.709038 -0.004929 0.705153
vn 0.528767 0.000000 0.848767
vn 0.710143 0.000000 0.704057
vn -0.966489 0.211959 0.144817
vn -0.999418 0.028638 -0.018558
vn -0.999381 0.000000 -0.035178
vn -0.999418 0.028638 -0.018558
vn -0.980133 0.000000 -0.198344
vn -0.999381 0.000000 -0.035178
vn -0.999418 0.028638 -0.018558
vn -0.980145 0.000000 -0.198285
vn -0.980133 0.000000 -0.198344
vn -0.980145 0.000000 -0.198285
vn -0.907934 0.000000 -0.419113
vn -0.980133 0.000000 -0.198344
vn -0.980145 0.000000 -0.198285
vn -0.907985 0.000000 -0.419002
vn -0.907934 0.000000 -0.419113
vn -0.907985 0.000000 -0.419002
vn -0.786755 0.000000 -0.617265
vn -0.907934 0.000000 -0.419113
vn -0.907985 0.000000 -0.419002
vn -0.786864 0.000000 -0.617126
vn -0.786755 0.000000 -0.617265
vn -0.786864 0.000000 -0.617126
vn -0.623153 0.000000 -0.782100
vn -0.786755 0.000000 -0.617265
vn -0.786864 0.000000 -0.617126
vn -0.623328 0.000001 -0.781961
vn -0.623153 0.000000 -0.782100
vn -0.623328 0.000001 -0.781961
vn -0.425947 0.000015 -0.904748
vn -0.623153 0.000000 -0.782100
vn -0.623328 0.000001 -0.781961
vn -0.426180 0.000015 -0.904638
vn -0.425947 0.000015 -0.904748
vn -0.426180 0.000015 -0.904638
vn -0.205794 0.000001 -0.978595
vn -0.425947 0.000015 -0.904748
vn -0.426180 0.000015 -0.904638
vn -0.206063 0.000001 -0.978539
vn -0.205794 0.000001 -0.978595
vn -0.206063 0.000001 -0.978539
vn 0.025433 0.000017 -0.999677
vn -0.205794 0.000001 -0.978595
vn -0.206063 0.000001 -0.978539
vn 0.025151 0.000018 -0.999684
vn 0.025433 0.000017 -0.999677
vn 0.025151 0.000018 -0.999684
vn 0.255264 0.000017 -0.966871
vn 0.025433 0.000017 -0.999677
vn 0.025151 0.000018 -0.999684
vn 0.255001 0.000017 -0.966941
vn 0.255264 0.000017 -0.966871
vn 0.255001 0.000017 -0.966941
vn 0.471325 0.000014 -0.881960
vn 0.255264 0.000017 -0.966871
vn 0.255001 0.000017 -0.966941
vn 0.471108 0.000013 -0.882076
vn 0.471325 0.000014 -0.881960
vn 0.471108 0.000013 -0.882076
vn 0.661965 -0.000005 -0.749535
vn 0.471325 0.000014 -0.881960
vn 0.471108 0.000013 -0.882076
vn 0.661807 -0.000005 -0.749674
vn 0.661965 -0.000005 -0.749535
vn 0.661807 -0.000005 -0.749674
vn 0.816930 -0.000001 -0.576737
vn 0.661965 -0.000005 -0.749535
vn 0.661807 -0.000005 -0.749674
vn 0.816836 0.000000 -0.576869
vn 0.816930 -0.000001 -0.576737
vn 0.816836 0.000000 -0.576869
vn 0.927880 0.000005 -0.372879
vn 0.816930 -0.000001 -0.576737
vn 0.816836 0.000000 -0.576869
vn 0.927842 0.000005 -0.372973
vn 0.927880 0.000005 -0.372879
vn 0.927842 0.000005 -0.372973
vn 0.988846 0.000001 -0.148939
vn 0.927880 0.000005 -0.372879
vn 0.927842 0.000005 -0.372973
vn 0.988841 0.000000 -0.148978
vn 0.988846 0.000001 -0.148939
vn 0.988841 0.000000 -0.148978
vn 0.996548 0.000000 0.083018
vn 0.988846 0.000001 -0.148939
vn 0.988841 0.000000 -0.148978
vn 0.996545 -0.000001 0.083049
vn 0.996548 0.000000 0.083018
vn 0.996545 -0.000001 0.083049
vn 0.950571 -0.000005 0.310507
vn 0.996548 0.000000 0.083018
vn 0.996545 -0.000001 0.083049
vn 0.950541 -0.000005 0.310600
vn 0.950571 -0.000005 0.310507
vn 0.950541 -0.000005 0.310600
vn 0.872660 -0.026915 0.487586
vn 0.950571 -0.000005 0.310507
vn 0.950541 -0.000005 0.310600
vn 0.900478 0.000009 0.434902
vn 0.872660 -0.026915 0.487586
vn 0.900478 0.000009 0.434902
vn 0.775151 -0.111066 0.621937
vn 0.872660 -0.026915 0.487586
vn 0.000002 1.000000 -0.000002
vn 0.000000 1.000000 0.000000
vn 0.000000 1.000000 0.000000
vn 0.000000 1.000000 0.000001
vn 0.000000 1.000000 0.000000
vn 0.000000 1.000000 0.000001
vn 0.000000 1.000000 0.000000
vn 0.000000 1.000000 0.000000
vn 0.000000 1.000000 0.000001
vn 0.000000 1.000000 0.000000
vn 0.000002 1.000000 -0.000002
vn 0.000000 1.000000 0.000000
vn 0.000000 1.000000 0.000000
vn 0.000000 1.000000 0.000000
vn 0.000000 1.000000 0.000000
vn 0.000000 1.000000 0.000000
vn 0.000000 1.000000 -0.000001
vn 0.000000 1.000000 0.000000
vn 0.000000 1.000000 0.000000
vn 0.000000 1.000000 0.000001
vn 0.000000 1.000000 -0.000001
vn 0.000000 1.000000 0.000000
vn 0.000000 1.000000 0.000000
vn 0.000000 1.000000 -0.000001
vn 0.000000 1.000000 0.000000
vn 0.000000 1.000000 -0.000001
vn 0.000000 1.000000 -0.000001
vn 0.000000 1.000000 0.000000
vn 0.000000 1.000000 0.000000
vn 0.000000 1.000000 -0.000001
vn 0.000000 1.000000 0.000000
vn 0.000000 1.000000 0.000000
vn 0.000000 1.000000 0.000000
vn 0.000000 1.000000 0.000000
vn 0.000000 1.000000 0.000000
vn 0.000000 1.000000 0.000000
vn 0.000000 1.000000 0.000000
vn 0.000000 1.000000 0.000000
vn 0.000000 1.000000 0.000000
vn -0.000001 1.000000 0.000000
vn 0.000000 1.000000 0.000000
vn 0.000000 1.000000 0.000000
vn 0.000000 1.000000 0.000000
vn 0.000000 1.000000 0.000000
vn 0.000000 1.000000 0.000000
vn 0.000000 1.000000 0.000000
vn 0.000000 1.000000 0.000000
vn 0.000000 1.000000 0.000000
vn 0.000000 1.000000 0.000000
vn 0.000000 1.000000 0.000000
vn 0.000000 1.000000 -0.000001
vn 0.000000 1.000000 0.000000
vn 0.000000 1.000000 0.000000
vn 0.000000 1.000000 -0.000001
vn 0.000000 1.000000 0.000000
vn -0.000001 1.000000 0.000000
vn 0.000000 1.000000 0.000000
vn 0.000000 1.000000 0.000001
vn 0.000000 1.000000 0.000000
vn 0.000000 1.000000 0.000000
vn 0.000000 1.000000 0.000000
vn 0.000000 1.000000 0.000000
vn 0.000000 1.000000 0.000000
vn 0.000000 1.000000 0.000000
vn 0.000000 1.000000 0.000000
vn 0.000000 1.000000 0.000000
vn 0.000000 1.000000 0.000000
vn 0.000000 1.000000 0.000000
vn 0.000000 1.000000 0.000000
vn 0.000000 1.000000 0.000000
vn 0.000000 1.000000 0.000000
vn 0.000000 1.000000 0.000000
vn 0.000000 1.000000 0.000000
vn 0.000000 1.000000 0.000001
vn 0.000000 1.000000 0.000000
vn 0.000000 1.000000 0.000000
vn 0.000000 1.000000 0.000000
vn -0.000001 1.000000 0.000001
vn 0.000000 1.000000 0.000000
vn 0.000000 1.000000 0.000000
vn -0.000001 1.000000 0.000001
vn 0.000000 1.000000 0.000000
vn 0.000000 1.000000 0.000000
vn 0.000000 1.000000 0.000000
vn 0.240056 -0.004835 -0.970747
vn 0.293894 0.005673 -0.955821
vn 0.420153 0.006725 -0.907428
vn 0.415823 0.000169 -0.909446
vn 0.640453 -0.044342 -0.766716
vn 0.618079 -0.024152 -0.785745
vn 0.607685 -0.001341 -0.794177
vn -0.754279 0.042449 -0.655180
vn -0.782042 0.169916 -0.599616
vn -0.173446 0.354982 -0.918643
vn 0.782265 0.147959 -0.605120
vn 0.808112 0.088258 -0.582380
vn 0.784010 0.076359 -0.616034
vn 0.782398 0.122624 -0.610587
vn 0.637192 0.361567 -0.680629
vn 0.605198 0.019641 -0.795833
vn 0.596884 0.382739 -0.705153
vn 0.000001 0.000512 1.000000
vn 0.000002 0.000513 1.000000
vn 0.000002 0.000513 1.000000
vn 0.000002 0.000513 1.000000
vn 0.000002 0.000513 1.000000
vn 0.000002 0.000513 1.000000
vn 0.000001 0.000512 1.000000
vn 0.000002 0.000513 1.000000
vn 0.000003 0.000512 1.000000
vn 0.000002 0.000513 1.000000
vn 0.000003 0.000513 1.000000
vn 0.000003 0.000512 1.000000
vn 0.000002 0.000513 1.000000
vn 0.000002 0.000513 1.000000
vn 0.000003 0.000513 1.000000
vn 0.000002 0.000513 1.000000
vn 0.000002 0.000513 1.000000
vn 0.000003 0.000513 1.000000
vn 0.000002 0.000513 1.000000
vn 0.000002 0.000513 1.000000
vn 0.000002 0.000513 1.000000
vn 0.000002 0.000513 1.000000
vn 0.000003 0.000512 1.000000
vn 0.000002 0.000513 1.000000
vn 0.000003 0.000513 1.000000
vn 0.000001 0.000513 1.000000
vn 0.000007 0.000515 1.000000
vn 0.000001 0.000513 1.000000
vn 0.000002 0.000513 1.000000
vn 0.000007 0.000515 1.000000
vn 0.000001 0.000513 1.000000
vn 0.000002 0.000513 1.000000
vn 0.000002 0.000513 1.000000
vn 0.000002 0.000513 1.000000
vn 0.000002 0.000513 1.000000
vn 0.000002 0.000513 1.000000
vn 0.000002 0.000513 1.000000
vn 0.000002 0.000513 1.000000
vn 0.000002 0.000513 1.000000
vn 0.000002 0.000514 1.000000
vn 0.000002 0.000513 1.000000
vn 0.000002 0.000512 1.000000
vn 0.000002 0.000513 1.000000
vn 0.000002 0.000512 1.000000
vn 0.000002 0.000512 1.000000
vn 0.000002 0.000513 1.000000
vn 0.000002 0.000513 1.000000
vn 0.000002 0.000513 1.000000
vn 0.000002 0.000513 1.000000
vn 0.000002 0.000512 1.000000
vn 0.000002 0.000513 1.000000
vn 0.000002 0.000513 1.000000
vn 0.000002 0.000513 1.000000
vn 0.000002 0.000512 1.000000
vn 0.000002 0.000513 1.000000
vn 0.000002 0.000513 1.000000
vn 0.000002 0.000512 1.000000
vn 0.000002 0.000513 1.000000
vn 0.000002 0.000514 1.000000
vn 0.000002 0.000513 1.000000
vn 0.000004 0.000512 1.000000
vn 0.000002 0.000513 1.000000
vn -0.000002 0.000515 1.000000
vn 0.000002 0.000513 1.000000
vn 0.000002 0.000512 1.000000
vn -0.000002 0.000515 1.000000
vn 0.000003 0.000513 1.000000
vn 0.000001 0.000513 1.000000
vn 0.000002 0.000512 1.000000
vn 0.000001 0.000512 1.000000
vn 0.000001 0.000513 1.000000
vn 0.000002 0.000513 1.000000
vn 0.000001 0.000513 1.000000
vn 0.000001 0.000512 1.000000
vn 0.000002 0.000513 1.000000
vn 0.000001 0.000513 1.000000
vn 0.000003 0.000513 1.000000
vn 0.000001 0.000512 1.000000
vn 0.000001 0.000512 1.000000
vn 0.000003 0.000513 1.000000
vn 0.000001 0.000513 1.000000
vn 0.000003 0.000513 1.000000
vn 0.000002 0.000513 1.000000
vn 0.000001 0.000513 1.000000
vn 0.000003 0.000513 1.000000
vn 0.000005 0.000516 1.000000
vn 0.000002 0.000513 1.000000
vn 0.000002 0.000513 1.000000
vn 0.000002 0.000514 1.000000
vn 0.000002 0.000513 1.000000
vn 0.000002 0.000512 1.000000
vn 0.000002 0.000513 1.000000
vn 0.000001 0.000513 1.000000
vn 0.000002 0.000513 1.000000
vn 0.000001 0.000513 1.000000
vn 0.000001 0.000513 1.000000
vn 0.000002 0.000513 1.000000
vn 0.000002 0.000513 1.000000
vn 0.000001 0.000513 1.000000
vn 0.000002 0.000513 1.000000
vn 0.000003 0.000512 1.000000
vn 0.000001 0.000513 1.000000
vn 0.000002 0.000513 1.000000
vn 0.000004 0.000512 1.000000
vn 0.000003 0.000512 1.000000
vn 0.000001 0.000513 1.000000
vn 0.000003 0.000513 1.000000
vn 0.000002 0.000513 1.000000
vn 0.000003 0.000513 1.000000
vn 0.000002 0.000512 1.000000
vn 0.000002 0.000513 1.000000
vn 0.000003 0.000513 1.000000
vn 0.000003 0.000513 1.000000
vn 0.000002 0.000512 1.000000
vn 0.000003 0.000513 1.000000
vn 0.000002 0.000513 1.000000
vn 0.000002 0.000512 1.000000
vn 0.000003 0.000513 1.000000
vn 0.000003 0.000513 1.000000
vn 0.000002 0.000513 1.000000
vn 0.000003 0.000513 1.000000
vn 0.000002 0.000512 1.000000
vn 0.000002 0.000513 1.000000
vn 0.000003 0.000513 1.000000
vn 0.000002 0.000512 1.000000
vn 0.000002 0.000512 1.000000
vn 0.000002 0.000512 1.000000
vn 0.000003 0.000512 1.000000
vn 0.000002 0.000512 1.000000
vn 0.000002 0.000512 1.000000
vn 0.000001 0.000513 1.000000
vn 0.000003 0.000512 1.000000
vn 0.000002 0.000513 1.000000
vn 0.000002 0.000512 1.000000
vn 0.000001 0.000513 1.000000
vn 0.000002 0.000512 1.000000
vn 0.000001 0.000513 1.000000
vn 0.000001 0.000513 1.000000
vn 0.000002 0.000512 1.000000
vn 0.000001 0.000513 1.000000
vn 0.000001 0.000513 1.000000
vn 0.000002 0.000512 1.000000
vn 0.000002 0.000512 1.000000
vn 0.000002 0.000512 1.000000
vn 0.000003 0.000512 1.000000
vn 0.000002 0.000513 1.000000
vn 0.000003 0.000513 1.000000
vn 0.000002 0.000513 1.000000
vn 0.000002 0.000513 1.000000
vn 0.000003 0.000513 1.000000
vn 0.000002 0.000513 1.000000
vn 0.000002 0.000513 1.000000
vn 0.000002 0.000513 1.000000
vn 0.000002 0.000513 1.000000
vn 0.000002 0.000513 1.000000
vn 0.000002 0.000513 1.000000
vn 0.000002 0.000513 1.000000
vn 0.000002 0.000512 1.000000
vn 0.000002 0.000513 1.000000
vn 0.000002 0.000512 1.000000
vn 0.000002 0.000513 1.000000
vn 0.000002 0.000512 1.000000
vn 0.000002 0.000513 1.000000
vn 0.000002 0.000512 1.000000
vn 0.000002 0.000512 1.000000
vn 0.000002 0.000513 1.000000
vn 0.000005 0.000516 1.000000
vn 0.000002 0.000512 1.000000
vn 0.000002 0.000513 1.000000
vn 0.000002 0.000513 1.000000
vn 0.000002 0.000514 1.000000
vn 0.000002 0.000514 1.000000
vn 0.000002 0.000513 1.000000
vn 0.000002 0.000513 1.000000
vn 0.000002 0.000513 1.000000
vn 0.000002 0.000513 1.000000
vn 0.000002 0.000513 1.000000
vn 0.000002 0.000513 1.000000
vn 0.000002 0.000513 1.000000
vn 0.000002 0.000513 1.000000
vn 0.000002 0.000513 1.000000
vn 0.000002 0.000512 1.000000
vn 0.000002 0.000513 1.000000
vn 0.000002 0.000513 1.000000
vn 0.000002 0.000513 1.000000
vn 0.000002 0.000512 1.000000
vn 0.000002 0.000512 1.000000
vn 0.000002 0.000513 1.000000
vn 0.000003 0.000512 1.000000
vn 0.000002 0.000513 1.000000
vn 0.000003 0.000512 1.000000
vn 0.000003 0.000512 1.000000
vn 0.000002 0.000513 1.000000
vn 0.000002 0.000513 1.000000
vn 0.000003 0.000512 1.000000
vn 0.000002 0.000512 1.000000
vn 0.000002 0.000512 1.000000
vn 0.000002 0.000512 1.000000
vn 0.000002 0.000512 1.000000
vn 0.000002 0.000513 1.000000
vn 0.000002 0.000512 1.000000
vn 0.000002 0.000512 1.000000
vn 0.000002 0.000512 1.000000
vn 0.000002 0.000513 1.000000
vn 0.000002 0.000512 1.000000
vn 0.000002 0.000513 1.000000
vn 0.000003 0.000512 1.000000
vn 0.000002 0.000513 1.000000
vn 0.000002 0.000512 1.000000
vn 0.000003 0.000512 1.000000
vn 0.000002 0.000513 1.000000
vn 0.000002 0.000513 1.000000
vn 0.000002 0.000512 1.000000
vn 0.000002 0.000513 1.000000
vn 0.000002 0.000513 1.000000
vn 0.000001 0.000513 1.000000
vn 0.000002 0.000513 1.000000
vn 0.000002 0.000512 1.000000
vn 0.000001 0.000513 1.000000
vn 0.000002 0.000513 1.000000
vn 0.000002 0.000513 1.000000
vn 0.000002 0.000512 1.000000
vn 0.000002 0.000512 1.000000
vn 0.000002 0.000512 1.000000
vn 0.000002 0.000514 1.000000
vn 0.000002 0.000512 1.000000
vn 0.000002 0.000513 1.000000
vn 0.000002 0.000514 1.000000
vn 0.000002 0.000512 1.000000
vn 0.000002 0.000512 1.000000
vn 0.000002 0.000513 1.000000
vn 0.000002 0.000512 1.000000
vn 0.000002 0.000512 1.000000
vn 0.000003 0.000515 1.000000
vn 0.000002 0.000512 1.000000
vn 0.000003 0.000516 1.000000
vn 0.000003 0.000515 1.000000
vn 0.000002 0.000512 1.000000
vn 0.000002 0.000513 1.000000
vn 0.000003 0.000516 1.000000
vn 0.000003 0.000510 1.000000
vn 0.000002 0.000513 1.000000
vn 0.000002 0.000511 1.000000
vn 0.000002 0.000513 1.000000
vn 0.000002 0.000513 1.000000
vn 0.000002 0.000511 1.000000
vn 0.000002 0.000513 1.000000
vn 0.000002 0.000513 1.000000
vn 0.000002 0.000513 1.000000
vn 0.000002 0.000513 1.000000
vn 0.000002 0.000512 1.000000
vn 0.000002 0.000513 1.000000
vn 0.000002 0.000512 1.000000
vn 0.000002 0.000513 1.000000
vn 0.000002 0.000513 1.000000
vn 0.000002 0.000512 1.000000
vn 0.000002 0.000513 1.000000
vn 0.000002 0.000513 1.000000
vn 0.000002 0.000513 1.000000
vn 0.000002 0.000513 1.000000
vn 0.000002 0.000513 1.000000
vn 0.000002 0.000513 1.000000
vn 0.000002 0.000513 1.000000
vn 0.000002 0.000513 1.000000
vn 0.000002 0.000513 1.000000
vn 0.000002 0.000513 1.000000
vn 0.000002 0.000513 1.000000
vn 0.000002 0.000513 1.000000
vn 0.000002 0.000513 1.000000
vn 0.000002 0.000513 1.000000
vn 0.000002 0.000513 1.000000
vn 0.000002 0.000512 1.000000
vn 0.000002 0.000513 1.000000
vn 0.000002 0.000513 1.000000
vn 0.000002 0.000513 1.000000
vn 0.000001 0.000515 1.000000
vn 0.000002 0.000513 1.000000
vn 0.000001 0.000513 1.000000
vn 0.000001 0.000515 1.000000
vn 0.000002 0.000513 1.000000
vn 0.000003 0.000510 1.000000
vn 0.000001 0.000513 1.000000
vn 0.997319 -0.028437 -0.067422
vn 0.997235 -0.027455 -0.069049
vn 0.997495 0.013482 -0.069447
vn 0.997235 -0.027455 -0.069049
vn 0.995823 0.021451 -0.088748
vn 0.997495 0.013482 -0.069447
vn 0.997235 -0.027455 -0.069049
vn 0.997220 -0.010595 -0.073752
vn 0.995823 0.021451 -0.088748
vn 0.000004 -0.000512 -1.000000
vn 0.000003 -0.000512 -1.000000
vn 0.000004 -0.000512 -1.000000
vn 0.000003 -0.000513 -1.000000
vn 0.000003 -0.000513 -1.000000
vn 0.000003 -0.000512 -1.000000
vn 0.000003 -0.000513 -1.000000
vn 0.000002 -0.000512 -1.000000
vn 0.000003 -0.000512 -1.000000
vn 0.000003 -0.000513 -1.000000
vn 0.000003 -0.000513 -1.000000
vn 0.000002 -0.000512 -1.000000
vn 0.000003 -0.000513 -1.000000
vn 0.000004 -0.000513 -1.000000
vn 0.000002 -0.000512 -1.000000
vn 0.000003 -0.000513 -1.000000
vn 0.000004 -0.000513 -1.000000
vn 0.000004 -0.000513 -1.000000
vn 0.000004 -0.000512 -1.000000
vn 0.000003 -0.000513 -1.000000
vn 0.000003 -0.000513 -1.000000
vn 0.000003 -0.000513 -1.000000
vn 0.000004 -0.000512 -1.000000
vn 0.000003 -0.000513 -1.000000
vn 0.000004 -0.000512 -1.000000
vn 0.000004 -0.000512 -1.000000
vn 0.000002 -0.000514 -1.000000
vn 0.000004 -0.000512 -1.000000
vn 0.000003 -0.000512 -1.000000
vn 0.000002 -0.000514 -1.000000
vn 0.000004 -0.000512 -1.000000
vn 0.000004 -0.000512 -1.000000
vn 0.000003 -0.000512 -1.000000
vn 0.000003 -0.000513 -1.000000
vn 0.000004 -0.000512 -1.000000
vn 0.000004 -0.000513 -1.000000
vn 0.000004 -0.000512 -1.000000
vn 0.000004 -0.000512 -1.000000
vn 0.000004 -0.000513 -1.000000
vn 0.000004 -0.000512 -1.000000
vn 0.000004 -0.000512 -1.000000
vn 0.000004 -0.000512 -1.000000
vn 0.000004 -0.000512 -1.000000
vn 0.000002 -0.000513 -1.000000
vn 0.000004 -0.000512 -1.000000
vn 0.000004 -0.000512 -1.000000
vn 0.000004 -0.000512 -1.000000
vn 0.000002 -0.000513 -1.000000
vn 0.000003 -0.000513 -1.000000
vn 0.000003 -0.000512 -1.000000
vn 0.000003 -0.000513 -1.000000
vn 0.000003 -0.000512 -1.000000
vn 0.000004 -0.000512 -1.000000
vn 0.000004 -0.000512 -1.000000
vn 0.000004 -0.000513 -1.000000
vn 0.000004 -0.000513 -1.000000
vn 0.000003 -0.000513 -1.000000
vn 0.000004 -0.000513 -1.000000
vn 0.000004 -0.000513 -1.000000
vn 0.000003 -0.000513 -1.000000
vn 0.000004 -0.000513 -1.000000
vn 0.000004 -0.000513 -1.000000
vn 0.000004 -0.000513 -1.000000
vn 0.000004 -0.000513 -1.000000
vn 0.000004 -0.000513 -1.000000
vn 0.000004 -0.000513 -1.000000
vn 0.000004 -0.000513 -1.000000
vn 0.000003 -0.000513 -1.000000
vn 0.000004 -0.000513 -1.000000
vn 0.000003 -0.000513 -1.000000
vn 0.000003 -0.000513 -1.000000
vn 0.000004 -0.000513 -1.000000
vn 0.000003 -0.000513 -1.000000
vn 0.000004 -0.000513 -1.000000
vn 0.000003 -0.000513 -1.000000
vn 0.000004 -0.000513 -1.000000
vn 0.000004 -0.000512 -1.000000
vn 0.000003 -0.000513 -1.000000
vn 0.000004 -0.000513 -1.000000
vn 0.000005 -0.000514 -1.000000
vn 0.000004 -0.000512 -1.000000
vn 0.000004 -0.000512 -1.000000
vn 0.000003 -0.000513 -1.000000
vn 0.000003 -0.000513 -1.000000
vn 0.000003 -0.000513 -1.000000
vn 0.000003 -0.000513 -1.000000
vn 0.000003 -0.000513 -1.000000
vn 0.000003 -0.000513 -1.000000
vn 0.000003 -0.000513 -1.000000
vn 0.000003 -0.000513 -1.000000
vn 0.000003 -0.000513 -1.000000
vn 0.000003 -0.000513 -1.000000
vn 0.000003 -0.000513 -1.000000
vn 0.000003 -0.000513 -1.000000
vn 0.000003 -0.000512 -1.000000
vn 0.000003 -0.000513 -1.000000
vn 0.000003 -0.000512 -1.000000
vn 0.000004 -0.000512 -1.000000
vn 0.000003 -0.000513 -1.000000
vn 0.000003 -0.000512 -1.000000
vn 0.000004 -0.000512 -1.000000
vn 0.000004 -0.000512 -1.000000
vn 0.000004 -0.000512 -1.000000
vn 0.000004 -0.000512 -1.000000
vn 0.000002 -0.000514 -1.000000
vn 0.000004 -0.000512 -1.000000
vn 0.000003 -0.000512 -1.000000
vn 0.000002 -0.000514 -1.000000
vn 0.000004 -0.000512 -1.000000
vn 0.000005 -0.000510 -1.000000
vn 0.000003 -0.000512 -1.000000
vn 0.000005 -0.000510 -1.000000
vn 0.000004 -0.000512 -1.000000
vn 0.000003 -0.000512 -1.000000
vn 0.000004 -0.000512 -1.000000
vn 0.000003 -0.000513 -1.000000
vn 0.000003 -0.000512 -1.000000
vn 0.000004 -0.000512 -1.000000
vn 0.000003 -0.000513 -1.000000
vn 0.000003 -0.000513 -1.000000
vn 0.000003 -0.000513 -1.000000
vn 0.000004 -0.000512 -1.000000
vn 0.000003 -0.000512 -1.000000
vn 0.000004 -0.000512 -1.000000
vn 0.000004 -0.000512 -1.000000
vn 0.000003 -0.000512 -1.000000
vn 0.000004 -0.000512 -1.000000
vn 0.000004 -0.000513 -1.000000
vn 0.000004 -0.000512 -1.000000
vn 0.000004 -0.000513 -1.000000
vn 0.000004 -0.000513 -1.000000
vn 0.000004 -0.000512 -1.000000
vn 0.000004 -0.000513 -1.000000
vn 0.000002 -0.000513 -1.000000
vn 0.000004 -0.000513 -1.000000
vn 0.000002 -0.000513 -1.000000
vn 0.000003 -0.000513 -1.000000
vn 0.000004 -0.000513 -1.000000
vn 0.000002 -0.000513 -1.000000
vn 0.000004 -0.000512 -1.000000
vn 0.000003 -0.000513 -1.000000
vn 0.000004 -0.000512 -1.000000
vn 0.000004 -0.000513 -1.000000
vn 0.000003 -0.000513 -1.000000
vn 0.000004 -0.000512 -1.000000
vn 0.000003 -0.000513 -1.000000
vn 0.000004 -0.000513 -1.000000
vn 0.000004 -0.000515 -1.000000
vn 0.000004 -0.000512 -1.000000
vn 0.000004 -0.000514 -1.000000
vn 0.000004 -0.000512 -1.000000
vn 0.000002 -0.000512 -1.000000
vn 0.000004 -0.000514 -1.000000
vn 0.000004 -0.000512 -1.000000
vn 0.000005 -0.000514 -1.000000
vn 0.000002 -0.000512 -1.000000
vn 0.000004 -0.000512 -1.000000
vn 0.000004 -0.000512 -1.000000
vn 0.000003 -0.000512 -1.000000
vn 0.000004 -0.000512 -1.000000
vn 0.000004 -0.000514 -1.000000
vn 0.000003 -0.000512 -1.000000
vn 0.000004 -0.000512 -1.000000
vn 0.000004 -0.000514 -1.000000
vn 0.000004 -0.000514 -1.000000
vn 0.000003 -0.000512 -1.000000
vn 0.000003 -0.000513 -1.000000
vn 0.000005 -0.000513 -1.000000
vn 0.000003 -0.000513 -1.000000
vn 0.000004 -0.000513 -1.000000
vn 0.000003 -0.000513 -1.000000
vn 0.000004 -0.000513 -1.000000
vn 0.000003 -0.000513 -1.000000
vn 0.000003 -0.000513 -1.000000
vn 0.000004 -0.000513 -1.000000
vn 0.000004 -0.000513 -1.000000
vn 0.000003 -0.000513 -1.000000
vn 0.000004 -0.000513 -1.000000
vn 0.000004 -0.000512 -1.000000
vn 0.000003 -0.000512 -1.000000
vn 0.000004 -0.000512 -1.000000
vn 0.000003 -0.000513 -1.000000
vn 0.000003 -0.000512 -1.000000
vn 0.000003 -0.000513 -1.000000
vn 0.000003 -0.000513 -1.000000
vn 0.000003 -0.000513 -1.000000
vn 0.000003 -0.000513 -1.000000
vn 0.000004 -0.000512 -1.000000
vn 0.000003 -0.000513 -1.000000
vn 0.000003 -0.000513 -1.000000
vn 0.000003 -0.000513 -1.000000
vn 0.000004 -0.000512 -1.000000
vn 0.000004 -0.000514 -1.000000
vn 0.000004 -0.000512 -1.000000
vn 0.000003 -0.000512 -1.000000
vn 0.000004 -0.000512 -1.000000
vn 0.000002 -0.000511 -1.000000
vn 0.000003 -0.000512 -1.000000
vn 0.000004 -0.000512 -1.000000
vn 0.000004 -0.000515 -1.000000
vn 0.000002 -0.000511 -1.000000
vn 0.000005 -0.000513 -1.000000
vn 0.000003 -0.000513 -1.000000
vn 0.000004 -0.000513 -1.000000
vn 0.000003 -0.000513 -1.000000
vn 0.000002 -0.000512 -1.000000
vn 0.000004 -0.000513 -1.000000
vn 0.000003 -0.000513 -1.000000
vn 0.000004 -0.000513 -1.000000
vn 0.000002 -0.000512 -1.000000
vn 0.000003 -0.000513 -1.000000
vn 0.000004 -0.000514 -1.000000
vn 0.000004 -0.000511 -1.000000
vn 0.000003 -0.000513 -1.000000
vn 0.000004 -0.000513 -1.000000
vn 0.000003 -0.000513 -1.000000
vn 0.000004 -0.000513 -1.000000
vn 0.000003 -0.000512 -1.000000
vn 0.000003 -0.000513 -1.000000
vn 0.000004 -0.000513 -1.000000
vn 0.000004 -0.000512 -1.000000
vn 0.000003 -0.000512 -1.000000
vn 0.000004 -0.000513 -1.000000
vn 0.000003 -0.000513 -1.000000
vn 0.000003 -0.000512 -1.000000
vn 0.000003 -0.000513 -1.000000
vn 0.000003 -0.000512 -1.000000
vn 0.000003 -0.000512 -1.000000
vn 0.000003 -0.000513 -1.000000
vn 0.000003 -0.000512 -1.000000
vn 0.000003 -0.000512 -1.000000
vn 0.000003 -0.000513 -1.000000
vn 0.000003 -0.000513 -1.000000
vn 0.000004 -0.000512 -1.000000
vn 0.000003 -0.000513 -1.000000
vn 0.000006 -0.000510 -1.000000
vn 0.000004 -0.000512 -1.000000
vn 0.000003 -0.000513 -1.000000
vn 0.000003 -0.000513 -1.000000
vn 0.000006 -0.000510 -1.000000
vn 0.000004 -0.000512 -1.000000
vn 0.000004 -0.000513 -1.000000
vn 0.000005 -0.000514 -1.000000
vn 0.000004 -0.000513 -1.000000
vn 0.000004 -0.000514 -1.000000
vn 0.000005 -0.000514 -1.000000
vn 0.000004 -0.000513 -1.000000
vn 0.000003 -0.000512 -1.000000
vn 0.000004 -0.000514 -1.000000
vn 0.000003 -0.000513 -1.000000
vn 0.000004 -0.000513 -1.000000
vn 0.000004 -0.000514 -1.000000
vn 0.000004 -0.000513 -1.000000
vn 0.000004 -0.000513 -1.000000
vn 0.000004 -0.000514 -1.000000
vn 0.000004 -0.000513 -1.000000
vn 0.000003 -0.000513 -1.000000
vn 0.000004 -0.000513 -1.000000
vn 0.000004 -0.000513 -1.000000
vn 0.000003 -0.000512 -1.000000
vn 0.000004 -0.000513 -1.000000
vn 0.000003 -0.000512 -1.000000
vn 0.000003 -0.000513 -1.000000
vn 0.000004 -0.000513 -1.000000
vn 0.000003 -0.000512 -1.000000
vn 0.000003 -0.000513 -1.000000
vn 0.000003 -0.000513 -1.000000
vn 0.000003 -0.000513 -1.000000
vn 0.000003 -0.000512 -1.000000
vn 0.000003 -0.000513 -1.000000
vn 0.000003 -0.000513 -1.000000
vn 0.000004 -0.000511 -1.000000
vn 0.000003 -0.000512 -1.000000
vn 0.000003 -0.000513 -1.000000
vn 0.000003 -0.000513 -1.000000
vn 0.000003 -0.000513 -1.000000
vn 0.000003 -0.000513 -1.000000
vn 0.000004 -0.000511 -1.000000
vn 0.000003 -0.000513 -1.000000
vn 0.000003 -0.000513 -1.000000
vn 0.000004 -0.000512 -1.000000
vn 0.000004 -0.000511 -1.000000
vn 0.002175 0.994997 0.099886
vn 0.021821 0.990156 0.138260
vn -0.005411 0.996561 0.082688
vn 0.002175 0.994997 0.099886
vn 0.032606 0.998019 0.053814
vn 0.021821 0.990156 0.138260
vn 0.021821 0.990156 0.138260
vn 0.032606 0.998019 0.053814
vn 0.051109 0.995084 0.084830
vn 0.032606 0.998019 0.053814
vn 0.068256 0.991993 0.106258
vn 0.051109 0.995084 0.084830
vn 0.032606 0.998019 0.053814
vn 0.091628 0.993268 0.070879
vn 0.068256 0.991993 0.106258
vn 0.091628 0.993268 0.070879
vn 0.115844 0.985099 0.127124
vn 0.068256 0.991993 0.106258
vn 0.091628 0.993268 0.070879
vn 0.141800 0.986857 0.077499
vn 0.115844 0.985099 0.127124
vn 0.141800 0.986857 0.077499
vn 0.163200 0.983413 0.079155
vn 0.115844 0.985099 0.127124
vn 0.141800 0.986857 0.077499
vn 0.199632 0.975673 0.090606
vn 0.163200 0.983413 0.079155
vn 0.606432 0.794773 0.023985
vn 0.450093 0.881783 0.140981
vn 0.568469 0.822036 0.033155
vn 0.450093 0.881783 0.140981
vn 0.524793 0.851227 0.002047
vn 0.568469 0.822036 0.033155
vn 0.450093 0.881783 0.140981
vn 0.413483 0.908001 0.067578
vn 0.524793 0.851227 0.002047
vn 0.163200 0.983413 0.079155
vn 0.199632 0.975673 0.090606
vn 0.192777 0.978412 0.074483
vn 0.199632 0.975673 0.090606
vn 0.236011 0.966157 0.104109
vn 0.192777 0.978412 0.074483
vn 0.199632 0.975673 0.090606
vn 0.273259 0.961309 0.034839
vn 0.236011 0.966157 0.104109
vn 0.273259 0.961309 0.034839
vn 0.319984 0.942901 0.092452
vn 0.236011 0.966157 0.104109
vn 0.273259 0.961309 0.034839
vn 0.350092 0.932351 0.090321
vn 0.319984 0.942901 0.092452
vn 0.350092 0.932351 0.090321
vn 0.413483 0.908001 0.067578
vn 0.319984 0.942901 0.092452
vn 0.350092 0.932351 0.090321
vn 0.460187 0.886402 0.050187
vn 0.413483 0.908001 0.067578
vn 0.460187 0.886402 0.050187
vn 0.524793 0.851227 0.002047
vn 0.413483 0.908001 0.067578
vn 0.665334 0.712436 0.223084
vn 0.606432 0.794773 0.023985
vn 0.790987 0.609506 0.053305
vn 0.606432 0.794773 0.023985
vn 0.717282 0.680549 -0.149529
vn 0.790987 0.609506 0.053305
vn 0.606432 0.794773 0.023985
vn 0.568469 0.822036 0.033155
vn 0.717282 0.680549 -0.149529
vn 0.665334 0.712436 0.223084
vn 0.790987 0.609506 0.053305
vn 0.790277 0.612377 0.021380
vn 0.790987 0.609506 0.053305
vn 0.849317 0.525756 0.047350
vn 0.790277 0.612377 0.021380
vn 0.790987 0.609506 0.053305
vn 0.879104 0.475295 -0.035643
vn 0.849317 0.525756 0.047350
vn 0.879104 0.475295 -0.035643
vn 0.917879 0.396763 -0.008766
vn 0.849317 0.525756 0.047350
vn 0.879104 0.475295 -0.035643
vn 0.921132 0.389249 0.001237
vn 0.917879 0.396763 -0.008766
vn 0.921132 0.389249 0.001237
vn 0.956542 0.288574 -0.041862
vn 0.917879 0.396763 -0.008766
vn 0.917879 0.396763 -0.008766
vn 0.956542 0.288574 -0.041862
vn 0.942740 0.333429 -0.008146
vn 0.956542 0.288574 -0.041862
vn 0.970358 0.239748 0.030444
vn 0.942740 0.333429 -0.008146
vn 0.956542 0.288574 -0.041862
vn 0.981971 0.183682 -0.044663
vn 0.970358 0.239748 0.030444
vn 0.981971 0.183682 -0.044663
vn 0.990672 0.136214 0.003721
vn 0.970358 0.239748 0.030444
vn 0.981971 0.183682 -0.044663
vn 0.990776 0.094439 -0.097177
vn 0.990672 0.136214 0.003721
vn 0.990776 0.094439 -0.097177
vn 0.998411 0.056264 -0.003227
vn 0.990672 0.136214 0.003721
vn 0.990776 0.094439 -0.097177
vn 0.994787 0.030488 -0.097311
vn 0.998411 0.056264 -0.003227
vn 0.994787 0.030488 -0.097311
vn 0.995823 0.021451 -0.088748
vn 0.998411 0.056264 -0.003227
vn 0.994787 0.030488 -0.097311
vn 0.997495 0.013482 -0.069447
vn 0.995823 0.021451 -0.088748
vn -0.913546 0.371502 0.165592
vn -0.887591 0.430304 0.164380
vn -0.935843 0.329742 0.124374
vn -0.887591 0.430304 0.164380
vn -0.889856 0.424547 0.167081
vn -0.935843 0.329742 0.124374
vn -0.887591 0.430304 0.164380
vn -0.791424 0.590100 0.159471
vn -0.889856 0.424547 0.167081
vn -0.791424 0.590100 0.159471
vn -0.794731 0.580676 0.176688
vn -0.889856 0.424547 0.167081
vn -0.412393 0.866206 0.282169
vn -0.412393 0.866206 0.282169
vn -0.412393 0.866206 0.282169
vn -0.529447 0.783410 -0.325507
vn -0.508521 0.741135 -0.438321
vn -0.533508 0.792294 -0.296041
vn -0.529447 0.783410 -0.325507
vn -0.508070 0.740265 -0.440309
vn -0.508521 0.741135 -0.438321
vn -0.072456 0.979880 -0.185973
vn -0.123800 0.988881 0.082392
vn -0.111221 0.989371 0.093673
vn -0.123800 0.988881 0.082392
vn -0.192015 0.980378 -0.044601
vn -0.111221 0.989371 0.093673
vn -0.123800 0.988881 0.082392
vn -0.271726 0.945786 0.177916
vn -0.192015 0.980378 -0.044601
vn -0.271726 0.945786 0.177916
vn -0.204065 0.978374 -0.033805
vn -0.192015 0.980378 -0.044601
vn -0.271726 0.945786 0.177916
vn -0.302751 0.921395 0.243666
vn -0.204065 0.978374 -0.033805
vn -0.057665 0.928619 0.366526
vn -0.036800 0.998503 0.040464
vn -0.005411 0.996561 0.082688
vn -0.036800 0.998503 0.040464
vn 0.002175 0.994997 0.099886
vn -0.005411 0.996561 0.082688
vn -0.036800 0.998503 0.040464
vn -0.022575 0.995986 0.086616
vn 0.002175 0.994997 0.099886
vn -0.022575 0.995986 0.086616
vn -0.036800 0.998503 0.040464
vn -0.072456 0.979880 -0.185973
vn -0.036800 0.998503 0.040464
vn -0.123800 0.988881 0.082392
vn -0.072456 0.979880 -0.185973
vn -0.036800 0.998503 0.040464
vn -0.057665 0.928619 0.366526
vn -0.123800 0.988881 0.082392
vn -0.057665 0.928619 0.366526
vn -0.058072 0.922911 0.380609
vn -0.123800 0.988881 0.082392
vn -0.359088 0.850527 0.384265
vn -0.271726 0.945786 0.177916
vn -0.274104 0.955052 0.112886
vn -0.271726 0.945786 0.177916
vn -0.184392 0.952384 0.242826
vn -0.274104 0.955052 0.112886
vn -0.271726 0.945786 0.177916
vn -0.123800 0.988881 0.082392
vn -0.184392 0.952384 0.242826
vn -0.123800 0.988881 0.082392
vn -0.141694 0.984763 0.100823
vn -0.184392 0.952384 0.242826
vn -0.123800 0.988881 0.082392
vn -0.058072 0.922911 0.380609
vn -0.141694 0.984763 0.100823
vn -0.335700 0.875261 -0.348172
vn -0.271726 0.945786 0.177916
vn -0.389705 0.916736 0.087895
vn -0.271726 0.945786 0.177916
vn -0.380210 0.919376 0.100940
vn -0.389705 0.916736 0.087895
vn -0.271726 0.945786 0.177916
vn -0.359088 0.850527 0.384265
vn -0.380210 0.919376 0.100940
vn -0.629485 0.656540 0.415576
vn -0.629485 0.656540 0.415576
vn -0.629485 0.656540 0.415576
vn -0.446122 0.328654 -0.832443
vn -0.446122 0.328654 -0.832443
vn -0.446122 0.328654 -0.832443
vn -0.652542 0.732087 0.195545
vn -0.794731 0.580676 0.176688
vn -0.791424 0.590100 0.159471
vn -0.794731 0.580676 0.176688
vn -0.652542 0.732087 0.195545
vn -0.727238 0.553122 0.406425
vn -0.652542 0.732087 0.195545
vn -0.566564 0.790190 0.233677
vn -0.727238 0.553122 0.406425
vn -0.652542 0.732087 0.195545
vn -0.389705 0.916736 0.087895
vn -0.566564 0.790190 0.233677
vn -0.389705 0.916736 0.087895
vn -0.537317 0.795522 0.280064
vn -0.566564 0.790190 0.233677
vn -0.389705 0.916736 0.087895
vn -0.380210 0.919376 0.100940
vn -0.537317 0.795522 0.280064
vn -0.982420 0.014729 0.186101
vn -0.992565 0.033585 0.116989
vn -0.983827 0.009943 0.178847
vn -0.992565 0.033585 0.116989
vn -0.979181 0.070801 0.190243
vn -0.983827 0.009943 0.178847
vn -0.992565 0.033585 0.116989
vn -0.979388 0.114043 -0.166712
vn -0.979181 0.070801 0.190243
vn -0.979388 0.114043 -0.166712
vn -0.966912 0.184687 0.175987
vn -0.979181 0.070801 0.190243
vn -0.962239 0.269565 0.037822
vn -0.966912 0.184687 0.175987
vn -0.963159 0.258838 0.072989
vn -0.966912 0.184687 0.175987
vn -0.971168 0.158489 0.178084
vn -0.963159 0.258838 0.072989
vn -0.966912 0.184687 0.175987
vn -0.979388 0.114043 -0.166712
vn -0.971168 0.158489 0.178084
vn -0.913546 0.371502 0.165592
vn -0.935843 0.329742 0.124374
vn -0.962239 0.269565 0.037822
vn -0.935843 0.329742 0.124374
vn -0.966912 0.184687 0.175987
vn -0.962239 0.269565 0.037822
vn -0.935843 0.329742 0.124374
vn -0.862842 0.271002 0.426687
vn -0.966912 0.184687 0.175987
vn -0.862842 0.271002 0.426687
vn -0.968993 0.174452 0.174982
vn -0.966912 0.184687 0.175987
vn -0.983827 0.009943 0.178847
vn -0.979181 0.070801 0.190243
vn -0.956240 0.022305 0.291732
vn -0.979181 0.070801 0.190243
vn -0.906471 0.103483 0.409391
vn -0.956240 0.022305 0.291732
vn -0.979181 0.070801 0.190243
vn -0.966912 0.184687 0.175987
vn -0.906471 0.103483 0.409391
vn -0.966912 0.184687 0.175987
vn -0.922810 0.114614 0.367811
vn -0.906471 0.103483 0.409391
vn -0.966912 0.184687 0.175987
vn -0.968993 0.174452 0.174982
vn -0.922810 0.114614 0.367811
vn 0.997319 -0.028437 -0.067422
vn 0.966647 -0.047576 -0.251656
vn 0.997235 -0.027455 -0.069049
vn 0.966647 -0.047576 -0.251656
vn 0.995072 -0.096637 -0.022194
vn 0.997235 -0.027455 -0.069049
vn 0.966647 -0.047576 -0.251656
vn 0.986226 -0.128180 -0.104537
vn 0.995072 -0.096637 -0.022194
vn 0.986226 -0.128180 -0.104537
vn 0.961440 -0.154931 -0.227221
vn 0.995072 -0.096637 -0.022194
vn 0.961440 -0.154931 -0.227221
vn 0.973748 -0.208604 -0.091101
vn 0.995072 -0.096637 -0.022194
vn 0.961440 -0.154931 -0.227221
vn 0.942630 -0.285113 -0.173664
vn 0.973748 -0.208604 -0.091101
vn 0.942630 -0.285113 -0.173664
vn 0.920419 -0.390879 0.006494
vn 0.973748 -0.208604 -0.091101
vn 0.942630 -0.285113 -0.173664
vn 0.927567 -0.300642 -0.221887
vn 0.920419 -0.390879 0.006494
vn 0.927567 -0.300642 -0.221887
vn 0.814064 -0.466231 -0.346306
vn 0.920419 -0.390879 0.006494
vn 0.814064 -0.466231 -0.346306
vn 0.807157 -0.589953 -0.021318
vn 0.920419 -0.390879 0.006494
vn 0.814064 -0.466231 -0.346306
vn 0.774403 -0.630558 -0.051930
vn 0.807157 -0.589953 -0.021318
vn 0.856388 -0.508419 0.090060
vn 0.807157 -0.589953 -0.021318
vn 0.751425 -0.659590 -0.017385
vn 0.807157 -0.589953 -0.021318
vn 0.748635 -0.662969 -0.004182
vn 0.751425 -0.659590 -0.017385
vn 0.807157 -0.589953 -0.021318
vn 0.774403 -0.630558 -0.051930
vn 0.748635 -0.662969 -0.004182
vn 0.856388 -0.508419 0.090060
vn 0.871962 -0.485204 0.065260
vn 0.807157 -0.589953 -0.021318
vn 0.871962 -0.485204 0.065260
vn 0.920419 -0.390879 0.006494
vn 0.807157 -0.589953 -0.021318
vn 0.871962 -0.485204 0.065260
vn 0.942736 -0.330124 -0.047619
vn 0.920419 -0.390879 0.006494
vn 0.942736 -0.330124 -0.047619
vn 0.949519 -0.286829 0.127051
vn 0.920419 -0.390879 0.006494
vn 0.949519 -0.286829 0.127051
vn 0.973748 -0.208604 -0.091101
vn 0.920419 -0.390879 0.006494
vn 0.949519 -0.286829 0.127051
vn 0.970947 -0.151151 0.185514
vn 0.973748 -0.208604 -0.091101
vn 0.970947 -0.151151 0.185514
vn 0.995072 -0.096637 -0.022194
vn 0.973748 -0.208604 -0.091101
vn 0.970947 -0.151151 0.185514
vn 0.998108 -0.057917 0.020662
vn 0.995072 -0.096637 -0.022194
vn 0.998108 -0.057917 0.020662
vn 0.980319 -0.045288 0.192158
vn 0.995072 -0.096637 -0.022194
vn 0.980319 -0.045288 0.192158
vn 0.997235 -0.027455 -0.069049
vn 0.995072 -0.096637 -0.022194
vn 0.980319 -0.045288 0.192158
vn 0.997220 -0.010595 -0.073752
vn 0.997235 -0.027455 -0.069049
vn -0.013732 -0.992145 0.124338
vn -0.031671 -0.993657 0.107899
vn -0.043078 -0.993644 0.104001
vn 0.748635 -0.662969 -0.004182
vn 0.626417 -0.779464 0.006133
vn 0.751425 -0.659590 -0.017385
vn 0.626417 -0.779464 0.006133
vn 0.627379 -0.778547 0.016113
vn 0.751425 -0.659590 -0.017385
vn 0.626417 -0.779464 0.006133
vn 0.541099 -0.840631 0.023472
vn 0.627379 -0.778547 0.016113
vn 0.627379 -0.778547 0.016113
vn 0.541099 -0.840631 0.023472
vn 0.577262 -0.815380 0.043863
vn 0.541099 -0.840631 0.023472
vn 0.402274 -0.913840 0.055421
vn 0.577262 -0.815380 0.043863
vn 0.541099 -0.840631 0.023472
vn 0.404540 -0.913093 0.051076
vn 0.402274 -0.913840 0.055421
vn 0.404540 -0.913093 0.051076
vn 0.290486 -0.956352 0.031762
vn 0.402274 -0.913840 0.055421
vn 0.290486 -0.956352 0.031762
vn 0.357452 -0.917439 0.174741
vn 0.402274 -0.913840 0.055421
vn 0.290486 -0.956352 0.031762
vn 0.240323 -0.967275 0.081387
vn 0.357452 -0.917439 0.174741
vn 0.146290 -0.986247 0.076911
vn 0.240323 -0.967275 0.081387
vn 0.193001 -0.980162 0.045090
vn 0.240323 -0.967275 0.081387
vn 0.206317 -0.976996 0.053955
vn 0.193001 -0.980162 0.045090
vn 0.240323 -0.967275 0.081387
vn 0.290486 -0.956352 0.031762
vn 0.206317 -0.976996 0.053955
vn -0.031671 -0.993657 0.107899
vn -0.056872 -0.995265 0.078820
vn -0.043078 -0.993644 0.104001
vn -0.056872 -0.995265 0.078820
vn -0.083057 -0.991302 0.102083
vn -0.043078 -0.993644 0.104001
vn -0.056872 -0.995265 0.078820
vn -0.088775 -0.990088 0.108833
vn -0.083057 -0.991302 0.102083
vn -0.031671 -0.993657 0.107899
vn -0.013732 -0.992145 0.124338
vn 0.000609 -0.998173 0.060418
vn -0.013732 -0.992145 0.124338
vn 0.005947 -0.999358 0.035326
vn 0.000609 -0.998173 0.060418
vn -0.013732 -0.992145 0.124338
vn 0.019438 -0.994914 0.098837
vn 0.005947 -0.999358 0.035326
vn 0.019438 -0.994914 0.098837
vn 0.033606 -0.994249 0.101689
vn 0.005947 -0.999358 0.035326
vn 0.019438 -0.994914 0.098837
vn 0.053357 -0.986053 0.157648
vn 0.033606 -0.994249 0.101689
vn 0.053357 -0.986053 0.157648
vn 0.069738 -0.994836 0.073743
vn 0.033606 -0.994249 0.101689
vn 0.053357 -0.986053 0.157648
vn 0.092853 -0.993075 0.071976
vn 0.069738 -0.994836 0.073743
vn 0.092853 -0.993075 0.071976
vn 0.121999 -0.990507 0.063336
vn 0.069738 -0.994836 0.073743
vn 0.092853 -0.993075 0.071976
vn 0.146290 -0.986247 0.076911
vn 0.121999 -0.990507 0.063336
vn 0.146290 -0.986247 0.076911
vn 0.139611 -0.986269 0.088213
vn 0.121999 -0.990507 0.063336
vn 0.146290 -0.986247 0.076911
vn 0.193001 -0.980162 0.045090
vn 0.139611 -0.986269 0.088213
vn -0.088775 -0.990088 0.108833
vn -0.149072 -0.986835 0.062728
vn -0.083057 -0.991302 0.102083
vn -0.149072 -0.986835 0.062728
vn -0.114835 -0.986920 0.113146
vn -0.083057 -0.991302 0.102083
vn -0.149072 -0.986835 0.062728
vn -0.189620 -0.974706 0.118287
vn -0.114835 -0.986920 0.113146
vn -0.189620 -0.974706 0.118287
vn -0.175329 -0.976720 0.123605
vn -0.114835 -0.986920 0.113146
vn -0.189620 -0.974706 0.118287
vn -0.266407 -0.959331 0.093334
vn -0.175329 -0.976720 0.123605
vn -0.266407 -0.959331 0.093334
vn -0.311473 -0.938718 0.147625
vn -0.175329 -0.976720 0.123605
vn -0.266407 -0.959331 0.093334
vn -0.449775 -0.888678 -0.089188
vn -0.311473 -0.938718 0.147625
vn -0.449775 -0.888678 -0.089188
vn -0.391114 -0.907062 0.155784
vn -0.311473 -0.938718 0.147625
vn -0.449775 -0.888678 -0.089188
vn -0.512525 -0.844532 0.155189
vn -0.391114 -0.907062 0.155784
vn -0.391114 -0.907062 0.155784
vn -0.512525 -0.844532 0.155189
vn -0.395599 -0.872804 0.285858
vn -0.512525 -0.844532 0.155189
vn -0.577621 -0.789848 0.206143
vn -0.395599 -0.872804 0.285858
vn -0.512525 -0.844532 0.155189
vn -0.706782 -0.705675 0.049824
vn -0.577621 -0.789848 0.206143
vn -0.706782 -0.705675 0.049824
vn -0.664442 -0.728602 0.166298
vn -0.577621 -0.789848 0.206143
vn -0.706782 -0.705675 0.049824
vn -0.772757 -0.612087 0.167917
vn -0.664442 -0.728602 0.166298
vn -0.664442 -0.728602 0.166298
vn -0.772757 -0.612087 0.167917
vn -0.708477 -0.670436 0.220400
vn -0.772757 -0.612087 0.167917
vn -0.833715 -0.511960 0.206923
vn -0.708477 -0.670436 0.220400
vn -0.772757 -0.612087 0.167917
vn -0.876325 -0.455294 0.157357
vn -0.833715 -0.511960 0.206923
vn -0.876325 -0.455294 0.157357
vn -0.913710 -0.363679 0.181303
vn -0.833715 -0.511960 0.206923
vn -0.913710 -0.363679 0.181303
vn -0.912763 -0.363940 0.185504
vn -0.833715 -0.511960 0.206923
vn -0.913710 -0.363679 0.181303
vn -0.938038 -0.293699 0.183918
vn -0.912763 -0.363940 0.185504
vn -0.938038 -0.293699 0.183918
vn -0.955169 -0.239323 0.174289
vn -0.912763 -0.363940 0.185504
vn -0.938038 -0.293699 0.183918
vn -0.973023 -0.177495 0.147383
vn -0.955169 -0.239323 0.174289
vn -0.973023 -0.177495 0.147383
vn -0.983765 -0.114397 0.138274
vn -0.955169 -0.239323 0.174289
vn -0.983765 -0.114397 0.138274
vn -0.947407 -0.177776 0.266114
vn -0.955169 -0.239323 0.174289
vn -0.983765 -0.114397 0.138274
vn -0.978494 -0.069076 0.194367
vn -0.947407 -0.177776 0.266114
vn -0.947407 -0.177776 0.266114
vn -0.978494 -0.069076 0.194367
vn -0.971650 -0.103411 0.212609
vn -0.978494 -0.069076 0.194367
vn -0.970416 -0.035939 0.238749
vn -0.971650 -0.103411 0.212609
vn -0.978494 -0.069076 0.194367
vn -0.988068 -0.018804 0.152868
vn -0.970416 -0.035939 0.238749
vn -0.988068 -0.018804 0.152868
vn -0.983827 0.009943 0.178847
vn -0.970416 -0.035939 0.238749
vn -0.988068 -0.018804 0.152868
vn -0.982420 0.014729 0.186101
vn -0.983827 0.009943 0.178847
vn 0.259417 -0.965765 -0.001131
vn 0.010387 -0.999946 -0.000762
vn -0.017707 -0.999838 0.003382
vn 0.010387 -0.999946 -0.000762
vn -0.261797 -0.965122 0.001179
vn -0.017707 -0.999838 0.003382
vn -0.017707 -0.999838 0.003382
vn -0.261797 -0.965122 0.001179
vn -0.262558 -0.964916 -0.000002
vn -0.261797 -0.965122 0.001179
vn -0.503370 -0.864071 0.000001
vn -0.262558 -0.964916 -0.000002
vn -0.261797 -0.965122 0.001179
vn -0.503320 -0.864100 0.000001
vn -0.503370 -0.864071 0.000001
vn -0.503320 -0.864100 0.000001
vn -0.768551 -0.639789 -0.000011
vn -0.503370 -0.864071 0.000001
vn -0.503320 -0.864100 0.000001
vn -0.768494 -0.639857 -0.000011
vn -0.768551 -0.639789 -0.000011
vn -0.768494 -0.639857 -0.000011
vn -0.941026 -0.338334 -0.000004
vn -0.768551 -0.639789 -0.000011
vn -0.768494 -0.639857 -0.000011
vn -0.940990 -0.338435 -0.000003
vn -0.941026 -0.338334 -0.000004
vn -0.940990 -0.338435 -0.000003
vn -0.999992 0.003923 -0.000002
vn -0.941026 -0.338334 -0.000004
vn -0.940990 -0.338435 -0.000003
vn -0.999993 0.003810 -0.000002
vn -0.999992 0.003923 -0.000002
vn -0.999993 0.003810 -0.000002
vn -0.938345 0.345699 -0.000001
vn -0.999992 0.003923 -0.000002
vn -0.999993 0.003810 -0.000002
vn -0.938382 0.345600 -0.000001
vn -0.938345 0.345699 -0.000001
vn -0.938382 0.345600 -0.000001
vn -0.763526 0.645778 0.000003
vn -0.938345 0.345699 -0.000001
vn -0.938382 0.345600 -0.000001
vn -0.763581 0.645712 0.000003
vn -0.763526 0.645778 0.000003
vn -0.763581 0.645712 0.000003
vn -0.496623 0.867966 -0.000006
vn -0.763526 0.645778 0.000003
vn -0.763581 0.645712 0.000003
vn -0.496672 0.867938 -0.000006
vn -0.496623 0.867966 -0.000006
vn -0.496672 0.867938 -0.000006
vn -0.169830 0.985473 -0.000002
vn -0.496623 0.867966 -0.000006
vn -0.496672 0.867938 -0.000006
vn -0.169849 0.985470 -0.000001
vn -0.169830 0.985473 -0.000002
vn -0.169849 0.985470 -0.000001
vn 0.177445 0.984131 0.000000
vn -0.169830 0.985473 -0.000002
vn -0.169849 0.985470 -0.000001
vn 0.177464 0.984127 0.000000
vn 0.177445 0.984131 0.000000
vn 0.177464 0.984127 0.000000
vn 0.503319 0.864101 -0.000003
vn 0.177445 0.984131 0.000000
vn 0.177464 0.984127 0.000000
vn 0.503370 0.864071 -0.000003
vn 0.503319 0.864101 -0.000003
vn 0.503370 0.864071 -0.000003
vn 0.768497 0.639853 -0.000009
vn 0.503319 0.864101 -0.000003
vn 0.503370 0.864071 -0.000003
vn 0.768552 0.639787 -0.000009
vn 0.768497 0.639853 -0.000009
vn 0.768552 0.639787 -0.000009
vn 0.940989 0.338436 0.000001
vn 0.768497 0.639853 -0.000009
vn 0.768552 0.639787 -0.000009
vn 0.941026 0.338335 0.000002
vn 0.940989 0.338436 0.000001
vn 0.941026 0.338335 0.000002
vn 0.999993 -0.003809 -0.000002
vn 0.940989 0.338436 0.000001
vn 0.941026 0.338335 0.000002
vn 0.999992 -0.003922 -0.000002
vn 0.999993 -0.003809 -0.000002
vn 0.999992 -0.003922 -0.000002
vn 0.938383 -0.345598 -0.000004
vn 0.999993 -0.003809 -0.000002
vn 0.999992 -0.003922 -0.000002
vn 0.938345 -0.345701 -0.000003
vn 0.938383 -0.345598 -0.000004
vn 0.938345 -0.345701 -0.000003
vn 0.763583 -0.645710 0.000000
vn 0.938383 -0.345598 -0.000004
vn 0.938345 -0.345701 -0.000003
vn 0.763527 -0.645775 0.000000
vn 0.763583 -0.645710 0.000000
vn 0.763527 -0.645775 0.000000
vn 0.496673 -0.867938 0.000001
vn 0.763583 -0.645710 0.000000
vn 0.763527 -0.645775 0.000000
vn 0.496624 -0.867966 0.000002
vn 0.496673 -0.867938 0.000001
vn 0.496624 -0.867966 0.000002
vn 0.259417 -0.965765 -0.001131
vn 0.496673 -0.867938 0.000001
vn 0.496624 -0.867966 0.000002
vn 0.260194 -0.965556 0.000003
vn 0.259417 -0.965765 -0.001131
vn 0.260194 -0.965556 0.000003
vn 0.010387 -0.999946 -0.000762
vn 0.259417 -0.965765 -0.001131
s off
g left_hip_yaw_link1
usemtl initialShadingGroup
f 1/1/1 3/2/2 2/3/3
f 4/4/4 1/1/5 5/5/6
f 3/2/7 7/6/8 6/7/9
f 1/1/10 4/4/11 3/2/12
f 4/4/13 7/6/14 3/2/15
f 4/4/16 8/8/17 7/6/18
f 9/9/19 3/2/20 10/10/21
f 2/3/22 3/2/23 11/11/24
f 3/2/25 12/12/26 11/11/27
f 3/2/28 13/13/29 12/12/30
f 14/14/31 3/2/32 15/15/33
f 3/2/34 16/16/35 15/15/36
f 3/2/37 9/9/38 16/16/39
f 13/13/40 3/2/41 17/17/42
f 3/2/43 18/18/44 17/17/45
f 3/2/46 19/19/47 18/18/48
f 3/2/49 21/20/50 20/21/51
f 19/19/52 3/2/53 22/22/54
f 3/2/55 23/23/56 22/22/57
f 3/2/58 24/24/59 23/23/60
f 25/25/61 3/2/62 26/26/63
f 3/2/64 27/27/65 26/26/66
f 3/2/67 20/21/68 27/27/69
f 21/20/70 3/2/71 28/28/72
f 3/2/73 29/29/74 28/28/75
f 3/2/76 14/14/77 29/29/78
f 24/24/79 3/2/80 30/30/81
f 3/2/82 31/31/83 30/30/84
f 3/2/85 32/32/86 31/31/87
f 32/32/88 3/2/89 33/33/90
f 3/2/91 34/34/92 33/33/93
f 3/2/94 35/35/95 34/34/96
f 35/35/97 3/2/98 36/36/99
f 3/2/100 37/37/101 36/36/102
f 3/2/103 25/25/104 37/37/105
f 38/38/106 3/2/107 39/39/108
f 39/39/109 3/2/110 40/40/111
f 3/2/112 41/41/113 40/40/114
f 3/2/115 6/7/116 41/41/117
f 10/10/118 3/2/119 42/42/120
f 3/2/121 43/43/122 42/42/123
f 3/2/124 44/44/125 43/43/126
f 45/45/127 3/2/128 46/46/129
f 3/2/130 47/47/131 46/46/132
f 3/2/133 48/48/134 47/47/135
f 48/48/136 3/2/137 49/49/138
f 3/2/139 50/50/140 49/49/141
f 3/2/142 38/38/143 50/50/144
f 44/44/145 3/2/146 51/51/147
f 3/2/148 52/52/149 51/51/150
f 3/2/151 53/53/152 52/52/153
f 54/54/154 3/2/155 55/55/156
f 55/55/157 3/2/158 56/56/159
f 3/2/160 57/57/161 56/56/162
f 3/2/163 45/45/164 57/57/165
f 53/53/166 3/2/167 58/58/168
f 3/2/169 59/59/170 58/58/171
f 3/2/172 60/60/173 59/59/174
f 60/60/175 3/2/176 61/61/177
f 3/2/178 62/62/179 61/61/180
f 3/2/181 63/63/182 62/62/183
f 64/64/184 3/2/185 65/65/186
f 3/2/187 66/66/188 65/65/189
f 3/2/190 54/54/191 66/66/192
f 63/63/193 3/2/194 67/67/195
f 3/2/196 68/68/197 67/67/198
f 3/2/199 64/64/200 68/68/201
f 69/69/202 71/70/203 70/71/204
f 12/12/205 13/13/206 72/72/207
f 13/13/208 73/73/209 72/72/210
f 13/13/211 17/17/212 73/73/213
f 74/74/214 75/75/215 19/19/216
f 75/75/217 18/18/218 19/19/219
f 75/75/220 17/17/221 18/18/222
f 76/76/223 77/77/224 30/30/225
f 77/77/226 24/24/227 30/30/228
f 77/77/229 78/78/230 24/24/231
f 78/78/232 23/23/233 24/24/234
f 78/78/235 74/74/236 23/23/237
f 74/74/238 22/22/239 23/23/240
f 74/74/241 19/19/242 22/22/243
f 34/34/244 79/79/245 33/33/246
f 79/79/247 32/32/248 33/33/249
f 79/79/250 76/76/251 32/32/252
f 76/76/253 31/31/254 32/32/255
f 76/76/256 30/30/257 31/31/258
f 34/34/259 35/35/260 79/79/261
f 35/35/262 80/80/263 79/79/264
f 35/35/265 36/36/266 80/80/267
f 36/36/268 81/81/269 80/80/270
f 36/36/271 37/37/272 81/81/273
f 37/37/274 82/82/275 81/81/276
f 37/37/277 25/25/278 82/82/279
f 25/25/280 83/83/281 82/82/282
f 25/25/283 26/26/284 83/83/285
f 26/26/286 27/27/287 83/83/288
f 27/27/289 84/84/290 83/83/291
f 27/27/292 20/21/293 84/84/294
f 20/21/295 21/20/296 84/84/297
f 21/20/298 85/85/299 84/84/300
f 21/20/301 28/28/302 85/85/303
f 28/28/304 29/29/305 85/85/306
f 29/29/307 86/86/308 85/85/309
f 29/29/310 14/14/311 86/86/312
f 14/14/313 15/15/314 86/86/315
f 15/15/316 71/70/317 86/86/318
f 15/15/319 16/16/320 71/70/321
f 16/16/322 9/9/323 71/70/324
f 9/9/325 87/87/326 71/70/327
f 9/9/328 10/10/329 87/87/330
f 71/70/331 87/87/332 70/71/333
f 87/87/334 88/88/335 70/71/336
f 87/87/337 89/89/338 88/88/339
f 69/69/340 90/90/341 71/70/342
f 90/90/343 86/86/344 71/70/345
f 90/90/346 91/91/347 86/86/348
f 91/91/349 85/85/350 86/86/351
f 91/91/352 92/92/353 85/85/354
f 92/92/355 93/93/356 85/85/357
f 93/93/358 84/84/359 85/85/360
f 93/93/361 94/94/362 84/84/363
f 94/94/364 83/83/365 84/84/366
f 94/94/367 95/95/368 83/83/369
f 95/95/370 82/82/371 83/83/372
f 95/95/373 96/96/374 82/82/375
f 96/96/376 97/97/377 82/82/378
f 97/97/379 81/81/380 82/82/381
f 97/97/382 98/98/383 81/81/384
f 98/98/385 80/80/386 81/81/387
f 98/98/388 99/99/389 80/80/390
f 99/99/391 100/100/392 80/80/393
f 100/100/394 79/79/395 80/80/396
f 100/100/397 101/101/398 79/79/399
f 101/101/400 76/76/401 79/79/402
f 101/101/403 102/102/404 76/76/405
f 102/102/406 77/77/407 76/76/408
f 102/102/409 103/103/410 77/77/411
f 103/103/412 104/104/413 77/77/414
f 104/104/415 78/78/416 77/77/417
f 104/104/418 105/105/419 78/78/420
f 105/105/421 106/106/422 78/78/423
f 106/106/424 74/74/425 78/78/426
f 106/106/427 107/107/428 74/74/429
f 107/107/430 108/108/431 74/74/432
f 108/108/433 75/75/434 74/74/435
f 108/108/436 109/109/437 75/75/438
f 17/17/439 75/75/440 73/73/441
f 75/75/442 110/110/443 73/73/444
f 75/75/445 109/109/446 110/110/447
f 111/111/448 72/72/449 112/112/450
f 72/72/451 113/113/452 112/112/453
f 72/72/454 73/73/455 113/113/456
f 73/73/457 114/114/458 113/113/459
f 73/73/460 110/110/461 114/114/462
f 12/12/463 72/72/464 11/11/465
f 72/72/466 2/3/467 11/11/468
f 72/72/469 111/111/470 2/3/471
f 111/111/472 1/1/473 2/3/474
f 111/111/475 5/5/476 1/1/477
f 111/111/478 4/4/479 5/5/480
f 114/114/481 4/4/482 113/113/483
f 4/4/484 112/112/485 113/113/486
f 4/4/487 111/111/488 112/112/489
f 89/89/490 4/4/491 88/88/492
f 4/4/493 70/71/494 88/88/495
f 4/4/496 69/69/497 70/71/498
f 108/108/499 4/4/500 109/109/501
f 4/4/502 110/110/503 109/109/504
f 4/4/505 114/114/506 110/110/507
f 69/69/508 4/4/509 90/90/510
f 4/4/511 91/91/512 90/90/513
f 4/4/514 92/92/515 91/91/516
f 104/104/517 4/4/518 105/105/519
f 105/105/520 4/4/521 106/106/522
f 4/4/523 107/107/524 106/106/525
f 4/4/526 108/108/527 107/107/528
f 92/92/529 4/4/530 93/93/531
f 4/4/532 94/94/533 93/93/534
f 4/4/535 95/95/536 94/94/537
f 101/101/538 4/4/539 102/102/540
f 4/4/541 103/103/542 102/102/543
f 4/4/544 104/104/545 103/103/546
f 95/95/547 4/4/548 96/96/549
f 4/4/550 97/97/551 96/96/552
f 4/4/553 98/98/554 97/97/555
f 98/98/556 4/4/557 99/99/558
f 4/4/559 100/100/560 99/99/561
f 4/4/562 101/101/563 100/100/564
f 115/115/565 4/4/566 89/89/567
f 115/115/568 116/116/569 4/4/570
f 8/8/571 4/4/572 117/117/573
f 4/4/574 118/118/575 117/117/576
f 119/119/577 4/4/578 120/120/579
f 4/4/580 121/121/581 120/120/582
f 4/4/583 116/116/584 121/121/585
f 118/118/586 4/4/587 122/122/588
f 4/4/589 123/123/590 122/122/591
f 4/4/592 124/124/593 123/123/594
f 124/124/595 4/4/596 125/125/597
f 4/4/598 126/126/599 125/125/600
f 4/4/601 127/127/602 126/126/603
f 128/128/604 4/4/605 129/129/606
f 4/4/607 130/130/608 129/129/609
f 4/4/610 119/119/611 130/130/612
f 127/127/613 4/4/614 131/131/615
f 4/4/616 132/132/617 131/131/618
f 4/4/619 133/133/620 132/132/621
f 133/133/622 4/4/623 134/134/624
f 4/4/625 135/135/626 134/134/627
f 4/4/628 136/136/629 135/135/630
f 137/137/631 4/4/632 138/138/633
f 4/4/634 139/139/635 138/138/636
f 4/4/637 128/128/638 139/139/639
f 136/136/640 4/4/641 140/140/642
f 4/4/643 141/141/644 140/140/645
f 4/4/646 137/137/647 141/141/648
f 49/49/649 142/142/650 48/48/651
f 63/63/652 143/143/653 62/62/654
f 42/42/655 87/87/656 10/10/657
f 121/121/658 144/144/659 120/120/660
f 132/132/661 145/145/662 131/131/663
f 146/146/664 41/41/665 6/7/666
f 6/7/667 7/6/668 146/146/669
f 7/6/670 117/117/671 146/146/672
f 7/6/673 8/8/674 117/117/675
f 124/124/676 147/147/677 123/123/678
f 147/147/679 122/122/680 123/123/681
f 147/147/682 146/146/683 122/122/684
f 146/146/685 118/118/686 122/122/687
f 146/146/688 117/117/689 118/118/690
f 125/125/691 126/126/692 142/142/693
f 126/126/694 148/148/695 142/142/696
f 126/126/697 127/127/698 148/148/699
f 127/127/700 131/131/701 148/148/702
f 132/132/703 133/133/704 145/145/705
f 67/67/706 150/149/707 149/150/708
f 150/149/709 140/140/710 149/150/711
f 150/149/712 151/151/713 140/140/714
f 151/151/715 136/136/716 140/140/717
f 138/138/718 149/150/719 137/137/720
f 149/150/721 141/141/722 137/137/723
f 149/150/724 140/140/725 141/141/726
f 152/152/727 153/153/728 130/130/729
f 153/153/730 129/129/731 130/130/732
f 144/144/733 152/152/734 120/120/735
f 152/152/736 119/119/737 120/120/738
f 152/152/739 130/130/740 119/119/741
f 115/115/742 154/154/743 116/116/744
f 154/154/745 121/121/746 116/116/747
f 43/43/748 154/154/749 42/42/750
f 154/154/751 87/87/752 42/42/753
f 154/154/754 115/115/755 87/87/756
f 115/115/757 89/89/758 87/87/759
f 121/121/760 154/154/761 144/144/762
f 154/154/763 44/44/764 144/144/765
f 154/154/766 43/43/767 44/44/768
f 155/155/769 153/153/770 58/58/771
f 153/153/772 53/53/773 58/58/774
f 153/153/775 152/152/776 53/53/777
f 152/152/778 52/52/779 53/53/780
f 152/152/781 144/144/782 52/52/783
f 144/144/784 51/51/785 52/52/786
f 144/144/787 44/44/788 51/51/789
f 62/62/790 143/143/791 61/61/792
f 143/143/793 60/60/794 61/61/795
f 143/143/796 155/155/797 60/60/798
f 155/155/799 59/59/800 60/60/801
f 155/155/802 58/58/803 59/59/804
f 67/67/805 149/150/806 63/63/807
f 149/150/808 143/143/809 63/63/810
f 149/150/811 138/138/812 143/143/813
f 138/138/814 155/155/815 143/143/816
f 138/138/817 139/139/818 155/155/819
f 139/139/820 153/153/821 155/155/822
f 139/139/823 128/128/824 153/153/825
f 128/128/826 129/129/827 153/153/828
f 55/55/829 156/156/830 54/54/831
f 156/156/832 66/66/833 54/54/834
f 156/156/835 157/157/836 66/66/837
f 157/157/838 65/65/839 66/66/840
f 157/157/841 151/151/842 65/65/843
f 151/151/844 64/64/845 65/65/846
f 151/151/847 150/149/848 64/64/849
f 150/149/850 68/68/851 64/64/852
f 150/149/853 67/67/854 68/68/855
f 56/56/856 145/145/857 55/55/858
f 145/145/859 156/156/860 55/55/861
f 145/145/862 133/133/863 156/156/864
f 133/133/865 157/157/866 156/156/867
f 133/133/868 134/134/869 157/157/870
f 134/134/871 151/151/872 157/157/873
f 134/134/874 135/135/875 151/151/876
f 135/135/877 136/136/878 151/151/879
f 131/131/880 145/145/881 148/148/882
f 145/145/883 57/57/884 148/148/885
f 145/145/886 56/56/887 57/57/888
f 48/48/889 142/142/890 47/47/891
f 142/142/892 46/46/893 47/47/894
f 142/142/895 148/148/896 46/46/897
f 148/148/898 45/45/899 46/46/900
f 148/148/901 57/57/902 45/45/903
f 50/50/904 147/147/905 49/49/906
f 147/147/907 142/142/908 49/49/909
f 147/147/910 124/124/911 142/142/912
f 124/124/913 125/125/914 142/142/915
f 41/41/916 146/146/917 40/40/918
f 146/146/919 39/39/920 40/40/921
f 146/146/922 147/147/923 39/39/924
f 147/147/925 38/38/926 39/39/927
f 147/147/928 50/50/929 38/38/930
f 158/158/931 160/159/932 159/160/933
f 161/161/934 160/159/935 162/162/936
f 160/159/937 163/163/938 162/162/939
f 164/164/940 161/161/941 165/165/942
f 161/161/943 166/166/944 165/165/945
f 161/161/946 162/162/947 166/166/948
f 167/167/949 169/168/950 168/169/951
f 169/168/952 170/170/953 168/169/954
f 169/168/955 171/171/956 170/170/957
f 159/160/958 160/159/959 172/172/960
f 160/159/961 173/173/962 172/172/963
f 160/159/964 174/174/965 173/173/966
f 174/174/967 175/175/968 173/173/969
f 174/174/970 176/176/971 175/175/972
f 176/176/973 177/177/974 175/175/975
f 176/176/976 178/178/977 177/177/978
f 179/179/979 164/164/980 180/180/981
f 164/164/982 181/181/983 180/180/984
f 164/164/985 165/165/986 181/181/987
f 182/182/988 184/183/989 183/184/990
f 184/183/991 185/185/992 183/184/993
f 184/183/994 179/179/995 185/185/996
f 179/179/997 186/186/998 185/185/999
f 179/179/1000 187/187/1001 186/186/1002
f 167/167/1003 168/169/1004 188/188/1005
f 168/169/1006 189/189/1007 188/188/1008
f 168/169/1009 190/190/1010 189/189/1011
f 190/190/1012 191/191/1013 189/189/1014
f 190/190/1015 192/192/1016 191/191/1017
f 192/192/1018 193/193/1019 191/191/1020
f 192/192/1021 194/194/1022 193/193/1023
f 194/194/1024 195/195/1025 193/193/1026
f 194/194/1027 196/196/1028 195/195/1029
f 196/196/1030 197/197/1031 195/195/1032
f 196/196/1033 184/183/1034 197/197/1035
f 184/183/1036 198/198/1037 197/197/1038
f 184/183/1039 182/182/1040 198/198/1041
f 177/177/1042 178/178/1043 199/199/1044
f 178/178/1045 200/200/1046 199/199/1047
f 178/178/1048 201/201/1049 200/200/1050
f 201/201/1051 202/202/1052 200/200/1053
f 201/201/1054 203/203/1055 202/202/1056
f 203/203/1057 204/204/1058 202/202/1059
f 163/163/1060 160/159/1061 205/205/1062
f 160/159/1063 206/206/1064 205/205/1065
f 187/187/1066 179/179/1067 207/207/1068
f 179/179/1069 208/208/1070 207/207/1071
f 179/179/1072 180/180/1073 208/208/1074
f 206/206/1075 160/159/1076 209/209/1077
f 160/159/1078 210/210/1079 209/209/1080
f 160/159/1081 158/158/1082 210/210/1083
f 211/211/1084 170/170/1085 212/212/1086
f 170/170/1087 213/213/1088 212/212/1089
f 204/204/1090 203/203/1091 214/214/1092
f 203/203/1093 215/215/1094 214/214/1095
f 203/203/1096 216/216/1097 215/215/1098
f 213/213/1099 170/170/1100 217/217/1101
f 170/170/1102 218/218/1103 217/217/1104
f 170/170/1105 171/171/1106 218/218/1107
f 211/211/1108 219/219/1109 170/170/1110
f 219/219/1111 220/220/1112 170/170/1113
f 219/219/1114 221/221/1115 220/220/1116
f 221/221/1117 222/222/1118 220/220/1119
f 221/221/1120 223/223/1121 222/222/1122
f 216/216/1123 203/203/1124 224/224/1125
f 203/203/1126 225/225/1127 224/224/1128
f 226/226/1129 228/227/1130 227/228/1131
f 228/227/1132 203/203/1133 227/228/1134
f 227/228/1135 229/229/1136 226/226/1137
f 227/228/1138 222/222/1139 229/229/1140
f 222/222/1141 223/223/1142 229/229/1143
f 225/225/1144 203/203/1145 230/230/1146
f 203/203/1147 231/231/1148 230/230/1149
f 203/203/1150 228/227/1151 231/231/1152
f 196/196/1153 233/232/1154 232/233/1155
f 232/233/1156 234/234/1157 196/196/1158
f 234/234/1159 184/183/1160 196/196/1161
f 234/234/1162 235/235/1163 184/183/1164
f 235/235/1165 179/179/1166 184/183/1167
f 235/235/1168 236/236/1169 179/179/1170
f 236/236/1171 164/164/1172 179/179/1173
f 236/236/1174 237/237/1175 164/164/1176
f 237/237/1177 161/161/1178 164/164/1179
f 237/237/1180 238/238/1181 161/161/1182
f 238/238/1183 160/159/1184 161/161/1185
f 238/238/1186 239/239/1187 160/159/1188
f 239/239/1189 174/174/1190 160/159/1191
f 239/239/1192 240/240/1193 174/174/1194
f 240/240/1195 176/176/1196 174/174/1197
f 240/240/1198 241/241/1199 176/176/1200
f 241/241/1201 178/178/1202 176/176/1203
f 241/241/1204 242/242/1205 178/178/1206
f 242/242/1207 201/201/1208 178/178/1209
f 242/242/1210 243/243/1211 201/201/1212
f 243/243/1213 203/203/1214 201/201/1215
f 243/243/1216 244/244/1217 203/203/1218
f 244/244/1219 227/228/1220 203/203/1221
f 244/244/1222 245/245/1223 227/228/1224
f 245/245/1225 222/222/1226 227/228/1227
f 245/245/1228 246/246/1229 222/222/1230
f 246/246/1231 220/220/1232 222/222/1233
f 246/246/1234 247/247/1235 220/220/1236
f 247/247/1237 170/170/1238 220/220/1239
f 247/247/1240 248/248/1241 170/170/1242
f 248/248/1243 168/169/1244 170/170/1245
f 248/248/1246 249/249/1247 168/169/1248
f 249/249/1249 190/190/1250 168/169/1251
f 249/249/1252 250/250/1253 190/190/1254
f 250/250/1255 192/192/1256 190/190/1257
f 250/250/1258 233/232/1259 192/192/1260
f 233/232/1261 194/194/1262 192/192/1263
f 233/232/1264 196/196/1265 194/194/1266
f 234/234/1267 251/251/1268 235/235/1269
f 250/250/1270 251/251/1271 233/232/1272
f 251/251/1273 232/233/1274 233/232/1275
f 251/251/1276 234/234/1277 232/233/1278
f 247/247/1279 251/251/1280 248/248/1281
f 251/251/1282 249/249/1283 248/248/1284
f 251/251/1285 250/250/1286 249/249/1287
f 244/244/1288 251/251/1289 245/245/1290
f 251/251/1291 246/246/1292 245/245/1293
f 251/251/1294 247/247/1295 246/246/1296
f 241/241/1297 251/251/1298 242/242/1299
f 251/251/1300 243/243/1301 242/242/1302
f 251/251/1303 244/244/1304 243/243/1305
f 238/238/1306 251/251/1307 239/239/1308
f 251/251/1309 240/240/1310 239/239/1311
f 251/251/1312 241/241/1313 240/240/1314
f 235/235/1315 251/251/1316 236/236/1317
f 251/251/1318 237/237/1319 236/236/1320
f 251/251/1321 238/238/1322 237/237/1323
f 252/252/1324 254/253/1325 253/254/1326
f 252/252/1327 253/254/1328 255/255/1329
f 253/254/1330 256/256/1331 255/255/1332
f 258/257/1333 254/253/1334 257/258/1335
f 254/253/1336 252/252/1337 257/258/1338
f 259/259/1339 261/260/1340 260/261/1341
f 259/259/1342 262/262/1343 261/260/1344
f 263/263/1345 265/264/1346 264/265/1347
f 265/264/1348 266/266/1349 264/265/1350
f 265/264/1351 267/267/1352 266/266/1353
f 261/260/1354 262/262/1355 268/268/1356
f 262/262/1357 269/269/1358 268/268/1359
f 262/262/1360 263/263/1361 269/269/1362
f 263/263/1363 270/270/1364 269/269/1365
f 263/263/1366 264/265/1367 270/270/1368
f 271/271/1369 273/272/1370 272/273/1371
f 273/272/1372 274/274/1373 272/273/1374
f 273/272/1375 275/275/1376 274/274/1377
f 274/274/1378 275/275/1379 276/276/1380
f 275/275/1381 277/277/1382 276/276/1383
f 275/275/1384 278/278/1385 277/277/1386
f 278/278/1387 279/279/1388 277/277/1389
f 278/278/1390 267/267/1391 279/279/1392
f 267/267/1393 265/264/1394 279/279/1395
f 281/280/1396 283/281/1397 282/282/1398
f 283/281/1399 280/283/1400 282/282/1401
f 284/284/1402 286/285/1403 285/286/1404
f 285/286/1405 287/287/1406 284/284/1407
f 287/287/1408 261/260/1409 284/284/1410
f 287/287/1411 260/261/1412 261/260/1413
f 286/285/1414 289/288/1415 288/289/1416
f 286/285/1417 284/284/1418 289/288/1419
f 291/290/1420 286/285/1421 288/289/1422
f 291/290/1423 290/291/1424 286/285/1425
f 292/292/1426 290/291/1427 293/293/1428
f 290/291/1429 292/292/1430 286/285/1431
f 292/292/1432 285/286/1433 286/285/1434
f 292/292/1435 296/294/1436 285/286/1437
f 296/294/1438 287/287/1439 285/286/1440
f 296/294/1441 295/295/1442 287/287/1443
f 295/295/1444 260/261/1445 287/287/1446
f 295/295/1447 294/296/1448 260/261/1449
f 297/297/1450 294/296/1451 298/298/1452
f 294/296/1453 299/299/1454 298/298/1455
f 294/296/1456 295/295/1457 299/299/1458
f 300/300/1459 280/283/1460 301/301/1461
f 280/283/1462 283/281/1463 301/301/1464
f 272/273/1465 301/301/1466 283/281/1467
f 257/258/1468 252/252/1469 300/300/1470
f 252/252/1471 280/283/1472 300/300/1473
f 252/252/1474 255/255/1475 280/283/1476
f 294/296/1477 259/259/1478 260/261/1479
f 297/297/1480 259/259/1481 294/296/1482
f 297/297/1483 302/302/1484 259/259/1485
f 302/302/1486 262/262/1487 259/259/1488
f 302/302/1489 303/303/1490 262/262/1491
f 303/303/1492 304/304/1493 262/262/1494
f 262/262/1495 304/304/1496 263/263/1497
f 304/304/1498 265/264/1499 263/263/1500
f 304/304/1501 305/305/1502 265/264/1503
f 305/305/1504 306/306/1505 265/264/1506
f 306/306/1507 279/279/1508 265/264/1509
f 306/306/1510 307/307/1511 279/279/1512
f 307/307/1513 277/277/1514 279/279/1515
f 307/307/1516 308/308/1517 277/277/1518
f 308/308/1519 276/276/1520 277/277/1521
f 308/308/1522 309/309/1523 276/276/1524
f 309/309/1525 274/274/1526 276/276/1527
f 309/309/1528 301/301/1529 274/274/1530
f 301/301/1531 272/273/1532 274/274/1533
f 310/310/1534 312/311/1535 311/312/1536
f 312/311/1537 313/313/1538 311/312/1539
f 312/311/1540 314/314/1541 313/313/1542
f 314/314/1543 315/315/1544 313/313/1545
f 315/315/1546 316/316/1547 313/313/1548
f 315/315/1549 317/317/1550 316/316/1551
f 318/318/1552 282/282/1553 255/255/1554
f 282/282/1555 280/283/1556 255/255/1557
f 319/319/1558 321/320/1559 320/321/1560
f 273/272/1561 322/322/1562 275/275/1563
f 268/268/1564 323/323/1565 261/260/1566
f 323/323/1567 324/324/1568 261/260/1569
f 323/323/1570 325/325/1571 324/324/1572
f 326/326/1573 266/266/1574 267/267/1575
f 264/265/1576 323/323/1577 270/270/1578
f 323/323/1579 269/269/1580 270/270/1581
f 323/323/1582 268/268/1583 269/269/1584
f 322/322/1585 326/326/1586 275/275/1587
f 326/326/1588 278/278/1589 275/275/1590
f 326/326/1591 267/267/1592 278/278/1593
f 271/271/1594 327/327/1595 273/272/1596
f 327/327/1597 322/322/1598 273/272/1599
f 327/327/1600 328/328/1601 322/322/1602
f 328/328/1603 329/329/1604 322/322/1605
f 329/329/1606 330/330/1607 320/321/1608
f 330/330/1609 319/319/1610 320/321/1611
f 331/331/1612 333/332/1613 332/333/1614
f 334/334/1615 331/331/1616 335/335/1617
f 337/336/1618 338/337/1619 336/338/1620
f 337/336/1621 339/339/1622 338/337/1623
f 339/339/1624 337/336/1625 340/340/1626
f 337/336/1627 334/334/1628 340/340/1629
f 334/334/1630 335/335/1631 340/340/1632
f 325/325/1633 323/323/1634 341/341/1635
f 323/323/1636 342/342/1637 341/341/1638
f 323/323/1639 321/320/1640 342/342/1641
f 320/321/1642 322/322/1643 329/329/1644
f 320/321/1645 321/320/1646 322/322/1647
f 321/320/1648 326/326/1649 322/322/1650
f 321/320/1651 323/323/1652 326/326/1653
f 323/323/1654 266/266/1655 326/326/1656
f 323/323/1657 264/265/1658 266/266/1659
f 341/341/1660 342/342/1661 336/338/1662
f 342/342/1663 337/336/1664 336/338/1665
f 342/342/1666 321/320/1667 337/336/1668
f 321/320/1669 334/334/1670 337/336/1671
f 321/320/1672 319/319/1673 334/334/1674
f 319/319/1675 331/331/1676 334/334/1677
f 319/319/1678 333/332/1679 331/331/1680
f 319/319/1681 330/330/1682 333/332/1683
f 343/343/1684 344/344/1685 339/339/1686
f 345/345/1687 346/346/1688 343/343/1689
f 346/346/1690 347/347/1691 343/343/1692
f 346/346/1693 348/348/1694 347/347/1695
f 348/348/1696 349/349/1697 347/347/1698
f 348/348/1699 350/350/1700 349/349/1701
f 349/349/1702 352/351/1703 351/352/1704
f 353/353/1705 352/351/1706 350/350/1707
f 352/351/1708 349/349/1709 350/350/1710
f 347/347/1711 344/344/1712 343/343/1713
f 347/347/1714 349/349/1715 344/344/1716
f 349/349/1717 351/352/1718 344/344/1719
f 354/354/1720 356/355/1721 355/356/1722
f 356/355/1723 357/357/1724 355/356/1725
f 357/357/1726 358/358/1727 355/356/1728
f 357/357/1729 359/359/1730 358/358/1731
f 357/357/1732 360/360/1733 359/359/1734
f 356/355/1735 354/354/1736 361/361/1737
f 354/354/1738 362/362/1739 361/361/1740
f 354/354/1741 363/363/1742 362/362/1743
f 363/363/1744 364/364/1745 362/362/1746
f 363/363/1747 365/365/1748 364/364/1749
f 365/365/1750 366/366/1751 364/364/1752
f 365/365/1753 367/367/1754 366/366/1755
f 367/367/1756 368/368/1757 366/366/1758
f 367/367/1759 369/369/1760 368/368/1761
f 369/369/1762 370/370/1763 368/368/1764
f 369/369/1765 371/371/1766 370/370/1767
f 370/370/1768 371/371/1769 372/372/1770
f 371/371/1771 373/373/1772 372/372/1773
f 371/371/1774 374/374/1775 373/373/1776
f 374/374/1777 375/375/1778 373/373/1779
f 374/374/1780 376/376/1781 375/375/1782
f 376/376/1783 377/377/1784 375/375/1785
f 376/376/1786 378/378/1787 377/377/1788
f 378/378/1789 379/379/1790 377/377/1791
f 379/379/1792 380/380/1793 377/377/1794
f 379/379/1795 381/381/1796 380/380/1797
f 298/298/1798 299/299/1799 381/381/1800
f 299/299/1801 380/380/1802 381/381/1803
f 382/382/1804 384/383/1805 383/384/1806
f 384/383/1807 385/385/1808 383/384/1809
f 384/383/1810 386/386/1811 385/385/1812
f 386/386/1813 387/387/1814 385/385/1815
f 386/386/1816 388/388/1817 387/387/1818
f 388/388/1819 350/350/1820 387/387/1821
f 388/388/1822 353/353/1823 350/350/1824
f 389/389/1825 390/390/1826 345/345/1827
f 390/390/1828 346/346/1829 345/345/1830
f 391/391/1831 389/389/1832 392/392/1833
f 393/393/1834 395/394/1835 394/395/1836
f 394/395/1837 396/396/1838 393/393/1839
f 394/395/1840 397/397/1841 396/396/1842
f 397/397/1843 398/398/1844 396/396/1845
f 399/399/1846 401/400/1847 400/401/1848
f 401/400/1849 402/402/1850 400/401/1851
f 401/400/1852 403/403/1853 402/402/1854
f 403/403/1855 404/404/1856 402/402/1857
f 403/403/1858 405/405/1859 404/404/1860
f 383/384/1861 406/406/1862 382/382/1863
f 383/384/1864 405/405/1865 406/406/1866
f 407/407/1867 391/391/1868 408/408/1869
f 391/391/1870 409/409/1871 408/408/1872
f 391/391/1873 392/392/1874 409/409/1875
f 389/389/1876 391/391/1877 390/390/1878
f 391/391/1879 410/410/1880 390/390/1881
f 391/391/1882 407/407/1883 410/410/1884
f 393/393/1885 396/396/1886 411/411/1887
f 396/396/1888 412/412/1889 411/411/1890
f 396/396/1891 398/398/1892 412/412/1893
f 398/398/1894 413/413/1895 412/412/1896
f 400/401/1897 402/402/1898 413/413/1899
f 402/402/1900 412/412/1901 413/413/1902
f 402/402/1903 404/404/1904 412/412/1905
f 404/404/1906 411/411/1907 412/412/1908
f 404/404/1909 408/408/1910 411/411/1911
f 408/408/1912 393/393/1913 411/411/1914
f 408/408/1915 409/409/1916 393/393/1917
f 409/409/1918 395/394/1919 393/393/1920
f 409/409/1921 392/392/1922 395/394/1923
f 346/346/1924 390/390/1925 348/348/1926
f 390/390/1927 350/350/1928 348/348/1929
f 390/390/1930 410/410/1931 350/350/1932
f 410/410/1933 387/387/1934 350/350/1935
f 410/410/1936 407/407/1937 387/387/1938
f 407/407/1939 385/385/1940 387/387/1941
f 407/407/1942 408/408/1943 385/385/1944
f 408/408/1945 383/384/1946 385/385/1947
f 408/408/1948 404/404/1949 383/384/1950
f 404/404/1951 405/405/1952 383/384/1953
f 400/401/1954 414/414/1955 399/399/1956
f 414/414/1957 415/415/1958 399/399/1959
f 400/401/1960 413/413/1961 414/414/1962
f 413/413/1963 416/416/1964 414/414/1965
f 413/413/1966 398/398/1967 416/416/1968
f 398/398/1969 417/417/1970 416/416/1971
f 398/398/1972 397/397/1973 417/417/1974
f 415/415/1975 414/414/1976 418/418/1977
f 414/414/1978 419/419/1979 418/418/1980
f 414/414/1981 416/416/1982 419/419/1983
f 416/416/1984 420/420/1985 419/419/1986
f 416/416/1987 417/417/1988 420/420/1989
f 417/417/1990 421/421/1991 420/420/1992
f 422/422/1993 424/423/1994 423/424/1995
f 421/421/1996 425/425/1997 420/420/1998
f 425/425/1999 419/419/2000 420/420/2001
f 425/425/2002 426/426/2003 419/419/2004
f 426/426/2005 427/427/2006 419/419/2007
f 426/426/2008 428/428/2009 427/427/2010
f 429/429/2011 431/430/2012 430/431/2013
f 431/430/2014 432/432/2015 430/431/2016
f 431/430/2017 424/423/2018 432/432/2019
f 424/423/2020 433/433/2021 432/432/2022
f 424/423/2023 422/422/2024 433/433/2025
f 434/434/2026 432/432/2027 433/433/2028
f 434/434/2029 435/435/2030 432/432/2031
f 435/435/2032 430/431/2033 432/432/2034
f 435/435/2035 436/436/2036 430/431/2037
f 437/437/2038 436/436/2039 438/438/2040
f 428/428/2041 439/439/2042 427/427/2043
f 439/439/2044 440/440/2045 427/427/2046
f 439/439/2047 429/429/2048 440/440/2049
f 429/429/2050 437/437/2051 440/440/2052
f 429/429/2053 430/431/2054 437/437/2055
f 430/431/2056 436/436/2057 437/437/2058
f 442/441/2059 443/442/2060 441/443/2061
f 443/442/2062 444/444/2063 441/443/2064
f 443/442/2065 445/445/2066 444/444/2067
f 445/445/2068 418/418/2069 444/444/2070
f 445/445/2071 415/415/2072 418/418/2073
f 419/419/2074 427/427/2075 418/418/2076
f 427/427/2077 444/444/2078 418/418/2079
f 427/427/2080 440/440/2081 444/444/2082
f 440/440/2083 441/443/2084 444/444/2085
f 440/440/2086 437/437/2087 441/443/2088
f 437/437/2089 442/441/2090 441/443/2091
f 437/437/2092 438/438/2093 442/441/2094
f 446/446/2095 448/447/2096 447/448/2097
f 449/449/2098 451/450/2099 450/451/2100
f 451/450/2101 452/452/2102 450/451/2103
f 452/452/2104 453/453/2105 450/451/2106
f 452/452/2107 454/454/2108 453/453/2109
f 454/454/2110 455/455/2111 453/453/2112
f 454/454/2113 456/456/2114 455/455/2115
f 456/456/2116 457/457/2117 455/455/2118
f 456/456/2119 458/458/2120 457/457/2121
f 459/459/2122 455/455/2123 460/460/2124
f 460/460/2125 455/455/2126 461/461/2127
f 455/455/2128 457/457/2129 461/461/2130
f 424/423/2131 431/430/2132 462/462/2133
f 431/430/2134 463/463/2135 462/462/2136
f 431/430/2137 429/429/2138 463/463/2139
f 429/429/2140 464/464/2141 463/463/2142
f 429/429/2143 439/439/2144 464/464/2145
f 439/439/2146 465/465/2147 464/464/2148
f 439/439/2149 428/428/2150 465/465/2151
f 466/466/2152 425/425/2153 421/421/2154
f 467/467/2155 465/465/2156 468/468/2157
f 465/465/2158 466/466/2159 468/468/2160
f 466/466/2161 465/465/2162 425/425/2163
f 465/465/2164 426/426/2165 425/425/2166
f 465/465/2167 428/428/2168 426/426/2169
f 451/450/2170 449/449/2171 469/469/2172
f 449/449/2173 470/470/2174 469/469/2175
f 470/470/2176 471/471/2177 469/469/2178
f 470/470/2179 472/472/2180 471/471/2181
f 472/472/2182 473/473/2183 471/471/2184
f 474/474/2185 475/475/2186 467/467/2187
f 475/475/2188 465/465/2189 467/467/2190
f 475/475/2191 476/476/2192 465/465/2193
f 476/476/2194 464/464/2195 465/465/2196
f 476/476/2197 477/477/2198 464/464/2199
f 477/477/2200 463/463/2201 464/464/2202
f 477/477/2203 448/447/2204 463/463/2205
f 448/447/2206 462/462/2207 463/463/2208
f 448/447/2209 446/446/2210 462/462/2211
f 446/446/2212 424/423/2213 462/462/2214
f 472/472/2215 470/470/2216 474/474/2217
f 470/470/2218 475/475/2219 474/474/2220
f 470/470/2221 449/449/2222 475/475/2223
f 449/449/2224 476/476/2225 475/475/2226
f 449/449/2227 450/451/2228 476/476/2229
f 450/451/2230 477/477/2231 476/476/2232
f 450/451/2233 453/453/2234 477/477/2235
f 453/453/2236 448/447/2237 477/477/2238
f 453/453/2239 455/455/2240 448/447/2241
f 455/455/2242 447/448/2243 448/447/2244
f 455/455/2245 459/459/2246 447/448/2247
f 459/459/2248 446/446/2249 447/448/2250
f 459/459/2251 478/478/2252 446/446/2253
f 478/478/2254 424/423/2255 446/446/2256
f 478/478/2257 423/424/2258 424/423/2259
f 458/458/2260 480/479/2261 479/480/2262
f 481/481/2263 500/482/2264 479/480/2265
f 479/480/2266 482/483/2267 481/481/2268
f 482/483/2269 479/480/2270 483/484/2271
f 479/480/2272 480/479/2273 483/484/2274
f 480/479/2275 484/485/2276 483/484/2277
f 480/479/2278 485/486/2279 484/485/2280
f 458/458/2281 456/456/2282 480/479/2283
f 456/456/2284 486/487/2285 480/479/2286
f 456/456/2287 454/454/2288 486/487/2289
f 454/454/2290 452/452/2291 487/488/2292
f 452/452/2293 488/489/2294 487/488/2295
f 452/452/2296 451/450/2297 488/489/2298
f 451/450/2299 469/469/2300 488/489/2301
f 469/469/2302 489/490/2303 488/489/2304
f 469/469/2305 490/491/2306 489/490/2307
f 469/469/2308 471/471/2309 490/491/2310
f 471/471/2311 473/473/2312 490/491/2313
f 473/473/2314 491/492/2315 490/491/2316
f 492/493/2317 493/494/2318 491/492/2319
f 493/494/2320 490/491/2321 491/492/2322
f 493/494/2323 494/495/2324 490/491/2325
f 494/495/2326 489/490/2327 490/491/2328
f 494/495/2329 488/489/2330 489/490/2331
f 494/495/2332 495/496/2333 488/489/2334
f 454/454/2335 487/488/2336 486/487/2337
f 487/488/2338 496/497/2339 486/487/2340
f 487/488/2341 488/489/2342 496/497/2343
f 488/489/2344 497/498/2345 496/497/2346
f 488/489/2347 495/496/2348 497/498/2349
f 502/499/2350 501/500/2351 500/482/2352 481/481/2353
f 502/499/2354 503/501/2355 501/500/2356
f 503/501/2357 499/502/2358 504/503/2359 501/500/2360
f 505/504/2361 510/505/2362 509/506/2363 506/507/2364
f 507/508/2365 506/507/2366 508/509/2367
f 506/507/2368 509/506/2369 508/509/2370
f 512/510/2371 511/511/2372 510/505/2373 505/504/2374
f 513/512/2375 498/513/2376 511/511/2377 512/510/2378
f 504/503/2379 499/502/2380 498/513/2381 513/512/2382
f 514/514/2383 516/515/2384 515/516/2385
f 516/515/2386 517/517/2387 515/516/2388
f 518/518/2389 520/519/2390 519/520/2391
f 522/521/2392 523/522/2393 521/523/2394
f 524/524/2395 526/525/2396 525/526/2397
f 526/525/2398 527/527/2399 525/526/2400
f 526/525/2401 528/528/2402 527/527/2403
f 528/528/2404 529/529/2405 527/527/2406
f 517/517/2407 516/515/2408 530/530/2409
f 516/515/2410 531/531/2411 530/530/2412
f 516/515/2413 532/532/2414 531/531/2415
f 532/532/2416 533/533/2417 531/531/2418
f 532/532/2419 524/524/2420 533/533/2421
f 524/524/2422 534/534/2423 533/533/2424
f 524/524/2425 525/526/2426 534/534/2427
f 507/508/2428 535/535/2429 506/507/2430
f 535/535/2431 505/504/2432 506/507/2433
f 507/508/2434 536/536/2435 535/535/2436
f 536/536/2437 537/537/2438 535/535/2439
f 536/536/2440 538/538/2441 537/537/2442
f 538/538/2443 539/539/2444 537/537/2445
f 539/539/2446 540/540/2447 537/537/2448
f 539/539/2449 541/541/2450 540/540/2451
f 541/541/2452 542/542/2453 540/540/2454
f 541/541/2455 543/543/2456 542/542/2457
f 543/543/2458 544/544/2459 542/542/2460
f 544/544/2461 545/545/2462 542/542/2463
f 544/544/2464 546/546/2465 545/545/2466
f 546/546/2467 547/547/2468 545/545/2469
f 547/547/2470 548/548/2471 545/545/2472
f 547/547/2473 549/549/2474 548/548/2475
f 550/550/2476 552/551/2477 551/552/2478
f 552/551/2479 553/553/2480 551/552/2481
f 552/551/2482 548/548/2483 553/553/2484
f 548/548/2485 549/549/2486 553/553/2487
f 518/518/2488 554/554/2489 520/519/2490
f 518/518/2491 550/550/2492 554/554/2493
f 550/550/2494 555/555/2495 554/554/2496
f 550/550/2497 551/552/2498 555/555/2499
f 556/556/2500 558/557/2501 557/558/2502
f 556/556/2503 559/559/2504 558/557/2505
f 560/560/2506 561/561/2507 556/556/2508
f 561/561/2509 559/559/2510 556/556/2511
f 561/561/2512 562/562/2513 559/559/2514
f 562/562/2515 523/522/2516 559/559/2517
f 558/557/2518 559/559/2519 563/563/2520
f 559/559/2521 564/564/2522 563/563/2523
f 559/559/2524 523/522/2525 564/564/2526
f 523/522/2527 565/565/2528 564/564/2529
f 523/522/2530 522/521/2531 565/565/2532
f 514/514/2533 566/566/2534 516/515/2535
f 566/566/2536 532/532/2537 516/515/2538
f 566/566/2539 567/567/2540 532/532/2541
f 567/567/2542 524/524/2543 532/532/2544
f 567/567/2545 568/568/2546 524/524/2547
f 568/568/2548 526/525/2549 524/524/2550
f 568/568/2551 560/560/2552 526/525/2553
f 560/560/2554 528/528/2555 526/525/2556
f 560/560/2557 556/556/2558 528/528/2559
f 556/556/2560 529/529/2561 528/528/2562
f 556/556/2563 557/558/2564 529/529/2565
f 514/514/2566 515/516/2567 569/569/2568
f 515/516/2569 512/510/2570 569/569/2571
f 515/516/2572 513/512/2573 512/510/2574
f 500/482/2575 501/500/2576 517/517/2577
f 501/500/2578 515/516/2579 517/517/2580
f 501/500/2581 504/503/2582 515/516/2583
f 504/503/2584 513/512/2585 515/516/2586
f 505/504/2587 535/535/2588 512/510/2589
f 535/535/2590 569/569/2591 512/510/2592
f 535/535/2593 537/537/2594 569/569/2595
f 537/537/2596 514/514/2597 569/569/2598
f 537/537/2599 540/540/2600 514/514/2601
f 540/540/2602 566/566/2603 514/514/2604
f 540/540/2605 542/542/2606 566/566/2607
f 542/542/2608 567/567/2609 566/566/2610
f 542/542/2611 545/545/2612 567/567/2613
f 545/545/2614 568/568/2615 567/567/2616
f 545/545/2617 548/548/2618 568/568/2619
f 548/548/2620 560/560/2621 568/568/2622
f 548/548/2623 552/551/2624 560/560/2625
f 552/551/2626 561/561/2627 560/560/2628
f 552/551/2629 550/550/2630 561/561/2631
f 550/550/2632 562/562/2633 561/561/2634
f 550/550/2635 518/518/2636 562/562/2637
f 518/518/2638 523/522/2639 562/562/2640
f 518/518/2641 519/520/2642 523/522/2643
f 519/520/2644 521/523/2645 523/522/2646
f 570/570/2647 521/523/2648 519/520/2649
f 571/571/2650 572/572/2651 521/523/2652
f 571/571/2653 521/523/2654 573/573/2655
f 521/523/2656 574/574/2657 573/573/2658
f 521/523/2659 570/570/2660 574/574/2661
f 577/575/2662 575/576/2663 578/577/2664
f 575/576/2665 577/575/2666 576/578/2667
f 577/575/2668 574/574/2669 576/578/2670
f 577/575/2671 573/573/2672 574/574/2673
f 355/356/2674 579/579/2675 580/580/2676
f 355/356/2677 358/358/2678 579/579/2679
f 580/580/2680 579/579/2681 581/581/2682
f 579/579/2683 582/582/2684 581/581/2685
f 579/579/2686 578/577/2687 582/582/2688
f 579/579/2689 358/358/2690 578/577/2691
f 358/358/2692 359/359/2693 578/577/2694
f 583/583/2695 585/584/2696 584/585/2697
f 281/280/2698 586/586/2699 283/281/2700
f 586/586/2701 272/273/2702 283/281/2703
f 586/586/2704 271/271/2705 272/273/2706
f 585/584/2707 587/587/2708 584/585/2709
f 585/584/2710 586/586/2711 587/587/2712
f 586/586/2713 281/280/2714 587/587/2715
f 588/588/2716 590/589/2717 589/590/2718
f 332/333/2719 333/332/2720 589/590/2721
f 333/332/2722 588/588/2723 589/590/2724
f 333/332/2725 591/591/2726 588/588/2727
f 591/591/2728 590/589/2729 588/588/2730
f 591/591/2731 592/592/2732 590/589/2733
f 583/583/2734 592/592/2735 585/584/2736
f 592/592/2737 593/593/2738 585/584/2739
f 592/592/2740 591/591/2741 593/593/2742
f 591/591/2743 330/330/2744 593/593/2745
f 591/591/2746 333/332/2747 330/330/2748
f 271/271/2749 586/586/2750 327/327/2751
f 586/586/2752 328/328/2753 327/327/2754
f 586/586/2755 585/584/2756 328/328/2757
f 585/584/2758 329/329/2759 328/328/2760
f 585/584/2761 593/593/2762 329/329/2763
f 593/593/2764 330/330/2765 329/329/2766
f 594/594/2767 595/595/2768 332/333/2769
f 596/596/2770 345/345/2771 343/343/2772
f 339/339/2773 340/340/2774 343/343/2775
f 340/340/2776 596/596/2777 343/343/2778
f 340/340/2779 597/597/2780 596/596/2781
f 345/345/2782 596/596/2783 598/598/2784
f 596/596/2785 599/599/2786 598/598/2787
f 596/596/2788 597/597/2789 599/599/2790
f 597/597/2791 595/595/2792 599/599/2793
f 332/333/2794 595/595/2795 331/331/2796
f 595/595/2797 335/335/2798 331/331/2799
f 595/595/2800 597/597/2801 335/335/2802
f 597/597/2803 340/340/2804 335/335/2805
f 600/600/2806 602/601/2807 601/602/2808
f 602/601/2809 603/603/2810 601/602/2811
f 376/376/2812 605/604/2813 604/605/2814
f 302/302/2815 606/606/2816 303/303/2817
f 607/607/2818 609/608/2819 608/609/2820
f 609/608/2821 309/309/2822 608/609/2823
f 609/608/2824 301/301/2825 309/309/2826
f 610/610/2827 611/611/2828 307/307/2829
f 611/611/2830 308/308/2831 307/307/2832
f 304/304/2833 610/610/2834 305/305/2835
f 610/610/2836 306/306/2837 305/305/2838
f 610/610/2839 307/307/2840 306/306/2841
f 297/297/2842 298/298/2843 302/302/2844
f 298/298/2845 606/606/2846 302/302/2847
f 298/298/2848 381/381/2849 606/606/2850
f 381/381/2851 379/379/2852 606/606/2853
f 378/378/2854 612/612/2855 379/379/2856
f 612/612/2857 606/606/2858 379/379/2859
f 612/612/2860 610/610/2861 606/606/2862
f 610/610/2863 303/303/2864 606/606/2865
f 610/610/2866 304/304/2867 303/303/2868
f 376/376/2869 374/374/2870 605/604/2871
f 374/374/2872 613/613/2873 605/604/2874
f 374/374/2875 371/371/2876 613/613/2877
f 371/371/2878 369/369/2879 613/613/2880
f 369/369/2881 614/614/2882 613/613/2883
f 369/369/2884 367/367/2885 614/614/2886
f 367/367/2887 615/615/2888 614/614/2889
f 367/367/2890 365/365/2891 615/615/2892
f 365/365/2893 616/616/2894 615/615/2895
f 365/365/2896 363/363/2897 616/616/2898
f 363/363/2899 617/617/2900 616/616/2901
f 363/363/2902 354/354/2903 617/617/2904
f 354/354/2905 618/618/2906 617/617/2907
f 580/580/2908 354/354/2909 355/356/2910
f 580/580/2911 618/618/2912 354/354/2913
f 604/605/2914 605/604/2915 619/619/2916
f 605/604/2917 620/620/2918 619/619/2919
f 605/604/2920 613/613/2921 620/620/2922
f 613/613/2923 614/614/2924 620/620/2925
f 607/607/2926 608/609/2927 621/621/2928
f 608/609/2929 622/622/2930 621/621/2931
f 608/609/2932 623/623/2933 622/622/2934
f 623/623/2935 600/600/2936 622/622/2937
f 623/623/2938 624/624/2939 600/600/2940
f 624/624/2941 602/601/2942 600/600/2943
f 624/624/2944 604/605/2945 602/601/2946
f 604/605/2947 603/603/2948 602/601/2949
f 604/605/2950 619/619/2951 603/603/2952
f 376/376/2953 604/605/2954 378/378/2955
f 604/605/2956 612/612/2957 378/378/2958
f 604/605/2959 624/624/2960 612/612/2961
f 624/624/2962 610/610/2963 612/612/2964
f 624/624/2965 623/623/2966 610/610/2967
f 623/623/2968 611/611/2969 610/610/2970
f 623/623/2971 608/609/2972 611/611/2973
f 608/609/2974 308/308/2975 611/611/2976
f 608/609/2977 309/309/2978 308/308/2979
f 625/625/2980 627/626/2981 626/627/2982
f 628/628/2983 630/629/2984 629/630/2985
f 392/392/2986 389/389/2987 631/631/2988
f 389/389/2989 598/598/2990 631/631/2991
f 389/389/2992 345/345/2993 598/598/2994
f 632/632/2995 633/633/2996 594/594/2997
f 633/633/2998 595/595/2999 594/594/3000
f 632/632/3001 634/634/3002 626/627/3003
f 634/634/3004 625/625/3005 626/627/3006
f 635/635/3007 637/636/3008 636/637/3009
f 638/638/3010 640/639/3011 639/640/3012
f 640/639/3013 636/637/3014 639/640/3015
f 642/641/3016 644/642/3017 643/643/3018
f 642/641/3019 395/394/3020 645/644/3021
f 395/394/3022 646/645/3023 645/644/3024
f 395/394/3025 392/392/3026 646/645/3027
f 395/394/3028 642/641/3029 394/395/3030
f 642/641/3031 643/643/3032 394/395/3033
f 643/643/3034 397/397/3035 394/395/3036
f 647/646/3037 648/647/3038 646/645/3039
f 648/647/3040 645/644/3041 646/645/3042
f 648/647/3043 649/648/3044 645/644/3045
f 649/648/3046 642/641/3047 645/644/3048
f 649/648/3049 650/649/3050 642/641/3051
f 650/649/3052 644/642/3053 642/641/3054
f 650/649/3055 638/638/3056 644/642/3057
f 628/628/3058 651/650/3059 630/629/3060
f 651/650/3061 652/651/3062 630/629/3063
f 651/650/3064 653/652/3065 652/651/3066
f 653/652/3067 627/626/3068 652/651/3069
f 627/626/3070 654/653/3071 652/651/3072
f 627/626/3073 625/625/3074 654/653/3075
f 632/632/3076 626/627/3077 633/633/3078
f 626/627/3079 655/654/3080 633/633/3081
f 626/627/3082 627/626/3083 655/654/3084
f 627/626/3085 656/655/3086 655/654/3087
f 627/626/3088 653/652/3089 656/655/3090
f 653/652/3091 657/656/3092 656/655/3093
f 653/652/3094 651/650/3095 657/656/3096
f 651/650/3097 658/657/3098 657/656/3099
f 651/650/3100 628/628/3101 658/657/3102
f 636/637/3103 640/639/3104 635/635/3105
f 640/639/3106 659/658/3107 635/635/3108
f 640/639/3109 660/659/3110 659/658/3111
f 660/659/3112 661/660/3113 659/658/3114
f 660/659/3115 662/661/3116 661/660/3117
f 662/661/3118 663/662/3119 661/660/3120
f 662/661/3121 664/663/3122 663/662/3123
f 638/638/3124 641/664/3125 640/639/3126
f 641/664/3127 660/659/3128 640/639/3129
f 641/664/3130 665/665/3131 660/659/3132
f 665/665/3133 662/661/3134 660/659/3135
f 665/665/3136 666/666/3137 662/661/3138
f 666/666/3139 664/663/3140 662/661/3141
f 666/666/3142 667/667/3143 664/663/3144
f 638/638/3145 650/649/3146 641/664/3147
f 650/649/3148 665/665/3149 641/664/3150
f 650/649/3151 649/648/3152 665/665/3153
f 649/648/3154 666/666/3155 665/665/3156
f 649/648/3157 648/647/3158 666/666/3159
f 648/647/3160 667/667/3161 666/666/3162
f 648/647/3163 647/646/3164 667/667/3165
f 392/392/3166 631/631/3167 646/645/3168
f 631/631/3169 647/646/3170 646/645/3171
f 631/631/3172 598/598/3173 647/646/3174
f 598/598/3175 667/667/3176 647/646/3177
f 598/598/3178 599/599/3179 667/667/3180
f 599/599/3181 664/663/3182 667/667/3183
f 599/599/3184 595/595/3185 664/663/3186
f 595/595/3187 663/662/3188 664/663/3189
f 595/595/3190 633/633/3191 663/662/3192
f 633/633/3193 661/660/3194 663/662/3195
f 633/633/3196 655/654/3197 661/660/3198
f 655/654/3199 659/658/3200 661/660/3201
f 655/654/3202 656/655/3203 659/658/3204
f 656/655/3205 635/635/3206 659/658/3207
f 656/655/3208 657/656/3209 635/635/3210
f 657/656/3211 637/636/3212 635/635/3213
f 657/656/3214 658/657/3215 637/636/3216
f 472/472/3217 669/668/3218 668/669/3219
f 643/643/3220 417/417/3221 397/397/3222
f 644/642/3223 638/638/3224 670/670/3225
f 638/638/3226 669/668/3227 670/670/3228
f 638/638/3229 639/640/3230 669/668/3231
f 639/640/3232 668/669/3233 669/668/3234
f 639/640/3235 636/637/3236 668/669/3237
f 472/472/3238 668/669/3239 473/473/3240
f 668/669/3241 636/637/3242 473/473/3243
f 466/466/3244 670/670/3245 468/468/3246
f 670/670/3247 467/467/3248 468/468/3249
f 670/670/3250 669/668/3251 467/467/3252
f 669/668/3253 474/474/3254 467/467/3255
f 669/668/3256 472/472/3257 474/474/3258
f 644/642/3259 670/670/3260 643/643/3261
f 670/670/3262 417/417/3263 643/643/3264
f 670/670/3265 466/466/3266 417/417/3267
f 466/466/3268 421/421/3269 417/417/3270
f 636/637/3271 491/492/3272 473/473/3273
f 637/636/3274 491/492/3275 636/637/3276
f 637/636/3277 658/657/3278 491/492/3279
f 658/657/3280 492/493/3281 491/492/3282
f 658/657/3283 628/628/3284 492/493/3285
f 673/671/3286 675/672/3287 674/673/3288
f 675/672/3289 676/674/3290 674/673/3291
f 675/672/3292 671/675/3293 676/674/3294
f 677/676/3295 678/677/3296 486/487/3297
f 678/677/3298 480/479/3299 486/487/3300
f 678/677/3301 485/486/3302 480/479/3303
f 677/676/3304 486/487/3305 673/671/3306
f 486/487/3307 496/497/3308 673/671/3309
f 496/497/3310 675/672/3311 673/671/3312
f 496/497/3313 497/498/3314 675/672/3315
f 497/498/3316 495/496/3317 679/678/3318
f 495/496/3319 680/679/3320 679/678/3321
f 495/496/3322 494/495/3323 680/679/3324
f 494/495/3325 681/680/3326 680/679/3327
f 494/495/3328 493/494/3329 681/680/3330
f 493/494/3331 682/681/3332 681/680/3333
f 493/494/3334 492/493/3335 682/681/3336
f 497/498/3337 679/678/3338 675/672/3339
f 679/678/3340 671/675/3341 675/672/3342
f 679/678/3343 680/679/3344 671/675/3345
f 680/679/3346 672/682/3347 671/675/3348
f 680/679/3349 681/680/3350 672/682/3351
f 681/680/3352 683/683/3353 672/682/3354
f 681/680/3355 682/681/3356 683/683/3357
f 682/681/3358 684/684/3359 683/683/3360
f 682/681/3361 492/493/3362 684/684/3363
f 483/484/3364 686/685/3365 685/686/3366
f 483/484/3367 484/485/3368 686/685/3369
f 484/485/3370 687/687/3371 686/685/3372
f 484/485/3373 485/486/3374 687/687/3375
f 481/481/3376 482/483/3377 688/688/3378
f 482/483/3379 685/686/3380 688/688/3381
f 482/483/3382 483/484/3383 685/686/3384
f 689/689/3385 691/690/3386 690/691/3387
f 502/499/3388 692/692/3389 503/501/3390
f 692/692/3391 689/689/3392 503/501/3393
f 692/692/3394 693/693/3395 689/689/3396
f 693/693/3397 691/690/3398 689/689/3399
f 694/694/3400 696/695/3401 695/696/3402
f 694/694/3403 697/697/3404 696/695/3405
f 694/694/3406 690/691/3407 697/697/3408
f 690/691/3409 691/690/3410 697/697/3411
f 481/481/3412 688/688/3413 502/499/3414
f 688/688/3415 692/692/3416 502/499/3417
f 688/688/3418 685/686/3419 692/692/3420
f 685/686/3421 693/693/3422 692/692/3423
f 499/502/3424 689/689/3425 498/513/3426
f 503/501/3427 689/689/3428 499/502/3429
f 690/691/3430 511/511/3431 498/513/3432 689/689/3433
f 694/694/3434 509/506/3435 510/505/3436 511/511/3437 690/691/3438
f 695/696/3439 508/509/3440 509/506/3441 694/694/3442
f 508/509/3443 695/696/3444 698/698/3445
f 695/696/3446 699/699/3447 698/698/3448
f 695/696/3449 696/695/3450 699/699/3451
f 699/699/3452 696/695/3453 700/700/3454
f 696/695/3455 701/701/3456 700/700/3457
f 698/698/3458 702/702/3459 508/509/3460
f 702/702/3461 507/508/3462 508/509/3463
f 554/554/3464 555/555/3465 703/703/3466
f 555/555/3467 551/552/3468 703/703/3469
f 554/554/3470 703/703/3471 520/519/3472
f 703/703/3473 519/520/3474 520/519/3475
f 551/552/3476 553/553/3477 703/703/3478
f 553/553/3479 704/704/3480 703/703/3481
f 553/553/3482 549/549/3483 704/704/3484
f 549/549/3485 547/547/3486 704/704/3487
f 547/547/3488 705/705/3489 704/704/3490
f 547/547/3491 546/546/3492 705/705/3493
f 546/546/3494 544/544/3495 705/705/3496
f 544/544/3497 706/706/3498 705/705/3499
f 544/544/3500 543/543/3501 706/706/3502
f 543/543/3503 707/707/3504 706/706/3505
f 543/543/3506 541/541/3507 707/707/3508
f 541/541/3509 708/708/3510 707/707/3511
f 541/541/3512 539/539/3513 708/708/3514
f 709/709/3515 710/710/3516 536/536/3517
f 710/710/3518 538/538/3519 536/536/3520
f 710/710/3521 711/711/3522 538/538/3523
f 711/711/3524 539/539/3525 538/538/3526
f 711/711/3527 708/708/3528 539/539/3529
f 536/536/3530 702/702/3531 709/709/3532
f 536/536/3533 507/508/3534 702/702/3535
f 712/712/3536 714/713/3537 713/714/3538
f 706/706/3539 715/715/3540 705/705/3541
f 705/705/3542 716/716/3543 704/704/3544
f 570/570/3545 519/520/3546 717/717/3547
f 519/520/3548 703/703/3549 717/717/3550
f 715/715/3551 718/718/3552 705/705/3553
f 718/718/3554 716/716/3555 705/705/3556
f 718/718/3557 714/713/3558 716/716/3559
f 706/706/3560 707/707/3561 715/715/3562
f 707/707/3563 719/719/3564 715/715/3565
f 708/708/3566 720/720/3567 707/707/3568
f 720/720/3569 721/721/3570 707/707/3571
f 721/721/3572 719/719/3573 707/707/3574
f 721/721/3575 723/722/3576 722/723/3577
f 723/722/3578 724/724/3579 722/723/3580
f 723/722/3581 725/725/3582 724/724/3583
f 726/726/3584 728/727/3585 727/728/3586
f 728/727/3587 729/729/3588 727/728/3589
f 728/727/3590 730/730/3591 729/729/3592
f 730/730/3593 731/731/3594 729/729/3595
f 730/730/3596 724/724/3597 731/731/3598
f 724/724/3599 725/725/3600 731/731/3601
f 726/726/3602 732/732/3603 728/727/3604
f 733/733/3605 735/734/3606 734/735/3607
f 736/736/3608 712/712/3609 737/737/3610
f 712/712/3611 713/714/3612 737/737/3613
f 713/714/3614 738/738/3615 737/737/3616
f 724/724/3617 730/730/3618 739/739/3619
f 730/730/3620 735/734/3621 739/739/3622
f 730/730/3623 728/727/3624 735/734/3625
f 728/727/3626 734/735/3627 735/734/3628
f 728/727/3629 732/732/3630 734/735/3631
f 738/738/3632 713/714/3633 733/733/3634
f 713/714/3635 735/734/3636 733/733/3637
f 713/714/3638 714/713/3639 735/734/3640
f 714/713/3641 739/739/3642 735/734/3643
f 714/713/3644 718/718/3645 739/739/3646
f 718/718/3647 724/724/3648 739/739/3649
f 718/718/3650 715/715/3651 724/724/3652
f 715/715/3653 722/723/3654 724/724/3655
f 715/715/3656 719/719/3657 722/723/3658
f 719/719/3659 721/721/3660 722/723/3661
f 574/574/3662 570/570/3663 736/736/3664
f 570/570/3665 712/712/3666 736/736/3667
f 570/570/3668 717/717/3669 712/712/3670
f 717/717/3671 714/713/3672 712/712/3673
f 717/717/3674 703/703/3675 714/713/3676
f 703/703/3677 716/716/3678 714/713/3679
f 703/703/3680 704/704/3681 716/716/3682
f 740/740/3683 742/741/3684 741/742/3685
f 743/743/3686 745/744/3687 744/745/3688
f 743/743/3689 746/746/3690 745/744/3691
f 746/746/3692 747/747/3693 745/744/3694
f 746/746/3695 748/748/3696 747/747/3697
f 748/748/3698 749/749/3699 747/747/3700
f 749/749/3701 750/750/3702 747/747/3703
f 749/749/3704 751/751/3705 750/750/3706
f 751/751/3707 752/752/3708 750/750/3709
f 751/751/3710 753/753/3711 752/752/3712
f 753/753/3713 754/754/3714 752/752/3715
f 753/753/3716 755/755/3717 754/754/3718
f 755/755/3719 756/756/3720 754/754/3721
f 755/755/3722 757/757/3723 756/756/3724
f 757/757/3725 758/758/3726 756/756/3727
f 757/757/3728 742/741/3729 758/758/3730
f 742/741/3731 759/759/3732 758/758/3733
f 742/741/3734 740/740/3735 759/759/3736
f 576/578/3737 758/758/3738 575/576/3739
f 758/758/3740 760/760/3741 575/576/3742
f 758/758/3743 759/759/3744 760/760/3745
f 761/761/3746 762/762/3747 738/738/3748
f 762/762/3749 737/737/3750 738/738/3751
f 762/762/3752 763/763/3753 737/737/3754
f 763/763/3755 736/736/3756 737/737/3757
f 764/764/3758 765/765/3759 733/733/3760
f 765/765/3761 738/738/3762 733/733/3763
f 732/732/3764 764/764/3765 734/735/3766
f 764/764/3767 733/733/3768 734/735/3769
f 766/766/3770 768/767/3771 767/768/3772
f 768/767/3773 726/726/3774 767/768/3775
f 768/767/3776 769/769/3777 726/726/3778
f 769/769/3779 732/732/3780 726/726/3781
f 769/769/3782 770/770/3783 732/732/3784
f 770/770/3785 764/764/3786 732/732/3787
f 771/771/3788 768/767/3789 766/766/3790
f 771/771/3791 772/772/3792 768/767/3793
f 772/772/3794 773/773/3795 768/767/3796
f 744/745/3797 745/744/3798 774/774/3799
f 745/744/3800 775/775/3801 774/774/3802
f 745/744/3803 747/747/3804 775/775/3805
f 747/747/3806 776/776/3807 775/775/3808
f 747/747/3809 750/750/3810 776/776/3811
f 750/750/3812 777/777/3813 776/776/3814
f 750/750/3815 752/752/3816 777/777/3817
f 752/752/3818 761/761/3819 777/777/3820
f 752/752/3821 754/754/3822 761/761/3823
f 754/754/3824 762/762/3825 761/761/3826
f 754/754/3827 756/756/3828 762/762/3829
f 756/756/3830 763/763/3831 762/762/3832
f 756/756/3833 758/758/3834 763/763/3835
f 758/758/3836 736/736/3837 763/763/3838
f 758/758/3839 576/578/3840 736/736/3841
f 576/578/3842 574/574/3843 736/736/3844
f 765/765/3845 761/761/3846 738/738/3847
f 765/765/3848 764/764/3849 761/761/3850
f 764/764/3851 777/777/3852 761/761/3853
f 764/764/3854 770/770/3855 777/777/3856
f 770/770/3857 776/776/3858 777/777/3859
f 770/770/3860 769/769/3861 776/776/3862
f 769/769/3863 775/775/3864 776/776/3865
f 769/769/3866 768/767/3867 775/775/3868
f 768/767/3869 774/774/3870 775/775/3871
f 768/767/3872 773/773/3873 774/774/3874
f 773/773/3875 744/745/3876 774/774/3877
f 773/773/3878 778/778/3879 744/745/3880
f 778/778/3881 743/743/3882 744/745/3883
f 778/778/3884 779/779/3885 743/743/3886
f 740/740/3887 780/780/3888 759/759/3889
f 780/780/3890 760/760/3891 759/759/3892
f 780/780/3893 781/781/3894 760/760/3895
f 781/781/3896 575/576/3897 760/760/3898
f 581/581/3899 782/782/3900 580/580/3901
f 782/782/3902 780/780/3903 740/740/3904
f 782/782/3905 581/581/3906 780/780/3907
f 581/581/3908 781/781/3909 780/780/3910
f 581/581/3911 582/582/3912 781/781/3913
f 582/582/3914 575/576/3915 781/781/3916
f 582/582/3917 578/577/3918 575/576/3919
f 782/782/3920 741/742/3921 580/580/3922
f 782/782/3923 740/740/3924 741/742/3925
f 587/587/3926 282/282/3927 783/783/3928
f 587/587/3929 281/280/3930 282/282/3931
f 785/784/3932 784/785/3933 787/786/3934 786/787/3935 789/788/3936
f 784/785/3937 785/784/3938 788/789/3939
f 785/784/3940 783/783/3941 788/789/3942
f 587/587/3943 783/783/3944 785/784/3945
f 789/788/3946 583/583/3947 584/585/3948
f 789/788/3949 790/790/3950 583/583/3951
f 790/790/3952 592/592/3953 583/583/3954
f 790/790/3955 791/791/3956 592/592/3957
f 791/791/3958 590/589/3959 592/592/3960
f 791/791/3961 589/590/3962 590/589/3963
f 791/791/3964 792/792/3965 589/590/3966
f 584/585/3967 785/784/3968 789/788/3969
f 584/585/3970 587/587/3971 785/784/3972
f 632/632/3973 589/590/3974 634/634/3975
f 594/594/3976 332/333/3977 632/632/3978
f 332/333/3979 589/590/3980 632/632/3981
f 793/793/3982 300/300/3983 609/608/3984
f 300/300/3985 301/301/3986 609/608/3987
f 580/580/3988 741/742/3989 618/618/3990
f 741/742/3991 794/794/3992 618/618/3993
f 616/616/3994 795/795/3995 615/615/3996
f 618/618/3997 796/796/3998 617/617/3999
f 796/796/4000 616/616/4001 617/617/4002
f 796/796/4003 798/797/4004 797/798/4005
f 618/618/4006 794/794/4007 796/796/4008
f 794/794/4009 798/797/4010 796/796/4011
f 616/616/4012 796/796/4013 795/795/4014
f 796/796/4015 799/799/4016 795/795/4017
f 796/796/4018 797/798/4019 799/799/4020
f 619/619/4021 803/800/4022 802/801/4023
f 620/620/4024 803/800/4025 619/619/4026
f 620/620/4027 804/802/4028 803/800/4029
f 620/620/4030 614/614/4031 804/802/4032
f 614/614/4033 795/795/4034 804/802/4035
f 614/614/4036 615/615/4037 795/795/4038
f 802/801/4039 803/800/4040 800/803/4041
f 803/800/4042 801/804/4043 800/803/4044
f 803/800/4045 804/802/4046 801/804/4047
f 804/802/4048 799/799/4049 801/804/4050
f 804/802/4051 795/795/4052 799/799/4053
f 805/805/4054 806/806/4055 622/622/4056
f 806/806/4057 621/621/4058 622/622/4059
f 600/600/4060 807/807/4061 622/622/4062
f 807/807/4063 805/805/4064 622/622/4065
f 807/807/4066 808/808/4067 805/805/4068
f 601/602/4069 811/809/4070 600/600/4071
f 811/809/4072 807/807/4073 600/600/4074
f 811/809/4075 812/810/4076 807/807/4077
f 813/811/4078 807/807/4079 812/810/4080
f 813/811/4081 808/808/4082 807/807/4083
f 814/812/4084 809/813/4085 810/814/4086
f 619/619/4087 802/801/4088 814/812/4089
f 802/801/4090 809/813/4091 814/812/4092
f 802/801/4093 800/803/4094 809/813/4095
f 619/619/4096 601/602/4097 603/603/4098
f 619/619/4099 814/812/4100 601/602/4101
f 814/812/4102 811/809/4103 601/602/4104
f 814/812/4105 810/814/4106 811/809/4107
f 810/814/4108 812/810/4109 811/809/4110
f 815/815/4111 816/816/4112 621/621/4113
f 816/816/4114 607/607/4115 621/621/4116
f 607/607/4117 816/816/4118 609/608/4119
f 816/816/4120 793/793/4121 609/608/4122
f 652/651/4123 817/817/4124 630/629/4125
f 818/818/4126 820/819/4127 819/820/4128
f 821/821/4129 820/819/4130 822/822/4131
f 823/823/4132 818/818/4133 824/824/4134
f 825/825/4135 821/821/4136 826/826/4137
f 827/827/4138 829/828/4139 828/829/4140
f 829/828/4141 817/817/4142 828/829/4143
f 829/828/4144 1083/830/4145 817/817/4146
f 831/831/4147 629/630/4148 630/629/4149
f 825/825/4150 833/832/4151 832/833/4152
f 833/832/4153 834/834/4154 832/833/4155
f 833/832/4156 835/835/4157 834/834/4158
f 1090/836/4159 836/837/4160 834/834/4161 835/835/4162
f 824/824/4163 818/818/4164 837/838/4165
f 818/818/4166 819/820/4167 837/838/4168
f 819/820/4169 836/837/4170 837/838/4171
f 827/827/4172 828/829/4173 838/839/4174
f 828/829/4175 839/840/4176 838/839/4177
f 828/829/4178 823/823/4179 839/840/4180
f 652/651/4181 654/653/4182 822/822/4183
f 654/653/4184 821/821/4185 822/822/4186
f 654/653/4187 625/625/4188 821/821/4189
f 625/625/4190 826/826/4191 821/821/4192
f 625/625/4193 634/634/4194 826/826/4195
f 819/820/4196 834/834/4197 836/837/4198
f 819/820/4199 820/819/4200 834/834/4201
f 820/819/4202 832/833/4203 834/834/4204
f 820/819/4205 821/821/4206 832/833/4207
f 821/821/4208 825/825/4209 832/833/4210
f 822/822/4211 817/817/4212 652/651/4213
f 822/822/4214 820/819/4215 817/817/4216
f 820/819/4217 828/829/4218 817/817/4219
f 820/819/4220 818/818/4221 828/829/4222
f 818/818/4223 823/823/4224 828/829/4225
f 492/493/4226 628/628/4227 684/684/4228
f 628/628/4229 629/630/4230 684/684/4231
f 840/841/4232 842/842/4233 841/843/4234
f 842/842/4235 843/844/4236 841/843/4237
f 672/682/4238 840/841/4239 841/843/4240 844/845/4241
f 844/845/4242 671/675/4243 672/682/4244
f 683/683/4245 840/841/4246 672/682/4247
f 683/683/4248 845/846/4249 840/841/4250
f 842/842/4251 846/847/4252 1088/848/4253
f 842/842/4254 840/841/4255 846/847/4256
f 840/841/4257 845/846/4258 846/847/4259
f 845/846/4260 683/683/4261 684/684/4262
f 676/674/4263 847/849/4264 674/673/4265
f 847/849/4266 848/850/4267 674/673/4268
f 847/849/4269 849/851/4270 848/850/4271
f 847/849/4272 676/674/4273 850/852/4274
f 851/853/4275 850/852/4276 676/674/4277 671/675/4278
f 674/673/4279 848/850/4280 673/671/4281
f 848/850/4282 852/854/4283 673/671/4284
f 848/850/4285 849/851/4286 852/854/4287
f 852/854/4288 853/855/4289 673/671/4290
f 853/855/4291 677/676/4292 673/671/4293
f 853/855/4294 854/856/4295 677/676/4296
f 854/856/4297 855/857/4298 677/676/4299
f 855/857/4300 678/677/4301 677/676/4302
f 855/857/4303 856/858/4304 678/677/4305
f 856/858/4306 485/486/4307 678/677/4308
f 856/858/4309 687/687/4310 485/486/4311
f 845/846/4312 831/831/4313 846/847/4314
f 845/846/4315 684/684/4316 831/831/4317
f 684/684/4318 629/630/4319 831/831/4320
f 686/685/4321 693/693/4322 685/686/4323
f 696/695/4324 858/859/4325 857/860/4326
f 859/861/4327 860/862/4328 691/690/4329
f 860/862/4330 858/859/4331 691/690/4332
f 858/859/4333 697/697/4334 691/690/4335
f 858/859/4336 696/695/4337 697/697/4338
f 687/687/4339 859/861/4340 686/685/4341
f 859/861/4342 693/693/4343 686/685/4344
f 859/861/4345 691/690/4346 693/693/4347
f 696/695/4348 857/860/4349 701/701/4350
f 857/860/4351 861/863/4352 701/701/4353
f 857/860/4354 862/864/4355 861/863/4356
f 862/864/4357 863/865/4358 861/863/4359
f 864/866/4360 866/867/4361 865/868/4362
f 870/869/4363 872/870/4364 871/871/4365
f 872/870/4366 873/872/4367 871/871/4368
f 878/873/4369 879/874/4370 877/875/4371
f 880/876/4372 867/877/4373 868/878/4374
f 880/876/4375 881/879/4376 867/877/4377
f 881/879/4378 878/873/4379 867/877/4380
f 702/702/4381 698/698/4382 884/880/4383
f 698/698/4384 885/881/4385 884/880/4386
f 886/882/4387 887/883/4388 701/701/4389
f 887/883/4390 700/700/4391 701/701/4392
f 886/882/4393 889/884/4394 888/885/4395
f 889/884/4396 870/869/4397 888/885/4398
f 889/884/4399 890/886/4400 870/869/4401
f 890/886/4402 872/870/4403 870/869/4404
f 892/887/4405 876/888/4406 891/889/4407
f 892/887/4408 893/890/4409 876/888/4410
f 893/890/4411 875/891/4412 876/888/4413
f 893/890/4414 894/892/4415 875/891/4416
f 895/893/4417 897/894/4418 896/895/4419
f 897/894/4420 898/896/4421 896/895/4422
f 897/894/4423 877/875/4424 898/896/4425
f 877/875/4426 899/897/4427 898/896/4428
f 883/898/4429 901/899/4430 882/900/4431
f 902/901/4432 882/900/4433 901/899/4434
f 902/901/4435 879/874/4436 882/900/4437
f 879/874/4438 900/902/4439 882/900/4440
f 879/874/4441 878/873/4442 900/902/4443
f 878/873/4444 903/903/4445 900/902/4446
f 878/873/4447 881/879/4448 903/903/4449
f 700/700/4450 887/883/4451 865/868/4452
f 887/883/4453 864/866/4454 865/868/4455
f 887/883/4456 886/882/4457 864/866/4458
f 904/904/4459 871/871/4460 873/872/4461
f 904/904/4462 905/905/4463 871/871/4464
f 905/905/4465 870/869/4466 871/871/4467
f 905/905/4468 906/906/4469 870/869/4470
f 906/906/4471 888/885/4472 870/869/4473
f 906/906/4474 907/907/4475 888/885/4476
f 907/907/4477 866/867/4478 888/885/4479
f 866/867/4480 864/866/4481 888/885/4482
f 864/866/4483 886/882/4484 888/885/4485
f 700/700/4486 865/868/4487 699/699/4488
f 865/868/4489 908/908/4490 699/699/4491
f 865/868/4492 866/867/4493 908/908/4494
f 866/867/4495 909/909/4496 908/908/4497
f 866/867/4498 907/907/4499 909/909/4500
f 907/907/4501 910/910/4502 909/909/4503
f 907/907/4504 906/906/4505 910/910/4506
f 906/906/4507 911/911/4508 910/910/4509
f 906/906/4510 905/905/4511 911/911/4512
f 905/905/4513 874/912/4514 911/911/4515
f 905/905/4516 904/904/4517 874/912/4518
f 904/904/4519 869/913/4520 874/912/4521
f 877/875/4522 897/894/4523 891/889/4524
f 897/894/4525 892/887/4526 891/889/4527
f 897/894/4528 895/893/4529 892/887/4530
f 895/893/4531 893/890/4532 892/887/4533
f 895/893/4534 912/914/4535 893/890/4536
f 912/914/4537 894/892/4538 893/890/4539
f 912/914/4540 913/915/4541 894/892/4542
f 884/880/4543 901/899/4544 883/898/4545
f 884/880/4546 885/881/4547 901/899/4548
f 699/699/4549 908/908/4550 915/916/4551
f 908/908/4552 916/917/4553 915/916/4554
f 908/908/4555 909/909/4556 916/917/4557
f 909/909/4558 917/918/4559 916/917/4560
f 909/909/4561 910/910/4562 917/918/4563
f 910/910/4564 913/915/4565 917/918/4566
f 910/910/4567 911/911/4568 913/915/4569
f 911/911/4570 894/892/4571 913/915/4572
f 911/911/4573 874/912/4574 894/892/4575
f 874/912/4576 875/891/4577 894/892/4578
f 874/912/4579 869/913/4580 875/891/4581
f 869/913/4582 876/888/4583 875/891/4584
f 915/916/4585 698/698/4586 699/699/4587
f 915/916/4588 916/917/4589 698/698/4590
f 916/917/4591 885/881/4592 698/698/4593
f 916/917/4594 917/918/4595 885/881/4596
f 917/918/4597 901/899/4598 885/881/4599
f 917/918/4600 913/915/4601 901/899/4602
f 913/915/4603 912/914/4604 901/899/4605
f 912/914/4606 914/919/4607 901/899/4608
f 912/914/4609 895/893/4610 914/919/4611
f 895/893/4612 901/899/4613 914/919/4614
f 895/893/4615 896/895/4616 901/899/4617
f 896/895/4618 902/901/4619 901/899/4620
f 896/895/4621 898/896/4622 902/901/4623
f 898/896/4624 879/874/4625 902/901/4626
f 898/896/4627 899/897/4628 879/874/4629
f 899/897/4630 877/875/4631 879/874/4632
f 880/876/4633 919/920/4634 881/879/4635
f 868/878/4636 920/921/4637 880/876/4638
f 920/921/4639 919/920/4640 880/876/4641
f 920/921/4642 921/922/4643 919/920/4644
f 922/923/4645 923/924/4646 921/922/4647
f 923/924/4648 919/920/4649 921/922/4650
f 923/924/4651 924/925/4652 919/920/4653
f 923/924/4654 918/926/4655 924/925/4656
f 918/926/4657 925/927/4658 924/925/4659
f 918/926/4660 926/928/4661 925/927/4662
f 711/711/4663 710/710/4664 918/926/4665
f 710/710/4666 926/928/4667 918/926/4668
f 710/710/4669 709/709/4670 926/928/4671
f 884/880/4672 709/709/4673 702/702/4674
f 924/925/4675 925/927/4676 883/898/4677
f 925/927/4678 884/880/4679 883/898/4680
f 925/927/4681 926/928/4682 884/880/4683
f 926/928/4684 709/709/4685 884/880/4686
f 881/879/4687 919/920/4688 903/903/4689
f 919/920/4690 900/902/4691 903/903/4692
f 919/920/4693 924/925/4694 900/902/4695
f 924/925/4696 882/900/4697 900/902/4698
f 924/925/4699 883/898/4700 882/900/4701
f 725/725/4702 922/923/4703 927/929/4704
f 918/926/4705 708/708/4706 711/711/4707
f 708/708/4708 918/926/4709 720/720/4710
f 918/926/4711 721/721/4712 720/720/4713
f 725/725/4714 928/930/4715 731/731/4716
f 725/725/4717 927/929/4718 928/930/4719
f 923/924/4720 922/923/4721 725/725/4722
f 918/926/4723 923/924/4724 721/721/4725
f 923/924/4726 723/722/4727 721/721/4728
f 923/924/4729 725/725/4730 723/722/4731
f 930/931/4732 928/930/4733 929/932/4734
f 930/931/4735 931/933/4736 928/930/4737
f 932/934/4738 931/933/4739 767/768/4740
f 931/933/4741 766/766/4742 767/768/4743
f 931/933/4744 932/934/4745 928/930/4746
f 726/726/4747 727/728/4748 767/768/4749
f 727/728/4750 932/934/4751 767/768/4752
f 727/728/4753 729/729/4754 932/934/4755
f 729/729/4756 928/930/4757 932/934/4758
f 729/729/4759 731/731/4760 928/930/4761
f 933/935/4762 935/936/4763 934/937/4764
f 934/937/4765 936/938/4766 933/935/4767
f 937/939/4768 939/940/4769 938/941/4770
f 939/940/4771 940/942/4772 938/941/4773
f 939/940/4774 941/943/4775 940/942/4776
f 942/944/4777 944/945/4778 943/946/4779
f 944/945/4780 937/939/4781 943/946/4782
f 936/938/4783 944/945/4784 945/947/4785
f 944/945/4786 946/948/4787 945/947/4788
f 944/945/4789 942/944/4790 946/948/4791
f 947/949/4792 949/950/4793 948/951/4794
f 949/950/4795 950/952/4796 948/951/4797
f 949/950/4798 935/936/4799 950/952/4800
f 935/936/4801 951/953/4802 950/952/4803
f 935/936/4804 933/935/4805 951/953/4806
f 952/954/4807 947/949/4808 953/955/4809
f 947/949/4810 954/956/4811 953/955/4812
f 947/949/4813 948/951/4814 954/956/4815
f 955/957/4816 957/958/4817 956/959/4818
f 957/958/4819 958/960/4820 956/959/4821
f 957/958/4822 952/954/4823 958/960/4824
f 952/954/4825 959/961/4826 958/960/4827
f 952/954/4828 953/955/4829 959/961/4830
f 955/957/4831 960/962/4832 957/958/4833
f 960/962/4834 778/778/4835 957/958/4836
f 960/962/4837 779/779/4838 778/778/4839
f 961/963/4840 773/773/4841 772/772/4842
f 962/964/4843 771/771/4844 766/766/4845
f 963/965/4846 930/931/4847 929/932/4848
f 964/966/4849 966/967/4850 965/968/4851
f 966/967/4852 963/965/4853 965/968/4854
f 966/967/4855 967/969/4856 963/965/4857
f 967/969/4858 930/931/4859 963/965/4860
f 967/969/4861 931/933/4862 930/931/4863
f 964/966/4864 969/970/4865 968/971/4866
f 964/966/4867 965/968/4868 969/970/4869
f 970/972/4870 972/973/4871 971/974/4872
f 972/973/4873 973/975/4874 971/974/4875
f 972/973/4876 974/976/4877 973/975/4878
f 974/976/4879 968/971/4880 973/975/4881
f 974/976/4882 975/977/4883 968/971/4884
f 975/977/4885 964/966/4886 968/971/4887
f 976/978/4888 972/973/4889 970/972/4890
f 976/978/4891 977/979/4892 972/973/4893
f 977/979/4894 941/943/4895 972/973/4896
f 936/938/4897 934/937/4898 944/945/4899
f 934/937/4900 978/980/4901 944/945/4902
f 934/937/4903 935/936/4904 978/980/4905
f 935/936/4906 979/981/4907 978/980/4908
f 935/936/4909 949/950/4910 979/981/4911
f 949/950/4912 980/982/4913 979/981/4914
f 949/950/4915 947/949/4916 980/982/4917
f 947/949/4918 981/983/4919 980/982/4920
f 947/949/4921 952/954/4922 981/983/4923
f 952/954/4924 961/963/4925 981/983/4926
f 952/954/4927 957/958/4928 961/963/4929
f 957/958/4930 773/773/4931 961/963/4932
f 957/958/4933 778/778/4934 773/773/4935
f 937/939/4936 944/945/4937 939/940/4938
f 944/945/4939 982/984/4940 939/940/4941
f 944/945/4942 978/980/4943 982/984/4944
f 978/980/4945 983/985/4946 982/984/4947
f 978/980/4948 979/981/4949 983/985/4950
f 979/981/4951 984/986/4952 983/985/4953
f 979/981/4954 980/982/4955 984/986/4956
f 980/982/4957 985/987/4958 984/986/4959
f 980/982/4960 981/983/4961 985/987/4962
f 981/983/4963 962/964/4964 985/987/4965
f 981/983/4966 961/963/4967 962/964/4968
f 961/963/4969 771/771/4970 962/964/4971
f 961/963/4972 772/772/4973 771/771/4974
f 941/943/4975 939/940/4976 972/973/4977
f 939/940/4978 974/976/4979 972/973/4980
f 939/940/4981 982/984/4982 974/976/4983
f 982/984/4984 975/977/4985 974/976/4986
f 982/984/4987 983/985/4988 975/977/4989
f 983/985/4990 964/966/4991 975/977/4992
f 983/985/4993 984/986/4994 964/966/4995
f 984/986/4996 966/967/4997 964/966/4998
f 984/986/4999 985/987/5000 966/967/5001
f 985/987/5002 967/969/5003 966/967/5004
f 985/987/5005 962/964/5006 967/969/5007
f 962/964/5008 931/933/5009 967/969/5010
f 962/964/5011 766/766/5012 931/933/5013
f 986/988/5014 988/989/5015 987/990/5016
f 986/988/5017 989/991/5018 988/989/5019
f 989/991/5020 990/992/5021 988/989/5022
f 989/991/5023 991/993/5024 990/992/5025
f 991/993/5026 992/994/5027 990/992/5028
f 991/993/5029 993/995/5030 992/994/5031
f 993/995/5032 994/996/5033 992/994/5034
f 993/995/5035 995/997/5036 994/996/5037
f 995/997/5038 996/998/5039 994/996/5040
f 995/997/5041 997/999/5042 996/998/5043
f 998/1000/5044 1000/1001/5045 999/1002/5046
f 1000/1001/5047 1001/1003/5048 999/1002/5049
f 1000/1001/5050 1002/1004/5051 1001/1003/5052
f 1002/1004/5053 1003/1005/5054 1001/1003/5055
f 1002/1004/5056 1004/1006/5057 1003/1005/5058
f 996/998/5059 997/999/5060 1005/1007/5061
f 997/999/5062 1006/1008/5063 1005/1007/5064
f 997/999/5065 1007/1009/5066 1006/1008/5067
f 1007/1009/5068 1008/1010/5069 1006/1008/5070
f 1007/1009/5071 1009/1011/5072 1008/1010/5073
f 1009/1011/5074 1010/1012/5075 1008/1010/5076
f 1009/1011/5077 998/1000/5078 1010/1012/5079
f 998/1000/5080 1011/1013/5081 1010/1012/5082
f 998/1000/5083 999/1002/5084 1011/1013/5085
f 749/749/5086 748/748/5087 1012/1014/5088
f 748/748/5089 1013/1015/5090 1012/1014/5091
f 748/748/5092 746/746/5093 1013/1015/5094
f 746/746/5095 1014/1016/5096 1013/1015/5097
f 746/746/5098 743/743/5099 1014/1016/5100
f 743/743/5101 779/779/5102 1014/1016/5103
f 779/779/5104 1015/1017/5105 1014/1016/5106
f 779/779/5107 960/962/5108 1015/1017/5109
f 960/962/5110 1016/1018/5111 1015/1017/5112
f 1017/1019/5113 1018/1020/5114 958/960/5115
f 1018/1020/5116 956/959/5117 958/960/5118
f 1018/1020/5119 1016/1018/5120 956/959/5121
f 1016/1018/5122 955/957/5123 956/959/5124
f 1016/1018/5125 960/962/5126 955/957/5127
f 741/742/5128 742/741/5129 1019/1021/5130
f 742/741/5131 1020/1022/5132 1019/1021/5133
f 742/741/5134 757/757/5135 1020/1022/5136
f 1003/1005/5137 1004/1006/5138 1021/1023/5139
f 1004/1006/5140 1022/1024/5141 1021/1023/5142
f 1004/1006/5143 1023/1025/5144 1022/1024/5145
f 1023/1025/5146 1024/1026/5147 1022/1024/5148
f 1023/1025/5149 1025/1027/5150 1024/1026/5151
f 1025/1027/5152 1026/1028/5153 1024/1026/5154
f 1025/1027/5155 1027/1029/5156 1026/1028/5157
f 1027/1029/5158 936/938/5159 1026/1028/5160
f 1027/1029/5161 1028/1030/5162 936/938/5163
f 1028/1030/5164 933/935/5165 936/938/5166
f 1028/1030/5167 1029/1031/5168 933/935/5169
f 1029/1031/5170 951/953/5171 933/935/5172
f 1029/1031/5173 1030/1032/5174 951/953/5175
f 749/749/5176 1012/1014/5177 751/751/5178
f 1012/1014/5179 1031/1033/5180 751/751/5181
f 1031/1033/5182 753/753/5183 751/751/5184
f 1031/1033/5185 1032/1034/5186 753/753/5187
f 1032/1034/5188 755/755/5189 753/753/5190
f 1032/1034/5191 1033/1035/5192 755/755/5193
f 1033/1035/5194 757/757/5195 755/755/5196
f 1033/1035/5197 1034/1036/5198 757/757/5199
f 1034/1036/5200 1020/1022/5201 757/757/5202
f 1017/1019/5203 958/960/5204 1035/1037/5205
f 958/960/5206 1036/1038/5207 1035/1037/5208
f 958/960/5209 959/961/5210 1036/1038/5211
f 959/961/5212 1037/1039/5213 1036/1038/5214
f 951/953/5215 1030/1032/5216 950/952/5217
f 1030/1032/5218 948/951/5219 950/952/5220
f 1030/1032/5221 1038/1040/5222 948/951/5223
f 1038/1040/5224 954/956/5225 948/951/5226
f 1038/1040/5227 1037/1039/5228 954/956/5229
f 1037/1039/5230 953/955/5231 954/956/5232
f 1037/1039/5233 959/961/5234 953/955/5235
f 783/783/5236 282/282/5237 788/789/5238
f 282/282/5239 318/318/5240 788/789/5241
f 788/789/5242 1039/1041/5243 784/785/5244
f 1039/1041/5245 1040/1042/5246 784/785/5247
f 1041/1043/5248 784/785/5249 1040/1042/5250
f 784/785/5251 1041/1043/5252 787/786/5253
f 1041/1043/5254 1042/1044/5255 787/786/5256
f 787/786/5257 1042/1044/5258 786/787/5259
f 1042/1044/5260 1043/1045/5261 786/787/5262
f 1044/1046/5263 789/788/5264 786/787/5265
f 790/790/5266 789/788/5267 1045/1047/5268
f 589/590/5269 792/792/5270 634/634/5271
f 792/792/5272 826/826/5273 634/634/5274
f 300/300/5275 793/793/5276 257/258/5277
f 793/793/5278 1046/1048/5279 257/258/5280
f 1046/1048/5281 1048/1049/5282 1047/1050/5283
f 1046/1048/5284 1049/1051/5285 1048/1049/5286
f 257/258/5287 1047/1050/5288 258/257/5289
f 257/258/5290 1046/1048/5291 1047/1050/5292
f 1050/1052/5293 313/313/5294 316/316/5295
f 256/256/5296 253/254/5297 1050/1052/5298
f 253/254/5299 313/313/5300 1050/1052/5301
f 253/254/5302 254/253/5303 313/313/5304
f 1047/1050/5305 1051/1053/5306 311/312/5307
f 311/312/5308 313/313/5309 1047/1050/5310
f 313/313/5311 258/257/5312 1047/1050/5313
f 313/313/5314 254/253/5315 258/257/5316
f 1051/1053/5317 1047/1050/5318 1052/1054/5319
f 1047/1050/5320 1053/1055/5321 1052/1054/5322
f 1047/1050/5323 1048/1049/5324 1053/1055/5325
f 1051/1053/5326 310/310/5327 311/312/5328
f 1054/1056/5329 1055/1057/5330 1052/1054/5331
f 1055/1057/5332 1051/1053/5333 1052/1054/5334
f 1055/1057/5335 1056/1058/5336 1051/1053/5337
f 1056/1058/5338 310/310/5339 1051/1053/5340
f 1019/1021/5341 794/794/5342 741/742/5343
f 794/794/5344 1019/1021/5345 798/797/5346
f 1019/1021/5347 797/798/5348 798/797/5349
f 1019/1021/5350 1020/1022/5351 797/798/5352
f 1020/1022/5353 799/799/5354 797/798/5355
f 1020/1022/5356 1034/1036/5357 799/799/5358
f 1034/1036/5359 801/804/5360 799/799/5361
f 1034/1036/5362 1033/1035/5363 801/804/5364
f 1033/1035/5365 800/803/5366 801/804/5367
f 1033/1035/5368 1032/1034/5369 800/803/5370
f 1032/1034/5371 1031/1033/5372 800/803/5373
f 1031/1033/5374 809/813/5375 800/803/5376
f 1031/1033/5377 1012/1014/5378 809/813/5379
f 813/811/5380 1058/1059/5381 1057/1060/5382
f 1058/1059/5383 1059/1061/5384 1057/1060/5385
f 1058/1059/5386 1060/1062/5387 1059/1061/5388
f 1018/1020/5389 1058/1059/5390 812/810/5391
f 1058/1059/5392 813/811/5393 812/810/5394
f 1012/1014/5395 810/814/5396 809/813/5397
f 1012/1014/5398 1013/1015/5399 810/814/5400
f 1013/1015/5401 1014/1016/5402 810/814/5403
f 1014/1016/5404 812/810/5405 810/814/5406
f 1014/1016/5407 1015/1017/5408 812/810/5409
f 1015/1017/5410 1016/1018/5411 812/810/5412
f 1016/1018/5413 1018/1020/5414 812/810/5415
f 1057/1060/5416 808/808/5417 813/811/5418
f 1059/1061/5419 1061/1063/5420 1057/1060/5421
f 1061/1063/5422 808/808/5423 1057/1060/5424
f 1061/1063/5425 1062/1064/5426 808/808/5427
f 1062/1064/5428 805/805/5429 808/808/5430
f 1062/1064/5431 1063/1065/5432 805/805/5433
f 1063/1065/5434 806/806/5435 805/805/5436
f 1063/1065/5437 815/815/5438 806/806/5439
f 815/815/5440 621/621/5441 806/806/5442
f 816/816/5443 1064/1066/5444 1049/1051/5445
f 816/816/5446 815/815/5447 1064/1066/5448
f 1049/1051/5449 1046/1048/5450 816/816/5451
f 1046/1048/5452 793/793/5453 816/816/5454
f 1065/1067/5455 1067/1068/5456 1066/1069/5457
f 1066/1069/5458 1068/1070/5459 1065/1067/5460
f 830/1071/5461 1070/1072/5462 1069/1073/5463
f 1071/1074/5464 1073/1075/5465 1072/1076/5466
f 1073/1075/5467 1074/1077/5468 1072/1076/5469
f 1073/1075/5470 1075/1078/5471 1074/1077/5472
f 1075/1078/5473 1076/1079/5474 1074/1077/5475
f 1076/1079/5476 1077/1080/5477 1074/1077/5478
f 1076/1079/5479 1078/1081/5480 1077/1080/5481
f 1073/1075/5482 1071/1074/5483 1079/1082/5484
f 1071/1074/5485 1080/1083/5486 1079/1082/5487
f 1088/848/5488 1080/1083/5489 1071/1074/5490
f 1082/1084/5491 1083/830/5492 827/827/5493
f 1083/830/5494 829/828/5495 827/827/5496
f 830/1071/5497 817/817/5498 1083/830/5499
f 1084/1085/5500 838/839/5501 1085/1086/5502
f 1078/1081/5503 1065/1067/5504 1068/1070/5505
f 1068/1070/5506 1066/1069/5507 1085/1086/5508
f 1066/1069/5509 1084/1085/5510 1085/1086/5511
f 1066/1069/5512 1067/1068/5513 1084/1085/5514
f 1067/1068/5515 1086/1087/5516 1084/1085/5517
f 1067/1068/5518 1087/1088/5519 1086/1087/5520
f 1087/1088/5521 830/1071/5522 1086/1087/5523
f 1087/1088/5524 1070/1072/5525 830/1071/5526
f 830/1071/5527 1083/830/5528 1086/1087/5529
f 1083/830/5530 1084/1085/5531 1086/1087/5532
f 1083/830/5533 1082/1084/5534 1084/1085/5535
f 1082/1084/5536 838/839/5537 1084/1085/5538
f 1082/1084/5539 827/827/5540 838/839/5541
f 830/1071/5542 1069/1073/5543 1081/1089/5544
f 1069/1073/5545 1080/1083/5546 1081/1089/5547
f 1069/1073/5548 1070/1072/5549 1080/1083/5550
f 1070/1072/5551 1079/1082/5552 1080/1083/5553
f 1070/1072/5554 1087/1088/5555 1079/1082/5556
f 1087/1088/5557 1073/1075/5558 1079/1082/5559
f 1087/1088/5560 1067/1068/5561 1073/1075/5562
f 1067/1068/5563 1075/1078/5564 1073/1075/5565
f 1067/1068/5566 1065/1067/5567 1075/1078/5568
f 1065/1067/5569 1076/1079/5570 1075/1078/5571
f 1065/1067/5572 1078/1081/5573 1076/1079/5574
f 1081/1089/5575 846/847/5576 831/831/5577
f 1081/1089/5578 1088/848/5579 846/847/5580
f 1081/1089/5581 831/831/5582 830/1071/5583
f 833/832/5584 1089/1090/5585 835/835/5586
f 1089/1090/5587 1090/836/5588 835/835/5589
f 1092/1091/5590 826/826/5591 792/792/5592
f 1089/1090/5593 833/832/5594 1093/1092/5595
f 833/832/5596 1094/1093/5597 1093/1092/5598
f 833/832/5599 825/825/5600 1094/1093/5601
f 825/825/5602 1092/1091/5603 1094/1093/5604
f 825/825/5605 826/826/5606 1092/1091/5607
f 1094/1093/5608 1092/1091/5609 1095/1094/5610
f 1092/1091/5611 792/792/5612 1095/1094/5613
f 1097/1095/5614 1098/1096/5615 837/838/5616 836/837/5617
f 1096/1097/5618 1097/1095/5619 836/837/5620 1091/1098/5621
f 824/824/5622 1099/1099/5623 823/823/5624
f 824/824/5625 837/838/5626 1099/1099/5627
f 839/840/5628 1085/1086/5629 838/839/5630
f 1100/1100/5631 839/840/5632 823/823/5633
f 1078/1081/5634 1101/1101/5635 1077/1080/5636
f 1103/1102/5637 1102/1103/5638 1078/1081/5639
f 1102/1103/5640 1101/1101/5641 1078/1081/5642
f 839/840/5643 1100/1100/5644 1085/1086/5645
f 1100/1100/5646 1068/1070/5647 1085/1086/5648
f 1100/1100/5649 1103/1102/5650 1068/1070/5651
f 1103/1102/5652 1078/1081/5653 1068/1070/5654
f 1088/848/5655 843/844/5656 842/842/5657
f 1104/1104/5658 1105/1105/5659 843/844/5660
f 843/844/5661 1105/1105/5662 841/843/5663
f 1105/1105/5664 844/845/5665 841/843/5666
f 1105/1105/5667 1106/1106/5668 844/845/5669
f 1106/1106/5670 671/675/5671 844/845/5672
f 1106/1106/5673 851/853/5674 671/675/5675
f 1107/1107/5676 1109/1108/5677 1108/1109/5678
f 1110/1110/5679 1107/1107/5680 1111/1111/5681
f 1107/1107/5682 1110/1110/5683 1109/1108/5684
f 1110/1110/5685 1112/1112/5686 1109/1108/5687
f 1110/1110/5688 1113/1113/5689 1112/1112/5690
f 1113/1113/5691 1114/1114/5692 1112/1112/5693
f 1113/1113/5694 1115/1115/5695 1114/1114/5696
f 1115/1115/5697 851/853/5698 1114/1114/5699
f 1115/1115/5700 850/852/5701 851/853/5702
f 1116/1116/5703 1110/1110/5704 1111/1111/5705
f 1113/1113/5706 1110/1110/5707 1117/1117/5708
f 1110/1110/5709 1118/1118/5710 1117/1117/5711
f 1110/1110/5712 1116/1116/5713 1118/1118/5714
f 850/852/5715 1115/1115/5716 847/849/5717
f 1117/1117/5718 1115/1115/5719 1113/1113/5720
f 1117/1117/5721 1119/1119/5722 1115/1115/5723
f 1119/1119/5724 847/849/5725 1115/1115/5726
f 1119/1119/5727 849/851/5728 847/849/5729
f 1120/1120/5730 1118/1118/5731 1116/1116/5732
f 1120/1120/5733 1121/1121/5734 1118/1118/5735
f 1121/1121/5736 1117/1117/5737 1118/1118/5738
f 1121/1121/5739 1122/1122/5740 1117/1117/5741
f 1122/1122/5742 1119/1119/5743 1117/1117/5744
f 1122/1122/5745 1123/1123/5746 1119/1119/5747
f 1123/1123/5748 849/851/5749 1119/1119/5750
f 1123/1123/5751 852/854/5752 849/851/5753
f 852/854/5754 1124/1124/5755 853/855/5756
f 852/854/5757 1123/1123/5758 1124/1124/5759
f 1123/1123/5760 1125/1125/5761 1124/1124/5762
f 1123/1123/5763 1122/1122/5764 1125/1125/5765
f 1122/1122/5766 1126/1126/5767 1125/1125/5768
f 1122/1122/5769 1121/1121/5770 1126/1126/5771
f 1127/1127/5772 1126/1126/5773 1120/1120/5774
f 1126/1126/5775 1121/1121/5776 1120/1120/5777
f 853/855/5778 1124/1124/5779 854/856/5780
f 1124/1124/5781 1128/1128/5782 854/856/5783
f 1124/1124/5784 1125/1125/5785 1128/1128/5786
f 1125/1125/5787 1129/1129/5788 1128/1128/5789
f 1125/1125/5790 1126/1126/5791 1129/1129/5792
f 1126/1126/5793 1130/1130/5794 1129/1129/5795
f 1126/1126/5796 1127/1127/5797 1130/1130/5798
f 1127/1127/5799 1131/1131/5800 1130/1130/5801
f 862/864/5802 1130/1130/5803 1131/1131/5804
f 854/856/5805 1128/1128/5806 855/857/5807
f 1128/1128/5808 1132/1132/5809 855/857/5810
f 1128/1128/5811 1129/1129/5812 1132/1132/5813
f 1129/1129/5814 1133/1133/5815 1132/1132/5816
f 1129/1129/5817 1130/1130/5818 1133/1133/5819
f 1130/1130/5820 1134/1134/5821 1133/1133/5822
f 1130/1130/5823 862/864/5824 1134/1134/5825
f 1132/1132/5826 856/858/5827 855/857/5828
f 857/860/5829 1134/1134/5830 862/864/5831
f 857/860/5832 858/859/5833 1134/1134/5834
f 858/859/5835 1133/1133/5836 1134/1134/5837
f 858/859/5838 860/862/5839 1133/1133/5840
f 860/862/5841 1132/1132/5842 1133/1133/5843
f 860/862/5844 859/861/5845 1132/1132/5846
f 859/861/5847 856/858/5848 1132/1132/5849
f 859/861/5850 687/687/5851 856/858/5852
f 1120/1120/5853 1135/1135/5854 1127/1127/5855
f 1135/1135/5856 1136/1136/5857 1127/1127/5858
f 1127/1127/5859 1136/1136/5860 1131/1131/5861
f 1136/1136/5862 863/865/5863 1131/1131/5864
f 863/865/5865 862/864/5866 1131/1131/5867
f 1137/1137/5868 1139/1138/5869 1138/1139/5870
f 863/865/5871 1136/1136/5872 1140/1140/5873
f 1136/1136/5874 1141/1141/5875 1140/1140/5876
f 1141/1141/5877 1142/1142/5878 1140/1140/5879
f 1141/1141/5880 1143/1143/5881 1142/1142/5882
f 1143/1143/5883 1139/1138/5884 1142/1142/5885
f 1139/1138/5886 1137/1137/5887 1142/1142/5888
f 1144/1144/5889 1137/1137/5890 1145/1145/5891
f 1140/1140/5892 861/863/5893 863/865/5894
f 1137/1137/5895 1144/1144/5896 1142/1142/5897
f 1144/1144/5898 1146/1146/5899 1142/1142/5900
f 1146/1146/5901 1147/1147/5902 1142/1142/5903
f 1147/1147/5904 1140/1140/5905 1142/1142/5906
f 1147/1147/5907 1148/1148/5908 1140/1140/5909
f 1148/1148/5910 861/863/5911 1140/1140/5912
f 1148/1148/5913 701/701/5914 861/863/5915
f 872/870/5916 890/886/5917 1145/1145/5918
f 890/886/5919 1144/1144/5920 1145/1145/5921
f 890/886/5922 889/884/5923 1144/1144/5924
f 889/884/5925 1146/1146/5926 1144/1144/5927
f 701/701/5928 1148/1148/5929 886/882/5930
f 1148/1148/5931 1147/1147/5932 886/882/5933
f 1147/1147/5934 1146/1146/5935 886/882/5936
f 1146/1146/5937 889/884/5938 886/882/5939
f 1149/1149/5940 1151/1150/5941 1150/1151/5942
f 1153/1152/5943 1155/1153/5944 1154/1154/5945
f 1155/1153/5946 1153/1152/5947 1156/1155/5948
f 1153/1152/5949 1157/1156/5950 1156/1155/5951
f 1153/1152/5952 1152/1157/5953 1157/1156/5954
f 1158/1158/5955 1160/1159/5956 1159/1160/5957
f 1160/1159/5958 1158/1158/5959 1149/1149/5960
f 1158/1158/5961 1151/1150/5962 1149/1149/5963
f 1158/1158/5964 1161/1161/5965 1151/1150/5966
f 1161/1161/5967 1154/1154/5968 1151/1150/5969
f 1161/1161/5970 1162/1162/5971 1154/1154/5972
f 1162/1162/5973 1153/1152/5974 1154/1154/5975
f 1162/1162/5976 1163/1163/5977 1153/1152/5978
f 1163/1163/5979 1164/1164/5980 1153/1152/5981
f 1163/1163/5982 1165/1165/5983 1164/1164/5984
f 891/889/5985 1166/1166/5986 877/875/5987
f 922/923/5988 921/922/5989 1167/1167/5990
f 921/922/5991 1168/1168/5992 1167/1167/5993
f 921/922/5994 920/921/5995 1168/1168/5996
f 920/921/5997 868/878/5998 1168/1168/5999
f 868/878/6000 1169/1169/6001 1168/1168/6002
f 1170/1170/6003 1172/1171/6004 1171/1172/6005
f 1172/1171/6006 1173/1173/6007 1171/1172/6008
f 1172/1171/6009 1174/1174/6010 1173/1173/6011
f 1174/1174/6012 1175/1175/6013 1173/1173/6014
f 1174/1174/6015 1176/1176/6016 1175/1175/6017
f 1176/1176/6018 1177/1177/6019 1175/1175/6020
f 1176/1176/6021 1159/1160/6022 1177/1177/6023
f 1159/1160/6024 1178/1178/6025 1177/1177/6026
f 1159/1160/6027 1160/1159/6028 1178/1178/6029
f 1179/1179/6030 1181/1180/6031 1180/1181/6032
f 1181/1180/6033 1182/1182/6034 1180/1181/6035
f 1181/1180/6036 1183/1183/6037 1182/1182/6038
f 1183/1183/6039 1184/1184/6040 1182/1182/6041
f 1183/1183/6042 1185/1185/6043 1184/1184/6044
f 1185/1185/6045 1186/1186/6046 1184/1184/6047
f 1185/1185/6048 1170/1170/6049 1186/1186/6050
f 1170/1170/6051 1187/1187/6052 1186/1186/6053
f 1170/1170/6054 1171/1172/6055 1187/1187/6056
f 1188/1188/6057 1169/1169/6058 1189/1189/6059
f 1169/1169/6060 1190/1190/6061 1189/1189/6062
f 1169/1169/6063 1191/1191/6064 1190/1190/6065
f 1192/1192/6066 1194/1193/6067 1193/1194/6068
f 868/878/6069 867/877/6070 1169/1169/6071
f 867/877/6072 1191/1191/6073 1169/1169/6074
f 867/877/6075 878/873/6076 1191/1191/6077
f 878/873/6078 1166/1166/6079 1191/1191/6080
f 1166/1166/6081 891/889/6082 876/888/6083
f 1194/1193/6084 1195/1195/6085 1193/1194/6086
f 1195/1195/6087 1196/1196/6088 1193/1194/6089
f 1195/1195/6090 1197/1197/6091 1196/1196/6092
f 1197/1197/6093 1198/1198/6094 1196/1196/6095
f 1197/1197/6096 1188/1188/6097 1198/1198/6098
f 1188/1188/6099 1199/1199/6100 1198/1198/6101
f 1188/1188/6102 1189/1189/6103 1199/1199/6104
f 1166/1166/6105 878/873/6106 877/875/6107
f 1192/1192/6108 1200/1200/6109 1194/1193/6110
f 1200/1200/6111 1201/1201/6112 1194/1193/6113
f 1200/1200/6114 1202/1202/6115 1201/1201/6116
f 1202/1202/6117 1203/1203/6118 1201/1201/6119
f 1202/1202/6120 1204/1204/6121 1203/1203/6122
f 1204/1204/6123 1205/1205/6124 1203/1203/6125
f 1204/1204/6126 1206/1206/6127 1205/1205/6128
f 1206/1206/6129 1207/1207/6130 1205/1205/6131
f 1206/1206/6132 1179/1179/6133 1207/1207/6134
f 1179/1179/6135 1208/1208/6136 1207/1207/6137
f 1179/1179/6138 1180/1181/6139 1208/1208/6140
f 1209/1209/6141 1166/1166/6142 869/913/6143
f 1166/1166/6144 876/888/6145 869/913/6146
f 872/870/6147 1209/1209/6148 873/872/6149
f 1209/1209/6150 904/904/6151 873/872/6152
f 1209/1209/6153 869/913/6154 904/904/6155
f 1210/1210/6156 922/923/6157 1167/1167/6158
f 922/923/6159 1210/1210/6160 927/929/6161
f 1210/1210/6162 1212/1211/6163 927/929/6164
f 1212/1211/6165 928/930/6166 927/929/6167
f 1212/1211/6168 929/932/6169 928/930/6170
f 929/932/6171 1212/1211/6172 1213/1212/6173
f 1212/1211/6174 1211/1213/6175 1213/1212/6176
f 1212/1211/6177 1210/1210/6178 1211/1213/6179
f 1210/1210/6180 1168/1168/6181 1211/1213/6182
f 1210/1210/6183 1167/1167/6184 1168/1168/6185
f 1214/1214/6186 1216/1215/6187 1215/1216/6188
f 936/938/6189 945/947/6190 1026/1028/6191
f 945/947/6192 1217/1217/6193 1026/1028/6194
f 945/947/6195 946/948/6196 1217/1217/6197
f 938/941/6198 1218/1218/6199 937/939/6200
f 1218/1218/6201 943/946/6202 937/939/6203
f 1218/1218/6204 1217/1217/6205 943/946/6206
f 1217/1217/6207 942/944/6208 943/946/6209
f 1217/1217/6210 946/948/6211 942/944/6212
f 938/941/6213 940/942/6214 1218/1218/6215
f 940/942/6216 1219/1219/6217 1218/1218/6218
f 940/942/6219 941/943/6220 1219/1219/6221
f 1220/1220/6222 1222/1221/6223 1221/1222/6224
f 941/943/6225 977/979/6226 1219/1219/6227
f 977/979/6228 1222/1221/6229 1219/1219/6230
f 977/979/6231 976/978/6232 1222/1221/6233
f 976/978/6234 1221/1222/6235 1222/1221/6236
f 976/978/6237 970/972/6238 1221/1222/6239
f 1223/1223/6240 1225/1224/6241 1224/1225/6242
f 1225/1224/6243 1226/1226/6244 1224/1225/6245
f 1223/1223/6246 1227/1227/6247 1225/1224/6248
f 1227/1227/6249 1228/1228/6250 1225/1224/6251
f 1227/1227/6252 1229/1229/6253 1228/1228/6254
f 1229/1229/6255 1230/1230/6256 1228/1228/6257
f 1229/1229/6258 1231/1231/6259 1230/1230/6260
f 1231/1231/6261 1232/1232/6262 1230/1230/6263
f 1231/1231/6264 1233/1233/6265 1232/1232/6266
f 1220/1220/6267 1215/1216/6268 1222/1221/6269
f 1215/1216/6270 1219/1219/6271 1222/1221/6272
f 1215/1216/6273 1216/1215/6274 1219/1219/6275
f 1216/1215/6276 1218/1218/6277 1219/1219/6278
f 1216/1215/6279 1234/1234/6280 1218/1218/6281
f 1234/1234/6282 1217/1217/6283 1218/1218/6284
f 1234/1234/6285 1235/1235/6286 1217/1217/6287
f 1235/1235/6288 1026/1028/6289 1217/1217/6290
f 1235/1235/6291 1024/1026/6292 1026/1028/6293
f 1214/1214/6294 1236/1236/6295 1216/1215/6296
f 1236/1236/6297 1234/1234/6298 1216/1215/6299
f 1236/1236/6300 1237/1237/6301 1234/1234/6302
f 1237/1237/6303 1235/1235/6304 1234/1234/6305
f 1237/1237/6306 1238/1238/6307 1235/1235/6308
f 1238/1238/6309 1024/1026/6310 1235/1235/6311
f 1238/1238/6312 1022/1024/6313 1024/1026/6314
f 1220/1220/6315 1226/1226/6316 1215/1216/6317
f 1226/1226/6318 1214/1214/6319 1215/1216/6320
f 1226/1226/6321 1225/1224/6322 1214/1214/6323
f 1225/1224/6324 1236/1236/6325 1214/1214/6326
f 1225/1224/6327 1228/1228/6328 1236/1236/6329
f 1228/1228/6330 1237/1237/6331 1236/1236/6332
f 1228/1228/6333 1230/1230/6334 1237/1237/6335
f 1230/1230/6336 1238/1238/6337 1237/1237/6338
f 1230/1230/6339 1232/1232/6340 1238/1238/6341
f 1232/1232/6342 1022/1024/6343 1238/1238/6344
f 1232/1232/6345 1021/1023/6346 1022/1024/6347
f 1021/1023/6348 1232/1232/6349 1003/1005/6350
f 1232/1232/6351 1239/1239/6352 1003/1005/6353
f 1232/1232/6354 1233/1233/6355 1239/1239/6356
f 965/968/6357 1240/1240/6358 969/970/6359
f 1240/1240/6360 1241/1241/6361 969/970/6362
f 1213/1212/6363 1211/1213/6364 1242/1242/6365
f 1211/1213/6366 1169/1169/6367 1242/1242/6368
f 1211/1213/6369 1168/1168/6370 1169/1169/6371
f 1188/1188/6372 1243/1243/6373 1169/1169/6374
f 1243/1243/6375 1242/1242/6376 1169/1169/6377
f 1243/1243/6378 963/965/6379 1242/1242/6380
f 963/965/6381 1213/1212/6382 1242/1242/6383
f 963/965/6384 929/932/6385 1213/1212/6386
f 963/965/6387 1243/1243/6388 965/968/6389
f 1243/1243/6390 1240/1240/6391 965/968/6392
f 1243/1243/6393 1188/1188/6394 1240/1240/6395
f 1188/1188/6396 1241/1241/6397 1240/1240/6398
f 1188/1188/6399 1197/1197/6400 1241/1241/6401
f 970/972/6402 971/974/6403 1244/1244/6404
f 1244/1244/6405 971/974/6406 1245/1245/6407
f 971/974/6408 1246/1246/6409 1245/1245/6410
f 971/974/6411 973/975/6412 1246/1246/6413
f 973/975/6414 968/971/6415 1246/1246/6416
f 968/971/6417 1247/1247/6418 1246/1246/6419
f 969/970/6420 1241/1241/6421 968/971/6422
f 1241/1241/6423 1247/1247/6424 968/971/6425
f 1241/1241/6426 1197/1197/6427 1247/1247/6428
f 1197/1197/6429 1195/1195/6430 1247/1247/6431
f 1195/1195/6432 1246/1246/6433 1247/1247/6434
f 1195/1195/6435 1194/1193/6436 1246/1246/6437
f 1194/1193/6438 1245/1245/6439 1246/1246/6440
f 1194/1193/6441 1201/1201/6442 1245/1245/6443
f 1201/1201/6444 1244/1244/6445 1245/1245/6446
f 1201/1201/6447 1203/1203/6448 1244/1244/6449
f 1248/1248/6450 987/990/6451 988/989/6452
f 1249/1249/6453 1096/1097/6454 1091/1098/6455
f 1249/1249/6456 1250/1250/6457 1096/1097/6458
f 1250/1250/6459 1251/1251/6460 1096/1097/6461
f 1250/1250/6462 987/990/6463 1251/1251/6464
f 987/990/6465 1248/1248/6466 1251/1251/6467
f 1091/1098/6468 1252/1252/6469 1249/1249/6470
f 1253/1253/6471 1254/1254/6472 1089/1090/6473
f 1254/1254/6474 1090/836/6475 1089/1090/6476
f 1254/1254/6477 1255/1255/6478 1090/836/6479
f 1255/1255/6480 1091/1098/6481 1090/836/6482
f 1255/1255/6483 1252/1252/6484 1091/1098/6485
f 1256/1256/6486 1257/1257/6487 1094/1093/6488
f 1257/1257/6489 1093/1092/6490 1094/1093/6491
f 1253/1253/6492 1089/1090/6493 1258/1258/6494
f 1089/1090/6495 1259/1259/6496 1258/1258/6497
f 1089/1090/6498 1093/1092/6499 1259/1259/6500
f 1093/1092/6501 1260/1260/6502 1259/1259/6503
f 1093/1092/6504 1257/1257/6505 1260/1260/6506
f 1261/1261/6507 1206/1206/6508 1204/1204/6509
f 1261/1261/6510 1025/1027/6511 1206/1206/6512
f 1162/1162/6513 1262/1262/6514 1163/1163/6515
f 1025/1027/6516 1023/1025/6517 1206/1206/6518
f 1023/1025/6519 1179/1179/6520 1206/1206/6521
f 1023/1025/6522 1004/1006/6523 1179/1179/6524
f 1004/1006/6525 1181/1180/6526 1179/1179/6527
f 1004/1006/6528 1002/1004/6529 1181/1180/6530
f 1002/1004/6531 1183/1183/6532 1181/1180/6533
f 1002/1004/6534 1000/1001/6535 1183/1183/6536
f 1000/1001/6537 1185/1185/6538 1183/1183/6539
f 1000/1001/6540 998/1000/6541 1185/1185/6542
f 998/1000/6543 1170/1170/6544 1185/1185/6545
f 998/1000/6546 1009/1011/6547 1170/1170/6548
f 1009/1011/6549 1172/1171/6550 1170/1170/6551
f 1009/1011/6552 1007/1009/6553 1172/1171/6554
f 1007/1009/6555 1174/1174/6556 1172/1171/6557
f 1007/1009/6558 997/999/6559 1174/1174/6560
f 997/999/6561 1176/1176/6562 1174/1174/6563
f 997/999/6564 995/997/6565 1176/1176/6566
f 995/997/6567 1159/1160/6568 1176/1176/6569
f 995/997/6570 993/995/6571 1159/1160/6572
f 993/995/6573 1158/1158/6574 1159/1160/6575
f 993/995/6576 991/993/6577 1158/1158/6578
f 991/993/6579 1161/1161/6580 1158/1158/6581
f 991/993/6582 989/991/6583 1161/1161/6584
f 989/991/6585 1162/1162/6586 1161/1161/6587
f 989/991/6588 986/988/6589 1162/1162/6590
f 986/988/6591 1262/1262/6592 1162/1162/6593
f 986/988/6594 987/990/6595 1262/1262/6596
f 1256/1256/6597 1263/1263/6598 1257/1257/6599
f 1256/1256/6600 1264/1264/6601 1263/1263/6602
f 1264/1264/6603 1265/1265/6604 1263/1263/6605
f 1264/1264/6606 1266/1266/6607 1265/1265/6608
f 1265/1265/6609 1266/1266/6610 1267/1267/6611
f 1266/1266/6612 1268/1268/6613 1267/1267/6614
f 1266/1266/6615 1269/1269/6616 1268/1268/6617
f 1269/1269/6618 1270/1270/6619 1268/1268/6620
f 1269/1269/6621 1271/1271/6622 1270/1270/6623
f 1271/1271/6624 1272/1272/6625 1270/1270/6626
f 1271/1271/6627 1273/1273/6628 1272/1272/6629
f 1273/1273/6630 1274/1274/6631 1272/1272/6632
f 1273/1273/6633 1275/1275/6634 1274/1274/6635
f 1275/1275/6636 1276/1276/6637 1274/1274/6638
f 1276/1276/6639 1277/1277/6640 1274/1274/6641
f 1276/1276/6642 1278/1278/6643 1277/1277/6644
f 1278/1278/6645 1279/1279/6646 1277/1277/6647
f 1278/1278/6648 1280/1280/6649 1279/1279/6650
f 1280/1280/6651 1281/1281/6652 1279/1279/6653
f 1280/1280/6654 317/317/6655 1281/1281/6656
f 317/317/6657 1282/1282/6658 1281/1281/6659
f 317/317/6660 315/315/6661 1282/1282/6662
f 1282/1282/6663 315/315/6664 1283/1283/6665
f 315/315/6666 1284/1284/6667 1283/1283/6668
f 315/315/6669 314/314/6670 1284/1284/6671
f 314/314/6672 1285/1285/6673 1284/1284/6674
f 314/314/6675 312/311/6676 1285/1285/6677
f 1285/1285/6678 312/311/6679 1286/1286/6680
f 312/311/6681 1287/1287/6682 1286/1286/6683
f 312/311/6684 310/310/6685 1287/1287/6686
f 310/310/6687 1288/1288/6688 1287/1287/6689
f 310/310/6690 1056/1058/6691 1288/1288/6692
f 1056/1058/6693 1289/1289/6694 1288/1288/6695
f 1056/1058/6696 1055/1057/6697 1289/1289/6698
f 1055/1057/6699 1290/1290/6700 1289/1289/6701
f 1055/1057/6702 1054/1056/6703 1290/1290/6704
f 1054/1056/6705 1017/1019/6706 1290/1290/6707
f 1017/1019/6708 1035/1037/6709 1290/1290/6710
f 1035/1037/6711 1291/1291/6712 1290/1290/6713
f 1035/1037/6714 1036/1038/6715 1291/1291/6716
f 1036/1038/6717 1292/1292/6718 1291/1291/6719
f 1036/1038/6720 1037/1039/6721 1292/1292/6722
f 1292/1292/6723 1037/1039/6724 1293/1293/6725
f 1037/1039/6726 1294/1294/6727 1293/1293/6728
f 1037/1039/6729 1038/1040/6730 1294/1294/6731
f 1038/1040/6732 1295/1295/6733 1294/1294/6734
f 1038/1040/6735 1030/1032/6736 1295/1295/6737
f 1030/1032/6738 1296/1296/6739 1295/1295/6740
f 1030/1032/6741 1029/1031/6742 1296/1296/6743
f 1029/1031/6744 1297/1297/6745 1296/1296/6746
f 1029/1031/6747 1028/1030/6748 1297/1297/6749
f 1261/1261/6750 1298/1298/6751 1025/1027/6752
f 1298/1298/6753 1027/1029/6754 1025/1027/6755
f 1298/1298/6756 1299/1299/6757 1027/1029/6758
f 1299/1299/6759 1028/1030/6760 1027/1029/6761
f 1299/1299/6762 1300/1300/6763 1028/1030/6764
f 1300/1300/6765 1297/1297/6766 1028/1030/6767
f 1301/1301/6768 1058/1059/6769 1018/1020/6770
f 1301/1301/6771 1018/1020/6772 1302/1302/6773
f 1018/1020/6774 1017/1019/6775 1302/1302/6776
f 1239/1239/6777 1001/1003/6778 1003/1005/6779
f 1303/1303/6780 1305/1304/6781 1304/1305/6782
f 1303/1303/6783 994/996/6784 1305/1304/6785
f 1223/1223/6786 1306/1306/6787 1227/1227/6788
f 1306/1306/6789 1307/1307/6790 1227/1227/6791
f 1308/1308/6792 1307/1307/6793 1309/1309/6794
f 1307/1307/6795 1306/1306/6796 1309/1309/6797
f 1311/1310/6798 1308/1308/6799 1310/1311/6800
f 1308/1308/6801 1309/1309/6802 1310/1311/6803
f 1310/1311/6804 1312/1312/6805 1311/1310/6806
f 1312/1312/6807 1313/1313/6808 1311/1310/6809
f 1315/1314/6810 1316/1315/6811 1314/1316/6812
f 1314/1316/6813 1316/1315/6814 1317/1317/6815
f 1316/1315/6816 1313/1313/6817 1317/1317/6818
f 1313/1313/6819 1312/1312/6820 1317/1317/6821
f 1319/1318/6822 1315/1314/6823 1318/1319/6824
f 1315/1314/6825 1314/1316/6826 1318/1319/6827
f 1318/1319/6828 1320/1320/6829 1319/1318/6830
f 1320/1320/6831 1321/1321/6832 1319/1318/6833
f 1322/1322/6834 1324/1323/6835 1323/1324/6836
f 1320/1320/6837 1324/1323/6838 1321/1321/6839
f 1324/1323/6840 1325/1325/6841 1321/1321/6842
f 1324/1323/6843 1322/1322/6844 1325/1325/6845
f 1227/1227/6846 1307/1307/6847 1229/1229/6848
f 1307/1307/6849 1326/1326/6850 1229/1229/6851
f 1307/1307/6852 1308/1308/6853 1326/1326/6854
f 1308/1308/6855 1327/1327/6856 1326/1326/6857
f 1308/1308/6858 1311/1310/6859 1327/1327/6860
f 1311/1310/6861 1328/1328/6862 1327/1327/6863
f 1311/1310/6864 1313/1313/6865 1328/1328/6866
f 1313/1313/6867 1329/1329/6868 1328/1328/6869
f 1313/1313/6870 1316/1315/6871 1329/1329/6872
f 1316/1315/6873 1330/1330/6874 1329/1329/6875
f 1316/1315/6876 1315/1314/6877 1330/1330/6878
f 1315/1314/6879 1331/1331/6880 1330/1330/6881
f 1315/1314/6882 1319/1318/6883 1331/1331/6884
f 1319/1318/6885 1332/1332/6886 1331/1331/6887
f 1319/1318/6888 1321/1321/6889 1332/1332/6890
f 1321/1321/6891 1333/1333/6892 1332/1332/6893
f 1321/1321/6894 1325/1325/6895 1333/1333/6896
f 1325/1325/6897 1334/1334/6898 1333/1333/6899
f 1229/1229/6900 1326/1326/6901 1231/1231/6902
f 1326/1326/6903 1335/1335/6904 1231/1231/6905
f 1326/1326/6906 1327/1327/6907 1335/1335/6908
f 1327/1327/6909 1336/1336/6910 1335/1335/6911
f 1327/1327/6912 1328/1328/6913 1336/1336/6914
f 1328/1328/6915 1337/1337/6916 1336/1336/6917
f 1328/1328/6918 1329/1329/6919 1337/1337/6920
f 1329/1329/6921 1338/1338/6922 1337/1337/6923
f 1329/1329/6924 1330/1330/6925 1338/1338/6926
f 1330/1330/6927 1339/1339/6928 1338/1338/6929
f 1330/1330/6930 1331/1331/6931 1339/1339/6932
f 1331/1331/6933 1340/1340/6934 1339/1339/6935
f 1331/1331/6936 1332/1332/6937 1340/1340/6938
f 1332/1332/6939 1341/1341/6940 1340/1340/6941
f 1332/1332/6942 1333/1333/6943 1341/1341/6944
f 1333/1333/6945 1342/1342/6946 1341/1341/6947
f 1333/1333/6948 1334/1334/6949 1342/1342/6950
f 1334/1334/6951 1343/1343/6952 1342/1342/6953
f 1231/1231/6954 1335/1335/6955 1233/1233/6956
f 1335/1335/6957 1344/1344/6958 1233/1233/6959
f 1335/1335/6960 1336/1336/6961 1344/1344/6962
f 1336/1336/6963 1345/1345/6964 1344/1344/6965
f 1336/1336/6966 1337/1337/6967 1345/1345/6968
f 1337/1337/6969 1346/1346/6970 1345/1345/6971
f 1337/1337/6972 1338/1338/6973 1346/1346/6974
f 1338/1338/6975 1347/1347/6976 1346/1346/6977
f 1338/1338/6978 1339/1339/6979 1347/1347/6980
f 1339/1339/6981 1348/1348/6982 1347/1347/6983
f 1339/1339/6984 1340/1340/6985 1348/1348/6986
f 1340/1340/6987 1349/1349/6988 1348/1348/6989
f 1340/1340/6990 1341/1341/6991 1349/1349/6992
f 1341/1341/6993 1350/1350/6994 1349/1349/6995
f 1341/1341/6996 1342/1342/6997 1350/1350/6998
f 1342/1342/6999 1305/1304/7000 1350/1350/7001
f 1342/1342/7002 1343/1343/7003 1305/1304/7004
f 1343/1343/7005 1304/1305/7006 1305/1304/7007
f 1233/1233/7008 1344/1344/7009 1239/1239/7010
f 1344/1344/7011 1001/1003/7012 1239/1239/7013
f 1344/1344/7014 1345/1345/7015 1001/1003/7016
f 1345/1345/7017 999/1002/7018 1001/1003/7019
f 1345/1345/7020 1346/1346/7021 999/1002/7022
f 1346/1346/7023 1011/1013/7024 999/1002/7025
f 1346/1346/7026 1347/1347/7027 1011/1013/7028
f 1347/1347/7029 1010/1012/7030 1011/1013/7031
f 1347/1347/7032 1348/1348/7033 1010/1012/7034
f 1348/1348/7035 1008/1010/7036 1010/1012/7037
f 1348/1348/7038 1349/1349/7039 1008/1010/7040
f 1349/1349/7041 1006/1008/7042 1008/1010/7043
f 1349/1349/7044 1350/1350/7045 1006/1008/7046
f 1350/1350/7047 1005/1007/7048 1006/1008/7049
f 1350/1350/7050 1305/1304/7051 1005/1007/7052
f 1305/1304/7053 996/998/7054 1005/1007/7055
f 1305/1304/7056 994/996/7057 996/998/7058
f 1303/1303/7059 992/994/7060 994/996/7061
f 1351/1351/7062 1353/1352/7063 1352/1353/7064
f 1353/1352/7065 990/992/7066 1352/1353/7067
f 1353/1352/7068 988/989/7069 990/992/7070
f 1352/1353/7071 990/992/7072 1354/1354/7073
f 990/992/7074 992/994/7075 1354/1354/7076
f 992/994/7077 1355/1355/7078 1354/1354/7079
f 992/994/7080 1303/1303/7081 1355/1355/7082
f 1303/1303/7083 1356/1356/7084 1355/1355/7085
f 1248/1248/7086 1357/1357/7087 1251/1251/7088
f 1097/1095/7089 1357/1357/7090 1358/1358/7091 1098/1096/7092
f 1096/1097/7093 1251/1251/7094 1357/1357/7095 1097/1095/7096
f 988/989/7097 1353/1352/7098 1357/1357/7099 1248/1248/7100
f 256/256/7101 318/318/7102 255/255/7103
f 256/256/7104 1359/1359/7105 318/318/7106
f 788/789/7107 1359/1359/7108 1039/1041/7109
f 788/789/7110 318/318/7111 1359/1359/7112
f 1360/1360/7113 1362/1361/7114 1361/1362/7115
f 1039/1041/7116 1360/1360/7117 1040/1042/7118
f 1363/1363/7119 1050/1052/7120 316/316/7121
f 1360/1360/7122 1039/1041/7123 1362/1361/7124
f 1039/1041/7125 1363/1363/7126 1362/1361/7127
f 1039/1041/7128 1359/1359/7129 1363/1363/7130
f 1359/1359/7131 1050/1052/7132 1363/1363/7133
f 1359/1359/7134 256/256/7135 1050/1052/7136
f 1364/1364/7137 1366/1365/7138 1365/1366/7139
f 1366/1365/7140 1367/1367/7141 1365/1366/7142
f 1368/1368/7143 1370/1369/7144 1369/1370/7145
f 1040/1042/7146 1360/1360/7147 1041/1043/7148
f 1360/1360/7149 1042/1044/7150 1041/1043/7151
f 1368/1368/7152 1367/1367/7153 1370/1369/7154
f 1367/1367/7155 1371/1371/7156 1370/1369/7157
f 1367/1367/7158 1366/1365/7159 1371/1371/7160
f 1368/1368/7161 1369/1370/7162 1361/1362/7163
f 1369/1370/7164 1360/1360/7165 1361/1362/7166
f 1369/1370/7167 1043/1045/7168 1360/1360/7169
f 1043/1045/7170 1042/1044/7171 1360/1360/7172
f 1043/1045/7173 1369/1370/7174 786/787/7175
f 1369/1370/7176 1044/1046/7177 786/787/7178
f 1369/1370/7179 1370/1369/7180 1044/1046/7181
f 1045/1047/7182 1373/1372/7183 1372/1373/7184
f 1044/1046/7185 1373/1372/7186 789/788/7187
f 1373/1372/7188 1045/1047/7189 789/788/7190
f 1045/1047/7191 1374/1374/7192 790/790/7193
f 1374/1374/7194 1375/1375/7195 790/790/7196
f 1375/1375/7197 1376/1376/7198 790/790/7199
f 1376/1376/7200 791/791/7201 790/790/7202
f 1377/1377/7203 791/791/7204 1378/1378/7205
f 791/791/7206 1376/1376/7207 1378/1378/7208
f 1376/1376/7209 1379/1379/7210 1378/1378/7211
f 1376/1376/7212 1375/1375/7213 1379/1379/7214
f 1377/1377/7215 1095/1094/7216 791/791/7217
f 1095/1094/7218 792/792/7219 791/791/7220
f 1048/1049/7221 1049/1051/7222 1064/1066/7223
f 1380/1380/7224 1382/1381/7225 1381/1382/7226
f 1382/1381/7227 1380/1380/7228 1383/1383/7229
f 1380/1380/7230 1384/1384/7231 1383/1383/7232
f 1380/1380/7233 1064/1066/7234 1384/1384/7235
f 1385/1385/7236 1060/1062/7237 1381/1382/7238
f 1060/1062/7239 1380/1380/7240 1381/1382/7241
f 1060/1062/7242 1064/1066/7243 1380/1380/7244
f 1060/1062/7245 1058/1059/7246 1064/1066/7247
f 1058/1059/7248 1048/1049/7249 1064/1066/7250
f 1058/1059/7251 1301/1301/7252 1048/1049/7253
f 1301/1301/7254 1053/1055/7255 1048/1049/7256
f 1301/1301/7257 1302/1302/7258 1053/1055/7259
f 1302/1302/7260 1052/1054/7261 1053/1055/7262
f 1302/1302/7263 1017/1019/7264 1052/1054/7265
f 1017/1019/7266 1054/1056/7267 1052/1054/7268
f 1060/1062/7269 1385/1385/7270 1059/1061/7271
f 1059/1061/7272 1385/1385/7273 1061/1063/7274
f 1385/1385/7275 1062/1064/7276 1061/1063/7277
f 1385/1385/7278 1381/1382/7279 1062/1064/7280
f 1381/1382/7281 1382/1381/7282 1062/1064/7283
f 1382/1381/7284 1063/1065/7285 1062/1064/7286
f 1382/1381/7287 1383/1383/7288 1063/1065/7289
f 1383/1383/7290 1384/1384/7291 1063/1065/7292
f 1384/1384/7293 815/815/7294 1063/1065/7295
f 1384/1384/7296 1064/1066/7297 815/815/7298
f 1386/1386/7299 1387/1387/7300 1077/1080/7301
f 1077/1080/7302 1387/1387/7303 1074/1077/7304
f 1387/1387/7305 1388/1388/7306 1074/1077/7307
f 1388/1388/7308 1072/1076/7309 1074/1077/7310
f 1388/1388/7311 1389/1389/7312 1072/1076/7313
f 1389/1389/7314 1071/1074/7315 1072/1076/7316
f 1389/1389/7317 1390/1390/7318 1071/1074/7319
f 1386/1386/7320 1391/1391/7321 1387/1387/7322
f 1391/1391/7323 1388/1388/7324 1387/1387/7325
f 1391/1391/7326 1392/1392/7327 1388/1388/7328
f 1392/1392/7329 1389/1389/7330 1388/1388/7331
f 1392/1392/7332 1393/1393/7333 1389/1389/7334
f 1393/1393/7335 1390/1390/7336 1389/1389/7337
f 1393/1393/7338 1394/1394/7339 1390/1390/7340
f 1088/848/7341 1081/1089/7342 1080/1083/7343
f 1395/1395/7344 1088/848/7345 1394/1394/7346
f 1088/848/7347 1390/1390/7348 1394/1394/7349
f 1088/848/7350 1071/1074/7351 1390/1390/7352
f 1094/1093/7353 1095/1094/7354 1256/1256/7355
f 1095/1094/7356 1396/1396/7357 1256/1256/7358
f 1397/1397/7359 1398/1398/7360 1378/1378/7361
f 1398/1398/7362 1377/1377/7363 1378/1378/7364
f 1398/1398/7365 1399/1399/7366 1377/1377/7367
f 1399/1399/7368 1095/1094/7369 1377/1377/7370
f 1399/1399/7371 1396/1396/7372 1095/1094/7373
f 1400/1400/7374 1401/1401/7375 1152/1157/7376
f 1401/1401/7377 1402/1402/7378 1152/1157/7379
f 1401/1401/7380 837/838/7381 1402/1402/7382
f 1098/1096/7383 1402/1402/7384 837/838/7385
f 1099/1099/7386 1401/1401/7387 1400/1400/7388
f 1102/1103/7389 1403/1403/7390 1101/1101/7391
f 1103/1102/7392 1099/1099/7393 1102/1103/7394
f 1099/1099/7395 1403/1403/7396 1102/1103/7397
f 1099/1099/7398 1404/1404/7399 1403/1403/7400
f 1103/1102/7401 1100/1100/7402 1099/1099/7403
f 1100/1100/7404 823/823/7405 1099/1099/7406
f 1404/1404/7407 1099/1099/7408 1400/1400/7409
f 1405/1405/7410 1406/1406/7411 1404/1404/7412
f 1406/1406/7413 1403/1403/7414 1404/1404/7415
f 1406/1406/7416 1407/1407/7417 1403/1403/7418
f 1407/1407/7419 1101/1101/7420 1403/1403/7421
f 1407/1407/7422 1408/1408/7423 1101/1101/7424
f 1409/1409/7425 1411/1410/7426 1410/1411/7427
f 1101/1101/7428 1386/1386/7429 1077/1080/7430
f 1101/1101/7431 1408/1408/7432 1386/1386/7433
f 1408/1408/7434 1412/1412/7435 1386/1386/7436
f 1408/1408/7437 1413/1413/7438 1412/1412/7439
f 1408/1408/7440 1414/1414/7441 1413/1413/7442
f 1408/1408/7443 1410/1411/7444 1414/1414/7445
f 1410/1411/7446 1415/1415/7447 1414/1414/7448
f 1410/1411/7449 1411/1410/7450 1415/1415/7451
f 1416/1416/7452 1418/1417/7453 1417/1418/7454
f 1418/1417/7455 1419/1419/7456 1417/1418/7457
f 1418/1417/7458 1411/1410/7459 1419/1419/7460
f 1411/1410/7461 1420/1420/7462 1419/1419/7463
f 1411/1410/7464 1409/1409/7465 1420/1420/7466
f 1088/848/7467 1395/1395/7468 1421/1421/7469
f 1421/1421/7470 1422/1422/7471 1088/848/7472
f 1422/1422/7473 1104/1104/7474 1088/848/7475
f 843/844/7476 1088/848/7477 1104/1104/7478
f 1423/1423/7479 1425/1424/7480 1424/1425/7481
f 1426/1426/7482 1428/1427/7483 1427/1428/7484
f 1104/1104/7485 1430/1429/7486 1429/1430/7487
f 1429/1430/7488 1430/1429/7489 1425/1424/7490
f 1430/1429/7491 1424/1425/7492 1425/1424/7493
f 1430/1429/7494 1431/1431/7495 1424/1425/7496
f 1109/1108/7497 1427/1428/7498 1108/1109/7499
f 1427/1428/7500 1109/1108/7501 1426/1426/7502
f 1109/1108/7503 1432/1432/7504 1426/1426/7505
f 1109/1108/7506 1112/1112/7507 1432/1432/7508
f 1112/1112/7509 1433/1433/7510 1432/1432/7511
f 1112/1112/7512 1114/1114/7513 1433/1433/7514
f 1114/1114/7515 1106/1106/7516 1433/1433/7517
f 1114/1114/7518 851/853/7519 1106/1106/7520
f 1423/1423/7521 1434/1434/7522 1425/1424/7523
f 1434/1434/7524 1429/1430/7525 1425/1424/7526
f 1434/1434/7527 1435/1435/7528 1429/1430/7529
f 1435/1435/7530 1104/1104/7531 1429/1430/7532
f 1435/1435/7533 1105/1105/7534 1104/1104/7535
f 1431/1431/7536 1428/1427/7537 1424/1425/7538
f 1428/1427/7539 1423/1423/7540 1424/1425/7541
f 1428/1427/7542 1426/1426/7543 1423/1423/7544
f 1426/1426/7545 1434/1434/7546 1423/1423/7547
f 1426/1426/7548 1432/1432/7549 1434/1434/7550
f 1432/1432/7551 1435/1435/7552 1434/1434/7553
f 1432/1432/7554 1433/1433/7555 1435/1435/7556
f 1433/1433/7557 1105/1105/7558 1435/1435/7559
f 1433/1433/7560 1106/1106/7561 1105/1105/7562
f 1436/1436/7563 1437/1437/7564 1108/1109/7565
f 1437/1437/7566 1107/1107/7567 1108/1109/7568
f 1437/1437/7569 1438/1438/7570 1107/1107/7571
f 1438/1438/7572 1111/1111/7573 1107/1107/7574
f 1438/1438/7575 1439/1439/7576 1111/1111/7577
f 1440/1440/7578 1116/1116/7579 1441/1441/7580
f 1116/1116/7581 1439/1439/7582 1441/1441/7583
f 1116/1116/7584 1111/1111/7585 1439/1439/7586
f 1442/1442/7587 1443/1443/7588 1108/1109/7589
f 1443/1443/7590 1436/1436/7591 1108/1109/7592
f 1135/1135/7593 1120/1120/7594 1440/1440/7595
f 1120/1120/7596 1116/1116/7597 1440/1440/7598
f 1135/1135/7599 1444/1444/7600 1136/1136/7601
f 1444/1444/7602 1141/1141/7603 1136/1136/7604
f 1444/1444/7605 1143/1143/7606 1141/1141/7607
f 1138/1139/7608 1446/1445/7609 1445/1446/7610
f 1446/1445/7611 1447/1447/7612 1445/1446/7613
f 1446/1445/7614 1448/1448/7615 1447/1447/7616
f 1448/1448/7617 1449/1449/7618 1447/1447/7619
f 1448/1448/7620 1450/1450/7621 1449/1449/7622
f 1450/1450/7623 1451/1451/7624 1449/1449/7625
f 1138/1139/7626 1139/1138/7627 1446/1445/7628
f 1139/1138/7629 1448/1448/7630 1446/1445/7631
f 1139/1138/7632 1143/1143/7633 1448/1448/7634
f 1143/1143/7635 1450/1450/7636 1448/1448/7637
f 1143/1143/7638 1444/1444/7639 1450/1450/7640
f 1444/1444/7641 1451/1451/7642 1450/1450/7643
f 1444/1444/7644 1135/1135/7645 1451/1451/7646
f 1137/1137/7647 1138/1139/7648 1452/1452/7649
f 1138/1139/7650 1453/1453/7651 1452/1452/7652
f 872/870/7653 1145/1145/7654 1209/1209/7655
f 1145/1145/7656 1454/1454/7657 1209/1209/7658
f 1145/1145/7659 1137/1137/7660 1454/1454/7661
f 1137/1137/7662 1455/1455/7663 1454/1454/7664
f 1137/1137/7665 1452/1452/7666 1455/1455/7667
f 1419/1419/7668 1267/1267/7669 1268/1268/7670
f 1419/1419/7671 1420/1420/7672 1267/1267/7673
f 1420/1420/7674 1265/1265/7675 1267/1267/7676
f 1420/1420/7677 1409/1409/7678 1265/1265/7679
f 1409/1409/7680 1263/1263/7681 1265/1265/7682
f 1409/1409/7683 1410/1411/7684 1263/1263/7685
f 1419/1419/7686 1268/1268/7687 1417/1418/7688
f 1268/1268/7689 1416/1416/7690 1417/1418/7691
f 1268/1268/7692 1270/1270/7693 1416/1416/7694
f 1270/1270/7695 1456/1456/7696 1416/1416/7697
f 1270/1270/7698 1272/1272/7699 1456/1456/7700
f 1272/1272/7701 1457/1457/7702 1456/1456/7703
f 1272/1272/7704 1274/1274/7705 1457/1457/7706
f 1274/1274/7707 1458/1458/7708 1457/1457/7709
f 1274/1274/7710 1277/1277/7711 1458/1458/7712
f 1277/1277/7713 1459/1459/7714 1458/1458/7715
f 1277/1277/7716 1279/1279/7717 1459/1459/7718
f 1279/1279/7719 1281/1281/7720 1459/1459/7721
f 1459/1459/7722 1281/1281/7723 1453/1453/7724
f 1281/1281/7725 1452/1452/7726 1453/1453/7727
f 1281/1281/7728 1282/1282/7729 1452/1452/7730
f 1282/1282/7731 1455/1455/7732 1452/1452/7733
f 1282/1282/7734 1283/1283/7735 1455/1455/7736
f 1283/1283/7737 1454/1454/7738 1455/1455/7739
f 1283/1283/7740 1284/1284/7741 1454/1454/7742
f 1284/1284/7743 1285/1285/7744 1454/1454/7745
f 1285/1285/7746 1209/1209/7747 1454/1454/7748
f 1285/1285/7749 1286/1286/7750 1209/1209/7751
f 1286/1286/7752 1166/1166/7753 1209/1209/7754
f 1286/1286/7755 1287/1287/7756 1166/1166/7757
f 1287/1287/7758 1191/1191/7759 1166/1166/7760
f 1287/1287/7761 1288/1288/7762 1191/1191/7763
f 1288/1288/7764 1289/1289/7765 1191/1191/7766
f 1289/1289/7767 1190/1190/7768 1191/1191/7769
f 1289/1289/7770 1290/1290/7771 1190/1190/7772
f 1290/1290/7773 1189/1189/7774 1190/1190/7775
f 1290/1290/7776 1291/1291/7777 1189/1189/7778
f 1291/1291/7779 1199/1199/7780 1189/1189/7781
f 1291/1291/7782 1292/1292/7783 1199/1199/7784
f 1292/1292/7785 1293/1293/7786 1199/1199/7787
f 1293/1293/7788 1198/1198/7789 1199/1199/7790
f 1293/1293/7791 1294/1294/7792 1198/1198/7793
f 1294/1294/7794 1196/1196/7795 1198/1198/7796
f 1294/1294/7797 1295/1295/7798 1196/1196/7799
f 1295/1295/7800 1296/1296/7801 1196/1196/7802
f 1296/1296/7803 1193/1194/7804 1196/1196/7805
f 1296/1296/7806 1297/1297/7807 1193/1194/7808
f 1297/1297/7809 1192/1192/7810 1193/1194/7811
f 1297/1297/7812 1300/1300/7813 1192/1192/7814
f 1300/1300/7815 1200/1200/7816 1192/1192/7817
f 1300/1300/7818 1299/1299/7819 1200/1200/7820
f 1299/1299/7821 1202/1202/7822 1200/1200/7823
f 1299/1299/7824 1298/1298/7825 1202/1202/7826
f 1298/1298/7827 1204/1204/7828 1202/1202/7829
f 1298/1298/7830 1261/1261/7831 1204/1204/7832
f 1262/1262/7833 1165/1165/7834 1163/1163/7835
f 1262/1262/7836 1460/1460/7837 1165/1165/7838
f 1460/1460/7839 1461/1461/7840 1165/1165/7841
f 1460/1460/7842 1462/1462/7843 1461/1461/7844
f 1462/1462/7845 1463/1463/7846 1461/1461/7847
f 1462/1462/7848 1464/1464/7849 1463/1463/7850
f 1464/1464/7851 1405/1405/7852 1463/1463/7853
f 1464/1464/7854 1465/1465/7855 1405/1405/7856
f 1405/1405/7857 1465/1465/7858 1406/1406/7859
f 1465/1465/7860 1407/1407/7861 1406/1406/7862
f 1465/1465/7863 1466/1466/7864 1407/1407/7865
f 1404/1404/7866 1400/1400/7867 1405/1405/7868
f 1400/1400/7869 1463/1463/7870 1405/1405/7871
f 1165/1165/7872 1461/1461/7873 1164/1164/7874
f 1461/1461/7875 1400/1400/7876 1164/1164/7877
f 1461/1461/7878 1463/1463/7879 1400/1400/7880
f 1153/1152/7881 1164/1164/7882 1152/1157/7883
f 1164/1164/7884 1400/1400/7885 1152/1157/7886
f 1467/1467/7887 1157/1156/7888 1152/1157/7889
f 1358/1358/7890 1402/1402/7891 1098/1096/7892
f 1358/1358/7893 1467/1467/7894 1402/1402/7895
f 1467/1467/7896 1152/1157/7897 1402/1402/7898
f 1157/1156/7899 1468/1468/7900 1156/1155/7901
f 1157/1156/7902 1467/1467/7903 1468/1468/7904
f 1467/1467/7905 1351/1351/7906 1468/1468/7907
f 1467/1467/7908 1358/1358/7909 1351/1351/7910
f 1356/1356/7911 1469/1469/7912 1355/1355/7913
f 1356/1356/7914 1470/1470/7915 1469/1469/7916
f 1470/1470/7917 1151/1150/7918 1469/1469/7919
f 1470/1470/7920 1150/1151/7921 1151/1150/7922
f 1352/1353/7923 1471/1471/7924 1351/1351/7925
f 1471/1471/7926 1468/1468/7927 1351/1351/7928
f 1471/1471/7929 1155/1153/7930 1468/1468/7931
f 1155/1153/7932 1156/1155/7933 1468/1468/7934
f 1155/1153/7935 1471/1471/7936 1154/1154/7937
f 1471/1471/7938 1472/1472/7939 1154/1154/7940
f 1471/1471/7941 1352/1353/7942 1472/1472/7943
f 1352/1353/7944 1354/1354/7945 1472/1472/7946
f 1355/1355/7947 1469/1469/7948 1354/1354/7949
f 1469/1469/7950 1472/1472/7951 1354/1354/7952
f 1469/1469/7953 1151/1150/7954 1472/1472/7955
f 1151/1150/7956 1154/1154/7957 1472/1472/7958
f 1303/1303/7959 1304/1305/7960 1356/1356/7961
f 1304/1305/7962 1343/1343/7963 1356/1356/7964
f 1160/1159/7965 1149/1149/7966 1473/1473/7967
f 1149/1149/7968 1323/1324/7969 1473/1473/7970
f 1149/1149/7971 1150/1151/7972 1323/1324/7973
f 1356/1356/7974 1334/1334/7975 1325/1325/7976
f 1356/1356/7977 1343/1343/7978 1334/1334/7979
f 1323/1324/7980 1150/1151/7981 1322/1322/7982
f 1150/1151/7983 1325/1325/7984 1322/1322/7985
f 1356/1356/7986 1325/1325/7987 1470/1470/7988
f 1325/1325/7989 1150/1151/7990 1470/1470/7991
f 1323/1324/7992 1324/1323/7993 1473/1473/7994
f 1324/1323/7995 1475/1474/7996 1473/1473/7997
f 1324/1323/7998 1320/1320/7999 1475/1474/8000
f 1320/1320/8001 1476/1475/8002 1475/1474/8003
f 1320/1320/8004 1318/1319/8005 1476/1475/8006
f 1318/1319/8007 1477/1476/8008 1476/1475/8009
f 1478/1477/8010 1477/1476/8011 1314/1316/8012
f 1477/1476/8013 1318/1319/8014 1314/1316/8015
f 1314/1316/8016 1317/1317/8017 1478/1477/8018
f 1317/1317/8019 1479/1478/8020 1478/1477/8021
f 1310/1311/8022 1474/1479/8023 1312/1312/8024
f 1474/1479/8025 1479/1478/8026 1312/1312/8027
f 1479/1478/8028 1317/1317/8029 1312/1312/8030
f 1310/1311/8031 1480/1480/8032 1474/1479/8033
f 1310/1311/8034 1309/1309/8035 1480/1480/8036
f 1481/1481/8037 1480/1480/8038 1306/1306/8039
f 1480/1480/8040 1309/1309/8041 1306/1306/8042
f 1482/1482/8043 1481/1481/8044 1306/1306/8045
f 1224/1225/8046 1482/1482/8047 1223/1223/8048
f 1482/1482/8049 1306/1306/8050 1223/1223/8051
f 1483/1483/8052 1226/1226/8053 1220/1220/8054
f 1483/1483/8055 1484/1484/8056 1226/1226/8057
f 1484/1484/8058 1224/1225/8059 1226/1226/8060
f 1484/1484/8061 1485/1485/8062 1224/1225/8063
f 1485/1485/8064 1482/1482/8065 1224/1225/8066
f 1220/1220/8067 1486/1486/8068 1483/1483/8069
f 1220/1220/8070 1221/1222/8071 1486/1486/8072
f 1244/1244/8073 1486/1486/8074 970/972/8075
f 1486/1486/8076 1221/1222/8077 970/972/8078
f 1203/1203/8079 1205/1205/8080 1244/1244/8081
f 1205/1205/8082 1486/1486/8083 1244/1244/8084
f 1205/1205/8085 1207/1207/8086 1486/1486/8087
f 1207/1207/8088 1483/1483/8089 1486/1486/8090
f 1207/1207/8091 1208/1208/8092 1483/1483/8093
f 1208/1208/8094 1484/1484/8095 1483/1483/8096
f 1208/1208/8097 1180/1181/8098 1484/1484/8099
f 1180/1181/8100 1485/1485/8101 1484/1484/8102
f 1180/1181/8103 1182/1182/8104 1485/1485/8105
f 1182/1182/8106 1482/1482/8107 1485/1485/8108
f 1182/1182/8109 1184/1184/8110 1482/1482/8111
f 1184/1184/8112 1481/1481/8113 1482/1482/8114
f 1184/1184/8115 1186/1186/8116 1481/1481/8117
f 1186/1186/8118 1480/1480/8119 1481/1481/8120
f 1186/1186/8121 1187/1187/8122 1480/1480/8123
f 1187/1187/8124 1474/1479/8125 1480/1480/8126
f 1187/1187/8127 1171/1172/8128 1474/1479/8129
f 1171/1172/8130 1479/1478/8131 1474/1479/8132
f 1171/1172/8133 1173/1173/8134 1479/1478/8135
f 1173/1173/8136 1478/1477/8137 1479/1478/8138
f 1173/1173/8139 1175/1175/8140 1478/1477/8141
f 1175/1175/8142 1477/1476/8143 1478/1477/8144
f 1175/1175/8145 1177/1177/8146 1477/1476/8147
f 1177/1177/8148 1476/1475/8149 1477/1476/8150
f 1177/1177/8151 1178/1178/8152 1476/1475/8153
f 1178/1178/8154 1475/1474/8155 1476/1475/8156
f 1178/1178/8157 1160/1159/8158 1475/1474/8159
f 1160/1159/8160 1473/1473/8161 1475/1474/8162
f 1263/1263/8163 1260/1260/8164 1257/1257/8165
f 1263/1263/8166 1466/1466/8167 1260/1260/8168
f 1466/1466/8169 1259/1259/8170 1260/1260/8171
f 1466/1466/8172 1258/1258/8173 1259/1259/8174
f 1250/1250/8175 1262/1262/8176 987/990/8177
f 1250/1250/8178 1249/1249/8179 1262/1262/8180
f 1249/1249/8181 1460/1460/8182 1262/1262/8183
f 1249/1249/8184 1252/1252/8185 1460/1460/8186
f 1460/1460/8187 1252/1252/8188 1462/1462/8189
f 1252/1252/8190 1464/1464/8191 1462/1462/8192
f 1252/1252/8193 1255/1255/8194 1464/1464/8195
f 1255/1255/8196 1465/1465/8197 1464/1464/8198
f 1255/1255/8199 1254/1254/8200 1465/1465/8201
f 1254/1254/8202 1253/1253/8203 1465/1465/8204
f 1253/1253/8205 1466/1466/8206 1465/1465/8207
f 1253/1253/8208 1258/1258/8209 1466/1466/8210
f 317/317/8211 1280/1280/8212 316/316/8213
f 1280/1280/8214 1363/1363/8215 316/316/8216
f 1280/1280/8217 1278/1278/8218 1363/1363/8219
f 1278/1278/8220 1362/1361/8221 1363/1363/8222
f 1278/1278/8223 1276/1276/8224 1362/1361/8225
f 1276/1276/8226 1361/1362/8227 1362/1361/8228
f 1266/1266/8229 1367/1367/8230 1269/1269/8231
f 1367/1367/8232 1271/1271/8233 1269/1269/8234
f 1367/1367/8235 1368/1368/8236 1271/1271/8237
f 1368/1368/8238 1273/1273/8239 1271/1271/8240
f 1368/1368/8241 1361/1362/8242 1273/1273/8243
f 1361/1362/8244 1275/1275/8245 1273/1273/8246
f 1361/1362/8247 1276/1276/8248 1275/1275/8249
f 1264/1264/8250 1398/1398/8251 1397/1397/8252
f 1264/1264/8253 1399/1399/8254 1398/1398/8255
f 1399/1399/8256 1264/1264/8257 1396/1396/8258
f 1264/1264/8259 1256/1256/8260 1396/1396/8261
f 1266/1266/8262 1264/1264/8263 1367/1367/8264
f 1264/1264/8265 1365/1366/8266 1367/1367/8267
f 1264/1264/8268 1397/1397/8269 1365/1366/8270
f 1397/1397/8271 1364/1364/8272 1365/1366/8273
f 1378/1378/8274 1364/1364/8275 1397/1397/8276
f 1378/1378/8277 1379/1379/8278 1364/1364/8279
f 1379/1379/8280 1487/1487/8281 1364/1364/8282
f 1379/1379/8283 1375/1375/8284 1487/1487/8285
f 1375/1375/8286 1488/1488/8287 1487/1487/8288
f 1375/1375/8289 1374/1374/8290 1488/1488/8291
f 1374/1374/8292 1372/1373/8293 1488/1488/8294
f 1374/1374/8295 1045/1047/8296 1372/1373/8297
f 1372/1373/8298 1371/1371/8299 1488/1488/8300
f 1371/1371/8301 1487/1487/8302 1488/1488/8303
f 1371/1371/8304 1366/1365/8305 1487/1487/8306
f 1366/1365/8307 1364/1364/8308 1487/1487/8309
f 1372/1373/8310 1373/1372/8311 1371/1371/8312
f 1373/1372/8313 1370/1369/8314 1371/1371/8315
f 1373/1372/8316 1044/1046/8317 1370/1369/8318
f 1489/1489/8319 1491/1490/8320 1490/1491/8321
f 1491/1490/8322 1492/1492/8323 1490/1491/8324
f 1491/1490/8325 1493/1493/8326 1492/1492/8327
f 1493/1493/8328 1494/1494/8329 1492/1492/8330
f 1493/1493/8331 1495/1495/8332 1494/1494/8333
f 1495/1495/8334 1496/1496/8335 1494/1494/8336
f 1495/1495/8337 1413/1413/8338 1496/1496/8339
f 1394/1394/8340 1497/1497/8341 1489/1489/8342
f 1497/1497/8343 1491/1490/8344 1489/1489/8345
f 1497/1497/8346 1498/1498/8347 1491/1490/8348
f 1498/1498/8349 1493/1493/8350 1491/1490/8351
f 1498/1498/8352 1499/1499/8353 1493/1493/8354
f 1499/1499/8355 1495/1495/8356 1493/1493/8357
f 1393/1393/8358 1497/1497/8359 1394/1394/8360
f 1393/1393/8361 1392/1392/8362 1497/1497/8363
f 1392/1392/8364 1498/1498/8365 1497/1497/8366
f 1392/1392/8367 1391/1391/8368 1498/1498/8369
f 1391/1391/8370 1499/1499/8371 1498/1498/8372
f 1391/1391/8373 1386/1386/8374 1499/1499/8375
f 1386/1386/8376 1495/1495/8377 1499/1499/8378
f 1386/1386/8379 1412/1412/8380 1495/1495/8381
f 1412/1412/8382 1413/1413/8383 1495/1495/8384
f 1500/1500/8385 1489/1489/8386 1490/1491/8387
f 1500/1500/8388 1395/1395/8389 1489/1489/8390
f 1395/1395/8391 1394/1394/8392 1489/1489/8393
f 1466/1466/8394 1263/1263/8395 1407/1407/8396
f 1263/1263/8397 1408/1408/8398 1407/1407/8399
f 1263/1263/8400 1410/1411/8401 1408/1408/8402
f 1501/1501/8403 1503/1502/8404 1502/1503/8405
f 1503/1502/8406 1504/1504/8407 1502/1503/8408
f 1503/1502/8409 1505/1505/8410 1504/1504/8411
f 1505/1505/8412 1506/1506/8413 1504/1504/8414
f 1505/1505/8415 1507/1507/8416 1506/1506/8417
f 1507/1507/8418 1508/1508/8419 1506/1506/8420
f 1507/1507/8421 1411/1410/8422 1508/1508/8423
f 1411/1410/8424 1418/1417/8425 1508/1508/8426
f 1411/1410/8427 1509/1509/8428 1415/1415/8429
f 1411/1410/8430 1507/1507/8431 1509/1509/8432
f 1507/1507/8433 1510/1510/8434 1509/1509/8435
f 1507/1507/8436 1505/1505/8437 1510/1510/8438
f 1505/1505/8439 1511/1511/8440 1510/1510/8441
f 1505/1505/8442 1503/1502/8443 1511/1511/8444
f 1512/1512/8445 1514/1513/8446 1513/1514/8447
f 1501/1501/8448 1514/1513/8449 1503/1502/8450
f 1514/1513/8451 1511/1511/8452 1503/1502/8453
f 1514/1513/8454 1512/1512/8455 1511/1511/8456
f 1512/1512/8457 1510/1510/8458 1511/1511/8459
f 1512/1512/8460 1515/1515/8461 1510/1510/8462
f 1515/1515/8463 1509/1509/8464 1510/1510/8465
f 1515/1515/8466 1516/1516/8467 1509/1509/8468
f 1516/1516/8469 1415/1415/8470 1509/1509/8471
f 1516/1516/8472 1414/1414/8473 1415/1415/8474
f 1516/1516/8475 1413/1413/8476 1414/1414/8477
f 1492/1492/8478 1513/1514/8479 1490/1491/8480
f 1413/1413/8481 1516/1516/8482 1496/1496/8483
f 1516/1516/8484 1494/1494/8485 1496/1496/8486
f 1516/1516/8487 1515/1515/8488 1494/1494/8489
f 1515/1515/8490 1492/1492/8491 1494/1494/8492
f 1515/1515/8493 1512/1512/8494 1492/1492/8495
f 1512/1512/8496 1513/1514/8497 1492/1492/8498
f 1517/1517/8499 1456/1456/8500 1518/1518/8501
f 1517/1517/8502 1519/1519/8503 1456/1456/8504
f 1519/1519/8505 1416/1416/8506 1456/1456/8507
f 1519/1519/8508 1418/1417/8509 1416/1416/8510
f 1421/1421/8511 1395/1395/8512 1500/1500/8513
f 1521/1520/8514 1525/1521/8515 1520/1522/8516 1500/1500/8517
f 1500/1500/8518 1522/1523/8519 1521/1520/8520
f 1522/1523/8521 1523/1524/8522 1521/1520/8523
f 1522/1523/8524 1524/1525/8525 1523/1524/8526
f 1521/1520/8527 1523/1524/8528 1525/1521/8529
f 1527/1526/8530 1421/1421/8531 1520/1522/8532 1526/1527/8533
f 1526/1527/8534 1520/1522/8535 1525/1521/8536
f 1527/1526/8537 1529/1528/8538 1421/1421/8539
f 1529/1528/8540 1422/1422/8541 1421/1421/8542
f 1529/1528/8543 1104/1104/8544 1422/1422/8545
f 1104/1104/8546 1529/1528/8547 1430/1429/8548
f 1529/1528/8549 1527/1526/8550 1430/1429/8551
f 1527/1526/8552 1431/1431/8553 1430/1429/8554
f 1527/1526/8555 1526/1527/8556 1431/1431/8557
f 1526/1527/8558 1528/1529/8559 1431/1431/8560
f 1526/1527/8561 1525/1521/8562 1528/1529/8563
f 1108/1109/8564 1502/1503/8565 1442/1442/8566
f 1502/1503/8567 1524/1525/8568 1501/1501/8569
f 1502/1503/8570 1431/1431/8571 1528/1529/8572
f 1524/1525/8573 1502/1503/8574 1523/1524/8575
f 1502/1503/8576 1525/1521/8577 1523/1524/8578
f 1502/1503/8579 1528/1529/8580 1525/1521/8581
f 1431/1431/8582 1502/1503/8583 1428/1427/8584
f 1502/1503/8585 1427/1428/8586 1428/1427/8587
f 1502/1503/8588 1108/1109/8589 1427/1428/8590
f 1530/1530/8591 1531/1531/8592 1518/1518/8593
f 1532/1532/8594 1438/1438/8595 1437/1437/8596
f 1530/1530/8597 1533/1533/8598 1531/1531/8599
f 1533/1533/8600 1534/1534/8601 1531/1531/8602
f 1533/1533/8603 1535/1535/8604 1534/1534/8605
f 1535/1535/8606 1532/1532/8607 1534/1534/8608
f 1535/1535/8609 1536/1536/8610 1532/1532/8611
f 1536/1536/8612 1438/1438/8613 1532/1532/8614
f 1536/1536/8615 1439/1439/8616 1438/1438/8617
f 1518/1518/8618 1537/1537/8619 1517/1517/8620
f 1518/1518/8621 1531/1531/8622 1537/1537/8623
f 1531/1531/8624 1538/1538/8625 1537/1537/8626
f 1531/1531/8627 1534/1534/8628 1538/1538/8629
f 1534/1534/8630 1539/1539/8631 1538/1538/8632
f 1534/1534/8633 1532/1532/8634 1539/1539/8635
f 1532/1532/8636 1436/1436/8637 1539/1539/8638
f 1532/1532/8639 1437/1437/8640 1436/1436/8641
f 1441/1441/8642 1540/1540/8643 1440/1440/8644
f 1536/1536/8645 1441/1441/8646 1439/1439/8647
f 1441/1441/8648 1536/1536/8649 1540/1540/8650
f 1536/1536/8651 1541/1541/8652 1540/1540/8653
f 1536/1536/8654 1535/1535/8655 1541/1541/8656
f 1535/1535/8657 1542/1542/8658 1541/1541/8659
f 1535/1535/8660 1533/1533/8661 1542/1542/8662
f 1533/1533/8663 1543/1543/8664 1542/1542/8665
f 1533/1533/8666 1530/1530/8667 1543/1543/8668
f 1443/1443/8669 1539/1539/8670 1436/1436/8671
f 1443/1443/8672 1442/1442/8673 1539/1539/8674
f 1442/1442/8675 1544/1544/8676 1539/1539/8677
f 1544/1544/8678 1538/1538/8679 1539/1539/8680
f 1544/1544/8681 1545/1545/8682 1538/1538/8683
f 1545/1545/8684 1537/1537/8685 1538/1538/8686
f 1545/1545/8687 1546/1546/8688 1537/1537/8689
f 1546/1546/8690 1517/1517/8691 1537/1537/8692
f 1546/1546/8693 1519/1519/8694 1517/1517/8695
f 1440/1440/8696 1451/1451/8697 1135/1135/8698
f 1440/1440/8699 1540/1540/8700 1451/1451/8701
f 1540/1540/8702 1449/1449/8703 1451/1451/8704
f 1540/1540/8705 1541/1541/8706 1449/1449/8707
f 1541/1541/8708 1447/1447/8709 1449/1449/8710
f 1541/1541/8711 1542/1542/8712 1447/1447/8713
f 1542/1542/8714 1445/1446/8715 1447/1447/8716
f 1542/1542/8717 1543/1543/8718 1445/1446/8719
f 1138/1139/8720 1445/1446/8721 1453/1453/8722
f 1445/1446/8723 1459/1459/8724 1453/1453/8725
f 1445/1446/8726 1543/1543/8727 1459/1459/8728
f 1543/1543/8729 1530/1530/8730 1459/1459/8731
f 1530/1530/8732 1458/1458/8733 1459/1459/8734
f 1530/1530/8735 1518/1518/8736 1458/1458/8737
f 1518/1518/8738 1457/1457/8739 1458/1458/8740
f 1518/1518/8741 1456/1456/8742 1457/1457/8743
f 1500/1500/8744 1513/1514/8745 1522/1523/8746
f 1490/1491/8747 1513/1514/8748 1500/1500/8749
f 1504/1504/8750 1442/1442/8751 1502/1503/8752
f 1546/1546/8753 1418/1417/8754 1519/1519/8755
f 1442/1442/8756 1504/1504/8757 1544/1544/8758
f 1504/1504/8759 1545/1545/8760 1544/1544/8761
f 1504/1504/8762 1506/1506/8763 1545/1545/8764
f 1506/1506/8765 1546/1546/8766 1545/1545/8767
f 1506/1506/8768 1508/1508/8769 1546/1546/8770
f 1508/1508/8771 1418/1417/8772 1546/1546/8773
f 1524/1525/8774 1522/1523/8775 1501/1501/8776
f 1522/1523/8777 1514/1513/8778 1501/1501/8779
f 1522/1523/8780 1513/1514/8781 1514/1513/8782
f 351/352/8783 1547/1547/8784 344/344/8785
f 218/218/8786 352/351/8787 217/217/8788
f 1548/1548/8789 1549/1549/8790 290/291/8791
f 1549/1549/8792 293/293/8793 290/291/8794
f 1550/1550/8795 1548/1548/8796 291/290/8797
f 1548/1548/8798 290/291/8799 291/290/8800
f 289/288/8801 1551/1551/8802 288/289/8803
f 261/260/8804 324/324/8805 284/284/8806
f 324/324/8807 1552/1552/8808 284/284/8809
f 324/324/8810 325/325/8811 1552/1552/8812
f 325/325/8813 1553/1553/8814 1552/1552/8815
f 325/325/8816 341/341/8817 1553/1553/8818
f 341/341/8819 1554/1554/8820 1553/1553/8821
f 341/341/8822 336/338/8823 1554/1554/8824
f 336/338/8825 1547/1547/8826 1554/1554/8827
f 336/338/8828 338/337/8829 1547/1547/8830
f 338/337/8831 344/344/8832 1547/1547/8833
f 338/337/8834 339/339/8835 344/344/8836
f 352/351/8837 1555/1555/8838 1556/1556/8839
f 1555/1555/8840 1557/1557/8841 1556/1556/8842
f 1555/1555/8843 1558/1558/8844 1557/1557/8845
f 1558/1558/8846 1559/1559/8847 1557/1557/8848
f 1558/1558/8849 1560/1560/8850 1559/1559/8851
f 1560/1560/8852 1551/1551/8853 1559/1559/8854
f 1560/1560/8855 1550/1550/8856 1551/1551/8857
f 1550/1550/8858 288/289/8859 1551/1551/8860
f 1550/1550/8861 291/290/8862 288/289/8863
f 352/351/8864 1556/1556/8865 351/352/8866
f 1556/1556/8867 1561/1561/8868 351/352/8869
f 1556/1556/8870 1557/1557/8871 1561/1561/8872
f 1557/1557/8873 1562/1562/8874 1561/1561/8875
f 1557/1557/8876 1559/1559/8877 1562/1562/8878
f 1559/1559/8879 1563/1563/8880 1562/1562/8881
f 1559/1559/8882 1551/1551/8883 1563/1563/8884
f 1551/1551/8885 1564/1564/8886 1563/1563/8887
f 1551/1551/8888 289/288/8889 1564/1564/8890
f 1549/1549/8891 1548/1548/8892 191/191/8893
f 1548/1548/8894 189/189/8895 191/191/8896
f 1548/1548/8897 1550/1550/8898 189/189/8899
f 1550/1550/8900 188/188/8901 189/189/8902
f 188/188/8903 1550/1550/8904 167/167/8905
f 1550/1550/8906 169/168/8907 167/167/8908
f 1550/1550/8909 1560/1560/8910 169/168/8911
f 1560/1560/8912 171/171/8913 169/168/8914
f 1560/1560/8915 1558/1558/8916 171/171/8917
f 1558/1558/8918 218/218/8919 171/171/8920
f 1558/1558/8921 1555/1555/8922 218/218/8923
f 1555/1555/8924 352/351/8925 218/218/8926
f 284/284/8927 1552/1552/8928 289/288/8929
f 1552/1552/8930 1564/1564/8931 289/288/8932
f 1552/1552/8933 1553/1553/8934 1564/1564/8935
f 1553/1553/8936 1563/1563/8937 1564/1564/8938
f 1553/1553/8939 1554/1554/8940 1563/1563/8941
f 1554/1554/8942 1562/1562/8943 1563/1563/8944
f 1554/1554/8945 1547/1547/8946 1562/1562/8947
f 1547/1547/8948 1561/1561/8949 1562/1562/8950
f 1547/1547/8951 351/352/8952 1561/1561/8953
f 1549/1549/8954 1565/1565/8955 293/293/8956
f 191/191/8957 193/193/8958 1549/1549/8959
f 193/193/8960 1565/1565/8961 1549/1549/8962
f 193/193/8963 195/195/8964 1565/1565/8965
f 195/195/8966 1566/1566/8967 1565/1565/8968
f 195/195/8969 197/197/8970 1566/1566/8971
f 197/197/8972 1567/1567/8973 1566/1566/8974
f 197/197/8975 198/198/8976 1567/1567/8977
f 198/198/8978 1568/1568/8979 1567/1567/8980
f 198/198/8981 182/182/8982 1568/1568/8983
f 182/182/8984 1569/1569/8985 1568/1568/8986
f 182/182/8987 183/184/8988 1569/1569/8989
f 183/184/8990 1570/1570/8991 1569/1569/8992
f 183/184/8993 185/185/8994 1570/1570/8995
f 185/185/8996 186/186/8997 1570/1570/8998
f 186/186/8999 1571/1571/9000 1570/1570/9001
f 186/186/9002 187/187/9003 1571/1571/9004
f 187/187/9005 1572/1572/9006 1571/1571/9007
f 187/187/9008 207/207/9009 1572/1572/9010
f 207/207/9011 1573/1573/9012 1572/1572/9013
f 207/207/9014 208/208/9015 1573/1573/9016
f 208/208/9017 1574/1574/9018 1573/1573/9019
f 208/208/9020 180/180/9021 1574/1574/9022
f 1574/1574/9023 180/180/9024 1575/1575/9025
f 180/180/9026 1576/1576/9027 1575/1575/9028
f 180/180/9029 181/181/9030 1576/1576/9031
f 1571/1571/9032 1572/1572/9033 362/362/9034
f 1572/1572/9035 361/361/9036 362/362/9037
f 1572/1572/9038 1573/1573/9039 361/361/9040
f 1573/1573/9041 356/355/9042 361/361/9043
f 1573/1573/9044 1574/1574/9045 356/355/9046
f 1574/1574/9047 357/357/9048 356/355/9049
f 1574/1574/9050 1575/1575/9051 357/357/9052
f 1575/1575/9053 1576/1576/9054 357/357/9055
f 1576/1576/9056 360/360/9057 357/357/9058
f 1570/1570/9059 366/366/9060 368/368/9061
f 1570/1570/9062 1571/1571/9063 366/366/9064
f 1571/1571/9065 364/364/9066 366/366/9067
f 1571/1571/9068 362/362/9069 364/364/9070
f 370/370/9071 372/372/9072 1577/1577/9073
f 372/372/9074 1578/1578/9075 1577/1577/9076
f 372/372/9077 373/373/9078 1578/1578/9079
f 373/373/9080 1579/1579/9081 1578/1578/9082
f 373/373/9083 375/375/9084 1579/1579/9085
f 375/375/9086 1580/1580/9087 1579/1579/9088
f 375/375/9089 377/377/9090 1580/1580/9091
f 377/377/9092 1581/1581/9093 1580/1580/9094
f 377/377/9095 380/380/9096 1581/1581/9097
f 296/294/9098 299/299/9099 295/295/9100
f 380/380/9101 299/299/9102 1581/1581/9103
f 299/299/9104 292/292/9105 1581/1581/9106
f 299/299/9107 296/294/9108 292/292/9109
f 293/293/9110 1565/1565/9111 292/292/9112
f 1565/1565/9113 1581/1581/9114 292/292/9115
f 1565/1565/9116 1566/1566/9117 1581/1581/9118
f 1566/1566/9119 1580/1580/9120 1581/1581/9121
f 1566/1566/9122 1567/1567/9123 1580/1580/9124
f 1567/1567/9125 1579/1579/9126 1580/1580/9127
f 1567/1567/9128 1568/1568/9129 1579/1579/9130
f 1568/1568/9131 1578/1578/9132 1579/1579/9133
f 1568/1568/9134 1569/1569/9135 1578/1578/9136
f 1569/1569/9137 1577/1577/9138 1578/1578/9139
f 1569/1569/9140 1570/1570/9141 1577/1577/9142
f 1570/1570/9143 370/370/9144 1577/1577/9145
f 1570/1570/9146 368/368/9147 370/370/9148
f 352/351/9149 353/353/9150 217/217/9151
f 353/353/9152 213/213/9153 217/217/9154
f 223/223/9155 1582/1582/9156 382/382/9157
f 212/212/9158 1583/1583/9159 211/211/9160
f 1583/1583/9161 219/219/9162 211/211/9163
f 1583/1583/9164 1582/1582/9165 219/219/9166
f 1582/1582/9167 221/221/9168 219/219/9169
f 1582/1582/9170 223/223/9171 221/221/9172
f 212/212/9173 213/213/9174 1583/1583/9175
f 213/213/9176 388/388/9177 1583/1583/9178
f 213/213/9179 353/353/9180 388/388/9181
f 382/382/9182 1582/1582/9183 384/383/9184
f 1582/1582/9185 1583/1583/9186 384/383/9187
f 1583/1583/9188 386/386/9189 384/383/9190
f 1583/1583/9191 388/388/9192 386/386/9193
f 1584/1584/9194 1585/1585/9195 163/163/9196
f 1585/1585/9197 162/162/9198 163/163/9199
f 1585/1585/9200 1586/1586/9201 162/162/9202
f 1586/1586/9203 166/166/9204 162/162/9205
f 565/565/9206 1587/1587/9207 564/564/9208
f 527/527/9209 529/529/9210 1588/1588/9211
f 460/460/9212 1590/1589/9213 459/459/9214
f 423/424/9215 1591/1590/9216 422/422/9217
f 1584/1584/9218 163/163/9219 1592/1591/9220
f 163/163/9221 205/205/9222 1592/1591/9223
f 205/205/9224 1593/1592/9225 1592/1591/9226
f 205/205/9227 206/206/9228 1593/1592/9229
f 1594/1593/9230 1595/1594/9231 209/209/9232
f 1595/1594/9233 206/206/9234 209/209/9235
f 1596/1595/9236 1594/1593/9237 158/158/9238
f 1594/1593/9239 210/210/9240 158/158/9241
f 1594/1593/9242 209/209/9243 210/210/9244
f 1597/1596/9245 1598/1597/9246 173/173/9247
f 1598/1597/9248 172/172/9249 173/173/9250
f 1598/1597/9251 1596/1595/9252 172/172/9253
f 1596/1595/9254 159/160/9255 172/172/9256
f 1596/1595/9257 158/158/9258 159/160/9259
f 175/175/9260 177/177/9261 1599/1598/9262
f 177/177/9263 434/434/9264 1599/1598/9265
f 177/177/9266 199/199/9267 434/434/9268
f 199/199/9269 435/435/9270 434/434/9271
f 199/199/9272 200/200/9273 435/435/9274
f 200/200/9275 202/202/9276 435/435/9277
f 202/202/9278 436/436/9279 435/435/9280
f 202/202/9281 204/204/9282 436/436/9283
f 204/204/9284 214/214/9285 436/436/9286
f 214/214/9287 438/438/9288 436/436/9289
f 214/214/9290 215/215/9291 438/438/9292
f 438/438/9293 215/215/9294 442/441/9295
f 215/215/9296 216/216/9297 442/441/9298
f 216/216/9299 443/442/9300 442/441/9301
f 216/216/9302 224/224/9303 443/442/9304
f 224/224/9305 445/445/9306 443/442/9307
f 224/224/9308 225/225/9309 445/445/9310
f 225/225/9311 415/415/9312 445/445/9313
f 225/225/9314 230/230/9315 415/415/9316
f 230/230/9317 399/399/9318 415/415/9319
f 230/230/9320 231/231/9321 399/399/9322
f 399/399/9323 231/231/9324 401/400/9325
f 231/231/9326 228/227/9327 401/400/9328
f 228/227/9329 403/403/9330 401/400/9331
f 228/227/9332 226/226/9333 403/403/9334
f 226/226/9335 405/405/9336 403/403/9337
f 226/226/9338 229/229/9339 405/405/9340
f 382/382/9341 406/406/9342 223/223/9343
f 406/406/9344 229/229/9345 223/223/9346
f 406/406/9347 405/405/9348 229/229/9349
f 433/433/9350 1600/1599/9351 434/434/9352
f 1600/1599/9353 1599/1598/9354 434/434/9355
f 1600/1599/9356 1597/1596/9357 1599/1598/9358
f 1597/1596/9359 175/175/9360 1599/1598/9361
f 1597/1596/9362 173/173/9363 175/175/9364
f 461/461/9365 457/457/9366 1589/1600/9367
f 533/533/9368 1601/1601/9369 531/531/9370
f 1601/1601/9371 530/530/9372 531/531/9373
f 1601/1601/9374 458/458/9375 530/530/9376
f 458/458/9377 517/517/9378 530/530/9379
f 458/458/9380 479/480/9381 517/517/9382
f 479/480/9383 500/482/9384 517/517/9385
f 458/458/9386 1601/1601/9387 457/457/9388
f 1601/1601/9389 1589/1600/9390 457/457/9391
f 1601/1601/9392 533/533/9393 1589/1600/9394
f 533/533/9395 1602/1602/9396 1589/1600/9397
f 533/533/9398 534/534/9399 1602/1602/9400
f 534/534/9401 1603/1603/9402 1602/1602/9403
f 534/534/9404 525/526/9405 1603/1603/9406
f 1588/1588/9407 1604/1604/9408 527/527/9409
f 1605/1605/9410 558/557/9411 1606/1606/9412
f 1587/1587/9413 1606/1606/9414 564/564/9415
f 1606/1606/9416 563/563/9417 564/564/9418
f 1606/1606/9419 558/557/9420 563/563/9421
f 565/565/9422 522/521/9423 1587/1587/9424
f 522/521/9425 1607/1607/9426 1587/1587/9427
f 522/521/9428 521/523/9429 1607/1607/9430
f 1592/1591/9431 1585/1585/9432 1584/1584/9433
f 1592/1591/9434 1608/1608/9435 1585/1585/9436
f 459/459/9437 1590/1589/9438 478/478/9439
f 1590/1589/9440 1609/1609/9441 478/478/9442
f 1590/1589/9443 1610/1610/9444 1609/1609/9445
f 1610/1610/9446 1611/1611/9447 1609/1609/9448
f 1610/1610/9449 1604/1604/9450 1611/1611/9451
f 1604/1604/9452 1612/1612/9453 1611/1611/9454
f 1604/1604/9455 1588/1588/9456 1612/1612/9457
f 1588/1588/9458 1613/1613/9459 1612/1612/9460
f 1588/1588/9461 529/529/9462 1613/1613/9463
f 529/529/9464 1605/1605/9465 1613/1613/9466
f 529/529/9467 557/558/9468 1605/1605/9469
f 557/558/9470 558/557/9471 1605/1605/9472
f 527/527/9473 1604/1604/9474 525/526/9475
f 1604/1604/9476 1603/1603/9477 525/526/9478
f 1604/1604/9479 1610/1610/9480 1603/1603/9481
f 1610/1610/9482 1602/1602/9483 1603/1603/9484
f 1610/1610/9485 1590/1589/9486 1602/1602/9487
f 1590/1589/9488 1589/1600/9489 1602/1602/9490
f 1590/1589/9491 460/460/9492 1589/1600/9493
f 460/460/9494 461/461/9495 1589/1600/9496
f 422/422/9497 1591/1590/9498 433/433/9499
f 1591/1590/9500 1600/1599/9501 433/433/9502
f 1591/1590/9503 1614/1614/9504 1600/1599/9505
f 1614/1614/9506 1597/1596/9507 1600/1599/9508
f 1614/1614/9509 1615/1615/9510 1597/1596/9511
f 1615/1615/9512 1598/1597/9513 1597/1596/9514
f 1615/1615/9515 1616/1616/9516 1598/1597/9517
f 1616/1616/9518 1596/1595/9519 1598/1597/9520
f 1616/1616/9521 1617/1617/9522 1596/1595/9523
f 1617/1617/9524 1594/1593/9525 1596/1595/9526
f 1617/1617/9527 1618/1618/9528 1594/1593/9529
f 1618/1618/9530 1595/1594/9531 1594/1593/9532
f 1618/1618/9533 1593/1592/9534 1595/1594/9535
f 1593/1592/9536 206/206/9537 1595/1594/9538
f 478/478/9539 1609/1609/9540 423/424/9541
f 1609/1609/9542 1591/1590/9543 423/424/9544
f 1609/1609/9545 1611/1611/9546 1591/1590/9547
f 1611/1611/9548 1614/1614/9549 1591/1590/9550
f 1611/1611/9551 1612/1612/9552 1614/1614/9553
f 1612/1612/9554 1615/1615/9555 1614/1614/9556
f 1612/1612/9557 1613/1613/9558 1615/1615/9559
f 1613/1613/9560 1616/1616/9561 1615/1615/9562
f 1613/1613/9563 1605/1605/9564 1616/1616/9565
f 1605/1605/9566 1617/1617/9567 1616/1616/9568
f 1605/1605/9569 1606/1606/9570 1617/1617/9571
f 1606/1606/9572 1618/1618/9573 1617/1617/9574
f 1606/1606/9575 1587/1587/9576 1618/1618/9577
f 1587/1587/9578 1593/1592/9579 1618/1618/9580
f 1587/1587/9581 1607/1607/9582 1593/1592/9583
f 1607/1607/9584 1592/1591/9585 1593/1592/9586
f 1607/1607/9587 521/523/9588 1592/1591/9589
f 521/523/9590 1608/1608/9591 1592/1591/9592
f 521/523/9593 572/572/9594 1608/1608/9595
f 571/571/9596 1608/1608/9597 572/572/9598
f 1619/1619/9599 181/181/9600 165/165/9601
f 166/166/9602 1586/1586/9603 165/165/9604
f 1586/1586/9605 1619/1619/9606 165/165/9607
f 1586/1586/9608 1585/1585/9609 1619/1619/9610
f 571/571/9611 573/573/9612 1608/1608/9613
f 1585/1585/9614 1608/1608/9615 1619/1619/9616
f 1608/1608/9617 577/575/9618 1619/1619/9619
f 1608/1608/9620 573/573/9621 577/575/9622
f 181/181/9623 1619/1619/9624 1576/1576/9625
f 1619/1619/9626 360/360/9627 1576/1576/9628
f 1619/1619/9629 577/575/9630 360/360/9631
f 577/575/9632 359/359/9633 360/360/9634
f 577/575/9635 578/577/9636 359/359/9637
f 1620/1620/9638 1622/1621/9639 1621/1622/9640
f 1623/1623/9641 1620/1620/9642 1624/1624/9643
f 1622/1621/9644 1626/1625/9645 1625/1626/9646
f 1620/1620/9647 1623/1623/9648 1622/1621/9649
f 1623/1623/9650 1626/1625/9651 1622/1621/9652
f 1623/1623/9653 1627/1627/9654 1626/1625/9655
f 1621/1622/9656 1622/1621/9657 1628/1628/9658
f 1622/1621/9659 1629/1629/9660 1628/1628/9661
f 1622/1621/9662 1630/1630/9663 1629/1629/9664
f 1631/1631/9665 1622/1621/9666 1632/1632/9667
f 1622/1621/9668 1633/1633/9669 1632/1632/9670
f 1622/1621/9671 1634/1634/9672 1633/1633/9673
f 1630/1630/9674 1622/1621/9675 1635/1635/9676
f 1622/1621/9677 1636/1636/9678 1635/1635/9679
f 1622/1621/9680 1637/1637/9681 1636/1636/9682
f 1638/1638/9683 1622/1621/9684 1639/1639/9685
f 1622/1621/9686 1640/1640/9687 1639/1639/9688
f 1622/1621/9689 1631/1631/9690 1640/1640/9691
f 1641/1641/9692 1622/1621/9693 1642/1642/9694
f 1641/1641/9695 1643/1643/9696 1622/1621/9697
f 1642/1642/9698 1622/1621/9699 1644/1644/9700
f 1622/1621/9701 1645/1645/9702 1644/1644/9703
f 1622/1621/9704 1646/1646/9705 1645/1645/9706
f 1646/1646/9707 1622/1621/9708 1647/1647/9709
f 1622/1621/9710 1648/1648/9711 1647/1647/9712
f 1622/1621/9713 1638/1638/9714 1648/1648/9715
f 1637/1637/9716 1622/1621/9717 1649/1649/9718
f 1622/1621/9719 1650/1650/9720 1649/1649/9721
f 1622/1621/9722 1651/1651/9723 1650/1650/9724
f 1651/1651/9725 1622/1621/9726 1652/1652/9727
f 1622/1621/9728 1653/1653/9729 1652/1652/9730
f 1622/1621/9731 1654/1654/9732 1653/1653/9733
f 1654/1654/9734 1622/1621/9735 1655/1655/9736
f 1622/1621/9737 1656/1656/9738 1655/1655/9739
f 1622/1621/9740 1643/1643/9741 1656/1656/9742
f 1657/1657/9743 1622/1621/9744 1658/1658/9745
f 1622/1621/9746 1659/1659/9747 1658/1658/9748
f 1622/1621/9749 1625/1626/9750 1659/1659/9751
f 1634/1634/9752 1622/1621/9753 1660/1660/9754
f 1622/1621/9755 1661/1661/9756 1660/1660/9757
f 1662/1662/9758 1663/1663/9759 1622/1621/9760
f 1663/1663/9761 1664/1664/9762 1622/1621/9763
f 1665/1665/9764 1622/1621/9765 1666/1666/9766
f 1622/1621/9767 1667/1667/9768 1666/1666/9769
f 1622/1621/9770 1668/1668/9771 1667/1667/9772
f 1661/1661/9773 1622/1621/9774 1669/1669/9775
f 1622/1621/9776 1670/1670/9777 1669/1669/9778
f 1622/1621/9779 1664/1664/9780 1670/1670/9781
f 1671/1671/9782 1622/1621/9783 1672/1672/9784
f 1668/1668/9785 1622/1621/9786 1673/1673/9787
f 1622/1621/9788 1674/1674/9789 1673/1673/9790
f 1622/1621/9791 1657/1657/9792 1674/1674/9793
f 1671/1671/9794 1675/1675/9795 1622/1621/9796
f 1672/1672/9797 1622/1621/9798 1676/1676/9799
f 1622/1621/9800 1677/1677/9801 1676/1676/9802
f 1622/1621/9803 1678/1678/9804 1677/1677/9805
f 1678/1678/9806 1622/1621/9807 1679/1679/9808
f 1622/1621/9809 1680/1680/9810 1679/1679/9811
f 1622/1621/9812 1665/1665/9813 1680/1680/9814
f 1662/1662/9815 1622/1621/9816 1681/1681/9817
f 1622/1621/9818 1682/1682/9819 1681/1681/9820
f 1622/1621/9821 1683/1683/9822 1682/1682/9823
f 1683/1683/9824 1622/1621/9825 1684/1684/9826
f 1622/1621/9827 1685/1685/9828 1684/1684/9829
f 1622/1621/9830 1675/1675/9831 1685/1685/9832
f 1625/1626/9833 1626/1625/9834 1659/1659/9835
f 1626/1625/9836 1686/1686/9837 1659/1659/9838
f 1687/1687/9839 1689/1688/9840 1688/1689/9841
f 1689/1688/9842 1690/1690/9843 1688/1689/9844
f 1689/1688/9845 1686/1686/9846 1690/1690/9847
f 1686/1686/9848 1627/1627/9849 1690/1690/9850
f 1686/1686/9851 1626/1625/9852 1627/1627/9853
f 1691/1691/9854 1693/1692/9855 1692/1693/9856
f 1692/1693/9857 1694/1694/9858 1691/1691/9859
f 1694/1694/9860 1695/1695/9861 1691/1691/9862
f 1694/1694/9863 1696/1696/9864 1695/1695/9865
f 1696/1696/9866 1697/1697/9867 1695/1695/9868
f 1696/1696/9869 1698/1698/9870 1697/1697/9871
f 1698/1698/9872 1699/1699/9873 1697/1697/9874
f 1698/1698/9875 1700/1700/9876 1699/1699/9877
f 1700/1700/9878 1702/1701/9879 1701/1702/9880
f 1702/1701/9881 1703/1703/9882 1701/1702/9883
f 1702/1701/9884 1704/1704/9885 1703/1703/9886
f 1704/1704/9887 1705/1705/9888 1703/1703/9889
f 1704/1704/9890 1706/1706/9891 1705/1705/9892
f 1706/1706/9893 1707/1707/9894 1705/1705/9895
f 1706/1706/9896 1708/1708/9897 1707/1707/9898
f 1707/1707/9899 1708/1708/9900 1709/1709/9901
f 1708/1708/9902 1710/1710/9903 1709/1709/9904
f 1708/1708/9905 1711/1711/9906 1710/1710/9907
f 1711/1711/9908 1712/1712/9909 1710/1710/9910
f 1711/1711/9911 1713/1713/9912 1712/1712/9913
f 1713/1713/9914 1714/1714/9915 1712/1712/9916
f 1713/1713/9917 1715/1715/9918 1714/1714/9919
f 1716/1716/9920 1715/1715/9921 1717/1717/9922
f 1717/1717/9923 1718/1718/9924 1716/1716/9925
f 1718/1718/9926 1719/1719/9927 1716/1716/9928
f 1718/1718/9929 181/181/9930 1719/1719/9931
f 1715/1715/9932 1716/1716/9933 1714/1714/9934
f 1716/1716/9935 1661/1661/9936 1714/1714/9937
f 1716/1716/9938 1719/1719/9939 1661/1661/9940
f 1719/1719/9941 1660/1660/9942 1661/1661/9943
f 1719/1719/9944 1634/1634/9945 1660/1660/9946
f 1663/1663/9947 1712/1712/9948 1664/1664/9949
f 1712/1712/9950 1670/1670/9951 1664/1664/9952
f 1712/1712/9953 1714/1714/9954 1670/1670/9955
f 1714/1714/9956 1669/1669/9957 1670/1670/9958
f 1714/1714/9959 1661/1661/9960 1669/1669/9961
f 1663/1663/9962 1662/1662/9963 1712/1712/9964
f 1662/1662/9965 1710/1710/9966 1712/1712/9967
f 1662/1662/9968 1681/1681/9969 1710/1710/9970
f 1681/1681/9971 1709/1709/9972 1710/1710/9973
f 1681/1681/9974 1682/1682/9975 1709/1709/9976
f 1682/1682/9977 1707/1707/9978 1709/1709/9979
f 1682/1682/9980 1683/1683/9981 1707/1707/9982
f 1683/1683/9983 1705/1705/9984 1707/1707/9985
f 1683/1683/9986 1684/1684/9987 1705/1705/9988
f 1684/1684/9989 1685/1685/9990 1705/1705/9991
f 1685/1685/9992 1703/1703/9993 1705/1705/9994
f 1685/1685/9995 1675/1675/9996 1703/1703/9997
f 1675/1675/9998 1671/1671/9999 1703/1703/10000
f 1671/1671/10001 1701/1702/10002 1703/1703/10003
f 1671/1671/10004 1672/1672/10005 1701/1702/10006
f 1700/1700/10007 1701/1702/10008 1699/1699/10009
f 1701/1702/10010 1676/1676/10011 1699/1699/10012
f 1701/1702/10013 1672/1672/10014 1676/1676/10015
f 1695/1695/10016 1697/1697/10017 1679/1679/10018
f 1697/1697/10019 1678/1678/10020 1679/1679/10021
f 1697/1697/10022 1699/1699/10023 1678/1678/10024
f 1699/1699/10025 1677/1677/10026 1678/1678/10027
f 1699/1699/10028 1676/1676/10029 1677/1677/10030
f 1667/1667/10031 1691/1691/10032 1666/1666/10033
f 1691/1691/10034 1665/1665/10035 1666/1666/10036
f 1691/1691/10037 1695/1695/10038 1665/1665/10039
f 1695/1695/10040 1680/1680/10041 1665/1665/10042
f 1695/1695/10043 1679/1679/10044 1680/1680/10045
f 1689/1688/10046 1720/1720/10047 1673/1673/10048
f 1720/1720/10049 1668/1668/10050 1673/1673/10051
f 1687/1687/10052 1693/1692/10053 1689/1688/10054
f 1693/1692/10055 1720/1720/10056 1689/1688/10057
f 1693/1692/10058 1691/1691/10059 1720/1720/10060
f 1691/1691/10061 1668/1668/10062 1720/1720/10063
f 1691/1691/10064 1667/1667/10065 1668/1668/10066
f 1659/1659/10067 1686/1686/10068 1658/1658/10069
f 1686/1686/10070 1657/1657/10071 1658/1658/10072
f 1686/1686/10073 1689/1688/10074 1657/1657/10075
f 1689/1688/10076 1674/1674/10077 1657/1657/10078
f 1689/1688/10079 1673/1673/10080 1674/1674/10081
f 1718/1718/10082 1623/1623/10083 181/181/10084
f 1688/1689/10085 1690/1690/10086 1623/1623/10087
f 1690/1690/10088 1627/1627/10089 1623/1623/10090
f 1718/1718/10091 1717/1717/10092 1623/1623/10093
f 1688/1689/10094 1623/1623/10095 1687/1687/10096
f 1623/1623/10097 1693/1692/10098 1687/1687/10099
f 1623/1623/10100 1692/1693/10101 1693/1692/10102
f 1692/1693/10103 1623/1623/10104 1694/1694/10105
f 1623/1623/10106 1696/1696/10107 1694/1694/10108
f 1623/1623/10109 1698/1698/10110 1696/1696/10111
f 1711/1711/10112 1623/1623/10113 1713/1713/10114
f 1623/1623/10115 1715/1715/10116 1713/1713/10117
f 1623/1623/10118 1717/1717/10119 1715/1715/10120
f 1698/1698/10121 1623/1623/10122 1700/1700/10123
f 1623/1623/10124 1702/1701/10125 1700/1700/10126
f 1623/1623/10127 1704/1704/10128 1702/1701/10129
f 1704/1704/10130 1623/1623/10131 1706/1706/10132
f 1623/1623/10133 1708/1708/10134 1706/1706/10135
f 1623/1623/10136 1711/1711/10137 1708/1708/10138
f 1624/1624/10139 1721/1721/10140 1623/1623/10141
f 1721/1721/10142 1722/1722/10143 1623/1623/10144
f 1723/1723/10145 1623/1623/10146 1724/1724/10147
f 1723/1723/10148 1725/1725/10149 1623/1623/10150
f 1724/1724/10151 1623/1623/10152 1726/1726/10153
f 1623/1623/10154 1727/1727/10155 1726/1726/10156
f 1623/1623/10157 1722/1722/10158 1727/1727/10159
f 181/181/10160 1623/1623/10161 1728/1728/10162
f 1623/1623/10163 1729/1729/10164 1728/1728/10165
f 1623/1623/10166 1730/1730/10167 1729/1729/10168
f 1731/1731/10169 1623/1623/10170 1732/1732/10171
f 1623/1623/10172 1733/1733/10173 1732/1732/10174
f 1623/1623/10175 1725/1725/10176 1733/1733/10177
f 1730/1730/10178 1623/1623/10179 1734/1734/10180
f 1623/1623/10181 1735/1735/10182 1734/1734/10183
f 1623/1623/10184 1736/1736/10185 1735/1735/10186
f 1736/1736/10187 1623/1623/10188 1737/1737/10189
f 1623/1623/10190 1738/1738/10191 1737/1737/10192
f 1623/1623/10193 1731/1731/10194 1738/1738/10195
f 1624/1624/10196 1620/1620/10197 1739/1739/10198
f 1620/1620/10199 1628/1628/10200 1739/1739/10201
f 1620/1620/10202 1621/1622/10203 1628/1628/10204
f 1740/1740/10205 1739/1739/10206 1630/1630/10207
f 1739/1739/10208 1629/1629/10209 1630/1630/10210
f 1739/1739/10211 1628/1628/10212 1629/1629/10213
f 1649/1649/10214 1741/1741/10215 1637/1637/10216
f 1741/1741/10217 1636/1636/10218 1637/1637/10219
f 1741/1741/10220 1740/1740/10221 1636/1636/10222
f 1740/1740/10223 1635/1635/10224 1636/1636/10225
f 1740/1740/10226 1630/1630/10227 1635/1635/10228
f 1742/1742/10229 1743/1743/10230 1650/1650/10231
f 1743/1743/10232 1649/1649/10233 1650/1650/10234
f 1656/1656/10235 1744/1744/10236 1655/1655/10237
f 1744/1744/10238 1654/1654/10239 1655/1655/10240
f 1744/1744/10241 1745/1745/10242 1654/1654/10243
f 1745/1745/10244 1653/1653/10245 1654/1654/10246
f 1745/1745/10247 1746/1746/10248 1653/1653/10249
f 1746/1746/10250 1652/1652/10251 1653/1653/10252
f 1746/1746/10253 1742/1742/10254 1652/1652/10255
f 1742/1742/10256 1651/1651/10257 1652/1652/10258
f 1742/1742/10259 1650/1650/10260 1651/1651/10261
f 1656/1656/10262 1643/1643/10263 1744/1744/10264
f 1643/1643/10265 1747/1747/10266 1744/1744/10267
f 1643/1643/10268 1641/1641/10269 1747/1747/10270
f 1641/1641/10271 1748/1748/10272 1747/1747/10273
f 1641/1641/10274 1642/1642/10275 1748/1748/10276
f 1647/1647/10277 1749/1749/10278 1646/1646/10279
f 1749/1749/10280 1645/1645/10281 1646/1646/10282
f 1749/1749/10283 1748/1748/10284 1645/1645/10285
f 1748/1748/10286 1644/1644/10287 1645/1645/10288
f 1748/1748/10289 1642/1642/10290 1644/1644/10291
f 1639/1639/10292 1640/1640/10293 1750/1750/10294
f 1640/1640/10295 1751/1751/10296 1750/1750/10297
f 1640/1640/10298 1631/1631/10299 1751/1751/10300
f 1631/1631/10301 1632/1632/10302 1751/1751/10303
f 1632/1632/10304 1752/1752/10305 1751/1751/10306
f 1632/1632/10307 1633/1633/10308 1752/1752/10309
f 1633/1633/10310 1719/1719/10311 1752/1752/10312
f 1633/1633/10313 1634/1634/10314 1719/1719/10315
f 181/181/10316 1728/1728/10317 1719/1719/10318
f 1728/1728/10319 1752/1752/10320 1719/1719/10321
f 1728/1728/10322 1729/1729/10323 1752/1752/10324
f 1729/1729/10325 1751/1751/10326 1752/1752/10327
f 1729/1729/10328 1730/1730/10329 1751/1751/10330
f 1730/1730/10331 1750/1750/10332 1751/1751/10333
f 1730/1730/10334 1734/1734/10335 1750/1750/10336
f 1734/1734/10337 1753/1753/10338 1750/1750/10339
f 1734/1734/10340 1735/1735/10341 1753/1753/10342
f 1735/1735/10343 1754/1754/10344 1753/1753/10345
f 1735/1735/10346 1736/1736/10347 1754/1754/10348
f 1639/1639/10349 1750/1750/10350 1638/1638/10351
f 1750/1750/10352 1648/1648/10353 1638/1638/10354
f 1750/1750/10355 1753/1753/10356 1648/1648/10357
f 1753/1753/10358 1647/1647/10359 1648/1648/10360
f 1753/1753/10361 1754/1754/10362 1647/1647/10363
f 1754/1754/10364 1749/1749/10365 1647/1647/10366
f 1754/1754/10367 1736/1736/10368 1749/1749/10369
f 1736/1736/10370 1748/1748/10371 1749/1749/10372
f 1736/1736/10373 1737/1737/10374 1748/1748/10375
f 1737/1737/10376 1747/1747/10377 1748/1748/10378
f 1737/1737/10379 1738/1738/10380 1747/1747/10381
f 1738/1738/10382 1744/1744/10383 1747/1747/10384
f 1738/1738/10385 1731/1731/10386 1744/1744/10387
f 1731/1731/10388 1745/1745/10389 1744/1744/10390
f 1731/1731/10391 1732/1732/10392 1745/1745/10393
f 1732/1732/10394 1746/1746/10395 1745/1745/10396
f 1732/1732/10397 1733/1733/10398 1746/1746/10399
f 1733/1733/10400 1742/1742/10401 1746/1746/10402
f 1733/1733/10403 1725/1725/10404 1742/1742/10405
f 1649/1649/10406 1743/1743/10407 1741/1741/10408
f 1743/1743/10409 1724/1724/10410 1741/1741/10411
f 1743/1743/10412 1742/1742/10413 1724/1724/10414
f 1742/1742/10415 1723/1723/10416 1724/1724/10417
f 1742/1742/10418 1725/1725/10419 1723/1723/10420
f 1624/1624/10421 1739/1739/10422 1721/1721/10423
f 1739/1739/10424 1722/1722/10425 1721/1721/10426
f 1739/1739/10427 1740/1740/10428 1722/1722/10429
f 1740/1740/10430 1727/1727/10431 1722/1722/10432
f 1740/1740/10433 1741/1741/10434 1727/1727/10435
f 1741/1741/10436 1726/1726/10437 1727/1727/10438
f 1741/1741/10439 1724/1724/10440 1726/1726/10441
f 1755/1755/10442 1757/1756/10443 1756/1757/10444
f 1757/1756/10445 1758/1758/10446 1756/1757/10447
f 1757/1756/10448 1759/1759/10449 1758/1758/10450
f 1760/1760/10451 1762/1761/10452 1761/1762/10453
f 1762/1761/10454 1756/1757/10455 1761/1762/10456
f 1762/1761/10457 1763/1763/10458 1756/1757/10459
f 1763/1763/10460 1755/1755/10461 1756/1757/10462
f 1764/1764/10463 1766/1765/10464 1765/1766/10465
f 1766/1765/10466 1761/1762/10467 1765/1766/10468
f 1766/1765/10469 1767/1767/10470 1761/1762/10471
f 1767/1767/10472 1760/1760/10473 1761/1762/10474
f 1765/1766/10475 1768/1768/10476 1764/1764/10477
f 1765/1766/10478 1769/1769/10479 1768/1768/10480
f 1769/1769/10481 1770/1770/10482 1768/1768/10483
f 1769/1769/10484 1771/1771/10485 1770/1770/10486
f 1772/1772/10487 1773/1773/10488 1193/1194/10489
f 1773/1773/10490 1769/1769/10491 1193/1194/10492
f 1773/1773/10493 1771/1771/10494 1769/1769/10495
f 1774/1774/10496 1776/1775/10497 1775/1776/10498
f 1776/1775/10499 1193/1194/10500 1775/1776/10501
f 1776/1775/10502 1772/1772/10503 1193/1194/10504
f 1777/1777/10505 1779/1778/10506 1778/1779/10507
f 1779/1778/10508 1775/1776/10509 1778/1779/10510
f 1779/1778/10511 1774/1774/10512 1775/1776/10513
f 1778/1779/10514 1780/1780/10515 1777/1777/10516
f 1778/1779/10517 1781/1781/10518 1780/1780/10519
f 1781/1781/10520 1782/1782/10521 1780/1780/10522
f 1781/1781/10523 1783/1783/10524 1782/1782/10525
f 1782/1782/10526 1783/1783/10527 1784/1784/10528
f 1783/1783/10529 1785/1785/10530 1784/1784/10531
f 1786/1786/10532 1783/1783/10533 1787/1787/10534
f 1786/1786/10535 1788/1788/10536 1783/1783/10537
f 1788/1788/10538 1785/1785/10539 1783/1783/10540
f 1789/1789/10541 1787/1787/10542 1790/1790/10543
f 1789/1789/10544 1791/1791/10545 1787/1787/10546
f 1791/1791/10547 1786/1786/10548 1787/1787/10549
f 1792/1792/10550 1790/1790/10551 1793/1793/10552
f 1792/1792/10553 1794/1794/10554 1790/1790/10555
f 1794/1794/10556 1789/1789/10557 1790/1790/10558
f 1795/1795/10559 1797/1796/10560 1796/1797/10561
f 1797/1796/10562 1793/1793/10563 1796/1797/10564
f 1797/1796/10565 1798/1798/10566 1793/1793/10567
f 1798/1798/10568 1792/1792/10569 1793/1793/10570
f 1796/1797/10571 1799/1799/10572 1795/1795/10573
f 1796/1797/10574 1800/1800/10575 1799/1799/10576
f 1801/1801/10577 1803/1802/10578 1802/1803/10579
f 1803/1802/10580 1800/1800/10581 1802/1803/10582
f 1803/1802/10583 1799/1799/10584 1800/1800/10585
f 1804/1804/10586 1806/1805/10587 1805/1806/10588
f 1806/1805/10589 1802/1803/10590 1805/1806/10591
f 1806/1805/10592 1801/1801/10593 1802/1803/10594
f 1804/1804/10595 1805/1806/10596 1807/1807/10597
f 1805/1806/10598 1808/1808/10599 1807/1807/10600
f 1808/1808/10601 1809/1809/10602 1807/1807/10603
f 1808/1808/10604 1810/1810/10605 1809/1809/10606
f 1811/1811/10607 1813/1812/10608 1812/1813/10609
f 1813/1812/10610 1814/1814/10611 1812/1813/10612
f 1814/1814/10613 1815/1815/10614 1812/1813/10615
f 1815/1815/10616 1816/1816/10617 1812/1813/10618
f 1815/1815/10619 1817/1817/10620 1816/1816/10621
f 1817/1817/10622 1815/1815/10623 1818/1818/10624
f 1815/1815/10625 1819/1819/10626 1818/1818/10627
f 1815/1815/10628 1820/1820/10629 1819/1819/10630
f 1821/1821/10631 1823/1822/10632 1822/1823/10633
f 1823/1822/10634 1824/1824/10635 1822/1823/10636
f 1823/1822/10637 1811/1811/10638 1824/1824/10639
f 1811/1811/10640 1825/1825/10641 1824/1824/10642
f 1811/1811/10643 1812/1813/10644 1825/1825/10645
f 1826/1826/10646 1828/1827/10647 1827/1828/10648
f 1828/1827/10649 1829/1829/10650 1827/1828/10651
f 1828/1827/10652 1830/1830/10653 1829/1829/10654
f 1826/1826/10655 1831/1831/10656 1828/1827/10657
f 1831/1831/10658 1832/1832/10659 1828/1827/10660
f 1831/1831/10661 1833/1833/10662 1832/1832/10663
f 1820/1820/10664 1815/1815/10665 1834/1834/10666
f 1815/1815/10667 1831/1831/10668 1834/1834/10669
f 1815/1815/10670 1835/1835/10671 1831/1831/10672
f 1835/1835/10673 1833/1833/10674 1831/1831/10675
f 1836/1836/10676 1808/1808/10677 1837/1837/10678
f 1836/1836/10679 1838/1838/10680 1808/1808/10681
f 1838/1838/10682 1810/1810/10683 1808/1808/10684
f 1839/1839/10685 1837/1837/10686 1840/1840/10687
f 1839/1839/10688 1841/1841/10689 1837/1837/10690
f 1841/1841/10691 1836/1836/10692 1837/1837/10693
f 1839/1839/10694 1840/1840/10695 1842/1842/10696
f 1840/1840/10697 1843/1843/10698 1842/1842/10699
f 1840/1840/10700 1844/1844/10701 1843/1843/10702
f 1845/1845/10703 1847/1846/10704 1846/1847/10705
f 1847/1846/10706 1844/1844/10707 1846/1847/10708
f 1847/1846/10709 1843/1843/10710 1844/1844/10711
f 1848/1848/10712 1850/1849/10713 1849/1850/10714
f 1850/1849/10715 1846/1847/10716 1849/1850/10717
f 1850/1849/10718 1845/1845/10719 1846/1847/10720
f 1851/1851/10721 1853/1852/10722 1852/1853/10723
f 1853/1852/10724 1849/1850/10725 1852/1853/10726
f 1853/1852/10727 1848/1848/10728 1849/1850/10729
f 1854/1854/10730 1856/1855/10731 1855/1856/10732
f 1856/1855/10733 1852/1853/10734 1855/1856/10735
f 1856/1855/10736 1851/1851/10737 1852/1853/10738
f 1854/1854/10739 1855/1856/10740 1857/1857/10741
f 1855/1856/10742 1858/1858/10743 1857/1857/10744
f 1859/1859/10745 1861/1860/10746 1860/1861/10747
f 1857/1857/10748 1858/1858/10749 1862/1862/10750
f 1858/1858/10751 1863/1863/10752 1862/1862/10753
f 1858/1858/10754 1861/1860/10755 1863/1863/10756
f 1861/1860/10757 1859/1859/10758 1863/1863/10759
f 1864/1864/10760 1866/1865/10761 1865/1866/10762
f 1866/1865/10763 1861/1860/10764 1865/1866/10765
f 1866/1865/10766 1860/1861/10767 1861/1860/10768
f 1867/1867/10769 1869/1868/10770 1868/1869/10771
f 1869/1868/10772 1865/1866/10773 1868/1869/10774
f 1869/1868/10775 1864/1864/10776 1865/1866/10777
f 1870/1870/10778 1872/1871/10779 1871/1872/10780
f 1872/1871/10781 1868/1869/10782 1871/1872/10783
f 1872/1871/10784 1867/1867/10785 1868/1869/10786
f 1873/1873/10787 1875/1874/10788 1874/1875/10789
f 1875/1874/10790 1871/1872/10791 1874/1875/10792
f 1875/1874/10793 1870/1870/10794 1871/1872/10795
f 1873/1873/10796 1874/1875/10797 1876/1876/10798
f 1874/1875/10799 1877/1877/10800 1876/1876/10801
f 1874/1875/10802 1878/1878/10803 1877/1877/10804
f 1878/1878/10805 1879/1879/10806 1877/1877/10807
f 1878/1878/10808 1880/1880/10809 1879/1879/10810
f 1881/1881/10811 1883/1882/10812 1882/1883/10813
f 1883/1882/10814 1878/1878/10815 1882/1883/10816
f 1883/1882/10817 1884/1884/10818 1878/1878/10819
f 1884/1884/10820 1880/1880/10821 1878/1878/10822
f 1885/1885/10823 1887/1886/10824 1886/1887/10825
f 1887/1886/10826 1882/1883/10827 1886/1887/10828
f 1887/1886/10829 1888/1888/10830 1882/1883/10831
f 1888/1888/10832 1881/1881/10833 1882/1883/10834
f 1759/1759/10835 1889/1889/10836 1758/1758/10837
f 1889/1889/10838 1886/1887/10839 1758/1758/10840
f 1889/1889/10841 1890/1890/10842 1886/1887/10843
f 1890/1890/10844 1885/1885/10845 1886/1887/10846
f 1891/1891/10847 1893/1892/10848 1892/1893/10849
f 1894/1894/10850 1896/1895/10851 1895/1896/10852
f 1891/1891/10853 1897/1897/10854 1893/1892/10855
f 1897/1897/10856 1898/1898/10857 1893/1892/10858
f 1897/1897/10859 1899/1899/10860 1898/1898/10861
f 1899/1899/10862 1900/1900/10863 1898/1898/10864
f 1899/1899/10865 1894/1894/10866 1900/1900/10867
f 1892/1893/10868 1901/1901/10869 1891/1891/10870
f 1901/1901/10871 1902/1902/10872 1891/1891/10873
f 1901/1901/10874 1903/1903/10875 1902/1902/10876
f 1903/1903/10877 1904/1904/10878 1902/1902/10879
f 1903/1903/10880 1905/1905/10881 1904/1904/10882
f 1905/1905/10883 1906/1906/10884 1904/1904/10885
f 1905/1905/10886 1907/1907/10887 1906/1906/10888
f 1907/1907/10889 1908/1908/10890 1906/1906/10891
f 1907/1907/10892 1909/1909/10893 1908/1908/10894
f 1910/1910/10895 1912/1911/10896 1911/1912/10897
f 1912/1911/10898 1913/1913/10899 1911/1912/10900
f 1914/1914/10901 1910/1910/10902 1915/1915/10903
f 1910/1910/10904 1916/1916/10905 1915/1915/10906
f 1910/1910/10907 1911/1912/10908 1916/1916/10909
f 1917/1917/10910 1896/1895/10911 1918/1918/10912
f 1896/1895/10913 1919/1919/10914 1918/1918/10915
f 1896/1895/10916 1894/1894/10917 1919/1919/10918
f 1920/1920/10919 1922/1921/10920 1921/1922/10921
f 1922/1921/10922 1923/1923/10923 1921/1922/10924
f 1922/1921/10925 1924/1924/10926 1923/1923/10927
f 1924/1924/10928 1925/1925/10929 1923/1923/10930
f 1924/1924/10931 1926/1926/10932 1925/1925/10933
f 1926/1926/10934 1927/1927/10935 1925/1925/10936
f 1926/1926/10937 1928/1928/10938 1927/1927/10939
f 1928/1928/10940 1929/1929/10941 1927/1927/10942
f 1928/1928/10943 1930/1930/10944 1929/1929/10945
f 1930/1930/10946 1931/1931/10947 1929/1929/10948
f 1930/1930/10949 1932/1932/10950 1931/1931/10951
f 1932/1932/10952 1933/1933/10953 1931/1931/10954
f 1932/1932/10955 1913/1913/10956 1933/1933/10957
f 1913/1913/10958 1934/1934/10959 1933/1933/10960
f 1913/1913/10961 1912/1911/10962 1934/1934/10963
f 1895/1896/10964 1935/1935/10965 1894/1894/10966
f 1935/1935/10967 1900/1900/10968 1894/1894/10969
f 1935/1935/10970 1936/1936/10971 1900/1900/10972
f 1936/1936/10973 1937/1937/10974 1900/1900/10975
f 1936/1936/10976 1938/1938/10977 1937/1937/10978
f 1938/1938/10979 1939/1939/10980 1937/1937/10981
f 1938/1938/10982 1940/1940/10983 1939/1939/10984
f 1940/1940/10985 1941/1941/10986 1939/1939/10987
f 1940/1940/10988 1942/1942/10989 1941/1941/10990
f 1942/1942/10991 1943/1943/10992 1941/1941/10993
f 1942/1942/10994 1920/1920/10995 1943/1943/10996
f 1920/1920/10997 1944/1944/10998 1943/1943/10999
f 1920/1920/11000 1921/1922/11001 1944/1944/11002
f 1909/1909/11003 1945/1945/11004 1908/1908/11005
f 1945/1945/11006 1946/1946/11007 1908/1908/11008
f 1945/1945/11009 1947/1947/11010 1946/1946/11011
f 1947/1947/11012 1948/1948/11013 1946/1946/11014
f 1947/1947/11015 1949/1949/11016 1948/1948/11017
f 1949/1949/11018 1950/1950/11019 1948/1948/11020
f 1949/1949/11021 1951/1951/11022 1950/1950/11023
f 1951/1951/11024 1952/1952/11025 1950/1950/11026
f 1951/1951/11027 1953/1953/11028 1952/1952/11029
f 1953/1953/11030 1954/1954/11031 1952/1952/11032
f 1953/1953/11033 1955/1955/11034 1954/1954/11035
f 1955/1955/11036 1956/1956/11037 1954/1954/11038
f 1955/1955/11039 1957/1957/11040 1956/1956/11041
f 1957/1957/11042 1958/1958/11043 1956/1956/11044
f 1957/1957/11045 1914/1914/11046 1958/1958/11047
f 1914/1914/11048 1959/1959/11049 1958/1958/11050
f 1914/1914/11051 1915/1915/11052 1959/1959/11053
f 1810/1810/11054 1962/1960/11055 1809/1809/11056
f 1962/1960/11057 1961/1961/11058 1809/1809/11059
f 1961/1961/11060 1965/1962/11061 1809/1809/11062
f 1961/1961/11063 1960/1963/11064 1965/1962/11065
f 1966/1964/11066 1968/1965/11067 1967/1966/11068
f 1968/1965/11069 1969/1967/11070 1967/1966/11071
f 1809/1809/11072 1965/1962/11073 1807/1807/11074
f 1965/1962/11075 1970/1968/11076 1807/1807/11077
f 1970/1968/11078 1804/1804/11079 1807/1807/11080
f 1970/1968/11081 1971/1969/11082 1804/1804/11083
f 1804/1804/11084 1971/1969/11085 1806/1805/11086
f 1971/1969/11087 1972/1970/11088 1806/1805/11089
f 1972/1970/11090 1801/1801/11091 1806/1805/11092
f 1972/1970/11093 1973/1971/11094 1801/1801/11095
f 1974/1972/11096 1975/1973/11097 1795/1795/11098
f 1975/1973/11099 1797/1796/11100 1795/1795/11101
f 1975/1973/11102 1976/1974/11103 1797/1796/11104
f 1801/1801/11105 1973/1971/11106 1803/1802/11107
f 1973/1971/11108 1977/1975/11109 1803/1802/11110
f 1977/1975/11111 1799/1799/11112 1803/1802/11113
f 1977/1975/11114 1974/1972/11115 1799/1799/11116
f 1974/1972/11117 1795/1795/11118 1799/1799/11119
f 1797/1796/11120 1976/1974/11121 1798/1798/11122
f 1976/1974/11123 1792/1792/11124 1798/1798/11125
f 1976/1974/11126 1978/1976/11127 1792/1792/11128
f 1978/1976/11129 1979/1977/11130 1792/1792/11131
f 1979/1977/11132 1794/1794/11133 1792/1792/11134
f 1979/1977/11135 1980/1978/11136 1794/1794/11137
f 1794/1794/11138 1980/1978/11139 1789/1789/11140
f 1980/1978/11141 1981/1979/11142 1789/1789/11143
f 1981/1979/11144 1791/1791/11145 1789/1789/11146
f 1981/1979/11147 1982/1980/11148 1791/1791/11149
f 1791/1791/11150 1982/1980/11151 1786/1786/11152
f 1982/1980/11153 1983/1981/11154 1786/1786/11155
f 1983/1981/11156 1788/1788/11157 1786/1786/11158
f 1983/1981/11159 1984/1982/11160 1788/1788/11161
f 1788/1788/11162 1984/1982/11163 1785/1785/11164
f 1984/1982/11165 1985/1983/11166 1785/1785/11167
f 1985/1983/11168 1784/1784/11169 1785/1785/11170
f 1985/1983/11171 1986/1984/11172 1784/1784/11173
f 1784/1784/11174 1986/1984/11175 1782/1782/11176
f 1986/1984/11177 1987/1985/11178 1782/1782/11179
f 1987/1985/11180 1780/1780/11181 1782/1782/11182
f 1987/1985/11183 1988/1986/11184 1780/1780/11185
f 1780/1780/11186 1988/1986/11187 1777/1777/11188
f 1988/1986/11189 1989/1987/11190 1777/1777/11191
f 1989/1987/11192 1779/1778/11193 1777/1777/11194
f 1989/1987/11195 1990/1988/11196 1779/1778/11197
f 1779/1778/11198 1990/1988/11199 1774/1774/11200
f 1990/1988/11201 1991/1989/11202 1774/1774/11203
f 1991/1989/11204 1776/1775/11205 1774/1774/11206
f 1991/1989/11207 1992/1990/11208 1776/1775/11209
f 1776/1775/11210 1992/1990/11211 1772/1772/11212
f 1992/1990/11213 1993/1991/11214 1772/1772/11215
f 1993/1991/11216 1773/1773/11217 1772/1772/11218
f 1993/1991/11219 1994/1992/11220 1773/1773/11221
f 1995/1993/11222 1996/1994/11223 1764/1764/11224
f 1996/1994/11225 1997/1995/11226 1764/1764/11227
f 1773/1773/11228 1994/1992/11229 1771/1771/11230
f 1994/1992/11231 1998/1996/11232 1771/1771/11233
f 1998/1996/11234 1770/1770/11235 1771/1771/11236
f 1998/1996/11237 1995/1993/11238 1770/1770/11239
f 1995/1993/11240 1768/1768/11241 1770/1770/11242
f 1995/1993/11243 1764/1764/11244 1768/1768/11245
f 2000/1997/11246 2001/1998/11247 1999/1999/11248
f 2000/1997/11249 2002/2000/11250 2001/1998/11251
f 2002/2000/11252 2003/2001/11253 2001/1998/11254
f 2002/2000/11255 2004/2002/11256 2003/2001/11257
f 2004/2002/11258 2005/2003/11259 2003/2001/11260
f 2004/2002/11261 2006/2004/11262 2005/2003/11263
f 2006/2004/11264 2007/2005/11265 2005/2003/11266
f 2006/2004/11267 2008/2006/11268 2007/2005/11269
f 2008/2006/11270 2009/2007/11271 2007/2005/11272
f 2008/2006/11273 2010/2008/11274 2009/2007/11275
f 2010/2008/11276 2011/2009/11277 2009/2007/11278
f 2010/2008/11279 2012/2010/11280 2011/2009/11281
f 2012/2010/11282 2013/2011/11283 2011/2009/11284
f 2012/2010/11285 2014/2012/11286 2013/2011/11287
f 2014/2012/11288 2015/2013/11289 2013/2011/11290
f 2014/2012/11291 2016/2014/11292 2015/2013/11293
f 2016/2014/11294 2017/2015/11295 2015/2013/11296
f 2016/2014/11297 2018/2016/11298 2017/2015/11299
f 2018/2016/11300 2019/2017/11301 2017/2015/11302
f 2018/2016/11303 2020/2018/11304 2019/2017/11305
f 2020/2018/11306 2021/2019/11307 2019/2017/11308
f 2020/2018/11309 2022/2020/11310 2021/2019/11311
f 2022/2020/11312 2023/2021/11313 2021/2019/11314
f 2022/2020/11315 2024/2022/11316 2023/2021/11317
f 2024/2022/11318 2025/2023/11319 2023/2021/11320
f 2024/2022/11321 2026/2024/11322 2025/2023/11323
f 2026/2024/11324 2027/2025/11325 2025/2023/11326
f 2026/2024/11327 2028/2026/11328 2027/2025/11329
f 2028/2026/11330 2029/2027/11331 2027/2025/11332
f 2028/2026/11333 2030/2028/11334 2029/2027/11335
f 2030/2028/11336 2031/2029/11337 2029/2027/11338
f 2030/2028/11339 2032/2030/11340 2031/2029/11341
f 2032/2030/11342 2033/2031/11343 2031/2029/11344
f 2032/2030/11345 2034/2032/11346 2033/2031/11347
f 2034/2032/11348 2035/2033/11349 2033/2031/11350
f 2034/2032/11351 2036/2034/11352 2035/2033/11353
f 2036/2034/11354 2037/2035/11355 2035/2033/11356
f 2036/2034/11357 2038/2036/11358 2037/2035/11359
f 2038/2036/11360 2039/2037/11361 2037/2035/11362
f 2038/2036/11363 2040/2038/11364 2039/2037/11365
f 2040/2038/11366 2041/2039/11367 2039/2037/11368
f 2040/2038/11369 2042/2040/11370 2041/2039/11371
f 2042/2040/11372 2043/2041/11373 2041/2039/11374
f 2042/2040/11375 2044/2042/11376 2043/2041/11377
f 2044/2042/11378 2045/2043/11379 2043/2041/11380
f 2044/2042/11381 2046/2044/11382 2045/2043/11383
f 2046/2044/11384 2047/2045/11385 2045/2043/11386
f 2046/2044/11387 2048/2046/11388 2047/2045/11389
f 2048/2046/11390 2049/2047/11391 2047/2045/11392
f 2048/2046/11393 2050/2048/11394 2049/2047/11395
f 2050/2048/11396 2051/2049/11397 2049/2047/11398
f 2050/2048/11399 2052/2050/11400 2051/2049/11401
f 2052/2050/11402 2053/2051/11403 2051/2049/11404
f 2052/2050/11405 2054/2052/11406 2053/2051/11407
f 2054/2052/11408 2055/2053/11409 2053/2051/11410
f 2054/2052/11411 2056/2054/11412 2055/2053/11413
f 2056/2054/11414 2057/2055/11415 2055/2053/11416
f 2056/2054/11417 2058/2056/11418 2057/2055/11419
f 2058/2056/11420 2059/2057/11421 2057/2055/11422
f 2058/2056/11423 2060/2058/11424 2059/2057/11425
f 2060/2058/11426 2061/2059/11427 2059/2057/11428
f 2060/2058/11429 1966/1964/11430 2061/2059/11431
f 1966/1964/11432 2062/2060/11433 2061/2059/11434
f 1966/1964/11435 1967/1966/11436 2062/2060/11437
f 1764/1764/11438 1997/1995/11439 1766/1765/11440
f 1997/1995/11441 1767/1767/11442 1766/1765/11443
f 1997/1995/11444 2063/2061/11445 1767/1767/11446
f 2063/2061/11447 1760/1760/11448 1767/1767/11449
f 2063/2061/11450 2064/2062/11451 1760/1760/11452
f 2064/2062/11453 1762/1761/11454 1760/1760/11455
f 2064/2062/11456 1964/2063/11457 1762/1761/11458
f 1969/1967/11459 1968/1965/11460 1960/1963/11461
f 1968/1965/11462 1965/1962/11463 1960/1963/11464
f 1968/1965/11465 1966/1964/11466 1965/1962/11467
f 1966/1964/11468 1970/1968/11469 1965/1962/11470
f 1966/1964/11471 2060/2058/11472 1970/1968/11473
f 2060/2058/11474 1971/1969/11475 1970/1968/11476
f 2060/2058/11477 2058/2056/11478 1971/1969/11479
f 2058/2056/11480 1972/1970/11481 1971/1969/11482
f 2058/2056/11483 2056/2054/11484 1972/1970/11485
f 2056/2054/11486 1973/1971/11487 1972/1970/11488
f 2056/2054/11489 2054/2052/11490 1973/1971/11491
f 2054/2052/11492 1977/1975/11493 1973/1971/11494
f 2054/2052/11495 2052/2050/11496 1977/1975/11497
f 2052/2050/11498 1974/1972/11499 1977/1975/11500
f 2052/2050/11501 2050/2048/11502 1974/1972/11503
f 2050/2048/11504 1975/1973/11505 1974/1972/11506
f 2050/2048/11507 2048/2046/11508 1975/1973/11509
f 2048/2046/11510 1976/1974/11511 1975/1973/11512
f 2048/2046/11513 2046/2044/11514 1976/1974/11515
f 2046/2044/11516 1978/1976/11517 1976/1974/11518
f 2046/2044/11519 2044/2042/11520 1978/1976/11521
f 2044/2042/11522 1979/1977/11523 1978/1976/11524
f 2044/2042/11525 2042/2040/11526 1979/1977/11527
f 2042/2040/11528 1980/1978/11529 1979/1977/11530
f 2042/2040/11531 2040/2038/11532 1980/1978/11533
f 2040/2038/11534 1981/1979/11535 1980/1978/11536
f 2040/2038/11537 2038/2036/11538 1981/1979/11539
f 2038/2036/11540 1982/1980/11541 1981/1979/11542
f 2038/2036/11543 2036/2034/11544 1982/1980/11545
f 2036/2034/11546 1983/1981/11547 1982/1980/11548
f 2036/2034/11549 2034/2032/11550 1983/1981/11551
f 2034/2032/11552 1984/1982/11553 1983/1981/11554
f 2034/2032/11555 2032/2030/11556 1984/1982/11557
f 2032/2030/11558 1985/1983/11559 1984/1982/11560
f 2032/2030/11561 2030/2028/11562 1985/1983/11563
f 2030/2028/11564 1986/1984/11565 1985/1983/11566
f 2030/2028/11567 2028/2026/11568 1986/1984/11569
f 2028/2026/11570 1987/1985/11571 1986/1984/11572
f 2028/2026/11573 2026/2024/11574 1987/1985/11575
f 2026/2024/11576 1988/1986/11577 1987/1985/11578
f 2026/2024/11579 2024/2022/11580 1988/1986/11581
f 2024/2022/11582 1989/1987/11583 1988/1986/11584
f 2024/2022/11585 2022/2020/11586 1989/1987/11587
f 2022/2020/11588 1990/1988/11589 1989/1987/11590
f 2022/2020/11591 2020/2018/11592 1990/1988/11593
f 2020/2018/11594 1991/1989/11595 1990/1988/11596
f 2020/2018/11597 2018/2016/11598 1991/1989/11599
f 2018/2016/11600 1992/1990/11601 1991/1989/11602
f 2018/2016/11603 2016/2014/11604 1992/1990/11605
f 2016/2014/11606 1993/1991/11607 1992/1990/11608
f 2016/2014/11609 2014/2012/11610 1993/1991/11611
f 2014/2012/11612 1994/1992/11613 1993/1991/11614
f 2014/2012/11615 2012/2010/11616 1994/1992/11617
f 2012/2010/11618 1998/1996/11619 1994/1992/11620
f 2012/2010/11621 2010/2008/11622 1998/1996/11623
f 2010/2008/11624 1995/1993/11625 1998/1996/11626
f 2010/2008/11627 2008/2006/11628 1995/1993/11629
f 2008/2006/11630 1996/1994/11631 1995/1993/11632
f 2008/2006/11633 2006/2004/11634 1996/1994/11635
f 2006/2004/11636 1997/1995/11637 1996/1994/11638
f 2006/2004/11639 2004/2002/11640 1997/1995/11641
f 2004/2002/11642 2063/2061/11643 1997/1995/11644
f 2004/2002/11645 2002/2000/11646 2063/2061/11647
f 2002/2000/11648 2064/2062/11649 2063/2061/11650
f 2002/2000/11651 2000/1997/11652 2064/2062/11653
f 2000/1997/11654 1964/2063/11655 2064/2062/11656
f 2000/1997/11657 1999/1999/11658 1964/2063/11659
f 1999/1999/11660 1963/2064/11661 1964/2063/11662
f 1762/1761/11663 1964/2063/11664 1763/1763/11665
f 1964/2063/11666 1755/1755/11667 1763/1763/11668
f 1964/2063/11669 1963/2064/11670 1755/1755/11671
f 1963/2064/11672 1757/1756/11673 1755/1755/11674
f 1963/2064/11675 1759/1759/11676 1757/1756/11677
f 1967/1966/11678 2065/2065/11679 2062/2060/11680
f 2065/2065/11681 2061/2059/11682 2062/2060/11683
f 2065/2065/11684 2066/2066/11685 2061/2059/11686
f 2066/2066/11687 2059/2057/11688 2061/2059/11689
f 2057/2055/11690 2059/2057/11691 2067/2067/11692
f 2059/2057/11693 2068/2068/11694 2067/2067/11695
f 2059/2057/11696 2066/2066/11697 2068/2068/11698
f 2069/2069/11699 2005/2003/11700 2007/2005/11701
f 2069/2069/11702 2070/2070/11703 2005/2003/11704
f 2070/2070/11705 2003/2001/11706 2005/2003/11707
f 2070/2070/11708 2001/1998/11709 2003/2001/11710
f 2069/2069/11711 2007/2005/11712 2071/2071/11713
f 2007/2005/11714 2072/2072/11715 2071/2071/11716
f 2007/2005/11717 2009/2007/11718 2072/2072/11719
f 2009/2007/11720 2073/2073/11721 2072/2072/11722
f 2009/2007/11723 2011/2009/11724 2073/2073/11725
f 2011/2009/11726 2074/2074/11727 2073/2073/11728
f 2011/2009/11729 2013/2011/11730 2074/2074/11731
f 2013/2011/11732 2075/2075/11733 2074/2074/11734
f 2013/2011/11735 2015/2013/11736 2075/2075/11737
f 2015/2013/11738 2076/2076/11739 2075/2075/11740
f 2015/2013/11741 2017/2015/11742 2076/2076/11743
f 2017/2015/11744 2077/2077/11745 2076/2076/11746
f 2017/2015/11747 2019/2017/11748 2077/2077/11749
f 2019/2017/11750 2078/2078/11751 2077/2077/11752
f 2019/2017/11753 2021/2019/11754 2078/2078/11755
f 2021/2019/11756 2079/2079/11757 2078/2078/11758
f 2021/2019/11759 2023/2021/11760 2079/2079/11761
f 2023/2021/11762 2080/2080/11763 2079/2079/11764
f 2023/2021/11765 2025/2023/11766 2080/2080/11767
f 2025/2023/11768 2081/2081/11769 2080/2080/11770
f 2025/2023/11771 2027/2025/11772 2081/2081/11773
f 2027/2025/11774 2082/2082/11775 2081/2081/11776
f 2027/2025/11777 2029/2027/11778 2082/2082/11779
f 2029/2027/11780 2083/2083/11781 2082/2082/11782
f 2029/2027/11783 2031/2029/11784 2083/2083/11785
f 2031/2029/11786 2084/2084/11787 2083/2083/11788
f 2031/2029/11789 2033/2031/11790 2084/2084/11791
f 2033/2031/11792 2085/2085/11793 2084/2084/11794
f 2033/2031/11795 2035/2033/11796 2085/2085/11797
f 2035/2033/11798 2086/2086/11799 2085/2085/11800
f 2035/2033/11801 2037/2035/11802 2086/2086/11803
f 2037/2035/11804 2087/2087/11805 2086/2086/11806
f 2037/2035/11807 2039/2037/11808 2087/2087/11809
f 2039/2037/11810 2088/2088/11811 2087/2087/11812
f 2039/2037/11813 2041/2039/11814 2088/2088/11815
f 2041/2039/11816 2089/2089/11817 2088/2088/11818
f 2041/2039/11819 2043/2041/11820 2089/2089/11821
f 2043/2041/11822 2090/2090/11823 2089/2089/11824
f 2043/2041/11825 2045/2043/11826 2090/2090/11827
f 2045/2043/11828 2091/2091/11829 2090/2090/11830
f 2045/2043/11831 2047/2045/11832 2091/2091/11833
f 2047/2045/11834 2092/2092/11835 2091/2091/11836
f 2047/2045/11837 2049/2047/11838 2092/2092/11839
f 2049/2047/11840 2093/2093/11841 2092/2092/11842
f 2049/2047/11843 2051/2049/11844 2093/2093/11845
f 2051/2049/11846 2094/2094/11847 2093/2093/11848
f 2051/2049/11849 2053/2051/11850 2094/2094/11851
f 2053/2051/11852 2095/2095/11853 2094/2094/11854
f 2053/2051/11855 2055/2053/11856 2095/2095/11857
f 2055/2053/11858 2096/2096/11859 2095/2095/11860
f 2055/2053/11861 2057/2055/11862 2096/2096/11863
f 2057/2055/11864 2097/2097/11865 2096/2096/11866
f 2057/2055/11867 2067/2067/11868 2097/2097/11869
f 2098/2098/11870 2100/2099/11871 2099/2100/11872
f 2100/2099/11873 2101/2101/11874 2099/2100/11875
f 2100/2099/11876 2102/2102/11877 2101/2101/11878
f 2102/2102/11879 2103/2103/11880 2101/2101/11881
f 2104/2104/11882 2103/2103/11883 2105/2105/11884
f 2103/2103/11885 2106/2106/11886 2105/2105/11887
f 2103/2103/11888 2102/2102/11889 2106/2106/11890
f 2107/2107/11891 2109/2108/11892 2108/2109/11893
f 2107/2107/11894 2110/2110/11895 2109/2108/11896
f 2110/2110/11897 2111/2111/11898 2109/2108/11899
f 2110/2110/11900 2112/2112/11901 2111/2111/11902
f 2107/2107/11903 2108/2109/11904 2113/2113/11905
f 2108/2109/11906 2114/2114/11907 2113/2113/11908
f 2108/2109/11909 2115/2115/11910 2114/2114/11911
f 2115/2115/11912 2116/2116/11913 2114/2114/11914
f 2115/2115/11915 2117/2117/11916 2116/2116/11917
f 2117/2117/11918 2118/2118/11919 2116/2116/11920
f 2117/2117/11921 2119/2119/11922 2118/2118/11923
f 2119/2119/11924 2120/2120/11925 2118/2118/11926
f 2119/2119/11927 2121/2121/11928 2120/2120/11929
f 2121/2121/11930 2122/2122/11931 2120/2120/11932
f 2121/2121/11933 2123/2123/11934 2122/2122/11935
f 2123/2123/11936 2124/2124/11937 2122/2122/11938
f 2123/2123/11939 2125/2125/11940 2124/2124/11941
f 2125/2125/11942 2126/2126/11943 2124/2124/11944
f 2125/2125/11945 2127/2127/11946 2126/2126/11947
f 2127/2127/11948 2128/2128/11949 2126/2126/11950
f 2127/2127/11951 2129/2129/11952 2128/2128/11953
f 2129/2129/11954 2130/2130/11955 2128/2128/11956
f 2129/2129/11957 2131/2131/11958 2130/2130/11959
f 2131/2131/11960 2132/2132/11961 2130/2130/11962
f 2131/2131/11963 2133/2133/11964 2132/2132/11965
f 2133/2133/11966 2134/2134/11967 2132/2132/11968
f 2133/2133/11969 2135/2135/11970 2134/2134/11971
f 2135/2135/11972 2136/2136/11973 2134/2134/11974
f 2135/2135/11975 2137/2137/11976 2136/2136/11977
f 2137/2137/11978 2138/2138/11979 2136/2136/11980
f 2137/2137/11981 2139/2139/11982 2138/2138/11983
f 2139/2139/11984 2140/2140/11985 2138/2138/11986
f 2139/2139/11987 2141/2141/11988 2140/2140/11989
f 2141/2141/11990 2142/2142/11991 2140/2140/11992
f 2141/2141/11993 2143/2143/11994 2142/2142/11995
f 2143/2143/11996 2144/2144/11997 2142/2142/11998
f 2143/2143/11999 2145/2145/12000 2144/2144/12001
f 2145/2145/12002 2146/2146/12003 2144/2144/12004
f 2145/2145/12005 2147/2147/12006 2146/2146/12007
f 2147/2147/12008 2148/2148/12009 2146/2146/12010
f 2147/2147/12011 2149/2149/12012 2148/2148/12013
f 2149/2149/12014 2150/2150/12015 2148/2148/12016
f 2149/2149/12017 2151/2151/12018 2150/2150/12019
f 2151/2151/12020 2152/2152/12021 2150/2150/12022
f 2151/2151/12023 2153/2153/12024 2152/2152/12025
f 2153/2153/12026 2154/2154/12027 2152/2152/12028
f 2153/2153/12029 2155/2155/12030 2154/2154/12031
f 2155/2155/12032 2156/2156/12033 2154/2154/12034
f 2155/2155/12035 2157/2157/12036 2156/2156/12037
f 2157/2157/12038 2158/2158/12039 2156/2156/12040
f 2157/2157/12041 2159/2159/12042 2158/2158/12043
f 2159/2159/12044 2160/2160/12045 2158/2158/12046
f 2159/2159/12047 2161/2161/12048 2160/2160/12049
f 2161/2161/12050 2162/2162/12051 2160/2160/12052
f 2161/2161/12053 2104/2104/12054 2162/2162/12055
f 2104/2104/12056 2163/2163/12057 2162/2162/12058
f 2104/2104/12059 2105/2105/12060 2163/2163/12061
f 1759/1759/12062 2165/2164/12063 1889/1889/12064
f 2165/2164/12065 2169/2165/12066 1889/1889/12067
f 2165/2164/12068 2164/2166/12069 2169/2165/12070
f 2170/2167/12071 2171/2168/12072 2098/2098/12073
f 2171/2168/12074 2164/2166/12075 2098/2098/12076
f 1889/1889/12077 2169/2165/12078 1890/1890/12079
f 2169/2165/12080 1885/1885/12081 1890/1890/12082
f 2169/2165/12083 2172/2169/12084 1885/1885/12085
f 2172/2169/12086 1887/1886/12087 1885/1885/12088
f 2172/2169/12089 2173/2170/12090 1887/1886/12091
f 1887/1886/12092 2173/2170/12093 1888/1888/12094
f 2173/2170/12095 1881/1881/12096 1888/1888/12097
f 2173/2170/12098 2174/2171/12099 1881/1881/12100
f 2174/2171/12101 1883/1882/12102 1881/1881/12103
f 2174/2171/12104 2175/2172/12105 1883/1882/12106
f 2176/2173/12107 2177/2174/12108 1876/1876/12109
f 2177/2174/12110 1873/1873/12111 1876/1876/12112
f 2177/2174/12113 2178/2175/12114 1873/1873/12115
f 1883/1882/12116 2175/2172/12117 1884/1884/12118
f 2175/2172/12119 1880/1880/12120 1884/1884/12121
f 2175/2172/12122 2179/2176/12123 1880/1880/12124
f 2179/2176/12125 1879/1879/12126 1880/1880/12127
f 2179/2176/12128 2176/2173/12129 1879/1879/12130
f 2176/2173/12131 1877/1877/12132 1879/1879/12133
f 2176/2173/12134 1876/1876/12135 1877/1877/12136
f 1873/1873/12137 2178/2175/12138 1875/1874/12139
f 2178/2175/12140 1870/1870/12141 1875/1874/12142
f 2178/2175/12143 2180/2177/12144 1870/1870/12145
f 2180/2177/12146 2181/2178/12147 1870/1870/12148
f 2181/2178/12149 1872/1871/12150 1870/1870/12151
f 2181/2178/12152 2182/2179/12153 1872/1871/12154
f 1872/1871/12155 2182/2179/12156 1867/1867/12157
f 2182/2179/12158 2183/2180/12159 1867/1867/12160
f 2183/2180/12161 1869/1868/12162 1867/1867/12163
f 2183/2180/12164 2184/2181/12165 1869/1868/12166
f 1869/1868/12167 2184/2181/12168 1864/1864/12169
f 2184/2181/12170 2185/2182/12171 1864/1864/12172
f 2185/2182/12173 1866/1865/12174 1864/1864/12175
f 2185/2182/12176 2186/2183/12177 1866/1865/12178
f 1866/1865/12179 2186/2183/12180 1860/1861/12181
f 2186/2183/12182 2187/2184/12183 1860/1861/12184
f 2187/2184/12185 1859/1859/12186 1860/1861/12187
f 2187/2184/12188 2188/2185/12189 1859/1859/12190
f 1859/1859/12191 2188/2185/12192 1863/1863/12193
f 2188/2185/12194 2189/2186/12195 1863/1863/12196
f 2189/2186/12197 1862/1862/12198 1863/1863/12199
f 2189/2186/12200 2190/2187/12201 1862/1862/12202
f 1862/1862/12203 2190/2187/12204 1857/1857/12205
f 2190/2187/12206 2191/2188/12207 1857/1857/12208
f 2191/2188/12209 1854/1854/12210 1857/1857/12211
f 2191/2188/12212 2192/2189/12213 1854/1854/12214
f 1854/1854/12215 2192/2189/12216 1856/1855/12217
f 2192/2189/12218 2193/2190/12219 1856/1855/12220
f 2193/2190/12221 1851/1851/12222 1856/1855/12223
f 2193/2190/12224 2194/2191/12225 1851/1851/12226
f 1851/1851/12227 2194/2191/12228 1853/1852/12229
f 2194/2191/12230 2195/2192/12231 1853/1852/12232
f 2195/2192/12233 1848/1848/12234 1853/1852/12235
f 2195/2192/12236 2196/2193/12237 1848/1848/12238
f 2197/2194/12239 2198/2195/12240 1843/1843/12241
f 2198/2195/12242 2199/2196/12243 1843/1843/12244
f 1848/1848/12245 2196/2193/12246 1850/1849/12247
f 2196/2193/12248 2200/2197/12249 1850/1849/12250
f 2200/2197/12251 1845/1845/12252 1850/1849/12253
f 2200/2197/12254 2197/2194/12255 1845/1845/12256
f 2197/2194/12257 1847/1846/12258 1845/1845/12259
f 2197/2194/12260 1843/1843/12261 1847/1846/12262
f 2201/2198/12263 2203/2199/12264 2202/2200/12265
f 2203/2199/12266 2112/2112/12267 2202/2200/12268
f 2203/2199/12269 2204/2201/12270 2112/2112/12271
f 2204/2201/12272 2111/2111/12273 2112/2112/12274
f 2204/2201/12275 2205/2202/12276 2111/2111/12277
f 2205/2202/12278 2109/2108/12279 2111/2111/12280
f 2205/2202/12281 2206/2203/12282 2109/2108/12283
f 2206/2203/12284 2108/2109/12285 2109/2108/12286
f 2206/2203/12287 2207/2204/12288 2108/2109/12289
f 2207/2204/12290 2115/2115/12291 2108/2109/12292
f 2207/2204/12293 2208/2205/12294 2115/2115/12295
f 2208/2205/12296 2117/2117/12297 2115/2115/12298
f 2208/2205/12299 2209/2206/12300 2117/2117/12301
f 2209/2206/12302 2119/2119/12303 2117/2117/12304
f 2209/2206/12305 2210/2207/12306 2119/2119/12307
f 2210/2207/12308 2121/2121/12309 2119/2119/12310
f 2210/2207/12311 2211/2208/12312 2121/2121/12313
f 2211/2208/12314 2123/2123/12315 2121/2121/12316
f 2211/2208/12317 2212/2209/12318 2123/2123/12319
f 2212/2209/12320 2125/2125/12321 2123/2123/12322
f 2212/2209/12323 2213/2210/12324 2125/2125/12325
f 2213/2210/12326 2127/2127/12327 2125/2125/12328
f 2213/2210/12329 2214/2211/12330 2127/2127/12331
f 2214/2211/12332 2129/2129/12333 2127/2127/12334
f 2214/2211/12335 2215/2212/12336 2129/2129/12337
f 2215/2212/12338 2131/2131/12339 2129/2129/12340
f 2215/2212/12341 2216/2213/12342 2131/2131/12343
f 2216/2213/12344 2133/2133/12345 2131/2131/12346
f 2216/2213/12347 2217/2214/12348 2133/2133/12349
f 2217/2214/12350 2135/2135/12351 2133/2133/12352
f 2217/2214/12353 2218/2215/12354 2135/2135/12355
f 2218/2215/12356 2137/2137/12357 2135/2135/12358
f 2218/2215/12359 2219/2216/12360 2137/2137/12361
f 2219/2216/12362 2139/2139/12363 2137/2137/12364
f 2219/2216/12365 2220/2217/12366 2139/2139/12367
f 2220/2217/12368 2141/2141/12369 2139/2139/12370
f 2220/2217/12371 2221/2218/12372 2141/2141/12373
f 2221/2218/12374 2143/2143/12375 2141/2141/12376
f 2221/2218/12377 2222/2219/12378 2143/2143/12379
f 2222/2219/12380 2145/2145/12381 2143/2143/12382
f 2222/2219/12383 2223/2220/12384 2145/2145/12385
f 2223/2220/12386 2147/2147/12387 2145/2145/12388
f 2223/2220/12389 2224/2221/12390 2147/2147/12391
f 2224/2221/12392 2149/2149/12393 2147/2147/12394
f 2224/2221/12395 2225/2222/12396 2149/2149/12397
f 2225/2222/12398 2151/2151/12399 2149/2149/12400
f 2225/2222/12401 2226/2223/12402 2151/2151/12403
f 2226/2223/12404 2153/2153/12405 2151/2151/12406
f 2226/2223/12407 2227/2224/12408 2153/2153/12409
f 2227/2224/12410 2155/2155/12411 2153/2153/12412
f 2227/2224/12413 2228/2225/12414 2155/2155/12415
f 2228/2225/12416 2157/2157/12417 2155/2155/12418
f 2228/2225/12419 2229/2226/12420 2157/2157/12421
f 2229/2226/12422 2159/2159/12423 2157/2157/12424
f 2229/2226/12425 2230/2227/12426 2159/2159/12427
f 2230/2227/12428 2161/2161/12429 2159/2159/12430
f 2230/2227/12431 2231/2228/12432 2161/2161/12433
f 2231/2228/12434 2104/2104/12435 2161/2161/12436
f 2231/2228/12437 2232/2229/12438 2104/2104/12439
f 2232/2229/12440 2103/2103/12441 2104/2104/12442
f 2232/2229/12443 2233/2230/12444 2103/2103/12445
f 2233/2230/12446 2101/2101/12447 2103/2103/12448
f 2233/2230/12449 2170/2167/12450 2101/2101/12451
f 2170/2167/12452 2099/2100/12453 2101/2101/12454
f 2170/2167/12455 2098/2098/12456 2099/2100/12457
f 1843/1843/12458 2199/2196/12459 1842/1842/12460
f 2199/2196/12461 1839/1839/12462 1842/1842/12463
f 2199/2196/12464 2234/2231/12465 1839/1839/12466
f 2234/2231/12467 2235/2232/12468 1839/1839/12469
f 2235/2232/12470 1841/1841/12471 1839/1839/12472
f 2235/2232/12473 2168/2233/12474 1841/1841/12475
f 2171/2168/12476 2169/2165/12477 2164/2166/12478
f 2171/2168/12479 2170/2167/12480 2169/2165/12481
f 2170/2167/12482 2172/2169/12483 2169/2165/12484
f 2170/2167/12485 2233/2230/12486 2172/2169/12487
f 2233/2230/12488 2173/2170/12489 2172/2169/12490
f 2233/2230/12491 2232/2229/12492 2173/2170/12493
f 2232/2229/12494 2174/2171/12495 2173/2170/12496
f 2232/2229/12497 2231/2228/12498 2174/2171/12499
f 2231/2228/12500 2175/2172/12501 2174/2171/12502
f 2231/2228/12503 2230/2227/12504 2175/2172/12505
f 2230/2227/12506 2179/2176/12507 2175/2172/12508
f 2230/2227/12509 2229/2226/12510 2179/2176/12511
f 2229/2226/12512 2176/2173/12513 2179/2176/12514
f 2229/2226/12515 2228/2225/12516 2176/2173/12517
f 2228/2225/12518 2177/2174/12519 2176/2173/12520
f 2228/2225/12521 2227/2224/12522 2177/2174/12523
f 2227/2224/12524 2178/2175/12525 2177/2174/12526
f 2227/2224/12527 2226/2223/12528 2178/2175/12529
f 2226/2223/12530 2180/2177/12531 2178/2175/12532
f 2226/2223/12533 2225/2222/12534 2180/2177/12535
f 2225/2222/12536 2181/2178/12537 2180/2177/12538
f 2225/2222/12539 2224/2221/12540 2181/2178/12541
f 2224/2221/12542 2182/2179/12543 2181/2178/12544
f 2224/2221/12545 2223/2220/12546 2182/2179/12547
f 2223/2220/12548 2183/2180/12549 2182/2179/12550
f 2223/2220/12551 2222/2219/12552 2183/2180/12553
f 2222/2219/12554 2184/2181/12555 2183/2180/12556
f 2222/2219/12557 2221/2218/12558 2184/2181/12559
f 2221/2218/12560 2185/2182/12561 2184/2181/12562
f 2221/2218/12563 2220/2217/12564 2185/2182/12565
f 2220/2217/12566 2186/2183/12567 2185/2182/12568
f 2220/2217/12569 2219/2216/12570 2186/2183/12571
f 2219/2216/12572 2187/2184/12573 2186/2183/12574
f 2219/2216/12575 2218/2215/12576 2187/2184/12577
f 2218/2215/12578 2188/2185/12579 2187/2184/12580
f 2218/2215/12581 2217/2214/12582 2188/2185/12583
f 2217/2214/12584 2189/2186/12585 2188/2185/12586
f 2217/2214/12587 2216/2213/12588 2189/2186/12589
f 2216/2213/12590 2190/2187/12591 2189/2186/12592
f 2216/2213/12593 2215/2212/12594 2190/2187/12595
f 2215/2212/12596 2191/2188/12597 2190/2187/12598
f 2215/2212/12599 2214/2211/12600 2191/2188/12601
f 2214/2211/12602 2192/2189/12603 2191/2188/12604
f 2214/2211/12605 2213/2210/12606 2192/2189/12607
f 2213/2210/12608 2193/2190/12609 2192/2189/12610
f 2213/2210/12611 2212/2209/12612 2193/2190/12613
f 2212/2209/12614 2194/2191/12615 2193/2190/12616
f 2212/2209/12617 2211/2208/12618 2194/2191/12619
f 2211/2208/12620 2195/2192/12621 2194/2191/12622
f 2211/2208/12623 2210/2207/12624 2195/2192/12625
f 2210/2207/12626 2196/2193/12627 2195/2192/12628
f 2210/2207/12629 2209/2206/12630 2196/2193/12631
f 2209/2206/12632 2200/2197/12633 2196/2193/12634
f 2209/2206/12635 2208/2205/12636 2200/2197/12637
f 2208/2205/12638 2197/2194/12639 2200/2197/12640
f 2208/2205/12641 2207/2204/12642 2197/2194/12643
f 2207/2204/12644 2198/2195/12645 2197/2194/12646
f 2207/2204/12647 2206/2203/12648 2198/2195/12649
f 2206/2203/12650 2199/2196/12651 2198/2195/12652
f 2206/2203/12653 2205/2202/12654 2199/2196/12655
f 2205/2202/12656 2234/2231/12657 2199/2196/12658
f 2205/2202/12659 2204/2201/12660 2234/2231/12661
f 2204/2201/12662 2235/2232/12663 2234/2231/12664
f 2204/2201/12665 2203/2199/12666 2235/2232/12667
f 2203/2199/12668 2168/2233/12669 2235/2232/12670
f 2203/2199/12671 2201/2198/12672 2168/2233/12673
f 2201/2198/12674 2166/2234/12675 2168/2233/12676
f 1841/1841/12677 2168/2233/12678 1836/1836/12679
f 2168/2233/12680 2166/2234/12681 1836/1836/12682
f 2166/2234/12683 1838/1838/12684 1836/1836/12685
f 2166/2234/12686 2167/2235/12687 1838/1838/12688
f 2167/2235/12689 1810/1810/12690 1838/1838/12691
f 2236/2236/12692 2237/2237/12693 1918/1918/12694
f 2237/2237/12695 1917/1917/12696 1918/1918/12697
f 1938/1938/12698 2238/2238/12699 1940/1940/12700
f 2238/2238/12701 1822/1823/12702 1940/1940/12703
f 2238/2238/12704 2239/2239/12705 1822/1823/12706
f 2239/2239/12707 1821/1821/12708 1822/1823/12709
f 2239/2239/12710 1891/1891/12711 1821/1821/12712
f 1891/1891/12713 1902/1902/12714 1821/1821/12715
f 1969/1967/12716 1900/1900/12717 1967/1966/12718
f 1900/1900/12719 2065/2065/12720 1967/1966/12721
f 1900/1900/12722 2066/2066/12723 2065/2065/12724
f 1898/1898/12725 2110/2110/12726 2107/2107/12727
f 2110/2110/12728 1898/1898/12729 2112/2112/12730
f 1898/1898/12731 2202/2200/12732 2112/2112/12733
f 1898/1898/12734 1900/1900/12735 2202/2200/12736
f 1900/1900/12737 2201/2198/12738 2202/2200/12739
f 1962/1960/12740 1900/1900/12741 1961/1961/12742
f 1900/1900/12743 1960/1963/12744 1961/1961/12745
f 1900/1900/12746 1969/1967/12747 1960/1963/12748
f 2201/2198/12749 1900/1900/12750 2166/2234/12751
f 1900/1900/12752 2167/2235/12753 2166/2234/12754
f 1900/1900/12755 1810/1810/12756 2167/2235/12757
f 1962/1960/12758 1810/1810/12759 1900/1900/12760
f 1912/1911/12761 1910/1910/12762 2072/2072/12763
f 1910/1910/12764 2071/2071/12765 2072/2072/12766
f 1910/1910/12767 2069/2069/12768 2071/2071/12769
f 1893/1892/12770 1898/1898/12771 2114/2114/12772
f 1898/1898/12773 2113/2113/12774 2114/2114/12775
f 1898/1898/12776 2107/2107/12777 2113/2113/12778
f 2164/2166/12779 1914/1914/12780 2098/2098/12781
f 1914/1914/12782 2100/2099/12783 2098/2098/12784
f 1914/1914/12785 2102/2102/12786 2100/2099/12787
f 1910/1910/12788 2070/2070/12789 2069/2069/12790
f 2070/2070/12791 1910/1910/12792 2001/1998/12793
f 1910/1910/12794 1999/1999/12795 2001/1998/12796
f 1910/1910/12797 1914/1914/12798 1999/1999/12799
f 1914/1914/12800 2164/2166/12801 2165/2164/12802
f 1999/1999/12803 1914/1914/12804 1963/2064/12805
f 1914/1914/12806 1759/1759/12807 1963/2064/12808
f 2165/2164/12809 1759/1759/12810 1914/1914/12811
f 2105/2105/12812 2106/2106/12813 1957/1957/12814
f 2106/2106/12815 1914/1914/12816 1957/1957/12817
f 2106/2106/12818 2102/2102/12819 1914/1914/12820
f 1902/1902/12821 1823/1822/12822 1821/1821/12823
f 1902/1902/12824 1904/1904/12825 1823/1822/12826
f 1904/1904/12827 1811/1811/12828 1823/1822/12829
f 1904/1904/12830 1906/1906/12831 1811/1811/12832
f 1906/1906/12833 1813/1812/12834 1811/1811/12835
f 1906/1906/12836 1908/1908/12837 1813/1812/12838
f 1908/1908/12839 1814/1814/12840 1813/1812/12841
f 1908/1908/12842 1946/1946/12843 1814/1814/12844
f 1946/1946/12845 1815/1815/12846 1814/1814/12847
f 1946/1946/12848 1948/1948/12849 1815/1815/12850
f 1948/1948/12851 1835/1835/12852 1815/1815/12853
f 1948/1948/12854 1950/1950/12855 1835/1835/12856
f 1950/1950/12857 1833/1833/12858 1835/1835/12859
f 1950/1950/12860 1952/1952/12861 1833/1833/12862
f 1952/1952/12863 1832/1832/12864 1833/1833/12865
f 1952/1952/12866 1954/1954/12867 1832/1832/12868
f 1954/1954/12869 1828/1827/12870 1832/1832/12871
f 1954/1954/12872 1956/1956/12873 1828/1827/12874
f 1956/1956/12875 1830/1830/12876 1828/1827/12877
f 1956/1956/12878 1958/1958/12879 1830/1830/12880
f 1958/1958/12881 1829/1829/12882 1830/1830/12883
f 1958/1958/12884 1959/1959/12885 1829/1829/12886
f 1959/1959/12887 1827/1828/12888 1829/1829/12889
f 1959/1959/12890 1915/1915/12891 1827/1828/12892
f 1915/1915/12893 1826/1826/12894 1827/1828/12895
f 1915/1915/12896 1916/1916/12897 1826/1826/12898
f 1916/1916/12899 1831/1831/12900 1826/1826/12901
f 1916/1916/12902 1911/1912/12903 1831/1831/12904
f 1911/1912/12905 1834/1834/12906 1831/1831/12907
f 1911/1912/12908 1913/1913/12909 1834/1834/12910
f 1913/1913/12911 1820/1820/12912 1834/1834/12913
f 1913/1913/12914 1932/1932/12915 1820/1820/12916
f 1932/1932/12917 1819/1819/12918 1820/1820/12919
f 1932/1932/12920 1930/1930/12921 1819/1819/12922
f 1930/1930/12923 1818/1818/12924 1819/1819/12925
f 1930/1930/12926 1928/1928/12927 1818/1818/12928
f 1928/1928/12929 1817/1817/12930 1818/1818/12931
f 1928/1928/12932 1926/1926/12933 1817/1817/12934
f 1926/1926/12935 1816/1816/12936 1817/1817/12937
f 1926/1926/12938 1924/1924/12939 1816/1816/12940
f 1924/1924/12941 1812/1813/12942 1816/1816/12943
f 1924/1924/12944 1922/1921/12945 1812/1813/12946
f 1922/1921/12947 1825/1825/12948 1812/1813/12949
f 1922/1921/12950 1920/1920/12951 1825/1825/12952
f 1920/1920/12953 1824/1824/12954 1825/1825/12955
f 1920/1920/12956 1942/1942/12957 1824/1824/12958
f 1942/1942/12959 1822/1823/12960 1824/1824/12961
f 1942/1942/12962 1940/1940/12963 1822/1823/12964
f 1938/1938/12965 2240/2240/12966 2238/2238/12967
f 1938/1938/12968 1936/1936/12969 2240/2240/12970
f 1936/1936/12971 2241/2241/12972 2240/2240/12973
f 1936/1936/12974 1935/1935/12975 2241/2241/12976
f 1935/1935/12977 2242/2242/12978 2241/2241/12979
f 1935/1935/12980 1895/1896/12981 2242/2242/12982
f 1895/1896/12983 2243/2243/12984 2242/2242/12985
f 1895/1896/12986 1896/1895/12987 2243/2243/12988
f 2239/2239/12989 1897/1897/12990 1891/1891/12991
f 2239/2239/12992 2244/2244/12993 1897/1897/12994
f 2244/2244/12995 1899/1899/12996 1897/1897/12997
f 2244/2244/12998 2245/2245/12999 1899/1899/13000
f 2245/2245/13001 1894/1894/13002 1899/1899/13003
f 2245/2245/13004 2246/2246/13005 1894/1894/13006
f 2246/2246/13007 1919/1919/13008 1894/1894/13009
f 2246/2246/13010 2247/2247/13011 1919/1919/13012
f 2140/2140/13013 1909/1909/13014 2138/2138/13015
f 2114/2114/13016 2116/2116/13017 1893/1892/13018
f 2116/2116/13019 1892/1893/13020 1893/1892/13021
f 2116/2116/13022 2118/2118/13023 1892/1893/13024
f 2118/2118/13025 2120/2120/13026 1892/1893/13027
f 2120/2120/13028 1901/1901/13029 1892/1893/13030
f 2120/2120/13031 2122/2122/13032 1901/1901/13033
f 2122/2122/13034 2124/2124/13035 1901/1901/13036
f 2124/2124/13037 1903/1903/13038 1901/1901/13039
f 2124/2124/13040 2126/2126/13041 1903/1903/13042
f 1905/1905/13043 1903/1903/13044 2130/2130/13045
f 1903/1903/13046 2128/2128/13047 2130/2130/13048
f 1903/1903/13049 2126/2126/13050 2128/2128/13051
f 1909/1909/13052 1907/1907/13053 2138/2138/13054
f 2138/2138/13055 1907/1907/13056 2136/2136/13057
f 1907/1907/13058 2134/2134/13059 2136/2136/13060
f 1907/1907/13061 1905/1905/13062 2134/2134/13063
f 1905/1905/13064 2132/2132/13065 2134/2134/13066
f 1905/1905/13067 2130/2130/13068 2132/2132/13069
f 2140/2140/13070 2142/2142/13071 1909/1909/13072
f 2142/2142/13073 1945/1945/13074 1909/1909/13075
f 2142/2142/13076 2144/2144/13077 1945/1945/13078
f 2144/2144/13079 1947/1947/13080 1945/1945/13081
f 2144/2144/13082 2146/2146/13083 1947/1947/13084
f 2146/2146/13085 2148/2148/13086 1947/1947/13087
f 2148/2148/13088 1949/1949/13089 1947/1947/13090
f 2148/2148/13091 2150/2150/13092 1949/1949/13093
f 2150/2150/13094 2152/2152/13095 1949/1949/13096
f 2152/2152/13097 1951/1951/13098 1949/1949/13099
f 2152/2152/13100 2154/2154/13101 1951/1951/13102
f 2154/2154/13103 2156/2156/13104 1951/1951/13105
f 2156/2156/13106 1953/1953/13107 1951/1951/13108
f 2156/2156/13109 2158/2158/13110 1953/1953/13111
f 2158/2158/13112 2160/2160/13113 1953/1953/13114
f 2160/2160/13115 1955/1955/13116 1953/1953/13117
f 2160/2160/13118 2162/2162/13119 1955/1955/13120
f 2162/2162/13121 2163/2163/13122 1955/1955/13123
f 2163/2163/13124 1957/1957/13125 1955/1955/13126
f 2163/2163/13127 2105/2105/13128 1957/1957/13129
f 2240/2240/13130 2239/2239/13131 2238/2238/13132
f 2244/2244/13133 2242/2242/13134 2245/2245/13135
f 2244/2244/13136 2239/2239/13137 2242/2242/13138
f 2239/2239/13139 2241/2241/13140 2242/2242/13141
f 2239/2239/13142 2240/2240/13143 2241/2241/13144
f 2247/2247/13145 2237/2237/13146 2236/2236/13147
f 2245/2245/13148 2242/2242/13149 2246/2246/13150
f 2242/2242/13151 2247/2247/13152 2246/2246/13153
f 2242/2242/13154 2243/2243/13155 2247/2247/13156
f 2243/2243/13157 2237/2237/13158 2247/2247/13159
f 2236/2236/13160 1918/1918/13161 2247/2247/13162
f 1918/1918/13163 1919/1919/13164 2247/2247/13165
f 2067/2067/13166 2068/2068/13167 1937/1937/13168
f 2068/2068/13169 1900/1900/13170 1937/1937/13171
f 2068/2068/13172 2066/2066/13173 1900/1900/13174
f 1917/1917/13175 2237/2237/13176 1896/1895/13177
f 2237/2237/13178 2243/2243/13179 1896/1895/13180
f 2083/2083/13181 1927/1927/13182 2082/2082/13183
f 2072/2072/13184 2073/2073/13185 1912/1911/13186
f 2073/2073/13187 1934/1934/13188 1912/1911/13189
f 2073/2073/13190 2074/2074/13191 1934/1934/13192
f 2074/2074/13193 2075/2075/13194 1934/1934/13195
f 2075/2075/13196 1933/1933/13197 1934/1934/13198
f 2075/2075/13199 2076/2076/13200 1933/1933/13201
f 2076/2076/13202 2077/2077/13203 1933/1933/13204
f 2077/2077/13205 1931/1931/13206 1933/1933/13207
f 2077/2077/13208 2078/2078/13209 1931/1931/13210
f 1927/1927/13211 1929/1929/13212 2082/2082/13213
f 2082/2082/13214 1929/1929/13215 2081/2081/13216
f 1929/1929/13217 2080/2080/13218 2081/2081/13219
f 1929/1929/13220 1931/1931/13221 2080/2080/13222
f 1931/1931/13223 2079/2079/13224 2080/2080/13225
f 1931/1931/13226 2078/2078/13227 2079/2079/13228
f 2083/2083/13229 2084/2084/13230 1927/1927/13231
f 2084/2084/13232 1925/1925/13233 1927/1927/13234
f 2084/2084/13235 2085/2085/13236 1925/1925/13237
f 2085/2085/13238 1923/1923/13239 1925/1925/13240
f 2085/2085/13241 2086/2086/13242 1923/1923/13243
f 2086/2086/13244 2087/2087/13245 1923/1923/13246
f 2087/2087/13247 1921/1922/13248 1923/1923/13249
f 2087/2087/13250 2088/2088/13251 1921/1922/13252
f 2088/2088/13253 2089/2089/13254 1921/1922/13255
f 2089/2089/13256 1944/1944/13257 1921/1922/13258
f 2089/2089/13259 2090/2090/13260 1944/1944/13261
f 2090/2090/13262 2091/2091/13263 1944/1944/13264
f 2091/2091/13265 1943/1943/13266 1944/1944/13267
f 2091/2091/13268 2092/2092/13269 1943/1943/13270
f 2092/2092/13271 2093/2093/13272 1943/1943/13273
f 2093/2093/13274 1941/1941/13275 1943/1943/13276
f 2093/2093/13277 2094/2094/13278 1941/1941/13279
f 2094/2094/13280 2095/2095/13281 1941/1941/13282
f 2095/2095/13283 1939/1939/13284 1941/1941/13285
f 2095/2095/13286 2096/2096/13287 1939/1939/13288
f 2096/2096/13289 2097/2097/13290 1939/1939/13291
f 2097/2097/13292 1937/1937/13293 1939/1939/13294
f 2097/2097/13295 2067/2067/13296 1937/1937/13297
f 2248/2248/13298 2249/2249/13299 1865/1866/13300
f 2249/2249/13301 1868/1869/13302 1865/1866/13303
f 2249/2249/13304 2250/2250/13305 1868/1869/13306
f 2250/2250/13307 1871/1872/13308 1868/1869/13309
f 2250/2250/13310 2251/2251/13311 1871/1872/13312
f 2251/2251/13313 1874/1875/13314 1871/1872/13315
f 2251/2251/13316 2252/2252/13317 1874/1875/13318
f 1874/1875/13319 2252/2252/13320 1878/1878/13321
f 2252/2252/13322 1882/1883/13323 1878/1878/13324
f 2252/2252/13325 2253/2253/13326 1882/1883/13327
f 2253/2253/13328 1886/1887/13329 1882/1883/13330
f 2253/2253/13331 2254/2254/13332 1886/1887/13333
f 2254/2254/13334 1758/1758/13335 1886/1887/13336
f 2254/2254/13337 2255/2255/13338 1758/1758/13339
f 2255/2255/13340 1756/1757/13341 1758/1758/13342
f 2255/2255/13343 2256/2256/13344 1756/1757/13345
f 2257/2257/13346 2258/2258/13347 1781/1781/13348
f 2258/2258/13349 1783/1783/13350 1781/1781/13351
f 2258/2258/13352 2259/2259/13353 1783/1783/13354
f 2259/2259/13355 1787/1787/13356 1783/1783/13357
f 2259/2259/13358 2260/2260/13359 1787/1787/13360
f 2260/2260/13361 1790/1790/13362 1787/1787/13363
f 2260/2260/13364 2261/2261/13365 1790/1790/13366
f 2261/2261/13367 1793/1793/13368 1790/1790/13369
f 2261/2261/13370 2262/2262/13371 1793/1793/13372
f 2262/2262/13373 1796/1797/13374 1793/1793/13375
f 2262/2262/13376 2263/2263/13377 1796/1797/13378
f 2263/2263/13379 1800/1800/13380 1796/1797/13381
f 2263/2263/13382 2264/2264/13383 1800/1800/13384
f 2264/2264/13385 1802/1803/13386 1800/1800/13387
f 2264/2264/13388 2265/2265/13389 1802/1803/13390
f 2266/2266/13391 2267/2267/13392 1849/1850/13393
f 2267/2267/13394 1852/1853/13395 1849/1850/13396
f 2267/2267/13397 2268/2268/13398 1852/1853/13399
f 2268/2268/13400 1855/1856/13401 1852/1853/13402
f 2268/2268/13403 2269/2269/13404 1855/1856/13405
f 2269/2269/13406 1858/1858/13407 1855/1856/13408
f 2269/2269/13409 2248/2248/13410 1858/1858/13411
f 2248/2248/13412 1861/1860/13413 1858/1858/13414
f 2248/2248/13415 1865/1866/13416 1861/1860/13417
f 1802/1803/13418 2265/2265/13419 1805/1806/13420
f 2265/2265/13421 1808/1808/13422 1805/1806/13423
f 2265/2265/13424 2270/2270/13425 1808/1808/13426
f 2270/2270/13427 1837/1837/13428 1808/1808/13429
f 2270/2270/13430 2271/2271/13431 1837/1837/13432
f 2271/2271/13433 1840/1840/13434 1837/1837/13435
f 2271/2271/13436 2272/2272/13437 1840/1840/13438
f 2272/2272/13439 1844/1844/13440 1840/1840/13441
f 2272/2272/13442 2266/2266/13443 1844/1844/13444
f 2266/2266/13445 1846/1847/13446 1844/1844/13447
f 2266/2266/13448 1849/1850/13449 1846/1847/13450
f 1756/1757/13451 2256/2256/13452 1761/1762/13453
f 2256/2256/13454 1765/1766/13455 1761/1762/13456
f 2256/2256/13457 2273/2273/13458 1765/1766/13459
f 2273/2273/13460 1769/1769/13461 1765/1766/13462
f 2273/2273/13463 2274/2274/13464 1769/1769/13465
f 2274/2274/13466 1193/1194/13467 1769/1769/13468
f 2274/2274/13469 2275/2275/13470 1193/1194/13471
f 2275/2275/13472 1775/1776/13473 1193/1194/13474
f 2275/2275/13475 2257/2257/13476 1775/1776/13477
f 2257/2257/13478 1778/1779/13479 1775/1776/13480
f 2257/2257/13481 1781/1781/13482 1778/1779/13483
f 2276/2276/13484 2277/2277/13485 2256/2256/13486
f 2277/2277/13487 2273/2273/13488 2256/2256/13489
f 2277/2277/13490 2278/2278/13491 2273/2273/13492
f 2278/2278/13493 2274/2274/13494 2273/2273/13495
f 2278/2278/13496 2279/2279/13497 2274/2274/13498
f 2279/2279/13499 2275/2275/13500 2274/2274/13501
f 2279/2279/13502 2280/2280/13503 2275/2275/13504
f 2280/2280/13505 2257/2257/13506 2275/2275/13507
f 2280/2280/13508 2281/2281/13509 2257/2257/13510
f 2281/2281/13511 2258/2258/13512 2257/2257/13513
f 2281/2281/13514 2282/2282/13515 2258/2258/13516
f 2282/2282/13517 2259/2259/13518 2258/2258/13519
f 2282/2282/13520 2283/2283/13521 2259/2259/13522
f 2283/2283/13523 2260/2260/13524 2259/2259/13525
f 2283/2283/13526 2284/2284/13527 2260/2260/13528
f 2284/2284/13529 2261/2261/13530 2260/2260/13531
f 2284/2284/13532 2285/2285/13533 2261/2261/13534
f 2285/2285/13535 2262/2262/13536 2261/2261/13537
f 2285/2285/13538 2286/2286/13539 2262/2262/13540
f 2287/2287/13541 2276/2276/13542 2254/2254/13543
f 2276/2276/13544 2255/2255/13545 2254/2254/13546
f 2276/2276/13547 2256/2256/13548 2255/2255/13549
f 2262/2262/13550 2286/2286/13551 2263/2263/13552
f 2286/2286/13553 2264/2264/13554 2263/2263/13555
f 2286/2286/13556 2288/2288/13557 2264/2264/13558
f 2288/2288/13559 2265/2265/13560 2264/2264/13561
f 2288/2288/13562 2289/2289/13563 2265/2265/13564
f 2289/2289/13565 2270/2270/13566 2265/2265/13567
f 2289/2289/13568 2290/2290/13569 2270/2270/13570
f 2290/2290/13571 2271/2271/13572 2270/2270/13573
f 2290/2290/13574 2291/2291/13575 2271/2271/13576
f 2291/2291/13577 2272/2272/13578 2271/2271/13579
f 2291/2291/13580 2292/2292/13581 2272/2272/13582
f 2292/2292/13583 2266/2266/13584 2272/2272/13585
f 2292/2292/13586 2293/2293/13587 2266/2266/13588
f 2293/2293/13589 2267/2267/13590 2266/2266/13591
f 2293/2293/13592 2294/2294/13593 2267/2267/13594
f 2294/2294/13595 2268/2268/13596 2267/2267/13597
f 2294/2294/13598 2295/2295/13599 2268/2268/13600
f 2295/2295/13601 2269/2269/13602 2268/2268/13603
f 2295/2295/13604 2296/2296/13605 2269/2269/13606
f 2296/2296/13607 2248/2248/13608 2269/2269/13609
f 2296/2296/13610 2297/2297/13611 2248/2248/13612
f 2297/2297/13613 2249/2249/13614 2248/2248/13615
f 2297/2297/13616 2298/2298/13617 2249/2249/13618
f 2298/2298/13619 2250/2250/13620 2249/2249/13621
f 2298/2298/13622 2299/2299/13623 2250/2250/13624
f 2299/2299/13625 2251/2251/13626 2250/2250/13627
f 2299/2299/13628 2300/2300/13629 2251/2251/13630
f 2300/2300/13631 2252/2252/13632 2251/2251/13633
f 2300/2300/13634 2301/2301/13635 2252/2252/13636
f 2301/2301/13637 2253/2253/13638 2252/2252/13639
f 2301/2301/13640 2302/2302/13641 2253/2253/13642
f 2302/2302/13643 2254/2254/13644 2253/2253/13645
f 2302/2302/13646 2303/2303/13647 2254/2254/13648
f 2303/2303/13649 2287/2287/13650 2254/2254/13651
f 2287/2287/13652 2304/2304/13653 2276/2276/13654
f 2301/2301/13655 2304/2304/13656 2302/2302/13657
f 2304/2304/13658 2303/2303/13659 2302/2302/13660
f 2304/2304/13661 2287/2287/13662 2303/2303/13663
f 2298/2298/13664 2304/2304/13665 2299/2299/13666
f 2304/2304/13667 2300/2300/13668 2299/2299/13669
f 2304/2304/13670 2301/2301/13671 2300/2300/13672
f 2295/2295/13673 2304/2304/13674 2296/2296/13675
f 2304/2304/13676 2297/2297/13677 2296/2296/13678
f 2304/2304/13679 2298/2298/13680 2297/2297/13681
f 2292/2292/13682 2304/2304/13683 2293/2293/13684
f 2304/2304/13685 2294/2294/13686 2293/2293/13687
f 2304/2304/13688 2295/2295/13689 2294/2294/13690
f 2289/2289/13691 2304/2304/13692 2290/2290/13693
f 2304/2304/13694 2291/2291/13695 2290/2290/13696
f 2304/2304/13697 2292/2292/13698 2291/2291/13699
f 2285/2285/13700 2304/2304/13701 2286/2286/13702
f 2304/2304/13703 2288/2288/13704 2286/2286/13705
f 2304/2304/13706 2289/2289/13707 2288/2288/13708
f 2282/2282/13709 2304/2304/13710 2283/2283/13711
f 2304/2304/13712 2284/2284/13713 2283/2283/13714
f 2304/2304/13715 2285/2285/13716 2284/2284/13717
f 2279/2279/13718 2304/2304/13719 2280/2280/13720
f 2304/2304/13721 2281/2281/13722 2280/2280/13723
f 2304/2304/13724 2282/2282/13725 2281/2281/13726
f 2276/2276/13727 2304/2304/13728 2277/2277/13729
f 2304/2304/13730 2278/2278/13731 2277/2277/13732
f 2304/2304/13733 2279/2279/13734 2278/2278/13735
f 1353/1352/13736 1351/1351/13737 1358/1358/13738 1357/1357/13739
f 1090/836/13740 1091/1098/13741 836/837/13742
f 1500/1500/13743 1520/1522/13744 1421/1421/13745
f 831/831/13746 630/629/13747 817/817/13748 830/1071/13749
f 1099/1099/13750 837/838/13751 1401/1401/13752
f 2305/2305/13753 2307/2306/13754 2306/2307/13755
f 2307/2306/13756 2308/2308/13757 2306/2307/13758
f 2305/2305/13759 2306/2307/13760 2309/2309/13761
f 2306/2307/13762 2310/2310/13763 2309/2309/13764
f 2306/2307/13765 2311/2311/13766 2310/2310/13767
f 2311/2311/13768 2312/2312/13769 2310/2310/13770
f 2311/2311/13771 2313/2313/13772 2312/2312/13773
f 2313/2313/13774 2314/2314/13775 2312/2312/13776
f 2315/2315/13777 2317/2316/13778 2316/2317/13779
f 2317/2316/13780 2318/2318/13781 2316/2317/13782
f 2317/2316/13783 2308/2308/13784 2318/2318/13785
f 2308/2308/13786 2319/2319/13787 2318/2318/13788
f 2308/2308/13789 2307/2306/13790 2319/2319/13791
f 2320/2320/13792 2322/2321/13793 2321/2322/13794
f 2322/2321/13795 2323/2323/13796 2321/2322/13797
f 2324/2324/13798 2326/2325/13799 2325/2326/13800
f 2326/2325/13801 2327/2327/13802 2325/2326/13803
f 2326/2325/13804 2322/2321/13805 2327/2327/13806
f 2322/2321/13807 2328/2328/13808 2327/2327/13809
f 2322/2321/13810 2320/2320/13811 2328/2328/13812
f 2329/2329/13813 2331/2330/13814 2330/2331/13815
f 2331/2330/13816 2332/2332/13817 2330/2331/13818
f 2333/2333/13819 2335/2334/13820 2334/2335/13821
f 2336/2336/13822 2317/2316/13823 2337/2337/13824
f 2317/2316/13825 2338/2338/13826 2337/2337/13827
f 2317/2316/13828 2315/2315/13829 2338/2338/13830
f 2336/2336/13831 2339/2339/13832 2317/2316/13833
f 2339/2339/13834 2322/2321/13835 2317/2316/13836
f 2339/2339/13837 2340/2340/13838 2322/2321/13839
f 2331/2330/13840 2342/2341/13841 2341/2342/13842
f 2343/2343/13843 2345/2344/13844 2344/2345/13845
f 2345/2344/13846 2346/2346/13847 2344/2345/13848
f 2345/2344/13849 2331/2330/13850 2346/2346/13851
f 2331/2330/13852 2347/2347/13853 2346/2346/13854
f 2331/2330/13855 2329/2329/13856 2347/2347/13857
f 2335/2334/13858 2333/2333/13859 2348/2348/13860
f 2333/2333/13861 2349/2349/13862 2348/2348/13863
f 2333/2333/13864 2350/2350/13865 2349/2349/13866
f 2350/2350/13867 2351/2351/13868 2349/2349/13869
f 2350/2350/13870 2352/2352/13871 2351/2351/13872
f 2352/2352/13873 2353/2353/13874 2351/2351/13875
f 2352/2352/13876 2343/2343/13877 2353/2353/13878
f 2343/2343/13879 2354/2354/13880 2353/2353/13881
f 2343/2343/13882 2344/2345/13883 2354/2354/13884
f 2355/2355/13885 2334/2335/13886 2356/2356/13887
f 2334/2335/13888 2357/2357/13889 2356/2356/13890
f 2334/2335/13891 2335/2334/13892 2357/2357/13893
f 2334/2335/13894 2359/2358/13895 2358/2359/13896
f 2314/2314/13897 2313/2313/13898 2360/2360/13899
f 2313/2313/13900 2361/2361/13901 2360/2360/13902
f 2313/2313/13903 2362/2362/13904 2361/2361/13905
f 2362/2362/13906 2363/2363/13907 2361/2361/13908
f 2362/2362/13909 2364/2364/13910 2363/2363/13911
f 2323/2323/13912 2322/2321/13913 2365/2365/13914
f 2322/2321/13915 2366/2366/13916 2365/2365/13917
f 2322/2321/13918 2340/2340/13919 2366/2366/13920
f 2331/2330/13921 2367/2367/13922 2342/2341/13923
f 2342/2341/13924 2367/2367/13925 2368/2368/13926
f 2367/2367/13927 2369/2369/13928 2368/2368/13929
f 2367/2367/13930 2326/2325/13931 2369/2369/13932
f 2326/2325/13933 2370/2370/13934 2369/2369/13935
f 2326/2325/13936 2324/2324/13937 2370/2370/13938
f 2332/2332/13939 2331/2330/13940 2371/2371/13941
f 2331/2330/13942 2372/2372/13943 2371/2371/13944
f 2331/2330/13945 2373/2373/13946 2372/2372/13947
f 2359/2358/13948 2374/2374/13949 2358/2359/13950
f 2374/2374/13951 2375/2375/13952 2358/2359/13953
f 2374/2374/13954 2376/2376/13955 2375/2375/13956
f 2364/2364/13957 2362/2362/13958 2377/2377/13959
f 2362/2362/13960 2378/2378/13961 2377/2377/13962
f 2362/2362/13963 2379/2379/13964 2378/2378/13965
f 2373/2373/13966 2331/2330/13967 2380/2380/13968
f 2331/2330/13969 2381/2381/13970 2380/2380/13971
f 2331/2330/13972 2341/2342/13973 2381/2381/13974
f 2359/2358/13975 2334/2335/13976 2382/2382/13977
f 2334/2335/13978 2383/2383/13979 2382/2382/13980
f 2334/2335/13981 2384/2384/13982 2383/2383/13983
f 2384/2384/13984 2334/2335/13985 2385/2385/13986
f 2334/2335/13987 2386/2386/13988 2385/2385/13989
f 2334/2335/13990 2387/2387/13991 2386/2386/13992
f 2388/2388/13993 2362/2362/13994 2389/2389/13995
f 2362/2362/13996 2390/2390/13997 2389/2389/13998
f 2362/2362/13999 2391/2391/14000 2390/2390/14001
f 2387/2387/14002 2334/2335/14003 2392/2392/14004
f 2334/2335/14005 2393/2393/14006 2392/2392/14007
f 2334/2335/14008 2355/2355/14009 2393/2393/14010
f 2390/2390/14011 2391/2391/14012 2394/2394/14013
f 2391/2391/14014 2395/2395/14015 2394/2394/14016
f 2391/2391/14017 2375/2375/14018 2395/2395/14019
f 2375/2375/14020 2396/2396/14021 2395/2395/14022
f 2375/2375/14023 2376/2376/14024 2396/2396/14025
f 2379/2379/14026 2362/2362/14027 2397/2397/14028
f 2362/2362/14029 2398/2398/14030 2397/2397/14031
f 2362/2362/14032 2388/2388/14033 2398/2398/14034
f 2325/2326/14035 2399/2399/14036 2324/2324/14037
f 2399/2399/14038 2400/2400/14039 2324/2324/14040
f 2399/2399/14041 2401/2401/14042 2400/2400/14043
f 2402/2402/14044 2404/2403/14045 2403/2404/14046
f 2405/2405/14047 2407/2406/14048 2406/2407/14049
f 2407/2406/14050 2408/2408/14051 2406/2407/14052
f 2407/2406/14053 2409/2409/14054 2408/2408/14055
f 2409/2409/14056 2410/2410/14057 2408/2408/14058
f 2409/2409/14059 2411/2411/14060 2410/2410/14061
f 2412/2412/14062 2414/2413/14063 2413/2414/14064
f 2414/2413/14065 2415/2415/14066 2413/2414/14067
f 2416/2416/14068 2415/2415/14069 2417/2417/14070
f 2415/2415/14071 2418/2418/14072 2417/2417/14073
f 2415/2415/14074 2419/2419/14075 2418/2418/14076
f 2420/2420/14077 2422/2421/14078 2421/2422/14079
f 2422/2421/14080 2423/2423/14081 2421/2422/14082
f 2422/2421/14083 2415/2415/14084 2423/2423/14085
f 2415/2415/14086 2424/2424/14087 2423/2423/14088
f 2415/2415/14089 2416/2416/14090 2424/2424/14091
f 2425/2425/14092 2427/2426/14093 2426/2427/14094
f 2404/2403/14095 2428/2428/14096 2403/2404/14097
f 2410/2410/14098 2411/2411/14099 2429/2429/14100
f 2411/2411/14101 2430/2430/14102 2429/2429/14103
f 2411/2411/14104 2431/2431/14105 2430/2430/14106
f 2431/2431/14107 2432/2432/14108 2430/2430/14109
f 2431/2431/14110 2433/2433/14111 2432/2432/14112
f 2433/2433/14113 2434/2434/14114 2432/2432/14115
f 2405/2405/14116 2435/2435/14117 2407/2406/14118
f 2435/2435/14119 2428/2428/14120 2407/2406/14121
f 2435/2435/14122 2436/2436/14123 2428/2428/14124
f 2412/2412/14125 2413/2414/14126 2437/2437/14127
f 2413/2414/14128 2438/2438/14129 2437/2437/14130
f 2413/2414/14131 2439/2439/14132 2438/2438/14133
f 2439/2439/14134 2440/2440/14135 2438/2438/14136
f 2439/2439/14137 2404/2403/14138 2440/2440/14139
f 2404/2403/14140 2441/2441/14141 2440/2440/14142
f 2404/2403/14143 2402/2402/14144 2441/2441/14145
f 2419/2419/14146 2415/2415/14147 2442/2442/14148
f 2415/2415/14149 2443/2443/14150 2442/2442/14151
f 2415/2415/14152 2444/2444/14153 2443/2443/14154
f 2444/2444/14155 2415/2415/14156 2445/2445/14157
f 2415/2415/14158 2446/2446/14159 2445/2445/14160
f 2415/2415/14161 2414/2413/14162 2446/2446/14163
f 2425/2425/14164 2447/2447/14165 2427/2426/14166
f 2447/2447/14167 2448/2448/14168 2427/2426/14169
f 2447/2447/14170 2449/2449/14171 2448/2448/14172
f 2449/2449/14173 2450/2450/14174 2448/2448/14175
f 2449/2449/14176 2451/2451/14177 2450/2450/14178
f 2451/2451/14179 2452/2452/14180 2450/2450/14181
f 2451/2451/14182 2422/2421/14183 2452/2452/14184
f 2422/2421/14185 2453/2453/14186 2452/2452/14187
f 2422/2421/14188 2420/2420/14189 2453/2453/14190
f 2454/2454/14191 2428/2428/14192 2455/2455/14193
f 2428/2428/14194 2456/2456/14195 2455/2455/14196
f 2428/2428/14197 2436/2436/14198 2456/2456/14199
f 2403/2404/14200 2428/2428/14201 2457/2457/14202
f 2428/2428/14203 2458/2458/14204 2457/2457/14205
f 2428/2428/14206 2459/2459/14207 2458/2458/14208
f 2460/2460/14209 2462/2461/14210 2461/2462/14211
f 2426/2427/14212 2463/2463/14213 2425/2425/14214
f 2463/2463/14215 2462/2461/14216 2425/2425/14217
f 2463/2463/14218 2464/2464/14219 2462/2461/14220
f 2465/2465/14221 2467/2466/14222 2466/2467/14223
f 2467/2466/14224 2433/2433/14225 2466/2467/14226
f 2434/2434/14227 2433/2433/14228 2468/2468/14229
f 2433/2433/14230 2469/2469/14231 2468/2468/14232
f 2433/2433/14233 2470/2470/14234 2469/2469/14235
f 2459/2459/14236 2428/2428/14237 2471/2471/14238
f 2428/2428/14239 2472/2472/14240 2471/2471/14241
f 2428/2428/14242 2454/2454/14243 2472/2472/14244
f 2461/2462/14245 2462/2461/14246 2473/2473/14247
f 2462/2461/14248 2474/2474/14249 2473/2473/14250
f 2462/2461/14251 2464/2464/14252 2474/2474/14253
f 2475/2475/14254 2400/2400/14255 2401/2401/14256
f 2476/2476/14257 2478/2477/14258 2477/2478/14259
f 2478/2477/14260 2479/2479/14261 2477/2478/14262
f 2478/2477/14263 2480/2480/14264 2479/2479/14265
f 2478/2477/14266 2462/2461/14267 2481/2481/14268
f 2462/2461/14269 2482/2482/14270 2481/2481/14271
f 2462/2461/14272 2460/2460/14273 2482/2482/14274
f 2470/2470/14275 2433/2433/14276 2483/2483/14277
f 2433/2433/14278 2484/2484/14279 2483/2483/14280
f 2433/2433/14281 2485/2485/14282 2484/2484/14283
f 2480/2480/14284 2478/2477/14285 2486/2486/14286
f 2478/2477/14287 2487/2487/14288 2486/2486/14289
f 2478/2477/14290 2481/2481/14291 2487/2487/14292
f 2475/2475/14293 2478/2477/14294 2400/2400/14295
f 2478/2477/14296 2488/2488/14297 2400/2400/14298
f 2478/2477/14299 2476/2476/14300 2488/2488/14301
f 2465/2465/14302 2466/2467/14303 2489/2489/14304
f 2466/2467/14305 2490/2490/14306 2489/2489/14307
f 2466/2467/14308 2475/2475/14309 2490/2490/14310
f 2475/2475/14311 2491/2491/14312 2490/2490/14313
f 2475/2475/14314 2401/2401/14315 2491/2491/14316
f 2485/2485/14317 2433/2433/14318 2492/2492/14319
f 2433/2433/14320 2493/2493/14321 2492/2492/14322
f 2433/2433/14323 2467/2466/14324 2493/2493/14325
f 2353/2353/14326 2450/2450/14327 2452/2452/14328
f 2353/2353/14329 2354/2354/14330 2450/2450/14331
f 2450/2450/14332 2354/2354/14333 2448/2448/14334
f 2354/2354/14335 2427/2426/14336 2448/2448/14337
f 2354/2354/14338 2344/2345/14339 2427/2426/14340
f 2344/2345/14341 2426/2427/14342 2427/2426/14343
f 2344/2345/14344 2346/2346/14345 2426/2427/14346
f 2346/2346/14347 2463/2463/14348 2426/2427/14349
f 2346/2346/14350 2347/2347/14351 2463/2463/14352
f 2482/2482/14353 2460/2460/14354 2372/2372/14355
f 2460/2460/14356 2371/2371/14357 2372/2372/14358
f 2460/2460/14359 2461/2462/14360 2371/2371/14361
f 2463/2463/14362 2347/2347/14363 2464/2464/14364
f 2347/2347/14365 2474/2474/14366 2464/2464/14367
f 2347/2347/14368 2329/2329/14369 2474/2474/14370
f 2329/2329/14371 2473/2473/14372 2474/2474/14373
f 2329/2329/14374 2330/2331/14375 2473/2473/14376
f 2330/2331/14377 2461/2462/14378 2473/2473/14379
f 2330/2331/14380 2332/2332/14381 2461/2462/14382
f 2332/2332/14383 2371/2371/14384 2461/2462/14385
f 2481/2481/14386 2482/2482/14387 2380/2380/14388
f 2482/2482/14389 2373/2373/14390 2380/2380/14391
f 2482/2482/14392 2372/2372/14393 2373/2373/14394
f 2481/2481/14395 2380/2380/14396 2487/2487/14397
f 2380/2380/14398 2486/2486/14399 2487/2487/14400
f 2380/2380/14401 2381/2381/14402 2486/2486/14403
f 2381/2381/14404 2480/2480/14405 2486/2486/14406
f 2381/2381/14407 2341/2342/14408 2480/2480/14409
f 2341/2342/14410 2342/2341/14411 2480/2480/14412
f 2480/2480/14413 2342/2341/14414 2479/2479/14415
f 2342/2341/14416 2477/2478/14417 2479/2479/14418
f 2342/2341/14419 2368/2368/14420 2477/2478/14421
f 2368/2368/14422 2476/2476/14423 2477/2478/14424
f 2368/2368/14425 2369/2369/14426 2476/2476/14427
f 2369/2369/14428 2488/2488/14429 2476/2476/14430
f 2369/2369/14431 2370/2370/14432 2488/2488/14433
f 2370/2370/14434 2400/2400/14435 2488/2488/14436
f 2370/2370/14437 2324/2324/14438 2400/2400/14439
f 2385/2385/14440 2386/2386/14441 2445/2445/14442
f 2386/2386/14443 2444/2444/14444 2445/2445/14445
f 2386/2386/14446 2387/2387/14447 2444/2444/14448
f 2387/2387/14449 2443/2443/14450 2444/2444/14451
f 2356/2356/14452 2494/2494/14453 2355/2355/14454
f 2494/2494/14455 2393/2393/14456 2355/2355/14457
f 2494/2494/14458 2495/2495/14459 2393/2393/14460
f 2349/2349/14461 2496/2496/14462 2348/2348/14463
f 2496/2496/14464 2335/2334/14465 2348/2348/14466
f 2496/2496/14467 2497/2497/14468 2335/2334/14469
f 2497/2497/14470 2357/2357/14471 2335/2334/14472
f 2497/2497/14473 2356/2356/14474 2357/2357/14475
f 2453/2453/14476 2498/2498/14477 2452/2452/14478
f 2498/2498/14479 2353/2353/14480 2452/2452/14481
f 2498/2498/14482 2351/2351/14483 2353/2353/14484
f 2351/2351/14485 2498/2498/14486 2349/2349/14487
f 2498/2498/14488 2496/2496/14489 2349/2349/14490
f 2498/2498/14491 2453/2453/14492 2496/2496/14493
f 2453/2453/14494 2420/2420/14495 2496/2496/14496
f 2416/2416/14497 2497/2497/14498 2424/2424/14499
f 2497/2497/14500 2423/2423/14501 2424/2424/14502
f 2497/2497/14503 2496/2496/14504 2423/2423/14505
f 2496/2496/14506 2421/2422/14507 2423/2423/14508
f 2496/2496/14509 2420/2420/14510 2421/2422/14511
f 2356/2356/14512 2497/2497/14513 2494/2494/14514
f 2497/2497/14515 2417/2417/14516 2494/2494/14517
f 2497/2497/14518 2416/2416/14519 2417/2417/14520
f 2393/2393/14521 2495/2495/14522 2392/2392/14523
f 2495/2495/14524 2387/2387/14525 2392/2392/14526
f 2495/2495/14527 2443/2443/14528 2387/2387/14529
f 2443/2443/14530 2495/2495/14531 2442/2442/14532
f 2495/2495/14533 2419/2419/14534 2442/2442/14535
f 2495/2495/14536 2494/2494/14537 2419/2419/14538
f 2494/2494/14539 2418/2418/14540 2419/2419/14541
f 2494/2494/14542 2417/2417/14543 2418/2418/14544
f 2376/2376/14545 2374/2374/14546 2440/2440/14547
f 2374/2374/14548 2499/2499/14549 2440/2440/14550
f 2374/2374/14551 2359/2358/14552 2499/2499/14553
f 2359/2358/14554 2500/2500/14555 2499/2499/14556
f 2384/2384/14557 2500/2500/14558 2383/2383/14559
f 2500/2500/14560 2382/2382/14561 2383/2383/14562
f 2500/2500/14563 2359/2358/14564 2382/2382/14565
f 2385/2385/14566 2445/2445/14567 2384/2384/14568
f 2445/2445/14569 2500/2500/14570 2384/2384/14571
f 2445/2445/14572 2446/2446/14573 2500/2500/14574
f 2446/2446/14575 2414/2413/14576 2500/2500/14577
f 2440/2440/14578 2499/2499/14579 2438/2438/14580
f 2499/2499/14581 2437/2437/14582 2438/2438/14583
f 2499/2499/14584 2500/2500/14585 2437/2437/14586
f 2500/2500/14587 2412/2412/14588 2437/2437/14589
f 2500/2500/14590 2414/2413/14591 2412/2412/14592
f 2325/2326/14593 2327/2327/14594 2399/2399/14595
f 2327/2327/14596 2501/2501/14597 2399/2399/14598
f 2327/2327/14599 2328/2328/14600 2501/2501/14601
f 2328/2328/14602 2320/2320/14603 2501/2501/14604
f 2320/2320/14605 2502/2502/14606 2501/2501/14607
f 2320/2320/14608 2321/2322/14609 2502/2502/14610
f 2321/2322/14611 2503/2503/14612 2502/2502/14613
f 2321/2322/14614 2323/2323/14615 2503/2503/14616
f 2323/2323/14617 2365/2365/14618 2503/2503/14619
f 2365/2365/14620 2504/2504/14621 2503/2503/14622
f 2365/2365/14623 2366/2366/14624 2504/2504/14625
f 2492/2492/14626 2504/2504/14627 2485/2485/14628
f 2504/2504/14629 2340/2340/14630 2485/2485/14631
f 2504/2504/14632 2366/2366/14633 2340/2340/14634
f 2492/2492/14635 2493/2493/14636 2504/2504/14637
f 2493/2493/14638 2503/2503/14639 2504/2504/14640
f 2493/2493/14641 2467/2466/14642 2503/2503/14643
f 2467/2466/14644 2465/2465/14645 2503/2503/14646
f 2465/2465/14647 2502/2502/14648 2503/2503/14649
f 2465/2465/14650 2489/2489/14651 2502/2502/14652
f 2489/2489/14653 2501/2501/14654 2502/2502/14655
f 2489/2489/14656 2490/2490/14657 2501/2501/14658
f 2490/2490/14659 2491/2491/14660 2501/2501/14661
f 2491/2491/14662 2399/2399/14663 2501/2501/14664
f 2491/2491/14665 2401/2401/14666 2399/2399/14667
f 2410/2410/14668 2312/2312/14669 2408/2408/14670
f 2340/2340/14671 2339/2339/14672 2485/2485/14673
f 2339/2339/14674 2484/2484/14675 2485/2485/14676
f 2339/2339/14677 2336/2336/14678 2484/2484/14679
f 2484/2484/14680 2336/2336/14681 2483/2483/14682
f 2336/2336/14683 2470/2470/14684 2483/2483/14685
f 2336/2336/14686 2337/2337/14687 2470/2470/14688
f 2337/2337/14689 2338/2338/14690 2470/2470/14691
f 2338/2338/14692 2469/2469/14693 2470/2470/14694
f 2338/2338/14695 2468/2468/14696 2469/2469/14697
f 2434/2434/14698 2468/2468/14699 2316/2317/14700
f 2468/2468/14701 2315/2315/14702 2316/2317/14703
f 2468/2468/14704 2338/2338/14705 2315/2315/14706
f 2312/2312/14707 2314/2314/14708 2408/2408/14709
f 2314/2314/14710 2406/2407/14711 2408/2408/14712
f 2314/2314/14713 2360/2360/14714 2406/2407/14715
f 2312/2312/14716 2410/2410/14717 2310/2310/14718
f 2410/2410/14719 2309/2309/14720 2310/2310/14721
f 2410/2410/14722 2429/2429/14723 2309/2309/14724
f 2429/2429/14725 2305/2305/14726 2309/2309/14727
f 2429/2429/14728 2430/2430/14729 2305/2305/14730
f 2430/2430/14731 2307/2306/14732 2305/2305/14733
f 2430/2430/14734 2432/2432/14735 2307/2306/14736
f 2432/2432/14737 2319/2319/14738 2307/2306/14739
f 2432/2432/14740 2434/2434/14741 2319/2319/14742
f 2434/2434/14743 2318/2318/14744 2319/2319/14745
f 2434/2434/14746 2316/2317/14747 2318/2318/14748
f 2360/2360/14749 2361/2361/14750 2406/2407/14751
f 2361/2361/14752 2405/2405/14753 2406/2407/14754
f 2361/2361/14755 2363/2363/14756 2405/2405/14757
f 2363/2363/14758 2435/2435/14759 2405/2405/14760
f 2363/2363/14761 2364/2364/14762 2435/2435/14763
f 2364/2364/14764 2436/2436/14765 2435/2435/14766
f 2364/2364/14767 2377/2377/14768 2436/2436/14769
f 2377/2377/14770 2456/2456/14771 2436/2436/14772
f 2377/2377/14773 2378/2378/14774 2456/2456/14775
f 2456/2456/14776 2378/2378/14777 2455/2455/14778
f 2378/2378/14779 2454/2454/14780 2455/2455/14781
f 2378/2378/14782 2379/2379/14783 2454/2454/14784
f 2379/2379/14785 2472/2472/14786 2454/2454/14787
f 2379/2379/14788 2397/2397/14789 2472/2472/14790
f 2472/2472/14791 2397/2397/14792 2471/2471/14793
f 2397/2397/14794 2459/2459/14795 2471/2471/14796
f 2397/2397/14797 2398/2398/14798 2459/2459/14799
f 2398/2398/14800 2388/2388/14801 2459/2459/14802
f 2388/2388/14803 2458/2458/14804 2459/2459/14805
f 2388/2388/14806 2389/2389/14807 2458/2458/14808
f 2389/2389/14809 2457/2457/14810 2458/2458/14811
f 2389/2389/14812 2390/2390/14813 2457/2457/14814
f 2390/2390/14815 2394/2394/14816 2457/2457/14817
f 2394/2394/14818 2403/2404/14819 2457/2457/14820
f 2394/2394/14821 2395/2395/14822 2403/2404/14823
f 2403/2404/14824 2395/2395/14825 2402/2402/14826
f 2395/2395/14827 2441/2441/14828 2402/2402/14829
f 2395/2395/14830 2396/2396/14831 2441/2441/14832
f 2396/2396/14833 2440/2440/14834 2441/2441/14835
f 2396/2396/14836 2376/2376/14837 2440/2440/14838
f 2350/2350/14839 2449/2449/14840 2352/2352/14841
f 2449/2449/14842 2447/2447/14843 2352/2352/14844
f 2352/2352/14845 2447/2447/14846 2343/2343/14847
f 2447/2447/14848 2345/2344/14849 2343/2343/14850
f 2447/2447/14851 2425/2425/14852 2345/2344/14853
f 2425/2425/14854 2331/2330/14855 2345/2344/14856
f 2425/2425/14857 2462/2461/14858 2331/2330/14859
f 2462/2461/14860 2367/2367/14861 2331/2330/14862
f 2462/2461/14863 2478/2477/14864 2367/2367/14865
f 2478/2477/14866 2326/2325/14867 2367/2367/14868
f 2478/2477/14869 2475/2475/14870 2326/2325/14871
f 2475/2475/14872 2322/2321/14873 2326/2325/14874
f 2475/2475/14875 2466/2467/14876 2322/2321/14877
f 2466/2467/14878 2317/2316/14879 2322/2321/14880
f 2466/2467/14881 2433/2433/14882 2317/2316/14883
f 2433/2433/14884 2308/2308/14885 2317/2316/14886
f 2433/2433/14887 2431/2431/14888 2308/2308/14889
f 2431/2431/14890 2306/2307/14891 2308/2308/14892
f 2431/2431/14893 2411/2411/14894 2306/2307/14895
f 2411/2411/14896 2311/2311/14897 2306/2307/14898
f 2411/2411/14899 2409/2409/14900 2311/2311/14901
f 2409/2409/14902 2313/2313/14903 2311/2311/14904
f 2409/2409/14905 2407/2406/14906 2313/2313/14907
f 2407/2406/14908 2362/2362/14909 2313/2313/14910
f 2407/2406/14911 2428/2428/14912 2362/2362/14913
f 2428/2428/14914 2391/2391/14915 2362/2362/14916
f 2428/2428/14917 2404/2403/14918 2391/2391/14919
f 2404/2403/14920 2375/2375/14921 2391/2391/14922
f 2404/2403/14923 2439/2439/14924 2375/2375/14925
f 2439/2439/14926 2358/2359/14927 2375/2375/14928
f 2439/2439/14929 2413/2414/14930 2358/2359/14931
f 2413/2414/14932 2334/2335/14933 2358/2359/14934
f 2413/2414/14935 2415/2415/14936 2334/2335/14937
f 2415/2415/14938 2333/2333/14939 2334/2335/14940
f 2415/2415/14941 2422/2421/14942 2333/2333/14943
f 2422/2421/14944 2350/2350/14945 2333/2333/14946
f 2422/2421/14947 2451/2451/14948 2350/2350/14949
f 2451/2451/14950 2449/2449/14951 2350/2350/14952
