# This file uses centimeters as units for non-parametric coordinates.

mtllib left_hip_pitch_link.mtl
g default
v -0.000418 0.051148 -0.079610
v -0.001234 0.051144 -0.079152
v -0.001292 0.055751 -0.078867
v -0.018560 0.052000 0.017746
v -0.017983 0.056490 0.017109
v -0.012266 0.077872 0.009072
v -0.014428 0.077784 0.008317
v -0.014832 0.073768 0.010855
v -0.005764 0.084008 -0.062140
v -0.005850 0.086146 -0.061058
v -0.005309 0.083166 -0.064256
v -0.013498 0.091998 -0.015379
v -0.013335 0.092347 -0.015546
v -0.013399 0.091998 -0.017912
v -0.012569 0.093870 -0.019690
v -0.010284 0.096269 -0.032694
v -0.011369 0.094078 -0.030481
v -0.011039 0.095845 -0.028290
v -0.012075 0.093529 -0.026488
v -0.011801 0.095040 -0.023946
v -0.012772 0.092630 -0.022544
v -0.013145 0.091998 -0.020435
v -0.008489 0.093980 -0.045669
v -0.009535 0.093806 -0.040863
v -0.009218 0.094846 -0.041421
v -0.010072 0.094145 -0.037823
v -0.009958 0.095276 -0.037113
v -0.010766 0.094261 -0.033896
v -0.010702 0.095285 -0.032789
v -0.007924 0.091986 -0.049689
v -0.007998 0.091998 -0.049349
v -0.007776 0.092671 -0.049807
v -0.008230 0.091998 -0.048249
v -0.008873 0.093073 -0.044608
v -0.007092 0.090920 -0.053785
v -0.007571 0.091485 -0.051514
v -0.007668 0.091720 -0.050962
v -0.005951 0.085005 -0.061063
v -0.006304 0.086723 -0.059019
v -0.006446 0.088740 -0.057552
v -0.006869 0.089090 -0.055714
v -0.007430 0.091049 -0.052366
v -0.004403 0.076205 -0.069565
v -0.004823 0.077780 -0.067525
v -0.004826 0.079837 -0.067103
v -0.004977 0.078968 -0.066648
v -0.005265 0.080995 -0.065002
v -0.003744 0.068260 -0.073275
v -0.004108 0.070888 -0.071545
v -0.004041 0.072326 -0.071621
v -0.004203 0.071975 -0.071018
v -0.004435 0.074372 -0.069722
v -0.003342 0.059776 -0.075458
v -0.003615 0.063551 -0.074217
v -0.003511 0.064062 -0.074544
v -0.003652 0.064274 -0.074017
v -0.003830 0.067213 -0.073067
v -0.003232 0.055432 -0.076041
v -0.003178 0.051073 -0.076324
v -0.003349 0.051052 -0.075728
v -0.003359 0.055291 -0.075614
v -0.003371 0.056139 -0.075544
v -0.003445 0.059320 -0.075132
v 0.000652 0.060595 -0.079090
v 0.000474 0.065261 -0.078140
v 0.003176 0.064450 -0.078311
v 0.003077 0.066745 -0.077752
v 0.000228 0.069842 -0.076810
v 0.002858 0.070765 -0.076512
v -0.000089 0.074284 -0.075040
v 0.002595 0.074450 -0.075024
v 0.002347 0.077242 -0.073621
v -0.000475 0.078512 -0.072798
v 0.002258 0.078132 -0.073116
v 0.001866 0.081510 -0.070900
v -0.000929 0.082446 -0.070071
v 0.001710 0.082665 -0.070019
v -0.001446 0.086018 -0.066895
v 0.001146 0.086213 -0.066825
v 0.001430 0.084537 -0.068432
v 0.000412 0.089801 -0.062674
v 0.000862 0.087716 -0.065216
v 0.000960 0.087215 -0.065772
v -0.001282 0.095350 -0.053086
v -0.000828 0.094165 -0.055654
v -0.003345 0.094258 -0.055304
v -0.000189 0.092143 -0.059269
v -0.002659 0.091943 -0.059451
v -0.002024 0.089189 -0.063332
v -0.001498 0.095846 -0.051865
v -0.004072 0.096113 -0.050938
v -0.002203 0.097181 -0.047875
v -0.004829 0.097483 -0.046404
v -0.002485 0.097597 -0.046279
v -0.004370 0.098811 -0.035610
v -0.003638 0.098644 -0.039753
v -0.005602 0.098350 -0.041751
v -0.003308 0.098449 -0.041620
v -0.002924 0.098118 -0.043794
v -0.007961 0.098147 -0.027645
v -0.005026 0.098676 -0.031900
v -0.007168 0.098636 -0.032327
v -0.006382 0.098720 -0.037042
v -0.009572 0.096116 -0.018474
v -0.006534 0.097471 -0.023362
v -0.008762 0.097297 -0.023021
v -0.005611 0.098348 -0.028591
v -0.009166 0.092553 -0.008468
v -0.011187 0.092758 -0.009697
v -0.008244 0.094737 -0.013686
v -0.010384 0.094607 -0.014023
v -0.007423 0.096238 -0.018335
v -0.009670 0.091106 -0.005616
v -0.011965 0.090544 -0.005535
v -0.010478 0.088234 -0.001044
v -0.012696 0.087937 -0.001591
v -0.010851 0.086626 0.001064
v -0.013361 0.084927 0.002070
v -0.011374 0.083960 0.004028
v -0.011724 0.081844 0.006009
v -0.013940 0.081526 0.005385
v -0.018126 0.068284 0.008899
v -0.018772 0.060127 0.011413
v -0.018782 0.060370 0.012448
v -0.019188 0.052000 0.013765
v -0.019260 0.052000 0.015408
v -0.017780 0.071926 0.006230
v -0.018125 0.068341 0.007818
v -0.018189 0.067563 0.008114
v -0.017761 0.072044 0.006719
v -0.017345 0.075626 0.004207
v -0.016673 0.079625 0.002424
v -0.016907 0.078711 0.002053
v -0.016123 0.082816 -0.000689
v -0.016388 0.081748 -0.000440
v -0.015771 0.084694 -0.003350
v -0.015500 0.085702 -0.004078
v -0.015698 0.085006 -0.003692
v -0.015148 0.087139 -0.006252
v -0.014816 0.088260 -0.007708
v -0.014457 0.089395 -0.009477
v -0.013719 0.089659 -0.006459
v -0.012946 0.091897 -0.010479
v -0.013684 0.091486 -0.013172
v -0.013634 0.091609 -0.013439
v -0.012147 0.093776 -0.014668
v -0.013512 0.091945 -0.014643
v 0.003263 0.062022 -0.078804
v 0.003382 0.057391 -0.079481
v 0.000767 0.055873 -0.079682
v 0.003456 0.051144 -0.079897
v 0.000823 0.051148 -0.079965
v -0.002153 0.051129 -0.078283
v -0.002743 0.055560 -0.077193
v -0.002859 0.060008 -0.076604
v -0.003036 0.064398 -0.075676
v -0.003279 0.068704 -0.074383
v -0.003587 0.072879 -0.072688
v -0.003957 0.076862 -0.070572
v -0.004385 0.080587 -0.068028
v -0.004868 0.083994 -0.065081
v -0.005409 0.087035 -0.061774
v -0.006007 0.089680 -0.058155
v -0.006656 0.091902 -0.054273
v -0.007345 0.093682 -0.050178
v -0.008063 0.095007 -0.045921
v -0.008796 0.095873 -0.041553
v -0.009537 0.096286 -0.037128
v -0.016145 0.077115 0.007018
v -0.017147 0.076163 0.005236
v -0.016536 0.073233 0.009548
v -0.017550 0.072473 0.007733
v -0.016871 0.069180 0.011749
v -0.017900 0.068609 0.009922
v -0.017607 0.060834 0.015534
v -0.018591 0.060544 0.013544
v -0.018916 0.056331 0.014980
v -0.019163 0.052000 0.016102
v -0.014446 0.087051 -0.002649
v -0.015102 0.084075 0.000897
v -0.015669 0.080747 0.004130
v -0.001412 0.060365 -0.078273
v -0.001595 0.064922 -0.077328
v -0.001847 0.069398 -0.076006
v -0.002164 0.073742 -0.074258
v -0.002544 0.077885 -0.072057
v -0.002983 0.081750 -0.069393
v -0.003476 0.085272 -0.066299
v -0.004026 0.088405 -0.062827
v -0.004634 0.091127 -0.059039
v -0.005295 0.093412 -0.054984
v -0.005998 0.095242 -0.050713
v -0.006730 0.096598 -0.046275
v -0.007477 0.097467 -0.041723
v -0.008229 0.097857 -0.037116
v -0.008989 0.097801 -0.032505
v -0.009759 0.097335 -0.027929
v -0.010544 0.096496 -0.023417
v -0.011342 0.095308 -0.018989
v -0.014357 0.052000 0.020909
v -0.014113 0.056597 0.019527
v -0.016295 0.056584 0.018711
v -0.015919 0.061005 0.016993
v -0.013789 0.061030 0.017690
v -0.015176 0.069570 0.013050
v -0.013177 0.068459 0.014230
v -0.012674 0.074122 0.011380
v -0.017948 0.052000 0.018754
v -0.016654 0.052000 0.019958
v -0.003120 0.005870 -0.056149
v -0.003438 0.005952 -0.056144
v -0.002861 0.008511 -0.059405
v -0.004427 0.006317 -0.056050
v -0.005509 0.006989 -0.055740
v -0.004444 0.009165 -0.059139
v -0.006976 0.009019 -0.054419
v -0.007322 0.010395 -0.053383
v -0.007076 0.011451 -0.054775
v -0.006421 0.011425 -0.057531
v -0.003011 0.005845 -0.056149
v -0.000023 0.009052 -0.060210
v -0.000781 0.005623 -0.055922
v -0.001365 0.005636 -0.056015
v 0.000430 0.011383 -0.062777
v -0.001930 0.013380 -0.064675
v 0.000603 0.012336 -0.063753
v -0.001505 0.016009 -0.067079
v 0.000810 0.024220 -0.073084
v 0.001701 0.019598 -0.069967
v 0.000149 0.018591 -0.069343
v 0.001390 0.017285 -0.068206
v 0.001161 0.015726 -0.066909
v 0.000285 0.033624 -0.077209
v 0.002776 0.030569 -0.076048
v 0.000073 0.030415 -0.076012
v 0.002545 0.027613 -0.074743
v 0.000458 0.036908 -0.078188
v 0.003102 0.035983 -0.077894
v 0.002857 0.031740 -0.076506
v 0.003191 0.037935 -0.078398
v 0.000596 0.040389 -0.078974
v 0.003281 0.040313 -0.078907
v 0.000694 0.043917 -0.079526
v 0.003398 0.044772 -0.079568
v -0.003387 0.047857 -0.075546
v -0.003096 0.044330 -0.076343
v -0.003397 0.047352 -0.075497
v -0.003514 0.043310 -0.074887
v -0.003694 0.039313 -0.073902
v -0.003317 0.037830 -0.075095
v -0.003757 0.038193 -0.073554
v -0.004167 0.031919 -0.071238
v -0.003904 0.035872 -0.072727
v -0.003674 0.031831 -0.073075
v -0.004161 0.026251 -0.070320
v -0.004491 0.028150 -0.069404
v -0.005808 0.017952 -0.061953
v -0.005321 0.021123 -0.064708
v -0.004772 0.021059 -0.066859
v -0.005187 0.022091 -0.065464
v -0.004872 0.024588 -0.067248
v -0.006402 0.014652 -0.058590
v -0.005541 0.016014 -0.062508
v -0.003525 0.013973 -0.064343
v -0.002715 0.019294 -0.068922
v -0.000172 0.027345 -0.074626
v -0.000452 0.024376 -0.073040
v -0.001109 0.018780 -0.069321
v -0.001552 0.030740 -0.075506
v -0.002069 0.024802 -0.072583
v -0.001174 0.037124 -0.077646
v 0.002161 0.023558 -0.072567
v 0.000752 0.047525 -0.079853
v -0.000941 0.044020 -0.078962
v -0.006363 0.007882 -0.055201
v -0.005610 0.010123 -0.058528
v -0.004708 0.014839 -0.063635
v -0.003916 0.020044 -0.068118
v -0.003284 0.025420 -0.071693
v -0.002780 0.031207 -0.074544
v -0.002411 0.037429 -0.076633
v -0.002184 0.044159 -0.077919
v -0.010687 0.091998 -0.034342
v -0.018684 0.052000 0.010915
v -0.018650 0.056140 0.010723
v -0.018380 0.064275 0.009195
v -0.020504 0.005550 0.021210
v -0.020995 0.005550 0.023993
v -0.020504 0.012294 0.021210
v -0.009907 0.005000 -0.038754
v -0.010165 0.005000 -0.037295
v -0.010165 0.010800 -0.037295
v -0.008792 0.005000 -0.045065
v -0.011155 0.010507 -0.031693
v -0.012143 0.011000 -0.026105
v -0.005448 0.021870 -0.063991
v -0.005968 0.018976 -0.061048
v -0.006533 0.016378 -0.057849
v -0.007139 0.014097 -0.054422
v -0.007650 0.012511 -0.051527
v -0.008034 0.011998 -0.049355
v -0.008119 0.007297 -0.048872
v -0.008148 0.007196 -0.048712
v -0.017078 0.025029 0.001822
v -0.016705 0.022473 -0.000288
v -0.019991 0.011000 0.018309
v -0.016194 0.019524 -0.003177
v -0.015039 0.014521 -0.009713
v -0.014406 0.012511 -0.013299
v -0.014022 0.011998 -0.015471
v -0.016091 0.018992 -0.003761
v -0.015637 0.016865 -0.006328
v -0.004978 0.025034 -0.066652
v -0.004561 0.028438 -0.069007
v -0.004203 0.032053 -0.071035
v -0.017916 0.032788 0.006568
v -0.017850 0.032022 0.006192
v -0.017570 0.029135 0.004607
v -0.017165 0.025686 0.002315
v -0.018664 0.048768 0.010799
v -0.018650 0.047858 0.010723
v -0.018577 0.044638 0.010305
v -0.018422 0.040574 0.009430
v -0.018380 0.039722 0.009195
v -0.018201 0.036612 0.008180
v -0.020272 0.011342 0.019902
v -0.014238 0.091998 -0.050452
v -0.020226 0.091998 -0.016568
v -0.013854 0.091485 -0.052624
v -0.020609 0.091486 -0.014396
v 0.032139 0.096167 -0.025510
v 0.032356 0.095463 -0.025521
v 0.033127 0.095585 -0.029888
v 0.032406 0.095174 -0.025533
v 0.032443 0.094686 -0.025561
v 0.033202 0.094805 -0.029854
v 0.039914 0.065145 -0.068290
v 0.039692 0.069395 -0.067031
v 0.039715 0.067861 -0.066711
v 0.040076 0.060808 -0.069201
v 0.040180 0.056414 -0.069786
v 0.040086 0.056478 -0.070563
v 0.039979 0.060941 -0.069968
v 0.039843 0.056540 -0.071306
v 0.039734 0.061070 -0.070701
v 0.039458 0.056600 -0.071988
v 0.039347 0.061190 -0.071374
v 0.038948 0.056654 -0.072581
v 0.038836 0.061295 -0.071958
v 0.038330 0.056700 -0.073065
v 0.038217 0.061382 -0.072433
v 0.037631 0.056736 -0.073418
v 0.037517 0.061447 -0.072779
v 0.036873 0.056888 -0.073615
v 0.036657 0.064450 -0.072394
v 0.040016 0.060732 -0.068419
v 0.040180 0.051076 -0.069345
v 0.039294 0.073827 -0.064334
v 0.039397 0.073503 -0.065361
v 0.038986 0.076969 -0.062586
v 0.039023 0.077397 -0.063244
v 0.038744 0.078995 -0.061219
v 0.038567 0.080996 -0.060667
v 0.038021 0.083678 -0.057125
v 0.038038 0.084242 -0.057671
v 0.037146 0.087699 -0.052178
v 0.037446 0.087109 -0.054326
v 0.036805 0.089592 -0.050697
v 0.036113 0.091047 -0.046330
v 0.036122 0.091677 -0.046833
v 0.034966 0.093428 -0.039836
v 0.035405 0.093338 -0.042775
v 0.034661 0.094552 -0.038565
v 0.033776 0.094632 -0.033107
v 0.033899 0.095298 -0.034252
v 0.039815 0.065347 -0.069042
v 0.039589 0.069668 -0.067759
v 0.039288 0.073848 -0.066057
v 0.038906 0.077813 -0.063899
v 0.038442 0.081479 -0.061272
v 0.037902 0.084785 -0.058220
v 0.037300 0.087704 -0.054815
v 0.036648 0.090232 -0.051122
v 0.035953 0.092353 -0.047190
v 0.035223 0.094045 -0.043061
v 0.034466 0.095282 -0.038777
v 0.033690 0.096042 -0.034387
v 0.032905 0.096334 -0.029949
v 0.039567 0.065541 -0.069760
v 0.039337 0.069928 -0.068455
v 0.039031 0.074174 -0.066723
v 0.038643 0.078202 -0.064527
v 0.038171 0.081927 -0.061855
v 0.037622 0.085287 -0.058752
v 0.037011 0.088253 -0.055292
v 0.036348 0.090822 -0.051541
v 0.035642 0.092978 -0.047547
v 0.034900 0.094698 -0.043352
v 0.034132 0.095955 -0.039000
v 0.033343 0.096728 -0.034541
v 0.032546 0.097025 -0.030033
v 0.031701 0.096974 -0.025530
v 0.039178 0.065720 -0.070418
v 0.038944 0.070165 -0.069093
v 0.038633 0.074467 -0.067334
v 0.038240 0.078549 -0.065105
v 0.037761 0.082324 -0.062394
v 0.037205 0.085730 -0.059248
v 0.036585 0.088737 -0.055740
v 0.035914 0.091341 -0.051938
v 0.035198 0.093526 -0.047890
v 0.034447 0.095270 -0.043638
v 0.033668 0.096545 -0.039227
v 0.032869 0.097330 -0.034707
v 0.032062 0.097632 -0.030138
v 0.031271 0.097492 -0.025570
v 0.038664 0.065875 -0.070989
v 0.038427 0.070368 -0.069646
v 0.038112 0.074716 -0.067864
v 0.037714 0.078839 -0.065608
v 0.037229 0.082653 -0.062866
v 0.036667 0.086094 -0.059685
v 0.036040 0.089133 -0.056140
v 0.035361 0.091765 -0.052297
v 0.034638 0.093974 -0.048205
v 0.033879 0.095737 -0.043907
v 0.033091 0.097027 -0.039448
v 0.032283 0.097821 -0.034879
v 0.031467 0.098127 -0.030261
v 0.030281 0.098221 -0.025693
v 0.038043 0.066003 -0.071453
v 0.037804 0.070532 -0.070096
v 0.037486 0.074912 -0.068295
v 0.037083 0.079063 -0.066019
v 0.036595 0.082903 -0.063255
v 0.036029 0.086367 -0.060051
v 0.035397 0.089428 -0.056478
v 0.034713 0.092081 -0.052604
v 0.033984 0.094307 -0.048480
v 0.033219 0.096084 -0.044149
v 0.032425 0.097384 -0.039656
v 0.031611 0.098185 -0.035052
v 0.030788 0.098495 -0.030396
v 0.029918 0.098388 -0.025746
v 0.040153 0.051102 -0.070878
v 0.039529 0.051125 -0.072319
v 0.038399 0.051139 -0.073409
v 0.037697 0.051143 -0.073767
v 0.037342 0.066096 -0.071790
v 0.037100 0.070649 -0.070422
v 0.036780 0.075047 -0.068610
v 0.036376 0.079212 -0.066321
v 0.035886 0.083063 -0.063547
v 0.035317 0.086539 -0.060329
v 0.034683 0.089613 -0.056741
v 0.033995 0.092277 -0.052850
v 0.033263 0.094514 -0.048706
v 0.032494 0.096300 -0.044356
v 0.031697 0.097607 -0.039842
v 0.030879 0.098412 -0.035217
v 0.030052 0.098724 -0.030538
v 0.036308 0.071253 -0.070419
v 0.035828 0.077242 -0.067704
v 0.035616 0.079279 -0.066503
v 0.035164 0.082858 -0.063947
v 0.034343 0.087716 -0.059300
v 0.033922 0.089678 -0.056918
v 0.033313 0.092067 -0.053473
v 0.032199 0.095350 -0.047169
v 0.031731 0.096373 -0.044518
v 0.031014 0.097574 -0.040459
v 0.029839 0.098646 -0.033813
v 0.028456 0.098676 -0.025984
v 0.022145 0.052000 0.026108
v 0.023218 0.052000 0.024940
v 0.023522 0.057137 0.023244
v 0.020707 0.052000 0.026777
v 0.021578 0.052000 0.026457
v 0.020998 0.057415 0.025074
v 0.022444 0.057312 0.024409
v 0.021363 0.062609 0.022838
v 0.022822 0.062403 0.022202
v 0.020304 0.068459 0.020147
v 0.019821 0.062649 0.022877
v 0.019421 0.057381 0.025144
v 0.019124 0.052000 0.026825
v 0.025353 0.072155 0.014562
v 0.023907 0.062067 0.021069
v 0.024449 0.061667 0.019679
v 0.024077 0.056918 0.021782
v 0.023781 0.052000 0.023455
v 0.024861 0.072871 0.015764
v 0.023957 0.073460 0.016664
v 0.022061 0.074020 0.017336
v 0.020808 0.074121 0.017296
v -0.020504 0.000000 0.021210
v -0.021033 0.000000 0.024207
v -0.021033 0.005550 0.024207
v -0.015274 0.028787 0.026096
v -0.017244 0.028785 0.025345
v -0.019843 0.028779 0.022122
v -0.018870 0.028782 0.023913
v -0.021069 0.005550 0.024491
v -0.021069 0.005550 0.025833
v -0.016172 0.005550 0.031177
v -0.017229 0.005550 0.030884
v -0.018150 0.005550 0.030437
v -0.019428 0.005550 0.029419
v -0.020785 0.005550 0.027143
v -0.008202 0.005000 -0.039150
v -0.007719 0.005000 -0.039132
v -0.008120 0.005000 -0.048199
v -0.007311 0.005000 -0.050397
v 0.031746 0.005000 -0.021615
v 0.031652 0.005000 -0.023777
v 0.034537 0.005000 -0.037414
v 0.030654 0.005000 -0.025697
v 0.026216 0.005000 -0.030211
v -0.007046 0.005000 -0.038479
v -0.007301 0.005000 -0.038889
v -0.005132 0.005000 -0.053780
v -0.006205 0.005000 -0.052440
v 0.013450 0.005000 -0.028816
v 0.008242 0.005000 -0.030713
v 0.019610 0.005000 -0.033293
v 0.021123 0.005000 -0.033968
v 0.035400 0.005000 -0.042662
v 0.035223 0.005000 -0.041296
v -0.007012 0.005000 -0.037997
v 0.019807 0.005000 -0.033734
v -0.004000 0.005000 -0.054633
v 0.034486 0.005000 -0.047693
v 0.035078 0.005000 -0.046338
v 0.035404 0.005000 -0.044542
v -0.002829 0.005000 -0.055051
v -0.001544 0.005000 -0.055137
v 0.020187 0.005000 -0.034032
v -0.001287 0.005000 -0.055112
v 0.020663 0.005000 -0.034116
v 0.032855 0.005000 -0.049079
v 0.033731 0.005000 -0.048591
v 0.017164 0.005000 -0.028895
v 0.015316 0.005000 -0.028422
v 0.018612 0.005000 -0.030137
v 0.019362 0.005000 -0.031891
v -0.002760 0.005000 -0.031680
v -0.004648 0.005000 -0.031950
v -0.006222 0.005000 -0.033028
v 0.002783 0.005000 -0.031678
v -0.007260 0.005000 -0.036595
v -0.007157 0.005000 -0.034690
v -0.014960 0.011000 -0.026603
v -0.018637 0.011000 -0.022867
v -0.021635 0.011000 -0.020055
v -0.028372 0.011000 -0.008079
v -0.029474 0.011000 -0.001248
v -0.025710 0.011000 -0.014464
v -0.023625 0.011000 0.017667
v -0.026841 0.011000 0.012239
v -0.028954 0.011000 0.005651
v -0.014663 0.010935 -0.026986
v -0.010828 0.010555 -0.034519
v -0.011818 0.010507 -0.031836
v -0.013114 0.010644 -0.029300
v 0.038808 0.024014 -0.061581
v 0.039413 0.030254 -0.065005
v 0.039846 0.036950 -0.067457
v 0.040099 0.043945 -0.068889
v 0.038053 0.018335 -0.057310
v 0.037178 0.013260 -0.052355
v 0.036160 0.009341 -0.046593
v 0.022026 0.005550 0.033390
v 0.021969 0.005550 0.033714
v 0.021111 0.005550 0.033975
v -0.021030 0.005550 0.025269
v -0.020844 0.005550 0.025893
v -0.020528 0.005550 0.026462
v 0.019613 0.005550 0.036802
v 0.018491 0.005550 0.037121
v 0.020180 0.005550 0.034536
v 0.017309 0.005550 0.037094
v -0.018598 0.005550 0.027684
v -0.019570 0.005550 0.027332
v 0.021894 0.005550 0.034067
v 0.021397 0.005550 0.035232
v 0.020662 0.005550 0.036115
v -0.021639 0.011533 0.020050
v -0.022814 0.011096 0.018702
v 0.023530 0.046056 0.024877
v 0.023306 0.040341 0.026145
v 0.022843 0.028360 0.028767
v -0.026841 0.000000 0.012239
v -0.028954 0.000000 0.005651
v -0.014573 0.000000 -0.003554
v 0.030654 0.000000 -0.025697
v 0.031652 0.000000 -0.023777
v 0.031746 0.000000 -0.021615
v -0.025710 0.000000 -0.014464
v -0.012629 0.000000 -0.008093
v -0.028372 0.000000 -0.008079
v -0.029474 0.000000 -0.001248
v 0.017164 0.000000 -0.028895
v 0.014959 0.000000 0.001107
v 0.015316 0.000000 -0.028422
v 0.014508 0.000000 -0.003810
v 0.012485 0.000000 -0.008315
v 0.002599 0.000000 0.014773
v 0.007255 0.000000 0.013129
v 0.020180 0.000000 0.034536
v 0.018612 0.000000 -0.030137
v 0.019362 0.000000 -0.031891
v 0.026216 0.000000 -0.030211
v 0.019610 0.000000 -0.033293
v 0.021123 0.000000 -0.033968
v -0.007157 0.000000 -0.034690
v -0.010521 0.000000 -0.035625
v -0.007260 0.000000 -0.036595
v -0.010165 0.000000 -0.037295
v -0.007012 0.000000 -0.037997
v -0.014415 0.000000 -0.027317
v -0.012762 0.000000 -0.029919
v -0.006222 0.000000 -0.033028
v -0.011708 0.000000 -0.032086
v -0.011452 0.000000 -0.032710
v 0.009108 0.000000 -0.011918
v 0.004745 0.000000 -0.014230
v -0.004648 0.000000 -0.031950
v -0.000132 0.000000 -0.014999
v -0.004995 0.000000 -0.014144
v -0.009317 0.000000 -0.011755
v -0.014937 0.000000 0.001370
v -0.023253 0.000000 0.018154
v -0.008202 0.000000 -0.039150
v -0.007719 0.000000 -0.039132
v -0.007301 0.000000 -0.038889
v -0.021635 0.000000 -0.020055
v -0.018637 0.000000 -0.022867
v -0.016374 0.000000 -0.024964
v -0.014902 0.000000 -0.026671
v -0.009907 0.000000 -0.038754
v -0.007046 0.000000 -0.038479
v -0.002760 0.000000 -0.031680
v 0.002783 0.000000 -0.031678
v 0.022026 0.000000 0.033390
v 0.011125 0.000000 0.010062
v 0.013789 0.000000 0.005904
v 0.019807 0.000000 -0.033734
v 0.020187 0.000000 -0.034032
v 0.020663 0.000000 -0.034116
v 0.008242 0.000000 -0.030713
v 0.013450 0.000000 -0.028816
v -0.013683 0.000000 0.006146
v -0.010946 0.000000 0.010256
v -0.007023 0.000000 0.013255
v -0.020528 0.000000 0.026462
v -0.020810 0.000000 0.025971
v -0.021030 0.000000 0.025269
v -0.021075 0.000000 0.024568
v -0.002338 0.000000 0.014817
v -0.018601 0.000000 0.027683
v -0.019926 0.000000 0.027093
v 0.022026 0.005000 0.033390
v 0.036937 0.051144 -0.073980
v 0.039010 0.051140 -0.072876
v 0.036892 0.045526 -0.073726
v 0.036852 0.043490 -0.073499
v 0.036672 0.037935 -0.072482
v 0.036257 0.030569 -0.070132
v 0.036580 0.035918 -0.071959
v 0.036111 0.028644 -0.069307
v 0.035628 0.023422 -0.066570
v 0.035457 0.021875 -0.065607
v 0.034871 0.017285 -0.062290
v 0.034646 0.015755 -0.061017
v 0.033912 0.011383 -0.056860
v 0.032700 0.005623 -0.050005
v 0.017543 0.011590 0.035773
v 0.018451 0.035085 0.030635
v -0.007718 0.007691 -0.051065
v -0.007553 0.006627 -0.051244
v -0.007191 0.005632 -0.051358
v -0.003519 0.005479 -0.055510
v -0.004459 0.006058 -0.055719
v -0.005278 0.006796 -0.055814
v -0.005215 0.005491 -0.054359
v -0.005966 0.006313 -0.054398
v -0.006527 0.007266 -0.054336
v -0.006908 0.008310 -0.054202
v -0.007138 0.009407 -0.054023
v 0.036872 0.028675 -0.069101
v 0.036219 0.021917 -0.065406
v 0.040159 0.043861 -0.069633
v 0.039903 0.036758 -0.068181
v 0.039463 0.029954 -0.065692
v 0.038849 0.023614 -0.062216
v 0.036219 0.008176 -0.047334
v 0.037197 0.012713 -0.052870
v 0.038083 0.017853 -0.057886
v 0.037067 0.012159 -0.053416
v 0.036078 0.007573 -0.047822
v 0.036788 0.011648 -0.053949
v 0.035790 0.007016 -0.048301
v 0.036371 0.011200 -0.054446
v 0.035365 0.006527 -0.048752
v 0.035832 0.010831 -0.054890
v 0.034819 0.006126 -0.049156
v 0.035193 0.010558 -0.055261
v 0.034174 0.005828 -0.049499
v 0.034477 0.010389 -0.055547
v 0.033455 0.005644 -0.049767
v 0.037964 0.017365 -0.058494
v 0.037695 0.016915 -0.059083
v 0.037287 0.016520 -0.059631
v 0.036756 0.016195 -0.060115
v 0.036121 0.015954 -0.060517
v 0.035409 0.015805 -0.060822
v 0.040070 0.043775 -0.070412
v 0.039810 0.036563 -0.068940
v 0.039829 0.043695 -0.071159
v 0.039566 0.036383 -0.069668
v 0.039446 0.043626 -0.071845
v 0.039179 0.036225 -0.070337
v 0.038934 0.043568 -0.072443
v 0.038665 0.036095 -0.070922
v 0.038315 0.043525 -0.072930
v 0.038044 0.035998 -0.071398
v 0.037612 0.043499 -0.073286
v 0.037340 0.035939 -0.071749
v 0.036928 0.022040 -0.065083
v 0.037557 0.022240 -0.064651
v 0.038082 0.022509 -0.064126
v 0.038481 0.022837 -0.063530
v 0.038740 0.023210 -0.062885
v 0.037578 0.028768 -0.068762
v 0.038203 0.028919 -0.068304
v 0.038721 0.029122 -0.067745
v 0.039113 0.029368 -0.067106
v 0.039364 0.029649 -0.066413
v 0.022440 0.028628 0.029921
v 0.019475 0.029185 0.031943
v 0.020669 0.029062 0.031591
v 0.021691 0.028870 0.030894
v 0.019938 0.041167 0.029321
v 0.021133 0.041044 0.028969
v 0.022154 0.040852 0.028272
v 0.022903 0.040609 0.027300
v -0.018601 0.004971 0.027683
v 0.028805 0.097618 -0.019442
v 0.030172 0.096729 -0.019355
v 0.022609 0.076796 0.015620
v 0.024081 0.076300 0.015114
v 0.025154 0.075548 0.014141
v 0.025807 0.076240 0.011993
v 0.031393 0.093956 -0.019622
v 0.031086 0.095378 -0.019429
v 0.029011 0.092226 -0.007687
v 0.029362 0.090871 -0.008124
v 0.030038 0.094065 -0.013498
v 0.030367 0.092669 -0.013813
v 0.028010 0.089787 -0.002022
v 0.028392 0.088509 -0.002636
v 0.027530 0.088322 0.000694
v 0.027432 0.085311 0.002799
v 0.027067 0.086673 0.003312
v 0.026623 0.084814 0.005825
v 0.026205 0.082750 0.008194
v 0.026641 0.081694 0.007272
v 0.025820 0.080504 0.010372
v 0.026551 0.081200 0.007784
v 0.025470 0.078100 0.012351
v 0.025934 0.077219 0.011273
v 0.029104 0.095390 -0.013309
v 0.028056 0.093513 -0.007380
v 0.027031 0.091016 -0.001581
v 0.026538 0.089511 0.001211
v 0.026061 0.087810 0.003910
v 0.025602 0.085889 0.006506
v 0.025169 0.083751 0.008960
v 0.024770 0.081425 0.011216
v 0.024408 0.078936 0.013265
v 0.027337 0.097893 -0.019654
v 0.027723 0.096262 -0.013320
v 0.026251 0.096538 -0.013507
v 0.026662 0.094361 -0.007314
v 0.025185 0.094629 -0.007476
v 0.025621 0.091826 -0.001426
v 0.024143 0.092090 -0.001577
v 0.025119 0.090294 0.001416
v 0.023635 0.090540 0.001297
v 0.024633 0.088560 0.004168
v 0.023077 0.088528 0.004456
v 0.024164 0.086597 0.006820
v 0.022674 0.086821 0.006737
v 0.023721 0.084411 0.009330
v 0.022126 0.084068 0.009833
v 0.023313 0.082032 0.011637
v 0.021816 0.082225 0.011589
v 0.022943 0.079486 0.013731
v 0.021326 0.078760 0.014366
v 0.027080 0.052000 0.004786
v 0.027116 0.055483 0.004586
v 0.027395 0.062261 0.003004
v 0.036300 0.071284 -0.047387
v 0.036966 0.065464 -0.051157
v 0.033207 0.081544 -0.029887
v 0.034368 0.079547 -0.036458
v 0.035418 0.076064 -0.042398
v 0.037380 0.058919 -0.053503
v 0.030804 0.080740 -0.016284
v 0.031997 0.081949 -0.023039
v 0.037521 0.052000 -0.054299
v 0.027939 0.068485 -0.000074
v 0.028718 0.073821 -0.004484
v 0.029691 0.077981 -0.009986
v 0.027082 0.051256 0.004776
v 0.034369 0.024454 -0.036458
v 0.033207 0.022456 -0.029887
v 0.031997 0.022051 -0.023039
v 0.030804 0.023260 -0.016284
v 0.029691 0.026019 -0.009986
v 0.028718 0.030179 -0.004484
v 0.027939 0.035515 -0.000075
v 0.027395 0.041739 0.003004
v 0.027116 0.048517 0.004586
v 0.035418 0.027936 -0.042398
v 0.037493 0.048908 -0.054142
v 0.037381 0.045082 -0.053503
v 0.036966 0.038536 -0.051157
v 0.036300 0.032716 -0.047388
v -0.013854 0.012511 -0.052623
v -0.014238 0.011998 -0.050451
v -0.021129 0.089873 -0.011457
v -0.020226 0.011998 -0.016567
v -0.020610 0.012511 -0.014395
v -0.013335 0.014124 -0.055562
v -0.013335 0.089873 -0.055563
v -0.021129 0.014124 -0.011456
v -0.022295 0.018992 -0.004858
v -0.023281 0.025029 0.000726
v -0.024584 0.039722 0.008099
v -0.024854 0.047858 0.009627
v -0.024854 0.056140 0.009627
v -0.024584 0.064275 0.008098
v -0.024054 0.071976 0.005096
v -0.023281 0.078968 0.000725
v -0.024054 0.032022 0.005096
v -0.022295 0.085005 -0.004858
v -0.012169 0.085005 -0.062161
v -0.011182 0.078968 -0.067745
v -0.010410 0.071975 -0.072115
v -0.009609 0.047857 -0.076646
v -0.009879 0.039721 -0.075117
v -0.010410 0.032021 -0.072115
v -0.011182 0.025028 -0.067744
v -0.012169 0.018991 -0.062161
v -0.009879 0.064275 -0.075118
v -0.009609 0.056139 -0.076646
v 0.002599 0.010000 0.014773
v -0.002338 0.010000 0.014817
v -0.007023 0.010000 0.013255
v -0.010946 0.010000 0.010256
v -0.013683 0.010000 0.006146
v -0.014937 0.010000 0.001370
v -0.014573 0.010000 -0.003554
v -0.012629 0.010000 -0.008093
v -0.009317 0.010000 -0.011755
v -0.004995 0.010000 -0.014144
v -0.000132 0.010000 -0.014999
v 0.004745 0.010000 -0.014230
v 0.009108 0.010000 -0.011918
v 0.012485 0.010000 -0.008315
v 0.014508 0.010000 -0.003810
v 0.014959 0.010000 0.001107
v 0.013789 0.010000 0.005904
v 0.011125 0.010000 0.010062
v 0.007255 0.010000 0.013129
v 0.000000 0.010000 0.000000
v 0.035050 0.042787 -0.036291
v 0.037655 0.038536 -0.051035
v 0.035459 0.047130 -0.038606
v 0.038070 0.045082 -0.053381
v 0.035600 0.052000 -0.039406
v 0.038211 0.052000 -0.054177
v 0.035459 0.056871 -0.038606
v 0.034418 0.064558 -0.032714
v 0.035058 0.079547 -0.036336
v 0.033631 0.066541 -0.028261
v 0.033897 0.081544 -0.029765
v 0.032775 0.066949 -0.023415
v 0.038070 0.058919 -0.053381
v 0.037655 0.065464 -0.051035
v 0.035050 0.061213 -0.036291
v 0.036989 0.071284 -0.047266
v 0.036108 0.076064 -0.042276
v 0.032687 0.081949 -0.022917
v 0.031493 0.080740 -0.016162
v 0.031942 0.065737 -0.018701
v 0.030380 0.077981 -0.009864
v 0.031222 0.063036 -0.014631
v 0.029408 0.073821 -0.004362
v 0.030695 0.059139 -0.011644
v 0.030416 0.049531 -0.010065
v 0.028085 0.041739 0.003126
v 0.030695 0.044861 -0.011644
v 0.028629 0.035515 0.000047
v 0.031222 0.040964 -0.014631
v 0.029408 0.030179 -0.004362
v 0.031942 0.038263 -0.018701
v 0.033631 0.037459 -0.028261
v 0.035058 0.024454 -0.036336
v 0.034418 0.039443 -0.032714
v 0.036108 0.027936 -0.042276
v 0.036989 0.032716 -0.047266
v 0.030380 0.026019 -0.009864
v 0.031493 0.023260 -0.016162
v 0.032775 0.037051 -0.023415
v 0.032687 0.022051 -0.022917
v 0.033897 0.022456 -0.029765
v 0.028629 0.068485 0.000047
v 0.028085 0.062261 0.003126
v 0.030416 0.054469 -0.010065
v 0.027805 0.055483 0.004708
v 0.030380 0.052000 -0.009864
v 0.027770 0.052000 0.004907
v 0.027805 0.048517 0.004708
v 0.034874 0.049499 -0.039321
v 0.034770 0.047130 -0.038728
v 0.034361 0.042787 -0.036413
v 0.033728 0.039443 -0.032836
v 0.032942 0.037459 -0.028383
v 0.032085 0.037051 -0.023537
v 0.031252 0.038263 -0.018823
v 0.030533 0.040964 -0.014753
v 0.030005 0.044861 -0.011766
v 0.029726 0.049531 -0.010187
v 0.029701 0.050665 -0.010044
v 0.029987 0.052000 -0.040398
v 0.029846 0.047130 -0.039598
v 0.029437 0.042787 -0.037283
v 0.028805 0.039443 -0.033706
v 0.028018 0.037459 -0.029253
v 0.027162 0.037051 -0.024407
v 0.026329 0.038263 -0.019693
v 0.025609 0.040964 -0.015623
v 0.025081 0.044861 -0.012636
v 0.024802 0.049531 -0.011057
v 0.024767 0.052000 -0.010856
v 0.024802 0.054469 -0.011057
v 0.025081 0.059139 -0.012636
v 0.025609 0.063036 -0.015623
v 0.026329 0.065737 -0.019693
v 0.027162 0.066949 -0.024407
v 0.028018 0.066541 -0.029253
v 0.028805 0.064558 -0.033706
v 0.029437 0.061213 -0.037283
v 0.029846 0.056871 -0.039598
v 0.027377 0.052000 -0.025627
v -0.033146 0.091659 -0.017462
v -0.034109 0.091555 -0.018239
v -0.034461 0.091228 -0.017870
v -0.034469 0.091500 -0.018628
v -0.035396 0.091298 -0.019996
v -0.036057 0.090303 -0.018593
v -0.036846 0.090325 -0.026770
v -0.036825 0.090134 -0.028363
v -0.037436 0.089210 -0.024582
v -0.041513 0.035552 -0.005291
v -0.041772 0.036920 -0.003240
v -0.042042 0.041078 -0.001710
v -0.035842 0.014745 -0.036798
v -0.036368 0.014868 -0.033819
v -0.035942 0.016018 -0.036816
v -0.036912 0.016453 -0.031324
v -0.041889 0.040704 -0.003161
v -0.042224 0.045391 -0.000679
v -0.042120 0.046065 -0.001853
v -0.042316 0.049799 -0.000159
v -0.042206 0.051485 -0.001369
v -0.042316 0.054238 -0.000159
v -0.042185 0.054964 -0.001484
v -0.042224 0.058645 -0.000679
v -0.042040 0.060262 -0.002307
v -0.042042 0.062959 -0.001711
v -0.041930 0.062585 -0.002927
v -0.041772 0.067117 -0.003240
v -0.041745 0.065583 -0.003978
v -0.041417 0.071061 -0.005246
v -0.041294 0.070724 -0.006527
v -0.040984 0.074735 -0.007699
v -0.040713 0.075345 -0.009814
v -0.040477 0.078087 -0.010565
v -0.040419 0.077197 -0.011478
v -0.039905 0.081069 -0.013803
v -0.040039 0.079249 -0.013628
v -0.039275 0.083639 -0.017367
v -0.039256 0.082569 -0.018062
v -0.038597 0.085761 -0.021206
v -0.038402 0.085127 -0.022896
v -0.037879 0.087404 -0.025267
v -0.037910 0.086196 -0.025679
v -0.037133 0.088545 -0.029492
v -0.037503 0.086882 -0.027982
v -0.036368 0.089168 -0.033819
v -0.036582 0.087830 -0.033193
v -0.035842 0.089291 -0.036798
v -0.035942 0.088018 -0.036816
v -0.035988 0.091095 -0.021344
v -0.037327 0.089029 -0.019425
v -0.036344 0.090922 -0.022504
v -0.036605 0.090739 -0.023752
v -0.036807 0.090474 -0.025635
v -0.033434 0.089249 -0.012780
v -0.032630 0.091693 -0.017172
v -0.032117 0.089346 -0.012485
v -0.031363 0.091726 -0.016757
v -0.035446 0.078766 -0.001397
v -0.033536 0.082792 -0.004456
v -0.034850 0.082712 -0.004771
v -0.034176 0.086223 -0.008583
v -0.032861 0.086313 -0.008278
v -0.034646 0.074498 0.001823
v -0.035956 0.074440 0.001492
v -0.034134 0.078835 -0.001073
v -0.035064 0.069842 0.004191
v -0.036374 0.069796 0.003853
v -0.035383 0.064933 0.005996
v -0.036692 0.064900 0.005654
v -0.036907 0.059821 0.006869
v -0.035599 0.059841 0.007215
v -0.037015 0.054632 0.007481
v -0.035707 0.054639 0.007828
v -0.035707 0.049398 0.007828
v -0.037015 0.049405 0.007481
v -0.035599 0.044195 0.007215
v -0.036907 0.044216 0.006869
v -0.036692 0.039137 0.005654
v -0.035383 0.039103 0.005997
v -0.035956 0.029597 0.001492
v -0.034646 0.029539 0.001823
v -0.036374 0.034241 0.003853
v -0.035064 0.034195 0.004191
v -0.033536 0.021245 -0.004455
v -0.034850 0.021325 -0.004770
v -0.034134 0.025201 -0.001072
v -0.035446 0.025271 -0.001396
v -0.033434 0.014787 -0.012779
v -0.032666 0.012346 -0.017189
v -0.032304 0.012329 -0.017026
v -0.032861 0.017724 -0.008278
v -0.034176 0.017813 -0.008583
v -0.032117 0.014690 -0.012485
v -0.031363 0.012311 -0.016757
v -0.034717 0.012581 -0.018935
v -0.034452 0.012534 -0.018607
v -0.034461 0.012808 -0.017870
v -0.033153 0.012379 -0.017466
v -0.035250 0.015274 -0.013408
v -0.036057 0.013733 -0.018593
v -0.035923 0.012915 -0.021166
v -0.035358 0.012728 -0.019925
v -0.036846 0.013706 -0.026730
v -0.036740 0.013444 -0.024776
v -0.037437 0.014827 -0.024582
v -0.036604 0.013297 -0.023741
v -0.038191 0.016554 -0.020314
v -0.036187 0.014372 -0.034350
v -0.036530 0.014232 -0.031852
v -0.037133 0.015491 -0.029491
v -0.036812 0.013936 -0.028655
v -0.037879 0.016633 -0.025267
v -0.041417 0.032975 -0.005246
v -0.040997 0.030754 -0.008210
v -0.040984 0.029301 -0.007699
v -0.040356 0.026472 -0.011837
v -0.040477 0.025950 -0.010564
v -0.040318 0.026260 -0.012049
v -0.039905 0.022967 -0.013802
v -0.039549 0.022585 -0.016403
v -0.039275 0.020397 -0.017366
v -0.038743 0.019817 -0.020966
v -0.038597 0.018276 -0.021206
v -0.037861 0.017750 -0.025954
v -0.035783 0.014418 -0.036787
v -0.035249 0.088763 -0.013409
v -0.035981 0.085777 -0.009267
v -0.036646 0.082311 -0.005504
v -0.037235 0.078416 -0.002174
v -0.037738 0.074147 0.000676
v -0.038150 0.069564 0.003007
v -0.038464 0.064732 0.004784
v -0.038676 0.059719 0.005984
v -0.038783 0.054598 0.006587
v -0.038783 0.049439 0.006588
v -0.038676 0.044318 0.005984
v -0.038464 0.039305 0.004785
v -0.038150 0.034473 0.003007
v -0.037738 0.029890 0.000677
v -0.037235 0.025621 -0.002174
v -0.036646 0.021726 -0.005504
v -0.035981 0.018260 -0.009266
v -0.036827 0.087896 -0.014237
v -0.037542 0.084980 -0.010193
v -0.038191 0.081597 -0.006519
v -0.038766 0.077793 -0.003268
v -0.039257 0.073625 -0.000484
v -0.039660 0.069150 0.001791
v -0.039966 0.064432 0.003527
v -0.040173 0.059538 0.004698
v -0.040277 0.054537 0.005288
v -0.040277 0.049500 0.005288
v -0.040173 0.044499 0.004698
v -0.039966 0.039605 0.003527
v -0.039660 0.034887 0.001792
v -0.039257 0.030412 -0.000484
v -0.038766 0.026243 -0.003267
v -0.038191 0.022440 -0.006519
v -0.037542 0.019057 -0.010192
v -0.036827 0.016141 -0.014236
v -0.038071 0.086702 -0.015213
v -0.038762 0.083883 -0.011304
v -0.039389 0.080612 -0.007753
v -0.039945 0.076935 -0.004609
v -0.040420 0.072906 -0.001919
v -0.040809 0.068579 0.000281
v -0.041105 0.064018 0.001959
v -0.041305 0.059287 0.003091
v -0.041406 0.054453 0.003661
v -0.041406 0.049584 0.003661
v -0.041305 0.044750 0.003091
v -0.041105 0.040019 0.001959
v -0.040809 0.035457 0.000281
v -0.040420 0.031131 -0.001918
v -0.039945 0.027101 -0.004609
v -0.039389 0.023425 -0.007752
v -0.038762 0.020154 -0.011304
v -0.038071 0.017335 -0.015213
v -0.037327 0.015008 -0.019424
v -0.036124 0.013001 -0.021742
v -0.038191 0.087483 -0.020314
v -0.038904 0.085253 -0.016278
v -0.039566 0.082552 -0.012533
v -0.040167 0.079418 -0.009129
v -0.040699 0.075895 -0.006117
v -0.041155 0.072033 -0.003539
v -0.041527 0.067888 -0.001431
v -0.041812 0.063517 0.000177
v -0.042003 0.058984 0.001261
v -0.042100 0.054351 0.001808
v -0.042100 0.049686 0.001808
v -0.042003 0.045053 0.001261
v -0.041812 0.040520 0.000177
v -0.041528 0.036149 -0.001431
v -0.041155 0.032004 -0.003539
v -0.040699 0.028142 -0.006117
v -0.040167 0.024619 -0.009129
v -0.039566 0.021485 -0.012532
v -0.038904 0.018783 -0.016278
v -0.035783 0.089618 -0.036788
v -0.036526 0.089802 -0.031883
v -0.036651 0.089892 -0.030758
v -0.020306 0.012218 -0.016115
v -0.018363 0.012218 -0.027108
v -0.018363 0.013218 -0.027108
v -0.024854 0.052019 0.009622
v -0.024755 0.045007 0.009066
v -0.010152 0.038921 -0.073574
v -0.009874 0.045782 -0.075148
v -0.020515 0.091545 -0.014928
v -0.020515 0.012491 -0.014927
v -0.021574 0.016022 -0.008936
v -0.022521 0.020481 -0.003579
v -0.023331 0.025753 0.001007
v -0.010503 0.072586 -0.071590
v -0.011155 0.078454 -0.067899
v -0.009795 0.052518 -0.075596
v -0.011961 0.083655 -0.063339
v -0.012900 0.088055 -0.058025
v -0.024463 0.038176 0.007412
v -0.023984 0.031703 0.004702
v -0.013948 0.091545 -0.052092
v -0.014158 0.091818 -0.050904
v -0.020305 0.091818 -0.016116
v -0.023331 0.078284 0.001006
v -0.014107 0.013232 -0.051192
v -0.022521 0.083556 -0.003579
v -0.021574 0.088015 -0.008937
v -0.023984 0.072334 0.004702
v -0.024463 0.065861 0.007412
v -0.024755 0.059030 0.009066
v -0.013036 0.016727 -0.057252
v -0.012085 0.021166 -0.062638
v -0.009611 0.052518 -0.076638
v -0.009721 0.059452 -0.076016
v -0.010020 0.066198 -0.074318
v -0.011273 0.026444 -0.067233
v -0.010623 0.032417 -0.070911
v -0.020727 0.091726 -0.014878
v -0.021791 0.088179 -0.008859
v -0.022742 0.083700 -0.003477
v -0.023556 0.078404 0.001129
v -0.024212 0.072427 0.004841
v -0.024693 0.065924 0.007564
v -0.024987 0.059062 0.009226
v -0.025085 0.052019 0.009784
v -0.024987 0.044975 0.009226
v -0.024693 0.038113 0.007564
v -0.024212 0.031610 0.004842
v -0.023556 0.025633 0.001130
v -0.022742 0.020337 -0.003477
v -0.021791 0.015858 -0.008859
v -0.020727 0.012311 -0.014877
v -0.026682 0.012378 -0.054039
v -0.027854 0.012481 -0.053639
v -0.028058 0.012808 -0.054106
v -0.028325 0.012537 -0.053397
v -0.029664 0.012738 -0.052430
v -0.029805 0.013733 -0.053974
v -0.033349 0.013711 -0.046563
v -0.034174 0.014010 -0.043956
v -0.033153 0.014826 -0.048821
v -0.023337 0.025271 -0.069920
v -0.022592 0.021244 -0.066392
v -0.023933 0.021324 -0.066546
v -0.024607 0.017813 -0.062733
v -0.023267 0.017724 -0.062569
v -0.025349 0.014787 -0.058537
v -0.024011 0.014690 -0.058362
v -0.021482 0.029538 -0.072670
v -0.022827 0.029596 -0.072808
v -0.021965 0.025417 -0.069936
v -0.021064 0.034194 -0.075038
v -0.022409 0.034240 -0.075170
v -0.020745 0.039103 -0.076844
v -0.022091 0.039136 -0.076971
v -0.021876 0.044215 -0.078186
v -0.020529 0.044195 -0.078062
v -0.020506 0.044974 -0.078194
v -0.021768 0.049405 -0.078798
v -0.020421 0.049398 -0.078675
v -0.020421 0.054638 -0.078676
v -0.021768 0.054631 -0.078798
v -0.020529 0.059841 -0.078062
v -0.021876 0.059820 -0.078186
v -0.022091 0.064899 -0.076971
v -0.020745 0.064933 -0.076844
v -0.022827 0.074439 -0.072809
v -0.021482 0.074498 -0.072671
v -0.022409 0.069795 -0.075170
v -0.021064 0.069842 -0.075038
v -0.022592 0.082792 -0.066392
v -0.023933 0.082712 -0.066546
v -0.021965 0.078619 -0.069936
v -0.023337 0.078765 -0.069920
v -0.025348 0.089249 -0.058538
v -0.026138 0.091690 -0.054131
v -0.025742 0.091707 -0.054160
v -0.023267 0.086312 -0.062570
v -0.024607 0.086223 -0.062734
v -0.024010 0.089346 -0.058363
v -0.024765 0.091725 -0.054091
v -0.028663 0.091455 -0.053194
v -0.028302 0.091502 -0.053411
v -0.028058 0.091228 -0.054107
v -0.026690 0.091658 -0.054037
v -0.027269 0.088763 -0.058569
v -0.029805 0.090303 -0.053975
v -0.030560 0.091122 -0.051511
v -0.029604 0.091309 -0.052483
v -0.033334 0.090330 -0.046601
v -0.032566 0.090592 -0.048400
v -0.033153 0.089210 -0.048821
v -0.032083 0.090740 -0.049326
v -0.032399 0.087483 -0.053090
v -0.035327 0.089665 -0.039216
v -0.034793 0.089804 -0.041681
v -0.034550 0.088546 -0.044105
v -0.033962 0.090101 -0.044781
v -0.033804 0.087404 -0.048330
v -0.035315 0.089169 -0.039777
v -0.034972 0.087584 -0.042306
v -0.031206 0.078087 -0.063032
v -0.032277 0.081214 -0.057557
v -0.031778 0.081069 -0.059794
v -0.032625 0.082559 -0.055584
v -0.032408 0.083640 -0.056230
v -0.033105 0.084116 -0.052868
v -0.033086 0.085761 -0.052390
v -0.034010 0.086264 -0.047747
v -0.030975 0.073959 -0.064921
v -0.031374 0.076656 -0.062664
v -0.031545 0.077661 -0.061698
v -0.030699 0.074735 -0.065898
v -0.030266 0.071061 -0.068351
v -0.030773 0.072357 -0.066067
v -0.029911 0.067117 -0.070357
v -0.030281 0.067430 -0.068853
v -0.029641 0.062958 -0.071886
v -0.029930 0.062147 -0.070834
v -0.029459 0.058645 -0.072918
v -0.029793 0.058380 -0.071615
v -0.029367 0.054237 -0.073438
v -0.029677 0.051915 -0.072266
v -0.031206 0.025949 -0.063032
v -0.030992 0.030079 -0.064829
v -0.030699 0.029301 -0.065898
v -0.030557 0.033625 -0.067290
v -0.030266 0.032975 -0.068351
v -0.030202 0.037865 -0.069298
v -0.029911 0.036919 -0.070356
v -0.029949 0.041667 -0.070731
v -0.029641 0.041077 -0.071886
v -0.029753 0.046453 -0.071840
v -0.029459 0.045391 -0.072918
v -0.029367 0.049798 -0.073438
v -0.032017 0.023959 -0.059026
v -0.031479 0.026754 -0.062071
v -0.031778 0.022966 -0.059794
v -0.032408 0.020396 -0.056230
v -0.032550 0.021602 -0.055764
v -0.033086 0.018275 -0.052390
v -0.033218 0.019599 -0.052230
v -0.033804 0.016632 -0.048329
v -0.034135 0.017547 -0.047039
v -0.035088 0.016354 -0.041649
v -0.030683 0.012941 -0.051366
v -0.031282 0.015007 -0.053628
v -0.031415 0.013115 -0.050399
v -0.032088 0.013298 -0.049317
v -0.024765 0.012311 -0.054090
v -0.026098 0.012344 -0.054135
v -0.027269 0.015273 -0.058568
v -0.026537 0.018260 -0.062710
v -0.025872 0.021725 -0.066472
v -0.025284 0.025620 -0.069802
v -0.024780 0.029889 -0.072653
v -0.024368 0.034473 -0.074984
v -0.024054 0.039305 -0.076761
v -0.023842 0.044317 -0.077960
v -0.023736 0.049439 -0.078564
v -0.023736 0.054597 -0.078564
v -0.023842 0.059719 -0.077960
v -0.024054 0.064731 -0.076761
v -0.024368 0.069563 -0.074984
v -0.024780 0.074146 -0.072653
v -0.025284 0.078416 -0.069803
v -0.025872 0.082311 -0.066473
v -0.026537 0.085776 -0.062710
v -0.029035 0.016140 -0.058331
v -0.028321 0.019056 -0.062375
v -0.027671 0.022440 -0.066049
v -0.027097 0.026243 -0.069300
v -0.026605 0.030411 -0.072084
v -0.026203 0.034886 -0.074359
v -0.025896 0.039605 -0.076095
v -0.025689 0.044499 -0.077266
v -0.025585 0.049500 -0.077855
v -0.025585 0.054536 -0.077855
v -0.025689 0.059537 -0.077266
v -0.025896 0.064431 -0.076095
v -0.026203 0.069149 -0.074359
v -0.026605 0.073624 -0.072084
v -0.027097 0.077793 -0.069301
v -0.027671 0.081596 -0.066049
v -0.028320 0.084980 -0.062375
v -0.029035 0.087896 -0.058331
v -0.030538 0.017334 -0.057840
v -0.029847 0.020153 -0.061749
v -0.029220 0.023424 -0.065300
v -0.028664 0.027101 -0.068444
v -0.028189 0.031131 -0.071135
v -0.027800 0.035457 -0.073334
v -0.027503 0.040018 -0.075012
v -0.027303 0.044749 -0.076144
v -0.027203 0.049583 -0.076714
v -0.027203 0.054452 -0.076714
v -0.027303 0.059287 -0.076144
v -0.027503 0.064018 -0.075012
v -0.027800 0.068579 -0.073335
v -0.028189 0.072905 -0.071135
v -0.028664 0.076935 -0.068444
v -0.029220 0.080612 -0.065301
v -0.029847 0.083883 -0.061749
v -0.030538 0.086702 -0.057840
v -0.031282 0.089029 -0.053629
v -0.030947 0.091035 -0.051039
v -0.032399 0.016553 -0.053089
v -0.031686 0.018783 -0.057125
v -0.031024 0.021484 -0.060871
v -0.030422 0.024618 -0.064274
v -0.029890 0.028141 -0.067286
v -0.029434 0.032003 -0.069864
v -0.029062 0.036148 -0.071972
v -0.028778 0.040519 -0.073580
v -0.028586 0.045053 -0.074665
v -0.028490 0.049685 -0.075211
v -0.028490 0.054351 -0.075211
v -0.028586 0.058983 -0.074665
v -0.028778 0.063517 -0.073580
v -0.029062 0.067887 -0.071972
v -0.029434 0.072033 -0.069865
v -0.029890 0.075895 -0.067286
v -0.030422 0.079418 -0.064274
v -0.031024 0.082552 -0.060871
v -0.031686 0.085253 -0.057125
v -0.034801 0.014234 -0.041650
v -0.009646 0.052188 -0.076647
v -0.009907 0.051944 -0.075618
v -0.009723 0.051944 -0.076661
v -0.009835 0.051723 -0.076680
v -0.010228 0.051457 -0.075671
v -0.010165 0.051346 -0.076736
v -0.010708 0.051132 -0.075750
v -0.010599 0.051102 -0.076809
v -0.011273 0.051018 -0.075848
v -0.011088 0.051018 -0.076895
v -0.018430 0.012218 -0.027882
v -0.018430 0.013218 -0.027882
v -0.018875 0.012218 -0.028518
v -0.018875 0.013218 -0.028518
v -0.019579 0.012218 -0.028847
v -0.019579 0.013218 -0.028847
v -0.013550 0.051018 -0.077330
v -0.013735 0.051018 -0.076283
v -0.014107 0.050991 -0.077428
v -0.014887 0.050903 -0.076484
v -0.015999 0.050561 -0.076670
v -0.015441 0.050703 -0.077657
v -0.014857 0.050869 -0.077558
v -0.017927 0.049260 -0.076945
v -0.017138 0.049790 -0.077922
v -0.017021 0.050008 -0.076828
v -0.016695 0.050100 -0.077858
v -0.016025 0.050467 -0.077753
v -0.018673 0.048352 -0.077007
v -0.018185 0.048762 -0.078043
v -0.017670 0.049330 -0.077990
v -0.019237 0.047314 -0.077003
v -0.018862 0.047715 -0.078070
v -0.018470 0.048376 -0.078062
v -0.019742 0.045018 -0.076770
v -0.019555 0.045018 -0.077827
v -0.019673 0.045782 -0.076880
v -0.019481 0.045814 -0.077941
v -0.019168 0.047019 -0.078047
v -0.024436 0.012218 -0.031256
v -0.025234 0.012218 -0.032225
v -0.025234 0.013218 -0.032225
v -0.025871 0.012218 -0.033307
v -0.026490 0.013218 -0.035083
v -0.026490 0.012218 -0.035083
v -0.026557 0.013218 -0.038204
v -0.026677 0.012218 -0.036986
v -0.026557 0.012218 -0.038204
v -0.022980 0.012218 -0.030066
v -0.022980 0.013218 -0.030066
v -0.021256 0.012218 -0.029238
v -0.020071 0.013218 -0.028934
v -0.020071 0.012218 -0.028934
v -0.019999 0.038921 -0.075314
v -0.020470 0.032417 -0.072651
v -0.021120 0.026444 -0.068973
v -0.021932 0.021166 -0.064378
v -0.022884 0.016727 -0.058992
v -0.023955 0.013231 -0.052929
v -0.020502 0.012018 -0.016150
v -0.018560 0.012018 -0.027143
v -0.019614 0.012018 -0.028650
v -0.019004 0.012018 -0.028365
v -0.018618 0.012018 -0.027814
v -0.020502 0.092018 -0.016151
v -0.020106 0.012018 -0.028737
v -0.014355 0.092018 -0.050939
v -0.021321 0.012018 -0.029049
v -0.022532 0.012018 -0.029573
v -0.023604 0.012018 -0.030255
v -0.024580 0.012018 -0.031117
v -0.025398 0.012018 -0.032111
v -0.026051 0.012018 -0.033220
v -0.026527 0.012018 -0.034432
v -0.026800 0.012018 -0.035673
v -0.026877 0.012018 -0.036991
v -0.026754 0.012018 -0.038238
v -0.014130 0.091725 -0.052211
v -0.024006 0.012218 -0.052643
v -0.024203 0.012018 -0.052678
v -0.009773 0.052520 -0.076870
v -0.009871 0.059061 -0.076314
v -0.009883 0.059486 -0.076244
v -0.010165 0.065923 -0.074653
v -0.010185 0.066263 -0.074539
v -0.010646 0.072426 -0.071930
v -0.010669 0.072680 -0.071799
v -0.011302 0.078403 -0.068218
v -0.011324 0.078575 -0.068091
v -0.012116 0.083700 -0.063612
v -0.012134 0.083799 -0.063510
v -0.013071 0.088197 -0.058204
v -0.023978 0.012311 -0.053951
v -0.023796 0.012491 -0.053831
v -0.009861 0.052045 -0.076889
v -0.010043 0.051717 -0.076920
v -0.010367 0.051418 -0.076974
v -0.010759 0.051249 -0.077041
v -0.011054 0.051214 -0.077092
v -0.022914 0.015858 -0.059971
v -0.022737 0.016023 -0.059824
v -0.021963 0.020339 -0.065354
v -0.021790 0.020483 -0.065183
v -0.021148 0.025637 -0.069962
v -0.020979 0.025757 -0.069769
v -0.020492 0.031616 -0.073674
v -0.020326 0.031709 -0.073465
v -0.020011 0.038122 -0.076395
v -0.019848 0.038185 -0.076174
v -0.019718 0.044986 -0.078056
v -0.013515 0.051214 -0.077527
v -0.019636 0.045852 -0.078175
v -0.019312 0.047081 -0.078277
v -0.018984 0.047823 -0.078297
v -0.018598 0.048472 -0.078287
v -0.018292 0.048888 -0.078265
v -0.017746 0.049487 -0.078208
v -0.017223 0.049940 -0.078140
v -0.016754 0.050269 -0.078071
v -0.016051 0.050653 -0.077961
v -0.015469 0.050887 -0.077865
v -0.014866 0.051060 -0.077762
v -0.014078 0.051188 -0.077626
v -0.024933 0.092000 -0.053139
v -0.024990 0.092018 -0.052818
v -0.024819 0.091853 -0.053786
v -0.024876 0.091945 -0.053467
v -0.025709 0.091842 -0.053844
v -0.030587 0.091935 -0.048358
v -0.029244 0.092018 -0.049534
v -0.029322 0.091961 -0.050558
v -0.028332 0.092018 -0.050969
v -0.028508 0.091974 -0.051569
v -0.027400 0.092018 -0.051974
v -0.027524 0.091986 -0.052436
v -0.026547 0.092018 -0.052549
v -0.026315 0.091996 -0.053042
v -0.025783 0.092018 -0.052810
v -0.025639 0.091999 -0.053172
v -0.031081 0.092018 -0.044716
v -0.030055 0.092018 -0.047779
v -0.031520 0.091910 -0.046033
v -0.032259 0.091890 -0.043661
v -0.031997 0.092018 -0.040976
v -0.032862 0.091874 -0.041268
v -0.032860 0.092018 -0.036301
v -0.033831 0.091860 -0.036458
v -0.034570 0.091874 -0.031609
v -0.033814 0.092018 -0.030318
v -0.034825 0.091889 -0.029154
v -0.034134 0.092018 -0.026707
v -0.034946 0.091910 -0.026679
v -0.034870 0.091934 -0.024179
v -0.034170 0.092018 -0.024475
v -0.034441 0.091961 -0.021672
v -0.033984 0.092018 -0.022411
v -0.034026 0.091974 -0.020438
v -0.033626 0.092018 -0.020858
v -0.033399 0.091987 -0.019275
v -0.033120 0.092018 -0.019663
v -0.032467 0.091996 -0.018279
v -0.032464 0.092018 -0.018770
v -0.031873 0.091999 -0.017921
v -0.031716 0.092018 -0.018220
v -0.031194 0.092000 -0.017709
v -0.031138 0.092018 -0.018030
v -0.029275 0.091611 -0.052209
v -0.030270 0.091488 -0.051154
v -0.031797 0.091243 -0.048866
v -0.028060 0.091724 -0.053108
v -0.032896 0.091015 -0.046464
v -0.033742 0.090821 -0.044033
v -0.034409 0.090674 -0.041599
v -0.035426 0.090549 -0.036740
v -0.031309 0.091853 -0.017062
v -0.032170 0.091842 -0.017315
v -0.032930 0.091814 -0.017721
v -0.034137 0.091723 -0.018829
v -0.036184 0.091239 -0.024118
v -0.035541 0.091485 -0.021439
v -0.034970 0.091609 -0.020102
v -0.036388 0.091012 -0.026748
v -0.036346 0.090819 -0.029314
v -0.025674 0.091940 -0.053513
v -0.026437 0.091928 -0.053389
v -0.026556 0.091815 -0.053725
v -0.027798 0.091888 -0.052780
v -0.028904 0.091837 -0.051899
v -0.029817 0.091782 -0.050869
v -0.031232 0.091671 -0.048629
v -0.032270 0.091567 -0.046268
v -0.033082 0.091477 -0.043868
v -0.033735 0.091409 -0.041454
v -0.034744 0.091350 -0.036620
v -0.035455 0.091408 -0.031733
v -0.036137 0.090672 -0.031829
v -0.035670 0.091477 -0.029243
v -0.035732 0.091566 -0.026717
v -0.035571 0.091669 -0.024146
v -0.035015 0.091781 -0.021551
v -0.034514 0.091836 -0.020264
v -0.033777 0.091887 -0.019047
v -0.032702 0.091928 -0.017996
v -0.032024 0.091941 -0.017614
v -0.031252 0.091945 -0.017381
v -0.024990 0.012018 -0.052817
v -0.024934 0.012036 -0.053139
v -0.024876 0.012091 -0.053466
v -0.024819 0.012184 -0.053785
v -0.032164 0.012194 -0.017312
v -0.031309 0.012184 -0.017062
v -0.034867 0.012102 -0.024138
v -0.034009 0.012018 -0.022573
v -0.034432 0.012075 -0.021637
v -0.033643 0.012018 -0.020912
v -0.034014 0.012062 -0.020408
v -0.033112 0.012018 -0.019648
v -0.033387 0.012050 -0.019257
v -0.032508 0.012018 -0.018815
v -0.032459 0.012040 -0.018273
v -0.031880 0.012018 -0.018308
v -0.031869 0.012037 -0.017919
v -0.031138 0.012018 -0.018029
v -0.031195 0.012036 -0.017708
v -0.034083 0.012018 -0.027729
v -0.034179 0.012018 -0.024825
v -0.034158 0.012018 -0.024172
v -0.034947 0.012126 -0.026641
v -0.034828 0.012147 -0.029123
v -0.033676 0.012018 -0.031452
v -0.034574 0.012163 -0.031578
v -0.033646 0.012018 -0.031659
v -0.032530 0.012018 -0.038256
v -0.033836 0.012176 -0.036428
v -0.032869 0.012163 -0.041237
v -0.031661 0.012018 -0.042474
v -0.032267 0.012147 -0.043631
v -0.030886 0.012018 -0.045383
v -0.031533 0.012126 -0.045997
v -0.030604 0.012102 -0.048320
v -0.030048 0.012018 -0.047802
v -0.029342 0.012075 -0.050528
v -0.029166 0.012018 -0.049677
v -0.028529 0.012062 -0.051546
v -0.028297 0.012018 -0.051013
v -0.027541 0.012050 -0.052423
v -0.027412 0.012018 -0.051963
v -0.026325 0.012040 -0.053039
v -0.026490 0.012018 -0.052577
v -0.025644 0.012037 -0.053172
v -0.025598 0.012018 -0.052837
v -0.034954 0.012425 -0.020070
v -0.035528 0.012548 -0.021402
v -0.036178 0.012794 -0.024075
v -0.034121 0.012312 -0.018809
v -0.036387 0.013021 -0.026708
v -0.036348 0.013215 -0.029281
v -0.036141 0.013363 -0.031797
v -0.035432 0.013487 -0.036710
v -0.025715 0.012194 -0.053843
v -0.026568 0.012222 -0.053721
v -0.028082 0.012313 -0.053095
v -0.031817 0.012797 -0.048827
v -0.030295 0.012551 -0.051124
v -0.029301 0.012428 -0.052184
v -0.032911 0.013024 -0.046427
v -0.033751 0.013217 -0.044002
v -0.031252 0.012091 -0.017381
v -0.032018 0.012096 -0.017611
v -0.032693 0.012108 -0.017989
v -0.032919 0.012222 -0.017714
v -0.033762 0.012149 -0.019028
v -0.034499 0.012199 -0.020234
v -0.035004 0.012254 -0.021514
v -0.035566 0.012365 -0.024104
v -0.035732 0.012470 -0.026678
v -0.035672 0.012559 -0.029211
v -0.035458 0.012628 -0.031702
v -0.034749 0.012686 -0.036590
v -0.033742 0.012628 -0.041424
v -0.034416 0.013364 -0.041568
v -0.033091 0.012560 -0.043837
v -0.032284 0.012471 -0.046231
v -0.031251 0.012367 -0.048591
v -0.029839 0.012256 -0.050839
v -0.028928 0.012200 -0.051876
v -0.027818 0.012149 -0.052766
v -0.026448 0.012108 -0.053386
v -0.025680 0.012096 -0.053512
v -0.010463 0.051613 -0.076993
v 0.039840 0.051114 -0.071601
v 0.040171 0.051085 -0.069853
vn -0.393701 0.006794 -0.919213
vn -0.512165 -0.095264 -0.853588
vn -0.622952 -0.004024 -0.782250
vn -0.567323 0.075989 -0.819982
vn -0.150884 0.578400 0.801678
vn -0.468561 0.546032 0.694478
vn -0.452235 0.472416 0.756510
vn -0.158274 0.491246 0.856520
vn -0.966927 0.081453 -0.241696
vn -0.966488 0.084559 -0.242385
vn -0.937129 0.175156 -0.301845
vn -0.942535 0.139801 -0.303453
vn -0.835155 0.547988 0.047167
vn -0.841852 0.539543 0.013355
vn -0.927155 0.371890 -0.045633
vn -0.885656 0.463935 0.019427
vn -0.825117 0.554710 -0.107138
vn -0.954208 0.260935 -0.146286
vn -0.979614 0.129114 -0.153900
vn -0.853271 0.516452 -0.072148
vn -0.853271 0.516452 -0.072148
vn -0.979614 0.129114 -0.153900
vn -0.979157 0.137810 -0.149195
vn -0.845978 0.532399 -0.029538
vn -0.845978 0.532399 -0.029538
vn -0.979157 0.137810 -0.149195
vn -0.974793 0.186570 -0.122354
vn -0.974793 0.186570 -0.122354
vn -0.949119 0.302349 -0.088084
vn -0.841852 0.539543 0.013355
vn -0.845978 0.532399 -0.029538
vn -0.841852 0.539543 0.013355
vn -0.949119 0.302349 -0.088084
vn -0.927155 0.371890 -0.045633
vn -0.936419 0.266366 -0.228403
vn -0.969335 0.142487 -0.200217
vn -0.981490 0.061751 -0.181286
vn -0.939454 0.275990 -0.203116
vn -0.939454 0.275990 -0.203116
vn -0.981490 0.061751 -0.181286
vn -0.982266 0.059214 -0.177898
vn -0.954325 0.240714 -0.176978
vn -0.982266 0.059214 -0.177898
vn -0.983912 0.041809 -0.173695
vn -0.980208 0.098997 -0.171439
vn -0.954325 0.240714 -0.176978
vn -0.954325 0.240714 -0.176978
vn -0.980208 0.098997 -0.171439
vn -0.954208 0.260935 -0.146286
vn -0.959560 0.168605 -0.225424
vn -0.963972 0.157835 -0.214117
vn -0.929753 0.265224 -0.255372
vn -0.949856 0.192177 -0.246660
vn -0.929753 0.265224 -0.255372
vn -0.963972 0.157835 -0.214117
vn -0.964310 0.156710 -0.213422
vn -0.936419 0.266366 -0.228403
vn -0.936419 0.266366 -0.228403
vn -0.964310 0.156710 -0.213422
vn -0.969335 0.142487 -0.200217
vn -0.948985 0.193935 -0.248630
vn -0.949856 0.192177 -0.246660
vn -0.929753 0.265224 -0.255372
vn -0.928124 0.243916 -0.281232
vn -0.966488 0.084559 -0.242385
vn -0.963685 0.108536 -0.243990
vn -0.937129 0.175156 -0.301845
vn -0.963685 0.108536 -0.243990
vn -0.959734 0.134702 -0.246507
vn -0.939160 0.190946 -0.285514
vn -0.937129 0.175156 -0.301845
vn -0.939160 0.190946 -0.285514
vn -0.959734 0.134702 -0.246507
vn -0.928124 0.243916 -0.281232
vn -0.959734 0.134702 -0.246507
vn -0.957743 0.154353 -0.242702
vn -0.928124 0.243916 -0.281232
vn -0.928124 0.243916 -0.281232
vn -0.957743 0.154353 -0.242702
vn -0.948985 0.193935 -0.248630
vn -0.970929 0.046027 -0.234900
vn -0.970696 0.051016 -0.234834
vn -0.946389 0.110518 -0.303535
vn -0.944018 0.092729 -0.316593
vn -0.970696 0.051016 -0.234834
vn -0.970588 0.056972 -0.233907
vn -0.942535 0.139801 -0.303453
vn -0.946389 0.110518 -0.303535
vn -0.942535 0.139801 -0.303453
vn -0.970588 0.056972 -0.233907
vn -0.966927 0.081453 -0.241696
vn -0.967977 0.031599 -0.249044
vn -0.969095 0.034719 -0.244234
vn -0.943178 0.073405 -0.324079
vn -0.937251 0.060946 -0.343288
vn -0.969095 0.034719 -0.244234
vn -0.970231 0.036900 -0.239355
vn -0.944018 0.092729 -0.316593
vn -0.943178 0.073405 -0.324079
vn -0.944018 0.092729 -0.316593
vn -0.970231 0.036900 -0.239355
vn -0.970929 0.046027 -0.234900
vn -0.933442 0.031689 -0.357326
vn -0.959292 0.016232 -0.281950
vn -0.961585 0.020652 -0.273731
vn -0.932837 0.046935 -0.357230
vn -0.932837 0.046935 -0.357230
vn -0.961585 0.020652 -0.273731
vn -0.963493 0.027290 -0.266338
vn -0.963493 0.027290 -0.266338
vn -0.964144 0.027704 -0.263928
vn -0.937251 0.060946 -0.343288
vn -0.932837 0.046935 -0.357230
vn -0.937251 0.060946 -0.343288
vn -0.964144 0.027704 -0.263928
vn -0.967977 0.031599 -0.249044
vn -0.918814 0.012201 -0.394503
vn -0.897854 -0.007546 -0.440229
vn -0.960588 0.002668 -0.277962
vn -0.960285 0.006040 -0.278956
vn -0.918814 0.012201 -0.394503
vn -0.960285 0.006040 -0.278956
vn -0.958296 0.014202 -0.285425
vn -0.958296 0.014202 -0.285425
vn -0.959292 0.016232 -0.281950
vn -0.933442 0.031689 -0.357326
vn -0.918814 0.012201 -0.394503
vn -0.176325 0.150336 -0.972784
vn -0.215458 0.227831 -0.949564
vn 0.156303 0.219723 -0.962960
vn 0.161931 0.173332 -0.971460
vn 0.156303 0.219723 -0.962960
vn -0.215458 0.227831 -0.949564
vn 0.158838 0.270587 -0.949502
vn 0.158838 0.270587 -0.949502
vn -0.215458 0.227831 -0.949564
vn -0.196386 0.306355 -0.931439
vn 0.154840 0.344200 -0.926040
vn 0.154840 0.344200 -0.926040
vn -0.196386 0.306355 -0.931439
vn -0.217341 0.393197 -0.893397
vn 0.144109 0.414751 -0.898451
vn -0.217341 0.393197 -0.893397
vn -0.233850 0.491502 -0.838892
vn 0.129543 0.481459 -0.866843
vn 0.144109 0.414751 -0.898451
vn 0.129543 0.481459 -0.866843
vn -0.233850 0.491502 -0.838892
vn 0.131493 0.535370 -0.834319
vn -0.233850 0.491502 -0.838892
vn -0.256460 0.572522 -0.778747
vn 0.124113 0.578523 -0.806168
vn 0.131493 0.535370 -0.834319
vn -0.256460 0.572522 -0.778747
vn 0.115753 0.687082 -0.717300
vn 0.126994 0.612816 -0.779954
vn 0.124113 0.578523 -0.806168
vn 0.116216 0.703611 -0.701017
vn 0.115753 0.687082 -0.717300
vn -0.256460 0.572522 -0.778747
vn -0.261823 0.660138 -0.704036
vn 0.091749 0.805606 -0.585304
vn 0.096174 0.766268 -0.635282
vn -0.261823 0.660138 -0.704036
vn -0.228936 0.743775 -0.628002
vn -0.261823 0.660138 -0.704036
vn 0.096174 0.766268 -0.635282
vn 0.106943 0.735996 -0.668486
vn 0.116216 0.703611 -0.701017
vn 0.069044 0.908344 -0.412485
vn 0.074353 0.890347 -0.449170
vn -0.257303 0.846180 -0.466663
vn -0.257303 0.846180 -0.466663
vn 0.074353 0.890347 -0.449170
vn 0.081307 0.844548 -0.529272
vn -0.220753 0.807788 -0.546577
vn -0.220753 0.807788 -0.546577
vn 0.081307 0.844548 -0.529272
vn 0.091749 0.805606 -0.585304
vn -0.228936 0.743775 -0.628002
vn -0.257303 0.846180 -0.466663
vn -0.055579 0.941537 -0.332293
vn 0.048932 0.942933 -0.329369
vn 0.069044 0.908344 -0.412485
vn 0.048932 0.942933 -0.329369
vn -0.055579 0.941537 -0.332293
vn 0.043154 0.956612 -0.288153
vn 0.057132 0.951173 -0.303324
vn 0.043154 0.956612 -0.288153
vn -0.055579 0.941537 -0.332293
vn -0.142234 0.959264 -0.244095
vn 0.036249 0.970687 -0.237598
vn 0.000386 0.999986 -0.005322
vn 0.005136 0.999361 -0.035368
vn -0.176763 0.972998 -0.148421
vn -0.229165 0.970820 -0.070655
vn 0.005136 0.999361 -0.035368
vn 0.019497 0.997197 -0.072232
vn 0.022778 0.990055 -0.138823
vn -0.176763 0.972998 -0.148421
vn 0.022778 0.990055 -0.138823
vn 0.026242 0.985638 -0.166818
vn -0.142234 0.959264 -0.244095
vn -0.176763 0.972998 -0.148421
vn 0.026242 0.985638 -0.166818
vn 0.040012 0.979036 -0.199719
vn 0.036249 0.970687 -0.237598
vn -0.142234 0.959264 -0.244095
vn -0.263623 0.960328 0.090961
vn -0.022773 0.991716 0.126413
vn -0.016734 0.995996 0.087813
vn -0.235721 0.971652 0.018098
vn -0.235721 0.971652 0.018098
vn -0.016734 0.995996 0.087813
vn 0.000386 0.999986 -0.005322
vn -0.229165 0.970820 -0.070655
vn -0.257487 0.937704 0.233263
vn -0.046138 0.964980 0.258235
vn -0.036296 0.978740 0.201868
vn -0.256519 0.950945 0.172922
vn -0.256519 0.950945 0.172922
vn -0.036296 0.978740 0.201868
vn -0.263623 0.960328 0.090961
vn -0.263623 0.960328 0.090961
vn -0.036296 0.978740 0.201868
vn -0.022773 0.991716 0.126413
vn -0.333467 0.875529 0.349642
vn -0.076277 0.911408 0.404373
vn -0.061741 0.938679 0.339220
vn -0.288907 0.910172 0.296849
vn -0.288907 0.910172 0.296849
vn -0.061741 0.938679 0.339220
vn -0.046138 0.964980 0.258235
vn -0.257487 0.937704 0.233263
vn -0.333467 0.875529 0.349642
vn -0.385475 0.819933 0.423224
vn -0.095303 0.866842 0.489390
vn -0.076277 0.911408 0.404373
vn -0.385475 0.819933 0.423224
vn -0.426516 0.766792 0.479702
vn -0.107732 0.831190 0.545451
vn -0.095303 0.866842 0.489390
vn -0.426516 0.766792 0.479702
vn -0.492331 0.682170 0.540606
vn -0.120186 0.772434 0.623620
vn -0.107732 0.831190 0.545451
vn -0.492331 0.682170 0.540606
vn -0.130219 0.726277 0.674955
vn -0.120186 0.772434 0.623620
vn -0.468561 0.546032 0.694478
vn -0.150884 0.578400 0.801678
vn -0.144694 0.649261 0.746675
vn -0.476065 0.613882 0.629691
vn -0.144694 0.649261 0.746675
vn -0.130219 0.726277 0.674955
vn -0.492331 0.682170 0.540606
vn -0.476065 0.613882 0.629691
vn -0.987209 0.130578 0.091475
vn -0.997199 0.072768 -0.017296
vn -0.993800 0.026951 -0.107871
vn -0.996416 0.082751 0.017541
vn -0.993800 0.026951 -0.107871
vn -0.991735 0.013800 -0.127562
vn -0.992174 0.013156 -0.124169
vn -0.996416 0.082751 0.017541
vn -0.996416 0.082751 0.017541
vn -0.992174 0.013156 -0.124169
vn -0.999173 0.040646 -0.000755
vn -0.971429 0.127740 0.200022
vn -0.994242 0.106850 0.008089
vn -0.995085 0.098770 0.007144
vn -0.987209 0.130578 0.091475
vn -0.983390 0.157698 0.089862
vn -0.987209 0.130578 0.091475
vn -0.995085 0.098770 0.007144
vn -0.997199 0.072768 -0.017296
vn -0.994242 0.106850 0.008089
vn -0.983390 0.157698 0.089862
vn -0.976186 0.193368 0.098335
vn -0.976186 0.193368 0.098335
vn -0.920047 0.297783 0.254634
vn -0.910425 0.343795 0.230068
vn -0.973119 0.213097 0.087340
vn -0.973119 0.213097 0.087340
vn -0.910425 0.343795 0.230068
vn -0.890421 0.402153 0.213128
vn -0.967611 0.239918 0.078535
vn -0.144899 0.676579 0.721973
vn -0.125175 0.713973 0.688894
vn -0.137120 0.736889 0.661961
vn -0.940368 0.324045 0.103457
vn -0.890421 0.402153 0.213128
vn -0.866532 0.461391 0.190372
vn -0.939031 0.328004 0.103123
vn -0.110697 0.771752 0.626215
vn -0.122351 0.805869 0.579315
vn -0.137120 0.736889 0.661961
vn -0.849115 0.493305 0.188823
vn -0.866532 0.461391 0.190372
vn -0.850029 0.496408 0.176152
vn -0.122351 0.805869 0.579315
vn -0.117066 0.825374 0.552317
vn -0.094416 0.858742 0.503635
vn -0.100493 0.851207 0.515119
vn -0.696194 0.661729 0.278261
vn -0.665083 0.709744 0.232224
vn -0.798942 0.586591 0.132675
vn -0.821387 0.550994 0.147410
vn -0.665083 0.709744 0.232224
vn -0.608895 0.771171 0.185855
vn -0.785948 0.606532 0.120016
vn -0.798942 0.586591 0.132675
vn -0.785948 0.606532 0.120016
vn -0.608895 0.771171 0.185855
vn -0.803242 0.588730 0.090556
vn -0.176325 0.150336 -0.972784
vn 0.161931 0.173332 -0.971460
vn 0.164935 0.112070 -0.979917
vn -0.128528 0.089455 -0.987663
vn -0.128528 0.089455 -0.987663
vn 0.164935 0.112070 -0.979917
vn 0.167007 0.009509 -0.985910
vn -0.137329 0.028305 -0.990121
vn -0.897854 -0.007546 -0.440229
vn -0.918814 0.012201 -0.394503
vn -0.828903 0.038675 -0.558054
vn -0.800726 -0.004124 -0.599017
vn -0.918814 0.012201 -0.394503
vn -0.933442 0.031689 -0.357326
vn -0.826447 0.067946 -0.558900
vn -0.828903 0.038675 -0.558054
vn -0.933442 0.031689 -0.357326
vn -0.932837 0.046935 -0.357230
vn -0.830559 0.099096 -0.548043
vn -0.826447 0.067946 -0.558900
vn -0.932837 0.046935 -0.357230
vn -0.937251 0.060946 -0.343288
vn -0.835185 0.133008 -0.533643
vn -0.830559 0.099096 -0.548043
vn -0.937251 0.060946 -0.343288
vn -0.943178 0.073405 -0.324079
vn -0.839363 0.171160 -0.515921
vn -0.835185 0.133008 -0.533643
vn -0.943178 0.073405 -0.324079
vn -0.944018 0.092729 -0.316593
vn -0.841767 0.213503 -0.495828
vn -0.839363 0.171160 -0.515921
vn -0.944018 0.092729 -0.316593
vn -0.946389 0.110518 -0.303535
vn -0.841611 0.259229 -0.473805
vn -0.841767 0.213503 -0.495828
vn -0.946389 0.110518 -0.303535
vn -0.942535 0.139801 -0.303453
vn -0.838874 0.306330 -0.449947
vn -0.841611 0.259229 -0.473805
vn -0.942535 0.139801 -0.303453
vn -0.937129 0.175156 -0.301845
vn -0.834749 0.352336 -0.423147
vn -0.838874 0.306330 -0.449947
vn -0.937129 0.175156 -0.301845
vn -0.939160 0.190946 -0.285514
vn -0.830825 0.395424 -0.391624
vn -0.834749 0.352336 -0.423147
vn -0.939160 0.190946 -0.285514
vn -0.928124 0.243916 -0.281232
vn -0.828034 0.434584 -0.354255
vn -0.830825 0.395424 -0.391624
vn -0.928124 0.243916 -0.281232
vn -0.929753 0.265224 -0.255372
vn -0.826168 0.469611 -0.311308
vn -0.828034 0.434584 -0.354255
vn -0.929753 0.265224 -0.255372
vn -0.936419 0.266366 -0.228403
vn -0.824340 0.501090 -0.263386
vn -0.826168 0.469611 -0.311308
vn -0.936419 0.266366 -0.228403
vn -0.939454 0.275990 -0.203116
vn -0.821460 0.529455 -0.211851
vn -0.824340 0.501090 -0.263386
vn -0.939454 0.275990 -0.203116
vn -0.954325 0.240714 -0.176978
vn -0.817395 0.553655 -0.159158
vn -0.821460 0.529455 -0.211851
vn -0.954325 0.240714 -0.176978
vn -0.954208 0.260935 -0.146286
vn -0.825117 0.554710 -0.107138
vn -0.817395 0.553655 -0.159158
vn -0.979614 0.129114 -0.153900
vn -0.954208 0.260935 -0.146286
vn -0.980208 0.098997 -0.171439
vn -0.983912 0.041809 -0.173695
vn -0.920047 0.297783 0.254634
vn -0.918796 0.267809 0.289986
vn -0.765361 0.379778 0.519606
vn -0.771696 0.428216 0.470230
vn -0.918796 0.267809 0.289986
vn -0.917495 0.235783 0.320326
vn -0.762637 0.333275 0.554358
vn -0.765361 0.379778 0.519606
vn -0.917495 0.235783 0.320326
vn -0.913560 0.221468 0.341115
vn -0.765126 0.306502 0.566249
vn -0.762637 0.333275 0.554358
vn -0.913560 0.221468 0.341115
vn -0.971429 0.127740 0.200022
vn -0.806051 0.238680 0.541584
vn -0.765126 0.306502 0.566249
vn -0.971429 0.127740 0.200022
vn -0.963232 0.099300 0.249646
vn -0.881249 0.146315 0.449435
vn -0.806051 0.238680 0.541584
vn -0.696194 0.661729 0.278261
vn -0.821387 0.550994 0.147410
vn -0.850029 0.496408 0.176152
vn -0.850029 0.496408 0.176152
vn -0.866532 0.461391 0.190372
vn -0.739016 0.596299 0.313502
vn -0.696194 0.661729 0.278261
vn -0.866532 0.461391 0.190372
vn -0.890421 0.402153 0.213128
vn -0.759165 0.539454 0.364223
vn -0.739016 0.596299 0.313502
vn -0.890421 0.402153 0.213128
vn -0.910425 0.343795 0.230068
vn -0.770182 0.482558 0.417082
vn -0.759165 0.539454 0.364223
vn -0.910425 0.343795 0.230068
vn -0.920047 0.297783 0.254634
vn -0.771696 0.428216 0.470230
vn -0.770182 0.482558 0.417082
vn -0.976186 0.193368 0.098335
vn -0.983390 0.157698 0.089862
vn -0.918796 0.267809 0.289986
vn -0.920047 0.297783 0.254634
vn -0.983390 0.157698 0.089862
vn -0.987209 0.130578 0.091475
vn -0.917495 0.235783 0.320326
vn -0.918796 0.267809 0.289986
vn -0.987209 0.130578 0.091475
vn -0.996416 0.082751 0.017541
vn -0.913560 0.221468 0.341115
vn -0.917495 0.235783 0.320326
vn -0.913560 0.221468 0.341115
vn -0.996416 0.082751 0.017541
vn -0.971429 0.127740 0.200022
vn -0.971429 0.127740 0.200022
vn -0.999173 0.040646 -0.000755
vn -0.963232 0.099300 0.249646
vn -0.800726 -0.004124 -0.599017
vn -0.828903 0.038675 -0.558054
vn -0.567323 0.075989 -0.819982
vn -0.622952 -0.004024 -0.782250
vn -0.828903 0.038675 -0.558054
vn -0.826447 0.067946 -0.558900
vn -0.580461 0.116030 -0.805979
vn -0.567323 0.075989 -0.819982
vn -0.826447 0.067946 -0.558900
vn -0.830559 0.099096 -0.548043
vn -0.587400 0.170107 -0.791217
vn -0.580461 0.116030 -0.805979
vn -0.830559 0.099096 -0.548043
vn -0.835185 0.133008 -0.533643
vn -0.595536 0.229189 -0.769941
vn -0.587400 0.170107 -0.791217
vn -0.835185 0.133008 -0.533643
vn -0.839363 0.171160 -0.515921
vn -0.603506 0.294802 -0.740860
vn -0.595536 0.229189 -0.769941
vn -0.839363 0.171160 -0.515921
vn -0.841767 0.213503 -0.495828
vn -0.609217 0.365136 -0.703939
vn -0.603506 0.294802 -0.740860
vn -0.841767 0.213503 -0.495828
vn -0.841611 0.259229 -0.473805
vn -0.611398 0.436975 -0.659732
vn -0.609217 0.365136 -0.703939
vn -0.841611 0.259229 -0.473805
vn -0.838874 0.306330 -0.449947
vn -0.609911 0.505951 -0.609936
vn -0.611398 0.436975 -0.659732
vn -0.838874 0.306330 -0.449947
vn -0.834749 0.352336 -0.423147
vn -0.606516 0.568710 -0.555615
vn -0.609911 0.505951 -0.609936
vn -0.834749 0.352336 -0.423147
vn -0.830825 0.395424 -0.391624
vn -0.603508 0.624094 -0.496271
vn -0.606516 0.568710 -0.555615
vn -0.830825 0.395424 -0.391624
vn -0.828034 0.434584 -0.354255
vn -0.602212 0.672009 -0.430980
vn -0.603508 0.624094 -0.496271
vn -0.828034 0.434584 -0.354255
vn -0.826168 0.469611 -0.311308
vn -0.602273 0.712518 -0.359979
vn -0.602212 0.672009 -0.430980
vn -0.826168 0.469611 -0.311308
vn -0.824340 0.501090 -0.263386
vn -0.602377 0.746044 -0.283832
vn -0.602273 0.712518 -0.359979
vn -0.824340 0.501090 -0.263386
vn -0.821460 0.529455 -0.211851
vn -0.600951 0.772638 -0.204665
vn -0.602377 0.746044 -0.283832
vn -0.821460 0.529455 -0.211851
vn -0.817395 0.553655 -0.159158
vn -0.597829 0.791524 -0.126846
vn -0.600951 0.772638 -0.204665
vn -0.817395 0.553655 -0.159158
vn -0.825117 0.554710 -0.107138
vn -0.595237 0.801746 -0.053826
vn -0.597829 0.791524 -0.126846
vn -0.825117 0.554710 -0.107138
vn -0.853271 0.516452 -0.072148
vn -0.596756 0.802320 0.012843
vn -0.595237 0.801746 -0.053826
vn -0.853271 0.516452 -0.072148
vn -0.845978 0.532399 -0.029538
vn -0.605705 0.792411 0.072159
vn -0.596756 0.802320 0.012843
vn -0.845978 0.532399 -0.029538
vn -0.841852 0.539543 0.013355
vn -0.623762 0.771521 0.125209
vn -0.605705 0.792411 0.072159
vn -0.841852 0.539543 0.013355
vn -0.835155 0.547988 0.047167
vn -0.608895 0.771171 0.185855
vn -0.623762 0.771521 0.125209
vn -0.835155 0.547988 0.047167
vn -0.885656 0.463935 0.019427
vn -0.803242 0.588730 0.090556
vn -0.608895 0.771171 0.185855
vn -0.183123 0.237081 0.954075
vn -0.172934 0.345113 0.922492
vn -0.494963 0.312790 0.810663
vn -0.504774 0.215094 0.836025
vn -0.172934 0.345113 0.922492
vn -0.167416 0.413754 0.894863
vn -0.468847 0.385545 0.794693
vn -0.494963 0.312790 0.810663
vn -0.167416 0.413754 0.894863
vn -0.164746 0.440661 0.882427
vn -0.460346 0.419689 0.782268
vn -0.468847 0.385545 0.794693
vn -0.164746 0.440661 0.882427
vn -0.158274 0.491246 0.856520
vn -0.452235 0.472416 0.756510
vn -0.460346 0.419689 0.782268
vn -0.504774 0.215094 0.836025
vn -0.494963 0.312790 0.810663
vn -0.761618 0.175259 0.623877
vn -0.393701 0.006794 -0.919213
vn -0.567323 0.075989 -0.819982
vn -0.128528 0.089455 -0.987663
vn -0.137329 0.028305 -0.990121
vn -0.567323 0.075989 -0.819982
vn -0.580461 0.116030 -0.805979
vn -0.176325 0.150336 -0.972784
vn -0.128528 0.089455 -0.987663
vn -0.580461 0.116030 -0.805979
vn -0.587400 0.170107 -0.791217
vn -0.215458 0.227831 -0.949564
vn -0.176325 0.150336 -0.972784
vn -0.587400 0.170107 -0.791217
vn -0.595536 0.229189 -0.769941
vn -0.196386 0.306355 -0.931439
vn -0.215458 0.227831 -0.949564
vn -0.595536 0.229189 -0.769941
vn -0.603506 0.294802 -0.740860
vn -0.217341 0.393197 -0.893397
vn -0.196386 0.306355 -0.931439
vn -0.603506 0.294802 -0.740860
vn -0.609217 0.365136 -0.703939
vn -0.233850 0.491502 -0.838892
vn -0.217341 0.393197 -0.893397
vn -0.609217 0.365136 -0.703939
vn -0.611398 0.436975 -0.659732
vn -0.256460 0.572522 -0.778747
vn -0.233850 0.491502 -0.838892
vn -0.611398 0.436975 -0.659732
vn -0.609911 0.505951 -0.609936
vn -0.261823 0.660138 -0.704036
vn -0.256460 0.572522 -0.778747
vn -0.609911 0.505951 -0.609936
vn -0.606516 0.568710 -0.555615
vn -0.228936 0.743775 -0.628002
vn -0.261823 0.660138 -0.704036
vn -0.606516 0.568710 -0.555615
vn -0.603508 0.624094 -0.496271
vn -0.220753 0.807788 -0.546577
vn -0.228936 0.743775 -0.628002
vn -0.603508 0.624094 -0.496271
vn -0.602212 0.672009 -0.430980
vn -0.257303 0.846180 -0.466663
vn -0.220753 0.807788 -0.546577
vn -0.602212 0.672009 -0.430980
vn -0.602273 0.712518 -0.359979
vn -0.055579 0.941537 -0.332293
vn -0.257303 0.846180 -0.466663
vn -0.602273 0.712518 -0.359979
vn -0.602377 0.746044 -0.283832
vn -0.142234 0.959264 -0.244095
vn -0.055579 0.941537 -0.332293
vn -0.602377 0.746044 -0.283832
vn -0.600951 0.772638 -0.204665
vn -0.176763 0.972998 -0.148421
vn -0.142234 0.959264 -0.244095
vn -0.600951 0.772638 -0.204665
vn -0.597829 0.791524 -0.126846
vn -0.229165 0.970820 -0.070655
vn -0.176763 0.972998 -0.148421
vn -0.597829 0.791524 -0.126846
vn -0.595237 0.801746 -0.053826
vn -0.235721 0.971652 0.018098
vn -0.229165 0.970820 -0.070655
vn -0.595237 0.801746 -0.053826
vn -0.596756 0.802320 0.012843
vn -0.263623 0.960328 0.090961
vn -0.235721 0.971652 0.018098
vn -0.596756 0.802320 0.012843
vn -0.605705 0.792411 0.072159
vn -0.256519 0.950945 0.172922
vn -0.263623 0.960328 0.090961
vn -0.605705 0.792411 0.072159
vn -0.623762 0.771521 0.125209
vn -0.257487 0.937704 0.233263
vn -0.256519 0.950945 0.172922
vn -0.623762 0.771521 0.125209
vn -0.608895 0.771171 0.185855
vn -0.288907 0.910172 0.296849
vn -0.257487 0.937704 0.233263
vn -0.608895 0.771171 0.185855
vn -0.665083 0.709744 0.232224
vn -0.333467 0.875529 0.349642
vn -0.288907 0.910172 0.296849
vn -0.665083 0.709744 0.232224
vn -0.696194 0.661729 0.278261
vn -0.385475 0.819933 0.423224
vn -0.333467 0.875529 0.349642
vn -0.696194 0.661729 0.278261
vn -0.739016 0.596299 0.313502
vn -0.426516 0.766792 0.479702
vn -0.385475 0.819933 0.423224
vn -0.739016 0.596299 0.313502
vn -0.759165 0.539454 0.364223
vn -0.492331 0.682170 0.540606
vn -0.426516 0.766792 0.479702
vn -0.759165 0.539454 0.364223
vn -0.770182 0.482558 0.417082
vn -0.476065 0.613882 0.629691
vn -0.492331 0.682170 0.540606
vn -0.770182 0.482558 0.417082
vn -0.771696 0.428216 0.470230
vn -0.468561 0.546032 0.694478
vn -0.476065 0.613882 0.629691
vn -0.771696 0.428216 0.470230
vn -0.765361 0.379778 0.519606
vn -0.452235 0.472416 0.756510
vn -0.468561 0.546032 0.694478
vn -0.765361 0.379778 0.519606
vn -0.762637 0.333275 0.554358
vn -0.460346 0.419689 0.782268
vn -0.452235 0.472416 0.756510
vn -0.762637 0.333275 0.554358
vn -0.765126 0.306502 0.566249
vn -0.468847 0.385545 0.794693
vn -0.460346 0.419689 0.782268
vn -0.765126 0.306502 0.566249
vn -0.806051 0.238680 0.541584
vn -0.494963 0.312790 0.810663
vn -0.468847 0.385545 0.794693
vn -0.806051 0.238680 0.541584
vn -0.881249 0.146315 0.449435
vn -0.761618 0.175259 0.623877
vn -0.494963 0.312790 0.810663
vn -0.188516 -0.764207 -0.616806
vn -0.336132 -0.707490 -0.621669
vn -0.192970 -0.723058 -0.663287
vn -0.053661 -0.774202 -0.630660
vn -0.410998 -0.677816 -0.609628
vn -0.554265 -0.614729 -0.561158
vn -0.686455 -0.507630 -0.520663
vn -0.538464 -0.581857 -0.609508
vn -0.921415 -0.204174 -0.330618
vn -0.965903 -0.085567 -0.244357
vn -0.981539 -0.019365 -0.190282
vn -0.980117 -0.027494 -0.196504
vn -0.921415 -0.204174 -0.330618
vn -0.980117 -0.027494 -0.196504
vn -0.939213 -0.157622 -0.305016
vn 0.101750 -0.766839 -0.633723
vn 0.111814 -0.776478 -0.620145
vn -0.023995 -0.777420 -0.628525
vn -0.053661 -0.774202 -0.630660
vn -0.192970 -0.723058 -0.663287
vn 0.101750 -0.766839 -0.633723
vn -0.023995 -0.777420 -0.628525
vn -0.192970 -0.723058 -0.663287
vn -0.212867 -0.666539 -0.714432
vn 0.096285 -0.738647 -0.667180
vn 0.101750 -0.766839 -0.633723
vn 0.096285 -0.738647 -0.667180
vn -0.212867 -0.666539 -0.714432
vn 0.118312 -0.705313 -0.698953
vn 0.118312 -0.705313 -0.698953
vn -0.212867 -0.666539 -0.714432
vn -0.210359 -0.629034 -0.748376
vn 0.118664 -0.678461 -0.724989
vn 0.008645 -0.510193 -0.860017
vn 0.133962 -0.577871 -0.805058
vn -0.031471 -0.599873 -0.799476
vn -0.221916 -0.479271 -0.849148
vn -0.031471 -0.599873 -0.799476
vn 0.133962 -0.577871 -0.805058
vn 0.135827 -0.614083 -0.777466
vn 0.118664 -0.678461 -0.724989
vn -0.165542 -0.304430 -0.938040
vn 0.154212 -0.327735 -0.932099
vn 0.141232 -0.396975 -0.906898
vn -0.158619 -0.357942 -0.920173
vn -0.158619 -0.357942 -0.920173
vn 0.141232 -0.396975 -0.906898
vn 0.147413 -0.450633 -0.880454
vn -0.196595 -0.416119 -0.887804
vn -0.150540 -0.237435 -0.959668
vn 0.158129 -0.302431 -0.939963
vn 0.154212 -0.327735 -0.932099
vn -0.165542 -0.304430 -0.938040
vn 0.158129 -0.302431 -0.939963
vn -0.150540 -0.237435 -0.959668
vn 0.162391 -0.213532 -0.963345
vn 0.162391 -0.213532 -0.963345
vn -0.150540 -0.237435 -0.959668
vn -0.164182 -0.178071 -0.970224
vn 0.161582 -0.169875 -0.972129
vn 0.161582 -0.169875 -0.972129
vn -0.164182 -0.178071 -0.970224
vn -0.078576 -0.121570 -0.989468
vn 0.162748 -0.082714 -0.983195
vn -0.960588 0.002668 -0.277962
vn -0.897854 -0.007546 -0.440229
vn -0.953745 -0.010598 -0.300430
vn -0.953745 -0.010598 -0.300430
vn -0.897854 -0.007546 -0.440229
vn -0.894604 -0.034713 -0.445510
vn -0.954182 -0.011313 -0.299012
vn -0.954182 -0.011313 -0.299012
vn -0.894604 -0.034713 -0.445510
vn -0.958615 -0.022775 -0.283792
vn -0.894604 -0.034713 -0.445510
vn -0.901307 -0.070865 -0.427346
vn -0.959355 -0.025059 -0.281088
vn -0.958615 -0.022775 -0.283792
vn -0.901307 -0.070865 -0.427346
vn -0.964408 -0.032339 -0.262434
vn -0.963048 -0.032602 -0.267349
vn -0.959355 -0.025059 -0.281088
vn -0.967344 -0.034871 -0.251056
vn -0.964408 -0.032339 -0.262434
vn -0.901307 -0.070865 -0.427346
vn -0.917074 -0.092856 -0.387754
vn -0.967344 -0.034871 -0.251056
vn -0.917074 -0.092856 -0.387754
vn -0.910728 -0.132651 -0.391125
vn -0.970349 -0.034429 -0.239245
vn -0.975386 -0.041128 -0.216636
vn -0.973514 -0.044665 -0.224223
vn -0.916955 -0.156309 -0.367099
vn -0.926499 -0.168173 -0.336627
vn -0.973514 -0.044665 -0.224223
vn -0.983603 -0.005055 -0.180278
vn -0.974418 -0.034792 -0.222034
vn -0.916955 -0.156309 -0.367099
vn -0.974418 -0.034792 -0.222034
vn -0.972321 -0.039498 -0.230285
vn -0.910728 -0.132651 -0.391125
vn -0.916955 -0.156309 -0.367099
vn -0.910728 -0.132651 -0.391125
vn -0.972321 -0.039498 -0.230285
vn -0.970349 -0.034429 -0.239245
vn -0.980117 -0.027494 -0.196504
vn -0.981634 -0.019449 -0.189781
vn -0.976237 -0.042966 -0.212403
vn -0.939213 -0.157622 -0.305016
vn -0.939213 -0.157622 -0.305016
vn -0.976237 -0.042966 -0.212403
vn -0.975386 -0.041128 -0.216636
vn -0.926499 -0.168173 -0.336627
vn -0.410998 -0.677816 -0.609628
vn -0.538464 -0.581857 -0.609508
vn -0.192970 -0.723058 -0.663287
vn -0.336132 -0.707490 -0.621669
vn -0.538464 -0.581857 -0.609508
vn -0.540726 -0.539074 -0.645767
vn -0.212867 -0.666539 -0.714432
vn -0.192970 -0.723058 -0.663287
vn -0.540726 -0.539074 -0.645767
vn -0.542614 -0.451388 -0.708392
vn -0.210359 -0.629034 -0.748376
vn -0.212867 -0.666539 -0.714432
vn -0.196595 -0.416119 -0.887804
vn 0.147413 -0.450633 -0.880454
vn 0.008645 -0.510193 -0.860017
vn -0.221916 -0.479271 -0.849148
vn -0.221916 -0.479271 -0.849148
vn -0.031471 -0.599873 -0.799476
vn -0.230790 -0.554516 -0.799530
vn -0.230790 -0.554516 -0.799530
vn -0.031471 -0.599873 -0.799476
vn 0.118664 -0.678461 -0.724989
vn -0.210359 -0.629034 -0.748376
vn -0.196595 -0.416119 -0.887804
vn -0.221916 -0.479271 -0.849148
vn -0.520270 -0.391007 -0.759232
vn -0.546652 -0.278786 -0.789588
vn -0.221916 -0.479271 -0.849148
vn -0.230790 -0.554516 -0.799530
vn -0.542614 -0.451388 -0.708392
vn -0.520270 -0.391007 -0.759232
vn -0.542614 -0.451388 -0.708392
vn -0.230790 -0.554516 -0.799530
vn -0.210359 -0.629034 -0.748376
vn -0.165542 -0.304430 -0.938040
vn -0.158619 -0.357942 -0.920173
vn -0.546652 -0.278786 -0.789588
vn -0.541353 -0.182878 -0.820666
vn -0.546652 -0.278786 -0.789588
vn -0.158619 -0.357942 -0.920173
vn -0.196595 -0.416119 -0.887804
vn 0.008645 -0.510193 -0.860017
vn 0.147413 -0.450633 -0.880454
vn 0.147304 -0.503676 -0.851242
vn 0.133962 -0.577871 -0.805058
vn 0.167007 0.009509 -0.985910
vn 0.162748 -0.082714 -0.983195
vn -0.157341 -0.056695 -0.985916
vn -0.157341 -0.056695 -0.985916
vn 0.162748 -0.082714 -0.983195
vn -0.078576 -0.121570 -0.989468
vn -0.512165 -0.095264 -0.853588
vn -0.512165 -0.095264 -0.853588
vn -0.078576 -0.121570 -0.989468
vn -0.164182 -0.178071 -0.970224
vn -0.164182 -0.178071 -0.970224
vn -0.150540 -0.237435 -0.959668
vn -0.541353 -0.182878 -0.820666
vn -0.512165 -0.095264 -0.853588
vn -0.541353 -0.182878 -0.820666
vn -0.150540 -0.237435 -0.959668
vn -0.165542 -0.304430 -0.938040
vn -0.921415 -0.204174 -0.330618
vn -0.939213 -0.157622 -0.305016
vn -0.804257 -0.367994 -0.466637
vn -0.825709 -0.359138 -0.434999
vn -0.939213 -0.157622 -0.305016
vn -0.926499 -0.168173 -0.336627
vn -0.793495 -0.347402 -0.499678
vn -0.804257 -0.367994 -0.466637
vn -0.926499 -0.168173 -0.336627
vn -0.916955 -0.156309 -0.367099
vn -0.786337 -0.303815 -0.537932
vn -0.793495 -0.347402 -0.499678
vn -0.916955 -0.156309 -0.367099
vn -0.910728 -0.132651 -0.391125
vn -0.779828 -0.250831 -0.573543
vn -0.786337 -0.303815 -0.537932
vn -0.910728 -0.132651 -0.391125
vn -0.917074 -0.092856 -0.387754
vn -0.774497 -0.191628 -0.602854
vn -0.779828 -0.250831 -0.573543
vn -0.917074 -0.092856 -0.387754
vn -0.901307 -0.070865 -0.427346
vn -0.770714 -0.127168 -0.624362
vn -0.774497 -0.191628 -0.602854
vn -0.901307 -0.070865 -0.427346
vn -0.894604 -0.034713 -0.445510
vn -0.781994 -0.060894 -0.620305
vn -0.770714 -0.127168 -0.624362
vn -0.894604 -0.034713 -0.445510
vn -0.897854 -0.007546 -0.440229
vn -0.800726 -0.004124 -0.599017
vn -0.781994 -0.060894 -0.620305
vn -0.622952 -0.004024 -0.782250
vn -0.512165 -0.095264 -0.853588
vn -0.781994 -0.060894 -0.620305
vn -0.800726 -0.004124 -0.599017
vn -0.512165 -0.095264 -0.853588
vn -0.541353 -0.182878 -0.820666
vn -0.770714 -0.127168 -0.624362
vn -0.781994 -0.060894 -0.620305
vn -0.541353 -0.182878 -0.820666
vn -0.546652 -0.278786 -0.789588
vn -0.774497 -0.191628 -0.602854
vn -0.770714 -0.127168 -0.624362
vn -0.546652 -0.278786 -0.789588
vn -0.520270 -0.391007 -0.759232
vn -0.779828 -0.250831 -0.573543
vn -0.774497 -0.191628 -0.602854
vn -0.520270 -0.391007 -0.759232
vn -0.542614 -0.451388 -0.708392
vn -0.786337 -0.303815 -0.537932
vn -0.779828 -0.250831 -0.573543
vn -0.542614 -0.451388 -0.708392
vn -0.540726 -0.539074 -0.645767
vn -0.793495 -0.347402 -0.499678
vn -0.786337 -0.303815 -0.537932
vn -0.540726 -0.539074 -0.645767
vn -0.538464 -0.581857 -0.609508
vn -0.804257 -0.367994 -0.466637
vn -0.793495 -0.347402 -0.499678
vn -0.538464 -0.581857 -0.609508
vn -0.686455 -0.507630 -0.520663
vn -0.825709 -0.359138 -0.434999
vn -0.804257 -0.367994 -0.466637
vn 0.167007 0.009509 -0.985910
vn -0.157341 -0.056695 -0.985916
vn -0.137329 0.028305 -0.990121
vn -0.137329 0.028305 -0.990121
vn -0.157341 -0.056695 -0.985916
vn -0.512165 -0.095264 -0.853588
vn -0.393701 0.006794 -0.919213
vn -0.983912 0.041809 -0.173695
vn -0.949119 0.302349 -0.088084
vn -0.974793 0.186570 -0.122354
vn -0.981490 0.061751 -0.181286
vn -0.969335 0.142487 -0.200217
vn -0.983912 0.041809 -0.173695
vn -0.982266 0.059214 -0.177898
vn -0.006892 0.999976 -0.001226
vn -0.165596 0.985759 -0.029270
vn -0.152707 0.987885 -0.027646
vn -0.057515 0.997487 -0.041379
vn -0.979157 0.137810 -0.149195
vn -0.979614 0.129114 -0.153900
vn -0.983912 0.041809 -0.173695
vn -0.974793 0.186570 -0.122354
vn -0.194437 -0.002146 0.980913
vn -0.171782 0.159587 0.972123
vn -0.179542 0.122843 0.976050
vn -0.993800 0.026951 -0.107871
vn -0.997199 0.072768 -0.017296
vn -0.984742 -0.000002 -0.174018
vn -0.991735 0.013800 -0.127562
vn -0.999891 -0.000001 -0.014780
vn -0.996251 0.005658 -0.086322
vn -0.993347 0.009420 -0.114773
vn -0.986939 -0.000001 0.161092
vn -0.996251 0.005658 -0.086322
vn -0.999173 0.040646 -0.000755
vn -0.992174 0.013156 -0.124169
vn -0.993347 0.009420 -0.114773
vn -0.969682 0.000179 -0.244371
vn -0.960502 0.020713 -0.277502
vn -0.983142 0.000605 -0.182844
vn -0.982871 0.000000 -0.184296
vn 0.000050 -1.000000 0.000009
vn 0.000063 -1.000000 0.000002
vn 0.000057 -1.000000 0.000005
vn -0.983142 0.000605 -0.182844
vn -0.960502 0.020713 -0.277502
vn -0.968752 0.188372 -0.161353
vn -0.983927 0.050709 -0.171221
vn -0.973514 -0.044665 -0.224223
vn -0.975386 -0.041128 -0.216636
vn -0.984743 -0.000001 -0.174013
vn -0.983603 -0.005055 -0.180278
vn -0.975386 -0.041128 -0.216636
vn -0.976237 -0.042966 -0.212403
vn -0.984744 0.000000 -0.174012
vn -0.984743 -0.000001 -0.174013
vn 0.085639 -0.804801 -0.587333
vn 0.087621 -0.864135 -0.495574
vn 0.084758 -0.838666 -0.538011
vn -0.980117 -0.027494 -0.196504
vn -0.981539 -0.019365 -0.190282
vn -0.984743 -0.000001 -0.174013
vn -0.981634 -0.019449 -0.189781
vn -0.984743 -0.000001 -0.174013
vn -0.981539 -0.019365 -0.190282
vn -0.984687 -0.000476 -0.174329
vn -0.981539 -0.019365 -0.190282
vn -0.978747 -0.040667 -0.200998
vn -0.983316 -0.022687 -0.180483
vn -0.984687 -0.000476 -0.174329
vn -0.984687 -0.000476 -0.174329
vn -0.983316 -0.022687 -0.180483
vn -0.983806 -0.008671 -0.179025
vn -0.984743 -0.000001 -0.174013
vn -0.984743 -0.000001 -0.174013
vn -0.984743 -0.000002 -0.174013
vn -0.984743 -0.000002 -0.174013
vn -0.984743 -0.000003 -0.174013
vn -0.984743 -0.000003 -0.174013
vn -0.984743 -0.000002 -0.174013
vn -0.984743 -0.000003 -0.174013
vn -0.007667 0.999935 -0.008464
vn -0.324507 0.944144 -0.057343
vn -0.305392 0.950286 -0.060756
vn -0.172409 0.984459 -0.033410
vn -0.022187 -0.999499 0.022576
vn -0.116839 -0.992026 -0.047254
vn -0.132379 -0.989940 -0.049944
vn -0.154132 -0.987675 -0.027229
vn -0.983927 0.050709 -0.171221
vn -0.984687 -0.000476 -0.174329
vn -0.983142 0.000605 -0.182844
vn -0.983142 0.000605 -0.182844
vn -0.984687 -0.000476 -0.174329
vn -0.983806 -0.008671 -0.179025
vn -0.984527 -0.001956 -0.175225
vn -0.984743 0.000000 -0.174013
vn -0.984743 -0.000001 -0.174013
vn -0.984743 -0.000002 -0.174013
vn -0.984743 -0.000001 -0.174013
vn -0.984743 -0.000002 -0.174013
vn -0.984743 -0.000001 -0.174013
vn -0.984743 -0.000003 -0.174013
vn -0.983603 -0.005055 -0.180278
vn -0.984743 -0.000002 -0.174015
vn -0.972321 -0.039498 -0.230285
vn -0.974418 -0.034792 -0.222034
vn -0.984743 -0.000002 -0.174015
vn -0.984743 -0.000001 -0.174013
vn -0.970349 -0.034429 -0.239245
vn -0.972321 -0.039498 -0.230285
vn -0.984743 -0.000001 -0.174013
vn -0.984744 -0.000004 -0.174009
vn -0.967344 -0.034871 -0.251056
vn -0.970349 -0.034429 -0.239245
vn -0.967344 -0.034871 -0.251056
vn -0.984744 -0.000004 -0.174009
vn -0.964408 -0.032339 -0.262434
vn -0.984743 -0.000001 -0.174013
vn -0.984743 0.000000 -0.174013
vn -0.993347 0.009420 -0.114773
vn -0.984743 -0.000001 -0.174013
vn -0.993347 0.009420 -0.114773
vn -0.984743 0.000000 -0.174013
vn -0.984744 -0.000001 -0.174012
vn -0.984744 0.000000 -0.174012
vn -0.984744 -0.000001 -0.174011
vn -0.984744 0.000000 -0.174012
vn -0.992174 0.013156 -0.124169
vn -0.984744 0.000000 -0.174012
vn -0.984744 0.000000 -0.174012
vn -0.984744 0.000000 -0.174012
vn -0.993347 0.009420 -0.114773
vn -0.992174 0.013156 -0.124169
vn -0.993347 0.009420 -0.114773
vn -0.984744 0.000000 -0.174012
vn -0.984743 -0.000001 -0.174013
vn -0.984743 0.000000 -0.174013
vn -0.984743 0.000000 -0.174013
vn -0.993347 0.009420 -0.114773
vn -0.984743 -0.000001 -0.174013
vn -0.993347 0.009420 -0.114773
vn -0.984743 0.000000 -0.174013
vn -0.984743 -0.000001 -0.174013
vn -0.984743 -0.000002 -0.174013
vn -0.984744 0.000000 -0.174012
vn -0.984744 -0.000001 -0.174012
vn -0.984743 -0.000002 -0.174013
vn 0.001434 0.999966 -0.008115
vn 0.018471 0.986751 -0.161189
vn -0.057515 0.997487 -0.041379
vn -0.152707 0.987885 -0.027646
vn 0.000002 1.000000 -0.000011
vn 0.000002 1.000000 -0.000007
vn -0.004463 0.999824 0.018243
vn -0.019168 0.996742 0.078347
vn 0.000002 1.000000 -0.000007
vn -0.006892 0.999976 -0.001226
vn -0.057515 0.997487 -0.041379
vn -0.004463 0.999824 0.018243
vn 0.077211 0.887985 -0.453345
vn 0.055589 0.931711 -0.358921
vn 0.030272 0.970721 -0.238295
vn 0.030272 0.970721 -0.238295
vn 0.055589 0.931711 -0.358921
vn -0.057515 0.997487 -0.041379
vn 0.018471 0.986751 -0.161189
vn -0.004463 0.999824 0.018243
vn -0.072296 0.912200 0.403316
vn -0.048987 0.974524 0.218869
vn -0.019168 0.996742 0.078347
vn -0.072296 0.912200 0.403316
vn -0.076917 0.892843 0.443752
vn -0.056929 0.954825 0.291664
vn -0.048987 0.974524 0.218869
vn 0.883369 0.424718 0.198174
vn 0.947057 0.258601 0.190287
vn 0.964215 0.207078 0.165557
vn 0.908379 0.388801 0.153887
vn 0.968090 0.161023 0.192026
vn 0.984474 0.009607 0.175266
vn 0.984761 0.005631 0.173823
vn 0.964215 0.207078 0.165557
vn 0.999057 0.043412 0.000153
vn 0.997089 0.071844 -0.025535
vn 0.985191 0.000800 0.171460
vn 0.999153 0.035272 -0.021218
vn 0.999892 0.014504 0.002418
vn 0.977457 0.031986 -0.208700
vn 0.974697 0.066324 -0.213465
vn 0.974697 0.066324 -0.213465
vn 0.977457 0.031986 -0.208700
vn 0.915191 0.049773 -0.399934
vn 0.912980 0.096013 -0.396547
vn 0.912980 0.096013 -0.396547
vn 0.915191 0.049773 -0.399934
vn 0.822771 0.065421 -0.564595
vn 0.816298 0.122197 -0.564558
vn 0.816298 0.122197 -0.564558
vn 0.822771 0.065421 -0.564595
vn 0.691032 0.078516 -0.718547
vn 0.688307 0.143896 -0.711005
vn 0.688307 0.143896 -0.711005
vn 0.691032 0.078516 -0.718547
vn 0.542504 0.088192 -0.835411
vn 0.546130 0.154112 -0.823402
vn 0.546130 0.154112 -0.823402
vn 0.542504 0.088192 -0.835411
vn 0.334759 0.100020 -0.936980
vn 0.292119 0.157387 -0.943343
vn 0.292119 0.157387 -0.943343
vn 0.334759 0.100020 -0.936980
vn 0.174834 0.111440 -0.978271
vn 0.174995 0.220075 -0.959658
vn 0.985191 0.000800 0.171460
vn 0.985248 0.000590 0.171133
vn 0.999153 0.035272 -0.021218
vn 0.999057 0.043412 0.000153
vn 0.999153 0.035272 -0.021218
vn 0.985248 0.000590 0.171133
vn 0.999892 0.014504 0.002418
vn 0.985666 -0.000112 0.168709
vn 0.999892 0.014504 0.002418
vn 0.985248 0.000590 0.171133
vn 0.985191 0.000800 0.171460
vn 0.985843 0.003431 0.167634
vn 0.984743 -0.000000 0.174013
vn 0.985843 0.003431 0.167634
vn 0.997089 0.071844 -0.025535
vn 0.995066 0.095439 -0.027099
vn 0.995066 0.095439 -0.027099
vn 0.993501 0.113639 -0.006523
vn 0.985510 0.002803 0.169597
vn 0.985843 0.003431 0.167634
vn 0.993501 0.113639 -0.006523
vn 0.991019 0.133094 0.012977
vn 0.985343 0.002564 0.170565
vn 0.985510 0.002803 0.169597
vn 0.985343 0.002564 0.170565
vn 0.985214 0.003097 0.171303
vn 0.984743 -0.000000 0.174013
vn 0.985214 0.003097 0.171303
vn 0.991019 0.133094 0.012977
vn 0.988416 0.147831 0.034357
vn 0.988416 0.147831 0.034357
vn 0.987258 0.147807 0.058956
vn 0.985028 0.002402 0.172380
vn 0.985214 0.003097 0.171303
vn 0.985028 0.002402 0.172380
vn 0.987258 0.147807 0.058956
vn 0.982088 0.175970 0.067368
vn 0.985028 0.002402 0.172380
vn 0.985032 0.004149 0.172322
vn 0.984743 0.000000 0.174014
vn 0.985032 0.004149 0.172322
vn 0.982088 0.175970 0.067368
vn 0.978971 0.184349 0.087356
vn 0.978971 0.184349 0.087356
vn 0.978882 0.171017 0.111996
vn 0.984860 0.002593 0.173333
vn 0.985032 0.004149 0.172322
vn 0.984860 0.002593 0.173333
vn 0.978882 0.171017 0.111996
vn 0.974668 0.179611 0.133274
vn 0.974668 0.179611 0.133274
vn 0.972147 0.181560 0.148208
vn 0.984816 0.005477 0.173516
vn 0.984860 0.002593 0.173333
vn 0.972147 0.181560 0.148208
vn 0.964215 0.207078 0.165557
vn 0.984761 0.005631 0.173823
vn 0.984816 0.005477 0.173516
vn 0.968090 0.161023 0.192026
vn 0.964215 0.207078 0.165557
vn 0.947057 0.258601 0.190287
vn 0.973497 0.096015 -0.207567
vn 0.971643 0.129583 -0.197782
vn 0.997089 0.071844 -0.025535
vn 0.999057 0.043412 0.000153
vn 0.971643 0.129583 -0.197782
vn 0.968830 0.167519 -0.182498
vn 0.995066 0.095439 -0.027099
vn 0.997089 0.071844 -0.025535
vn 0.968830 0.167519 -0.182498
vn 0.964909 0.207633 -0.160748
vn 0.993501 0.113639 -0.006523
vn 0.995066 0.095439 -0.027099
vn 0.964909 0.207633 -0.160748
vn 0.960010 0.246411 -0.132900
vn 0.991019 0.133094 0.012977
vn 0.993501 0.113639 -0.006523
vn 0.960010 0.246411 -0.132900
vn 0.954518 0.280333 -0.101535
vn 0.988416 0.147831 0.034357
vn 0.991019 0.133094 0.012977
vn 0.954518 0.280333 -0.101535
vn 0.948802 0.308273 -0.068866
vn 0.987258 0.147807 0.058956
vn 0.988416 0.147831 0.034357
vn 0.948802 0.308273 -0.068866
vn 0.942903 0.331191 -0.035307
vn 0.982088 0.175970 0.067368
vn 0.987258 0.147807 0.058956
vn 0.942903 0.331191 -0.035307
vn 0.936694 0.350149 -0.000091
vn 0.978971 0.184349 0.087356
vn 0.982088 0.175970 0.067368
vn 0.936694 0.350149 -0.000091
vn 0.930131 0.365336 0.037215
vn 0.978882 0.171017 0.111996
vn 0.978971 0.184349 0.087356
vn 0.930131 0.365336 0.037215
vn 0.923211 0.376603 0.076499
vn 0.974668 0.179611 0.133274
vn 0.978882 0.171017 0.111996
vn 0.923211 0.376603 0.076499
vn 0.916186 0.383511 0.116285
vn 0.972147 0.181560 0.148208
vn 0.974668 0.179611 0.133274
vn 0.916186 0.383511 0.116285
vn 0.908379 0.388801 0.153887
vn 0.964215 0.207078 0.165557
vn 0.972147 0.181560 0.148208
vn 0.911250 0.139027 -0.387680
vn 0.908622 0.187565 -0.373130
vn 0.971643 0.129583 -0.197782
vn 0.973497 0.096015 -0.207567
vn 0.908622 0.187565 -0.373130
vn 0.904639 0.242228 -0.350649
vn 0.968830 0.167519 -0.182498
vn 0.971643 0.129583 -0.197782
vn 0.904639 0.242228 -0.350649
vn 0.899091 0.299850 -0.318945
vn 0.964909 0.207633 -0.160748
vn 0.968830 0.167519 -0.182498
vn 0.899091 0.299850 -0.318945
vn 0.892137 0.355548 -0.278706
vn 0.960010 0.246411 -0.132900
vn 0.964909 0.207633 -0.160748
vn 0.892137 0.355548 -0.278706
vn 0.884301 0.404334 -0.233508
vn 0.954518 0.280333 -0.101535
vn 0.960010 0.246411 -0.132900
vn 0.884301 0.404334 -0.233508
vn 0.876134 0.444568 -0.186412
vn 0.948802 0.308273 -0.068866
vn 0.954518 0.280333 -0.101535
vn 0.876134 0.444568 -0.186412
vn 0.867712 0.477538 -0.137964
vn 0.942903 0.331191 -0.035307
vn 0.948802 0.308273 -0.068866
vn 0.867712 0.477538 -0.137964
vn 0.858849 0.504767 -0.087117
vn 0.936694 0.350149 -0.000091
vn 0.942903 0.331191 -0.035307
vn 0.858849 0.504767 -0.087117
vn 0.849479 0.526571 -0.033299
vn 0.930131 0.365336 0.037215
vn 0.936694 0.350149 -0.000091
vn 0.849479 0.526571 -0.033299
vn 0.839582 0.542732 0.023338
vn 0.923211 0.376603 0.076499
vn 0.930131 0.365336 0.037215
vn 0.839582 0.542732 0.023338
vn 0.829498 0.552651 0.080679
vn 0.916186 0.383511 0.116285
vn 0.923211 0.376603 0.076499
vn 0.829498 0.552651 0.080679
vn 0.821664 0.553829 0.134690
vn 0.908379 0.388801 0.153887
vn 0.916186 0.383511 0.116285
vn 0.821664 0.553829 0.134690
vn 0.815643 0.545220 0.193553
vn 0.883369 0.424718 0.198174
vn 0.908379 0.388801 0.153887
vn 0.813977 0.177026 -0.553266
vn 0.810560 0.238865 -0.534731
vn 0.908622 0.187565 -0.373130
vn 0.911250 0.139027 -0.387680
vn 0.810560 0.238865 -0.534731
vn 0.805440 0.308354 -0.506147
vn 0.904639 0.242228 -0.350649
vn 0.908622 0.187565 -0.373130
vn 0.805440 0.308354 -0.506147
vn 0.798343 0.381488 -0.465957
vn 0.899091 0.299850 -0.318945
vn 0.904639 0.242228 -0.350649
vn 0.798343 0.381488 -0.465957
vn 0.789417 0.452224 -0.415107
vn 0.892137 0.355548 -0.278706
vn 0.899091 0.299850 -0.318945
vn 0.789417 0.452224 -0.415107
vn 0.779299 0.514322 -0.358002
vn 0.884301 0.404334 -0.233508
vn 0.892137 0.355548 -0.278706
vn 0.779299 0.514322 -0.358002
vn 0.768729 0.565691 -0.298413
vn 0.876134 0.444568 -0.186412
vn 0.884301 0.404334 -0.233508
vn 0.768729 0.565691 -0.298413
vn 0.757846 0.607876 -0.236973
vn 0.867712 0.477538 -0.137964
vn 0.876134 0.444568 -0.186412
vn 0.757846 0.607876 -0.236973
vn 0.746421 0.642756 -0.172397
vn 0.858849 0.504767 -0.087117
vn 0.867712 0.477538 -0.137964
vn 0.746421 0.642756 -0.172397
vn 0.734365 0.670741 -0.103992
vn 0.849479 0.526571 -0.033299
vn 0.858849 0.504767 -0.087117
vn 0.734365 0.670741 -0.103992
vn 0.721648 0.691523 -0.031944
vn 0.839582 0.542732 0.023338
vn 0.849479 0.526571 -0.033299
vn 0.721648 0.691523 -0.031944
vn 0.708684 0.704330 0.041062
vn 0.829498 0.552651 0.080679
vn 0.839582 0.542732 0.023338
vn 0.708684 0.704330 0.041062
vn 0.682272 0.722677 0.110647
vn 0.821664 0.553829 0.134690
vn 0.829498 0.552651 0.080679
vn 0.682272 0.722677 0.110647
vn 0.617248 0.766368 0.178002
vn 0.815643 0.545220 0.193553
vn 0.821664 0.553829 0.134690
vn 0.685425 0.208488 -0.697657
vn 0.681323 0.281295 -0.675775
vn 0.810560 0.238865 -0.534731
vn 0.813977 0.177026 -0.553266
vn 0.681323 0.281295 -0.675775
vn 0.675256 0.362930 -0.642115
vn 0.805440 0.308354 -0.506147
vn 0.810560 0.238865 -0.534731
vn 0.675256 0.362930 -0.642115
vn 0.666885 0.448686 -0.594933
vn 0.798343 0.381488 -0.465957
vn 0.805440 0.308354 -0.506147
vn 0.666885 0.448686 -0.594933
vn 0.656314 0.531618 -0.535382
vn 0.789417 0.452224 -0.415107
vn 0.798343 0.381488 -0.465957
vn 0.656314 0.531618 -0.535382
vn 0.644257 0.604493 -0.468531
vn 0.779299 0.514322 -0.358002
vn 0.789417 0.452224 -0.415107
vn 0.644257 0.604493 -0.468531
vn 0.631634 0.664874 -0.398725
vn 0.768729 0.565691 -0.298413
vn 0.779299 0.514322 -0.358002
vn 0.631634 0.664874 -0.398725
vn 0.618664 0.714528 -0.326655
vn 0.757846 0.607876 -0.236973
vn 0.768729 0.565691 -0.298413
vn 0.618664 0.714528 -0.326655
vn 0.605078 0.755614 -0.250856
vn 0.746421 0.642756 -0.172397
vn 0.757846 0.607876 -0.236973
vn 0.605078 0.755614 -0.250856
vn 0.590772 0.788608 -0.170546
vn 0.734365 0.670741 -0.103992
vn 0.746421 0.642756 -0.172397
vn 0.590772 0.788608 -0.170546
vn 0.575703 0.813131 -0.085925
vn 0.721648 0.691523 -0.031944
vn 0.734365 0.670741 -0.103992
vn 0.575703 0.813131 -0.085925
vn 0.560335 0.828266 -0.000138
vn 0.708684 0.704330 0.041062
vn 0.721648 0.691523 -0.031944
vn 0.560335 0.828266 -0.000138
vn 0.547142 0.832965 0.082493
vn 0.682272 0.722677 0.110647
vn 0.708684 0.704330 0.041062
vn 0.547142 0.832965 0.082493
vn 0.528731 0.832265 0.166669
vn 0.617248 0.766368 0.178002
vn 0.682272 0.722677 0.110647
vn 0.517111 0.233974 -0.823318
vn 0.538683 0.304736 -0.785466
vn 0.681323 0.281295 -0.675775
vn 0.685425 0.208488 -0.697657
vn 0.538683 0.304736 -0.785466
vn 0.514659 0.398173 -0.759331
vn 0.675256 0.362930 -0.642115
vn 0.681323 0.281295 -0.675775
vn 0.514659 0.398173 -0.759331
vn 0.500573 0.501419 -0.705695
vn 0.666885 0.448686 -0.594933
vn 0.675256 0.362930 -0.642115
vn 0.500573 0.501419 -0.705695
vn 0.499631 0.590174 -0.634084
vn 0.656314 0.531618 -0.535382
vn 0.666885 0.448686 -0.594933
vn 0.499631 0.590174 -0.634084
vn 0.499446 0.661228 -0.559759
vn 0.644257 0.604493 -0.468531
vn 0.656314 0.531618 -0.535382
vn 0.499446 0.661228 -0.559759
vn 0.461153 0.741649 -0.487130
vn 0.631634 0.664874 -0.398725
vn 0.644257 0.604493 -0.468531
vn 0.461153 0.741649 -0.487130
vn 0.458430 0.792383 -0.402456
vn 0.618664 0.714528 -0.326655
vn 0.631634 0.664874 -0.398725
vn 0.458430 0.792383 -0.402456
vn 0.456881 0.829810 -0.320430
vn 0.605078 0.755614 -0.250856
vn 0.618664 0.714528 -0.326655
vn 0.456881 0.829810 -0.320430
vn 0.416370 0.878958 -0.232528
vn 0.590772 0.788608 -0.170546
vn 0.605078 0.755614 -0.250856
vn 0.416370 0.878958 -0.232528
vn 0.411316 0.901367 -0.135486
vn 0.575703 0.813131 -0.085925
vn 0.590772 0.788608 -0.170546
vn 0.411316 0.901367 -0.135486
vn 0.408112 0.911836 -0.044717
vn 0.560335 0.828266 -0.000138
vn 0.575703 0.813131 -0.085925
vn 0.408112 0.911836 -0.044717
vn 0.325154 0.944579 0.045234
vn 0.547142 0.832965 0.082493
vn 0.560335 0.828266 -0.000138
vn 0.325154 0.944579 0.045234
vn 0.234734 0.964192 0.123425
vn 0.528731 0.832265 0.166669
vn 0.547142 0.832965 0.082493
vn 0.915191 0.049773 -0.399934
vn 0.916626 -0.005520 -0.399708
vn 0.826978 -0.007162 -0.562189
vn 0.822771 0.065421 -0.564595
vn 0.691032 0.078516 -0.718547
vn 0.692722 -0.008089 -0.721159
vn 0.547775 0.056687 -0.834703
vn 0.542504 0.088192 -0.835411
vn 0.542504 0.088192 -0.835411
vn 0.547775 0.056687 -0.834703
vn 0.383745 0.004565 -0.923428
vn 0.334759 0.100020 -0.936980
vn 0.174834 0.111440 -0.978271
vn 0.175116 0.008697 -0.984509
vn 0.167007 0.009509 -0.985910
vn 0.164935 0.112070 -0.979917
vn 0.300369 0.264296 -0.916475
vn 0.311750 0.313391 -0.896994
vn 0.538683 0.304736 -0.785466
vn 0.517111 0.233974 -0.823318
vn 0.538683 0.304736 -0.785466
vn 0.311750 0.313391 -0.896994
vn 0.514659 0.398173 -0.759331
vn 0.311750 0.313391 -0.896994
vn 0.168064 0.345649 -0.923191
vn 0.278512 0.420977 -0.863255
vn 0.514659 0.398173 -0.759331
vn 0.514659 0.398173 -0.759331
vn 0.278512 0.420977 -0.863255
vn 0.500573 0.501419 -0.705695
vn 0.278512 0.420977 -0.863255
vn 0.164266 0.432891 -0.886353
vn 0.348467 0.537588 -0.767835
vn 0.500573 0.501419 -0.705695
vn 0.348467 0.537588 -0.767835
vn 0.288177 0.642246 -0.710264
vn 0.499631 0.590174 -0.634084
vn 0.500573 0.501419 -0.705695
vn 0.288177 0.642246 -0.710264
vn 0.255915 0.699557 -0.667179
vn 0.499446 0.661228 -0.559759
vn 0.499631 0.590174 -0.634084
vn 0.499446 0.661228 -0.559759
vn 0.255915 0.699557 -0.667179
vn 0.461153 0.741649 -0.487130
vn 0.255915 0.699557 -0.667179
vn 0.125500 0.732890 -0.668672
vn 0.305110 0.785844 -0.537919
vn 0.461153 0.741649 -0.487130
vn 0.305110 0.785844 -0.537919
vn 0.235349 0.856076 -0.460157
vn 0.458430 0.792383 -0.402456
vn 0.461153 0.741649 -0.487130
vn 0.235349 0.856076 -0.460157
vn 0.202306 0.887447 -0.414139
vn 0.456881 0.829810 -0.320430
vn 0.458430 0.792383 -0.402456
vn 0.456881 0.829810 -0.320430
vn 0.202306 0.887447 -0.414139
vn 0.416370 0.878958 -0.232528
vn 0.202306 0.887447 -0.414139
vn 0.080467 0.907993 -0.411185
vn 0.258588 0.927933 -0.268465
vn 0.416370 0.878958 -0.232528
vn 0.258588 0.927933 -0.268465
vn 0.193765 0.965715 -0.172769
vn 0.411316 0.901367 -0.135486
vn 0.416370 0.878958 -0.232528
vn 0.193765 0.965715 -0.172769
vn 0.162860 0.979883 -0.115351
vn 0.408112 0.911836 -0.044717
vn 0.411316 0.901367 -0.135486
vn 0.408112 0.911836 -0.044717
vn 0.162860 0.979883 -0.115351
vn 0.325154 0.944579 0.045234
vn 0.162860 0.979883 -0.115351
vn 0.019497 0.997197 -0.072232
vn 0.119755 0.992682 0.015546
vn 0.325154 0.944579 0.045234
vn 0.119755 0.992682 0.015546
vn 0.001697 0.998912 0.046609
vn 0.234734 0.964192 0.123425
vn 0.325154 0.944579 0.045234
vn 0.999057 0.043412 0.000153
vn 0.999153 0.035272 -0.021218
vn 0.974697 0.066324 -0.213465
vn 0.973497 0.096015 -0.207567
vn 0.973497 0.096015 -0.207567
vn 0.974697 0.066324 -0.213465
vn 0.912980 0.096013 -0.396547
vn 0.911250 0.139027 -0.387680
vn 0.911250 0.139027 -0.387680
vn 0.912980 0.096013 -0.396547
vn 0.816298 0.122197 -0.564558
vn 0.813977 0.177026 -0.553266
vn 0.813977 0.177026 -0.553266
vn 0.816298 0.122197 -0.564558
vn 0.688307 0.143896 -0.711005
vn 0.685425 0.208488 -0.697657
vn 0.685425 0.208488 -0.697657
vn 0.688307 0.143896 -0.711005
vn 0.546130 0.154112 -0.823402
vn 0.517111 0.233974 -0.823318
vn 0.517111 0.233974 -0.823318
vn 0.546130 0.154112 -0.823402
vn 0.292119 0.157387 -0.943343
vn 0.292119 0.157387 -0.943343
vn 0.174995 0.220075 -0.959658
vn 0.300369 0.264296 -0.916475
vn 0.517111 0.233974 -0.823318
vn 0.174995 0.220075 -0.959658
vn 0.168064 0.345649 -0.923191
vn 0.311750 0.313391 -0.896994
vn 0.300369 0.264296 -0.916475
vn 0.278512 0.420977 -0.863255
vn 0.168064 0.345649 -0.923191
vn 0.164266 0.432891 -0.886353
vn 0.348467 0.537588 -0.767835
vn 0.164266 0.432891 -0.886353
vn 0.147739 0.562846 -0.813251
vn 0.147739 0.562846 -0.813251
vn 0.135963 0.656149 -0.742282
vn 0.288177 0.642246 -0.710264
vn 0.348467 0.537588 -0.767835
vn 0.135963 0.656149 -0.742282
vn 0.125500 0.732890 -0.668672
vn 0.255915 0.699557 -0.667179
vn 0.288177 0.642246 -0.710264
vn 0.305110 0.785844 -0.537919
vn 0.125500 0.732890 -0.668672
vn 0.104980 0.806153 -0.582319
vn 0.104980 0.806153 -0.582319
vn 0.090567 0.864855 -0.493785
vn 0.235349 0.856076 -0.460157
vn 0.305110 0.785844 -0.537919
vn 0.090567 0.864855 -0.493785
vn 0.080467 0.907993 -0.411185
vn 0.202306 0.887447 -0.414139
vn 0.235349 0.856076 -0.460157
vn 0.258588 0.927933 -0.268465
vn 0.080467 0.907993 -0.411185
vn 0.057132 0.951173 -0.303324
vn 0.057132 0.951173 -0.303324
vn 0.040012 0.979036 -0.199719
vn 0.193765 0.965715 -0.172769
vn 0.258588 0.927933 -0.268465
vn 0.040012 0.979036 -0.199719
vn 0.019497 0.997197 -0.072232
vn 0.162860 0.979883 -0.115351
vn 0.193765 0.965715 -0.172769
vn 0.119755 0.992682 0.015546
vn 0.019497 0.997197 -0.072232
vn 0.001697 0.998912 0.046609
vn 0.737159 0.144998 0.659979
vn 0.849255 0.100941 0.518243
vn 0.844308 0.141730 0.516775
vn 0.595145 0.254006 0.762419
vn 0.239126 0.230158 0.943317
vn 0.549546 0.187805 0.814082
vn 0.211985 0.334441 0.918266
vn 0.549546 0.187805 0.814082
vn 0.737159 0.144998 0.659979
vn 0.595145 0.254006 0.762419
vn 0.211985 0.334441 0.918266
vn 0.595145 0.254006 0.762419
vn 0.565278 0.314783 0.762478
vn 0.263369 0.391429 0.881714
vn 0.211985 0.334441 0.918266
vn -0.144620 0.440965 0.885796
vn -0.148128 0.415549 0.897428
vn 0.263369 0.391429 0.881714
vn 0.297008 0.423923 0.855614
vn 0.263369 0.391429 0.881714
vn -0.148128 0.415549 0.897428
vn -0.153581 0.347675 0.924951
vn 0.211985 0.334441 0.918266
vn 0.211985 0.334441 0.918266
vn -0.153581 0.347675 0.924951
vn -0.162036 0.237865 0.957687
vn 0.239126 0.230158 0.943317
vn 0.980866 0.010853 0.194381
vn 0.857592 0.170736 0.485166
vn 0.848471 0.165932 0.502557
vn 0.981128 0.009351 0.193135
vn 0.981128 0.009351 0.193135
vn 0.848471 0.165932 0.502557
vn 0.844308 0.141730 0.516775
vn 0.980762 0.008547 0.195019
vn 0.980762 0.008547 0.195019
vn 0.844308 0.141730 0.516775
vn 0.849255 0.100941 0.518243
vn 0.983919 0.001448 0.178610
vn 0.857592 0.170736 0.485166
vn 0.571507 0.331452 0.750679
vn 0.565278 0.314783 0.762478
vn 0.848471 0.165932 0.502557
vn 0.565278 0.314783 0.762478
vn 0.595145 0.254006 0.762419
vn 0.844308 0.141730 0.516775
vn 0.848471 0.165932 0.502557
vn 0.571507 0.331452 0.750679
vn 0.297008 0.423923 0.855614
vn 0.263369 0.391429 0.881714
vn 0.565278 0.314783 0.762478
vn -0.144620 0.440965 0.885796
vn 0.297008 0.423923 0.855614
vn -0.147303 0.491292 0.858449
vn -0.984744 -0.000001 -0.174011
vn -0.985701 -0.000039 -0.168503
vn -0.996251 0.005658 -0.086322
vn -0.999891 -0.000001 -0.014780
vn -0.996251 0.005658 -0.086322
vn -0.985701 -0.000039 -0.168503
vn -0.989258 0.008907 -0.145908
vn -0.183123 0.237081 0.954075
vn -0.504774 0.215094 0.836025
vn -0.510989 0.205911 0.834560
vn -0.184697 0.219703 0.957924
vn -0.929459 0.112834 0.351248
vn -0.766569 0.166086 0.620313
vn -0.761618 0.175259 0.623877
vn -0.881249 0.146315 0.449435
vn -0.761618 0.175259 0.623877
vn -0.766569 0.166086 0.620313
vn -0.510989 0.205911 0.834560
vn -0.504774 0.215094 0.836025
vn -0.999173 0.040646 -0.000755
vn -0.996251 0.005658 -0.086322
vn -0.989258 0.008907 -0.145908
vn -0.999180 0.028202 -0.029047
vn -0.999180 0.028202 -0.029047
vn -0.999222 0.033763 0.020381
vn -0.994508 0.057717 0.087311
vn -0.999173 0.040646 -0.000755
vn -0.994508 0.057717 0.087311
vn -0.929459 0.112834 0.351248
vn -0.963232 0.099300 0.249646
vn -0.999173 0.040646 -0.000755
vn -0.963232 0.099300 0.249646
vn -0.929459 0.112834 0.351248
vn -0.881249 0.146315 0.449435
vn -0.172141 0.216774 0.960925
vn -0.184697 0.219703 0.957924
vn -0.345186 0.215379 0.913487
vn -0.345186 0.215379 0.913487
vn -0.184697 0.219703 0.957924
vn -0.510989 0.205911 0.834560
vn -0.514862 0.204756 0.832462
vn -0.514862 0.204756 0.832462
vn -0.510989 0.205911 0.834560
vn -0.766569 0.166086 0.620313
vn -0.757548 0.167709 0.630868
vn -0.757548 0.167709 0.630868
vn -0.766569 0.166086 0.620313
vn -0.929459 0.112834 0.351248
vn -0.886609 0.130249 0.443801
vn -0.886609 0.130249 0.443801
vn -0.929459 0.112834 0.351248
vn -0.994508 0.057717 0.087311
vn 0.000063 -1.000000 0.000002
vn 0.000003 -1.000000 0.000000
vn 0.000018 -1.000000 0.000001
vn 0.000057 -1.000000 0.000005
vn 0.000018 -1.000000 0.000001
vn 0.000003 -1.000000 0.000000
vn 0.000000 -1.000000 0.000000
vn 0.000001 -1.000000 0.000000
vn 0.985158 -0.002804 0.171629
vn 0.989534 -0.024955 0.142125
vn 0.984689 -0.010576 0.174002
vn 0.984721 -0.006791 0.174008
vn 0.000000 -1.000000 0.000000
vn 0.000000 -1.000000 0.000000
vn 0.000000 -1.000000 0.000000
vn 0.000000 -1.000000 0.000000
vn 0.000000 -1.000000 0.000000
vn 0.000000 -1.000000 0.000000
vn 0.000000 -1.000000 0.000000
vn 0.000000 -1.000000 0.000000
vn 0.000000 -1.000000 0.000000
vn 0.000018 -1.000000 0.000001
vn 0.000001 -1.000000 0.000000
vn 0.000000 -1.000000 0.000000
vn 0.000000 -1.000000 0.000000
vn 0.000000 -1.000000 0.000001
vn 0.000000 -1.000000 0.000000
vn 0.000000 -1.000000 0.000000
vn 0.000000 -1.000000 0.000000
vn 0.000000 -1.000000 0.000000
vn 0.000000 -1.000000 0.000000
vn 0.000000 -1.000000 0.000000
vn 0.000000 -1.000000 0.000000
vn 0.000000 -1.000000 0.000000
vn 0.000000 -1.000000 0.000000
vn 0.000000 -1.000000 0.000000
vn 0.000000 -1.000000 0.000001
vn 0.000000 -1.000000 0.000001
vn 0.000000 -1.000000 0.000001
vn 0.000000 -1.000000 0.000001
vn 0.000000 -1.000000 0.000000
vn 0.000001 -1.000000 0.000000
vn 0.000001 -1.000000 0.000000
vn 0.000000 -1.000000 0.000000
vn 0.000000 -1.000000 0.000000
vn 0.000000 -1.000000 0.000000
vn 0.000001 -1.000000 0.000001
vn 0.000000 -1.000000 0.000001
vn 0.000000 -1.000000 0.000000
vn 0.000000 -1.000000 0.000000
vn 0.000000 -1.000000 0.000000
vn 0.000000 -1.000000 0.000001
vn 0.000000 -1.000000 0.000001
vn 0.000000 -1.000000 0.000000
vn 0.000000 -1.000000 0.000001
vn 0.000001 -1.000000 0.000000
vn 0.000001 -1.000000 0.000000
vn 0.000000 -1.000000 0.000000
vn 0.000001 -1.000000 0.000000
vn 0.005844 -0.999436 -0.033070
vn 0.000005 -1.000000 -0.000005
vn 0.000001 -1.000000 0.000000
vn 0.000005 -1.000000 -0.000005
vn 0.005844 -0.999436 -0.033070
vn 0.005824 -0.999440 -0.032957
vn 0.005844 -0.999436 -0.033070
vn 0.006105 -0.999385 -0.034545
vn 0.005694 -0.999465 -0.032224
vn 0.005824 -0.999440 -0.032957
vn 0.005694 -0.999465 -0.032224
vn 0.000000 -1.000000 0.000000
vn 0.000000 -1.000000 0.000000
vn 0.005824 -0.999440 -0.032957
vn 0.000000 -1.000000 -0.000001
vn 0.000000 -1.000000 0.000000
vn 0.000000 -1.000000 0.000000
vn 0.000000 -1.000000 0.000000
vn 0.000000 -1.000000 0.000000
vn 0.000000 -1.000000 0.000000
vn 0.000000 -1.000000 0.000000
vn 0.000000 -1.000000 0.000000
vn 0.000000 -1.000000 -0.000002
vn 0.000001 -1.000000 0.000000
vn 0.000000 -1.000000 0.000001
vn 0.000000 -1.000000 0.000000
vn 0.000000 -1.000000 0.000000
vn 0.000000 -1.000000 0.000000
vn 0.000000 -1.000000 0.000000
vn 0.000000 -1.000000 0.000000
vn 0.000001 -1.000000 0.000000
vn 0.000001 -1.000000 0.000000
vn -0.007667 0.999935 -0.008464
vn -0.172409 0.984459 -0.033410
vn 0.000000 1.000000 0.000000
vn 0.000000 1.000000 0.000000
vn 0.000000 1.000000 0.000000
vn 0.000000 1.000000 0.000000
vn 0.000000 1.000000 0.000000
vn 0.000000 1.000000 0.000000
vn 0.000000 1.000000 0.000000
vn 0.000000 1.000000 0.000000
vn 0.000000 1.000000 0.000000
vn 0.002949 0.999856 -0.016684
vn 0.006851 0.998717 -0.050172
vn -0.007667 0.999935 -0.008464
vn 0.000021 1.000000 -0.000116
vn 0.000021 1.000000 -0.000116
vn -0.007667 0.999935 -0.008464
vn 0.000000 1.000000 0.000000
vn 0.000000 1.000000 0.000000
vn 0.016409 0.992641 -0.119979
vn -0.172409 0.984459 -0.033410
vn -0.305392 0.950286 -0.060756
vn -0.025496 0.995125 -0.095273
vn -0.033202 0.996785 -0.072915
vn -0.004187 0.999857 0.016368
vn -0.033831 0.996620 -0.074854
vn -0.033831 0.996620 -0.074854
vn -0.025496 0.995125 -0.095273
vn -0.305392 0.950286 -0.060756
vn -0.033202 0.996785 -0.072915
vn 0.985460 -0.001930 0.169898
vn 0.985577 -0.003207 0.169199
vn 0.994139 -0.107752 0.008741
vn 0.996581 -0.082439 -0.005400
vn 0.989623 -0.133176 0.053956
vn 0.985225 -0.003278 0.171236
vn 0.985014 -0.002076 0.172461
vn 0.988021 -0.136909 0.071209
vn 0.985326 -0.004712 0.170616
vn 0.985014 -0.002076 0.172461
vn 0.984689 -0.010576 0.174002
vn 0.985666 -0.000112 0.168709
vn 0.986480 -0.001167 0.163876
vn 0.999502 -0.023800 -0.020735
vn 0.999501 -0.002743 -0.031464
vn 0.493533 -0.402980 0.770735
vn 0.493533 -0.402980 0.770735
vn 0.527416 -0.005842 0.849587
vn 0.531471 -0.009780 0.847020
vn 0.000006 -1.000000 -0.000006
vn 0.000002 -1.000000 -0.000007
vn 0.000007 -1.000000 -0.000006
vn 0.000007 -1.000000 -0.000006
vn 0.000005 -1.000000 -0.000007
vn 0.000004 -1.000000 -0.000008
vn 0.000006 -1.000000 -0.000006
vn 0.000005 -1.000000 -0.000007
vn 0.000003 -1.000000 -0.000007
vn 0.000001 -1.000000 -0.000007
vn 0.000004 -1.000000 -0.000008
vn 0.000126 -1.000000 0.000109
vn -0.031304 -0.983682 0.177173
vn -0.030154 -0.984867 0.170669
vn 0.000097 -1.000000 0.000105
vn -0.030154 -0.984867 0.170669
vn -0.031304 -0.983682 0.177173
vn -0.022718 -0.991440 0.128570
vn -0.032774 -0.982102 0.185477
vn -0.022718 -0.991440 0.128570
vn -0.031304 -0.983682 0.177173
vn 0.000002 -1.000000 -0.000006
vn -0.022718 -0.991440 0.128570
vn 0.000002 -1.000000 -0.000006
vn 0.000001 -1.000000 -0.000006
vn 0.000001 -1.000000 -0.000006
vn 0.000001 -1.000000 -0.000007
vn 0.000003 -1.000000 -0.000007
vn -0.022718 -0.991440 0.128570
vn 0.000001 -1.000000 -0.000006
vn -0.000055 -1.000000 -0.000010
vn 0.000002 -1.000000 0.000019
vn -0.000014 -1.000000 0.000011
vn -0.000055 -1.000000 -0.000010
vn 0.000002 -1.000000 0.000019
vn -0.000071 -1.000000 0.000050
vn -0.030154 -0.984867 0.170669
vn -0.000014 -1.000000 0.000011
vn -0.030154 -0.984867 0.170669
vn -0.000071 -1.000000 0.000050
vn 0.000097 -1.000000 0.000105
vn 0.050472 0.811592 -0.582040
vn 0.035504 0.945138 -0.324737
vn 0.034685 0.949686 -0.311277
vn 0.035504 0.945138 -0.324737
vn -0.007667 0.999935 -0.008464
vn 0.006851 0.998717 -0.050172
vn 0.034685 0.949686 -0.311277
vn 0.982997 0.002261 0.183606
vn 0.984743 0.000000 0.174014
vn 0.983919 0.001448 0.178610
vn 0.982962 0.002293 0.183793
vn 0.952472 0.030146 0.303130
vn 0.982997 0.002261 0.183606
vn 0.982962 0.002293 0.183793
vn 0.949537 0.031656 0.312054
vn 0.000000 -1.000000 0.000000
vn 0.000000 -1.000000 0.000000
vn 0.000000 -1.000000 0.000000
vn 0.000000 -1.000000 0.000000
vn 0.000000 -1.000000 0.000000
vn 0.000000 -1.000000 0.000000
vn 0.000000 -1.000000 0.000000
vn 0.000000 -1.000000 0.000000
vn 0.000000 -1.000000 0.000000
vn 0.000000 -1.000000 0.000000
vn 0.000000 -1.000000 0.000000
vn 0.000000 -1.000000 0.000000
vn 0.000000 -1.000000 0.000000
vn 0.000000 -1.000000 0.000000
vn 0.000000 -1.000000 0.000000
vn 0.000000 -1.000000 0.000000
vn 0.000000 -1.000000 0.000000
vn 0.000000 -1.000000 0.000000
vn 0.000000 -1.000000 0.000000
vn 0.000000 -1.000000 0.000000
vn 0.000000 -1.000000 0.000000
vn 0.000000 -1.000000 0.000000
vn 0.000000 -1.000000 0.000000
vn 0.000000 -1.000000 0.000000
vn 0.000000 -1.000000 0.000000
vn 0.000000 -1.000000 0.000000
vn 0.000000 -1.000000 0.000000
vn 0.000000 -1.000000 0.000000
vn 0.000000 -1.000000 0.000000
vn 0.000000 -1.000000 0.000000
vn 0.000000 -1.000000 0.000000
vn 0.000000 -1.000000 0.000000
vn 0.000000 -1.000000 0.000000
vn 0.000000 -1.000000 0.000000
vn 0.000000 -1.000000 0.000000
vn 0.000000 -1.000000 0.000000
vn 0.000000 -1.000000 0.000000
vn 0.000000 -1.000000 0.000000
vn 0.000000 -1.000000 0.000000
vn 0.000000 -1.000000 0.000000
vn 0.000000 -1.000000 0.000000
vn 0.000000 -1.000000 0.000000
vn 0.000000 -1.000000 0.000000
vn 0.000000 -1.000000 0.000000
vn 0.000000 -1.000000 0.000000
vn 0.000000 -1.000000 0.000000
vn 0.000000 -1.000000 0.000000
vn 0.000000 -1.000000 0.000000
vn 0.000000 -1.000000 0.000000
vn 0.000000 -1.000000 0.000000
vn 0.000000 -1.000000 0.000000
vn 0.000000 -1.000000 0.000000
vn 0.000000 -1.000000 0.000000
vn 0.000000 -1.000000 0.000000
vn 0.000000 -1.000000 0.000000
vn 0.000000 -1.000000 0.000000
vn 0.000000 -1.000000 0.000000
vn 0.000000 -1.000000 0.000000
vn 0.000000 -1.000000 0.000000
vn 0.000000 -1.000000 0.000000
vn 0.000000 -1.000000 0.000000
vn 0.000000 -1.000000 0.000000
vn 0.000000 -1.000000 0.000000
vn 0.000000 -1.000000 0.000000
vn 0.000000 -1.000000 0.000000
vn 0.000000 -1.000000 0.000000
vn 0.000000 -1.000000 0.000000
vn 0.000000 -1.000000 0.000000
vn 0.000000 -1.000000 0.000000
vn 0.000000 -1.000000 0.000000
vn 0.000000 -1.000000 0.000000
vn 0.000000 -1.000000 0.000000
vn 0.000000 -1.000000 0.000000
vn 0.000000 -1.000000 0.000000
vn 0.000000 -1.000000 0.000000
vn 0.000000 -1.000000 0.000000
vn 0.000000 -1.000000 0.000000
vn 0.000000 -1.000000 0.000000
vn 0.000000 -1.000000 0.000000
vn 0.000000 -1.000000 0.000000
vn 0.000000 -1.000000 0.000000
vn 0.000000 -1.000000 0.000000
vn 0.000000 -1.000000 0.000000
vn 0.000000 -1.000000 0.000000
vn 0.000000 -1.000000 0.000000
vn 0.000000 -1.000000 0.000000
vn 0.000000 -1.000000 0.000000
vn 0.000000 -1.000000 0.000000
vn 0.000000 -1.000000 0.000000
vn 0.000000 -1.000000 0.000000
vn 0.000000 -1.000000 0.000000
vn 0.000000 -1.000000 0.000000
vn 0.000000 -1.000000 0.000000
vn 0.000000 -1.000000 0.000000
vn 0.000000 -1.000000 0.000000
vn 0.000000 -1.000000 0.000000
vn 0.000000 -1.000000 0.000000
vn 0.000000 -1.000000 0.000000
vn 0.000000 -1.000000 0.000000
vn 0.000000 -1.000000 0.000000
vn 0.000000 -1.000000 0.000000
vn 0.000000 -1.000000 0.000000
vn 0.000000 -1.000000 0.000000
vn 0.000000 -1.000000 0.000000
vn 0.000000 -1.000000 0.000000
vn 0.000000 -1.000000 0.000000
vn 0.000000 -1.000000 0.000000
vn 0.000000 -1.000000 0.000000
vn 0.000000 -1.000000 0.000000
vn 0.000000 -1.000000 0.000000
vn 0.000000 -1.000000 0.000000
vn 0.000000 -1.000000 0.000000
vn 0.000000 -1.000000 0.000000
vn 0.000000 -1.000000 0.000000
vn 0.000000 -1.000000 0.000000
vn 0.000000 -1.000000 0.000000
vn 0.000000 -1.000000 0.000000
vn 0.000000 -1.000000 0.000000
vn 0.000000 -1.000000 0.000000
vn 0.000000 -1.000000 0.000000
vn 0.000000 -1.000000 0.000000
vn 0.000000 -1.000000 0.000000
vn 0.000000 -1.000000 0.000000
vn 0.000000 -1.000000 0.000000
vn 0.000000 -1.000000 0.000000
vn 0.000000 -1.000000 0.000000
vn 0.000000 -1.000000 0.000000
vn 0.000000 -1.000000 0.000000
vn 0.000000 -1.000000 0.000000
vn 0.000000 -1.000000 0.000000
vn 0.000000 -1.000000 0.000000
vn 0.000000 -1.000000 0.000000
vn 0.000000 -1.000000 0.000000
vn 0.000000 -1.000000 0.000000
vn 0.000000 -1.000000 0.000000
vn 0.000000 -1.000000 0.000000
vn 0.000000 -1.000000 0.000000
vn 0.000000 -1.000000 0.000000
vn 0.000000 -1.000000 0.000000
vn 0.000000 -1.000000 0.000000
vn 0.000000 -1.000000 0.000000
vn 0.000000 -1.000000 0.000000
vn 0.000000 -1.000000 0.000000
vn 0.000000 -1.000000 0.000000
vn 0.000000 -1.000000 0.000000
vn 0.000000 -1.000000 0.000000
vn 0.000000 -1.000000 0.000000
vn 0.000000 -1.000000 0.000000
vn 0.000000 -1.000000 0.000000
vn 0.000000 -1.000000 0.000000
vn 0.000000 -1.000000 0.000000
vn 0.000000 -1.000000 0.000000
vn -0.692494 -0.004080 -0.721412
vn -0.718844 -0.005827 -0.695147
vn -0.713920 -0.006448 -0.700197
vn -0.692494 -0.004080 -0.721412
vn -0.718844 -0.005827 -0.695147
vn -0.812676 0.000486 -0.582715
vn -0.771324 0.000061 -0.636443
vn -0.713920 -0.006448 -0.700197
vn -0.771324 0.000061 -0.636443
vn -0.812676 0.000486 -0.582715
vn -0.833394 0.000657 -0.552679
vn -0.833394 0.000657 -0.552679
vn -0.812676 0.000486 -0.582715
vn -0.863260 -0.000082 -0.504759
vn -0.867006 -0.000207 -0.498298
vn -0.867006 -0.000207 -0.498298
vn -0.863260 -0.000082 -0.504759
vn -0.911724 -0.001996 -0.410799
vn -0.912584 -0.002038 -0.408884
vn -0.911724 -0.001996 -0.410799
vn -0.960502 0.020713 -0.277502
vn -0.951443 -0.001330 -0.307822
vn -0.912584 -0.002038 -0.408884
vn -0.960502 0.020713 -0.277502
vn -0.969682 0.000179 -0.244371
vn -0.964412 0.000259 -0.264404
vn -0.951443 -0.001330 -0.307822
vn -0.964412 0.000259 -0.264404
vn -0.969682 0.000179 -0.244371
vn -0.982446 -0.000001 -0.186547
vn 0.986117 -0.000005 0.166052
vn 0.985158 -0.002804 0.171629
vn 0.984743 -0.000002 0.174014
vn 0.984743 -0.000005 0.174014
vn -0.982446 -0.000001 -0.186547
vn -0.969682 0.000179 -0.244371
vn -0.982871 0.000000 -0.184296
vn -0.984743 -0.000001 -0.174014
vn 0.763865 0.000000 -0.645376
vn 0.763865 0.000000 -0.645376
vn 0.989534 -0.024955 0.142125
vn 0.966032 -0.000002 -0.258421
vn 0.966032 -0.000002 -0.258421
vn 0.989534 -0.024955 0.142125
vn 0.985158 -0.002804 0.171629
vn 0.986117 -0.000005 0.166052
vn 0.763865 0.000000 -0.645376
vn 0.763865 0.000000 -0.645376
vn 0.655411 0.000000 -0.755272
vn 0.655411 0.000000 -0.755272
vn 0.655411 0.000000 -0.755272
vn 0.655411 0.000000 -0.755272
vn 0.575257 0.000000 -0.817973
vn 0.575257 0.000000 -0.817973
vn -0.226424 -0.000001 -0.974029
vn -0.226424 -0.000001 -0.974029
vn -0.170351 0.000000 -0.985384
vn -0.170352 0.000000 -0.985383
vn 0.993588 -0.000000 0.113058
vn 0.993588 -0.000000 0.113058
vn 0.951367 0.000000 -0.308059
vn 0.951367 0.000000 -0.308058
vn 0.951367 0.000000 -0.308058
vn 0.951367 0.000000 -0.308059
vn 0.695841 0.000000 -0.718196
vn 0.695841 0.000000 -0.718196
vn 0.695841 0.000000 -0.718196
vn 0.695841 0.000000 -0.718196
vn 0.277831 0.000000 -0.960630
vn 0.277830 0.000000 -0.960630
vn 0.277830 0.000000 -0.960630
vn 0.277831 0.000000 -0.960630
vn -0.170352 0.000000 -0.985383
vn -0.170351 0.000000 -0.985384
vn 0.999047 0.000000 0.043657
vn 0.999047 0.000000 0.043657
vn 0.993588 -0.000000 0.113058
vn 0.993588 -0.000000 0.113058
vn 0.036623 0.000000 -0.999329
vn 0.362783 -0.000001 -0.931874
vn 0.362783 -0.000001 -0.931874
vn 0.036623 0.000000 -0.999329
vn 0.362783 -0.000001 -0.931874
vn 0.737528 0.000000 -0.675317
vn 0.737528 0.000000 -0.675317
vn 0.362783 -0.000001 -0.931874
vn 0.737528 0.000000 -0.675317
vn 0.960154 0.000000 -0.279473
vn 0.960154 0.000000 -0.279473
vn 0.737528 0.000000 -0.675317
vn 0.960154 0.000000 -0.279473
vn 0.999047 0.000000 0.043657
vn 0.999047 0.000000 0.043657
vn 0.960154 0.000000 -0.279473
vn 0.308082 0.000000 -0.951360
vn 0.308082 0.000000 -0.951360
vn 0.259177 0.000000 -0.965830
vn 0.259177 0.000000 -0.965830
vn 0.259177 0.000000 -0.965830
vn 0.259177 0.000000 -0.965830
vn 0.087525 0.000000 -0.996162
vn 0.087525 0.000000 -0.996162
vn 0.087525 0.000000 -0.996162
vn 0.087525 0.000000 -0.996162
vn 0.036623 0.000000 -0.999329
vn 0.036623 0.000000 -0.999329
vn -0.953505 0.000000 -0.301376
vn -0.806225 0.000000 -0.591608
vn -0.806225 0.000000 -0.591608
vn -0.953505 0.000000 -0.301376
vn -0.806225 0.000000 -0.591608
vn -0.461420 0.000000 -0.887182
vn -0.461420 0.000000 -0.887182
vn -0.806225 0.000000 -0.591608
vn -0.461420 0.000000 -0.887182
vn -0.021444 0.000000 -0.999770
vn -0.021444 0.000000 -0.999770
vn -0.461420 0.000000 -0.887182
vn -0.021444 0.000000 -0.999770
vn 0.308082 0.000000 -0.951360
vn 0.308082 0.000000 -0.951360
vn -0.021444 0.000000 -0.999770
vn -0.972163 0.000000 -0.234308
vn -0.972163 0.000000 -0.234308
vn -0.953505 0.000000 -0.301376
vn -0.953505 0.000000 -0.301376
vn 0.575257 0.000000 -0.817973
vn 0.575257 0.000000 -0.817973
vn 0.068224 0.000000 -0.997670
vn 0.068224 0.000000 -0.997670
vn 0.068224 0.000000 -0.997670
vn 0.068224 0.000000 -0.997670
vn -0.407557 0.000000 -0.913180
vn -0.407557 0.000000 -0.913180
vn -0.407557 0.000000 -0.913180
vn -0.407557 0.000000 -0.913180
vn -0.788173 0.000000 -0.615453
vn -0.788174 0.000000 -0.615453
vn -0.788174 0.000000 -0.615453
vn -0.788173 0.000000 -0.615453
vn -0.972163 0.000000 -0.234308
vn -0.972163 0.000000 -0.234308
vn 0.015226 0.999696 -0.019375
vn 0.000000 0.000000 0.000000
vn 0.000000 0.000000 0.000000
vn 0.000000 0.000000 0.000000
vn 0.000000 0.000000 0.000000
vn -0.015226 -0.999696 0.019375
vn 0.167007 0.009509 -0.985910
vn 0.175116 0.008697 -0.984509
vn 0.176467 -0.079689 -0.981076
vn 0.162748 -0.082714 -0.983195
vn 0.162748 -0.082714 -0.983195
vn 0.176467 -0.079689 -0.981076
vn 0.176023 -0.166260 -0.970244
vn 0.161582 -0.169875 -0.972129
vn 0.161582 -0.169875 -0.972129
vn 0.176023 -0.166260 -0.970244
vn 0.178896 -0.212393 -0.960669
vn 0.162391 -0.213532 -0.963345
vn 0.173666 -0.351695 -0.919865
vn 0.141232 -0.396975 -0.906898
vn 0.154212 -0.327735 -0.932099
vn 0.154212 -0.327735 -0.932099
vn 0.158129 -0.302431 -0.939963
vn 0.168761 -0.302971 -0.937938
vn 0.173666 -0.351695 -0.919865
vn 0.158129 -0.302431 -0.939963
vn 0.162391 -0.213532 -0.963345
vn 0.178896 -0.212393 -0.960669
vn 0.168761 -0.302971 -0.937938
vn 0.173666 -0.351695 -0.919865
vn 0.158032 -0.450266 -0.878798
vn 0.147413 -0.450633 -0.880454
vn 0.141232 -0.396975 -0.906898
vn 0.158032 -0.450266 -0.878798
vn 0.159478 -0.502818 -0.849554
vn 0.147304 -0.503676 -0.851242
vn 0.147413 -0.450633 -0.880454
vn 0.159478 -0.502818 -0.849554
vn 0.144623 -0.576163 -0.804438
vn 0.133962 -0.577871 -0.805058
vn 0.147304 -0.503676 -0.851242
vn 0.144623 -0.576163 -0.804438
vn 0.149960 -0.613301 -0.775483
vn 0.135827 -0.614083 -0.777466
vn 0.133962 -0.577871 -0.805058
vn 0.149960 -0.613301 -0.775483
vn 0.131695 -0.679268 -0.721978
vn 0.118664 -0.678461 -0.724989
vn 0.135827 -0.614083 -0.777466
vn 0.131695 -0.679268 -0.721978
vn 0.122058 -0.740035 -0.661400
vn 0.118312 -0.705313 -0.698953
vn 0.118664 -0.678461 -0.724989
vn 0.122058 -0.740035 -0.661400
vn 0.101750 -0.766839 -0.633723
vn 0.096285 -0.738647 -0.667180
vn 0.118312 -0.705313 -0.698953
vn 0.111814 -0.776478 -0.620145
vn 0.101750 -0.766839 -0.633723
vn 0.122058 -0.740035 -0.661400
vn 0.111912 -0.781542 -0.613733
vn -0.184697 0.219703 0.957924
vn -0.172141 0.216774 0.960925
vn -0.168861 0.216775 0.961506
vn -0.154891 0.216750 0.963861
vn -0.154891 0.216750 0.963861
vn -0.165800 0.220358 0.961225
vn -0.184697 0.219703 0.957924
vn -0.184697 0.219703 0.957924
vn -0.165800 0.220358 0.961225
vn -0.162036 0.237865 0.957687
vn -0.183123 0.237081 0.954075
vn -0.983806 -0.008671 -0.179025
vn -0.983316 -0.022687 -0.180483
vn -0.978747 -0.040667 -0.200998
vn -0.924893 -0.223827 -0.307366
vn -0.984527 -0.001956 -0.175225
vn -0.983806 -0.008671 -0.179025
vn -0.924893 -0.223827 -0.307366
vn -0.972216 -0.078935 -0.220374
vn -0.972216 -0.078935 -0.220374
vn -0.924893 -0.223827 -0.307366
vn -0.834463 -0.395589 -0.383641
vn -0.873932 -0.341840 -0.345527
vn -0.834463 -0.395589 -0.383641
vn -0.746497 -0.485808 -0.454678
vn -0.744834 -0.510101 -0.430140
vn -0.873932 -0.341840 -0.345527
vn 0.068346 -0.812749 -0.578591
vn -0.026977 -0.802341 -0.596256
vn -0.023995 -0.777420 -0.628525
vn 0.111814 -0.776478 -0.620145
vn -0.026977 -0.802341 -0.596256
vn -0.077483 -0.801742 -0.592627
vn -0.053661 -0.774202 -0.630660
vn -0.023995 -0.777420 -0.628525
vn -0.188516 -0.764207 -0.616806
vn -0.309716 -0.760843 -0.570258
vn -0.336132 -0.707490 -0.621669
vn -0.336132 -0.707490 -0.621669
vn -0.309716 -0.760843 -0.570258
vn -0.457324 -0.692108 -0.558427
vn -0.410998 -0.677816 -0.609628
vn -0.410998 -0.677816 -0.609628
vn -0.457324 -0.692108 -0.558427
vn -0.554265 -0.614729 -0.561158
vn -0.365739 -0.745759 -0.556847
vn -0.595354 -0.636006 -0.490968
vn -0.548894 -0.654651 -0.519757
vn -0.548894 -0.654651 -0.519757
vn -0.595354 -0.636006 -0.490968
vn -0.744834 -0.510101 -0.430140
vn -0.746497 -0.485808 -0.454678
vn -0.834463 -0.395589 -0.383641
vn -0.924893 -0.223827 -0.307366
vn -0.870624 -0.311814 -0.380508
vn -0.746497 -0.485808 -0.454678
vn -0.924893 -0.223827 -0.307366
vn -0.978747 -0.040667 -0.200998
vn -0.940646 -0.163140 -0.297607
vn -0.870624 -0.311814 -0.380508
vn -0.940646 -0.163140 -0.297607
vn -0.978747 -0.040667 -0.200998
vn -0.981539 -0.019365 -0.190282
vn -0.965903 -0.085567 -0.244357
vn -0.965903 -0.085567 -0.244357
vn -0.921415 -0.204174 -0.330618
vn -0.940646 -0.163140 -0.297607
vn -0.940646 -0.163140 -0.297607
vn -0.921415 -0.204174 -0.330618
vn -0.825709 -0.359138 -0.434999
vn -0.870624 -0.311814 -0.380508
vn -0.870624 -0.311814 -0.380508
vn -0.825709 -0.359138 -0.434999
vn -0.686455 -0.507630 -0.520663
vn -0.746497 -0.485808 -0.454678
vn -0.746497 -0.485808 -0.454678
vn -0.686455 -0.507630 -0.520663
vn -0.554265 -0.614729 -0.561158
vn -0.554265 -0.614729 -0.561158
vn -0.457324 -0.692108 -0.558427
vn -0.548894 -0.654651 -0.519757
vn -0.746497 -0.485808 -0.454678
vn -0.457324 -0.692108 -0.558427
vn -0.309716 -0.760843 -0.570258
vn -0.365739 -0.745759 -0.556847
vn -0.548894 -0.654651 -0.519757
vn -0.365739 -0.745759 -0.556847
vn -0.309716 -0.760843 -0.570258
vn -0.077483 -0.801742 -0.592627
vn -0.077483 -0.801742 -0.592627
vn -0.309716 -0.760843 -0.570258
vn -0.188516 -0.764207 -0.616806
vn -0.053661 -0.774202 -0.630660
vn 0.111331 -0.817392 -0.565222
vn 0.111814 -0.776478 -0.620145
vn 0.111912 -0.781542 -0.613733
vn 0.187150 -0.797210 -0.573962
vn 0.158032 -0.450266 -0.878798
vn 0.173666 -0.351695 -0.919865
vn 0.368521 -0.402993 -0.837729
vn 0.159478 -0.502818 -0.849554
vn 0.144623 -0.576163 -0.804438
vn 0.159478 -0.502818 -0.849554
vn 0.356409 -0.529021 -0.770136
vn 0.149960 -0.613301 -0.775483
vn 0.986480 -0.001167 0.163876
vn 0.985707 -0.001627 0.168464
vn 0.998392 -0.054499 -0.015587
vn 0.999502 -0.023800 -0.020735
vn 0.988021 -0.136909 0.071209
vn 0.985326 -0.004712 0.170616
vn 0.987981 -0.127934 0.086754
vn 0.988021 -0.136909 0.071209
vn 0.987981 -0.127934 0.086754
vn 0.959735 -0.280081 -0.021525
vn 0.949111 -0.307903 -0.066218
vn 0.985577 -0.003207 0.169199
vn 0.985433 -0.003527 0.170028
vn 0.991359 -0.128759 0.025070
vn 0.994139 -0.107752 0.008741
vn 0.991359 -0.128759 0.025070
vn 0.985433 -0.003527 0.170028
vn 0.985225 -0.003278 0.171236
vn 0.989623 -0.133176 0.053956
vn 0.999501 -0.002743 -0.031464
vn 0.999502 -0.023800 -0.020735
vn 0.977566 -0.047089 -0.205296
vn 0.978816 -0.003681 -0.204709
vn 0.949111 -0.307903 -0.066218
vn 0.872022 -0.449509 -0.193700
vn 0.884758 -0.410553 -0.220565
vn 0.955316 -0.281672 -0.089623
vn 0.872022 -0.449509 -0.193700
vn 0.771231 -0.558257 -0.305864
vn 0.779992 -0.523447 -0.342951
vn 0.884758 -0.410553 -0.220565
vn 0.771231 -0.558257 -0.305864
vn 0.632637 -0.654678 -0.413723
vn 0.645126 -0.616024 -0.452025
vn 0.779992 -0.523447 -0.342951
vn 0.632637 -0.654678 -0.413723
vn 0.476618 -0.725185 -0.496933
vn 0.485413 -0.684763 -0.543576
vn 0.645126 -0.616024 -0.452025
vn 0.476618 -0.725185 -0.496933
vn 0.187150 -0.797210 -0.573962
vn 0.281830 -0.742622 -0.607523
vn 0.485413 -0.684763 -0.543576
vn 0.955316 -0.281672 -0.089623
vn 0.884758 -0.410553 -0.220565
vn 0.892610 -0.363474 -0.266711
vn 0.960710 -0.249567 -0.121463
vn 0.884758 -0.410553 -0.220565
vn 0.779992 -0.523447 -0.342951
vn 0.790027 -0.463216 -0.401607
vn 0.892610 -0.363474 -0.266711
vn 0.779992 -0.523447 -0.342951
vn 0.645126 -0.616024 -0.452025
vn 0.656997 -0.544979 -0.520916
vn 0.790027 -0.463216 -0.401607
vn 0.645126 -0.616024 -0.452025
vn 0.485413 -0.684763 -0.543576
vn 0.491593 -0.607851 -0.623581
vn 0.656997 -0.544979 -0.520916
vn 0.485413 -0.684763 -0.543576
vn 0.281830 -0.742622 -0.607523
vn 0.356093 -0.645745 -0.675434
vn 0.491593 -0.607851 -0.623581
vn 0.977566 -0.047089 -0.205296
vn 0.999502 -0.023800 -0.020735
vn 0.998392 -0.054499 -0.015587
vn 0.974221 -0.105296 -0.199516
vn 0.974221 -0.105296 -0.199516
vn 0.912253 -0.153124 -0.379931
vn 0.915727 -0.071646 -0.395361
vn 0.977566 -0.047089 -0.205296
vn 0.912253 -0.153124 -0.379931
vn 0.815077 -0.194958 -0.545565
vn 0.822653 -0.092768 -0.560924
vn 0.915727 -0.071646 -0.395361
vn 0.815077 -0.194958 -0.545565
vn 0.686522 -0.229223 -0.690032
vn 0.691206 -0.109846 -0.714261
vn 0.822653 -0.092768 -0.560924
vn 0.686522 -0.229223 -0.690032
vn 0.544090 -0.242812 -0.803124
vn 0.542104 -0.122417 -0.831347
vn 0.691206 -0.109846 -0.714261
vn 0.544090 -0.242812 -0.803124
vn 0.380958 -0.263272 -0.886317
vn 0.413465 -0.143033 -0.899215
vn 0.542104 -0.122417 -0.831347
vn 0.356093 -0.645745 -0.675434
vn 0.281830 -0.742622 -0.607523
vn 0.122058 -0.740035 -0.661400
vn 0.131695 -0.679268 -0.721978
vn 0.281830 -0.742622 -0.607523
vn 0.187150 -0.797210 -0.573962
vn 0.111912 -0.781542 -0.613733
vn 0.122058 -0.740035 -0.661400
vn 0.111331 -0.817392 -0.565222
vn 0.187150 -0.797210 -0.573962
vn 0.476618 -0.725185 -0.496933
vn 0.463153 -0.757177 -0.460621
vn 0.463153 -0.757177 -0.460621
vn 0.476618 -0.725185 -0.496933
vn 0.632637 -0.654678 -0.413723
vn 0.716073 -0.622482 -0.315841
vn 0.716073 -0.622482 -0.315841
vn 0.632637 -0.654678 -0.413723
vn 0.771231 -0.558257 -0.305864
vn 0.771231 -0.558257 -0.305864
vn 0.872022 -0.449509 -0.193700
vn 0.868319 -0.465640 -0.170886
vn 0.716073 -0.622482 -0.315841
vn 0.872022 -0.449509 -0.193700
vn 0.949111 -0.307903 -0.066218
vn 0.959735 -0.280081 -0.021525
vn 0.868319 -0.465640 -0.170886
vn 0.131695 -0.679268 -0.721978
vn 0.149960 -0.613301 -0.775483
vn 0.356093 -0.645745 -0.675434
vn 0.356093 -0.645745 -0.675434
vn 0.149960 -0.613301 -0.775483
vn 0.356409 -0.529021 -0.770136
vn 0.491593 -0.607851 -0.623581
vn 0.491593 -0.607851 -0.623581
vn 0.356409 -0.529021 -0.770136
vn 0.517202 -0.495666 -0.697723
vn 0.517202 -0.495666 -0.697723
vn 0.668660 -0.454674 -0.588358
vn 0.656997 -0.544979 -0.520916
vn 0.491593 -0.607851 -0.623581
vn 0.668660 -0.454674 -0.588358
vn 0.799900 -0.386569 -0.459048
vn 0.790027 -0.463216 -0.401607
vn 0.656997 -0.544979 -0.520916
vn 0.799900 -0.386569 -0.459048
vn 0.900342 -0.303461 -0.311924
vn 0.892610 -0.363474 -0.266711
vn 0.790027 -0.463216 -0.401607
vn 0.900342 -0.303461 -0.311924
vn 0.966029 -0.208511 -0.152682
vn 0.960710 -0.249567 -0.121463
vn 0.892610 -0.363474 -0.266711
vn 0.966029 -0.208511 -0.152682
vn 0.994139 -0.107752 0.008741
vn 0.991359 -0.128759 0.025070
vn 0.960710 -0.249567 -0.121463
vn 0.356409 -0.529021 -0.770136
vn 0.159478 -0.502818 -0.849554
vn 0.368521 -0.402993 -0.837729
vn 0.517202 -0.495666 -0.697723
vn 0.517202 -0.495666 -0.697723
vn 0.368521 -0.402993 -0.837729
vn 0.530172 -0.374777 -0.760566
vn 0.530172 -0.374777 -0.760566
vn 0.678889 -0.347121 -0.647006
vn 0.668660 -0.454674 -0.588358
vn 0.517202 -0.495666 -0.697723
vn 0.678889 -0.347121 -0.647006
vn 0.808577 -0.295190 -0.508985
vn 0.799900 -0.386569 -0.459048
vn 0.668660 -0.454674 -0.588358
vn 0.808577 -0.295190 -0.508985
vn 0.907147 -0.231801 -0.351215
vn 0.900342 -0.303461 -0.311924
vn 0.799900 -0.386569 -0.459048
vn 0.907147 -0.231801 -0.351215
vn 0.970713 -0.159353 -0.179787
vn 0.966029 -0.208511 -0.152682
vn 0.900342 -0.303461 -0.311924
vn 0.970713 -0.159353 -0.179787
vn 0.996581 -0.082439 -0.005400
vn 0.994139 -0.107752 0.008741
vn 0.966029 -0.208511 -0.152682
vn 0.368521 -0.402993 -0.837729
vn 0.173666 -0.351695 -0.919865
vn 0.380958 -0.263272 -0.886317
vn 0.530172 -0.374777 -0.760566
vn 0.530172 -0.374777 -0.760566
vn 0.380958 -0.263272 -0.886317
vn 0.544090 -0.242812 -0.803124
vn 0.544090 -0.242812 -0.803124
vn 0.686522 -0.229223 -0.690032
vn 0.678889 -0.347121 -0.647006
vn 0.530172 -0.374777 -0.760566
vn 0.686522 -0.229223 -0.690032
vn 0.815077 -0.194958 -0.545565
vn 0.808577 -0.295190 -0.508985
vn 0.678889 -0.347121 -0.647006
vn 0.815077 -0.194958 -0.545565
vn 0.912253 -0.153124 -0.379931
vn 0.907147 -0.231801 -0.351215
vn 0.808577 -0.295190 -0.508985
vn 0.912253 -0.153124 -0.379931
vn 0.974221 -0.105296 -0.199516
vn 0.970713 -0.159353 -0.179787
vn 0.907147 -0.231801 -0.351215
vn 0.974221 -0.105296 -0.199516
vn 0.998392 -0.054499 -0.015587
vn 0.996581 -0.082439 -0.005400
vn 0.970713 -0.159353 -0.179787
vn 0.168761 -0.302971 -0.937938
vn 0.178896 -0.212393 -0.960669
vn 0.380958 -0.263272 -0.886317
vn 0.173666 -0.351695 -0.919865
vn 0.178896 -0.212393 -0.960669
vn 0.176023 -0.166260 -0.970244
vn 0.413465 -0.143033 -0.899215
vn 0.380958 -0.263272 -0.886317
vn 0.413465 -0.143033 -0.899215
vn 0.176023 -0.166260 -0.970244
vn 0.176467 -0.079689 -0.981076
vn 0.916626 -0.005520 -0.399708
vn 0.915727 -0.071646 -0.395361
vn 0.822653 -0.092768 -0.560924
vn 0.826978 -0.007162 -0.562189
vn 0.826978 -0.007162 -0.562189
vn 0.822653 -0.092768 -0.560924
vn 0.691206 -0.109846 -0.714261
vn 0.692722 -0.008089 -0.721159
vn 0.692722 -0.008089 -0.721159
vn 0.691206 -0.109846 -0.714261
vn 0.542104 -0.122417 -0.831347
vn 0.547980 -0.057312 -0.834526
vn 0.547980 -0.057312 -0.834526
vn 0.542104 -0.122417 -0.831347
vn 0.413465 -0.143033 -0.899215
vn 0.383745 0.004565 -0.923428
vn 0.413465 -0.143033 -0.899215
vn 0.176467 -0.079689 -0.981076
vn 0.383745 0.004565 -0.923428
vn 0.383745 0.004565 -0.923428
vn 0.176467 -0.079689 -0.981076
vn 0.175116 0.008697 -0.984509
vn 0.896689 0.061522 0.438366
vn 0.952472 0.030146 0.303130
vn 0.949537 0.031656 0.312054
vn 0.857110 0.080813 0.508755
vn -0.154891 0.216750 0.963861
vn -0.168861 0.216775 0.961506
vn 0.108386 0.208379 0.972024
vn 0.271835 0.195546 0.942267
vn 0.538877 0.160064 0.827038
vn 0.510280 0.164923 0.844046
vn 0.221263 0.200304 0.954422
vn 0.538877 0.160064 0.827038
vn 0.768802 0.108171 0.630271
vn 0.750002 0.113576 0.651611
vn 0.510280 0.164923 0.844046
vn 0.768802 0.108171 0.630271
vn 0.900470 0.059834 0.430783
vn 0.896689 0.061522 0.438366
vn 0.750002 0.113576 0.651611
vn 0.900470 0.059834 0.430783
vn 0.982997 0.002261 0.183606
vn 0.952472 0.030146 0.303130
vn 0.896689 0.061522 0.438366
vn 0.221263 0.200304 0.954422
vn -0.154891 0.216750 0.963861
vn 0.108386 0.208379 0.972024
vn 0.271835 0.195546 0.942267
vn -0.165800 0.220358 0.961225
vn 0.221263 0.200304 0.954422
vn 0.088059 0.214095 0.972835
vn -0.162036 0.237865 0.957687
vn 0.088059 0.214095 0.972835
vn 0.378304 0.188247 0.906338
vn 0.239126 0.230158 0.943317
vn -0.162036 0.237865 0.957687
vn 0.378304 0.188247 0.906338
vn 0.658516 0.140479 0.739339
vn 0.549546 0.187805 0.814082
vn 0.239126 0.230158 0.943317
vn 0.658516 0.140479 0.739339
vn 0.857110 0.080813 0.508755
vn 0.737159 0.144998 0.659979
vn 0.549546 0.187805 0.814082
vn 0.857110 0.080813 0.508755
vn 0.982962 0.002293 0.183793
vn 0.849255 0.100941 0.518243
vn 0.737159 0.144998 0.659979
vn 0.849255 0.100941 0.518243
vn 0.982962 0.002293 0.183793
vn 0.983919 0.001448 0.178610
vn 0.088059 0.214095 0.972835
vn 0.221263 0.200304 0.954422
vn 0.510280 0.164923 0.844046
vn 0.378304 0.188247 0.906338
vn 0.378304 0.188247 0.906338
vn 0.510280 0.164923 0.844046
vn 0.750002 0.113576 0.651611
vn 0.658516 0.140479 0.739339
vn 0.658516 0.140479 0.739339
vn 0.750002 0.113576 0.651611
vn 0.896689 0.061522 0.438366
vn 0.857110 0.080813 0.508755
vn 0.857110 0.080813 0.508755
vn 0.949537 0.031656 0.312054
vn 0.982962 0.002293 0.183793
vn 0.531471 -0.009780 0.847020
vn 0.527416 -0.005842 0.849587
vn 0.530656 -0.001748 0.847586
vn 0.531351 -0.001832 0.847150
vn 0.530656 -0.001748 0.847586
vn 0.527416 -0.005842 0.849587
vn 0.516191 0.000000 0.856474
vn -0.741295 -0.002817 0.671174
vn -0.751340 -0.014702 0.659752
vn -0.756304 -0.004009 0.654208
vn -0.756304 -0.004009 0.654208
vn -0.825023 -0.002946 0.565091
vn -0.741096 -0.002585 0.671395
vn -0.741295 -0.002817 0.671174
vn -0.765024 0.000000 -0.644002
vn -0.692494 -0.004080 -0.721412
vn -0.692494 -0.004080 -0.721412
vn -0.765024 0.000000 -0.644002
vn -0.756304 -0.004009 0.654208
vn -0.851802 -0.002783 0.523856
vn -0.825023 -0.002946 0.565091
vn -0.825023 -0.002946 0.565091
vn -0.851802 -0.002783 0.523856
vn -0.911971 -0.001533 0.410252
vn -0.911971 -0.001533 0.410252
vn -0.911971 -0.001533 0.410252
vn -0.911971 -0.001533 0.410252
vn -0.981483 0.000000 0.191552
vn -0.981483 0.000000 0.191552
vn -0.981483 0.000000 0.191552
vn -0.981483 0.000000 0.191552
vn -0.999104 0.000000 -0.042312
vn -0.999104 0.000000 -0.042312
vn -0.999104 0.000000 -0.042312
vn -0.999104 0.000000 -0.042312
vn -0.961773 0.000000 -0.273848
vn -0.961773 0.000000 -0.273848
vn -0.961773 0.000000 -0.273848
vn -0.961773 0.000000 -0.273848
vn -0.871542 0.000000 -0.490321
vn -0.871542 0.000000 -0.490321
vn -0.871542 0.000000 -0.490321
vn -0.871542 0.000000 -0.490321
vn -0.765024 0.000000 -0.644002
vn -0.765024 0.000000 -0.644002
vn -0.174009 -0.000005 0.984744
vn -0.174009 -0.000005 0.984744
vn -0.182626 -0.000329 0.983182
vn -0.180519 -0.000255 0.983571
vn -0.547480 -0.000697 0.836818
vn -0.559735 -0.000014 0.828671
vn -0.764817 0.004612 0.644231
vn -0.764817 0.004612 0.644231
vn -0.180519 -0.000255 0.983571
vn -0.182626 -0.000329 0.983182
vn -0.559735 -0.000014 0.828671
vn -0.547480 -0.000697 0.836818
vn -0.559735 -0.000014 0.828671
vn -0.182626 -0.000329 0.983182
vn -0.340247 0.000774 0.940336
vn -0.985701 -0.000039 -0.168503
vn -0.999993 0.000485 0.003631
vn -0.999180 0.028202 -0.029047
vn -0.989258 0.008907 -0.145908
vn -0.999993 0.000485 0.003631
vn -0.985067 0.000008 0.172174
vn -0.999222 0.033763 0.020381
vn -0.999180 0.028202 -0.029047
vn -0.985067 0.000008 0.172174
vn -0.921331 -0.000107 0.388779
vn -0.922153 -0.000123 0.386826
vn -0.999222 0.033763 0.020381
vn -0.921331 -0.000107 0.388779
vn -0.764817 0.004612 0.644231
vn -0.764817 0.004612 0.644231
vn -0.922153 -0.000123 0.386826
vn 0.528731 0.832265 0.166669
vn 0.234734 0.964192 0.123425
vn 0.345371 0.912223 0.220382
vn 0.345371 0.912223 0.220382
vn 0.234734 0.964192 0.123425
vn 0.001697 0.998912 0.046609
vn -0.019587 0.984994 0.171472
vn 0.815643 0.545220 0.193553
vn 0.617248 0.766368 0.178002
vn 0.675833 0.695020 0.245352
vn 0.225737 0.501897 0.834951
vn 0.297008 0.423923 0.855614
vn 0.571507 0.331452 0.750679
vn 0.581360 0.391165 0.713450
vn 0.571507 0.331452 0.750679
vn 0.857592 0.170736 0.485166
vn 0.864933 0.200360 0.460159
vn 0.581360 0.391165 0.713450
vn 0.984474 0.009607 0.175266
vn 0.968090 0.161023 0.192026
vn 0.896915 0.377704 0.229964
vn 0.983703 0.022434 0.178396
vn 0.982665 0.026434 0.183495
vn 0.983595 0.020268 0.179250
vn 0.890951 0.373821 0.257806
vn 0.884452 0.363992 0.291984
vn 0.983595 0.020268 0.179250
vn 0.983703 0.022434 0.178396
vn 0.896915 0.377704 0.229964
vn 0.890951 0.373821 0.257806
vn 0.982912 0.019177 0.183075
vn 0.982665 0.026434 0.183495
vn 0.884452 0.363992 0.291984
vn 0.888356 0.334280 0.314770
vn 0.983683 0.008457 0.179713
vn 0.982912 0.019177 0.183075
vn 0.888356 0.334280 0.314770
vn 0.893875 0.300541 0.332660
vn 0.893875 0.300541 0.332660
vn 0.839926 0.367454 0.399376
vn 0.983683 0.008457 0.179713
vn 0.983683 0.008457 0.179713
vn 0.839926 0.367454 0.399376
vn 0.881825 0.278101 0.380847
vn 0.983683 0.008457 0.179713
vn 0.881825 0.278101 0.380847
vn 0.866363 0.279514 0.413868
vn 0.982453 0.014030 0.185981
vn 0.982453 0.014030 0.185981
vn 0.866363 0.279514 0.413868
vn 0.871117 0.242303 0.427135
vn 0.983552 0.006300 0.180517
vn 0.983552 0.006300 0.180517
vn 0.871117 0.242303 0.427135
vn 0.858759 0.234169 0.455739
vn 0.982914 0.008212 0.183883
vn 0.982914 0.008212 0.183883
vn 0.858759 0.234169 0.455739
vn 0.864933 0.200360 0.460159
vn 0.982446 0.008623 0.186346
vn 0.982446 0.008623 0.186346
vn 0.864933 0.200360 0.460159
vn 0.857592 0.170736 0.485166
vn 0.980866 0.010853 0.194381
vn 0.947057 0.258601 0.190287
vn 0.883369 0.424718 0.198174
vn 0.896915 0.377704 0.229964
vn 0.968090 0.161023 0.192026
vn 0.815643 0.545220 0.193553
vn 0.675833 0.695020 0.245352
vn 0.896915 0.377704 0.229964
vn 0.883369 0.424718 0.198174
vn 0.675833 0.695020 0.245352
vn 0.664534 0.683919 0.301081
vn 0.890951 0.373821 0.257806
vn 0.896915 0.377704 0.229964
vn 0.664534 0.683919 0.301081
vn 0.653017 0.664569 0.363203
vn 0.884452 0.363992 0.291984
vn 0.890951 0.373821 0.257806
vn 0.653017 0.664569 0.363203
vn 0.643938 0.643618 0.413643
vn 0.888356 0.334280 0.314770
vn 0.884452 0.363992 0.291984
vn 0.643938 0.643618 0.413643
vn 0.634751 0.613188 0.470204
vn 0.893875 0.300541 0.332660
vn 0.888356 0.334280 0.314770
vn 0.634751 0.613188 0.470204
vn 0.626912 0.587036 0.512221
vn 0.839926 0.367454 0.399376
vn 0.893875 0.300541 0.332660
vn 0.626912 0.587036 0.512221
vn 0.618936 0.555214 0.555567
vn 0.881825 0.278101 0.380847
vn 0.839926 0.367454 0.399376
vn 0.618936 0.555214 0.555567
vn 0.611084 0.517785 0.598729
vn 0.866363 0.279514 0.413868
vn 0.881825 0.278101 0.380847
vn 0.611084 0.517785 0.598729
vn 0.603927 0.476021 0.639278
vn 0.871117 0.242303 0.427135
vn 0.866363 0.279514 0.413868
vn 0.603927 0.476021 0.639278
vn 0.597868 0.432809 0.674708
vn 0.858759 0.234169 0.455739
vn 0.871117 0.242303 0.427135
vn 0.597868 0.432809 0.674708
vn 0.581360 0.391165 0.713450
vn 0.864933 0.200360 0.460159
vn 0.858759 0.234169 0.455739
vn -0.019587 0.984994 0.171472
vn -0.035889 0.965592 0.257574
vn 0.335183 0.893438 0.299033
vn 0.345371 0.912223 0.220382
vn 0.321079 0.867393 0.380180
vn 0.335183 0.893438 0.299033
vn -0.035889 0.965592 0.257574
vn -0.050885 0.938520 0.341455
vn -0.050885 0.938520 0.341455
vn -0.063231 0.911044 0.407431
vn 0.309458 0.839728 0.446199
vn 0.321079 0.867393 0.380180
vn -0.063231 0.911044 0.407431
vn -0.081058 0.865790 0.493799
vn 0.291506 0.802032 0.521314
vn 0.309458 0.839728 0.446199
vn -0.081058 0.865790 0.493799
vn -0.090142 0.832161 0.547159
vn 0.285315 0.769012 0.572028
vn 0.291506 0.802032 0.521314
vn -0.090142 0.832161 0.547159
vn -0.102651 0.772550 0.626601
vn 0.272080 0.723435 0.634518
vn 0.285315 0.769012 0.572028
vn -0.102651 0.772550 0.626601
vn -0.111858 0.727484 0.676946
vn 0.261321 0.681453 0.683618
vn 0.272080 0.723435 0.634518
vn -0.111858 0.727484 0.676946
vn -0.125477 0.649963 0.749536
vn 0.252455 0.617884 0.744639
vn 0.261321 0.681453 0.683618
vn -0.125477 0.649963 0.749536
vn -0.137164 0.580563 0.802579
vn 0.248855 0.572958 0.780891
vn 0.252455 0.617884 0.744639
vn 0.248855 0.572958 0.780891
vn -0.137164 0.580563 0.802579
vn 0.225737 0.501897 0.834951
vn 0.225737 0.501897 0.834951
vn -0.137164 0.580563 0.802579
vn -0.147303 0.491292 0.858449
vn 0.297008 0.423923 0.855614
vn 0.528731 0.832265 0.166669
vn 0.345371 0.912223 0.220382
vn 0.675833 0.695020 0.245352
vn 0.617248 0.766368 0.178002
vn 0.345371 0.912223 0.220382
vn 0.335183 0.893438 0.299033
vn 0.664534 0.683919 0.301081
vn 0.675833 0.695020 0.245352
vn 0.335183 0.893438 0.299033
vn 0.321079 0.867393 0.380180
vn 0.653017 0.664569 0.363203
vn 0.664534 0.683919 0.301081
vn 0.321079 0.867393 0.380180
vn 0.309458 0.839728 0.446199
vn 0.643938 0.643618 0.413643
vn 0.653017 0.664569 0.363203
vn 0.309458 0.839728 0.446199
vn 0.291506 0.802032 0.521314
vn 0.634751 0.613188 0.470204
vn 0.643938 0.643618 0.413643
vn 0.291506 0.802032 0.521314
vn 0.285315 0.769012 0.572028
vn 0.626912 0.587036 0.512221
vn 0.634751 0.613188 0.470204
vn 0.285315 0.769012 0.572028
vn 0.272080 0.723435 0.634518
vn 0.618936 0.555214 0.555567
vn 0.626912 0.587036 0.512221
vn 0.272080 0.723435 0.634518
vn 0.261321 0.681453 0.683618
vn 0.611084 0.517785 0.598729
vn 0.618936 0.555214 0.555567
vn 0.261321 0.681453 0.683618
vn 0.252455 0.617884 0.744639
vn 0.603927 0.476021 0.639278
vn 0.611084 0.517785 0.598729
vn 0.252455 0.617884 0.744639
vn 0.248855 0.572958 0.780891
vn 0.597868 0.432809 0.674708
vn 0.603927 0.476021 0.639278
vn 0.248855 0.572958 0.780891
vn 0.225737 0.501897 0.834951
vn 0.581360 0.391165 0.713450
vn 0.597868 0.432809 0.674708
vn 0.983919 0.001448 0.178610
vn 0.984743 0.000000 0.174013
vn 0.984743 0.000000 0.174013
vn 0.980762 0.008547 0.195019
vn 0.980762 0.008547 0.195019
vn 0.984743 0.000000 0.174013
vn 0.984743 0.000000 0.174013
vn 0.981128 0.009351 0.193135
vn 0.981128 0.009351 0.193135
vn 0.984743 0.000000 0.174013
vn 0.984743 -0.000000 0.174013
vn 0.980866 0.010853 0.194381
vn 0.985510 0.002803 0.169597
vn 0.985343 0.002564 0.170565
vn 0.984743 -0.000000 0.174013
vn 0.984743 -0.000000 0.174013
vn 0.984743 -0.000000 0.174014
vn 0.984743 -0.000000 0.174014
vn 0.984860 0.002593 0.173333
vn 0.984816 0.005477 0.173516
vn 0.984743 -0.000000 0.174014
vn 0.984743 0.000000 0.174014
vn 0.985032 0.004149 0.172322
vn 0.984860 0.002593 0.173333
vn 0.985214 0.003097 0.171303
vn 0.985028 0.002402 0.172380
vn 0.984743 0.000000 0.174014
vn 0.984743 -0.000000 0.174013
vn 0.984743 -0.000000 0.174013
vn 0.985248 0.000590 0.171133
vn 0.985191 0.000800 0.171460
vn 0.984743 -0.000000 0.174013
vn 0.984743 -0.000000 0.174013
vn 0.985843 0.003431 0.167634
vn 0.985510 0.002803 0.169597
vn 0.983595 0.020268 0.179250
vn 0.982665 0.026434 0.183495
vn 0.984743 -0.000000 0.174013
vn 0.983703 0.022434 0.178396
vn 0.983703 0.022434 0.178396
vn 0.984743 -0.000000 0.174013
vn 0.984743 -0.000001 0.174013
vn 0.980866 0.010853 0.194381
vn 0.984743 -0.000000 0.174013
vn 0.984743 -0.000000 0.174013
vn 0.984816 0.005477 0.173516
vn 0.984761 0.005631 0.173823
vn 0.984743 -0.000000 0.174014
vn 0.984743 -0.000000 0.174014
vn 0.984761 0.005631 0.173823
vn 0.984474 0.009607 0.175266
vn 0.984743 -0.000001 0.174013
vn 0.984743 -0.000001 0.174013
vn 0.984474 0.009607 0.175266
vn 0.983703 0.022434 0.178396
vn 0.984743 -0.000000 0.174013
vn 0.983683 0.008457 0.179713
vn 0.982453 0.014030 0.185981
vn 0.983552 0.006300 0.180517
vn 0.984743 -0.000000 0.174013
vn 0.983552 0.006300 0.180517
vn 0.982914 0.008212 0.183883
vn 0.984743 -0.000000 0.174013
vn 0.984743 -0.000000 0.174013
vn 0.982914 0.008212 0.183883
vn 0.982446 0.008623 0.186346
vn 0.980866 0.010853 0.194381
vn 0.983683 0.008457 0.179713
vn 0.984743 -0.000000 0.174013
vn 0.984743 0.000000 0.174013
vn 0.982912 0.019177 0.183075
vn 0.984743 -0.000000 0.174013
vn 0.982665 0.026434 0.183495
vn 0.984743 0.000000 0.174013
vn 0.984743 0.000000 0.174013
vn 0.982665 0.026434 0.183495
vn 0.982912 0.019177 0.183075
vn -0.162036 0.237865 0.957687
vn -0.153581 0.347675 0.924951
vn -0.172934 0.345113 0.922492
vn -0.183123 0.237081 0.954075
vn -0.153581 0.347675 0.924951
vn -0.148128 0.415549 0.897428
vn -0.167416 0.413754 0.894863
vn -0.172934 0.345113 0.922492
vn -0.148128 0.415549 0.897428
vn -0.144620 0.440965 0.885796
vn -0.164746 0.440661 0.882427
vn -0.167416 0.413754 0.894863
vn -0.147303 0.491292 0.858449
vn -0.158274 0.491246 0.856520
vn -0.164746 0.440661 0.882427
vn -0.144620 0.440965 0.885796
vn -0.016734 0.995996 0.087813
vn 0.001697 0.998912 0.046609
vn 0.000386 0.999986 -0.005322
vn 0.000386 0.999986 -0.005322
vn 0.001697 0.998912 0.046609
vn 0.019497 0.997197 -0.072232
vn 0.005136 0.999361 -0.035368
vn 0.026242 0.985638 -0.166818
vn 0.022778 0.990055 -0.138823
vn 0.019497 0.997197 -0.072232
vn 0.040012 0.979036 -0.199719
vn 0.080467 0.907993 -0.411185
vn 0.069044 0.908344 -0.412485
vn 0.048932 0.942933 -0.329369
vn 0.057132 0.951173 -0.303324
vn 0.043154 0.956612 -0.288153
vn 0.036249 0.970687 -0.237598
vn 0.040012 0.979036 -0.199719
vn 0.057132 0.951173 -0.303324
vn 0.074353 0.890347 -0.449170
vn 0.069044 0.908344 -0.412485
vn 0.080467 0.907993 -0.411185
vn 0.090567 0.864855 -0.493785
vn 0.125500 0.732890 -0.668672
vn 0.135963 0.656149 -0.742282
vn 0.115753 0.687082 -0.717300
vn 0.116216 0.703611 -0.701017
vn 0.106943 0.735996 -0.668486
vn 0.096174 0.766268 -0.635282
vn 0.125500 0.732890 -0.668672
vn 0.116216 0.703611 -0.701017
vn 0.096174 0.766268 -0.635282
vn 0.091749 0.805606 -0.585304
vn 0.104980 0.806153 -0.582319
vn 0.125500 0.732890 -0.668672
vn 0.091749 0.805606 -0.585304
vn 0.081307 0.844548 -0.529272
vn 0.090567 0.864855 -0.493785
vn 0.104980 0.806153 -0.582319
vn 0.090567 0.864855 -0.493785
vn 0.081307 0.844548 -0.529272
vn 0.074353 0.890347 -0.449170
vn 0.164266 0.432891 -0.886353
vn 0.129543 0.481459 -0.866843
vn 0.131493 0.535370 -0.834319
vn 0.147739 0.562846 -0.813251
vn 0.147739 0.562846 -0.813251
vn 0.131493 0.535370 -0.834319
vn 0.124113 0.578523 -0.806168
vn 0.124113 0.578523 -0.806168
vn 0.126994 0.612816 -0.779954
vn 0.135963 0.656149 -0.742282
vn 0.147739 0.562846 -0.813251
vn 0.135963 0.656149 -0.742282
vn 0.126994 0.612816 -0.779954
vn 0.115753 0.687082 -0.717300
vn 0.129543 0.481459 -0.866843
vn 0.164266 0.432891 -0.886353
vn 0.144109 0.414751 -0.898451
vn 0.144109 0.414751 -0.898451
vn 0.164266 0.432891 -0.886353
vn 0.168064 0.345649 -0.923191
vn 0.154840 0.344200 -0.926040
vn 0.168064 0.345649 -0.923191
vn 0.174995 0.220075 -0.959658
vn 0.158838 0.270587 -0.949502
vn 0.154840 0.344200 -0.926040
vn 0.174995 0.220075 -0.959658
vn 0.161931 0.173332 -0.971460
vn 0.156303 0.219723 -0.962960
vn 0.158838 0.270587 -0.949502
vn 0.161931 0.173332 -0.971460
vn 0.174995 0.220075 -0.959658
vn 0.174834 0.111440 -0.978271
vn 0.164935 0.112070 -0.979917
vn -0.147303 0.491292 0.858449
vn -0.137164 0.580563 0.802579
vn -0.150884 0.578400 0.801678
vn -0.158274 0.491246 0.856520
vn -0.137164 0.580563 0.802579
vn -0.125477 0.649963 0.749536
vn -0.144694 0.649261 0.746675
vn -0.150884 0.578400 0.801678
vn -0.125477 0.649963 0.749536
vn -0.111858 0.727484 0.676946
vn -0.130219 0.726277 0.674955
vn -0.144694 0.649261 0.746675
vn -0.130219 0.726277 0.674955
vn -0.111858 0.727484 0.676946
vn -0.102651 0.772550 0.626601
vn -0.120186 0.772434 0.623620
vn -0.102651 0.772550 0.626601
vn -0.090142 0.832161 0.547159
vn -0.107732 0.831190 0.545451
vn -0.120186 0.772434 0.623620
vn -0.090142 0.832161 0.547159
vn -0.081058 0.865790 0.493799
vn -0.095303 0.866842 0.489390
vn -0.107732 0.831190 0.545451
vn -0.081058 0.865790 0.493799
vn -0.063231 0.911044 0.407431
vn -0.076277 0.911408 0.404373
vn -0.095303 0.866842 0.489390
vn -0.076277 0.911408 0.404373
vn -0.063231 0.911044 0.407431
vn -0.050885 0.938520 0.341455
vn -0.061741 0.938679 0.339220
vn -0.050885 0.938520 0.341455
vn -0.035889 0.965592 0.257574
vn -0.046138 0.964980 0.258235
vn -0.061741 0.938679 0.339220
vn -0.035889 0.965592 0.257574
vn -0.019587 0.984994 0.171472
vn -0.036296 0.978740 0.201868
vn -0.046138 0.964980 0.258235
vn -0.036296 0.978740 0.201868
vn -0.019587 0.984994 0.171472
vn -0.022773 0.991716 0.126413
vn -0.022773 0.991716 0.126413
vn -0.019587 0.984994 0.171472
vn 0.001697 0.998912 0.046609
vn -0.016734 0.995996 0.087813
vn 0.984744 0.000001 0.174012
vn 0.984721 -0.006791 0.174008
vn 0.984689 -0.010576 0.174002
vn 0.985014 -0.002076 0.172461
vn 0.984743 0.000001 0.174013
vn 0.984743 0.000001 0.174014
vn 0.985158 -0.002804 0.171629
vn 0.984721 -0.006791 0.174008
vn 0.984743 0.000001 0.174014
vn 0.984743 0.000001 0.174014
vn 0.984743 -0.000002 0.174014
vn 0.985158 -0.002804 0.171629
vn 0.984743 -0.000002 0.174014
vn 0.984743 0.000001 0.174014
vn 0.984743 0.000000 0.174014
vn 0.984743 0.000001 0.174014
vn 0.984743 0.000001 0.174014
vn 0.984743 0.000000 0.174014
vn 0.984743 0.000000 0.174014
vn 0.984743 0.000000 0.174014
vn 0.984743 0.000000 0.174014
vn 0.982997 0.002261 0.183606
vn 0.984743 0.000001 0.174014
vn 0.983919 0.001448 0.178610
vn 0.984743 0.000000 0.174014
vn 0.984743 0.000001 0.174013
vn 0.984743 0.000000 0.174013
vn 0.984743 -0.000000 0.174013
vn 0.984744 0.000001 0.174012
vn 0.985014 -0.002076 0.172461
vn 0.985225 -0.003278 0.171236
vn 0.984743 0.000000 0.174013
vn 0.984743 0.000000 0.174013
vn 0.986480 -0.001167 0.163876
vn 0.984744 0.000000 0.174012
vn 0.984743 -0.000001 0.174013
vn 0.985577 -0.003207 0.169199
vn 0.985460 -0.001930 0.169898
vn 0.984743 -0.000000 0.174013
vn 0.985225 -0.003278 0.171236
vn 0.985433 -0.003527 0.170028
vn 0.984743 -0.000001 0.174013
vn 0.984743 -0.000001 0.174013
vn 0.985433 -0.003527 0.170028
vn 0.985577 -0.003207 0.169199
vn 0.984743 0.000000 0.174013
vn 0.986480 -0.001167 0.163876
vn 0.985666 -0.000112 0.168709
vn 0.985666 -0.000112 0.168709
vn 0.984743 0.000000 0.174013
vn 0.984743 0.000000 0.174013
vn 0.985460 -0.001930 0.169898
vn 0.985707 -0.001627 0.168464
vn 0.984743 0.000000 0.174013
vn 0.984744 0.000000 0.174012
vn 0.984743 0.000000 0.174013
vn 0.985707 -0.001627 0.168464
vn 0.986480 -0.001167 0.163876
vn -0.984743 0.000000 -0.174013
vn -0.984743 0.000000 -0.174013
vn -0.984743 0.000000 -0.174014
vn -0.984743 0.000000 -0.174014
vn -0.984743 0.000000 -0.174014
vn -0.984743 0.000000 -0.174013
vn -0.984743 0.000000 -0.174013
vn -0.984743 0.000000 -0.174013
vn -0.984743 0.000000 -0.174013
vn -0.984743 0.000000 -0.174013
vn -0.984743 0.000000 -0.174014
vn -0.984743 0.000000 -0.174013
vn -0.984743 0.000000 -0.174014
vn -0.984743 0.000000 -0.174013
vn -0.984743 0.000000 -0.174014
vn -0.984743 0.000000 -0.174014
vn -0.984743 0.000000 -0.174014
vn -0.984743 0.000000 -0.174013
vn -0.984743 0.000000 -0.174013
vn -0.984743 0.000000 -0.174013
vn -0.984743 0.000000 -0.174013
vn -0.984743 0.000001 -0.174017
vn -0.984743 0.000000 -0.174014
vn -0.984743 0.000000 -0.174014
vn -0.984743 0.000000 -0.174013
vn -0.984743 0.000000 -0.174014
vn -0.984743 0.000000 -0.174014
vn -0.984743 0.000000 -0.174014
vn -0.984743 0.000000 -0.174013
vn -0.984743 0.000000 -0.174013
vn -0.984743 0.000000 -0.174014
vn -0.984743 0.000000 -0.174013
vn -0.984743 0.000000 -0.174013
vn -0.984743 0.000000 -0.174013
vn -0.984743 0.000000 -0.174013
vn -0.984743 0.000000 -0.174013
vn -0.984743 0.000000 -0.174013
vn -0.984743 0.000000 -0.174014
vn -0.984743 0.000000 -0.174014
vn -0.984743 0.000000 -0.174013
vn -0.984743 0.000000 -0.174013
vn -0.984743 0.000000 -0.174013
vn -0.984743 0.000000 -0.174014
vn -0.984743 0.000000 -0.174014
vn -0.984743 0.000000 -0.174014
vn -0.984743 0.000000 -0.174014
vn -0.984743 0.000000 -0.174014
vn -0.984743 0.000000 -0.174014
vn -0.984743 0.000000 -0.174013
vn -0.984743 0.000000 -0.174013
vn -0.984743 0.000001 -0.174013
vn -0.984743 0.000001 -0.174013
vn -0.984743 0.000000 -0.174014
vn -0.984743 0.000000 -0.174013
vn -0.984743 0.000000 -0.174014
vn -0.984743 0.000000 -0.174013
vn -0.984743 0.000000 -0.174013
vn -0.984743 0.000000 -0.174013
vn -0.984743 0.000000 -0.174014
vn -0.984743 0.000000 -0.174013
vn -0.984743 0.000000 -0.174013
vn -0.984743 0.000000 -0.174013
vn -0.984743 0.000000 -0.174014
vn -0.984743 0.000000 -0.174013
vn 0.152882 -0.185181 -0.970739
vn 0.164195 -0.284868 -0.944399
vn 0.148798 -0.278820 -0.948746
vn 0.148798 -0.278820 -0.948746
vn 0.164195 -0.284868 -0.944399
vn 0.156175 -0.327677 -0.931792
vn 0.142312 -0.375862 -0.915683
vn 0.142312 -0.375862 -0.915683
vn 0.143366 -0.410975 -0.900303
vn 0.136216 -0.452099 -0.881506
vn 0.148798 -0.278820 -0.948746
vn 0.148798 -0.278820 -0.948746
vn 0.152814 -0.094822 -0.983696
vn 0.155025 -0.151826 -0.976174
vn 0.152882 -0.185181 -0.970739
vn 0.152814 -0.094822 -0.983696
vn 0.155306 -0.000946 -0.987866
vn 0.173660 -0.063614 -0.982749
vn 0.155025 -0.151826 -0.976174
vn 0.156885 0.033125 -0.987061
vn 0.155306 -0.000946 -0.987866
vn 0.152814 -0.094822 -0.983696
vn 0.153200 0.093376 -0.983774
vn 0.165771 0.304461 -0.937989
vn 0.152905 0.219258 -0.963611
vn 0.146634 0.275770 -0.949973
vn 0.142537 0.364282 -0.920316
vn 0.146634 0.275770 -0.949973
vn 0.152905 0.219258 -0.963611
vn 0.152878 0.185537 -0.970672
vn 0.153200 0.093376 -0.983774
vn 0.153200 0.093376 -0.983774
vn 0.152878 0.185537 -0.970672
vn 0.172743 0.120813 -0.977530
vn 0.156885 0.033125 -0.987061
vn 0.153656 0.469335 -0.869549
vn 0.141626 0.393907 -0.908174
vn 0.133690 0.453344 -0.881253
vn 0.128342 0.528802 -0.838986
vn 0.141626 0.393907 -0.908174
vn 0.142537 0.364282 -0.920316
vn 0.146634 0.275770 -0.949973
vn 0.133690 0.453344 -0.881253
vn 0.133690 0.453344 -0.881253
vn 0.116371 0.612769 -0.781647
vn 0.126125 0.556711 -0.821076
vn 0.128342 0.528802 -0.838986
vn 0.116371 0.612769 -0.781647
vn 0.109132 0.677374 -0.727499
vn 0.136087 0.623177 -0.770150
vn 0.126125 0.556711 -0.821076
vn 0.093481 0.749159 -0.655761
vn 0.113254 0.759237 -0.640884
vn 0.104879 0.691935 -0.714302
vn 0.104879 0.691935 -0.714302
vn 0.109132 0.677374 -0.727499
vn 0.116371 0.612769 -0.781647
vn 0.093481 0.749159 -0.655761
vn 0.093481 0.749159 -0.655761
vn 0.080366 0.833784 -0.546210
vn 0.081746 0.822686 -0.562587
vn 0.082556 0.807013 -0.584734
vn 0.083866 0.876870 -0.473356
vn 0.080366 0.833784 -0.546210
vn 0.055589 0.931711 -0.358921
vn 0.077211 0.887985 -0.453345
vn 0.084758 -0.838666 -0.538011
vn 0.095823 -0.751316 -0.652949
vn 0.093471 -0.780560 -0.618052
vn 0.085639 -0.804801 -0.587333
vn 0.065746 -0.925658 -0.372605
vn 0.084758 -0.838666 -0.538011
vn 0.087621 -0.864135 -0.495574
vn 0.065746 -0.925658 -0.372605
vn 0.136216 -0.452099 -0.881506
vn 0.143366 -0.410975 -0.900303
vn 0.128636 -0.541824 -0.830590
vn 0.128636 -0.541824 -0.830590
vn 0.117089 -0.612738 -0.781564
vn 0.117078 -0.612823 -0.781499
vn 0.136216 -0.452099 -0.881506
vn 0.117089 -0.612738 -0.781564
vn 0.110113 -0.679134 -0.725708
vn 0.095823 -0.751316 -0.652949
vn 0.117078 -0.612823 -0.781499
vn 0.095823 -0.751316 -0.652949
vn 0.110113 -0.679134 -0.725708
vn 0.093471 -0.780560 -0.618052
vn 0.065746 -0.925658 -0.372605
vn 0.065746 -0.925658 -0.372605
vn -0.132379 -0.989940 -0.049944
vn -0.116839 -0.992026 -0.047254
vn -0.004597 -0.999651 0.026016
vn -0.116839 -0.992026 -0.047254
vn -0.022187 -0.999499 0.022576
vn -0.004597 -0.999651 0.026016
vn -0.022187 -0.999499 0.022576
vn -0.065924 -0.921626 0.382438
vn -0.065924 -0.921626 0.382438
vn -0.186132 0.375448 0.907961
vn -0.169102 0.495181 0.852174
vn -0.177364 0.469369 0.865006
vn -0.105562 -0.842156 0.528801
vn -0.065924 -0.921626 0.382438
vn -0.065924 -0.921626 0.382438
vn -0.108580 -0.837486 0.535562
vn -0.072296 0.912200 0.403316
vn -0.100493 0.851207 0.515119
vn -0.094416 0.858742 0.503635
vn -0.076917 0.892843 0.443752
vn -0.122351 0.805869 0.579315
vn -0.100493 0.851207 0.515119
vn -0.137120 0.736889 0.661961
vn -0.156928 0.613737 0.773758
vn -0.146970 0.649890 0.745683
vn -0.144899 0.676579 0.721973
vn -0.137120 0.736889 0.661961
vn -0.137120 0.736889 0.661961
vn -0.125175 0.713973 0.688894
vn -0.110697 0.771752 0.626215
vn -0.169102 0.495181 0.852174
vn -0.168342 0.527724 0.832568
vn -0.156928 0.613737 0.773758
vn -0.177364 0.469369 0.865006
vn -0.156928 0.613737 0.773758
vn -0.168342 0.527724 0.832568
vn -0.146970 0.649890 0.745683
vn -0.177364 0.469369 0.865006
vn -0.176720 0.241112 0.954272
vn -0.187511 0.359347 0.914172
vn -0.186132 0.375448 0.907961
vn -0.187511 0.359347 0.914172
vn -0.176720 0.241112 0.954272
vn -0.170131 0.210032 0.962778
vn -0.170131 0.210032 0.962778
vn -0.176720 0.241112 0.954272
vn -0.179542 0.122843 0.976050
vn -0.171782 0.159587 0.972123
vn -0.192225 -0.035801 0.980698
vn -0.194437 -0.002146 0.980913
vn -0.179542 0.122843 0.976050
vn -0.194432 -0.097005 0.976108
vn -0.165721 -0.305005 0.937821
vn -0.186932 -0.220196 0.957377
vn -0.187540 -0.277694 0.942186
vn -0.180567 -0.365916 0.912963
vn -0.187540 -0.277694 0.942186
vn -0.186932 -0.220196 0.957377
vn -0.189663 -0.184737 0.964313
vn -0.194432 -0.097005 0.976108
vn -0.194432 -0.097005 0.976108
vn -0.189663 -0.184737 0.964313
vn -0.172745 -0.120473 0.977571
vn -0.192225 -0.035801 0.980698
vn -0.180567 -0.365916 0.912963
vn -0.187540 -0.277694 0.942186
vn -0.175490 -0.452733 0.874206
vn -0.176661 -0.399458 0.899569
vn -0.134397 -0.635220 0.760548
vn -0.160713 -0.564505 0.809633
vn -0.157945 -0.611737 0.775133
vn -0.145629 -0.683259 0.715506
vn -0.157945 -0.611737 0.775133
vn -0.160713 -0.564505 0.809633
vn -0.165713 -0.534084 0.829032
vn -0.175490 -0.452733 0.874206
vn -0.175490 -0.452733 0.874206
vn -0.165713 -0.534084 0.829032
vn -0.152784 -0.478651 0.864610
vn -0.176661 -0.399458 0.899569
vn -0.145629 -0.683259 0.715506
vn -0.157945 -0.611737 0.775133
vn -0.135525 -0.749073 0.648477
vn -0.139651 -0.709459 0.690772
vn -0.105562 -0.842156 0.528801
vn -0.108580 -0.837486 0.535562
vn -0.121027 -0.808140 0.576422
vn -0.135525 -0.749073 0.648477
vn -0.135525 -0.749073 0.648477
vn -0.121027 -0.808140 0.576422
vn -0.111212 -0.769125 0.629348
vn -0.139651 -0.709459 0.690772
vn -0.173283 0.000000 -0.984872
vn 0.155894 0.000000 -0.987774
vn 0.155894 0.000000 -0.987774
vn -0.173283 0.000000 -0.984872
vn 0.155894 0.000000 -0.987774
vn 0.468177 0.000000 -0.883635
vn 0.468177 0.000000 -0.883635
vn 0.155894 0.000000 -0.987774
vn 0.468177 0.000000 -0.883635
vn 0.729725 0.000000 -0.683741
vn 0.729725 0.000000 -0.683741
vn 0.468177 0.000000 -0.883635
vn 0.729725 0.000000 -0.683741
vn 0.912197 0.000000 -0.409753
vn 0.912197 0.000000 -0.409753
vn 0.729725 0.000000 -0.683741
vn 0.912197 0.000000 -0.409753
vn 0.995818 0.000000 -0.091361
vn 0.995818 0.000000 -0.091361
vn 0.912197 0.000000 -0.409753
vn 0.995818 0.000000 -0.091361
vn 0.971527 0.000000 0.236931
vn 0.971527 0.000000 0.236931
vn 0.995818 0.000000 -0.091361
vn 0.971527 0.000000 0.236931
vn 0.841955 -0.000000 0.539547
vn 0.841955 -0.000000 0.539547
vn 0.971527 0.000000 0.236931
vn 0.841955 -0.000000 0.539547
vn 0.621145 -0.000000 0.783696
vn 0.621145 -0.000000 0.783696
vn 0.841955 -0.000000 0.539547
vn 0.621145 -0.000000 0.783696
vn 0.333024 0.000000 0.942918
vn 0.333024 0.000000 0.942918
vn 0.621145 -0.000000 0.783696
vn 0.333024 0.000000 0.942918
vn 0.008815 0.000000 0.999961
vn 0.008815 0.000000 0.999961
vn 0.333024 0.000000 0.942918
vn 0.008815 0.000000 0.999961
vn -0.316349 0.000000 0.948643
vn -0.316349 0.000000 0.948643
vn 0.008815 0.000000 0.999961
vn -0.316349 0.000000 0.948643
vn -0.607233 0.000000 0.794524
vn -0.607233 0.000000 0.794524
vn -0.316349 0.000000 0.948643
vn -0.607233 0.000000 0.794524
vn -0.832313 0.000000 0.554307
vn -0.832313 0.000000 0.554307
vn -0.607233 0.000000 0.794524
vn -0.832313 0.000000 0.554307
vn -0.967199 0.000000 0.254021
vn -0.967199 0.000000 0.254021
vn -0.832313 0.000000 0.554307
vn -0.967199 0.000000 0.254021
vn -0.997274 0.000000 -0.073791
vn -0.997274 0.000000 -0.073791
vn -0.967199 0.000000 0.254021
vn -0.997274 0.000000 -0.073791
vn -0.919279 0.000000 -0.393607
vn -0.919279 0.000000 -0.393607
vn -0.997274 0.000000 -0.073791
vn -0.919279 0.000000 -0.393607
vn -0.741666 0.000000 -0.670770
vn -0.741666 0.000000 -0.670770
vn -0.919279 0.000000 -0.393607
vn -0.741666 0.000000 -0.670770
vn -0.483682 0.000000 -0.875244
vn -0.483682 0.000000 -0.875244
vn -0.741666 0.000000 -0.670770
vn -0.483682 0.000000 -0.875244
vn -0.173283 0.000000 -0.984872
vn -0.173283 0.000000 -0.984872
vn -0.483682 0.000000 -0.875244
vn 0.000000 -1.000000 0.000000
vn 0.000000 -1.000000 0.000000
vn 0.000000 -1.000000 0.000000
vn 0.000000 -1.000000 0.000000
vn 0.000000 -1.000000 0.000000
vn 0.000000 -1.000000 0.000000
vn 0.000000 -1.000000 0.000000
vn 0.000000 -1.000000 0.000000
vn 0.000000 -1.000000 0.000000
vn 0.000000 -1.000000 0.000000
vn 0.000000 -1.000000 0.000000
vn 0.000000 -1.000000 0.000000
vn 0.000000 -1.000000 0.000000
vn 0.000000 -1.000000 0.000000
vn 0.000000 -1.000000 0.000000
vn 0.000000 -1.000000 0.000000
vn 0.000000 -1.000000 0.000000
vn 0.000000 -1.000000 0.000000
vn 0.000000 -1.000000 0.000000
vn 0.000000 -1.000000 0.000000
vn 0.000000 -1.000000 0.000000
vn 0.000000 -1.000000 0.000000
vn 0.000000 -1.000000 0.000000
vn 0.000000 -1.000000 0.000000
vn 0.000000 -1.000000 0.000000
vn 0.000000 -1.000000 0.000000
vn 0.000000 -1.000000 0.000000
vn 0.000000 -1.000000 0.000000
vn 0.000000 -1.000000 0.000000
vn 0.000000 -1.000000 0.000000
vn 0.000000 -1.000000 0.000000
vn 0.000000 -1.000000 0.000000
vn 0.000000 -1.000000 0.000000
vn 0.000000 -1.000000 0.000000
vn 0.000000 -1.000000 0.000000
vn 0.000000 -1.000000 0.000000
vn 0.000000 -1.000000 0.000000
vn 0.000000 -1.000000 0.000000
vn 0.000000 -1.000000 0.000000
vn 0.000000 -1.000000 0.000000
vn 0.000000 -1.000000 0.000000
vn 0.984743 -0.000000 0.174013
vn 0.984743 -0.000000 0.174013
vn 0.984743 0.000000 0.174013
vn 0.982594 0.001992 0.185754
vn 0.982594 0.001992 0.185754
vn 0.984743 0.000000 0.174013
vn 0.987599 -0.001836 0.156988
vn 0.982594 0.001992 0.185754
vn 0.987599 -0.001836 0.156988
vn 0.983976 0.000972 0.178297
vn 0.975626 0.007708 0.219307
vn 0.987599 -0.001836 0.156988
vn 0.991691 -0.005376 0.128530
vn 0.987643 -0.002051 0.156706
vn 0.983976 0.000972 0.178297
vn 0.987643 -0.002051 0.156706
vn 0.984743 -0.000000 0.174013
vn 0.984743 -0.000000 0.174013
vn 0.983976 0.000972 0.178297
vn 0.984743 0.000000 0.174013
vn 0.984743 0.000000 0.174013
vn 0.984743 0.000000 0.174013
vn 0.984743 0.000000 0.174013
vn 0.984743 0.000000 0.174013
vn 0.984743 0.000000 0.174013
vn 0.984743 0.000000 0.174013
vn 0.984743 0.000000 0.174013
vn 0.984743 0.000000 0.174013
vn 0.984743 0.000000 0.174013
vn 0.984743 0.000000 0.174013
vn 0.984743 -0.000000 0.174013
vn 0.984743 -0.000000 0.174013
vn 0.984743 -0.000001 0.174013
vn 0.984743 -0.000001 0.174013
vn 0.984743 0.000000 0.174013
vn 0.984743 -0.000000 0.174013
vn 0.984743 -0.000000 0.174013
vn 0.984743 0.000000 0.174013
vn 0.984743 0.000000 0.174013
vn 0.984743 0.000000 0.174013
vn 0.984743 -0.000000 0.174013
vn 0.984743 0.000000 0.174013
vn 0.984743 0.000000 0.174013
vn 0.984743 0.000000 0.174013
vn 0.984743 -0.000000 0.174013
vn 0.984743 -0.000000 0.174013
vn 0.984743 0.000000 0.174013
vn 0.984743 -0.000000 0.174014
vn 0.984743 -0.000000 0.174014
vn 0.984743 0.000000 0.174013
vn 0.984743 -0.000000 0.174013
vn 0.984743 -0.000000 0.174013
vn 0.984743 0.000000 0.174013
vn 0.984743 0.000000 0.174013
vn 0.984743 0.000000 0.174013
vn 0.984743 -0.000000 0.174013
vn 0.984743 -0.000000 0.174013
vn 0.984743 -0.000000 0.174013
vn 0.984743 -0.000000 0.174013
vn 0.984743 -0.000000 0.174013
vn 0.984743 -0.000000 0.174013
vn 0.984743 -0.000000 0.174013
vn 0.984743 -0.000000 0.174013
vn 0.984743 -0.000000 0.174013
vn 0.984743 -0.000000 0.174013
vn 0.984743 -0.000000 0.174013
vn 0.984743 -0.000000 0.174013
vn 0.984743 -0.000000 0.174013
vn 0.984743 -0.000000 0.174014
vn 0.984743 -0.000000 0.174013
vn 0.984743 -0.000000 0.174013
vn 0.984743 0.000000 0.174013
vn 0.984743 0.000000 0.174013
vn 0.984743 0.000000 0.174013
vn 0.984743 0.000000 0.174013
vn 0.984743 0.000000 0.174013
vn 0.984743 0.000000 0.174013
vn 0.984743 -0.000000 0.174013
vn 0.984743 -0.000000 0.174013
vn 0.984743 -0.000000 0.174013
vn 0.984743 -0.000000 0.174013
vn 0.984743 0.000000 0.174013
vn 0.984743 -0.000000 0.174013
vn 0.984743 -0.000000 0.174014
vn 0.984743 -0.000000 0.174013
vn 0.984743 -0.000000 0.174013
vn 0.984743 -0.000000 0.174013
vn 0.984743 -0.000000 0.174013
vn 0.984743 -0.000000 0.174013
vn 0.984743 -0.000000 0.174013
vn 0.984743 0.000000 0.174013
vn 0.984743 0.000000 0.174013
vn 0.984743 -0.000000 0.174013
vn 0.984743 0.000000 0.174013
vn 0.984743 0.000000 0.174013
vn 0.984743 -0.000000 0.174013
vn 0.984743 -0.000000 0.174013
vn 0.984743 -0.000000 0.174013
vn 0.984743 -0.000000 0.174013
vn 0.984743 0.000000 0.174013
vn 0.984743 -0.000000 0.174013
vn 0.984743 0.000000 0.174013
vn 0.984743 0.000000 0.174013
vn 0.984743 -0.000000 0.174013
vn 0.984743 0.000000 0.174013
vn 0.984743 -0.000000 0.174013
vn 0.984743 -0.000000 0.174013
vn 0.984743 0.000000 0.174013
vn 0.173314 0.089405 -0.980800
vn 0.173369 0.085782 -0.981114
vn 0.169322 0.230618 -0.958199
vn 0.169322 0.230619 -0.958199
vn 0.169322 0.230619 -0.958199
vn 0.169322 0.230618 -0.958199
vn 0.155503 0.448803 -0.879997
vn 0.155503 0.448803 -0.879997
vn 0.155503 0.448803 -0.879997
vn 0.155503 0.448803 -0.879997
vn 0.133302 0.642792 -0.754354
vn 0.133302 0.642792 -0.754354
vn 0.133302 0.642792 -0.754354
vn 0.133302 0.642792 -0.754354
vn 0.103919 0.802126 -0.588044
vn 0.103919 0.802126 -0.588043
vn 0.103919 0.802126 -0.588043
vn 0.103919 0.802126 -0.588044
vn 0.068926 0.918218 -0.390032
vn 0.068926 0.918218 -0.390033
vn 0.068926 0.918218 -0.390033
vn 0.068926 0.918218 -0.390032
vn 0.030218 0.984808 -0.170995
vn 0.030218 0.984808 -0.170995
vn 0.030218 0.984808 -0.170995
vn 0.030218 0.984808 -0.170995
vn -0.010113 0.998308 0.057260
vn -0.010113 0.998308 0.057260
vn -0.010113 0.998308 0.057260
vn -0.010113 0.998308 0.057260
vn -0.049908 0.957989 0.282431
vn -0.049908 0.957989 0.282431
vn -0.049908 0.957989 0.282431
vn -0.049908 0.957989 0.282431
vn -0.087013 0.866023 0.492375
vn -0.087013 0.866023 0.492374
vn -0.087013 0.866023 0.492374
vn -0.087013 0.866023 0.492375
vn -0.119417 0.727371 0.675774
vn -0.119417 0.727372 0.675773
vn -0.119417 0.727372 0.675773
vn -0.119417 0.727371 0.675774
vn -0.145380 0.549506 0.822744
vn -0.145380 0.549505 0.822745
vn -0.145380 0.549505 0.822745
vn -0.145380 0.549506 0.822744
vn -0.163513 0.342016 0.925359
vn -0.163513 0.342017 0.925358
vn -0.163513 0.342017 0.925358
vn -0.163513 0.342016 0.925359
vn -0.171367 0.173645 0.969784
vn -0.171367 0.173645 0.969784
vn -0.171367 0.173645 0.969784
vn -0.171367 0.173645 0.969784
vn -0.173783 0.051354 0.983444
vn -0.166199 0.020298 0.985883
vn -0.166199 0.020298 0.985883
vn -0.173783 0.051354 0.983444
vn -0.147796 -0.061718 0.987090
vn -0.147796 -0.061718 0.987090
vn -0.162866 -0.179526 0.970178
vn -0.162866 -0.179526 0.970178
vn -0.166199 0.020298 0.985883
vn -0.162866 -0.179526 0.970178
vn -0.162866 -0.179526 0.970178
vn -0.163520 -0.342023 0.925355
vn -0.163520 -0.342022 0.925355
vn -0.163520 -0.342022 0.925355
vn -0.163520 -0.342023 0.925355
vn -0.145387 -0.549511 0.822740
vn -0.145387 -0.549511 0.822740
vn -0.145387 -0.549511 0.822740
vn -0.145387 -0.549511 0.822740
vn -0.119414 -0.727375 0.675771
vn -0.119414 -0.727375 0.675771
vn -0.119414 -0.727375 0.675771
vn -0.119414 -0.727375 0.675771
vn -0.087005 -0.866027 0.492369
vn -0.087005 -0.866027 0.492369
vn -0.087005 -0.866027 0.492369
vn -0.087005 -0.866027 0.492369
vn -0.049908 -0.957991 0.282424
vn -0.049908 -0.957990 0.282425
vn -0.049908 -0.957990 0.282425
vn -0.049908 -0.957991 0.282424
vn -0.010119 -0.998308 0.057253
vn -0.010119 -0.998308 0.057254
vn -0.010119 -0.998308 0.057254
vn -0.010119 -0.998308 0.057253
vn 0.030216 -0.984807 -0.171002
vn 0.030216 -0.984807 -0.171002
vn 0.030216 -0.984807 -0.171002
vn 0.030216 -0.984807 -0.171002
vn 0.068922 -0.918215 -0.390040
vn 0.068922 -0.918215 -0.390040
vn 0.068922 -0.918215 -0.390040
vn 0.068922 -0.918215 -0.390040
vn 0.103912 -0.802121 -0.588051
vn 0.103912 -0.802121 -0.588051
vn 0.103912 -0.802121 -0.588051
vn 0.103912 -0.802121 -0.588051
vn 0.133296 -0.642784 -0.754361
vn 0.133296 -0.642784 -0.754362
vn 0.133296 -0.642784 -0.754362
vn 0.133296 -0.642784 -0.754361
vn 0.155496 -0.448794 -0.880003
vn 0.155497 -0.448793 -0.880003
vn 0.155497 -0.448793 -0.880003
vn 0.155496 -0.448794 -0.880003
vn 0.165730 -0.304769 -0.937896
vn 0.165538 -0.308190 -0.936812
vn 0.165538 -0.308190 -0.936812
vn 0.165730 -0.304769 -0.937896
vn 0.171562 -0.167185 -0.970884
vn 0.173314 0.089405 -0.980800
vn 0.173774 -0.051596 -0.983433
vn 0.173369 0.085782 -0.981114
vn -0.150190 0.169839 0.973960
vn -0.151377 0.365345 0.918481
vn -0.156349 0.439012 0.884773
vn -0.151377 0.365345 0.918481
vn -0.137321 0.614210 0.777103
vn -0.137322 0.614211 0.777102
vn -0.156349 0.439012 0.884773
vn -0.137321 0.614210 0.777103
vn -0.095176 0.837165 0.538606
vn -0.095176 0.837165 0.538606
vn -0.137322 0.614211 0.777102
vn -0.095176 0.837165 0.538606
vn -0.042718 0.969400 0.241743
vn -0.042718 0.969400 0.241743
vn -0.095176 0.837165 0.538606
vn -0.042718 0.969400 0.241743
vn 0.014369 0.996585 -0.081316
vn 0.014370 0.996585 -0.081315
vn -0.042718 0.969400 0.241743
vn 0.014369 0.996585 -0.081316
vn 0.069900 0.915775 -0.395564
vn 0.069900 0.915775 -0.395562
vn 0.014370 0.996585 -0.081315
vn 0.069900 0.915775 -0.395564
vn 0.117855 0.735726 -0.666946
vn 0.117857 0.735726 -0.666946
vn 0.069900 0.915775 -0.395562
vn 0.117855 0.735726 -0.666946
vn 0.153040 0.475950 -0.866054
vn 0.153043 0.475950 -0.866054
vn 0.117857 0.735726 -0.666946
vn 0.153040 0.475950 -0.866054
vn 0.167795 0.264935 -0.949555
vn 0.154563 0.264911 -0.951805
vn 0.153043 0.475950 -0.866054
vn 0.167795 0.264935 -0.949555
vn 0.172635 0.030143 -0.984524
vn 0.172879 -0.035301 -0.984310
vn 0.154563 0.264911 -0.951805
vn 0.172635 0.030143 -0.984524
vn 0.176996 0.007030 -0.984186
vn 0.168284 -0.254485 -0.952322
vn 0.172879 -0.035301 -0.984310
vn -0.150190 0.169839 0.973960
vn -0.172712 -0.122027 0.977384
vn -0.165610 -0.045952 0.985120
vn -0.165610 -0.045952 0.985120
vn -0.150775 0.358476 0.921283
vn -0.151377 0.365345 0.918481
vn -0.150190 0.169839 0.973960
vn -0.150775 0.358476 0.921283
vn -0.137321 0.614210 0.777103
vn -0.137321 0.614210 0.777103
vn -0.151377 0.365345 0.918481
vn -0.137321 0.614210 0.777103
vn -0.095176 0.837165 0.538606
vn -0.095176 0.837165 0.538606
vn -0.137321 0.614210 0.777103
vn -0.095176 0.837165 0.538606
vn -0.042718 0.969400 0.241743
vn -0.042718 0.969400 0.241743
vn -0.095176 0.837165 0.538606
vn -0.042718 0.969400 0.241743
vn 0.014369 0.996585 -0.081316
vn 0.014369 0.996585 -0.081316
vn -0.042718 0.969400 0.241743
vn 0.014369 0.996585 -0.081316
vn 0.069900 0.915775 -0.395564
vn 0.069900 0.915775 -0.395564
vn 0.014369 0.996585 -0.081316
vn 0.069900 0.915775 -0.395564
vn 0.117855 0.735726 -0.666946
vn 0.117855 0.735726 -0.666946
vn 0.069900 0.915775 -0.395564
vn 0.117855 0.735726 -0.666946
vn 0.153039 0.475950 -0.866055
vn 0.153040 0.475950 -0.866054
vn 0.117855 0.735726 -0.666946
vn 0.153039 0.475950 -0.866055
vn 0.169645 0.264935 -0.949226
vn 0.167795 0.264935 -0.949555
vn 0.153040 0.475950 -0.866054
vn 0.169645 0.264935 -0.949226
vn 0.176996 0.007030 -0.984186
vn 0.172635 0.030143 -0.984524
vn 0.167795 0.264935 -0.949555
vn 0.168284 -0.254485 -0.952322
vn 0.176996 0.007030 -0.984186
vn 0.167178 -0.277504 -0.946067
vn 0.167178 -0.277504 -0.946067
vn 0.153040 -0.475944 -0.866058
vn 0.153040 -0.475944 -0.866058
vn 0.168284 -0.254485 -0.952322
vn 0.153040 -0.475944 -0.866058
vn 0.117857 -0.735722 -0.666951
vn 0.117857 -0.735722 -0.666951
vn 0.153040 -0.475944 -0.866058
vn 0.117857 -0.735722 -0.666951
vn 0.069902 -0.915772 -0.395569
vn 0.069902 -0.915772 -0.395569
vn 0.117857 -0.735722 -0.666951
vn 0.069902 -0.915772 -0.395569
vn 0.014371 -0.996584 -0.081322
vn 0.014371 -0.996584 -0.081322
vn 0.069902 -0.915772 -0.395569
vn 0.014371 -0.996584 -0.081322
vn -0.042717 -0.969401 0.241737
vn -0.042717 -0.969401 0.241737
vn 0.014371 -0.996584 -0.081322
vn -0.042717 -0.969401 0.241737
vn -0.095175 -0.837169 0.538600
vn -0.095175 -0.837169 0.538601
vn -0.042717 -0.969401 0.241737
vn -0.095175 -0.837169 0.538600
vn -0.137320 -0.614215 0.777099
vn -0.137320 -0.614215 0.777099
vn -0.095175 -0.837169 0.538601
vn -0.137320 -0.614215 0.777099
vn -0.164584 -0.324703 0.931386
vn -0.164584 -0.324703 0.931386
vn -0.137320 -0.614215 0.777099
vn -0.164584 -0.324703 0.931386
vn -0.165610 -0.045952 0.985120
vn -0.172712 -0.122027 0.977384
vn -0.164584 -0.324703 0.931386
vn 0.984743 0.000001 0.174014
vn 0.984743 0.000000 0.174014
vn 0.984743 -0.000000 0.174013
vn 0.984743 0.000000 0.174014
vn 0.984743 -0.000000 0.174013
vn 0.984743 -0.000000 0.174013
vn 0.984743 -0.000001 0.174014
vn 0.984743 0.000000 0.174014
vn 0.984743 -0.000000 0.174013
vn 0.984743 -0.000000 0.174013
vn 0.984743 -0.000000 0.174013
vn 0.984743 -0.000000 0.174013
vn 0.984743 0.000000 0.174013
vn 0.984743 0.000000 0.174013
vn 0.984743 -0.000000 0.174013
vn 0.984743 0.000000 0.174013
vn 0.984743 -0.000000 0.174013
vn 0.984743 0.000000 0.174013
vn 0.984743 0.000000 0.174013
vn 0.984743 -0.000000 0.174013
vn 0.984743 -0.000000 0.174013
vn 0.984743 0.000000 0.174013
vn 0.984743 -0.000000 0.174013
vn 0.984743 -0.000000 0.174013
vn 0.984743 -0.000000 0.174013
vn 0.984743 -0.000000 0.174013
vn 0.984743 -0.000000 0.174013
vn 0.984743 -0.000000 0.174013
vn 0.984743 -0.000000 0.174013
vn 0.984743 -0.000000 0.174013
vn 0.984743 0.000000 0.174013
vn 0.984743 -0.000000 0.174013
vn 0.984743 -0.000000 0.174013
vn 0.984743 -0.000000 0.174013
vn 0.984743 -0.000000 0.174013
vn 0.984743 -0.000000 0.174013
vn 0.984743 -0.000000 0.174013
vn 0.984743 0.000000 0.174014
vn 0.984743 -0.000000 0.174013
vn 0.984743 -0.000000 0.174013
vn -0.362912 0.842101 0.398950
vn -0.436135 0.848833 0.298779
vn -0.476058 0.802802 0.358997
vn -0.542078 0.796279 0.268498
vn -0.677630 0.710131 0.191131
vn -0.677237 0.692368 0.248951
vn -0.933869 0.346450 -0.088666
vn -0.974814 0.198808 -0.101055
vn -0.931611 0.362411 -0.027543
vn -0.923437 0.377463 -0.069175
vn -0.984958 -0.000637 -0.172793
vn -0.996533 -0.082003 0.014043
vn -0.998163 -0.058102 0.017150
vn -0.985075 -0.000666 -0.172123
vn -0.974156 -0.130157 -0.184606
vn -0.945870 -0.286085 -0.153250
vn -0.980791 -0.110996 -0.160402
vn -0.984434 -0.013886 -0.175207
vn -0.980791 -0.110996 -0.160402
vn -0.977665 -0.163108 -0.132541
vn -0.984979 -0.033427 -0.169409
vn -0.984434 -0.013886 -0.175207
vn -0.985075 -0.000666 -0.172123
vn -0.998163 -0.058102 0.017150
vn -0.999099 -0.035764 0.022839
vn -0.985099 -0.000326 -0.171990
vn -0.985099 -0.000326 -0.171990
vn -0.999099 -0.035764 0.022839
vn -0.999505 -0.012779 0.028749
vn -0.985048 -0.000028 -0.172279
vn -0.985048 -0.000028 -0.172279
vn -0.999505 -0.012779 0.028749
vn -0.999289 0.012478 0.035588
vn -0.985084 0.000208 -0.172076
vn -0.985084 0.000208 -0.172076
vn -0.999289 0.012478 0.035588
vn -0.998991 0.035544 0.027461
vn -0.985016 0.000351 -0.172463
vn -0.985016 0.000351 -0.172463
vn -0.998991 0.035544 0.027461
vn -0.997294 0.064221 0.035785
vn -0.984968 0.000404 -0.172737
vn -0.984968 0.000404 -0.172737
vn -0.997294 0.064221 0.035785
vn -0.996517 0.082644 0.011153
vn -0.984981 0.000567 -0.172662
vn -0.984981 0.000567 -0.172662
vn -0.996517 0.082644 0.011153
vn -0.994219 0.106983 0.009073
vn -0.984976 0.000775 -0.172687
vn -0.984976 0.000775 -0.172687
vn -0.994219 0.106983 0.009073
vn -0.990733 0.135744 0.004586
vn -0.984976 0.000775 -0.172687
vn -0.984956 0.001051 -0.172801
vn -0.984538 -0.002666 -0.175153
vn -0.984956 0.001051 -0.172801
vn -0.990733 0.135744 0.004586
vn -0.988090 0.153056 -0.015873
vn -0.985008 0.001511 -0.172502
vn -0.985008 0.001511 -0.172502
vn -0.988090 0.153056 -0.015873
vn -0.986271 0.158635 -0.045884
vn -0.985056 0.002131 -0.172220
vn -0.985056 0.002131 -0.172220
vn -0.986271 0.158635 -0.045884
vn -0.983379 0.168853 -0.066741
vn -0.985096 0.003316 -0.171974
vn -0.985096 0.003316 -0.171974
vn -0.983379 0.168853 -0.066741
vn -0.979346 0.183624 -0.084643
vn -0.985145 0.005567 -0.171635
vn -0.985145 0.005567 -0.171635
vn -0.979346 0.183624 -0.084643
vn -0.974814 0.198808 -0.101055
vn -0.985137 0.007253 -0.171619
vn -0.985137 0.007253 -0.171619
vn -0.974814 0.198808 -0.101055
vn -0.978229 0.152399 -0.140866
vn -0.985141 0.010713 -0.171411
vn -0.985141 0.010713 -0.171411
vn -0.978229 0.152399 -0.140866
vn -0.979347 0.120146 -0.162619
vn -0.984952 0.012244 -0.172395
vn -0.984952 0.012244 -0.172395
vn -0.979347 0.120146 -0.162619
vn -0.977098 0.125122 -0.172115
vn -0.984223 0.029690 -0.174421
vn -0.677630 0.710131 0.191131
vn -0.739139 0.660252 0.133196
vn -0.835787 0.535532 0.121104
vn -0.677237 0.692368 0.248951
vn -0.760263 0.640704 0.107233
vn -0.864703 0.500645 0.040543
vn -0.835787 0.535532 0.121104
vn -0.739139 0.660252 0.133196
vn -0.835787 0.535532 0.121104
vn -0.864703 0.500645 0.040543
vn -0.931611 0.362411 -0.027543
vn -0.931707 0.363092 0.009321
vn -0.864703 0.500645 0.040543
vn -0.696765 0.716892 0.024193
vn -0.840610 0.541635 -0.002552
vn -0.931611 0.362411 -0.027543
vn -0.931611 0.362411 -0.027543
vn -0.840610 0.541635 -0.002552
vn -0.923437 0.377463 -0.069175
vn -0.677237 0.692368 0.248951
vn -0.476058 0.802802 0.358997
vn -0.436135 0.848833 0.298779
vn -0.542078 0.796279 0.268498
vn -0.481189 0.775902 0.407962
vn -0.295919 0.828430 0.475537
vn -0.297168 0.856696 0.421620
vn -0.362912 0.842101 0.398950
vn -0.476058 0.802802 0.358997
vn -0.297168 0.856696 0.421620
vn -0.295919 0.828430 0.475537
vn -0.097831 0.855630 0.508259
vn -0.088129 0.872280 0.481000
vn -0.338065 0.596383 0.728038
vn -0.141280 0.606045 0.782783
vn -0.126146 0.706738 0.696138
vn -0.324773 0.684377 0.652802
vn -0.126146 0.706738 0.696138
vn -0.118311 0.773782 0.622305
vn -0.309753 0.762665 0.567799
vn -0.324773 0.684377 0.652802
vn -0.118311 0.773782 0.622305
vn -0.097831 0.855630 0.508259
vn -0.295919 0.828430 0.475537
vn -0.309753 0.762665 0.567799
vn -0.349446 0.499930 0.792438
vn -0.156467 0.523001 0.837848
vn -0.141280 0.606045 0.782783
vn -0.338065 0.596383 0.728038
vn -0.349446 0.499930 0.792438
vn -0.358750 0.396386 0.845089
vn -0.167958 0.395283 0.903073
vn -0.156467 0.523001 0.837848
vn -0.358750 0.396386 0.845089
vn -0.365846 0.287222 0.885246
vn -0.168882 0.301463 0.938402
vn -0.167958 0.395283 0.903073
vn -0.168882 0.301463 0.938402
vn -0.365846 0.287222 0.885246
vn -0.370633 0.173982 0.912338
vn -0.174339 0.171582 0.969621
vn -0.174339 0.171582 0.969621
vn -0.370633 0.173982 0.912338
vn -0.373045 0.058274 0.925981
vn -0.181701 0.071963 0.980717
vn -0.373045 0.058274 0.925981
vn -0.373045 -0.058259 0.925982
vn -0.181701 -0.071947 0.980718
vn -0.181701 0.071963 0.980717
vn -0.373045 -0.058259 0.925982
vn -0.370634 -0.173966 0.912341
vn -0.174339 -0.171567 0.969624
vn -0.181701 -0.071947 0.980718
vn -0.174339 -0.171567 0.969624
vn -0.370634 -0.173966 0.912341
vn -0.365846 -0.287206 0.885251
vn -0.168882 -0.301448 0.938407
vn -0.156468 -0.522987 0.837856
vn -0.167959 -0.395268 0.903080
vn -0.358751 -0.396373 0.845095
vn -0.349448 -0.499917 0.792445
vn -0.167959 -0.395268 0.903080
vn -0.168882 -0.301448 0.938407
vn -0.365846 -0.287206 0.885251
vn -0.358751 -0.396373 0.845095
vn -0.324773 -0.684366 0.652814
vn -0.126148 -0.706727 0.696149
vn -0.141282 -0.606032 0.782793
vn -0.338068 -0.596370 0.728047
vn -0.141282 -0.606032 0.782793
vn -0.156468 -0.522987 0.837856
vn -0.349448 -0.499917 0.792445
vn -0.338068 -0.596370 0.728047
vn -0.286454 -0.824823 0.487454
vn -0.334571 -0.848257 0.410515
vn -0.170888 -0.876569 0.449916
vn -0.324773 -0.684366 0.652814
vn -0.309753 -0.762655 0.567811
vn -0.118314 -0.773772 0.622317
vn -0.126148 -0.706727 0.696149
vn -0.309753 -0.762655 0.567811
vn -0.286454 -0.824823 0.487454
vn -0.096741 -0.855371 0.508902
vn -0.118314 -0.773772 0.622317
vn -0.096741 -0.855371 0.508902
vn -0.286454 -0.824823 0.487454
vn -0.170888 -0.876569 0.449916
vn -0.086015 -0.872140 0.481637
vn -0.546092 -0.794691 0.265045
vn -0.367954 -0.893893 0.256057
vn -0.402334 -0.861553 0.309603
vn -0.525687 -0.783643 0.330993
vn -0.402334 -0.861553 0.309603
vn -0.367954 -0.893893 0.256057
vn -0.361366 -0.845626 0.392850
vn -0.525687 -0.783643 0.330993
vn -0.525687 -0.783643 0.330993
vn -0.361366 -0.845626 0.392850
vn -0.492915 -0.767988 0.408938
vn -0.675319 -0.692822 0.252867
vn -0.726321 -0.667073 0.165744
vn -0.610671 -0.759380 0.224551
vn -0.925043 -0.374224 -0.065211
vn -0.769979 -0.637134 -0.034535
vn -0.841341 -0.540350 0.012935
vn -0.937114 -0.347146 -0.036160
vn -0.937114 -0.347146 -0.036160
vn -0.841341 -0.540350 0.012935
vn -0.855530 -0.515528 0.047947
vn -0.930554 -0.365937 0.012636
vn -0.945870 -0.286085 -0.153250
vn -0.940347 -0.314033 -0.130886
vn -0.977665 -0.163108 -0.132541
vn -0.980791 -0.110996 -0.160402
vn -0.977665 -0.163108 -0.132541
vn -0.940347 -0.314033 -0.130886
vn -0.941241 -0.324053 -0.095155
vn -0.977289 -0.182059 -0.108444
vn -0.996533 -0.082003 0.014043
vn -0.984958 -0.000637 -0.172793
vn -0.994482 -0.104889 0.001797
vn -0.994482 -0.104889 0.001797
vn -0.984958 -0.000637 -0.172793
vn -0.985107 -0.001495 -0.171935
vn -0.992485 -0.121336 -0.015833
vn -0.992485 -0.121336 -0.015833
vn -0.985107 -0.001495 -0.171935
vn -0.985003 -0.002714 -0.172517
vn -0.989026 -0.146148 -0.021653
vn -0.989026 -0.146148 -0.021653
vn -0.985003 -0.002714 -0.172517
vn -0.985206 -0.014804 -0.170731
vn -0.986427 -0.157576 -0.046177
vn -0.986427 -0.157576 -0.046177
vn -0.985206 -0.014804 -0.170731
vn -0.985721 -0.008002 -0.168195
vn -0.983202 -0.169978 -0.066489
vn -0.983202 -0.169978 -0.066489
vn -0.985721 -0.008002 -0.168195
vn -0.986551 -0.024064 -0.161674
vn -0.979572 -0.181173 -0.087267
vn -0.979572 -0.181173 -0.087267
vn -0.986551 -0.024064 -0.161674
vn -0.985937 -0.032023 -0.164019
vn -0.977289 -0.182059 -0.108444
vn -0.977289 -0.182059 -0.108444
vn -0.985937 -0.032023 -0.164019
vn -0.984979 -0.033427 -0.169409
vn -0.977665 -0.163108 -0.132541
vn -0.945870 -0.286085 -0.153250
vn -0.974156 -0.130157 -0.184606
vn -0.956473 -0.228690 -0.181273
vn -0.818960 -0.554589 -0.147432
vn -0.295919 0.828430 0.475537
vn -0.481189 0.775902 0.407962
vn -0.496455 0.713386 0.494583
vn -0.309753 0.762665 0.567799
vn -0.309753 0.762665 0.567799
vn -0.496455 0.713386 0.494583
vn -0.510505 0.640157 0.574094
vn -0.324773 0.684377 0.652802
vn -0.324773 0.684377 0.652802
vn -0.510505 0.640157 0.574094
vn -0.522941 0.557849 0.644467
vn -0.338065 0.596383 0.728038
vn -0.338065 0.596383 0.728038
vn -0.522941 0.557849 0.644467
vn -0.533585 0.467627 0.704707
vn -0.349446 0.499930 0.792438
vn -0.349446 0.499930 0.792438
vn -0.533585 0.467627 0.704707
vn -0.542289 0.370774 0.753955
vn -0.358750 0.396386 0.845089
vn -0.358750 0.396386 0.845089
vn -0.542289 0.370774 0.753955
vn -0.548928 0.268663 0.791517
vn -0.365846 0.287222 0.885246
vn -0.365846 0.287222 0.885246
vn -0.548928 0.268663 0.791517
vn -0.553406 0.162739 0.816858
vn -0.370633 0.173982 0.912338
vn -0.370633 0.173982 0.912338
vn -0.553406 0.162739 0.816858
vn -0.555660 0.054509 0.829621
vn -0.373045 0.058274 0.925981
vn -0.373045 0.058274 0.925981
vn -0.555660 0.054509 0.829621
vn -0.555661 -0.054495 0.829621
vn -0.373045 -0.058259 0.925982
vn -0.373045 -0.058259 0.925982
vn -0.555661 -0.054495 0.829621
vn -0.553406 -0.162725 0.816862
vn -0.370634 -0.173966 0.912341
vn -0.370634 -0.173966 0.912341
vn -0.553406 -0.162725 0.816862
vn -0.548927 -0.268648 0.791522
vn -0.365846 -0.287206 0.885251
vn -0.365846 -0.287206 0.885251
vn -0.548927 -0.268648 0.791522
vn -0.542288 -0.370762 0.753962
vn -0.358751 -0.396373 0.845095
vn -0.358751 -0.396373 0.845095
vn -0.542288 -0.370762 0.753962
vn -0.533586 -0.467616 0.704713
vn -0.349448 -0.499917 0.792445
vn -0.349448 -0.499917 0.792445
vn -0.533586 -0.467616 0.704713
vn -0.522943 -0.557837 0.644476
vn -0.338068 -0.596370 0.728047
vn -0.338068 -0.596370 0.728047
vn -0.522943 -0.557837 0.644476
vn -0.510508 -0.640147 0.574103
vn -0.324773 -0.684366 0.652814
vn -0.324773 -0.684366 0.652814
vn -0.510508 -0.640147 0.574103
vn -0.496458 -0.713377 0.494593
vn -0.309753 -0.762655 0.567811
vn -0.309753 -0.762655 0.567811
vn -0.496458 -0.713377 0.494593
vn -0.492915 -0.767988 0.408938
vn -0.286454 -0.824823 0.487454
vn -0.286454 -0.824823 0.487454
vn -0.492915 -0.767988 0.408938
vn -0.361366 -0.845626 0.392850
vn -0.334571 -0.848257 0.410515
vn -0.476058 0.802802 0.358997
vn -0.677237 0.692368 0.248951
vn -0.677467 0.669537 0.304564
vn -0.481189 0.775902 0.407962
vn -0.481189 0.775902 0.407962
vn -0.677467 0.669537 0.304564
vn -0.690802 0.615119 0.380028
vn -0.496455 0.713386 0.494583
vn -0.496455 0.713386 0.494583
vn -0.690802 0.615119 0.380028
vn -0.702917 0.551976 0.448586
vn -0.510505 0.640157 0.574094
vn -0.510505 0.640157 0.574094
vn -0.702917 0.551976 0.448586
vn -0.713641 0.481005 0.509265
vn -0.522941 0.557849 0.644467
vn -0.522941 0.557849 0.644467
vn -0.713641 0.481005 0.509265
vn -0.722819 0.403213 0.561206
vn -0.533585 0.467627 0.704707
vn -0.533585 0.467627 0.704707
vn -0.722819 0.403213 0.561206
vn -0.730322 0.319701 0.603673
vn -0.542289 0.370774 0.753955
vn -0.542289 0.370774 0.753955
vn -0.730322 0.319701 0.603673
vn -0.736046 0.231655 0.636060
vn -0.548928 0.268663 0.791517
vn -0.548928 0.268663 0.791517
vn -0.736046 0.231655 0.636060
vn -0.739908 0.140323 0.657911
vn -0.553406 0.162739 0.816858
vn -0.553406 0.162739 0.816858
vn -0.739908 0.140323 0.657911
vn -0.741852 0.047001 0.668915
vn -0.555660 0.054509 0.829621
vn -0.555660 0.054509 0.829621
vn -0.741852 0.047001 0.668915
vn -0.741852 -0.046988 0.668915
vn -0.555661 -0.054495 0.829621
vn -0.555661 -0.054495 0.829621
vn -0.741852 -0.046988 0.668915
vn -0.739907 -0.140310 0.657914
vn -0.553406 -0.162725 0.816862
vn -0.553406 -0.162725 0.816862
vn -0.739907 -0.140310 0.657914
vn -0.736047 -0.231642 0.636064
vn -0.548927 -0.268648 0.791522
vn -0.548927 -0.268648 0.791522
vn -0.736047 -0.231642 0.636064
vn -0.730324 -0.319690 0.603676
vn -0.542288 -0.370762 0.753962
vn -0.542288 -0.370762 0.753962
vn -0.730324 -0.319690 0.603676
vn -0.722820 -0.403202 0.561213
vn -0.533586 -0.467616 0.704713
vn -0.533586 -0.467616 0.704713
vn -0.722820 -0.403202 0.561213
vn -0.713642 -0.480995 0.509272
vn -0.522943 -0.557837 0.644476
vn -0.522943 -0.557837 0.644476
vn -0.713642 -0.480995 0.509272
vn -0.702920 -0.551968 0.448593
vn -0.510508 -0.640147 0.574103
vn -0.510508 -0.640147 0.574103
vn -0.702920 -0.551968 0.448593
vn -0.690805 -0.615111 0.380037
vn -0.496458 -0.713377 0.494593
vn -0.496458 -0.713377 0.494593
vn -0.690805 -0.615111 0.380037
vn -0.677469 -0.669530 0.304574
vn -0.492915 -0.767988 0.408938
vn -0.492915 -0.767988 0.408938
vn -0.677469 -0.669530 0.304574
vn -0.675319 -0.692822 0.252867
vn -0.525687 -0.783643 0.330993
vn -0.525687 -0.783643 0.330993
vn -0.675319 -0.692822 0.252867
vn -0.610671 -0.759380 0.224551
vn -0.546092 -0.794691 0.265045
vn -0.677237 0.692368 0.248951
vn -0.835787 0.535532 0.121104
vn -0.833052 0.521875 0.183497
vn -0.677467 0.669537 0.304564
vn -0.677467 0.669537 0.304564
vn -0.833052 0.521875 0.183497
vn -0.843446 0.479458 0.242318
vn -0.690802 0.615119 0.380028
vn -0.690802 0.615119 0.380028
vn -0.843446 0.479458 0.242318
vn -0.852890 0.430241 0.295757
vn -0.702917 0.551976 0.448586
vn -0.702917 0.551976 0.448586
vn -0.852890 0.430241 0.295757
vn -0.861247 0.374923 0.343054
vn -0.713641 0.481005 0.509265
vn -0.713641 0.481005 0.509265
vn -0.861247 0.374923 0.343054
vn -0.868402 0.314287 0.383539
vn -0.722819 0.403213 0.561206
vn -0.722819 0.403213 0.561206
vn -0.868402 0.314287 0.383539
vn -0.874250 0.249193 0.416640
vn -0.730322 0.319701 0.603673
vn -0.730322 0.319701 0.603673
vn -0.874250 0.249193 0.416640
vn -0.878711 0.180564 0.441886
vn -0.736046 0.231655 0.636060
vn -0.736046 0.231655 0.636060
vn -0.878711 0.180564 0.441886
vn -0.881721 0.109376 0.458918
vn -0.739908 0.140323 0.657911
vn -0.739908 0.140323 0.657911
vn -0.881721 0.109376 0.458918
vn -0.883236 0.036635 0.467495
vn -0.741852 0.047001 0.668915
vn -0.741852 0.047001 0.668915
vn -0.883236 0.036635 0.467495
vn -0.883236 -0.036626 0.467496
vn -0.741852 -0.046988 0.668915
vn -0.741852 -0.046988 0.668915
vn -0.883236 -0.036626 0.467496
vn -0.881721 -0.109365 0.458920
vn -0.739907 -0.140310 0.657914
vn -0.739907 -0.140310 0.657914
vn -0.881721 -0.109365 0.458920
vn -0.878712 -0.180555 0.441888
vn -0.736047 -0.231642 0.636064
vn -0.736047 -0.231642 0.636064
vn -0.878712 -0.180555 0.441888
vn -0.874252 -0.249184 0.416643
vn -0.730324 -0.319690 0.603676
vn -0.730324 -0.319690 0.603676
vn -0.874252 -0.249184 0.416643
vn -0.868403 -0.314278 0.383544
vn -0.722820 -0.403202 0.561213
vn -0.722820 -0.403202 0.561213
vn -0.868403 -0.314278 0.383544
vn -0.861249 -0.374915 0.343059
vn -0.713642 -0.480995 0.509272
vn -0.713642 -0.480995 0.509272
vn -0.861249 -0.374915 0.343059
vn -0.852890 -0.430235 0.295764
vn -0.702920 -0.551968 0.448593
vn -0.702920 -0.551968 0.448593
vn -0.852890 -0.430235 0.295764
vn -0.843447 -0.479452 0.242327
vn -0.690805 -0.615111 0.380037
vn -0.690805 -0.615111 0.380037
vn -0.843447 -0.479452 0.242327
vn -0.833053 -0.521869 0.183507
vn -0.677469 -0.669530 0.304574
vn -0.677469 -0.669530 0.304574
vn -0.833053 -0.521869 0.183507
vn -0.828697 -0.544892 0.127880
vn -0.675319 -0.692822 0.252867
vn -0.675319 -0.692822 0.252867
vn -0.828697 -0.544892 0.127880
vn -0.801203 -0.592652 0.082688
vn -0.726321 -0.667073 0.165744
vn -0.835787 0.535532 0.121104
vn -0.931707 0.363092 0.009321
vn -0.938198 0.342303 0.051124
vn -0.833052 0.521875 0.183497
vn -0.833052 0.521875 0.183497
vn -0.938198 0.342303 0.051124
vn -0.945015 0.314482 0.089707
vn -0.843446 0.479458 0.242318
vn -0.843446 0.479458 0.242318
vn -0.945015 0.314482 0.089707
vn -0.951209 0.282201 0.124758
vn -0.852890 0.430241 0.295757
vn -0.852890 0.430241 0.295757
vn -0.951209 0.282201 0.124758
vn -0.956691 0.245917 0.155781
vn -0.861247 0.374923 0.343054
vn -0.861247 0.374923 0.343054
vn -0.956691 0.245917 0.155781
vn -0.961384 0.206144 0.182335
vn -0.868402 0.314287 0.383539
vn -0.868402 0.314287 0.383539
vn -0.961384 0.206144 0.182335
vn -0.965220 0.163448 0.204046
vn -0.874250 0.249193 0.416640
vn -0.874250 0.249193 0.416640
vn -0.965220 0.163448 0.204046
vn -0.968146 0.118434 0.220605
vn -0.878711 0.180564 0.441886
vn -0.878711 0.180564 0.441886
vn -0.968146 0.118434 0.220605
vn -0.970120 0.071741 0.231776
vn -0.881721 0.109376 0.458918
vn -0.881721 0.109376 0.458918
vn -0.970120 0.071741 0.231776
vn -0.971114 0.024029 0.237402
vn -0.883236 0.036635 0.467495
vn -0.883236 0.036635 0.467495
vn -0.971114 0.024029 0.237402
vn -0.971114 -0.024023 0.237402
vn -0.883236 -0.036626 0.467496
vn -0.883236 -0.036626 0.467496
vn -0.971114 -0.024023 0.237402
vn -0.970120 -0.071734 0.231777
vn -0.881721 -0.109365 0.458920
vn -0.881721 -0.109365 0.458920
vn -0.970120 -0.071734 0.231777
vn -0.968147 -0.118428 0.220606
vn -0.878712 -0.180555 0.441888
vn -0.878712 -0.180555 0.441888
vn -0.968147 -0.118428 0.220606
vn -0.965220 -0.163443 0.204049
vn -0.874252 -0.249184 0.416643
vn -0.874252 -0.249184 0.416643
vn -0.965220 -0.163443 0.204049
vn -0.961384 -0.206140 0.182339
vn -0.868403 -0.314278 0.383544
vn -0.868403 -0.314278 0.383544
vn -0.961384 -0.206140 0.182339
vn -0.956692 -0.245912 0.155785
vn -0.861249 -0.374915 0.343059
vn -0.861249 -0.374915 0.343059
vn -0.956692 -0.245912 0.155785
vn -0.951209 -0.282196 0.124763
vn -0.852890 -0.430235 0.295764
vn -0.852890 -0.430235 0.295764
vn -0.951209 -0.282196 0.124763
vn -0.945016 -0.314478 0.089713
vn -0.843447 -0.479452 0.242327
vn -0.843447 -0.479452 0.242327
vn -0.945016 -0.314478 0.089713
vn -0.938198 -0.342300 0.051131
vn -0.833053 -0.521869 0.183507
vn -0.833053 -0.521869 0.183507
vn -0.938198 -0.342300 0.051131
vn -0.930554 -0.365937 0.012636
vn -0.828697 -0.544892 0.127880
vn -0.828697 -0.544892 0.127880
vn -0.930554 -0.365937 0.012636
vn -0.855530 -0.515528 0.047947
vn -0.801203 -0.592652 0.082688
vn -0.977098 0.125122 -0.172115
vn -0.979347 0.120146 -0.162619
vn -0.940295 0.310545 -0.139312
vn -0.930759 0.330538 -0.156307
vn -0.979347 0.120146 -0.162619
vn -0.978229 0.152399 -0.140866
vn -0.943068 0.310018 -0.120465
vn -0.940295 0.310545 -0.139312
vn -0.943068 0.310018 -0.120465
vn -0.978229 0.152399 -0.140866
vn -0.933869 0.346450 -0.088666
vn -0.824326 0.559399 -0.086951
vn -0.933869 0.346450 -0.088666
vn -0.978229 0.152399 -0.140866
vn -0.974814 0.198808 -0.101055
vn -0.931611 0.362411 -0.027543
vn -0.974814 0.198808 -0.101055
vn -0.979346 0.183624 -0.084643
vn -0.931707 0.363092 0.009321
vn -0.931707 0.363092 0.009321
vn -0.979346 0.183624 -0.084643
vn -0.983379 0.168853 -0.066741
vn -0.938198 0.342303 0.051124
vn -0.938198 0.342303 0.051124
vn -0.983379 0.168853 -0.066741
vn -0.986271 0.158635 -0.045884
vn -0.945015 0.314482 0.089707
vn -0.945015 0.314482 0.089707
vn -0.986271 0.158635 -0.045884
vn -0.988090 0.153056 -0.015873
vn -0.951209 0.282201 0.124758
vn -0.951209 0.282201 0.124758
vn -0.988090 0.153056 -0.015873
vn -0.990733 0.135744 0.004586
vn -0.956691 0.245917 0.155781
vn -0.956691 0.245917 0.155781
vn -0.990733 0.135744 0.004586
vn -0.994219 0.106983 0.009073
vn -0.961384 0.206144 0.182335
vn -0.961384 0.206144 0.182335
vn -0.994219 0.106983 0.009073
vn -0.996517 0.082644 0.011153
vn -0.965220 0.163448 0.204046
vn -0.965220 0.163448 0.204046
vn -0.996517 0.082644 0.011153
vn -0.997294 0.064221 0.035785
vn -0.968146 0.118434 0.220605
vn -0.968146 0.118434 0.220605
vn -0.997294 0.064221 0.035785
vn -0.998991 0.035544 0.027461
vn -0.970120 0.071741 0.231776
vn -0.970120 0.071741 0.231776
vn -0.998991 0.035544 0.027461
vn -0.999289 0.012478 0.035588
vn -0.971114 0.024029 0.237402
vn -0.971114 0.024029 0.237402
vn -0.999289 0.012478 0.035588
vn -0.999505 -0.012779 0.028749
vn -0.971114 -0.024023 0.237402
vn -0.971114 -0.024023 0.237402
vn -0.999505 -0.012779 0.028749
vn -0.999099 -0.035764 0.022839
vn -0.970120 -0.071734 0.231777
vn -0.970120 -0.071734 0.231777
vn -0.999099 -0.035764 0.022839
vn -0.998163 -0.058102 0.017150
vn -0.968147 -0.118428 0.220606
vn -0.968147 -0.118428 0.220606
vn -0.998163 -0.058102 0.017150
vn -0.996533 -0.082003 0.014043
vn -0.965220 -0.163443 0.204049
vn -0.965220 -0.163443 0.204049
vn -0.996533 -0.082003 0.014043
vn -0.994482 -0.104889 0.001797
vn -0.961384 -0.206140 0.182339
vn -0.961384 -0.206140 0.182339
vn -0.994482 -0.104889 0.001797
vn -0.992485 -0.121336 -0.015833
vn -0.956692 -0.245912 0.155785
vn -0.956692 -0.245912 0.155785
vn -0.992485 -0.121336 -0.015833
vn -0.989026 -0.146148 -0.021653
vn -0.951209 -0.282196 0.124763
vn -0.951209 -0.282196 0.124763
vn -0.989026 -0.146148 -0.021653
vn -0.986427 -0.157576 -0.046177
vn -0.945016 -0.314478 0.089713
vn -0.945016 -0.314478 0.089713
vn -0.986427 -0.157576 -0.046177
vn -0.983202 -0.169978 -0.066489
vn -0.938198 -0.342300 0.051131
vn -0.938198 -0.342300 0.051131
vn -0.983202 -0.169978 -0.066489
vn -0.979572 -0.181173 -0.087267
vn -0.930554 -0.365937 0.012636
vn -0.930554 -0.365937 0.012636
vn -0.979572 -0.181173 -0.087267
vn -0.977289 -0.182059 -0.108444
vn -0.937114 -0.347146 -0.036160
vn -0.937114 -0.347146 -0.036160
vn -0.977289 -0.182059 -0.108444
vn -0.941241 -0.324053 -0.095155
vn -0.925043 -0.374224 -0.065211
vn 0.984743 -0.000000 0.174013
vn 0.989768 0.000000 0.142688
vn 0.984772 -0.000000 0.173853
vn 0.984772 -0.000000 0.173853
vn 0.984743 -0.000000 0.174013
vn 0.984743 -0.000000 0.174013
vn 0.984743 -0.000000 0.174013
vn 0.984743 0.000000 0.174013
vn 0.984743 0.000000 0.174013
vn 0.984743 -0.000000 0.174014
vn 0.984743 0.000000 0.174013
vn 0.984743 -0.000000 0.174013
vn 0.984772 -0.000000 0.173853
vn 0.984743 0.000001 0.174013
vn 0.984743 -0.000000 0.174013
vn 0.984743 0.000001 0.174013
vn 0.984772 -0.000000 0.173853
vn 0.984743 -0.000000 0.174013
vn 0.984772 -0.000000 0.173853
vn 0.984743 0.000000 0.174013
vn 0.984743 -0.000000 0.174013
vn 0.984743 -0.000000 0.174013
vn 0.984743 -0.000000 0.174014
vn 0.984743 -0.000000 0.174014
vn 0.984742 -0.000054 0.174019
vn 0.984742 -0.000054 0.174019
vn 0.984743 -0.000000 0.174014
vn 0.984743 -0.000000 0.174014
vn 0.984743 0.000000 0.174013
vn 0.984743 0.000000 0.174013
vn 0.984743 0.000000 0.174013
vn 0.984772 -0.000000 0.173853
vn 0.984743 -0.000000 0.174013
vn 0.984743 0.000000 0.174013
vn 0.984743 0.000000 0.174013
vn 0.984742 -0.000054 0.174019
vn 0.984743 0.000000 0.174013
vn 0.984743 0.000000 0.174013
vn 0.984743 0.000000 0.174013
vn 0.984743 0.000000 0.174013
vn 0.984742 -0.000054 0.174019
vn 0.984743 -0.000000 0.174014
vn 0.984743 -0.000000 0.174014
vn 0.984743 0.000000 0.174013
vn 0.984743 -0.000000 0.174013
vn 0.984743 -0.000000 0.174013
vn 0.984743 -0.000000 0.174013
vn 0.984743 -0.000000 0.174014
vn 0.984743 -0.000000 0.174013
vn 0.984743 -0.000000 0.174014
vn 0.984743 -0.000000 0.174013
vn 0.984743 -0.000000 0.174013
vn 0.984772 -0.000000 0.173853
vn 0.984743 -0.000000 0.174014
vn 0.984743 -0.000000 0.174014
vn 0.984743 -0.000000 0.174014
vn 0.984743 -0.000000 0.174014
vn 0.984743 -0.000000 0.174014
vn 0.984743 -0.000000 0.174014
vn 0.984743 0.000000 0.174013
vn 0.984743 0.000000 0.174013
vn 0.984169 -0.020377 0.176060
vn 0.984743 -0.000000 0.174013
vn 0.984742 -0.000054 0.174019
vn 0.984742 -0.000054 0.174019
vn 0.984743 -0.000000 0.174013
vn 0.984743 -0.000000 0.174013
vn 0.984743 -0.000000 0.174014
vn 0.984743 -0.000000 0.174014
vn 0.984743 0.000000 0.174013
vn 0.984743 0.000000 0.174013
vn 0.984743 0.000000 0.174013
vn -0.097831 0.855630 0.508259
vn -0.094863 0.819404 0.565312
vn -0.074338 0.885862 0.457955
vn -0.088129 0.872280 0.481000
vn -0.116197 0.715098 0.689299
vn -0.094863 0.819404 0.565312
vn -0.118311 0.773782 0.622305
vn -0.126146 0.706738 0.696138
vn -0.094863 0.819404 0.565312
vn -0.097831 0.855630 0.508259
vn -0.118311 0.773782 0.622305
vn -0.116197 0.715098 0.689299
vn -0.126146 0.706738 0.696138
vn -0.141280 0.606045 0.782783
vn -0.133269 0.602037 0.787268
vn -0.133269 0.602037 0.787268
vn -0.141280 0.606045 0.782783
vn -0.156467 0.523001 0.837848
vn -0.149732 0.462804 0.873724
vn -0.159866 0.310613 0.936997
vn -0.149732 0.462804 0.873724
vn -0.167958 0.395283 0.903073
vn -0.168882 0.301463 0.938402
vn -0.149732 0.462804 0.873724
vn -0.156467 0.523001 0.837848
vn -0.167958 0.395283 0.903073
vn -0.159866 0.310613 0.936997
vn -0.168882 0.301463 0.938402
vn -0.174339 0.171582 0.969621
vn -0.166029 0.164363 0.972327
vn -0.166029 0.164363 0.972327
vn -0.174339 0.171582 0.969621
vn -0.181701 0.071963 0.980717
vn -0.169487 0.000008 0.985532
vn -0.181701 -0.071947 0.980718
vn -0.169487 0.000008 0.985532
vn -0.181701 0.071963 0.980717
vn -0.181701 -0.071947 0.980718
vn -0.174339 -0.171567 0.969624
vn -0.166029 -0.164348 0.972329
vn -0.169487 0.000008 0.985532
vn -0.159866 -0.310598 0.937002
vn -0.166029 -0.164348 0.972329
vn -0.174339 -0.171567 0.969624
vn -0.168882 -0.301448 0.938407
vn -0.159866 -0.310598 0.937002
vn -0.168882 -0.301448 0.938407
vn -0.167959 -0.395268 0.903080
vn -0.149732 -0.462790 0.873731
vn -0.133270 -0.602024 0.787278
vn -0.149732 -0.462790 0.873731
vn -0.156468 -0.522987 0.837856
vn -0.141282 -0.606032 0.782793
vn -0.149732 -0.462790 0.873731
vn -0.167959 -0.395268 0.903080
vn -0.156468 -0.522987 0.837856
vn -0.133270 -0.602024 0.787278
vn -0.141282 -0.606032 0.782793
vn -0.126148 -0.706727 0.696149
vn -0.116199 -0.715087 0.689310
vn -0.116199 -0.715087 0.689310
vn -0.126148 -0.706727 0.696149
vn -0.118314 -0.773772 0.622317
vn -0.094865 -0.819396 0.565324
vn -0.074340 -0.885854 0.457970
vn -0.094865 -0.819396 0.565324
vn -0.096741 -0.855371 0.508902
vn -0.086015 -0.872140 0.481637
vn -0.094865 -0.819396 0.565324
vn -0.118314 -0.773772 0.622317
vn -0.096741 -0.855371 0.508902
vn -0.201252 -0.845536 -0.494536
vn -0.307319 -0.848833 -0.430160
vn -0.383261 -0.780169 -0.494416
vn -0.417210 -0.796289 -0.438019
vn -0.571074 -0.710142 -0.411791
vn -0.550873 -0.692387 -0.465982
vn -0.946993 -0.240125 -0.213413
vn -0.953867 -0.189817 -0.232609
vn -0.888411 -0.356826 -0.288794
vn -0.894151 -0.371268 -0.250308
vn -0.067686 -0.598901 -0.797958
vn 0.119625 -0.608493 -0.784491
vn 0.099269 -0.685375 -0.721392
vn -0.079329 -0.684188 -0.724979
vn -0.096385 -0.762667 -0.639569
vn -0.079329 -0.684188 -0.724979
vn 0.099269 -0.685375 -0.721392
vn 0.080421 -0.783520 -0.616140
vn 0.080421 -0.783520 -0.616140
vn 0.075377 -0.852911 -0.516586
vn -0.100210 -0.827010 -0.553184
vn -0.096385 -0.762667 -0.639569
vn -0.058369 -0.499227 -0.864503
vn 0.131031 -0.518466 -0.844999
vn 0.119625 -0.608493 -0.784491
vn -0.067686 -0.598901 -0.797958
vn -0.058369 -0.499227 -0.864503
vn -0.047385 -0.396387 -0.916860
vn 0.129953 -0.410243 -0.902670
vn 0.131031 -0.518466 -0.844999
vn 0.129953 -0.410243 -0.902670
vn 0.140078 -0.276586 -0.950725
vn 0.167117 -0.317180 -0.933525
vn 0.140078 -0.276586 -0.950725
vn -0.040291 -0.287221 -0.957017
vn -0.050754 -0.179879 -0.982379
vn 0.146060 -0.212191 -0.966251
vn -0.050754 -0.179879 -0.982379
vn -0.037989 -0.053897 -0.997824
vn 0.081690 -0.122586 -0.989090
vn 0.146060 -0.212191 -0.966251
vn 0.081690 -0.122586 -0.989090
vn -0.037989 -0.053897 -0.997824
vn 0.128199 -0.037813 -0.991027
vn 0.109153 -0.109310 -0.987996
vn -0.037989 -0.053897 -0.997824
vn -0.033092 0.058259 -0.997753
vn 0.163041 0.088618 -0.982632
vn 0.128199 -0.037813 -0.991027
vn -0.033092 0.058259 -0.997753
vn -0.035503 0.173967 -0.984111
vn 0.166647 0.173899 -0.970561
vn 0.163041 0.088618 -0.982632
vn 0.166647 0.173899 -0.970561
vn -0.035503 0.173967 -0.984111
vn -0.040290 0.287206 -0.957021
vn 0.161262 0.302836 -0.939300
vn 0.139311 0.522224 -0.841353
vn 0.150487 0.396748 -0.905508
vn -0.047384 0.396374 -0.916866
vn -0.058368 0.499213 -0.864511
vn 0.150487 0.396748 -0.905508
vn 0.161262 0.302836 -0.939300
vn -0.040290 0.287206 -0.957021
vn -0.047384 0.396374 -0.916866
vn -0.079330 0.684177 -0.724989
vn 0.119370 0.706278 -0.697798
vn 0.134551 0.605715 -0.784223
vn -0.067686 0.598888 -0.797967
vn 0.134551 0.605715 -0.784223
vn 0.139311 0.522224 -0.841353
vn -0.058368 0.499213 -0.864511
vn -0.067686 0.598888 -0.797967
vn -0.102035 0.824826 -0.556104
vn -0.173599 0.848261 -0.500317
vn -0.006337 0.876569 -0.481235
vn -0.079330 0.684177 -0.724989
vn -0.096383 0.762657 -0.639581
vn 0.101688 0.774229 -0.624683
vn 0.119370 0.706278 -0.697798
vn -0.096383 0.762657 -0.639581
vn -0.102035 0.824826 -0.556104
vn 0.083419 0.855393 -0.511218
vn 0.101688 0.774229 -0.624683
vn 0.083419 0.855393 -0.511218
vn -0.102035 0.824826 -0.556104
vn -0.006337 0.876569 -0.481235
vn 0.084110 0.872250 -0.481774
vn -0.422167 0.794705 -0.436141
vn -0.257914 0.893897 -0.366646
vn -0.271866 0.861556 -0.428730
vn -0.380396 0.783653 -0.491108
vn -0.271866 0.861556 -0.428730
vn -0.257914 0.893897 -0.366646
vn -0.204829 0.845631 -0.492903
vn -0.380396 0.783653 -0.491108
vn -0.380396 0.783653 -0.491108
vn -0.204829 0.845631 -0.492903
vn -0.322889 0.767997 -0.553104
vn -0.547729 0.692842 -0.469002
vn -0.625512 0.667088 -0.404633
vn -0.496724 0.759388 -0.420231
vn -0.891358 0.374247 -0.255775
vn -0.735177 0.637143 -0.231437
vn -0.785938 0.540374 -0.300495
vn -0.892727 0.347198 -0.287214
vn -0.892727 0.347198 -0.287214
vn -0.785938 0.540374 -0.300495
vn -0.787265 0.515557 -0.338253
vn -0.869843 0.365980 -0.330806
vn -0.921479 0.344348 -0.179727
vn -0.928238 0.314086 -0.199310
vn -0.962534 0.168497 -0.212457
vn -0.976251 0.113454 -0.184559
vn -0.962534 0.168497 -0.212457
vn -0.928238 0.314086 -0.199310
vn -0.916833 0.324099 -0.233191
vn -0.955500 0.181211 -0.232771
vn -0.983746 0.024420 -0.177898
vn -0.984223 0.029690 -0.174421
vn -0.977098 0.125122 -0.172115
vn -0.976251 0.113454 -0.184559
vn -0.933073 0.154598 -0.324767
vn -0.983881 0.005451 -0.178742
vn -0.983863 0.006583 -0.178803
vn -0.941951 0.157865 -0.296323
vn -0.941951 0.157865 -0.296323
vn -0.983863 0.006583 -0.178803
vn -0.983721 0.008989 -0.179477
vn -0.940833 0.185427 -0.283636
vn -0.940833 0.185427 -0.283636
vn -0.983721 0.008989 -0.179477
vn -0.983765 0.010439 -0.179156
vn -0.949415 0.183961 -0.254500
vn -0.949415 0.183961 -0.254500
vn -0.983765 0.010439 -0.179156
vn -0.982465 0.031450 -0.183776
vn -0.955500 0.181211 -0.232771
vn -0.955500 0.181211 -0.232771
vn -0.982465 0.031450 -0.183776
vn -0.983746 0.024420 -0.177898
vn -0.962534 0.168497 -0.212457
vn -0.962534 0.168497 -0.212457
vn -0.983746 0.024420 -0.177898
vn -0.976251 0.113454 -0.184559
vn -0.921479 0.344348 -0.179727
vn -0.976251 0.113454 -0.184559
vn -0.977098 0.125122 -0.172115
vn -0.921479 0.344348 -0.179727
vn -0.977098 0.125122 -0.172115
vn -0.930759 0.330538 -0.156307
vn -0.819890 0.554589 -0.142168
vn -0.983994 0.003306 -0.178172
vn -0.984436 0.001518 -0.175736
vn -0.933073 0.154598 -0.324767
vn -0.930830 0.133337 -0.340261
vn -0.933073 0.154598 -0.324767
vn -0.984436 0.001518 -0.175736
vn -0.983881 0.005451 -0.178742
vn -0.983994 0.003306 -0.178172
vn -0.930830 0.133337 -0.340261
vn -0.934182 0.102551 -0.341742
vn -0.984467 0.001034 -0.175565
vn -0.984467 0.001034 -0.175565
vn -0.934182 0.102551 -0.341742
vn -0.933557 0.079971 -0.349394
vn -0.984406 0.000951 -0.175908
vn -0.984406 0.000951 -0.175908
vn -0.933557 0.079971 -0.349394
vn -0.930788 0.059826 -0.360632
vn -0.984444 0.000500 -0.175697
vn -0.984444 0.000500 -0.175697
vn -0.930788 0.059826 -0.360632
vn -0.931199 0.034678 -0.362859
vn -0.984434 0.000280 -0.175756
vn -0.984434 0.000280 -0.175756
vn -0.931199 0.034678 -0.362859
vn -0.931986 0.012878 -0.362266
vn -0.984438 0.000009 -0.175733
vn -0.937595 -0.144713 -0.316185
vn -0.984526 -0.001216 -0.175237
vn -0.984536 -0.000916 -0.175182
vn -0.935340 -0.125295 -0.330817
vn -0.935340 -0.125295 -0.330817
vn -0.984536 -0.000916 -0.175182
vn -0.984438 -0.001026 -0.175731
vn -0.933535 -0.104080 -0.343046
vn -0.933535 -0.104080 -0.343046
vn -0.984438 -0.001026 -0.175731
vn -0.984408 -0.000818 -0.175899
vn -0.931751 -0.082628 -0.353572
vn -0.931751 -0.082628 -0.353572
vn -0.984408 -0.000818 -0.175899
vn -0.984469 -0.000467 -0.175558
vn -0.930064 -0.060019 -0.362462
vn -0.930064 -0.060019 -0.362462
vn -0.984469 -0.000467 -0.175558
vn -0.984372 -0.000296 -0.176100
vn -0.929988 -0.036212 -0.365801
vn -0.929988 -0.036212 -0.365801
vn -0.984372 -0.000296 -0.176100
vn -0.984438 0.000009 -0.175733
vn -0.928143 -0.013083 -0.371993
vn -0.928143 -0.013083 -0.371993
vn -0.984438 0.000009 -0.175733
vn -0.931986 0.012878 -0.362266
vn -0.984538 -0.002666 -0.175153
vn -0.984526 -0.001216 -0.175237
vn -0.937595 -0.144713 -0.316185
vn -0.941144 -0.161278 -0.297047
vn -0.984538 -0.002666 -0.175153
vn -0.941144 -0.161278 -0.297047
vn -0.945233 -0.172999 -0.276777
vn -0.984168 -0.013902 -0.176693
vn -0.984168 -0.013902 -0.176693
vn -0.945233 -0.172999 -0.276777
vn -0.949933 -0.181487 -0.254341
vn -0.983896 0.004498 -0.178685
vn -0.983896 0.004498 -0.178685
vn -0.949933 -0.181487 -0.254341
vn -0.953867 -0.189817 -0.232609
vn -0.984563 -0.003422 -0.174995
vn -0.984179 -0.014580 -0.176579
vn -0.956914 -0.214164 -0.196085
vn -0.956473 -0.228690 -0.181273
vn -0.974156 -0.130157 -0.184606
vn -0.984434 -0.013886 -0.175207
vn -0.571074 -0.710142 -0.411791
vn -0.648701 -0.660277 -0.378445
vn -0.743633 -0.535567 -0.400222
vn -0.550873 -0.692387 -0.465982
vn -0.677443 -0.640734 -0.361291
vn -0.797734 -0.504829 -0.329802
vn -0.743633 -0.535567 -0.400222
vn -0.648701 -0.660277 -0.378445
vn -0.743633 -0.535567 -0.400222
vn -0.797734 -0.504829 -0.329802
vn -0.888411 -0.356826 -0.288794
vn -0.872059 -0.363141 -0.328088
vn -0.888411 -0.356826 -0.288794
vn -0.797734 -0.504829 -0.329802
vn -0.894151 -0.371268 -0.250308
vn -0.550873 -0.692387 -0.465982
vn -0.383261 -0.780169 -0.494416
vn -0.307319 -0.848833 -0.430160
vn -0.417210 -0.796289 -0.438019
vn 0.065907 -0.875699 -0.478338
vn -0.104132 -0.862178 -0.495788
vn -0.100210 -0.827010 -0.553184
vn 0.075377 -0.852911 -0.516586
vn -0.100210 -0.827010 -0.553184
vn -0.104132 -0.862178 -0.495788
vn -0.201252 -0.845536 -0.494536
vn -0.322469 -0.768239 -0.553013
vn -0.383261 -0.780169 -0.494416
vn -0.322469 -0.768239 -0.553013
vn -0.201252 -0.845536 -0.494536
vn -0.100210 -0.827010 -0.553184
vn -0.322469 -0.768239 -0.553013
vn -0.296865 -0.713394 -0.634776
vn -0.096385 -0.762667 -0.639569
vn -0.096385 -0.762667 -0.639569
vn -0.296865 -0.713394 -0.634776
vn -0.282814 -0.640164 -0.714287
vn -0.079329 -0.684188 -0.724979
vn -0.079329 -0.684188 -0.724979
vn -0.282814 -0.640164 -0.714287
vn -0.270380 -0.557854 -0.784662
vn -0.067686 -0.598901 -0.797958
vn -0.067686 -0.598901 -0.797958
vn -0.270380 -0.557854 -0.784662
vn -0.259734 -0.467633 -0.844901
vn -0.058369 -0.499227 -0.864503
vn -0.058369 -0.499227 -0.864503
vn -0.259734 -0.467633 -0.844901
vn -0.251030 -0.370778 -0.894152
vn -0.047385 -0.396387 -0.916860
vn -0.047385 -0.396387 -0.916860
vn -0.251030 -0.370778 -0.894152
vn -0.244393 -0.268665 -0.931714
vn -0.040291 -0.287221 -0.957017
vn -0.040291 -0.287221 -0.957017
vn -0.244393 -0.268665 -0.931714
vn -0.239914 -0.162742 -0.957056
vn -0.050754 -0.179879 -0.982379
vn -0.050754 -0.179879 -0.982379
vn -0.239914 -0.162742 -0.957056
vn -0.237659 -0.054510 -0.969818
vn -0.037989 -0.053897 -0.997824
vn -0.037989 -0.053897 -0.997824
vn -0.237659 -0.054510 -0.969818
vn -0.237660 0.054496 -0.969819
vn -0.033092 0.058259 -0.997753
vn -0.033092 0.058259 -0.997753
vn -0.237660 0.054496 -0.969819
vn -0.239915 0.162727 -0.957058
vn -0.035503 0.173967 -0.984111
vn -0.035503 0.173967 -0.984111
vn -0.239915 0.162727 -0.957058
vn -0.244393 0.268651 -0.931718
vn -0.040290 0.287206 -0.957021
vn -0.040290 0.287206 -0.957021
vn -0.244393 0.268651 -0.931718
vn -0.251030 0.370764 -0.894158
vn -0.047384 0.396374 -0.916866
vn -0.047384 0.396374 -0.916866
vn -0.251030 0.370764 -0.894158
vn -0.259733 0.467620 -0.844908
vn -0.058368 0.499213 -0.864511
vn -0.058368 0.499213 -0.864511
vn -0.259733 0.467620 -0.844908
vn -0.270378 0.557843 -0.784670
vn -0.067686 0.598888 -0.797967
vn -0.067686 0.598888 -0.797967
vn -0.270378 0.557843 -0.784670
vn -0.282813 0.640153 -0.714297
vn -0.079330 0.684177 -0.724989
vn -0.079330 0.684177 -0.724989
vn -0.282813 0.640153 -0.714297
vn -0.296863 0.713385 -0.634787
vn -0.096383 0.762657 -0.639581
vn -0.096383 0.762657 -0.639581
vn -0.296863 0.713385 -0.634787
vn -0.322889 0.767997 -0.553104
vn -0.102035 0.824826 -0.556104
vn -0.102035 0.824826 -0.556104
vn -0.322889 0.767997 -0.553104
vn -0.204829 0.845631 -0.492903
vn -0.173599 0.848261 -0.500317
vn -0.383261 -0.780169 -0.494416
vn -0.550873 -0.692387 -0.465982
vn -0.532029 -0.669555 -0.518305
vn -0.322469 -0.768239 -0.553013
vn -0.322469 -0.768239 -0.553013
vn -0.532029 -0.669555 -0.518305
vn -0.518694 -0.615137 -0.593770
vn -0.296865 -0.713394 -0.634776
vn -0.296865 -0.713394 -0.634776
vn -0.518694 -0.615137 -0.593770
vn -0.506580 -0.551992 -0.662331
vn -0.282814 -0.640164 -0.714287
vn -0.282814 -0.640164 -0.714287
vn -0.506580 -0.551992 -0.662331
vn -0.495856 -0.481019 -0.723012
vn -0.270380 -0.557854 -0.784662
vn -0.270380 -0.557854 -0.784662
vn -0.495856 -0.481019 -0.723012
vn -0.486676 -0.403225 -0.774956
vn -0.259734 -0.467633 -0.844901
vn -0.259734 -0.467633 -0.844901
vn -0.486676 -0.403225 -0.774956
vn -0.479173 -0.319710 -0.817422
vn -0.251030 -0.370778 -0.894152
vn -0.251030 -0.370778 -0.894152
vn -0.479173 -0.319710 -0.817422
vn -0.473449 -0.231661 -0.849811
vn -0.244393 -0.268665 -0.931714
vn -0.244393 -0.268665 -0.931714
vn -0.473449 -0.231661 -0.849811
vn -0.469587 -0.140328 -0.871663
vn -0.239914 -0.162742 -0.957056
vn -0.239914 -0.162742 -0.957056
vn -0.469587 -0.140328 -0.871663
vn -0.467643 -0.047002 -0.882667
vn -0.237659 -0.054510 -0.969818
vn -0.237659 -0.054510 -0.969818
vn -0.467643 -0.047002 -0.882667
vn -0.467643 0.046990 -0.882668
vn -0.237660 0.054496 -0.969819
vn -0.237660 0.054496 -0.969819
vn -0.467643 0.046990 -0.882668
vn -0.469586 0.140315 -0.871665
vn -0.239915 0.162727 -0.957058
vn -0.239915 0.162727 -0.957058
vn -0.469586 0.140315 -0.871665
vn -0.473447 0.231649 -0.849815
vn -0.244393 0.268651 -0.931718
vn -0.244393 0.268651 -0.931718
vn -0.473447 0.231649 -0.849815
vn -0.479172 0.319698 -0.817427
vn -0.251030 0.370764 -0.894158
vn -0.251030 0.370764 -0.894158
vn -0.479172 0.319698 -0.817427
vn -0.486677 0.403214 -0.774960
vn -0.259733 0.467620 -0.844908
vn -0.259733 0.467620 -0.844908
vn -0.486677 0.403214 -0.774960
vn -0.495855 0.481010 -0.723020
vn -0.270378 0.557843 -0.784670
vn -0.270378 0.557843 -0.784670
vn -0.495855 0.481010 -0.723020
vn -0.506577 0.551983 -0.662340
vn -0.282813 0.640153 -0.714297
vn -0.282813 0.640153 -0.714297
vn -0.506577 0.551983 -0.662340
vn -0.518693 0.615128 -0.593781
vn -0.296863 0.713385 -0.634787
vn -0.296863 0.713385 -0.634787
vn -0.518693 0.615128 -0.593781
vn -0.532029 0.669548 -0.518316
vn -0.322889 0.767997 -0.553104
vn -0.322889 0.767997 -0.553104
vn -0.532029 0.669548 -0.518316
vn -0.547729 0.692842 -0.469002
vn -0.380396 0.783653 -0.491108
vn -0.380396 0.783653 -0.491108
vn -0.547729 0.692842 -0.469002
vn -0.496724 0.759388 -0.420231
vn -0.422167 0.794705 -0.436141
vn -0.550873 -0.692387 -0.465982
vn -0.743633 -0.535567 -0.400222
vn -0.719679 -0.521908 -0.457902
vn -0.532029 -0.669555 -0.518305
vn -0.532029 -0.669555 -0.518305
vn -0.719679 -0.521908 -0.457902
vn -0.709284 -0.479490 -0.516726
vn -0.518694 -0.615137 -0.593770
vn -0.518694 -0.615137 -0.593770
vn -0.709284 -0.479490 -0.516726
vn -0.699841 -0.430269 -0.570167
vn -0.506580 -0.551992 -0.662331
vn -0.506580 -0.551992 -0.662331
vn -0.699841 -0.430269 -0.570167
vn -0.691483 -0.374947 -0.617468
vn -0.495856 -0.481019 -0.723012
vn -0.495856 -0.481019 -0.723012
vn -0.691483 -0.374947 -0.617468
vn -0.684328 -0.314307 -0.657956
vn -0.486676 -0.403225 -0.774956
vn -0.486676 -0.403225 -0.774956
vn -0.684328 -0.314307 -0.657956
vn -0.678478 -0.249209 -0.691059
vn -0.479173 -0.319710 -0.817422
vn -0.479173 -0.319710 -0.817422
vn -0.678478 -0.249209 -0.691059
vn -0.674016 -0.180577 -0.716306
vn -0.473449 -0.231661 -0.849811
vn -0.473449 -0.231661 -0.849811
vn -0.674016 -0.180577 -0.716306
vn -0.671007 -0.109383 -0.733338
vn -0.469587 -0.140328 -0.871663
vn -0.469587 -0.140328 -0.871663
vn -0.671007 -0.109383 -0.733338
vn -0.669492 -0.036637 -0.741915
vn -0.467643 -0.047002 -0.882667
vn -0.467643 -0.047002 -0.882667
vn -0.669492 -0.036637 -0.741915
vn -0.669492 0.036628 -0.741916
vn -0.467643 0.046990 -0.882668
vn -0.467643 0.046990 -0.882668
vn -0.669492 0.036628 -0.741916
vn -0.671007 0.109373 -0.733340
vn -0.469586 0.140315 -0.871665
vn -0.469586 0.140315 -0.871665
vn -0.671007 0.109373 -0.733340
vn -0.674017 0.180567 -0.716308
vn -0.473447 0.231649 -0.849815
vn -0.473447 0.231649 -0.849815
vn -0.674017 0.180567 -0.716308
vn -0.678478 0.249200 -0.691062
vn -0.479172 0.319698 -0.817427
vn -0.479172 0.319698 -0.817427
vn -0.678478 0.249200 -0.691062
vn -0.684328 0.314298 -0.657960
vn -0.486677 0.403214 -0.774960
vn -0.486677 0.403214 -0.774960
vn -0.684328 0.314298 -0.657960
vn -0.691482 0.374939 -0.617473
vn -0.495855 0.481010 -0.723020
vn -0.495855 0.481010 -0.723020
vn -0.691482 0.374939 -0.617473
vn -0.699840 0.430262 -0.570174
vn -0.506577 0.551983 -0.662340
vn -0.506577 0.551983 -0.662340
vn -0.699840 0.430262 -0.570174
vn -0.709284 0.479482 -0.516734
vn -0.518693 0.615128 -0.593781
vn -0.518693 0.615128 -0.593781
vn -0.709284 0.479482 -0.516734
vn -0.719678 0.521902 -0.457911
vn -0.532029 0.669548 -0.518316
vn -0.532029 0.669548 -0.518316
vn -0.719678 0.521902 -0.457911
vn -0.734649 0.544926 -0.404161
vn -0.547729 0.692842 -0.469002
vn -0.547729 0.692842 -0.469002
vn -0.734649 0.544926 -0.404161
vn -0.724314 0.592683 -0.352273
vn -0.625512 0.667088 -0.404633
vn -0.743633 -0.535567 -0.400222
vn -0.872059 -0.363141 -0.328088
vn -0.863827 -0.342353 -0.369592
vn -0.719679 -0.521908 -0.457902
vn -0.719679 -0.521908 -0.457902
vn -0.863827 -0.342353 -0.369592
vn -0.857008 -0.314528 -0.408179
vn -0.709284 -0.479490 -0.516726
vn -0.709284 -0.479490 -0.516726
vn -0.857008 -0.314528 -0.408179
vn -0.850813 -0.282242 -0.443234
vn -0.699841 -0.430269 -0.570167
vn -0.699841 -0.430269 -0.570167
vn -0.850813 -0.282242 -0.443234
vn -0.845331 -0.245952 -0.474261
vn -0.691483 -0.374947 -0.617468
vn -0.691483 -0.374947 -0.617468
vn -0.845331 -0.245952 -0.474261
vn -0.840638 -0.206174 -0.500820
vn -0.684328 -0.314307 -0.657956
vn -0.684328 -0.314307 -0.657956
vn -0.840638 -0.206174 -0.500820
vn -0.836800 -0.163472 -0.522535
vn -0.678478 -0.249209 -0.691059
vn -0.678478 -0.249209 -0.691059
vn -0.836800 -0.163472 -0.522535
vn -0.833873 -0.118452 -0.539097
vn -0.674016 -0.180577 -0.716306
vn -0.674016 -0.180577 -0.716306
vn -0.833873 -0.118452 -0.539097
vn -0.831900 -0.071751 -0.550268
vn -0.671007 -0.109383 -0.733338
vn -0.671007 -0.109383 -0.733338
vn -0.831900 -0.071751 -0.550268
vn -0.830906 -0.024032 -0.555894
vn -0.669492 -0.036637 -0.741915
vn -0.669492 -0.036637 -0.741915
vn -0.830906 -0.024032 -0.555894
vn -0.830905 0.024027 -0.555895
vn -0.669492 0.036628 -0.741916
vn -0.669492 0.036628 -0.741916
vn -0.830905 0.024027 -0.555895
vn -0.831899 0.071745 -0.550270
vn -0.671007 0.109373 -0.733340
vn -0.671007 0.109373 -0.733340
vn -0.831899 0.071745 -0.550270
vn -0.833873 0.118446 -0.539098
vn -0.674017 0.180567 -0.716308
vn -0.674017 0.180567 -0.716308
vn -0.833873 0.118446 -0.539098
vn -0.836800 0.163467 -0.522537
vn -0.678478 0.249200 -0.691062
vn -0.678478 0.249200 -0.691062
vn -0.836800 0.163467 -0.522537
vn -0.840637 0.206169 -0.500824
vn -0.684328 0.314298 -0.657960
vn -0.684328 0.314298 -0.657960
vn -0.840637 0.206169 -0.500824
vn -0.845330 0.245947 -0.474266
vn -0.691482 0.374939 -0.617473
vn -0.691482 0.374939 -0.617473
vn -0.845330 0.245947 -0.474266
vn -0.850812 0.282237 -0.443239
vn -0.699840 0.430262 -0.570174
vn -0.699840 0.430262 -0.570174
vn -0.850812 0.282237 -0.443239
vn -0.857007 0.314524 -0.408184
vn -0.709284 0.479482 -0.516734
vn -0.709284 0.479482 -0.516734
vn -0.857007 0.314524 -0.408184
vn -0.863826 0.342349 -0.369598
vn -0.719678 0.521902 -0.457911
vn -0.719678 0.521902 -0.457911
vn -0.863826 0.342349 -0.369598
vn -0.869843 0.365980 -0.330806
vn -0.734649 0.544926 -0.404161
vn -0.734649 0.544926 -0.404161
vn -0.869843 0.365980 -0.330806
vn -0.787265 0.515557 -0.338253
vn -0.724314 0.592683 -0.352273
vn -0.888411 -0.356826 -0.288794
vn -0.953867 -0.189817 -0.232609
vn -0.949933 -0.181487 -0.254341
vn -0.872059 -0.363141 -0.328088
vn -0.872059 -0.363141 -0.328088
vn -0.949933 -0.181487 -0.254341
vn -0.945233 -0.172999 -0.276777
vn -0.863827 -0.342353 -0.369592
vn -0.863827 -0.342353 -0.369592
vn -0.945233 -0.172999 -0.276777
vn -0.941144 -0.161278 -0.297047
vn -0.857008 -0.314528 -0.408179
vn -0.857008 -0.314528 -0.408179
vn -0.941144 -0.161278 -0.297047
vn -0.937595 -0.144713 -0.316185
vn -0.850813 -0.282242 -0.443234
vn -0.850813 -0.282242 -0.443234
vn -0.937595 -0.144713 -0.316185
vn -0.935340 -0.125295 -0.330817
vn -0.845331 -0.245952 -0.474261
vn -0.845331 -0.245952 -0.474261
vn -0.935340 -0.125295 -0.330817
vn -0.933535 -0.104080 -0.343046
vn -0.840638 -0.206174 -0.500820
vn -0.840638 -0.206174 -0.500820
vn -0.933535 -0.104080 -0.343046
vn -0.931751 -0.082628 -0.353572
vn -0.836800 -0.163472 -0.522535
vn -0.836800 -0.163472 -0.522535
vn -0.931751 -0.082628 -0.353572
vn -0.930064 -0.060019 -0.362462
vn -0.833873 -0.118452 -0.539097
vn -0.833873 -0.118452 -0.539097
vn -0.930064 -0.060019 -0.362462
vn -0.929988 -0.036212 -0.365801
vn -0.831900 -0.071751 -0.550268
vn -0.831900 -0.071751 -0.550268
vn -0.929988 -0.036212 -0.365801
vn -0.928143 -0.013083 -0.371993
vn -0.830906 -0.024032 -0.555894
vn -0.830906 -0.024032 -0.555894
vn -0.928143 -0.013083 -0.371993
vn -0.931986 0.012878 -0.362266
vn -0.830905 0.024027 -0.555895
vn -0.830905 0.024027 -0.555895
vn -0.931986 0.012878 -0.362266
vn -0.931199 0.034678 -0.362859
vn -0.831899 0.071745 -0.550270
vn -0.831899 0.071745 -0.550270
vn -0.931199 0.034678 -0.362859
vn -0.930788 0.059826 -0.360632
vn -0.833873 0.118446 -0.539098
vn -0.833873 0.118446 -0.539098
vn -0.930788 0.059826 -0.360632
vn -0.933557 0.079971 -0.349394
vn -0.836800 0.163467 -0.522537
vn -0.836800 0.163467 -0.522537
vn -0.933557 0.079971 -0.349394
vn -0.934182 0.102551 -0.341742
vn -0.840637 0.206169 -0.500824
vn -0.840637 0.206169 -0.500824
vn -0.934182 0.102551 -0.341742
vn -0.930830 0.133337 -0.340261
vn -0.845330 0.245947 -0.474266
vn -0.845330 0.245947 -0.474266
vn -0.930830 0.133337 -0.340261
vn -0.933073 0.154598 -0.324767
vn -0.850812 0.282237 -0.443239
vn -0.850812 0.282237 -0.443239
vn -0.933073 0.154598 -0.324767
vn -0.941951 0.157865 -0.296323
vn -0.857007 0.314524 -0.408184
vn -0.857007 0.314524 -0.408184
vn -0.941951 0.157865 -0.296323
vn -0.940833 0.185427 -0.283636
vn -0.863826 0.342349 -0.369598
vn -0.863826 0.342349 -0.369598
vn -0.940833 0.185427 -0.283636
vn -0.949415 0.183961 -0.254500
vn -0.869843 0.365980 -0.330806
vn -0.869843 0.365980 -0.330806
vn -0.949415 0.183961 -0.254500
vn -0.955500 0.181211 -0.232771
vn -0.892727 0.347198 -0.287214
vn -0.892727 0.347198 -0.287214
vn -0.955500 0.181211 -0.232771
vn -0.916833 0.324099 -0.233191
vn -0.891358 0.374247 -0.255775
vn -0.985056 0.002131 -0.172220
vn -0.984526 -0.001216 -0.175237
vn -0.985008 0.001511 -0.172502
vn -0.985008 0.001511 -0.172502
vn -0.984526 -0.001216 -0.175237
vn -0.984538 -0.002666 -0.175153
vn -0.984956 0.001051 -0.172801
vn -0.985096 0.003316 -0.171974
vn -0.985145 0.005567 -0.171635
vn -0.984436 0.001518 -0.175736
vn -0.984436 0.001518 -0.175736
vn -0.985145 0.005567 -0.171635
vn -0.985137 0.007253 -0.171619
vn -0.983881 0.005451 -0.178742
vn -0.984436 0.001518 -0.175736
vn -0.983994 0.003306 -0.178172
vn -0.985056 0.002131 -0.172220
vn -0.985096 0.003316 -0.171974
vn -0.985056 0.002131 -0.172220
vn -0.983994 0.003306 -0.178172
vn -0.984467 0.001034 -0.175565
vn -0.984536 -0.000916 -0.175182
vn -0.984526 -0.001216 -0.175237
vn -0.985056 0.002131 -0.172220
vn -0.984438 -0.001026 -0.175731
vn -0.985016 0.000351 -0.172463
vn -0.984968 0.000404 -0.172737
vn -0.984538 -0.002666 -0.175153
vn -0.985084 0.000208 -0.172076
vn -0.984538 -0.002666 -0.175153
vn -0.984968 0.000404 -0.172737
vn -0.984981 0.000567 -0.172662
vn -0.984976 0.000775 -0.172687
vn -0.983765 0.010439 -0.179156
vn -0.983721 0.008989 -0.179477
vn -0.985141 0.010713 -0.171411
vn -0.984952 0.012244 -0.172395
vn -0.983721 0.008989 -0.179477
vn -0.983863 0.006583 -0.178803
vn -0.985137 0.007253 -0.171619
vn -0.985141 0.010713 -0.171411
vn -0.985137 0.007253 -0.171619
vn -0.983863 0.006583 -0.178803
vn -0.983881 0.005451 -0.178742
vn -0.984434 0.000280 -0.175756
vn -0.984438 0.000009 -0.175733
vn -0.985056 0.002131 -0.172220
vn -0.984444 0.000500 -0.175697
vn -0.985056 0.002131 -0.172220
vn -0.984438 0.000009 -0.175733
vn -0.984372 -0.000296 -0.176100
vn -0.985048 -0.000028 -0.172279
vn -0.985084 0.000208 -0.172076
vn -0.984538 -0.002666 -0.175153
vn -0.985099 -0.000326 -0.171990
vn -0.984952 0.012244 -0.172395
vn -0.984223 0.029690 -0.174421
vn -0.983765 0.010439 -0.179156
vn -0.983765 0.010439 -0.179156
vn -0.984223 0.029690 -0.174421
vn -0.983746 0.024420 -0.177898
vn -0.982465 0.031450 -0.183776
vn -0.984469 -0.000467 -0.175558
vn -0.984408 -0.000818 -0.175899
vn -0.985056 0.002131 -0.172220
vn -0.984372 -0.000296 -0.176100
vn -0.985056 0.002131 -0.172220
vn -0.984408 -0.000818 -0.175899
vn -0.984438 -0.001026 -0.175731
vn -0.984406 0.000951 -0.175908
vn -0.984444 0.000500 -0.175697
vn -0.985056 0.002131 -0.172220
vn -0.984467 0.001034 -0.175565
vn -0.985206 -0.014804 -0.170731
vn -0.984168 -0.013902 -0.176693
vn -0.983896 0.004498 -0.178685
vn -0.984434 -0.013886 -0.175207
vn -0.984979 -0.033427 -0.169409
vn -0.985937 -0.032023 -0.164019
vn -0.986551 -0.024064 -0.161674
vn -0.984434 -0.013886 -0.175207
vn -0.986551 -0.024064 -0.161674
vn -0.985721 -0.008002 -0.168195
vn -0.984434 -0.013886 -0.175207
vn -0.985721 -0.008002 -0.168195
vn -0.985206 -0.014804 -0.170731
vn -0.984179 -0.014580 -0.176579
vn -0.984563 -0.003422 -0.174995
vn -0.984179 -0.014580 -0.176579
vn -0.985206 -0.014804 -0.170731
vn -0.983896 0.004498 -0.178685
vn -0.985107 -0.001495 -0.171935
vn -0.984958 -0.000637 -0.172793
vn -0.984538 -0.002666 -0.175153
vn -0.985003 -0.002714 -0.172517
vn -0.984538 -0.002666 -0.175153
vn -0.984958 -0.000637 -0.172793
vn -0.985075 -0.000666 -0.172123
vn -0.985099 -0.000326 -0.171990
vn -0.985206 -0.014804 -0.170731
vn -0.985003 -0.002714 -0.172517
vn -0.984538 -0.002666 -0.175153
vn -0.984168 -0.013902 -0.176693
vn 0.984742 -0.000054 0.174019
vn 0.894123 -0.414844 0.168665
vn 0.956531 -0.228325 0.181428
vn 0.984169 -0.020377 0.176060
vn 0.894123 -0.414844 0.168665
vn 0.819856 -0.552707 0.149503
vn 0.910728 -0.380360 0.160938
vn 0.956531 -0.228325 0.181428
vn 0.819856 -0.552707 0.149503
vn 0.894123 -0.414844 0.168665
vn 0.670830 -0.730977 0.125141
vn 0.645593 -0.754077 0.120743
vn 0.645593 -0.754077 0.120743
vn 0.670830 -0.730977 0.125141
vn 0.359650 -0.930407 0.070673
vn 0.344149 -0.936453 0.067949
vn 0.344149 -0.936453 0.067949
vn 0.359650 -0.930407 0.070673
vn 0.031907 -0.999467 0.006927
vn 0.031999 -0.999464 0.006947
vn 0.984772 -0.000000 0.173853
vn 0.989768 0.000000 0.142688
vn 0.996227 0.000000 -0.086782
vn 0.996227 0.000000 -0.086782
vn 0.819362 -0.000008 -0.573276
vn 0.819362 -0.000008 -0.573276
vn 0.819362 -0.000008 -0.573276
vn 0.819362 -0.000008 -0.573276
vn 0.422961 -0.000006 -0.906148
vn 0.422961 -0.000006 -0.906148
vn 0.328116 -0.000007 -0.944637
vn 0.328117 -0.000007 -0.944637
vn 0.021558 -0.999767 -0.000979
vn 0.195796 -0.980477 0.018141
vn 0.096227 -0.995354 0.003250
vn 0.021525 -0.999768 -0.000977
vn 0.297046 -0.954120 0.037680
vn 0.249130 -0.967957 0.031521
vn 0.195796 -0.980477 0.018141
vn 0.385568 -0.921188 0.052438
vn 0.195796 -0.980477 0.018141
vn 0.249130 -0.967957 0.031521
vn 0.096227 -0.995354 0.003250
vn 0.700391 -0.705518 0.108152
vn 0.690216 -0.715786 0.106079
vn 0.621939 -0.777134 0.096203
vn 0.549032 -0.831801 0.081678
vn 0.549032 -0.831801 0.081678
vn 0.621939 -0.777134 0.096203
vn 0.485375 -0.871169 0.073998
vn 0.485375 -0.871169 0.073998
vn 0.447462 -0.891700 0.068188
vn 0.385568 -0.921188 0.052438
vn 0.549032 -0.831801 0.081678
vn 0.385568 -0.921188 0.052438
vn 0.447462 -0.891700 0.068188
vn 0.297046 -0.954120 0.037680
vn 0.755537 -0.643864 0.120845
vn 0.690216 -0.715786 0.106079
vn 0.700391 -0.705518 0.108152
vn 0.821986 -0.554214 0.131094
vn 0.870909 -0.470013 0.143548
vn 0.849024 -0.509969 0.138167
vn 0.821986 -0.554214 0.131094
vn 0.928757 -0.339602 0.148596
vn 0.821986 -0.554214 0.131094
vn 0.849024 -0.509969 0.138167
vn 0.755537 -0.643864 0.120845
vn 0.984682 -0.008903 0.174135
vn 0.968243 -0.193676 0.158102
vn 0.971307 -0.175379 0.160640
vn 0.984713 -0.005675 0.174092
vn 0.968243 -0.193676 0.158102
vn 0.949148 -0.274682 0.153842
vn 0.928757 -0.339602 0.148596
vn 0.971307 -0.175379 0.160640
vn 0.928757 -0.339602 0.148596
vn 0.949148 -0.274682 0.153842
vn 0.870909 -0.470013 0.143548
vn 0.674676 -0.085934 -0.733095
vn 0.873914 -0.082010 -0.479113
vn 0.828900 -0.092056 -0.551771
vn 0.828900 -0.092056 -0.551771
vn 0.873914 -0.082010 -0.479113
vn 0.900752 -0.116494 -0.418419
vn 0.978100 -0.116804 -0.172273
vn 0.900752 -0.116494 -0.418419
vn 0.924595 -0.202775 -0.322499
vn 0.980294 -0.131290 -0.147604
vn 0.978100 -0.116804 -0.172273
vn 0.980294 -0.131290 -0.147604
vn 0.995572 -0.084670 -0.040842
vn 0.987511 -0.006172 0.157426
vn 0.978100 -0.116804 -0.172273
vn 0.987511 -0.006172 0.157426
vn 0.995572 -0.084670 -0.040842
vn 0.985263 -0.000001 0.171044
vn 0.828900 -0.092056 -0.551771
vn 0.568951 -0.118528 -0.813785
vn 0.586816 -0.133274 -0.798677
vn 0.674676 -0.085934 -0.733095
vn 0.586816 -0.133274 -0.798677
vn 0.568951 -0.118528 -0.813785
vn 0.340977 -0.116617 -0.932810
vn 0.423840 -0.204256 -0.882405
vn 0.340977 -0.116617 -0.932810
vn 0.568951 -0.118528 -0.813785
vn 0.301234 -0.085369 -0.949721
vn 0.301234 -0.085369 -0.949721
vn 0.301234 -0.085369 -0.949721
vn 0.301234 -0.085369 -0.949721
vn 0.328117 -0.000007 -0.944637
vn 0.328116 -0.000007 -0.944637
vn 0.021525 -0.999768 -0.000977
vn 0.031999 -0.999464 0.006947
vn 0.031907 -0.999467 0.006927
vn 0.021558 -0.999767 -0.000979
vn 0.198261 -0.079118 -0.976951
vn 0.270881 -0.074479 -0.959727
vn 0.173374 -0.216422 -0.960783
vn 0.180168 -0.083271 -0.980105
vn 0.182885 -0.076593 -0.980146
vn 0.180164 -0.078952 -0.980463
vn 0.173374 -0.216422 -0.960783
vn 0.186262 -0.072758 -0.979802
vn 0.173374 -0.216422 -0.960783
vn 0.180164 -0.078952 -0.980463
vn 0.180168 -0.083271 -0.980105
vn 0.173374 -0.216422 -0.960783
vn 0.173951 -0.126854 -0.976550
vn 0.174661 -0.116582 -0.977703
vn 0.178054 -0.103959 -0.978514
vn 0.184925 -0.077994 -0.979653
vn 0.185671 -0.076457 -0.979633
vn 0.173374 -0.216422 -0.960783
vn 0.178054 -0.103959 -0.978514
vn 0.173374 -0.216422 -0.960783
vn 0.185671 -0.076457 -0.979633
vn 0.186262 -0.072758 -0.979802
vn 0.173374 -0.216422 -0.960783
vn 0.270881 -0.074479 -0.959727
vn 0.335638 -0.069896 -0.939394
vn 0.335638 -0.069896 -0.939394
vn 0.173951 -0.126854 -0.976550
vn 0.173374 -0.216422 -0.960783
vn 0.172268 -0.227470 -0.958426
vn 0.172268 -0.227470 -0.958426
vn 0.173374 -0.216422 -0.960783
vn 0.166849 -0.310603 -0.935782
vn 0.166849 -0.310603 -0.935782
vn 0.166849 -0.310603 -0.935782
vn 0.166849 -0.310603 -0.935782
vn 0.154635 -0.458613 -0.875078
vn 0.154635 -0.458613 -0.875079
vn 0.154635 -0.458613 -0.875079
vn 0.154635 -0.458613 -0.875078
vn 0.139426 -0.598348 -0.789012
vn 0.139426 -0.598348 -0.789012
vn 0.139426 -0.598348 -0.789012
vn 0.139426 -0.598348 -0.789012
vn 0.120429 -0.721830 -0.681512
vn 0.120429 -0.721830 -0.681512
vn 0.120429 -0.721830 -0.681512
vn 0.120429 -0.721830 -0.681512
vn 0.098098 -0.825930 -0.555172
vn 0.098098 -0.825930 -0.555172
vn 0.098098 -0.825930 -0.555172
vn 0.098098 -0.825930 -0.555172
vn 0.046053 -0.964508 -0.260008
vn 0.043345 -0.968569 -0.244941
vn 0.693695 -0.707029 0.137470
vn 0.693159 -0.706996 0.140313
vn 0.639610 -0.628267 0.442922
vn 0.638997 -0.626684 0.446037
vn 0.693695 -0.707029 0.137470
vn 0.698424 -0.707051 0.110830
vn 0.698014 -0.707070 0.113260
vn 0.693159 -0.706996 0.140313
vn 0.639637 0.628257 0.442897
vn 0.639025 0.626674 0.446011
vn 0.626230 0.581125 0.519741
vn 0.626230 0.581123 0.519742
vn 0.626230 0.581123 0.519742
vn 0.626230 0.581125 0.519741
vn 0.610928 0.509151 0.606245
vn 0.610928 0.509152 0.606244
vn 0.610928 0.509152 0.606244
vn 0.610928 0.509151 0.606245
vn 0.597843 0.424038 0.680276
vn 0.597843 0.424039 0.680275
vn 0.597843 0.424039 0.680275
vn 0.597843 0.424038 0.680276
vn 0.587306 0.327984 0.739931
vn 0.587305 0.327984 0.739932
vn 0.587305 0.327984 0.739932
vn 0.587306 0.327984 0.739931
vn 0.579583 0.223472 0.783673
vn 0.579583 0.223471 0.783674
vn 0.579583 0.223471 0.783674
vn 0.579583 0.223472 0.783673
vn 0.574868 0.113199 0.810378
vn 0.574868 0.113198 0.810379
vn 0.574868 0.113198 0.810379
vn 0.574868 0.113199 0.810378
vn 0.573275 0.000006 0.819363
vn 0.573275 0.000006 0.819363
vn 0.573275 0.000006 0.819363
vn 0.573275 0.000006 0.819363
vn 0.574857 -0.113188 0.810388
vn 0.574857 -0.113189 0.810388
vn 0.574857 -0.113189 0.810388
vn 0.574857 -0.113188 0.810388
vn 0.579572 -0.223464 0.783683
vn 0.579572 -0.223464 0.783684
vn 0.579572 -0.223464 0.783684
vn 0.579572 -0.223464 0.783683
vn 0.587299 -0.327976 0.739940
vn 0.587299 -0.327976 0.739940
vn 0.587299 -0.327976 0.739940
vn 0.587299 -0.327976 0.739940
vn 0.597844 -0.424028 0.680281
vn 0.597844 -0.424027 0.680282
vn 0.597844 -0.424027 0.680282
vn 0.597844 -0.424028 0.680281
vn 0.610929 -0.509143 0.606250
vn 0.610929 -0.509143 0.606250
vn 0.610929 -0.509143 0.606250
vn 0.610929 -0.509143 0.606250
vn 0.626213 -0.581126 0.519760
vn 0.626213 -0.581127 0.519759
vn 0.626213 -0.581127 0.519759
vn 0.626213 -0.581126 0.519760
vn 0.638997 -0.626684 0.446037
vn 0.639610 -0.628267 0.442922
vn 0.235289 -0.702437 -0.671730
vn 0.224950 -0.703267 -0.674399
vn 0.454722 -0.707108 -0.541503
vn 0.454723 -0.707108 -0.541503
vn 0.454723 -0.707108 -0.541503
vn 0.454722 -0.707108 -0.541503
vn 0.664553 -0.707107 -0.241596
vn 0.664555 -0.707107 -0.241592
vn 0.664555 -0.707107 -0.241592
vn 0.664553 -0.707107 -0.241596
vn 0.698014 -0.707070 0.113260
vn 0.698424 -0.707051 0.110830
vn 0.639025 0.626674 0.446011
vn 0.639637 0.628257 0.442897
vn 0.695256 0.707103 0.128939
vn 0.695443 0.707107 0.127901
vn 0.224950 -0.703267 -0.674399
vn 0.235289 -0.702437 -0.671730
vn 0.160545 -0.706591 -0.689170
vn 0.161294 -0.706570 -0.689016
vn 0.695256 0.707103 0.128939
vn 0.697341 0.707104 0.117131
vn 0.697162 0.707108 0.118171
vn 0.695443 0.707107 0.127901
vn 0.161294 -0.706570 -0.689016
vn 0.160545 -0.706591 -0.689170
vn 0.212983 -0.707013 -0.674367
vn 0.209775 -0.706972 -0.675414
vn 0.209775 -0.706972 -0.675414
vn 0.212983 -0.707013 -0.674367
vn 0.281349 -0.705945 -0.649988
vn 0.403616 -0.659265 -0.634401
vn 0.424102 -0.748125 -0.510340
vn 0.412814 -0.696063 -0.587436
vn 0.412814 -0.696063 -0.587436
vn 0.424102 -0.748125 -0.510340
vn 0.477964 -0.734392 -0.481891
vn 0.477444 -0.734584 -0.482113
vn 0.477444 -0.734584 -0.482113
vn 0.477964 -0.734392 -0.481891
vn 0.579377 -0.707112 -0.405358
vn 0.579377 -0.707112 -0.405357
vn 0.579377 -0.707112 -0.405357
vn 0.579377 -0.707112 -0.405358
vn 0.627801 -0.706997 -0.325609
vn 0.626240 -0.706950 -0.328703
vn 0.626240 -0.706950 -0.328703
vn 0.627801 -0.706997 -0.325609
vn 0.659293 -0.705991 -0.258669
vn 0.013097 -0.999910 -0.002877
vn -0.040209 -0.999168 -0.006827
vn 0.003347 -0.999994 -0.000730
vn 0.025273 -0.999665 -0.005559
vn 0.654652 -0.754017 -0.053759
vn 0.654652 -0.754017 -0.053759
vn 0.677123 -0.735866 -0.002464
vn 0.676867 -0.736099 -0.003079
vn 0.676867 -0.736099 -0.003079
vn 0.677123 -0.735866 -0.002464
vn 0.697017 -0.707106 0.119035
vn 0.697062 -0.707105 0.118772
vn 0.697162 0.707108 0.118171
vn 0.697341 0.707104 0.117131
vn 0.750464 0.630603 -0.197847
vn 0.750921 0.629045 -0.201046
vn 0.697062 -0.707105 0.118772
vn 0.697017 -0.707106 0.119035
vn 0.698253 -0.707065 0.111811
vn 0.698636 -0.707044 0.109531
vn 0.836295 0.137505 -0.530758
vn 0.838446 0.051727 -0.542524
vn 0.838068 0.050010 -0.543268
vn 0.840105 0.060528 -0.539036
vn 0.836295 0.137505 -0.530758
vn 0.840105 0.060528 -0.539036
vn 0.833243 0.166435 -0.527262
vn 0.833243 0.166435 -0.527262
vn 0.833545 0.168411 -0.526156
vn 0.827887 0.240844 -0.506555
vn 0.836295 0.137505 -0.530758
vn 0.827887 0.240844 -0.506555
vn 0.833545 0.168411 -0.526156
vn 0.823733 0.271863 -0.497548
vn 0.823733 0.271863 -0.497548
vn 0.823859 0.273450 -0.496469
vn 0.816625 0.339205 -0.466973
vn 0.827887 0.240844 -0.506555
vn 0.816625 0.339205 -0.466973
vn 0.823859 0.273450 -0.496469
vn 0.811173 0.371708 -0.451477
vn 0.811173 0.371708 -0.451477
vn 0.811172 0.372924 -0.450475
vn 0.802679 0.430251 -0.413026
vn 0.816625 0.339205 -0.466973
vn 0.811172 0.372924 -0.450475
vn 0.795702 0.463379 -0.390050
vn 0.802679 0.430251 -0.413026
vn 0.802679 0.430251 -0.413026
vn 0.795702 0.463379 -0.390050
vn 0.795625 0.464236 -0.389186
vn 0.785115 0.513002 -0.347022
vn 0.795625 0.464236 -0.389186
vn 0.775580 0.546273 -0.316325
vn 0.785115 0.513002 -0.347022
vn 0.785115 0.513002 -0.347022
vn 0.775580 0.546273 -0.316325
vn 0.767168 0.578696 -0.276702
vn 0.765330 0.584698 -0.269070
vn 0.765330 0.584698 -0.269070
vn 0.767168 0.578696 -0.276702
vn 0.750921 0.629045 -0.201046
vn 0.750464 0.630603 -0.197847
vn 0.753169 -0.626676 -0.200036
vn 0.752676 -0.628259 -0.196899
vn 0.698636 -0.707044 0.109531
vn 0.698253 -0.707065 0.111811
vn 0.792852 -0.115556 -0.598358
vn 0.763852 -0.226975 -0.604163
vn 0.838068 0.050010 -0.543268
vn 0.838446 0.051727 -0.542524
vn 0.792852 -0.115556 -0.598358
vn 0.742402 -0.302098 -0.597976
vn 0.763852 -0.226975 -0.604163
vn 0.763852 -0.226975 -0.604163
vn 0.742402 -0.302098 -0.597976
vn 0.708471 -0.379776 -0.594844
vn 0.261497 -0.075169 -0.962273
vn 0.261497 -0.075169 -0.962273
vn 0.708471 -0.379776 -0.594844
vn 0.477623 -0.496429 -0.724868
vn 0.261497 -0.075169 -0.962273
vn 0.477623 -0.496429 -0.724868
vn 0.394388 -0.415629 -0.819580
vn 0.189573 -0.023142 -0.981594
vn 0.394388 -0.415629 -0.819580
vn 0.477623 -0.496429 -0.724868
vn 0.368182 -0.674132 -0.640303
vn 0.306729 -0.699184 -0.645800
vn 0.306729 -0.699184 -0.645800
vn 0.368182 -0.674132 -0.640303
vn 0.134985 -0.715741 -0.685196
vn 0.136548 -0.715996 -0.684620
vn 0.752676 -0.628259 -0.196899
vn 0.753169 -0.626676 -0.200036
vn 0.766427 -0.581108 -0.273686
vn 0.766427 -0.581108 -0.273685
vn 0.766427 -0.581108 -0.273685
vn 0.766427 -0.581108 -0.273686
vn 0.781710 -0.509105 -0.360197
vn 0.781710 -0.509104 -0.360197
vn 0.781710 -0.509104 -0.360197
vn 0.781710 -0.509105 -0.360197
vn 0.794797 -0.423958 -0.434233
vn 0.794797 -0.423958 -0.434233
vn 0.794797 -0.423958 -0.434233
vn 0.794797 -0.423958 -0.434233
vn 0.805348 -0.327864 -0.493882
vn 0.805348 -0.327864 -0.493882
vn 0.805348 -0.327864 -0.493882
vn 0.805348 -0.327864 -0.493882
vn 0.813082 -0.223318 -0.537613
vn 0.813082 -0.223318 -0.537612
vn 0.813082 -0.223318 -0.537612
vn 0.813082 -0.223318 -0.537613
vn 0.814848 -0.167510 -0.554944
vn 0.814848 -0.167517 -0.554942
vn 0.136548 -0.715996 -0.684620
vn 0.134985 -0.715741 -0.685196
vn 0.128021 -0.713441 -0.688921
vn 0.127814 -0.713445 -0.688956
vn 0.814848 -0.167510 -0.554944
vn 0.797800 -0.218514 -0.561931
vn 0.800051 -0.210676 -0.561724
vn 0.814848 -0.167517 -0.554942
vn 0.797800 -0.218514 -0.561931
vn 0.772086 -0.292059 -0.564433
vn 0.773986 -0.287380 -0.564232
vn 0.800051 -0.210676 -0.561724
vn 0.772086 -0.292059 -0.564433
vn 0.725948 -0.382004 -0.571902
vn 0.729982 -0.375787 -0.570885
vn 0.773986 -0.287380 -0.564232
vn 0.725948 -0.382004 -0.571902
vn 0.691738 -0.432195 -0.578538
vn 0.691969 -0.431868 -0.578506
vn 0.729982 -0.375787 -0.570885
vn 0.691738 -0.432195 -0.578538
vn 0.641324 -0.494498 -0.586665
vn 0.642958 -0.492713 -0.586378
vn 0.691969 -0.431868 -0.578506
vn 0.641324 -0.494498 -0.586665
vn 0.594139 -0.538330 -0.597662
vn 0.599179 -0.534153 -0.596376
vn 0.642958 -0.492713 -0.586378
vn 0.594139 -0.538330 -0.597662
vn 0.540871 -0.580173 -0.608980
vn 0.541066 -0.580028 -0.608947
vn 0.599179 -0.534153 -0.596376
vn 0.540871 -0.580173 -0.608980
vn 0.473129 -0.624295 -0.621615
vn 0.474753 -0.623373 -0.621302
vn 0.541066 -0.580028 -0.608947
vn 0.473129 -0.624295 -0.621615
vn 0.413316 -0.653033 -0.634601
vn 0.417327 -0.651384 -0.633670
vn 0.474753 -0.623373 -0.621302
vn 0.413316 -0.653033 -0.634601
vn 0.342240 -0.679319 -0.649152
vn 0.342285 -0.679304 -0.649144
vn 0.417327 -0.651384 -0.633670
vn 0.342240 -0.679319 -0.649152
vn 0.265327 -0.700053 -0.662968
vn 0.265075 -0.700108 -0.663012
vn 0.342285 -0.679304 -0.649144
vn 0.265327 -0.700053 -0.662968
vn 0.197333 -0.710079 -0.675905
vn 0.199850 -0.709881 -0.675373
vn 0.265075 -0.700108 -0.663012
vn 0.197333 -0.710079 -0.675905
vn 0.127814 -0.713445 -0.688956
vn 0.128021 -0.713441 -0.688921
vn 0.199850 -0.709881 -0.675373
vn 0.019653 0.993848 -0.108994
vn 0.002769 0.999885 -0.014937
vn 0.002024 0.999949 -0.009910
vn 0.038265 0.979674 -0.196911
vn 0.086973 0.885992 -0.455471
vn 0.084110 0.872250 -0.481774
vn 0.047665 0.965476 -0.256094
vn 0.047665 0.965476 -0.256094
vn 0.038265 0.979674 -0.196911
vn 0.002024 0.999949 -0.009910
vn 0.086973 0.885992 -0.455471
vn -0.027215 0.941659 -0.335466
vn 0.047665 0.965476 -0.256094
vn 0.084110 0.872250 -0.481774
vn -0.006337 0.876569 -0.481235
vn -0.229164 0.968841 -0.093970
vn -0.005475 0.999983 -0.001970
vn -0.006045 0.999978 -0.002906
vn -0.195226 0.974668 -0.109133
vn -0.195226 0.974668 -0.109133
vn -0.006045 0.999978 -0.002906
vn -0.003104 0.999993 -0.002167
vn -0.136594 0.984345 -0.111389
vn -0.136594 0.984345 -0.111389
vn -0.003104 0.999993 -0.002167
vn -0.002700 0.999992 -0.002831
vn -0.100241 0.987136 -0.124557
vn -0.100241 0.987136 -0.124557
vn -0.002700 0.999992 -0.002831
vn -0.019094 0.999315 -0.031715
vn -0.060662 0.989669 -0.129905
vn -0.060662 0.989669 -0.129905
vn -0.019094 0.999315 -0.031715
vn -0.004875 0.999712 -0.023502
vn -0.012256 0.993127 -0.116400
vn -0.012256 0.993127 -0.116400
vn -0.004875 0.999712 -0.023502
vn 0.002769 0.999885 -0.014937
vn 0.019653 0.993848 -0.108994
vn -0.004385 0.999990 -0.001151
vn -0.005475 0.999983 -0.001970
vn -0.229164 0.968841 -0.093970
vn -0.261932 0.961664 -0.081205
vn -0.004385 0.999990 -0.001151
vn -0.261932 0.961664 -0.081205
vn -0.282722 0.956729 -0.068837
vn -0.282722 0.956729 -0.068837
vn -0.310881 0.948373 -0.062783
vn -0.002412 0.999997 -0.000490
vn -0.004385 0.999990 -0.001151
vn -0.310881 0.948373 -0.062783
vn -0.345339 0.936480 -0.061213
vn -0.002191 0.999998 -0.000400
vn -0.002412 0.999997 -0.000490
vn -0.002191 0.999998 -0.000400
vn -0.345339 0.936480 -0.061213
vn -0.341898 0.938274 -0.052413
vn -0.002191 0.999998 -0.000400
vn -0.005814 0.999983 -0.000822
vn -0.001737 0.999931 0.011628
vn -0.005814 0.999983 -0.000822
vn -0.341898 0.938274 -0.052413
vn -0.325844 0.944787 -0.034688
vn -0.005814 0.999983 -0.000822
vn -0.008121 0.999967 -0.000517
vn -0.001737 0.999931 0.011628
vn -0.325844 0.944787 -0.034688
vn -0.297597 0.954559 -0.015921
vn -0.008121 0.999967 -0.000517
vn -0.008121 0.999967 -0.000517
vn -0.297597 0.954559 -0.015921
vn -0.252448 0.967559 0.009967
vn -0.009592 0.999954 0.000037
vn -0.009592 0.999954 0.000037
vn -0.252448 0.967559 0.009967
vn -0.221690 0.974490 0.034957
vn -0.005012 0.999987 0.000496
vn -0.005012 0.999987 0.000496
vn -0.221690 0.974490 0.034957
vn -0.168840 0.983942 0.057890
vn -0.023831 0.999695 0.006480
vn -0.023831 0.999695 0.006480
vn -0.168840 0.983942 0.057890
vn -0.137249 0.987105 0.082383
vn -0.017037 0.999819 0.008475
vn -0.017037 0.999819 0.008475
vn -0.137249 0.987105 0.082383
vn -0.099428 0.990137 0.098702
vn -0.028595 0.999313 0.023567
vn -0.028595 0.999313 0.023567
vn -0.099428 0.990137 0.098702
vn -0.052934 0.993045 0.105163
vn -0.011114 0.999732 0.020321
vn -0.011114 0.999732 0.020321
vn -0.052934 0.993045 0.105163
vn -0.018891 0.993812 0.109459
vn -0.001228 0.999972 0.007379
vn -0.396021 0.860260 -0.321122
vn -0.496724 0.759388 -0.420231
vn -0.625512 0.667088 -0.404633
vn -0.478900 0.831389 -0.281866
vn -0.478900 0.831389 -0.281866
vn -0.625512 0.667088 -0.404633
vn -0.724314 0.592683 -0.352273
vn -0.478900 0.831389 -0.281866
vn -0.724314 0.592683 -0.352273
vn -0.610187 0.747212 -0.263335
vn -0.423716 0.886424 -0.186325
vn -0.257914 0.893897 -0.366646
vn -0.422167 0.794705 -0.436141
vn -0.396021 0.860260 -0.321122
vn -0.279557 0.931521 -0.232628
vn -0.396021 0.860260 -0.321122
vn -0.422167 0.794705 -0.436141
vn -0.496724 0.759388 -0.420231
vn -0.787265 0.515557 -0.338253
vn -0.785938 0.540374 -0.300495
vn -0.610187 0.747212 -0.263335
vn -0.724314 0.592683 -0.352273
vn -0.610187 0.747212 -0.263335
vn -0.785938 0.540374 -0.300495
vn -0.735177 0.637143 -0.231437
vn -0.525552 0.834874 -0.163647
vn -0.891358 0.374247 -0.255775
vn -0.916833 0.324099 -0.233191
vn -0.780050 0.595748 -0.191327
vn -0.735177 0.637143 -0.231437
vn -0.916833 0.324099 -0.233191
vn -0.928238 0.314086 -0.199310
vn -0.807932 0.565179 -0.166788
vn -0.780050 0.595748 -0.191327
vn -0.928238 0.314086 -0.199310
vn -0.921479 0.344348 -0.179727
vn -0.819890 0.554589 -0.142168
vn -0.807932 0.565179 -0.166788
vn -0.044019 0.965059 0.258309
vn -0.145296 0.933248 0.328539
vn -0.297168 0.856696 0.421620
vn -0.088129 0.872280 0.481000
vn -0.145296 0.933248 0.328539
vn -0.261357 0.929498 0.260242
vn -0.362912 0.842101 0.398950
vn -0.297168 0.856696 0.421620
vn -0.436135 0.848833 0.298779
vn -0.362912 0.842101 0.398950
vn -0.261357 0.929498 0.260242
vn -0.378988 0.899696 0.216597
vn -0.760263 0.640704 0.107233
vn -0.739139 0.660252 0.133196
vn -0.562419 0.821199 0.096524
vn -0.696765 0.716892 0.024193
vn -0.739139 0.660252 0.133196
vn -0.677630 0.710131 0.191131
vn -0.480223 0.860068 0.172248
vn -0.562419 0.821199 0.096524
vn -0.677630 0.710131 0.191131
vn -0.542078 0.796279 0.268498
vn -0.378988 0.899696 0.216597
vn -0.480223 0.860068 0.172248
vn -0.378988 0.899696 0.216597
vn -0.542078 0.796279 0.268498
vn -0.436135 0.848833 0.298779
vn -0.729073 0.683545 -0.034928
vn -0.824326 0.559399 -0.086951
vn -0.933869 0.346450 -0.088666
vn -0.923437 0.377463 -0.069175
vn -0.729073 0.683545 -0.034928
vn -0.923437 0.377463 -0.069175
vn -0.840610 0.541635 -0.002552
vn -0.696765 0.716892 0.024193
vn -0.696765 0.716892 0.024193
vn -0.864703 0.500645 0.040543
vn -0.760263 0.640704 0.107233
vn 0.047665 0.965476 -0.256094
vn -0.027215 0.941659 -0.335466
vn -0.024178 0.971779 -0.234651
vn 0.038265 0.979674 -0.196911
vn -0.027215 0.941659 -0.335466
vn -0.152546 0.933229 -0.325291
vn -0.093951 0.970620 -0.221519
vn -0.024178 0.971779 -0.234651
vn -0.093951 0.970620 -0.221519
vn -0.152546 0.933229 -0.325291
vn -0.174908 0.955039 -0.239391
vn -0.152546 0.933229 -0.325291
vn -0.204829 0.845631 -0.492903
vn -0.257914 0.893897 -0.366646
vn -0.174908 0.955039 -0.239391
vn -0.174908 0.955039 -0.239391
vn -0.257914 0.893897 -0.366646
vn -0.279557 0.931521 -0.232628
vn -0.396021 0.860260 -0.321122
vn -0.478900 0.831389 -0.281866
vn -0.325295 0.926339 -0.189946
vn -0.279557 0.931521 -0.232628
vn -0.325295 0.926339 -0.189946
vn -0.478900 0.831389 -0.281866
vn -0.423716 0.886424 -0.186325
vn -0.423716 0.886424 -0.186325
vn -0.610187 0.747212 -0.263335
vn -0.525552 0.834874 -0.163647
vn -0.735177 0.637143 -0.231437
vn -0.780050 0.595748 -0.191327
vn -0.556805 0.818973 -0.138749
vn -0.525552 0.834874 -0.163647
vn -0.780050 0.595748 -0.191327
vn -0.807932 0.565179 -0.166788
vn -0.597929 0.792354 -0.121063
vn -0.556805 0.818973 -0.138749
vn -0.807932 0.565179 -0.166788
vn -0.819890 0.554589 -0.142168
vn -0.610875 0.784324 -0.108016
vn -0.597929 0.792354 -0.121063
vn -0.819890 0.554589 -0.142168
vn -0.821903 0.555877 -0.124406
vn -0.603400 0.792185 -0.091385
vn -0.610875 0.784324 -0.108016
vn -0.821903 0.555877 -0.124406
vn -0.824326 0.559399 -0.086951
vn -0.571085 0.818630 -0.060891
vn -0.603400 0.792185 -0.091385
vn -0.824326 0.559399 -0.086951
vn -0.729073 0.683545 -0.034928
vn -0.530572 0.847216 -0.026815
vn -0.571085 0.818630 -0.060891
vn -0.729073 0.683545 -0.034928
vn -0.696765 0.716892 0.024193
vn -0.474095 0.880224 0.020971
vn -0.530572 0.847216 -0.026815
vn -0.696765 0.716892 0.024193
vn -0.562419 0.821199 0.096524
vn -0.412516 0.908588 0.065559
vn -0.474095 0.880224 0.020971
vn -0.562419 0.821199 0.096524
vn -0.480223 0.860068 0.172248
vn -0.331501 0.936240 0.116459
vn -0.412516 0.908588 0.065559
vn -0.480223 0.860068 0.172248
vn -0.378988 0.899696 0.216597
vn -0.259697 0.952637 0.158244
vn -0.331501 0.936240 0.116459
vn -0.378988 0.899696 0.216597
vn -0.261357 0.929498 0.260242
vn -0.190168 0.963635 0.187735
vn -0.259697 0.952637 0.158244
vn -0.261357 0.929498 0.260242
vn -0.145296 0.933248 0.328539
vn -0.103507 0.971750 0.212105
vn -0.190168 0.963635 0.187735
vn -0.145296 0.933248 0.328539
vn -0.044019 0.965059 0.258309
vn -0.031555 0.979676 0.198089
vn -0.103507 0.971750 0.212105
vn -0.027215 0.941659 -0.335466
vn -0.006337 0.876569 -0.481235
vn -0.173599 0.848261 -0.500317
vn -0.152546 0.933229 -0.325291
vn -0.152546 0.933229 -0.325291
vn -0.173599 0.848261 -0.500317
vn -0.204829 0.845631 -0.492903
vn -0.930759 0.330538 -0.156307
vn -0.940295 0.310545 -0.139312
vn -0.821903 0.555877 -0.124406
vn -0.819890 0.554589 -0.142168
vn -0.940295 0.310545 -0.139312
vn -0.943068 0.310018 -0.120465
vn -0.824326 0.559399 -0.086951
vn -0.821903 0.555877 -0.124406
vn 0.038265 0.979674 -0.196911
vn -0.024178 0.971779 -0.234651
vn -0.012256 0.993127 -0.116400
vn 0.019653 0.993848 -0.108994
vn -0.024178 0.971779 -0.234651
vn -0.093951 0.970620 -0.221519
vn -0.060662 0.989669 -0.129905
vn -0.012256 0.993127 -0.116400
vn -0.093951 0.970620 -0.221519
vn -0.174908 0.955039 -0.239391
vn -0.100241 0.987136 -0.124557
vn -0.060662 0.989669 -0.129905
vn -0.174908 0.955039 -0.239391
vn -0.279557 0.931521 -0.232628
vn -0.136594 0.984345 -0.111389
vn -0.100241 0.987136 -0.124557
vn -0.279557 0.931521 -0.232628
vn -0.325295 0.926339 -0.189946
vn -0.195226 0.974668 -0.109133
vn -0.136594 0.984345 -0.111389
vn -0.325295 0.926339 -0.189946
vn -0.423716 0.886424 -0.186325
vn -0.229164 0.968841 -0.093970
vn -0.195226 0.974668 -0.109133
vn -0.423716 0.886424 -0.186325
vn -0.525552 0.834874 -0.163647
vn -0.261932 0.961664 -0.081205
vn -0.229164 0.968841 -0.093970
vn -0.525552 0.834874 -0.163647
vn -0.556805 0.818973 -0.138749
vn -0.282722 0.956729 -0.068837
vn -0.261932 0.961664 -0.081205
vn -0.556805 0.818973 -0.138749
vn -0.597929 0.792354 -0.121063
vn -0.310881 0.948373 -0.062783
vn -0.282722 0.956729 -0.068837
vn -0.597929 0.792354 -0.121063
vn -0.610875 0.784324 -0.108016
vn -0.345339 0.936480 -0.061213
vn -0.310881 0.948373 -0.062783
vn -0.610875 0.784324 -0.108016
vn -0.603400 0.792185 -0.091385
vn -0.341898 0.938274 -0.052413
vn -0.345339 0.936480 -0.061213
vn -0.603400 0.792185 -0.091385
vn -0.571085 0.818630 -0.060891
vn -0.325844 0.944787 -0.034688
vn -0.341898 0.938274 -0.052413
vn -0.571085 0.818630 -0.060891
vn -0.530572 0.847216 -0.026815
vn -0.297597 0.954559 -0.015921
vn -0.325844 0.944787 -0.034688
vn -0.530572 0.847216 -0.026815
vn -0.474095 0.880224 0.020971
vn -0.252448 0.967559 0.009967
vn -0.297597 0.954559 -0.015921
vn -0.474095 0.880224 0.020971
vn -0.412516 0.908588 0.065559
vn -0.221690 0.974490 0.034957
vn -0.252448 0.967559 0.009967
vn -0.412516 0.908588 0.065559
vn -0.331501 0.936240 0.116459
vn -0.168840 0.983942 0.057890
vn -0.221690 0.974490 0.034957
vn -0.331501 0.936240 0.116459
vn -0.259697 0.952637 0.158244
vn -0.137249 0.987105 0.082383
vn -0.168840 0.983942 0.057890
vn -0.259697 0.952637 0.158244
vn -0.190168 0.963635 0.187735
vn -0.099428 0.990137 0.098702
vn -0.137249 0.987105 0.082383
vn -0.190168 0.963635 0.187735
vn -0.103507 0.971750 0.212105
vn -0.052934 0.993045 0.105163
vn -0.099428 0.990137 0.098702
vn -0.103507 0.971750 0.212105
vn -0.031555 0.979676 0.198089
vn -0.018891 0.993812 0.109459
vn -0.052934 0.993045 0.105163
vn -0.018891 0.993812 0.109459
vn -0.031555 0.979676 0.198089
vn -0.001737 0.999931 0.011628
vn -0.001228 0.999972 0.007379
vn -0.031555 0.979676 0.198089
vn -0.044019 0.965059 0.258309
vn -0.074338 0.885862 0.457955
vn -0.001737 0.999931 0.011628
vn -0.074338 0.885862 0.457955
vn -0.044019 0.965059 0.258309
vn -0.088129 0.872280 0.481000
vn 0.023349 -0.993329 -0.112930
vn 0.076899 -0.974672 -0.210002
vn 0.007982 -0.999863 -0.014515
vn 0.000696 -0.999997 -0.002497
vn 0.076899 -0.974672 -0.210002
vn 0.070784 -0.955512 -0.286332
vn 0.166955 -0.879500 -0.445652
vn 0.007982 -0.999863 -0.014515
vn 0.166955 -0.879500 -0.445652
vn 0.070784 -0.955512 -0.286332
vn 0.065907 -0.875699 -0.478338
vn -0.140534 -0.941662 0.305815
vn -0.042990 -0.965477 0.256918
vn -0.086015 -0.872140 0.481637
vn -0.170888 -0.876569 0.449916
vn -0.266412 -0.963798 0.010840
vn -0.009533 -0.999954 0.000756
vn -0.008914 -0.999960 0.000914
vn -0.222151 -0.974348 0.035988
vn -0.222151 -0.974348 0.035988
vn -0.008914 -0.999960 0.000914
vn -0.005891 -0.999982 0.001554
vn -0.166494 -0.984346 0.057823
vn -0.166494 -0.984346 0.057823
vn -0.005891 -0.999982 0.001554
vn -0.003865 -0.999991 0.001916
vn -0.136854 -0.987137 0.082658
vn -0.136854 -0.987137 0.082658
vn -0.003865 -0.999991 0.001916
vn -0.001975 -0.999997 0.001601
vn -0.101513 -0.989668 0.101259
vn -0.101513 -0.989668 0.101259
vn -0.001975 -0.999997 0.001601
vn -0.000680 -0.999999 0.001104
vn -0.051407 -0.993127 0.105152
vn -0.051407 -0.993127 0.105152
vn -0.000680 -0.999999 0.001104
vn -0.000904 -0.999985 0.005377
vn -0.018885 -0.993851 0.109108
vn -0.012057 -0.999927 -0.001113
vn -0.014955 -0.999888 -0.000526
vn -0.266412 -0.963798 0.010840
vn -0.278978 -0.960196 -0.013954
vn -0.266412 -0.963798 0.010840
vn -0.014955 -0.999888 -0.000526
vn -0.009533 -0.999954 0.000756
vn -0.012057 -0.999927 -0.001113
vn -0.278978 -0.960196 -0.013954
vn -0.093335 -0.995584 -0.010086
vn -0.012057 -0.999927 -0.001113
vn -0.093335 -0.995584 -0.010086
vn -0.023818 -0.999712 -0.003010
vn -0.002123 -0.999998 -0.000224
vn -0.023818 -0.999712 -0.003010
vn -0.093335 -0.995584 -0.010086
vn -0.328450 -0.943159 -0.050703
vn -0.040209 -0.999168 -0.006827
vn -0.328450 -0.943159 -0.050703
vn -0.316884 -0.946842 -0.055459
vn -0.025957 -0.999651 -0.004854
vn -0.040209 -0.999168 -0.006827
vn -0.025957 -0.999651 -0.004854
vn -0.316884 -0.946842 -0.055459
vn -0.143047 -0.989295 -0.028860
vn -0.025957 -0.999651 -0.004854
vn -0.143047 -0.989295 -0.028860
vn -0.017165 -0.999846 -0.003745
vn -0.007123 -0.999974 -0.001460
vn -0.017165 -0.999846 -0.003745
vn -0.143047 -0.989295 -0.028860
vn -0.296000 -0.952363 -0.073410
vn -0.296000 -0.952363 -0.073410
vn -0.262316 -0.961663 -0.079968
vn -0.015973 -0.999863 -0.004442
vn -0.017165 -0.999846 -0.003745
vn -0.015973 -0.999863 -0.004442
vn -0.262316 -0.961663 -0.079968
vn -0.232181 -0.968010 -0.095123
vn -0.013235 -0.999901 -0.004876
vn -0.013235 -0.999901 -0.004876
vn -0.232181 -0.968010 -0.095123
vn -0.196283 -0.974491 -0.108812
vn -0.009383 -0.999946 -0.004527
vn -0.009383 -0.999946 -0.004527
vn -0.196283 -0.974491 -0.108812
vn -0.138773 -0.983942 -0.112250
vn -0.004386 -0.999986 -0.003094
vn -0.004386 -0.999986 -0.003094
vn -0.138773 -0.983942 -0.112250
vn -0.100700 -0.987105 -0.124429
vn -0.002620 -0.999993 -0.002753
vn -0.002620 -0.999993 -0.002753
vn -0.100700 -0.987105 -0.124429
vn -0.059578 -0.990138 -0.126794
vn -0.001502 -0.999996 -0.002544
vn -0.001502 -0.999996 -0.002544
vn -0.059578 -0.990138 -0.126794
vn -0.013688 -0.993046 -0.116926
vn -0.000237 -0.999999 -0.001544
vn -0.000237 -0.999999 -0.001544
vn -0.013688 -0.993046 -0.116926
vn 0.023349 -0.993329 -0.112930
vn 0.000696 -0.999997 -0.002497
vn -0.482096 -0.860258 0.165953
vn -0.610671 -0.759380 0.224551
vn -0.726321 -0.667073 0.165744
vn -0.546498 -0.831388 0.100667
vn -0.546498 -0.831388 0.100667
vn -0.726321 -0.667073 0.165744
vn -0.801203 -0.592652 0.082688
vn -0.546498 -0.831388 0.100667
vn -0.801203 -0.592652 0.082688
vn -0.663487 -0.747209 0.038270
vn -0.461914 -0.886423 0.029828
vn -0.367954 -0.893893 0.256057
vn -0.546092 -0.794691 0.265045
vn -0.482096 -0.860258 0.165953
vn -0.342351 -0.931522 0.122730
vn -0.482096 -0.860258 0.165953
vn -0.546092 -0.794691 0.265045
vn -0.610671 -0.759380 0.224551
vn -0.855530 -0.515528 0.047947
vn -0.841341 -0.540350 0.012935
vn -0.663487 -0.747209 0.038270
vn -0.801203 -0.592652 0.082688
vn -0.663487 -0.747209 0.038270
vn -0.841341 -0.540350 0.012935
vn -0.769979 -0.637134 -0.034535
vn -0.549807 -0.834875 -0.026380
vn -0.925043 -0.374224 -0.065211
vn -0.941241 -0.324053 -0.095155
vn -0.798379 -0.595749 -0.087596
vn -0.769979 -0.637134 -0.034535
vn -0.941241 -0.324053 -0.095155
vn -0.940347 -0.314033 -0.130886
vn -0.816164 -0.565178 -0.120207
vn -0.798379 -0.595749 -0.087596
vn -0.940347 -0.314033 -0.130886
vn -0.945870 -0.286085 -0.153250
vn -0.818960 -0.554589 -0.147432
vn -0.816164 -0.565178 -0.120207
vn 0.070784 -0.955512 -0.286332
vn -0.023905 -0.933245 -0.358444
vn -0.104132 -0.862178 -0.495788
vn 0.065907 -0.875699 -0.478338
vn -0.023905 -0.933245 -0.358444
vn -0.156344 -0.929494 -0.334062
vn -0.201252 -0.845536 -0.494536
vn -0.104132 -0.862178 -0.495788
vn -0.307319 -0.848833 -0.430160
vn -0.201252 -0.845536 -0.494536
vn -0.156344 -0.929494 -0.334062
vn -0.281806 -0.899695 -0.333368
vn -0.677443 -0.640734 -0.361291
vn -0.648701 -0.660277 -0.378445
vn -0.495279 -0.821199 -0.283429
vn -0.634703 -0.731278 -0.249769
vn -0.648701 -0.660277 -0.378445
vn -0.571074 -0.710142 -0.411791
vn -0.392106 -0.860069 -0.326396
vn -0.495279 -0.821199 -0.283429
vn -0.571074 -0.710142 -0.411791
vn -0.417210 -0.796289 -0.438019
vn -0.281806 -0.899695 -0.333368
vn -0.392106 -0.860069 -0.326396
vn -0.281806 -0.899695 -0.333368
vn -0.417210 -0.796289 -0.438019
vn -0.307319 -0.848833 -0.430160
vn -0.715815 -0.661634 -0.223271
vn -0.772576 -0.604268 -0.194902
vn -0.946993 -0.240125 -0.213413
vn -0.894151 -0.371268 -0.250308
vn -0.715815 -0.661634 -0.223271
vn -0.894151 -0.371268 -0.250308
vn -0.797734 -0.504829 -0.329802
vn -0.634703 -0.731278 -0.249769
vn -0.634703 -0.731278 -0.249769
vn -0.797734 -0.504829 -0.329802
vn -0.677443 -0.640734 -0.361291
vn -0.042990 -0.965477 0.256918
vn -0.140534 -0.941662 0.305815
vn -0.103135 -0.971777 0.212161
vn -0.031539 -0.979674 0.198103
vn -0.140534 -0.941662 0.305815
vn -0.254796 -0.933225 0.253317
vn -0.164179 -0.970618 0.175917
vn -0.103135 -0.971777 0.212161
vn -0.164179 -0.970618 0.175917
vn -0.254796 -0.933225 0.253317
vn -0.246358 -0.955038 0.164953
vn -0.254796 -0.933225 0.253317
vn -0.361366 -0.845626 0.392850
vn -0.367954 -0.893893 0.256057
vn -0.246358 -0.955038 0.164953
vn -0.246358 -0.955038 0.164953
vn -0.367954 -0.893893 0.256057
vn -0.342351 -0.931522 0.122730
vn -0.482096 -0.860258 0.165953
vn -0.546498 -0.831388 0.100667
vn -0.370694 -0.926338 0.066959
vn -0.342351 -0.931522 0.122730
vn -0.370694 -0.926338 0.066959
vn -0.546498 -0.831388 0.100667
vn -0.461914 -0.886423 0.029828
vn -0.461914 -0.886423 0.029828
vn -0.663487 -0.747209 0.038270
vn -0.549807 -0.834875 -0.026380
vn -0.769979 -0.637134 -0.034535
vn -0.798379 -0.595749 -0.087596
vn -0.570635 -0.818974 -0.060481
vn -0.549807 -0.834875 -0.026380
vn -0.798379 -0.595749 -0.087596
vn -0.816164 -0.565178 -0.120207
vn -0.603208 -0.792354 -0.091189
vn -0.570635 -0.818974 -0.060481
vn -0.816164 -0.565178 -0.120207
vn -0.818960 -0.554589 -0.147432
vn -0.610898 -0.784325 -0.107882
vn -0.603208 -0.792354 -0.091189
vn -0.818960 -0.554589 -0.147432
vn -0.817832 -0.550732 -0.166867
vn -0.598176 -0.792186 -0.120944
vn -0.610898 -0.784325 -0.107882
vn -0.817832 -0.550732 -0.166867
vn -0.772576 -0.604268 -0.194902
vn -0.557368 -0.818630 -0.138517
vn -0.598176 -0.792186 -0.120944
vn -0.772576 -0.604268 -0.194902
vn -0.715815 -0.661634 -0.223271
vn -0.507631 -0.847215 -0.156645
vn -0.557368 -0.818630 -0.138517
vn -0.715815 -0.661634 -0.223271
vn -0.634703 -0.731278 -0.249769
vn -0.438196 -0.880224 -0.182181
vn -0.507631 -0.847215 -0.156645
vn -0.634703 -0.731278 -0.249769
vn -0.495279 -0.821199 -0.283429
vn -0.365065 -0.908588 -0.202965
vn -0.438196 -0.880224 -0.182181
vn -0.495279 -0.821199 -0.283429
vn -0.392106 -0.860069 -0.326396
vn -0.271513 -0.936239 -0.223020
vn -0.365065 -0.908588 -0.202965
vn -0.392106 -0.860069 -0.326396
vn -0.281806 -0.899695 -0.333368
vn -0.189740 -0.952635 -0.237668
vn -0.271513 -0.936239 -0.223020
vn -0.281806 -0.899695 -0.333368
vn -0.156344 -0.929494 -0.334062
vn -0.114317 -0.963634 -0.241541
vn -0.189740 -0.952635 -0.237668
vn -0.156344 -0.929494 -0.334062
vn -0.023905 -0.933245 -0.358444
vn -0.024553 -0.971752 -0.234723
vn -0.114317 -0.963634 -0.241541
vn -0.023905 -0.933245 -0.358444
vn 0.070784 -0.955512 -0.286332
vn 0.076899 -0.974672 -0.210002
vn -0.024553 -0.971752 -0.234723
vn -0.140534 -0.941662 0.305815
vn -0.170888 -0.876569 0.449916
vn -0.334571 -0.848257 0.410515
vn -0.254796 -0.933225 0.253317
vn -0.254796 -0.933225 0.253317
vn -0.334571 -0.848257 0.410515
vn -0.361366 -0.845626 0.392850
vn -0.956473 -0.228690 -0.181273
vn -0.956914 -0.214164 -0.196085
vn -0.817832 -0.550732 -0.166867
vn -0.818960 -0.554589 -0.147432
vn -0.031539 -0.979674 0.198103
vn -0.103135 -0.971777 0.212161
vn -0.051407 -0.993127 0.105152
vn -0.018885 -0.993851 0.109108
vn -0.103135 -0.971777 0.212161
vn -0.164179 -0.970618 0.175917
vn -0.101513 -0.989668 0.101259
vn -0.051407 -0.993127 0.105152
vn -0.164179 -0.970618 0.175917
vn -0.246358 -0.955038 0.164953
vn -0.136854 -0.987137 0.082658
vn -0.101513 -0.989668 0.101259
vn -0.246358 -0.955038 0.164953
vn -0.342351 -0.931522 0.122730
vn -0.166494 -0.984346 0.057823
vn -0.136854 -0.987137 0.082658
vn -0.342351 -0.931522 0.122730
vn -0.370694 -0.926338 0.066959
vn -0.222151 -0.974348 0.035988
vn -0.166494 -0.984346 0.057823
vn -0.370694 -0.926338 0.066959
vn -0.461914 -0.886423 0.029828
vn -0.266412 -0.963798 0.010840
vn -0.222151 -0.974348 0.035988
vn -0.461914 -0.886423 0.029828
vn -0.549807 -0.834875 -0.026380
vn -0.278978 -0.960196 -0.013954
vn -0.266412 -0.963798 0.010840
vn -0.549807 -0.834875 -0.026380
vn -0.570635 -0.818974 -0.060481
vn -0.093335 -0.995584 -0.010086
vn -0.278978 -0.960196 -0.013954
vn -0.570635 -0.818974 -0.060481
vn -0.603208 -0.792354 -0.091189
vn -0.328450 -0.943159 -0.050703
vn -0.093335 -0.995584 -0.010086
vn -0.603208 -0.792354 -0.091189
vn -0.610898 -0.784325 -0.107882
vn -0.316884 -0.946842 -0.055459
vn -0.328450 -0.943159 -0.050703
vn -0.610898 -0.784325 -0.107882
vn -0.598176 -0.792186 -0.120944
vn -0.143047 -0.989295 -0.028860
vn -0.316884 -0.946842 -0.055459
vn -0.598176 -0.792186 -0.120944
vn -0.557368 -0.818630 -0.138517
vn -0.296000 -0.952363 -0.073410
vn -0.143047 -0.989295 -0.028860
vn -0.557368 -0.818630 -0.138517
vn -0.507631 -0.847215 -0.156645
vn -0.262316 -0.961663 -0.079968
vn -0.296000 -0.952363 -0.073410
vn -0.507631 -0.847215 -0.156645
vn -0.438196 -0.880224 -0.182181
vn -0.232181 -0.968010 -0.095123
vn -0.262316 -0.961663 -0.079968
vn -0.438196 -0.880224 -0.182181
vn -0.365065 -0.908588 -0.202965
vn -0.196283 -0.974491 -0.108812
vn -0.232181 -0.968010 -0.095123
vn -0.365065 -0.908588 -0.202965
vn -0.271513 -0.936239 -0.223020
vn -0.138773 -0.983942 -0.112250
vn -0.196283 -0.974491 -0.108812
vn -0.271513 -0.936239 -0.223020
vn -0.189740 -0.952635 -0.237668
vn -0.100700 -0.987105 -0.124429
vn -0.138773 -0.983942 -0.112250
vn -0.189740 -0.952635 -0.237668
vn -0.114317 -0.963634 -0.241541
vn -0.059578 -0.990138 -0.126794
vn -0.100700 -0.987105 -0.124429
vn -0.114317 -0.963634 -0.241541
vn -0.024553 -0.971752 -0.234723
vn -0.013688 -0.993046 -0.116926
vn -0.059578 -0.990138 -0.126794
vn -0.024553 -0.971752 -0.234723
vn 0.076899 -0.974672 -0.210002
vn 0.023349 -0.993329 -0.112930
vn -0.013688 -0.993046 -0.116926
vn -0.018885 -0.993851 0.109108
vn -0.000904 -0.999985 0.005377
vn -0.003954 -0.999642 0.026451
vn -0.031539 -0.979674 0.198103
vn -0.074340 -0.885854 0.457970
vn -0.086015 -0.872140 0.481637
vn -0.042990 -0.965477 0.256918
vn -0.042990 -0.965477 0.256918
vn -0.031539 -0.979674 0.198103
vn -0.003954 -0.999642 0.026451
vn -0.074340 -0.885854 0.457970
vn 0.985263 -0.000001 0.171044
vn 0.984743 -0.000001 0.174014
vn 0.984743 -0.000001 0.174013
vn 0.987511 -0.006172 0.157426
vn 0.984743 -0.000001 0.174013
vn 0.984743 -0.000001 0.174014
vn 0.984744 -0.000003 0.174012
vn 0.984744 -0.000003 0.174012
vn 0.984743 -0.000001 0.174013
vn 0.984743 -0.000001 0.174013
vn 0.984743 -0.000001 0.174013
vn 0.984743 -0.000001 0.174013
vn 0.984743 0.000000 0.174013
vn 0.984743 0.000000 0.174013
vn 0.984743 -0.000001 0.174013
vn 0.984743 0.000000 0.174013
vn 0.984743 0.000000 0.174014
vn 0.984743 0.000000 0.174014
vn 0.984743 0.000000 0.174013
vn 0.984743 0.000000 0.174014
vn 0.984743 0.000000 0.174014
vn 0.984743 0.000000 0.174014
vn 0.984743 0.000000 0.174014
vn 0.984743 0.000000 0.174014
vn 0.984743 -0.000000 0.174013
vn 0.984744 -0.000000 0.174012
vn 0.984743 0.000000 0.174014
vn 0.984743 -0.000000 0.174013
vn 0.984682 -0.008903 0.174135
vn 0.984713 -0.005675 0.174092
vn 0.984744 -0.000000 0.174012
vn 0.169244 0.008609 -0.985537
vn 0.261497 -0.075169 -0.962273
vn 0.189573 -0.023142 -0.981594
vn 0.169607 0.011412 -0.985446
vn 0.189573 -0.023142 -0.981594
vn 0.394388 -0.415629 -0.819580
vn 0.173001 -0.012517 -0.984842
vn 0.173964 -0.013703 -0.984657
vn 0.170302 0.013357 -0.985301
vn 0.168520 0.010521 -0.985642
vn 0.163041 0.088618 -0.982632
vn 0.169607 0.011412 -0.985446
vn 0.163041 0.088618 -0.982632
vn 0.168520 0.010521 -0.985642
vn 0.164046 0.003412 -0.986447
vn 0.162112 0.001119 -0.986772
vn 0.163041 0.088618 -0.982632
vn 0.162112 0.001119 -0.986772
vn 0.151255 -0.009299 -0.988451
vn 0.163041 0.088618 -0.982632
vn 0.151255 -0.009299 -0.988451
vn 0.146530 -0.013042 -0.989120
vn 0.166047 -0.008067 -0.986085
vn 0.163041 0.088618 -0.982632
vn 0.166047 -0.008067 -0.986085
vn 0.172028 -0.012766 -0.985009
vn 0.128199 -0.037813 -0.991027
vn 0.128199 -0.037813 -0.991027
vn 0.172028 -0.012766 -0.985009
vn 0.168537 -0.080053 -0.982439
vn 0.161536 -0.087582 -0.982973
vn 0.128199 -0.037813 -0.991027
vn 0.161536 -0.087582 -0.982973
vn 0.109153 -0.109310 -0.987996
vn 0.081690 -0.122586 -0.989090
vn 0.109153 -0.109310 -0.987996
vn 0.154924 -0.133031 -0.978929
vn 0.222805 -0.210129 -0.951947
vn 0.189573 -0.023142 -0.981594
vn 0.173964 -0.013703 -0.984657
vn 0.169607 0.011412 -0.985446
vn 0.169244 0.008609 -0.985537
vn 0.169607 0.011412 -0.985446
vn 0.163041 0.088618 -0.982632
vn 0.169244 0.008609 -0.985537
vn 0.163041 0.088618 -0.982632
vn 0.176594 0.096345 -0.979557
vn 0.163041 0.088618 -0.982632
vn 0.166647 0.173899 -0.970561
vn 0.176776 0.102668 -0.978882
vn 0.176594 0.096345 -0.979557
vn 0.166647 0.173899 -0.970561
vn 0.173158 0.237537 -0.955820
vn 0.176776 0.102668 -0.978882
vn 0.173158 0.237537 -0.955820
vn 0.166647 0.173899 -0.970561
vn 0.161262 0.302836 -0.939300
vn 0.172902 0.242914 -0.954514
vn 0.172902 0.242914 -0.954514
vn 0.161262 0.302836 -0.939300
vn 0.165228 0.373937 -0.912618
vn 0.165228 0.373937 -0.912618
vn 0.161262 0.302836 -0.939300
vn 0.150487 0.396748 -0.905508
vn 0.162636 0.388663 -0.906913
vn 0.162636 0.388663 -0.906913
vn 0.150487 0.396748 -0.905508
vn 0.139311 0.522224 -0.841353
vn 0.139311 0.522224 -0.841353
vn 0.151026 0.543473 -0.825729
vn 0.162636 0.388663 -0.906913
vn 0.139311 0.522224 -0.841353
vn 0.134551 0.605715 -0.784223
vn 0.150871 0.546792 -0.823564
vn 0.151026 0.543473 -0.825729
vn 0.134551 0.605715 -0.784223
vn 0.135170 0.658116 -0.740684
vn 0.150871 0.546792 -0.823564
vn 0.086973 0.885992 -0.455471
vn 0.104239 0.819979 -0.562823
vn 0.083419 0.855393 -0.511218
vn 0.084110 0.872250 -0.481774
vn 0.104239 0.819979 -0.562823
vn 0.101688 0.774229 -0.624683
vn 0.083419 0.855393 -0.511218
vn 0.101688 0.774229 -0.624683
vn 0.104239 0.819979 -0.562823
vn 0.117703 0.759969 -0.639214
vn 0.119370 0.706278 -0.697798
vn 0.119370 0.706278 -0.697798
vn 0.117703 0.759969 -0.639214
vn 0.134885 0.659935 -0.739116
vn 0.119370 0.706278 -0.697798
vn 0.134885 0.659935 -0.739116
vn 0.135170 0.658116 -0.740684
vn 0.134551 0.605715 -0.784223
vn 0.065907 -0.875699 -0.478338
vn 0.075377 -0.852911 -0.516586
vn 0.166519 -0.799802 -0.576705
vn 0.166955 -0.879500 -0.445652
vn 0.166519 -0.799802 -0.576705
vn 0.075377 -0.852911 -0.516586
vn 0.080421 -0.783520 -0.616140
vn 0.108571 -0.721523 -0.683825
vn 0.099269 -0.685375 -0.721392
vn 0.119625 -0.608493 -0.784491
vn 0.217162 -0.589774 -0.777822
vn 0.108571 -0.721523 -0.683825
vn 0.119625 -0.608493 -0.784491
vn 0.131031 -0.518466 -0.844999
vn 0.215633 -0.432530 -0.875454
vn 0.217162 -0.589774 -0.777822
vn 0.215633 -0.432530 -0.875454
vn 0.131031 -0.518466 -0.844999
vn 0.129953 -0.410243 -0.902670
vn 0.167117 -0.317180 -0.933525
vn 0.140078 -0.276586 -0.950725
vn 0.146060 -0.212191 -0.966251
vn 0.222805 -0.210129 -0.951947
vn 0.167117 -0.317180 -0.933525
vn 0.222805 -0.210129 -0.951947
vn 0.146060 -0.212191 -0.966251
vn 0.081690 -0.122586 -0.989090
vn 0.000696 -0.999997 -0.002497
vn 0.007982 -0.999863 -0.014515
vn -0.007123 -0.999974 -0.001460
vn -0.040209 -0.999168 -0.006827
vn -0.025957 -0.999651 -0.004854
vn -0.000001 -1.000000 0.000008
vn 0.003347 -0.999994 -0.000730
vn -0.000002 -1.000000 0.000008
vn -0.000002 -1.000000 0.000008
vn -0.003954 -0.999642 0.026451
vn -0.000904 -0.999985 0.005377
vn -0.000001 -1.000000 0.000008
vn -0.025957 -0.999651 -0.004854
vn -0.007123 -0.999974 -0.001460
vn -0.007123 -0.999974 -0.001460
vn -0.017165 -0.999846 -0.003745
vn -0.015973 -0.999863 -0.004442
vn -0.013235 -0.999901 -0.004876
vn 0.013097 -0.999910 -0.002877
vn -0.002123 -0.999998 -0.000224
vn -0.023818 -0.999712 -0.003010
vn -0.040209 -0.999168 -0.006827
vn -0.001975 -0.999997 0.001601
vn -0.003865 -0.999991 0.001916
vn -0.000001 -1.000000 0.000008
vn -0.000680 -0.999999 0.001104
vn -0.000680 -0.999999 0.001104
vn -0.000001 -1.000000 0.000008
vn -0.000002 -1.000000 0.000008
vn -0.000904 -0.999985 0.005377
vn -0.000001 -1.000000 0.000008
vn -0.000001 -1.000000 0.000006
vn -0.000001 -1.000000 0.000006
vn -0.000001 -1.000000 0.000008
vn -0.009533 -0.999954 0.000756
vn -0.014955 -0.999888 -0.000526
vn -0.000001 -1.000000 0.000008
vn -0.000001 -1.000000 0.000008
vn -0.014955 -0.999888 -0.000526
vn -0.012057 -0.999927 -0.001113
vn -0.002123 -0.999998 -0.000224
vn -0.000001 -1.000000 0.000008
vn -0.000001 -1.000000 0.000008
vn -0.003865 -0.999991 0.001916
vn -0.005891 -0.999982 0.001554
vn -0.005891 -0.999982 0.001554
vn -0.008914 -0.999960 0.000914
vn -0.000001 -1.000000 0.000008
vn -0.000001 -1.000000 0.000008
vn -0.000001 -1.000000 0.000008
vn -0.008914 -0.999960 0.000914
vn -0.009533 -0.999954 0.000756
vn -0.000002 -1.000000 0.000008
vn -0.000001 -1.000000 0.000008
vn -0.003954 -0.999642 0.026451
vn -0.003954 -0.999642 0.026451
vn -0.000001 -1.000000 0.000008
vn -0.000001 -1.000000 0.000008
vn -0.000001 -1.000000 0.000008
vn -0.007123 -0.999974 -0.001460
vn -0.013235 -0.999901 -0.004876
vn -0.009383 -0.999946 -0.004527
vn -0.004386 -0.999986 -0.003094
vn 0.000696 -0.999997 -0.002497
vn -0.007123 -0.999974 -0.001460
vn -0.001502 -0.999996 -0.002544
vn -0.000237 -0.999999 -0.001544
vn -0.007123 -0.999974 -0.001460
vn -0.004386 -0.999986 -0.003094
vn -0.002620 -0.999993 -0.002753
vn -0.001502 -0.999996 -0.002544
vn -0.001737 0.999931 0.011628
vn 0.002024 0.999949 -0.009910
vn -0.002412 0.999997 -0.000490
vn -0.002191 0.999998 -0.000400
vn -0.004385 0.999990 -0.001151
vn -0.002412 0.999997 -0.000490
vn 0.002024 0.999949 -0.009910
vn -0.005475 0.999983 -0.001970
vn 0.002769 0.999885 -0.014937
vn -0.002700 0.999992 -0.002831
vn -0.003104 0.999993 -0.002167
vn 0.002024 0.999949 -0.009910
vn 0.002024 0.999949 -0.009910
vn -0.003104 0.999993 -0.002167
vn -0.006045 0.999978 -0.002906
vn -0.005475 0.999983 -0.001970
vn -0.019094 0.999315 -0.031715
vn -0.002700 0.999992 -0.002831
vn 0.002769 0.999885 -0.014937
vn -0.004875 0.999712 -0.023502
vn -0.008121 0.999967 -0.000517
vn -0.009592 0.999954 0.000037
vn -0.001737 0.999931 0.011628
vn -0.001737 0.999931 0.011628
vn -0.009592 0.999954 0.000037
vn -0.005012 0.999987 0.000496
vn -0.001228 0.999972 0.007379
vn -0.001228 0.999972 0.007379
vn -0.005012 0.999987 0.000496
vn -0.023831 0.999695 0.006480
vn -0.017037 0.999819 0.008475
vn -0.001228 0.999972 0.007379
vn -0.017037 0.999819 0.008475
vn -0.028595 0.999313 0.023567
vn -0.011114 0.999732 0.020321
vn 0.000703 -1.000000 -0.000359
vn 0.043345 -0.968569 -0.244941
vn 0.046053 -0.964508 -0.260008
vn 0.046053 -0.964508 -0.260008
vn 0.001089 -0.999999 -0.000388
vn 0.001089 -0.999999 -0.000388
vn 0.000660 -1.000000 -0.000474
vn 0.046053 -0.964508 -0.260008
vn 0.000660 -1.000000 -0.000474
vn 0.000197 -1.000000 -0.000567
vn 0.000307 -1.000000 -0.000522
vn 0.046053 -0.964508 -0.260008
vn 0.000474 -1.000000 -0.000425
vn 0.000873 -1.000000 -0.000185
vn 0.000703 -1.000000 -0.000359
vn 0.000330 -1.000000 -0.000512
vn 0.000474 -1.000000 -0.000425
vn 0.046053 -0.964508 -0.260008
vn 0.000307 -1.000000 -0.000522
vn -0.005814 0.999983 -0.000822
vn -0.325844 0.944787 -0.034688
vn -0.008121 0.999967 -0.000517
vn -0.002191 0.999998 -0.000400
vn -0.341898 0.938274 -0.052413
vn -0.005814 0.999983 -0.000822
vn 0.140078 -0.276586 -0.950725
vn 0.129953 -0.410243 -0.902670
vn -0.047385 -0.396387 -0.916860
vn -0.040291 -0.287221 -0.957017
vn 0.099269 -0.685375 -0.721392
vn 0.108571 -0.721523 -0.683825
vn 0.080421 -0.783520 -0.616140
vn -0.956914 -0.214164 -0.196085
vn -0.946993 -0.240125 -0.213413
vn -0.772576 -0.604268 -0.194902
vn -0.817832 -0.550732 -0.166867
vn -0.984179 -0.014580 -0.176579
vn -0.984563 -0.003422 -0.174995
vn -0.953867 -0.189817 -0.232609
vn -0.984179 -0.014580 -0.176579
vn -0.953867 -0.189817 -0.232609
vn -0.946993 -0.240125 -0.213413
vn -0.956914 -0.214164 -0.196085
vn -0.154891 0.216750 0.963861
vn 0.221263 0.200304 0.954422
vn -0.165800 0.220358 0.961225
vn -0.982871 0.000000 -0.184296
vn -0.983142 0.000605 -0.182844
vn -0.984527 -0.001956 -0.175225
vn -0.984744 0.000000 -0.174012
vn -0.992174 0.013156 -0.124169
vn -0.991735 0.013800 -0.127562
vn -0.967611 0.239918 0.078535
vn -0.890421 0.402153 0.213128
vn -0.940368 0.324045 0.103457
vn -0.939031 0.328004 0.103123
vn -0.866532 0.461391 0.190372
vn -0.849115 0.493305 0.188823
vn 0.113254 0.759237 -0.640884
vn 0.093481 0.749159 -0.655761
vn 0.082556 0.807013 -0.584734
vn 0.081746 0.822686 -0.562587
vn 0.080366 0.833784 -0.546210
vn 0.083866 0.876870 -0.473356
vn -0.984744 0.000000 -0.174012
vn -0.976237 -0.042966 -0.212403
vn -0.981634 -0.019449 -0.189781
vn -0.984976 0.000775 -0.172687
vn -0.990733 0.135744 0.004586
vn -0.984956 0.001051 -0.172801
vn 0.175116 0.008697 -0.984509
vn 0.174834 0.111440 -0.978271
vn 0.334759 0.100020 -0.936980
vn 0.383745 0.004565 -0.923428
vn 0.692722 -0.008089 -0.721159
vn 0.691032 0.078516 -0.718547
vn 0.822771 0.065421 -0.564595
vn 0.826978 -0.007162 -0.562189
vn 0.915191 0.049773 -0.399934
vn 0.977457 0.031986 -0.208700
vn 0.978816 -0.003681 -0.204709
vn 0.916626 -0.005520 -0.399708
vn 0.978816 -0.003681 -0.204709
vn 0.977566 -0.047089 -0.205296
vn 0.915727 -0.071646 -0.395361
vn 0.916626 -0.005520 -0.399708
vn 0.977457 0.031986 -0.208700
vn 0.999892 0.014504 0.002418
vn 0.999501 -0.002743 -0.031464
vn 0.978816 -0.003681 -0.204709
vn 0.999501 -0.002743 -0.031464
vn 0.999892 0.014504 0.002418
vn 0.985666 -0.000112 0.168709
vn 0.985028 0.002402 0.172380
vn 0.982088 0.175970 0.067368
vn 0.985032 0.004149 0.172322
vn 0.985343 0.002564 0.170565
vn 0.991019 0.133094 0.012977
vn 0.985214 0.003097 0.171303
vn 0.985191 0.000800 0.171460
vn 0.997089 0.071844 -0.025535
vn 0.985843 0.003431 0.167634
vn 0.985707 -0.001627 0.168464
vn 0.985460 -0.001930 0.169898
vn 0.996581 -0.082439 -0.005400
vn 0.998392 -0.054499 -0.015587
vn 0.960710 -0.249567 -0.121463
vn 0.991359 -0.128759 0.025070
vn 0.989623 -0.133176 0.053956
vn 0.955316 -0.281672 -0.089623
vn 0.985014 -0.002076 0.172461
vn 0.985326 -0.004712 0.170616
vn 0.988021 -0.136909 0.071209
vn 0.955316 -0.281672 -0.089623
vn 0.989623 -0.133176 0.053956
vn 0.988021 -0.136909 0.071209
vn 0.949111 -0.307903 -0.066218
vn 0.985666 -0.000112 0.168709
vn 0.985248 0.000590 0.171133
vn 0.984743 -0.000000 0.174013
vn 0.984743 0.000000 0.174013
s off
g left_hip_pitch_link:Mesh
usemtl initialShadingGroup
f 1//1 274//2 2//3 3//4
f 6//5 7//6 8//7 207//8
f 9//9 38//10 10//11 11//12
f 13//13 15//14 14//15 12//16
f 16//17 29//18 17//19 18//20
f 18//21 17//22 19//23 20//24
f 20//25 19//26 21//27
f 21//28 22//29 15//30 20//31
f 15//32 22//33 14//34
f 23//35 34//36 24//37 25//38
f 25//39 24//40 26//41 27//42
f 26//43 283//44 28//45 27//46
f 27//47 28//48 29//49
f 30//50 31//51 32//52 37//53
f 32//54 31//55 33//56 23//57
f 23//58 33//59 34//60
f 36//61 37//62 32//63 35//64
f 38//65 39//66 10//67
f 39//68 41//69 40//70 10//71
f 40//72 41//73 35//74
f 41//75 42//76 35//77
f 35//78 42//79 36//80
f 44//81 46//82 45//83 43//84
f 46//85 47//86 11//87 45//88
f 11//89 47//90 9//91
f 49//92 51//93 50//94 48//95
f 51//96 52//97 43//98 50//99
f 43//100 52//101 44//102
f 53//103 63//104 54//105 55//106
f 55//107 54//108 56//109
f 56//110 57//111 48//112 55//113
f 48//114 57//115 49//116
f 58//117 59//118 60//119 61//120
f 58//121 61//122 62//123
f 62//124 63//125 53//126 58//127
f 64//128 65//129 66//130 148//131
f 66//132 65//133 67//134
f 67//135 65//136 68//137 69//138
f 69//139 68//140 70//141 71//142
f 70//143 73//144 72//145 71//146
f 72//147 73//148 74//149
f 73//150 76//151 75//152 74//153
f 76//154 80//155 77//156 75//157
f 79//158 80//159 76//160 78//161
f 81//162 82//163 78//164 89//165
f 78//166 82//167 83//168 79//169
f 84//170 85//171 86//172
f 86//173 85//174 87//175 88//176
f 88//177 87//178 81//179 89//180
f 86//181 91//182 90//183 84//184
f 90//185 91//186 92//187 470//188
f 92//189 91//190 93//191 94//192
f 95//193 96//194 97//195 103//196
f 96//197 472//198 98//199 97//200
f 98//201 99//202 93//203 97//204
f 99//205 471//206 94//207 93//208
f 100//209 107//210 101//211 102//212
f 102//213 101//214 95//215 103//216
f 104//217 112//218 105//219 106//220
f 106//221 105//222 100//223
f 100//224 105//225 107//226
f 109//227 108//228 110//229 111//230
f 111//231 110//232 112//233 104//234
f 109//235 114//236 113//237 108//238
f 114//239 116//240 115//241 113//242
f 116//243 118//244 117//245 115//246
f 118//247 119//248 117//249
f 7//250 6//251 120//252 121//253
f 120//254 119//255 118//256 121//257
f 122//258 129//259 123//260 124//261
f 123//262 285//263 125//264 124//265
f 124//266 125//267 126//268 177//269
f 127//270 128//271 122//272 130//273
f 122//274 128//275 129//276
f 127//277 130//278 131//279
f 131//280 170//281 132//282 133//283
f 133//284 132//285 134//286 135//287
f 135//288 136//289 847//290
f 136//291 134//292 137//293 138//294
f 138//295 139//296 847//297
f 139//298 137//299 140//300
f 139//301 140//302 141//303 832//304
f 142//305 143//306 144//307 141//308
f 143//309 146//310 145//311 144//312
f 145//313 146//314 147//315
f 64//316 148//317 149//318 150//319
f 150//320 149//321 151//322 152//323
f 59//324 58//325 154//326 153//327
f 58//328 53//329 155//330 154//331
f 53//332 55//333 156//334 155//335
f 55//336 48//337 157//338 156//339
f 48//340 50//341 158//342 157//343
f 50//344 43//345 159//346 158//347
f 43//348 45//349 160//350 159//351
f 45//352 11//353 161//354 160//355
f 11//356 10//357 162//358 161//359
f 10//360 40//361 163//362 162//363
f 40//364 35//365 164//366 163//367
f 35//368 32//369 165//370 164//371
f 32//372 23//373 166//374 165//375
f 23//376 25//377 167//378 166//379
f 25//380 27//381 168//382 167//383
f 27//384 29//385 16//386 168//387
f 17//388 29//389 28//390 283//391
f 170//392 172//393 171//394 169//395
f 172//396 174//397 173//398 171//399
f 174//400 176//401 175//402 173//403
f 176//404 177//405 5//406 175//407
f 177//408 178//409 4//410 5//411
f 142//412 141//413 140//414
f 140//415 137//416 179//417 142//418
f 137//419 134//420 180//421 179//422
f 134//423 132//424 181//425 180//426
f 132//427 170//428 169//429 181//430
f 131//431 130//432 172//433 170//434
f 130//435 122//436 174//437 172//438
f 122//439 124//440 176//441 174//442
f 176//443 124//444 177//445
f 177//446 126//447 178//448
f 153//449 154//450 3//451 2//452
f 154//453 155//454 182//455 3//456
f 155//457 156//458 183//459 182//460
f 156//461 157//462 184//463 183//464
f 157//465 158//466 185//467 184//468
f 158//469 159//470 186//471 185//472
f 159//473 160//474 187//475 186//476
f 160//477 161//478 188//479 187//480
f 161//481 162//482 189//483 188//484
f 162//485 163//486 190//487 189//488
f 163//489 164//490 191//491 190//492
f 164//493 165//494 192//495 191//496
f 165//497 166//498 193//499 192//500
f 166//501 167//502 194//503 193//504
f 167//505 168//506 195//507 194//508
f 168//509 16//510 196//511 195//512
f 16//513 18//514 197//515 196//516
f 18//517 20//518 198//519 197//520
f 20//521 15//522 199//523 198//524
f 15//525 13//526 146//527 199//528
f 13//529 12//530 147//531 146//532
f 200//533 201//534 202//535 209//536
f 201//537 204//538 203//539 202//540
f 204//541 206//542 205//543 203//544
f 206//545 207//546 8//547 205//548
f 209//549 202//550 208//551
f 1//552 3//553 150//554 152//555
f 3//556 182//557 64//558 150//559
f 182//560 183//561 65//562 64//563
f 183//564 184//565 68//566 65//567
f 184//568 185//569 70//570 68//571
f 185//572 186//573 73//574 70//575
f 186//576 187//577 76//578 73//579
f 187//580 188//581 78//582 76//583
f 188//584 189//585 89//586 78//587
f 189//588 190//589 88//590 89//591
f 190//592 191//593 86//594 88//595
f 191//596 192//597 91//598 86//599
f 192//600 193//601 93//602 91//603
f 193//604 194//605 97//606 93//607
f 194//608 195//609 103//610 97//611
f 195//612 196//613 102//614 103//615
f 196//616 197//617 100//618 102//619
f 197//620 198//621 106//622 100//623
f 198//624 199//625 104//626 106//627
f 199//628 146//629 111//630 104//631
f 146//632 143//633 109//634 111//635
f 143//636 142//637 114//638 109//639
f 142//640 179//641 116//642 114//643
f 179//644 180//645 118//646 116//647
f 180//648 181//649 121//650 118//651
f 181//652 169//653 7//654 121//655
f 169//656 171//657 8//658 7//659
f 171//660 173//661 205//662 8//663
f 173//664 175//665 203//666 205//667
f 175//668 5//669 202//670 203//671
f 5//672 4//673 208//674 202//675
f 210//676 211//677 212//678 220//679
f 213//680 684//681 214//682 215//683
f 216//684 689//685 217//686 218//687
f 216//688 218//689 219//690
f 221//691 222//692 223//693
f 220//694 212//695 221//696 223//697
f 212//698 225//699 224//700 221//701
f 224//702 225//703 226//704
f 226//705 225//706 227//707 232//708
f 228//709 229//710 230//711 267//712
f 230//713 229//714 231//715 232//716
f 233//717 239//718 234//719 235//720
f 235//721 234//722 236//723 266//724
f 237//725 238//726 239//727 233//728
f 238//729 237//730 240//731
f 240//732 237//733 241//734 242//735
f 242//736 241//737 243//738 244//739
f 60//740 59//741 245//742
f 245//743 59//744 246//745 247//746
f 247//747 246//748 248//749
f 246//750 250//751 249//752 248//753
f 250//754 253//755 251//756 249//757
f 252//758 253//759 250//760 254//761
f 252//762 254//763 255//764 256//765
f 257//766 258//767 259//768 263//769
f 258//770 296//771 260//772 259//773
f 260//774 261//775 255//776 259//777
f 255//778 261//779 256//780
f 218//781 299//782 262//783 219//784
f 219//785 262//786 257//787 263//788
f 213//789 215//790 212//791 211//792
f 215//793 264//794 225//795 212//796
f 264//797 265//798 227//799 225//800
f 266//801 236//802 228//803 267//804
f 267//805 230//806 268//807
f 268//808 230//809 232//810 227//811
f 266//812 267//813 270//814 269//815
f 267//816 268//817 265//818 270//819
f 265//820 268//821 227//822
f 233//823 235//824 269//825 271//826
f 269//827 235//828 266//829
f 228//830 236//831 272//832 229//833
f 151//834 244//835 273//836
f 273//837 244//838 243//839 274//840
f 274//841 243//842 241//843
f 241//844 237//845 271//846 274//847
f 271//848 237//849 233//850
f 216//851 219//852 276//853 275//854
f 219//855 263//856 277//857 276//858
f 263//859 259//860 278//861 277//862
f 259//863 255//864 279//865 278//866
f 255//867 254//868 280//869 279//870
f 254//871 250//872 281//873 280//874
f 250//875 246//876 282//877 281//878
f 246//879 59//880 153//881 282//882
f 2//883 274//884 282//885 153//886
f 274//887 271//888 281//889 282//890
f 271//891 269//892 280//893 281//894
f 269//895 270//896 279//897 280//898
f 270//899 265//900 278//901 279//902
f 265//903 264//904 277//905 278//906
f 264//907 215//908 276//909 277//910
f 215//911 214//912 275//913 276//914
f 151//915 273//916 152//917
f 152//918 273//919 274//920 1//921
f 283//922 22//923 21//924
f 24//925 34//926 283//927 26//928
f 283//929 34//930 33//931 327//932
f 19//933 17//934 283//935 21//936
f 284//937 285//938 842//939
f 123//940 129//941 286//942 285//943
f 287//944 288//945 289//946 587//947
f 288//948 126//949 125//950 289//951
f 291//952 562//953 292//954 290//955
f 290//956 293//957 510//958
f 292//959 562//960 294//961 295//962
f 258//963 257//964 297//965 296//966
f 257//967 262//968 298//969 297//970
f 298//971 299//972 835//973
f 218//974 217//975 300//976 299//977
f 300//978 217//979 301//980
f 217//981 679//982 302//983 301//984
f 301//985 302//986 303//987
f 305//988 307//989 306//990 304//991
f 309//992 310//993 306//994 308//995
f 306//996 310//997 295//998 552//999
f 310//1000 831//1001 301//1002 295//1003
f 295//1004 301//1005 292//1006
f 292//1007 301//1008 303//1009 293//1010
f 311//1011 312//1012 306//1013 307//1014
f 306//1015 312//1016 308//1017
f 296//1018 313//1019 261//1020 260//1021
f 313//1022 314//1023 256//1024 261//1025
f 314//1026 315//1027 252//1028 256//1029
f 252//1030 315//1031 253//1032
f 317//1033 318//1034 289//1035 316//1036
f 289//1037 318//1038 319//1039 326//1040
f 320//1041 321//1042 125//1043 284//1044
f 321//1045 322//1046 289//1047 125//1048
f 289//1049 322//1050 323//1051
f 324//1052 325//1053 289//1054 323//1055
f 289//1056 325//1057 316//1058
f 306//1059 326//1060 319//1061 304//1062
f 31//1063 30//1064 327//1065 33//1066
f 14//1067 22//1068 328//1069 12//1070
f 22//1071 283//1072 327//1073 328//1074
f 36//1075 329//1076 37//1077
f 37//1078 329//1079 327//1080 30//1081
f 328//1082 330//1083 147//1084 12//1085
f 330//1086 144//1087 145//1088 147//1089
f 331//1090 332//1091 333//1092 388//1093
f 334//1094 335//1095 336//1096 333//1097
f 337//1098 338//1099 339//1100
f 340//1101 341//1102 342//1103 343//1104
f 343//1105 342//1106 344//1107 345//1108
f 345//1109 344//1110 346//1111 347//1112
f 347//1113 346//1114 348//1115 349//1116
f 349//1117 348//1118 350//1119 351//1120
f 351//1121 350//1122 352//1123 353//1124
f 353//1125 352//1126 354//1127 355//1128
f 339//1129 356//1130 340//1131 337//1132
f 340//1133 356//1134 341//1135
f 357//1136 341//1137 356//1138
f 339//1139 358//1140 804//1141
f 358//1142 338//1143 359//1144
f 359//1145 361//1146 360//1147 358//1148
f 361//1149 363//1150 362//1151 360//1152
f 362//1153 364//1154 803//1155
f 364//1156 363//1157 365//1158
f 365//1159 367//1160 366//1161 364//1162
f 366//1163 367//1164 368//1165
f 366//1166 369//1167 807//1168
f 369//1169 368//1170 370//1171
f 370//1172 372//1173 371//1174 369//1175
f 371//1176 372//1177 373//1178
f 373//1179 375//1180 374//1181 371//1182
f 375//1183 333//1184 336//1185 374//1186
f 334//1187 333//1188 332//1189
f 376//1190 377//1191 338//1192 337//1193
f 377//1194 378//1195 359//1196 338//1197
f 378//1198 379//1199 361//1200 359//1201
f 379//1202 380//1203 363//1204 361//1205
f 380//1206 381//1207 365//1208 363//1209
f 381//1210 382//1211 367//1212 365//1213
f 382//1214 383//1215 368//1216 367//1217
f 383//1218 384//1219 370//1220 368//1221
f 384//1222 385//1223 372//1224 370//1225
f 385//1226 386//1227 373//1228 372//1229
f 386//1230 387//1231 375//1232 373//1233
f 387//1234 388//1235 333//1236 375//1237
f 389//1238 390//1239 377//1240 376//1241
f 390//1242 391//1243 378//1244 377//1245
f 391//1246 392//1247 379//1248 378//1249
f 392//1250 393//1251 380//1252 379//1253
f 393//1254 394//1255 381//1256 380//1257
f 394//1258 395//1259 382//1260 381//1261
f 395//1262 396//1263 383//1264 382//1265
f 396//1266 397//1267 384//1268 383//1269
f 397//1270 398//1271 385//1272 384//1273
f 398//1274 399//1275 386//1276 385//1277
f 399//1278 400//1279 387//1280 386//1281
f 400//1282 401//1283 388//1284 387//1285
f 401//1286 402//1287 331//1288 388//1289
f 403//1290 404//1291 390//1292 389//1293
f 404//1294 405//1295 391//1296 390//1297
f 405//1298 406//1299 392//1300 391//1301
f 406//1302 407//1303 393//1304 392//1305
f 407//1306 408//1307 394//1308 393//1309
f 408//1310 409//1311 395//1312 394//1313
f 409//1314 410//1315 396//1316 395//1317
f 410//1318 411//1319 397//1320 396//1321
f 411//1322 412//1323 398//1324 397//1325
f 412//1326 413//1327 399//1328 398//1329
f 413//1330 414//1331 400//1332 399//1333
f 414//1334 415//1335 401//1336 400//1337
f 415//1338 416//1339 402//1340 401//1341
f 417//1342 418//1343 404//1344 403//1345
f 418//1346 419//1347 405//1348 404//1349
f 419//1350 420//1351 406//1352 405//1353
f 420//1354 421//1355 407//1356 406//1357
f 421//1358 422//1359 408//1360 407//1361
f 422//1362 423//1363 409//1364 408//1365
f 423//1366 424//1367 410//1368 409//1369
f 424//1370 425//1371 411//1372 410//1373
f 425//1374 426//1375 412//1376 411//1377
f 426//1378 427//1379 413//1380 412//1381
f 427//1382 428//1383 414//1384 413//1385
f 428//1386 429//1387 415//1388 414//1389
f 429//1390 430//1391 416//1392 415//1393
f 431//1394 432//1395 418//1396 417//1397
f 432//1398 433//1399 419//1400 418//1401
f 433//1402 434//1403 420//1404 419//1405
f 434//1406 435//1407 421//1408 420//1409
f 435//1410 436//1411 422//1412 421//1413
f 436//1414 437//1415 423//1416 422//1417
f 437//1418 438//1419 424//1420 423//1421
f 438//1422 439//1423 425//1424 424//1425
f 439//1426 440//1427 426//1428 425//1429
f 440//1430 441//1431 427//1432 426//1433
f 441//1434 442//1435 428//1436 427//1437
f 442//1438 443//1439 429//1440 428//1441
f 443//1442 444//1443 430//1444 429//1445
f 344//1446 1696//1447 446//1448 346//1449
f 348//1450 664//1451 447//1452 350//1453
f 350//1454 447//1455 448//1456 352//1457
f 354//1458 663//1459 151//1460 149//1461
f 449//1462 450//1463 432//1464 431//1465
f 432//1466 450//1467 433//1468
f 450//1469 462//1470 451//1471 433//1472
f 433//1473 451//1474 434//1475
f 451//1476 463//1477 452//1478 434//1479
f 452//1480 453//1481 435//1482 434//1483
f 453//1484 454//1485 436//1486 435//1487
f 436//1488 454//1489 437//1490
f 454//1491 466//1492 455//1493 437//1494
f 455//1495 456//1496 438//1497 437//1498
f 456//1499 457//1500 439//1501 438//1502
f 439//1503 457//1504 440//1505
f 457//1506 469//1507 458//1508 440//1509
f 458//1510 459//1511 441//1512 440//1513
f 459//1514 460//1515 442//1516 441//1517
f 442//1518 460//1519 443//1520
f 460//1521 472//1522 461//1523 443//1524
f 461//1525 473//1526 444//1527 443//1528
f 337//1529 340//1530 343//1531 376//1532
f 376//1533 343//1534 345//1535 389//1536
f 389//1537 345//1538 347//1539 403//1540
f 403//1541 347//1542 349//1543 417//1544
f 417//1545 349//1546 351//1547 431//1548
f 431//1549 351//1550 353//1551
f 353//1552 355//1553 449//1554 431//1555
f 355//1556 462//1557 450//1558 449//1559
f 451//1560 462//1561 463//1562
f 452//1563 463//1564 464//1565
f 464//1566 465//1567 453//1568 452//1569
f 465//1570 466//1571 454//1572 453//1573
f 455//1574 466//1575 467//1576
f 467//1577 468//1578 456//1579 455//1580
f 468//1581 469//1582 457//1583 456//1584
f 458//1585 469//1586 470//1587
f 470//1588 471//1589 459//1590 458//1591
f 471//1592 472//1593 460//1594 459//1595
f 461//1596 472//1597 473//1598
f 474//1599 475//1600 476//1601 480//1602
f 477//1603 478//1604 479//1605
f 478//1606 474//1607 480//1608 479//1609
f 480//1610 482//1611 481//1612 479//1613
f 483//1614 484//1615 481//1616 494//1617
f 481//1618 484//1619 485//1620 479//1621
f 479//1622 485//1623 486//1624 477//1625
f 487//1626 492//1627 488//1628 489//1629
f 489//1630 488//1631 476//1632 490//1633
f 490//1634 476//1635 475//1636 491//1637
f 492//1638 493//1639 482//1640 488//1641
f 482//1642 480//1643 476//1644 488//1645
f 493//1646 494//1647 481//1648 482//1649
f 483//1650 494//1651 495//1652
f 496//1653 497//1654 288//1655 287//1656
f 288//1657 497//1658 498//1659
f 200//1660 209//1661 500//1662 499//1663
f 501//1664 502//1665 208//1666 4//1667
f 208//1668 502//1669 500//1670 209//1671
f 126//1672 288//1673 498//1674 503//1675
f 503//1676 575//1677 504//1678 126//1679
f 504//1680 501//1681 178//1682 126//1683
f 178//1684 501//1685 4//1686
f 505//1687 499//1688 506//1689
f 506//1690 499//1691 500//1692 507//1693
f 507//1694 500//1695 502//1696 508//1697
f 508//1698 502//1699 501//1700 509//1701
f 509//1702 501//1703 504//1704
f 293//1705 512//1706 511//1707 510//1708
f 511//1709 512//1710 513//1711 522//1712
f 514//1713 515//1714 516//1715 817//1716
f 516//1717 515//1718 517//1719 518//1720
f 519//1721 520//1722 521//1723
f 521//1724 520//1725 511//1726 522//1727
f 523//1728 524//1729 525//1730 545//1731
f 527//1732 528//1733 518//1734 526//1735
f 518//1736 528//1737 516//1738
f 524//1739 549//1740 529//1741 525//1742
f 525//1743 529//1744 519//1745 530//1746
f 530//1747 519//1748 521//1749 531//1750
f 532//1751 533//1752 526//1753 541//1754
f 526//1755 533//1756 534//1757 527//1758
f 535//1759 536//1760 530//1761 531//1762
f 536//1763 538//1764 537//1765 530//1766
f 537//1767 538//1768 539//1769
f 538//1770 222//1771 540//1772 539//1773
f 540//1774 541//1775 526//1776 539//1777
f 542//1778 543//1779 544//1780
f 544//1781 543//1782 523//1783 545//1784
f 546//1785 547//1786 548//1787
f 529//1788 549//1789 546//1790 550//1791
f 550//1792 546//1793 548//1794 551//1795
f 306//1796 552//1797 553//1798 554//1799
f 555//1800 556//1801 557//1802
f 556//1803 560//1804 554//1805 557//1806
f 558//1807 588//1808 306//1809 559//1810
f 559//1811 306//1812 554//1813 560//1814
f 561//1815 552//1816 295//1817 564//1818
f 294//1819 562//1820 563//1821
f 563//1822 564//1823 295//1824 294//1825
f 566//1826 565//1827 695//1828 694//1829
f 697//1830 570//1831 571//1832 696//1833
f 528//1834 571//1835 516//1836
f 357//1837 568//1838 692//1839 1697//1840
f 572//1841 573//1842 574//1843 662//1844
f 504//1845 575//1846 576//1847
f 576//1848 577//1849 509//1850 504//1851
f 577//1852 583//1853 508//1854 509//1855
f 579//1856 581//1857 580//1858 578//1859
f 580//1860 581//1861 582//1862 747//1863
f 582//1864 581//1865 505//1866
f 582//1867 505//1868 506//1869 507//1870
f 508//1871 583//1872 582//1873 507//1874
f 584//1875 585//1876 574//1877 573//1878
f 585//1879 586//1880 580//1881 574//1882
f 580//1883 586//1884 578//1885
f 289//1886 326//1887 587//1888
f 326//1889 306//1890 588//1891 587//1892
f 573//1893 823//1894 491//1895 589//1896
f 591//1897 573//1898 589//1899 590//1900
f 593//1901 601//1902 594//1903 592//1904
f 595//1905 596//1906 597//1907
f 599//1908 594//1909 600//1910 598//1911
f 600//1912 594//1913 601//1914
f 603//1915 605//1916 604//1917 602//1918
f 604//1919 605//1920 606//1921 651//1922
f 607//1923 608//1924 609//1925
f 610//1926 611//1927 612//1928 595//1929
f 612//1930 611//1931 613//1932 614//1933
f 616//1934 618//1935 617//1936 615//1937
f 618//1938 640//1939 619//1940 617//1941
f 621//1942 623//1943 622//1944 620//1945
f 623//1946 624//1947 615//1948 622//1949
f 615//1950 624//1951 616//1952
f 626//1953 628//1954 627//1955 625//1956
f 628//1957 629//1958 622//1959 627//1960
f 622//1961 629//1962 598//1963 638//1964
f 598//1965 629//1966 630//1967 599//1968
f 496//1969 632//1970 594//1971 631//1972
f 594//1973 632//1974 592//1975
f 633//1976 634//1977 635//1978 641//1979
f 637//1980 638//1981 598//1982 636//1983
f 622//1984 638//1985 639//1986 620//1987
f 619//1988 640//1989 633//1990 641//1991
f 627//1992 642//1993 606//1994 625//1995
f 606//1996 642//1997 643//1998
f 608//1999 645//2000 644//2001 609//2002
f 644//2003 645//2004 646//2005 603//2006
f 644//2007 603//2008 602//2009 597//2010
f 597//2011 602//2012 610//2013 595//2014
f 648//2015 649//2016 613//2017 647//2018
f 613//2019 649//2020 614//2021
f 650//2022 651//2023 606//2024 643//2025
f 652//2026 653//2027 496//2028 631//2029
f 653//2030 654//2031 497//2032 496//2033
f 655//2034 656//2035 654//2036 661//2037
f 657//2038 658//2039 654//2040 656//2041
f 654//2042 658//2043 497//2044
f 609//2045 660//2046 659//2047 607//2048
f 660//2049 661//2050 654//2051 659//2052
f 553//2053 552//2054 638//2055 637//2056
f 552//2057 561//2058 639//2059 638//2060
f 639//2061 561//2062 620//2063
f 620//2064 561//2065 564//2066 621//2067
f 621//2068 564//2069 563//2070 623//2071
f 563//2072 562//2073 624//2074 623//2075
f 562//2076 291//2077 616//2078 624//2079
f 616//2080 291//2081 618//2082
f 597//2083 514//2084 662//2085 644//2086
f 618//2087 291//2088 290//2089 640//2090
f 595//2091 517//2092 515//2093 596//2094
f 596//2095 515//2096 514//2097 597//2098
f 517//2099 595//2100 612//2101 518//2102
f 518//2103 612//2104 614//2105 526//2106
f 640//2107 290//2108 510//2109 633//2110
f 529//2111 619//2112 641//2113 519//2114
f 519//2115 641//2116 635//2117 520//2118
f 520//2119 635//2120 634//2121 511//2122
f 511//2123 634//2124 633//2125 510//2126
f 550//2127 617//2128 619//2129 529//2130
f 642//2131 627//2132 547//2133 546//2134
f 627//2135 622//2136 548//2137 547//2138
f 622//2139 615//2140 551//2141 548//2142
f 615//2143 617//2144 550//2145 551//2146
f 523//2147 651//2148 650//2149 524//2150
f 524//2151 650//2152 643//2153 549//2154
f 549//2155 643//2156 642//2157 546//2158
f 611//2159 610//2160 544//2161 545//2162
f 610//2163 602//2164 542//2165 544//2166
f 602//2167 604//2168 543//2169 542//2170
f 604//2171 651//2172 523//2173 543//2174
f 525//2175 613//2176 611//2177 545//2178
f 526//2179 614//2180 649//2181 539//2182
f 539//2183 649//2184 648//2185 537//2186
f 537//2187 648//2188 647//2189 530//2190
f 530//2191 647//2192 613//2193 525//2194
f 447//2195 448//2196 664//2197
f 664//2198 448//2199 447//2200
f 151//2201 663//2202 665//2203 244//2204
f 244//2205 665//2206 666//2207 242//2208
f 242//2209 666//2210 667//2211 240//2212
f 668//2213 234//2214 239//2215
f 239//2216 238//2217 669//2218 668//2219
f 238//2220 240//2221 667//2222 669//2223
f 668//2224 670//2225 236//2226 234//2227
f 670//2228 671//2229 272//2230 236//2231
f 671//2232 672//2233 229//2234 272//2235
f 672//2236 673//2237 231//2238 229//2239
f 673//2240 674//2241 232//2242 231//2243
f 674//2244 675//2245 226//2246 232//2247
f 675//2248 221//2249 224//2250 226//2251
f 222//2252 221//2253 675//2254 676//2255
f 499//2256 505//2257 581//2258 677//2259
f 677//2260 678//2261 499//2262
f 499//2263 678//2264 486//2265 200//2266
f 303//2267 302//2268 679//2269 680//2270
f 293//2271 303//2272 680//2273 512//2274
f 512//2275 680//2276 681//2277 513//2278
f 681//2279 686//2280 522//2281 513//2282
f 538//2283 536//2284 223//2285 222//2286
f 536//2287 535//2288 220//2289 223//2290
f 210//2291 682//2292 211//2293
f 211//2294 682//2295 683//2296 213//2297
f 213//2298 683//2299 684//2300
f 531//2301 521//2302 685//2303
f 685//2304 521//2305 522//2306 686//2307
f 681//2308 680//2309 687//2310 686//2311
f 680//2312 679//2313 688//2314 687//2315
f 688//2316 679//2317 217//2318 689//2319
f 689//2320 216//2321 688//2322
f 688//2323 216//2324 275//2325 687//2326
f 687//2327 275//2328 214//2329 686//2330
f 686//2331 214//2332 684//2333
f 684//2334 683//2335 685//2336 686//2337
f 683//2338 682//2339 531//2340 685//2341
f 531//2342 682//2343 535//2344
f 535//2345 682//2346 210//2347 220//2348
f 540//2349 222//2350 676//2351 710//2352
f 670//2353 668//2354 690//2355 671//2356
f 672//2357 671//2358 691//2359 673//2360
f 568//2361 567//2362 693//2363 692//2364
f 696//2365 528//2366 527//2367
f 696//2368 527//2369 534//2370 700//2371
f 565//2372 569//2373 698//2374 695//2375
f 698//2376 569//2377 570//2378 697//2379
f 1697//2380 692//2381 717//2382 445//2383
f 700//2384 702//2385 701//2386 699//2387
f 702//2388 704//2389 703//2390 701//2391
f 704//2392 706//2393 705//2394 703//2395
f 706//2396 708//2397 707//2398 705//2399
f 708//2400 710//2401 709//2402 707//2403
f 699//2404 701//2405 712//2406 711//2407
f 701//2408 703//2409 713//2410 712//2411
f 703//2412 705//2413 714//2414 713//2415
f 705//2416 707//2417 715//2418 714//2419
f 707//2420 709//2421 716//2422 715//2423
f 717//2424 692//2425 693//2426 718//2427
f 718//2428 720//2429 719//2430 717//2431
f 720//2432 722//2433 721//2434 719//2435
f 722//2436 724//2437 723//2438 721//2439
f 724//2440 726//2441 725//2442 723//2443
f 726//2444 728//2445 727//2446 725//2447
f 716//2448 709//2449 675//2450 674//2451
f 709//2452 710//2453 676//2454 675//2455
f 540//2456 710//2457 708//2458 541//2459
f 541//2460 708//2461 706//2462 532//2463
f 532//2464 706//2465 704//2466
f 704//2467 702//2468 533//2469 532//2470
f 702//2471 700//2472 534//2473 533//2474
f 674//2475 673//2476 716//2477
f 716//2478 673//2479 691//2480 715//2481
f 715//2482 691//2483 729//2484
f 729//2485 730//2486 714//2487 715//2488
f 730//2489 731//2490 713//2491 714//2492
f 731//2493 732//2494 712//2495 713//2496
f 732//2497 733//2498 711//2499 712//2500
f 733//2501 695//2502 698//2503 711//2504
f 691//2505 671//2506 690//2507 729//2508
f 729//2509 690//2510 734//2511
f 734//2512 735//2513 730//2514 729//2515
f 735//2516 736//2517 731//2518 730//2519
f 736//2520 737//2521 732//2522 731//2523
f 737//2524 738//2525 733//2526 732//2527
f 738//2528 694//2529 695//2530 733//2531
f 690//2532 668//2533 728//2534 734//2535
f 734//2536 728//2537 726//2538
f 726//2539 724//2540 735//2541 734//2542
f 724//2543 722//2544 736//2545 735//2546
f 722//2547 720//2548 737//2549 736//2550
f 720//2551 718//2552 738//2553 737//2554
f 718//2555 693//2556 694//2557 738//2558
f 669//2559 667//2560 728//2561 668//2562
f 667//2563 666//2564 727//2565 728//2566
f 727//2567 666//2568 665//2569
f 1696//2570 719//2571 721//2572 446//2573
f 446//2574 721//2575 723//2576 664//2577
f 664//2578 723//2579 725//2580 447//2581
f 447//2582 725//2583 727//2584 448//2585
f 727//2586 665//2587 448//2588
f 448//2589 665//2590 663//2591
f 739//2592 591//2593 590//2594 746//2595
f 677//2596 581//2597 579//2598
f 578//2599 586//2600 741//2601 740//2602
f 586//2603 585//2604 742//2605 741//2606
f 585//2607 584//2608 739//2609 742//2610
f 584//2611 573//2612 591//2613 739//2614
f 740//2615 677//2616 579//2617 578//2618
f 678//2619 740//2620 743//2621 486//2622
f 743//2623 744//2624 477//2625 486//2626
f 744//2627 745//2628 478//2629 477//2630
f 745//2631 746//2632 474//2633 478//2634
f 746//2635 589//2636 475//2637 474//2638
f 475//2639 589//2640 491//2641
f 743//2642 740//2643 741//2644 744//2645
f 744//2646 741//2647 742//2648 745//2649
f 745//2650 742//2651 739//2652 746//2653
f 746//2654 590//2655 589//2656
f 662//2657 574//2658 609//2659 644//2660
f 609//2661 574//2662 580//2663
f 287//2664 587//2665 588//2666
f 588//2667 632//2668 496//2669 287//2670
f 554//2671 553//2672 637//2673 636//2674
f 588//2675 558//2676 632//2677
f 632//2678 558//2679 559//2680 592//2681
f 592//2682 559//2683 560//2684 593//2685
f 593//2686 560//2687 556//2688 601//2689
f 601//2690 556//2691 555//2692 600//2693
f 600//2694 555//2695 557//2696 598//2697
f 598//2698 557//2699 554//2700 636//2701
f 609//2702 580//2703 747//2704 660//2705
f 661//2706 583//2707 577//2708 655//2709
f 660//2710 747//2711 583//2712 661//2713
f 583//2714 747//2715 582//2716
f 497//2717 658//2718 503//2719 498//2720
f 658//2721 657//2722 575//2723 503//2724
f 657//2725 656//2726 576//2727 575//2728
f 656//2729 655//2730 577//2731 576//2732
f 430//2733 444//2734 748//2735
f 748//2736 444//2737 473//2738 781//2739
f 402//2740 416//2741 749//2742
f 750//2743 494//2744 493//2745 751//2746
f 493//2747 492//2748 752//2749 751//2750
f 335//2751 334//2752 755//2753 754//2754
f 757//2755 759//2756 758//2757 756//2758
f 759//2759 754//2760 755//2761 758//2762
f 761//2763 757//2764 756//2765 760//2766
f 763//2767 761//2768 760//2769 762//2770
f 762//2771 764//2772 763//2773
f 763//2774 764//2775 765//2776
f 763//2777 765//2778 766//2779 767//2780
f 767//2781 766//2782 768//2783 769//2784
f 769//2785 768//2786 770//2787 771//2788
f 771//2789 770//2790 752//2791 753//2792
f 753//2793 752//2794 492//2795 487//2796
f 332//2797 331//2798 755//2799 334//2800
f 402//2801 749//2802 755//2803 331//2804
f 749//2805 772//2806 758//2807 755//2808
f 772//2809 773//2810 756//2811 758//2812
f 773//2813 774//2814 760//2815 756//2816
f 774//2817 775//2818 762//2819 760//2820
f 775//2821 776//2822 764//2823 762//2824
f 776//2825 777//2826 765//2827 764//2828
f 777//2829 778//2830 766//2831 765//2832
f 778//2833 779//2834 768//2835 766//2836
f 779//2837 780//2838 770//2839 768//2840
f 780//2841 751//2842 752//2843 770//2844
f 781//2845 783//2846 782//2847 748//2848
f 784//2849 782//2850 783//2851 785//2852
f 785//2853 787//2854 786//2855 784//2856
f 787//2857 789//2858 788//2859 786//2860
f 789//2861 791//2862 790//2863 788//2864
f 791//2865 793//2866 792//2867 790//2868
f 793//2869 795//2870 794//2871 792//2872
f 795//2873 797//2874 796//2875 794//2876
f 797//2877 799//2878 798//2879 796//2880
f 798//2881 799//2882 750//2883
f 750//2884 799//2885 495//2886 494//2887
f 430//2888 748//2889 749//2890 416//2891
f 748//2892 782//2893 772//2894 749//2895
f 782//2896 784//2897 773//2898 772//2899
f 784//2900 786//2901 774//2902 773//2903
f 786//2904 788//2905 775//2906 774//2907
f 788//2908 790//2909 776//2910 775//2911
f 790//2912 792//2913 777//2914 776//2915
f 792//2916 794//2917 778//2918 777//2919
f 794//2920 796//2921 779//2922 778//2923
f 796//2924 798//2925 780//2926 779//2927
f 798//2928 750//2929 751//2930 780//2931
f 491//2932 815//2933 800//2934 490//2935
f 490//2936 800//2937 801//2938 489//2939
f 489//2940 801//2941 802//2942 487//2943
f 360//2944 362//2945 803//2946 804//2947
f 805//2948 806//2949 371//2950 374//2951
f 806//2952 807//2953 369//2954 371//2955
f 364//2956 366//2957 807//2958 803//2959
f 808//2960 356//2961 339//2962 804//2963
f 804//2964 358//2965 360//2966
f 759//2967 757//2968 809//2969 754//2970
f 754//2971 809//2972 810//2973
f 487//2974 802//2975 812//2976
f 374//2977 336//2978 805//2979
f 805//2980 336//2981 335//2982 810//2983
f 810//2984 335//2985 754//2986
f 813//2987 763//2988 767//2989 769//2990
f 813//2991 769//2992 771//2993 812//2994
f 812//2995 771//2996 753//2997 487//2998
f 763//2999 813//3000 814//3001 761//3002
f 809//3003 757//3004 814//3005
f 814//3006 757//3007 761//3008
f 486//3009 485//3010 201//3011 200//3012
f 485//3013 484//3014 204//3015 201//3016
f 484//3017 483//3018 206//3019 204//3020
f 495//3021 207//3022 206//3023 483//3024
f 101//3025 473//3026 95//3027
f 95//3028 473//3029 472//3030 96//3031
f 99//3032 98//3033 472//3034 471//3035
f 469//3036 84//3037 90//3038 470//3039
f 92//3040 94//3041 471//3042 470//3043
f 85//3044 84//3045 469//3046 468//3047
f 466//3048 465//3049 80//3050 79//3051
f 83//3052 82//3053 466//3054 79//3055
f 82//3056 81//3057 467//3058 466//3059
f 81//3060 87//3061 468//3062 467//3063
f 468//3064 87//3065 85//3066
f 463//3067 72//3068 74//3069 464//3070
f 464//3071 74//3072 75//3073
f 75//3074 77//3075 465//3076 464//3077
f 465//3078 77//3079 80//3080
f 72//3081 463//3082 71//3083
f 71//3084 463//3085 462//3086 69//3087
f 462//3088 355//3089 67//3090 69//3091
f 355//3092 148//3093 66//3094 67//3095
f 148//3096 355//3097 354//3098 149//3099
f 495//3100 799//3101 6//3102 207//3103
f 799//3104 797//3105 120//3106 6//3107
f 797//3108 795//3109 119//3110 120//3111
f 119//3112 795//3113 793//3114 117//3115
f 793//3116 791//3117 115//3118 117//3119
f 791//3120 789//3121 113//3122 115//3123
f 789//3124 787//3125 108//3126 113//3127
f 108//3128 787//3129 785//3130 110//3131
f 785//3132 783//3133 112//3134 110//3135
f 783//3136 781//3137 105//3138 112//3139
f 105//3140 781//3141 107//3142
f 107//3143 781//3144 473//3145 101//3146
f 816//3147 817//3148 516//3149 571//3150
f 818//3151 819//3152 514//3153 817//3154
f 819//3155 820//3156 662//3157 514//3158
f 662//3159 820//3160 821//3161 572//3162
f 572//3163 821//3164 822//3165
f 822//3166 823//3167 573//3168 572//3169
f 491//3170 823//3171 824//3172 815//3173
f 825//3174 816//3175 571//3176 570//3177
f 826//3178 827//3179 568//3180
f 828//3181 829//3182 565//3183 566//3184
f 825//3185 570//3186 569//3187 829//3188
f 829//3189 569//3190 565//3191
f 826//3192 568//3193 357//3194
f 357//3195 811//3196 826//3197
f 566//3198 567//3199 827//3200 828//3201
f 827//3202 567//3203 568//3204
f 831//3205 833//3206 832//3207 830//3208
f 832//3209 833//3210 834//3211 837//3212
f 328//3213 327//3214 835//3215 330//3216
f 835//3217 327//3218 329//3219 836//3220
f 832//3221 837//3222 838//3223 839//3224
f 840//3225 841//3226 842//3227
f 832//3228 330//3229 835//3230 830//3231
f 843//3232 844//3233 840//3234 842//3235
f 840//3236 844//3237 845//3238 847//3239
f 839//3240 846//3241 832//3242
f 832//3243 846//3244 840//3245 847//3246
f 848//3247 849//3248 835//3249 836//3250
f 835//3251 849//3252 850//3253
f 851//3254 852//3255 853//3256 854//3257
f 851//3258 854//3259 855//3260
f 851//3261 855//3262 835//3263 857//3264
f 856//3265 857//3266 835//3267 850//3268
f 248//3269 249//3270 852//3271
f 852//3272 249//3273 251//3274 253//3275
f 253//3276 315//3277 853//3278 852//3279
f 852//3280 851//3281 247//3282 248//3283
f 851//3284 60//3285 245//3286 247//3287
f 61//3288 60//3289 851//3290 857//3291
f 56//3292 54//3293 856//3294 57//3295
f 856//3296 54//3297 63//3298 857//3299
f 857//3300 63//3301 62//3302 61//3303
f 51//3304 49//3305 850//3306 52//3307
f 49//3308 57//3309 856//3310 850//3311
f 850//3312 849//3313 44//3314 52//3315
f 849//3316 47//3317 46//3318 44//3319
f 848//3320 38//3321 9//3322
f 9//3323 47//3324 849//3325 848//3326
f 848//3327 836//3328 41//3329 39//3330
f 42//3331 836//3332 329//3333 36//3334
f 835//3335 855//3336 297//3337 298//3338
f 830//3339 835//3340 299//3341 300//3342
f 853//3343 315//3344 314//3345
f 314//3346 313//3347 854//3348 853//3349
f 313//3350 296//3351 855//3352 854//3353
f 855//3354 296//3355 297//3356
f 830//3357 300//3358 301//3359 831//3360
f 833//3361 831//3362 310//3363
f 833//3364 310//3365 309//3366 834//3367
f 128//3368 127//3369 844//3370
f 837//3371 834//3372 309//3373 308//3374
f 330//3375 832//3376 141//3377 144//3378
f 139//3379 832//3380 847//3381
f 845//3382 133//3383 135//3384 847//3385
f 847//3386 136//3387 138//3388
f 127//3389 131//3390 845//3391 844//3392
f 845//3393 131//3394 133//3395
f 844//3396 843//3397 129//3398 128//3399
f 129//3400 843//3401 286//3402
f 286//3403 843//3404 842//3405 285//3406
f 320//3407 284//3408 842//3409 841//3410
f 324//3411 323//3412 840//3413 325//3414
f 840//3415 323//3416 322//3417 841//3418
f 841//3419 322//3420 321//3421 320//3422
f 325//3423 840//3424 846//3425 316//3426
f 304//3427 319//3428 839//3429 305//3430
f 839//3431 319//3432 318//3433 846//3434
f 846//3435 318//3436 317//3437 316//3438
f 305//3439 839//3440 838//3441 307//3442
f 837//3443 308//3444 312//3445 838//3446
f 838//3447 312//3448 311//3449 307//3450
f 607//3451 659//3452 859//3453 858//3454
f 659//3455 654//3456 860//3457 859//3458
f 654//3459 653//3460 861//3461 860//3462
f 653//3463 652//3464 862//3465 861//3466
f 652//3467 631//3468 863//3469 862//3470
f 631//3471 594//3472 864//3473 863//3474
f 594//3475 599//3476 865//3477 864//3478
f 599//3479 630//3480 866//3481 865//3482
f 630//3483 629//3484 867//3485 866//3486
f 629//3487 628//3488 868//3489 867//3490
f 628//3491 626//3492 869//3493 868//3494
f 626//3495 625//3496 870//3497 869//3498
f 625//3499 606//3500 871//3501 870//3502
f 606//3503 605//3504 872//3505 871//3506
f 605//3507 603//3508 873//3509 872//3510
f 603//3511 646//3512 874//3513 873//3514
f 646//3515 645//3516 875//3517 874//3518
f 645//3519 608//3520 876//3521 875//3522
f 608//3523 607//3524 858//3525 876//3526
f 859//3527 860//3528 877//3529 858//3530
f 875//3531 876//3532 877//3533 874//3534
f 877//3535 876//3536 858//3537
f 872//3538 873//3539 877//3540 871//3541
f 877//3542 873//3543 874//3544
f 868//3545 869//3546 877//3547 867//3548
f 877//3549 869//3550 870//3551 871//3552
f 866//3553 867//3554 877//3555 865//3556
f 862//3557 863//3558 877//3559
f 877//3560 863//3561 864//3562 865//3563
f 877//3564 860//3565 861//3566 862//3567
f 878//3568 913//3569 879//3570 880//3571
f 880//3572 879//3573 881//3574
f 880//3575 881//3576 882//3577 926//3578
f 881//3579 826//3580 883//3581 882//3582
f 883//3583 890//3584 884//3585 882//3586
f 885//3587 894//3588 886//3589 887//3590
f 887//3591 886//3592 888//3593
f 888//3594 895//3595 889//3596 887//3597
f 884//3598 890//3599 891//3600
f 891//3601 893//3602 892//3603 884//3604
f 893//3605 894//3606 885//3607 892//3608
f 889//3609 895//3610 896//3611 897//3612
f 897//3613 896//3614 898//3615
f 898//3616 900//3617 899//3618 897//3619
f 900//3620 919//3621 901//3622 899//3623
f 902//3624 925//3625 903//3626 904//3627
f 904//3628 903//3629 905//3630
f 905//3631 907//3632 906//3633 904//3634
f 907//3635 914//3636 908//3637 906//3638
f 909//3639 918//3640 910//3641 911//3642
f 911//3643 910//3644 912//3645
f 912//3646 913//3647 878//3648 911//3649
f 908//3650 914//3651 915//3652
f 915//3653 917//3654 916//3655 908//3656
f 917//3657 918//3658 909//3659 916//3660
f 901//3661 919//3662 920//3663
f 920//3664 922//3665 921//3666 901//3667
f 922//3668 924//3669 923//3670 921//3671
f 924//3672 925//3673 902//3674 923//3675
f 883//3676 811//3677 808//3678 890//3679
f 890//3680 808//3681 804//3682 891//3683
f 891//3684 804//3685 803//3686 893//3687
f 893//3688 803//3689 807//3690 894//3691
f 894//3692 807//3693 806//3694 886//3695
f 886//3696 806//3697 805//3698 888//3699
f 888//3700 805//3701 810//3702 895//3703
f 895//3704 810//3705 809//3706 896//3707
f 896//3708 809//3709 814//3710 898//3711
f 898//3712 814//3713 813//3714 900//3715
f 900//3716 813//3717 812//3718 919//3719
f 919//3720 812//3721 802//3722 920//3723
f 920//3724 802//3725 801//3726 922//3727
f 922//3728 801//3729 800//3730 924//3731
f 924//3732 800//3733 815//3734
f 815//3735 824//3736 925//3737 924//3738
f 925//3739 824//3740 823//3741 903//3742
f 903//3743 823//3744 822//3745 905//3746
f 905//3747 822//3748 821//3749 907//3750
f 907//3751 821//3752 820//3753 914//3754
f 914//3755 820//3756 819//3757 915//3758
f 915//3759 819//3760 818//3761 917//3762
f 917//3763 818//3764 817//3765 918//3766
f 918//3767 817//3768 816//3769 910//3770
f 910//3771 816//3772 825//3773 912//3774
f 912//3775 825//3776 829//3777 913//3778
f 913//3779 829//3780 828//3781 879//3782
f 879//3783 828//3784 827//3785 881//3786
f 881//3787 827//3788 826//3789
f 883//3790 826//3791 811//3792
f 926//3793 927//3794 880//3795
f 927//3796 928//3797 878//3798 880//3799
f 928//3800 929//3801 911//3802 878//3803
f 929//3804 930//3805 909//3806 911//3807
f 930//3808 931//3809 916//3810 909//3811
f 931//3812 932//3813 908//3814 916//3815
f 932//3816 933//3817 906//3818 908//3819
f 933//3820 934//3821 904//3822 906//3823
f 934//3824 935//3825 902//3826 904//3827
f 935//3828 936//3829 923//3830 902//3831
f 936//3832 947//3833 921//3834 923//3835
f 926//3836 882//3837 937//3838
f 937//3839 938//3840 927//3841 926//3842
f 938//3843 939//3844 928//3845 927//3846
f 939//3847 940//3848 929//3849 928//3850
f 940//3851 941//3852 930//3853 929//3854
f 941//3855 942//3856 931//3857 930//3858
f 942//3859 943//3860 932//3861 931//3862
f 943//3863 944//3864 933//3865 932//3866
f 944//3867 945//3868 934//3869 933//3870
f 945//3871 946//3872 935//3873 934//3874
f 946//3875 947//3876 936//3877 935//3878
f 921//3879 947//3880 948//3881
f 948//3882 949//3883 901//3884 921//3885
f 949//3886 950//3887 899//3888 901//3889
f 950//3890 951//3891 897//3892 899//3893
f 951//3894 952//3895 889//3896 897//3897
f 952//3898 953//3899 887//3900 889//3901
f 953//3902 954//3903 885//3904 887//3905
f 954//3906 955//3907 892//3908 885//3909
f 955//3910 956//3911 884//3912 892//3913
f 956//3914 937//3915 882//3916 884//3917
f 946//3918 945//3919 957//3920 947//3921
f 957//3922 949//3923 948//3924 947//3925
f 950//3926 949//3927 957//3928 951//3929
f 954//3930 953//3931 957//3932 955//3933
f 957//3934 953//3935 952//3936 951//3937
f 956//3938 955//3939 957//3940 937//3941
f 940//3942 939//3943 957//3944 941//3945
f 957//3946 939//3947 938//3948 937//3949
f 942//3950 941//3951 957//3952 943//3953
f 957//3954 945//3955 944//3956 943//3957
f 958//3958 959//3959 960//3960
f 961//3961 962//3962 963//3963
f 965//3964 999//3965 966//3966 964//3967
f 967//3968 968//3969 969//3970 974//3971
f 970//3972 1066//3973 971//3974 972//3975
f 971//3976 1068//3977 973//3978 972//3979
f 974//3980 969//3981 975//3982 976//3983
f 976//3984 975//3985 977//3986 978//3987
f 978//3988 977//3989 979//3990 980//3991
f 980//3992 979//3993 981//3994 982//3995
f 982//3996 981//3997 983//3998 984//3999
f 984//4000 983//4001 985//4002 986//4003
f 986//4004 985//4005 987//4006 988//4007
f 988//4008 987//4009 989//4010
f 988//4011 990//4012 1315//4013
f 990//4014 989//4015 991//4016 992//4017
f 992//4018 991//4019 993//4020 994//4021
f 994//4022 993//4023 995//4024 996//4025
f 996//4026 995//4027 997//4028 998//4029
f 998//4030 997//4031 999//4032 1000//4033
f 1000//4034 999//4035 1001//4036 1002//4037
f 1002//4038 1001//4039 1003//4040 1004//4041
f 1004//4042 1003//4043 1005//4044 1006//4045
f 962//4046 1007//4047 1008//4048 963//4049
f 1009//4050 1010//4051 1008//4052 1007//4053
f 1008//4054 1010//4055 966//4056 1139//4057
f 1010//4058 1584//4059 1011//4060 966//4061
f 966//4062 1011//4063 964//4064
f 963//4065 960//4066 959//4067 961//4068
f 1084//4069 1012//4070 1013//4071 958//4072 960//4073
f 1013//4074 1012//4075 1014//4076 1015//4077
f 1016//4078 1023//4079 1017//4080 1018//4081
f 1017//4082 1020//4083 1019//4084 1018//4085
f 1020//4086 1014//4087 1012//4088 1019//4089
f 1022//4090 1021//4091 1023//4092 1016//4093
f 1022//4094 1025//4095 1024//4096 1021//4097
f 1025//4098 1027//4099 1026//4100 1024//4101
f 1026//4102 1027//4103 1028//4104 1029//4105
f 1029//4106 1028//4107 1030//4108 1031//4109
f 1030//4110 1033//4111 1032//4112 1031//4113
f 1033//4114 1035//4115 1034//4116 1032//4117
f 1034//4118 1035//4119 1036//4120 1037//4121
f 1039//4122 1041//4123 1040//4124 1038//4125
f 1041//4126 1037//4127 1036//4128 1040//4129
f 1043//4130 1042//4131 1044//4132 1045//4133
f 1044//4134 1039//4135 1038//4136 1045//4137
f 1046//4138 1047//4139 1048//4140
f 1043//4141 1050//4142 1049//4143 1042//4144
f 1050//4145 1046//4146 1051//4147 1049//4148
f 1051//4149 1046//4150 1048//4151 1052//4152
f 1053//4153 1660//4154 1054//4155 1055//4156
f 1054//4157 1660//4158 1056//4159 1055//4160
f 1055//4161 1056//4162 1057//4163
f 1058//4164 1059//4165 1060//4166
f 1061//4167 1661//4168 1062//4169 1063//4170
f 1063//4171 1062//4172 1064//4173 1065//4174
f 1066//4175 1067//4176 1068//4177 971//4178
f 1068//4179 1067//4180 1069//4181 1070//4182
f 968//4183 967//4184 1071//4185
f 1071//4186 967//4187 1072//4188 1073//4189
f 1073//4190 1072//4191 1074//4192 1075//4193
f 1075//4194 1074//4195 1076//4196 1077//4197
f 1077//4198 1076//4199 1078//4200 1079//4201
f 1079//4202 1078//4203 1080//4204 1081//4205
f 1081//4206 1080//4207 1082//4208 1070//4209
f 1070//4210 1082//4211 973//4212 1068//4213
f 1066//4214 970//4215 1083//4216 1664//4217
f 1012//4218 1084//4219 1085//4220 1019//4221
f 1019//4222 1085//4223 1086//4224 1018//4225
f 1018//4226 1086//4227 1087//4228 1016//4229
f 1016//4230 1087//4231 1088//4232 1022//4233
f 1022//4234 1088//4235 1089//4236 1025//4237
f 1025//4238 1089//4239 1090//4240 1027//4241
f 1027//4242 1090//4243 1091//4244 1028//4245
f 1028//4246 1091//4247 1092//4248 1030//4249
f 1030//4250 1092//4251 1093//4252 1033//4253
f 1033//4254 1093//4255 1094//4256 1035//4257
f 1035//4258 1094//4259 1095//4260 1036//4261
f 1036//4262 1095//4263 1096//4264 1040//4265
f 1040//4266 1096//4267 1097//4268 1038//4269
f 1038//4270 1097//4271 1098//4272 1045//4273
f 1045//4274 1098//4275 1099//4276 1043//4277
f 1043//4278 1099//4279 1100//4280 1050//4281
f 1050//4282 1100//4283 1057//4284 1046//4285
f 1046//4286 1057//4287 1056//4288 1047//4289
f 960//4290 963//4291 1101//4292 1084//4293
f 1084//4294 1101//4295 1102//4296 1085//4297
f 1085//4298 1102//4299 1103//4300 1086//4301
f 1086//4302 1103//4303 1104//4304 1087//4305
f 1087//4306 1104//4307 1105//4308 1088//4309
f 1088//4310 1105//4311 1106//4312 1089//4313
f 1089//4314 1106//4315 1107//4316 1090//4317
f 1090//4318 1107//4319 1108//4320 1091//4321
f 1091//4322 1108//4323 1109//4324 1092//4325
f 1092//4326 1109//4327 1110//4328 1093//4329
f 1093//4330 1110//4331 1111//4332 1094//4333
f 1094//4334 1111//4335 1112//4336 1095//4337
f 1095//4338 1112//4339 1113//4340 1096//4341
f 1096//4342 1113//4343 1114//4344 1097//4345
f 1097//4346 1114//4347 1115//4348 1098//4349
f 1098//4350 1115//4351 1116//4352 1099//4353
f 1099//4354 1116//4355 1117//4356 1100//4357
f 1100//4358 1117//4359 1118//4360 1057//4361
f 1057//4362 1118//4363 1058//4364 1055//4365
f 1055//4366 1058//4367 1060//4368 1053//4369
f 963//4370 1008//4371 1119//4372 1101//4373
f 1101//4374 1119//4375 1120//4376 1102//4377
f 1102//4378 1120//4379 1121//4380 1103//4381
f 1103//4382 1121//4383 1122//4384 1104//4385
f 1104//4386 1122//4387 1123//4388 1105//4389
f 1105//4390 1123//4391 1124//4392 1106//4393
f 1106//4394 1124//4395 1125//4396 1107//4397
f 1107//4398 1125//4399 1126//4400 1108//4401
f 1108//4402 1126//4403 1127//4404 1109//4405
f 1109//4406 1127//4407 1128//4408 1110//4409
f 1110//4410 1128//4411 1129//4412 1111//4413
f 1111//4414 1129//4415 1130//4416 1112//4417
f 1112//4418 1130//4419 1131//4420 1113//4421
f 1113//4422 1131//4423 1132//4424 1114//4425
f 1114//4426 1132//4427 1133//4428 1115//4429
f 1115//4430 1133//4431 1134//4432 1116//4433
f 1116//4434 1134//4435 1135//4436 1117//4437
f 1117//4438 1135//4439 1136//4440 1118//4441
f 1118//4442 1136//4443 1137//4444 1058//4445
f 1058//4446 1137//4447 1138//4448 1059//4449
f 1008//4450 1139//4451 1140//4452 1119//4453
f 1119//4454 1140//4455 1141//4456 1120//4457
f 1120//4458 1141//4459 1142//4460 1121//4461
f 1121//4462 1142//4463 1143//4464 1122//4465
f 1122//4466 1143//4467 1144//4468 1123//4469
f 1123//4470 1144//4471 1145//4472 1124//4473
f 1124//4474 1145//4475 1146//4476 1125//4477
f 1125//4478 1146//4479 1147//4480 1126//4481
f 1126//4482 1147//4483 1148//4484 1127//4485
f 1127//4486 1148//4487 1149//4488 1128//4489
f 1128//4490 1149//4491 1150//4492 1129//4493
f 1129//4494 1150//4495 1151//4496 1130//4497
f 1130//4498 1151//4499 1152//4500 1131//4501
f 1131//4502 1152//4503 1153//4504 1132//4505
f 1132//4506 1153//4507 1154//4508 1133//4509
f 1133//4510 1154//4511 1155//4512 1134//4513
f 1134//4514 1155//4515 1156//4516 1135//4517
f 1135//4518 1156//4519 1157//4520 1136//4521
f 1136//4522 1157//4523 1065//4524 1137//4525
f 1137//4526 1065//4527 1064//4528 1138//4529
f 1005//4530 1003//4531 1159//4532 1158//4533
f 1003//4534 1001//4535 1160//4536 1159//4537
f 1160//4538 1001//4539 965//4540 1588//4541
f 965//4542 1001//4543 999//4544
f 966//4545 999//4546 997//4547 1139//4548
f 1139//4549 997//4550 995//4551 1140//4552
f 1140//4553 995//4554 993//4555 1141//4556
f 1141//4557 993//4558 991//4559 1142//4560
f 1142//4561 991//4562 989//4563 1143//4564
f 1143//4565 989//4566 987//4567 1144//4568
f 1144//4569 987//4570 985//4571 1145//4572
f 1145//4573 985//4574 983//4575 1146//4576
f 1146//4577 983//4578 981//4579 1147//4580
f 1147//4581 981//4582 979//4583 1148//4584
f 1148//4585 979//4586 977//4587 1149//4588
f 1149//4589 977//4590 975//4591 1150//4592
f 1150//4593 975//4594 969//4595 1151//4596
f 1151//4597 969//4598 968//4599 1152//4600
f 1152//4601 968//4602 1071//4603 1153//4604
f 1153//4605 1071//4606 1073//4607 1154//4608
f 1154//4609 1073//4610 1075//4611 1155//4612
f 1155//4613 1075//4614 1077//4615 1156//4616
f 1156//4617 1077//4618 1079//4619 1157//4620
f 1157//4621 1079//4622 1081//4623 1065//4624
f 1065//4625 1081//4626 1070//4627 1063//4628
f 1063//4629 1070//4630 1069//4631 1061//4632
f 1161//4633 1162//4634 1163//4635
f 1163//4636 1189//4637 1164//4638 1165//4639
f 1167//4640 1182//4641 1168//4642 1166//4643
f 1161//4644 1163//4645 1170//4646 1169//4647
f 1170//4648 1163//4649 1171//4650
f 1163//4651 1179//4652 1172//4653 1171//4654
f 1173//4655 1174//4656 1175//4657
f 1175//4658 1174//4659 1176//4660 1177//4661
f 1178//4662 1179//4663 1163//4664 1165//4665
f 1180//4666 1181//4667 1175//4668 1177//4669
f 1181//4670 1182//4671 1167//4672 1175//4673
f 1184//4674 1186//4675 1185//4676 1183//4677
f 1187//4678 1188//4679 1184//4680 1183//4681
f 1184//4682 1188//4683 1189//4684 1163//4685
f 1184//4686 1190//4687 1168//4688 1186//4689
f 1168//4690 1190//4691 1191//4692 1195//4693
f 1192//4694 1193//4695 1175//4696
f 1175//4697 1193//4698 1194//4699 1173//4700
f 1168//4701 1195//4702 1196//4703 1166//4704
f 1014//4705 1198//4706 1197//4707 1015//4708
f 1199//4709 1198//4710 1020//4711 1017//4712
f 1198//4713 1014//4714 1020//4715
f 1199//4716 1017//4717 1023//4718 1200//4719
f 1200//4720 1023//4721 1021//4722 1201//4723
f 1202//4724 1201//4725 1024//4726 1026//4727
f 1201//4728 1021//4729 1024//4730
f 1202//4731 1026//4732 1029//4733 1203//4734
f 1203//4735 1029//4736 1031//4737 1204//4738
f 1032//4739 1204//4740 1031//4741
f 1032//4742 1034//4743 1205//4744 1204//4745
f 1206//4746 1205//4747 1034//4748 1037//4749
f 1206//4750 1037//4751 1041//4752 1207//4753
f 1208//4754 1207//4755 1039//4756 1044//4757
f 1207//4758 1041//4759 1039//4760
f 1208//4761 1044//4762 1042//4763 1209//4764
f 1209//4765 1042//4766 1049//4767 1210//4768
f 1211//4769 1210//4770 1051//4771 1052//4772
f 1210//4773 1049//4774 1051//4775
f 1212//4776 1213//4777 1214//4778
f 1215//4779 1216//4780 1217//4781
f 1219//4782 1322//4783 1220//4784 1218//4785
f 1221//4786 1230//4787 1222//4788 1223//4789
f 1224//4790 1223//4791 1222//4792 1225//4793
f 1225//4794 1227//4795 1226//4796 1224//4797
f 1229//4798 1228//4799 1230//4800 1221//4801
f 1229//4802 1232//4803 1231//4804 1228//4805
f 1231//4806 1233//4807 1513//4808
f 1233//4809 1234//4810 1235//4811 1236//4812
f 1235//4813 1238//4814 1237//4815 1236//4816
f 1237//4817 1238//4818 1239//4819 1518//4820
f 1238//4821 1241//4822 1240//4823 1239//4824
f 1241//4825 1243//4826 1242//4827 1240//4828
f 1242//4829 1243//4830 1244//4831 1245//4832
f 1247//4833 1249//4834 1248//4835 1246//4836
f 1249//4837 1245//4838 1244//4839 1248//4840
f 1251//4841 1250//4842 1252//4843 1253//4844
f 1252//4845 1247//4846 1246//4847 1253//4848
f 1254//4849 1255//4850 1256//4851
f 1251//4852 1258//4853 1257//4854 1250//4855
f 1258//4856 1254//4857 1259//4858 1257//4859
f 1259//4860 1254//4861 1256//4862 1260//4863
f 1261//4864 1575//4865 1262//4866 1263//4867
f 1262//4868 1575//4869 1264//4870 1263//4871
f 1263//4872 1264//4873 1265//4874
f 1266//4875 1267//4876 1268//4877
f 1269//4878 1576//4879 1270//4880 1271//4881
f 1271//4882 1270//4883 1272//4884 1273//4885
f 1274//4886 1275//4887 1276//4888 1279//4889
f 1276//4890 1275//4891 1277//4892 1278//4893
f 1280//4894 1006//4895 1005//4896 1279//4897
f 1281//4898 1291//4899 1282//4900 1283//4901
f 1283//4902 1282//4903 1284//4904 1285//4905
f 1285//4906 1284//4907 1286//4908 1287//4909
f 1287//4910 1286//4911 1288//4912 1278//4913
f 1278//4914 1288//4915 1280//4916 1276//4917
f 1276//4918 1280//4919 1279//4920
f 1274//4921 1279//4922 1005//4923
f 1274//4924 1005//4925 1158//4926 1579//4927
f 1289//4928 1290//4929 1281//4930 1292//4931
f 1281//4932 1290//4933 1291//4934
f 1289//4935 1292//4936 1293//4937 1294//4938
f 1294//4939 1293//4940 1295//4941 1296//4942
f 1296//4943 1295//4944 1297//4945 1298//4946
f 1298//4947 1297//4948 1299//4949 1300//4950
f 1300//4951 1299//4952 1301//4953 1302//4954
f 1303//4955 1316//4956 1304//4957 1305//4958
f 1305//4959 1304//4960 1306//4961 1307//4962
f 1307//4963 1306//4964 1308//4965 1309//4966
f 1309//4967 1308//4968 1310//4969 1311//4970
f 1311//4971 1310//4972 1312//4973 1313//4974
f 1313//4975 1312//4976 1302//4977 1314//4978
f 1314//4979 1302//4980 1301//4981
f 1315//4982 1316//4983 1303//4984 1317//4985
f 1315//4986 1317//4987 1318//4988 1319//4989
f 1319//4990 1318//4991 1320//4992 1321//4993
f 1321//4994 1320//4995 1322//4996 1323//4997
f 1324//4998 1405//4999 1083//5000 970//5001 972//5002
f 1216//5003 1325//5004 1326//5005 1217//5006
f 1327//5007 1328//5008 1326//5009 1325//5010
f 1326//5011 1328//5012 1220//5013 1386//5014
f 1220//5015 1328//5016 1218//5017
f 1217//5018 1214//5019 1213//5020 1215//5021
f 1329//5022 1330//5023 1226//5024 1227//5025
f 1226//5026 1330//5027 1212//5028 1331//5029
f 1214//5030 1331//5031 1212//5032
f 1226//5033 1331//5034 1332//5035 1224//5036
f 1224//5037 1332//5038 1333//5039 1223//5040
f 1223//5041 1333//5042 1334//5043 1221//5044
f 1221//5045 1334//5046 1335//5047 1229//5048
f 1229//5049 1335//5050 1336//5051 1232//5052
f 1232//5053 1336//5054 1337//5055 1234//5056
f 1234//5057 1337//5058 1338//5059 1235//5060
f 1235//5061 1338//5062 1339//5063 1238//5064
f 1238//5065 1339//5066 1340//5067 1241//5068
f 1241//5069 1340//5070 1341//5071 1243//5072
f 1243//5073 1341//5074 1342//5075 1244//5076
f 1244//5077 1342//5078 1343//5079 1248//5080
f 1248//5081 1343//5082 1344//5083 1246//5084
f 1246//5085 1344//5086 1345//5087 1253//5088
f 1253//5089 1345//5090 1346//5091 1251//5092
f 1251//5093 1346//5094 1347//5095 1258//5096
f 1258//5097 1347//5098 1265//5099 1254//5100
f 1254//5101 1265//5102 1264//5103 1255//5104
f 1214//5105 1217//5106 1348//5107 1331//5108
f 1331//5109 1348//5110 1349//5111 1332//5112
f 1332//5113 1349//5114 1350//5115 1333//5116
f 1333//5117 1350//5118 1351//5119 1334//5120
f 1334//5121 1351//5122 1352//5123 1335//5124
f 1335//5125 1352//5126 1353//5127 1336//5128
f 1336//5129 1353//5130 1354//5131 1337//5132
f 1337//5133 1354//5134 1355//5135 1338//5136
f 1338//5137 1355//5138 1356//5139 1339//5140
f 1339//5141 1356//5142 1357//5143 1340//5144
f 1340//5145 1357//5146 1358//5147 1341//5148
f 1341//5149 1358//5150 1359//5151 1342//5152
f 1342//5153 1359//5154 1360//5155 1343//5156
f 1343//5157 1360//5158 1361//5159 1344//5160
f 1344//5161 1361//5162 1362//5163 1345//5164
f 1345//5165 1362//5166 1363//5167 1346//5168
f 1346//5169 1363//5170 1364//5171 1347//5172
f 1347//5173 1364//5174 1365//5175 1265//5176
f 1265//5177 1365//5178 1266//5179 1263//5180
f 1263//5181 1266//5182 1268//5183 1261//5184
f 1217//5185 1326//5186 1366//5187 1348//5188
f 1348//5189 1366//5190 1367//5191 1349//5192
f 1349//5193 1367//5194 1368//5195 1350//5196
f 1350//5197 1368//5198 1369//5199 1351//5200
f 1351//5201 1369//5202 1370//5203 1352//5204
f 1352//5205 1370//5206 1371//5207 1353//5208
f 1353//5209 1371//5210 1372//5211 1354//5212
f 1354//5213 1372//5214 1373//5215 1355//5216
f 1355//5217 1373//5218 1374//5219 1356//5220
f 1356//5221 1374//5222 1375//5223 1357//5224
f 1357//5225 1375//5226 1376//5227 1358//5228
f 1358//5229 1376//5230 1377//5231 1359//5232
f 1359//5233 1377//5234 1378//5235 1360//5236
f 1360//5237 1378//5238 1379//5239 1361//5240
f 1361//5241 1379//5242 1380//5243 1362//5244
f 1362//5245 1380//5246 1381//5247 1363//5248
f 1363//5249 1381//5250 1382//5251 1364//5252
f 1364//5253 1382//5254 1383//5255 1365//5256
f 1365//5257 1383//5258 1384//5259 1266//5260
f 1266//5261 1384//5262 1385//5263 1267//5264
f 1326//5265 1386//5266 1387//5267 1366//5268
f 1366//5269 1387//5270 1388//5271 1367//5272
f 1367//5273 1388//5274 1389//5275 1368//5276
f 1368//5277 1389//5278 1390//5279 1369//5280
f 1369//5281 1390//5282 1391//5283 1370//5284
f 1370//5285 1391//5286 1392//5287 1371//5288
f 1371//5289 1392//5290 1393//5291 1372//5292
f 1372//5293 1393//5294 1394//5295 1373//5296
f 1373//5297 1394//5298 1395//5299 1374//5300
f 1374//5301 1395//5302 1396//5303 1375//5304
f 1375//5305 1396//5306 1397//5307 1376//5308
f 1376//5309 1397//5310 1398//5311 1377//5312
f 1377//5313 1398//5314 1399//5315 1378//5316
f 1378//5317 1399//5318 1400//5319 1379//5320
f 1379//5321 1400//5322 1401//5323 1380//5324
f 1380//5325 1401//5326 1402//5327 1381//5328
f 1381//5329 1402//5330 1403//5331 1382//5332
f 1382//5333 1403//5334 1404//5335 1383//5336
f 1383//5337 1404//5338 1273//5339 1384//5340
f 1384//5341 1273//5342 1272//5343 1385//5344
f 1220//5345 1322//5346 1320//5347 1386//5348
f 1386//5349 1320//5350 1318//5351 1387//5352
f 1387//5353 1318//5354 1317//5355 1388//5356
f 1388//5357 1317//5358 1303//5359 1389//5360
f 1389//5361 1303//5362 1305//5363 1390//5364
f 1390//5365 1305//5366 1307//5367 1391//5368
f 1391//5369 1307//5370 1309//5371 1392//5372
f 1392//5373 1309//5374 1311//5375 1393//5376
f 1393//5377 1311//5378 1313//5379 1394//5380
f 1394//5381 1313//5382 1314//5383 1395//5384
f 1395//5385 1314//5386 1301//5387 1396//5388
f 1396//5389 1301//5390 1299//5391 1397//5392
f 1397//5393 1299//5394 1297//5395 1398//5396
f 1398//5397 1297//5398 1295//5399 1399//5400
f 1399//5401 1295//5402 1293//5403 1400//5404
f 1400//5405 1293//5406 1292//5407 1401//5408
f 1401//5409 1292//5410 1281//5411 1402//5412
f 1402//5413 1281//5414 1283//5415 1403//5416
f 1403//5417 1283//5418 1285//5419 1404//5420
f 1404//5421 1285//5422 1287//5423 1273//5424
f 1273//5425 1287//5426 1278//5427 1271//5428
f 1271//5429 1278//5430 1277//5431 1269//5432
f 994//5433 1316//5434 992//5435
f 992//5436 1316//5437 1315//5438 990//5439
f 996//5440 998//5441 1290//5442
f 1290//5443 998//5444 1000//5445 1291//5446
f 1290//5447 1289//5448 994//5449 996//5450
f 994//5451 1289//5452 1294//5453
f 1304//5454 1316//5455 994//5456 1306//5457
f 982//5458 984//5459 1315//5460 980//5461
f 1315//5462 984//5463 986//5464 988//5465
f 1286//5466 1284//5467 1002//5468 1004//5469
f 1284//5470 1282//5471 1000//5472 1002//5473
f 1000//5474 1282//5475 1291//5476
f 1300//5477 1302//5478 994//5479 1298//5480
f 994//5481 1302//5482 1312//5483
f 978//5484 980//5485 1315//5486 976//5487
f 1004//5488 1006//5489 1286//5490
f 1286//5491 1006//5492 1280//5493 1288//5494
f 1310//5495 1308//5496 994//5497 1312//5498
f 994//5499 1308//5500 1306//5501
f 1296//5502 1298//5503 994//5504 1294//5505
f 1076//5506 1319//5507 1321//5508
f 972//5509 973//5510 1082//5511 1080//5512
f 972//5513 1080//5514 1078//5515
f 972//5516 1078//5517 1076//5518 1324//5519
f 1323//5520 1324//5521 1076//5522 1321//5523
f 1072//5524 967//5525 1315//5526 1074//5527
f 1315//5528 967//5529 974//5530 976//5531
f 1076//5532 1074//5533 1315//5534 1319//5535
f 1175//5536 1407//5537 1406//5538 1192//5539
f 1407//5540 1409//5541 1408//5542 1406//5543
f 1409//5544 1407//5545 1410//5546 1411//5547
f 1411//5548 1410//5549 1412//5550 1413//5551
f 1413//5552 1412//5553 1414//5554 1415//5555
f 1163//5556 1162//5557 1416//5558 1417//5559
f 1417//5560 1416//5561 1418//5562 1419//5563
f 1419//5564 1418//5565 1420//5566 1421//5567
f 1423//5568 1425//5569 1424//5570 1422//5571
f 1427//5572 1428//5573 1425//5574 1426//5575
f 1425//5576 1428//5577 1424//5578
f 1429//5579 1436//5580 1430//5581 1431//5582
f 1431//5583 1430//5584 1432//5585
f 1432//5586 1433//5587 1426//5588 1431//5589
f 1426//5590 1433//5591 1427//5592
f 1435//5593 1436//5594 1429//5595 1434//5596
f 1438//5597 1439//5598 1434//5599 1437//5600
f 1434//5601 1439//5602 1435//5603
f 1441//5604 1443//5605 1442//5606 1440//5607
f 1443//5608 1444//5609 1437//5610 1442//5611
f 1437//5612 1444//5613 1438//5614
f 1445//5615 1446//5616 1447//5617
f 1447//5618 1446//5619 1448//5620 1449//5621
f 1448//5622 1479//5623 1450//5624 1449//5625
f 1450//5626 1452//5627 1451//5628 1449//5629
f 1451//5630 1452//5631 1453//5632
f 1447//5633 1455//5634 1454//5635 1445//5636
f 1454//5637 1455//5638 1456//5639 1474//5640
f 1456//5641 1455//5642 1457//5643 1458//5644
f 1458//5645 1457//5646 1421//5647 1420//5648
f 1422//5649 1415//5650 1414//5651 1423//5652
f 1412//5653 1410//5654 1167//5655 1414//5656
f 1425//5657 1423//5658 1167//5659 1426//5660
f 1167//5661 1423//5662 1414//5663
f 1167//5664 1442//5665 1437//5666 1434//5667
f 1429//5668 1431//5669 1167//5670 1434//5671
f 1167//5672 1431//5673 1426//5674
f 1167//5675 1410//5676 1407//5677 1175//5678
f 1442//5679 1167//5680 1440//5681
f 1440//5682 1167//5683 1166//5684 1459//5685
f 1459//5686 1166//5687 1196//5688 1460//5689
f 1460//5690 1196//5691 1195//5692 1461//5693
f 1461//5694 1195//5695 1191//5696 1462//5697
f 1462//5698 1191//5699 1190//5700 1463//5701
f 1463//5702 1190//5703 1184//5704 1464//5705
f 1465//5706 1161//5707 1169//5708 1211//5709
f 1465//5710 1466//5711 1162//5712 1161//5713
f 1168//5714 1197//5715 1198//5716 1186//5717
f 1186//5718 1198//5719 1199//5720 1185//5721
f 1185//5722 1199//5723 1200//5724 1183//5725
f 1183//5726 1200//5727 1201//5728 1187//5729
f 1187//5730 1201//5731 1202//5732 1188//5733
f 1188//5734 1202//5735 1203//5736 1189//5737
f 1189//5738 1203//5739 1204//5740 1164//5741
f 1164//5742 1204//5743 1205//5744 1165//5745
f 1165//5746 1205//5747 1206//5748 1178//5749
f 1178//5750 1206//5751 1207//5752 1179//5753
f 1179//5754 1207//5755 1208//5756 1172//5757
f 1172//5758 1208//5759 1209//5760 1171//5761
f 1171//5762 1209//5763 1210//5764 1170//5765
f 1170//5766 1210//5767 1211//5768 1169//5769
f 1467//5770 1420//5771 1418//5772 1468//5773
f 1468//5774 1418//5775 1416//5776 1469//5777
f 1469//5778 1416//5779 1162//5780 1466//5781
f 1197//5782 1168//5783 1182//5784 1470//5785
f 1420//5786 1467//5787 1471//5788 1458//5789
f 1182//5790 1181//5791 1472//5792 1470//5793
f 1458//5794 1471//5795 1473//5796 1456//5797
f 1456//5798 1473//5799 1474//5800
f 1474//5801 1475//5802 1454//5803
f 1454//5804 1475//5805 1476//5806 1445//5807
f 1445//5808 1476//5809 1477//5810 1446//5811
f 1446//5812 1477//5813 1478//5814 1448//5815
f 1448//5816 1478//5817 1479//5818
f 1479//5819 1637//5820 1480//5821 1450//5822
f 1450//5823 1480//5824 1481//5825 1452//5826
f 1452//5827 1481//5828 1482//5829 1453//5830
f 1472//5831 1181//5832 1180//5833 1483//5834
f 1453//5835 1482//5836 1485//5837 1484//5838
f 1193//5839 1192//5840 1486//5841 1487//5842
f 1193//5843 1487//5844 1488//5845
f 1488//5846 1489//5847 1194//5848 1193//5849
f 1194//5850 1489//5851 1490//5852
f 1490//5853 1491//5854 1173//5855 1194//5856
f 1173//5857 1491//5858 1492//5859
f 1492//5860 1493//5861 1174//5862 1173//5863
f 1493//5864 1494//5865 1174//5866
f 1174//5867 1494//5868 1495//5869 1176//5870
f 1495//5871 1496//5872 1176//5873
f 1176//5874 1496//5875 1497//5876 1177//5877
f 1177//5878 1497//5879 1483//5880 1180//5881
f 1498//5882 1499//5883 1484//5884 1485//5885
f 1406//5886 1500//5887 1486//5888 1192//5889
f 1406//5890 1408//5891 1500//5892
f 1500//5893 1408//5894 1409//5895 1501//5896
f 1501//5897 1409//5898 1411//5899
f 1501//5900 1411//5901 1502//5902 1695//5903
f 1502//5904 1411//5905 1413//5906 1503//5907
f 1503//5908 1413//5909 1415//5910 1504//5911
f 1499//5912 1498//5913 1505//5914 1506//5915
f 1506//5916 1505//5917 1507//5918 1508//5919
f 1508//5920 1507//5921 1509//5922 1510//5923
f 1510//5924 1509//5925 1511//5926 1512//5927
f 1512//5928 1511//5929 1513//5930 1514//5931
f 1514//5932 1513//5933 1515//5934 1441//5935
f 1504//5936 1415//5937 1422//5938 1516//5939
f 1515//5940 1517//5941 1443//5942 1441//5943
f 1517//5944 1518//5945 1444//5946 1443//5947
f 1518//5948 1519//5949 1438//5950 1444//5951
f 1519//5952 1520//5953 1439//5954 1438//5955
f 1520//5956 1521//5957 1435//5958 1439//5959
f 1521//5960 1522//5961 1436//5962 1435//5963
f 1522//5964 1523//5965 1430//5966 1436//5967
f 1523//5968 1524//5969 1432//5970 1430//5971
f 1524//5972 1525//5973 1433//5974 1432//5975
f 1525//5976 1526//5977 1427//5978 1433//5979
f 1526//5980 1527//5981 1428//5982 1427//5983
f 1527//5984 1528//5985 1424//5986 1428//5987
f 1528//5988 1516//5989 1422//5990 1424//5991
f 1529//5992 1530//5993 1472//5994 1532//5995
f 1483//5996 1260//5997 1531//5998
f 1531//5999 1532//6000 1472//6001 1483//6002
f 1533//6003 1531//6004 1260//6005 1256//6006
f 1534//6007 1546//6008 1535//6009 1536//6010
f 1536//6011 1535//6012 1537//6013 1538//6014
f 1538//6015 1537//6016 1539//6017 1540//6018
f 1540//6019 1539//6020 1541//6021 1542//6022
f 1542//6023 1541//6024 1543//6025 1544//6026
f 1544//6027 1543//6028 1530//6029 1529//6030
f 1545//6031 1546//6032 1534//6033 1547//6034
f 1545//6035 1547//6036 1548//6037
f 1548//6038 1550//6039 1549//6040 1545//6041
f 1550//6042 1552//6043 1551//6044 1549//6045
f 1551//6046 1552//6047 1553//6048
f 1551//6049 1554//6050 1470//6051
f 1554//6052 1553//6053 1555//6054
f 1554//6055 1556//6056 1470//6057
f 1555//6058 1557//6059 1556//6060
f 1556//6061 1557//6062 1558//6063 1559//6064
f 1559//6065 1558//6066 1560//6067 1561//6068
f 1561//6069 1560//6070 1562//6071 1563//6072
f 1563//6073 1562//6074 1564//6075 1565//6076
f 1565//6077 1564//6078 1566//6079 1567//6080
f 1567//6081 1566//6082 1568//6083 1569//6084
f 1569//6085 1568//6086 1570//6087 1571//6088
f 1572//6089 1268//6090 1267//6091 1573//6092
f 1573//6093 1267//6094 1385//6095
f 1573//6096 1385//6097 1574//6098 1595//6099
f 1575//6100 1261//6101 1572//6102 1593//6103
f 1572//6104 1261//6105 1268//6106
f 1272//6107 1270//6108 1574//6109 1385//6110
f 1574//6111 1270//6112 1576//6113 1596//6114
f 1269//6115 1277//6116 1577//6117 1576//6118
f 1277//6119 1275//6120 1578//6121 1577//6122
f 1275//6123 1274//6124 1579//6125 1578//6126
f 1580//6127 1581//6128 1013//6129 1015//6130
f 1581//6131 1582//6132 958//6133 1013//6134
f 959//6135 958//6136 1582//6137 1583//6138
f 1009//6139 1007//6140 1585//6141 1584//6142
f 1007//6143 962//6144 1586//6145 1585//6146
f 962//6147 961//6148 1583//6149 1586//6150
f 1583//6151 961//6152 959//6153
f 1587//6154 1588//6155 965//6156 964//6157
f 1587//6158 964//6159 1011//6160 1584//6161
f 1584//6162 1010//6163 1009//6164
f 1531//6165 1533//6166 1589//6167 1532//6168
f 1533//6169 1591//6170 1590//6171 1589//6172
f 1590//6173 1591//6174 1592//6175
f 1591//6176 1264//6177 1575//6178 1592//6179
f 1592//6180 1575//6181 1593//6182
f 1572//6183 1573//6184 1594//6185 1593//6186
f 1594//6187 1573//6188 1595//6189
f 1595//6190 1574//6191 1596//6192
f 1576//6193 1577//6194 1597//6195 1596//6196
f 1577//6197 1578//6198 1598//6199 1597//6200
f 1578//6201 1579//6202 1599//6203 1598//6204
f 1579//6205 1601//6206 1600//6207 1599//6208
f 1601//6209 1588//6210 1602//6211 1600//6212
f 1588//6213 1587//6214 1603//6215 1602//6216
f 1587//6217 1584//6218 1604//6219 1603//6220
f 1584//6221 1585//6222 1605//6223 1604//6224
f 1585//6225 1586//6226 1606//6227 1605//6228
f 1586//6229 1583//6230 1607//6231 1606//6232
f 1583//6233 1582//6234 1608//6235 1607//6236
f 1582//6237 1581//6238 1609//6239 1608//6240
f 1581//6241 1580//6242 1610//6243 1609//6244
f 1533//6245 1256//6246 1255//6247 1591//6248
f 1591//6249 1255//6250 1264//6251
f 1158//6252 1159//6253 1601//6254 1579//6255
f 1159//6256 1160//6257 1588//6258 1601//6259
f 1532//6260 1589//6261 1544//6262 1529//6263
f 1589//6264 1590//6265 1542//6266 1544//6267
f 1590//6268 1592//6269 1540//6270 1542//6271
f 1592//6272 1593//6273 1538//6274 1540//6275
f 1593//6276 1594//6277 1536//6278 1538//6279
f 1594//6280 1595//6281 1534//6282 1536//6283
f 1595//6284 1596//6285 1547//6286 1534//6287
f 1596//6288 1597//6289 1548//6290 1547//6291
f 1597//6292 1598//6293 1550//6294 1548//6295
f 1598//6296 1599//6297 1552//6298 1550//6299
f 1599//6300 1600//6301 1553//6302 1552//6303
f 1600//6304 1602//6305 1555//6306 1553//6307
f 1602//6308 1603//6309 1557//6310 1555//6311
f 1603//6312 1604//6313 1558//6314 1557//6315
f 1604//6316 1605//6317 1560//6318 1558//6319
f 1605//6320 1606//6321 1562//6322 1560//6323
f 1606//6324 1607//6325 1564//6326 1562//6327
f 1607//6328 1608//6329 1566//6330 1564//6331
f 1608//6332 1609//6333 1568//6334 1566//6335
f 1609//6336 1610//6337 1570//6338 1568//6339
f 1570//6340 1610//6341 1470//6342 1571//6343
f 1610//6344 1580//6345 1197//6346 1470//6347
f 1197//6348 1580//6349 1015//6350
f 1612//6351 1613//6352 1485//6353 1611//6354
f 1613//6355 1614//6356 1498//6357 1485//6358
f 1498//6359 1614//6360 1329//6361
f 1615//6362 1616//6363 1052//6364 1048//6365
f 1617//6366 1632//6367 1618//6368 1619//6369
f 1619//6370 1618//6371 1620//6372 1621//6373
f 1621//6374 1620//6375 1622//6376 1623//6377
f 1623//6378 1622//6379 1624//6380 1625//6381
f 1625//6382 1624//6383 1626//6384 1627//6385
f 1627//6386 1626//6387 1628//6388 1629//6389
f 1630//6390 1631//6391 1617//6392 1633//6393
f 1617//6394 1631//6395 1632//6396
f 1630//6397 1633//6398 1634//6399
f 1630//6400 1634//6401 1635//6402 1478//6403
f 1635//6404 1634//6405 1636//6406 1637//6407
f 1636//6408 1639//6409 1638//6410 1637//6411
f 1638//6412 1639//6413 1640//6414
f 1638//6415 1640//6416 1641//6417 1482//6418
f 1641//6419 1640//6420 1642//6421
f 1642//6422 1644//6423 1643//6424 1641//6425
f 1643//6426 1644//6427 1645//6428 1646//6429
f 1646//6430 1645//6431 1647//6432 1648//6433
f 1648//6434 1647//6435 1649//6436 1650//6437
f 1650//6438 1649//6439 1651//6440 1652//6441
f 1652//6442 1651//6443 1653//6444 1654//6445
f 1654//6446 1653//6447 1655//6448 1656//6449
f 1656//6450 1655//6451 1612//6452 1611//6453
f 1657//6454 1060//6455 1059//6456 1658//6457
f 1658//6458 1059//6459 1138//6460
f 1658//6461 1138//6462 1659//6463 1680//6464
f 1660//6465 1053//6466 1657//6467 1678//6468
f 1657//6469 1053//6470 1060//6471
f 1064//6472 1062//6473 1659//6474 1138//6475
f 1659//6476 1062//6477 1661//6478 1681//6479
f 1061//6480 1069//6481 1662//6482 1661//6483
f 1069//6484 1067//6485 1663//6486 1662//6487
f 1067//6488 1066//6489 1664//6490 1663//6491
f 1614//6492 1665//6493 1330//6494 1329//6495
f 1665//6496 1666//6497 1212//6498 1330//6499
f 1213//6500 1212//6501 1666//6502 1667//6503
f 1327//6504 1325//6505 1669//6506 1668//6507
f 1325//6508 1216//6509 1670//6510 1669//6511
f 1216//6512 1215//6513 1667//6514 1670//6515
f 1667//6516 1215//6517 1213//6518
f 1671//6519 1672//6520 1219//6521 1218//6522
f 1671//6523 1218//6524 1328//6525 1668//6526
f 1668//6527 1328//6528 1327//6529
f 1616//6530 1615//6531 1674//6532 1673//6533
f 1615//6534 1676//6535 1675//6536 1674//6537
f 1675//6538 1676//6539 1677//6540
f 1676//6541 1056//6542 1660//6543 1677//6544
f 1677//6545 1660//6546 1678//6547
f 1657//6548 1658//6549 1679//6550 1678//6551
f 1679//6552 1658//6553 1680//6554
f 1680//6555 1659//6556 1681//6557
f 1661//6558 1662//6559 1682//6560 1681//6561
f 1662//6562 1663//6563 1683//6564 1682//6565
f 1663//6566 1664//6567 1684//6568 1683//6569
f 1664//6570 1686//6571 1685//6572 1684//6573
f 1686//6574 1672//6575 1687//6576 1685//6577
f 1672//6578 1671//6579 1688//6580 1687//6581
f 1671//6582 1668//6583 1689//6584 1688//6585
f 1668//6586 1669//6587 1690//6588 1689//6589
f 1669//6590 1670//6591 1691//6592 1690//6593
f 1670//6594 1667//6595 1692//6596 1691//6597
f 1667//6598 1666//6599 1693//6600 1692//6601
f 1666//6602 1665//6603 1694//6604 1693//6605
f 1665//6606 1614//6607 1613//6608 1694//6609
f 1615//6610 1048//6611 1047//6612 1676//6613
f 1676//6614 1047//6615 1056//6616
f 1083//6617 1405//6618 1686//6619 1664//6620
f 1673//6621 1674//6622 1627//6623 1629//6624
f 1674//6625 1675//6626 1625//6627 1627//6628
f 1675//6629 1677//6630 1623//6631 1625//6632
f 1677//6633 1678//6634 1621//6635 1623//6636
f 1678//6637 1679//6638 1619//6639 1621//6640
f 1679//6641 1680//6642 1617//6643 1619//6644
f 1680//6645 1681//6646 1633//6647 1617//6648
f 1681//6649 1682//6650 1634//6651 1633//6652
f 1682//6653 1683//6654 1636//6655 1634//6656
f 1683//6657 1684//6658 1639//6659 1636//6660
f 1684//6661 1685//6662 1640//6663 1639//6664
f 1685//6665 1687//6666 1642//6667 1640//6668
f 1687//6669 1688//6670 1644//6671 1642//6672
f 1688//6673 1689//6674 1645//6675 1644//6676
f 1689//6677 1690//6678 1647//6679 1645//6680
f 1690//6681 1691//6682 1649//6683 1647//6684
f 1691//6685 1692//6686 1651//6687 1649//6688
f 1692//6689 1693//6690 1653//6691 1651//6692
f 1693//6693 1694//6694 1655//6695 1653//6696
f 1694//6697 1613//6698 1612//6699 1655//6700
f 1629//6701 1628//6702 1465//6703 1673//6704
f 1211//6705 1052//6706 1616//6707
f 1616//6708 1673//6709 1465//6710 1211//6711
f 1453//6712 1484//6713 1464//6714 1451//6715
f 1464//6716 1484//6717 1499//6718
f 1499//6719 1506//6720 1463//6721 1464//6722
f 1506//6723 1508//6724 1462//6725 1463//6726
f 1508//6727 1510//6728 1461//6729 1462//6730
f 1510//6731 1512//6732 1460//6733 1461//6734
f 1512//6735 1514//6736 1459//6737 1460//6738
f 1514//6739 1441//6740 1440//6741 1459//6742
f 1500//6743 1501//6744 1695//6745 1516//6746
f 1695//6747 1502//6748 1503//6749 1504//6750
f 1528//6751 1527//6752 1240//6753 1516//6754
f 1240//6755 1527//6756 1526//6757 1525//6758
f 1240//6759 1525//6760 1524//6761
f 1240//6762 1524//6763 1523//6764 1522//6765
f 1240//6766 1522//6767 1521//6768 1239//6769
f 1239//6770 1521//6771 1520//6772 1519//6773
f 1239//6774 1519//6775 1518//6776
f 1237//6777 1518//6778 1517//6779 1515//6780
f 1695//6781 1504//6782 1516//6783
f 1500//6784 1516//6785 1240//6786
f 1500//6787 1240//6788 1486//6789
f 1240//6790 1242//6791 1487//6792 1486//6793
f 1242//6794 1488//6795 1487//6796
f 1488//6797 1242//6798 1245//6799 1489//6800
f 1489//6801 1245//6802 1490//6803
f 1490//6804 1245//6805 1249//6806 1491//6807
f 1491//6808 1249//6809 1247//6810
f 1247//6811 1492//6812 1491//6813
f 1247//6814 1252//6815 1493//6816 1492//6817
f 1252//6818 1494//6819 1493//6820
f 1483//6821 1497//6822 1259//6823 1260//6824
f 1497//6825 1257//6826 1259//6827
f 1257//6828 1497//6829 1496//6830 1250//6831
f 1250//6832 1496//6833 1495//6834
f 1250//6835 1495//6836 1494//6837 1252//6838
f 1329//6839 1227//6840 1505//6841 1498//6842
f 1505//6843 1227//6844 1225//6845 1507//6846
f 1222//6847 1230//6848 1509//6849 1507//6850
f 1230//6851 1228//6852 1511//6853 1509//6854
f 1511//6855 1228//6856 1231//6857 1513//6858
f 1233//6859 1236//6860 1515//6861 1513//6862
f 1515//6863 1236//6864 1237//6865
f 1611//6866 1485//6867 1482//6868
f 1637//6869 1638//6870 1481//6871 1480//6872
f 1474//6873 1473//6874 1465//6875 1628//6876
f 1481//6877 1638//6878 1482//6879
f 1482//6880 1641//6881 1643//6882 1646//6883
f 1479//6884 1478//6885 1635//6886 1637//6887
f 1624//6888 1622//6889 1475//6890 1626//6891
f 1626//6892 1475//6893 1474//6894 1628//6895
f 1467//6896 1468//6897 1469//6898 1466//6899
f 1632//6900 1631//6901 1477//6902 1476//6903
f 1631//6904 1630//6905 1478//6906 1477//6907
f 1475//6908 1622//6909 1620//6910
f 1620//6911 1618//6912 1476//6913 1475//6914
f 1476//6915 1618//6916 1632//6917
f 1473//6918 1471//6919 1465//6920
f 1465//6921 1471//6922 1467//6923 1466//6924
f 1482//6925 1646//6926 1648//6927 1650//6928
f 1611//6929 1482//6930 1654//6931 1656//6932
f 1482//6933 1650//6934 1652//6935 1654//6936
f 1470//6937 1472//6938 1549//6939 1551//6940
f 1545//6941 1549//6942 1472//6943 1546//6944
f 1530//6945 1539//6946 1537//6947 1472//6948
f 1472//6949 1537//6950 1535//6951 1546//6952
f 1541//6953 1539//6954 1530//6955 1543//6956
f 1556//6957 1559//6958 1470//6959
f 1470//6960 1559//6961 1561//6962 1571//6963
f 1571//6964 1561//6965 1563//6966 1565//6967
f 1571//6968 1565//6969 1567//6970 1569//6971
f 1451//6972 1464//6973 1184//6974
f 1184//6975 1163//6976 1417//6977 1419//6978
f 1184//6979 1419//6980 1421//6981 1457//6982
f 1184//6983 1447//6984 1449//6985 1451//6986
f 1455//6987 1447//6988 1184//6989 1457//6990
f 1554//6991 1555//6992 1556//6993
f 1551//6994 1553//6995 1554//6996
f 1233//6997 1231//6998 1232//6999 1234//7000
f 1222//7001 1507//7002 1225//7003
f 1405//7004 1219//7005 1672//7006 1686//7007
f 1324//7008 1323//7009 1322//7010
f 1324//7011 1322//7012 1219//7013 1405//7014
f 677//7015 740//7016 678//7017
f 290//7018 292//7019 293//7020
f 284//7021 125//7022 285//7023
f 135//7024 134//7025 136//7026
f 138//7027 137//7028 139//7029
f 38//7030 848//7031 39//7032
f 41//7033 836//7034 42//7035
f 298//7036 262//7037 299//7038
f 988//7039 989//7040 990//7041
f 663//7042 354//7043 352//7044 448//7045
f 664//7046 348//7047 346//7048 446//7049
f 344//7050 342//7051 445//7052 1696//7053
f 445//7054 717//7055 719//7056 1696//7057
f 342//7058 341//7059 1697//7060 445//7061
f 1697//7062 341//7063 357//7064
f 366//7065 368//7066 369//7067
f 362//7068 363//7069 364//7070
f 339//7071 338//7072 358//7073
f 567//7074 566//7075 694//7076 693//7077
f 711//7078 698//7079 697//7080 699//7081
f 571//7082 528//7083 696//7084
f 699//7085 697//7086 696//7087 700//7088
f 357//7089 356//7090 808//7091 811//7092
