# This file uses centimeters as units for non-parametric coordinates.

mtllib left_shoulder_pitch_link.mtl
g default
v -0.017379 0.004000 0.022589
v -0.018300 0.004000 0.021849
v -0.018300 0.000000 0.021849
v 0.000000 0.000000 -0.028499
v -0.001951 0.000000 -0.028433
v 0.000000 0.004727 -0.028500
v -0.002918 0.004699 -0.028350
v -0.005805 0.004624 -0.027903
v -0.008000 0.000000 -0.027354
v -0.008000 0.004542 -0.027354
v -0.013676 0.000000 -0.025004
v -0.011362 0.004379 -0.026137
v -0.008629 0.004515 -0.027162
v -0.018717 0.000000 -0.021492
v -0.018740 0.004019 -0.021473
v -0.016444 0.004105 -0.023278
v -0.013976 0.004234 -0.024838
v -0.013676 0.004251 -0.025004
v -0.024461 0.004000 -0.014626
v -0.023637 0.004000 -0.015924
v -0.022888 0.000000 -0.016982
v -0.022776 0.004000 -0.017133
v -0.020840 0.004000 -0.019441
v -0.025880 0.004000 -0.011937
v -0.025996 0.000000 -0.011682
v -0.025996 0.004000 -0.011682
v -0.028089 0.004000 -0.004823
v -0.027895 0.004000 -0.005840
v -0.027895 0.000000 -0.005840
v -0.027418 0.004000 -0.007779
v -0.027006 0.004000 -0.009109
v -0.028442 0.004000 -0.001812
v -0.028499 0.000000 0.000274
v -0.028499 0.004000 0.000274
v -0.027607 0.004000 0.007078
v -0.027778 0.004000 0.006375
v -0.027778 0.000000 0.006375
v -0.028181 0.004000 0.004252
v -0.028473 0.004000 0.001235
v -0.025766 0.000000 0.012180
v -0.025766 0.004000 0.012180
v -0.026449 0.004000 0.010617
v -0.027425 0.004000 0.007753
v -0.022557 0.000000 0.017419
v -0.022557 0.004000 0.017419
v -0.023603 0.004000 0.015974
v -0.025171 0.004000 0.013366
v -0.019689 0.004000 0.020606
v -0.020481 0.004000 0.019818
v -0.021768 0.004000 0.018395
v -0.014876 0.004000 0.024310
v -0.013192 0.000000 0.025263
v -0.013192 0.004000 0.025263
v -0.007472 0.000000 0.027503
v -0.009391 0.004000 0.026909
v -0.012207 0.004000 0.025753
v -0.005033 0.004000 0.028052
v -0.006472 0.004000 0.027755
v -0.007472 0.004000 0.027503
v -0.003485 0.004000 0.028286
v -0.001404 0.000000 0.028465
v -0.000618 0.004000 0.028493
v 0.000000 0.000000 0.028499
v 0.000000 0.004000 0.028499
v -0.028281 0.004332 0.003889
v -0.028421 0.004630 0.003904
v -0.028647 0.004682 -0.000036
v -0.028107 0.004698 -0.005914
v -0.027699 0.004778 -0.007859
v -0.027514 0.004521 -0.007807
v -0.027491 0.004443 0.007772
v -0.028273 0.004373 -0.003942
v -0.028537 0.004359 -0.000030
v -0.028013 0.004950 -0.007948
v -0.028380 0.004908 -0.005977
v -0.028378 0.005000 -0.008051
v -0.028764 0.005028 -0.005999
v -0.028858 0.005056 -0.005175
v -0.028955 0.005100 -0.004053
v -0.029035 0.005154 -0.002642
v -0.028639 0.004924 -0.004002
v -0.028833 0.004966 -0.000030
v -0.028880 0.005072 0.004948
v -0.029002 0.005155 0.003273
v -0.028649 0.004892 0.003951
v -0.029073 0.005210 0.001388
v -0.029109 0.005229 -0.000014
v -0.028524 0.004765 0.003923
v -0.028392 0.004894 0.005937
v -0.028760 0.005024 0.006039
v -0.027627 0.004695 0.007810
v -0.028410 0.004683 -0.003965
v -0.027827 0.004868 0.007867
v -0.027976 0.004937 0.007909
v -0.028102 0.004972 0.007945
v -0.028564 0.005000 0.007267
v -0.028387 0.005000 0.008025
v -0.029608 0.005454 -0.007550
v -0.029623 0.005440 -0.008035
v -0.029521 0.005357 -0.008035
v -0.028704 0.005010 0.008027
v -0.029189 0.005145 -0.008038
v -0.029239 0.005361 -0.000010
v -0.029364 0.005243 -0.008036
v -0.029342 0.005510 -0.000006
v -0.029451 0.005593 -0.001809
v -0.028955 0.005082 0.008029
v -0.029083 0.005203 0.008031
v -0.029165 0.005369 0.008032
v -0.029246 0.005680 0.008035
v -0.029329 0.005654 0.003112
v -0.027898 0.004972 0.008636
v -0.027399 0.005000 0.010935
v -0.020574 0.005000 0.021141
v -0.021199 0.005000 0.020514
v -0.020987 0.004972 0.020308
v -0.022675 0.005000 0.018871
v -0.024525 0.005000 0.016394
v -0.023942 0.004972 0.016723
v 0.000000 0.004432 0.028563
v -0.000397 0.004443 0.028566
v -0.005045 0.004443 0.028119
v -0.009437 0.004443 0.026965
v -0.013588 0.004443 0.025130
v -0.017126 0.004443 0.022867
v -0.020530 0.004443 0.019866
v -0.023421 0.004443 0.016360
v -0.025716 0.004443 0.012443
v -0.026106 0.005000 0.013738
v -0.026288 0.004972 0.012720
v -0.027624 0.004868 0.008551
v -0.018250 0.005000 0.023177
v -0.013024 0.005000 0.026469
v -0.014031 0.005000 0.025949
v -0.013890 0.004972 0.025688
v -0.015724 0.005000 0.024960
v -0.017507 0.004972 0.023375
v -0.010183 0.005000 0.027686
v -0.009647 0.004972 0.027565
v -0.007229 0.005000 0.028601
v -0.005157 0.004972 0.028745
v -0.005210 0.005000 0.029036
v 0.000000 0.004936 0.029067
v 0.000000 0.005000 0.029499
v -0.000406 0.004972 0.029201
v -0.001115 0.005000 0.029479
v -0.004194 0.005000 0.029200
v -0.020781 0.004868 0.020108
v -0.017335 0.004868 0.023146
v -0.013754 0.004868 0.025437
v -0.009552 0.004868 0.027294
v -0.005107 0.004868 0.028463
v -0.000402 0.004868 0.028915
v -0.023707 0.004868 0.016559
v -0.026030 0.004868 0.012595
v -0.025843 0.004695 0.012505
v -0.027426 0.004695 0.008489
v -0.027291 0.004444 0.008448
v 0.000000 0.004745 0.028754
v -0.000399 0.004695 0.028707
v -0.005070 0.004695 0.028258
v -0.009484 0.004695 0.027098
v -0.013655 0.004695 0.025254
v -0.017211 0.004695 0.022980
v -0.020632 0.004695 0.019964
v -0.023537 0.004695 0.016440
v -0.028395 0.005000 0.026162
v -0.028255 0.005000 0.031275
v -0.027782 0.005000 0.033763
v -0.027264 0.005000 0.034857
v -0.007830 0.005000 0.039473
v -0.015151 0.005000 0.038888
v -0.020844 0.005000 0.037856
v -0.025209 0.005000 0.036433
v -0.026219 0.005000 0.035890
v -0.026888 0.005000 0.035330
v -0.024906 0.005000 0.036562
v 0.000000 0.005000 0.039502
v -0.025970 0.004583 -0.012057
v -0.025876 0.004296 -0.012013
v -0.026715 0.005000 -0.012508
v -0.025259 0.005000 -0.015236
v -0.024099 0.004932 -0.016235
v -0.024466 0.005000 -0.016482
v -0.023542 0.005000 -0.017779
v -0.027881 0.005000 -0.009635
v -0.026355 0.004932 -0.012235
v -0.026127 0.004791 -0.012129
v -0.023660 0.004296 -0.015939
v -0.020913 0.004521 -0.019509
v -0.023746 0.004583 -0.015997
v -0.021044 0.004767 -0.019632
v -0.023890 0.004791 -0.016094
v -0.021255 0.004936 -0.019829
v -0.021326 0.004964 -0.019895
v -0.021571 0.005000 -0.020123
v -0.005917 0.005675 -0.028423
v -0.008797 0.005551 -0.027673
v -0.008932 0.005692 -0.028100
v -0.019112 0.004973 -0.021897
v -0.019398 0.005051 -0.022227
v 0.000000 0.005948 -0.029476
v -0.011761 0.005525 -0.027044
v -0.011585 0.005398 -0.026634
v -0.014466 0.005346 -0.025703
v -0.014251 0.005234 -0.025315
v -0.017020 0.005178 -0.024092
v -0.002946 0.005515 -0.028574
v -0.005860 0.005436 -0.028124
v -0.008710 0.005318 -0.027380
v -0.011468 0.005173 -0.026349
v -0.016593 0.004875 -0.023473
v -0.018909 0.004774 -0.021659
v 0.000000 0.005198 -0.028554
v -0.002929 0.005169 -0.028403
v -0.005825 0.005093 -0.027954
v -0.008658 0.004978 -0.027212
v -0.018785 0.004457 -0.021517
v -0.016488 0.004550 -0.023321
v -0.014017 0.004686 -0.024883
v 0.000000 0.005785 -0.029028
v -0.003020 0.005916 -0.029322
v 0.000000 0.005543 -0.028725
v -0.002975 0.005756 -0.028876
v -0.006008 0.005828 -0.028862
v -0.011399 0.004837 -0.026184
v -0.014105 0.005017 -0.025042
v -0.016768 0.005083 -0.023730
v -0.029680 0.005360 -0.015618
v -0.029612 0.005456 -0.020036
v -0.029045 0.005092 -0.020082
v -0.029687 0.005350 -0.013190
v -0.029672 0.005373 -0.011032
v -0.028377 0.005000 -0.020123
v -0.031012 0.006237 -0.016782
v -0.031012 0.006146 -0.012117
v -0.031012 0.007053 -0.006091
v -0.030225 0.006104 -0.006654
v -0.031012 0.008092 -0.002736
v -0.030225 0.006835 -0.002275
v -0.028376 0.005284 -0.024171
v -0.028375 0.005160 -0.023187
v -0.028704 0.005205 -0.023389
v -0.029537 0.005705 -0.023259
v -0.029309 0.005473 -0.023309
v -0.029027 0.005295 -0.023355
v -0.028377 0.006168 -0.028023
v -0.028698 0.006013 -0.027405
v -0.028377 0.005650 -0.026129
v -0.028379 0.009777 -0.034967
v -0.028377 0.007531 -0.031357
v -0.028696 0.007564 -0.031318
v -0.028697 0.009816 -0.034939
v -0.029011 0.006117 -0.027355
v -0.029003 0.007670 -0.031254
v -0.029274 0.006308 -0.027279
v -0.029256 0.007856 -0.031149
v -0.029472 0.006548 -0.027190
v -0.029439 0.008087 -0.031023
v -0.029002 0.009921 -0.034860
v -0.029251 0.010097 -0.034728
v -0.029430 0.010311 -0.034568
v -0.028938 0.005098 0.017095
v -0.028918 0.005099 0.026161
v -0.029038 0.005240 0.026161
v -0.028804 0.005036 0.017094
v -0.028709 0.005018 0.026162
v -0.029035 0.005197 0.017095
v -0.029107 0.005360 0.017096
v -0.029112 0.005700 0.026162
v -0.029118 0.005699 0.024538
v -0.029167 0.005694 0.015600
v -0.029208 0.005688 0.011131
v -0.030142 0.008923 0.005669
v -0.029357 0.006029 0.006559
v -0.029475 0.007220 0.010644
v -0.029391 0.018117 0.025853
v -0.031012 0.041370 0.017892
v -0.029456 0.042644 0.021572
v -0.029459 0.046717 0.020109
v -0.031012 0.020794 0.013032
v -0.030755 0.021703 0.015141
v -0.031012 0.023426 0.014546
v -0.031012 0.011095 0.003306
v -0.031012 0.009284 0.000063
v -0.030177 0.007690 0.001605
v -0.031012 0.012865 0.005811
v -0.030631 0.013140 0.008843
v -0.031012 0.014847 0.008114
v -0.031012 0.017035 0.010213
v -0.030325 0.014396 0.012887
v -0.031012 0.026203 0.015807
v -0.030233 0.022936 0.019153
v -0.031012 0.036687 0.018041
v -0.030069 0.030261 0.021341
v -0.031012 0.030655 0.017213
v -0.030875 0.029020 0.017378
v -0.029478 0.037045 0.023114
v -0.029459 0.050572 0.018469
v -0.031012 0.045850 0.017050
v -0.029429 0.054890 0.016361
v -0.031012 0.053573 0.014009
v -0.031012 0.050246 0.015586
v -0.029491 0.030683 0.024377
v -0.029735 0.016895 0.020985
v -0.029485 0.008440 0.014719
v -0.029341 0.010920 0.022862
v -0.029198 0.009416 0.026167
v -0.025090 0.005668 0.037017
v -0.025108 0.005504 0.037062
v -0.022377 0.005664 0.037940
v -0.021001 0.005408 0.038380
v -0.020991 0.005663 0.038305
v -0.018862 0.005662 0.038768
v -0.015253 0.005408 0.039422
v -0.015198 0.005660 0.039349
v -0.010849 0.005659 0.039773
v -0.007872 0.005410 0.040012
v -0.007875 0.005659 0.039935
v -0.005842 0.005660 0.039994
v 0.000000 0.005412 0.040043
v 0.000000 0.005660 0.039959
v -0.024982 0.005005 0.036749
v -0.020896 0.005005 0.038047
v -0.015182 0.005005 0.039082
v -0.007842 0.005006 0.039668
v 0.000000 0.005006 0.039696
v 0.000000 0.005147 0.039981
v -0.007862 0.005146 0.039952
v -0.015233 0.005144 0.039364
v -0.020976 0.005143 0.038324
v -0.025083 0.005094 0.037001
v -0.025116 0.005235 0.037082
v -0.028410 0.005218 0.033855
v -0.027694 0.005178 0.035252
v -0.027702 0.005359 0.035305
v -0.027341 0.005684 0.035650
v -0.026530 0.005363 0.036379
v -0.028793 0.005699 0.032363
v -0.028791 0.005354 0.032380
v -0.025620 0.005669 0.036792
v -0.026517 0.005179 0.036352
v -0.026461 0.005061 0.036258
v -0.026395 0.005020 0.036155
v -0.029049 0.005367 0.029274
v -0.029068 0.005700 0.029279
v -0.026492 0.005675 0.036326
v -0.027532 0.005018 0.035053
v -0.027623 0.005057 0.035145
v -0.028703 0.005019 0.029142
v -0.028502 0.005016 0.032139
v -0.028837 0.005059 0.029173
v -0.028627 0.005052 0.032200
v -0.028939 0.005130 0.029210
v -0.028715 0.005118 0.032269
v -0.028421 0.005697 0.033842
v -0.028420 0.005352 0.033901
v -0.028768 0.005219 0.032333
v -0.029009 0.005233 0.029247
v -0.028185 0.005016 0.033633
v -0.028298 0.005052 0.033710
v -0.028373 0.005118 0.033788
v -0.014362 0.006481 -0.030656
v -0.014360 0.007191 -0.032430
v 0.000000 0.007202 -0.032462
v -0.014363 0.005924 -0.028768
v -0.014357 0.008542 -0.035259
v 0.000000 0.008767 -0.035724
v -0.031012 0.012467 -0.032953
v -0.031012 0.010768 -0.030442
v -0.031012 0.008965 -0.027034
v -0.031012 0.007593 -0.023467
v -0.031012 0.006814 -0.020539
v 0.000000 0.055830 0.018043
v 0.000000 0.017514 0.036025
v 0.000000 0.043584 0.024399
v 0.000000 0.031649 0.029814
v -0.018176 0.018089 0.034292
v -0.025053 0.043181 0.023053
v -0.027770 0.030543 0.027450
v -0.025135 0.030671 0.028099
v -0.026016 0.018030 0.032407
v -0.025232 0.018012 0.032712
v -0.021463 0.049419 0.020565
v -0.028549 0.043063 0.022515
v -0.028394 0.036845 0.024919
v -0.018188 0.055577 0.017590
v -0.028379 0.055214 0.016942
v -0.028660 0.049201 0.019888
v -0.008001 0.055781 0.017955
v -0.007166 0.043504 0.024339
v -0.007207 0.030953 0.030053
v -0.007242 0.018214 0.035261
v -0.014554 0.018131 0.034762
v -0.014453 0.030840 0.029629
v -0.021509 0.043249 0.023456
v -0.021616 0.030724 0.028762
v -0.021740 0.018049 0.033634
v -0.014357 0.043386 0.024028
v -0.014316 0.049574 0.020999
v -0.028348 0.030594 0.027017
v -0.028737 0.018044 0.029787
v -0.027117 0.017960 0.031992
v -0.027843 0.017991 0.031413
v -0.028373 0.018019 0.030652
v -0.029171 0.018085 0.027908
v -0.029203 0.030690 0.025447
v -0.029251 0.036972 0.023817
v -0.029256 0.043134 0.021836
v -0.029355 0.049137 0.019283
v -0.029008 0.049190 0.019694
v -0.029001 0.055125 0.016783
v -0.028530 0.055206 0.016928
v -0.028847 0.030648 0.026411
v -0.028958 0.043102 0.022220
v -0.028904 0.036909 0.024429
v -0.031012 0.030420 -0.040265
v -0.031012 0.029074 -0.044456
v -0.031012 0.022437 -0.041676
v -0.031012 0.024728 -0.037916
v -0.031012 0.018923 -0.039397
v -0.031012 0.019701 -0.034359
v -0.031012 0.015387 -0.036330
v -0.031012 0.062869 0.006131
v -0.031012 0.060408 0.002111
v -0.031012 0.056299 0.006697
v -0.031012 0.036492 -0.041289
v -0.031012 0.034910 -0.045580
v -0.031012 0.039507 0.013628
v -0.031012 0.033360 0.013275
v -0.031012 0.038980 -0.045708
v -0.031012 0.051272 0.010254
v -0.031012 0.057993 0.011026
v -0.031012 0.060272 0.009007
v -0.031012 0.048812 0.011455
v -0.031012 0.045580 0.012604
v -0.031012 0.015592 -0.029772
v -0.031012 0.048555 -0.039224
v -0.031012 0.050162 -0.043321
v -0.031012 0.067998 -0.002997
v -0.031012 0.063393 -0.003275
v -0.031012 0.066577 0.000343
v -0.031012 0.065097 0.003002
v -0.031012 0.042640 -0.040936
v -0.031012 0.043117 -0.045315
v -0.031012 0.027444 0.011563
v -0.031012 0.012606 -0.024386
v -0.031012 0.069595 -0.009438
v -0.031012 0.065105 -0.009191
v -0.031012 0.059237 -0.037633
v -0.031012 0.055556 -0.040464
v -0.031012 0.053941 -0.036239
v -0.031012 0.010894 -0.018471
v -0.031012 0.069774 -0.016654
v -0.031012 0.065458 -0.015338
v -0.031012 0.022058 0.008577
v -0.031012 0.017472 0.004468
v -0.031012 0.068786 -0.021998
v -0.031012 0.064434 -0.021411
v -0.031012 0.010541 -0.012323
v -0.031012 0.065526 -0.029823
v -0.031012 0.062085 -0.027103
v -0.031012 0.058528 -0.032130
v -0.031012 0.061426 -0.035482
v -0.031012 0.013915 -0.000559
v -0.031012 0.011565 -0.006251
v -0.029430 0.069484 -0.028162
v -0.029251 0.069870 -0.027959
v -0.029251 0.013255 -0.038387
v -0.029002 0.013100 -0.038542
v -0.028697 0.016678 -0.041854
v -0.028379 0.012623 -0.038311
v -0.028697 0.013007 -0.038635
v -0.028697 0.025174 -0.046623
v -0.028379 0.023706 -0.046063
v -0.028697 0.020760 -0.044534
v -0.028379 0.019688 -0.043963
v -0.028379 0.015973 -0.041364
v -0.028379 0.029824 -0.048130
v -0.028379 0.029151 -0.047962
v -0.028697 0.029833 -0.048083
v -0.028379 0.027959 -0.047631
v -0.028379 0.025158 -0.046669
v -0.028379 0.033340 -0.048782
v -0.028697 0.034650 -0.048883
v -0.028379 0.034647 -0.048931
v -0.028379 0.037894 -0.049090
v -0.028697 0.039531 -0.049009
v -0.028379 0.039534 -0.049057
v -0.029251 0.044314 -0.048116
v -0.029251 0.039510 -0.048659
v -0.029430 0.039495 -0.048393
v -0.029251 0.034678 -0.048534
v -0.029430 0.034700 -0.048268
v -0.029251 0.029910 -0.047740
v -0.029430 0.029969 -0.047480
v -0.029251 0.025297 -0.046295
v -0.029430 0.025392 -0.046045
v -0.029251 0.020929 -0.044226
v -0.029430 0.021058 -0.043993
v -0.029251 0.016889 -0.041574
v -0.029430 0.017049 -0.041361
v -0.029430 0.013444 -0.038198
v -0.028379 0.042450 -0.048809
v -0.028697 0.044382 -0.048460
v -0.028379 0.044393 -0.048507
v -0.029430 0.044262 -0.047854
v -0.029251 0.048995 -0.046912
v -0.028379 0.046931 -0.047940
v -0.028697 0.049111 -0.047243
v -0.028379 0.049127 -0.047288
v -0.029430 0.048907 -0.046659
v -0.029251 0.053466 -0.045074
v -0.028379 0.051263 -0.046501
v -0.028697 0.053627 -0.045386
v -0.028379 0.053649 -0.045429
v -0.029430 0.053344 -0.044836
v -0.029251 0.057639 -0.042634
v -0.028379 0.055373 -0.044515
v -0.028697 0.057841 -0.042920
v -0.028379 0.057869 -0.042960
v -0.029430 0.057485 -0.042415
v -0.029251 0.061434 -0.039639
v -0.028379 0.059190 -0.042012
v -0.028697 0.061674 -0.039896
v -0.028379 0.061707 -0.039931
v -0.029430 0.061251 -0.039445
v -0.029251 0.064780 -0.036151
v -0.028379 0.062653 -0.039039
v -0.028697 0.065053 -0.036372
v -0.028379 0.065090 -0.036402
v -0.029430 0.064572 -0.035984
v -0.029251 0.067610 -0.032232
v -0.029430 0.067215 -0.032356
v -0.029002 0.016757 -0.041749
v -0.029002 0.020823 -0.044419
v -0.029002 0.025219 -0.046500
v -0.029002 0.029861 -0.047955
v -0.029002 0.034660 -0.048753
v -0.029002 0.039523 -0.048878
v -0.029002 0.044356 -0.048331
v -0.029002 0.049067 -0.047119
v -0.029002 0.053567 -0.045269
v -0.029002 0.057765 -0.042813
v -0.029002 0.061584 -0.039800
v -0.029002 0.064951 -0.036289
v -0.029002 0.067798 -0.032345
v -0.028697 0.067910 -0.032412
v -0.028379 0.070237 -0.028115
v -0.028379 0.068120 -0.032159
v -0.028379 0.065704 -0.035644
v -0.028697 0.071856 -0.023506
v -0.028697 0.070193 -0.028096
v -0.029002 0.071729 -0.023472
v -0.029002 0.070072 -0.028045
v -0.029251 0.071517 -0.023415
v -0.029430 0.071259 -0.023346
v -0.028379 0.071903 -0.023519
v -0.028611 0.057013 0.015801
v -0.028697 0.072893 -0.018543
v -0.028379 0.072919 -0.018714
v -0.028695 0.073211 -0.013477
v -0.028379 0.073258 -0.014147
v -0.028379 0.073027 -0.009790
v -0.028692 0.072795 -0.008416
v -0.028379 0.072071 -0.004752
v -0.028688 0.071661 -0.003486
v -0.028379 0.069870 0.001254
v -0.028379 0.070543 -0.000260
v -0.028684 0.069831 0.001235
v -0.028379 0.071580 -0.003076
v -0.028379 0.068890 0.003171
v -0.028681 0.067342 0.005644
v -0.028379 0.064268 0.009690
v -0.028379 0.065758 0.007912
v -0.028678 0.064237 0.009663
v -0.028379 0.067120 0.006051
v -0.028708 0.060178 0.013468
v -0.028379 0.062587 0.011442
v -0.028954 0.057012 0.015619
v -0.029223 0.057010 0.015353
v -0.029429 0.057014 0.015033
v -0.029287 0.059972 0.013138
v -0.029429 0.059838 0.012985
v -0.029267 0.063958 0.009412
v -0.029429 0.062938 0.010147
v -0.029264 0.067033 0.005437
v -0.029430 0.065165 0.007590
v -0.029430 0.071070 -0.003675
v -0.029259 0.071315 -0.003596
v -0.029430 0.070173 -0.001117
v -0.029262 0.069500 0.001076
v -0.029430 0.068796 0.001929
v -0.029430 0.067123 0.004841
v -0.029256 0.072440 -0.008475
v -0.029430 0.072008 -0.007489
v -0.029430 0.072593 -0.014034
v -0.029254 0.072855 -0.013486
v -0.029430 0.072457 -0.010755
v -0.029430 0.072281 -0.018470
v -0.029253 0.072542 -0.018501
v -0.028379 0.057018 0.015832
v -0.028379 0.060159 0.013546
v -0.029027 0.060096 0.013342
v -0.029002 0.064134 0.009569
v -0.029002 0.067227 0.005566
v -0.029002 0.069707 0.001175
v -0.029002 0.071532 -0.003528
v -0.029002 0.072662 -0.008438
v -0.029003 0.073077 -0.013480
v -0.029003 0.072762 -0.018527
v -0.021135 0.027799 -0.048169
v -0.008675 0.027634 -0.048727
v 0.000000 0.073109 -0.023864
v -0.008675 0.033189 -0.049915
v -0.021135 0.070883 -0.028040
v -0.021135 0.068771 -0.032169
v -0.021135 0.066145 -0.035990
v -0.021135 0.063046 -0.039441
v -0.021135 0.059528 -0.042462
v -0.021135 0.055649 -0.045003
v -0.021135 0.051474 -0.047022
v -0.021135 0.042521 -0.049366
v -0.021135 0.047073 -0.048484
v -0.021135 0.037892 -0.049652
v -0.021135 0.033266 -0.049338
v -0.008675 0.073002 -0.023833
v -0.021255 0.072353 -0.023647
v -0.008675 0.071417 -0.028271
v -0.008675 0.069271 -0.032467
v -0.008675 0.066602 -0.036350
v -0.008675 0.063453 -0.039857
v -0.008675 0.059878 -0.042927
v -0.008675 0.055936 -0.045509
v -0.008675 0.051693 -0.047561
v -0.008675 0.047221 -0.049047
v -0.008675 0.042594 -0.049943
v -0.008675 0.037891 -0.050234
v -0.021135 0.012219 -0.038701
v -0.008675 0.011800 -0.039105
v -0.021135 0.023478 -0.046577
v -0.008675 0.023242 -0.047109
v -0.008675 0.019094 -0.044940
v -0.021135 0.019396 -0.044443
v -0.008675 0.015259 -0.042257
v -0.021135 0.015623 -0.041803
v -0.008675 0.074028 -0.019043
v -0.021135 0.073452 -0.018959
v -0.021135 0.059304 0.014967
v -0.021135 0.062978 0.011845
v -0.021135 0.066200 0.008258
v -0.021135 0.071062 -0.000043
v -0.021135 0.068911 0.004271
v -0.021135 0.072614 -0.004608
v -0.021135 0.073539 -0.009339
v -0.021135 0.073820 -0.014152
v -0.008675 0.059651 0.015435
v -0.008675 0.063384 0.012262
v -0.008675 0.066658 0.008617
v -0.008675 0.069413 0.004565
v -0.008675 0.071599 0.000181
v -0.008675 0.073176 -0.004458
v -0.008675 0.074116 -0.009266
v -0.008675 0.074402 -0.014158
v -0.030216 0.055404 0.014507
v -0.030216 0.069395 -0.002864
v -0.030219 0.070053 -0.022604
v -0.030216 0.071255 -0.014027
v -0.030216 0.071016 -0.017808
v -0.030216 0.071061 -0.010243
v -0.030216 0.070439 -0.006506
v -0.030216 0.066104 0.003948
v -0.030216 0.063899 0.007029
v -0.030216 0.058515 0.012343
v -0.030216 0.061359 0.009840
v -0.030216 0.067944 0.000636
v -0.030221 0.059964 -0.038789
v -0.030221 0.043724 -0.046581
v -0.030221 0.039192 -0.047056
v -0.030221 0.034637 -0.046907
v -0.030221 0.030146 -0.046136
v -0.030221 0.025803 -0.044759
v -0.030221 0.021688 -0.042801
v -0.030221 0.017880 -0.040299
v -0.030221 0.014450 -0.037299
v -0.030221 0.011463 -0.033858
v -0.030221 0.052382 -0.043806
v -0.030221 0.048148 -0.045491
v -0.030221 0.056345 -0.041558
v -0.030221 0.063170 -0.035551
v -0.030221 0.065904 -0.031905
v -0.030221 0.068113 -0.027920
v 0.000000 0.000000 -0.027250
v -0.006064 0.000000 -0.026567
v -0.011823 0.000000 -0.024551
v -0.016990 0.000000 -0.021305
v -0.021305 0.000000 -0.016990
v -0.024551 0.000000 -0.011823
v -0.026567 0.000000 -0.006064
v -0.027250 0.000000 0.000000
v -0.026567 0.000000 0.006064
v -0.024551 0.000000 0.011823
v -0.021305 0.000000 0.016990
v -0.016990 0.000000 0.021305
v -0.011823 0.000000 0.024551
v -0.006064 0.000000 0.026567
v 0.000000 0.000000 0.027250
v 0.000000 0.002000 0.027250
v -0.006064 0.002000 0.026567
v -0.011823 0.002000 0.024551
v -0.016990 0.002000 0.021305
v -0.021305 0.002000 0.016990
v -0.024551 0.002000 0.011823
v -0.026567 0.002000 0.006064
v -0.027250 0.002000 0.000000
v -0.026567 0.002000 -0.006064
v -0.024551 0.002000 -0.011823
v -0.021305 0.002000 -0.016990
v -0.016990 0.002000 -0.021305
v -0.011823 0.002000 -0.024551
v -0.006064 0.002000 -0.026567
v 0.000000 0.002000 -0.027250
v 0.000000 0.002000 0.000000
v -0.030412 0.051272 0.010254
v -0.030412 0.056299 0.006697
v -0.030412 0.060408 0.002111
v -0.030412 0.063393 -0.003275
v -0.030412 0.065105 -0.009191
v -0.030412 0.065458 -0.015338
v -0.030412 0.064434 -0.021411
v -0.030412 0.062085 -0.027103
v -0.030412 0.058528 -0.032130
v -0.030412 0.053941 -0.036239
v -0.030412 0.048555 -0.039224
v -0.030412 0.042640 -0.040936
v -0.030412 0.036492 -0.041289
v -0.030412 0.030420 -0.040265
v -0.030412 0.024728 -0.037916
v -0.030412 0.019701 -0.034359
v -0.030412 0.015592 -0.029772
v -0.030412 0.012606 -0.024386
v -0.030412 0.010894 -0.018471
v -0.030412 0.010541 -0.012323
v -0.030412 0.011565 -0.006251
v -0.030412 0.013915 -0.000559
v -0.030412 0.017472 0.004468
v -0.030412 0.022058 0.008577
v -0.030412 0.027444 0.011563
v -0.030412 0.033360 0.013275
v -0.030412 0.039507 0.013628
v -0.030412 0.045580 0.012604
v -0.030412 0.038000 -0.013831
v 0.000000 0.011752 -0.039151
v 0.000000 0.015217 -0.042310
v 0.000000 0.019060 -0.044997
v 0.000000 0.023215 -0.047170
v 0.000000 0.027521 -0.049167
v 0.000000 0.033180 -0.049981
v 0.000000 0.037890 -0.050301
v 0.000000 0.042603 -0.050009
v 0.000000 0.047238 -0.049112
v 0.000000 0.051718 -0.047622
v 0.000000 0.055968 -0.045567
v 0.000000 0.059918 -0.042980
v 0.000000 0.063500 -0.039904
v 0.000000 0.066654 -0.036392
v 0.000000 0.069329 -0.032501
v 0.000000 0.071478 -0.028297
v 0.000000 0.074078 -0.019050
v 0.000000 0.074452 -0.014158
v 0.000000 0.074166 -0.009260
v 0.000000 0.073224 -0.004445
v 0.000000 0.071645 0.000200
v 0.000000 0.069456 0.004591
v 0.000000 0.066698 0.008648
v 0.000000 0.063419 0.012298
v 0.000000 0.059680 0.015475
v 0.017379 0.004000 0.022589
v 0.018300 0.004000 0.021849
v 0.018300 0.000000 0.021849
v 0.001951 0.000000 -0.028433
v 0.002918 0.004699 -0.028350
v 0.005805 0.004624 -0.027903
v 0.008000 0.000000 -0.027354
v 0.008000 0.004542 -0.027354
v 0.013676 0.000000 -0.025004
v 0.011362 0.004379 -0.026137
v 0.008629 0.004515 -0.027162
v 0.018717 0.000000 -0.021492
v 0.018740 0.004019 -0.021473
v 0.016444 0.004105 -0.023278
v 0.013976 0.004234 -0.024838
v 0.013676 0.004251 -0.025004
v 0.024461 0.004000 -0.014626
v 0.023637 0.004000 -0.015924
v 0.022888 0.000000 -0.016982
v 0.022776 0.004000 -0.017133
v 0.020840 0.004000 -0.019441
v 0.025880 0.004000 -0.011937
v 0.025996 0.000000 -0.011682
v 0.025996 0.004000 -0.011682
v 0.028089 0.004000 -0.004823
v 0.027895 0.004000 -0.005840
v 0.027895 0.000000 -0.005840
v 0.027418 0.004000 -0.007779
v 0.027006 0.004000 -0.009109
v 0.028442 0.004000 -0.001812
v 0.028499 0.000000 0.000274
v 0.028499 0.004000 0.000274
v 0.027607 0.004000 0.007078
v 0.027778 0.004000 0.006375
v 0.027778 0.000000 0.006375
v 0.028181 0.004000 0.004252
v 0.028473 0.004000 0.001235
v 0.025766 0.000000 0.012180
v 0.025766 0.004000 0.012180
v 0.026449 0.004000 0.010617
v 0.027425 0.004000 0.007753
v 0.022557 0.000000 0.017419
v 0.022557 0.004000 0.017419
v 0.023603 0.004000 0.015974
v 0.025171 0.004000 0.013366
v 0.019689 0.004000 0.020606
v 0.020481 0.004000 0.019818
v 0.021768 0.004000 0.018395
v 0.014876 0.004000 0.024310
v 0.013192 0.000000 0.025263
v 0.013192 0.004000 0.025263
v 0.007472 0.000000 0.027503
v 0.009391 0.004000 0.026909
v 0.012207 0.004000 0.025753
v 0.005033 0.004000 0.028052
v 0.006472 0.004000 0.027755
v 0.007472 0.004000 0.027503
v 0.003485 0.004000 0.028286
v 0.001404 0.000000 0.028465
v 0.000618 0.004000 0.028493
v 0.028281 0.004332 0.003889
v 0.028421 0.004630 0.003904
v 0.028647 0.004682 -0.000036
v 0.028107 0.004698 -0.005914
v 0.027699 0.004778 -0.007859
v 0.027514 0.004521 -0.007807
v 0.027491 0.004443 0.007772
v 0.028273 0.004373 -0.003942
v 0.028537 0.004359 -0.000030
v 0.028013 0.004950 -0.007948
v 0.028380 0.004908 -0.005977
v 0.028378 0.005000 -0.008051
v 0.028764 0.005028 -0.005999
v 0.028858 0.005056 -0.005175
v 0.028955 0.005100 -0.004053
v 0.029035 0.005154 -0.002642
v 0.028639 0.004924 -0.004002
v 0.028833 0.004966 -0.000030
v 0.028880 0.005072 0.004948
v 0.029002 0.005155 0.003273
v 0.028649 0.004892 0.003951
v 0.029073 0.005210 0.001388
v 0.029109 0.005229 -0.000014
v 0.028524 0.004765 0.003923
v 0.028392 0.004894 0.005937
v 0.028760 0.005024 0.006039
v 0.027627 0.004695 0.007810
v 0.028410 0.004683 -0.003965
v 0.027827 0.004868 0.007867
v 0.027976 0.004937 0.007909
v 0.028102 0.004972 0.007945
v 0.028564 0.005000 0.007267
v 0.028387 0.005000 0.008025
v 0.029608 0.005454 -0.007550
v 0.029623 0.005440 -0.008035
v 0.029521 0.005357 -0.008035
v 0.028704 0.005010 0.008027
v 0.029189 0.005145 -0.008038
v 0.029239 0.005361 -0.000010
v 0.029364 0.005243 -0.008036
v 0.029342 0.005510 -0.000006
v 0.029451 0.005593 -0.001809
v 0.028955 0.005082 0.008029
v 0.029083 0.005203 0.008031
v 0.029165 0.005369 0.008032
v 0.029246 0.005680 0.008035
v 0.029329 0.005654 0.003112
v 0.027898 0.004972 0.008636
v 0.027399 0.005000 0.010935
v 0.020574 0.005000 0.021141
v 0.021199 0.005000 0.020514
v 0.020987 0.004972 0.020308
v 0.022675 0.005000 0.018871
v 0.024525 0.005000 0.016394
v 0.023942 0.004972 0.016723
v 0.000397 0.004443 0.028566
v 0.005045 0.004443 0.028119
v 0.009437 0.004443 0.026965
v 0.013588 0.004443 0.025130
v 0.017126 0.004443 0.022867
v 0.020530 0.004443 0.019866
v 0.023421 0.004443 0.016360
v 0.025716 0.004443 0.012443
v 0.026106 0.005000 0.013738
v 0.026288 0.004972 0.012720
v 0.027624 0.004868 0.008551
v 0.018250 0.005000 0.023177
v 0.013024 0.005000 0.026469
v 0.014031 0.005000 0.025949
v 0.013890 0.004972 0.025688
v 0.015724 0.005000 0.024960
v 0.017507 0.004972 0.023375
v 0.010183 0.005000 0.027686
v 0.009647 0.004972 0.027565
v 0.007229 0.005000 0.028601
v 0.005157 0.004972 0.028745
v 0.005210 0.005000 0.029036
v 0.000406 0.004972 0.029201
v 0.001115 0.005000 0.029479
v 0.004194 0.005000 0.029200
v 0.020781 0.004868 0.020108
v 0.017335 0.004868 0.023146
v 0.013754 0.004868 0.025437
v 0.009552 0.004868 0.027294
v 0.005107 0.004868 0.028463
v 0.000402 0.004868 0.028915
v 0.023707 0.004868 0.016559
v 0.026030 0.004868 0.012595
v 0.025843 0.004695 0.012505
v 0.027426 0.004695 0.008489
v 0.027291 0.004444 0.008448
v 0.000399 0.004695 0.028707
v 0.005070 0.004695 0.028258
v 0.009484 0.004695 0.027098
v 0.013655 0.004695 0.025254
v 0.017211 0.004695 0.022980
v 0.020632 0.004695 0.019964
v 0.023537 0.004695 0.016440
v 0.028395 0.005000 0.026162
v 0.028255 0.005000 0.031275
v 0.027782 0.005000 0.033763
v 0.027264 0.005000 0.034857
v 0.007830 0.005000 0.039473
v 0.015151 0.005000 0.038888
v 0.020844 0.005000 0.037856
v 0.025209 0.005000 0.036433
v 0.026219 0.005000 0.035890
v 0.026888 0.005000 0.035330
v 0.024906 0.005000 0.036562
v 0.025970 0.004583 -0.012057
v 0.025876 0.004296 -0.012013
v 0.026715 0.005000 -0.012508
v 0.025259 0.005000 -0.015236
v 0.024099 0.004932 -0.016235
v 0.024466 0.005000 -0.016482
v 0.023542 0.005000 -0.017779
v 0.027881 0.005000 -0.009635
v 0.026355 0.004932 -0.012235
v 0.026127 0.004791 -0.012129
v 0.023660 0.004296 -0.015939
v 0.020913 0.004521 -0.019509
v 0.023746 0.004583 -0.015997
v 0.021044 0.004767 -0.019632
v 0.023890 0.004791 -0.016094
v 0.021255 0.004936 -0.019829
v 0.021326 0.004964 -0.019895
v 0.021571 0.005000 -0.020123
v 0.005917 0.005675 -0.028423
v 0.008797 0.005551 -0.027673
v 0.008932 0.005692 -0.028100
v 0.019112 0.004973 -0.021897
v 0.019398 0.005051 -0.022227
v 0.011761 0.005525 -0.027044
v 0.011585 0.005398 -0.026634
v 0.014466 0.005346 -0.025703
v 0.014251 0.005234 -0.025315
v 0.017020 0.005178 -0.024092
v 0.002946 0.005515 -0.028574
v 0.005860 0.005436 -0.028124
v 0.008710 0.005318 -0.027380
v 0.011468 0.005173 -0.026349
v 0.016593 0.004875 -0.023473
v 0.018909 0.004774 -0.021659
v 0.002929 0.005169 -0.028403
v 0.005825 0.005093 -0.027954
v 0.008658 0.004978 -0.027212
v 0.018785 0.004457 -0.021517
v 0.016488 0.004550 -0.023321
v 0.014017 0.004686 -0.024883
v 0.003020 0.005916 -0.029322
v 0.002975 0.005756 -0.028876
v 0.006008 0.005828 -0.028862
v 0.011399 0.004837 -0.026184
v 0.014105 0.005017 -0.025042
v 0.016768 0.005083 -0.023730
v 0.029680 0.005360 -0.015618
v 0.029612 0.005456 -0.020036
v 0.029045 0.005092 -0.020082
v 0.029687 0.005350 -0.013190
v 0.029672 0.005373 -0.011032
v 0.028377 0.005000 -0.020123
v 0.031012 0.006237 -0.016782
v 0.031012 0.006146 -0.012117
v 0.031012 0.007053 -0.006091
v 0.030225 0.006104 -0.006654
v 0.031012 0.008092 -0.002736
v 0.030225 0.006835 -0.002275
v 0.028376 0.005284 -0.024171
v 0.028375 0.005160 -0.023187
v 0.028704 0.005205 -0.023389
v 0.029537 0.005705 -0.023259
v 0.029309 0.005473 -0.023309
v 0.029027 0.005295 -0.023355
v 0.028377 0.006168 -0.028023
v 0.028698 0.006013 -0.027405
v 0.028377 0.005650 -0.026129
v 0.028379 0.009777 -0.034967
v 0.028377 0.007531 -0.031357
v 0.028696 0.007564 -0.031318
v 0.028697 0.009816 -0.034939
v 0.029011 0.006117 -0.027355
v 0.029003 0.007670 -0.031254
v 0.029274 0.006308 -0.027279
v 0.029256 0.007856 -0.031149
v 0.029472 0.006548 -0.027190
v 0.029439 0.008087 -0.031023
v 0.029002 0.009921 -0.034860
v 0.029251 0.010097 -0.034728
v 0.029430 0.010311 -0.034568
v 0.028938 0.005098 0.017095
v 0.028918 0.005099 0.026161
v 0.029038 0.005240 0.026161
v 0.028804 0.005036 0.017094
v 0.028709 0.005018 0.026162
v 0.029035 0.005197 0.017095
v 0.029107 0.005360 0.017096
v 0.029112 0.005700 0.026162
v 0.029118 0.005699 0.024538
v 0.029167 0.005694 0.015600
v 0.029208 0.005688 0.011131
v 0.030142 0.008923 0.005669
v 0.029357 0.006029 0.006559
v 0.029475 0.007220 0.010644
v 0.029391 0.018117 0.025853
v 0.031012 0.041370 0.017892
v 0.029456 0.042644 0.021572
v 0.029459 0.046717 0.020109
v 0.031012 0.020794 0.013032
v 0.030755 0.021703 0.015141
v 0.031012 0.023426 0.014546
v 0.031012 0.011095 0.003306
v 0.031012 0.009284 0.000063
v 0.030177 0.007690 0.001605
v 0.031012 0.012865 0.005811
v 0.030631 0.013140 0.008843
v 0.031012 0.014847 0.008114
v 0.031012 0.017035 0.010213
v 0.030325 0.014396 0.012887
v 0.031012 0.026203 0.015807
v 0.030233 0.022936 0.019153
v 0.031012 0.036687 0.018041
v 0.030069 0.030261 0.021341
v 0.031012 0.030655 0.017213
v 0.030875 0.029020 0.017378
v 0.029478 0.037045 0.023114
v 0.029459 0.050572 0.018469
v 0.031012 0.045850 0.017050
v 0.029429 0.054890 0.016361
v 0.031012 0.053573 0.014009
v 0.031012 0.050246 0.015586
v 0.029491 0.030683 0.024377
v 0.029735 0.016895 0.020985
v 0.029485 0.008440 0.014719
v 0.029341 0.010920 0.022862
v 0.029198 0.009416 0.026167
v 0.025090 0.005668 0.037017
v 0.025108 0.005504 0.037062
v 0.022377 0.005664 0.037940
v 0.021001 0.005408 0.038380
v 0.020991 0.005663 0.038305
v 0.018862 0.005662 0.038768
v 0.015253 0.005408 0.039422
v 0.015198 0.005660 0.039349
v 0.010849 0.005659 0.039773
v 0.007872 0.005410 0.040012
v 0.007875 0.005659 0.039935
v 0.005842 0.005660 0.039994
v 0.024982 0.005005 0.036749
v 0.020896 0.005005 0.038047
v 0.015182 0.005005 0.039082
v 0.007842 0.005006 0.039668
v 0.007862 0.005146 0.039952
v 0.015233 0.005144 0.039364
v 0.020976 0.005143 0.038324
v 0.025083 0.005094 0.037001
v 0.025116 0.005235 0.037082
v 0.028410 0.005218 0.033855
v 0.027694 0.005178 0.035252
v 0.027702 0.005359 0.035305
v 0.027341 0.005684 0.035650
v 0.026530 0.005363 0.036379
v 0.028793 0.005699 0.032363
v 0.028791 0.005354 0.032380
v 0.025620 0.005669 0.036792
v 0.026517 0.005179 0.036352
v 0.026461 0.005061 0.036258
v 0.026395 0.005020 0.036155
v 0.029049 0.005367 0.029274
v 0.029068 0.005700 0.029279
v 0.026492 0.005675 0.036326
v 0.027532 0.005018 0.035053
v 0.027623 0.005057 0.035145
v 0.028703 0.005019 0.029142
v 0.028502 0.005016 0.032139
v 0.028837 0.005059 0.029173
v 0.028627 0.005052 0.032200
v 0.028939 0.005130 0.029210
v 0.028715 0.005118 0.032269
v 0.028421 0.005697 0.033842
v 0.028420 0.005352 0.033901
v 0.028768 0.005219 0.032333
v 0.029009 0.005233 0.029247
v 0.028185 0.005016 0.033633
v 0.028298 0.005052 0.033710
v 0.028373 0.005118 0.033788
v 0.014362 0.006481 -0.030656
v 0.014360 0.007191 -0.032430
v 0.014363 0.005924 -0.028768
v 0.014357 0.008542 -0.035259
v 0.031012 0.012467 -0.032953
v 0.031012 0.010768 -0.030442
v 0.031012 0.008965 -0.027034
v 0.031012 0.007593 -0.023467
v 0.031012 0.006814 -0.020539
v 0.018176 0.018089 0.034292
v 0.025053 0.043181 0.023053
v 0.027770 0.030543 0.027450
v 0.025135 0.030671 0.028099
v 0.026016 0.018030 0.032407
v 0.025232 0.018012 0.032712
v 0.021463 0.049419 0.020565
v 0.028549 0.043063 0.022515
v 0.028394 0.036845 0.024919
v 0.018188 0.055577 0.017590
v 0.028379 0.055214 0.016942
v 0.028660 0.049201 0.019888
v 0.008001 0.055781 0.017955
v 0.007166 0.043504 0.024339
v 0.007207 0.030953 0.030053
v 0.007242 0.018214 0.035261
v 0.014554 0.018131 0.034762
v 0.014453 0.030840 0.029629
v 0.021509 0.043249 0.023456
v 0.021616 0.030724 0.028762
v 0.021740 0.018049 0.033634
v 0.014357 0.043386 0.024028
v 0.014316 0.049574 0.020999
v 0.028348 0.030594 0.027017
v 0.028737 0.018044 0.029787
v 0.027117 0.017960 0.031992
v 0.027843 0.017991 0.031413
v 0.028373 0.018019 0.030652
v 0.029171 0.018085 0.027908
v 0.029203 0.030690 0.025447
v 0.029251 0.036972 0.023817
v 0.029256 0.043134 0.021836
v 0.029355 0.049137 0.019283
v 0.029008 0.049190 0.019694
v 0.029001 0.055125 0.016783
v 0.028530 0.055206 0.016928
v 0.028847 0.030648 0.026411
v 0.028958 0.043102 0.022220
v 0.028904 0.036909 0.024429
v 0.031012 0.030420 -0.040265
v 0.031012 0.029074 -0.044456
v 0.031012 0.022437 -0.041676
v 0.031012 0.024728 -0.037916
v 0.031012 0.018923 -0.039397
v 0.031012 0.019701 -0.034359
v 0.031012 0.015387 -0.036330
v 0.031012 0.062869 0.006131
v 0.031012 0.060408 0.002111
v 0.031012 0.056299 0.006697
v 0.031012 0.036492 -0.041289
v 0.031012 0.034910 -0.045580
v 0.031012 0.039507 0.013628
v 0.031012 0.033360 0.013275
v 0.031012 0.038980 -0.045708
v 0.031012 0.051272 0.010254
v 0.031012 0.057993 0.011026
v 0.031012 0.060272 0.009007
v 0.031012 0.048812 0.011455
v 0.031012 0.045580 0.012604
v 0.031012 0.015592 -0.029772
v 0.031012 0.048555 -0.039224
v 0.031012 0.050162 -0.043321
v 0.031012 0.067998 -0.002997
v 0.031012 0.063393 -0.003275
v 0.031012 0.066577 0.000343
v 0.031012 0.065097 0.003002
v 0.031012 0.042640 -0.040936
v 0.031012 0.043117 -0.045315
v 0.031012 0.027444 0.011563
v 0.031012 0.012606 -0.024386
v 0.031012 0.069595 -0.009438
v 0.031012 0.065105 -0.009191
v 0.031012 0.059237 -0.037633
v 0.031012 0.055556 -0.040464
v 0.031012 0.053941 -0.036239
v 0.031012 0.010894 -0.018471
v 0.031012 0.069774 -0.016654
v 0.031012 0.065458 -0.015338
v 0.031012 0.022058 0.008577
v 0.031012 0.017472 0.004468
v 0.031012 0.068786 -0.021998
v 0.031012 0.064434 -0.021411
v 0.031012 0.010541 -0.012323
v 0.031012 0.065526 -0.029823
v 0.031012 0.062085 -0.027103
v 0.031012 0.058528 -0.032130
v 0.031012 0.061426 -0.035482
v 0.031012 0.013915 -0.000559
v 0.031012 0.011565 -0.006251
v 0.029430 0.069484 -0.028162
v 0.029251 0.069870 -0.027959
v 0.029251 0.013255 -0.038387
v 0.029002 0.013100 -0.038542
v 0.028697 0.016678 -0.041854
v 0.028379 0.012623 -0.038311
v 0.028697 0.013007 -0.038635
v 0.028697 0.025174 -0.046623
v 0.028379 0.024432 -0.046366
v 0.028697 0.020760 -0.044534
v 0.028379 0.019688 -0.043963
v 0.028379 0.015973 -0.041364
v 0.028379 0.028978 -0.047908
v 0.028697 0.029833 -0.048083
v 0.028379 0.033340 -0.048782
v 0.028697 0.034650 -0.048883
v 0.028379 0.034647 -0.048931
v 0.028379 0.037894 -0.049090
v 0.028697 0.039531 -0.049009
v 0.028379 0.039534 -0.049057
v 0.029251 0.044314 -0.048116
v 0.029251 0.039510 -0.048659
v 0.029430 0.039495 -0.048393
v 0.029251 0.034678 -0.048534
v 0.029430 0.034700 -0.048268
v 0.029251 0.029910 -0.047740
v 0.029430 0.029969 -0.047480
v 0.029251 0.025297 -0.046295
v 0.029430 0.025392 -0.046045
v 0.029251 0.020929 -0.044226
v 0.029430 0.021058 -0.043993
v 0.029251 0.016889 -0.041574
v 0.029430 0.017049 -0.041361
v 0.029430 0.013444 -0.038198
v 0.028379 0.042450 -0.048809
v 0.028697 0.044382 -0.048460
v 0.028379 0.044393 -0.048507
v 0.029430 0.044262 -0.047854
v 0.029251 0.048995 -0.046912
v 0.028379 0.046931 -0.047940
v 0.028697 0.049111 -0.047243
v 0.028379 0.049127 -0.047288
v 0.029430 0.048907 -0.046659
v 0.029251 0.053466 -0.045074
v 0.028379 0.051263 -0.046501
v 0.028697 0.053627 -0.045386
v 0.028379 0.053649 -0.045429
v 0.029430 0.053344 -0.044836
v 0.029251 0.057639 -0.042634
v 0.028379 0.055373 -0.044515
v 0.028697 0.057841 -0.042920
v 0.028379 0.057869 -0.042960
v 0.029430 0.057485 -0.042415
v 0.029251 0.061434 -0.039639
v 0.028379 0.059190 -0.042012
v 0.028697 0.061674 -0.039896
v 0.028379 0.061707 -0.039931
v 0.029430 0.061251 -0.039445
v 0.029251 0.064780 -0.036151
v 0.028379 0.062653 -0.039039
v 0.028697 0.065053 -0.036372
v 0.028379 0.065090 -0.036402
v 0.029430 0.064572 -0.035984
v 0.029251 0.067610 -0.032232
v 0.029430 0.067215 -0.032356
v 0.029002 0.016757 -0.041749
v 0.029002 0.020823 -0.044419
v 0.029002 0.025219 -0.046500
v 0.029002 0.029861 -0.047955
v 0.029002 0.034660 -0.048753
v 0.029002 0.039523 -0.048878
v 0.029002 0.044356 -0.048331
v 0.029002 0.049067 -0.047119
v 0.029002 0.053567 -0.045269
v 0.029002 0.057765 -0.042813
v 0.029002 0.061584 -0.039800
v 0.029002 0.064951 -0.036289
v 0.029002 0.067798 -0.032345
v 0.028697 0.067910 -0.032412
v 0.028379 0.070237 -0.028115
v 0.028379 0.068120 -0.032159
v 0.028379 0.065704 -0.035644
v 0.028697 0.071856 -0.023506
v 0.028697 0.070193 -0.028096
v 0.029002 0.071729 -0.023472
v 0.029002 0.070072 -0.028045
v 0.029251 0.071517 -0.023415
v 0.029430 0.071259 -0.023346
v 0.028379 0.071903 -0.023519
v 0.028611 0.057013 0.015801
v 0.028697 0.072893 -0.018543
v 0.028379 0.072919 -0.018714
v 0.028695 0.073211 -0.013477
v 0.028379 0.073258 -0.014147
v 0.028379 0.073027 -0.009790
v 0.028692 0.072795 -0.008416
v 0.028379 0.072071 -0.004752
v 0.028688 0.071661 -0.003486
v 0.028379 0.069870 0.001254
v 0.028379 0.070543 -0.000260
v 0.028684 0.069831 0.001235
v 0.028379 0.071580 -0.003076
v 0.028379 0.068890 0.003171
v 0.028681 0.067342 0.005644
v 0.028379 0.064268 0.009690
v 0.028379 0.065758 0.007912
v 0.028678 0.064237 0.009663
v 0.028379 0.067120 0.006051
v 0.028708 0.060178 0.013468
v 0.028379 0.062587 0.011442
v 0.028954 0.057012 0.015619
v 0.029223 0.057010 0.015353
v 0.029429 0.057014 0.015033
v 0.029287 0.059972 0.013138
v 0.029429 0.059838 0.012985
v 0.029267 0.063958 0.009412
v 0.029429 0.062938 0.010147
v 0.029264 0.067033 0.005437
v 0.029430 0.065165 0.007590
v 0.029430 0.071070 -0.003675
v 0.029259 0.071315 -0.003596
v 0.029430 0.070173 -0.001117
v 0.029262 0.069500 0.001076
v 0.029430 0.068796 0.001929
v 0.029430 0.067123 0.004841
v 0.029256 0.072440 -0.008475
v 0.029430 0.072008 -0.007489
v 0.029430 0.072593 -0.014034
v 0.029254 0.072855 -0.013486
v 0.029430 0.072457 -0.010755
v 0.029430 0.072281 -0.018470
v 0.029253 0.072542 -0.018501
v 0.028379 0.057018 0.015832
v 0.028379 0.060159 0.013546
v 0.029027 0.060096 0.013342
v 0.029002 0.064134 0.009569
v 0.029002 0.067227 0.005566
v 0.029002 0.069707 0.001175
v 0.029002 0.071532 -0.003528
v 0.029002 0.072662 -0.008438
v 0.029003 0.073077 -0.013480
v 0.029003 0.072762 -0.018527
v 0.021135 0.027799 -0.048169
v 0.008675 0.027634 -0.048727
v 0.008675 0.033189 -0.049915
v 0.021135 0.070883 -0.028040
v 0.021135 0.068771 -0.032169
v 0.021135 0.066145 -0.035990
v 0.021135 0.063046 -0.039441
v 0.021135 0.059528 -0.042462
v 0.021135 0.055649 -0.045003
v 0.021135 0.051474 -0.047022
v 0.021135 0.042521 -0.049366
v 0.021135 0.047073 -0.048484
v 0.021135 0.037892 -0.049652
v 0.021135 0.033266 -0.049338
v 0.008675 0.073002 -0.023833
v 0.021255 0.072353 -0.023647
v 0.008675 0.071417 -0.028271
v 0.008675 0.069271 -0.032467
v 0.008675 0.066602 -0.036350
v 0.008675 0.063453 -0.039857
v 0.008675 0.059878 -0.042927
v 0.008675 0.055936 -0.045509
v 0.008675 0.051693 -0.047561
v 0.008675 0.047221 -0.049047
v 0.008675 0.042594 -0.049943
v 0.008675 0.037891 -0.050234
v 0.021135 0.012219 -0.038701
v 0.008675 0.011800 -0.039105
v 0.021135 0.023478 -0.046577
v 0.008675 0.023242 -0.047109
v 0.008675 0.019094 -0.044940
v 0.021135 0.019396 -0.044443
v 0.008675 0.015259 -0.042257
v 0.021135 0.015623 -0.041803
v 0.008675 0.074028 -0.019043
v 0.021135 0.073452 -0.018959
v 0.021135 0.059304 0.014967
v 0.021135 0.062978 0.011845
v 0.021135 0.066200 0.008258
v 0.021135 0.071062 -0.000043
v 0.021135 0.068911 0.004271
v 0.021135 0.072614 -0.004608
v 0.021135 0.073539 -0.009339
v 0.021135 0.073820 -0.014152
v 0.008675 0.059651 0.015435
v 0.008675 0.063384 0.012262
v 0.008675 0.066658 0.008617
v 0.008675 0.069413 0.004565
v 0.008675 0.071599 0.000181
v 0.008675 0.073176 -0.004458
v 0.008675 0.074116 -0.009266
v 0.008675 0.074402 -0.014158
v 0.030216 0.055404 0.014507
v 0.030216 0.069395 -0.002864
v 0.030219 0.070053 -0.022604
v 0.030216 0.071255 -0.014027
v 0.030216 0.071016 -0.017808
v 0.030216 0.071061 -0.010243
v 0.030216 0.070439 -0.006506
v 0.030216 0.066104 0.003948
v 0.030216 0.063899 0.007029
v 0.030216 0.058515 0.012343
v 0.030216 0.061359 0.009840
v 0.030216 0.067944 0.000636
v 0.030221 0.059964 -0.038789
v 0.030221 0.043724 -0.046581
v 0.030221 0.039192 -0.047056
v 0.030221 0.034637 -0.046907
v 0.030221 0.030146 -0.046136
v 0.030221 0.025803 -0.044759
v 0.030221 0.021688 -0.042801
v 0.030221 0.017880 -0.040299
v 0.030221 0.014450 -0.037299
v 0.030221 0.011463 -0.033858
v 0.030221 0.052382 -0.043806
v 0.030221 0.048148 -0.045491
v 0.030221 0.056345 -0.041558
v 0.030221 0.063170 -0.035551
v 0.030221 0.065904 -0.031905
v 0.030221 0.068113 -0.027920
v 0.006064 0.000000 -0.026567
v 0.011823 0.000000 -0.024551
v 0.016990 0.000000 -0.021305
v 0.021305 0.000000 -0.016990
v 0.024551 0.000000 -0.011823
v 0.026567 0.000000 -0.006064
v 0.027250 0.000000 0.000000
v 0.026567 0.000000 0.006064
v 0.024551 0.000000 0.011823
v 0.021305 0.000000 0.016990
v 0.016990 0.000000 0.021305
v 0.011823 0.000000 0.024551
v 0.006064 0.000000 0.026567
v 0.006064 0.002000 0.026567
v 0.011823 0.002000 0.024551
v 0.016990 0.002000 0.021305
v 0.021305 0.002000 0.016990
v 0.024551 0.002000 0.011823
v 0.026567 0.002000 0.006064
v 0.027250 0.002000 0.000000
v 0.026567 0.002000 -0.006064
v 0.024551 0.002000 -0.011823
v 0.021305 0.002000 -0.016990
v 0.016990 0.002000 -0.021305
v 0.011823 0.002000 -0.024551
v 0.006064 0.002000 -0.026567
v 0.030412 0.051272 0.010254
v 0.030412 0.056299 0.006697
v 0.030412 0.060408 0.002111
v 0.030412 0.063393 -0.003275
v 0.030412 0.065105 -0.009191
v 0.030412 0.065458 -0.015338
v 0.030412 0.064434 -0.021411
v 0.030412 0.062085 -0.027103
v 0.030412 0.058528 -0.032130
v 0.030412 0.053941 -0.036239
v 0.030412 0.048555 -0.039224
v 0.030412 0.042640 -0.040936
v 0.030412 0.036492 -0.041289
v 0.030412 0.030420 -0.040265
v 0.030412 0.024728 -0.037916
v 0.030412 0.019701 -0.034359
v 0.030412 0.015592 -0.029772
v 0.030412 0.012606 -0.024386
v 0.030412 0.010894 -0.018471
v 0.030412 0.010541 -0.012323
v 0.030412 0.011565 -0.006251
v 0.030412 0.013915 -0.000559
v 0.030412 0.017472 0.004468
v 0.030412 0.022058 0.008577
v 0.030412 0.027444 0.011563
v 0.030412 0.033360 0.013275
v 0.030412 0.039507 0.013628
v 0.030412 0.045580 0.012604
v 0.030412 0.038000 -0.013831
vt 0.681076 0.677465
vt 0.678882 0.682328
vt 0.674442 0.667030
vt 0.711152 0.656024
vt 0.791105 0.188145
vt 0.743150 0.200316
vt 0.761609 0.208128
vt 0.803599 0.193702
vt 0.752566 0.179575
vt 0.725360 0.195386
vt 0.708333 0.193450
vt 0.712098 0.193621
vt 0.692177 0.194573
vt 0.716671 0.184940
vt 0.648966 0.216895
vt 0.662556 0.206246
vt 0.685147 0.204262
vt 0.676938 0.198818
vt 0.678682 0.198155
vt 0.614128 0.268405
vt 0.616233 0.258413
vt 0.619052 0.257731
vt 0.659575 0.236891
vt 0.624256 0.248106
vt 0.636113 0.230756
vt 0.641303 0.281494
vt 0.605833 0.291539
vt 0.599559 0.317165
vt 0.605170 0.293795
vt 0.595085 0.348234
vt 0.597403 0.329621
vt 0.631350 0.336075
vt 0.594257 0.358189
vt 0.593306 0.388421
vt 0.590061 0.367896
vt 0.630326 0.398052
vt 0.593937 0.410022
vt 0.590280 0.407793
vt 0.601876 0.476134
vt 0.598064 0.452631
vt 0.638377 0.464388
vt 0.603395 0.484033
vt 0.594581 0.420144
vt 0.618566 0.543252
vt 0.614998 0.547440
vt 0.613103 0.524744
vt 0.655158 0.531751
vt 0.604979 0.491675
vt 0.600504 0.492964
vt 0.643171 0.607976
vt 0.632681 0.595513
vt 0.635289 0.589661
vt 0.679837 0.596725
vt 0.623236 0.557521
vt 0.664359 0.649923
vt 0.658562 0.639330
vt 0.688132 0.595838
vt 0.649056 0.620577
vt 0.698913 0.702704
vt 0.747487 0.706693
vt 0.710764 0.717470
vt 0.703976 0.716158
vt 0.786978 0.746289
vt 0.737146 0.745355
vt 0.717650 0.725387
vt 0.757058 0.762253
vt 0.750270 0.756875
vt 0.766776 0.769286
vt 0.732813 0.746994
vt 0.777153 0.775938
vt 0.827639 0.773006
vt 0.796165 0.785840
vt 0.793610 0.788340
vt 0.836871 0.777155
vt 0.800224 0.787552
vt 0.594184 0.449498
vt 0.590526 0.450103
vt 0.586595 0.408359
vt 0.587305 0.348908
vt 0.588438 0.330280
vt 0.592035 0.330621
vt 0.583509 0.348040
vt 0.584697 0.328896
vt 0.579801 0.346970
vt 0.581701 0.326824
vt 0.579297 0.355305
vt 0.582546 0.367788
vt 0.578774 0.366797
vt 0.582751 0.408698
vt 0.578413 0.381400
vt 0.581480 0.443265
vt 0.579582 0.423487
vt 0.586618 0.450671
vt 0.583877 0.460948
vt 0.588611 0.450390
vt 0.578488 0.408788
vt 0.589321 0.472288
vt 0.585659 0.472622
vt 0.597304 0.493691
vt 0.586318 0.368164
vt 0.594388 0.494186
vt 0.592756 0.494381
vt 0.591586 0.494478
vt 0.587820 0.486043
vt 0.587137 0.493646
vt 0.589413 0.494547
vt 0.569440 0.329519
vt 0.569237 0.324410
vt 0.570679 0.324475
vt 0.571994 0.390096
vt 0.574860 0.324846
vt 0.576397 0.408822
vt 0.572771 0.324615
vt 0.574354 0.408994
vt 0.584761 0.493119
vt 0.582780 0.493101
vt 0.580711 0.493352
vt 0.577326 0.494038
vt 0.574630 0.442055
vt 0.549690 0.429718
vt 0.593328 0.502359
vt 0.606401 0.550176
vt 0.597635 0.528146
vt 0.649479 0.655813
vt 0.644895 0.647392
vt 0.646494 0.645745
vt 0.666343 0.683960
vt 0.633985 0.625782
vt 0.598276 0.686952
vt 0.620067 0.594221
vt 0.624483 0.599326
vt 0.796322 0.789345
vt 0.762683 0.771123
vt 0.654201 0.640921
vt 0.607904 0.561537
vt 0.596113 0.501988
vt 0.609056 0.549326
vt 0.703408 0.733357
vt 0.696347 0.725076
vt 0.697411 0.722638
vt 0.723133 0.754032
vt 0.684389 0.709905
vt 0.671741 0.688068
vt 0.699145 0.720076
vt 0.726909 0.754139
vt 0.743359 0.771725
vt 0.728345 0.751273
vt 0.757464 0.778780
vt 0.757027 0.781779
vt 0.745417 0.885341
vt 0.792019 0.795925
vt 0.791681 0.800618
vt 0.789096 0.796343
vt 0.789908 0.793082
vt 0.797467 0.906002
vt 0.784340 0.797438
vt 0.758592 0.775679
vt 0.763852 0.786244
vt 0.648744 0.643941
vt 0.673735 0.685845
vt 0.599016 0.501436
vt 0.626956 0.597983
vt 0.611866 0.548432
vt 0.629637 0.596737
vt 0.602209 0.500672
vt 0.791383 0.790466
vt 0.793576 0.792152
vt 0.760298 0.773176
vt 0.730275 0.748937
vt 0.701291 0.717957
vt 0.676069 0.683968
vt 0.651264 0.642363
vt 0.590638 0.589221
vt 0.601790 0.742212
vt 0.606319 0.770327
vt 0.613316 0.789697
vt 0.610466 0.783562
vt 0.695737 0.859753
vt 0.656324 0.833403
vt 0.618237 0.797577
vt 0.625508 0.806213
vt 0.627671 0.808428
vt 0.599927 0.291810
vt 0.603164 0.291680
vt 0.590894 0.286073
vt 0.599452 0.262677
vt 0.607428 0.255946
vt 0.594087 0.289820
vt 0.604214 0.252453
vt 0.609822 0.242150
vt 0.584338 0.312008
vt 0.596955 0.291200
vt 0.630923 0.231438
vt 0.613052 0.258425
vt 0.610170 0.257618
vt 0.627794 0.230533
vt 0.624769 0.228375
vt 0.624011 0.227561
vt 0.575952 0.202563
vt 0.621930 0.224563
vt 0.715047 0.193066
vt 0.697783 0.190995
vt 0.695428 0.186735
vt 0.712872 0.188872
vt 0.637751 0.214349
vt 0.640997 0.216800
vt 0.634976 0.210333
vt 0.681417 0.192021
vt 0.678917 0.187742
vt 0.665988 0.196228
vt 0.663371 0.191977
vt 0.651457 0.203661
vt 0.648751 0.199498
vt 0.735631 0.200492
vt 0.717692 0.195496
vt 0.733148 0.198141
vt 0.700564 0.193492
vt 0.684325 0.194561
vt 0.669018 0.198776
vt 0.654600 0.206180
vt 0.757417 0.209023
vt 0.738886 0.201189
vt 0.721049 0.196243
vt 0.704003 0.194289
vt 0.687844 0.195399
vt 0.644730 0.217659
vt 0.658270 0.207045
vt 0.672617 0.199635
vt 0.751970 0.206108
vt 0.731204 0.194056
vt 0.750297 0.202159
vt 0.754274 0.208373
vt 0.565970 0.245692
vt 0.548466 0.232155
vt 0.563506 0.200870
vt 0.570605 0.201101
vt 0.551443 0.279934
vt 0.568073 0.293032
vt 0.567163 0.270646
vt 0.541585 0.195423
vt 0.546094 0.345098
vt 0.559780 0.338846
vt 0.555260 0.386564
vt 0.538310 0.383089
vt 0.571505 0.162121
vt 0.573085 0.171768
vt 0.570352 0.168762
vt 0.567319 0.143349
vt 0.563887 0.168444
vt 0.560282 0.168948
vt 0.567368 0.168342
vt 0.561822 0.125760
vt 0.561307 0.130472
vt 0.526728 0.067212
vt 0.548190 0.096363
vt 0.545761 0.095805
vt 0.524248 0.066561
vt 0.558282 0.130275
vt 0.542765 0.095771
vt 0.554836 0.130784
vt 0.551392 0.131801
vt 0.539454 0.096583
vt 0.536227 0.097994
vt 0.521291 0.066672
vt 0.518114 0.067732
vt 0.502100 0.107243
vt 0.515086 0.069434
vt 0.589154 0.589010
vt 0.593738 0.685728
vt 0.591607 0.685776
vt 0.587579 0.589011
vt 0.595935 0.686105
vt 0.585590 0.589272
vt 0.579011 0.526792
vt 0.586886 0.686833
vt 0.586061 0.669451
vt 0.581400 0.574174
vt 0.563028 0.525275
vt 0.572688 0.479212
vt 0.540709 0.475957
vt 0.254826 0.690923
vt 0.256031 0.736561
vt 0.220959 0.732062
vt 0.216483 0.694091
vt 0.431898 0.584349
vt 0.426507 0.609693
vt 0.409267 0.607503
vt 0.514109 0.454960
vt 0.528887 0.415790
vt 0.499373 0.486286
vt 0.487225 0.423020
vt 0.500887 0.519939
vt 0.482675 0.516075
vt 0.457779 0.485613
vt 0.493546 0.566836
vt 0.464073 0.544272
vt 0.420860 0.656616
vt 0.385348 0.628331
vt 0.362240 0.652812
vt 0.295034 0.679991
vt 0.358510 0.699779
vt 0.359999 0.734260
vt 0.346973 0.655145
vt 0.304416 0.737867
vt 0.187993 0.725233
vt 0.201021 0.730136
vt 0.150774 0.683268
vt 0.179021 0.690645
vt 0.151544 0.714966
vt 0.472370 0.716563
vt 0.478816 0.660782
vt 0.553844 0.571729
vt 0.536170 0.665362
vt 0.552367 0.696841
vt 0.620475 0.814589
vt 0.616686 0.810716
vt 0.621882 0.814598
vt 0.639704 0.831900
vt 0.624314 0.814086
vt 0.651761 0.839686
vt 0.649442 0.839572
vt 0.664286 0.850260
vt 0.553916 0.836371
vt 0.654341 0.838456
vt 0.691570 0.866250
vt 0.719249 0.882291
vt 0.689588 0.866262
vt 0.694107 0.865008
vt 0.741671 0.892003
vt 0.739320 0.891807
vt 0.627386 0.875555
vt 0.752946 0.897736
vt 0.744134 0.890726
vt 0.794005 0.912749
vt 0.791686 0.912471
vt 0.627192 0.810252
vt 0.656011 0.835334
vt 0.695575 0.861762
vt 0.745395 0.887397
vt 0.797527 0.908067
vt 0.796398 0.911433
vt 0.625802 0.812920
vt 0.599991 0.770157
vt 0.606043 0.787105
vt 0.604346 0.788141
vt 0.598711 0.770981
vt 0.604032 0.793720
vt 0.612984 0.802965
vt 0.610348 0.803318
vt 0.614753 0.802215
vt 0.616179 0.801049
vt 0.616967 0.800006
vt 0.591901 0.719473
vt 0.593396 0.718923
vt 0.595359 0.753563
vt 0.592154 0.754309
vt 0.596736 0.752763
vt 0.588718 0.720380
vt 0.608539 0.784984
vt 0.607590 0.785819
vt 0.597441 0.718086
vt 0.600358 0.750867
vt 0.596158 0.718141
vt 0.599182 0.751271
vt 0.594814 0.718446
vt 0.597994 0.751948
vt 0.595501 0.771271
vt 0.601142 0.769268
vt 0.603308 0.767846
vt 0.602224 0.768454
vt 0.651498 0.146143
vt 0.644359 0.130635
vt 0.737653 0.176449
vt 0.657375 0.163312
vt 0.631088 0.106712
vt 0.637948 0.097383
vt 0.722201 0.149114
vt 0.486088 0.087359
vt 0.499898 0.077646
vt 0.519535 0.136016
vt 0.533312 0.167961
vt 0.282678 0.765068
vt 0.374394 0.770787
vt 0.391878 0.785019
vt 0.306811 0.778804
vt 0.499500 0.795178
vt 0.505239 0.800496
vt 0.416054 0.801481
vt 0.253981 0.765009
vt 0.259115 0.749856
vt 0.314347 0.759064
vt 0.224211 0.758997
vt 0.156359 0.724535
vt 0.205520 0.738386
vt 0.345198 0.810924
vt 0.291997 0.789567
vt 0.402793 0.825810
vt 0.450062 0.844864
vt 0.554745 0.870853
vt 0.512782 0.853171
vt 0.682285 0.900431
vt 0.578482 0.851008
vt 0.464538 0.829700
vt 0.529477 0.819791
vt 0.354950 0.803766
vt 0.301900 0.788528
vt 0.369755 0.764810
vt 0.310057 0.752751
vt 0.365560 0.757245
vt 0.492297 0.787595
vt 0.486703 0.779530
vt 0.482426 0.770060
vt 0.475079 0.738884
vt 0.362348 0.746276
vt 0.306875 0.745601
vt 0.253340 0.741108
vt 0.203122 0.735430
vt 0.152693 0.721021
vt 0.155362 0.723977
vt 0.479289 0.759935
vt 0.255825 0.745803
vt 0.328646 0.071727
vt 0.338573 0.026149
vt 0.396115 0.032276
vt 0.377905 0.076924
vt 0.427244 0.043597
vt 0.422503 0.096387
vt 0.459153 0.062834
vt 0.072188 0.628016
vt 0.053363 0.602546
vt 0.091382 0.581087
vt 0.126278 0.616261
vt 0.094110 0.650127
vt 0.277243 0.080792
vt 0.289096 0.033748
vt 0.269377 0.641934
vt 0.322106 0.621604
vt 0.255125 0.045388
vt 0.168966 0.638928
vt 0.113354 0.664556
vt 0.189902 0.644601
vt 0.217454 0.647721
vt 0.460072 0.129385
vt 0.028654 0.550526
vt 0.065828 0.535315
vt 0.040803 0.579942
vt 0.221007 0.062223
vt 0.226224 0.103431
vt 0.372874 0.587567
vt 0.488530 0.174438
vt 0.178018 0.138354
vt 0.163798 0.103462
vt 0.014549 0.491145
vt 0.050692 0.481282
vt 0.091701 0.186099
vt 0.120722 0.147611
vt 0.134854 0.183755
vt 0.506229 0.229354
vt 0.011723 0.420750
vt 0.046552 0.421624
vt 0.418943 0.541449
vt 0.018563 0.365762
vt 0.053502 0.359164
vt 0.512080 0.291322
vt 0.074605 0.213432
vt 0.098692 0.237416
vt 0.505653 0.357060
vt 0.071159 0.296803
vt 0.042995 0.280319
vt 0.488849 0.041256
vt 0.491828 0.040038
vt 0.494663 0.039834
vt 0.461388 0.019650
vt 0.469849 0.023299
vt 0.500309 0.042893
vt 0.386611 0.000000
vt 0.401480 0.001833
vt 0.425120 0.006323
vt 0.384201 0.000338
vt 0.436710 0.009562
vt 0.422561 0.006642
vt 0.354582 0.000742
vt 0.364766 0.000155
vt 0.346626 0.000699
vt 0.348842 0.001267
vt 0.344368 0.001028
vt 0.388884 0.000566
vt 0.451892 0.020161
vt 0.319083 0.006166
vt 0.303827 0.008603
vt 0.305937 0.008307
vt 0.281007 0.017663
vt 0.308102 0.008883
vt 0.263338 0.022836
vt 0.265302 0.022591
vt 0.267416 0.023180
vt 0.329631 0.035870
vt 0.222357 0.044506
vt 0.261817 0.024107
vt 0.260803 0.026061
vt 0.221637 0.046299
vt 0.302058 0.009967
vt 0.300740 0.012039
vt 0.342348 0.002450
vt 0.340722 0.004593
vt 0.381928 0.001777
vt 0.379993 0.003940
vt 0.420039 0.008050
vt 0.417803 0.010178
vt 0.455928 0.021256
vt 0.453406 0.023294
vt 0.486060 0.043152
vt 0.243412 0.034776
vt 0.223637 0.043364
vt 0.225459 0.043190
vt 0.227526 0.043800
vt 0.291510 0.053072
vt 0.183946 0.072333
vt 0.184385 0.070744
vt 0.206888 0.057201
vt 0.185435 0.069765
vt 0.187124 0.069682
vt 0.189145 0.070318
vt 0.148370 0.103606
vt 0.148547 0.102257
vt 0.171987 0.084506
vt 0.219127 0.103110
vt 0.149385 0.101471
vt 0.150950 0.101497
vt 0.152929 0.102163
vt 0.115536 0.139555
vt 0.115474 0.138478
vt 0.139231 0.116223
vt 0.185959 0.135066
vt 0.116117 0.137911
vt 0.117567 0.138061
vt 0.119509 0.138762
vt 0.085994 0.179501
vt 0.085718 0.178722
vt 0.109121 0.151860
vt 0.155472 0.170965
vt 0.086186 0.178395
vt 0.087535 0.178680
vt 0.089443 0.179422
vt 0.060216 0.222708
vt 0.059755 0.222250
vt 0.082076 0.190819
vt 0.128112 0.210235
vt 0.060075 0.222182
vt 0.061338 0.222615
vt 0.063217 0.223399
vt 0.039931 0.265440
vt 0.038055 0.268323
vt 0.458686 0.019922
vt 0.038253 0.268528
vt 0.039446 0.269118
vt 0.020968 0.316128
vt 0.022749 0.312532
vt 0.024042 0.318242
vt 0.040018 0.273117
vt 0.022203 0.317362
vt 0.058490 0.232502
vt 0.104276 0.252266
vt 0.021066 0.316613
vt 0.008814 0.365606
vt 0.009909 0.366519
vt 0.008786 0.364835
vt 0.009604 0.364253
vt 0.011737 0.367451
vt 0.139497 0.716947
vt 0.002636 0.417626
vt 0.001559 0.416539
vt 0.004597 0.416944
vt 0.050112 0.436667
vt 0.057009 0.388049
vt 0.000000 0.466652
vt 0.001082 0.467916
vt 0.002770 0.462396
vt 0.005364 0.516396
vt 0.005425 0.504413
vt 0.004252 0.514952
vt 0.014013 0.551379
vt 0.014219 0.560303
vt 0.015383 0.561924
vt 0.027129 0.591734
vt 0.031024 0.603849
vt 0.032841 0.604969
vt 0.029785 0.602057
vt 0.018268 0.566610
vt 0.059787 0.574126
vt 0.041126 0.621452
vt 0.050710 0.639292
vt 0.052044 0.641243
vt 0.067490 0.660621
vt 0.078172 0.673439
vt 0.080014 0.674594
vt 0.076723 0.671346
vt 0.056038 0.645547
vt 0.112103 0.701206
vt 0.094153 0.687871
vt 0.110512 0.698869
vt 0.137055 0.714176
vt 0.135115 0.710745
vt 0.133557 0.706952
vt 0.141257 0.695291
vt 0.109661 0.695782
vt 0.109727 0.693508
vt 0.076262 0.668597
vt 0.083628 0.672896
vt 0.050416 0.636780
vt 0.064886 0.653003
vt 0.014905 0.556431
vt 0.023009 0.557802
vt 0.022596 0.579367
vt 0.014152 0.558338
vt 0.029623 0.599809
vt 0.034287 0.605975
vt 0.048408 0.630610
vt 0.069561 0.641926
vt 0.004246 0.513282
vt 0.006674 0.521325
vt 0.000021 0.465281
vt 0.000777 0.458705
vt 0.002477 0.490447
vt 0.008227 0.489460
vt 0.002422 0.414533
vt 0.001575 0.415469
vt 0.141091 0.717905
vt 0.114586 0.702833
vt 0.414616 0.018384
vt 0.498032 0.053063
vt 0.368254 0.024352
vt 0.451009 0.058870
vt 0.535866 0.055009
vt 0.068508 0.342022
vt 0.084310 0.296417
vt 0.254487 0.075622
vt 0.136611 0.423744
vt 0.148015 0.377147
vt 0.163885 0.331340
vt 0.183985 0.287013
vt 0.208019 0.244835
vt 0.235637 0.205450
vt 0.266440 0.169468
vt 0.299978 0.137464
vt 0.335757 0.109963
vt 0.373241 0.087437
vt 0.411859 0.070293
vt 0.552332 0.061854
vt 0.521358 0.041995
vt 0.572211 0.063094
vt 0.487679 0.028047
vt 0.606441 0.077270
vt 0.193127 0.447886
vt 0.129684 0.472278
vt 0.186778 0.496146
vt 0.172345 0.734228
vt 0.141385 0.712212
vt 0.114271 0.684609
vt 0.073176 0.614918
vt 0.091422 0.651970
vt 0.051430 0.530316
vt 0.048200 0.484239
vt 0.254735 0.772209
vt 0.223245 0.749914
vt 0.195639 0.722016
vt 0.172344 0.689073
vt 0.153703 0.651710
vt 0.139978 0.610610
vt 0.131348 0.566497
vt 0.127910 0.520127
vt 0.005963 0.452854
vt 0.007140 0.415212
vt 0.013861 0.365761
vt 0.013924 0.524586
vt 0.035398 0.588692
vt 0.050970 0.616857
vt 0.114963 0.681432
vt 0.090972 0.663553
vt 0.221041 0.054389
vt 0.258348 0.035511
vt 0.296333 0.022512
vt 0.334316 0.015702
vt 0.371602 0.015287
vt 0.407487 0.021361
vt 0.441275 0.033900
vt 0.472292 0.052755
vt 0.151030 0.108103
vt 0.185063 0.078747
vt 0.119512 0.141905
vt 0.091034 0.179541
vt 0.066065 0.220344
vt 0.045013 0.263610
vt 0.028228 0.308599
vt 0.804309 0.206152
vt 0.765581 0.193686
vt 0.729097 0.195490
vt 0.696727 0.211746
vt 0.670202 0.241903
vt 0.651010 0.284649
vt 0.640286 0.337938
vt 0.638724 0.399062
vt 0.646507 0.464800
vt 0.663274 0.531606
vt 0.719711 0.654003
vt 0.756263 0.702992
vt 0.795777 0.740273
vt 0.836123 0.764031
vt 0.777405 0.745575
vt 0.817777 0.769261
vt 0.737880 0.708389
vt 0.701334 0.659511
vt 0.669775 0.601467
vt 0.644952 0.537360
vt 0.628232 0.470675
vt 0.620506 0.405047
vt 0.622131 0.344016
vt 0.632919 0.290799
vt 0.652177 0.248097
vt 0.678764 0.217957
vt 0.711190 0.201691
vt 0.747723 0.199850
vt 0.786487 0.212257
vt 0.801931 0.487171
vt 0.173168 0.640583
vt 0.130478 0.617920
vt 0.095577 0.582755
vt 0.070016 0.537000
vt 0.054870 0.482989
vt 0.050720 0.423358
vt 0.057659 0.360930
vt 0.075304 0.298603
vt 0.102825 0.239249
vt 0.138977 0.185622
vt 0.182131 0.140252
vt 0.230329 0.105358
vt 0.281342 0.082741
vt 0.332740 0.073693
vt 0.381997 0.078899
vt 0.426596 0.098364
vt 0.464167 0.131354
vt 0.492630 0.176393
vt 0.510337 0.231285
vt 0.516198 0.293224
vt 0.509783 0.358928
vt 0.491367 0.424850
vt 0.461935 0.487404
vt 0.423112 0.543205
vt 0.377055 0.589290
vt 0.326296 0.623299
vt 0.273574 0.643608
vt 0.221655 0.649382
vt 0.277502 0.359956
vt 0.694415 0.124692
vt 0.662846 0.104578
vt 0.628564 0.090363
vt 0.592179 0.082200
vt 0.554941 0.076250
vt 0.507273 0.085768
vt 0.468121 0.097009
vt 0.429512 0.113946
vt 0.392049 0.136243
vt 0.356303 0.163497
vt 0.322810 0.195241
vt 0.292064 0.230952
vt 0.264512 0.270062
vt 0.240556 0.311962
vt 0.220543 0.356014
vt 0.204766 0.401552
vt 0.185120 0.543735
vt 0.188673 0.589867
vt 0.197418 0.633767
vt 0.211252 0.674683
vt 0.229995 0.711893
vt 0.253383 0.744720
vt 0.281069 0.772539
vt 0.312627 0.794795
vt 0.908750 0.772506
vt 0.950434 0.757085
vt 0.914121 0.767347
vt 0.903304 0.775825
vt 0.816122 0.200544
vt 0.780627 0.218695
vt 0.799925 0.231912
vt 0.855163 0.230268
vt 0.814880 0.243900
vt 0.819212 0.247663
vt 0.838232 0.265795
vt 0.892248 0.271106
vt 0.890296 0.333078
vt 0.925800 0.321160
vt 0.874161 0.308640
vt 0.856677 0.286165
vt 0.854553 0.283660
vt 0.930039 0.417423
vt 0.954417 0.378208
vt 0.924160 0.402219
vt 0.921672 0.402969
vt 0.918103 0.387767
vt 0.904718 0.359301
vt 0.940446 0.448092
vt 0.976909 0.439789
vt 0.941318 0.450943
vt 0.949135 0.479300
vt 0.956643 0.514224
vt 0.958473 0.524865
vt 0.992329 0.503284
vt 0.952495 0.493636
vt 0.956840 0.535140
vt 0.962542 0.555788
vt 1.000000 0.565995
vt 0.961054 0.574765
vt 0.964208 0.576736
vt 0.963628 0.635798
vt 0.963020 0.642388
vt 0.999544 0.625230
vt 0.964771 0.615618
vt 0.964659 0.586255
vt 0.954848 0.688811
vt 0.990894 0.678388
vt 0.958095 0.674866
vt 0.950723 0.692484
vt 0.962327 0.648675
vt 0.958775 0.650203
vt 0.938141 0.733373
vt 0.974320 0.723051
vt 0.943771 0.721461
vt 0.938884 0.726035
vt 0.951901 0.699209
vt 0.922115 0.758282
vt 0.926611 0.752330
vt 0.966206 0.715303
vt 0.933809 0.741219
vt 0.893909 0.783604
vt 0.920189 0.778749
vt 0.882175 0.789797
vt 0.883750 0.788992
vt 0.884867 0.786800
vt 0.860351 0.795992
vt 0.877745 0.791462
vt 0.842001 0.797058
vt 0.832836 0.796324
vt 0.848323 0.797086
vt 0.856656 0.797832
vt 0.822897 0.794645
vt 0.846039 0.780594
vt 0.798821 0.790467
vt 0.804274 0.789153
vt 0.962191 0.613136
vt 0.958857 0.575883
vt 0.960406 0.614458
vt 0.951699 0.515981
vt 0.948446 0.495068
vt 0.947271 0.495777
vt 0.951474 0.516705
vt 0.947614 0.496260
vt 0.949352 0.496407
vt 0.952757 0.517890
vt 0.953605 0.526389
vt 0.954512 0.537911
vt 0.954154 0.537060
vt 0.955402 0.552294
vt 0.957466 0.577217
vt 0.958910 0.611125
vt 0.959952 0.627319
vt 0.959506 0.616240
vt 0.957668 0.592653
vt 0.959848 0.615287
vt 0.956842 0.578835
vt 0.959154 0.635428
vt 0.960328 0.637793
vt 0.957387 0.651617
vt 0.954918 0.536135
vt 0.957113 0.653179
vt 0.957445 0.654188
vt 0.957934 0.654980
vt 0.961363 0.657540
vt 0.960110 0.649507
vt 0.959498 0.656633
vt 0.953192 0.506075
vt 0.954582 0.562900
vt 0.953219 0.500777
vt 0.953103 0.501291
vt 0.953053 0.499228
vt 0.953258 0.500016
vt 0.956466 0.579587
vt 0.955784 0.580312
vt 0.962273 0.658425
vt 0.961984 0.659102
vt 0.961009 0.659770
vt 0.958733 0.660824
vt 0.956377 0.611735
vt 0.942570 0.604416
vt 0.957107 0.661368
vt 0.955223 0.683234
vt 0.949706 0.698180
vt 0.918997 0.768648
vt 0.905585 0.783396
vt 0.921325 0.761151
vt 0.922542 0.763889
vt 0.930778 0.751034
vt 0.937611 0.732473
vt 0.940799 0.730750
vt 0.971107 0.840255
vt 0.828916 0.798198
vt 0.922947 0.754082
vt 0.948968 0.708055
vt 0.948960 0.695961
vt 0.956294 0.659505
vt 0.874336 0.803561
vt 0.856838 0.808705
vt 0.879652 0.797707
vt 0.880459 0.800839
vt 0.901250 0.783398
vt 0.890653 0.795088
vt 0.853562 0.805955
vt 0.879573 0.794483
vt 0.838310 0.810422
vt 0.825201 0.806373
vt 0.853738 0.802636
vt 0.848703 0.925745
vt 0.825460 0.809624
vt 0.795184 0.795231
vt 0.794426 0.798511
vt 0.798983 0.803386
vt 0.825654 0.803032
vt 0.818944 0.808647
vt 0.920845 0.758308
vt 0.900963 0.780326
vt 0.956574 0.657899
vt 0.936978 0.729916
vt 0.937394 0.727811
vt 0.949293 0.694099
vt 0.957966 0.656456
vt 0.796621 0.792601
vt 0.826869 0.800359
vt 0.854750 0.799981
vt 0.880398 0.791896
vt 0.901634 0.777850
vt 0.921375 0.755996
vt 0.967516 0.749247
vt 0.973531 0.892223
vt 0.972188 0.916600
vt 0.969659 0.926576
vt 0.967611 0.930507
vt 0.895564 0.938098
vt 0.931178 0.941593
vt 0.963785 0.934619
vt 0.957799 0.937726
vt 0.955977 0.938300
vt 0.937747 0.448153
vt 0.935763 0.448790
vt 0.936373 0.447634
vt 0.934932 0.449106
vt 0.918580 0.403131
vt 0.925739 0.416534
vt 0.913599 0.386491
vt 0.920090 0.401961
vt 0.945313 0.479332
vt 0.934842 0.449102
vt 0.900522 0.360337
vt 0.919635 0.403456
vt 0.899094 0.360223
vt 0.918624 0.403509
vt 0.898791 0.359394
vt 0.898943 0.359033
vt 0.900001 0.357615
vt 0.941869 0.377648
vt 0.791074 0.230280
vt 0.790059 0.226687
vt 0.810205 0.242861
vt 0.810842 0.246230
vt 0.884562 0.333930
vt 0.883937 0.332771
vt 0.884821 0.330610
vt 0.830111 0.261478
vt 0.830362 0.264595
vt 0.849436 0.282405
vt 0.849299 0.285239
vt 0.867806 0.305500
vt 0.867288 0.308015
vt 0.773478 0.219032
vt 0.771362 0.216867
vt 0.792979 0.232335
vt 0.812507 0.248163
vt 0.831776 0.266383
vt 0.850458 0.286849
vt 0.868181 0.309415
vt 0.776510 0.219625
vt 0.795890 0.232872
vt 0.815272 0.248646
vt 0.834387 0.266798
vt 0.886685 0.334046
vt 0.870476 0.309643
vt 0.852916 0.287178
vt 0.769997 0.213083
vt 0.949443 0.426579
vt 0.945164 0.380263
vt 0.945446 0.383392
vt 0.949131 0.421450
vt 0.952128 0.471676
vt 0.952821 0.466939
vt 0.951078 0.450418
vt 0.941752 0.386371
vt 0.948556 0.528769
vt 0.951778 0.518434
vt 0.941461 0.564714
vt 0.948034 0.563746
vt 0.936875 0.338925
vt 0.932472 0.320913
vt 0.940057 0.347288
vt 0.938569 0.348168
vt 0.941444 0.350612
vt 0.940819 0.352432
vt 0.941253 0.348832
vt 0.926784 0.304001
vt 0.930474 0.310507
vt 0.891219 0.247345
vt 0.914552 0.277065
vt 0.912873 0.275638
vt 0.892841 0.248692
vt 0.915536 0.278912
vt 0.931504 0.312221
vt 0.931486 0.314284
vt 0.915520 0.281213
vt 0.930641 0.316424
vt 0.914699 0.283647
vt 0.893832 0.250671
vt 0.893902 0.253196
vt 0.893236 0.255894
vt 0.901318 0.301618
vt 0.967788 0.749759
vt 0.967505 0.750273
vt 0.972939 0.842489
vt 0.973470 0.841835
vt 0.972896 0.841100
vt 0.966486 0.750886
vt 0.960383 0.691833
vt 0.968260 0.827282
vt 0.969257 0.843811
vt 0.962904 0.736766
vt 0.948054 0.691603
vt 0.955377 0.647252
vt 0.933949 0.648032
vt 0.665850 0.851846
vt 0.627889 0.854157
vt 0.612315 0.882415
vt 0.647122 0.887288
vt 0.839445 0.753861
vt 0.817430 0.775432
vt 0.831129 0.776440
vt 0.918675 0.632522
vt 0.932663 0.595599
vt 0.891596 0.601636
vt 0.904605 0.661995
vt 0.901649 0.691856
vt 0.863472 0.660540
vt 0.888570 0.689970
vt 0.870626 0.716400
vt 0.891118 0.734600
vt 0.794097 0.794772
vt 0.819414 0.818142
vt 0.769813 0.816876
vt 0.705513 0.842192
vt 0.750578 0.887064
vt 0.756220 0.857224
vt 0.756547 0.819537
vt 0.695398 0.889476
vt 0.579496 0.875336
vt 0.591117 0.879704
vt 0.562521 0.842656
vt 0.542742 0.864758
vt 0.590674 0.850192
vt 0.860193 0.871626
vt 0.870249 0.820479
vt 0.939790 0.735707
vt 0.921840 0.823730
vt 0.936427 0.853202
vt 0.951365 0.945058
vt 0.934891 0.947880
vt 0.952989 0.945178
vt 0.954540 0.944046
vt 0.928794 0.948413
vt 0.955493 0.944764
vt 0.926360 0.948223
vt 0.794440 0.929578
vt 0.913154 0.947731
vt 0.892829 0.944921
vt 0.931016 0.947131
vt 0.890136 0.944633
vt 0.862418 0.938147
vt 0.845549 0.932516
vt 0.895074 0.943630
vt 0.723241 0.912554
vt 0.843243 0.932326
vt 0.830039 0.927787
vt 0.847865 0.931215
vt 0.956529 0.940437
vt 0.931585 0.943726
vt 0.895838 0.940219
vt 0.848845 0.927834
vt 0.956522 0.943500
vt 0.974196 0.919639
vt 0.973069 0.920453
vt 0.969434 0.933137
vt 0.970990 0.932134
vt 0.964454 0.936570
vt 0.959657 0.941412
vt 0.962759 0.941312
vt 0.964982 0.939170
vt 0.964330 0.940556
vt 0.964879 0.937841
vt 0.973864 0.874626
vt 0.974810 0.873916
vt 0.974383 0.905763
vt 0.975430 0.904903
vt 0.971261 0.906433
vt 0.970986 0.875537
vt 0.971297 0.929304
vt 0.971576 0.930564
vt 0.974776 0.871554
vt 0.975262 0.872297
vt 0.975482 0.901752
vt 0.975285 0.873112
vt 0.975977 0.902780
vt 0.975972 0.903871
vt 0.969923 0.920685
vt 0.974823 0.918612
vt 0.974474 0.916305
vt 0.974907 0.917465
vt 0.835949 0.236843
vt 0.828712 0.221604
vt 0.841933 0.253688
vt 0.815288 0.198062
vt 0.749203 0.152760
vt 0.885160 0.282338
vt 0.888498 0.268404
vt 0.919017 0.329381
vt 0.933142 0.360072
vt 0.615494 0.892510
vt 0.592553 0.888045
vt 0.725195 0.913659
vt 0.742589 0.913267
vt 0.843622 0.929500
vt 0.702750 0.911845
vt 0.839016 0.930637
vt 0.539268 0.873828
vt 0.638341 0.895388
vt 0.691187 0.904297
vt 0.466047 0.851069
vt 0.586469 0.884112
vt 0.533699 0.868630
vt 0.497998 0.862072
vt 0.398373 0.829998
vt 0.608383 0.889778
vt 0.771100 0.925510
vt 0.656250 0.903244
vt 0.817128 0.931548
vt 0.545697 0.876518
vt 0.492197 0.860979
vt 0.745556 0.910449
vt 0.747904 0.905733
vt 0.693606 0.900813
vt 0.850923 0.927819
vt 0.854864 0.923784
vt 0.857493 0.917429
vt 0.860301 0.891764
vt 0.749271 0.897059
vt 0.641870 0.890554
vt 0.694943 0.895721
vt 0.588669 0.883021
vt 0.538292 0.868380
vt 0.534713 0.868850
vt 0.859046 0.909618
vt 0.640444 0.893549
vt 0.728951 0.263951
vt 0.777865 0.269999
vt 0.795194 0.227870
vt 0.738056 0.220733
vt 0.826212 0.239355
vt 0.822360 0.289527
vt 0.858114 0.258389
vt 0.483552 0.788605
vt 0.501837 0.744282
vt 0.464414 0.763995
vt 0.505704 0.810067
vt 0.537087 0.778432
vt 0.689100 0.226861
vt 0.678107 0.271446
vt 0.731381 0.787195
vt 0.679471 0.805537
vt 0.655574 0.237195
vt 0.579841 0.800805
vt 0.525058 0.824158
vt 0.600709 0.806592
vt 0.628089 0.810074
vt 0.860081 0.321771
vt 0.438968 0.713967
vt 0.451546 0.742226
vt 0.475672 0.700195
vt 0.621976 0.252485
vt 0.627835 0.291899
vt 0.781097 0.755799
vt 0.888956 0.365267
vt 0.580532 0.324140
vt 0.565824 0.290547
vt 0.459713 0.648415
vt 0.423933 0.657103
vt 0.495528 0.367804
vt 0.538394 0.366501
vt 0.523742 0.331716
vt 0.907329 0.417890
vt 0.419927 0.589938
vt 0.454591 0.591471
vt 0.825947 0.712850
vt 0.460449 0.532064
vt 0.425801 0.537639
vt 0.914092 0.476946
vt 0.478984 0.393512
vt 0.503341 0.416906
vt 0.908774 0.539313
vt 0.476959 0.472963
vt 0.448665 0.456649
vt 0.864262 0.224614
vt 0.864530 0.227300
vt 0.863150 0.222537
vt 0.829886 0.202548
vt 0.864703 0.223553
vt 0.834239 0.204185
vt 0.755460 0.182183
vt 0.756998 0.184393
vt 0.793741 0.189044
vt 0.759880 0.181488
vt 0.801190 0.190356
vt 0.795130 0.191237
vt 0.715797 0.182007
vt 0.717490 0.184202
vt 0.721061 0.180213
vt 0.684440 0.184651
vt 0.675522 0.188427
vt 0.677366 0.190582
vt 0.673577 0.187024
vt 0.646802 0.194866
vt 0.635383 0.201242
vt 0.637376 0.203336
vt 0.633383 0.199866
vt 0.600220 0.224739
vt 0.601856 0.227547
vt 0.640447 0.209038
vt 0.639104 0.206072
vt 0.679884 0.196494
vt 0.678844 0.193414
vt 0.719449 0.190241
vt 0.718716 0.187094
vt 0.758395 0.190467
vt 0.757970 0.187301
vt 0.795978 0.197242
vt 0.795853 0.194115
vt 0.831459 0.210534
vt 0.831620 0.207498
vt 0.864104 0.230192
vt 0.609709 0.210472
vt 0.596112 0.220124
vt 0.598250 0.222136
vt 0.594057 0.218786
vt 0.562890 0.249032
vt 0.564806 0.251638
vt 0.573747 0.231195
vt 0.558413 0.244688
vt 0.560690 0.246595
vt 0.556308 0.243394
vt 0.527753 0.278424
vt 0.529931 0.280794
vt 0.539462 0.256632
vt 0.522932 0.274401
vt 0.525337 0.276185
vt 0.520777 0.273159
vt 0.495429 0.312387
vt 0.497846 0.314489
vt 0.507367 0.286350
vt 0.490291 0.308729
vt 0.492816 0.310373
vt 0.488091 0.307543
vt 0.466462 0.350277
vt 0.469092 0.352083
vt 0.477958 0.319883
vt 0.461040 0.347016
vt 0.463672 0.348509
vt 0.458799 0.345894
vt 0.441317 0.391392
vt 0.444131 0.392880
vt 0.451643 0.356666
vt 0.435653 0.388561
vt 0.438376 0.389889
vt 0.433376 0.387505
vt 0.420454 0.435034
vt 0.424627 0.433340
vt 0.831132 0.204696
vt 0.417388 0.433811
vt 0.414588 0.432656
vt 0.404208 0.480425
vt 0.408281 0.478033
vt 0.395845 0.477598
vt 0.398179 0.478511
vt 0.411051 0.434681
vt 0.428811 0.396133
vt 0.386714 0.525334
vt 0.389623 0.526132
vt 0.401042 0.479489
vt 0.392861 0.526775
vt 0.396031 0.527231
vt 0.384360 0.524495
vt 0.519924 0.862281
vt 0.380277 0.574114
vt 0.383226 0.574727
vt 0.336028 0.505587
vt 0.328151 0.551905
vt 0.378022 0.571759
vt 0.379497 0.622200
vt 0.382471 0.622631
vt 0.376913 0.615243
vt 0.384485 0.668648
vt 0.387472 0.668900
vt 0.380214 0.655514
vt 0.389495 0.700616
vt 0.395128 0.712358
vt 0.398111 0.712437
vt 0.403177 0.739460
vt 0.409067 0.752221
vt 0.411301 0.752708
vt 0.414261 0.752624
vt 0.393967 0.715267
vt 0.339400 0.685093
vt 0.417566 0.768131
vt 0.432750 0.788805
vt 0.435662 0.788573
vt 0.444395 0.806044
vt 0.457064 0.819616
vt 0.459192 0.820011
vt 0.462031 0.819646
vt 0.432773 0.791433
vt 0.493751 0.847273
vt 0.496391 0.846644
vt 0.471326 0.832549
vt 0.522027 0.861340
vt 0.523625 0.859400
vt 0.542686 0.849842
vt 0.524758 0.856803
vt 0.498950 0.845005
vt 0.500874 0.843564
vt 0.465059 0.818372
vt 0.474612 0.823438
vt 0.438822 0.787524
vt 0.455664 0.804119
vt 0.404403 0.711000
vt 0.401419 0.711909
vt 0.412424 0.733048
vt 0.422916 0.716599
vt 0.417513 0.751826
vt 0.424482 0.758673
vt 0.438921 0.782448
vt 0.470590 0.797689
vt 0.390801 0.668653
vt 0.395646 0.677307
vt 0.385794 0.622677
vt 0.390971 0.647724
vt 0.388767 0.617355
vt 0.407078 0.651103
vt 0.389692 0.575164
vt 0.386519 0.575070
vt 0.518432 0.862041
vt 0.491865 0.847193
vt 0.345381 0.460517
vt 0.360601 0.416579
vt 0.379987 0.374110
vt 0.403254 0.333753
vt 0.430062 0.296127
vt 0.460019 0.261819
vt 0.492687 0.231376
vt 0.564180 0.184037
vt 0.527583 0.205300
vt 0.601920 0.167975
vt 0.640213 0.157429
vt 0.686249 0.152380
vt 0.261626 0.425754
vt 0.250465 0.471673
vt 0.277254 0.380641
vt 0.297113 0.337015
vt 0.320910 0.295534
vt 0.348298 0.256834
vt 0.378881 0.221515
vt 0.412210 0.190142
vt 0.447795 0.163229
vt 0.485102 0.141240
vt 0.523561 0.124572
vt 0.562573 0.113554
vt 0.609460 0.108131
vt 0.723322 0.154684
vt 0.823555 0.196583
vt 0.792579 0.176894
vt 0.647209 0.110297
vt 0.758970 0.162875
vt 0.683495 0.118510
vt 0.717695 0.132717
vt 0.243782 0.519528
vt 0.453349 0.841400
vt 0.422278 0.819725
vt 0.394962 0.792687
vt 0.353217 0.724740
vt 0.371826 0.760824
vt 0.330560 0.642581
vt 0.326801 0.597934
vt 0.370071 0.816094
vt 0.338534 0.793942
vt 0.310844 0.766281
vt 0.287429 0.733661
vt 0.268637 0.696703
vt 0.254733 0.656080
vt 0.245901 0.612508
vt 0.242243 0.566734
vt 0.404219 0.616118
vt 0.404766 0.580205
vt 0.410672 0.533135
vt 0.413328 0.684734
vt 0.451697 0.773446
vt 0.435749 0.746297
vt 0.516348 0.836166
vt 0.492223 0.818695
vt 0.611635 0.240141
vt 0.648384 0.222933
vt 0.685884 0.211361
vt 0.723464 0.205699
vt 0.760436 0.206127
vt 0.796103 0.212714
vt 0.829776 0.225417
vt 0.860786 0.244076
vt 0.542928 0.289921
vt 0.576281 0.262618
vt 0.512140 0.321533
vt 0.484431 0.356878
vt 0.460259 0.395331
vt 0.440023 0.436222
vt 0.424061 0.478848
vt 0.843371 0.232035
vt 0.880908 0.269895
vt 0.915181 0.317803
vt 0.944632 0.373440
vt 0.967932 0.434197
vt 0.984022 0.497271
vt 0.992142 0.559760
vt 0.991866 0.618762
vt 0.983121 0.671473
vt 0.941809 0.747988
vt 0.910995 0.767716
vt 0.875188 0.773249
vt 0.856882 0.778430
vt 0.892742 0.772873
vt 0.923616 0.753147
vt 0.948080 0.720491
vt 0.965062 0.676711
vt 0.973873 0.624071
vt 0.974211 0.565156
vt 0.966143 0.502767
vt 0.950096 0.439801
vt 0.926826 0.379156
vt 0.897393 0.323629
vt 0.863123 0.275827
vt 0.825574 0.238061
vt 0.576084 0.799324
vt 0.533330 0.776949
vt 0.498081 0.742789
vt 0.471922 0.698686
vt 0.455970 0.646885
vt 0.450855 0.589916
vt 0.456722 0.530481
vt 0.473243 0.471350
vt 0.499636 0.415261
vt 0.534699 0.364828
vt 0.576847 0.322439
vt 0.624159 0.290174
vt 0.674439 0.269701
vt 0.725289 0.262192
vt 0.774208 0.268234
vt 0.818705 0.287761
vt 0.856426 0.320013
vt 0.885298 0.363524
vt 0.903666 0.416169
vt 0.910421 0.475251
vt 0.905093 0.537649
vt 0.887905 0.600006
vt 0.859768 0.658943
vt 0.822231 0.711286
vt 0.777369 0.754263
vt 0.727642 0.785683
vt 0.675724 0.804043
vt 0.624336 0.808589
vt 0.675074 0.533971
vn -0.583273 -0.031888 0.811650
vn -0.575227 -0.128124 0.807898
vn -0.662967 -0.005114 0.748632
vn -0.643757 -0.034487 0.764452
vn -0.117078 -0.014188 -0.993021
vn -0.130328 -0.023430 -0.991194
vn 0.000000 -0.020764 -0.999784
vn 0.000000 0.004108 -0.999992
vn -0.117078 -0.014188 -0.993021
vn -0.279534 -0.025614 -0.959794
vn -0.181428 -0.029138 -0.982973
vn -0.130328 -0.023430 -0.991194
vn -0.279534 -0.025614 -0.959794
vn -0.345446 -0.026821 -0.938055
vn -0.252675 -0.011741 -0.967480
vn -0.181428 -0.029138 -0.982973
vn -0.381863 -0.031378 -0.923686
vn -0.345446 -0.026821 -0.938055
vn -0.279534 -0.025614 -0.959794
vn -0.473680 -0.023526 -0.880383
vn -0.617525 -0.034295 -0.785803
vn -0.579210 -0.033597 -0.814485
vn -0.473680 -0.023526 -0.880383
vn -0.651966 -0.025986 -0.757802
vn -0.579210 -0.033597 -0.814485
vn -0.494840 -0.015706 -0.868842
vn -0.473680 -0.023526 -0.880383
vn -0.473680 -0.023526 -0.880383
vn -0.494840 -0.015706 -0.868842
vn -0.444272 -0.014244 -0.895779
vn -0.381863 -0.031378 -0.923686
vn -0.867664 -0.033144 -0.496045
vn -0.824877 -0.063406 -0.561746
vn -0.829919 -0.013750 -0.557714
vn -0.798705 -0.028278 -0.601057
vn -0.829919 -0.013750 -0.557714
vn -0.824877 -0.063406 -0.561746
vn -0.759468 -0.035234 -0.649590
vn -0.798705 -0.028278 -0.601057
vn -0.759468 -0.035234 -0.649590
vn -0.737266 -0.036019 -0.674642
vn -0.651966 -0.025986 -0.757802
vn -0.798705 -0.028278 -0.601057
vn -0.651966 -0.025986 -0.757802
vn -0.737266 -0.036019 -0.674642
vn -0.617525 -0.034295 -0.785803
vn -0.798705 -0.028278 -0.601057
vn -0.904665 -0.029758 -0.425084
vn -0.885007 -0.025385 -0.464885
vn -0.867664 -0.033144 -0.496045
vn -0.904665 -0.029758 -0.425084
vn -0.946782 -0.032149 -0.320267
vn -0.928880 -0.003124 -0.370368
vn -0.885007 -0.025385 -0.464885
vn -0.974318 -0.053889 -0.218632
vn -0.956275 -0.042948 -0.289299
vn -0.975253 -0.033337 -0.218562
vn -0.987735 -0.023176 -0.154413
vn -0.956275 -0.042948 -0.289299
vn -0.946782 -0.032149 -0.320267
vn -0.904665 -0.029758 -0.425084
vn -0.975253 -0.033337 -0.218562
vn -0.987735 -0.023176 -0.154413
vn -0.975253 -0.033337 -0.218562
vn -0.995995 -0.024324 -0.086035
vn -0.989771 -0.085899 -0.113907
vn -0.995995 -0.024324 -0.086035
vn -0.975253 -0.033337 -0.218562
vn -0.998945 -0.031673 0.033256
vn -0.995995 -0.024324 -0.086035
vn -0.998945 -0.031673 0.033256
vn -0.999970 -0.004056 -0.006621
vn -0.993287 -0.114504 -0.016425
vn -0.980085 -0.004011 0.198537
vn -0.991514 -0.027727 0.127007
vn -0.974063 -0.028658 0.224456
vn -0.975762 -0.009741 0.218617
vn -0.991514 -0.027727 0.127007
vn -0.994544 -0.025204 0.101227
vn -0.998945 -0.031673 0.033256
vn -0.974063 -0.028658 0.224456
vn -0.998945 -0.031673 0.033256
vn -0.994544 -0.025204 0.101227
vn -0.999970 -0.004056 -0.006621
vn -0.906795 -0.014719 0.421316
vn -0.894667 -0.125616 0.428710
vn -0.940176 -0.043681 0.337877
vn -0.903214 -0.030656 0.428095
vn -0.940176 -0.043681 0.337877
vn -0.947259 -0.035790 0.318465
vn -0.974063 -0.028658 0.224456
vn -0.903214 -0.030656 0.428095
vn -0.947259 -0.035790 0.318465
vn -0.935517 -0.253506 0.246056
vn -0.975762 -0.009741 0.218617
vn -0.974063 -0.028658 0.224456
vn -0.778753 -0.005751 0.627304
vn -0.805838 -0.165838 0.568438
vn -0.847574 -0.030115 0.529822
vn -0.806280 -0.031509 0.590694
vn -0.847574 -0.030115 0.529822
vn -0.859049 -0.030943 0.510958
vn -0.903214 -0.030656 0.428095
vn -0.806280 -0.031509 0.590694
vn -0.859049 -0.030943 0.510958
vn -0.894667 -0.125616 0.428710
vn -0.906795 -0.014719 0.421316
vn -0.903214 -0.030656 0.428095
vn -0.678791 -0.006826 0.734300
vn -0.720772 -0.037336 0.692166
vn -0.643757 -0.034487 0.764452
vn -0.662967 -0.005114 0.748632
vn 0.000001 -1.000000 0.000000
vn -0.000001 -1.000000 0.000001
vn -0.000001 -1.000000 0.000001
vn -0.806280 -0.031509 0.590694
vn -0.720772 -0.037336 0.692166
vn -0.758644 -0.004721 0.651488
vn -0.778753 -0.005751 0.627304
vn -0.583273 -0.031888 0.811650
vn -0.643757 -0.034487 0.764452
vn -0.544007 -0.029370 0.838567
vn -0.575227 -0.128124 0.807898
vn -0.643757 -0.034487 0.764452
vn -0.464093 -0.030659 0.885256
vn -0.544007 -0.029370 0.838567
vn -0.544007 -0.029370 0.838567
vn -0.464093 -0.030659 0.885256
vn -0.440026 -0.018750 0.897789
vn -0.477069 -0.163828 0.863462
vn -0.272132 -0.032724 0.961703
vn -0.349881 -0.026506 0.936419
vn -0.464093 -0.030659 0.885256
vn -0.464093 -0.030659 0.885256
vn -0.349881 -0.026506 0.936419
vn -0.396971 -0.020076 0.917612
vn -0.440026 -0.018750 0.897789
vn -0.225412 0.000585 0.974263
vn -0.257063 -0.002099 0.966392
vn -0.272132 -0.032724 0.961703
vn -0.169887 -0.030052 0.985005
vn -0.257063 -0.002099 0.966392
vn -0.325526 -0.023691 0.945236
vn -0.349881 -0.026506 0.936419
vn -0.272132 -0.032724 0.961703
vn -0.169887 -0.030052 0.985005
vn -0.272132 -0.032724 0.961703
vn -0.127477 -0.026039 0.991500
vn -0.272132 -0.032724 0.961703
vn -0.108247 -0.022990 0.993858
vn -0.127477 -0.026039 0.991500
vn -0.127477 -0.026039 0.991500
vn -0.108247 -0.022990 0.993858
vn -0.056666 -0.006374 0.998373
vn -0.072927 -0.142700 0.987076
vn -0.056666 -0.006374 0.998373
vn -0.108247 -0.022990 0.993858
vn 0.000000 -0.001641 0.999999
vn 0.000000 -0.009662 0.999953
vn -0.941283 -0.313543 0.125207
vn -0.873984 -0.475340 0.101013
vn -0.855974 -0.517013 -0.002450
vn -0.993287 -0.114504 -0.016425
vn -0.848660 -0.499920 -0.172789
vn -0.594695 -0.778233 -0.201722
vn -0.881523 -0.387554 -0.269665
vn -0.975762 -0.009741 0.218617
vn -0.935517 -0.253506 0.246056
vn -0.980085 -0.004011 0.198537
vn -0.974318 -0.053889 -0.218632
vn -0.987735 -0.023176 -0.154413
vn -0.989771 -0.085899 -0.113907
vn -0.989771 -0.085899 -0.113907
vn -0.995995 -0.024324 -0.086035
vn -0.993287 -0.114504 -0.016425
vn -0.993287 -0.114504 -0.016425
vn -0.999970 -0.004056 -0.006621
vn -0.994544 -0.025204 0.101227
vn -0.941283 -0.313543 0.125207
vn -0.441380 -0.893734 -0.080150
vn -0.354383 -0.928481 -0.111064
vn -0.594695 -0.778233 -0.201722
vn -0.848660 -0.499920 -0.172789
vn -0.354383 -0.928481 -0.111064
vn -0.441380 -0.893734 -0.080150
vn -0.261806 -0.965025 -0.013618
vn -0.121637 -0.992561 -0.005246
vn -0.261806 -0.965025 -0.013618
vn -0.441380 -0.893734 -0.080150
vn -0.345894 -0.938225 -0.009542
vn -0.441380 -0.893734 -0.080150
vn -0.606555 -0.793615 -0.047609
vn -0.414906 -0.909862 0.002102
vn -0.345894 -0.938225 -0.009542
vn -0.606555 -0.793615 -0.047609
vn -0.855974 -0.517013 -0.002450
vn -0.725547 -0.688171 0.001418
vn -0.595251 -0.803470 -0.010604
vn -0.574819 -0.818280 0.000097
vn -0.636923 -0.770847 0.011117
vn -0.614507 -0.788557 0.023654
vn -0.569455 -0.821753 0.021030
vn -0.614507 -0.788557 0.023654
vn -0.636923 -0.770847 0.011117
vn -0.725547 -0.688171 0.001418
vn -0.710929 -0.701345 0.051926
vn -0.725547 -0.688171 0.001418
vn -0.636923 -0.770847 0.011117
vn -0.703846 -0.710298 0.008808
vn -0.595251 -0.803470 -0.010604
vn -0.614507 -0.788557 0.023654
vn -0.710929 -0.701345 0.051926
vn -0.448406 -0.888862 0.094108
vn -0.569455 -0.821753 0.021030
vn -0.569455 -0.821753 0.021030
vn -0.448406 -0.888862 0.094108
vn -0.294160 -0.955511 0.021652
vn -0.873984 -0.475340 0.101013
vn -0.941283 -0.313543 0.125207
vn -0.935517 -0.253506 0.246056
vn -0.728603 -0.664123 0.167567
vn -0.941283 -0.313543 0.125207
vn -0.991514 -0.027727 0.127007
vn -0.980085 -0.004011 0.198537
vn -0.935517 -0.253506 0.246056
vn -0.989771 -0.085899 -0.113907
vn -0.993287 -0.114504 -0.016425
vn -0.855974 -0.517013 -0.002450
vn -0.835680 -0.544076 -0.074967
vn -0.941283 -0.313543 0.125207
vn -0.994544 -0.025204 0.101227
vn -0.991514 -0.027727 0.127007
vn -0.595251 -0.803470 -0.010604
vn -0.414906 -0.909862 0.002102
vn -0.606555 -0.793615 -0.047609
vn -0.606555 -0.793615 -0.047609
vn -0.441380 -0.893734 -0.080150
vn -0.848660 -0.499920 -0.172789
vn -0.835680 -0.544076 -0.074967
vn -0.710929 -0.701345 0.051926
vn -0.728603 -0.664123 0.167567
vn -0.483304 -0.867661 0.116538
vn -0.448406 -0.888862 0.094108
vn -0.448406 -0.888862 0.094108
vn -0.483304 -0.867661 0.116538
vn -0.301609 -0.949989 0.080944
vn -0.301609 -0.949989 0.080944
vn -0.202615 -0.977793 0.053558
vn -0.294160 -0.955511 0.021652
vn -0.448406 -0.888862 0.094108
vn -0.294160 -0.955511 0.021652
vn -0.202615 -0.977793 0.053558
vn -0.063430 -0.997986 -0.000349
vn -0.203010 -0.979175 0.001576
vn -0.063430 -0.997986 -0.000349
vn -0.202615 -0.977793 0.053558
vn -0.035936 -0.999345 0.004231
vn -0.203010 -0.979175 0.001576
vn -0.956275 -0.042948 -0.289299
vn -0.974318 -0.053889 -0.218632
vn -0.881523 -0.387554 -0.269665
vn -0.946782 -0.032149 -0.320267
vn -0.881523 -0.387554 -0.269665
vn -0.974318 -0.053889 -0.218632
vn -0.989771 -0.085899 -0.113907
vn -0.848660 -0.499920 -0.172789
vn -0.848660 -0.499920 -0.172789
vn -0.989771 -0.085899 -0.113907
vn -0.835680 -0.544076 -0.074967
vn -0.606555 -0.793615 -0.047609
vn -0.835680 -0.544076 -0.074967
vn -0.855974 -0.517013 -0.002450
vn -0.725547 -0.688171 0.001418
vn -0.855974 -0.517013 -0.002450
vn -0.873984 -0.475340 0.101013
vn -0.710929 -0.701345 0.051926
vn -0.710929 -0.701345 0.051926
vn -0.873984 -0.475340 0.101013
vn -0.728603 -0.664123 0.167567
vn -0.723324 -0.685400 0.083843
vn -0.541509 -0.840139 0.030564
vn -0.593113 -0.804638 0.027828
vn -0.826169 -0.560012 0.061895
vn -0.121637 -0.992561 -0.005246
vn -0.261806 -0.965025 -0.013618
vn -0.218795 -0.975768 0.002203
vn -0.218795 -0.975768 0.002203
vn -0.261806 -0.965025 -0.013618
vn -0.345894 -0.938225 -0.009542
vn -0.414906 -0.909862 0.002102
vn -0.218795 -0.975768 0.002203
vn -0.414906 -0.909862 0.002102
vn -0.595251 -0.803470 -0.010604
vn -0.703846 -0.710298 0.008808
vn -0.218795 -0.975768 0.002203
vn -0.703846 -0.710298 0.008808
vn -0.772347 -0.635026 0.014905
vn -0.623142 -0.781805 0.021796
vn -0.623142 -0.781805 0.021796
vn -0.772347 -0.635026 0.014905
vn -0.916965 -0.398071 0.026732
vn -0.916965 -0.398071 0.026732
vn -0.826169 -0.560012 0.061895
vn -0.593113 -0.804638 0.027828
vn -0.623142 -0.781805 0.021796
vn -0.203010 -0.979175 0.001576
vn -0.497193 -0.867640 0.000000
vn -0.569455 -0.821753 0.021030
vn -0.294160 -0.955511 0.021652
vn -0.497193 -0.867640 0.000000
vn -0.842036 -0.539410 0.003437
vn -0.574819 -0.818280 0.000097
vn -0.569455 -0.821753 0.021030
vn -0.842036 -0.539410 0.003437
vn -0.703846 -0.710298 0.008808
vn -0.636923 -0.770847 0.011117
vn -0.574819 -0.818280 0.000097
vn -0.703846 -0.710298 0.008808
vn -0.842036 -0.539410 0.003437
vn -0.953068 -0.302635 0.008520
vn -0.772347 -0.635026 0.014905
vn -0.772347 -0.635026 0.014905
vn -0.953068 -0.302635 0.008520
vn -0.973286 -0.227278 0.032547
vn -0.973286 -0.227278 0.032547
vn -0.944452 -0.324604 0.051407
vn -0.916965 -0.398071 0.026732
vn -0.772347 -0.635026 0.014905
vn -0.944452 -0.324604 0.051407
vn -0.937011 -0.338403 0.086571
vn -0.826169 -0.560012 0.061895
vn -0.916965 -0.398071 0.026732
vn -0.173172 -0.982735 0.065141
vn -0.038509 -0.999082 0.018780
vn -0.026337 -0.999650 0.002523
vn -0.035936 -0.999345 0.004231
vn -0.001200 -0.999998 0.001326
vn -0.001716 -0.999997 0.001700
vn -0.046763 -0.997928 0.044204
vn -0.003985 -0.999982 0.004537
vn -0.005231 -0.999977 0.004252
vn -0.004266 -0.999991 0.000191
vn -0.005540 -0.999979 0.003411
vn -0.031433 -0.999265 0.021955
vn -0.072927 -0.142700 0.987076
vn -0.056666 -0.006374 0.998373
vn 0.000000 -0.009662 0.999953
vn 0.000000 -0.284368 0.958715
vn -0.127477 -0.026039 0.991500
vn -0.072927 -0.142700 0.987076
vn -0.140077 -0.025101 0.989822
vn -0.169887 -0.030052 0.985005
vn -0.257063 -0.002099 0.966392
vn -0.225412 0.000585 0.974263
vn -0.140077 -0.025101 0.989822
vn -0.325526 -0.023691 0.945236
vn -0.140077 -0.025101 0.989822
vn -0.225412 0.000585 0.974263
vn -0.169887 -0.030052 0.985005
vn -0.396971 -0.020076 0.917612
vn -0.349881 -0.026506 0.936419
vn -0.325526 -0.023691 0.945236
vn -0.477069 -0.163828 0.863462
vn -0.575227 -0.128124 0.807898
vn -0.544007 -0.029370 0.838567
vn -0.477069 -0.163828 0.863462
vn -0.477069 -0.163828 0.863462
vn -0.440026 -0.018750 0.897789
vn -0.396971 -0.020076 0.917612
vn -0.720772 -0.037336 0.692166
vn -0.678791 -0.006826 0.734300
vn -0.717020 -0.096645 0.690320
vn -0.758644 -0.004721 0.651488
vn -0.717020 -0.096645 0.690320
vn -0.678791 -0.006826 0.734300
vn -0.662967 -0.005114 0.748632
vn -0.575227 -0.128124 0.807898
vn -0.758644 -0.004721 0.651488
vn -0.717020 -0.096645 0.690320
vn -0.805838 -0.165838 0.568438
vn -0.778753 -0.005751 0.627304
vn -0.859049 -0.030943 0.510958
vn -0.847574 -0.030115 0.529822
vn -0.805838 -0.165838 0.568438
vn -0.894667 -0.125616 0.428710
vn -0.008051 -0.999958 0.004437
vn -0.004266 -0.999991 0.000191
vn -0.026337 -0.999650 0.002523
vn -0.038509 -0.999082 0.018780
vn -0.038509 -0.999082 0.018780
vn -0.173172 -0.982735 0.065141
vn -0.455747 -0.873171 0.172823
vn -0.433155 -0.876067 0.211859
vn -0.000670 -0.999999 0.001480
vn -0.001132 -0.999997 0.002053
vn -0.093042 -0.981339 0.168276
vn -0.002329 -0.999983 0.005315
vn -0.093042 -0.981339 0.168276
vn -0.001132 -0.999997 0.002053
vn -0.001177 -0.999998 0.001886
vn -0.153704 -0.965596 0.209762
vn -0.093042 -0.981339 0.168276
vn -0.212666 -0.894545 0.393145
vn -0.067757 -0.978799 0.193292
vn -0.002329 -0.999983 0.005315
vn -0.002329 -0.999983 0.005315
vn -0.067757 -0.978799 0.193292
vn -0.001779 -0.999975 0.006819
vn -0.067757 -0.978799 0.193292
vn -0.148448 -0.891659 0.427678
vn -0.008017 -0.998824 0.047809
vn -0.001779 -0.999975 0.006819
vn -0.001779 -0.999975 0.006819
vn -0.008017 -0.998824 0.047809
vn -0.000626 -0.999992 0.003863
vn -0.000042 -0.999983 0.005781
vn 0.000000 -0.936302 0.351195
vn 0.000000 -0.999987 0.005168
vn -0.003785 -0.999042 0.043604
vn -0.047180 -0.852263 0.520982
vn 0.000000 -0.999987 0.005168
vn 0.000000 -1.000000 0.000446
vn -0.000699 -0.999972 0.007476
vn -0.003785 -0.999042 0.043604
vn -0.003785 -0.999042 0.043604
vn -0.000699 -0.999972 0.007476
vn -0.008017 -0.998824 0.047809
vn -0.079083 -0.887748 0.453486
vn -0.008017 -0.998824 0.047809
vn -0.000699 -0.999972 0.007476
vn -0.000170 -0.999999 0.001571
vn -0.000626 -0.999992 0.003863
vn -0.322032 -0.895355 0.307627
vn -0.301769 -0.863009 0.405156
vn -0.153704 -0.965596 0.209762
vn -0.301769 -0.863009 0.405156
vn -0.212666 -0.894545 0.393145
vn -0.093042 -0.981339 0.168276
vn -0.153704 -0.965596 0.209762
vn -0.067757 -0.978799 0.193292
vn -0.212666 -0.894545 0.393145
vn -0.148448 -0.891659 0.427678
vn -0.008017 -0.998824 0.047809
vn -0.148448 -0.891659 0.427678
vn -0.079083 -0.887748 0.453486
vn -0.003785 -0.999042 0.043604
vn -0.079083 -0.887748 0.453486
vn -0.047180 -0.852263 0.520982
vn -0.202615 -0.977793 0.053558
vn -0.301609 -0.949989 0.080944
vn -0.173172 -0.982735 0.065141
vn -0.035936 -0.999345 0.004231
vn -0.301609 -0.949989 0.080944
vn -0.483304 -0.867661 0.116538
vn -0.455747 -0.873171 0.172823
vn -0.173172 -0.982735 0.065141
vn -0.455747 -0.873171 0.172823
vn -0.483304 -0.867661 0.116538
vn -0.728603 -0.664123 0.167567
vn -0.689835 -0.676084 0.258917
vn -0.001716 -0.999997 0.001700
vn -0.004266 -0.999991 0.000191
vn -0.005231 -0.999977 0.004252
vn -0.046763 -0.997928 0.044204
vn -0.046763 -0.997928 0.044204
vn -0.005231 -0.999977 0.004252
vn -0.031433 -0.999265 0.021955
vn -0.046763 -0.997928 0.044204
vn -0.031433 -0.999265 0.021955
vn -0.395122 -0.876173 0.276042
vn -0.322032 -0.895355 0.307627
vn -0.031433 -0.999265 0.021955
vn -0.038509 -0.999082 0.018780
vn -0.433155 -0.876067 0.211859
vn -0.395122 -0.876173 0.276042
vn -0.395122 -0.876173 0.276042
vn -0.433155 -0.876067 0.211859
vn -0.744705 -0.563321 0.357888
vn -0.630132 -0.639638 0.440224
vn -0.433155 -0.876067 0.211859
vn -0.455747 -0.873171 0.172823
vn -0.689835 -0.676084 0.258917
vn -0.744705 -0.563321 0.357888
vn -0.744705 -0.563321 0.357888
vn -0.689835 -0.676084 0.258917
vn -0.903092 -0.292192 0.314720
vn -0.689835 -0.676084 0.258917
vn -0.728603 -0.664123 0.167567
vn -0.935517 -0.253506 0.246056
vn -0.903092 -0.292192 0.314720
vn -0.903092 -0.292192 0.314720
vn -0.935517 -0.253506 0.246056
vn -0.947259 -0.035790 0.318465
vn -0.940176 -0.043681 0.337877
vn 0.000000 -0.936302 0.351195
vn -0.047180 -0.852263 0.520982
vn -0.069097 -0.640700 0.764676
vn 0.000001 -0.693762 0.720205
vn -0.047180 -0.852263 0.520982
vn -0.079083 -0.887748 0.453486
vn -0.133984 -0.639780 0.756789
vn -0.069097 -0.640700 0.764676
vn -0.079083 -0.887748 0.453486
vn -0.148448 -0.891659 0.427678
vn -0.253918 -0.639586 0.725573
vn -0.133984 -0.639780 0.756789
vn -0.148448 -0.891659 0.427678
vn -0.212666 -0.894545 0.393145
vn -0.361701 -0.639362 0.678519
vn -0.253918 -0.639586 0.725573
vn -0.212666 -0.894545 0.393145
vn -0.301769 -0.863009 0.405156
vn -0.464544 -0.639431 0.612639
vn -0.361701 -0.639362 0.678519
vn -0.301769 -0.863009 0.405156
vn -0.322032 -0.895355 0.307627
vn -0.552487 -0.639597 0.534485
vn -0.464544 -0.639431 0.612639
vn -0.322032 -0.895355 0.307627
vn -0.395122 -0.876173 0.276042
vn -0.630132 -0.639638 0.440224
vn -0.552487 -0.639597 0.534485
vn -0.008051 -0.999958 0.004437
vn -0.038509 -0.999082 0.018780
vn -0.031433 -0.999265 0.021955
vn -0.005540 -0.999979 0.003411
vn 0.000001 -0.693762 0.720205
vn -0.069097 -0.640700 0.764676
vn -0.072927 -0.142700 0.987076
vn 0.000000 -0.284368 0.958715
vn -0.069097 -0.640700 0.764676
vn -0.133984 -0.639780 0.756789
vn -0.152027 -0.489144 0.858852
vn -0.072927 -0.142700 0.987076
vn -0.133984 -0.639780 0.756789
vn -0.253918 -0.639586 0.725573
vn -0.288123 -0.489025 0.823310
vn -0.152027 -0.489144 0.858852
vn -0.253918 -0.639586 0.725573
vn -0.361701 -0.639362 0.678519
vn -0.477069 -0.163828 0.863462
vn -0.288123 -0.489025 0.823310
vn -0.361701 -0.639362 0.678519
vn -0.464544 -0.639431 0.612639
vn -0.575227 -0.128124 0.807898
vn -0.477069 -0.163828 0.863462
vn -0.464544 -0.639431 0.612639
vn -0.552487 -0.639597 0.534485
vn -0.626956 -0.488915 0.606538
vn -0.575227 -0.128124 0.807898
vn -0.552487 -0.639597 0.534485
vn -0.630132 -0.639638 0.440224
vn -0.805838 -0.165838 0.568438
vn -0.626956 -0.488915 0.606538
vn -0.630132 -0.639638 0.440224
vn -0.744705 -0.563321 0.357888
vn -0.894667 -0.125616 0.428710
vn -0.805838 -0.165838 0.568438
vn -0.001177 -0.999998 0.001886
vn -0.003985 -0.999982 0.004537
vn -0.153704 -0.965596 0.209762
vn -0.153704 -0.965596 0.209762
vn -0.003985 -0.999982 0.004537
vn -0.046763 -0.997928 0.044204
vn -0.322032 -0.895355 0.307627
vn -0.894667 -0.125616 0.428710
vn -0.744705 -0.563321 0.357888
vn -0.903092 -0.292192 0.314720
vn -0.940176 -0.043681 0.337877
vn -0.035936 -0.999345 0.004231
vn -0.026337 -0.999650 0.002523
vn -0.004266 -0.999991 0.000191
vn -0.067387 -0.997727 0.000128
vn -0.004266 -0.999991 0.000191
vn -0.008051 -0.999958 0.004437
vn -0.005540 -0.999979 0.003411
vn -0.001716 -0.999997 0.001700
vn -0.001200 -0.999998 0.001326
vn -0.002631 -0.999997 0.000171
vn -0.004266 -0.999991 0.000191
vn -0.001200 -0.999998 0.001326
vn -0.003985 -0.999982 0.004537
vn -0.001997 -0.999998 0.000787
vn -0.002631 -0.999997 0.000171
vn -0.003985 -0.999982 0.004537
vn -0.002109 -0.999995 0.002136
vn -0.001115 -0.999999 0.000638
vn -0.001997 -0.999998 0.000787
vn -0.000042 -0.999983 0.005781
vn -0.000493 -0.999982 0.005963
vn -0.002329 -0.999983 0.005315
vn -0.001779 -0.999975 0.006819
vn -0.002329 -0.999983 0.005315
vn -0.000493 -0.999982 0.005963
vn -0.000670 -0.999999 0.001480
vn -0.000670 -0.999999 0.001480
vn -0.000493 -0.999982 0.005963
vn -0.000874 -0.999988 0.004733
vn -0.001132 -0.999997 0.002053
vn -0.001091 -0.999996 0.002696
vn -0.002109 -0.999995 0.002136
vn -0.003985 -0.999982 0.004537
vn -0.002395 -0.999981 0.005727
vn -0.002395 -0.999981 0.005727
vn -0.003985 -0.999982 0.004537
vn -0.002126 -0.999979 0.006058
vn -0.002126 -0.999979 0.006058
vn -0.003985 -0.999982 0.004537
vn -0.001177 -0.999998 0.001886
vn -0.000874 -0.999988 0.004733
vn -0.000874 -0.999988 0.004733
vn -0.001177 -0.999998 0.001886
vn -0.001132 -0.999997 0.002053
vn -0.000042 -0.999983 0.005781
vn -0.000626 -0.999992 0.003863
vn -0.000170 -0.999999 0.001571
vn -0.000170 -0.999999 0.001571
vn -0.000699 -0.999972 0.007476
vn 0.000000 -1.000000 0.000446
vn -0.000042 -0.999983 0.005781
vn -0.881523 -0.387554 -0.269665
vn -0.804241 -0.454069 -0.383430
vn -0.893564 -0.125818 -0.430945
vn -0.013717 -0.999885 -0.006540
vn -0.014688 -0.999859 -0.008178
vn -0.294961 -0.934477 -0.199377
vn -0.256110 -0.959474 -0.117545
vn -0.294961 -0.934477 -0.199377
vn -0.014688 -0.999859 -0.008178
vn -0.009899 -0.999929 -0.006688
vn -0.016160 -0.999780 -0.013399
vn -0.121637 -0.992561 -0.005246
vn -0.091333 -0.995796 -0.007017
vn -0.354383 -0.928481 -0.111064
vn -0.354383 -0.928481 -0.111064
vn -0.091333 -0.995796 -0.007017
vn -0.013717 -0.999885 -0.006540
vn -0.256110 -0.959474 -0.117545
vn -0.354383 -0.928481 -0.111064
vn -0.256110 -0.959474 -0.117545
vn -0.571766 -0.776983 -0.263405
vn -0.594695 -0.778233 -0.201722
vn -0.881523 -0.387554 -0.269665
vn -0.594695 -0.778233 -0.201722
vn -0.571766 -0.776983 -0.263405
vn -0.804241 -0.454069 -0.383430
vn -0.881523 -0.387554 -0.269665
vn -0.893564 -0.125818 -0.430945
vn -0.928880 -0.003124 -0.370368
vn -0.946782 -0.032149 -0.320267
vn -0.893564 -0.125818 -0.430945
vn -0.867664 -0.033144 -0.496045
vn -0.885007 -0.025385 -0.464885
vn -0.928880 -0.003124 -0.370368
vn -0.674600 -0.391030 -0.626108
vn -0.737266 -0.036019 -0.674642
vn -0.759468 -0.035234 -0.649590
vn -0.824877 -0.063406 -0.561746
vn -0.736506 -0.443687 -0.510589
vn -0.674600 -0.391030 -0.626108
vn -0.759468 -0.035234 -0.649590
vn -0.736506 -0.443687 -0.510589
vn -0.526789 -0.771474 -0.356821
vn -0.492837 -0.748621 -0.443484
vn -0.674600 -0.391030 -0.626108
vn -0.526789 -0.771474 -0.356821
vn -0.294961 -0.934477 -0.199377
vn -0.254596 -0.938427 -0.233530
vn -0.492837 -0.748621 -0.443484
vn -0.294961 -0.934477 -0.199377
vn -0.016160 -0.999780 -0.013399
vn -0.031040 -0.999048 -0.030665
vn -0.254596 -0.938427 -0.233530
vn -0.016160 -0.999780 -0.013399
vn -0.055725 -0.998147 -0.024445
vn -0.005137 -0.999470 -0.032149
vn -0.031040 -0.999048 -0.030665
vn -0.256110 -0.959474 -0.117545
vn -0.294961 -0.934477 -0.199377
vn -0.526789 -0.771474 -0.356821
vn -0.571766 -0.776983 -0.263405
vn -0.571766 -0.776983 -0.263405
vn -0.526789 -0.771474 -0.356821
vn -0.736506 -0.443687 -0.510589
vn -0.804241 -0.454069 -0.383430
vn -0.804241 -0.454069 -0.383430
vn -0.736506 -0.443687 -0.510589
vn -0.824877 -0.063406 -0.561746
vn -0.824877 -0.063406 -0.561746
vn -0.867664 -0.033144 -0.496045
vn -0.893564 -0.125818 -0.430945
vn -0.804241 -0.454069 -0.383430
vn -0.060852 -0.890199 -0.451489
vn -0.090549 -0.898046 -0.430481
vn -0.018278 -0.964392 -0.263845
vn -0.017710 -0.958339 -0.285084
vn -0.492837 -0.748621 -0.443484
vn -0.254596 -0.938427 -0.233530
vn -0.219764 -0.930659 -0.292537
vn -0.450241 -0.708061 -0.543997
vn -0.031040 -0.999048 -0.030665
vn -0.005137 -0.999470 -0.032149
vn -0.010809 -0.996666 -0.080867
vn -0.090549 -0.898046 -0.430481
vn -0.119509 -0.907694 -0.402255
vn -0.027692 -0.978363 -0.205036
vn -0.018278 -0.964392 -0.263845
vn -0.119509 -0.907694 -0.402255
vn -0.148137 -0.918177 -0.367433
vn -0.022805 -0.978493 -0.205016
vn -0.027692 -0.978363 -0.205036
vn -0.148137 -0.918177 -0.367433
vn -0.176465 -0.929114 -0.324972
vn -0.015884 -0.988504 -0.150361
vn -0.022805 -0.978493 -0.205016
vn -0.069273 -0.596277 -0.799784
vn -0.134512 -0.639624 -0.756827
vn -0.060852 -0.890199 -0.451489
vn -0.030492 -0.885331 -0.463961
vn -0.134512 -0.639624 -0.756827
vn -0.201021 -0.648839 -0.733893
vn -0.090549 -0.898046 -0.430481
vn -0.060852 -0.890199 -0.451489
vn -0.201021 -0.648839 -0.733893
vn -0.266561 -0.660199 -0.702198
vn -0.119509 -0.907694 -0.402255
vn -0.090549 -0.898046 -0.430481
vn -0.266561 -0.660199 -0.702198
vn -0.331380 -0.672410 -0.661855
vn -0.148137 -0.918177 -0.367433
vn -0.119509 -0.907694 -0.402255
vn -0.394767 -0.685942 -0.611263
vn -0.450241 -0.708061 -0.543997
vn -0.219764 -0.930659 -0.292537
vn -0.176465 -0.929114 -0.324972
vn 0.000000 -0.318561 -0.947902
vn 0.000000 -0.020764 -0.999784
vn -0.099520 -0.248894 -0.963404
vn -0.069273 -0.596277 -0.799784
vn -0.099520 -0.248894 -0.963404
vn -0.184384 -0.271043 -0.944742
vn -0.134512 -0.639624 -0.756827
vn -0.069273 -0.596277 -0.799784
vn -0.184384 -0.271043 -0.944742
vn -0.284646 -0.307212 -0.908074
vn -0.201021 -0.648839 -0.733893
vn -0.134512 -0.639624 -0.756827
vn -0.284646 -0.307212 -0.908074
vn -0.367200 -0.285625 -0.885202
vn -0.266561 -0.660199 -0.702198
vn -0.201021 -0.648839 -0.733893
vn -0.492837 -0.748621 -0.443484
vn -0.450241 -0.708061 -0.543997
vn -0.617561 -0.319080 -0.718893
vn -0.674600 -0.391030 -0.626108
vn -0.450241 -0.708061 -0.543997
vn -0.394767 -0.685942 -0.611263
vn -0.538837 -0.305920 -0.784900
vn -0.617561 -0.319080 -0.718893
vn -0.394767 -0.685942 -0.611263
vn -0.331380 -0.672410 -0.661855
vn -0.457321 -0.315089 -0.831611
vn -0.538837 -0.305920 -0.784900
vn 0.000000 -0.883795 -0.467874
vn -0.030492 -0.885331 -0.463961
vn -0.002274 -0.927658 -0.373423
vn 0.000000 -0.926256 -0.376896
vn 0.000000 -0.687403 -0.726277
vn -0.069273 -0.596277 -0.799784
vn -0.030492 -0.885331 -0.463961
vn 0.000000 -0.883795 -0.467874
vn -0.030492 -0.885331 -0.463961
vn -0.060852 -0.890199 -0.451489
vn -0.017710 -0.958339 -0.285084
vn -0.002274 -0.927658 -0.373423
vn 0.000000 -0.687403 -0.726277
vn 0.000000 -0.318561 -0.947902
vn -0.069273 -0.596277 -0.799784
vn -0.099520 -0.248894 -0.963404
vn 0.000000 -0.020764 -0.999784
vn -0.130328 -0.023430 -0.991194
vn -0.130328 -0.023430 -0.991194
vn -0.181428 -0.029138 -0.982973
vn -0.184384 -0.271043 -0.944742
vn -0.099520 -0.248894 -0.963404
vn -0.181428 -0.029138 -0.982973
vn -0.252675 -0.011741 -0.967480
vn -0.284646 -0.307212 -0.908074
vn -0.184384 -0.271043 -0.944742
vn -0.252675 -0.011741 -0.967480
vn -0.345446 -0.026821 -0.938055
vn -0.284646 -0.307212 -0.908074
vn -0.345446 -0.026821 -0.938055
vn -0.381863 -0.031378 -0.923686
vn -0.367200 -0.285625 -0.885202
vn -0.284646 -0.307212 -0.908074
vn -0.367200 -0.285625 -0.885202
vn -0.457321 -0.315089 -0.831611
vn -0.331380 -0.672410 -0.661855
vn -0.266561 -0.660199 -0.702198
vn -0.331380 -0.672410 -0.661855
vn -0.394767 -0.685942 -0.611263
vn -0.176465 -0.929114 -0.324972
vn -0.148137 -0.918177 -0.367433
vn -0.176465 -0.929114 -0.324972
vn -0.219764 -0.930659 -0.292537
vn -0.010809 -0.996666 -0.080867
vn -0.015884 -0.988504 -0.150361
vn -0.381863 -0.031378 -0.923686
vn -0.444272 -0.014244 -0.895779
vn -0.457321 -0.315089 -0.831611
vn -0.367200 -0.285625 -0.885202
vn -0.010809 -0.996666 -0.080867
vn -0.219764 -0.930659 -0.292537
vn -0.254596 -0.938427 -0.233530
vn -0.031040 -0.999048 -0.030665
vn -0.674600 -0.391030 -0.626108
vn -0.617561 -0.319080 -0.718893
vn -0.617525 -0.034295 -0.785803
vn -0.737266 -0.036019 -0.674642
vn -0.617561 -0.319080 -0.718893
vn -0.538837 -0.305920 -0.784900
vn -0.579210 -0.033597 -0.814485
vn -0.617525 -0.034295 -0.785803
vn -0.538837 -0.305920 -0.784900
vn -0.457321 -0.315089 -0.831611
vn -0.494840 -0.015706 -0.868842
vn -0.579210 -0.033597 -0.814485
vn -0.494840 -0.015706 -0.868842
vn -0.457321 -0.315089 -0.831611
vn -0.444272 -0.014244 -0.895779
vn -0.519636 -0.854248 -0.015432
vn -0.552444 -0.832907 -0.032752
vn -0.634021 -0.769495 -0.076776
vn -0.362788 -0.931697 -0.018056
vn -0.541509 -0.840139 0.030564
vn -0.568786 -0.822199 0.021702
vn -0.515769 -0.856446 0.021974
vn -0.593113 -0.804638 0.027828
vn -0.361742 -0.932274 -0.002892
vn -0.218795 -0.975768 0.002203
vn -0.515769 -0.856446 0.021974
vn -0.515769 -0.856446 0.021974
vn -0.218795 -0.975768 0.002203
vn -0.623142 -0.781805 0.021796
vn -0.593113 -0.804638 0.027828
vn -0.519636 -0.854248 -0.015432
vn -0.362788 -0.931697 -0.018056
vn -0.361742 -0.932274 -0.002892
vn -0.362788 -0.931697 -0.018056
vn -0.055725 -0.998147 -0.024445
vn -0.218795 -0.975768 0.002203
vn -0.361742 -0.932274 -0.002892
vn -0.055725 -0.998147 -0.024445
vn -0.091333 -0.995796 -0.007017
vn -0.121637 -0.992561 -0.005246
vn -0.218795 -0.975768 0.002203
vn -0.552444 -0.832907 -0.032752
vn -0.715184 -0.688686 -0.119262
vn -0.634021 -0.769495 -0.076776
vn -0.519636 -0.854248 -0.015432
vn -0.361742 -0.932274 -0.002892
vn -0.568786 -0.822199 0.021702
vn -0.552444 -0.832907 -0.032752
vn -0.568786 -0.822199 0.021702
vn -0.361742 -0.932274 -0.002892
vn -0.515769 -0.856446 0.021974
vn -0.770338 -0.626252 0.119950
vn -0.568786 -0.822199 0.021702
vn -0.723324 -0.685400 0.083843
vn -0.756339 -0.648098 0.088995
vn -0.568786 -0.822199 0.021702
vn -0.541509 -0.840139 0.030564
vn -0.723324 -0.685400 0.083843
vn -0.756339 -0.648098 0.088995
vn -0.844894 -0.523369 0.110632
vn -0.859898 -0.492510 0.134202
vn -0.770338 -0.626252 0.119950
vn -0.723324 -0.685400 0.083843
vn -0.826169 -0.560012 0.061895
vn -0.844894 -0.523369 0.110632
vn -0.756339 -0.648098 0.088995
vn -0.013601 -0.991097 -0.132442
vn -0.008077 -0.997790 -0.065950
vn -0.215703 -0.968980 -0.120625
vn -0.029459 -0.980641 -0.193585
vn -0.635503 -0.763649 -0.113912
vn -0.362788 -0.931697 -0.018056
vn -0.634021 -0.769495 -0.076776
vn -0.757846 -0.636807 -0.141940
vn -0.008077 -0.997790 -0.065950
vn -0.055725 -0.998147 -0.024445
vn -0.215703 -0.968980 -0.120625
vn -0.215703 -0.968980 -0.120625
vn -0.055725 -0.998147 -0.024445
vn -0.362788 -0.931697 -0.018056
vn -0.367198 -0.921850 -0.123926
vn -0.367198 -0.921850 -0.123926
vn -0.362788 -0.931697 -0.018056
vn -0.635503 -0.763649 -0.113912
vn -0.037834 -0.957820 -0.284869
vn -0.029459 -0.980641 -0.193585
vn -0.282987 -0.912812 -0.294436
vn -0.078498 -0.817322 -0.570808
vn -0.063048 -0.902145 -0.426802
vn -0.295106 -0.857474 -0.421486
vn -0.295106 -0.857474 -0.421486
vn -0.063048 -0.902145 -0.426802
vn -0.037834 -0.957820 -0.284869
vn -0.282987 -0.912812 -0.294436
vn -0.304115 -0.758843 -0.575909
vn -0.078498 -0.817322 -0.570808
vn -0.295106 -0.857474 -0.421486
vn -0.295106 -0.857474 -0.421486
vn -0.282987 -0.912812 -0.294436
vn -0.472269 -0.843025 -0.257433
vn -0.510493 -0.770166 -0.382415
vn -0.510493 -0.770166 -0.382415
vn -0.472269 -0.843025 -0.257433
vn -0.675349 -0.707222 -0.209143
vn -0.675349 -0.707222 -0.209143
vn -0.816459 -0.541656 -0.200007
vn -0.732946 -0.604691 -0.311672
vn -0.510493 -0.770166 -0.382415
vn -0.757846 -0.636807 -0.141940
vn -0.816459 -0.541656 -0.200007
vn -0.675349 -0.707222 -0.209143
vn -0.635503 -0.763649 -0.113912
vn -0.635503 -0.763649 -0.113912
vn -0.675349 -0.707222 -0.209143
vn -0.472269 -0.843025 -0.257433
vn -0.367198 -0.921850 -0.123926
vn -0.367198 -0.921850 -0.123926
vn -0.472269 -0.843025 -0.257433
vn -0.282987 -0.912812 -0.294436
vn -0.282987 -0.912812 -0.294436
vn -0.029459 -0.980641 -0.193585
vn -0.215703 -0.968980 -0.120625
vn -0.367198 -0.921850 -0.123926
vn -0.732946 -0.604691 -0.311672
vn -0.816459 -0.541656 -0.200007
vn -0.840930 -0.479465 -0.250898
vn -0.304115 -0.758843 -0.575909
vn -0.295106 -0.857474 -0.421486
vn -0.510493 -0.770166 -0.382415
vn -0.548253 -0.669221 -0.501560
vn -0.548253 -0.669221 -0.501560
vn -0.510493 -0.770166 -0.382415
vn -0.732946 -0.604691 -0.311672
vn -0.732946 -0.604691 -0.311672
vn -0.840930 -0.479465 -0.250898
vn -0.810743 -0.479362 -0.336017
vn -0.548253 -0.669221 -0.501560
vn -0.840930 -0.479465 -0.250898
vn -0.850025 -0.463235 -0.250740
vn -0.854771 -0.420977 -0.303554
vn -0.810743 -0.479362 -0.336017
vn -0.532348 -0.846524 0.001810
vn -0.565271 -0.824904 0.001723
vn -0.933555 -0.358409 0.004204
vn -0.835706 -0.549170 0.002900
vn -0.203010 -0.979175 0.001576
vn -0.035936 -0.999345 0.004231
vn -0.067387 -0.997727 0.000128
vn -0.067387 -0.997727 0.000128
vn -0.004266 -0.999991 0.000191
vn -0.193911 -0.981019 0.000271
vn -0.565271 -0.824904 0.001723
vn -0.532348 -0.846524 0.001810
vn -0.067387 -0.997727 0.000128
vn -0.193911 -0.981019 0.000271
vn -0.532348 -0.846524 0.001810
vn -0.497193 -0.867640 0.000000
vn -0.203010 -0.979175 0.001576
vn -0.067387 -0.997727 0.000128
vn -0.835706 -0.549170 0.002900
vn -0.842036 -0.539410 0.003437
vn -0.497193 -0.867640 0.000000
vn -0.532348 -0.846524 0.001810
vn -0.835706 -0.549170 0.002900
vn -0.933555 -0.358409 0.004204
vn -0.966668 -0.255977 0.005290
vn -0.842036 -0.539410 0.003437
vn -0.966668 -0.255977 0.005290
vn -0.984731 -0.173258 0.016941
vn -0.953068 -0.302635 0.008520
vn -0.842036 -0.539410 0.003437
vn -0.966668 -0.255977 0.005290
vn -0.933555 -0.358409 0.004204
vn -0.998595 -0.050454 0.016171
vn -0.997868 -0.062482 0.018833
vn -0.996778 -0.077837 0.019371
vn -0.984731 -0.173258 0.016941
vn -0.966668 -0.255977 0.005290
vn -0.997868 -0.062482 0.018833
vn -0.984731 -0.173258 0.016941
vn -0.984549 -0.160801 0.069321
vn -0.973286 -0.227278 0.032547
vn -0.953068 -0.302635 0.008520
vn -0.964779 -0.258552 0.048506
vn -0.973286 -0.227278 0.032547
vn -0.984549 -0.160801 0.069321
vn -0.971494 -0.219314 0.090001
vn -0.929804 0.082247 0.358748
vn -0.921207 0.105159 0.374593
vn -0.892009 0.144117 0.428428
vn -0.907697 0.122953 0.401210
vn -0.988708 -0.094232 0.116523
vn -0.988496 -0.083949 0.125808
vn -0.984124 -0.080572 0.158137
vn -0.969373 -0.220680 0.107777
vn -0.910435 -0.386255 0.148037
vn -0.937011 -0.338403 0.086571
vn -0.826169 -0.560012 0.061895
vn -0.937011 -0.338403 0.086571
vn -0.844894 -0.523369 0.110632
vn -0.844894 -0.523369 0.110632
vn -0.937011 -0.338403 0.086571
vn -0.910435 -0.386255 0.148037
vn -0.859898 -0.492510 0.134202
vn -0.969373 -0.220680 0.107777
vn -0.937011 -0.338403 0.086571
vn -0.971494 -0.219314 0.090001
vn -1.000000 0.000000 0.000002
vn -1.000000 0.000001 0.000003
vn -1.000000 0.000003 0.000003
vn -0.971863 -0.189822 0.139462
vn -0.969373 -0.220680 0.107777
vn -0.982171 -0.160010 0.098675
vn -1.000000 0.000001 0.000003
vn -1.000000 0.000001 0.000003
vn -1.000000 0.000001 0.000003
vn -0.982171 -0.160010 0.098675
vn -0.990857 -0.102131 0.088161
vn -0.982700 -0.125057 0.136604
vn -0.981079 -0.143960 0.129460
vn -0.990857 -0.102131 0.088161
vn -0.988708 -0.094232 0.116523
vn -0.982700 -0.125057 0.136604
vn -0.988496 -0.083949 0.125808
vn -0.989290 -0.031190 0.142591
vn -0.983486 -0.065502 0.168717
vn -0.984124 -0.080572 0.158137
vn -0.989290 -0.031190 0.142591
vn -0.985685 -0.028176 0.166229
vn -0.983486 -0.065502 0.168717
vn -0.964036 0.009833 0.265591
vn -0.984894 -0.020551 0.171933
vn -0.979311 0.020583 0.201310
vn -0.984894 -0.020551 0.171933
vn -0.964036 0.009833 0.265591
vn -0.975043 -0.036725 0.218956
vn -0.985685 -0.028176 0.166229
vn -0.964036 0.009833 0.265591
vn -0.950785 0.062813 0.303419
vn -0.929804 0.082247 0.358748
vn -0.929804 0.082247 0.358748
vn -0.950785 0.062813 0.303419
vn -0.921207 0.105159 0.374593
vn -0.846495 0.220095 0.484772
vn -0.907697 0.122953 0.401210
vn -0.892009 0.144117 0.428428
vn -0.878199 0.186544 0.440417
vn -0.867168 0.235051 0.439057
vn -0.869558 0.200020 0.451510
vn -0.846495 0.220095 0.484772
vn -0.836189 0.249113 0.488600
vn -0.846495 0.220095 0.484772
vn -0.869558 0.200020 0.451510
vn -0.907697 0.122953 0.401210
vn -0.994077 -0.010327 0.108183
vn -0.979311 0.020583 0.201310
vn -0.984894 -0.020551 0.171933
vn -0.964036 0.009833 0.265591
vn -0.979311 0.020583 0.201310
vn -0.950785 0.062813 0.303419
vn -0.994077 -0.010327 0.108183
vn -0.989290 -0.031190 0.142591
vn -0.994162 -0.068824 0.083101
vn -0.984549 -0.160801 0.069321
vn -0.984731 -0.173258 0.016941
vn -0.996778 -0.077837 0.019371
vn -0.994271 -0.092169 0.054140
vn -0.994271 -0.092169 0.054140
vn -0.996778 -0.077837 0.019371
vn -0.997868 -0.062482 0.018833
vn -0.996594 -0.069560 0.044303
vn -0.996594 -0.069560 0.044303
vn -0.997868 -0.062482 0.018833
vn -0.998595 -0.050454 0.016171
vn -0.998552 -0.017370 0.050923
vn -0.971494 -0.219314 0.090001
vn -0.937011 -0.338403 0.086571
vn -0.944452 -0.324604 0.051407
vn -0.964779 -0.258552 0.048506
vn -0.964779 -0.258552 0.048506
vn -0.944452 -0.324604 0.051407
vn -0.973286 -0.227278 0.032547
vn -0.975043 -0.036725 0.218956
vn -0.983486 -0.065502 0.168717
vn -0.985685 -0.028176 0.166229
vn -0.989290 -0.031190 0.142591
vn -0.994077 -0.010327 0.108183
vn -0.984894 -0.020551 0.171933
vn -0.985685 -0.028176 0.166229
vn -0.994162 -0.068824 0.083101
vn -0.989290 -0.031190 0.142591
vn -0.988496 -0.083949 0.125808
vn -0.988496 -0.083949 0.125808
vn -0.988708 -0.094232 0.116523
vn -0.990857 -0.102131 0.088161
vn -0.994162 -0.068824 0.083101
vn -0.969373 -0.220680 0.107777
vn -0.971494 -0.219314 0.090001
vn -0.984549 -0.160801 0.069321
vn -0.982171 -0.160010 0.098675
vn -0.982171 -0.160010 0.098675
vn -0.984549 -0.160801 0.069321
vn -0.994271 -0.092169 0.054140
vn -0.990857 -0.102131 0.088161
vn -0.990857 -0.102131 0.088161
vn -0.994271 -0.092169 0.054140
vn -0.996594 -0.069560 0.044303
vn -0.994162 -0.068824 0.083101
vn -0.994162 -0.068824 0.083101
vn -0.996594 -0.069560 0.044303
vn -0.998552 -0.017370 0.050923
vn -0.998552 -0.017370 0.050923
vn -0.994077 -0.010327 0.108183
vn -0.994162 -0.068824 0.083101
vn -0.284735 0.318367 0.904195
vn -0.379458 0.293199 0.877523
vn -0.340296 0.097639 0.935235
vn -0.238088 0.321210 0.916591
vn -0.340296 0.097639 0.935235
vn -0.329163 -0.172533 0.928377
vn -0.207236 0.260988 0.942835
vn -0.238088 0.321210 0.916591
vn -0.238088 0.321210 0.916591
vn -0.207236 0.260988 0.942835
vn -0.196058 0.337820 0.920564
vn -0.196058 0.337820 0.920564
vn -0.207236 0.260988 0.942835
vn -0.153005 0.326114 0.932866
vn -0.144345 0.356287 0.923160
vn -0.207236 0.260988 0.942835
vn -0.216546 -0.202706 0.954997
vn -0.103903 0.094987 0.990041
vn -0.153005 0.326114 0.932866
vn -0.103903 0.094987 0.990041
vn -0.072528 0.337644 0.938475
vn -0.099643 0.348847 0.931868
vn -0.153005 0.326114 0.932866
vn -0.103903 0.094987 0.990041
vn -0.079140 -0.113410 0.990391
vn -0.039292 0.323268 0.945491
vn -0.072528 0.337644 0.938475
vn -0.072528 0.337644 0.938475
vn -0.039292 0.323268 0.945491
vn -0.041257 0.349375 0.936074
vn -0.050176 0.367432 0.928696
vn -0.041257 0.349375 0.936074
vn -0.039292 0.323268 0.945491
vn -0.032716 0.321489 0.946348
vn -0.050176 0.367432 0.928696
vn -0.039292 0.323268 0.945491
vn -0.003953 -0.066149 0.997802
vn 0.000000 0.279203 0.960232
vn -0.032716 0.321489 0.946348
vn -0.032716 0.321489 0.946348
vn 0.000000 0.279203 0.960232
vn 0.000000 0.332759 0.943012
vn -0.091817 -0.958998 0.268129
vn -0.002126 -0.999979 0.006058
vn -0.088646 -0.895850 0.435424
vn -0.118785 -0.812982 0.570045
vn -0.088646 -0.895850 0.435424
vn -0.002126 -0.999979 0.006058
vn -0.000874 -0.999988 0.004733
vn -0.088646 -0.895850 0.435424
vn -0.000874 -0.999988 0.004733
vn -0.043128 -0.895584 0.442797
vn -0.084114 -0.767719 0.635242
vn -0.043128 -0.895584 0.442797
vn -0.000874 -0.999988 0.004733
vn -0.000493 -0.999982 0.005963
vn -0.043128 -0.895584 0.442797
vn -0.000493 -0.999982 0.005963
vn -0.008316 -0.901889 0.431888
vn -0.029521 -0.771382 0.635688
vn -0.008316 -0.901889 0.431888
vn -0.000493 -0.999982 0.005963
vn -0.000042 -0.999983 0.005781
vn -0.008316 -0.901889 0.431888
vn -0.000042 -0.999983 0.005781
vn 0.000000 -0.974825 0.222970
vn 0.000000 -0.827435 0.561562
vn 0.000000 -0.974825 0.222970
vn -0.000042 -0.999983 0.005781
vn 0.000000 -1.000000 0.000446
vn 0.000000 -0.827435 0.561562
vn 0.000000 -0.649685 0.760204
vn -0.029521 -0.771382 0.635688
vn -0.008316 -0.901889 0.431888
vn -0.029521 -0.771382 0.635688
vn -0.060215 -0.650998 0.756687
vn -0.084114 -0.767719 0.635242
vn -0.043128 -0.895584 0.442797
vn -0.084114 -0.767719 0.635242
vn -0.134743 -0.653598 0.744751
vn -0.118785 -0.812982 0.570045
vn -0.088646 -0.895850 0.435424
vn -0.091817 -0.958998 0.268129
vn -0.118785 -0.812982 0.570045
vn -0.227021 -0.707620 0.669130
vn -0.216546 -0.202706 0.954997
vn -0.207236 0.260988 0.942835
vn -0.329163 -0.172533 0.928377
vn -0.227021 -0.707620 0.669130
vn -0.865325 -0.381699 0.324835
vn -0.710429 -0.463587 0.529506
vn -0.822494 0.095402 0.560716
vn -0.921216 0.059578 0.384462
vn -0.731900 0.190756 0.654167
vn -0.822494 0.095402 0.560716
vn -0.563962 0.006449 0.825776
vn -0.485596 0.267157 0.832360
vn -0.227021 -0.707620 0.669130
vn -0.329163 -0.172533 0.928377
vn -0.406503 -0.629745 0.661950
vn -0.371059 -0.756460 0.538595
vn -0.227021 -0.707620 0.669130
vn -0.371059 -0.756460 0.538595
vn -0.144164 -0.967331 0.208537
vn -0.984985 -0.168387 0.038077
vn -0.998595 -0.050454 0.016171
vn -0.933555 -0.358409 0.004204
vn -0.915332 -0.401986 0.023977
vn -0.988431 -0.053733 0.141832
vn -0.978568 0.039710 0.202060
vn -0.984985 -0.168387 0.038077
vn -0.972552 -0.202347 0.114883
vn -0.984985 -0.168387 0.038077
vn -0.978568 0.039710 0.202060
vn -0.993370 0.009923 0.114531
vn -0.993370 0.009923 0.114531
vn -0.998552 -0.017370 0.050923
vn -0.998595 -0.050454 0.016171
vn -0.379458 0.293199 0.877523
vn -0.485596 0.267157 0.832360
vn -0.563962 0.006449 0.825776
vn -0.340296 0.097639 0.935235
vn -0.142029 -0.985738 0.090270
vn -0.002109 -0.999995 0.002136
vn -0.144164 -0.967331 0.208537
vn -0.407015 -0.871713 0.272864
vn -0.407015 -0.871713 0.272864
vn -0.144164 -0.967331 0.208537
vn -0.371059 -0.756460 0.538595
vn -0.710429 -0.463587 0.529506
vn -0.710429 -0.463587 0.529506
vn -0.371059 -0.756460 0.538595
vn -0.406503 -0.629745 0.661950
vn -0.091817 -0.958998 0.268129
vn -0.227021 -0.707620 0.669130
vn -0.002395 -0.999981 0.005727
vn -0.002126 -0.999979 0.006058
vn -0.227021 -0.707620 0.669130
vn -0.144164 -0.967331 0.208537
vn -0.001091 -0.999996 0.002696
vn -0.002395 -0.999981 0.005727
vn -0.001091 -0.999996 0.002696
vn -0.144164 -0.967331 0.208537
vn -0.002109 -0.999995 0.002136
vn -0.142029 -0.985738 0.090270
vn -0.001997 -0.999998 0.000787
vn -0.001115 -0.999999 0.000638
vn -0.002109 -0.999995 0.002136
vn -0.107689 -0.994183 0.001779
vn -0.002631 -0.999997 0.000171
vn -0.143872 -0.989492 0.014368
vn -0.299875 -0.953939 0.008657
vn -0.299875 -0.953939 0.008657
vn -0.143872 -0.989492 0.014368
vn -0.540284 -0.839999 0.049944
vn -0.652588 -0.757427 0.020814
vn -0.652588 -0.757427 0.020814
vn -0.540284 -0.839999 0.049944
vn -0.789785 -0.607107 0.087529
vn -0.915332 -0.401986 0.023977
vn -0.978568 0.039710 0.202060
vn -0.988431 -0.053733 0.141832
vn -0.921216 0.059578 0.384462
vn -0.888453 0.119233 0.443210
vn -0.921216 0.059578 0.384462
vn -0.988431 -0.053733 0.141832
vn -0.972552 -0.202347 0.114883
vn -0.865325 -0.381699 0.324835
vn -0.972552 -0.202347 0.114883
vn -0.984985 -0.168387 0.038077
vn -0.915332 -0.401986 0.023977
vn -0.789785 -0.607107 0.087529
vn -0.915332 -0.401986 0.023977
vn -0.933555 -0.358409 0.004204
vn -0.565271 -0.824904 0.001723
vn -0.652588 -0.757427 0.020814
vn -0.710429 -0.463587 0.529506
vn -0.556996 -0.104199 0.823953
vn -0.563962 0.006449 0.825776
vn -0.822494 0.095402 0.560716
vn -0.556996 -0.104199 0.823953
vn -0.329163 -0.172533 0.928377
vn -0.340296 0.097639 0.935235
vn -0.563962 0.006449 0.825776
vn -0.888453 0.119233 0.443210
vn -0.921216 0.059578 0.384462
vn -0.822494 0.095402 0.560716
vn -0.731900 0.190756 0.654167
vn -0.865325 -0.381699 0.324835
vn -0.972552 -0.202347 0.114883
vn -0.789785 -0.607107 0.087529
vn -0.659836 -0.714055 0.233971
vn -0.652588 -0.757427 0.020814
vn -0.565271 -0.824904 0.001723
vn -0.299875 -0.953939 0.008657
vn -0.299875 -0.953939 0.008657
vn -0.565271 -0.824904 0.001723
vn -0.193911 -0.981019 0.000271
vn -0.107689 -0.994183 0.001779
vn -0.002631 -0.999997 0.000171
vn -0.001997 -0.999998 0.000787
vn -0.105446 -0.993973 0.029977
vn -0.143872 -0.989492 0.014368
vn -0.105446 -0.993973 0.029977
vn -0.001997 -0.999998 0.000787
vn -0.142029 -0.985738 0.090270
vn -0.291109 -0.951699 0.097592
vn -0.291109 -0.951699 0.097592
vn -0.142029 -0.985738 0.090270
vn -0.407015 -0.871713 0.272864
vn -0.659836 -0.714055 0.233971
vn -0.659836 -0.714055 0.233971
vn -0.407015 -0.871713 0.272864
vn -0.710429 -0.463587 0.529506
vn -0.865325 -0.381699 0.324835
vn -0.004266 -0.999991 0.000191
vn -0.002631 -0.999997 0.000171
vn -0.107689 -0.994183 0.001779
vn -0.193911 -0.981019 0.000271
vn -0.143872 -0.989492 0.014368
vn -0.105446 -0.993973 0.029977
vn -0.540284 -0.839999 0.049944
vn -0.540284 -0.839999 0.049944
vn -0.105446 -0.993973 0.029977
vn -0.291109 -0.951699 0.097592
vn -0.789785 -0.607107 0.087529
vn -0.789785 -0.607107 0.087529
vn -0.291109 -0.951699 0.097592
vn -0.659836 -0.714055 0.233971
vn -0.025738 -0.935409 -0.352629
vn -0.030636 -0.900333 -0.434123
vn 0.000000 -0.909485 -0.415736
vn -0.002274 -0.927658 -0.373423
vn -0.027692 -0.978363 -0.205036
vn -0.022805 -0.978493 -0.205016
vn -0.030296 -0.960429 -0.276872
vn -0.018278 -0.964392 -0.263845
vn -0.041652 -0.834685 -0.549150
vn -0.025532 -0.704144 -0.709598
vn 0.000000 -0.858005 -0.513642
vn -0.041652 -0.834685 -0.549150
vn 0.000000 -0.858005 -0.513642
vn 0.000000 -0.909485 -0.415736
vn -0.030636 -0.900333 -0.434123
vn -0.078498 -0.817322 -0.570808
vn -0.041652 -0.834685 -0.549150
vn -0.030636 -0.900333 -0.434123
vn -0.063048 -0.902145 -0.426802
vn -0.063048 -0.902145 -0.426802
vn -0.030636 -0.900333 -0.434123
vn -0.025738 -0.935409 -0.352629
vn -0.025738 -0.935409 -0.352629
vn -0.030296 -0.960429 -0.276872
vn -0.037834 -0.957820 -0.284869
vn -0.063048 -0.902145 -0.426802
vn -0.030296 -0.960429 -0.276872
vn -0.022805 -0.978493 -0.205016
vn -0.029459 -0.980641 -0.193585
vn -0.037834 -0.957820 -0.284869
vn -0.022805 -0.978493 -0.205016
vn -0.015884 -0.988504 -0.150361
vn -0.013601 -0.991097 -0.132442
vn -0.029459 -0.980641 -0.193585
vn -0.010809 -0.996666 -0.080867
vn -0.005137 -0.999470 -0.032149
vn -0.055725 -0.998147 -0.024445
vn -0.008077 -0.997790 -0.065950
vn -0.013601 -0.991097 -0.132442
vn -0.015884 -0.988504 -0.150361
vn -0.010809 -0.996666 -0.080867
vn -0.008077 -0.997790 -0.065950
vn -0.025738 -0.935409 -0.352629
vn -0.002274 -0.927658 -0.373423
vn -0.017710 -0.958339 -0.285084
vn -0.017710 -0.958339 -0.285084
vn -0.018278 -0.964392 -0.263845
vn -0.030296 -0.960429 -0.276872
vn -0.025738 -0.935409 -0.352629
vn -0.055725 -0.998147 -0.024445
vn -0.014688 -0.999859 -0.008178
vn -0.013717 -0.999885 -0.006540
vn -0.091333 -0.995796 -0.007017
vn -0.009899 -0.999929 -0.006688
vn -0.014688 -0.999859 -0.008178
vn -0.055725 -0.998147 -0.024445
vn -0.016160 -0.999780 -0.013399
vn -0.862570 -0.398655 -0.311524
vn -0.862309 -0.397245 -0.314037
vn -0.854771 -0.420977 -0.303554
vn -0.850025 -0.463235 -0.250740
vn -0.840930 -0.479465 -0.250898
vn -0.816459 -0.541656 -0.200007
vn -0.831734 -0.514816 -0.207806
vn -0.850025 -0.463235 -0.250740
vn -0.816459 -0.541656 -0.200007
vn -0.757846 -0.636807 -0.141940
vn -0.784038 -0.600128 -0.158527
vn -0.831734 -0.514816 -0.207806
vn -0.757846 -0.636807 -0.141940
vn -0.634021 -0.769495 -0.076776
vn -0.715184 -0.688686 -0.119262
vn -0.784038 -0.600128 -0.158527
vn -0.149622 0.396203 0.905890
vn -0.297424 0.337169 0.893228
vn -0.191021 0.357804 0.914050
vn -0.109307 0.404681 0.907902
vn -0.191021 0.357804 0.914050
vn -0.297424 0.337169 0.893228
vn -0.314777 0.314281 0.895624
vn -0.191021 0.357804 0.914050
vn -0.314777 0.314281 0.895624
vn -0.254473 0.330514 0.908848
vn -0.134129 0.378683 0.915756
vn -0.314777 0.314281 0.895624
vn -0.379458 0.293199 0.877523
vn -0.284735 0.318367 0.904195
vn -0.254473 0.330514 0.908848
vn -0.076863 0.446831 0.891310
vn -0.200669 0.381891 0.902159
vn -0.149622 0.396203 0.905890
vn -0.109307 0.404681 0.907902
vn -0.200669 0.381891 0.902159
vn -0.295639 0.334480 0.894830
vn -0.149622 0.396203 0.905890
vn -0.295639 0.334480 0.894830
vn -0.297424 0.337169 0.893228
vn -0.149622 0.396203 0.905890
vn -0.057185 0.500461 0.863868
vn -0.081452 0.465735 0.881168
vn -0.112162 0.434039 0.893885
vn -0.076863 0.446831 0.891310
vn 0.000000 0.485141 0.874436
vn -0.025083 0.491201 0.870685
vn -0.026424 0.433897 0.900575
vn 0.000000 0.438416 0.898772
vn 0.000000 0.402709 0.915328
vn 0.000000 0.438416 0.898772
vn -0.026424 0.433897 0.900575
vn -0.040730 0.397293 0.916788
vn 0.000000 0.363042 0.931773
vn -0.050176 0.367432 0.928696
vn -0.032716 0.321489 0.946348
vn 0.000000 0.332759 0.943012
vn -0.072528 0.337644 0.938475
vn -0.050176 0.367432 0.928696
vn -0.087251 0.362467 0.927904
vn -0.099643 0.348847 0.931868
vn -0.099643 0.348847 0.931868
vn -0.087251 0.362467 0.927904
vn -0.144345 0.356287 0.923160
vn -0.153005 0.326114 0.932866
vn -0.144345 0.356287 0.923160
vn -0.087251 0.362467 0.927904
vn -0.083269 0.389726 0.917159
vn -0.083269 0.389726 0.917159
vn -0.087251 0.362467 0.927904
vn -0.050176 0.367432 0.928696
vn -0.040730 0.397293 0.916788
vn -0.109307 0.404681 0.907902
vn -0.191021 0.357804 0.914050
vn -0.134129 0.378683 0.915756
vn -0.134129 0.378683 0.915756
vn -0.254473 0.330514 0.908848
vn -0.194656 0.347861 0.917116
vn -0.194656 0.347861 0.917116
vn -0.254473 0.330514 0.908848
vn -0.284735 0.318367 0.904195
vn -0.238088 0.321210 0.916591
vn -0.196058 0.337820 0.920564
vn -0.144345 0.356287 0.923160
vn -0.194656 0.347861 0.917116
vn -0.238088 0.321210 0.916591
vn -0.144345 0.356287 0.923160
vn -0.083269 0.389726 0.917159
vn -0.134129 0.378683 0.915756
vn -0.194656 0.347861 0.917116
vn -0.083269 0.389726 0.917159
vn -0.065341 0.419457 0.905421
vn -0.109307 0.404681 0.907902
vn -0.134129 0.378683 0.915756
vn -0.065341 0.419457 0.905421
vn -0.046433 0.454195 0.889691
vn -0.076863 0.446831 0.891310
vn -0.109307 0.404681 0.907902
vn 0.000000 0.402709 0.915328
vn -0.040730 0.397293 0.916788
vn -0.050176 0.367432 0.928696
vn 0.000000 0.363042 0.931773
vn -0.083269 0.389726 0.917159
vn -0.040730 0.397293 0.916788
vn -0.026424 0.433897 0.900575
vn -0.065341 0.419457 0.905421
vn -0.065341 0.419457 0.905421
vn -0.026424 0.433897 0.900575
vn -0.025083 0.491201 0.870685
vn -0.046433 0.454195 0.889691
vn -0.046433 0.454195 0.889691
vn -0.025083 0.491201 0.870685
vn -0.057185 0.500461 0.863868
vn -0.076863 0.446831 0.891310
vn -0.112162 0.434039 0.893885
vn -0.200669 0.381891 0.902159
vn -0.076863 0.446831 0.891310
vn -0.767345 0.183298 0.614479
vn -0.295639 0.334480 0.894830
vn -0.787536 0.188102 0.586861
vn -0.911486 0.103596 0.398072
vn -0.295639 0.334480 0.894830
vn -0.767345 0.183298 0.614479
vn -0.297424 0.337169 0.893228
vn -0.379458 0.293199 0.877523
vn -0.314777 0.314281 0.895624
vn -0.488548 0.271733 0.829145
vn -0.485596 0.267157 0.832360
vn -0.485596 0.267157 0.832360
vn -0.488548 0.271733 0.829145
vn -0.689126 0.211981 0.692943
vn -0.731900 0.190756 0.654167
vn -0.731900 0.190756 0.654167
vn -0.689126 0.211981 0.692943
vn -0.861226 0.136090 0.489663
vn -0.888453 0.119233 0.443210
vn -0.993370 0.009923 0.114531
vn -0.988466 0.019902 0.150133
vn -0.994077 -0.010327 0.108183
vn -0.998552 -0.017370 0.050923
vn -0.988466 0.019902 0.150133
vn -0.969437 0.047834 0.240634
vn -0.979311 0.020583 0.201310
vn -0.994077 -0.010327 0.108183
vn -0.921207 0.105159 0.374593
vn -0.950785 0.062813 0.303419
vn -0.914200 0.109791 0.390107
vn -0.848214 0.176013 0.499552
vn -0.921207 0.105159 0.374593
vn -0.848214 0.176013 0.499552
vn -0.892009 0.144117 0.428428
vn -0.848214 0.176013 0.499552
vn -0.579542 0.334750 0.743016
vn -0.878199 0.186544 0.440417
vn -0.892009 0.144117 0.428428
vn -0.589828 0.374806 0.715279
vn -0.836189 0.249113 0.488600
vn -0.846495 0.220095 0.484772
vn -0.579542 0.334750 0.743016
vn -0.342422 0.436617 0.831933
vn -0.112162 0.434039 0.893885
vn -0.081452 0.465735 0.881168
vn -0.914200 0.109791 0.390107
vn -0.950785 0.062813 0.303419
vn -0.979311 0.020583 0.201310
vn -0.969437 0.047834 0.240634
vn -0.914200 0.109791 0.390107
vn -0.969437 0.047834 0.240634
vn -0.911486 0.103596 0.398072
vn -0.787536 0.188102 0.586861
vn -0.969437 0.047834 0.240634
vn -0.988466 0.019902 0.150133
vn -0.964686 0.057117 0.257137
vn -0.911486 0.103596 0.398072
vn -0.988466 0.019902 0.150133
vn -0.993370 0.009923 0.114531
vn -0.978568 0.039710 0.202060
vn -0.964686 0.057117 0.257137
vn -0.589828 0.374806 0.715279
vn -0.579542 0.334750 0.743016
vn -0.112162 0.434039 0.893885
vn -0.342422 0.436617 0.831933
vn -0.579542 0.334750 0.743016
vn -0.680153 0.256063 0.686894
vn -0.200669 0.381891 0.902159
vn -0.112162 0.434039 0.893885
vn -0.680153 0.256063 0.686894
vn -0.787536 0.188102 0.586861
vn -0.295639 0.334480 0.894830
vn -0.200669 0.381891 0.902159
vn -0.861226 0.136090 0.489663
vn -0.767345 0.183298 0.614479
vn -0.911486 0.103596 0.398072
vn -0.964686 0.057117 0.257137
vn -0.767345 0.183298 0.614479
vn -0.861226 0.136090 0.489663
vn -0.689126 0.211981 0.692943
vn -0.297424 0.337169 0.893228
vn -0.297424 0.337169 0.893228
vn -0.689126 0.211981 0.692943
vn -0.488548 0.271733 0.829145
vn -0.314777 0.314281 0.895624
vn -0.888453 0.119233 0.443210
vn -0.861226 0.136090 0.489663
vn -0.964686 0.057117 0.257137
vn -0.978568 0.039710 0.202060
vn -0.848214 0.176013 0.499552
vn -0.680153 0.256063 0.686894
vn -0.579542 0.334750 0.743016
vn -0.878199 0.186544 0.440417
vn -0.579542 0.334750 0.743016
vn -0.846495 0.220095 0.484772
vn -1.000000 0.000001 0.000002
vn -1.000000 0.000001 0.000002
vn -1.000000 0.000001 0.000002
vn -1.000000 0.000001 0.000002
vn -1.000000 0.000001 0.000002
vn -1.000000 0.000001 0.000002
vn -1.000000 0.000001 0.000002
vn -1.000000 0.000001 0.000002
vn -1.000000 -0.000001 0.000002
vn -1.000000 0.000001 0.000002
vn -1.000000 -0.000001 0.000002
vn -1.000000 0.000001 0.000002
vn -1.000000 -0.000002 0.000003
vn -1.000000 0.000002 0.000002
vn -1.000000 0.000000 0.000002
vn -1.000000 0.000001 0.000002
vn -1.000000 0.000002 0.000002
vn -1.000000 0.000001 0.000002
vn -1.000000 0.000002 0.000003
vn -1.000000 0.000002 0.000002
vn -1.000000 0.000001 0.000002
vn -1.000000 0.000001 0.000002
vn -1.000000 0.000001 0.000002
vn -1.000000 0.000001 0.000002
vn -1.000000 0.000001 0.000003
vn -1.000000 0.000001 0.000003
vn -1.000000 0.000001 0.000003
vn -1.000000 0.000001 0.000003
vn -1.000000 0.000001 0.000002
vn -1.000000 0.000001 0.000002
vn -1.000000 0.000001 0.000003
vn -1.000000 0.000001 0.000003
vn -1.000000 0.000002 0.000003
vn -1.000000 0.000002 0.000003
vn -1.000000 0.000002 0.000003
vn -1.000000 0.000002 0.000003
vn -1.000000 0.000002 0.000002
vn -1.000000 0.000001 0.000003
vn -1.000000 0.000001 0.000003
vn -1.000000 0.000001 0.000003
vn -1.000000 0.000001 0.000003
vn -1.000000 0.000001 0.000003
vn -1.000000 0.000001 0.000003
vn -1.000000 0.000001 0.000003
vn -1.000000 0.000001 0.000003
vn -1.000000 0.000001 0.000003
vn -1.000000 0.000001 0.000003
vn -1.000000 0.000001 0.000003
vn -1.000000 0.000001 0.000003
vn -1.000000 0.000001 0.000003
vn -1.000000 0.000001 0.000003
vn -1.000000 0.000001 0.000003
vn -1.000000 -0.000002 0.000001
vn -1.000000 0.000002 0.000001
vn -1.000000 -0.000001 0.000002
vn -1.000000 -0.000002 0.000001
vn -1.000000 -0.000001 0.000002
vn -1.000000 -0.000001 0.000002
vn -1.000000 -0.000002 0.000003
vn -1.000000 0.000000 0.000003
vn -1.000000 0.000001 0.000003
vn -1.000000 0.000001 0.000002
vn -1.000000 0.000001 0.000002
vn -1.000000 0.000001 0.000003
vn -1.000000 0.000001 0.000002
vn -1.000000 0.000000 0.000002
vn -1.000000 0.000001 0.000003
vn -1.000000 0.000001 0.000003
vn -1.000000 0.000001 0.000002
vn -1.000000 0.000001 0.000003
vn -1.000000 0.000001 0.000003
vn -1.000000 0.000001 0.000003
vn -1.000000 0.000001 0.000003
vn -1.000000 0.000001 0.000003
vn -1.000000 0.000001 0.000003
vn -1.000000 0.000001 0.000003
vn -1.000000 0.000001 0.000003
vn -1.000000 0.000001 0.000003
vn -1.000000 0.000001 0.000003
vn -1.000000 0.000001 0.000003
vn -1.000000 0.000001 0.000003
vn -1.000000 -0.000001 0.000002
vn -1.000000 0.000002 0.000001
vn -1.000000 0.000001 0.000002
vn -1.000000 0.000001 0.000003
vn -1.000000 0.000001 0.000003
vn -1.000000 0.000001 0.000003
vn -1.000000 0.000001 0.000003
vn -1.000000 0.000001 0.000003
vn -1.000000 0.000000 0.000003
vn -0.996694 0.080482 0.011108
vn -1.000000 0.000001 0.000003
vn -1.000000 0.000001 0.000003
vn -1.000000 0.000001 0.000003
vn -1.000000 0.000001 0.000003
vn -1.000000 0.000001 0.000003
vn -1.000000 0.000001 0.000003
vn -1.000000 0.000001 0.000003
vn -1.000000 0.000001 0.000003
vn -1.000000 0.000001 0.000003
vn -1.000000 0.000001 0.000003
vn -1.000000 0.000001 0.000003
vn -1.000000 0.000001 0.000003
vn -1.000000 0.000001 0.000003
vn -1.000000 0.000001 0.000002
vn -1.000000 0.000001 0.000003
vn -0.996315 0.085198 -0.009936
vn -1.000000 0.000001 0.000003
vn -1.000000 0.000001 0.000003
vn -0.996694 0.080482 0.011108
vn -1.000000 0.000001 0.000003
vn -1.000000 0.000001 0.000003
vn -1.000000 0.000001 0.000003
vn -1.000000 0.000001 0.000003
vn -1.000000 0.000001 0.000003
vn -1.000000 0.000001 0.000003
vn -1.000000 0.000001 0.000003
vn -1.000000 0.000001 0.000003
vn -1.000000 0.000001 0.000003
vn -1.000000 0.000001 0.000003
vn -1.000000 0.000001 0.000003
vn -1.000000 0.000001 0.000003
vn -0.996315 0.085198 -0.009936
vn -1.000000 0.000001 0.000003
vn -1.000000 0.000001 0.000003
vn -1.000000 0.000001 0.000003
vn -1.000000 0.000001 0.000003
vn -1.000000 0.000001 0.000003
vn -1.000000 0.000001 0.000003
vn -1.000000 0.000001 0.000003
vn -1.000000 0.000001 0.000003
vn -1.000000 0.000001 0.000003
vn -1.000000 0.000001 0.000003
vn -1.000000 0.000001 0.000003
vn -1.000000 0.000001 0.000003
vn -1.000000 0.000001 0.000003
vn -1.000000 0.000001 0.000003
vn -1.000000 0.000001 0.000003
vn -1.000000 0.000003 0.000003
vn -1.000000 0.000004 0.000002
vn -1.000000 0.000002 -0.000004
vn -1.000000 0.000004 0.000002
vn -1.000000 0.000004 0.000002
vn -1.000000 0.000004 0.000002
vn -1.000000 0.000004 0.000003
vn -1.000000 0.000003 0.000003
vn -1.000000 0.000003 0.000003
vn -1.000000 0.000004 0.000003
vn -1.000000 0.000000 0.000002
vn -1.000000 0.000001 0.000003
vn -1.000000 0.000001 0.000003
vn -1.000000 0.000001 0.000003
vn -1.000000 0.000001 0.000003
vn -1.000000 0.000002 0.000003
vn -1.000000 0.000002 0.000003
vn -1.000000 0.000002 0.000003
vn -1.000000 0.000002 0.000003
vn -1.000000 0.000001 0.000003
vn -1.000000 0.000001 0.000003
vn -1.000000 0.000001 0.000003
vn -1.000000 0.000001 0.000003
vn -0.548253 -0.669221 -0.501560
vn -0.810743 -0.479362 -0.336017
vn -0.747309 -0.471707 -0.467998
vn -0.531314 -0.601366 -0.596712
vn -0.304115 -0.758843 -0.575909
vn -0.548253 -0.669221 -0.501560
vn -0.531314 -0.601366 -0.596712
vn -0.294573 -0.665924 -0.685400
vn -0.262859 -0.588219 -0.764790
vn -0.081289 -0.624111 -0.777096
vn -0.082612 -0.724257 -0.684564
vn -0.294573 -0.665924 -0.685400
vn -0.294573 -0.665924 -0.685400
vn -0.082612 -0.724257 -0.684564
vn -0.078498 -0.817322 -0.570808
vn -0.304115 -0.758843 -0.575909
vn -0.339078 -0.354399 -0.871451
vn -0.098445 -0.448237 -0.888477
vn -0.251439 -0.478895 -0.841093
vn -0.546207 -0.314055 -0.776548
vn -0.251439 -0.478895 -0.841093
vn -0.098445 -0.448237 -0.888477
vn -0.089065 -0.518359 -0.850512
vn -0.251439 -0.478895 -0.841093
vn -0.089065 -0.518359 -0.850512
vn -0.262859 -0.588219 -0.764790
vn -0.542726 -0.419523 -0.727632
vn -0.262859 -0.588219 -0.764790
vn -0.089065 -0.518359 -0.850512
vn -0.081289 -0.624111 -0.777096
vn -0.084610 -0.256247 -0.962901
vn -0.099680 -0.323927 -0.940816
vn -0.336335 -0.228328 -0.913644
vn -0.074791 -0.188590 -0.979204
vn -0.336335 -0.228328 -0.913644
vn -0.099680 -0.323927 -0.940816
vn -0.339078 -0.354399 -0.871451
vn -0.548064 -0.203345 -0.811343
vn -0.339078 -0.354399 -0.871451
vn -0.099680 -0.323927 -0.940816
vn -0.073980 -0.343162 -0.936358
vn -0.073980 -0.343162 -0.936358
vn -0.056074 -0.406763 -0.911811
vn -0.098445 -0.448237 -0.888477
vn -0.074791 -0.188590 -0.979204
vn -0.336335 -0.228328 -0.913644
vn -0.100061 -0.162786 -0.981574
vn -0.336335 -0.228328 -0.913644
vn -0.543387 -0.089404 -0.834708
vn -0.304789 -0.096485 -0.947520
vn -0.100061 -0.162786 -0.981574
vn -0.304789 -0.096485 -0.947520
vn -0.097598 -0.044482 -0.994231
vn -0.076241 -0.093256 -0.992719
vn -0.100061 -0.162786 -0.981574
vn -0.304789 -0.096485 -0.947520
vn -0.546187 0.026862 -0.837232
vn -0.339236 0.028214 -0.940278
vn -0.097598 -0.044482 -0.994231
vn -0.097598 -0.044482 -0.994231
vn -0.073815 0.063363 -0.995257
vn -0.054605 -0.002279 -0.998506
vn -0.747359 0.120368 -0.653426
vn -0.747207 0.028785 -0.663968
vn -0.856364 0.023746 -0.515826
vn -0.856321 0.095198 -0.507595
vn -0.856364 0.023746 -0.515826
vn -0.747207 0.028785 -0.663968
vn -0.747137 -0.063356 -0.661644
vn -0.856381 -0.048142 -0.514095
vn -0.856381 -0.048142 -0.514095
vn -0.747137 -0.063356 -0.661644
vn -0.747262 -0.154306 -0.646366
vn -0.856349 -0.119141 -0.502466
vn -0.856349 -0.119141 -0.502466
vn -0.747262 -0.154306 -0.646366
vn -0.747368 -0.242131 -0.618719
vn -0.856306 -0.187772 -0.481125
vn -0.856306 -0.187772 -0.481125
vn -0.747368 -0.242131 -0.618719
vn -0.747283 -0.325349 -0.579410
vn -0.856341 -0.252703 -0.450358
vn -0.856341 -0.252703 -0.450358
vn -0.747283 -0.325349 -0.579410
vn -0.747193 -0.402474 -0.528883
vn -0.856379 -0.312793 -0.410823
vn -0.856379 -0.312793 -0.410823
vn -0.747193 -0.402474 -0.528883
vn -0.747309 -0.471707 -0.467998
vn -0.856334 -0.366897 -0.363425
vn -0.856334 -0.366897 -0.363425
vn -0.747309 -0.471707 -0.467998
vn -0.810743 -0.479362 -0.336017
vn -0.854771 -0.420977 -0.303554
vn -0.073815 0.063363 -0.995257
vn -0.339236 0.028214 -0.940278
vn -0.098052 0.089277 -0.991169
vn -0.339236 0.028214 -0.940278
vn -0.548498 0.142185 -0.823974
vn -0.344036 0.156774 -0.925776
vn -0.098052 0.089277 -0.991169
vn -0.098052 0.089277 -0.991169
vn -0.073375 0.192103 -0.978628
vn -0.054127 0.126824 -0.990447
vn -0.856321 0.095198 -0.507595
vn -0.856299 0.164729 -0.489506
vn -0.747434 0.209498 -0.630438
vn -0.747359 0.120368 -0.653426
vn -0.073375 0.192103 -0.978628
vn -0.344036 0.156774 -0.925776
vn -0.088646 0.250776 -0.963978
vn -0.344036 0.156774 -0.925776
vn -0.549320 0.254625 -0.795873
vn -0.345570 0.282124 -0.894979
vn -0.088646 0.250776 -0.963978
vn -0.088646 0.250776 -0.963978
vn -0.345570 0.282124 -0.894979
vn -0.073260 0.311882 -0.947292
vn -0.856299 0.164729 -0.489506
vn -0.856352 0.231060 -0.461814
vn -0.747403 0.294670 -0.595448
vn -0.747434 0.209498 -0.630438
vn -0.073260 0.311882 -0.947292
vn -0.098136 0.403305 -0.909788
vn -0.053760 0.374816 -0.925539
vn -0.345570 0.282124 -0.894979
vn -0.549237 0.362200 -0.753093
vn -0.345304 0.402167 -0.847955
vn -0.098136 0.403305 -0.909788
vn -0.098136 0.403305 -0.909788
vn -0.345304 0.402167 -0.847955
vn -0.073346 0.431894 -0.898937
vn -0.856352 0.231060 -0.461814
vn -0.856324 0.293032 -0.425255
vn -0.747403 0.374348 -0.548865
vn -0.747403 0.294670 -0.595448
vn -0.073346 0.431894 -0.898937
vn -0.098001 0.521971 -0.847315
vn -0.054131 0.491275 -0.869321
vn -0.345304 0.402167 -0.847955
vn -0.548540 0.463342 -0.696002
vn -0.343211 0.515576 -0.785104
vn -0.098001 0.521971 -0.847315
vn -0.098001 0.521971 -0.847315
vn -0.343211 0.515576 -0.785104
vn -0.073784 0.545060 -0.835144
vn -0.856324 0.293032 -0.425255
vn -0.856320 0.349156 -0.380534
vn -0.747409 0.446529 -0.491926
vn -0.747403 0.374348 -0.548865
vn -0.073784 0.545060 -0.835144
vn -0.097625 0.631005 -0.769612
vn -0.054630 0.599531 -0.798485
vn -0.343211 0.515576 -0.785104
vn -0.546497 0.555916 -0.626337
vn -0.337975 0.619906 -0.708159
vn -0.097625 0.631005 -0.769612
vn -0.097625 0.631005 -0.769612
vn -0.337975 0.619906 -0.708159
vn -0.074506 0.648595 -0.757479
vn -0.856320 0.349156 -0.380534
vn -0.859804 0.391671 -0.327613
vn -0.743358 0.513389 -0.428777
vn -0.747409 0.446529 -0.491926
vn -0.074506 0.648595 -0.757479
vn -0.096795 0.728457 -0.678219
vn -0.055180 0.697713 -0.714249
vn -0.337975 0.619906 -0.708159
vn -0.524900 0.653868 -0.544918
vn -0.332650 0.722967 -0.605527
vn -0.096795 0.728457 -0.678219
vn -0.096795 0.728457 -0.678219
vn -0.332650 0.722967 -0.605527
vn -0.075132 0.741226 -0.667038
vn -0.859804 0.391671 -0.327613
vn -0.853125 0.445068 -0.272199
vn -0.745333 0.570666 -0.344702
vn -0.743358 0.513389 -0.428777
vn -0.531314 -0.601366 -0.596712
vn -0.747309 -0.471707 -0.467998
vn -0.747193 -0.402474 -0.528883
vn -0.550285 -0.513166 -0.658671
vn -0.550285 -0.513166 -0.658671
vn -0.747193 -0.402474 -0.528883
vn -0.747283 -0.325349 -0.579410
vn -0.542726 -0.419523 -0.727632
vn -0.542726 -0.419523 -0.727632
vn -0.747283 -0.325349 -0.579410
vn -0.747368 -0.242131 -0.618719
vn -0.546207 -0.314055 -0.776548
vn -0.546207 -0.314055 -0.776548
vn -0.747368 -0.242131 -0.618719
vn -0.747262 -0.154306 -0.646366
vn -0.548064 -0.203345 -0.811343
vn -0.548064 -0.203345 -0.811343
vn -0.747262 -0.154306 -0.646366
vn -0.747137 -0.063356 -0.661644
vn -0.543387 -0.089404 -0.834708
vn -0.543387 -0.089404 -0.834708
vn -0.747137 -0.063356 -0.661644
vn -0.747207 0.028785 -0.663968
vn -0.546187 0.026862 -0.837232
vn -0.546187 0.026862 -0.837232
vn -0.747207 0.028785 -0.663968
vn -0.747359 0.120368 -0.653426
vn -0.548498 0.142185 -0.823974
vn -0.548498 0.142185 -0.823974
vn -0.747359 0.120368 -0.653426
vn -0.747434 0.209498 -0.630438
vn -0.549320 0.254625 -0.795873
vn -0.549320 0.254625 -0.795873
vn -0.747434 0.209498 -0.630438
vn -0.747403 0.294670 -0.595448
vn -0.549237 0.362200 -0.753093
vn -0.549237 0.362200 -0.753093
vn -0.747403 0.294670 -0.595448
vn -0.747403 0.374348 -0.548865
vn -0.548540 0.463342 -0.696002
vn -0.548540 0.463342 -0.696002
vn -0.747403 0.374348 -0.548865
vn -0.747409 0.446529 -0.491926
vn -0.546497 0.555916 -0.626337
vn -0.546497 0.555916 -0.626337
vn -0.747409 0.446529 -0.491926
vn -0.743358 0.513389 -0.428777
vn -0.524900 0.653868 -0.544918
vn -0.524900 0.653868 -0.544918
vn -0.743358 0.513389 -0.428777
vn -0.745333 0.570666 -0.344702
vn -0.530816 0.719952 -0.447107
vn -0.294573 -0.665924 -0.685400
vn -0.531314 -0.601366 -0.596712
vn -0.550285 -0.513166 -0.658671
vn -0.262859 -0.588219 -0.764790
vn -0.262859 -0.588219 -0.764790
vn -0.550285 -0.513166 -0.658671
vn -0.542726 -0.419523 -0.727632
vn -0.251439 -0.478895 -0.841093
vn -0.542726 -0.419523 -0.727632
vn -0.546207 -0.314055 -0.776548
vn -0.339078 -0.354399 -0.871451
vn -0.546207 -0.314055 -0.776548
vn -0.548064 -0.203345 -0.811343
vn -0.336335 -0.228328 -0.913644
vn -0.548064 -0.203345 -0.811343
vn -0.543387 -0.089404 -0.834708
vn -0.304789 -0.096485 -0.947520
vn -0.543387 -0.089404 -0.834708
vn -0.546187 0.026862 -0.837232
vn -0.339236 0.028214 -0.940278
vn -0.546187 0.026862 -0.837232
vn -0.548498 0.142185 -0.823974
vn -0.344036 0.156774 -0.925776
vn -0.548498 0.142185 -0.823974
vn -0.549320 0.254625 -0.795873
vn -0.345570 0.282124 -0.894979
vn -0.549320 0.254625 -0.795873
vn -0.549237 0.362200 -0.753093
vn -0.345304 0.402167 -0.847955
vn -0.549237 0.362200 -0.753093
vn -0.548540 0.463342 -0.696002
vn -0.343211 0.515576 -0.785104
vn -0.548540 0.463342 -0.696002
vn -0.546497 0.555916 -0.626337
vn -0.337975 0.619906 -0.708159
vn -0.546497 0.555916 -0.626337
vn -0.524900 0.653868 -0.544918
vn -0.332650 0.722967 -0.605527
vn -0.524900 0.653868 -0.544918
vn -0.530816 0.719952 -0.447107
vn -0.302286 0.803018 -0.513601
vn -0.754911 0.603242 -0.257311
vn -0.745333 0.570666 -0.344702
vn -0.853125 0.445068 -0.272199
vn -0.857541 0.465604 -0.218716
vn -0.079241 0.914874 -0.395887
vn -0.081514 0.854691 -0.512697
vn -0.302286 0.803018 -0.513601
vn -0.282630 0.877462 -0.387531
vn -0.081514 0.854691 -0.512697
vn -0.085195 0.815518 -0.572426
vn -0.332650 0.722967 -0.605527
vn -0.302286 0.803018 -0.513601
vn -0.085195 0.815518 -0.572426
vn -0.056174 0.784751 -0.617261
vn -0.075132 0.741226 -0.667038
vn -0.282630 0.877462 -0.387531
vn -0.531163 0.774649 -0.343198
vn -0.588785 0.776895 -0.223082
vn -0.341544 0.903947 -0.257347
vn -0.531163 0.774649 -0.343198
vn -0.754911 0.603242 -0.257311
vn -0.753940 0.631406 -0.181388
vn -0.588785 0.776895 -0.223082
vn -0.754911 0.603242 -0.257311
vn -0.857541 0.465604 -0.218716
vn -0.852313 0.504476 -0.138079
vn -0.753940 0.631406 -0.181388
vn -0.754911 0.603242 -0.257311
vn -0.531163 0.774649 -0.343198
vn -0.530816 0.719952 -0.447107
vn -0.745333 0.570666 -0.344702
vn -0.531163 0.774649 -0.343198
vn -0.282630 0.877462 -0.387531
vn -0.302286 0.803018 -0.513601
vn -0.530816 0.719952 -0.447107
vn -0.079241 0.914874 -0.395887
vn -0.282630 0.877462 -0.387531
vn -0.341544 0.903947 -0.257347
vn -0.078912 0.958903 -0.272539
vn -0.280456 0.537492 0.795265
vn -0.342422 0.436617 0.831933
vn -0.081452 0.465735 0.881168
vn -0.335031 0.935745 -0.110161
vn -0.078912 0.958903 -0.272539
vn -0.341544 0.903947 -0.257347
vn -0.532288 0.838236 -0.118448
vn -0.078912 0.958903 -0.272539
vn -0.079105 0.986210 -0.145370
vn -0.057754 0.987321 -0.147858
vn -0.058593 0.960447 -0.272230
vn -0.335031 0.935745 -0.110161
vn -0.505367 0.862899 0.003114
vn -0.311393 0.950164 0.014905
vn -0.079105 0.986210 -0.145370
vn -0.079105 0.986210 -0.145370
vn -0.311393 0.950164 0.014905
vn -0.080103 0.996721 -0.011410
vn -0.305354 0.940058 0.151825
vn -0.089872 0.988564 0.121098
vn -0.311393 0.950164 0.014905
vn -0.537250 0.834205 0.124358
vn -0.311393 0.950164 0.014905
vn -0.089872 0.988564 0.121098
vn -0.080103 0.996721 -0.011410
vn -0.089872 0.988564 0.121098
vn -0.305354 0.940058 0.151825
vn -0.098516 0.974133 0.203371
vn -0.305354 0.940058 0.151825
vn -0.529128 0.812595 0.244361
vn -0.410090 0.872814 0.264616
vn -0.098516 0.974133 0.203371
vn -0.098483 0.933805 0.343962
vn -0.418086 0.821704 0.387307
vn -0.071073 0.894522 0.441338
vn -0.418086 0.821704 0.387307
vn -0.098483 0.933805 0.343962
vn -0.410090 0.872814 0.264616
vn -0.539019 0.763486 0.355736
vn -0.410090 0.872814 0.264616
vn -0.098483 0.933805 0.343962
vn -0.074570 0.943341 0.323336
vn -0.074570 0.943341 0.323336
vn -0.056453 0.965662 0.253594
vn -0.098516 0.974133 0.203371
vn -0.071073 0.894522 0.441338
vn -0.418086 0.821704 0.387307
vn -0.088814 0.863684 0.496147
vn -0.418086 0.821704 0.387307
vn -0.534318 0.707010 0.463295
vn -0.365206 0.776531 0.513444
vn -0.088814 0.863684 0.496147
vn -0.129503 0.781215 0.610682
vn -0.424428 0.670324 0.608709
vn -0.072414 0.740033 0.668661
vn -0.424428 0.670324 0.608709
vn -0.129503 0.781215 0.610682
vn -0.365206 0.776531 0.513444
vn -0.539106 0.625805 0.563678
vn -0.365206 0.776531 0.513444
vn -0.129503 0.781215 0.610682
vn -0.075489 0.830489 0.551896
vn -0.088814 0.863684 0.496147
vn -0.398520 0.581555 0.709208
vn -0.095962 0.688924 0.718453
vn -0.424428 0.670324 0.608709
vn -0.550447 0.541394 0.635532
vn -0.424428 0.670324 0.608709
vn -0.095962 0.688924 0.718453
vn -0.072414 0.740033 0.668661
vn -0.487661 0.489439 0.722936
vn -0.589828 0.374806 0.715279
vn -0.342422 0.436617 0.831933
vn -0.280456 0.537492 0.795265
vn -0.658945 0.425264 0.620437
vn -0.836189 0.249113 0.488600
vn -0.589828 0.374806 0.715279
vn -0.487661 0.489439 0.722936
vn -0.836189 0.249113 0.488600
vn -0.840440 0.310662 0.444016
vn -0.866472 0.277753 0.414824
vn -0.658945 0.425264 0.620437
vn -0.550447 0.541394 0.635532
vn -0.665763 0.485546 0.566573
vn -0.840440 0.310662 0.444016
vn -0.840440 0.310662 0.444016
vn -0.665763 0.485546 0.566573
vn -0.856937 0.328589 0.397100
vn -0.678853 0.548050 0.488670
vn -0.831589 0.395048 0.390381
vn -0.665763 0.485546 0.566573
vn -0.539106 0.625805 0.563678
vn -0.665763 0.485546 0.566573
vn -0.831589 0.395048 0.390381
vn -0.856937 0.328589 0.397100
vn -0.776294 0.521709 0.353819
vn -0.825508 0.441669 0.351376
vn -0.678853 0.548050 0.488670
vn -0.534318 0.707010 0.463295
vn -0.678853 0.548050 0.488670
vn -0.825508 0.441669 0.351376
vn -0.831589 0.395048 0.390381
vn -0.858498 0.490217 0.150560
vn -0.870574 0.466730 0.155770
vn -0.827748 0.519256 0.212618
vn -0.732526 0.650529 0.200542
vn -0.732526 0.650529 0.200542
vn -0.827748 0.519256 0.212618
vn -0.685846 0.660537 0.305460
vn -0.529128 0.812595 0.244361
vn -0.685846 0.660537 0.305460
vn -0.827748 0.519256 0.212618
vn -0.837148 0.483612 0.255543
vn -0.685846 0.660537 0.305460
vn -0.837148 0.483612 0.255543
vn -0.776294 0.521709 0.353819
vn -0.539019 0.763486 0.355736
vn -0.776294 0.521709 0.353819
vn -0.837148 0.483612 0.255543
vn -0.859654 0.433091 0.270975
vn -0.859654 0.433091 0.270975
vn -0.864263 0.389291 0.318593
vn -0.825508 0.441669 0.351376
vn -0.776294 0.521709 0.353819
vn -0.777431 0.622629 0.089076
vn -0.822366 0.558133 0.110467
vn -0.732526 0.650529 0.200542
vn -0.537250 0.834205 0.124358
vn -0.732526 0.650529 0.200542
vn -0.822366 0.558133 0.110467
vn -0.858498 0.490217 0.150560
vn -0.674719 0.738068 0.003201
vn -0.856199 0.516554 -0.009768
vn -0.827702 0.559604 0.041873
vn -0.674719 0.738068 0.003201
vn -0.827702 0.559604 0.041873
vn -0.777431 0.622629 0.089076
vn -0.505367 0.862899 0.003114
vn -0.827702 0.559604 0.041873
vn -0.868967 0.493517 0.036579
vn -0.822366 0.558133 0.110467
vn -0.777431 0.622629 0.089076
vn -0.856199 0.516554 -0.009768
vn -0.674719 0.738068 0.003201
vn -0.851311 0.519155 -0.075816
vn -0.674719 0.738068 0.003201
vn -0.532288 0.838236 -0.118448
vn -0.703734 0.704219 -0.093988
vn -0.851311 0.519155 -0.075816
vn -0.851311 0.519155 -0.075816
vn -0.703734 0.704219 -0.093988
vn -0.852313 0.504476 -0.138079
vn -0.703734 0.704219 -0.093988
vn -0.588785 0.776895 -0.223082
vn -0.753940 0.631406 -0.181388
vn -0.852313 0.504476 -0.138079
vn -0.081452 0.465735 0.881168
vn -0.077040 0.550981 0.830954
vn -0.280456 0.537492 0.795265
vn -0.280456 0.537492 0.795265
vn -0.077040 0.550981 0.830954
vn -0.081289 0.606256 0.791104
vn -0.280456 0.537492 0.795265
vn -0.081289 0.606256 0.791104
vn -0.398520 0.581555 0.709208
vn -0.487661 0.489439 0.722936
vn -0.398520 0.581555 0.709208
vn -0.081289 0.606256 0.791104
vn -0.095962 0.688924 0.718453
vn -0.487661 0.489439 0.722936
vn -0.398520 0.581555 0.709208
vn -0.550447 0.541394 0.635532
vn -0.658945 0.425264 0.620437
vn -0.550447 0.541394 0.635532
vn -0.424428 0.670324 0.608709
vn -0.539106 0.625805 0.563678
vn -0.665763 0.485546 0.566573
vn -0.539106 0.625805 0.563678
vn -0.365206 0.776531 0.513444
vn -0.534318 0.707010 0.463295
vn -0.678853 0.548050 0.488670
vn -0.534318 0.707010 0.463295
vn -0.418086 0.821704 0.387307
vn -0.539019 0.763486 0.355736
vn -0.776294 0.521709 0.353819
vn -0.539019 0.763486 0.355736
vn -0.410090 0.872814 0.264616
vn -0.529128 0.812595 0.244361
vn -0.685846 0.660537 0.305460
vn -0.529128 0.812595 0.244361
vn -0.305354 0.940058 0.151825
vn -0.537250 0.834205 0.124358
vn -0.732526 0.650529 0.200542
vn -0.537250 0.834205 0.124358
vn -0.311393 0.950164 0.014905
vn -0.505367 0.862899 0.003114
vn -0.777431 0.622629 0.089076
vn -0.505367 0.862899 0.003114
vn -0.335031 0.935745 -0.110161
vn -0.532288 0.838236 -0.118448
vn -0.674719 0.738068 0.003201
vn -0.532288 0.838236 -0.118448
vn -0.341544 0.903947 -0.257347
vn -0.588785 0.776895 -0.223082
vn -0.703734 0.704219 -0.093988
vn -0.084610 -0.256247 -0.962901
vn -0.052406 -0.275622 -0.959837
vn -0.099680 -0.323927 -0.940816
vn -0.039779 -0.271361 -0.961655
vn -0.052406 -0.275622 -0.959837
vn -0.053031 -0.138926 -0.988882
vn -0.035587 -0.137661 -0.989840
vn -0.056074 -0.406763 -0.911811
vn -0.052406 -0.275622 -0.959837
vn -0.039779 -0.271361 -0.961655
vn -0.035117 -0.412827 -0.910132
vn -0.078912 0.958903 -0.272539
vn -0.058593 0.960447 -0.272230
vn -0.058149 0.918226 -0.391765
vn -0.079241 0.914874 -0.395887
vn -0.079241 0.914874 -0.395887
vn -0.058149 0.918226 -0.391765
vn -0.057456 0.857544 -0.511191
vn -0.081514 0.854691 -0.512697
vn -0.085195 0.815518 -0.572426
vn -0.081514 0.854691 -0.512697
vn -0.057456 0.857544 -0.511191
vn -0.056174 0.784751 -0.617261
vn -0.055180 0.697713 -0.714249
vn -0.054630 0.599531 -0.798485
vn -0.097625 0.631005 -0.769612
vn -0.074506 0.648595 -0.757479
vn -0.096795 0.728457 -0.678219
vn -0.075132 0.741226 -0.667038
vn -0.056174 0.784751 -0.617261
vn -0.055180 0.697713 -0.714249
vn -0.054131 0.491275 -0.869321
vn -0.053760 0.374816 -0.925539
vn -0.098136 0.403305 -0.909788
vn -0.073346 0.431894 -0.898937
vn -0.098001 0.521971 -0.847315
vn -0.073784 0.545060 -0.835144
vn -0.054630 0.599531 -0.798485
vn -0.054131 0.491275 -0.869321
vn -0.073375 0.192103 -0.978628
vn -0.088646 0.250776 -0.963978
vn -0.054010 0.252509 -0.966086
vn -0.054127 0.126824 -0.990447
vn -0.088646 0.250776 -0.963978
vn -0.073260 0.311882 -0.947292
vn -0.053760 0.374816 -0.925539
vn -0.054010 0.252509 -0.966086
vn -0.073815 0.063363 -0.995257
vn -0.098052 0.089277 -0.991169
vn -0.054127 0.126824 -0.990447
vn -0.054605 -0.002279 -0.998506
vn -0.100061 -0.162786 -0.981574
vn -0.076241 -0.093256 -0.992719
vn -0.053031 -0.138926 -0.988882
vn -0.074791 -0.188590 -0.979204
vn -0.076241 -0.093256 -0.992719
vn -0.097598 -0.044482 -0.994231
vn -0.054605 -0.002279 -0.998506
vn -0.053031 -0.138926 -0.988882
vn -0.052406 -0.275622 -0.959837
vn -0.074791 -0.188590 -0.979204
vn -0.053031 -0.138926 -0.988882
vn -0.074791 -0.188590 -0.979204
vn -0.052406 -0.275622 -0.959837
vn -0.084610 -0.256247 -0.962901
vn -0.058593 0.960447 -0.272230
vn -0.033499 0.961769 -0.271804
vn -0.032141 0.918228 -0.394746
vn -0.058149 0.918226 -0.391765
vn -0.032141 0.918228 -0.394746
vn -0.030562 0.858628 -0.511687
vn -0.057456 0.857544 -0.511191
vn -0.058149 0.918226 -0.391765
vn -0.030562 0.858628 -0.511687
vn -0.030563 0.785332 -0.618320
vn -0.056174 0.784751 -0.617261
vn -0.057456 0.857544 -0.511191
vn -0.030563 0.785332 -0.618320
vn -0.030563 0.698873 -0.714592
vn -0.055180 0.697713 -0.714249
vn -0.056174 0.784751 -0.617261
vn -0.030563 0.698873 -0.714592
vn -0.030564 0.600704 -0.798887
vn -0.054630 0.599531 -0.798485
vn -0.055180 0.697713 -0.714249
vn -0.030564 0.600704 -0.798887
vn -0.030565 0.492467 -0.869794
vn -0.054131 0.491275 -0.869321
vn -0.054630 0.599531 -0.798485
vn -0.030565 0.492467 -0.869794
vn -0.030566 0.375977 -0.926125
vn -0.053760 0.374816 -0.925539
vn -0.054131 0.491275 -0.869321
vn -0.030566 0.375977 -0.926125
vn -0.030567 0.253186 -0.966935
vn -0.054010 0.252509 -0.966086
vn -0.053760 0.374816 -0.925539
vn -0.030567 0.253186 -0.966935
vn -0.030567 0.126151 -0.991540
vn -0.054127 0.126824 -0.990447
vn -0.054010 0.252509 -0.966086
vn -0.030567 0.126151 -0.991540
vn -0.030568 -0.002996 -0.999528
vn -0.054605 -0.002279 -0.998506
vn -0.054127 0.126824 -0.990447
vn -0.030568 -0.002996 -0.999528
vn -0.035587 -0.137661 -0.989840
vn -0.053031 -0.138926 -0.988882
vn -0.054605 -0.002279 -0.998506
vn -0.073980 -0.343162 -0.936358
vn -0.099680 -0.323927 -0.940816
vn -0.052406 -0.275622 -0.959837
vn -0.056074 -0.406763 -0.911811
vn -0.066252 -0.713967 -0.697038
vn -0.082612 -0.724257 -0.684564
vn -0.081289 -0.624111 -0.777096
vn -0.057791 -0.623639 -0.779574
vn -0.082612 -0.724257 -0.684564
vn -0.066252 -0.713967 -0.697038
vn -0.041652 -0.834685 -0.549150
vn -0.078498 -0.817322 -0.570808
vn -0.041652 -0.834685 -0.549150
vn -0.066252 -0.713967 -0.697038
vn -0.025532 -0.704144 -0.709598
vn -0.035117 -0.412827 -0.910132
vn -0.030572 -0.519086 -0.854175
vn -0.057791 -0.518462 -0.853146
vn -0.056074 -0.406763 -0.911811
vn -0.057791 -0.518462 -0.853146
vn -0.089065 -0.518359 -0.850512
vn -0.098445 -0.448237 -0.888477
vn -0.056074 -0.406763 -0.911811
vn -0.030572 -0.519086 -0.854175
vn -0.030572 -0.624390 -0.780514
vn -0.057791 -0.623639 -0.779574
vn -0.057791 -0.518462 -0.853146
vn -0.057791 -0.623639 -0.779574
vn -0.081289 -0.624111 -0.777096
vn -0.089065 -0.518359 -0.850512
vn -0.057791 -0.518462 -0.853146
vn -0.030572 -0.624390 -0.780514
vn -0.025532 -0.704144 -0.709598
vn -0.066252 -0.713967 -0.697038
vn -0.057791 -0.623639 -0.779574
vn -0.000000 0.962445 -0.271477
vn -0.033499 0.961769 -0.271804
vn -0.031555 0.988996 -0.144541
vn -0.000000 0.990133 -0.140128
vn -0.033499 0.961769 -0.271804
vn -0.058593 0.960447 -0.272230
vn -0.057754 0.987321 -0.147858
vn -0.031555 0.988996 -0.144541
vn -0.059544 0.601761 0.796453
vn -0.081289 0.606256 0.791104
vn -0.077040 0.550981 0.830954
vn -0.057185 0.500461 0.863868
vn -0.095962 0.688924 0.718453
vn -0.081289 0.606256 0.791104
vn -0.059544 0.601761 0.796453
vn -0.054749 0.694772 0.717144
vn -0.129503 0.781215 0.610682
vn -0.072414 0.740033 0.668661
vn -0.053848 0.787578 0.613857
vn -0.072414 0.740033 0.668661
vn -0.095962 0.688924 0.718453
vn -0.054749 0.694772 0.717144
vn -0.053848 0.787578 0.613857
vn -0.098483 0.933805 0.343962
vn -0.071073 0.894522 0.441338
vn -0.053581 0.921844 0.383840
vn -0.071073 0.894522 0.441338
vn -0.088814 0.863684 0.496147
vn -0.054278 0.861458 0.504920
vn -0.053581 0.921844 0.383840
vn -0.088814 0.863684 0.496147
vn -0.075489 0.830489 0.551896
vn -0.053848 0.787578 0.613857
vn -0.054278 0.861458 0.504920
vn -0.053848 0.787578 0.613857
vn -0.075489 0.830489 0.551896
vn -0.129503 0.781215 0.610682
vn -0.074570 0.943341 0.323336
vn -0.098483 0.933805 0.343962
vn -0.053581 0.921844 0.383840
vn -0.056453 0.965662 0.253594
vn -0.056453 0.965662 0.253594
vn -0.057871 0.990343 0.125980
vn -0.089872 0.988564 0.121098
vn -0.098516 0.974133 0.203371
vn -0.080103 0.996721 -0.011410
vn -0.089872 0.988564 0.121098
vn -0.057871 0.990343 0.125980
vn -0.057151 0.998320 -0.009497
vn -0.079105 0.986210 -0.145370
vn -0.080103 0.996721 -0.011410
vn -0.057151 0.998320 -0.009497
vn -0.057754 0.987321 -0.147858
vn -0.030215 0.601320 0.798437
vn -0.029776 0.697002 0.716451
vn -0.054749 0.694772 0.717144
vn -0.059544 0.601761 0.796453
vn -0.029776 0.697002 0.716451
vn -0.029776 0.786895 0.616369
vn -0.053848 0.787578 0.613857
vn -0.054749 0.694772 0.717144
vn -0.029776 0.786895 0.616369
vn -0.029776 0.862535 0.505120
vn -0.054278 0.861458 0.504920
vn -0.053848 0.787578 0.613857
vn -0.029776 0.862535 0.505120
vn -0.029777 0.922553 0.384721
vn -0.053581 0.921844 0.383840
vn -0.054278 0.861458 0.504920
vn -0.029777 0.922553 0.384721
vn -0.029778 0.965859 0.257353
vn -0.056453 0.965662 0.253594
vn -0.053581 0.921844 0.383840
vn -0.029778 0.965859 0.257353
vn -0.029779 0.991669 0.125326
vn -0.057871 0.990343 0.125980
vn -0.056453 0.965662 0.253594
vn -0.029779 0.991669 0.125326
vn -0.029780 0.999516 -0.008973
vn -0.057151 0.998320 -0.009497
vn -0.057871 0.990343 0.125980
vn -0.029780 0.999516 -0.008973
vn -0.031555 0.988996 -0.144541
vn -0.057754 0.987321 -0.147858
vn -0.057151 0.998320 -0.009497
vn -0.025083 0.491201 0.870685
vn -0.030215 0.601320 0.798437
vn -0.059544 0.601761 0.796453
vn -0.057185 0.500461 0.863868
vn -0.866472 0.277753 0.414824
vn -0.867168 0.235051 0.439057
vn -0.836189 0.249113 0.488600
vn -0.872575 0.488481 0.000184
vn -0.856199 0.516554 -0.009768
vn -0.851311 0.519155 -0.075816
vn -0.864663 0.496863 -0.074059
vn -0.851311 0.519155 -0.075816
vn -0.852313 0.504476 -0.138079
vn -0.877255 0.461179 -0.133184
vn -0.864663 0.496863 -0.074059
vn -0.868967 0.493517 0.036579
vn -0.827702 0.559604 0.041873
vn -0.856199 0.516554 -0.009768
vn -0.872575 0.488481 0.000184
vn -0.873364 0.472775 0.117131
vn -0.822366 0.558133 0.110467
vn -0.868967 0.493517 0.036579
vn -0.870574 0.466730 0.155770
vn -0.858498 0.490217 0.150560
vn -0.873364 0.472775 0.117131
vn -0.873364 0.472775 0.117131
vn -0.858498 0.490217 0.150560
vn -0.822366 0.558133 0.110467
vn -0.837148 0.483612 0.255543
vn -0.863100 0.456037 0.217000
vn -0.863304 0.427250 0.268634
vn -0.859654 0.433091 0.270975
vn -0.859654 0.433091 0.270975
vn -0.863304 0.427250 0.268634
vn -0.864263 0.389291 0.318593
vn -0.866472 0.277753 0.414824
vn -0.840440 0.310662 0.444016
vn -0.856937 0.328589 0.397100
vn -0.863997 0.305823 0.399977
vn -0.856937 0.328589 0.397100
vn -0.831589 0.395048 0.390381
vn -0.861828 0.355507 0.361756
vn -0.863997 0.305823 0.399977
vn -0.831589 0.395048 0.390381
vn -0.825508 0.441669 0.351376
vn -0.864263 0.389291 0.318593
vn -0.861828 0.355507 0.361756
vn -0.867168 0.235051 0.439057
vn -0.866472 0.277753 0.414824
vn -0.863997 0.305823 0.399977
vn -0.865837 0.307494 0.394681
vn -0.865837 0.307494 0.394681
vn -0.863997 0.305823 0.399977
vn -0.861828 0.355507 0.361756
vn -0.861990 0.356065 0.360819
vn -0.861990 0.356065 0.360819
vn -0.861828 0.355507 0.361756
vn -0.864263 0.389291 0.318593
vn -0.864210 0.392408 0.314893
vn -0.870574 0.466730 0.155770
vn -0.863100 0.456037 0.217000
vn -0.837148 0.483612 0.255543
vn -0.827748 0.519256 0.212618
vn -0.863100 0.456037 0.217000
vn -0.861073 0.456191 0.224596
vn -0.861844 0.429414 0.269869
vn -0.863304 0.427250 0.268634
vn -0.861844 0.429414 0.269869
vn -0.864210 0.392408 0.314893
vn -0.864263 0.389291 0.318593
vn -0.863304 0.427250 0.268634
vn -0.868967 0.493517 0.036579
vn -0.996694 0.080482 0.011108
vn -0.873364 0.472775 0.117131
vn -0.873364 0.472775 0.117131
vn -0.996694 0.080482 0.011108
vn -0.872277 0.463665 0.155396
vn -0.870574 0.466730 0.155770
vn -0.872277 0.463665 0.155396
vn -0.861073 0.456191 0.224596
vn -0.863100 0.456037 0.217000
vn -0.870574 0.466730 0.155770
vn -0.877255 0.461179 -0.133184
vn -0.882382 0.450908 -0.134480
vn -0.996315 0.085198 -0.009936
vn -0.864663 0.496863 -0.074059
vn -0.864663 0.496863 -0.074059
vn -0.996315 0.085198 -0.009936
vn -0.872575 0.488481 0.000184
vn -0.872575 0.488481 0.000184
vn -0.996315 0.085198 -0.009936
vn -0.868967 0.493517 0.036579
vn -0.868967 0.493517 0.036579
vn -0.996315 0.085198 -0.009936
vn -0.996694 0.080482 0.011108
vn -0.862861 0.083218 -0.498543
vn -0.856321 0.095198 -0.507595
vn -0.856364 0.023746 -0.515826
vn -0.861846 0.018010 -0.506850
vn -0.861846 0.018010 -0.506850
vn -0.856364 0.023746 -0.515826
vn -0.856381 -0.048142 -0.514095
vn -0.864939 -0.055527 -0.498797
vn -0.864939 -0.055527 -0.498797
vn -0.856381 -0.048142 -0.514095
vn -0.856349 -0.119141 -0.502466
vn -0.865605 -0.109400 -0.488630
vn -0.865605 -0.109400 -0.488630
vn -0.856349 -0.119141 -0.502466
vn -0.856306 -0.187772 -0.481125
vn -0.871495 -0.182932 -0.455008
vn -0.871495 -0.182932 -0.455008
vn -0.856306 -0.187772 -0.481125
vn -0.856341 -0.252703 -0.450358
vn -0.861735 -0.252950 -0.439805
vn -0.861735 -0.252950 -0.439805
vn -0.856341 -0.252703 -0.450358
vn -0.856379 -0.312793 -0.410823
vn -0.862500 -0.307638 -0.401811
vn -0.862500 -0.307638 -0.401811
vn -0.856379 -0.312793 -0.410823
vn -0.856334 -0.366897 -0.363425
vn -0.862759 -0.357637 -0.357411
vn -0.862759 -0.357637 -0.357411
vn -0.856334 -0.366897 -0.363425
vn -0.854771 -0.420977 -0.303554
vn -0.862309 -0.397245 -0.314037
vn -0.866228 0.223352 -0.446948
vn -0.856352 0.231060 -0.461814
vn -0.856299 0.164729 -0.489506
vn -0.871401 0.143939 -0.468980
vn -0.871401 0.143939 -0.468980
vn -0.856299 0.164729 -0.489506
vn -0.856321 0.095198 -0.507595
vn -0.862861 0.083218 -0.498543
vn -0.865549 0.272806 -0.420002
vn -0.856324 0.293032 -0.425255
vn -0.856352 0.231060 -0.461814
vn -0.866228 0.223352 -0.446948
vn -0.861405 0.331822 -0.384547
vn -0.856320 0.349156 -0.380534
vn -0.856324 0.293032 -0.425255
vn -0.865549 0.272806 -0.420002
vn -0.866728 0.378700 -0.324606
vn -0.859804 0.391671 -0.327613
vn -0.856320 0.349156 -0.380534
vn -0.861405 0.331822 -0.384547
vn -0.872282 0.408684 -0.268517
vn -0.859804 0.391671 -0.327613
vn -0.866728 0.378700 -0.324606
vn -0.863474 0.373801 -0.338652
vn -0.852313 0.504476 -0.138079
vn -0.857541 0.465604 -0.218716
vn -0.877255 0.461179 -0.133184
vn -0.877255 0.461179 -0.133184
vn -0.857541 0.465604 -0.218716
vn -0.880089 0.435137 -0.189999
vn -0.880089 0.435137 -0.189999
vn -0.857541 0.465604 -0.218716
vn -0.853125 0.445068 -0.272199
vn -0.872282 0.408684 -0.268517
vn -0.872282 0.408684 -0.268517
vn -0.853125 0.445068 -0.272199
vn -0.859804 0.391671 -0.327613
vn -0.880979 0.417265 -0.223084
vn -0.882382 0.450908 -0.134480
vn -0.877255 0.461179 -0.133184
vn -0.880089 0.435137 -0.189999
vn -0.880089 0.435137 -0.189999
vn -0.872282 0.408684 -0.268517
vn -0.880979 0.417265 -0.223084
vn -0.872282 0.408684 -0.268517
vn -0.863474 0.373801 -0.338652
vn -0.880979 0.417265 -0.223084
vn -0.859967 0.336076 -0.384070
vn -0.863474 0.373801 -0.338652
vn -0.866728 0.378700 -0.324606
vn -0.861405 0.331822 -0.384547
vn -0.861405 0.331822 -0.384547
vn -0.865549 0.272806 -0.420002
vn -0.869174 0.266434 -0.416592
vn -0.859967 0.336076 -0.384070
vn -0.865549 0.272806 -0.420002
vn -0.866228 0.223352 -0.446948
vn -0.868314 0.194771 -0.456174
vn -0.869174 0.266434 -0.416592
vn -0.868314 0.194771 -0.456174
vn -0.871401 0.143939 -0.468980
vn -0.866379 0.073524 -0.493945
vn -0.868314 0.194771 -0.456174
vn -0.866228 0.223352 -0.446948
vn -0.871401 0.143939 -0.468980
vn -0.871401 0.143939 -0.468980
vn -0.862861 0.083218 -0.498543
vn -0.866379 0.073524 -0.493945
vn -0.861477 0.015119 -0.507572
vn -0.866379 0.073524 -0.493945
vn -0.862861 0.083218 -0.498543
vn -0.861846 0.018010 -0.506850
vn -0.861846 0.018010 -0.506850
vn -0.864939 -0.055527 -0.498797
vn -0.860734 -0.016371 -0.508791
vn -0.861477 0.015119 -0.507572
vn -0.864939 -0.055527 -0.498797
vn -0.865605 -0.109400 -0.488630
vn -0.868226 -0.132257 -0.478217
vn -0.871645 -0.088426 -0.482095
vn -0.871495 -0.182932 -0.455008
vn -0.865431 -0.248788 -0.434894
vn -0.868226 -0.132257 -0.478217
vn -0.868226 -0.132257 -0.478217
vn -0.865605 -0.109400 -0.488630
vn -0.871495 -0.182932 -0.455008
vn -0.862573 -0.302775 -0.405333
vn -0.865431 -0.248788 -0.434894
vn -0.861735 -0.252950 -0.439805
vn -0.862500 -0.307638 -0.401811
vn -0.865431 -0.248788 -0.434894
vn -0.871495 -0.182932 -0.455008
vn -0.861735 -0.252950 -0.439805
vn -0.862309 -0.397245 -0.314037
vn -0.862570 -0.398655 -0.311524
vn -0.863480 -0.357039 -0.356266
vn -0.862759 -0.357637 -0.357411
vn -0.863480 -0.357039 -0.356266
vn -0.862573 -0.302775 -0.405333
vn -0.862500 -0.307638 -0.401811
vn -0.862759 -0.357637 -0.357411
vn 0.000000 -1.000000 0.000005
vn 0.000000 -1.000000 0.000006
vn 0.000001 -1.000000 0.000005
vn -0.000001 -1.000000 0.000006
vn 0.000000 -1.000000 0.000006
vn 0.000001 -1.000000 0.000004
vn 0.000001 -1.000000 0.000002
vn 0.000001 -1.000000 0.000005
vn 0.000001 -1.000000 0.000004
vn 0.000002 -1.000000 0.000002
vn 0.000003 -1.000000 0.000002
vn 0.000001 -1.000000 0.000002
vn 0.000002 -1.000000 0.000002
vn 0.000003 -1.000000 0.000002
vn 0.000003 -1.000000 0.000001
vn 0.000003 -1.000000 0.000002
vn 0.000003 -1.000000 0.000002
vn 0.000001 -1.000000 0.000001
vn 0.000000 -1.000000 0.000001
vn 0.000003 -1.000000 0.000001
vn 0.000001 -1.000000 0.000001
vn -0.000002 -1.000000 0.000000
vn -0.000002 -1.000000 0.000000
vn 0.000000 -1.000000 0.000001
vn -0.000002 -1.000000 0.000000
vn -0.000002 -1.000000 0.000000
vn -0.000002 -1.000000 0.000000
vn -0.000002 -1.000000 0.000000
vn -0.000002 -1.000000 0.000000
vn -0.000003 -1.000000 0.000000
vn -0.000003 -1.000000 0.000000
vn -0.000002 -1.000000 0.000000
vn -0.000003 -1.000000 0.000000
vn -0.000004 -1.000000 0.000002
vn -0.000004 -1.000000 0.000002
vn -0.000003 -1.000000 0.000000
vn -0.000004 -1.000000 0.000002
vn -0.000003 -1.000000 0.000002
vn -0.000003 -1.000000 0.000002
vn -0.000004 -1.000000 0.000002
vn 0.000001 -1.000000 0.000000
vn -0.000001 -1.000000 0.000001
vn 0.000001 -1.000000 0.000000
vn -0.000003 -1.000000 0.000003
vn 0.000001 -1.000000 0.000000
vn -0.000003 -1.000000 0.000004
vn -0.000002 -1.000000 0.000005
vn -0.000003 -1.000000 0.000004
vn -0.000002 -1.000000 0.000005
vn 0.000001 -1.000000 0.000002
vn -0.000002 -1.000000 0.000005
vn 0.000000 -1.000000 0.000002
vn 0.000000 -1.000000 0.000002
vn -0.000001 -1.000000 0.000006
vn 0.000000 -1.000000 -0.000001
vn 0.000000 -1.000000 0.000005
vn 0.000000 0.000002 -1.000000
vn 0.222520 0.000002 -0.974928
vn 0.222520 0.000002 -0.974928
vn 0.000000 0.000002 -1.000000
vn 0.222520 0.000002 -0.974928
vn 0.433883 -0.000001 -0.900969
vn 0.433883 -0.000001 -0.900969
vn 0.222520 0.000002 -0.974928
vn 0.433883 -0.000001 -0.900969
vn 0.623490 -0.000004 -0.781832
vn 0.623490 -0.000004 -0.781831
vn 0.433883 -0.000001 -0.900969
vn 0.623490 -0.000004 -0.781832
vn 0.781832 -0.000001 -0.623489
vn 0.781832 -0.000001 -0.623489
vn 0.623490 -0.000004 -0.781831
vn 0.781832 -0.000001 -0.623489
vn 0.900969 0.000000 -0.433884
vn 0.900969 0.000000 -0.433884
vn 0.781832 -0.000001 -0.623489
vn 0.900969 0.000000 -0.433884
vn 0.974928 -0.000002 -0.222522
vn 0.974928 -0.000002 -0.222520
vn 0.900969 0.000000 -0.433884
vn 0.974928 -0.000002 -0.222522
vn 1.000000 0.000000 -0.000001
vn 1.000000 -0.000000 0.000001
vn 0.974928 -0.000002 -0.222520
vn 1.000000 0.000000 -0.000001
vn 0.974928 0.000001 0.222520
vn 0.974928 0.000001 0.222522
vn 1.000000 -0.000000 0.000001
vn 0.974928 0.000001 0.222520
vn 0.900969 -0.000001 0.433884
vn 0.900969 -0.000001 0.433884
vn 0.974928 0.000001 0.222522
vn 0.900969 -0.000001 0.433884
vn 0.781832 -0.000001 0.623490
vn 0.781832 -0.000001 0.623489
vn 0.900969 -0.000001 0.433884
vn 0.781832 -0.000001 0.623490
vn 0.623491 0.000001 0.781831
vn 0.623490 0.000001 0.781831
vn 0.781832 -0.000001 0.623489
vn 0.623491 0.000001 0.781831
vn 0.433883 -0.000001 0.900969
vn 0.433883 -0.000001 0.900969
vn 0.623490 0.000001 0.781831
vn 0.433883 -0.000001 0.900969
vn 0.222520 -0.000004 0.974928
vn 0.222520 -0.000004 0.974928
vn 0.433883 -0.000001 0.900969
vn 0.222520 -0.000004 0.974928
vn 0.000000 -0.000003 1.000000
vn 0.000000 -0.000003 1.000000
vn 0.222520 -0.000004 0.974928
vn 0.000000 -1.000000 0.000000
vn 0.000000 -1.000000 0.000000
vn 0.000000 -1.000000 0.000000
vn 0.000000 -1.000000 0.000000
vn 0.000000 -1.000000 0.000000
vn 0.000000 -1.000000 0.000000
vn 0.000000 -1.000000 0.000000
vn 0.000000 -1.000000 0.000000
vn 0.000000 -1.000000 0.000000
vn 0.000000 -1.000000 0.000000
vn 0.000000 -1.000000 -0.000001
vn 0.000000 -1.000000 -0.000001
vn 0.000000 -1.000000 0.000000
vn 0.000000 -1.000000 0.000000
vn 0.000000 -1.000000 0.000000
vn 0.000000 -1.000000 -0.000001
vn 0.000000 -1.000000 0.000000
vn -0.000001 -1.000000 -0.000001
vn 0.000000 -1.000000 0.000000
vn 0.000000 -1.000000 0.000000
vn 0.000000 -1.000000 0.000000
vn 0.000000 -1.000000 0.000000
vn 0.000000 -1.000000 0.000000
vn 0.000000 -1.000000 0.000001
vn 0.000000 -1.000000 0.000000
vn 0.000001 -1.000000 0.000001
vn 0.000000 -1.000000 0.000000
vn 0.000000 -1.000000 0.000000
vn 0.000000 -1.000000 0.000001
vn -0.257038 -0.369070 -0.893151
vn -0.000002 -0.553416 -0.832905
vn -0.016139 -0.546845 -0.837078
vn -0.016139 -0.546845 -0.837078
vn -0.000002 -0.553416 -0.832905
vn -0.000003 -0.665417 -0.746472
vn -0.000003 -0.665416 -0.746472
vn -0.000003 -0.665416 -0.746472
vn -0.000003 -0.665417 -0.746472
vn 0.000002 -0.814839 -0.579687
vn 0.000002 -0.814839 -0.579687
vn 0.000002 -0.814839 -0.579687
vn 0.000002 -0.814839 -0.579687
vn 0.000003 -0.923402 -0.383835
vn 0.000003 -0.923402 -0.383834
vn 0.000003 -0.923402 -0.383834
vn 0.000003 -0.923402 -0.383835
vn -0.000003 -0.985662 -0.168735
vn -0.000003 -0.985661 -0.168735
vn -0.000003 -0.985661 -0.168735
vn -0.000003 -0.985662 -0.168735
vn -0.000007 -0.998496 0.054828
vn -0.000007 -0.998496 0.054828
vn -0.000007 -0.998496 0.054828
vn -0.000007 -0.998496 0.054828
vn -0.000005 -0.961261 0.275640
vn -0.000005 -0.961261 0.275640
vn -0.000005 -0.961261 0.275640
vn -0.000005 -0.961261 0.275640
vn -0.000002 -0.875825 0.482630
vn -0.000002 -0.875825 0.482629
vn -0.000002 -0.875825 0.482629
vn -0.000002 -0.875825 0.482630
vn -0.000003 -0.746470 0.665419
vn -0.000003 -0.746471 0.665418
vn -0.000003 -0.746471 0.665418
vn -0.000003 -0.746470 0.665419
vn -0.000002 -0.579686 0.814840
vn -0.000002 -0.579687 0.814840
vn -0.000002 -0.579687 0.814840
vn -0.000002 -0.579686 0.814840
vn 0.000004 -0.383834 0.923402
vn 0.000004 -0.383834 0.923402
vn 0.000004 -0.383834 0.923402
vn 0.000004 -0.383834 0.923402
vn 0.000004 -0.168735 0.985662
vn 0.000004 -0.168734 0.985662
vn 0.000004 -0.168734 0.985662
vn 0.000004 -0.168735 0.985662
vn 0.000004 0.054826 0.998496
vn 0.000004 0.054825 0.998496
vn 0.000004 0.054825 0.998496
vn 0.000004 0.054826 0.998496
vn 0.000004 0.275638 0.961262
vn 0.000004 0.275638 0.961262
vn 0.000004 0.275638 0.961262
vn 0.000004 0.275638 0.961262
vn 0.000000 0.482627 0.875826
vn 0.000000 0.482627 0.875826
vn 0.000000 0.482627 0.875826
vn 0.000000 0.482627 0.875826
vn 0.000000 0.665415 0.746474
vn 0.000000 0.665415 0.746474
vn 0.000000 0.665415 0.746474
vn 0.000000 0.665415 0.746474
vn -0.000001 0.814838 0.579689
vn -0.000001 0.814838 0.579689
vn -0.000001 0.814838 0.579689
vn -0.000001 0.814838 0.579689
vn -0.000001 0.923401 0.383836
vn -0.000001 0.923401 0.383836
vn -0.000001 0.923401 0.383836
vn -0.000001 0.923401 0.383836
vn -0.000001 0.985661 0.168736
vn -0.000001 0.985661 0.168736
vn -0.000001 0.985661 0.168736
vn -0.000001 0.985661 0.168736
vn -0.000001 0.998496 -0.054824
vn -0.000001 0.998496 -0.054824
vn -0.000001 0.998496 -0.054824
vn -0.000001 0.998496 -0.054824
vn -0.000001 0.961262 -0.275635
vn -0.000001 0.961262 -0.275636
vn -0.000001 0.961262 -0.275636
vn -0.000001 0.961262 -0.275635
vn 0.000000 0.875827 -0.482625
vn 0.000000 0.875827 -0.482626
vn 0.000000 0.875827 -0.482626
vn 0.000000 0.875827 -0.482625
vn 0.000002 0.746473 -0.665415
vn 0.000002 0.746473 -0.665415
vn 0.000002 0.746473 -0.665415
vn 0.000002 0.746473 -0.665415
vn 0.000001 0.579689 -0.814838
vn 0.000001 0.579689 -0.814838
vn 0.000001 0.579689 -0.814838
vn 0.000001 0.579689 -0.814838
vn 0.000001 0.383836 -0.923401
vn 0.000001 0.383836 -0.923401
vn 0.000001 0.383836 -0.923401
vn 0.000001 0.383836 -0.923401
vn 0.000001 0.168735 -0.985662
vn 0.000001 0.168736 -0.985661
vn 0.000001 0.168736 -0.985661
vn 0.000001 0.168735 -0.985662
vn 0.000000 -0.054824 -0.998496
vn 0.000000 -0.054824 -0.998496
vn 0.000000 -0.054824 -0.998496
vn 0.000000 -0.054824 -0.998496
vn 0.000000 -0.203570 -0.979060
vn -0.012537 -0.208400 -0.977963
vn -0.012537 -0.208400 -0.977963
vn 0.000000 -0.203570 -0.979060
vn -0.257038 -0.369070 -0.893151
vn -0.016139 -0.546845 -0.837078
vn -0.012537 -0.208400 -0.977963
vn -0.257038 -0.369070 -0.893151
vn -1.000000 0.000000 0.000000
vn -1.000000 0.000000 0.000000
vn -1.000000 0.000000 0.000000
vn -1.000000 0.000000 0.000000
vn -1.000000 0.000000 0.000000
vn -1.000000 0.000000 0.000000
vn -1.000000 0.000000 0.000000
vn -1.000000 0.000000 0.000000
vn -1.000000 0.000000 0.000000
vn -1.000000 0.000000 0.000000
vn -1.000000 0.000000 0.000000
vn -1.000000 0.000000 0.000000
vn -1.000000 0.000000 0.000000
vn -1.000000 0.000000 0.000000
vn -1.000000 0.000000 0.000000
vn -1.000000 0.000000 0.000000
vn -1.000000 0.000000 0.000000
vn -1.000000 0.000000 0.000000
vn -1.000000 0.000000 0.000000
vn -1.000000 0.000000 0.000000
vn -1.000000 0.000000 0.000000
vn -1.000000 0.000000 0.000000
vn -1.000000 0.000000 0.000000
vn -1.000000 0.000000 0.000000
vn -1.000000 0.000000 0.000000
vn -1.000000 0.000000 0.000000
vn -1.000000 0.000000 0.000000
vn -1.000000 0.000000 0.000000
vn -1.000000 0.000000 0.000000
vn -1.000000 0.000000 0.000000
vn -1.000000 0.000000 0.000000
vn -1.000000 0.000000 0.000000
vn -1.000000 0.000000 0.000000
vn -1.000000 0.000000 0.000000
vn -1.000000 0.000000 0.000000
vn -1.000000 0.000000 -0.000000
vn -1.000000 0.000000 0.000000
vn -1.000000 0.000000 -0.000000
vn -1.000000 0.000000 0.000000
vn -1.000000 0.000000 0.000000
vn -1.000000 0.000000 -0.000000
vn -1.000000 0.000000 -0.000000
vn -1.000000 0.000000 -0.000000
vn -1.000000 0.000000 0.000000
vn -1.000000 0.000000 -0.000000
vn -1.000000 0.000000 0.000000
vn -1.000000 0.000000 -0.000000
vn -1.000000 0.000000 -0.000000
vn -1.000000 0.000000 0.000000
vn -1.000000 0.000000 0.000000
vn -1.000000 0.000000 0.000000
vn -1.000000 0.000000 0.000000
vn -1.000000 0.000000 -0.000000
vn -1.000000 0.000000 -0.000000
vn -1.000000 0.000000 0.000000
vn -1.000000 0.000000 0.000000
vn -1.000000 0.000000 0.000000
vn -1.000000 0.000000 0.000000
vn -0.971863 -0.189822 0.139462
vn -0.982171 -0.160010 0.098675
vn -0.981079 -0.143960 0.129460
vn -1.000000 0.000000 0.000000
vn -1.000000 0.000000 -0.000000
vn -1.000000 0.000000 0.000000
vn -0.335031 0.935745 -0.110161
vn -0.079105 0.986210 -0.145370
vn -0.078912 0.958903 -0.272539
vn -0.074570 0.943341 0.323336
vn -0.098516 0.974133 0.203371
vn -0.410090 0.872814 0.264616
vn -0.081452 0.465735 0.881168
vn -0.057185 0.500461 0.863868
vn -0.077040 0.550981 0.830954
vn -0.836189 0.249113 0.488600
vn -0.658945 0.425264 0.620437
vn -0.840440 0.310662 0.444016
vn -1.000000 0.000000 0.000000
vn -1.000000 0.000000 0.000000
vn -1.000000 0.000000 -0.000000
vn -0.993370 0.009923 0.114531
vn -0.998595 -0.050454 0.016171
vn -0.984985 -0.168387 0.038077
vn -0.680153 0.256063 0.686894
vn -0.848214 0.176013 0.499552
vn -0.914200 0.109791 0.390107
vn -0.787536 0.188102 0.586861
vn -0.643757 -0.034487 0.764452
vn -0.720772 -0.037336 0.692166
vn -0.806280 -0.031509 0.590694
vn 0.000001 -1.000000 0.000000
vn 0.000001 -1.000000 0.000000
vn -0.000003 -1.000000 0.000003
vn -0.000002 -1.000000 0.000005
vn -0.000003 -1.000000 0.000003
vn -0.000003 -1.000000 0.000004
vn -0.000002 -1.000000 0.000005
vn -0.000002 -1.000000 0.000005
vn 0.000001 -1.000000 0.000002
vn 0.000000 -1.000000 0.000000
vn 0.000000 -1.000000 0.000001
vn 0.000000 -1.000000 0.000000
vn 0.000000 -0.926256 -0.376896
vn -0.002274 -0.927658 -0.373423
vn 0.000000 -0.909485 -0.415736
vn -0.025532 -0.704144 -0.709598
vn 0.000000 -0.700940 -0.713220
vn 0.000000 -0.858005 -0.513642
vn 0.000000 -0.624681 -0.780880
vn 0.000000 -0.700940 -0.713220
vn -0.025532 -0.704144 -0.709598
vn -0.030572 -0.624390 -0.780514
vn 0.000000 -0.519329 -0.854575
vn 0.000000 -0.624681 -0.780880
vn -0.030572 -0.624390 -0.780514
vn -0.030572 -0.519086 -0.854175
vn 0.000000 -0.423904 -0.905707
vn 0.000000 -0.519329 -0.854575
vn -0.030572 -0.519086 -0.854175
vn -0.035117 -0.412827 -0.910132
vn -0.039779 -0.271361 -0.961655
vn 0.000000 -0.271393 -0.962469
vn 0.000000 -0.423904 -0.905707
vn -0.035117 -0.412827 -0.910132
vn -0.035587 -0.137661 -0.989840
vn 0.000000 -0.126977 -0.991906
vn 0.000000 -0.271393 -0.962469
vn -0.039779 -0.271361 -0.961655
vn 0.000000 -0.002997 -0.999996
vn 0.000000 -0.126977 -0.991906
vn -0.035587 -0.137661 -0.989840
vn -0.030568 -0.002996 -0.999528
vn 0.000000 0.126211 -0.992004
vn 0.000000 -0.002997 -0.999996
vn -0.030568 -0.002996 -0.999528
vn -0.030567 0.126151 -0.991540
vn -0.000000 0.253305 -0.967386
vn 0.000000 0.126211 -0.992004
vn -0.030567 0.126151 -0.991540
vn -0.030567 0.253186 -0.966935
vn 0.000000 0.376154 -0.926557
vn -0.000000 0.253305 -0.967386
vn -0.030567 0.253186 -0.966935
vn -0.030566 0.375977 -0.926125
vn 0.000000 0.492698 -0.870200
vn 0.000000 0.376154 -0.926557
vn -0.030566 0.375977 -0.926125
vn -0.030565 0.492467 -0.869794
vn 0.000000 0.600986 -0.799260
vn 0.000000 0.492698 -0.870200
vn -0.030565 0.492467 -0.869794
vn -0.030564 0.600704 -0.798887
vn -0.000000 0.699201 -0.714925
vn 0.000000 0.600986 -0.799260
vn -0.030564 0.600704 -0.798887
vn -0.030563 0.698873 -0.714592
vn -0.000000 0.785699 -0.618609
vn -0.000000 0.699201 -0.714925
vn -0.030563 0.698873 -0.714592
vn -0.030563 0.785332 -0.618320
vn -0.000000 0.859030 -0.511925
vn -0.000000 0.785699 -0.618609
vn -0.030563 0.785332 -0.618320
vn -0.030562 0.858628 -0.511687
vn -0.000000 0.917037 -0.398802
vn -0.000000 0.859030 -0.511925
vn -0.030562 0.858628 -0.511687
vn -0.032141 0.918228 -0.394746
vn -0.000000 0.962445 -0.271477
vn -0.000000 0.917037 -0.398802
vn -0.032141 0.918228 -0.394746
vn -0.033499 0.961769 -0.271804
vn -0.031555 0.988996 -0.144541
vn -0.029780 0.999516 -0.008973
vn -0.000000 0.999960 -0.008975
vn -0.000000 0.990133 -0.140128
vn -0.029780 0.999516 -0.008973
vn -0.029779 0.991669 0.125326
vn 0.000000 0.992109 0.125382
vn -0.000000 0.999960 -0.008975
vn -0.029779 0.991669 0.125326
vn -0.029778 0.965859 0.257353
vn 0.000000 0.966287 0.257468
vn 0.000000 0.992109 0.125382
vn -0.029778 0.965859 0.257353
vn -0.029777 0.922553 0.384721
vn 0.000000 0.922962 0.384892
vn 0.000000 0.966287 0.257468
vn -0.029777 0.922553 0.384721
vn -0.029776 0.862535 0.505120
vn 0.000000 0.862918 0.505345
vn 0.000000 0.922962 0.384892
vn -0.029776 0.862535 0.505120
vn -0.029776 0.786895 0.616369
vn 0.000000 0.787243 0.616643
vn 0.000000 0.862918 0.505345
vn -0.029776 0.786895 0.616369
vn -0.029776 0.697002 0.716451
vn 0.000000 0.697311 0.716769
vn 0.000000 0.787243 0.616643
vn -0.029776 0.697002 0.716451
vn -0.030215 0.601320 0.798437
vn 0.000000 0.602153 0.798381
vn 0.000000 0.697311 0.716769
vn -0.025083 0.491201 0.870685
vn 0.000000 0.485141 0.874436
vn 0.000000 0.602153 0.798381
vn -0.030215 0.601320 0.798437
vn 0.583273 -0.031887 0.811650
vn 0.643757 -0.034487 0.764453
vn 0.662967 -0.005113 0.748632
vn 0.575227 -0.128123 0.807898
vn 0.117078 -0.014188 -0.993021
vn 0.000000 0.004108 -0.999992
vn 0.000000 -0.020764 -0.999784
vn 0.130328 -0.023430 -0.991194
vn 0.117078 -0.014188 -0.993021
vn 0.130328 -0.023430 -0.991194
vn 0.181428 -0.029138 -0.982973
vn 0.279534 -0.025614 -0.959794
vn 0.279534 -0.025614 -0.959794
vn 0.181428 -0.029138 -0.982973
vn 0.252675 -0.011741 -0.967480
vn 0.345446 -0.026821 -0.938055
vn 0.381863 -0.031378 -0.923686
vn 0.473680 -0.023525 -0.880383
vn 0.279534 -0.025614 -0.959794
vn 0.345446 -0.026821 -0.938055
vn 0.617525 -0.034295 -0.785803
vn 0.651967 -0.025986 -0.757802
vn 0.473680 -0.023525 -0.880383
vn 0.579210 -0.033597 -0.814486
vn 0.579210 -0.033597 -0.814486
vn 0.473680 -0.023525 -0.880383
vn 0.494840 -0.015706 -0.868842
vn 0.473680 -0.023525 -0.880383
vn 0.381863 -0.031378 -0.923686
vn 0.444272 -0.014244 -0.895779
vn 0.494840 -0.015706 -0.868842
vn 0.867664 -0.033144 -0.496045
vn 0.798705 -0.028278 -0.601057
vn 0.829919 -0.013750 -0.557714
vn 0.824877 -0.063406 -0.561746
vn 0.829919 -0.013750 -0.557714
vn 0.798705 -0.028278 -0.601057
vn 0.759468 -0.035234 -0.649590
vn 0.824877 -0.063406 -0.561746
vn 0.759468 -0.035234 -0.649590
vn 0.798705 -0.028278 -0.601057
vn 0.651967 -0.025986 -0.757802
vn 0.737266 -0.036019 -0.674642
vn 0.651967 -0.025986 -0.757802
vn 0.617525 -0.034295 -0.785803
vn 0.737266 -0.036019 -0.674642
vn 0.798705 -0.028278 -0.601057
vn 0.867664 -0.033144 -0.496045
vn 0.885007 -0.025385 -0.464885
vn 0.904665 -0.029758 -0.425084
vn 0.904665 -0.029758 -0.425084
vn 0.885007 -0.025385 -0.464885
vn 0.928880 -0.003124 -0.370368
vn 0.946782 -0.032149 -0.320267
vn 0.974318 -0.053888 -0.218632
vn 0.987735 -0.023176 -0.154413
vn 0.975253 -0.033338 -0.218562
vn 0.956275 -0.042948 -0.289299
vn 0.956275 -0.042948 -0.289299
vn 0.975253 -0.033338 -0.218562
vn 0.904665 -0.029758 -0.425084
vn 0.946782 -0.032149 -0.320267
vn 0.987735 -0.023176 -0.154413
vn 0.989771 -0.085898 -0.113907
vn 0.995995 -0.024324 -0.086035
vn 0.975253 -0.033338 -0.218562
vn 0.995995 -0.024324 -0.086035
vn 0.998945 -0.031674 0.033256
vn 0.975253 -0.033338 -0.218562
vn 0.995995 -0.024324 -0.086035
vn 0.993287 -0.114503 -0.016425
vn 0.999970 -0.004056 -0.006621
vn 0.998945 -0.031674 0.033256
vn 0.980085 -0.004011 0.198537
vn 0.975762 -0.009741 0.218617
vn 0.974063 -0.028659 0.224456
vn 0.991514 -0.027728 0.127007
vn 0.991514 -0.027728 0.127007
vn 0.974063 -0.028659 0.224456
vn 0.998945 -0.031674 0.033256
vn 0.994544 -0.025205 0.101227
vn 0.998945 -0.031674 0.033256
vn 0.999970 -0.004056 -0.006621
vn 0.994544 -0.025205 0.101227
vn 0.906795 -0.014719 0.421316
vn 0.903214 -0.030656 0.428095
vn 0.940176 -0.043682 0.337877
vn 0.894667 -0.125616 0.428710
vn 0.940176 -0.043682 0.337877
vn 0.903214 -0.030656 0.428095
vn 0.974063 -0.028659 0.224456
vn 0.947259 -0.035791 0.318465
vn 0.947259 -0.035791 0.318465
vn 0.974063 -0.028659 0.224456
vn 0.975762 -0.009741 0.218617
vn 0.935517 -0.253506 0.246056
vn 0.778753 -0.005750 0.627304
vn 0.806280 -0.031509 0.590694
vn 0.847574 -0.030115 0.529822
vn 0.805839 -0.165838 0.568438
vn 0.847574 -0.030115 0.529822
vn 0.806280 -0.031509 0.590694
vn 0.903214 -0.030656 0.428095
vn 0.859049 -0.030944 0.510958
vn 0.859049 -0.030944 0.510958
vn 0.903214 -0.030656 0.428095
vn 0.906795 -0.014719 0.421316
vn 0.894667 -0.125616 0.428710
vn 0.678790 -0.006826 0.734301
vn 0.662967 -0.005113 0.748632
vn 0.643757 -0.034487 0.764453
vn 0.720772 -0.037336 0.692166
vn -0.000001 -1.000000 0.000000
vn 0.000001 -1.000000 0.000001
vn 0.000001 -1.000000 0.000001
vn 0.806280 -0.031509 0.590694
vn 0.778753 -0.005750 0.627304
vn 0.758644 -0.004721 0.651488
vn 0.720772 -0.037336 0.692166
vn 0.583273 -0.031887 0.811650
vn 0.575227 -0.128123 0.807898
vn 0.544007 -0.029370 0.838567
vn 0.643757 -0.034487 0.764453
vn 0.643757 -0.034487 0.764453
vn 0.544007 -0.029370 0.838567
vn 0.464093 -0.030659 0.885256
vn 0.544007 -0.029370 0.838567
vn 0.477069 -0.163827 0.863462
vn 0.440026 -0.018750 0.897789
vn 0.464093 -0.030659 0.885256
vn 0.272131 -0.032724 0.961704
vn 0.464093 -0.030659 0.885256
vn 0.349881 -0.026506 0.936419
vn 0.464093 -0.030659 0.885256
vn 0.440026 -0.018750 0.897789
vn 0.396971 -0.020076 0.917612
vn 0.349881 -0.026506 0.936419
vn 0.225412 0.000585 0.974263
vn 0.169887 -0.030052 0.985005
vn 0.272131 -0.032724 0.961704
vn 0.257063 -0.002099 0.966392
vn 0.257063 -0.002099 0.966392
vn 0.272131 -0.032724 0.961704
vn 0.349881 -0.026506 0.936419
vn 0.325526 -0.023691 0.945236
vn 0.169887 -0.030052 0.985005
vn 0.127477 -0.026039 0.991500
vn 0.272131 -0.032724 0.961704
vn 0.272131 -0.032724 0.961704
vn 0.127477 -0.026039 0.991500
vn 0.108247 -0.022990 0.993858
vn 0.127477 -0.026039 0.991500
vn 0.072928 -0.142700 0.987076
vn 0.056667 -0.006374 0.998373
vn 0.108247 -0.022990 0.993858
vn 0.056667 -0.006374 0.998373
vn 0.000000 -0.009662 0.999953
vn 0.000000 -0.001641 0.999999
vn 0.108247 -0.022990 0.993858
vn 0.941283 -0.313543 0.125207
vn 0.993287 -0.114503 -0.016425
vn 0.855974 -0.517013 -0.002450
vn 0.873984 -0.475340 0.101013
vn 0.848661 -0.499919 -0.172789
vn 0.881523 -0.387554 -0.269665
vn 0.594695 -0.778233 -0.201722
vn 0.975762 -0.009741 0.218617
vn 0.980085 -0.004011 0.198537
vn 0.935517 -0.253506 0.246056
vn 0.974318 -0.053888 -0.218632
vn 0.989771 -0.085898 -0.113907
vn 0.987735 -0.023176 -0.154413
vn 0.989771 -0.085898 -0.113907
vn 0.993287 -0.114503 -0.016425
vn 0.995995 -0.024324 -0.086035
vn 0.993287 -0.114503 -0.016425
vn 0.941283 -0.313543 0.125207
vn 0.994544 -0.025205 0.101227
vn 0.999970 -0.004056 -0.006621
vn 0.441379 -0.893734 -0.080150
vn 0.848661 -0.499919 -0.172789
vn 0.594695 -0.778233 -0.201722
vn 0.354383 -0.928481 -0.111064
vn 0.354383 -0.928481 -0.111064
vn 0.121637 -0.992561 -0.005246
vn 0.261807 -0.965024 -0.013618
vn 0.441379 -0.893734 -0.080150
vn 0.261807 -0.965024 -0.013618
vn 0.345895 -0.938225 -0.009542
vn 0.441379 -0.893734 -0.080150
vn 0.441379 -0.893734 -0.080150
vn 0.345895 -0.938225 -0.009542
vn 0.414908 -0.909861 0.002103
vn 0.606555 -0.793615 -0.047609
vn 0.606555 -0.793615 -0.047609
vn 0.595252 -0.803469 -0.010604
vn 0.725547 -0.688171 0.001418
vn 0.855974 -0.517013 -0.002450
vn 0.574814 -0.818284 0.000097
vn 0.569456 -0.821753 0.021030
vn 0.614508 -0.788556 0.023654
vn 0.636920 -0.770850 0.011117
vn 0.614508 -0.788556 0.023654
vn 0.710928 -0.701345 0.051926
vn 0.725547 -0.688171 0.001418
vn 0.636920 -0.770850 0.011117
vn 0.725547 -0.688171 0.001418
vn 0.595252 -0.803469 -0.010604
vn 0.703846 -0.710298 0.008808
vn 0.636920 -0.770850 0.011117
vn 0.614508 -0.788556 0.023654
vn 0.569456 -0.821753 0.021030
vn 0.448407 -0.888862 0.094108
vn 0.710928 -0.701345 0.051926
vn 0.569456 -0.821753 0.021030
vn 0.294159 -0.955511 0.021652
vn 0.448407 -0.888862 0.094108
vn 0.873984 -0.475340 0.101013
vn 0.728603 -0.664122 0.167567
vn 0.935517 -0.253506 0.246056
vn 0.941283 -0.313543 0.125207
vn 0.941283 -0.313543 0.125207
vn 0.935517 -0.253506 0.246056
vn 0.980085 -0.004011 0.198537
vn 0.991514 -0.027728 0.127007
vn 0.989771 -0.085898 -0.113907
vn 0.835680 -0.544076 -0.074967
vn 0.855974 -0.517013 -0.002450
vn 0.993287 -0.114503 -0.016425
vn 0.941283 -0.313543 0.125207
vn 0.991514 -0.027728 0.127007
vn 0.994544 -0.025205 0.101227
vn 0.595252 -0.803469 -0.010604
vn 0.606555 -0.793615 -0.047609
vn 0.414908 -0.909861 0.002103
vn 0.606555 -0.793615 -0.047609
vn 0.835680 -0.544076 -0.074967
vn 0.848661 -0.499919 -0.172789
vn 0.441379 -0.893734 -0.080150
vn 0.710928 -0.701345 0.051926
vn 0.448407 -0.888862 0.094108
vn 0.483306 -0.867660 0.116538
vn 0.728603 -0.664122 0.167567
vn 0.448407 -0.888862 0.094108
vn 0.301609 -0.949989 0.080944
vn 0.483306 -0.867660 0.116538
vn 0.301609 -0.949989 0.080944
vn 0.448407 -0.888862 0.094108
vn 0.294159 -0.955511 0.021652
vn 0.202615 -0.977793 0.053558
vn 0.294159 -0.955511 0.021652
vn 0.203010 -0.979175 0.001576
vn 0.063430 -0.997986 -0.000349
vn 0.202615 -0.977793 0.053558
vn 0.063430 -0.997986 -0.000349
vn 0.203010 -0.979175 0.001576
vn 0.035936 -0.999345 0.004231
vn 0.202615 -0.977793 0.053558
vn 0.956275 -0.042948 -0.289299
vn 0.946782 -0.032149 -0.320267
vn 0.881523 -0.387554 -0.269665
vn 0.974318 -0.053888 -0.218632
vn 0.881523 -0.387554 -0.269665
vn 0.848661 -0.499919 -0.172789
vn 0.989771 -0.085898 -0.113907
vn 0.974318 -0.053888 -0.218632
vn 0.848661 -0.499919 -0.172789
vn 0.835680 -0.544076 -0.074967
vn 0.989771 -0.085898 -0.113907
vn 0.606555 -0.793615 -0.047609
vn 0.855974 -0.517013 -0.002450
vn 0.835680 -0.544076 -0.074967
vn 0.725547 -0.688171 0.001418
vn 0.710928 -0.701345 0.051926
vn 0.873984 -0.475340 0.101013
vn 0.855974 -0.517013 -0.002450
vn 0.710928 -0.701345 0.051926
vn 0.728603 -0.664122 0.167567
vn 0.873984 -0.475340 0.101013
vn 0.723324 -0.685400 0.083843
vn 0.826170 -0.560011 0.061895
vn 0.593112 -0.804639 0.027828
vn 0.541508 -0.840140 0.030564
vn 0.121637 -0.992561 -0.005246
vn 0.218795 -0.975768 0.002203
vn 0.261807 -0.965024 -0.013618
vn 0.218795 -0.975768 0.002203
vn 0.414908 -0.909861 0.002103
vn 0.345895 -0.938225 -0.009542
vn 0.261807 -0.965024 -0.013618
vn 0.218795 -0.975768 0.002203
vn 0.703846 -0.710298 0.008808
vn 0.595252 -0.803469 -0.010604
vn 0.414908 -0.909861 0.002103
vn 0.218795 -0.975768 0.002203
vn 0.623142 -0.781805 0.021796
vn 0.772347 -0.635026 0.014905
vn 0.703846 -0.710298 0.008808
vn 0.623142 -0.781805 0.021796
vn 0.916965 -0.398070 0.026732
vn 0.772347 -0.635026 0.014905
vn 0.916965 -0.398070 0.026732
vn 0.623142 -0.781805 0.021796
vn 0.593112 -0.804639 0.027828
vn 0.826170 -0.560011 0.061895
vn 0.203010 -0.979175 0.001576
vn 0.294159 -0.955511 0.021652
vn 0.569456 -0.821753 0.021030
vn 0.497192 -0.867641 0.000000
vn 0.497192 -0.867641 0.000000
vn 0.569456 -0.821753 0.021030
vn 0.574814 -0.818284 0.000097
vn 0.842035 -0.539412 0.003437
vn 0.842035 -0.539412 0.003437
vn 0.574814 -0.818284 0.000097
vn 0.636920 -0.770850 0.011117
vn 0.703846 -0.710298 0.008808
vn 0.703846 -0.710298 0.008808
vn 0.772347 -0.635026 0.014905
vn 0.953068 -0.302637 0.008520
vn 0.842035 -0.539412 0.003437
vn 0.772347 -0.635026 0.014905
vn 0.973286 -0.227278 0.032547
vn 0.953068 -0.302637 0.008520
vn 0.973286 -0.227278 0.032547
vn 0.772347 -0.635026 0.014905
vn 0.916965 -0.398070 0.026732
vn 0.944452 -0.324604 0.051407
vn 0.944452 -0.324604 0.051407
vn 0.916965 -0.398070 0.026732
vn 0.826170 -0.560011 0.061895
vn 0.937011 -0.338403 0.086571
vn 0.173172 -0.982735 0.065141
vn 0.035936 -0.999345 0.004231
vn 0.026337 -0.999650 0.002523
vn 0.038509 -0.999082 0.018780
vn 0.001200 -0.999998 0.001326
vn 0.003985 -0.999982 0.004537
vn 0.046763 -0.997928 0.044204
vn 0.001716 -0.999997 0.001700
vn 0.005231 -0.999977 0.004252
vn 0.031433 -0.999265 0.021955
vn 0.005540 -0.999979 0.003411
vn 0.004266 -0.999991 0.000191
vn 0.072928 -0.142700 0.987076
vn 0.000000 -0.284368 0.958715
vn 0.000000 -0.009662 0.999953
vn 0.056667 -0.006374 0.998373
vn 0.127477 -0.026039 0.991500
vn 0.169887 -0.030052 0.985005
vn 0.140077 -0.025101 0.989822
vn 0.072928 -0.142700 0.987076
vn 0.257063 -0.002099 0.966392
vn 0.325526 -0.023691 0.945236
vn 0.140077 -0.025101 0.989822
vn 0.225412 0.000585 0.974263
vn 0.140077 -0.025101 0.989822
vn 0.169887 -0.030052 0.985005
vn 0.225412 0.000585 0.974263
vn 0.396971 -0.020076 0.917612
vn 0.477069 -0.163827 0.863462
vn 0.325526 -0.023691 0.945236
vn 0.349881 -0.026506 0.936419
vn 0.575227 -0.128123 0.807898
vn 0.477069 -0.163827 0.863462
vn 0.544007 -0.029370 0.838567
vn 0.477069 -0.163827 0.863462
vn 0.396971 -0.020076 0.917612
vn 0.440026 -0.018750 0.897789
vn 0.720772 -0.037336 0.692166
vn 0.758644 -0.004721 0.651488
vn 0.717020 -0.096644 0.690321
vn 0.678790 -0.006826 0.734301
vn 0.717020 -0.096644 0.690321
vn 0.575227 -0.128123 0.807898
vn 0.662967 -0.005113 0.748632
vn 0.678790 -0.006826 0.734301
vn 0.758644 -0.004721 0.651488
vn 0.778753 -0.005750 0.627304
vn 0.805839 -0.165838 0.568438
vn 0.717020 -0.096644 0.690321
vn 0.859049 -0.030944 0.510958
vn 0.894667 -0.125616 0.428710
vn 0.805839 -0.165838 0.568438
vn 0.847574 -0.030115 0.529822
vn 0.008051 -0.999958 0.004437
vn 0.038509 -0.999082 0.018780
vn 0.026337 -0.999650 0.002523
vn 0.004266 -0.999991 0.000191
vn 0.038509 -0.999082 0.018780
vn 0.433154 -0.876067 0.211859
vn 0.455748 -0.873170 0.172823
vn 0.173172 -0.982735 0.065141
vn 0.000670 -0.999999 0.001480
vn 0.002329 -0.999983 0.005315
vn 0.093042 -0.981339 0.168276
vn 0.001132 -0.999997 0.002053
vn 0.093042 -0.981339 0.168276
vn 0.153704 -0.965596 0.209762
vn 0.001177 -0.999998 0.001886
vn 0.001132 -0.999997 0.002053
vn 0.093042 -0.981339 0.168276
vn 0.002329 -0.999983 0.005315
vn 0.067757 -0.978799 0.193292
vn 0.212666 -0.894545 0.393145
vn 0.002329 -0.999983 0.005315
vn 0.001779 -0.999975 0.006819
vn 0.067757 -0.978799 0.193292
vn 0.067757 -0.978799 0.193292
vn 0.001779 -0.999975 0.006819
vn 0.008017 -0.998824 0.047808
vn 0.148448 -0.891659 0.427677
vn 0.001779 -0.999975 0.006819
vn 0.000042 -0.999983 0.005781
vn 0.000626 -0.999992 0.003863
vn 0.008017 -0.998824 0.047808
vn 0.000000 -0.936302 0.351195
vn 0.047180 -0.852263 0.520982
vn 0.003785 -0.999042 0.043604
vn 0.000000 -0.999987 0.005168
vn 0.000000 -0.999987 0.005168
vn 0.003785 -0.999042 0.043604
vn 0.000699 -0.999972 0.007476
vn 0.000000 -1.000000 0.000446
vn 0.003785 -0.999042 0.043604
vn 0.079083 -0.887748 0.453486
vn 0.008017 -0.998824 0.047808
vn 0.000699 -0.999972 0.007476
vn 0.008017 -0.998824 0.047808
vn 0.000626 -0.999992 0.003863
vn 0.000170 -0.999999 0.001571
vn 0.000699 -0.999972 0.007476
vn 0.322032 -0.895356 0.307626
vn 0.153704 -0.965596 0.209762
vn 0.301769 -0.863009 0.405156
vn 0.301769 -0.863009 0.405156
vn 0.153704 -0.965596 0.209762
vn 0.093042 -0.981339 0.168276
vn 0.212666 -0.894545 0.393145
vn 0.067757 -0.978799 0.193292
vn 0.148448 -0.891659 0.427677
vn 0.212666 -0.894545 0.393145
vn 0.008017 -0.998824 0.047808
vn 0.079083 -0.887748 0.453486
vn 0.148448 -0.891659 0.427677
vn 0.003785 -0.999042 0.043604
vn 0.047180 -0.852263 0.520982
vn 0.079083 -0.887748 0.453486
vn 0.202615 -0.977793 0.053558
vn 0.035936 -0.999345 0.004231
vn 0.173172 -0.982735 0.065141
vn 0.301609 -0.949989 0.080944
vn 0.301609 -0.949989 0.080944
vn 0.173172 -0.982735 0.065141
vn 0.455748 -0.873170 0.172823
vn 0.483306 -0.867660 0.116538
vn 0.455748 -0.873170 0.172823
vn 0.689835 -0.676084 0.258917
vn 0.728603 -0.664122 0.167567
vn 0.483306 -0.867660 0.116538
vn 0.001716 -0.999997 0.001700
vn 0.046763 -0.997928 0.044204
vn 0.005231 -0.999977 0.004252
vn 0.004266 -0.999991 0.000191
vn 0.046763 -0.997928 0.044204
vn 0.031433 -0.999265 0.021955
vn 0.005231 -0.999977 0.004252
vn 0.046763 -0.997928 0.044204
vn 0.322032 -0.895356 0.307626
vn 0.395122 -0.876173 0.276041
vn 0.031433 -0.999265 0.021955
vn 0.031433 -0.999265 0.021955
vn 0.395122 -0.876173 0.276041
vn 0.433154 -0.876067 0.211859
vn 0.038509 -0.999082 0.018780
vn 0.395122 -0.876173 0.276041
vn 0.630132 -0.639638 0.440224
vn 0.744705 -0.563321 0.357888
vn 0.433154 -0.876067 0.211859
vn 0.433154 -0.876067 0.211859
vn 0.744705 -0.563321 0.357888
vn 0.689835 -0.676084 0.258917
vn 0.455748 -0.873170 0.172823
vn 0.744705 -0.563321 0.357888
vn 0.903092 -0.292192 0.314720
vn 0.689835 -0.676084 0.258917
vn 0.689835 -0.676084 0.258917
vn 0.903092 -0.292192 0.314720
vn 0.935517 -0.253506 0.246056
vn 0.728603 -0.664122 0.167567
vn 0.903092 -0.292192 0.314720
vn 0.940176 -0.043682 0.337877
vn 0.947259 -0.035791 0.318465
vn 0.935517 -0.253506 0.246056
vn 0.000000 -0.936302 0.351195
vn 0.000001 -0.693762 0.720205
vn 0.069097 -0.640700 0.764676
vn 0.047180 -0.852263 0.520982
vn 0.047180 -0.852263 0.520982
vn 0.069097 -0.640700 0.764676
vn 0.133984 -0.639780 0.756789
vn 0.079083 -0.887748 0.453486
vn 0.079083 -0.887748 0.453486
vn 0.133984 -0.639780 0.756789
vn 0.253918 -0.639585 0.725573
vn 0.148448 -0.891659 0.427677
vn 0.148448 -0.891659 0.427677
vn 0.253918 -0.639585 0.725573
vn 0.361701 -0.639362 0.678520
vn 0.212666 -0.894545 0.393145
vn 0.212666 -0.894545 0.393145
vn 0.361701 -0.639362 0.678520
vn 0.464544 -0.639431 0.612639
vn 0.301769 -0.863009 0.405156
vn 0.301769 -0.863009 0.405156
vn 0.464544 -0.639431 0.612639
vn 0.552487 -0.639597 0.534485
vn 0.322032 -0.895356 0.307626
vn 0.322032 -0.895356 0.307626
vn 0.552487 -0.639597 0.534485
vn 0.630132 -0.639638 0.440224
vn 0.395122 -0.876173 0.276041
vn 0.008051 -0.999958 0.004437
vn 0.005540 -0.999979 0.003411
vn 0.031433 -0.999265 0.021955
vn 0.038509 -0.999082 0.018780
vn 0.000001 -0.693762 0.720205
vn 0.000000 -0.284368 0.958715
vn 0.072928 -0.142700 0.987076
vn 0.069097 -0.640700 0.764676
vn 0.069097 -0.640700 0.764676
vn 0.072928 -0.142700 0.987076
vn 0.152027 -0.489144 0.858852
vn 0.133984 -0.639780 0.756789
vn 0.133984 -0.639780 0.756789
vn 0.152027 -0.489144 0.858852
vn 0.288123 -0.489025 0.823310
vn 0.253918 -0.639585 0.725573
vn 0.253918 -0.639585 0.725573
vn 0.288123 -0.489025 0.823310
vn 0.477069 -0.163827 0.863462
vn 0.361701 -0.639362 0.678520
vn 0.361701 -0.639362 0.678520
vn 0.477069 -0.163827 0.863462
vn 0.575227 -0.128123 0.807898
vn 0.464544 -0.639431 0.612639
vn 0.464544 -0.639431 0.612639
vn 0.575227 -0.128123 0.807898
vn 0.626956 -0.488915 0.606538
vn 0.552487 -0.639597 0.534485
vn 0.552487 -0.639597 0.534485
vn 0.626956 -0.488915 0.606538
vn 0.805839 -0.165838 0.568438
vn 0.630132 -0.639638 0.440224
vn 0.630132 -0.639638 0.440224
vn 0.805839 -0.165838 0.568438
vn 0.894667 -0.125616 0.428710
vn 0.744705 -0.563321 0.357888
vn 0.001177 -0.999998 0.001886
vn 0.153704 -0.965596 0.209762
vn 0.003985 -0.999982 0.004537
vn 0.153704 -0.965596 0.209762
vn 0.322032 -0.895356 0.307626
vn 0.046763 -0.997928 0.044204
vn 0.003985 -0.999982 0.004537
vn 0.894667 -0.125616 0.428710
vn 0.940176 -0.043682 0.337877
vn 0.903092 -0.292192 0.314720
vn 0.744705 -0.563321 0.357888
vn 0.035936 -0.999345 0.004231
vn 0.067387 -0.997727 0.000128
vn 0.004266 -0.999991 0.000191
vn 0.026337 -0.999650 0.002523
vn 0.004266 -0.999991 0.000191
vn 0.005540 -0.999979 0.003411
vn 0.008051 -0.999958 0.004437
vn 0.001716 -0.999997 0.001700
vn 0.004266 -0.999991 0.000191
vn 0.002631 -0.999997 0.000172
vn 0.001200 -0.999998 0.001326
vn 0.001200 -0.999998 0.001326
vn 0.002631 -0.999997 0.000172
vn 0.001997 -0.999998 0.000787
vn 0.003985 -0.999982 0.004537
vn 0.003985 -0.999982 0.004537
vn 0.001997 -0.999998 0.000787
vn 0.001115 -0.999999 0.000638
vn 0.002109 -0.999995 0.002136
vn 0.000042 -0.999983 0.005781
vn 0.001779 -0.999975 0.006819
vn 0.002329 -0.999983 0.005315
vn 0.000493 -0.999982 0.005964
vn 0.002329 -0.999983 0.005315
vn 0.000670 -0.999999 0.001480
vn 0.000493 -0.999982 0.005964
vn 0.000670 -0.999999 0.001480
vn 0.001132 -0.999997 0.002053
vn 0.000874 -0.999988 0.004733
vn 0.000493 -0.999982 0.005964
vn 0.001091 -0.999996 0.002696
vn 0.002395 -0.999981 0.005727
vn 0.003985 -0.999982 0.004537
vn 0.002109 -0.999995 0.002136
vn 0.002395 -0.999981 0.005727
vn 0.002126 -0.999979 0.006058
vn 0.003985 -0.999982 0.004537
vn 0.002126 -0.999979 0.006058
vn 0.000874 -0.999988 0.004733
vn 0.001177 -0.999998 0.001886
vn 0.003985 -0.999982 0.004537
vn 0.000874 -0.999988 0.004733
vn 0.001132 -0.999997 0.002053
vn 0.001177 -0.999998 0.001886
vn 0.000042 -0.999983 0.005781
vn 0.000170 -0.999999 0.001571
vn 0.000626 -0.999992 0.003863
vn 0.000170 -0.999999 0.001571
vn 0.000042 -0.999983 0.005781
vn 0.000000 -1.000000 0.000446
vn 0.000699 -0.999972 0.007476
vn 0.881523 -0.387554 -0.269665
vn 0.893564 -0.125817 -0.430945
vn 0.804241 -0.454069 -0.383430
vn 0.013717 -0.999885 -0.006540
vn 0.256111 -0.959474 -0.117546
vn 0.294961 -0.934477 -0.199376
vn 0.014688 -0.999859 -0.008178
vn 0.294961 -0.934477 -0.199376
vn 0.016160 -0.999780 -0.013399
vn 0.009899 -0.999929 -0.006688
vn 0.014688 -0.999859 -0.008178
vn 0.121637 -0.992561 -0.005246
vn 0.354383 -0.928481 -0.111064
vn 0.091333 -0.995796 -0.007017
vn 0.354383 -0.928481 -0.111064
vn 0.256111 -0.959474 -0.117546
vn 0.013717 -0.999885 -0.006540
vn 0.091333 -0.995796 -0.007017
vn 0.354383 -0.928481 -0.111064
vn 0.594695 -0.778233 -0.201722
vn 0.571766 -0.776983 -0.263405
vn 0.256111 -0.959474 -0.117546
vn 0.881523 -0.387554 -0.269665
vn 0.804241 -0.454069 -0.383430
vn 0.571766 -0.776983 -0.263405
vn 0.594695 -0.778233 -0.201722
vn 0.881523 -0.387554 -0.269665
vn 0.946782 -0.032149 -0.320267
vn 0.928880 -0.003124 -0.370368
vn 0.893564 -0.125817 -0.430945
vn 0.893564 -0.125817 -0.430945
vn 0.928880 -0.003124 -0.370368
vn 0.885007 -0.025385 -0.464885
vn 0.867664 -0.033144 -0.496045
vn 0.674600 -0.391029 -0.626108
vn 0.759468 -0.035234 -0.649590
vn 0.737266 -0.036019 -0.674642
vn 0.824877 -0.063406 -0.561746
vn 0.759468 -0.035234 -0.649590
vn 0.674600 -0.391029 -0.626108
vn 0.736506 -0.443687 -0.510589
vn 0.736506 -0.443687 -0.510589
vn 0.674600 -0.391029 -0.626108
vn 0.492838 -0.748621 -0.443484
vn 0.526789 -0.771474 -0.356821
vn 0.526789 -0.771474 -0.356821
vn 0.492838 -0.748621 -0.443484
vn 0.254596 -0.938427 -0.233530
vn 0.294961 -0.934477 -0.199376
vn 0.294961 -0.934477 -0.199376
vn 0.254596 -0.938427 -0.233530
vn 0.031040 -0.999048 -0.030665
vn 0.016160 -0.999780 -0.013399
vn 0.016160 -0.999780 -0.013399
vn 0.031040 -0.999048 -0.030665
vn 0.005137 -0.999470 -0.032149
vn 0.055726 -0.998147 -0.024445
vn 0.256111 -0.959474 -0.117546
vn 0.571766 -0.776983 -0.263405
vn 0.526789 -0.771474 -0.356821
vn 0.294961 -0.934477 -0.199376
vn 0.571766 -0.776983 -0.263405
vn 0.804241 -0.454069 -0.383430
vn 0.736506 -0.443687 -0.510589
vn 0.526789 -0.771474 -0.356821
vn 0.804241 -0.454069 -0.383430
vn 0.824877 -0.063406 -0.561746
vn 0.736506 -0.443687 -0.510589
vn 0.824877 -0.063406 -0.561746
vn 0.804241 -0.454069 -0.383430
vn 0.893564 -0.125817 -0.430945
vn 0.867664 -0.033144 -0.496045
vn 0.060852 -0.890199 -0.451489
vn 0.017710 -0.958339 -0.285084
vn 0.018278 -0.964392 -0.263845
vn 0.090549 -0.898046 -0.430481
vn 0.492838 -0.748621 -0.443484
vn 0.450241 -0.708061 -0.543997
vn 0.219764 -0.930659 -0.292537
vn 0.254596 -0.938427 -0.233530
vn 0.031040 -0.999048 -0.030665
vn 0.010809 -0.996666 -0.080867
vn 0.005137 -0.999470 -0.032149
vn 0.090549 -0.898046 -0.430481
vn 0.018278 -0.964392 -0.263845
vn 0.027692 -0.978363 -0.205036
vn 0.119509 -0.907694 -0.402255
vn 0.119509 -0.907694 -0.402255
vn 0.027692 -0.978363 -0.205036
vn 0.022805 -0.978493 -0.205016
vn 0.148137 -0.918177 -0.367433
vn 0.148137 -0.918177 -0.367433
vn 0.022805 -0.978493 -0.205016
vn 0.015884 -0.988504 -0.150361
vn 0.176465 -0.929114 -0.324973
vn 0.069273 -0.596277 -0.799784
vn 0.030492 -0.885331 -0.463960
vn 0.060852 -0.890199 -0.451489
vn 0.134512 -0.639624 -0.756827
vn 0.134512 -0.639624 -0.756827
vn 0.060852 -0.890199 -0.451489
vn 0.090549 -0.898046 -0.430481
vn 0.201021 -0.648839 -0.733893
vn 0.201021 -0.648839 -0.733893
vn 0.090549 -0.898046 -0.430481
vn 0.119509 -0.907694 -0.402255
vn 0.266561 -0.660200 -0.702198
vn 0.266561 -0.660200 -0.702198
vn 0.119509 -0.907694 -0.402255
vn 0.148137 -0.918177 -0.367433
vn 0.331380 -0.672410 -0.661855
vn 0.394768 -0.685942 -0.611263
vn 0.176465 -0.929114 -0.324973
vn 0.219764 -0.930659 -0.292537
vn 0.450241 -0.708061 -0.543997
vn 0.000000 -0.318561 -0.947902
vn 0.069273 -0.596277 -0.799784
vn 0.099520 -0.248894 -0.963404
vn 0.000000 -0.020764 -0.999784
vn 0.099520 -0.248894 -0.963404
vn 0.069273 -0.596277 -0.799784
vn 0.134512 -0.639624 -0.756827
vn 0.184384 -0.271043 -0.944742
vn 0.184384 -0.271043 -0.944742
vn 0.134512 -0.639624 -0.756827
vn 0.201021 -0.648839 -0.733893
vn 0.284646 -0.307212 -0.908074
vn 0.284646 -0.307212 -0.908074
vn 0.201021 -0.648839 -0.733893
vn 0.266561 -0.660200 -0.702198
vn 0.367200 -0.285625 -0.885202
vn 0.492838 -0.748621 -0.443484
vn 0.674600 -0.391029 -0.626108
vn 0.617561 -0.319080 -0.718893
vn 0.450241 -0.708061 -0.543997
vn 0.450241 -0.708061 -0.543997
vn 0.617561 -0.319080 -0.718893
vn 0.538837 -0.305920 -0.784900
vn 0.394768 -0.685942 -0.611263
vn 0.394768 -0.685942 -0.611263
vn 0.538837 -0.305920 -0.784900
vn 0.457321 -0.315089 -0.831611
vn 0.331380 -0.672410 -0.661855
vn 0.000000 -0.883795 -0.467874
vn 0.000000 -0.926256 -0.376896
vn 0.002274 -0.927658 -0.373423
vn 0.030492 -0.885331 -0.463960
vn 0.000000 -0.687403 -0.726277
vn 0.000000 -0.883795 -0.467874
vn 0.030492 -0.885331 -0.463960
vn 0.069273 -0.596277 -0.799784
vn 0.030492 -0.885331 -0.463960
vn 0.002274 -0.927658 -0.373423
vn 0.017710 -0.958339 -0.285084
vn 0.060852 -0.890199 -0.451489
vn 0.000000 -0.687403 -0.726277
vn 0.069273 -0.596277 -0.799784
vn 0.000000 -0.318561 -0.947902
vn 0.099520 -0.248894 -0.963404
vn 0.130328 -0.023430 -0.991194
vn 0.000000 -0.020764 -0.999784
vn 0.130328 -0.023430 -0.991194
vn 0.099520 -0.248894 -0.963404
vn 0.184384 -0.271043 -0.944742
vn 0.181428 -0.029138 -0.982973
vn 0.181428 -0.029138 -0.982973
vn 0.184384 -0.271043 -0.944742
vn 0.284646 -0.307212 -0.908074
vn 0.252675 -0.011741 -0.967480
vn 0.252675 -0.011741 -0.967480
vn 0.284646 -0.307212 -0.908074
vn 0.345446 -0.026821 -0.938055
vn 0.345446 -0.026821 -0.938055
vn 0.284646 -0.307212 -0.908074
vn 0.367200 -0.285625 -0.885202
vn 0.381863 -0.031378 -0.923686
vn 0.367200 -0.285625 -0.885202
vn 0.266561 -0.660200 -0.702198
vn 0.331380 -0.672410 -0.661855
vn 0.457321 -0.315089 -0.831611
vn 0.331380 -0.672410 -0.661855
vn 0.148137 -0.918177 -0.367433
vn 0.176465 -0.929114 -0.324973
vn 0.394768 -0.685942 -0.611263
vn 0.176465 -0.929114 -0.324973
vn 0.015884 -0.988504 -0.150361
vn 0.010809 -0.996666 -0.080867
vn 0.219764 -0.930659 -0.292537
vn 0.381863 -0.031378 -0.923686
vn 0.367200 -0.285625 -0.885202
vn 0.457321 -0.315089 -0.831611
vn 0.444272 -0.014244 -0.895779
vn 0.010809 -0.996666 -0.080867
vn 0.031040 -0.999048 -0.030665
vn 0.254596 -0.938427 -0.233530
vn 0.219764 -0.930659 -0.292537
vn 0.674600 -0.391029 -0.626108
vn 0.737266 -0.036019 -0.674642
vn 0.617525 -0.034295 -0.785803
vn 0.617561 -0.319080 -0.718893
vn 0.617561 -0.319080 -0.718893
vn 0.617525 -0.034295 -0.785803
vn 0.579210 -0.033597 -0.814486
vn 0.538837 -0.305920 -0.784900
vn 0.538837 -0.305920 -0.784900
vn 0.579210 -0.033597 -0.814486
vn 0.494840 -0.015706 -0.868842
vn 0.457321 -0.315089 -0.831611
vn 0.494840 -0.015706 -0.868842
vn 0.444272 -0.014244 -0.895779
vn 0.457321 -0.315089 -0.831611
vn 0.519636 -0.854248 -0.015432
vn 0.362789 -0.931696 -0.018056
vn 0.634021 -0.769495 -0.076776
vn 0.552444 -0.832907 -0.032752
vn 0.541508 -0.840140 0.030564
vn 0.593112 -0.804639 0.027828
vn 0.515768 -0.856446 0.021974
vn 0.568786 -0.822199 0.021702
vn 0.361742 -0.932274 -0.002892
vn 0.515768 -0.856446 0.021974
vn 0.218795 -0.975768 0.002203
vn 0.515768 -0.856446 0.021974
vn 0.593112 -0.804639 0.027828
vn 0.623142 -0.781805 0.021796
vn 0.218795 -0.975768 0.002203
vn 0.519636 -0.854248 -0.015432
vn 0.361742 -0.932274 -0.002892
vn 0.362789 -0.931696 -0.018056
vn 0.362789 -0.931696 -0.018056
vn 0.361742 -0.932274 -0.002892
vn 0.218795 -0.975768 0.002203
vn 0.055726 -0.998147 -0.024445
vn 0.055726 -0.998147 -0.024445
vn 0.218795 -0.975768 0.002203
vn 0.121637 -0.992561 -0.005246
vn 0.091333 -0.995796 -0.007017
vn 0.552444 -0.832907 -0.032752
vn 0.634021 -0.769495 -0.076776
vn 0.715184 -0.688686 -0.119262
vn 0.519636 -0.854248 -0.015432
vn 0.552444 -0.832907 -0.032752
vn 0.568786 -0.822199 0.021702
vn 0.361742 -0.932274 -0.002892
vn 0.568786 -0.822199 0.021702
vn 0.515768 -0.856446 0.021974
vn 0.361742 -0.932274 -0.002892
vn 0.770338 -0.626252 0.119950
vn 0.756339 -0.648098 0.088995
vn 0.723324 -0.685400 0.083843
vn 0.568786 -0.822199 0.021702
vn 0.568786 -0.822199 0.021702
vn 0.723324 -0.685400 0.083843
vn 0.541508 -0.840140 0.030564
vn 0.756339 -0.648098 0.088995
vn 0.770338 -0.626252 0.119950
vn 0.859898 -0.492510 0.134202
vn 0.844894 -0.523369 0.110632
vn 0.723324 -0.685400 0.083843
vn 0.756339 -0.648098 0.088995
vn 0.844894 -0.523369 0.110632
vn 0.826170 -0.560011 0.061895
vn 0.013601 -0.991097 -0.132442
vn 0.029459 -0.980641 -0.193585
vn 0.215703 -0.968980 -0.120625
vn 0.008077 -0.997790 -0.065950
vn 0.635503 -0.763649 -0.113912
vn 0.757846 -0.636807 -0.141940
vn 0.634021 -0.769495 -0.076776
vn 0.362789 -0.931696 -0.018056
vn 0.008077 -0.997790 -0.065950
vn 0.215703 -0.968980 -0.120625
vn 0.055726 -0.998147 -0.024445
vn 0.215703 -0.968980 -0.120625
vn 0.367199 -0.921850 -0.123926
vn 0.362789 -0.931696 -0.018056
vn 0.055726 -0.998147 -0.024445
vn 0.367199 -0.921850 -0.123926
vn 0.635503 -0.763649 -0.113912
vn 0.362789 -0.931696 -0.018056
vn 0.037834 -0.957819 -0.284869
vn 0.282986 -0.912812 -0.294436
vn 0.029459 -0.980641 -0.193585
vn 0.078498 -0.817322 -0.570808
vn 0.295105 -0.857474 -0.421487
vn 0.063048 -0.902145 -0.426802
vn 0.295105 -0.857474 -0.421487
vn 0.282986 -0.912812 -0.294436
vn 0.037834 -0.957819 -0.284869
vn 0.063048 -0.902145 -0.426802
vn 0.304114 -0.758844 -0.575909
vn 0.295105 -0.857474 -0.421487
vn 0.078498 -0.817322 -0.570808
vn 0.295105 -0.857474 -0.421487
vn 0.510492 -0.770166 -0.382416
vn 0.472268 -0.843025 -0.257432
vn 0.282986 -0.912812 -0.294436
vn 0.510492 -0.770166 -0.382416
vn 0.675349 -0.707222 -0.209143
vn 0.472268 -0.843025 -0.257432
vn 0.675349 -0.707222 -0.209143
vn 0.510492 -0.770166 -0.382416
vn 0.732945 -0.604692 -0.311672
vn 0.816460 -0.541656 -0.200007
vn 0.757846 -0.636807 -0.141940
vn 0.635503 -0.763649 -0.113912
vn 0.675349 -0.707222 -0.209143
vn 0.816460 -0.541656 -0.200007
vn 0.635503 -0.763649 -0.113912
vn 0.367199 -0.921850 -0.123926
vn 0.472268 -0.843025 -0.257432
vn 0.675349 -0.707222 -0.209143
vn 0.367199 -0.921850 -0.123926
vn 0.282986 -0.912812 -0.294436
vn 0.472268 -0.843025 -0.257432
vn 0.282986 -0.912812 -0.294436
vn 0.367199 -0.921850 -0.123926
vn 0.215703 -0.968980 -0.120625
vn 0.029459 -0.980641 -0.193585
vn 0.732945 -0.604692 -0.311672
vn 0.840930 -0.479465 -0.250898
vn 0.816460 -0.541656 -0.200007
vn 0.304114 -0.758844 -0.575909
vn 0.548251 -0.669222 -0.501560
vn 0.510492 -0.770166 -0.382416
vn 0.295105 -0.857474 -0.421487
vn 0.548251 -0.669222 -0.501560
vn 0.732945 -0.604692 -0.311672
vn 0.510492 -0.770166 -0.382416
vn 0.732945 -0.604692 -0.311672
vn 0.548251 -0.669222 -0.501560
vn 0.810743 -0.479363 -0.336017
vn 0.840930 -0.479465 -0.250898
vn 0.840930 -0.479465 -0.250898
vn 0.810743 -0.479363 -0.336017
vn 0.854771 -0.420977 -0.303554
vn 0.850025 -0.463235 -0.250740
vn 0.532349 -0.846523 0.001810
vn 0.835706 -0.549170 0.002900
vn 0.933556 -0.358407 0.004204
vn 0.565273 -0.824902 0.001723
vn 0.203010 -0.979175 0.001576
vn 0.067387 -0.997727 0.000128
vn 0.035936 -0.999345 0.004231
vn 0.067387 -0.997727 0.000128
vn 0.193912 -0.981019 0.000271
vn 0.004266 -0.999991 0.000191
vn 0.565273 -0.824902 0.001723
vn 0.193912 -0.981019 0.000271
vn 0.067387 -0.997727 0.000128
vn 0.532349 -0.846523 0.001810
vn 0.532349 -0.846523 0.001810
vn 0.067387 -0.997727 0.000128
vn 0.203010 -0.979175 0.001576
vn 0.497192 -0.867641 0.000000
vn 0.835706 -0.549170 0.002900
vn 0.532349 -0.846523 0.001810
vn 0.497192 -0.867641 0.000000
vn 0.842035 -0.539412 0.003437
vn 0.835706 -0.549170 0.002900
vn 0.842035 -0.539412 0.003437
vn 0.966669 -0.255974 0.005290
vn 0.933556 -0.358407 0.004204
vn 0.966669 -0.255974 0.005290
vn 0.842035 -0.539412 0.003437
vn 0.953068 -0.302637 0.008520
vn 0.984730 -0.173260 0.016941
vn 0.966669 -0.255974 0.005290
vn 0.997868 -0.062482 0.018833
vn 0.998596 -0.050453 0.016171
vn 0.933556 -0.358407 0.004204
vn 0.996778 -0.077837 0.019371
vn 0.997868 -0.062482 0.018833
vn 0.966669 -0.255974 0.005290
vn 0.984730 -0.173260 0.016941
vn 0.984730 -0.173260 0.016941
vn 0.953068 -0.302637 0.008520
vn 0.973286 -0.227278 0.032547
vn 0.984549 -0.160801 0.069321
vn 0.964779 -0.258551 0.048506
vn 0.971494 -0.219314 0.090001
vn 0.984549 -0.160801 0.069321
vn 0.973286 -0.227278 0.032547
vn 0.929804 0.082247 0.358748
vn 0.907697 0.122953 0.401210
vn 0.892009 0.144117 0.428428
vn 0.921207 0.105159 0.374593
vn 0.988708 -0.094232 0.116523
vn 0.984124 -0.080571 0.158137
vn 0.988496 -0.083949 0.125808
vn 0.969373 -0.220680 0.107777
vn 0.937011 -0.338403 0.086571
vn 0.910435 -0.386254 0.148037
vn 0.826170 -0.560011 0.061895
vn 0.844894 -0.523369 0.110632
vn 0.937011 -0.338403 0.086571
vn 0.844894 -0.523369 0.110632
vn 0.859898 -0.492510 0.134202
vn 0.910435 -0.386254 0.148037
vn 0.937011 -0.338403 0.086571
vn 0.969373 -0.220680 0.107777
vn 0.971494 -0.219314 0.090001
vn 0.937011 -0.338403 0.086571
vn 1.000000 0.000000 0.000002
vn 1.000000 0.000003 0.000003
vn 1.000000 0.000001 0.000003
vn 0.971863 -0.189822 0.139462
vn 0.982171 -0.160010 0.098675
vn 0.969373 -0.220680 0.107777
vn 1.000000 0.000001 0.000003
vn 1.000000 0.000001 0.000003
vn 1.000000 0.000001 0.000003
vn 0.982171 -0.160010 0.098675
vn 0.981079 -0.143961 0.129460
vn 0.982700 -0.125057 0.136604
vn 0.990857 -0.102131 0.088161
vn 0.990857 -0.102131 0.088161
vn 0.982700 -0.125057 0.136604
vn 0.988708 -0.094232 0.116523
vn 0.988496 -0.083949 0.125808
vn 0.984124 -0.080571 0.158137
vn 0.983486 -0.065502 0.168718
vn 0.989290 -0.031190 0.142591
vn 0.989290 -0.031190 0.142591
vn 0.983486 -0.065502 0.168718
vn 0.985685 -0.028176 0.166229
vn 0.964036 0.009833 0.265591
vn 0.979311 0.020583 0.201310
vn 0.984894 -0.020551 0.171933
vn 0.984894 -0.020551 0.171933
vn 0.985685 -0.028176 0.166229
vn 0.975043 -0.036725 0.218956
vn 0.964036 0.009833 0.265591
vn 0.964036 0.009833 0.265591
vn 0.929804 0.082247 0.358748
vn 0.950785 0.062813 0.303419
vn 0.929804 0.082247 0.358748
vn 0.921207 0.105159 0.374593
vn 0.950785 0.062813 0.303419
vn 0.846495 0.220095 0.484772
vn 0.878199 0.186544 0.440418
vn 0.892009 0.144117 0.428428
vn 0.907697 0.122953 0.401210
vn 0.867168 0.235051 0.439057
vn 0.836189 0.249113 0.488600
vn 0.846495 0.220095 0.484772
vn 0.869558 0.200020 0.451510
vn 0.846495 0.220095 0.484772
vn 0.907697 0.122953 0.401210
vn 0.869558 0.200020 0.451510
vn 0.994077 -0.010327 0.108183
vn 0.984894 -0.020551 0.171933
vn 0.979311 0.020583 0.201310
vn 0.964036 0.009833 0.265591
vn 0.950785 0.062813 0.303419
vn 0.979311 0.020583 0.201310
vn 0.994077 -0.010327 0.108183
vn 0.994162 -0.068824 0.083101
vn 0.989290 -0.031190 0.142591
vn 0.984549 -0.160801 0.069321
vn 0.994270 -0.092170 0.054140
vn 0.996778 -0.077837 0.019371
vn 0.984730 -0.173260 0.016941
vn 0.994270 -0.092170 0.054140
vn 0.996594 -0.069561 0.044303
vn 0.997868 -0.062482 0.018833
vn 0.996778 -0.077837 0.019371
vn 0.996594 -0.069561 0.044303
vn 0.998552 -0.017369 0.050923
vn 0.998596 -0.050453 0.016171
vn 0.997868 -0.062482 0.018833
vn 0.971494 -0.219314 0.090001
vn 0.964779 -0.258551 0.048506
vn 0.944452 -0.324604 0.051407
vn 0.937011 -0.338403 0.086571
vn 0.964779 -0.258551 0.048506
vn 0.973286 -0.227278 0.032547
vn 0.944452 -0.324604 0.051407
vn 0.975043 -0.036725 0.218956
vn 0.985685 -0.028176 0.166229
vn 0.983486 -0.065502 0.168718
vn 0.989290 -0.031190 0.142591
vn 0.985685 -0.028176 0.166229
vn 0.984894 -0.020551 0.171933
vn 0.994077 -0.010327 0.108183
vn 0.994162 -0.068824 0.083101
vn 0.988496 -0.083949 0.125808
vn 0.989290 -0.031190 0.142591
vn 0.988496 -0.083949 0.125808
vn 0.994162 -0.068824 0.083101
vn 0.990857 -0.102131 0.088161
vn 0.988708 -0.094232 0.116523
vn 0.969373 -0.220680 0.107777
vn 0.982171 -0.160010 0.098675
vn 0.984549 -0.160801 0.069321
vn 0.971494 -0.219314 0.090001
vn 0.982171 -0.160010 0.098675
vn 0.990857 -0.102131 0.088161
vn 0.994270 -0.092170 0.054140
vn 0.984549 -0.160801 0.069321
vn 0.990857 -0.102131 0.088161
vn 0.994162 -0.068824 0.083101
vn 0.996594 -0.069561 0.044303
vn 0.994270 -0.092170 0.054140
vn 0.994162 -0.068824 0.083101
vn 0.998552 -0.017369 0.050923
vn 0.996594 -0.069561 0.044303
vn 0.998552 -0.017369 0.050923
vn 0.994162 -0.068824 0.083101
vn 0.994077 -0.010327 0.108183
vn 0.284735 0.318367 0.904195
vn 0.238088 0.321210 0.916591
vn 0.340296 0.097639 0.935235
vn 0.379458 0.293199 0.877523
vn 0.340296 0.097639 0.935235
vn 0.238088 0.321210 0.916591
vn 0.207235 0.260988 0.942836
vn 0.329163 -0.172532 0.928377
vn 0.238088 0.321210 0.916591
vn 0.196058 0.337820 0.920564
vn 0.207235 0.260988 0.942836
vn 0.196058 0.337820 0.920564
vn 0.144345 0.356287 0.923160
vn 0.153005 0.326114 0.932866
vn 0.207235 0.260988 0.942836
vn 0.207235 0.260988 0.942836
vn 0.153005 0.326114 0.932866
vn 0.103903 0.094987 0.990041
vn 0.216546 -0.202705 0.954997
vn 0.103903 0.094987 0.990041
vn 0.153005 0.326114 0.932866
vn 0.099643 0.348847 0.931867
vn 0.072528 0.337644 0.938475
vn 0.103903 0.094987 0.990041
vn 0.072528 0.337644 0.938475
vn 0.039292 0.323268 0.945491
vn 0.079140 -0.113410 0.990391
vn 0.072528 0.337644 0.938475
vn 0.050176 0.367432 0.928696
vn 0.041256 0.349376 0.936074
vn 0.039292 0.323268 0.945491
vn 0.041256 0.349376 0.936074
vn 0.050176 0.367432 0.928696
vn 0.032716 0.321489 0.946348
vn 0.039292 0.323268 0.945491
vn 0.039292 0.323268 0.945491
vn 0.032716 0.321489 0.946348
vn 0.000000 0.279203 0.960232
vn 0.003953 -0.066149 0.997802
vn 0.032716 0.321489 0.946348
vn 0.000000 0.332759 0.943012
vn 0.000000 0.279203 0.960232
vn 0.091817 -0.958998 0.268129
vn 0.118785 -0.812981 0.570045
vn 0.088646 -0.895850 0.435424
vn 0.002126 -0.999979 0.006058
vn 0.088646 -0.895850 0.435424
vn 0.000874 -0.999988 0.004733
vn 0.002126 -0.999979 0.006058
vn 0.088646 -0.895850 0.435424
vn 0.084114 -0.767719 0.635242
vn 0.043128 -0.895584 0.442797
vn 0.000874 -0.999988 0.004733
vn 0.043128 -0.895584 0.442797
vn 0.000493 -0.999982 0.005964
vn 0.000874 -0.999988 0.004733
vn 0.043128 -0.895584 0.442797
vn 0.029521 -0.771382 0.635688
vn 0.008316 -0.901889 0.431888
vn 0.000493 -0.999982 0.005964
vn 0.008316 -0.901889 0.431888
vn 0.000042 -0.999983 0.005781
vn 0.000493 -0.999982 0.005964
vn 0.008316 -0.901889 0.431888
vn 0.000000 -0.827435 0.561562
vn 0.000000 -0.974825 0.222970
vn 0.000042 -0.999983 0.005781
vn 0.000000 -0.974825 0.222970
vn 0.000000 -1.000000 0.000446
vn 0.000042 -0.999983 0.005781
vn 0.000000 -0.827435 0.561562
vn 0.008316 -0.901889 0.431888
vn 0.029521 -0.771382 0.635688
vn 0.000000 -0.649685 0.760204
vn 0.029521 -0.771382 0.635688
vn 0.043128 -0.895584 0.442797
vn 0.084114 -0.767719 0.635242
vn 0.060215 -0.650999 0.756687
vn 0.084114 -0.767719 0.635242
vn 0.088646 -0.895850 0.435424
vn 0.118785 -0.812981 0.570045
vn 0.134743 -0.653598 0.744751
vn 0.091817 -0.958998 0.268129
vn 0.227022 -0.707619 0.669131
vn 0.118785 -0.812981 0.570045
vn 0.216546 -0.202705 0.954997
vn 0.227022 -0.707619 0.669131
vn 0.329163 -0.172532 0.928377
vn 0.207235 0.260988 0.942836
vn 0.865325 -0.381700 0.324835
vn 0.921216 0.059578 0.384462
vn 0.822494 0.095403 0.560716
vn 0.710430 -0.463586 0.529507
vn 0.731900 0.190756 0.654168
vn 0.485596 0.267157 0.832360
vn 0.563962 0.006450 0.825776
vn 0.822494 0.095403 0.560716
vn 0.227022 -0.707619 0.669131
vn 0.371059 -0.756458 0.538596
vn 0.406504 -0.629741 0.661952
vn 0.329163 -0.172532 0.928377
vn 0.227022 -0.707619 0.669131
vn 0.144164 -0.967331 0.208537
vn 0.371059 -0.756458 0.538596
vn 0.984985 -0.168389 0.038077
vn 0.915331 -0.401987 0.023978
vn 0.933556 -0.358407 0.004204
vn 0.998596 -0.050453 0.016171
vn 0.988431 -0.053732 0.141832
vn 0.972552 -0.202346 0.114883
vn 0.984985 -0.168389 0.038077
vn 0.978568 0.039710 0.202060
vn 0.984985 -0.168389 0.038077
vn 0.993370 0.009923 0.114531
vn 0.978568 0.039710 0.202060
vn 0.993370 0.009923 0.114531
vn 0.998596 -0.050453 0.016171
vn 0.998552 -0.017369 0.050923
vn 0.379458 0.293199 0.877523
vn 0.340296 0.097639 0.935235
vn 0.563962 0.006450 0.825776
vn 0.485596 0.267157 0.832360
vn 0.142028 -0.985738 0.090269
vn 0.407013 -0.871714 0.272863
vn 0.144164 -0.967331 0.208537
vn 0.002109 -0.999995 0.002136
vn 0.407013 -0.871714 0.272863
vn 0.710430 -0.463586 0.529507
vn 0.371059 -0.756458 0.538596
vn 0.144164 -0.967331 0.208537
vn 0.710430 -0.463586 0.529507
vn 0.406504 -0.629741 0.661952
vn 0.371059 -0.756458 0.538596
vn 0.091817 -0.958998 0.268129
vn 0.002126 -0.999979 0.006058
vn 0.002395 -0.999981 0.005727
vn 0.227022 -0.707619 0.669131
vn 0.227022 -0.707619 0.669131
vn 0.002395 -0.999981 0.005727
vn 0.001091 -0.999996 0.002696
vn 0.144164 -0.967331 0.208537
vn 0.001091 -0.999996 0.002696
vn 0.002109 -0.999995 0.002136
vn 0.144164 -0.967331 0.208537
vn 0.142028 -0.985738 0.090269
vn 0.002109 -0.999995 0.002136
vn 0.001115 -0.999999 0.000638
vn 0.001997 -0.999998 0.000787
vn 0.107689 -0.994183 0.001779
vn 0.299875 -0.953939 0.008657
vn 0.143873 -0.989492 0.014368
vn 0.002631 -0.999997 0.000172
vn 0.299875 -0.953939 0.008657
vn 0.652588 -0.757427 0.020814
vn 0.540286 -0.839998 0.049944
vn 0.143873 -0.989492 0.014368
vn 0.652588 -0.757427 0.020814
vn 0.915331 -0.401987 0.023978
vn 0.789785 -0.607106 0.087529
vn 0.540286 -0.839998 0.049944
vn 0.978568 0.039710 0.202060
vn 0.888453 0.119232 0.443210
vn 0.921216 0.059578 0.384462
vn 0.988431 -0.053732 0.141832
vn 0.921216 0.059578 0.384462
vn 0.865325 -0.381700 0.324835
vn 0.972552 -0.202346 0.114883
vn 0.988431 -0.053732 0.141832
vn 0.972552 -0.202346 0.114883
vn 0.789785 -0.607106 0.087529
vn 0.915331 -0.401987 0.023978
vn 0.984985 -0.168389 0.038077
vn 0.915331 -0.401987 0.023978
vn 0.652588 -0.757427 0.020814
vn 0.565273 -0.824902 0.001723
vn 0.933556 -0.358407 0.004204
vn 0.710430 -0.463586 0.529507
vn 0.822494 0.095403 0.560716
vn 0.563962 0.006450 0.825776
vn 0.556996 -0.104195 0.823953
vn 0.556996 -0.104195 0.823953
vn 0.563962 0.006450 0.825776
vn 0.340296 0.097639 0.935235
vn 0.329163 -0.172532 0.928377
vn 0.888453 0.119232 0.443210
vn 0.731900 0.190756 0.654168
vn 0.822494 0.095403 0.560716
vn 0.921216 0.059578 0.384462
vn 0.865325 -0.381700 0.324835
vn 0.659838 -0.714053 0.233971
vn 0.789785 -0.607106 0.087529
vn 0.972552 -0.202346 0.114883
vn 0.652588 -0.757427 0.020814
vn 0.299875 -0.953939 0.008657
vn 0.565273 -0.824902 0.001723
vn 0.299875 -0.953939 0.008657
vn 0.107689 -0.994183 0.001779
vn 0.193912 -0.981019 0.000271
vn 0.565273 -0.824902 0.001723
vn 0.002631 -0.999997 0.000172
vn 0.143873 -0.989492 0.014368
vn 0.105446 -0.993973 0.029977
vn 0.001997 -0.999998 0.000787
vn 0.105446 -0.993973 0.029977
vn 0.291109 -0.951699 0.097591
vn 0.142028 -0.985738 0.090269
vn 0.001997 -0.999998 0.000787
vn 0.291109 -0.951699 0.097591
vn 0.659838 -0.714053 0.233971
vn 0.407013 -0.871714 0.272863
vn 0.142028 -0.985738 0.090269
vn 0.659838 -0.714053 0.233971
vn 0.865325 -0.381700 0.324835
vn 0.710430 -0.463586 0.529507
vn 0.407013 -0.871714 0.272863
vn 0.004266 -0.999991 0.000191
vn 0.193912 -0.981019 0.000271
vn 0.107689 -0.994183 0.001779
vn 0.002631 -0.999997 0.000172
vn 0.143873 -0.989492 0.014368
vn 0.540286 -0.839998 0.049944
vn 0.105446 -0.993973 0.029977
vn 0.540286 -0.839998 0.049944
vn 0.789785 -0.607106 0.087529
vn 0.291109 -0.951699 0.097591
vn 0.105446 -0.993973 0.029977
vn 0.789785 -0.607106 0.087529
vn 0.659838 -0.714053 0.233971
vn 0.291109 -0.951699 0.097591
vn 0.025738 -0.935409 -0.352629
vn 0.002274 -0.927658 -0.373423
vn 0.000000 -0.909485 -0.415736
vn 0.030636 -0.900333 -0.434123
vn 0.027692 -0.978363 -0.205036
vn 0.018278 -0.964392 -0.263845
vn 0.030296 -0.960429 -0.276872
vn 0.022805 -0.978493 -0.205016
vn 0.041652 -0.834685 -0.549150
vn 0.000000 -0.858005 -0.513642
vn 0.025532 -0.704144 -0.709598
vn 0.041652 -0.834685 -0.549150
vn 0.030636 -0.900333 -0.434123
vn 0.000000 -0.909485 -0.415736
vn 0.000000 -0.858005 -0.513642
vn 0.078498 -0.817322 -0.570808
vn 0.063048 -0.902145 -0.426802
vn 0.030636 -0.900333 -0.434123
vn 0.041652 -0.834685 -0.549150
vn 0.063048 -0.902145 -0.426802
vn 0.025738 -0.935409 -0.352629
vn 0.030636 -0.900333 -0.434123
vn 0.025738 -0.935409 -0.352629
vn 0.063048 -0.902145 -0.426802
vn 0.037834 -0.957819 -0.284869
vn 0.030296 -0.960429 -0.276872
vn 0.030296 -0.960429 -0.276872
vn 0.037834 -0.957819 -0.284869
vn 0.029459 -0.980641 -0.193585
vn 0.022805 -0.978493 -0.205016
vn 0.022805 -0.978493 -0.205016
vn 0.029459 -0.980641 -0.193585
vn 0.013601 -0.991097 -0.132442
vn 0.015884 -0.988504 -0.150361
vn 0.010809 -0.996666 -0.080867
vn 0.008077 -0.997790 -0.065950
vn 0.055726 -0.998147 -0.024445
vn 0.005137 -0.999470 -0.032149
vn 0.013601 -0.991097 -0.132442
vn 0.008077 -0.997790 -0.065950
vn 0.010809 -0.996666 -0.080867
vn 0.015884 -0.988504 -0.150361
vn 0.025738 -0.935409 -0.352629
vn 0.017710 -0.958339 -0.285084
vn 0.002274 -0.927658 -0.373423
vn 0.017710 -0.958339 -0.285084
vn 0.025738 -0.935409 -0.352629
vn 0.030296 -0.960429 -0.276872
vn 0.018278 -0.964392 -0.263845
vn 0.055726 -0.998147 -0.024445
vn 0.091333 -0.995796 -0.007017
vn 0.013717 -0.999885 -0.006540
vn 0.014688 -0.999859 -0.008178
vn 0.009899 -0.999929 -0.006688
vn 0.016160 -0.999780 -0.013399
vn 0.055726 -0.998147 -0.024445
vn 0.014688 -0.999859 -0.008178
vn 0.862570 -0.398656 -0.311524
vn 0.850025 -0.463235 -0.250740
vn 0.854771 -0.420977 -0.303554
vn 0.862309 -0.397245 -0.314037
vn 0.840930 -0.479465 -0.250898
vn 0.850025 -0.463235 -0.250740
vn 0.831734 -0.514816 -0.207806
vn 0.816460 -0.541656 -0.200007
vn 0.816460 -0.541656 -0.200007
vn 0.831734 -0.514816 -0.207806
vn 0.784038 -0.600128 -0.158527
vn 0.757846 -0.636807 -0.141940
vn 0.757846 -0.636807 -0.141940
vn 0.784038 -0.600128 -0.158527
vn 0.715184 -0.688686 -0.119262
vn 0.634021 -0.769495 -0.076776
vn 0.149622 0.396203 0.905890
vn 0.109307 0.404681 0.907902
vn 0.191021 0.357804 0.914050
vn 0.297424 0.337169 0.893228
vn 0.191021 0.357804 0.914050
vn 0.314776 0.314281 0.895625
vn 0.297424 0.337169 0.893228
vn 0.191021 0.357804 0.914050
vn 0.134129 0.378683 0.915756
vn 0.254473 0.330514 0.908848
vn 0.314776 0.314281 0.895625
vn 0.314776 0.314281 0.895625
vn 0.254473 0.330514 0.908848
vn 0.284735 0.318367 0.904195
vn 0.379458 0.293199 0.877523
vn 0.076863 0.446831 0.891310
vn 0.109307 0.404681 0.907902
vn 0.149622 0.396203 0.905890
vn 0.200669 0.381891 0.902159
vn 0.200669 0.381891 0.902159
vn 0.149622 0.396203 0.905890
vn 0.295640 0.334480 0.894830
vn 0.295640 0.334480 0.894830
vn 0.149622 0.396203 0.905890
vn 0.297424 0.337169 0.893228
vn 0.057185 0.500461 0.863868
vn 0.076863 0.446831 0.891310
vn 0.112162 0.434039 0.893885
vn 0.081452 0.465735 0.881168
vn 0.000000 0.485141 0.874436
vn 0.000000 0.438416 0.898772
vn 0.026423 0.433897 0.900575
vn 0.025083 0.491201 0.870685
vn 0.000000 0.402709 0.915328
vn 0.040729 0.397293 0.916788
vn 0.026423 0.433897 0.900575
vn 0.000000 0.438416 0.898772
vn 0.000000 0.363042 0.931773
vn 0.000000 0.332759 0.943012
vn 0.032716 0.321489 0.946348
vn 0.050176 0.367432 0.928696
vn 0.072528 0.337644 0.938475
vn 0.099643 0.348847 0.931867
vn 0.087251 0.362467 0.927903
vn 0.050176 0.367432 0.928696
vn 0.099643 0.348847 0.931867
vn 0.153005 0.326114 0.932866
vn 0.144345 0.356287 0.923160
vn 0.087251 0.362467 0.927903
vn 0.144345 0.356287 0.923160
vn 0.083269 0.389726 0.917159
vn 0.087251 0.362467 0.927903
vn 0.083269 0.389726 0.917159
vn 0.040729 0.397293 0.916788
vn 0.050176 0.367432 0.928696
vn 0.087251 0.362467 0.927903
vn 0.109307 0.404681 0.907902
vn 0.134129 0.378683 0.915756
vn 0.191021 0.357804 0.914050
vn 0.134129 0.378683 0.915756
vn 0.194656 0.347861 0.917116
vn 0.254473 0.330514 0.908848
vn 0.194656 0.347861 0.917116
vn 0.238088 0.321210 0.916591
vn 0.284735 0.318367 0.904195
vn 0.254473 0.330514 0.908848
vn 0.196058 0.337820 0.920564
vn 0.238088 0.321210 0.916591
vn 0.194656 0.347861 0.917116
vn 0.144345 0.356287 0.923160
vn 0.144345 0.356287 0.923160
vn 0.194656 0.347861 0.917116
vn 0.134129 0.378683 0.915756
vn 0.083269 0.389726 0.917159
vn 0.083269 0.389726 0.917159
vn 0.134129 0.378683 0.915756
vn 0.109307 0.404681 0.907902
vn 0.065341 0.419457 0.905421
vn 0.065341 0.419457 0.905421
vn 0.109307 0.404681 0.907902
vn 0.076863 0.446831 0.891310
vn 0.046433 0.454195 0.889691
vn 0.000000 0.402709 0.915328
vn 0.000000 0.363042 0.931773
vn 0.050176 0.367432 0.928696
vn 0.040729 0.397293 0.916788
vn 0.083269 0.389726 0.917159
vn 0.065341 0.419457 0.905421
vn 0.026423 0.433897 0.900575
vn 0.040729 0.397293 0.916788
vn 0.065341 0.419457 0.905421
vn 0.046433 0.454195 0.889691
vn 0.025083 0.491201 0.870685
vn 0.026423 0.433897 0.900575
vn 0.046433 0.454195 0.889691
vn 0.076863 0.446831 0.891310
vn 0.057185 0.500461 0.863868
vn 0.025083 0.491201 0.870685
vn 0.112162 0.434039 0.893885
vn 0.076863 0.446831 0.891310
vn 0.200669 0.381891 0.902159
vn 0.767344 0.183298 0.614479
vn 0.911486 0.103596 0.398071
vn 0.787536 0.188102 0.586860
vn 0.295640 0.334480 0.894830
vn 0.295640 0.334480 0.894830
vn 0.297424 0.337169 0.893228
vn 0.767344 0.183298 0.614479
vn 0.379458 0.293199 0.877523
vn 0.485596 0.267157 0.832360
vn 0.488548 0.271733 0.829146
vn 0.314776 0.314281 0.895625
vn 0.485596 0.267157 0.832360
vn 0.731900 0.190756 0.654168
vn 0.689125 0.211981 0.692943
vn 0.488548 0.271733 0.829146
vn 0.731900 0.190756 0.654168
vn 0.888453 0.119232 0.443210
vn 0.861226 0.136090 0.489663
vn 0.689125 0.211981 0.692943
vn 0.993370 0.009923 0.114531
vn 0.998552 -0.017369 0.050923
vn 0.994077 -0.010327 0.108183
vn 0.988466 0.019902 0.150133
vn 0.988466 0.019902 0.150133
vn 0.994077 -0.010327 0.108183
vn 0.979311 0.020583 0.201310
vn 0.969437 0.047834 0.240634
vn 0.921207 0.105159 0.374593
vn 0.848214 0.176013 0.499552
vn 0.914201 0.109791 0.390107
vn 0.950785 0.062813 0.303419
vn 0.921207 0.105159 0.374593
vn 0.892009 0.144117 0.428428
vn 0.848214 0.176013 0.499552
vn 0.848214 0.176013 0.499552
vn 0.892009 0.144117 0.428428
vn 0.878199 0.186544 0.440418
vn 0.579542 0.334751 0.743016
vn 0.589827 0.374807 0.715279
vn 0.579542 0.334751 0.743016
vn 0.846495 0.220095 0.484772
vn 0.836189 0.249113 0.488600
vn 0.342422 0.436617 0.831933
vn 0.081452 0.465735 0.881168
vn 0.112162 0.434039 0.893885
vn 0.914201 0.109791 0.390107
vn 0.969437 0.047834 0.240634
vn 0.979311 0.020583 0.201310
vn 0.950785 0.062813 0.303419
vn 0.914201 0.109791 0.390107
vn 0.787536 0.188102 0.586860
vn 0.911486 0.103596 0.398071
vn 0.969437 0.047834 0.240634
vn 0.969437 0.047834 0.240634
vn 0.911486 0.103596 0.398071
vn 0.964686 0.057117 0.257137
vn 0.988466 0.019902 0.150133
vn 0.988466 0.019902 0.150133
vn 0.964686 0.057117 0.257137
vn 0.978568 0.039710 0.202060
vn 0.993370 0.009923 0.114531
vn 0.589827 0.374807 0.715279
vn 0.342422 0.436617 0.831933
vn 0.112162 0.434039 0.893885
vn 0.579542 0.334751 0.743016
vn 0.579542 0.334751 0.743016
vn 0.112162 0.434039 0.893885
vn 0.200669 0.381891 0.902159
vn 0.680152 0.256064 0.686895
vn 0.680152 0.256064 0.686895
vn 0.200669 0.381891 0.902159
vn 0.295640 0.334480 0.894830
vn 0.787536 0.188102 0.586860
vn 0.861226 0.136090 0.489663
vn 0.964686 0.057117 0.257137
vn 0.911486 0.103596 0.398071
vn 0.767344 0.183298 0.614479
vn 0.767344 0.183298 0.614479
vn 0.297424 0.337169 0.893228
vn 0.689125 0.211981 0.692943
vn 0.861226 0.136090 0.489663
vn 0.297424 0.337169 0.893228
vn 0.314776 0.314281 0.895625
vn 0.488548 0.271733 0.829146
vn 0.689125 0.211981 0.692943
vn 0.888453 0.119232 0.443210
vn 0.978568 0.039710 0.202060
vn 0.964686 0.057117 0.257137
vn 0.861226 0.136090 0.489663
vn 0.848214 0.176013 0.499552
vn 0.579542 0.334751 0.743016
vn 0.680152 0.256064 0.686895
vn 0.878199 0.186544 0.440418
vn 0.846495 0.220095 0.484772
vn 0.579542 0.334751 0.743016
vn 1.000000 0.000001 0.000002
vn 1.000000 0.000001 0.000002
vn 1.000000 0.000001 0.000002
vn 1.000000 0.000001 0.000002
vn 1.000000 0.000001 0.000002
vn 1.000000 0.000001 0.000002
vn 1.000000 0.000001 0.000002
vn 1.000000 0.000001 0.000002
vn 1.000000 0.000001 0.000002
vn 1.000000 -0.000001 0.000002
vn 1.000000 -0.000001 0.000002
vn 1.000000 -0.000002 0.000003
vn 1.000000 0.000001 0.000002
vn 1.000000 0.000001 0.000002
vn 1.000000 0.000001 0.000002
vn 1.000000 0.000000 0.000002
vn 1.000000 0.000001 0.000002
vn 1.000000 0.000002 0.000002
vn 1.000000 0.000002 0.000003
vn 1.000000 0.000001 0.000002
vn 1.000000 0.000001 0.000002
vn 1.000000 0.000001 0.000002
vn 1.000000 0.000001 0.000002
vn 1.000000 0.000001 0.000002
vn 1.000000 0.000001 0.000003
vn 1.000000 0.000001 0.000003
vn 1.000000 0.000001 0.000003
vn 1.000000 0.000001 0.000003
vn 1.000000 0.000001 0.000002
vn 1.000000 0.000001 0.000002
vn 1.000000 0.000001 0.000003
vn 1.000000 0.000002 0.000003
vn 1.000000 0.000002 0.000003
vn 1.000000 0.000001 0.000003
vn 1.000000 0.000002 0.000003
vn 1.000000 0.000002 0.000002
vn 1.000000 0.000002 0.000003
vn 1.000000 0.000001 0.000003
vn 1.000000 0.000001 0.000003
vn 1.000000 0.000001 0.000003
vn 1.000000 0.000001 0.000003
vn 1.000000 0.000001 0.000003
vn 1.000000 0.000001 0.000003
vn 1.000000 0.000002 0.000003
vn 1.000000 0.000001 0.000003
vn 1.000000 0.000001 0.000003
vn 1.000000 0.000001 0.000003
vn 1.000000 0.000001 0.000003
vn 1.000000 0.000001 0.000003
vn 1.000000 0.000001 0.000003
vn 1.000000 0.000002 0.000003
vn 1.000000 0.000001 0.000003
vn 1.000000 -0.000002 0.000001
vn 1.000000 -0.000001 0.000002
vn 1.000000 0.000001 0.000001
vn 1.000000 -0.000002 0.000001
vn 1.000000 -0.000002 0.000003
vn 1.000000 -0.000001 0.000002
vn 1.000000 -0.000001 0.000002
vn 1.000000 0.000000 0.000003
vn 1.000000 0.000001 0.000002
vn 1.000000 0.000000 0.000003
vn 1.000000 0.000001 0.000002
vn 1.000000 0.000000 0.000002
vn 1.000000 0.000001 0.000002
vn 1.000000 0.000000 0.000003
vn 1.000000 0.000001 0.000003
vn 1.000000 0.000001 0.000003
vn 1.000000 0.000001 0.000002
vn 1.000000 0.000001 0.000003
vn 1.000000 0.000001 0.000003
vn 1.000000 0.000001 0.000003
vn 1.000000 0.000001 0.000003
vn 1.000000 0.000001 0.000003
vn 1.000000 0.000001 0.000003
vn 1.000000 0.000001 0.000003
vn 1.000000 0.000001 0.000003
vn 1.000000 0.000001 0.000003
vn 1.000000 0.000001 0.000003
vn 1.000000 0.000001 0.000003
vn 1.000000 0.000001 0.000003
vn 1.000000 0.000001 0.000002
vn 1.000000 0.000001 0.000001
vn 1.000000 -0.000001 0.000002
vn 1.000000 0.000001 0.000003
vn 1.000000 0.000001 0.000003
vn 1.000000 0.000001 0.000003
vn 1.000000 0.000001 0.000003
vn 1.000000 0.000000 0.000003
vn 1.000000 0.000001 0.000003
vn 0.996694 0.080482 0.011108
vn 1.000000 0.000000 0.000003
vn 1.000000 0.000001 0.000003
vn 1.000000 0.000000 0.000003
vn 1.000000 0.000000 0.000003
vn 1.000000 0.000000 0.000003
vn 1.000000 0.000001 0.000003
vn 1.000000 0.000001 0.000003
vn 1.000000 0.000000 0.000003
vn 1.000000 0.000001 0.000003
vn 1.000000 0.000001 0.000003
vn 1.000000 0.000001 0.000003
vn 1.000000 0.000001 0.000003
vn 1.000000 0.000001 0.000003
vn 1.000000 0.000001 0.000003
vn 1.000000 0.000001 0.000002
vn 0.996315 0.085198 -0.009936
vn 0.996694 0.080482 0.011108
vn 1.000000 0.000001 0.000003
vn 1.000000 0.000001 0.000003
vn 1.000000 0.000001 0.000003
vn 1.000000 0.000001 0.000003
vn 1.000000 0.000001 0.000003
vn 1.000000 0.000001 0.000003
vn 1.000000 0.000001 0.000003
vn 1.000000 0.000001 0.000003
vn 1.000000 0.000001 0.000003
vn 1.000000 0.000001 0.000003
vn 1.000000 0.000001 0.000003
vn 1.000000 0.000001 0.000003
vn 1.000000 0.000001 0.000003
vn 1.000000 0.000001 0.000003
vn 1.000000 0.000001 0.000003
vn 1.000000 0.000001 0.000003
vn 0.996315 0.085198 -0.009936
vn 1.000000 0.000001 0.000003
vn 1.000000 0.000001 0.000003
vn 1.000000 0.000001 0.000003
vn 1.000000 0.000001 0.000003
vn 1.000000 0.000001 0.000003
vn 1.000000 0.000001 0.000003
vn 1.000000 0.000001 0.000003
vn 1.000000 0.000001 0.000003
vn 1.000000 0.000001 0.000003
vn 1.000000 0.000000 0.000003
vn 1.000000 0.000001 0.000003
vn 1.000000 0.000001 0.000003
vn 1.000000 0.000003 0.000003
vn 1.000000 0.000001 0.000003
vn 1.000000 0.000004 0.000002
vn 1.000000 0.000004 0.000002
vn 1.000000 0.000002 -0.000004
vn 1.000000 0.000004 0.000002
vn 1.000000 0.000003 0.000003
vn 1.000000 0.000004 0.000003
vn 1.000000 0.000004 0.000002
vn 1.000000 0.000003 0.000003
vn 1.000000 0.000000 0.000002
vn 1.000000 0.000004 0.000003
vn 1.000000 0.000001 0.000003
vn 1.000000 0.000001 0.000003
vn 1.000000 0.000001 0.000003
vn 1.000000 0.000001 0.000003
vn 1.000000 0.000002 0.000003
vn 1.000000 0.000002 0.000003
vn 1.000000 0.000002 0.000003
vn 1.000000 0.000002 0.000003
vn 1.000000 0.000001 0.000003
vn 1.000000 0.000001 0.000003
vn 1.000000 0.000001 0.000003
vn 1.000000 0.000001 0.000003
vn 0.548251 -0.669222 -0.501560
vn 0.531314 -0.601366 -0.596711
vn 0.747309 -0.471707 -0.467998
vn 0.810743 -0.479363 -0.336017
vn 0.304114 -0.758844 -0.575909
vn 0.294573 -0.665923 -0.685400
vn 0.531314 -0.601366 -0.596711
vn 0.548251 -0.669222 -0.501560
vn 0.262861 -0.588218 -0.764790
vn 0.294573 -0.665923 -0.685400
vn 0.082612 -0.724257 -0.684564
vn 0.081289 -0.624111 -0.777096
vn 0.294573 -0.665923 -0.685400
vn 0.304114 -0.758844 -0.575909
vn 0.078498 -0.817322 -0.570808
vn 0.082612 -0.724257 -0.684564
vn 0.236821 -0.356484 -0.903789
vn 0.534766 -0.316811 -0.783362
vn 0.217387 -0.477578 -0.851271
vn 0.089596 -0.392983 -0.915171
vn 0.217387 -0.477578 -0.851271
vn 0.090633 -0.513100 -0.853531
vn 0.089596 -0.392983 -0.915171
vn 0.217387 -0.477578 -0.851271
vn 0.542727 -0.419524 -0.727631
vn 0.262861 -0.588218 -0.764790
vn 0.090633 -0.513100 -0.853531
vn 0.262861 -0.588218 -0.764790
vn 0.081289 -0.624111 -0.777096
vn 0.090633 -0.513100 -0.853531
vn 0.246901 -0.230481 -0.941232
vn 0.535630 -0.205293 -0.819119
vn 0.236821 -0.356484 -0.903789
vn 0.089697 -0.273597 -0.957653
vn 0.236821 -0.356484 -0.903789
vn 0.089596 -0.392983 -0.915171
vn 0.089697 -0.273597 -0.957653
vn 0.089697 -0.273597 -0.957653
vn 0.096753 -0.175696 -0.979678
vn 0.246901 -0.230481 -0.941232
vn 0.246901 -0.230481 -0.941232
vn 0.096753 -0.175696 -0.979678
vn 0.304793 -0.096485 -0.947519
vn 0.543386 -0.089404 -0.834709
vn 0.304793 -0.096485 -0.947519
vn 0.096753 -0.175696 -0.979678
vn 0.076317 -0.101987 -0.991854
vn 0.097599 -0.044482 -0.994231
vn 0.304793 -0.096485 -0.947519
vn 0.097599 -0.044482 -0.994231
vn 0.339238 0.028214 -0.940277
vn 0.546189 0.026862 -0.837231
vn 0.097599 -0.044482 -0.994231
vn 0.073815 0.063363 -0.995257
vn 0.339238 0.028214 -0.940277
vn 0.747360 0.120367 -0.653425
vn 0.856321 0.095198 -0.507595
vn 0.856364 0.023746 -0.515827
vn 0.747206 0.028785 -0.663969
vn 0.856364 0.023746 -0.515827
vn 0.856381 -0.048143 -0.514096
vn 0.747136 -0.063356 -0.661645
vn 0.747206 0.028785 -0.663969
vn 0.856381 -0.048143 -0.514096
vn 0.856348 -0.119142 -0.502467
vn 0.747261 -0.154306 -0.646367
vn 0.747136 -0.063356 -0.661645
vn 0.856348 -0.119142 -0.502467
vn 0.856307 -0.187772 -0.481124
vn 0.747368 -0.242131 -0.618719
vn 0.747261 -0.154306 -0.646367
vn 0.856307 -0.187772 -0.481124
vn 0.856341 -0.252703 -0.450357
vn 0.747284 -0.325349 -0.579409
vn 0.747368 -0.242131 -0.618719
vn 0.856341 -0.252703 -0.450357
vn 0.856379 -0.312793 -0.410823
vn 0.747194 -0.402474 -0.528882
vn 0.747284 -0.325349 -0.579409
vn 0.856379 -0.312793 -0.410823
vn 0.856335 -0.366897 -0.363425
vn 0.747309 -0.471707 -0.467998
vn 0.747194 -0.402474 -0.528882
vn 0.856335 -0.366897 -0.363425
vn 0.854771 -0.420977 -0.303554
vn 0.810743 -0.479363 -0.336017
vn 0.747309 -0.471707 -0.467998
vn 0.073815 0.063363 -0.995257
vn 0.098052 0.089277 -0.991169
vn 0.339238 0.028214 -0.940277
vn 0.339238 0.028214 -0.940277
vn 0.098052 0.089277 -0.991169
vn 0.344032 0.156775 -0.925777
vn 0.548498 0.142185 -0.823974
vn 0.098052 0.089277 -0.991169
vn 0.073375 0.192103 -0.978628
vn 0.344032 0.156775 -0.925777
vn 0.856321 0.095198 -0.507595
vn 0.747360 0.120367 -0.653425
vn 0.747435 0.209497 -0.630438
vn 0.856299 0.164729 -0.489506
vn 0.073375 0.192103 -0.978628
vn 0.088646 0.250776 -0.963978
vn 0.344032 0.156775 -0.925777
vn 0.344032 0.156775 -0.925777
vn 0.088646 0.250776 -0.963978
vn 0.345570 0.282124 -0.894979
vn 0.549321 0.254624 -0.795873
vn 0.088646 0.250776 -0.963978
vn 0.073260 0.311882 -0.947292
vn 0.345570 0.282124 -0.894979
vn 0.856299 0.164729 -0.489506
vn 0.747435 0.209497 -0.630438
vn 0.747403 0.294670 -0.595448
vn 0.856352 0.231061 -0.461814
vn 0.073260 0.311882 -0.947292
vn 0.098136 0.403305 -0.909788
vn 0.345570 0.282124 -0.894979
vn 0.345570 0.282124 -0.894979
vn 0.098136 0.403305 -0.909788
vn 0.345301 0.402166 -0.847956
vn 0.549237 0.362200 -0.753094
vn 0.098136 0.403305 -0.909788
vn 0.073346 0.431894 -0.898937
vn 0.345301 0.402166 -0.847956
vn 0.856352 0.231061 -0.461814
vn 0.747403 0.294670 -0.595448
vn 0.747404 0.374346 -0.548865
vn 0.856324 0.293032 -0.425255
vn 0.073346 0.431894 -0.898937
vn 0.098001 0.521971 -0.847315
vn 0.345301 0.402166 -0.847956
vn 0.345301 0.402166 -0.847956
vn 0.098001 0.521971 -0.847315
vn 0.343210 0.515575 -0.785104
vn 0.548540 0.463341 -0.696002
vn 0.098001 0.521971 -0.847315
vn 0.073784 0.545060 -0.835144
vn 0.343210 0.515575 -0.785104
vn 0.856324 0.293032 -0.425255
vn 0.747404 0.374346 -0.548865
vn 0.747412 0.446526 -0.491925
vn 0.856320 0.349155 -0.380534
vn 0.073784 0.545060 -0.835144
vn 0.097625 0.631005 -0.769612
vn 0.343210 0.515575 -0.785104
vn 0.343210 0.515575 -0.785104
vn 0.097625 0.631005 -0.769612
vn 0.337977 0.619905 -0.708159
vn 0.546500 0.555915 -0.626336
vn 0.097625 0.631005 -0.769612
vn 0.074505 0.648595 -0.757479
vn 0.337977 0.619905 -0.708159
vn 0.856320 0.349155 -0.380534
vn 0.747412 0.446526 -0.491925
vn 0.743359 0.513388 -0.428777
vn 0.859804 0.391671 -0.327613
vn 0.074505 0.648595 -0.757479
vn 0.096795 0.728457 -0.678219
vn 0.337977 0.619905 -0.708159
vn 0.337977 0.619905 -0.708159
vn 0.096795 0.728457 -0.678219
vn 0.332649 0.722967 -0.605527
vn 0.524901 0.653868 -0.544918
vn 0.096795 0.728457 -0.678219
vn 0.075132 0.741226 -0.667038
vn 0.332649 0.722967 -0.605527
vn 0.859804 0.391671 -0.327613
vn 0.743359 0.513388 -0.428777
vn 0.745334 0.570664 -0.344703
vn 0.853125 0.445068 -0.272199
vn 0.531314 -0.601366 -0.596711
vn 0.550286 -0.513166 -0.658670
vn 0.747194 -0.402474 -0.528882
vn 0.747309 -0.471707 -0.467998
vn 0.550286 -0.513166 -0.658670
vn 0.542727 -0.419524 -0.727631
vn 0.747284 -0.325349 -0.579409
vn 0.747194 -0.402474 -0.528882
vn 0.542727 -0.419524 -0.727631
vn 0.534766 -0.316811 -0.783362
vn 0.747368 -0.242131 -0.618719
vn 0.747284 -0.325349 -0.579409
vn 0.534766 -0.316811 -0.783362
vn 0.535630 -0.205293 -0.819119
vn 0.747261 -0.154306 -0.646367
vn 0.747368 -0.242131 -0.618719
vn 0.535630 -0.205293 -0.819119
vn 0.543386 -0.089404 -0.834709
vn 0.747136 -0.063356 -0.661645
vn 0.747261 -0.154306 -0.646367
vn 0.543386 -0.089404 -0.834709
vn 0.546189 0.026862 -0.837231
vn 0.747206 0.028785 -0.663969
vn 0.747136 -0.063356 -0.661645
vn 0.546189 0.026862 -0.837231
vn 0.548498 0.142185 -0.823974
vn 0.747360 0.120367 -0.653425
vn 0.747206 0.028785 -0.663969
vn 0.548498 0.142185 -0.823974
vn 0.549321 0.254624 -0.795873
vn 0.747435 0.209497 -0.630438
vn 0.747360 0.120367 -0.653425
vn 0.549321 0.254624 -0.795873
vn 0.549237 0.362200 -0.753094
vn 0.747403 0.294670 -0.595448
vn 0.747435 0.209497 -0.630438
vn 0.549237 0.362200 -0.753094
vn 0.548540 0.463341 -0.696002
vn 0.747404 0.374346 -0.548865
vn 0.747403 0.294670 -0.595448
vn 0.548540 0.463341 -0.696002
vn 0.546500 0.555915 -0.626336
vn 0.747412 0.446526 -0.491925
vn 0.747404 0.374346 -0.548865
vn 0.546500 0.555915 -0.626336
vn 0.524901 0.653868 -0.544918
vn 0.743359 0.513388 -0.428777
vn 0.747412 0.446526 -0.491925
vn 0.524901 0.653868 -0.544918
vn 0.530818 0.719950 -0.447107
vn 0.745334 0.570664 -0.344703
vn 0.743359 0.513388 -0.428777
vn 0.294573 -0.665923 -0.685400
vn 0.262861 -0.588218 -0.764790
vn 0.550286 -0.513166 -0.658670
vn 0.531314 -0.601366 -0.596711
vn 0.262861 -0.588218 -0.764790
vn 0.542727 -0.419524 -0.727631
vn 0.550286 -0.513166 -0.658670
vn 0.217387 -0.477578 -0.851271
vn 0.534766 -0.316811 -0.783362
vn 0.542727 -0.419524 -0.727631
vn 0.236821 -0.356484 -0.903789
vn 0.535630 -0.205293 -0.819119
vn 0.534766 -0.316811 -0.783362
vn 0.246901 -0.230481 -0.941232
vn 0.543386 -0.089404 -0.834709
vn 0.535630 -0.205293 -0.819119
vn 0.304793 -0.096485 -0.947519
vn 0.546189 0.026862 -0.837231
vn 0.543386 -0.089404 -0.834709
vn 0.339238 0.028214 -0.940277
vn 0.548498 0.142185 -0.823974
vn 0.546189 0.026862 -0.837231
vn 0.344032 0.156775 -0.925777
vn 0.549321 0.254624 -0.795873
vn 0.548498 0.142185 -0.823974
vn 0.345570 0.282124 -0.894979
vn 0.549237 0.362200 -0.753094
vn 0.549321 0.254624 -0.795873
vn 0.345301 0.402166 -0.847956
vn 0.548540 0.463341 -0.696002
vn 0.549237 0.362200 -0.753094
vn 0.343210 0.515575 -0.785104
vn 0.546500 0.555915 -0.626336
vn 0.548540 0.463341 -0.696002
vn 0.337977 0.619905 -0.708159
vn 0.524901 0.653868 -0.544918
vn 0.546500 0.555915 -0.626336
vn 0.332649 0.722967 -0.605527
vn 0.302288 0.803017 -0.513601
vn 0.530818 0.719950 -0.447107
vn 0.524901 0.653868 -0.544918
vn 0.754912 0.603240 -0.257312
vn 0.857541 0.465603 -0.218716
vn 0.853125 0.445068 -0.272199
vn 0.745334 0.570664 -0.344703
vn 0.079241 0.914874 -0.395887
vn 0.282631 0.877462 -0.387531
vn 0.302288 0.803017 -0.513601
vn 0.081514 0.854691 -0.512697
vn 0.081514 0.854691 -0.512697
vn 0.302288 0.803017 -0.513601
vn 0.332649 0.722967 -0.605527
vn 0.085195 0.815518 -0.572426
vn 0.085195 0.815518 -0.572426
vn 0.332649 0.722967 -0.605527
vn 0.075132 0.741226 -0.667038
vn 0.282631 0.877462 -0.387531
vn 0.341544 0.903947 -0.257347
vn 0.588785 0.776896 -0.223082
vn 0.531165 0.774648 -0.343198
vn 0.531165 0.774648 -0.343198
vn 0.588785 0.776896 -0.223082
vn 0.753940 0.631406 -0.181388
vn 0.754912 0.603240 -0.257312
vn 0.754912 0.603240 -0.257312
vn 0.753940 0.631406 -0.181388
vn 0.852314 0.504476 -0.138079
vn 0.857541 0.465603 -0.218716
vn 0.754912 0.603240 -0.257312
vn 0.745334 0.570664 -0.344703
vn 0.530818 0.719950 -0.447107
vn 0.531165 0.774648 -0.343198
vn 0.531165 0.774648 -0.343198
vn 0.530818 0.719950 -0.447107
vn 0.302288 0.803017 -0.513601
vn 0.282631 0.877462 -0.387531
vn 0.079241 0.914874 -0.395887
vn 0.078912 0.958903 -0.272540
vn 0.341544 0.903947 -0.257347
vn 0.282631 0.877462 -0.387531
vn 0.280456 0.537493 0.795265
vn 0.081452 0.465735 0.881168
vn 0.342422 0.436617 0.831933
vn 0.335031 0.935745 -0.110161
vn 0.532288 0.838236 -0.118448
vn 0.341544 0.903947 -0.257347
vn 0.078912 0.958903 -0.272540
vn 0.078912 0.958903 -0.272540
vn 0.058593 0.960447 -0.272230
vn 0.057754 0.987321 -0.147858
vn 0.079105 0.986210 -0.145370
vn 0.335031 0.935745 -0.110161
vn 0.079105 0.986210 -0.145370
vn 0.311394 0.950164 0.014905
vn 0.505368 0.862899 0.003115
vn 0.079105 0.986210 -0.145370
vn 0.080103 0.996721 -0.011409
vn 0.311394 0.950164 0.014905
vn 0.305354 0.940058 0.151825
vn 0.537250 0.834205 0.124358
vn 0.311394 0.950164 0.014905
vn 0.089871 0.988564 0.121099
vn 0.311394 0.950164 0.014905
vn 0.080103 0.996721 -0.011409
vn 0.089871 0.988564 0.121099
vn 0.089871 0.988564 0.121099
vn 0.098516 0.974133 0.203371
vn 0.305354 0.940058 0.151825
vn 0.305354 0.940058 0.151825
vn 0.098516 0.974133 0.203371
vn 0.410089 0.872815 0.264615
vn 0.529127 0.812596 0.244360
vn 0.098483 0.933805 0.343962
vn 0.071073 0.894522 0.441338
vn 0.418086 0.821704 0.387307
vn 0.418086 0.821704 0.387307
vn 0.539019 0.763486 0.355735
vn 0.410089 0.872815 0.264615
vn 0.098483 0.933805 0.343962
vn 0.410089 0.872815 0.264615
vn 0.074570 0.943341 0.323337
vn 0.098483 0.933805 0.343962
vn 0.074570 0.943341 0.323337
vn 0.098516 0.974133 0.203371
vn 0.056453 0.965662 0.253595
vn 0.071073 0.894522 0.441338
vn 0.088814 0.863684 0.496147
vn 0.418086 0.821704 0.387307
vn 0.418086 0.821704 0.387307
vn 0.088814 0.863684 0.496147
vn 0.365206 0.776531 0.513444
vn 0.534318 0.707010 0.463294
vn 0.129503 0.781215 0.610682
vn 0.072414 0.740032 0.668662
vn 0.424428 0.670324 0.608709
vn 0.424428 0.670324 0.608709
vn 0.539106 0.625805 0.563678
vn 0.365206 0.776531 0.513444
vn 0.129503 0.781215 0.610682
vn 0.365206 0.776531 0.513444
vn 0.088814 0.863684 0.496147
vn 0.075489 0.830489 0.551896
vn 0.129503 0.781215 0.610682
vn 0.398521 0.581555 0.709207
vn 0.550448 0.541394 0.635531
vn 0.424428 0.670324 0.608709
vn 0.095962 0.688924 0.718453
vn 0.424428 0.670324 0.608709
vn 0.072414 0.740032 0.668662
vn 0.095962 0.688924 0.718453
vn 0.487661 0.489439 0.722936
vn 0.280456 0.537493 0.795265
vn 0.342422 0.436617 0.831933
vn 0.589827 0.374807 0.715279
vn 0.658945 0.425263 0.620438
vn 0.487661 0.489439 0.722936
vn 0.589827 0.374807 0.715279
vn 0.836189 0.249113 0.488600
vn 0.836189 0.249113 0.488600
vn 0.866472 0.277753 0.414824
vn 0.840440 0.310662 0.444015
vn 0.658945 0.425263 0.620438
vn 0.840440 0.310662 0.444015
vn 0.665764 0.485544 0.566573
vn 0.550448 0.541394 0.635531
vn 0.840440 0.310662 0.444015
vn 0.856937 0.328590 0.397099
vn 0.665764 0.485544 0.566573
vn 0.678854 0.548050 0.488671
vn 0.539106 0.625805 0.563678
vn 0.665764 0.485544 0.566573
vn 0.831589 0.395048 0.390381
vn 0.665764 0.485544 0.566573
vn 0.856937 0.328590 0.397099
vn 0.831589 0.395048 0.390381
vn 0.776293 0.521710 0.353819
vn 0.534318 0.707010 0.463294
vn 0.678854 0.548050 0.488671
vn 0.825508 0.441669 0.351375
vn 0.678854 0.548050 0.488671
vn 0.831589 0.395048 0.390381
vn 0.825508 0.441669 0.351375
vn 0.858498 0.490217 0.150560
vn 0.732526 0.650529 0.200542
vn 0.827748 0.519256 0.212617
vn 0.870574 0.466729 0.155770
vn 0.732526 0.650529 0.200542
vn 0.529127 0.812596 0.244360
vn 0.685847 0.660537 0.305460
vn 0.827748 0.519256 0.212617
vn 0.685847 0.660537 0.305460
vn 0.837148 0.483612 0.255543
vn 0.827748 0.519256 0.212617
vn 0.685847 0.660537 0.305460
vn 0.539019 0.763486 0.355735
vn 0.776293 0.521710 0.353819
vn 0.837148 0.483612 0.255543
vn 0.776293 0.521710 0.353819
vn 0.859653 0.433092 0.270975
vn 0.837148 0.483612 0.255543
vn 0.859653 0.433092 0.270975
vn 0.776293 0.521710 0.353819
vn 0.825508 0.441669 0.351375
vn 0.864263 0.389292 0.318593
vn 0.777431 0.622628 0.089076
vn 0.537250 0.834205 0.124358
vn 0.732526 0.650529 0.200542
vn 0.822366 0.558132 0.110467
vn 0.732526 0.650529 0.200542
vn 0.858498 0.490217 0.150560
vn 0.822366 0.558132 0.110467
vn 0.674720 0.738067 0.003201
vn 0.827702 0.559603 0.041873
vn 0.856199 0.516553 -0.009768
vn 0.674720 0.738067 0.003201
vn 0.505368 0.862899 0.003115
vn 0.777431 0.622628 0.089076
vn 0.827702 0.559603 0.041873
vn 0.827702 0.559603 0.041873
vn 0.777431 0.622628 0.089076
vn 0.822366 0.558132 0.110467
vn 0.868967 0.493517 0.036579
vn 0.856199 0.516553 -0.009768
vn 0.851311 0.519154 -0.075816
vn 0.674720 0.738067 0.003201
vn 0.674720 0.738067 0.003201
vn 0.851311 0.519154 -0.075816
vn 0.703734 0.704219 -0.093988
vn 0.532288 0.838236 -0.118448
vn 0.851311 0.519154 -0.075816
vn 0.852314 0.504476 -0.138079
vn 0.703734 0.704219 -0.093988
vn 0.703734 0.704219 -0.093988
vn 0.852314 0.504476 -0.138079
vn 0.753940 0.631406 -0.181388
vn 0.588785 0.776896 -0.223082
vn 0.081452 0.465735 0.881168
vn 0.280456 0.537493 0.795265
vn 0.077040 0.550981 0.830954
vn 0.280456 0.537493 0.795265
vn 0.081289 0.606256 0.791104
vn 0.077040 0.550981 0.830954
vn 0.280456 0.537493 0.795265
vn 0.487661 0.489439 0.722936
vn 0.398521 0.581555 0.709207
vn 0.081289 0.606256 0.791104
vn 0.398521 0.581555 0.709207
vn 0.095962 0.688924 0.718453
vn 0.081289 0.606256 0.791104
vn 0.487661 0.489439 0.722936
vn 0.658945 0.425263 0.620438
vn 0.550448 0.541394 0.635531
vn 0.398521 0.581555 0.709207
vn 0.550448 0.541394 0.635531
vn 0.665764 0.485544 0.566573
vn 0.539106 0.625805 0.563678
vn 0.424428 0.670324 0.608709
vn 0.539106 0.625805 0.563678
vn 0.678854 0.548050 0.488671
vn 0.534318 0.707010 0.463294
vn 0.365206 0.776531 0.513444
vn 0.534318 0.707010 0.463294
vn 0.776293 0.521710 0.353819
vn 0.539019 0.763486 0.355735
vn 0.418086 0.821704 0.387307
vn 0.539019 0.763486 0.355735
vn 0.685847 0.660537 0.305460
vn 0.529127 0.812596 0.244360
vn 0.410089 0.872815 0.264615
vn 0.529127 0.812596 0.244360
vn 0.732526 0.650529 0.200542
vn 0.537250 0.834205 0.124358
vn 0.305354 0.940058 0.151825
vn 0.537250 0.834205 0.124358
vn 0.777431 0.622628 0.089076
vn 0.505368 0.862899 0.003115
vn 0.311394 0.950164 0.014905
vn 0.505368 0.862899 0.003115
vn 0.674720 0.738067 0.003201
vn 0.532288 0.838236 -0.118448
vn 0.335031 0.935745 -0.110161
vn 0.532288 0.838236 -0.118448
vn 0.703734 0.704219 -0.093988
vn 0.588785 0.776896 -0.223082
vn 0.341544 0.903947 -0.257347
vn 0.078912 0.958903 -0.272540
vn 0.079241 0.914874 -0.395887
vn 0.058149 0.918226 -0.391765
vn 0.058593 0.960447 -0.272230
vn 0.079241 0.914874 -0.395887
vn 0.081514 0.854691 -0.512697
vn 0.057456 0.857544 -0.511191
vn 0.058149 0.918226 -0.391765
vn 0.085195 0.815518 -0.572426
vn 0.056174 0.784751 -0.617261
vn 0.057456 0.857544 -0.511191
vn 0.081514 0.854691 -0.512697
vn 0.055180 0.697713 -0.714249
vn 0.074505 0.648595 -0.757479
vn 0.097625 0.631005 -0.769612
vn 0.054630 0.599531 -0.798485
vn 0.096795 0.728457 -0.678219
vn 0.055180 0.697713 -0.714249
vn 0.056174 0.784751 -0.617261
vn 0.075132 0.741226 -0.667038
vn 0.054131 0.491275 -0.869321
vn 0.073346 0.431894 -0.898937
vn 0.098136 0.403305 -0.909788
vn 0.053760 0.374816 -0.925539
vn 0.098001 0.521971 -0.847315
vn 0.054131 0.491275 -0.869321
vn 0.054630 0.599531 -0.798485
vn 0.073784 0.545060 -0.835144
vn 0.073375 0.192103 -0.978628
vn 0.054127 0.126824 -0.990447
vn 0.054010 0.252509 -0.966086
vn 0.088646 0.250776 -0.963978
vn 0.088646 0.250776 -0.963978
vn 0.054010 0.252509 -0.966086
vn 0.053760 0.374816 -0.925539
vn 0.073260 0.311882 -0.947292
vn 0.073815 0.063363 -0.995257
vn 0.054605 -0.002279 -0.998506
vn 0.054127 0.126824 -0.990447
vn 0.098052 0.089277 -0.991169
vn 0.096753 -0.175696 -0.979678
vn 0.089697 -0.273597 -0.957653
vn 0.053713 -0.139557 -0.988756
vn 0.076317 -0.101987 -0.991854
vn 0.076317 -0.101987 -0.991854
vn 0.053713 -0.139557 -0.988756
vn 0.054605 -0.002279 -0.998506
vn 0.097599 -0.044482 -0.994231
vn 0.055596 -0.277492 -0.959118
vn 0.053713 -0.139557 -0.988756
vn 0.089697 -0.273597 -0.957653
vn 0.058593 0.960447 -0.272230
vn 0.058149 0.918226 -0.391765
vn 0.032141 0.918228 -0.394746
vn 0.033499 0.961769 -0.271804
vn 0.032141 0.918228 -0.394746
vn 0.058149 0.918226 -0.391765
vn 0.057456 0.857544 -0.511191
vn 0.030562 0.858628 -0.511687
vn 0.030562 0.858628 -0.511687
vn 0.057456 0.857544 -0.511191
vn 0.056174 0.784751 -0.617261
vn 0.030563 0.785332 -0.618320
vn 0.030563 0.785332 -0.618320
vn 0.056174 0.784751 -0.617261
vn 0.055180 0.697713 -0.714249
vn 0.030563 0.698873 -0.714592
vn 0.030563 0.698873 -0.714592
vn 0.055180 0.697713 -0.714249
vn 0.054630 0.599531 -0.798485
vn 0.030564 0.600704 -0.798887
vn 0.030564 0.600704 -0.798887
vn 0.054630 0.599531 -0.798485
vn 0.054131 0.491275 -0.869321
vn 0.030565 0.492467 -0.869794
vn 0.030565 0.492467 -0.869794
vn 0.054131 0.491275 -0.869321
vn 0.053760 0.374816 -0.925539
vn 0.030566 0.375977 -0.926125
vn 0.030566 0.375977 -0.926125
vn 0.053760 0.374816 -0.925539
vn 0.054010 0.252509 -0.966086
vn 0.030567 0.253186 -0.966935
vn 0.030567 0.253186 -0.966935
vn 0.054010 0.252509 -0.966086
vn 0.054127 0.126824 -0.990447
vn 0.030567 0.126151 -0.991540
vn 0.030567 0.126151 -0.991540
vn 0.054127 0.126824 -0.990447
vn 0.054605 -0.002279 -0.998506
vn 0.030568 -0.002996 -0.999528
vn 0.030568 -0.002996 -0.999528
vn 0.054605 -0.002279 -0.998506
vn 0.053713 -0.139557 -0.988756
vn 0.035587 -0.137661 -0.989840
vn 0.039779 -0.271361 -0.961655
vn 0.035587 -0.137661 -0.989840
vn 0.053713 -0.139557 -0.988756
vn 0.055596 -0.277492 -0.959118
vn 0.089596 -0.392983 -0.915171
vn 0.059504 -0.403418 -0.913079
vn 0.055596 -0.277492 -0.959118
vn 0.089697 -0.273597 -0.957653
vn 0.066252 -0.713967 -0.697038
vn 0.057791 -0.623639 -0.779574
vn 0.081289 -0.624111 -0.777096
vn 0.082612 -0.724257 -0.684564
vn 0.082612 -0.724257 -0.684564
vn 0.078498 -0.817322 -0.570808
vn 0.041652 -0.834685 -0.549150
vn 0.066252 -0.713967 -0.697038
vn 0.041652 -0.834685 -0.549150
vn 0.025532 -0.704144 -0.709598
vn 0.066252 -0.713967 -0.697038
vn 0.059504 -0.403418 -0.913079
vn 0.035117 -0.412827 -0.910132
vn 0.039779 -0.271361 -0.961655
vn 0.055596 -0.277492 -0.959118
vn 0.035117 -0.412827 -0.910132
vn 0.059504 -0.403418 -0.913079
vn 0.058931 -0.516449 -0.854288
vn 0.030572 -0.519086 -0.854175
vn 0.058931 -0.516449 -0.854288
vn 0.059504 -0.403418 -0.913079
vn 0.089596 -0.392983 -0.915171
vn 0.090633 -0.513100 -0.853531
vn 0.030572 -0.519086 -0.854175
vn 0.058931 -0.516449 -0.854288
vn 0.057791 -0.623639 -0.779574
vn 0.030572 -0.624390 -0.780514
vn 0.057791 -0.623639 -0.779574
vn 0.058931 -0.516449 -0.854288
vn 0.090633 -0.513100 -0.853531
vn 0.081289 -0.624111 -0.777096
vn 0.030572 -0.624390 -0.780514
vn 0.057791 -0.623639 -0.779574
vn 0.066252 -0.713967 -0.697038
vn 0.025532 -0.704144 -0.709598
vn 0.033499 0.961769 -0.271804
vn 0.031555 0.988996 -0.144541
vn 0.057754 0.987321 -0.147858
vn 0.058593 0.960447 -0.272230
vn 0.059544 0.601761 0.796453
vn 0.057185 0.500461 0.863868
vn 0.077040 0.550981 0.830954
vn 0.081289 0.606256 0.791104
vn 0.095962 0.688924 0.718453
vn 0.054749 0.694772 0.717144
vn 0.059544 0.601761 0.796453
vn 0.081289 0.606256 0.791104
vn 0.129503 0.781215 0.610682
vn 0.053848 0.787578 0.613857
vn 0.072414 0.740032 0.668662
vn 0.072414 0.740032 0.668662
vn 0.053848 0.787578 0.613857
vn 0.054749 0.694772 0.717144
vn 0.095962 0.688924 0.718453
vn 0.098483 0.933805 0.343962
vn 0.053581 0.921844 0.383840
vn 0.071073 0.894522 0.441338
vn 0.071073 0.894522 0.441338
vn 0.053581 0.921844 0.383840
vn 0.054278 0.861458 0.504920
vn 0.088814 0.863684 0.496147
vn 0.088814 0.863684 0.496147
vn 0.054278 0.861458 0.504920
vn 0.053848 0.787578 0.613857
vn 0.075489 0.830489 0.551896
vn 0.053848 0.787578 0.613857
vn 0.129503 0.781215 0.610682
vn 0.075489 0.830489 0.551896
vn 0.074570 0.943341 0.323337
vn 0.056453 0.965662 0.253595
vn 0.053581 0.921844 0.383840
vn 0.098483 0.933805 0.343962
vn 0.056453 0.965662 0.253595
vn 0.098516 0.974133 0.203371
vn 0.089871 0.988564 0.121099
vn 0.057871 0.990343 0.125980
vn 0.080103 0.996721 -0.011409
vn 0.057151 0.998320 -0.009497
vn 0.057871 0.990343 0.125980
vn 0.089871 0.988564 0.121099
vn 0.079105 0.986210 -0.145370
vn 0.057754 0.987321 -0.147858
vn 0.057151 0.998320 -0.009497
vn 0.080103 0.996721 -0.011409
vn 0.030215 0.601320 0.798437
vn 0.059544 0.601761 0.796453
vn 0.054749 0.694772 0.717144
vn 0.029776 0.697002 0.716451
vn 0.029776 0.697002 0.716451
vn 0.054749 0.694772 0.717144
vn 0.053848 0.787578 0.613857
vn 0.029776 0.786895 0.616369
vn 0.029776 0.786895 0.616369
vn 0.053848 0.787578 0.613857
vn 0.054278 0.861458 0.504920
vn 0.029776 0.862535 0.505120
vn 0.029776 0.862535 0.505120
vn 0.054278 0.861458 0.504920
vn 0.053581 0.921844 0.383840
vn 0.029777 0.922553 0.384721
vn 0.029777 0.922553 0.384721
vn 0.053581 0.921844 0.383840
vn 0.056453 0.965662 0.253595
vn 0.029778 0.965859 0.257353
vn 0.029778 0.965859 0.257353
vn 0.056453 0.965662 0.253595
vn 0.057871 0.990343 0.125980
vn 0.029779 0.991669 0.125326
vn 0.029779 0.991669 0.125326
vn 0.057871 0.990343 0.125980
vn 0.057151 0.998320 -0.009497
vn 0.029780 0.999516 -0.008973
vn 0.029780 0.999516 -0.008973
vn 0.057151 0.998320 -0.009497
vn 0.057754 0.987321 -0.147858
vn 0.031555 0.988996 -0.144541
vn 0.025083 0.491201 0.870685
vn 0.057185 0.500461 0.863868
vn 0.059544 0.601761 0.796453
vn 0.030215 0.601320 0.798437
vn 0.866472 0.277753 0.414824
vn 0.836189 0.249113 0.488600
vn 0.867168 0.235051 0.439057
vn 0.872575 0.488481 0.000184
vn 0.864664 0.496862 -0.074059
vn 0.851311 0.519154 -0.075816
vn 0.856199 0.516553 -0.009768
vn 0.851311 0.519154 -0.075816
vn 0.864664 0.496862 -0.074059
vn 0.877255 0.461178 -0.133184
vn 0.852314 0.504476 -0.138079
vn 0.868967 0.493517 0.036579
vn 0.872575 0.488481 0.000184
vn 0.856199 0.516553 -0.009768
vn 0.827702 0.559603 0.041873
vn 0.873364 0.472775 0.117131
vn 0.868967 0.493517 0.036579
vn 0.822366 0.558132 0.110467
vn 0.870574 0.466729 0.155770
vn 0.873364 0.472775 0.117131
vn 0.858498 0.490217 0.150560
vn 0.873364 0.472775 0.117131
vn 0.822366 0.558132 0.110467
vn 0.858498 0.490217 0.150560
vn 0.837148 0.483612 0.255543
vn 0.859653 0.433092 0.270975
vn 0.863304 0.427250 0.268634
vn 0.863099 0.456038 0.217000
vn 0.859653 0.433092 0.270975
vn 0.864263 0.389292 0.318593
vn 0.863304 0.427250 0.268634
vn 0.866472 0.277753 0.414824
vn 0.863997 0.305823 0.399977
vn 0.856937 0.328590 0.397099
vn 0.840440 0.310662 0.444015
vn 0.856937 0.328590 0.397099
vn 0.863997 0.305823 0.399977
vn 0.861828 0.355507 0.361755
vn 0.831589 0.395048 0.390381
vn 0.831589 0.395048 0.390381
vn 0.861828 0.355507 0.361755
vn 0.864263 0.389292 0.318593
vn 0.825508 0.441669 0.351375
vn 0.867168 0.235051 0.439057
vn 0.865838 0.307494 0.394681
vn 0.863997 0.305823 0.399977
vn 0.866472 0.277753 0.414824
vn 0.865838 0.307494 0.394681
vn 0.861990 0.356066 0.360819
vn 0.861828 0.355507 0.361755
vn 0.863997 0.305823 0.399977
vn 0.861990 0.356066 0.360819
vn 0.864210 0.392408 0.314893
vn 0.864263 0.389292 0.318593
vn 0.861828 0.355507 0.361755
vn 0.870574 0.466729 0.155770
vn 0.827748 0.519256 0.212617
vn 0.837148 0.483612 0.255543
vn 0.863099 0.456038 0.217000
vn 0.863099 0.456038 0.217000
vn 0.863304 0.427250 0.268634
vn 0.861844 0.429414 0.269869
vn 0.861073 0.456191 0.224596
vn 0.861844 0.429414 0.269869
vn 0.863304 0.427250 0.268634
vn 0.864263 0.389292 0.318593
vn 0.864210 0.392408 0.314893
vn 0.868967 0.493517 0.036579
vn 0.873364 0.472775 0.117131
vn 0.996694 0.080482 0.011108
vn 0.873364 0.472775 0.117131
vn 0.870574 0.466729 0.155770
vn 0.872277 0.463665 0.155396
vn 0.996694 0.080482 0.011108
vn 0.872277 0.463665 0.155396
vn 0.870574 0.466729 0.155770
vn 0.863099 0.456038 0.217000
vn 0.861073 0.456191 0.224596
vn 0.877255 0.461178 -0.133184
vn 0.864664 0.496862 -0.074059
vn 0.996315 0.085198 -0.009936
vn 0.882382 0.450907 -0.134480
vn 0.864664 0.496862 -0.074059
vn 0.872575 0.488481 0.000184
vn 0.996315 0.085198 -0.009936
vn 0.872575 0.488481 0.000184
vn 0.868967 0.493517 0.036579
vn 0.996315 0.085198 -0.009936
vn 0.868967 0.493517 0.036579
vn 0.996694 0.080482 0.011108
vn 0.996315 0.085198 -0.009936
vn 0.862861 0.083218 -0.498543
vn 0.861846 0.018010 -0.506850
vn 0.856364 0.023746 -0.515827
vn 0.856321 0.095198 -0.507595
vn 0.861846 0.018010 -0.506850
vn 0.864939 -0.055527 -0.498797
vn 0.856381 -0.048143 -0.514096
vn 0.856364 0.023746 -0.515827
vn 0.864939 -0.055527 -0.498797
vn 0.865605 -0.109400 -0.488630
vn 0.856348 -0.119142 -0.502467
vn 0.856381 -0.048143 -0.514096
vn 0.865605 -0.109400 -0.488630
vn 0.871495 -0.182932 -0.455008
vn 0.856307 -0.187772 -0.481124
vn 0.856348 -0.119142 -0.502467
vn 0.871495 -0.182932 -0.455008
vn 0.861736 -0.252949 -0.439805
vn 0.856341 -0.252703 -0.450357
vn 0.856307 -0.187772 -0.481124
vn 0.861736 -0.252949 -0.439805
vn 0.862500 -0.307638 -0.401811
vn 0.856379 -0.312793 -0.410823
vn 0.856341 -0.252703 -0.450357
vn 0.862500 -0.307638 -0.401811
vn 0.862759 -0.357637 -0.357411
vn 0.856335 -0.366897 -0.363425
vn 0.856379 -0.312793 -0.410823
vn 0.862759 -0.357637 -0.357411
vn 0.862309 -0.397245 -0.314037
vn 0.854771 -0.420977 -0.303554
vn 0.856335 -0.366897 -0.363425
vn 0.866228 0.223352 -0.446948
vn 0.871401 0.143939 -0.468980
vn 0.856299 0.164729 -0.489506
vn 0.856352 0.231061 -0.461814
vn 0.871401 0.143939 -0.468980
vn 0.862861 0.083218 -0.498543
vn 0.856321 0.095198 -0.507595
vn 0.856299 0.164729 -0.489506
vn 0.865549 0.272806 -0.420002
vn 0.866228 0.223352 -0.446948
vn 0.856352 0.231061 -0.461814
vn 0.856324 0.293032 -0.425255
vn 0.861404 0.331823 -0.384547
vn 0.865549 0.272806 -0.420002
vn 0.856324 0.293032 -0.425255
vn 0.856320 0.349155 -0.380534
vn 0.866728 0.378700 -0.324607
vn 0.861404 0.331823 -0.384547
vn 0.856320 0.349155 -0.380534
vn 0.859804 0.391671 -0.327613
vn 0.872282 0.408684 -0.268517
vn 0.863474 0.373800 -0.338652
vn 0.866728 0.378700 -0.324607
vn 0.859804 0.391671 -0.327613
vn 0.852314 0.504476 -0.138079
vn 0.877255 0.461178 -0.133184
vn 0.857541 0.465603 -0.218716
vn 0.877255 0.461178 -0.133184
vn 0.880089 0.435136 -0.189999
vn 0.857541 0.465603 -0.218716
vn 0.880089 0.435136 -0.189999
vn 0.872282 0.408684 -0.268517
vn 0.853125 0.445068 -0.272199
vn 0.857541 0.465603 -0.218716
vn 0.872282 0.408684 -0.268517
vn 0.859804 0.391671 -0.327613
vn 0.853125 0.445068 -0.272199
vn 0.880979 0.417265 -0.223084
vn 0.880089 0.435136 -0.189999
vn 0.877255 0.461178 -0.133184
vn 0.882382 0.450907 -0.134480
vn 0.880089 0.435136 -0.189999
vn 0.880979 0.417265 -0.223084
vn 0.872282 0.408684 -0.268517
vn 0.872282 0.408684 -0.268517
vn 0.880979 0.417265 -0.223084
vn 0.863474 0.373800 -0.338652
vn 0.859967 0.336076 -0.384070
vn 0.861404 0.331823 -0.384547
vn 0.866728 0.378700 -0.324607
vn 0.863474 0.373800 -0.338652
vn 0.861404 0.331823 -0.384547
vn 0.859967 0.336076 -0.384070
vn 0.869174 0.266435 -0.416592
vn 0.865549 0.272806 -0.420002
vn 0.865549 0.272806 -0.420002
vn 0.869174 0.266435 -0.416592
vn 0.868314 0.194771 -0.456174
vn 0.866228 0.223352 -0.446948
vn 0.868314 0.194771 -0.456174
vn 0.866379 0.073524 -0.493945
vn 0.871401 0.143939 -0.468980
vn 0.868314 0.194771 -0.456174
vn 0.871401 0.143939 -0.468980
vn 0.866228 0.223352 -0.446948
vn 0.871401 0.143939 -0.468980
vn 0.866379 0.073524 -0.493945
vn 0.862861 0.083218 -0.498543
vn 0.861477 0.015119 -0.507572
vn 0.861846 0.018010 -0.506850
vn 0.862861 0.083218 -0.498543
vn 0.866379 0.073524 -0.493945
vn 0.861846 0.018010 -0.506850
vn 0.861477 0.015119 -0.507572
vn 0.860734 -0.016371 -0.508791
vn 0.864939 -0.055527 -0.498797
vn 0.864939 -0.055527 -0.498797
vn 0.871645 -0.088426 -0.482095
vn 0.868226 -0.132257 -0.478217
vn 0.865605 -0.109400 -0.488630
vn 0.871495 -0.182932 -0.455008
vn 0.868226 -0.132257 -0.478217
vn 0.865432 -0.248788 -0.434894
vn 0.868226 -0.132257 -0.478217
vn 0.871495 -0.182932 -0.455008
vn 0.865605 -0.109400 -0.488630
vn 0.862573 -0.302775 -0.405333
vn 0.862500 -0.307638 -0.401811
vn 0.861736 -0.252949 -0.439805
vn 0.865432 -0.248788 -0.434894
vn 0.865432 -0.248788 -0.434894
vn 0.861736 -0.252949 -0.439805
vn 0.871495 -0.182932 -0.455008
vn 0.862309 -0.397245 -0.314037
vn 0.862759 -0.357637 -0.357411
vn 0.863480 -0.357039 -0.356266
vn 0.862570 -0.398656 -0.311524
vn 0.863480 -0.357039 -0.356266
vn 0.862759 -0.357637 -0.357411
vn 0.862500 -0.307638 -0.401811
vn 0.862573 -0.302775 -0.405333
vn 0.000000 -1.000000 0.000005
vn 0.000001 -1.000000 0.000006
vn -0.000001 -1.000000 0.000005
vn 0.000000 -1.000000 0.000006
vn 0.000000 -1.000000 0.000006
vn -0.000001 -1.000000 0.000005
vn -0.000001 -1.000000 0.000002
vn -0.000001 -1.000000 0.000004
vn -0.000001 -1.000000 0.000004
vn -0.000001 -1.000000 0.000002
vn -0.000003 -1.000000 0.000002
vn -0.000002 -1.000000 0.000002
vn -0.000002 -1.000000 0.000002
vn -0.000003 -1.000000 0.000002
vn -0.000003 -1.000000 0.000001
vn -0.000003 -1.000000 0.000002
vn -0.000003 -1.000000 0.000002
vn -0.000003 -1.000000 0.000001
vn 0.000000 -1.000000 0.000001
vn -0.000001 -1.000000 0.000001
vn -0.000001 -1.000000 0.000001
vn 0.000000 -1.000000 0.000001
vn 0.000002 -1.000000 0.000000
vn 0.000002 -1.000000 0.000000
vn 0.000002 -1.000000 0.000000
vn 0.000002 -1.000000 0.000000
vn 0.000002 -1.000000 0.000000
vn 0.000002 -1.000000 0.000000
vn 0.000002 -1.000000 0.000000
vn 0.000002 -1.000000 0.000000
vn 0.000003 -1.000000 0.000000
vn 0.000003 -1.000000 0.000000
vn 0.000003 -1.000000 0.000000
vn 0.000003 -1.000000 0.000000
vn 0.000004 -1.000000 0.000002
vn 0.000004 -1.000000 0.000002
vn 0.000004 -1.000000 0.000002
vn 0.000004 -1.000000 0.000002
vn 0.000003 -1.000000 0.000002
vn 0.000003 -1.000000 0.000002
vn -0.000001 -1.000000 0.000000
vn -0.000001 -1.000000 0.000000
vn 0.000001 -1.000000 0.000001
vn 0.000003 -1.000000 0.000003
vn 0.000003 -1.000000 0.000004
vn -0.000001 -1.000000 0.000000
vn 0.000002 -1.000000 0.000005
vn 0.000002 -1.000000 0.000005
vn 0.000003 -1.000000 0.000004
vn -0.000001 -1.000000 0.000002
vn 0.000000 -1.000000 0.000002
vn 0.000000 -1.000000 0.000002
vn 0.000002 -1.000000 0.000005
vn 0.000001 -1.000000 0.000006
vn 0.000000 -1.000000 0.000005
vn 0.000000 -1.000000 -0.000001
vn 0.000000 0.000002 -1.000000
vn 0.000000 0.000002 -1.000000
vn -0.222520 0.000002 -0.974928
vn -0.222520 0.000002 -0.974928
vn -0.222520 0.000002 -0.974928
vn -0.222520 0.000002 -0.974928
vn -0.433883 -0.000001 -0.900969
vn -0.433883 -0.000001 -0.900969
vn -0.433883 -0.000001 -0.900969
vn -0.433883 -0.000001 -0.900969
vn -0.623490 -0.000003 -0.781831
vn -0.623490 -0.000003 -0.781832
vn -0.623490 -0.000003 -0.781832
vn -0.623490 -0.000003 -0.781831
vn -0.781832 -0.000001 -0.623489
vn -0.781832 -0.000001 -0.623489
vn -0.781832 -0.000001 -0.623489
vn -0.781832 -0.000001 -0.623489
vn -0.900969 -0.000001 -0.433884
vn -0.900969 -0.000001 -0.433884
vn -0.900969 -0.000001 -0.433884
vn -0.900969 -0.000001 -0.433884
vn -0.974928 -0.000002 -0.222520
vn -0.974928 -0.000002 -0.222522
vn -0.974928 -0.000002 -0.222522
vn -0.974928 -0.000002 -0.222520
vn -1.000000 0.000000 0.000001
vn -1.000000 0.000000 -0.000001
vn -1.000000 0.000000 -0.000001
vn -1.000000 0.000000 0.000001
vn -0.974928 0.000001 0.222522
vn -0.974928 0.000001 0.222520
vn -0.974928 0.000001 0.222520
vn -0.974928 0.000001 0.222522
vn -0.900969 -0.000001 0.433884
vn -0.900969 -0.000001 0.433884
vn -0.900969 -0.000001 0.433884
vn -0.900969 -0.000001 0.433884
vn -0.781832 -0.000001 0.623489
vn -0.781832 -0.000001 0.623490
vn -0.781832 -0.000001 0.623490
vn -0.781832 -0.000001 0.623489
vn -0.623490 0.000001 0.781831
vn -0.623491 0.000001 0.781831
vn -0.623491 0.000001 0.781831
vn -0.623490 0.000001 0.781831
vn -0.433883 -0.000001 0.900969
vn -0.433883 -0.000001 0.900969
vn -0.433883 -0.000001 0.900969
vn -0.433883 -0.000001 0.900969
vn -0.222520 -0.000004 0.974928
vn -0.222520 -0.000004 0.974928
vn -0.222520 -0.000004 0.974928
vn -0.222520 -0.000004 0.974928
vn 0.000000 -0.000003 1.000000
vn 0.000000 -0.000003 1.000000
vn 0.000000 -1.000000 0.000000
vn 0.000000 -1.000000 0.000000
vn 0.000000 -1.000000 0.000000
vn 0.000000 -1.000000 0.000000
vn 0.000000 -1.000000 0.000000
vn 0.000000 -1.000000 0.000000
vn 0.000000 -1.000000 0.000000
vn 0.000000 -1.000000 0.000000
vn 0.000000 -1.000000 0.000000
vn 0.000000 -1.000000 0.000000
vn 0.000000 -1.000000 -0.000001
vn 0.000000 -1.000000 0.000000
vn 0.000000 -1.000000 0.000000
vn 0.000000 -1.000000 -0.000001
vn 0.000000 -1.000000 0.000000
vn 0.000000 -1.000000 0.000000
vn 0.000000 -1.000000 -0.000001
vn 0.000001 -1.000000 -0.000001
vn 0.000000 -1.000000 0.000000
vn 0.000000 -1.000000 0.000000
vn 0.000000 -1.000000 0.000000
vn 0.000000 -1.000000 0.000000
vn 0.000000 -1.000000 0.000000
vn 0.000000 -1.000000 0.000001
vn 0.000000 -1.000000 0.000000
vn -0.000001 -1.000000 0.000001
vn 0.000000 -1.000000 0.000001
vn 0.000000 -1.000000 0.000000
vn 0.000000 -1.000000 0.000000
vn 0.257039 -0.369071 -0.893150
vn 0.016139 -0.546845 -0.837078
vn 0.000002 -0.553416 -0.832905
vn 0.016139 -0.546845 -0.837078
vn 0.000003 -0.665416 -0.746472
vn 0.000003 -0.665417 -0.746472
vn 0.000002 -0.553416 -0.832905
vn 0.000003 -0.665416 -0.746472
vn -0.000002 -0.814839 -0.579687
vn -0.000002 -0.814839 -0.579687
vn 0.000003 -0.665417 -0.746472
vn -0.000002 -0.814839 -0.579687
vn -0.000003 -0.923402 -0.383834
vn -0.000003 -0.923402 -0.383835
vn -0.000002 -0.814839 -0.579687
vn -0.000003 -0.923402 -0.383834
vn 0.000003 -0.985661 -0.168735
vn 0.000003 -0.985662 -0.168735
vn -0.000003 -0.923402 -0.383835
vn 0.000003 -0.985661 -0.168735
vn 0.000007 -0.998496 0.054828
vn 0.000007 -0.998496 0.054828
vn 0.000003 -0.985662 -0.168735
vn 0.000007 -0.998496 0.054828
vn 0.000005 -0.961261 0.275640
vn 0.000005 -0.961261 0.275640
vn 0.000007 -0.998496 0.054828
vn 0.000005 -0.961261 0.275640
vn 0.000002 -0.875825 0.482629
vn 0.000002 -0.875825 0.482630
vn 0.000005 -0.961261 0.275640
vn 0.000002 -0.875825 0.482629
vn 0.000002 -0.746470 0.665419
vn 0.000002 -0.746470 0.665419
vn 0.000002 -0.875825 0.482630
vn 0.000002 -0.746470 0.665419
vn 0.000001 -0.579686 0.814840
vn 0.000001 -0.579686 0.814840
vn 0.000002 -0.746470 0.665419
vn 0.000001 -0.579686 0.814840
vn -0.000005 -0.383833 0.923403
vn -0.000005 -0.383833 0.923403
vn 0.000001 -0.579686 0.814840
vn -0.000005 -0.383833 0.923403
vn -0.000005 -0.168734 0.985662
vn -0.000005 -0.168734 0.985662
vn -0.000005 -0.383833 0.923403
vn -0.000005 -0.168734 0.985662
vn -0.000004 0.054825 0.998496
vn -0.000004 0.054826 0.998496
vn -0.000005 -0.168734 0.985662
vn -0.000004 0.054825 0.998496
vn -0.000003 0.275638 0.961262
vn -0.000003 0.275638 0.961262
vn -0.000004 0.054826 0.998496
vn -0.000003 0.275638 0.961262
vn 0.000000 0.482627 0.875826
vn 0.000000 0.482627 0.875826
vn -0.000003 0.275638 0.961262
vn 0.000000 0.482627 0.875826
vn 0.000000 0.665415 0.746474
vn 0.000000 0.665415 0.746474
vn 0.000000 0.482627 0.875826
vn 0.000000 0.665415 0.746474
vn 0.000001 0.814838 0.579689
vn 0.000001 0.814838 0.579689
vn 0.000000 0.665415 0.746474
vn 0.000001 0.814838 0.579689
vn 0.000001 0.923401 0.383836
vn 0.000001 0.923401 0.383836
vn 0.000001 0.814838 0.579689
vn 0.000001 0.923401 0.383836
vn 0.000001 0.985661 0.168736
vn 0.000001 0.985661 0.168736
vn 0.000001 0.923401 0.383836
vn 0.000001 0.985661 0.168736
vn 0.000001 0.998496 -0.054824
vn 0.000001 0.998496 -0.054824
vn 0.000001 0.985661 0.168736
vn 0.000001 0.998496 -0.054824
vn 0.000001 0.961262 -0.275636
vn 0.000001 0.961262 -0.275635
vn 0.000001 0.998496 -0.054824
vn 0.000001 0.961262 -0.275636
vn -0.000000 0.875827 -0.482626
vn -0.000000 0.875827 -0.482625
vn 0.000001 0.961262 -0.275635
vn -0.000000 0.875827 -0.482626
vn -0.000002 0.746473 -0.665415
vn -0.000002 0.746473 -0.665415
vn -0.000000 0.875827 -0.482625
vn -0.000002 0.746473 -0.665415
vn -0.000001 0.579689 -0.814838
vn -0.000001 0.579689 -0.814838
vn -0.000002 0.746473 -0.665415
vn -0.000001 0.579689 -0.814838
vn -0.000001 0.383836 -0.923401
vn -0.000001 0.383836 -0.923401
vn -0.000001 0.579689 -0.814838
vn -0.000001 0.383836 -0.923401
vn -0.000001 0.168736 -0.985661
vn -0.000001 0.168735 -0.985661
vn -0.000001 0.383836 -0.923401
vn -0.000001 0.168736 -0.985661
vn 0.000000 -0.054824 -0.998496
vn 0.000000 -0.054824 -0.998496
vn -0.000001 0.168735 -0.985661
vn 0.000000 -0.054824 -0.998496
vn 0.012537 -0.208400 -0.977963
vn 0.000000 -0.203570 -0.979060
vn 0.000000 -0.054824 -0.998496
vn 0.012537 -0.208400 -0.977963
vn 0.257039 -0.369071 -0.893150
vn 0.000000 -0.203570 -0.979060
vn 0.016139 -0.546845 -0.837078
vn 0.257039 -0.369071 -0.893150
vn 0.012537 -0.208400 -0.977963
vn 1.000000 0.000000 0.000000
vn 1.000000 0.000000 0.000000
vn 1.000000 0.000000 0.000000
vn 1.000000 0.000000 0.000000
vn 1.000000 0.000000 0.000000
vn 1.000000 0.000000 0.000000
vn 1.000000 0.000000 0.000000
vn 1.000000 0.000000 0.000000
vn 1.000000 0.000000 0.000000
vn 1.000000 0.000000 0.000000
vn 1.000000 0.000000 0.000000
vn 1.000000 0.000000 0.000000
vn 1.000000 0.000000 0.000000
vn 1.000000 0.000000 0.000000
vn 1.000000 0.000000 0.000000
vn 1.000000 0.000000 0.000000
vn 1.000000 -0.000000 0.000000
vn 1.000000 0.000000 0.000000
vn 1.000000 0.000000 0.000000
vn 1.000000 -0.000000 0.000000
vn 1.000000 0.000000 0.000000
vn 1.000000 0.000000 0.000000
vn 1.000000 -0.000000 0.000000
vn 1.000000 0.000000 0.000000
vn 1.000000 0.000000 0.000000
vn 1.000000 0.000000 0.000000
vn 1.000000 0.000000 0.000000
vn 1.000000 0.000000 0.000000
vn 1.000000 0.000000 0.000000
vn 1.000000 0.000000 0.000000
vn 1.000000 0.000000 0.000000
vn 1.000000 0.000000 0.000000
vn 1.000000 0.000000 0.000000
vn 1.000000 0.000000 0.000000
vn 1.000000 0.000000 0.000000
vn 1.000000 0.000000 0.000000
vn 1.000000 0.000000 0.000000
vn 1.000000 0.000000 0.000000
vn 1.000000 0.000000 0.000000
vn 1.000000 0.000000 0.000000
vn 1.000000 0.000000 0.000000
vn 1.000000 0.000000 0.000000
vn 1.000000 0.000000 0.000000
vn 1.000000 0.000000 0.000000
vn 1.000000 0.000000 0.000000
vn 1.000000 0.000000 0.000000
vn 1.000000 0.000000 0.000000
vn 1.000000 0.000000 0.000000
vn 1.000000 0.000000 0.000000
vn 1.000000 0.000000 0.000000
vn 1.000000 0.000000 0.000000
vn 1.000000 0.000000 0.000000
vn 1.000000 0.000000 0.000000
vn 1.000000 0.000000 0.000000
vn 1.000000 0.000000 0.000000
vn 1.000000 0.000000 0.000000
vn 1.000000 0.000000 0.000000
vn 1.000000 0.000000 0.000000
vn 0.971863 -0.189822 0.139462
vn 0.981079 -0.143961 0.129460
vn 0.982171 -0.160010 0.098675
vn 1.000000 0.000000 0.000000
vn 1.000000 0.000000 0.000000
vn 1.000000 0.000000 0.000000
vn 0.335031 0.935745 -0.110161
vn 0.078912 0.958903 -0.272540
vn 0.079105 0.986210 -0.145370
vn 0.074570 0.943341 0.323337
vn 0.410089 0.872815 0.264615
vn 0.098516 0.974133 0.203371
vn 0.081452 0.465735 0.881168
vn 0.077040 0.550981 0.830954
vn 0.057185 0.500461 0.863868
vn 0.836189 0.249113 0.488600
vn 0.840440 0.310662 0.444015
vn 0.658945 0.425263 0.620438
vn 1.000000 0.000000 0.000000
vn 1.000000 0.000000 0.000000
vn 1.000000 0.000000 0.000000
vn 0.993370 0.009923 0.114531
vn 0.984985 -0.168389 0.038077
vn 0.998596 -0.050453 0.016171
vn 0.680152 0.256064 0.686895
vn 0.787536 0.188102 0.586860
vn 0.914201 0.109791 0.390107
vn 0.848214 0.176013 0.499552
vn 0.643757 -0.034487 0.764453
vn 0.806280 -0.031509 0.590694
vn 0.720772 -0.037336 0.692166
vn -0.000001 -1.000000 0.000000
vn 0.000003 -1.000000 0.000003
vn -0.000001 -1.000000 0.000000
vn 0.000002 -1.000000 0.000005
vn 0.000003 -1.000000 0.000004
vn 0.000003 -1.000000 0.000003
vn 0.000002 -1.000000 0.000005
vn -0.000001 -1.000000 0.000002
vn 0.000002 -1.000000 0.000005
vn 0.000000 -1.000000 0.000000
vn 0.000000 -1.000000 0.000000
vn 0.000000 -1.000000 0.000001
vn 0.000000 -0.926256 -0.376896
vn 0.000000 -0.909485 -0.415736
vn 0.002274 -0.927658 -0.373423
vn 0.025532 -0.704144 -0.709598
vn 0.000000 -0.858005 -0.513642
vn 0.000000 -0.700940 -0.713220
vn 0.000000 -0.624681 -0.780880
vn 0.030572 -0.624390 -0.780514
vn 0.025532 -0.704144 -0.709598
vn 0.000000 -0.700940 -0.713220
vn 0.000000 -0.519329 -0.854575
vn 0.030572 -0.519086 -0.854175
vn 0.030572 -0.624390 -0.780514
vn 0.000000 -0.624681 -0.780880
vn 0.000000 -0.423904 -0.905707
vn 0.035117 -0.412827 -0.910132
vn 0.030572 -0.519086 -0.854175
vn 0.000000 -0.519329 -0.854575
vn 0.039779 -0.271361 -0.961655
vn 0.035117 -0.412827 -0.910132
vn 0.000000 -0.423904 -0.905707
vn 0.000000 -0.271393 -0.962469
vn 0.035587 -0.137661 -0.989840
vn 0.039779 -0.271361 -0.961655
vn 0.000000 -0.271393 -0.962469
vn 0.000000 -0.126977 -0.991906
vn 0.000000 -0.002997 -0.999996
vn 0.030568 -0.002996 -0.999528
vn 0.035587 -0.137661 -0.989840
vn 0.000000 -0.126977 -0.991906
vn 0.000000 0.126211 -0.992004
vn 0.030567 0.126151 -0.991540
vn 0.030568 -0.002996 -0.999528
vn 0.000000 -0.002997 -0.999996
vn -0.000000 0.253305 -0.967386
vn 0.030567 0.253186 -0.966935
vn 0.030567 0.126151 -0.991540
vn 0.000000 0.126211 -0.992004
vn 0.000000 0.376154 -0.926557
vn 0.030566 0.375977 -0.926125
vn 0.030567 0.253186 -0.966935
vn -0.000000 0.253305 -0.967386
vn 0.000000 0.492698 -0.870200
vn 0.030565 0.492467 -0.869794
vn 0.030566 0.375977 -0.926125
vn 0.000000 0.376154 -0.926557
vn 0.000000 0.600986 -0.799260
vn 0.030564 0.600704 -0.798887
vn 0.030565 0.492467 -0.869794
vn 0.000000 0.492698 -0.870200
vn -0.000000 0.699201 -0.714925
vn 0.030563 0.698873 -0.714592
vn 0.030564 0.600704 -0.798887
vn 0.000000 0.600986 -0.799260
vn -0.000000 0.785699 -0.618609
vn 0.030563 0.785332 -0.618320
vn 0.030563 0.698873 -0.714592
vn -0.000000 0.699201 -0.714925
vn -0.000000 0.859030 -0.511925
vn 0.030562 0.858628 -0.511687
vn 0.030563 0.785332 -0.618320
vn -0.000000 0.785699 -0.618609
vn -0.000000 0.917037 -0.398802
vn 0.032141 0.918228 -0.394746
vn 0.030562 0.858628 -0.511687
vn -0.000000 0.859030 -0.511925
vn -0.000000 0.962445 -0.271477
vn 0.033499 0.961769 -0.271804
vn 0.032141 0.918228 -0.394746
vn -0.000000 0.917037 -0.398802
vn -0.000000 0.962445 -0.271477
vn -0.000000 0.990133 -0.140128
vn 0.031555 0.988996 -0.144541
vn 0.033499 0.961769 -0.271804
vn 0.031555 0.988996 -0.144541
vn -0.000000 0.990133 -0.140128
vn -0.000000 0.999960 -0.008975
vn 0.029780 0.999516 -0.008973
vn 0.029780 0.999516 -0.008973
vn -0.000000 0.999960 -0.008975
vn 0.000000 0.992109 0.125382
vn 0.029779 0.991669 0.125326
vn 0.029779 0.991669 0.125326
vn 0.000000 0.992109 0.125382
vn 0.000000 0.966287 0.257468
vn 0.029778 0.965859 0.257353
vn 0.029778 0.965859 0.257353
vn 0.000000 0.966287 0.257468
vn 0.000000 0.922962 0.384892
vn 0.029777 0.922553 0.384721
vn 0.029777 0.922553 0.384721
vn 0.000000 0.922962 0.384892
vn 0.000000 0.862918 0.505345
vn 0.029776 0.862535 0.505120
vn 0.029776 0.862535 0.505120
vn 0.000000 0.862918 0.505345
vn 0.000000 0.787243 0.616643
vn 0.029776 0.786895 0.616369
vn 0.029776 0.786895 0.616369
vn 0.000000 0.787243 0.616643
vn 0.000000 0.697311 0.716769
vn 0.029776 0.697002 0.716451
vn 0.029776 0.697002 0.716451
vn 0.000000 0.697311 0.716769
vn 0.000000 0.602153 0.798381
vn 0.030215 0.601320 0.798437
vn 0.025083 0.491201 0.870685
vn 0.030215 0.601320 0.798437
vn 0.000000 0.602153 0.798381
vn 0.000000 0.485141 0.874436
vn 0.097599 -0.044482 -0.994231
vn 0.054605 -0.002279 -0.998506
vn 0.073815 0.063363 -0.995257
vn 0.098052 0.089277 -0.991169
vn 0.054127 0.126824 -0.990447
vn 0.073375 0.192103 -0.978628
vn 0.073260 0.311882 -0.947292
vn 0.053760 0.374816 -0.925539
vn 0.098136 0.403305 -0.909788
vn 0.073346 0.431894 -0.898937
vn 0.054131 0.491275 -0.869321
vn 0.098001 0.521971 -0.847315
vn 0.073784 0.545060 -0.835144
vn 0.054630 0.599531 -0.798485
vn 0.097625 0.631005 -0.769612
vn 0.085195 0.815518 -0.572426
vn 0.075132 0.741226 -0.667038
vn 0.056174 0.784751 -0.617261
vn 0.074505 0.648595 -0.757479
vn 0.055180 0.697713 -0.714249
vn 0.096795 0.728457 -0.678219
vn -0.085195 0.815518 -0.572426
vn -0.075132 0.741226 -0.667038
vn -0.332650 0.722967 -0.605527
vn -0.074506 0.648595 -0.757479
vn -0.337975 0.619906 -0.708159
vn -0.096795 0.728457 -0.678219
vn -0.073784 0.545060 -0.835144
vn -0.343211 0.515576 -0.785104
vn -0.097625 0.631005 -0.769612
vn -0.073346 0.431894 -0.898937
vn -0.345304 0.402167 -0.847955
vn -0.098001 0.521971 -0.847315
vn -0.073260 0.311882 -0.947292
vn -0.345570 0.282124 -0.894979
vn -0.098136 0.403305 -0.909788
vn -0.098052 0.089277 -0.991169
vn -0.344036 0.156774 -0.925776
vn -0.073375 0.192103 -0.978628
vn -0.097598 -0.044482 -0.994231
vn -0.339236 0.028214 -0.940278
vn -0.073815 0.063363 -0.995257
vn -0.073980 -0.343162 -0.936358
vn -0.098445 -0.448237 -0.888477
vn -0.339078 -0.354399 -0.871451
s off
g left_shoulder_pitch_link:Mesh
usemtl initialShadingGroup
f 1/1/1 125/2/2 2/3/3 3/4/4
f 5/5/5 7/6/6 6/7/7 4/8/8
f 5/5/9 9/9/10 8/10/11 7/6/12
f 9/9/13 13/11/14 10/12/15 8/10/16
f 12/13/17 13/11/18 9/9/19 11/14/20
f 15/15/21 16/16/22 11/14/23 14/17/24
f 16/16/25 17/18/26 11/14/27
f 11/14/28 17/18/29 18/19/30 12/13/31
f 19/20/32 189/21/33 20/22/34 21/23/35
f 20/22/36 189/21/37 22/24/38 21/23/39
f 22/24/40 23/25/41 14/17/42 21/23/43
f 14/17/44 23/25/45 15/15/46
f 21/23/47 25/26/48 24/27/49 19/20/50
f 25/26/51 31/28/52 26/29/53 24/27/54
f 28/30/55 30/31/56 29/32/57 27/33/58
f 30/31/59 31/28/60 25/26/61 29/32/62
f 27/33/63 29/32/64 32/34/65 72/35/66
f 32/34/67 29/32/68 33/36/69
f 32/34/70 33/36/71 34/37/72 73/38/73
f 36/39/74 38/40/75 37/41/76 35/42/77
f 38/40/78 39/43/79 33/36/80 37/41/81
f 33/36/82 39/43/83 34/37/84
f 41/44/85 128/45/86 42/46/87 40/47/88
f 42/46/89 43/48/90 37/41/91 40/47/92
f 43/48/93 71/49/94 35/42/95 37/41/96
f 45/50/97 127/51/98 46/52/99 44/53/100
f 46/52/101 47/54/102 40/47/103 44/53/104
f 47/54/105 128/45/106 41/44/107 40/47/108
f 48/55/109 49/56/110 3/4/111 2/3/112
f 3/4/113 44/53/114 703/57/115
f 44/53/116 49/56/117 50/58/118 45/50/119
f 1/1/120 3/4/121 51/59/122 125/2/123
f 3/4/124 52/60/125 51/59/126
f 51/59/127 52/60/128 53/61/129 124/62/130
f 54/63/131 55/64/132 52/60/133
f 52/60/134 55/64/135 56/65/136 53/61/137
f 58/66/138 59/67/139 54/63/140 57/68/141
f 59/67/142 123/69/143 55/64/144 54/63/145
f 57/68/146 54/63/147 60/70/148
f 54/63/149 61/71/150 60/70/151
f 60/70/152 61/71/153 62/72/154 121/73/155
f 62/72/156 61/71/157 63/74/158 64/75/159
f 65/76/160 66/77/161 67/78/162 73/38/163
f 68/79/164 69/80/165 70/81/166
f 35/42/167 71/49/168 36/39/169
f 28/30/170 27/33/171 72/35/172
f 72/35/173 32/34/174 73/38/175
f 73/38/176 34/37/177 39/43/178 65/76/179
f 75/82/180 74/83/181 69/80/182 68/79/183
f 74/83/184 75/82/185 77/84/186 76/85/187
f 77/84/188 75/82/189 78/86/190
f 75/82/191 81/87/192 79/88/193 78/86/194
f 81/87/195 67/78/196 82/89/197 80/90/198
f 84/91/199 86/92/200 85/93/201 83/94/202
f 85/93/203 86/92/204 82/89/205 88/95/206
f 82/89/207 86/92/208 87/96/209 80/90/210
f 85/93/211 88/95/212 89/97/213 83/94/214
f 83/94/215 89/97/216 90/98/217
f 66/77/218 65/76/219 71/49/220 91/99/221
f 65/76/222 38/40/223 36/39/224 71/49/225
f 72/35/226 73/38/227 67/78/228 92/100/229
f 65/76/230 39/43/231 38/40/232
f 80/90/233 79/88/234 81/87/235
f 81/87/236 75/82/237 68/79/238 92/100/239
f 88/95/240 91/99/241 93/101/242 89/97/243
f 89/97/244 93/101/245 94/102/246
f 94/102/247 95/103/248 90/98/249 89/97/250
f 90/98/251 95/103/252 96/104/253 101/105/254
f 96/104/255 95/103/256 97/106/257 101/105/258
f 30/31/259 28/30/260 70/81/261 31/28/262
f 70/81/263 28/30/264 72/35/265 68/79/266
f 68/79/267 72/35/268 92/100/269
f 81/87/270 92/100/271 67/78/272
f 82/89/273 67/78/274 66/77/275 88/95/276
f 88/95/277 66/77/278 91/99/279
f 98/107/280 99/108/281 100/109/282 106/110/283
f 76/85/284 77/84/285 102/111/286
f 102/111/287 77/84/288 78/86/289 79/88/290
f 102/111/291 79/88/292 80/90/293 87/96/294
f 102/111/295 87/96/296 103/112/297 104/113/298
f 104/113/299 103/112/300 105/114/301
f 105/114/302 106/110/303 100/109/304 104/113/305
f 101/105/306 107/115/307 83/94/308 90/98/309
f 107/115/310 108/116/311 84/91/312 83/94/313
f 108/116/314 87/96/315 86/92/316 84/91/317
f 87/96/318 108/116/319 109/117/320 103/112/321
f 103/112/322 109/117/323 110/118/324
f 110/118/325 111/119/326 105/114/327 103/112/328
f 111/119/329 286/120/330 106/110/331 105/114/332
f 112/121/333 130/122/334 113/123/335 97/106/336
f 114/124/337 115/125/338 116/126/339 132/127/340
f 117/128/341 167/129/342 118/130/343 119/131/344
f 121/73/345 62/72/346 64/75/347 120/132/348
f 60/70/349 121/73/350 122/133/351 57/68/352
f 59/67/353 58/66/354 122/133/355 123/69/356
f 122/133/357 58/66/358 57/68/359
f 56/65/360 55/64/361 123/69/362 124/62/363
f 125/2/364 51/59/365 124/62/366
f 124/62/367 53/61/368 56/65/369
f 49/56/370 48/55/371 126/134/372 50/58/373
f 126/134/374 48/55/375 2/3/376 125/2/377
f 50/58/378 126/134/379 127/51/380 45/50/381
f 47/54/382 46/52/383 127/51/384 128/45/385
f 129/135/386 167/129/387 113/123/388 130/122/389
f 130/122/390 112/121/391 131/136/392 155/137/393
f 133/138/394 134/139/395 135/140/396 138/141/397
f 135/140/398 134/139/399 136/142/400 137/143/401
f 135/140/402 150/144/403 139/145/404 138/141/405
f 138/141/406 139/145/407 140/146/408
f 139/145/409 151/147/410 141/148/411 140/146/412
f 140/146/413 141/148/414 142/149/415 171/150/416
f 143/151/417 144/152/418 145/153/419 153/154/420
f 144/152/421 178/155/422 146/156/423 145/153/424
f 145/153/425 146/156/426 141/148/427 152/157/428
f 141/148/429 146/156/430 147/158/431 142/149/432
f 148/159/433 149/160/434 137/143/435
f 149/160/436 150/144/437 135/140/438 137/143/439
f 139/145/440 150/144/441 151/147/442
f 141/148/443 151/147/444 152/157/445
f 145/153/446 152/157/447 153/154/448
f 95/103/449 94/102/450 112/121/451 97/106/452
f 94/102/453 93/101/454 131/136/455 112/121/456
f 131/136/457 93/101/458 91/99/459 157/161/460
f 115/125/461 167/129/462 117/128/463 116/126/464
f 116/126/465 117/128/466 119/131/467
f 116/126/468 119/131/469 154/162/470 148/159/471
f 119/131/472 130/122/473 155/137/474 154/162/475
f 154/162/476 155/137/477 156/163/478 166/164/479
f 155/137/480 131/136/481 157/161/482 156/163/483
f 156/163/484 157/161/485 158/165/486
f 157/161/487 91/99/488 71/49/489 158/165/490
f 158/165/491 71/49/492 43/48/493 42/46/494
f 143/151/495 153/154/496 160/166/497 159/167/498
f 153/154/499 152/157/500 161/168/501 160/166/502
f 152/157/503 151/147/504 162/169/505 161/168/506
f 151/147/507 150/144/508 163/170/509 162/169/510
f 150/144/511 149/160/512 164/171/513 163/170/514
f 149/160/515 148/159/516 165/172/517 164/171/518
f 148/159/519 154/162/520 166/164/521 165/172/522
f 129/135/523 130/122/524 119/131/525 118/130/526
f 159/167/527 160/166/528 121/73/529 120/132/530
f 160/166/531 161/168/532 122/133/533 121/73/534
f 161/168/535 162/169/536 123/69/537 122/133/538
f 162/169/539 163/170/540 124/62/541 123/69/542
f 163/170/543 164/171/544 125/2/545 124/62/546
f 164/171/547 165/172/548 126/134/549 125/2/550
f 165/172/551 166/164/552 127/51/553 126/134/554
f 166/164/555 156/163/556 128/45/557 127/51/558
f 136/142/559 132/127/560 137/143/561
f 137/143/562 132/127/563 116/126/564 148/159/565
f 128/45/566 156/163/567 158/165/568 42/46/569
f 97/106/570 113/123/571 167/129/572 266/173/573
f 167/129/574 129/135/575 118/130/576
f 115/125/577 114/124/578 168/174/579 167/129/580
f 114/124/581 132/127/582 169/175/583 168/174/584
f 132/127/585 176/176/586 170/177/587 169/175/588
f 171/150/589 172/178/590 138/141/591 140/146/592
f 138/141/593 172/178/594 133/138/595
f 133/138/596 172/178/597 173/179/598 134/139/599
f 175/180/600 176/176/601 132/127/602 174/181/603
f 174/181/604 132/127/605 177/182/606
f 177/182/607 132/127/608 136/142/609 173/179/610
f 173/179/611 136/142/612 134/139/613
f 171/150/614 142/149/615 147/158/616
f 147/158/617 146/156/618 178/155/619 171/150/620
f 70/81/621 179/183/622 180/184/623
f 181/185/624 182/186/625 183/187/626 187/188/627
f 183/187/628 182/186/629 184/189/630 185/190/631
f 76/85/632 186/191/633 74/83/634
f 74/83/635 186/191/636 181/185/637 187/188/638
f 74/83/639 187/188/640 188/192/641 69/80/642
f 70/81/643 69/80/644 188/192/645 179/183/646
f 70/81/647 180/184/648 26/29/649 31/28/650
f 180/184/651 19/20/652 24/27/653 26/29/654
f 190/193/655 23/25/656 22/24/657
f 189/21/658 191/194/659 190/193/660 22/24/661
f 191/194/662 193/195/663 192/196/664 190/193/665
f 193/195/666 183/187/667 194/197/668 192/196/669
f 183/187/670 185/190/671 195/198/672 194/197/673
f 185/190/674 234/199/675 196/200/676 195/198/677
f 187/188/678 183/187/679 193/195/680 188/192/681
f 188/192/682 193/195/683 191/194/684 179/183/685
f 179/183/686 191/194/687 189/21/688
f 189/21/689 19/20/690 180/184/691 179/183/692
f 197/201/693 198/202/694 199/203/695 225/204/696
f 192/196/697 194/197/698 200/205/699 213/206/700
f 195/198/701 196/200/702 201/207/703
f 198/202/704 204/208/705 203/209/706 199/203/707
f 204/208/708 206/210/709 205/211/710 203/209/711
f 206/210/712 228/212/713 207/213/714 205/211/715
f 208/214/716 209/215/717 197/201/718 224/216/719
f 209/215/720 210/217/721 198/202/722 197/201/723
f 210/217/724 211/218/725 204/208/726 198/202/727
f 211/218/728 227/219/729 206/210/730 204/208/731
f 212/220/732 213/206/733 200/205/734 228/212/735
f 214/221/736 6/7/737 215/222/738 208/214/739
f 215/222/740 216/223/741 209/215/742 208/214/743
f 216/223/744 217/224/745 210/217/746 209/215/747
f 217/224/748 226/225/749 211/218/750 210/217/751
f 192/196/752 213/206/753 218/226/754 190/193/755
f 213/206/756 212/220/757 219/227/758 218/226/759
f 212/220/760 227/219/761 220/228/762 219/227/763
f 221/229/764 224/216/765 222/230/766 202/231/767
f 223/232/768 208/214/769 224/216/770 221/229/771
f 224/216/772 197/201/773 225/204/774 222/230/775
f 223/232/776 214/221/777 208/214/778
f 215/222/779 6/7/780 7/6/781
f 7/6/782 8/10/783 216/223/784 215/222/785
f 8/10/786 10/12/787 217/224/788 216/223/789
f 10/12/790 13/11/791 217/224/792
f 13/11/793 12/13/794 226/225/795 217/224/796
f 226/225/797 220/228/798 227/219/799 211/218/800
f 227/219/801 212/220/802 228/212/803 206/210/804
f 228/212/805 200/205/806 201/207/807 207/213/808
f 12/13/809 18/19/810 220/228/811 226/225/812
f 201/207/813 200/205/814 194/197/815 195/198/816
f 190/193/817 218/226/818 15/15/819 23/25/820
f 218/226/821 219/227/822 16/16/823 15/15/824
f 219/227/825 220/228/826 17/18/827 16/16/828
f 17/18/829 220/228/830 18/19/831
f 229/233/832 235/234/833 230/235/834 231/236/835
f 99/108/836 236/237/837 233/238/838 100/109/839
f 232/239/840 102/111/841 233/238/842
f 233/238/843 102/111/844 104/113/845 100/109/846
f 229/233/847 231/236/848 232/239/849
f 231/236/850 234/199/851 102/111/852 232/239/853
f 234/199/854 186/191/855 76/85/856 102/111/857
f 235/234/858 373/240/859 230/235/860
f 229/233/861 232/239/862 236/237/863 235/234/864
f 236/237/865 232/239/866 233/238/867
f 237/241/868 236/237/869 98/107/870 238/242/871
f 236/237/872 99/108/873 98/107/874
f 238/242/875 240/243/876 239/244/877 237/241/878
f 98/107/879 106/110/880 240/243/881 238/242/882
f 241/245/883 242/246/884 243/247/885 249/248/886
f 245/249/887 231/236/888 230/235/889 244/250/890
f 242/246/891 234/199/892 243/247/893
f 243/247/894 234/199/895 231/236/896 246/251/897
f 246/251/898 231/236/899 245/249/900
f 247/252/901 249/248/902 248/253/903
f 250/254/904 251/255/905 252/256/906
f 252/256/907 251/255/908 247/252/909 248/253/910
f 253/257/911 250/254/912 252/256/913
f 252/256/914 248/253/915 254/258/916 255/259/917
f 255/259/918 254/258/919 256/260/920
f 256/260/921 258/261/922 257/262/923 255/259/924
f 244/250/925 258/261/926 256/260/927 245/249/928
f 245/249/929 256/260/930 254/258/931 246/251/932
f 246/251/933 254/258/934 248/253/935
f 248/253/936 249/248/937 243/247/938 246/251/939
f 257/262/940 258/261/941 259/263/942
f 253/257/943 252/256/944 255/259/945 260/264/946
f 260/264/947 255/259/948 257/262/949
f 257/262/950 259/263/951 261/265/952 260/264/953
f 259/263/954 370/266/955 262/267/956 261/265/957
f 263/268/958 264/269/959 265/270/960 268/271/961
f 101/105/962 97/106/963 266/173/964
f 266/173/965 167/129/966 267/272/967
f 264/269/968 263/268/969 266/173/970 267/272/971
f 263/268/972 107/115/973 101/105/974 266/173/975
f 268/271/976 108/116/977 107/115/978 263/268/979
f 268/271/980 265/270/981 269/273/982 108/116/983
f 269/273/984 273/274/985 109/117/986 108/116/987
f 269/273/988 265/270/989 270/275/990 271/276/991
f 272/277/992 273/274/993 269/273/994 271/276/995
f 273/274/996 276/278/997 110/118/998 109/117/999
f 275/279/1000 110/118/1001 276/278/1002 274/280/1003
f 278/281/1004 279/282/1005 280/283/1006 300/284/1007
f 281/285/1008 282/286/1009 283/287/1010
f 284/288/1011 285/289/1012 286/120/1013
f 106/110/1014 286/120/1015 240/243/1016
f 240/243/1017 286/120/1018 285/289/1019 239/244/1020
f 284/288/1021 286/120/1022 274/280/1023
f 284/288/1024 287/290/1025 465/291/1026
f 287/290/1027 284/288/1028 288/292/1029
f 287/290/1030 289/293/1031 457/294/1032
f 288/292/1033 291/295/1034 290/296/1035 289/293/1036
f 291/295/1037 281/285/1038 290/296/1039
f 282/286/1040 293/297/1041 292/298/1042 283/287/1043
f 293/297/1044 297/299/1045 292/298/1046
f 294/300/1047 295/301/1048 304/302/1049
f 295/301/1050 294/300/1051 296/303/1052 297/299/1053
f 294/300/1054 298/304/1055 278/281/1056
f 278/281/1057 298/304/1058 279/282/1059
f 299/305/1060 300/284/1061 280/283/1062 410/306/1063
f 302/307/1064 303/308/1065 299/305/1066 301/309/1067
f 299/305/1068 303/308/1069 300/284/1070
f 277/310/1071 304/302/1072 295/301/1073
f 294/300/1074 304/302/1075 298/304/1076
f 277/310/1077 293/297/1078 305/311/1079
f 276/278/1080 273/274/1081 272/277/1082 306/312/1083
f 306/312/1084 272/277/1085 271/276/1086 307/313/1087
f 307/313/1088 271/276/1089 270/275/1090 308/314/1091
f 274/280/1092 286/120/1093 111/119/1094 275/279/1095
f 275/279/1096 111/119/1097 110/118/1098
f 296/303/1099 292/298/1100 297/299/1101
f 293/297/1102 277/310/1103 295/301/1104 297/299/1105
f 305/311/1106 293/297/1107 282/286/1108
f 282/286/1109 281/285/1110 291/295/1111 305/311/1112
f 284/288/1113 274/280/1114 276/278/1115 288/292/1116
f 288/292/1117 276/278/1118 306/312/1119 291/295/1120
f 291/295/1121 306/312/1122 307/313/1123 305/311/1124
f 305/311/1125 307/313/1126 308/314/1127
f 308/314/1128 277/310/1129 305/311/1130
f 309/315/1131 341/316/1132 310/317/1133 311/318/1134
f 310/317/1135 333/319/1136 312/320/1137 311/318/1138
f 311/318/1139 312/320/1140 313/321/1141
f 313/321/1142 312/320/1143 314/322/1144 378/323/1145
f 312/320/1146 331/324/1147 315/325/1148 314/322/1149
f 315/325/1150 317/326/1151 316/327/1152 314/322/1153
f 315/325/1154 330/328/1155 318/329/1156 317/326/1157
f 317/326/1158 318/329/1159 319/330/1160 393/331/1161
f 319/330/1162 318/329/1163 320/332/1164 393/331/1165
f 318/329/1166 329/333/1167 321/334/1168 320/332/1169
f 320/332/1170 321/334/1171 322/335/1172
f 323/336/1173 177/182/1174 324/337/1175 331/324/1176
f 324/337/1177 177/182/1178 173/179/1179
f 324/337/1180 173/179/1181 325/338/1182 330/328/1183
f 325/338/1184 173/179/1185 172/178/1186
f 325/338/1187 172/178/1188 326/339/1189 329/333/1190
f 326/339/1191 172/178/1192 171/150/1193
f 326/339/1194 171/150/1195 327/340/1196 328/341/1197
f 327/340/1198 171/150/1199 178/155/1200
f 328/341/1201 321/334/1202 329/333/1203 326/339/1204
f 329/333/1205 318/329/1206 330/328/1207 325/338/1208
f 330/328/1209 315/325/1210 331/324/1211 324/337/1212
f 323/336/1213 331/324/1214 332/342/1215
f 331/324/1216 312/320/1217 333/319/1218 332/342/1219
f 334/343/1220 335/344/1221 336/345/1222 357/346/1223
f 337/347/1224 336/345/1225 338/348/1226 347/349/1227
f 332/342/1228 333/319/1229 342/350/1230 343/351/1231
f 332/342/1232 343/351/1233 344/352/1234
f 345/353/1235 270/275/1236 265/270/1237 359/354/1238
f 340/355/1239 339/356/1240 345/353/1241 358/357/1242
f 345/353/1243 339/356/1244 346/358/1245
f 346/358/1246 308/314/1247 270/275/1248
f 341/316/1249 347/349/1250 338/348/1251 310/317/1252
f 348/359/1253 176/176/1254 344/352/1255 349/360/1256
f 349/360/1257 344/352/1258 343/351/1259 335/344/1260
f 335/344/1261 343/351/1262 342/350/1263
f 323/336/1264 332/342/1265 174/181/1266 177/182/1267
f 332/342/1268 344/352/1269 175/180/1270 174/181/1271
f 175/180/1272 344/352/1273 176/176/1274
f 348/359/1275 169/175/1276 170/177/1277 176/176/1278
f 350/361/1279 168/174/1280 351/362/1281 352/363/1282
f 352/363/1283 351/362/1284 353/364/1285 354/365/1286
f 354/365/1287 353/364/1288 355/366/1289 359/354/1290
f 339/356/1291 340/355/1292 357/346/1293 356/367/1294
f 357/346/1295 340/355/1296 358/357/1297 334/343/1298
f 358/357/1299 345/353/1300 359/354/1301 355/366/1302
f 359/354/1303 265/270/1304 264/269/1305 354/365/1306
f 335/344/1307 342/350/1308 338/348/1309 336/345/1310
f 342/350/1311 333/319/1312 310/317/1313 338/348/1314
f 356/367/1315 357/346/1316 336/345/1317 337/347/1318
f 334/343/1319 358/357/1320 355/366/1321 362/368/1322
f 354/365/1323 264/269/1324 352/363/1325
f 352/363/1326 264/269/1327 267/272/1328 350/361/1329
f 168/174/1330 169/175/1331 360/369/1332 351/362/1333
f 360/369/1334 169/175/1335 348/359/1336 361/370/1337
f 361/370/1338 348/359/1339 349/360/1340 362/368/1341
f 362/368/1342 349/360/1343 335/344/1344 334/343/1345
f 167/129/1346 168/174/1347 350/361/1348 267/272/1349
f 351/362/1350 360/369/1351 353/364/1352
f 353/364/1353 360/369/1354 361/370/1355 355/366/1356
f 355/366/1357 361/370/1358 362/368/1359
f 363/371/1360 364/372/1361 365/373/1362 222/230/1363
f 203/209/1364 205/211/1365 366/374/1366 199/203/1367
f 367/375/1368 640/376/1369 368/377/1370
f 367/375/1371 368/377/1372 365/373/1373 364/372/1374
f 250/254/1375 367/375/1376 364/372/1377 251/255/1378
f 251/255/1379 364/372/1380 363/371/1381
f 363/371/1382 366/374/1383 247/252/1384 251/255/1385
f 366/374/1386 205/211/1387 249/248/1388 247/252/1389
f 205/211/1390 207/213/1391 241/245/1392 249/248/1393
f 201/207/1394 196/200/1395 234/199/1396 242/246/1397
f 241/245/1398 207/213/1399 201/207/1400 242/246/1401
f 363/371/1402 222/230/1403 225/204/1404
f 225/204/1405 199/203/1406 366/374/1407 363/371/1408
f 234/199/1409 182/186/1410 181/185/1411 186/191/1412
f 184/189/1413 182/186/1414 234/199/1415 185/190/1416
f 369/378/1417 686/379/1418 262/267/1419 370/266/1420
f 259/263/1421 258/261/1422 371/380/1423 370/266/1424
f 258/261/1425 244/250/1426 372/381/1427 371/380/1428
f 244/250/1429 230/235/1430 373/240/1431 372/381/1432
f 379/382/1433 380/383/1434 381/384/1435 396/385/1436
f 381/384/1437 380/383/1438 382/386/1439
f 381/384/1440 382/386/1441 383/387/1442 397/388/1443
f 382/386/1444 341/316/1445 309/315/1446 383/387/1447
f 384/389/1448 385/390/1449 379/382/1450 396/385/1451
f 385/390/1452 386/391/1453 379/382/1454
f 386/391/1455 380/383/1456 379/382/1457
f 387/392/1458 388/393/1459 389/394/1460 384/389/1461
f 374/395/1462 390/396/1463 391/397/1464 376/398/1465
f 377/399/1466 376/398/1467 391/397/1468 392/400/1469
f 375/401/1470 393/331/1471 320/332/1472 322/335/1473
f 317/326/1474 393/331/1475 394/402/1476 316/327/1477
f 316/327/1478 394/402/1479 378/323/1480 314/322/1481
f 378/323/1482 394/402/1483 395/403/1484
f 395/403/1485 394/402/1486 393/331/1487 392/400/1488
f 396/385/1489 381/384/1490 397/388/1491
f 397/388/1492 383/387/1493 398/404/1494
f 398/404/1495 383/387/1496 309/315/1497 311/318/1498
f 313/321/1499 378/323/1500 398/404/1501 311/318/1502
f 378/323/1503 395/403/1504 397/388/1505 398/404/1506
f 395/403/1507 399/405/1508 396/385/1509 397/388/1510
f 399/405/1511 400/406/1512 384/389/1513 396/385/1514
f 377/399/1515 392/400/1516 393/331/1517 375/401/1518
f 395/403/1519 392/400/1520 391/397/1521 399/405/1522
f 399/405/1523 391/397/1524 390/396/1525 400/406/1526
f 400/406/1527 390/396/1528 387/392/1529 384/389/1530
f 389/394/1531 385/390/1532 384/389/1533
f 401/407/1534 386/391/1535 416/408/1536 414/409/1537
f 386/391/1538 401/407/1539 380/383/1540
f 341/316/1541 382/386/1542 403/410/1543 347/349/1544
f 347/349/1545 403/410/1546 404/411/1547 337/347/1548
f 337/347/1549 404/411/1550 405/412/1551 356/367/1552
f 346/358/1553 406/413/1554 277/310/1555 308/314/1556
f 406/413/1557 407/414/1558 304/302/1559 277/310/1560
f 279/282/1561 298/304/1562 408/415/1563 409/416/1564
f 279/282/1565 409/416/1566 280/283/1567
f 409/416/1568 411/417/1569 410/306/1570 280/283/1571
f 412/418/1572 301/309/1573 299/305/1574 411/417/1575
f 413/419/1576 389/394/1577 388/393/1578
f 408/415/1579 298/304/1580 304/302/1581 407/414/1582
f 408/415/1583 407/414/1584 414/409/1585 416/408/1586
f 407/414/1587 406/413/1588 402/420/1589 414/409/1590
f 406/413/1591 346/358/1592 339/356/1593 402/420/1594
f 412/418/1595 411/417/1596 389/394/1597 413/419/1598
f 411/417/1599 415/421/1600 385/390/1601 389/394/1602
f 415/421/1603 416/408/1604 386/391/1605 385/390/1606
f 405/412/1607 401/407/1608 414/409/1609 402/420/1610
f 401/407/1611 405/412/1612 404/411/1613 380/383/1614
f 380/383/1615 404/411/1616 403/410/1617 382/386/1618
f 356/367/1619 405/412/1620 402/420/1621 339/356/1622
f 409/416/1623 415/421/1624 411/417/1625
f 410/306/1626 411/417/1627 299/305/1628
f 417/422/1629 418/423/1630 419/424/1631 420/425/1632
f 419/424/1633 421/426/1634 420/425/1635
f 421/426/1636 422/427/1637 420/425/1638
f 422/427/1639 421/426/1640 423/428/1641
f 424/429/1642 443/430/1643 425/431/1644
f 424/429/1645 425/431/1646 426/432/1647 434/433/1648
f 418/423/1649 417/422/1650 427/434/1651 428/435/1652
f 294/300/1653 429/436/1654 430/437/1655
f 431/438/1656 428/435/1657 427/434/1658
f 432/439/1659 302/307/1660 433/440/1661 426/432/1662
f 426/432/1663 433/440/1664 434/433/1665
f 432/439/1666 435/441/1667 303/308/1668 302/307/1669
f 303/308/1670 435/441/1671 436/442/1672 300/284/1673
f 429/436/1674 294/300/1675 278/281/1676
f 278/281/1677 300/284/1678 436/442/1679 429/436/1680
f 369/378/1681 370/266/1682 437/443/1683
f 369/378/1684 437/443/1685 422/427/1686 423/428/1687
f 440/444/1688 441/445/1689 442/446/1690
f 442/446/1691 441/445/1692 425/431/1693 443/430/1694
f 445/447/1695 431/438/1696 427/434/1697 444/448/1698
f 446/449/1699 292/298/1700 296/303/1701 430/437/1702
f 430/437/1703 296/303/1704 294/300/1705
f 292/298/1706 446/449/1707 283/287/1708
f 447/450/1709 437/443/1710 370/266/1711 371/380/1712
f 438/451/1713 439/452/1714 445/447/1715 444/448/1716
f 441/445/1717 440/444/1718 448/453/1719 449/454/1720
f 450/455/1721 451/456/1722 452/457/1723
f 452/457/1724 451/456/1725 439/452/1726 438/451/1727
f 453/458/1728 447/450/1729 372/381/1730 373/240/1731
f 447/450/1732 371/380/1733 372/381/1734
f 454/459/1735 455/460/1736 449/454/1737 448/453/1738
f 446/449/1739 456/461/1740 281/285/1741 283/287/1742
f 456/461/1743 290/296/1744 281/285/1745
f 290/296/1746 456/461/1747 457/294/1748 289/293/1749
f 455/460/1750 454/459/1751 458/462/1752 459/463/1753
f 235/234/1754 453/458/1755 373/240/1756
f 235/234/1757 236/237/1758 460/464/1759 453/458/1760
f 464/465/1761 450/455/1762 452/457/1763 463/466/1764
f 287/290/1765 457/294/1766 465/291/1767
f 466/467/1768 237/241/1769 239/244/1770
f 466/467/1771 239/244/1772 285/289/1773 465/291/1774
f 465/291/1775 285/289/1776 284/288/1777
f 462/468/1778 461/469/1779 464/465/1780 463/466/1781
f 236/237/1782 237/241/1783 466/467/1784 460/464/1785
f 458/462/1786 461/469/1787 462/468/1788 459/463/1789
f 260/264/1790 261/265/1791 469/470/1792 470/471/1793
f 253/257/1794 260/264/1795 470/471/1796 473/472/1797
f 471/473/1798 478/474/1799 472/475/1800 473/472/1801
f 473/472/1802 472/475/1803 250/254/1804 253/257/1805
f 474/476/1806 475/477/1807 476/478/1808 537/479/1809
f 476/478/1810 475/477/1811 477/480/1812
f 476/478/1813 477/480/1814 471/473/1815 536/481/1816
f 471/473/1817 477/480/1818 478/474/1819
f 480/482/1820 482/483/1821 481/484/1822 479/485/1823
f 481/484/1824 482/483/1825 474/476/1826 538/486/1827
f 474/476/1828 482/483/1829 483/487/1830
f 483/487/1831 641/488/1832 475/477/1833
f 479/485/1834 481/484/1835 484/489/1836
f 481/484/1837 539/490/1838 485/491/1839 484/489/1840
f 485/491/1841 487/492/1842 486/493/1843 484/489/1844
f 485/491/1845 540/494/1846 488/495/1847 487/492/1848
f 487/492/1849 489/496/1850 625/497/1851
f 490/498/1852 491/499/1853 492/500/1854 507/501/1855
f 492/500/1856 491/499/1857 493/502/1858 494/503/1859
f 494/503/1860 493/502/1861 495/504/1862 496/505/1863
f 496/505/1864 495/504/1865 497/506/1866 498/507/1867
f 498/507/1868 497/506/1869 499/508/1870 500/509/1871
f 500/509/1872 499/508/1873 501/510/1874 502/511/1875
f 502/511/1876 501/510/1877 469/470/1878 503/512/1879
f 503/512/1880 469/470/1881 261/265/1882 262/267/1883
f 489/496/1884 488/495/1885 504/513/1886
f 488/495/1887 541/514/1888 505/515/1889 504/513/1890
f 504/513/1891 506/516/1892 623/517/1893
f 507/501/1894 512/518/1895 508/519/1896 490/498/1897
f 506/516/1898 505/515/1899 509/520/1900
f 505/515/1901 542/521/1902 510/522/1903 509/520/1904
f 509/520/1905 510/522/1906 511/523/1907
f 512/518/1908 517/524/1909 513/525/1910 508/519/1911
f 511/523/1912 514/526/1913 622/527/1914
f 510/522/1915 543/528/1916 515/529/1917 514/526/1918
f 514/526/1919 515/529/1920 516/530/1921
f 517/524/1922 522/531/1923 518/532/1924 513/525/1925
f 516/530/1926 519/533/1927 621/534/1928
f 515/529/1929 544/535/1930 520/536/1931 519/533/1932
f 519/533/1933 520/536/1934 521/537/1935
f 522/531/1936 527/538/1937 523/539/1938 518/532/1939
f 521/537/1940 524/540/1941 620/541/1942
f 520/536/1943 545/542/1944 525/543/1945 524/540/1946
f 524/540/1947 525/543/1948 526/544/1949
f 527/538/1950 532/545/1951 528/546/1952 523/539/1953
f 526/544/1954 529/547/1955 619/548/1956
f 525/543/1957 546/549/1958 530/550/1959 529/547/1960
f 529/547/1961 530/550/1962 531/551/1963
f 532/545/1964 534/552/1965 533/553/1966 528/546/1967
f 470/471/1968 469/470/1969 501/510/1970 535/554/1971
f 535/554/1972 501/510/1973 499/508/1974 536/481/1975
f 536/481/1976 499/508/1977 497/506/1978 537/479/1979
f 537/479/1980 497/506/1981 495/504/1982 538/486/1983
f 538/486/1984 495/504/1985 493/502/1986 539/490/1987
f 539/490/1988 493/502/1989 491/499/1990 540/494/1991
f 540/494/1992 491/499/1993 490/498/1994 541/514/1995
f 541/514/1996 490/498/1997 508/519/1998 542/521/1999
f 542/521/2000 508/519/2001 513/525/2002 543/528/2003
f 543/528/2004 513/525/2005 518/532/2006 544/535/2007
f 544/535/2008 518/532/2009 523/539/2010 545/542/2011
f 545/542/2012 523/539/2013 528/546/2014 546/549/2015
f 546/549/2016 528/546/2017 533/553/2018 547/555/2019
f 473/472/2020 470/471/2021 535/554/2022 471/473/2023
f 471/473/2024 535/554/2025 536/481/2026
f 476/478/2027 536/481/2028 537/479/2029
f 474/476/2030 537/479/2031 538/486/2032
f 481/484/2033 538/486/2034 539/490/2035
f 485/491/2036 539/490/2037 540/494/2038
f 488/495/2039 540/494/2040 541/514/2041
f 505/515/2042 541/514/2043 542/521/2044
f 510/522/2045 542/521/2046 543/528/2047
f 515/529/2048 543/528/2049 544/535/2050
f 520/536/2051 544/535/2052 545/542/2053
f 525/543/2054 545/542/2055 546/549/2056
f 530/550/2057 546/549/2058 547/555/2059 548/556/2060
f 468/557/2061 533/553/2062 534/552/2063 467/558/2064
f 549/559/2065 550/560/2066 548/556/2067 553/561/2068
f 550/560/2069 551/562/2070 530/550/2071 548/556/2072
f 551/562/2073 618/563/2074 531/551/2075
f 553/561/2076 555/564/2077 554/565/2078 552/566/2079
f 555/564/2080 468/557/2081 556/567/2082 554/565/2083
f 468/557/2084 467/558/2085 557/568/2086 556/567/2087
f 468/557/2088 555/564/2089 547/555/2090 533/553/2091
f 555/564/2092 553/561/2093 548/556/2094 547/555/2095
f 549/559/2096 553/561/2097 552/566/2098 558/569/2099
f 559/570/2100 413/419/2101 388/393/2102
f 560/571/2103 558/569/2104 552/566/2105 611/572/2106
f 558/569/2107 561/573/2108 648/574/2109 628/575/2110
f 560/571/2111 610/576/2112 562/577/2113 561/573/2114
f 561/573/2115 562/577/2116 563/578/2117
f 565/579/2118 564/580/2119 562/577/2120 609/581/2121
f 562/577/2122 564/580/2123 563/578/2124
f 564/580/2125 565/579/2126 566/582/2127
f 565/579/2128 608/583/2129 567/584/2130 566/582/2131
f 569/585/2132 570/586/2133 568/587/2134
f 570/586/2135 569/585/2136 567/584/2137 607/588/2138
f 567/584/2139 569/585/2140 571/589/2141
f 571/589/2142 654/590/2143 566/582/2144
f 568/587/2145 570/586/2146 572/591/2147
f 570/586/2148 606/592/2149 573/593/2150 572/591/2151
f 575/594/2152 576/595/2153 574/596/2154
f 576/595/2155 575/594/2156 573/593/2157 605/597/2158
f 573/593/2159 575/594/2160 577/598/2161 572/591/2162
f 578/599/2163 579/600/2164 576/595/2165 604/601/2166
f 576/595/2167 579/600/2168 574/596/2169
f 580/602/2170 412/418/2171 413/419/2172 559/570/2173
f 581/603/2174 301/309/2175 412/418/2176 580/602/2177
f 301/309/2178 582/604/2179 665/605/2180
f 581/603/2181 604/601/2182 583/606/2183 582/604/2184
f 582/604/2185 583/606/2186 584/607/2187
f 585/608/2188 586/609/2189 583/606/2190 605/597/2191
f 583/606/2192 586/609/2193 584/607/2194
f 587/610/2195 588/611/2196 585/608/2197 606/592/2198
f 585/608/2199 588/611/2200 586/609/2201
f 589/612/2202 666/613/2203 591/614/2204 590/615/2205
f 590/615/2206 591/614/2207 592/616/2208 608/583/2209
f 592/616/2210 591/614/2211 593/617/2212
f 592/616/2213 593/617/2214 587/610/2215 607/588/2216
f 587/610/2217 593/617/2218 594/618/2219
f 594/618/2220 673/619/2221 588/611/2222 587/610/2223
f 595/620/2224 596/621/2225 590/615/2226 609/581/2227
f 590/615/2228 596/621/2229 589/612/2230
f 598/622/2231 597/623/2232 599/624/2233
f 598/622/2234 599/624/2235 595/620/2236 610/576/2237
f 599/624/2238 670/625/2239 596/621/2240 595/620/2241
f 597/623/2242 598/622/2243 600/626/2244
f 598/622/2245 611/572/2246 601/627/2247 600/626/2248
f 600/626/2249 601/627/2250 557/568/2251
f 601/627/2252 554/565/2253 556/567/2254 557/568/2255
f 388/393/2256 602/628/2257 559/570/2258
f 559/570/2259 602/628/2260 603/629/2261
f 559/570/2262 603/629/2263 578/599/2264 580/602/2265
f 578/599/2266 603/629/2267 579/600/2268
f 580/602/2269 578/599/2270 604/601/2271 581/603/2272
f 604/601/2273 576/595/2274 605/597/2275 583/606/2276
f 605/597/2277 573/593/2278 606/592/2279 585/608/2280
f 606/592/2281 570/586/2282 607/588/2283 587/610/2284
f 607/588/2285 567/584/2286 608/583/2287 592/616/2288
f 608/583/2289 565/579/2290 609/581/2291 590/615/2292
f 609/581/2293 562/577/2294 610/576/2295 595/620/2296
f 610/576/2297 560/571/2298 611/572/2299 598/622/2300
f 611/572/2301 552/566/2302 554/565/2303 601/627/2304
f 480/482/2305 612/630/2306 482/483/2307
f 613/631/2308 612/630/2309 626/632/2310 615/633/2311
f 641/488/2312 612/630/2313 613/631/2314 642/634/2315
f 558/569/2316 628/575/2317 616/635/2318 549/559/2319
f 549/559/2320 616/635/2321 617/636/2322 550/560/2323
f 551/562/2324 550/560/2325 617/636/2326 618/563/2327
f 619/548/2328 620/541/2329 524/540/2330 526/544/2331
f 529/547/2332 531/551/2333 618/563/2334 619/548/2335
f 621/534/2336 622/527/2337 514/526/2338 516/530/2339
f 519/533/2340 521/537/2341 620/541/2342 621/534/2343
f 506/516/2344 509/520/2345 624/637/2346 623/517/2347
f 509/520/2348 511/523/2349 622/527/2350 624/637/2351
f 489/496/2352 504/513/2353 623/517/2354 625/497/2355
f 484/489/2356 486/493/2357 626/632/2358 479/485/2359
f 486/493/2360 487/492/2361 625/497/2362 626/632/2363
f 612/630/2364 479/485/2365 626/632/2366
f 479/485/2367 612/630/2368 480/482/2369
f 628/575/2370 627/638/2371 629/639/2372 616/635/2373
f 629/639/2374 630/640/2375 617/636/2376 616/635/2377
f 630/640/2378 631/641/2379 618/563/2380 617/636/2381
f 631/641/2382 632/642/2383 619/548/2384 618/563/2385
f 632/642/2386 633/643/2387 620/541/2388 619/548/2389
f 633/643/2390 634/644/2391 621/534/2392 620/541/2393
f 634/644/2394 635/645/2395 622/527/2396 621/534/2397
f 635/645/2398 636/646/2399 624/637/2400 622/527/2401
f 636/646/2402 637/647/2403 623/517/2404 624/637/2405
f 637/647/2406 638/648/2407 625/497/2408 623/517/2409
f 638/648/2410 615/633/2411 626/632/2412 625/497/2413
f 483/487/2414 482/483/2415 612/630/2416 641/488/2417
f 639/649/2418 472/475/2419 478/474/2420 646/650/2421
f 472/475/2422 639/649/2423 367/375/2424 250/254/2425
f 367/375/2426 639/649/2427 640/376/2428
f 642/634/2429 643/651/2430 644/652/2431 641/488/2432
f 644/652/2433 477/480/2434 475/477/2435 641/488/2436
f 643/651/2437 645/653/2438 646/650/2439 644/652/2440
f 646/650/2441 478/474/2442 477/480/2443 644/652/2444
f 645/653/2445 640/376/2446 639/649/2447 646/650/2448
f 614/654/2449 627/638/2450 647/655/2451 769/656/2452
f 627/638/2453 628/575/2454 648/574/2455 647/655/2456
f 649/657/2457 603/629/2458 602/628/2459 387/392/2460
f 579/600/2461 603/629/2462 649/657/2463 650/658/2464
f 575/594/2465 574/596/2466 651/659/2467
f 574/596/2468 579/600/2469 650/658/2470 651/659/2471
f 569/585/2472 568/587/2473 652/660/2474
f 568/587/2475 572/591/2476 653/661/2477 652/660/2478
f 572/591/2479 577/598/2480 651/659/2481 653/661/2482
f 651/659/2483 577/598/2484 575/594/2485
f 571/589/2486 569/585/2487 652/660/2488 654/590/2489
f 654/590/2490 655/662/2491 564/580/2492 566/582/2493
f 563/578/2494 564/580/2495 655/662/2496 656/663/2497
f 561/573/2498 563/578/2499 656/663/2500 648/574/2501
f 657/664/2502 658/665/2503 650/658/2504 649/657/2505
f 658/665/2506 659/666/2507 651/659/2508 650/658/2509
f 659/666/2510 660/667/2511 653/661/2512 651/659/2513
f 660/667/2514 661/668/2515 652/660/2516 653/661/2517
f 661/668/2518 662/669/2519 654/590/2520 652/660/2521
f 662/669/2522 663/670/2523 655/662/2524 654/590/2525
f 663/670/2526 664/671/2527 656/663/2528 655/662/2529
f 664/671/2530 647/655/2531 648/574/2532 656/663/2533
f 390/396/2534 657/664/2535 649/657/2536 387/392/2537
f 665/605/2538 302/307/2539 301/309/2540
f 668/672/2541 597/623/2542 600/626/2543 669/673/2544
f 600/626/2545 557/568/2546 667/674/2547 669/673/2548
f 670/625/2549 599/624/2550 597/623/2551 668/672/2552
f 671/675/2553 596/621/2554 670/625/2555
f 666/613/2556 589/612/2557 671/675/2558
f 671/675/2559 589/612/2560 596/621/2561
f 593/617/2562 676/676/2563 672/677/2564 594/618/2565
f 594/618/2566 672/677/2567 673/619/2568
f 665/605/2569 582/604/2570 584/607/2571 674/678/2572
f 584/607/2573 586/609/2574 675/679/2575 674/678/2576
f 586/609/2577 588/611/2578 673/619/2579 675/679/2580
f 302/307/2581 665/605/2582 674/678/2583 433/440/2584
f 433/440/2585 674/678/2586 675/679/2587 434/433/2588
f 434/433/2589 675/679/2590 673/619/2591 424/429/2592
f 666/613/2593 676/676/2594 593/617/2595 591/614/2596
f 676/676/2597 442/446/2598 443/430/2599 672/677/2600
f 443/430/2601 424/429/2602 673/619/2603 672/677/2604
f 670/625/2605 448/453/2606 671/675/2607
f 671/675/2608 448/453/2609 440/444/2610 666/613/2611
f 440/444/2612 442/446/2613 676/676/2614 666/613/2615
f 667/674/2616 458/462/2617 454/459/2618 669/673/2619
f 669/673/2620 454/459/2621 668/672/2622
f 668/672/2623 454/459/2624 670/625/2625
f 670/625/2626 454/459/2627 448/453/2628
f 678/680/2629 507/501/2630 492/500/2631 679/681/2632
f 679/681/2633 492/500/2634 494/503/2635 680/682/2636
f 680/682/2637 494/503/2638 496/505/2639 681/683/2640
f 681/683/2641 496/505/2642 498/507/2643 682/684/2644
f 682/684/2645 498/507/2646 500/509/2647 683/685/2648
f 683/685/2649 500/509/2650 502/511/2651 684/686/2652
f 684/686/2653 502/511/2654 503/512/2655 685/687/2656
f 685/687/2657 503/512/2658 262/267/2659 686/379/2660
f 687/688/2661 517/524/2662 512/518/2663 688/689/2664
f 688/689/2665 512/518/2666 507/501/2667 678/680/2668
f 689/690/2669 522/531/2670 517/524/2671 687/688/2672
f 677/691/2673 527/538/2674 522/531/2675 689/690/2676
f 690/692/2677 532/545/2678 527/538/2679 677/691/2680
f 691/693/2681 532/545/2682 690/692/2683 464/465/2684
f 557/568/2685 467/558/2686 667/674/2687
f 667/674/2688 467/558/2689 692/694/2690
f 692/694/2691 467/558/2692 534/552/2693 691/693/2694
f 691/693/2695 534/552/2696 532/545/2697
f 461/469/2698 458/462/2699 667/674/2700 692/694/2701
f 692/694/2702 691/693/2703 461/469/2704
f 691/693/2705 464/465/2706 461/469/2707
f 450/455/2708 464/465/2709 690/692/2710 677/691/2711
f 677/691/2712 689/690/2713 451/456/2714 450/455/2715
f 689/690/2716 687/688/2717 439/452/2718 451/456/2719
f 439/452/2720 688/689/2721 445/447/2722
f 439/452/2723 687/688/2724 688/689/2725
f 688/689/2726 678/680/2727 445/447/2728
f 431/438/2729 445/447/2730 678/680/2731 679/681/2732
f 679/681/2733 680/682/2734 428/435/2735 431/438/2736
f 680/682/2737 681/683/2738 418/423/2739 428/435/2740
f 682/684/2741 419/424/2742 418/423/2743
f 418/423/2744 681/683/2745 682/684/2746
f 421/426/2747 419/424/2748 683/685/2749 684/686/2750
f 419/424/2751 682/684/2752 683/685/2753
f 686/379/2754 369/378/2755 423/428/2756 685/687/2757
f 423/428/2758 421/426/2759 684/686/2760 685/687/2761
f 693/695/2762 694/696/2763 9/9/2764 5/5/2765
f 694/696/2766 695/697/2767 11/14/2768 9/9/2769
f 695/697/2770 696/698/2771 14/17/2772 11/14/2773
f 696/698/2774 697/699/2775 21/23/2776 14/17/2777
f 697/699/2778 698/700/2779 25/26/2780 21/23/2781
f 698/700/2782 699/701/2783 29/32/2784 25/26/2785
f 699/701/2786 700/702/2787 33/36/2788 29/32/2789
f 700/702/2790 701/703/2791 37/41/2792 33/36/2793
f 701/703/2794 702/704/2795 40/47/2796 37/41/2797
f 702/704/2798 703/57/2799 44/53/2800 40/47/2801
f 3/4/2802 703/57/2803 704/705/2804
f 52/60/2805 704/705/2806 705/706/2807
f 54/63/2808 705/706/2809 706/707/2810
f 61/71/2811 706/707/2812 707/708/2813 63/74/2814
f 5/5/2815 4/8/2816 693/695/2817
f 707/708/2818 706/707/2819 709/709/2820 708/710/2821
f 706/707/2822 705/706/2823 710/711/2824 709/709/2825
f 705/706/2826 704/705/2827 711/712/2828 710/711/2829
f 704/705/2830 703/57/2831 712/713/2832 711/712/2833
f 703/57/2834 702/704/2835 713/714/2836 712/713/2837
f 702/704/2838 701/703/2839 714/715/2840 713/714/2841
f 701/703/2842 700/702/2843 715/716/2844 714/715/2845
f 700/702/2846 699/701/2847 716/717/2848 715/716/2849
f 699/701/2850 698/700/2851 717/718/2852 716/717/2853
f 698/700/2854 697/699/2855 718/719/2856 717/718/2857
f 697/699/2858 696/698/2859 719/720/2860 718/719/2861
f 696/698/2862 695/697/2863 720/721/2864 719/720/2865
f 695/697/2866 694/696/2867 721/722/2868 720/721/2869
f 694/696/2870 693/695/2871 722/723/2872 721/722/2873
f 722/723/2874 723/724/2875 721/722/2876
f 719/720/2877 720/721/2878 723/724/2879 718/719/2880
f 723/724/2881 720/721/2882 721/722/2883
f 716/717/2884 717/718/2885 723/724/2886 715/716/2887
f 723/724/2888 717/718/2889 718/719/2890
f 712/713/2891 713/714/2892 723/724/2893 711/712/2894
f 723/724/2895 713/714/2896 714/715/2897 715/716/2898
f 710/711/2899 711/712/2900 723/724/2901 709/709/2902
f 435/441/2903 432/439/2904 724/725/2905
f 724/725/2906 432/439/2907 426/432/2908 725/726/2909
f 725/726/2910 426/432/2911 425/431/2912 726/727/2913
f 726/727/2914 425/431/2915 441/445/2916 727/728/2917
f 727/728/2918 441/445/2919 449/454/2920 728/729/2921
f 728/729/2922 449/454/2923 455/460/2924 729/730/2925
f 729/730/2926 455/460/2927 459/463/2928 730/731/2929
f 730/731/2930 459/463/2931 462/468/2932 731/732/2933
f 731/732/2934 462/468/2935 463/466/2936 732/733/2937
f 732/733/2938 463/466/2939 452/457/2940 733/734/2941
f 733/734/2942 452/457/2943 438/451/2944 734/735/2945
f 734/735/2946 438/451/2947 444/448/2948 735/736/2949
f 735/736/2950 444/448/2951 427/434/2952 736/737/2953
f 736/737/2954 427/434/2955 417/422/2956 737/738/2957
f 737/738/2958 417/422/2959 420/425/2960 738/739/2961
f 738/739/2962 420/425/2963 422/427/2964 739/740/2965
f 739/740/2966 422/427/2967 437/443/2968 740/741/2969
f 740/741/2970 437/443/2971 447/450/2972 741/742/2973
f 741/742/2974 447/450/2975 453/458/2976 742/743/2977
f 742/743/2978 453/458/2979 460/464/2980 743/744/2981
f 743/744/2982 460/464/2983 466/467/2984 744/745/2985
f 744/745/2986 466/467/2987 465/291/2988 745/746/2989
f 745/746/2990 465/291/2991 457/294/2992 746/747/2993
f 746/747/2994 457/294/2995 456/461/2996 747/748/2997
f 747/748/2998 456/461/2999 446/449/3000 748/749/3001
f 748/749/3002 446/449/3003 430/437/3004 749/750/3005
f 749/750/3006 430/437/3007 429/436/3008 750/751/3009
f 750/751/3010 429/436/3011 436/442/3012 751/752/3013
f 751/752/3014 436/442/3015 435/441/3016
f 724/725/3017 751/752/3018 435/441/3019
f 738/739/3020 739/740/3021 752/753/3022 737/738/3023
f 734/735/3024 735/736/3025 752/753/3026 733/734/3027
f 752/753/3028 735/736/3029 736/737/3030 737/738/3031
f 732/733/3032 733/734/3033 752/753/3034 731/732/3035
f 729/730/3036 730/731/3037 752/753/3038 728/729/3039
f 752/753/3040 730/731/3041 731/732/3042
f 726/727/3043 727/728/3044 752/753/3045 725/726/3046
f 752/753/3047 727/728/3048 728/729/3049
f 750/751/3050 751/752/3051 752/753/3052 749/750/3053
f 752/753/3054 724/725/3055 725/726/3056
f 748/749/3057 749/750/3058 752/753/3059 747/748/3060
f 745/746/3061 746/747/3062 752/753/3063 744/745/3064
f 752/753/3065 746/747/3066 747/748/3067
f 742/743/3068 752/753/3069 741/742/3070
f 752/753/3071 743/744/3072 744/745/3073
f 752/753/3074 739/740/3075 740/741/3076 741/742/3077
f 287/290/3078 288/292/3079 289/293/3080
f 742/743/3081 743/744/3082 752/753/3083
f 560/571/3084 561/573/3085 558/569/3086
f 571/589/3087 566/582/3088 567/584/3089
f 388/393/3090 387/392/3091 602/628/3092
f 301/309/3093 581/603/3094 582/604/3095
f 752/753/3096 751/752/3097 724/725/3098
f 346/358/3099 270/275/3100 345/353/3101
f 415/421/3102 409/416/3103 408/415/3104 416/408/3105
f 3/4/3106 49/56/3107 44/53/3108
f 3/4/3109 704/705/3110 52/60/3111
f 54/63/3112 52/60/3113 705/706/3114
f 54/63/3115 706/707/3116 61/71/3117
f 708/710/3118 709/709/3119 723/724/3120
f 202/231/3121 222/230/3122 365/373/3123
f 640/376/3124 753/754/3125 368/377/3126
f 754/755/3127 753/754/3128 640/376/3129 645/653/3130
f 755/756/3131 754/755/3132 645/653/3133 643/651/3134
f 756/757/3135 755/756/3136 643/651/3137 642/634/3138
f 613/631/3139 757/758/3140 756/757/3141 642/634/3142
f 615/633/3143 758/759/3144 757/758/3145 613/631/3146
f 759/760/3147 758/759/3148 615/633/3149 638/648/3150
f 760/761/3151 759/760/3152 638/648/3153 637/647/3154
f 761/762/3155 760/761/3156 637/647/3157 636/646/3158
f 762/763/3159 761/762/3160 636/646/3161 635/645/3162
f 763/764/3163 762/763/3164 635/645/3165 634/644/3166
f 764/765/3167 763/764/3168 634/644/3169 633/643/3170
f 765/766/3171 764/765/3172 633/643/3173 632/642/3174
f 766/767/3175 765/766/3176 632/642/3177 631/641/3178
f 767/768/3179 766/767/3180 631/641/3181 630/640/3182
f 768/769/3183 767/768/3184 630/640/3185 629/639/3186
f 614/654/3187 768/769/3188 629/639/3189 627/638/3190
f 647/655/3191 664/671/3192 770/770/3193 769/656/3194
f 664/671/3195 663/670/3196 771/771/3197 770/770/3198
f 663/670/3199 662/669/3200 772/772/3201 771/771/3202
f 662/669/3203 661/668/3204 773/773/3205 772/772/3206
f 661/668/3207 660/667/3208 774/774/3209 773/773/3210
f 660/667/3211 659/666/3212 775/775/3213 774/774/3214
f 659/666/3215 658/665/3216 776/776/3217 775/775/3218
f 658/665/3219 657/664/3220 777/777/3221 776/776/3222
f 390/396/3223 374/395/3224 777/777/3225 657/664/3226
f 778/778/3227 780/779/3228 779/780/3229 897/781/3230
f 781/782/3231 4/8/3232 6/7/3233 782/783/3234
f 781/782/3235 782/783/3236 783/784/3237 784/785/3238
f 784/785/3239 783/784/3240 785/786/3241 788/787/3242
f 787/788/3243 786/789/3244 784/785/3245 788/787/3246
f 790/790/3247 789/791/3248 786/789/3249 791/792/3250
f 791/792/3251 786/789/3252 792/793/3253
f 786/789/3254 787/788/3255 793/794/3256 792/793/3257
f 794/795/3258 796/796/3259 795/797/3260 957/798/3261
f 795/797/3262 796/796/3263 797/799/3264 957/798/3265
f 797/799/3266 796/796/3267 789/791/3268 798/800/3269
f 789/791/3270 790/790/3271 798/800/3272
f 796/796/3273 794/795/3274 799/801/3275 800/802/3276
f 800/802/3277 799/801/3278 801/803/3279 806/804/3280
f 803/805/3281 802/806/3282 804/807/3283 805/808/3284
f 805/808/3285 804/807/3286 800/802/3287 806/804/3288
f 802/806/3289 845/809/3290 807/810/3291 804/807/3292
f 807/810/3293 808/811/3294 804/807/3295
f 807/810/3296 846/812/3297 809/813/3298 808/811/3299
f 811/814/3300 810/815/3301 812/816/3302 813/817/3303
f 813/817/3304 812/816/3305 808/811/3306 814/818/3307
f 808/811/3308 809/813/3309 814/818/3310
f 816/819/3311 815/820/3312 817/821/3313 900/822/3314
f 817/821/3315 815/820/3316 812/816/3317 818/823/3318
f 818/823/3319 812/816/3320 810/815/3321 844/824/3322
f 820/825/3323 819/826/3324 821/827/3325 899/828/3326
f 821/827/3327 819/826/3328 815/820/3329 822/829/3330
f 822/829/3331 815/820/3332 816/819/3333 900/822/3334
f 823/830/3335 779/780/3336 780/779/3337 824/831/3338
f 780/779/3339 1452/832/3340 819/826/3341
f 819/826/3342 820/825/3343 825/833/3344 824/831/3345
f 778/778/3346 897/781/3347 826/834/3348 780/779/3349
f 780/779/3350 826/834/3351 827/835/3352
f 826/834/3353 896/836/3354 828/837/3355 827/835/3356
f 829/838/3357 827/835/3358 830/839/3359
f 827/835/3360 828/837/3361 831/840/3362 830/839/3363
f 833/841/3364 832/842/3365 829/838/3366 834/843/3367
f 834/843/3368 829/838/3369 830/839/3370 895/844/3371
f 832/842/3372 835/845/3373 829/838/3374
f 829/838/3375 835/845/3376 836/846/3377
f 835/845/3378 893/847/3379 837/848/3380 836/846/3381
f 837/848/3382 64/75/3383 63/74/3384 836/846/3385
f 838/849/3386 846/812/3387 840/850/3388 839/851/3389
f 841/852/3390 843/853/3391 842/854/3392
f 810/815/3393 811/814/3394 844/824/3395
f 803/805/3396 845/809/3397 802/806/3398
f 845/809/3399 846/812/3400 807/810/3401
f 846/812/3402 838/849/3403 814/818/3404 809/813/3405
f 848/855/3406 841/852/3407 842/854/3408 847/856/3409
f 847/856/3410 849/857/3411 850/858/3412 848/855/3413
f 850/858/3414 851/859/3415 848/855/3416
f 848/855/3417 851/859/3418 852/860/3419 854/861/3420
f 854/861/3421 853/862/3422 855/863/3423 840/850/3424
f 857/864/3425 856/865/3426 858/866/3427 859/867/3428
f 858/866/3429 861/868/3430 855/863/3431 859/867/3432
f 855/863/3433 853/862/3434 860/869/3435 859/867/3436
f 858/866/3437 856/865/3438 862/870/3439 861/868/3440
f 856/865/3441 863/871/3442 862/870/3443
f 839/851/3444 864/872/3445 844/824/3446 838/849/3447
f 838/849/3448 844/824/3449 811/814/3450 813/817/3451
f 845/809/3452 865/873/3453 840/850/3454 846/812/3455
f 838/849/3456 813/817/3457 814/818/3458
f 853/862/3459 854/861/3460 852/860/3461
f 854/861/3462 865/873/3463 841/852/3464 848/855/3465
f 861/868/3466 862/870/3467 866/874/3468 864/872/3469
f 862/870/3470 867/875/3471 866/874/3472
f 867/875/3473 862/870/3474 863/871/3475 868/876/3476
f 863/871/3477 874/877/3478 869/878/3479 868/876/3480
f 869/878/3481 874/877/3482 870/879/3483 868/876/3484
f 805/808/3485 806/804/3486 843/853/3487 803/805/3488
f 843/853/3489 841/852/3490 845/809/3491 803/805/3492
f 841/852/3493 865/873/3494 845/809/3495
f 854/861/3496 840/850/3497 865/873/3498
f 855/863/3499 861/868/3500 839/851/3501 840/850/3502
f 861/868/3503 864/872/3504 839/851/3505
f 871/880/3506 879/881/3507 873/882/3508 872/883/3509
f 849/857/3510 875/884/3511 850/858/3512
f 875/884/3513 852/860/3514 851/859/3515 850/858/3516
f 875/884/3517 860/869/3518 853/862/3519 852/860/3520
f 875/884/3521 877/885/3522 876/886/3523 860/869/3524
f 877/885/3525 878/887/3526 876/886/3527
f 878/887/3528 877/885/3529 873/882/3530 879/881/3531
f 874/877/3532 863/871/3533 856/865/3534 880/888/3535
f 880/888/3536 856/865/3537 857/864/3538 881/889/3539
f 881/889/3540 857/864/3541 859/867/3542 860/869/3543
f 860/869/3544 876/886/3545 882/890/3546 881/889/3547
f 876/886/3548 883/891/3549 882/890/3550
f 883/891/3551 876/886/3552 878/887/3553 884/892/3554
f 884/892/3555 878/887/3556 879/881/3557 1050/893/3558
f 885/894/3559 870/879/3560 886/895/3561 902/896/3562
f 887/897/3563 904/898/3564 889/899/3565 888/900/3566
f 890/901/3567 892/902/3568 891/903/3569 936/904/3570
f 893/847/3571 120/132/3572 64/75/3573 837/848/3574
f 835/845/3575 832/842/3576 894/905/3577 893/847/3578
f 834/843/3579 895/844/3580 894/905/3581 833/841/3582
f 894/905/3583 832/842/3584 833/841/3585
f 831/840/3586 896/836/3587 895/844/3588 830/839/3589
f 897/781/3590 896/836/3591 826/834/3592
f 896/836/3593 831/840/3594 828/837/3595
f 824/831/3596 825/833/3597 898/906/3598 823/830/3599
f 898/906/3600 897/781/3601 779/780/3602 823/830/3603
f 825/833/3604 820/825/3605 899/828/3606 898/906/3607
f 822/829/3608 900/822/3609 899/828/3610 821/827/3611
f 901/907/3612 902/896/3613 886/895/3614 936/904/3615
f 902/896/3616 925/908/3617 903/909/3618 885/894/3619
f 905/910/3620 910/911/3621 907/912/3622 906/913/3623
f 907/912/3624 909/914/3625 908/915/3626 906/913/3627
f 907/912/3628 910/911/3629 911/916/3630 920/917/3631
f 910/911/3632 912/918/3633 911/916/3634
f 911/916/3635 912/918/3636 913/919/3637 921/920/3638
f 912/918/3639 940/921/3640 914/922/3641 913/919/3642
f 143/151/3643 923/923/3644 915/924/3645 144/152/3646
f 144/152/3647 915/924/3648 916/925/3649 178/155/3650
f 915/924/3651 922/926/3652 913/919/3653 916/925/3654
f 913/919/3655 914/922/3656 917/927/3657 916/925/3658
f 918/928/3659 909/914/3660 919/929/3661
f 919/929/3662 909/914/3663 907/912/3664 920/917/3665
f 911/916/3666 921/920/3667 920/917/3668
f 913/919/3669 922/926/3670 921/920/3671
f 915/924/3672 923/923/3673 922/926/3674
f 868/876/3675 870/879/3676 885/894/3677 867/875/3678
f 867/875/3679 885/894/3680 903/909/3681 866/874/3682
f 903/909/3683 927/930/3684 864/872/3685 866/874/3686
f 888/900/3687 889/899/3688 890/901/3689 936/904/3690
f 889/899/3691 892/902/3692 890/901/3693
f 889/899/3694 918/928/3695 924/931/3696 892/902/3697
f 892/902/3698 924/931/3699 925/908/3700 902/896/3701
f 924/931/3702 935/932/3703 926/933/3704 925/908/3705
f 925/908/3706 926/933/3707 927/930/3708 903/909/3709
f 926/933/3710 928/934/3711 927/930/3712
f 927/930/3713 928/934/3714 844/824/3715 864/872/3716
f 928/934/3717 817/821/3718 818/823/3719 844/824/3720
f 143/151/3721 159/167/3722 929/935/3723 923/923/3724
f 923/923/3725 929/935/3726 930/936/3727 922/926/3728
f 922/926/3729 930/936/3730 931/937/3731 921/920/3732
f 921/920/3733 931/937/3734 932/938/3735 920/917/3736
f 920/917/3737 932/938/3738 933/939/3739 919/929/3740
f 919/929/3741 933/939/3742 934/940/3743 918/928/3744
f 918/928/3745 934/940/3746 935/932/3747 924/931/3748
f 901/907/3749 891/903/3750 892/902/3751 902/896/3752
f 159/167/3753 120/132/3754 893/847/3755 929/935/3756
f 929/935/3757 893/847/3758 894/905/3759 930/936/3760
f 930/936/3761 894/905/3762 895/844/3763 931/937/3764
f 931/937/3765 895/844/3766 896/836/3767 932/938/3768
f 932/938/3769 896/836/3770 897/781/3771 933/939/3772
f 933/939/3773 897/781/3774 898/906/3775 934/940/3776
f 934/940/3777 898/906/3778 899/828/3779 935/932/3780
f 935/932/3781 899/828/3782 900/822/3783 926/933/3784
f 908/915/3785 909/914/3786 904/898/3787
f 909/914/3788 918/928/3789 889/899/3790 904/898/3791
f 900/822/3792 817/821/3793 928/934/3794 926/933/3795
f 870/879/3796 1030/941/3797 936/904/3798 886/895/3799
f 936/904/3800 891/903/3801 901/907/3802
f 888/900/3803 936/904/3804 937/942/3805 887/897/3806
f 887/897/3807 937/942/3808 938/943/3809 904/898/3810
f 904/898/3811 938/943/3812 939/944/3813 945/945/3814
f 940/921/3815 912/918/3816 910/911/3817 941/946/3818
f 910/911/3819 905/910/3820 941/946/3821
f 905/910/3822 906/913/3823 942/947/3824 941/946/3825
f 944/948/3826 943/949/3827 904/898/3828 945/945/3829
f 943/949/3830 946/950/3831 904/898/3832
f 946/950/3833 942/947/3834 908/915/3835 904/898/3836
f 942/947/3837 906/913/3838 908/915/3839
f 940/921/3840 917/927/3841 914/922/3842
f 917/927/3843 940/921/3844 178/155/3845 916/925/3846
f 843/853/3847 948/951/3848 947/952/3849
f 949/953/3850 955/954/3851 951/955/3852 950/956/3853
f 951/955/3854 953/957/3855 952/958/3856 950/956/3857
f 849/857/3858 847/856/3859 954/959/3860
f 847/856/3861 955/954/3862 949/953/3863 954/959/3864
f 847/856/3865 842/854/3866 956/960/3867 955/954/3868
f 843/853/3869 947/952/3870 956/960/3871 842/854/3872
f 843/853/3873 806/804/3874 801/803/3875 948/951/3876
f 948/951/3877 801/803/3878 799/801/3879 794/795/3880
f 958/961/3881 797/799/3882 798/800/3883
f 957/798/3884 797/799/3885 958/961/3886 959/962/3887
f 959/962/3888 958/961/3889 960/963/3890 961/964/3891
f 961/964/3892 960/963/3893 962/965/3894 951/955/3895
f 951/955/3896 962/965/3897 963/966/3898 953/957/3899
f 953/957/3900 963/966/3901 964/967/3902 998/968/3903
f 955/954/3904 956/960/3905 961/964/3906 951/955/3907
f 956/960/3908 947/952/3909 959/962/3910 961/964/3911
f 947/952/3912 957/798/3913 959/962/3914
f 957/798/3915 947/952/3916 948/951/3917 794/795/3918
f 965/969/3919 989/970/3920 967/971/3921 966/972/3922
f 960/963/3923 980/973/3924 968/974/3925 962/965/3926
f 963/966/3927 969/975/3928 964/967/3929
f 966/972/3930 967/971/3931 970/976/3932 971/977/3933
f 971/977/3934 970/976/3935 972/978/3936 973/979/3937
f 973/979/3938 972/978/3939 974/980/3940 992/981/3941
f 975/982/3942 988/983/3943 965/969/3944 976/984/3945
f 976/984/3946 965/969/3947 966/972/3948 977/985/3949
f 977/985/3950 966/972/3951 971/977/3952 978/986/3953
f 978/986/3954 971/977/3955 973/979/3956 991/987/3957
f 979/988/3958 992/981/3959 968/974/3960 980/973/3961
f 214/221/3962 975/982/3963 981/989/3964 6/7/3965
f 981/989/3966 975/982/3967 976/984/3968 982/990/3969
f 982/990/3970 976/984/3971 977/985/3972 983/991/3973
f 983/991/3974 977/985/3975 978/986/3976 990/992/3977
f 960/963/3978 958/961/3979 984/993/3980 980/973/3981
f 980/973/3982 984/993/3983 985/994/3984 979/988/3985
f 979/988/3986 985/994/3987 986/995/3988 991/987/3989
f 221/229/3990 202/231/3991 987/996/3992 988/983/3993
f 223/232/3994 221/229/3995 988/983/3996 975/982/3997
f 988/983/3998 987/996/3999 989/970/4000 965/969/4001
f 223/232/4002 975/982/4003 214/221/4004
f 981/989/4005 782/783/4006 6/7/4007
f 782/783/4008 981/989/4009 982/990/4010 783/784/4011
f 783/784/4012 982/990/4013 983/991/4014 785/786/4015
f 785/786/4016 983/991/4017 788/787/4018
f 788/787/4019 983/991/4020 990/992/4021 787/788/4022
f 990/992/4023 978/986/4024 991/987/4025 986/995/4026
f 991/987/4027 973/979/4028 992/981/4029 979/988/4030
f 992/981/4031 974/980/4032 969/975/4033 968/974/4034
f 787/788/4035 990/992/4036 986/995/4037 793/794/4038
f 969/975/4039 963/966/4040 962/965/4041 968/974/4042
f 958/961/4043 798/800/4044 790/790/4045 984/993/4046
f 984/993/4047 790/790/4048 791/792/4049 985/994/4050
f 985/994/4051 791/792/4052 792/793/4053 986/995/4054
f 792/793/4055 793/794/4056 986/995/4057
f 993/997/4058 995/998/4059 994/999/4060 999/1000/4061
f 872/883/4062 873/882/4063 997/1001/4064 1000/1002/4065
f 996/1003/4066 997/1001/4067 875/884/4068
f 997/1001/4069 873/882/4070 877/885/4071 875/884/4072
f 993/997/4073 996/1003/4074 995/998/4075
f 995/998/4076 996/1003/4077 875/884/4078 998/968/4079
f 998/968/4080 875/884/4081 849/857/4082 954/959/4083
f 999/1000/4084 994/999/4085 1131/1004/4086
f 993/997/4087 999/1000/4088 1000/1002/4089 996/1003/4090
f 1000/1002/4091 997/1001/4092 996/1003/4093
f 1001/1005/4094 1002/1006/4095 871/880/4096 1000/1002/4097
f 1000/1002/4098 871/880/4099 872/883/4100
f 1002/1006/4101 1001/1005/4102 1003/1007/4103 1004/1008/4104
f 871/880/4105 1002/1006/4106 1004/1008/4107 879/881/4108
f 1005/1009/4109 1013/1010/4110 1007/1011/4111 1006/1012/4112
f 1009/1013/4113 1008/1014/4114 994/999/4115 995/998/4116
f 1006/1012/4117 1007/1011/4118 998/968/4119
f 1007/1011/4120 1010/1015/4121 995/998/4122 998/968/4123
f 1010/1015/4124 1009/1013/4125 995/998/4126
f 1011/1016/4127 1012/1017/4128 1013/1010/4129
f 1014/1018/4130 1016/1019/4131 1015/1020/4132
f 1016/1019/4133 1012/1017/4134 1011/1016/4135 1015/1020/4136
f 1017/1021/4137 1016/1019/4138 1014/1018/4139
f 1016/1019/4140 1019/1022/4141 1018/1023/4142 1012/1017/4143
f 1019/1022/4144 1020/1024/4145 1018/1023/4146
f 1020/1024/4147 1019/1022/4148 1021/1025/4149 1022/1026/4150
f 1008/1014/4151 1009/1013/4152 1020/1024/4153 1022/1026/4154
f 1009/1013/4155 1010/1015/4156 1018/1023/4157 1020/1024/4158
f 1010/1015/4159 1012/1017/4160 1018/1023/4161
f 1012/1017/4162 1010/1015/4163 1007/1011/4164 1013/1010/4165
f 1021/1025/4166 1023/1027/4167 1022/1026/4168
f 1017/1021/4169 1024/1028/4170 1019/1022/4171 1016/1019/4172
f 1024/1028/4173 1021/1025/4174 1019/1022/4175
f 1021/1025/4176 1024/1028/4177 1025/1029/4178 1023/1027/4179
f 1023/1027/4180 1025/1029/4181 1026/1030/4182 1128/1031/4183
f 1027/1032/4184 1032/1033/4185 1029/1034/4186 1028/1035/4187
f 874/877/4188 1030/941/4189 870/879/4190
f 1030/941/4191 1031/1036/4192 936/904/4193
f 1028/1035/4194 1031/1036/4195 1030/941/4196 1027/1032/4197
f 1027/1032/4198 1030/941/4199 874/877/4200 880/888/4201
f 1032/1033/4202 1027/1032/4203 880/888/4204 881/889/4205
f 1032/1033/4206 881/889/4207 1033/1037/4208 1029/1034/4209
f 1033/1037/4210 881/889/4211 882/890/4212 1037/1038/4213
f 1033/1037/4214 1035/1039/4215 1034/1040/4216 1029/1034/4217
f 1036/1041/4218 1035/1039/4219 1033/1037/4220 1037/1038/4221
f 1037/1038/4222 882/890/4223 883/891/4224 1040/1042/4225
f 1039/1043/4226 1038/1044/4227 1040/1042/4228 883/891/4229
f 1042/1045/4230 1064/1046/4231 1044/1047/4232 1043/1048/4233
f 1045/1049/4234 1047/1050/4235 1046/1051/4236
f 1048/1052/4237 1050/893/4238 1049/1053/4239
f 879/881/4240 1004/1008/4241 1050/893/4242
f 1004/1008/4243 1003/1007/4244 1049/1053/4245 1050/893/4246
f 1048/1052/4247 1038/1044/4248 1050/893/4249
f 1048/1052/4250 1219/1054/4251 1051/1055/4252
f 1051/1055/4253 1052/1056/4254 1048/1052/4255
f 1051/1055/4256 1211/1057/4257 1053/1058/4258
f 1052/1056/4259 1053/1058/4260 1054/1059/4261 1055/1060/4262
f 1055/1060/4263 1054/1059/4264 1045/1049/4265
f 1046/1051/4266 1047/1050/4267 1056/1061/4268 1057/1062/4269
f 1057/1062/4270 1056/1061/4271 1061/1063/4272
f 1058/1064/4273 1068/1065/4274 1059/1066/4275
f 1059/1066/4276 1061/1063/4277 1060/1067/4278 1058/1064/4279
f 1058/1064/4280 1042/1045/4281 1062/1068/4282
f 1042/1045/4283 1043/1048/4284 1062/1068/4285
f 1063/1069/4286 1164/1070/4287 1044/1047/4288 1064/1046/4289
f 1066/1071/4290 1065/1072/4291 1063/1069/4292 1067/1073/4293
f 1063/1069/4294 1064/1046/4295 1067/1073/4296
f 1041/1074/4297 1059/1066/4298 1068/1065/4299
f 1058/1064/4300 1062/1068/4301 1068/1065/4302
f 1041/1074/4303 1069/1075/4304 1057/1062/4305
f 1040/1042/4306 1070/1076/4307 1036/1041/4308 1037/1038/4309
f 1070/1076/4310 1071/1077/4311 1035/1039/4312 1036/1041/4313
f 1071/1077/4314 1072/1078/4315 1034/1040/4316 1035/1039/4317
f 1038/1044/4318 1039/1043/4319 884/892/4320 1050/893/4321
f 1039/1043/4322 883/891/4323 884/892/4324
f 1060/1067/4325 1061/1063/4326 1056/1061/4327
f 1057/1062/4328 1061/1063/4329 1059/1066/4330 1041/1074/4331
f 1069/1075/4332 1046/1051/4333 1057/1062/4334
f 1046/1051/4335 1069/1075/4336 1055/1060/4337 1045/1049/4338
f 1048/1052/4339 1052/1056/4340 1040/1042/4341 1038/1044/4342
f 1052/1056/4343 1055/1060/4344 1070/1076/4345 1040/1042/4346
f 1055/1060/4347 1069/1075/4348 1071/1077/4349 1070/1076/4350
f 1069/1075/4351 1072/1078/4352 1071/1077/4353
f 1072/1078/4354 1069/1075/4355 1041/1074/4356
f 1073/1079/4357 1075/1080/4358 1074/1081/4359 1101/1082/4360
f 1074/1081/4361 1075/1080/4362 1076/1083/4363 1093/1084/4364
f 1075/1080/4365 1077/1085/4366 1076/1083/4367
f 1077/1085/4368 1132/1086/4369 1078/1087/4370 1076/1083/4371
f 1076/1083/4372 1078/1087/4373 1079/1088/4374 1091/1089/4375
f 1079/1088/4376 1078/1087/4377 1080/1090/4378 1081/1091/4379
f 1079/1088/4380 1081/1091/4381 1082/1092/4382 1090/1093/4383
f 1081/1091/4384 1147/1094/4385 1083/1095/4386 1082/1092/4387
f 1083/1095/4388 1147/1094/4389 1084/1096/4390 1082/1092/4391
f 1082/1092/4392 1084/1096/4393 321/334/4394 1089/1097/4395
f 1084/1096/4396 322/335/4397 321/334/4398
f 1085/1098/4399 1091/1089/4400 1086/1099/4401 946/950/4402
f 1086/1099/4403 942/947/4404 946/950/4405
f 1086/1099/4406 1090/1093/4407 1087/1100/4408 942/947/4409
f 1087/1100/4410 941/946/4411 942/947/4412
f 1087/1100/4413 1089/1097/4414 1088/1101/4415 941/946/4416
f 1088/1101/4417 940/921/4418 941/946/4419
f 1088/1101/4420 328/341/4421 327/340/4422 940/921/4423
f 327/340/4424 178/155/4425 940/921/4426
f 328/341/4427 1088/1101/4428 1089/1097/4429 321/334/4430
f 1089/1097/4431 1087/1100/4432 1090/1093/4433 1082/1092/4434
f 1090/1093/4435 1086/1099/4436 1091/1089/4437 1079/1088/4438
f 1085/1098/4439 1092/1102/4440 1091/1089/4441
f 1091/1089/4442 1092/1102/4443 1093/1084/4444 1076/1083/4445
f 1094/1103/4446 1117/1104/4447 1096/1105/4448 1095/1106/4449
f 1097/1107/4450 1107/1108/4451 1098/1109/4452 1096/1105/4453
f 1092/1102/4454 1103/1110/4455 1102/1111/4456 1093/1084/4457
f 1092/1102/4458 1104/1112/4459 1103/1110/4460
f 1105/1113/4461 1119/1114/4462 1029/1034/4463 1034/1040/4464
f 1100/1115/4465 1118/1116/4466 1105/1113/4467 1099/1117/4468
f 1105/1113/4469 1106/1118/4470 1099/1117/4471
f 1106/1118/4472 1034/1040/4473 1072/1078/4474
f 1101/1082/4475 1074/1081/4476 1098/1109/4477 1107/1108/4478
f 1108/1119/4479 1109/1120/4480 1104/1112/4481 945/945/4482
f 1109/1120/4483 1095/1106/4484 1103/1110/4485 1104/1112/4486
f 1095/1106/4487 1102/1111/4488 1103/1110/4489
f 1085/1098/4490 946/950/4491 943/949/4492 1092/1102/4493
f 1092/1102/4494 943/949/4495 944/948/4496 1104/1112/4497
f 944/948/4498 945/945/4499 1104/1112/4500
f 1108/1119/4501 945/945/4502 939/944/4503 938/943/4504
f 1110/1121/4505 1112/1122/4506 1111/1123/4507 937/942/4508
f 1112/1122/4509 1114/1124/4510 1113/1125/4511 1111/1123/4512
f 1114/1124/4513 1119/1114/4514 1115/1126/4515 1113/1125/4516
f 1099/1117/4517 1116/1127/4518 1117/1104/4519 1100/1115/4520
f 1117/1104/4521 1094/1103/4522 1118/1116/4523 1100/1115/4524
f 1118/1116/4525 1115/1126/4526 1119/1114/4527 1105/1113/4528
f 1119/1114/4529 1114/1124/4530 1028/1035/4531 1029/1034/4532
f 1095/1106/4533 1096/1105/4534 1098/1109/4535 1102/1111/4536
f 1102/1111/4537 1098/1109/4538 1074/1081/4539 1093/1084/4540
f 1116/1127/4541 1097/1107/4542 1096/1105/4543 1117/1104/4544
f 1094/1103/4545 1122/1128/4546 1115/1126/4547 1118/1116/4548
f 1114/1124/4549 1112/1122/4550 1028/1035/4551
f 1112/1122/4552 1110/1121/4553 1031/1036/4554 1028/1035/4555
f 937/942/4556 1111/1123/4557 1120/1129/4558 938/943/4559
f 1120/1129/4560 1121/1130/4561 1108/1119/4562 938/943/4563
f 1121/1130/4564 1122/1128/4565 1109/1120/4566 1108/1119/4567
f 1122/1128/4568 1094/1103/4569 1095/1106/4570 1109/1120/4571
f 936/904/4572 1031/1036/4573 1110/1121/4574 937/942/4575
f 1111/1123/4576 1113/1125/4577 1120/1129/4578
f 1113/1125/4579 1115/1126/4580 1121/1130/4581 1120/1129/4582
f 1115/1126/4583 1122/1128/4584 1121/1130/4585
f 1123/1131/4586 987/996/4587 365/373/4588 1124/1132/4589
f 970/976/4590 967/971/4591 1125/1133/4592 972/978/4593
f 1126/1134/4594 368/377/4595 1390/1135/4596
f 1126/1134/4597 1124/1132/4598 365/373/4599 368/377/4600
f 1014/1018/4601 1015/1020/4602 1124/1132/4603 1126/1134/4604
f 1015/1020/4605 1123/1131/4606 1124/1132/4607
f 1123/1131/4608 1015/1020/4609 1011/1016/4610 1125/1133/4611
f 1125/1133/4612 1011/1016/4613 1013/1010/4614 972/978/4615
f 972/978/4616 1013/1010/4617 1005/1009/4618 974/980/4619
f 969/975/4620 1006/1012/4621 998/968/4622 964/967/4623
f 1005/1009/4624 1006/1012/4625 969/975/4626 974/980/4627
f 1123/1131/4628 989/970/4629 987/996/4630
f 989/970/4631 1123/1131/4632 1125/1133/4633 967/971/4634
f 998/968/4635 954/959/4636 949/953/4637 950/956/4638
f 952/958/4639 953/957/4640 998/968/4641 950/956/4642
f 1127/1136/4643 1128/1031/4644 1026/1030/4645 1436/1137/4646
f 1023/1027/4647 1128/1031/4648 1129/1138/4649 1022/1026/4650
f 1022/1026/4651 1129/1138/4652 1130/1139/4653 1008/1014/4654
f 1008/1014/4655 1130/1139/4656 1131/1004/4657 994/999/4658
f 1133/1140/4659 1150/1141/4660 1135/1142/4661 1134/1143/4662
f 1135/1142/4663 1136/1144/4664 1134/1143/4665
f 1135/1142/4666 1151/1145/4667 1137/1146/4668 1136/1144/4669
f 1136/1144/4670 1137/1146/4671 1073/1079/4672 1101/1082/4673
f 1138/1147/4674 1150/1141/4675 1133/1140/4676 1139/1148/4677
f 1139/1148/4678 1133/1140/4679 1140/1149/4680
f 1140/1149/4681 1133/1140/4682 1134/1143/4683
f 1141/1150/4684 1138/1147/4685 1143/1151/4686 1142/1152/4687
f 374/395/4688 376/398/4689 1145/1153/4690 1144/1154/4691
f 377/399/4692 1146/1155/4693 1145/1153/4694 376/398/4695
f 375/401/4696 322/335/4697 1084/1096/4698 1147/1094/4699
f 1081/1091/4700 1080/1090/4701 1148/1156/4702 1147/1094/4703
f 1080/1090/4704 1078/1087/4705 1132/1086/4706 1148/1156/4707
f 1132/1086/4708 1149/1157/4709 1148/1156/4710
f 1149/1157/4711 1146/1155/4712 1147/1094/4713 1148/1156/4714
f 1150/1141/4715 1151/1145/4716 1135/1142/4717
f 1151/1145/4718 1152/1158/4719 1137/1146/4720
f 1152/1158/4721 1075/1080/4722 1073/1079/4723 1137/1146/4724
f 1077/1085/4725 1075/1080/4726 1152/1158/4727 1132/1086/4728
f 1132/1086/4729 1152/1158/4730 1151/1145/4731 1149/1157/4732
f 1149/1157/4733 1151/1145/4734 1150/1141/4735 1153/1159/4736
f 1153/1159/4737 1150/1141/4738 1138/1147/4739 1154/1160/4740
f 377/399/4741 375/401/4742 1147/1094/4743 1146/1155/4744
f 1149/1157/4745 1153/1159/4746 1145/1153/4747 1146/1155/4748
f 1153/1159/4749 1154/1160/4750 1144/1154/4751 1145/1153/4752
f 1154/1160/4753 1138/1147/4754 1141/1150/4755 1144/1154/4756
f 1143/1151/4757 1138/1147/4758 1139/1148/4759
f 1155/1161/4760 1168/1162/4761 1170/1163/4762 1140/1149/4763
f 1140/1149/4764 1134/1143/4765 1155/1161/4766
f 1101/1082/4767 1107/1108/4768 1157/1164/4769 1136/1144/4770
f 1107/1108/4771 1097/1107/4772 1158/1165/4773 1157/1164/4774
f 1097/1107/4775 1116/1127/4776 1159/1166/4777 1158/1165/4778
f 1106/1118/4779 1072/1078/4780 1041/1074/4781 1160/1167/4782
f 1160/1167/4783 1041/1074/4784 1068/1065/4785 1161/1168/4786
f 1043/1048/4787 1163/1169/4788 1162/1170/4789 1062/1068/4790
f 1043/1048/4791 1044/1047/4792 1163/1169/4793
f 1163/1169/4794 1044/1047/4795 1164/1070/4796 1165/1171/4797
f 1166/1172/4798 1165/1171/4799 1063/1069/4800 1065/1072/4801
f 1167/1173/4802 1142/1152/4803 1143/1151/4804
f 1162/1170/4805 1161/1168/4806 1068/1065/4807 1062/1068/4808
f 1162/1170/4809 1170/1163/4810 1168/1162/4811 1161/1168/4812
f 1161/1168/4813 1168/1162/4814 1156/1174/4815 1160/1167/4816
f 1160/1167/4817 1156/1174/4818 1099/1117/4819 1106/1118/4820
f 1166/1172/4821 1167/1173/4822 1143/1151/4823 1165/1171/4824
f 1165/1171/4825 1143/1151/4826 1139/1148/4827 1169/1175/4828
f 1169/1175/4829 1139/1148/4830 1140/1149/4831 1170/1163/4832
f 1159/1166/4833 1156/1174/4834 1168/1162/4835 1155/1161/4836
f 1155/1161/4837 1134/1143/4838 1158/1165/4839 1159/1166/4840
f 1134/1143/4841 1136/1144/4842 1157/1164/4843 1158/1165/4844
f 1116/1127/4845 1099/1117/4846 1156/1174/4847 1159/1166/4848
f 1163/1169/4849 1165/1171/4850 1169/1175/4851
f 1164/1070/4852 1063/1069/4853 1165/1171/4854
f 1171/1176/4855 1174/1177/4856 1173/1178/4857 1172/1179/4858
f 1173/1178/4859 1174/1177/4860 1175/1180/4861
f 1175/1180/4862 1174/1177/4863 1176/1181/4864
f 1176/1181/4865 1177/1182/4866 1175/1180/4867
f 1178/1183/4868 1179/1184/4869 1197/1185/4870
f 1178/1183/4871 1188/1186/4872 1180/1187/4873 1179/1184/4874
f 1172/1179/4875 1182/1188/4876 1181/1189/4877 1171/1176/4878
f 1058/1064/4879 1184/1190/4880 1183/1191/4881
f 1185/1192/4882 1181/1189/4883 1182/1188/4884
f 1186/1193/4885 1180/1187/4886 1187/1194/4887 1066/1071/4888
f 1180/1187/4889 1188/1186/4890 1187/1194/4891
f 1186/1193/4892 1066/1071/4893 1067/1073/4894 1189/1195/4895
f 1067/1073/4896 1064/1046/4897 1190/1196/4898 1189/1195/4899
f 1183/1191/4900 1042/1045/4901 1058/1064/4902
f 1042/1045/4903 1183/1191/4904 1190/1196/4905 1064/1046/4906
f 1127/1136/4907 1191/1197/4908 1128/1031/4909
f 1127/1136/4910 1177/1182/4911 1176/1181/4912 1191/1197/4913
f 1194/1198/4914 1196/1199/4915 1195/1200/4916
f 1196/1199/4917 1197/1185/4918 1179/1184/4919 1195/1200/4920
f 1199/1201/4921 1198/1202/4922 1181/1189/4923 1185/1192/4924
f 1200/1203/4925 1184/1190/4926 1060/1067/4927 1056/1061/4928
f 1184/1190/4929 1058/1064/4930 1060/1067/4931
f 1056/1061/4932 1047/1050/4933 1200/1203/4934
f 1201/1204/4935 1129/1138/4936 1128/1031/4937 1191/1197/4938
f 1192/1205/4939 1198/1202/4940 1199/1201/4941 1193/1206/4942
f 1195/1200/4943 1203/1207/4944 1202/1208/4945 1194/1198/4946
f 1204/1209/4947 1206/1210/4948 1205/1211/4949
f 1206/1210/4950 1192/1205/4951 1193/1206/4952 1205/1211/4953
f 1207/1212/4954 1131/1004/4955 1130/1139/4956 1201/1204/4957
f 1201/1204/4958 1130/1139/4959 1129/1138/4960
f 1208/1213/4961 1202/1208/4962 1203/1207/4963 1209/1214/4964
f 1200/1203/4965 1047/1050/4966 1045/1049/4967 1210/1215/4968
f 1210/1215/4969 1045/1049/4970 1054/1059/4971
f 1054/1059/4972 1053/1058/4973 1211/1057/4974 1210/1215/4975
f 1209/1214/4976 1213/1216/4977 1212/1217/4978 1208/1213/4979
f 999/1000/4980 1131/1004/4981 1207/1212/4982
f 999/1000/4983 1207/1212/4984 1214/1218/4985 1000/1002/4986
f 1218/1219/4987 1217/1220/4988 1206/1210/4989 1204/1209/4990
f 1051/1055/4991 1219/1054/4992 1211/1057/4993
f 1220/1221/4994 1003/1007/4995 1001/1005/4996
f 1220/1221/4997 1219/1054/4998 1049/1053/4999 1003/1007/5000
f 1219/1054/5001 1048/1052/5002 1049/1053/5003
f 1216/1222/5004 1217/1220/5005 1218/1219/5006 1215/1223/5007
f 1000/1002/5008 1214/1218/5009 1220/1221/5010 1001/1005/5011
f 1212/1217/5012 1213/1216/5013 1216/1222/5014 1215/1223/5015
f 1024/1028/5016 1224/1224/5017 1223/1225/5018 1025/1029/5019
f 1017/1021/5020 1227/1226/5021 1224/1224/5022 1024/1028/5023
f 1225/1227/5024 1227/1226/5025 1226/1228/5026 1232/1229/5027
f 1227/1226/5028 1017/1021/5029 1014/1018/5030 1226/1228/5031
f 1228/1230/5032 1288/1231/5033 1230/1232/5034 1229/1233/5035
f 1230/1232/5036 1231/1234/5037 1229/1233/5038
f 1230/1232/5039 1287/1235/5040 1225/1227/5041 1231/1234/5042
f 1225/1227/5043 1232/1229/5044 1231/1234/5045
f 1234/1236/5046 1289/1237/5047 1228/1230/5048 1233/1238/5049
f 1228/1230/5050 1229/1233/5051 1233/1238/5052
f 1233/1238/5053 1235/1239/5054 1234/1236/5055
f 1234/1236/5056 1235/1239/5057 1236/1240/5058 1290/1241/5059
f 1236/1240/5060 1235/1239/5061 1237/1242/5062 1238/1243/5063
f 1236/1240/5064 1238/1243/5065 1239/1244/5066 1291/1245/5067
f 1238/1243/5068 1240/1246/5069 1239/1244/5070
f 1241/1247/5071 1258/1248/5072 1243/1249/5073 1242/1250/5074
f 1243/1249/5075 1245/1251/5076 1244/1252/5077 1242/1250/5078
f 1245/1251/5079 1247/1253/5080 1246/1254/5081 1244/1252/5082
f 1247/1253/5083 1249/1255/5084 1248/1256/5085 1246/1254/5086
f 1249/1255/5087 1251/1257/5088 1250/1258/5089 1248/1256/5090
f 1251/1257/5091 1253/1259/5092 1252/1260/5093 1250/1258/5094
f 1253/1259/5095 1254/1261/5096 1223/1225/5097 1252/1260/5098
f 1254/1261/5099 1026/1030/5100 1025/1029/5101 1223/1225/5102
f 1240/1246/5103 1255/1262/5104 1239/1244/5105
f 1239/1244/5106 1255/1262/5107 1256/1263/5108 1292/1264/5109
f 1255/1262/5110 1257/1265/5111 1256/1263/5112
f 1258/1248/5113 1241/1247/5114 1259/1266/5115 1263/1267/5116
f 1257/1265/5117 1260/1268/5118 1256/1263/5119
f 1256/1263/5120 1260/1268/5121 1261/1269/5122 1293/1270/5123
f 1260/1268/5124 1262/1271/5125 1261/1269/5126
f 1263/1267/5127 1259/1266/5128 1264/1272/5129 1268/1273/5130
f 1262/1271/5131 1265/1274/5132 1261/1269/5133
f 1261/1269/5134 1265/1274/5135 1266/1275/5136 1294/1276/5137
f 1265/1274/5138 1267/1277/5139 1266/1275/5140
f 1268/1273/5141 1264/1272/5142 1269/1278/5143 1273/1279/5144
f 1267/1277/5145 1270/1280/5146 1266/1275/5147
f 1266/1275/5148 1270/1280/5149 1271/1281/5150 1295/1282/5151
f 1270/1280/5152 1272/1283/5153 1271/1281/5154
f 1273/1279/5155 1269/1278/5156 1274/1284/5157 1278/1285/5158
f 1272/1283/5159 1275/1286/5160 1271/1281/5161
f 1271/1281/5162 1275/1286/5163 1276/1287/5164 1296/1288/5165
f 1275/1286/5166 1277/1289/5167 1276/1287/5168
f 1278/1285/5169 1274/1284/5170 1279/1290/5171 1283/1291/5172
f 1277/1289/5173 1280/1292/5174 1276/1287/5175
f 1276/1287/5176 1280/1292/5177 1281/1293/5178 1297/1294/5179
f 1280/1292/5180 1282/1295/5181 1281/1293/5182
f 1283/1291/5183 1279/1290/5184 1284/1296/5185 1285/1297/5186
f 1224/1224/5187 1286/1298/5188 1252/1260/5189 1223/1225/5190
f 1286/1298/5191 1287/1235/5192 1250/1258/5193 1252/1260/5194
f 1287/1235/5195 1288/1231/5196 1248/1256/5197 1250/1258/5198
f 1288/1231/5199 1289/1237/5200 1246/1254/5201 1248/1256/5202
f 1289/1237/5203 1290/1241/5204 1244/1252/5205 1246/1254/5206
f 1290/1241/5207 1291/1245/5208 1242/1250/5209 1244/1252/5210
f 1291/1245/5211 1292/1264/5212 1241/1247/5213 1242/1250/5214
f 1292/1264/5215 1293/1270/5216 1259/1266/5217 1241/1247/5218
f 1293/1270/5219 1294/1276/5220 1264/1272/5221 1259/1266/5222
f 1294/1276/5223 1295/1282/5224 1269/1278/5225 1264/1272/5226
f 1295/1282/5227 1296/1288/5228 1274/1284/5229 1269/1278/5230
f 1296/1288/5231 1297/1294/5232 1279/1290/5233 1274/1284/5234
f 1297/1294/5235 1298/1299/5236 1284/1296/5237 1279/1290/5238
f 1227/1226/5239 1225/1227/5240 1286/1298/5241 1224/1224/5242
f 1225/1227/5243 1287/1235/5244 1286/1298/5245
f 1230/1232/5246 1288/1231/5247 1287/1235/5248
f 1228/1230/5249 1289/1237/5250 1288/1231/5251
f 1234/1236/5252 1290/1241/5253 1289/1237/5254
f 1236/1240/5255 1291/1245/5256 1290/1241/5257
f 1239/1244/5258 1292/1264/5259 1291/1245/5260
f 1256/1263/5261 1293/1270/5262 1292/1264/5263
f 1261/1269/5264 1294/1276/5265 1293/1270/5266
f 1266/1275/5267 1295/1282/5268 1294/1276/5269
f 1271/1281/5270 1296/1288/5271 1295/1282/5272
f 1276/1287/5273 1297/1294/5274 1296/1288/5275
f 1281/1293/5276 1299/1300/5277 1298/1299/5278 1297/1294/5279
f 1222/1301/5280 1221/1302/5281 1285/1297/5282 1284/1296/5283
f 1300/1303/5284 1304/1304/5285 1299/1300/5286 1301/1305/5287
f 1301/1305/5288 1299/1300/5289 1281/1293/5290 1302/1306/5291
f 1302/1306/5292 1281/1293/5293 1282/1295/5294
f 1304/1304/5295 1303/1307/5296 1305/1308/5297 1306/1309/5298
f 1306/1309/5299 1305/1308/5300 1307/1310/5301 1222/1301/5302
f 1222/1301/5303 1307/1310/5304 1308/1311/5305 1221/1302/5306
f 1222/1301/5307 1284/1296/5308 1298/1299/5309 1306/1309/5310
f 1306/1309/5311 1298/1299/5312 1299/1300/5313 1304/1304/5314
f 1300/1303/5315 1309/1312/5316 1303/1307/5317 1304/1304/5318
f 1310/1313/5319 1142/1152/5320 1167/1173/5321
f 1311/1314/5322 1362/1315/5323 1303/1307/5324 1309/1312/5325
f 1309/1312/5326 1378/1316/5327 1398/1317/5328 1312/1318/5329
f 1311/1314/5330 1312/1318/5331 1313/1319/5332 1361/1320/5333
f 1312/1318/5334 1314/1321/5335 1313/1319/5336
f 1316/1322/5337 1360/1323/5338 1313/1319/5339 1315/1324/5340
f 1313/1319/5341 1314/1321/5342 1315/1324/5343
f 1315/1324/5344 1317/1325/5345 1316/1322/5346
f 1316/1322/5347 1317/1325/5348 1318/1326/5349 1359/1327/5350
f 1320/1328/5351 1319/1329/5352 1321/1330/5353
f 1321/1330/5354 1358/1331/5355 1318/1326/5356 1320/1328/5357
f 1318/1326/5358 1322/1332/5359 1320/1328/5360
f 1322/1332/5361 1317/1325/5362 1404/1333/5363
f 1319/1329/5364 1323/1334/5365 1321/1330/5366
f 1321/1330/5367 1323/1334/5368 1324/1335/5369 1357/1336/5370
f 1326/1337/5371 1325/1338/5372 1327/1339/5373
f 1327/1339/5374 1356/1340/5375 1324/1335/5376 1326/1337/5377
f 1324/1335/5378 1323/1334/5379 1328/1341/5380 1326/1337/5381
f 1329/1342/5382 1355/1343/5383 1327/1339/5384 1330/1344/5385
f 1327/1339/5386 1325/1338/5387 1330/1344/5388
f 1331/1345/5389 1310/1313/5390 1167/1173/5391 1166/1172/5392
f 1332/1346/5393 1331/1345/5394 1166/1172/5395 1065/1072/5396
f 1065/1072/5397 1415/1347/5398 1333/1348/5399
f 1332/1346/5400 1333/1348/5401 1334/1349/5402 1355/1343/5403
f 1333/1348/5404 1335/1350/5405 1334/1349/5406
f 1336/1351/5407 1356/1340/5408 1334/1349/5409 1337/1352/5410
f 1334/1349/5411 1335/1350/5412 1337/1352/5413
f 1338/1353/5414 1357/1336/5415 1336/1351/5416 1339/1354/5417
f 1336/1351/5418 1337/1352/5419 1339/1354/5420
f 1340/1355/5421 1341/1356/5422 1342/1357/5423 1416/1358/5424
f 1341/1356/5425 1359/1327/5426 1343/1359/5427 1342/1357/5428
f 1343/1359/5429 1344/1360/5430 1342/1357/5431
f 1343/1359/5432 1358/1331/5433 1338/1353/5434 1344/1360/5435
f 1338/1353/5436 1345/1361/5437 1344/1360/5438
f 1345/1361/5439 1338/1353/5440 1339/1354/5441 1423/1362/5442
f 1346/1363/5443 1360/1323/5444 1341/1356/5445 1347/1364/5446
f 1341/1356/5447 1340/1355/5448 1347/1364/5449
f 1349/1365/5450 1350/1366/5451 1348/1367/5452
f 1349/1365/5453 1361/1320/5454 1346/1363/5455 1350/1366/5456
f 1350/1366/5457 1346/1363/5458 1347/1364/5459 1420/1368/5460
f 1348/1367/5461 1351/1369/5462 1349/1365/5463
f 1349/1365/5464 1351/1369/5465 1352/1370/5466 1362/1315/5467
f 1351/1369/5468 1308/1311/5469 1352/1370/5470
f 1352/1370/5471 1308/1311/5472 1307/1310/5473 1305/1308/5474
f 1142/1152/5475 1310/1313/5476 1353/1371/5477
f 1310/1313/5478 1354/1372/5479 1353/1371/5480
f 1310/1313/5481 1331/1345/5482 1329/1342/5483 1354/1372/5484
f 1329/1342/5485 1330/1344/5486 1354/1372/5487
f 1331/1345/5488 1332/1346/5489 1355/1343/5490 1329/1342/5491
f 1355/1343/5492 1334/1349/5493 1356/1340/5494 1327/1339/5495
f 1356/1340/5496 1336/1351/5497 1357/1336/5498 1324/1335/5499
f 1357/1336/5500 1338/1353/5501 1358/1331/5502 1321/1330/5503
f 1358/1331/5504 1343/1359/5505 1359/1327/5506 1318/1326/5507
f 1359/1327/5508 1341/1356/5509 1360/1323/5510 1316/1322/5511
f 1360/1323/5512 1346/1363/5513 1361/1320/5514 1313/1319/5515
f 1361/1320/5516 1349/1365/5517 1362/1315/5518 1311/1314/5519
f 1362/1315/5520 1352/1370/5521 1305/1308/5522 1303/1307/5523
f 1309/1312/5524 1300/1303/5525 1366/1373/5526 1378/1316/5527
f 1300/1303/5528 1301/1305/5529 1367/1374/5530 1366/1373/5531
f 1302/1306/5532 1368/1375/5533 1367/1374/5534 1301/1305/5535
f 1369/1376/5536 1277/1289/5537 1275/1286/5538 1370/1377/5539
f 1280/1292/5540 1369/1376/5541 1368/1375/5542 1282/1295/5543
f 1371/1378/5544 1267/1277/5545 1265/1274/5546 1372/1379/5547
f 1270/1280/5548 1371/1378/5549 1370/1377/5550 1272/1283/5551
f 1257/1265/5552 1373/1380/5553 1374/1381/5554 1260/1268/5555
f 1260/1268/5556 1374/1381/5557 1372/1379/5558 1262/1271/5559
f 1240/1246/5560 1375/1382/5561 1373/1380/5562 1255/1262/5563
f 1235/1239/5564 1233/1238/5565 1376/1383/5566 1237/1242/5567
f 1237/1242/5568 1376/1383/5569 1375/1382/5570 1238/1243/5571
f 1363/1384/5572 1376/1383/5573 1233/1238/5574
f 1378/1316/5575 1366/1373/5576 1379/1385/5577 1377/1386/5578
f 1379/1385/5579 1366/1373/5580 1367/1374/5581 1380/1387/5582
f 1380/1387/5583 1367/1374/5584 1368/1375/5585 1381/1388/5586
f 1381/1388/5587 1368/1375/5588 1369/1376/5589 1382/1389/5590
f 1382/1389/5591 1369/1376/5592 1370/1377/5593 1383/1390/5594
f 1383/1390/5595 1370/1377/5596 1371/1378/5597 1384/1391/5598
f 1384/1391/5599 1371/1378/5600 1372/1379/5601 1385/1392/5602
f 1385/1392/5603 1372/1379/5604 1374/1381/5605 1386/1393/5606
f 1386/1393/5607 1374/1381/5608 1373/1380/5609 1387/1394/5610
f 1387/1394/5611 1373/1380/5612 1375/1382/5613 1388/1395/5614
f 1388/1395/5615 1375/1382/5616 1376/1383/5617 1365/1396/5618
f 1364/1397/5619 1365/1396/5620 1376/1383/5621 1363/1384/5622
f 1229/1233/5623 1391/1398/5624 1363/1384/5625 1233/1238/5626
f 1389/1399/5627 1396/1400/5628 1232/1229/5629 1226/1228/5630
f 1226/1228/5631 1014/1018/5632 1126/1134/5633 1389/1399/5634
f 1126/1134/5635 1390/1135/5636 1389/1399/5637
f 1391/1398/5638 1392/1401/5639 1364/1397/5640 1363/1384/5641
f 1392/1401/5642 1391/1398/5643 1394/1402/5644 1393/1403/5645
f 1394/1402/5646 1391/1398/5647 1229/1233/5648 1231/1234/5649
f 1393/1403/5650 1394/1402/5651 1396/1400/5652 1395/1404/5653
f 1396/1400/5654 1394/1402/5655 1231/1234/5656 1232/1229/5657
f 1395/1404/5658 1396/1400/5659 1389/1399/5660 1390/1135/5661
f 1377/1386/5662 1397/1405/5663 1398/1317/5664 1378/1316/5665
f 1399/1406/5666 1141/1150/5667 1353/1371/5668 1354/1372/5669
f 1330/1344/5670 1400/1407/5671 1399/1406/5672 1354/1372/5673
f 1326/1337/5674 1401/1408/5675 1325/1338/5676
f 1325/1338/5677 1401/1408/5678 1400/1407/5679 1330/1344/5680
f 1320/1328/5681 1402/1409/5682 1319/1329/5683
f 1319/1329/5684 1402/1409/5685 1403/1410/5686 1323/1334/5687
f 1323/1334/5688 1403/1410/5689 1401/1408/5690 1328/1341/5691
f 1401/1408/5692 1326/1337/5693 1328/1341/5694
f 1322/1332/5695 1404/1333/5696 1402/1409/5697 1320/1328/5698
f 1404/1333/5699 1317/1325/5700 1315/1324/5701 1405/1411/5702
f 1314/1321/5703 1406/1412/5704 1405/1411/5705 1315/1324/5706
f 1312/1318/5707 1398/1317/5708 1406/1412/5709 1314/1321/5710
f 1407/1413/5711 1399/1406/5712 1400/1407/5713 1408/1414/5714
f 1408/1414/5715 1400/1407/5716 1401/1408/5717 1409/1415/5718
f 1409/1415/5719 1401/1408/5720 1403/1410/5721 1410/1416/5722
f 1410/1416/5723 1403/1410/5724 1402/1409/5725 1411/1417/5726
f 1411/1417/5727 1402/1409/5728 1404/1333/5729 1412/1418/5730
f 1412/1418/5731 1404/1333/5732 1405/1411/5733 1413/1419/5734
f 1413/1419/5735 1405/1411/5736 1406/1412/5737 1414/1420/5738
f 1414/1420/5739 1406/1412/5740 1398/1317/5741 1397/1405/5742
f 1144/1154/5743 1141/1150/5744 1399/1406/5745 1407/1413/5746
f 1415/1347/5747 1065/1072/5748 1066/1071/5749
f 1418/1421/5750 1419/1422/5751 1351/1369/5752 1348/1367/5753
f 1351/1369/5754 1419/1422/5755 1417/1423/5756 1308/1311/5757
f 1420/1368/5758 1418/1421/5759 1348/1367/5760 1350/1366/5761
f 1421/1424/5762 1420/1368/5763 1347/1364/5764
f 1416/1358/5765 1421/1424/5766 1340/1355/5767
f 1421/1424/5768 1347/1364/5769 1340/1355/5770
f 1344/1360/5771 1345/1361/5772 1422/1425/5773 1426/1426/5774
f 1345/1361/5775 1423/1362/5776 1422/1425/5777
f 1415/1347/5778 1424/1427/5779 1335/1350/5780 1333/1348/5781
f 1335/1350/5782 1424/1427/5783 1425/1428/5784 1337/1352/5785
f 1337/1352/5786 1425/1428/5787 1423/1362/5788 1339/1354/5789
f 1066/1071/5790 1187/1194/5791 1424/1427/5792 1415/1347/5793
f 1187/1194/5794 1188/1186/5795 1425/1428/5796 1424/1427/5797
f 1188/1186/5798 1178/1183/5799 1423/1362/5800 1425/1428/5801
f 1416/1358/5802 1342/1357/5803 1344/1360/5804 1426/1426/5805
f 1426/1426/5806 1422/1425/5807 1197/1185/5808 1196/1199/5809
f 1197/1185/5810 1422/1425/5811 1423/1362/5812 1178/1183/5813
f 1420/1368/5814 1421/1424/5815 1202/1208/5816
f 1421/1424/5817 1416/1358/5818 1194/1198/5819 1202/1208/5820
f 1194/1198/5821 1416/1358/5822 1426/1426/5823 1196/1199/5824
f 1417/1423/5825 1419/1422/5826 1208/1213/5827 1212/1217/5828
f 1419/1422/5829 1418/1421/5830 1208/1213/5831
f 1418/1421/5832 1420/1368/5833 1208/1213/5834
f 1420/1368/5835 1202/1208/5836 1208/1213/5837
f 1428/1429/5838 1429/1430/5839 1243/1249/5840 1258/1248/5841
f 1429/1430/5842 1430/1431/5843 1245/1251/5844 1243/1249/5845
f 1430/1431/5846 1431/1432/5847 1247/1253/5848 1245/1251/5849
f 1431/1432/5850 1432/1433/5851 1249/1255/5852 1247/1253/5853
f 1432/1433/5854 1433/1434/5855 1251/1257/5856 1249/1255/5857
f 1433/1434/5858 1434/1435/5859 1253/1259/5860 1251/1257/5861
f 1434/1435/5862 1435/1436/5863 1254/1261/5864 1253/1259/5865
f 1435/1436/5866 1436/1137/5867 1026/1030/5868 1254/1261/5869
f 1437/1437/5870 1438/1438/5871 1263/1267/5872 1268/1273/5873
f 1438/1438/5874 1428/1429/5875 1258/1248/5876 1263/1267/5877
f 1439/1439/5878 1437/1437/5879 1268/1273/5880 1273/1279/5881
f 1427/1440/5882 1439/1439/5883 1273/1279/5884 1278/1285/5885
f 1440/1441/5886 1427/1440/5887 1278/1285/5888 1283/1291/5889
f 1441/1442/5890 1218/1219/5891 1440/1441/5892 1283/1291/5893
f 1308/1311/5894 1417/1423/5895 1221/1302/5896
f 1417/1423/5897 1442/1443/5898 1221/1302/5899
f 1442/1443/5900 1441/1442/5901 1285/1297/5902 1221/1302/5903
f 1441/1442/5904 1283/1291/5905 1285/1297/5906
f 1215/1223/5907 1442/1443/5908 1417/1423/5909 1212/1217/5910
f 1442/1443/5911 1215/1223/5912 1441/1442/5913
f 1441/1442/5914 1215/1223/5915 1218/1219/5916
f 1204/1209/5917 1427/1440/5918 1440/1441/5919 1218/1219/5920
f 1427/1440/5921 1204/1209/5922 1205/1211/5923 1439/1439/5924
f 1439/1439/5925 1205/1211/5926 1193/1206/5927 1437/1437/5928
f 1193/1206/5929 1199/1201/5930 1438/1438/5931
f 1193/1206/5932 1438/1438/5933 1437/1437/5934
f 1438/1438/5935 1199/1201/5936 1428/1429/5937
f 1185/1192/5938 1429/1430/5939 1428/1429/5940 1199/1201/5941
f 1429/1430/5942 1185/1192/5943 1182/1188/5944 1430/1431/5945
f 1430/1431/5946 1182/1188/5947 1172/1179/5948 1431/1432/5949
f 1432/1433/5950 1172/1179/5951 1173/1178/5952
f 1172/1179/5953 1432/1433/5954 1431/1432/5955
f 1175/1180/5956 1434/1435/5957 1433/1434/5958 1173/1178/5959
f 1173/1178/5960 1433/1434/5961 1432/1433/5962
f 1436/1137/5963 1435/1436/5964 1177/1182/5965 1127/1136/5966
f 1177/1182/5967 1435/1436/5968 1434/1435/5969 1175/1180/5970
f 693/695/5971 781/782/5972 784/785/5973 1443/1444/5974
f 1443/1444/5975 784/785/5976 786/789/5977 1444/1445/5978
f 1444/1445/5979 786/789/5980 789/791/5981 1445/1446/5982
f 1445/1446/5983 789/791/5984 796/796/5985 1446/1447/5986
f 1446/1447/5987 796/796/5988 800/802/5989 1447/1448/5990
f 1447/1448/5991 800/802/5992 804/807/5993 1448/1449/5994
f 1448/1449/5995 804/807/5996 808/811/5997 1449/1450/5998
f 1449/1450/5999 808/811/6000 812/816/6001 1450/1451/6002
f 1450/1451/6003 812/816/6004 815/820/6005 1451/1452/6006
f 1451/1452/6007 815/820/6008 819/826/6009 1452/832/6010
f 780/779/6011 1453/1453/6012 1452/832/6013
f 827/835/6014 1454/1454/6015 1453/1453/6016
f 829/838/6017 1455/1455/6018 1454/1454/6019
f 836/846/6020 63/74/6021 707/708/6022 1455/1455/6023
f 781/782/6024 693/695/6025 4/8/6026
f 707/708/6027 708/710/6028 1456/1456/6029 1455/1455/6030
f 1455/1455/6031 1456/1456/6032 1457/1457/6033 1454/1454/6034
f 1454/1454/6035 1457/1457/6036 1458/1458/6037 1453/1453/6038
f 1453/1453/6039 1458/1458/6040 1459/1459/6041 1452/832/6042
f 1452/832/6043 1459/1459/6044 1460/1460/6045 1451/1452/6046
f 1451/1452/6047 1460/1460/6048 1461/1461/6049 1450/1451/6050
f 1450/1451/6051 1461/1461/6052 1462/1462/6053 1449/1450/6054
f 1449/1450/6055 1462/1462/6056 1463/1463/6057 1448/1449/6058
f 1448/1449/6059 1463/1463/6060 1464/1464/6061 1447/1448/6062
f 1447/1448/6063 1464/1464/6064 1465/1465/6065 1446/1447/6066
f 1446/1447/6067 1465/1465/6068 1466/1466/6069 1445/1446/6070
f 1445/1446/6071 1466/1466/6072 1467/1467/6073 1444/1445/6074
f 1444/1445/6075 1467/1467/6076 1468/1468/6077 1443/1444/6078
f 1443/1444/6079 1468/1468/6080 722/723/6081 693/695/6082
f 722/723/6083 1468/1468/6084 723/724/6085
f 1466/1466/6086 1465/1465/6087 723/724/6088 1467/1467/6089
f 723/724/6090 1468/1468/6091 1467/1467/6092
f 1463/1463/6093 1462/1462/6094 723/724/6095 1464/1464/6096
f 723/724/6097 1465/1465/6098 1464/1464/6099
f 1459/1459/6100 1458/1458/6101 723/724/6102 1460/1460/6103
f 723/724/6104 1462/1462/6105 1461/1461/6106 1460/1460/6107
f 1457/1457/6108 1456/1456/6109 723/724/6110 1458/1458/6111
f 1189/1195/6112 1469/1469/6113 1186/1193/6114
f 1469/1469/6115 1470/1470/6116 1180/1187/6117 1186/1193/6118
f 1470/1470/6119 1471/1471/6120 1179/1184/6121 1180/1187/6122
f 1471/1471/6123 1472/1472/6124 1195/1200/6125 1179/1184/6126
f 1472/1472/6127 1473/1473/6128 1203/1207/6129 1195/1200/6130
f 1473/1473/6131 1474/1474/6132 1209/1214/6133 1203/1207/6134
f 1474/1474/6135 1475/1475/6136 1213/1216/6137 1209/1214/6138
f 1475/1475/6139 1476/1476/6140 1216/1222/6141 1213/1216/6142
f 1476/1476/6143 1477/1477/6144 1217/1220/6145 1216/1222/6146
f 1477/1477/6147 1478/1478/6148 1206/1210/6149 1217/1220/6150
f 1478/1478/6151 1479/1479/6152 1192/1205/6153 1206/1210/6154
f 1479/1479/6155 1480/1480/6156 1198/1202/6157 1192/1205/6158
f 1480/1480/6159 1481/1481/6160 1181/1189/6161 1198/1202/6162
f 1481/1481/6163 1482/1482/6164 1171/1176/6165 1181/1189/6166
f 1482/1482/6167 1483/1483/6168 1174/1177/6169 1171/1176/6170
f 1483/1483/6171 1484/1484/6172 1176/1181/6173 1174/1177/6174
f 1484/1484/6175 1485/1485/6176 1191/1197/6177 1176/1181/6178
f 1485/1485/6179 1486/1486/6180 1201/1204/6181 1191/1197/6182
f 1486/1486/6183 1487/1487/6184 1207/1212/6185 1201/1204/6186
f 1487/1487/6187 1488/1488/6188 1214/1218/6189 1207/1212/6190
f 1488/1488/6191 1489/1489/6192 1220/1221/6193 1214/1218/6194
f 1489/1489/6195 1490/1490/6196 1219/1054/6197 1220/1221/6198
f 1490/1490/6199 1491/1491/6200 1211/1057/6201 1219/1054/6202
f 1491/1491/6203 1492/1492/6204 1210/1215/6205 1211/1057/6206
f 1492/1492/6207 1493/1493/6208 1200/1203/6209 1210/1215/6210
f 1493/1493/6211 1494/1494/6212 1184/1190/6213 1200/1203/6214
f 1494/1494/6215 1495/1495/6216 1183/1191/6217 1184/1190/6218
f 1495/1495/6219 1496/1496/6220 1190/1196/6221 1183/1191/6222
f 1496/1496/6223 1189/1195/6224 1190/1196/6225
f 1469/1469/6226 1189/1195/6227 1496/1496/6228
f 1483/1483/6229 1482/1482/6230 1497/1497/6231 1484/1484/6232
f 1479/1479/6233 1478/1478/6234 1497/1497/6235 1480/1480/6236
f 1497/1497/6237 1482/1482/6238 1481/1481/6239 1480/1480/6240
f 1477/1477/6241 1476/1476/6242 1497/1497/6243 1478/1478/6244
f 1474/1474/6245 1473/1473/6246 1497/1497/6247 1475/1475/6248
f 1497/1497/6249 1476/1476/6250 1475/1475/6251
f 1471/1471/6252 1470/1470/6253 1497/1497/6254 1472/1472/6255
f 1497/1497/6256 1473/1473/6257 1472/1472/6258
f 1495/1495/6259 1494/1494/6260 1497/1497/6261 1496/1496/6262
f 1497/1497/6263 1470/1470/6264 1469/1469/6265
f 1493/1493/6266 1492/1492/6267 1497/1497/6268 1494/1494/6269
f 1490/1490/6270 1489/1489/6271 1497/1497/6272 1491/1491/6273
f 1497/1497/6274 1492/1492/6275 1491/1491/6276
f 1487/1487/6277 1486/1486/6278 1497/1497/6279
f 1497/1497/6280 1489/1489/6281 1488/1488/6282
f 1497/1497/6283 1486/1486/6284 1485/1485/6285 1484/1484/6286
f 1051/1055/6287 1053/1058/6288 1052/1056/6289
f 1487/1487/6290 1497/1497/6291 1488/1488/6292
f 1311/1314/6293 1309/1312/6294 1312/1318/6295
f 1322/1332/6296 1318/1326/6297 1317/1325/6298
f 1142/1152/6299 1353/1371/6300 1141/1150/6301
f 1065/1072/6302 1333/1348/6303 1332/1346/6304
f 1497/1497/6305 1469/1469/6306 1496/1496/6307
f 1106/1118/6308 1105/1113/6309 1034/1040/6310
f 1169/1175/6311 1170/1163/6312 1162/1170/6313 1163/1169/6314
f 780/779/6315 819/826/6316 824/831/6317
f 780/779/6318 827/835/6319 1453/1453/6320
f 829/838/6321 1454/1454/6322 827/835/6323
f 829/838/6324 836/846/6325 1455/1455/6326
f 708/710/6327 723/724/6328 1456/1456/6329
f 202/231/6330 365/373/6331 987/996/6332
f 1390/1135/6333 368/377/6334 753/754/6335
f 754/755/6336 1395/1404/6337 1390/1135/6338 753/754/6339
f 755/756/6340 1393/1403/6341 1395/1404/6342 754/755/6343
f 756/757/6344 1392/1401/6345 1393/1403/6346 755/756/6347
f 1364/1397/6348 1392/1401/6349 756/757/6350 757/758/6351
f 1365/1396/6352 1364/1397/6353 757/758/6354 758/759/6355
f 759/760/6356 1388/1395/6357 1365/1396/6358 758/759/6359
f 760/761/6360 1387/1394/6361 1388/1395/6362 759/760/6363
f 761/762/6364 1386/1393/6365 1387/1394/6366 760/761/6367
f 762/763/6368 1385/1392/6369 1386/1393/6370 761/762/6371
f 763/764/6372 1384/1391/6373 1385/1392/6374 762/763/6375
f 764/765/6376 1383/1390/6377 1384/1391/6378 763/764/6379
f 765/766/6380 1382/1389/6381 1383/1390/6382 764/765/6383
f 766/767/6384 1381/1388/6385 1382/1389/6386 765/766/6387
f 767/768/6388 1380/1387/6389 1381/1388/6390 766/767/6391
f 768/769/6392 1379/1385/6393 1380/1387/6394 767/768/6395
f 614/654/6396 1377/1386/6397 1379/1385/6398 768/769/6399
f 614/654/6400 769/656/6401 1397/1405/6402 1377/1386/6403
f 1397/1405/6404 769/656/6405 770/770/6406 1414/1420/6407
f 1414/1420/6408 770/770/6409 771/771/6410 1413/1419/6411
f 1413/1419/6412 771/771/6413 772/772/6414 1412/1418/6415
f 1412/1418/6416 772/772/6417 773/773/6418 1411/1417/6419
f 1411/1417/6420 773/773/6421 774/774/6422 1410/1416/6423
f 1410/1416/6424 774/774/6425 775/775/6426 1409/1415/6427
f 1409/1415/6428 775/775/6429 776/776/6430 1408/1414/6431
f 1408/1414/6432 776/776/6433 777/777/6434 1407/1413/6435
f 1144/1154/6436 1407/1413/6437 777/777/6438 374/395/6439
f 1238/1243/6440 1375/1382/6441 1240/1246/6442
f 1255/1262/6443 1373/1380/6444 1257/1265/6445
f 1262/1271/6446 1372/1379/6447 1265/1274/6448
f 1267/1277/6449 1371/1378/6450 1270/1280/6451
f 1272/1283/6452 1370/1377/6453 1275/1286/6454
f 1302/1306/6455 1282/1295/6456 1368/1375/6457
f 1277/1289/6458 1369/1376/6459 1280/1292/6460
f 551/562/6461 531/551/6462 530/550/6463
f 526/544/6464 525/543/6465 529/547/6466
f 521/537/6467 520/536/6468 524/540/6469
f 516/530/6470 515/529/6471 519/533/6472
f 511/523/6473 510/522/6474 514/526/6475
f 504/513/6476 505/515/6477 506/516/6478
f 487/492/6479 488/495/6480 489/496/6481
f 483/487/6482 475/477/6483 474/476/6484
