# 3ds Max Wavefront OBJ Exporter v0.99 - (c)2007 guruware
# File Created: 27.07.2026 10:37:50

mtllib logo_link.mtl

#
# object node
#

v  0.0616 -0.0651 0.2784
v  0.0656 -0.0660 0.2793
v  0.0619 -0.0641 0.2784
v  0.0658 -0.0650 0.2793
v  0.0627 -0.0603 0.2784
v  0.0667 -0.0612 0.2793
v  0.0629 -0.0593 0.2784
v  0.0669 -0.0601 0.2793
v  0.0630 -0.0592 0.2784
v  0.0669 -0.0600 0.2793
v  0.0703 -0.0571 0.2665
v  0.0662 -0.0562 0.2658
v  0.0662 -0.0566 0.2655
v  0.0702 -0.0568 0.2672
v  0.0662 -0.0559 0.2665
v  0.0701 -0.0566 0.2677
v  0.0661 -0.0558 0.2670
v  0.0701 -0.0565 0.2682
v  0.0661 -0.0557 0.2674
v  0.0700 -0.0564 0.2687
v  0.0660 -0.0555 0.2680
v  0.0699 -0.0562 0.2693
v  0.0659 -0.0554 0.2685
v  0.0698 -0.0561 0.2699
v  0.0658 -0.0553 0.2691
v  0.0697 -0.0559 0.2705
v  0.0657 -0.0551 0.2697
v  0.0690 -0.0548 0.2750
v  0.0650 -0.0541 0.2740
v  0.0681 -0.0537 0.2794
v  0.0641 -0.0530 0.2783
v  0.0702 -0.0567 0.2673
v  0.0662 -0.0560 0.2661
v  0.0702 -0.0568 0.2671
v  0.0662 -0.0562 0.2659
v  0.0703 -0.0570 0.2666
v  0.0662 -0.0561 0.2659
v  0.0703 -0.0569 0.2668
v  0.0702 -0.0575 0.2662
v  0.0702 -0.0575 0.2663
v  0.0702 -0.0576 0.2662
v  0.0662 -0.0569 0.2654
v  0.0702 -0.0577 0.2661
v  0.0701 -0.0580 0.2661
v  0.0661 -0.0572 0.2654
v  0.0701 -0.0582 0.2661
v  0.0701 -0.0584 0.2661
v  0.0661 -0.0574 0.2653
v  0.0698 -0.0596 0.2661
v  0.0653 -0.0607 0.2654
v  0.0694 -0.0613 0.2661
v  0.0654 -0.0603 0.2654
v  0.0658 -0.0586 0.2654
v  0.0652 -0.0610 0.2654
v  0.0692 -0.0620 0.2661
v  0.0692 -0.0621 0.2661
v  0.0693 -0.0617 0.2661
v  0.0651 -0.0614 0.2654
v  0.0691 -0.0623 0.2661
v  0.0651 -0.0615 0.2654
v  0.0690 -0.0626 0.2661
v  0.0690 -0.0627 0.2661
v  0.0650 -0.0617 0.2655
v  0.0690 -0.0628 0.2662
v  0.0650 -0.0618 0.2655
v  0.0689 -0.0630 0.2664
v  0.0689 -0.0629 0.2663
v  0.0650 -0.0618 0.2656
v  0.0649 -0.0619 0.2656
v  0.0649 -0.0620 0.2657
v  0.0649 -0.0621 0.2658
v  0.0688 -0.0631 0.2666
v  0.0648 -0.0621 0.2659
v  0.0688 -0.0631 0.2669
v  0.0688 -0.0631 0.2667
v  0.0648 -0.0621 0.2660
v  0.0648 -0.0621 0.2661
v  0.0648 -0.0621 0.2662
v  0.0687 -0.0631 0.2670
v  0.0648 -0.0621 0.2663
v  0.0687 -0.0631 0.2672
v  0.0647 -0.0621 0.2665
v  0.0687 -0.0630 0.2674
v  0.0647 -0.0620 0.2667
v  0.0687 -0.0630 0.2677
v  0.0647 -0.0620 0.2669
v  0.0643 -0.0613 0.2698
v  0.0683 -0.0622 0.2706
v  0.0638 -0.0604 0.2734
v  0.0678 -0.0613 0.2743
v  0.0631 -0.0594 0.2778
v  0.0671 -0.0602 0.2787
v  0.0646 -0.0501 0.2783
v  0.0686 -0.0507 0.2794
v  0.0691 -0.0477 0.2794
v  0.0651 -0.0471 0.2783
v  0.0622 -0.0661 0.2743
v  0.0662 -0.0671 0.2751
v  0.0628 -0.0672 0.2698
v  0.0668 -0.0683 0.2705
v  0.0629 -0.0674 0.2686
v  0.0669 -0.0686 0.2693
v  0.0631 -0.0678 0.2672
v  0.0670 -0.0689 0.2678
v  0.0631 -0.0680 0.2664
v  0.0671 -0.0691 0.2670
v  0.0671 -0.0692 0.2668
v  0.0631 -0.0680 0.2662
v  0.0672 -0.0694 0.2656
v  0.0672 -0.0694 0.2660
v  0.0632 -0.0681 0.2657
v  0.0671 -0.0693 0.2665
v  0.0671 -0.0692 0.2667
v  0.0632 -0.0682 0.2652
v  0.0633 -0.0682 0.2649
v  0.0672 -0.0694 0.2654
v  0.0633 -0.0682 0.2646
v  0.0673 -0.0694 0.2650
v  0.0634 -0.0682 0.2645
v  0.0674 -0.0693 0.2648
v  0.0634 -0.0681 0.2642
v  0.0675 -0.0690 0.2642
v  0.0674 -0.0692 0.2645
v  0.0635 -0.0680 0.2639
v  0.0674 -0.0693 0.2647
v  0.0636 -0.0679 0.2637
v  0.0636 -0.0678 0.2636
v  0.0676 -0.0689 0.2641
v  0.0637 -0.0677 0.2635
v  0.0677 -0.0686 0.2639
v  0.0638 -0.0674 0.2633
v  0.0679 -0.0681 0.2636
v  0.0678 -0.0684 0.2637
v  0.0639 -0.0671 0.2631
v  0.0677 -0.0686 0.2638
v  0.0639 -0.0669 0.2631
v  0.0640 -0.0668 0.2630
v  0.0680 -0.0677 0.2636
v  0.0640 -0.0667 0.2630
v  0.0681 -0.0675 0.2636
v  0.0642 -0.0662 0.2629
v  0.0682 -0.0671 0.2635
v  0.0644 -0.0656 0.2629
v  0.0683 -0.0667 0.2635
v  0.0684 -0.0664 0.2635
v  0.0645 -0.0652 0.2629
v  0.0657 -0.0607 0.2629
v  0.0697 -0.0617 0.2635
v  0.0704 -0.0589 0.2635
v  0.0664 -0.0579 0.2629
v  0.0708 -0.0570 0.2636
v  0.0668 -0.0561 0.2629
v  0.0709 -0.0568 0.2636
v  0.0668 -0.0559 0.2629
v  0.0710 -0.0563 0.2636
v  0.0669 -0.0556 0.2629
v  0.0671 -0.0547 0.2628
v  0.0713 -0.0550 0.2636
v  0.0672 -0.0541 0.2628
v  0.0713 -0.0549 0.2636
v  0.0673 -0.0540 0.2628
v  0.0713 -0.0548 0.2636
v  0.0673 -0.0538 0.2628
v  0.0714 -0.0543 0.2636
v  0.0674 -0.0533 0.2629
v  0.0715 -0.0539 0.2636
v  0.0675 -0.0530 0.2629
v  0.0675 -0.0526 0.2630
v  0.0715 -0.0535 0.2637
v  0.0716 -0.0531 0.2638
v  0.0676 -0.0522 0.2631
v  0.0716 -0.0529 0.2639
v  0.0676 -0.0521 0.2632
v  0.0716 -0.0528 0.2639
v  0.0676 -0.0519 0.2633
v  0.0717 -0.0525 0.2641
v  0.0676 -0.0516 0.2635
v  0.0717 -0.0522 0.2644
v  0.0676 -0.0514 0.2636
v  0.0676 -0.0513 0.2637
v  0.0717 -0.0519 0.2647
v  0.0676 -0.0511 0.2639
v  0.0717 -0.0517 0.2649
v  0.0676 -0.0509 0.2641
v  0.0676 -0.0509 0.2642
v  0.0717 -0.0516 0.2650
v  0.0676 -0.0508 0.2643
v  0.0717 -0.0515 0.2652
v  0.0716 -0.0513 0.2655
v  0.0676 -0.0506 0.2647
v  0.0716 -0.0512 0.2656
v  0.0676 -0.0504 0.2649
v  0.0716 -0.0510 0.2661
v  0.0675 -0.0503 0.2655
v  0.0715 -0.0510 0.2663
v  0.0715 -0.0508 0.2669
v  0.0674 -0.0501 0.2661
v  0.0714 -0.0507 0.2675
v  0.0673 -0.0500 0.2667
v  0.0673 -0.0499 0.2667
v  0.0713 -0.0507 0.2676
v  0.0673 -0.0499 0.2668
v  0.0707 -0.0497 0.2715
v  0.0667 -0.0490 0.2707
v  0.0705 -0.0494 0.2727
v  0.0665 -0.0487 0.2718
v  0.0655 -0.0475 0.2767
v  0.0695 -0.0481 0.2777
v  0.0665 -0.0499 0.2707
v  0.0636 -0.0604 0.2746
v  0.0660 -0.0525 0.2707
v  0.0668 -0.0526 0.2667
v  0.0663 -0.0553 0.2667
v  0.0644 -0.0631 0.2667
v  0.0637 -0.0631 0.2706
v  0.0629 -0.0630 0.2746
v  0.0630 -0.0657 0.2706
v  0.0623 -0.0657 0.2746
v  0.0637 -0.0658 0.2667
v  0.0656 -0.0498 0.2746
v  0.0652 -0.0524 0.2746
v  0.0705 -0.0506 0.2715
v  0.0696 -0.0504 0.2755
v  0.0684 -0.0642 0.2674
v  0.0703 -0.0561 0.2675
v  0.0700 -0.0533 0.2715
v  0.0709 -0.0534 0.2675
v  0.0692 -0.0532 0.2755
v  0.0677 -0.0669 0.2673
v  0.0663 -0.0667 0.2754
v  0.0670 -0.0668 0.2714
v  0.0669 -0.0640 0.2754
v  0.0675 -0.0613 0.2755
v  0.0677 -0.0641 0.2714
v  0.0608 0.0686 0.2784
v  0.0608 0.0687 0.2785
v  0.0647 0.0697 0.2793
v  0.0651 0.0693 0.2778
v  0.0655 0.0690 0.2765
v  0.0616 0.0679 0.2757
v  0.0612 0.0683 0.2770
v  0.0648 0.0697 0.2793
v  0.0633 0.0576 0.2784
v  0.0637 0.0560 0.2784
v  0.0677 0.0567 0.2793
v  0.0681 0.0544 0.2794
v  0.0641 0.0537 0.2783
v  0.0681 0.0542 0.2794
v  0.0641 0.0535 0.2783
v  0.0682 0.0539 0.2794
v  0.0641 0.0534 0.2783
v  0.0642 0.0532 0.2783
v  0.0682 0.0538 0.2793
v  0.0643 0.0526 0.2783
v  0.0683 0.0533 0.2793
v  0.0684 0.0528 0.2792
v  0.0644 0.0522 0.2782
v  0.0644 0.0521 0.2782
v  0.0685 0.0525 0.2791
v  0.0645 0.0519 0.2781
v  0.0645 0.0518 0.2781
v  0.0685 0.0524 0.2791
v  0.0645 0.0518 0.2780
v  0.0685 0.0524 0.2790
v  0.0646 0.0515 0.2779
v  0.0646 0.0513 0.2778
v  0.0649 0.0507 0.2772
v  0.0689 0.0514 0.2782
v  0.0689 0.0514 0.2783
v  0.0648 0.0509 0.2774
v  0.0688 0.0515 0.2784
v  0.0648 0.0510 0.2775
v  0.0687 0.0518 0.2787
v  0.0686 0.0520 0.2788
v  0.0689 0.0513 0.2782
v  0.0650 0.0506 0.2770
v  0.0690 0.0511 0.2778
v  0.0650 0.0505 0.2768
v  0.0651 0.0503 0.2764
v  0.0691 0.0509 0.2774
v  0.0693 0.0508 0.2770
v  0.0653 0.0501 0.2760
v  0.0694 0.0507 0.2766
v  0.0694 0.0507 0.2765
v  0.0654 0.0500 0.2755
v  0.0697 0.0504 0.2755
v  0.0657 0.0498 0.2745
v  0.0673 0.0483 0.2687
v  0.0713 0.0489 0.2695
v  0.0720 0.0483 0.2669
v  0.0679 0.0476 0.2660
v  0.0679 0.0476 0.2659
v  0.0720 0.0482 0.2665
v  0.0680 0.0476 0.2658
v  0.0722 0.0481 0.2658
v  0.0681 0.0474 0.2652
v  0.0722 0.0481 0.2657
v  0.0682 0.0474 0.2648
v  0.0723 0.0481 0.2655
v  0.0683 0.0474 0.2644
v  0.0723 0.0481 0.2651
v  0.0683 0.0474 0.2642
v  0.0724 0.0481 0.2649
v  0.0683 0.0475 0.2641
v  0.0724 0.0489 0.2639
v  0.0684 0.0482 0.2631
v  0.0684 0.0481 0.2632
v  0.0724 0.0488 0.2639
v  0.0684 0.0479 0.2633
v  0.0724 0.0486 0.2641
v  0.0684 0.0478 0.2635
v  0.0724 0.0484 0.2643
v  0.0684 0.0476 0.2637
v  0.0724 0.0483 0.2644
v  0.0683 0.0475 0.2640
v  0.0724 0.0482 0.2647
v  0.0682 0.0495 0.2628
v  0.0723 0.0501 0.2636
v  0.0683 0.0490 0.2629
v  0.0723 0.0497 0.2636
v  0.0683 0.0489 0.2629
v  0.0724 0.0494 0.2637
v  0.0683 0.0486 0.2630
v  0.0724 0.0492 0.2638
v  0.0684 0.0483 0.2631
v  0.0681 0.0500 0.2628
v  0.0722 0.0507 0.2636
v  0.0722 0.0506 0.2636
v  0.0721 0.0510 0.2636
v  0.0722 0.0508 0.2636
v  0.0681 0.0502 0.2628
v  0.0680 0.0509 0.2628
v  0.0720 0.0516 0.2636
v  0.0670 0.0558 0.2629
v  0.0710 0.0566 0.2636
v  0.0709 0.0572 0.2636
v  0.0668 0.0563 0.2629
v  0.0698 0.0615 0.2635
v  0.0658 0.0605 0.2629
v  0.0697 0.0619 0.2635
v  0.0647 0.0647 0.2629
v  0.0687 0.0658 0.2635
v  0.0673 0.0584 0.2793
v  0.0662 0.0638 0.2793
v  0.0622 0.0629 0.2784
v  0.0650 0.0686 0.2793
v  0.0611 0.0676 0.2785
v  0.0641 0.0654 0.2657
v  0.0680 0.0665 0.2664
v  0.0684 0.0662 0.2649
v  0.0644 0.0650 0.2642
v  0.0680 0.0665 0.2663
v  0.0669 0.0534 0.2656
v  0.0710 0.0542 0.2664
v  0.0704 0.0567 0.2664
v  0.0687 0.0642 0.2664
v  0.0647 0.0632 0.2657
v  0.0653 0.0608 0.2657
v  0.0693 0.0617 0.2664
v  0.0659 0.0583 0.2657
v  0.0699 0.0592 0.2664
v  0.0704 0.0571 0.2664
v  0.0663 0.0562 0.2657
v  0.0664 0.0558 0.2656
v  0.0663 0.0540 0.2682
v  0.0663 0.0541 0.2684
v  0.0703 0.0549 0.2692
v  0.0702 0.0549 0.2694
v  0.0662 0.0541 0.2686
v  0.0702 0.0550 0.2696
v  0.0662 0.0542 0.2688
v  0.0701 0.0551 0.2698
v  0.0661 0.0543 0.2689
v  0.0701 0.0552 0.2699
v  0.0661 0.0544 0.2691
v  0.0701 0.0552 0.2700
v  0.0660 0.0544 0.2691
v  0.0660 0.0544 0.2692
v  0.0700 0.0552 0.2700
v  0.0659 0.0547 0.2695
v  0.0699 0.0555 0.2703
v  0.0699 0.0557 0.2704
v  0.0659 0.0549 0.2695
v  0.0698 0.0559 0.2704
v  0.0658 0.0551 0.2696
v  0.0698 0.0562 0.2705
v  0.0657 0.0554 0.2697
v  0.0697 0.0564 0.2705
v  0.0657 0.0556 0.2697
v  0.0697 0.0565 0.2705
v  0.0657 0.0557 0.2697
v  0.0696 0.0568 0.2705
v  0.0656 0.0560 0.2697
v  0.0656 0.0562 0.2697
v  0.0695 0.0574 0.2705
v  0.0642 0.0620 0.2697
v  0.0694 0.0580 0.2705
v  0.0654 0.0571 0.2697
v  0.0655 0.0565 0.2697
v  0.0631 0.0664 0.2698
v  0.0671 0.0675 0.2705
v  0.0631 0.0662 0.2698
v  0.0671 0.0673 0.2705
v  0.0682 0.0630 0.2705
v  0.0703 0.0548 0.2690
v  0.0624 0.0672 0.2726
v  0.0663 0.0682 0.2733
v  0.0650 0.0561 0.2725
v  0.0652 0.0551 0.2725
v  0.0692 0.0559 0.2733
v  0.0641 0.0602 0.2725
v  0.0681 0.0611 0.2733
v  0.0669 0.0662 0.2733
v  0.0629 0.0652 0.2725
v  0.0649 0.0554 0.2737
v  0.0647 0.0556 0.2743
v  0.0687 0.0563 0.2752
v  0.0686 0.0564 0.2754
v  0.0646 0.0556 0.2745
v  0.0685 0.0565 0.2758
v  0.0645 0.0558 0.2748
v  0.0645 0.0559 0.2750
v  0.0685 0.0566 0.2759
v  0.0685 0.0567 0.2760
v  0.0645 0.0559 0.2751
v  0.0684 0.0568 0.2761
v  0.0644 0.0560 0.2752
v  0.0643 0.0564 0.2754
v  0.0683 0.0572 0.2764
v  0.0643 0.0564 0.2755
v  0.0682 0.0574 0.2764
v  0.0642 0.0567 0.2755
v  0.0682 0.0575 0.2765
v  0.0642 0.0568 0.2756
v  0.0681 0.0578 0.2765
v  0.0641 0.0571 0.2756
v  0.0681 0.0580 0.2765
v  0.0641 0.0572 0.2756
v  0.0680 0.0583 0.2765
v  0.0640 0.0574 0.2756
v  0.0638 0.0584 0.2756
v  0.0678 0.0592 0.2765
v  0.0627 0.0634 0.2756
v  0.0667 0.0644 0.2765
v  0.0689 0.0562 0.2746
v  0.0647 0.0553 0.2746
v  0.0637 0.0635 0.2706
v  0.0643 0.0608 0.2706
v  0.0655 0.0554 0.2707
v  0.0661 0.0526 0.2707
v  0.0669 0.0527 0.2667
v  0.0630 0.0662 0.2706
v  0.0650 0.0581 0.2707
v  0.0652 0.0525 0.2746
v  0.0657 0.0498 0.2746
v  0.0666 0.0499 0.2707
v  0.0674 0.0500 0.2667
v  0.0690 0.0590 0.2715
v  0.0683 0.0618 0.2714
v  0.0677 0.0646 0.2714
v  0.0670 0.0673 0.2714
v  0.0696 0.0562 0.2715
v  0.0701 0.0534 0.2715
v  0.0709 0.0535 0.2675
v  0.0714 0.0507 0.2675
v  0.0706 0.0506 0.2715
v  0.0697 0.0504 0.2756
v  0.0692 0.0533 0.2755
v  0.0687 0.0561 0.2755
v  0.0740 -0.0368 0.2646
v  0.0699 -0.0363 0.2638
v  0.0699 -0.0363 0.2637
v  0.0740 -0.0367 0.2644
v  0.0699 -0.0362 0.2635
v  0.0741 -0.0366 0.2642
v  0.0700 -0.0361 0.2634
v  0.0741 -0.0363 0.2640
v  0.0701 -0.0359 0.2631
v  0.0715 -0.0402 0.2737
v  0.0675 -0.0397 0.2727
v  0.0728 -0.0385 0.2691
v  0.0688 -0.0380 0.2682
v  0.0734 -0.0427 0.2636
v  0.0693 -0.0422 0.2628
v  0.0734 -0.0427 0.2638
v  0.0693 -0.0421 0.2630
v  0.0725 -0.0414 0.2687
v  0.0685 -0.0409 0.2679
v  0.0725 -0.0487 0.2636
v  0.0684 -0.0480 0.2628
v  0.0725 -0.0486 0.2636
v  0.0684 -0.0479 0.2628
v  0.0733 -0.0437 0.2636
v  0.0692 -0.0431 0.2628
v  0.0678 -0.0471 0.2667
v  0.0695 -0.0448 0.2794
v  0.0655 -0.0443 0.2783
v  0.0696 -0.0449 0.2791
v  0.0656 -0.0443 0.2780
v  0.0706 -0.0461 0.2742
v  0.0667 -0.0456 0.2729
v  0.0712 -0.0467 0.2716
v  0.0671 -0.0461 0.2707
v  0.0715 -0.0473 0.2694
v  0.0677 -0.0469 0.2674
v  0.0719 -0.0478 0.2675
v  0.0723 -0.0485 0.2645
v  0.0703 -0.0389 0.2790
v  0.0663 -0.0384 0.2779
v  0.0703 -0.0390 0.2791
v  0.0663 -0.0386 0.2780
v  0.0702 -0.0392 0.2792
v  0.0662 -0.0388 0.2781
v  0.0702 -0.0395 0.2793
v  0.0662 -0.0391 0.2782
v  0.0701 -0.0398 0.2793
v  0.0661 -0.0393 0.2782
v  0.0661 -0.0394 0.2782
v  0.0700 -0.0404 0.2794
v  0.0660 -0.0400 0.2783
v  0.0700 -0.0406 0.2794
v  0.0660 -0.0402 0.2783
v  0.0699 -0.0419 0.2794
v  0.0659 -0.0414 0.2783
v  0.0658 -0.0423 0.2783
v  0.0698 -0.0428 0.2794
v  0.0705 -0.0384 0.2784
v  0.0665 -0.0380 0.2773
v  0.0705 -0.0385 0.2786
v  0.0665 -0.0381 0.2775
v  0.0704 -0.0386 0.2788
v  0.0664 -0.0382 0.2777
v  0.0731 -0.0350 0.2693
v  0.0691 -0.0346 0.2684
v  0.0731 -0.0351 0.2694
v  0.0691 -0.0346 0.2685
v  0.0724 -0.0360 0.2720
v  0.0684 -0.0356 0.2710
v  0.0717 -0.0370 0.2745
v  0.0677 -0.0365 0.2735
v  0.0708 -0.0325 0.2794
v  0.0668 -0.0321 0.2783
v  0.0709 -0.0325 0.2792
v  0.0669 -0.0322 0.2781
v  0.0721 -0.0338 0.2741
v  0.0681 -0.0334 0.2731
v  0.0713 -0.0265 0.2794
v  0.0673 -0.0262 0.2782
v  0.0748 -0.0304 0.2636
v  0.0707 -0.0301 0.2628
v  0.0737 -0.0291 0.2690
v  0.0697 -0.0288 0.2681
v  0.0732 -0.0284 0.2715
v  0.0691 -0.0282 0.2705
v  0.0725 -0.0277 0.2744
v  0.0685 -0.0275 0.2733
v  0.0742 -0.0362 0.2639
v  0.0701 -0.0358 0.2631
v  0.0742 -0.0361 0.2638
v  0.0702 -0.0355 0.2629
v  0.0742 -0.0359 0.2637
v  0.0702 -0.0353 0.2629
v  0.0743 -0.0356 0.2636
v  0.0702 -0.0350 0.2628
v  0.0743 -0.0352 0.2636
v  0.0703 -0.0344 0.2628
v  0.0744 -0.0348 0.2636
v  0.0744 -0.0346 0.2636
v  0.0703 -0.0341 0.2628
v  0.0745 -0.0334 0.2636
v  0.0704 -0.0330 0.2628
v  0.0705 -0.0318 0.2628
v  0.0746 -0.0322 0.2636
v  0.0679 -0.0317 0.2745
v  0.0688 -0.0318 0.2706
v  0.0697 -0.0319 0.2666
v  0.0692 -0.0373 0.2667
v  0.0683 -0.0372 0.2706
v  0.0673 -0.0371 0.2746
v  0.0667 -0.0425 0.2746
v  0.0676 -0.0426 0.2706
v  0.0685 -0.0427 0.2667
v  0.0714 -0.0375 0.2756
v  0.0723 -0.0376 0.2716
v  0.0707 -0.0430 0.2756
v  0.0738 -0.0322 0.2675
v  0.0743 -0.0354 0.2637
v  0.0725 -0.0433 0.2675
v  0.0717 -0.0432 0.2716
v  0.0732 -0.0378 0.2675
v  0.0719 -0.0320 0.2755
v  0.0729 -0.0321 0.2715
v  0.0698 -0.0224 0.2851
v  0.0658 -0.0222 0.2838
v  0.0712 -0.0235 0.2804
v  0.0671 -0.0233 0.2792
v  0.0724 -0.0247 0.2756
v  0.0684 -0.0245 0.2746
v  0.0727 -0.0250 0.2745
v  0.0686 -0.0247 0.2734
v  0.0735 -0.0259 0.2707
v  0.0695 -0.0256 0.2698
v  0.0739 -0.0263 0.2690
v  0.0699 -0.0261 0.2680
v  0.0746 -0.0272 0.2657
v  0.0705 -0.0269 0.2649
v  0.0750 -0.0277 0.2636
v  0.0709 -0.0274 0.2628
v  0.0700 -0.0164 0.2851
v  0.0661 -0.0162 0.2838
v  0.0700 -0.0165 0.2851
v  0.0661 -0.0163 0.2838
v  0.0699 -0.0195 0.2851
v  0.0659 -0.0193 0.2838
v  0.0711 -0.0246 0.2628
v  0.0751 -0.0257 0.2636
v  0.0710 -0.0254 0.2628
v  0.0751 -0.0265 0.2636
v  0.0710 -0.0262 0.2628
v  0.0711 -0.0243 0.2628
v  0.0752 -0.0245 0.2636
v  0.0752 -0.0248 0.2636
v  0.0711 -0.0238 0.2628
v  0.0752 -0.0244 0.2636
v  0.0712 -0.0231 0.2628
v  0.0752 -0.0233 0.2637
v  0.0712 -0.0234 0.2628
v  0.0752 -0.0237 0.2636
v  0.0752 -0.0241 0.2636
v  0.0712 -0.0230 0.2629
v  0.0752 -0.0230 0.2638
v  0.0712 -0.0226 0.2630
v  0.0712 -0.0225 0.2630
v  0.0752 -0.0227 0.2639
v  0.0752 -0.0221 0.2643
v  0.0752 -0.0222 0.2642
v  0.0711 -0.0222 0.2632
v  0.0752 -0.0226 0.2640
v  0.0711 -0.0219 0.2635
v  0.0711 -0.0218 0.2636
v  0.0751 -0.0219 0.2645
v  0.0711 -0.0217 0.2637
v  0.0751 -0.0218 0.2646
v  0.0710 -0.0215 0.2639
v  0.0751 -0.0217 0.2647
v  0.0751 -0.0216 0.2648
v  0.0710 -0.0213 0.2642
v  0.0750 -0.0214 0.2651
v  0.0709 -0.0211 0.2646
v  0.0750 -0.0213 0.2655
v  0.0709 -0.0210 0.2648
v  0.0749 -0.0211 0.2660
v  0.0708 -0.0209 0.2653
v  0.0748 -0.0210 0.2663
v  0.0748 -0.0210 0.2664
v  0.0707 -0.0208 0.2656
v  0.0743 -0.0204 0.2689
v  0.0702 -0.0202 0.2680
v  0.0690 -0.0189 0.2730
v  0.0731 -0.0191 0.2741
v  0.0677 -0.0177 0.2781
v  0.0717 -0.0178 0.2792
v  0.0716 -0.0177 0.2798
v  0.0676 -0.0175 0.2787
v  0.0704 -0.0167 0.2838
v  0.0664 -0.0165 0.2826
v  0.0701 -0.0220 0.2680
v  0.0688 -0.0218 0.2734
v  0.0674 -0.0217 0.2787
v  0.0742 -0.0222 0.2689
v  0.0729 -0.0220 0.2744
v  0.0714 -0.0219 0.2799
v  0.0683 0.0196 0.2756
v  0.0684 0.0197 0.2756
v  0.0724 0.0198 0.2766
v  0.0724 0.0197 0.2767
v  0.0724 0.0196 0.2767
v  0.0683 0.0194 0.2757
v  0.0724 0.0195 0.2767
v  0.0683 0.0192 0.2757
v  0.0724 0.0194 0.2768
v  0.0683 0.0190 0.2757
v  0.0724 0.0192 0.2768
v  0.0683 0.0189 0.2757
v  0.0724 0.0191 0.2768
v  0.0724 0.0190 0.2768
v  0.0725 0.0168 0.2768
v  0.0684 0.0167 0.2757
v  0.0725 0.0161 0.2768
v  0.0684 0.0160 0.2757
v  0.0725 0.0141 0.2768
v  0.0685 0.0140 0.2757
v  0.0684 0.0198 0.2754
v  0.0724 0.0200 0.2765
v  0.0724 0.0199 0.2766
v  0.0684 0.0197 0.2755
v  0.0684 0.0200 0.2752
v  0.0725 0.0201 0.2763
v  0.0684 0.0199 0.2754
v  0.0692 0.0190 0.2722
v  0.0733 0.0192 0.2732
v  0.0692 0.0193 0.2725
v  0.0732 0.0194 0.2735
v  0.0691 0.0194 0.2726
v  0.0732 0.0195 0.2736
v  0.0691 0.0194 0.2727
v  0.0690 0.0195 0.2729
v  0.0730 0.0198 0.2743
v  0.0690 0.0196 0.2732
v  0.0689 0.0197 0.2735
v  0.0731 0.0196 0.2738
v  0.0730 0.0197 0.2742
v  0.0730 0.0198 0.2742
v  0.0686 0.0199 0.2744
v  0.0687 0.0198 0.2741
v  0.0727 0.0201 0.2755
v  0.0729 0.0199 0.2747
v  0.0685 0.0200 0.2748
v  0.0726 0.0201 0.2758
v  0.0685 0.0200 0.2750
v  0.0725 0.0202 0.2760
v  0.0725 0.0201 0.2762
v  0.0694 0.0161 0.2720
v  0.0695 0.0131 0.2720
v  0.0735 0.0132 0.2730
v  0.0693 0.0190 0.2722
v  0.0693 0.0188 0.2721
v  0.0733 0.0190 0.2731
v  0.0733 0.0189 0.2731
v  0.0735 0.0162 0.2730
v  0.0734 0.0177 0.2730
v  0.0694 0.0176 0.2720
v  0.0734 0.0181 0.2730
v  0.0693 0.0180 0.2720
v  0.0734 0.0184 0.2730
v  0.0693 0.0184 0.2720
v  0.0734 0.0187 0.2730
v  0.0693 0.0185 0.2720
v  0.0733 0.0191 0.2732
v  0.0695 0.0131 0.2719
v  0.0735 0.0132 0.2729
v  0.0714 0.0178 0.2629
v  0.0714 0.0179 0.2627
v  0.0755 0.0181 0.2635
v  0.0739 0.0140 0.2715
v  0.0704 0.0152 0.2680
v  0.0744 0.0153 0.2689
v  0.0709 0.0164 0.2656
v  0.0750 0.0166 0.2664
v  0.0755 0.0180 0.2637
v  0.0711 0.0243 0.2627
v  0.0711 0.0244 0.2627
v  0.0752 0.0246 0.2635
v  0.0754 0.0213 0.2635
v  0.0713 0.0211 0.2627
v  0.0752 0.0245 0.2635
v  0.0699 0.0206 0.2693
v  0.0699 0.0205 0.2694
v  0.0739 0.0207 0.2704
v  0.0749 0.0237 0.2651
v  0.0709 0.0235 0.2643
v  0.0739 0.0208 0.2703
v  0.0739 0.0220 0.2704
v  0.0698 0.0218 0.2694
v  0.0739 0.0221 0.2704
v  0.0698 0.0219 0.2694
v  0.0738 0.0224 0.2704
v  0.0698 0.0222 0.2694
v  0.0738 0.0227 0.2704
v  0.0698 0.0225 0.2694
v  0.0738 0.0231 0.2705
v  0.0697 0.0229 0.2695
v  0.0697 0.0233 0.2696
v  0.0737 0.0235 0.2706
v  0.0737 0.0237 0.2707
v  0.0697 0.0235 0.2697
v  0.0737 0.0238 0.2707
v  0.0696 0.0235 0.2697
v  0.0696 0.0236 0.2697
v  0.0694 0.0246 0.2705
v  0.0734 0.0248 0.2715
v  0.0737 0.0240 0.2708
v  0.0696 0.0238 0.2698
v  0.0736 0.0244 0.2710
v  0.0696 0.0240 0.2700
v  0.0735 0.0246 0.2712
v  0.0695 0.0243 0.2702
v  0.0735 0.0247 0.2713
v  0.0735 0.0248 0.2715
v  0.0693 0.0247 0.2707
v  0.0734 0.0250 0.2717
v  0.0686 0.0257 0.2736
v  0.0726 0.0259 0.2747
v  0.0728 0.0257 0.2738
v  0.0721 0.0264 0.2765
v  0.0680 0.0261 0.2755
v  0.0720 0.0265 0.2770
v  0.0680 0.0262 0.2758
v  0.0679 0.0262 0.2760
v  0.0718 0.0265 0.2774
v  0.0676 0.0263 0.2770
v  0.0717 0.0265 0.2781
v  0.0677 0.0263 0.2767
v  0.0717 0.0266 0.2778
v  0.0678 0.0263 0.2765
v  0.0678 0.0263 0.2763
v  0.0734 0.0250 0.2718
v  0.0693 0.0248 0.2709
v  0.0733 0.0252 0.2721
v  0.0692 0.0250 0.2712
v  0.0732 0.0253 0.2725
v  0.0691 0.0251 0.2715
v  0.0731 0.0255 0.2730
v  0.0690 0.0252 0.2720
v  0.0730 0.0255 0.2732
v  0.0689 0.0253 0.2722
v  0.0730 0.0256 0.2732
v  0.0688 0.0254 0.2728
v  0.0676 0.0262 0.2771
v  0.0716 0.0265 0.2782
v  0.0674 0.0253 0.2781
v  0.0714 0.0256 0.2792
v  0.0674 0.0254 0.2781
v  0.0714 0.0257 0.2792
v  0.0674 0.0256 0.2780
v  0.0714 0.0259 0.2791
v  0.0674 0.0246 0.2782
v  0.0714 0.0247 0.2794
v  0.0674 0.0247 0.2782
v  0.0714 0.0250 0.2793
v  0.0674 0.0250 0.2782
v  0.0714 0.0254 0.2793
v  0.0674 0.0240 0.2782
v  0.0714 0.0242 0.2794
v  0.0714 0.0243 0.2794
v  0.0715 0.0232 0.2794
v  0.0675 0.0230 0.2782
v  0.0675 0.0216 0.2782
v  0.0715 0.0218 0.2794
v  0.0677 0.0166 0.2782
v  0.0717 0.0167 0.2794
v  0.0679 0.0088 0.2783
v  0.0719 0.0088 0.2794
v  0.0674 0.0257 0.2779
v  0.0714 0.0259 0.2790
v  0.0674 0.0258 0.2778
v  0.0715 0.0261 0.2789
v  0.0675 0.0260 0.2776
v  0.0675 0.0261 0.2775
v  0.0715 0.0263 0.2787
v  0.0715 0.0263 0.2786
v  0.0675 0.0261 0.2774
v  0.0715 0.0264 0.2785
v  0.0676 0.0262 0.2772
v  0.0691 0.0077 0.2739
v  0.0731 0.0077 0.2749
v  0.0704 0.0063 0.2684
v  0.0745 0.0063 0.2693
v  0.0717 0.0049 0.2628
v  0.0757 0.0049 0.2636
v  0.0757 0.0109 0.2636
v  0.0716 0.0108 0.2628
v  0.0686 0.0140 0.2755
v  0.0752 0.0114 0.2658
v  0.0711 0.0114 0.2649
v  0.0699 0.0127 0.2702
v  0.0740 0.0128 0.2711
v  0.0693 0.0133 0.2728
v  0.0733 0.0134 0.2738
v  0.0726 0.0141 0.2765
v  0.0685 0.0210 0.2746
v  0.0698 0.0156 0.2705
v  0.0695 0.0211 0.2706
v  0.0705 0.0212 0.2666
v  0.0708 0.0102 0.2664
v  0.0699 0.0101 0.2704
v  0.0689 0.0099 0.2744
v  0.0738 0.0157 0.2715
v  0.0745 0.0214 0.2675
v  0.0736 0.0213 0.2716
v  0.0726 0.0212 0.2757
v  0.0730 0.0100 0.2755
v  0.0740 0.0101 0.2714
v  0.0749 0.0102 0.2673
v  0.0715 0.0262 0.2787
v  0.0718 -0.0151 0.2794
v  0.0678 -0.0150 0.2782
v  0.0718 -0.0151 0.2793
v  0.0722 -0.0155 0.2778
v  0.0682 -0.0154 0.2767
v  0.0726 -0.0159 0.2764
v  0.0685 -0.0157 0.2753
v  0.0720 0.0060 0.2794
v  0.0679 0.0060 0.2783
v  0.0720 0.0002 0.2794
v  0.0679 0.0002 0.2783
v  0.0720 -0.0001 0.2794
v  0.0720 -0.0011 0.2794
v  0.0679 -0.0044 0.2783
v  0.0719 -0.0053 0.2794
v  0.0679 -0.0097 0.2783
v  0.0719 -0.0106 0.2794
v  0.0728 0.0053 0.2764
v  0.0687 0.0052 0.2753
v  0.0728 -0.0023 0.2764
v  0.0687 -0.0023 0.2753
v  0.0687 0.0002 0.2753
v  0.0687 0.0027 0.2753
v  0.0768 -0.0069 0.2579
v  0.0727 -0.0068 0.2572
v  0.0761 -0.0059 0.2618
v  0.0720 -0.0059 0.2611
v  0.0757 -0.0054 0.2637
v  0.0716 -0.0054 0.2628
v  0.0752 -0.0049 0.2660
v  0.0712 -0.0048 0.2651
v  0.0744 -0.0039 0.2698
v  0.0703 -0.0039 0.2689
v  0.0741 -0.0036 0.2712
v  0.0700 -0.0036 0.2702
v  0.0732 -0.0027 0.2749
v  0.0691 -0.0027 0.2739
v  0.0726 -0.0128 0.2572
v  0.0767 -0.0129 0.2579
v  0.0727 -0.0083 0.2764
v  0.0687 -0.0082 0.2753
v  0.0737 -0.0092 0.2727
v  0.0696 -0.0091 0.2717
v  0.0742 -0.0097 0.2706
v  0.0701 -0.0097 0.2696
v  0.0745 -0.0101 0.2690
v  0.0705 -0.0101 0.2680
v  0.0747 -0.0103 0.2684
v  0.0706 -0.0102 0.2674
v  0.0755 -0.0112 0.2646
v  0.0714 -0.0112 0.2636
v  0.0758 -0.0116 0.2632
v  0.0717 -0.0115 0.2623
v  0.0765 -0.0125 0.2593
v  0.0724 -0.0125 0.2584
v  0.0727 -0.0117 0.2764
v  0.0716 -0.0108 0.2625
v  0.0706 -0.0052 0.2678
v  0.0693 -0.0050 0.2733
v  0.0757 -0.0108 0.2633
v  0.0746 -0.0052 0.2688
v  0.0733 -0.0050 0.2743
v  -0.0713 0.0413 0.2789
v  -0.0673 0.0412 0.2787
v  -0.0673 0.0414 0.2791
v  -0.0712 0.0415 0.2793
v  -0.0672 0.0417 0.2794
v  -0.0712 0.0418 0.2796
v  -0.0715 0.0404 0.2765
v  -0.0675 0.0403 0.2763
v  -0.0714 0.0409 0.2778
v  -0.0677 0.0389 0.2728
v  -0.0717 0.0391 0.2730
v  -0.0679 0.0375 0.2690
v  -0.0719 0.0377 0.2692
v  -0.0716 0.0358 0.2765
v  -0.0676 0.0357 0.2763
v  -0.0678 0.0367 0.2724
v  -0.0718 0.0368 0.2726
v  -0.0714 0.0350 0.2800
v  -0.0674 0.0349 0.2798
v  -0.0675 0.0353 0.2780
v  -0.0715 0.0286 0.2800
v  -0.0676 0.0285 0.2798
v  -0.0676 0.0287 0.2789
v  -0.0716 0.0288 0.2792
v  -0.0678 0.0293 0.2763
v  -0.0718 0.0294 0.2765
v  -0.0722 0.0328 0.2631
v  -0.0682 0.0327 0.2630
v  -0.0721 0.0318 0.2670
v  -0.0681 0.0317 0.2669
v  -0.0720 0.0308 0.2709
v  -0.0678 0.0297 0.2749
v  -0.0718 0.0298 0.2750
v  -0.0680 0.0307 0.2708
v  -0.0680 0.0310 0.2697
v  -0.0720 0.0391 0.2635
v  -0.0680 0.0389 0.2634
v  -0.0680 0.0386 0.2632
v  -0.0720 0.0388 0.2633
v  -0.0680 0.0382 0.2631
v  -0.0720 0.0384 0.2632
v  -0.0680 0.0374 0.2630
v  -0.0720 0.0376 0.2631
v  -0.0720 0.0372 0.2631
v  -0.0680 0.0371 0.2630
v  -0.0721 0.0356 0.2631
v  -0.0681 0.0359 0.2630
v  -0.0719 0.0396 0.2641
v  -0.0679 0.0394 0.2641
v  -0.0719 0.0394 0.2638
v  -0.0679 0.0392 0.2637
v  -0.0715 0.0433 0.2739
v  -0.0675 0.0431 0.2737
v  -0.0717 0.0414 0.2690
v  -0.0677 0.0413 0.2689
v  -0.0716 0.0460 0.2631
v  -0.0676 0.0458 0.2630
v  -0.0676 0.0448 0.2669
v  -0.0676 0.0439 0.2703
v  -0.0716 0.0441 0.2704
v  -0.0716 0.0450 0.2670
v  -0.0675 0.0480 0.2630
v  -0.0715 0.0482 0.2631
v  -0.0672 0.0521 0.2630
v  -0.0712 0.0524 0.2630
v  -0.0709 0.0482 0.2800
v  -0.0669 0.0479 0.2798
v  -0.0711 0.0491 0.2762
v  -0.0671 0.0489 0.2759
v  -0.0711 0.0496 0.2741
v  -0.0671 0.0494 0.2740
v  -0.0712 0.0501 0.2722
v  -0.0672 0.0499 0.2720
v  -0.0712 0.0511 0.2681
v  -0.0672 0.0509 0.2680
v  -0.0712 0.0513 0.2676
v  -0.0672 0.0510 0.2675
v  -0.0672 0.0515 0.2653
v  -0.0710 0.0460 0.2800
v  -0.0670 0.0458 0.2798
v  -0.0670 0.0469 0.2798
v  -0.0671 0.0443 0.2798
v  -0.0711 0.0445 0.2800
v  -0.0671 0.0432 0.2798
v  -0.0711 0.0436 0.2800
v  -0.0672 0.0430 0.2797
v  -0.0711 0.0430 0.2800
v  -0.0672 0.0428 0.2797
v  -0.0672 0.0425 0.2797
v  -0.0712 0.0426 0.2799
v  -0.0672 0.0423 0.2796
v  -0.0712 0.0425 0.2799
v  -0.0672 0.0421 0.2796
v  -0.0712 0.0422 0.2798
v  -0.0672 0.0419 0.2795
v  -0.0712 0.0421 0.2798
v  -0.0676 0.0458 0.2677
v  -0.0679 0.0376 0.2663
v  -0.0674 0.0458 0.2724
v  -0.0674 0.0458 0.2734
v  -0.0672 0.0458 0.2763
v  -0.0674 0.0490 0.2673
v  -0.0672 0.0490 0.2734
v  -0.0719 0.0377 0.2664
v  -0.0712 0.0460 0.2765
v  -0.0714 0.0460 0.2721
v  -0.0716 0.0460 0.2673
v  -0.0714 0.0492 0.2674
v  -0.0712 0.0492 0.2736
v  -0.0702 0.0578 0.2800
v  -0.0663 0.0574 0.2797
v  -0.0703 0.0587 0.2760
v  -0.0663 0.0581 0.2768
v  -0.0704 0.0591 0.2746
v  -0.0664 0.0586 0.2748
v  -0.0704 0.0597 0.2724
v  -0.0664 0.0595 0.2712
v  -0.0704 0.0603 0.2700
v  -0.0664 0.0601 0.2686
v  -0.0704 0.0607 0.2684
v  -0.0664 0.0604 0.2678
v  -0.0703 0.0609 0.2674
v  -0.0664 0.0605 0.2671
v  -0.0703 0.0610 0.2670
v  -0.0703 0.0611 0.2667
v  -0.0664 0.0606 0.2667
v  -0.0664 0.0607 0.2666
v  -0.0703 0.0613 0.2664
v  -0.0663 0.0608 0.2664
v  -0.0663 0.0609 0.2662
v  -0.0703 0.0614 0.2663
v  -0.0703 0.0615 0.2661
v  -0.0663 0.0611 0.2660
v  -0.0703 0.0616 0.2660
v  -0.0663 0.0612 0.2659
v  -0.0702 0.0619 0.2659
v  -0.0663 0.0613 0.2659
v  -0.0663 0.0615 0.2658
v  -0.0702 0.0621 0.2658
v  -0.0662 0.0616 0.2657
v  -0.0662 0.0618 0.2657
v  -0.0702 0.0624 0.2657
v  -0.0662 0.0619 0.2657
v  -0.0701 0.0628 0.2657
v  -0.0662 0.0623 0.2657
v  -0.0658 0.0650 0.2657
v  -0.0697 0.0657 0.2657
v  -0.0656 0.0661 0.2657
v  -0.0696 0.0668 0.2657
v  -0.0655 0.0666 0.2657
v  -0.0695 0.0673 0.2657
v  -0.0695 0.0670 0.2657
v  -0.0655 0.0669 0.2658
v  -0.0694 0.0676 0.2659
v  -0.0655 0.0668 0.2658
v  -0.0655 0.0667 0.2657
v  -0.0655 0.0670 0.2659
v  -0.0655 0.0671 0.2659
v  -0.0694 0.0678 0.2660
v  -0.0654 0.0672 0.2661
v  -0.0694 0.0679 0.2663
v  -0.0654 0.0673 0.2663
v  -0.0654 0.0673 0.2666
v  -0.0694 0.0679 0.2666
v  -0.0654 0.0673 0.2667
v  -0.0694 0.0678 0.2671
v  -0.0654 0.0672 0.2671
v  -0.0654 0.0672 0.2672
v  -0.0695 0.0659 0.2749
v  -0.0695 0.0667 0.2714
v  -0.0655 0.0664 0.2702
v  -0.0694 0.0676 0.2682
v  -0.0655 0.0670 0.2677
v  -0.0694 0.0678 0.2674
v  -0.0694 0.0678 0.2672
v  -0.0655 0.0640 0.2797
v  -0.0695 0.0646 0.2800
v  -0.0656 0.0647 0.2771
v  -0.0695 0.0650 0.2784
v  -0.0656 0.0652 0.2751
v  -0.0656 0.0656 0.2736
v  -0.0707 0.0513 0.2800
v  -0.0667 0.0510 0.2798
v  -0.0704 0.0553 0.2800
v  -0.0684 0.0711 0.2799
v  -0.0645 0.0703 0.2797
v  -0.0684 0.0719 0.2768
v  -0.0645 0.0711 0.2766
v  -0.0684 0.0723 0.2754
v  -0.0645 0.0715 0.2752
v  -0.0684 0.0727 0.2738
v  -0.0645 0.0719 0.2735
v  -0.0683 0.0731 0.2720
v  -0.0644 0.0723 0.2719
v  -0.0682 0.0740 0.2686
v  -0.0643 0.0731 0.2684
v  -0.0680 0.0745 0.2665
v  -0.0642 0.0736 0.2665
v  -0.0680 0.0746 0.2664
v  -0.0641 0.0737 0.2660
v  -0.0680 0.0746 0.2662
v  -0.0641 0.0738 0.2655
v  -0.0680 0.0747 0.2656
v  -0.0680 0.0748 0.2654
v  -0.0641 0.0738 0.2651
v  -0.0680 0.0748 0.2650
v  -0.0641 0.0738 0.2649
v  -0.0680 0.0748 0.2647
v  -0.0641 0.0738 0.2647
v  -0.0680 0.0748 0.2646
v  -0.0641 0.0738 0.2644
v  -0.0680 0.0747 0.2644
v  -0.0680 0.0747 0.2643
v  -0.0641 0.0737 0.2641
v  -0.0680 0.0746 0.2640
v  -0.0642 0.0736 0.2639
v  -0.0681 0.0744 0.2637
v  -0.0642 0.0735 0.2638
v  -0.0681 0.0742 0.2635
v  -0.0642 0.0733 0.2636
v  -0.0643 0.0730 0.2634
v  -0.0682 0.0739 0.2633
v  -0.0682 0.0737 0.2632
v  -0.0643 0.0729 0.2633
v  -0.0643 0.0727 0.2632
v  -0.0683 0.0733 0.2631
v  -0.0644 0.0725 0.2631
v  -0.0644 0.0724 0.2631
v  -0.0684 0.0729 0.2630
v  -0.0645 0.0721 0.2631
v  -0.0646 0.0718 0.2630
v  -0.0686 0.0722 0.2630
v  -0.0647 0.0710 0.2630
v  -0.0686 0.0718 0.2630
v  -0.0665 0.0600 0.2630
v  -0.0704 0.0609 0.2630
v  -0.0661 0.0625 0.2630
v  -0.0701 0.0630 0.2630
v  -0.0661 0.0631 0.2630
v  -0.0700 0.0640 0.2630
v  -0.0656 0.0660 0.2630
v  -0.0695 0.0669 0.2630
v  -0.0655 0.0668 0.2630
v  -0.0693 0.0681 0.2630
v  -0.0652 0.0686 0.2630
v  -0.0689 0.0706 0.2630
v  -0.0687 0.0716 0.2630
v  -0.0706 0.0590 0.2630
v  -0.0706 0.0591 0.2630
v  -0.0666 0.0587 0.2630
v  -0.0706 0.0588 0.2630
v  -0.0667 0.0582 0.2630
v  -0.0707 0.0582 0.2631
v  -0.0667 0.0577 0.2630
v  -0.0707 0.0580 0.2631
v  -0.0707 0.0576 0.2632
v  -0.0668 0.0572 0.2631
v  -0.0708 0.0574 0.2632
v  -0.0668 0.0570 0.2632
v  -0.0708 0.0571 0.2633
v  -0.0668 0.0568 0.2632
v  -0.0668 0.0567 0.2633
v  -0.0708 0.0567 0.2635
v  -0.0669 0.0563 0.2635
v  -0.0709 0.0564 0.2637
v  -0.0669 0.0559 0.2637
v  -0.0709 0.0562 0.2639
v  -0.0669 0.0557 0.2639
v  -0.0709 0.0560 0.2640
v  -0.0669 0.0554 0.2642
v  -0.0709 0.0558 0.2642
v  -0.0709 0.0556 0.2644
v  -0.0709 0.0555 0.2646
v  -0.0670 0.0551 0.2646
v  -0.0710 0.0552 0.2650
v  -0.0670 0.0549 0.2648
v  -0.0670 0.0547 0.2652
v  -0.0710 0.0551 0.2653
v  -0.0710 0.0549 0.2658
v  -0.0670 0.0545 0.2658
v  -0.0710 0.0548 0.2661
v  -0.0670 0.0544 0.2661
v  -0.0710 0.0547 0.2666
v  -0.0670 0.0544 0.2664
v  -0.0710 0.0538 0.2701
v  -0.0670 0.0538 0.2686
v  -0.0670 0.0534 0.2703
v  -0.0710 0.0532 0.2725
v  -0.0669 0.0525 0.2740
v  -0.0668 0.0515 0.2778
v  -0.0708 0.0517 0.2785
v  -0.0669 0.0520 0.2757
v  -0.0708 0.0519 0.2776
v  -0.0709 0.0529 0.2737
v  -0.0692 0.0666 0.2800
v  -0.0651 0.0672 0.2797
v  -0.0689 0.0686 0.2800
v  -0.0665 0.0568 0.2757
v  -0.0667 0.0567 0.2714
v  -0.0668 0.0567 0.2672
v  -0.0645 0.0712 0.2756
v  -0.0646 0.0712 0.2713
v  -0.0647 0.0712 0.2671
v  -0.0652 0.0683 0.2671
v  -0.0655 0.0655 0.2756
v  -0.0651 0.0684 0.2756
v  -0.0652 0.0684 0.2714
v  -0.0704 0.0601 0.2672
v  -0.0708 0.0571 0.2672
v  -0.0692 0.0690 0.2671
v  -0.0686 0.0720 0.2671
v  -0.0683 0.0735 0.2643
v  -0.0685 0.0720 0.2757
v  -0.0686 0.0720 0.2714
v  -0.0690 0.0691 0.2758
v  -0.0695 0.0661 0.2758
v  -0.0691 0.0691 0.2714
v  -0.0707 0.0571 0.2715
v  -0.0705 0.0571 0.2759
v  -0.0701 -0.0620 0.2735
v  -0.0664 -0.0591 0.2734
v  -0.0703 -0.0595 0.2735
v  -0.0683 -0.0729 0.2735
v  -0.0644 -0.0720 0.2734
v  -0.0687 -0.0706 0.2735
v  -0.0648 -0.0698 0.2734
v  -0.0690 -0.0689 0.2735
v  -0.0651 -0.0681 0.2734
v  -0.0655 -0.0655 0.2734
v  -0.0695 -0.0663 0.2735
v  -0.0657 -0.0642 0.2734
v  -0.0697 -0.0649 0.2735
v  -0.0661 -0.0612 0.2734
v  -0.0685 -0.0721 0.2704
v  -0.0646 -0.0713 0.2704
v  -0.0684 -0.0724 0.2714
v  -0.0666 -0.0580 0.2689
v  -0.0706 -0.0583 0.2685
v  -0.0666 -0.0579 0.2684
v  -0.0706 -0.0582 0.2679
v  -0.0666 -0.0577 0.2679
v  -0.0706 -0.0580 0.2673
v  -0.0667 -0.0576 0.2673
v  -0.0707 -0.0578 0.2667
v  -0.0667 -0.0574 0.2666
v  -0.0707 -0.0577 0.2661
v  -0.0667 -0.0573 0.2660
v  -0.0666 -0.0580 0.2690
v  -0.0706 -0.0584 0.2691
v  -0.0706 -0.0584 0.2690
v  -0.0705 -0.0587 0.2698
v  -0.0705 -0.0586 0.2696
v  -0.0666 -0.0581 0.2693
v  -0.0705 -0.0585 0.2693
v  -0.0665 -0.0582 0.2696
v  -0.0665 -0.0583 0.2697
v  -0.0705 -0.0588 0.2699
v  -0.0665 -0.0584 0.2699
v  -0.0705 -0.0590 0.2701
v  -0.0665 -0.0585 0.2700
v  -0.0665 -0.0586 0.2701
v  -0.0705 -0.0591 0.2702
v  -0.0665 -0.0588 0.2702
v  -0.0704 -0.0594 0.2704
v  -0.0665 -0.0589 0.2703
v  -0.0704 -0.0596 0.2704
v  -0.0664 -0.0592 0.2703
v  -0.0704 -0.0599 0.2705
v  -0.0664 -0.0594 0.2704
v  -0.0703 -0.0606 0.2705
v  -0.0663 -0.0599 0.2704
v  -0.0703 -0.0609 0.2705
v  -0.0663 -0.0605 0.2704
v  -0.0702 -0.0612 0.2705
v  -0.0662 -0.0615 0.2704
v  -0.0699 -0.0640 0.2704
v  -0.0658 -0.0640 0.2704
v  -0.0697 -0.0655 0.2704
v  -0.0695 -0.0667 0.2704
v  -0.0655 -0.0665 0.2704
v  -0.0694 -0.0674 0.2704
v  -0.0690 -0.0693 0.2704
v  -0.0651 -0.0686 0.2704
v  -0.0690 -0.0698 0.2704
v  -0.0649 -0.0697 0.2704
v  -0.0650 -0.0689 0.2704
v  -0.0687 -0.0710 0.2660
v  -0.0648 -0.0703 0.2660
v  -0.0692 -0.0686 0.2660
v  -0.0653 -0.0679 0.2660
v  -0.0695 -0.0671 0.2660
v  -0.0655 -0.0663 0.2660
v  -0.0699 -0.0643 0.2660
v  -0.0659 -0.0636 0.2660
v  -0.0701 -0.0631 0.2660
v  -0.0661 -0.0624 0.2660
v  -0.0704 -0.0598 0.2661
v  -0.0665 -0.0591 0.2660
v  -0.0689 -0.0703 0.2630
v  -0.0650 -0.0695 0.2630
v  -0.0707 -0.0539 0.2769
v  -0.0667 -0.0536 0.2767
v  -0.0676 -0.0745 0.2799
v  -0.0637 -0.0736 0.2797
v  -0.0679 -0.0735 0.2799
v  -0.0642 -0.0714 0.2797
v  -0.0683 -0.0713 0.2799
v  -0.0645 -0.0701 0.2797
v  -0.0687 -0.0695 0.2799
v  -0.0647 -0.0690 0.2797
v  -0.0691 -0.0670 0.2800
v  -0.0651 -0.0666 0.2797
v  -0.0693 -0.0655 0.2800
v  -0.0653 -0.0656 0.2797
v  -0.0697 -0.0627 0.2800
v  -0.0656 -0.0629 0.2797
v  -0.0698 -0.0615 0.2800
v  -0.0658 -0.0615 0.2797
v  -0.0701 -0.0589 0.2800
v  -0.0659 -0.0602 0.2797
v  -0.0702 -0.0581 0.2800
v  -0.0662 -0.0574 0.2797
v  -0.0702 -0.0575 0.2800
v  -0.0663 -0.0569 0.2797
v  -0.0703 -0.0569 0.2799
v  -0.0663 -0.0564 0.2797
v  -0.0703 -0.0568 0.2799
v  -0.0663 -0.0563 0.2797
v  -0.0703 -0.0564 0.2799
v  -0.0663 -0.0561 0.2796
v  -0.0704 -0.0561 0.2798
v  -0.0664 -0.0557 0.2795
v  -0.0704 -0.0560 0.2797
v  -0.0664 -0.0553 0.2794
v  -0.0704 -0.0558 0.2796
v  -0.0704 -0.0554 0.2794
v  -0.0665 -0.0552 0.2793
v  -0.0665 -0.0548 0.2790
v  -0.0705 -0.0551 0.2792
v  -0.0705 -0.0549 0.2790
v  -0.0665 -0.0545 0.2787
v  -0.0705 -0.0546 0.2787
v  -0.0666 -0.0544 0.2786
v  -0.0706 -0.0544 0.2783
v  -0.0666 -0.0541 0.2782
v  -0.0706 -0.0543 0.2782
v  -0.0666 -0.0540 0.2779
v  -0.0666 -0.0539 0.2778
v  -0.0706 -0.0541 0.2777
v  -0.0666 -0.0539 0.2777
v  -0.0707 -0.0540 0.2775
v  -0.0667 -0.0537 0.2771
v  -0.0707 -0.0539 0.2771
v  -0.0668 -0.0533 0.2757
v  -0.0707 -0.0539 0.2768
v  -0.0670 -0.0525 0.2725
v  -0.0708 -0.0534 0.2749
v  -0.0707 -0.0538 0.2764
v  -0.0712 -0.0513 0.2666
v  -0.0672 -0.0511 0.2665
v  -0.0712 -0.0513 0.2665
v  -0.0672 -0.0512 0.2672
v  -0.0671 -0.0516 0.2689
v  -0.0711 -0.0519 0.2690
v  -0.0711 -0.0523 0.2705
v  -0.0712 -0.0513 0.2663
v  -0.0673 -0.0509 0.2660
v  -0.0713 -0.0512 0.2657
v  -0.0673 -0.0508 0.2655
v  -0.0713 -0.0511 0.2655
v  -0.0673 -0.0508 0.2651
v  -0.0713 -0.0511 0.2651
v  -0.0673 -0.0508 0.2650
v  -0.0713 -0.0511 0.2647
v  -0.0673 -0.0508 0.2647
v  -0.0673 -0.0509 0.2644
v  -0.0713 -0.0512 0.2645
v  -0.0713 -0.0512 0.2644
v  -0.0673 -0.0510 0.2641
v  -0.0713 -0.0513 0.2641
v  -0.0673 -0.0511 0.2640
v  -0.0713 -0.0515 0.2638
v  -0.0673 -0.0512 0.2638
v  -0.0712 -0.0517 0.2636
v  -0.0673 -0.0514 0.2636
v  -0.0712 -0.0518 0.2636
v  -0.0672 -0.0516 0.2634
v  -0.0712 -0.0520 0.2634
v  -0.0672 -0.0518 0.2633
v  -0.0712 -0.0523 0.2633
v  -0.0672 -0.0519 0.2632
v  -0.0712 -0.0526 0.2631
v  -0.0672 -0.0522 0.2632
v  -0.0711 -0.0531 0.2631
v  -0.0672 -0.0525 0.2631
v  -0.0671 -0.0529 0.2630
v  -0.0711 -0.0532 0.2631
v  -0.0671 -0.0531 0.2630
v  -0.0711 -0.0538 0.2630
v  -0.0671 -0.0537 0.2630
v  -0.0711 -0.0540 0.2630
v  -0.0670 -0.0545 0.2630
v  -0.0710 -0.0542 0.2630
v  -0.0711 -0.0541 0.2630
v  -0.0705 -0.0597 0.2630
v  -0.0708 -0.0569 0.2630
v  -0.0668 -0.0565 0.2630
v  -0.0708 -0.0565 0.2630
v  -0.0710 -0.0546 0.2630
v  -0.0666 -0.0580 0.2630
v  -0.0663 -0.0606 0.2630
v  -0.0701 -0.0627 0.2630
v  -0.0661 -0.0623 0.2630
v  -0.0700 -0.0638 0.2630
v  -0.0660 -0.0632 0.2630
v  -0.0656 -0.0657 0.2630
v  -0.0652 -0.0682 0.2630
v  -0.0692 -0.0689 0.2630
v  -0.0696 -0.0664 0.2630
v  -0.0680 -0.0737 0.2769
v  -0.0641 -0.0729 0.2767
v  -0.0639 -0.0732 0.2783
v  -0.0691 -0.0681 0.2769
v  -0.0652 -0.0672 0.2767
v  -0.0648 -0.0694 0.2767
v  -0.0700 -0.0614 0.2769
v  -0.0660 -0.0610 0.2767
v  -0.0660 -0.0615 0.2767
v  -0.0663 -0.0593 0.2744
v  -0.0702 -0.0600 0.2755
v  -0.0662 -0.0596 0.2753
v  -0.0662 -0.0597 0.2757
v  -0.0702 -0.0600 0.2756
v  -0.0662 -0.0598 0.2760
v  -0.0702 -0.0602 0.2760
v  -0.0702 -0.0601 0.2757
v  -0.0661 -0.0600 0.2762
v  -0.0701 -0.0603 0.2763
v  -0.0701 -0.0603 0.2762
v  -0.0660 -0.0608 0.2767
v  -0.0700 -0.0612 0.2769
v  -0.0661 -0.0605 0.2766
v  -0.0700 -0.0610 0.2768
v  -0.0661 -0.0603 0.2765
v  -0.0701 -0.0607 0.2767
v  -0.0661 -0.0601 0.2764
v  -0.0701 -0.0606 0.2766
v  -0.0701 -0.0604 0.2764
v  -0.0658 -0.0625 0.2767
v  -0.0699 -0.0623 0.2769
v  -0.0700 -0.0615 0.2769
v  -0.0654 -0.0657 0.2767
v  -0.0694 -0.0656 0.2769
v  -0.0658 -0.0631 0.2767
v  -0.0698 -0.0630 0.2769
v  -0.0698 -0.0628 0.2769
v  -0.0643 -0.0716 0.2767
v  -0.0683 -0.0724 0.2769
v  -0.0687 -0.0702 0.2769
v  -0.0646 -0.0709 0.2713
v  -0.0665 -0.0566 0.2757
v  -0.0662 -0.0595 0.2757
v  -0.0667 -0.0565 0.2714
v  -0.0668 -0.0565 0.2672
v  -0.0672 -0.0521 0.2648
v  -0.0664 -0.0595 0.2714
v  -0.0660 -0.0624 0.2714
v  -0.0652 -0.0681 0.2714
v  -0.0656 -0.0652 0.2714
v  -0.0696 -0.0658 0.2715
v  -0.0691 -0.0688 0.2714
v  -0.0702 -0.0599 0.2758
v  -0.0705 -0.0569 0.2759
v  -0.0700 -0.0629 0.2715
v  -0.0686 -0.0718 0.2714
v  -0.0703 -0.0599 0.2715
v  -0.0706 -0.0569 0.2715
v  -0.0707 -0.0569 0.2672
v  -0.0712 -0.0522 0.2648
v  -0.0718 0.0265 0.2765
v  -0.0678 0.0265 0.2763
v  -0.0720 0.0275 0.2726
v  -0.0680 0.0274 0.2724
v  -0.0721 0.0280 0.2707
v  -0.0681 0.0280 0.2700
v  -0.0721 0.0285 0.2687
v  -0.0681 0.0284 0.2686
v  -0.0722 0.0295 0.2646
v  -0.0682 0.0294 0.2645
v  -0.0682 0.0298 0.2630
v  -0.0722 0.0299 0.2631
v  -0.0676 0.0255 0.2800
v  -0.0716 0.0258 0.2794
v  -0.0674 0.0251 0.2819
v  -0.0711 0.0241 0.2862
v  -0.0671 0.0241 0.2858
v  -0.0714 0.0249 0.2830
v  -0.0674 0.0249 0.2827
v  -0.0714 0.0251 0.2823
v  -0.0715 0.0253 0.2814
v  -0.0711 0.0177 0.2862
v  -0.0671 0.0177 0.2857
v  -0.0674 0.0184 0.2830
v  -0.0714 0.0184 0.2833
v  -0.0676 0.0191 0.2802
v  -0.0716 0.0192 0.2805
v  -0.0677 0.0193 0.2796
v  -0.0717 0.0193 0.2799
v  -0.0679 0.0201 0.2763
v  -0.0719 0.0201 0.2765
v  -0.0683 0.0273 0.2630
v  -0.0723 0.0274 0.2631
v  -0.0723 0.0265 0.2631
v  -0.0683 0.0264 0.2630
v  -0.0723 0.0264 0.2631
v  -0.0683 0.0263 0.2630
v  -0.0723 0.0262 0.2631
v  -0.0683 0.0260 0.2630
v  -0.0683 0.0256 0.2630
v  -0.0723 0.0257 0.2631
v  -0.0723 0.0253 0.2632
v  -0.0683 0.0252 0.2631
v  -0.0723 0.0250 0.2632
v  -0.0683 0.0250 0.2632
v  -0.0723 0.0249 0.2633
v  -0.0683 0.0248 0.2632
v  -0.0723 0.0246 0.2634
v  -0.0683 0.0245 0.2633
v  -0.0723 0.0244 0.2635
v  -0.0723 0.0241 0.2637
v  -0.0683 0.0241 0.2635
v  -0.0723 0.0240 0.2638
v  -0.0683 0.0239 0.2637
v  -0.0723 0.0238 0.2639
v  -0.0683 0.0236 0.2639
v  -0.0723 0.0236 0.2641
v  -0.0683 0.0235 0.2642
v  -0.0723 0.0235 0.2642
v  -0.0683 0.0234 0.2642
v  -0.0723 0.0234 0.2644
v  -0.0683 0.0233 0.2644
v  -0.0723 0.0232 0.2648
v  -0.0683 0.0231 0.2647
v  -0.0683 0.0230 0.2648
v  -0.0723 0.0231 0.2650
v  -0.0683 0.0230 0.2649
v  -0.0723 0.0229 0.2654
v  -0.0683 0.0222 0.2678
v  -0.0723 0.0227 0.2660
v  -0.0683 0.0227 0.2658
v  -0.0683 0.0228 0.2653
v  -0.0680 0.0207 0.2737
v  -0.0721 0.0211 0.2726
v  -0.0682 0.0217 0.2697
v  -0.0722 0.0217 0.2702
v  -0.0722 0.0221 0.2686
v  -0.0681 0.0249 0.2700
v  -0.0683 0.0249 0.2638
v  -0.0721 0.0250 0.2702
v  -0.0723 0.0250 0.2639
v  -0.0720 0.0091 0.2768
v  -0.0719 0.0172 0.2768
v  -0.0680 0.0091 0.2766
v  -0.0679 0.0172 0.2766
v  -0.0717 0.0164 0.2800
v  -0.0677 0.0164 0.2797
v  -0.0677 0.0117 0.2797
v  -0.0717 0.0002 0.2800
v  -0.0678 0.0002 0.2797
v  -0.0717 0.0086 0.2800
v  -0.0717 0.0118 0.2800
v  -0.0717 -0.0061 0.2800
v  -0.0678 -0.0061 0.2797
v  -0.0720 -0.0053 0.2768
v  -0.0680 -0.0053 0.2766
v  -0.0720 0.0002 0.2768
v  -0.0680 0.0002 0.2766
v  -0.0720 0.0027 0.2768
v  -0.0680 0.0027 0.2766
v  -0.0720 0.0028 0.2765
v  -0.0680 0.0028 0.2763
v  -0.0726 0.0076 0.2570
v  -0.0686 0.0076 0.2570
v  -0.0725 0.0064 0.2618
v  -0.0685 0.0064 0.2618
v  -0.0725 0.0057 0.2648
v  -0.0681 0.0031 0.2750
v  -0.0721 0.0031 0.2752
v  -0.0683 0.0042 0.2705
v  -0.0723 0.0043 0.2707
v  -0.0683 0.0045 0.2693
v  -0.0723 0.0046 0.2695
v  -0.0685 0.0057 0.2647
v  -0.0685 0.0057 0.2646
v  -0.0725 0.0140 0.2570
v  -0.0685 0.0140 0.2570
v  -0.0720 0.0092 0.2765
v  -0.0680 0.0092 0.2763
v  -0.0722 0.0103 0.2720
v  -0.0682 0.0103 0.2718
v  -0.0723 0.0111 0.2687
v  -0.0685 0.0137 0.2580
v  -0.0725 0.0138 0.2580
v  -0.0685 0.0125 0.2628
v  -0.0725 0.0126 0.2629
v  -0.0685 0.0123 0.2639
v  -0.0725 0.0123 0.2641
v  -0.0683 0.0111 0.2686
v  -0.0683 0.0109 0.2693
v  -0.0679 0.0002 0.2781
v  -0.0679 -0.0030 0.2781
v  -0.0679 -0.0030 0.2774
v  -0.0679 0.0126 0.2780
v  -0.0679 0.0086 0.2780
v  -0.0685 0.0084 0.2620
v  -0.0683 0.0084 0.2692
v  -0.0719 0.0002 0.2784
v  -0.0720 0.0086 0.2765
v  -0.0723 0.0084 0.2694
v  -0.0725 0.0084 0.2622
v  -0.0716 -0.0280 0.2788
v  -0.0676 -0.0279 0.2785
v  -0.0716 -0.0278 0.2793
v  -0.0676 -0.0277 0.2790
v  -0.0716 -0.0276 0.2795
v  -0.0676 -0.0275 0.2793
v  -0.0716 -0.0273 0.2797
v  -0.0676 -0.0273 0.2794
v  -0.0716 -0.0268 0.2799
v  -0.0676 -0.0268 0.2796
v  -0.0716 -0.0263 0.2800
v  -0.0676 -0.0262 0.2797
v  -0.0716 -0.0252 0.2800
v  -0.0676 -0.0251 0.2797
v  -0.0716 -0.0236 0.2800
v  -0.0676 -0.0236 0.2797
v  -0.0716 -0.0225 0.2800
v  -0.0676 -0.0225 0.2797
v  -0.0717 -0.0180 0.2800
v  -0.0677 -0.0180 0.2797
v  -0.0717 -0.0091 0.2800
v  -0.0677 -0.0091 0.2797
v  -0.0716 -0.0280 0.2786
v  -0.0677 -0.0280 0.2784
v  -0.0717 -0.0279 0.2773
v  -0.0718 -0.0278 0.2765
v  -0.0678 -0.0277 0.2763
v  -0.0678 -0.0278 0.2767
v  -0.0678 -0.0278 0.2769
v  -0.0717 -0.0280 0.2776
v  -0.0677 -0.0279 0.2774
v  -0.0717 -0.0280 0.2778
v  -0.0677 -0.0280 0.2777
v  -0.0677 -0.0280 0.2783
v  -0.0717 -0.0280 0.2786
v  -0.0677 -0.0280 0.2780
v  -0.0717 -0.0281 0.2783
v  -0.0717 -0.0281 0.2780
v  -0.0720 -0.0264 0.2718
v  -0.0681 -0.0263 0.2716
v  -0.0720 -0.0265 0.2721
v  -0.0680 -0.0265 0.2719
v  -0.0720 -0.0266 0.2723
v  -0.0680 -0.0266 0.2721
v  -0.0720 -0.0267 0.2725
v  -0.0680 -0.0267 0.2724
v  -0.0720 -0.0268 0.2728
v  -0.0680 -0.0268 0.2729
v  -0.0720 -0.0269 0.2731
v  -0.0720 -0.0270 0.2735
v  -0.0679 -0.0270 0.2736
v  -0.0719 -0.0273 0.2746
v  -0.0679 -0.0273 0.2749
v  -0.0722 -0.0218 0.2704
v  -0.0682 -0.0218 0.2702
v  -0.0722 -0.0231 0.2704
v  -0.0682 -0.0230 0.2702
v  -0.0722 -0.0232 0.2704
v  -0.0682 -0.0231 0.2702
v  -0.0721 -0.0237 0.2704
v  -0.0682 -0.0236 0.2702
v  -0.0721 -0.0243 0.2704
v  -0.0681 -0.0242 0.2703
v  -0.0721 -0.0249 0.2706
v  -0.0681 -0.0248 0.2704
v  -0.0721 -0.0255 0.2709
v  -0.0681 -0.0254 0.2707
v  -0.0721 -0.0260 0.2713
v  -0.0681 -0.0259 0.2711
v  -0.0683 -0.0240 0.2663
v  -0.0723 -0.0260 0.2630
v  -0.0683 -0.0260 0.2630
v  -0.0724 -0.0190 0.2630
v  -0.0684 -0.0189 0.2630
v  -0.0721 -0.0138 0.2731
v  -0.0681 -0.0138 0.2729
v  -0.0683 -0.0156 0.2694
v  -0.0684 -0.0173 0.2662
v  -0.0724 -0.0173 0.2663
v  -0.0723 -0.0157 0.2695
v  -0.0719 -0.0212 0.2765
v  -0.0679 -0.0212 0.2763
v  -0.0679 -0.0212 0.2761
v  -0.0719 -0.0212 0.2763
v  -0.0679 -0.0212 0.2760
v  -0.0719 -0.0212 0.2759
v  -0.0679 -0.0211 0.2757
v  -0.0680 -0.0207 0.2742
v  -0.0720 -0.0208 0.2744
v  -0.0720 -0.0207 0.2741
v  -0.0680 -0.0206 0.2739
v  -0.0720 -0.0206 0.2739
v  -0.0680 -0.0205 0.2737
v  -0.0681 -0.0204 0.2734
v  -0.0720 -0.0204 0.2736
v  -0.0721 -0.0203 0.2735
v  -0.0681 -0.0202 0.2733
v  -0.0681 -0.0201 0.2732
v  -0.0721 -0.0202 0.2734
v  -0.0681 -0.0199 0.2731
v  -0.0721 -0.0199 0.2733
v  -0.0681 -0.0196 0.2730
v  -0.0721 -0.0197 0.2732
v  -0.0681 -0.0193 0.2730
v  -0.0721 -0.0194 0.2731
v  -0.0721 -0.0191 0.2731
v  -0.0681 -0.0190 0.2729
v  -0.0721 -0.0188 0.2731
v  -0.0681 -0.0187 0.2729
v  -0.0719 -0.0212 0.2767
v  -0.0679 -0.0211 0.2764
v  -0.0679 -0.0212 0.2764
v  -0.0719 -0.0210 0.2769
v  -0.0679 -0.0210 0.2767
v  -0.0719 -0.0209 0.2771
v  -0.0679 -0.0208 0.2768
v  -0.0719 -0.0148 0.2772
v  -0.0679 -0.0148 0.2770
v  -0.0679 -0.0178 0.2770
v  -0.0719 -0.0184 0.2772
v  -0.0679 -0.0194 0.2770
v  -0.0719 -0.0201 0.2772
v  -0.0679 -0.0200 0.2770
v  -0.0719 -0.0202 0.2772
v  -0.0679 -0.0201 0.2770
v  -0.0679 -0.0205 0.2770
v  -0.0718 -0.0205 0.2772
v  -0.0679 -0.0207 0.2769
v  -0.0718 -0.0207 0.2772
v  -0.0719 -0.0146 0.2765
v  -0.0680 -0.0146 0.2763
v  -0.0679 -0.0147 0.2767
v  -0.0725 -0.0113 0.2631
v  -0.0685 -0.0113 0.2630
v  -0.0724 -0.0124 0.2675
v  -0.0683 -0.0125 0.2680
v  -0.0723 -0.0126 0.2681
v  -0.0683 -0.0126 0.2682
v  -0.0683 -0.0127 0.2688
v  -0.0723 -0.0130 0.2698
v  -0.0683 -0.0129 0.2695
v  -0.0683 -0.0130 0.2698
v  -0.0722 -0.0136 0.2723
v  -0.0682 -0.0133 0.2711
v  -0.0680 -0.0144 0.2754
v  -0.0725 -0.0049 0.2631
v  -0.0685 -0.0049 0.2630
v  -0.0720 -0.0083 0.2765
v  -0.0680 -0.0082 0.2763
v  -0.0722 -0.0073 0.2726
v  -0.0682 -0.0073 0.2724
v  -0.0724 -0.0063 0.2687
v  -0.0683 -0.0066 0.2697
v  -0.0685 -0.0052 0.2642
v  -0.0725 -0.0052 0.2643
v  -0.0684 -0.0063 0.2686
v  -0.0719 -0.0087 0.2783
v  -0.0682 -0.0207 0.2697
v  -0.0683 -0.0208 0.2663
v  -0.0722 -0.0208 0.2699
v  -0.0723 -0.0208 0.2664
v  -0.0710 -0.0457 0.2800
v  -0.0670 -0.0455 0.2798
v  -0.0671 -0.0446 0.2798
v  -0.0671 -0.0438 0.2798
v  -0.0671 -0.0429 0.2798
v  -0.0712 -0.0404 0.2800
v  -0.0672 -0.0420 0.2798
v  -0.0672 -0.0412 0.2798
v  -0.0672 -0.0407 0.2798
v  -0.0672 -0.0403 0.2798
v  -0.0673 -0.0399 0.2798
v  -0.0713 -0.0386 0.2800
v  -0.0673 -0.0381 0.2798
v  -0.0713 -0.0384 0.2800
v  -0.0713 -0.0382 0.2800
v  -0.0713 -0.0379 0.2800
v  -0.0673 -0.0372 0.2798
v  -0.0713 -0.0370 0.2800
v  -0.0674 -0.0363 0.2798
v  -0.0714 -0.0364 0.2800
v  -0.0674 -0.0354 0.2798
v  -0.0714 -0.0358 0.2800
v  -0.0714 -0.0353 0.2800
v  -0.0714 -0.0348 0.2800
v  -0.0674 -0.0347 0.2798
v  -0.0674 -0.0345 0.2798
v  -0.0714 -0.0343 0.2800
v  -0.0674 -0.0340 0.2797
v  -0.0714 -0.0339 0.2800
v  -0.0674 -0.0339 0.2797
v  -0.0714 -0.0335 0.2799
v  -0.0675 -0.0334 0.2796
v  -0.0715 -0.0332 0.2798
v  -0.0675 -0.0331 0.2795
v  -0.0715 -0.0329 0.2797
v  -0.0675 -0.0328 0.2794
v  -0.0715 -0.0328 0.2796
v  -0.0675 -0.0324 0.2792
v  -0.0715 -0.0324 0.2794
v  -0.0715 -0.0323 0.2793
v  -0.0675 -0.0323 0.2791
v  -0.0715 -0.0320 0.2790
v  -0.0675 -0.0320 0.2788
v  -0.0676 -0.0319 0.2788
v  -0.0716 -0.0319 0.2789
v  -0.0676 -0.0318 0.2786
v  -0.0716 -0.0317 0.2787
v  -0.0676 -0.0316 0.2784
v  -0.0716 -0.0316 0.2785
v  -0.0676 -0.0314 0.2780
v  -0.0717 -0.0310 0.2769
v  -0.0717 -0.0310 0.2770
v  -0.0677 -0.0310 0.2767
v  -0.0717 -0.0311 0.2773
v  -0.0677 -0.0311 0.2774
v  -0.0716 -0.0312 0.2776
v  -0.0676 -0.0313 0.2779
v  -0.0716 -0.0314 0.2781
v  -0.0716 -0.0315 0.2783
v  -0.0677 -0.0309 0.2765
v  -0.0677 -0.0308 0.2763
v  -0.0717 -0.0309 0.2765
v  -0.0669 -0.0472 0.2798
v  -0.0709 -0.0483 0.2800
v  -0.0667 -0.0511 0.2798
v  -0.0707 -0.0514 0.2800
v  -0.0709 -0.0507 0.2769
v  -0.0669 -0.0504 0.2767
v  -0.0670 -0.0487 0.2767
v  -0.0710 -0.0490 0.2769
v  -0.0672 -0.0455 0.2767
v  -0.0712 -0.0457 0.2770
v  -0.0715 -0.0376 0.2765
v  -0.0675 -0.0375 0.2763
v  -0.0715 -0.0378 0.2767
v  -0.0675 -0.0377 0.2765
v  -0.0715 -0.0380 0.2768
v  -0.0675 -0.0378 0.2766
v  -0.0715 -0.0382 0.2769
v  -0.0675 -0.0381 0.2767
v  -0.0715 -0.0384 0.2769
v  -0.0675 -0.0383 0.2767
v  -0.0715 -0.0388 0.2770
v  -0.0675 -0.0387 0.2767
v  -0.0674 -0.0403 0.2767
v  -0.0673 -0.0423 0.2767
v  -0.0713 -0.0431 0.2770
v  -0.0714 -0.0404 0.2770
v  -0.0677 -0.0365 0.2734
v  -0.0676 -0.0369 0.2749
v  -0.0717 -0.0366 0.2736
v  -0.0716 -0.0370 0.2751
v  -0.0716 -0.0371 0.2756
v  -0.0676 -0.0370 0.2753
v  -0.0676 -0.0370 0.2754
v  -0.0716 -0.0372 0.2759
v  -0.0676 -0.0371 0.2757
v  -0.0716 -0.0373 0.2762
v  -0.0676 -0.0372 0.2760
v  -0.0676 -0.0373 0.2761
v  -0.0716 -0.0375 0.2764
v  -0.0676 -0.0390 0.2734
v  -0.0716 -0.0391 0.2736
v  -0.0674 -0.0455 0.2734
v  -0.0714 -0.0457 0.2736
v  -0.0673 -0.0468 0.2734
v  -0.0713 -0.0470 0.2736
v  -0.0671 -0.0496 0.2734
v  -0.0711 -0.0498 0.2735
v  -0.0713 -0.0491 0.2705
v  -0.0673 -0.0488 0.2704
v  -0.0674 -0.0472 0.2704
v  -0.0714 -0.0474 0.2705
v  -0.0675 -0.0455 0.2704
v  -0.0715 -0.0457 0.2705
v  -0.0679 -0.0353 0.2686
v  -0.0720 -0.0352 0.2678
v  -0.0680 -0.0351 0.2677
v  -0.0720 -0.0348 0.2661
v  -0.0680 -0.0347 0.2660
v  -0.0679 -0.0354 0.2690
v  -0.0719 -0.0355 0.2691
v  -0.0719 -0.0354 0.2687
v  -0.0719 -0.0359 0.2700
v  -0.0719 -0.0358 0.2698
v  -0.0679 -0.0356 0.2696
v  -0.0719 -0.0357 0.2696
v  -0.0679 -0.0355 0.2694
v  -0.0679 -0.0355 0.2693
v  -0.0719 -0.0356 0.2692
v  -0.0679 -0.0358 0.2699
v  -0.0679 -0.0359 0.2700
v  -0.0719 -0.0362 0.2702
v  -0.0679 -0.0361 0.2702
v  -0.0719 -0.0364 0.2704
v  -0.0679 -0.0363 0.2703
v  -0.0718 -0.0366 0.2705
v  -0.0678 -0.0366 0.2703
v  -0.0718 -0.0368 0.2705
v  -0.0678 -0.0368 0.2704
v  -0.0718 -0.0372 0.2705
v  -0.0676 -0.0439 0.2704
v  -0.0716 -0.0438 0.2705
v  -0.0678 -0.0389 0.2704
v  -0.0718 -0.0388 0.2705
v  -0.0678 -0.0372 0.2704
v  -0.0678 -0.0369 0.2704
v  -0.0716 -0.0457 0.2661
v  -0.0676 -0.0455 0.2660
v  -0.0679 -0.0381 0.2660
v  -0.0719 -0.0382 0.2661
v  -0.0675 -0.0466 0.2660
v  -0.0715 -0.0468 0.2661
v  -0.0675 -0.0477 0.2660
v  -0.0715 -0.0480 0.2661
v  -0.0716 -0.0472 0.2631
v  -0.0676 -0.0470 0.2630
v  -0.0676 -0.0463 0.2630
v  -0.0716 -0.0465 0.2631
v  -0.0676 -0.0455 0.2630
v  -0.0716 -0.0457 0.2631
v  -0.0680 -0.0297 0.2717
v  -0.0720 -0.0299 0.2722
v  -0.0682 -0.0286 0.2674
v  -0.0721 -0.0288 0.2678
v  -0.0722 -0.0285 0.2666
v  -0.0682 -0.0284 0.2665
v  -0.0722 -0.0285 0.2665
v  -0.0682 -0.0284 0.2664
v  -0.0682 -0.0282 0.2654
v  -0.0722 -0.0283 0.2655
v  -0.0682 -0.0282 0.2650
v  -0.0722 -0.0282 0.2650
v  -0.0682 -0.0282 0.2645
v  -0.0722 -0.0283 0.2646
v  -0.0682 -0.0284 0.2641
v  -0.0722 -0.0285 0.2642
v  -0.0682 -0.0286 0.2637
v  -0.0722 -0.0287 0.2638
v  -0.0682 -0.0290 0.2634
v  -0.0722 -0.0291 0.2635
v  -0.0682 -0.0294 0.2632
v  -0.0722 -0.0295 0.2633
v  -0.0682 -0.0298 0.2631
v  -0.0722 -0.0299 0.2632
v  -0.0682 -0.0303 0.2630
v  -0.0722 -0.0304 0.2631
v  -0.0722 -0.0311 0.2631
v  -0.0682 -0.0310 0.2630
v  -0.0722 -0.0312 0.2631
v  -0.0682 -0.0311 0.2630
v  -0.0722 -0.0313 0.2631
v  -0.0681 -0.0330 0.2630
v  -0.0722 -0.0316 0.2631
v  -0.0682 -0.0315 0.2630
v  -0.0682 -0.0312 0.2630
v  -0.0677 -0.0440 0.2630
v  -0.0717 -0.0440 0.2631
v  -0.0679 -0.0389 0.2630
v  -0.0720 -0.0389 0.2631
v  -0.0680 -0.0379 0.2630
v  -0.0720 -0.0369 0.2631
v  -0.0721 -0.0331 0.2631
v  -0.0677 -0.0310 0.2763
v  -0.0682 -0.0297 0.2647
v  -0.0717 -0.0313 0.2765
v  -0.0717 -0.0369 0.2733
v  -0.0714 -0.0445 0.2733
v  -0.0722 -0.0298 0.2648
v  0.0651 0.0478 0.2783
v  0.0691 0.0484 0.2794
v  0.0695 0.0480 0.2779
v  0.0699 0.0477 0.2765
v  0.0659 0.0471 0.2755
v  0.0655 0.0474 0.2768
v  0.0691 0.0483 0.2793
v  0.0670 0.0308 0.2780
v  0.0710 0.0311 0.2791
v  0.0710 0.0312 0.2791
v  0.0670 0.0309 0.2780
v  0.0670 0.0312 0.2781
v  0.0710 0.0314 0.2792
v  0.0669 0.0316 0.2782
v  0.0709 0.0318 0.2793
v  0.0669 0.0317 0.2782
v  0.0709 0.0321 0.2794
v  0.0668 0.0323 0.2783
v  0.0673 0.0298 0.2771
v  0.0714 0.0301 0.2782
v  0.0714 0.0301 0.2783
v  0.0713 0.0301 0.2783
v  0.0673 0.0298 0.2772
v  0.0713 0.0302 0.2784
v  0.0672 0.0300 0.2774
v  0.0712 0.0305 0.2787
v  0.0671 0.0303 0.2777
v  0.0712 0.0307 0.2788
v  0.0671 0.0305 0.2778
v  0.0711 0.0310 0.2790
v  0.0677 0.0292 0.2759
v  0.0717 0.0295 0.2770
v  0.0676 0.0293 0.2763
v  0.0716 0.0296 0.2775
v  0.0675 0.0295 0.2767
v  0.0715 0.0298 0.2778
v  0.0674 0.0296 0.2769
v  0.0714 0.0300 0.2782
v  0.0719 0.0293 0.2765
v  0.0679 0.0290 0.2755
v  0.0719 0.0293 0.2766
v  0.0718 0.0294 0.2767
v  0.0680 0.0289 0.2749
v  0.0693 0.0277 0.2699
v  0.0732 0.0282 0.2718
v  0.0744 0.0270 0.2670
v  0.0703 0.0267 0.2660
v  0.0744 0.0269 0.2669
v  0.0744 0.0269 0.2668
v  0.0704 0.0266 0.2656
v  0.0746 0.0268 0.2661
v  0.0705 0.0265 0.2650
v  0.0747 0.0267 0.2656
v  0.0706 0.0264 0.2646
v  0.0747 0.0267 0.2654
v  0.0706 0.0265 0.2645
v  0.0748 0.0268 0.2651
v  0.0707 0.0265 0.2641
v  0.0748 0.0268 0.2649
v  0.0707 0.0265 0.2640
v  0.0748 0.0269 0.2647
v  0.0708 0.0266 0.2639
v  0.0749 0.0270 0.2644
v  0.0708 0.0267 0.2637
v  0.0749 0.0271 0.2643
v  0.0708 0.0268 0.2634
v  0.0749 0.0273 0.2641
v  0.0709 0.0272 0.2631
v  0.0750 0.0275 0.2639
v  0.0709 0.0270 0.2633
v  0.0750 0.0275 0.2640
v  0.0709 0.0277 0.2629
v  0.0750 0.0276 0.2639
v  0.0709 0.0274 0.2630
v  0.0749 0.0294 0.2636
v  0.0708 0.0291 0.2628
v  0.0749 0.0293 0.2636
v  0.0708 0.0286 0.2628
v  0.0749 0.0288 0.2636
v  0.0709 0.0281 0.2628
v  0.0750 0.0284 0.2636
v  0.0709 0.0280 0.2628
v  0.0750 0.0281 0.2637
v  0.0750 0.0279 0.2638
v  0.0748 0.0300 0.2636
v  0.0706 0.0319 0.2628
v  0.0747 0.0321 0.2636
v  0.0704 0.0333 0.2628
v  0.0740 0.0383 0.2636
v  0.0700 0.0373 0.2628
v  0.0699 0.0386 0.2628
v  0.0734 0.0434 0.2636
v  0.0691 0.0438 0.2628
v  0.0732 0.0445 0.2636
v  0.0709 0.0325 0.2794
v  0.0708 0.0328 0.2794
v  0.0668 0.0326 0.2783
v  0.0708 0.0329 0.2794
v  0.0667 0.0344 0.2783
v  0.0707 0.0348 0.2794
v  0.0664 0.0369 0.2783
v  0.0704 0.0373 0.2794
v  0.0661 0.0395 0.2783
v  0.0701 0.0399 0.2794
v  0.0658 0.0424 0.2783
v  0.0698 0.0429 0.2794
v  0.0654 0.0455 0.2783
v  0.0694 0.0460 0.2794
v  0.0685 0.0445 0.2655
v  0.0685 0.0446 0.2656
v  0.0725 0.0452 0.2664
v  0.0726 0.0451 0.2664
v  0.0729 0.0448 0.2649
v  0.0688 0.0442 0.2641
v  0.0727 0.0438 0.2664
v  0.0687 0.0432 0.2656
v  0.0694 0.0381 0.2656
v  0.0699 0.0325 0.2656
v  0.0740 0.0328 0.2664
v  0.0694 0.0373 0.2656
v  0.0735 0.0377 0.2664
v  0.0734 0.0386 0.2664
v  0.0695 0.0329 0.2674
v  0.0693 0.0332 0.2683
v  0.0733 0.0335 0.2692
v  0.0733 0.0336 0.2695
v  0.0692 0.0332 0.2685
v  0.0732 0.0337 0.2698
v  0.0691 0.0333 0.2689
v  0.0731 0.0338 0.2700
v  0.0691 0.0334 0.2690
v  0.0731 0.0339 0.2700
v  0.0691 0.0335 0.2691
v  0.0731 0.0341 0.2702
v  0.0690 0.0337 0.2693
v  0.0689 0.0340 0.2695
v  0.0730 0.0343 0.2704
v  0.0730 0.0346 0.2705
v  0.0689 0.0341 0.2695
v  0.0729 0.0348 0.2705
v  0.0688 0.0348 0.2696
v  0.0729 0.0352 0.2705
v  0.0689 0.0344 0.2696
v  0.0689 0.0345 0.2696
v  0.0729 0.0351 0.2705
v  0.0688 0.0349 0.2696
v  0.0729 0.0353 0.2705
v  0.0726 0.0376 0.2705
v  0.0686 0.0372 0.2696
v  0.0722 0.0409 0.2705
v  0.0682 0.0404 0.2696
v  0.0675 0.0456 0.2696
v  0.0715 0.0462 0.2705
v  0.0738 0.0331 0.2675
v  0.0735 0.0333 0.2684
v  0.0668 0.0463 0.2724
v  0.0667 0.0463 0.2724
v  0.0708 0.0469 0.2734
v  0.0712 0.0465 0.2719
v  0.0671 0.0459 0.2710
v  0.0708 0.0469 0.2733
v  0.0709 0.0457 0.2734
v  0.0669 0.0451 0.2724
v  0.0676 0.0398 0.2724
v  0.0682 0.0342 0.2724
v  0.0723 0.0346 0.2734
v  0.0682 0.0344 0.2724
v  0.0722 0.0348 0.2734
v  0.0679 0.0371 0.2724
v  0.0720 0.0375 0.2734
v  0.0716 0.0403 0.2734
v  0.0713 0.0360 0.2765
v  0.0673 0.0356 0.2754
v  0.0673 0.0359 0.2755
v  0.0673 0.0354 0.2753
v  0.0714 0.0358 0.2764
v  0.0674 0.0352 0.2752
v  0.0714 0.0356 0.2763
v  0.0675 0.0350 0.2750
v  0.0715 0.0353 0.2760
v  0.0675 0.0350 0.2749
v  0.0675 0.0349 0.2749
v  0.0676 0.0348 0.2747
v  0.0716 0.0352 0.2758
v  0.0677 0.0347 0.2744
v  0.0717 0.0351 0.2755
v  0.0677 0.0346 0.2742
v  0.0718 0.0350 0.2752
v  0.0678 0.0345 0.2738
v  0.0712 0.0367 0.2765
v  0.0713 0.0366 0.2765
v  0.0672 0.0362 0.2755
v  0.0713 0.0363 0.2765
v  0.0712 0.0369 0.2765
v  0.0672 0.0365 0.2755
v  0.0671 0.0372 0.2755
v  0.0711 0.0377 0.2765
v  0.0670 0.0381 0.2755
v  0.0711 0.0385 0.2765
v  0.0669 0.0391 0.2755
v  0.0709 0.0396 0.2765
v  0.0666 0.0418 0.2755
v  0.0706 0.0423 0.2765
v  0.0718 0.0349 0.2749
v  0.0679 0.0316 0.2744
v  0.0689 0.0317 0.2705
v  0.0683 0.0372 0.2706
v  0.0698 0.0318 0.2666
v  0.0677 0.0426 0.2706
v  0.0729 0.0320 0.2715
v  0.0720 0.0319 0.2755
v  0.0738 0.0321 0.2675
v  0.0724 0.0376 0.2715
v  0.0717 0.0432 0.2715
# 2251 vertices

vn -0.2058 0.0586 0.9768
vn -0.2105 0.0495 0.9763
vn -0.2081 0.0564 0.9765
vn -0.2137 0.0496 0.9756
vn -0.2178 0.0532 0.9745
vn -0.2230 0.0469 0.9737
vn -0.2219 0.0539 0.9736
vn -0.2250 0.0448 0.9733
vn -0.2229 0.0544 0.9733
vn -0.2252 0.0445 0.9733
vn -0.2744 -0.6677 0.6920
vn -0.2744 -0.6703 0.6895
vn -0.2699 -0.5880 0.7625
vn -0.2481 -0.9378 0.2428
vn -0.2470 -0.9400 0.2354
vn -0.2490 -0.9344 0.2546
vn -0.2432 -0.9471 0.2093
vn -0.2424 -0.9483 0.2050
vn -0.2404 -0.9505 0.1971
vn -0.2412 -0.9488 0.2037
vn -0.2391 -0.9510 0.1959
vn -0.2401 -0.9492 0.2032
vn -0.2379 -0.9514 0.1955
vn -0.2388 -0.9497 0.2027
vn -0.2366 -0.9518 0.1951
vn -0.2375 -0.9501 0.2022
vn -0.2352 -0.9523 0.1947
vn -0.2359 -0.9509 0.2003
vn -0.2323 -0.9529 0.1951
vn -0.2275 -0.9540 0.1954
vn -0.2229 -0.9556 0.1927
vn -0.2203 -0.9563 0.1921
vn -0.2159 -0.9578 0.1896
vn -0.2447 -0.9448 0.2178
vn -0.2623 -0.8853 0.3839
vn -0.2548 -0.9215 0.2933
vn -0.2488 -0.9359 0.2493
vn -0.2754 -0.7555 0.5944
vn -0.2753 -0.7733 0.5711
vn -0.2727 -0.8045 0.5277
vn -0.2711 -0.8344 0.4798
vn -0.2641 -0.8847 0.3841
vn -0.2466 -0.3742 0.8939
vn -0.2474 -0.3793 0.8916
vn -0.2423 -0.3476 0.9058
vn -0.2468 -0.3756 0.8933
vn -0.2521 -0.4145 0.8745
vn -0.2522 -0.4155 0.8739
vn -0.2626 -0.5047 0.8224
vn -0.2392 -0.3300 0.9132
vn -0.2151 -0.1856 0.9588
vn -0.2217 -0.2185 0.9503
vn -0.1952 -0.0741 0.9780
vn -0.1855 -0.0358 0.9820
vn -0.1758 0.0096 0.9844
vn -0.1701 0.0331 0.9849
vn -0.1697 0.0316 0.9850
vn -0.1661 0.0390 0.9853
vn -0.1607 0.0462 0.9859
vn -0.1625 0.0377 0.9860
vn -0.1624 0.0458 0.9857
vn -0.1648 0.0459 0.9853
vn -0.1543 0.0633 0.9860
vn -0.1605 0.0404 0.9862
vn -0.1588 0.0472 0.9862
vn -0.1618 0.0382 0.9861
vn -0.1618 0.0379 0.9861
vn -0.1609 0.0385 0.9862
vn -0.1610 0.0384 0.9862
vn -0.1558 0.0564 0.9862
vn -0.1355 0.1340 0.9817
vn -0.1369 0.1276 0.9823
vn -0.0975 0.2643 0.9595
vn -0.1009 0.2538 0.9620
vn -0.0590 0.3880 0.9198
vn -0.0719 0.3434 0.9364
vn -0.0379 0.4529 0.8907
vn -0.0118 0.5245 0.8513
vn -0.0235 0.4917 0.8704
vn -0.0085 0.5333 0.8459
vn 0.0927 0.7757 0.6243
vn 0.0399 0.6579 0.7520
vn 0.0256 0.6269 0.7787
vn 0.0030 0.5647 0.8253
vn -0.0086 0.5333 0.8459
vn 0.0615 0.7139 0.6976
vn 0.1050 0.8007 0.5898
vn 0.1371 0.8612 0.4894
vn 0.1515 0.8831 0.4441
vn 0.1568 0.8947 0.4183
vn 0.1713 0.9137 0.3684
vn 0.1865 0.9322 0.3102
vn 0.1822 0.9272 0.3272
vn 0.1891 0.9351 0.2998
vn 0.2431 0.9694 0.0352
vn 0.2140 0.9584 0.1891
vn 0.2093 0.9554 0.2084
vn 0.1937 0.9403 0.2800
vn 0.1878 0.9337 0.3050
vn 0.2321 0.9682 0.0938
vn 0.2489 0.9685 -0.0005
vn 0.2627 0.9604 -0.0927
vn 0.2617 0.9612 -0.0871
vn 0.2717 0.9482 -0.1648
vn 0.2706 0.9497 -0.1579
vn 0.2752 0.9407 -0.1982
vn 0.2736 0.9430 -0.1892
vn 0.2727 0.9407 -0.2018
vn 0.2737 0.9422 -0.1932
vn 0.2682 0.9439 -0.1929
vn 0.2642 0.9436 -0.1997
vn 0.2584 0.9472 -0.1897
vn 0.2544 0.9471 -0.1956
vn 0.2474 0.9506 -0.1874
vn 0.2454 0.9498 -0.1942
vn 0.2441 0.9520 -0.1845
vn 0.2444 0.9503 -0.1927
vn -0.2452 0.0420 0.9686
vn -0.2390 0.0462 0.9699
vn -0.2432 0.0420 0.9691
vn -0.2461 0.0376 0.9685
vn -0.2479 0.0391 0.9680
vn -0.2502 0.0438 0.9672
vn -0.2781 -0.9417 0.1892
vn -0.2716 -0.9445 0.1850
vn -0.2813 -0.9407 0.1896
vn -0.2880 -0.9378 0.1940
vn -0.2954 -0.9356 0.1935
vn -0.3009 -0.9323 0.2006
vn -0.3008 -0.9338 0.1937
vn -0.3051 -0.9304 0.2033
vn -0.3053 -0.9320 0.1951
vn -0.3092 -0.9286 0.2053
vn -0.3089 -0.9308 0.1954
vn -0.3108 -0.9276 0.2072
vn -0.3110 -0.9275 0.2072
vn -0.3103 -0.9324 0.1855
vn -0.3112 -0.9277 0.2060
vn -0.2981 -0.9536 0.0415
vn -0.3066 -0.9439 0.1223
vn -0.3072 -0.9404 0.1455
vn -0.3093 -0.9344 0.1765
vn -0.3108 -0.9294 0.1993
vn -0.3010 -0.9503 0.0796
vn -0.2913 -0.9565 -0.0141
vn -0.2808 -0.9571 -0.0717
vn -0.2727 -0.9530 -0.1317
vn -0.2568 -0.9438 -0.2079
vn -0.2520 -0.9384 -0.2363
vn -0.2379 -0.9237 -0.3002
vn -0.2292 -0.9121 -0.3399
vn -0.2324 -0.9171 -0.3238
vn -0.1338 -0.7528 -0.6445
vn -0.1817 -0.8413 -0.5091
vn -0.1912 -0.8583 -0.4761
vn -0.2157 -0.8955 -0.3894
vn -0.2299 -0.9139 -0.3345
vn -0.1494 -0.7852 -0.6009
vn -0.1166 -0.7178 -0.6864
vn -0.0824 -0.6446 -0.7601
vn -0.0812 -0.6420 -0.7624
vn -0.0401 -0.5444 -0.8379
vn -0.0438 -0.5546 -0.8310
vn -0.0276 -0.5141 -0.8573
vn -0.0228 -0.5020 -0.8646
vn 0.0661 -0.2654 -0.9619
vn 0.0201 -0.3914 -0.9200
vn 0.0189 -0.3952 -0.9184
vn -0.0109 -0.4709 -0.8821
vn -0.0042 -0.4520 -0.8920
vn -0.0214 -0.4986 -0.8666
vn -0.0234 -0.5036 -0.8636
vn 0.0530 -0.3025 -0.9517
vn 0.0749 -0.2401 -0.9679
vn 0.0994 -0.1618 -0.9818
vn 0.0949 -0.1807 -0.9790
vn 0.1174 -0.1068 -0.9873
vn 0.1178 -0.1067 -0.9873
vn 0.1314 -0.0677 -0.9890
vn 0.1343 -0.0587 -0.9892
vn 0.1390 -0.0442 -0.9893
vn 0.1432 -0.0404 -0.9889
vn 0.1392 -0.0468 -0.9892
vn 0.1512 -0.0417 -0.9876
vn 0.1530 -0.0372 -0.9875
vn 0.1572 -0.0369 -0.9869
vn 0.1590 -0.0431 -0.9863
vn 0.1617 -0.0356 -0.9862
vn 0.1616 -0.0428 -0.9859
vn 0.1635 -0.0344 -0.9859
vn 0.1624 -0.0420 -0.9858
vn 0.1647 -0.0349 -0.9857
vn 0.1630 -0.0417 -0.9857
vn 0.1646 -0.0404 -0.9855
vn 0.1665 -0.0349 -0.9854
vn 0.1650 -0.0445 -0.9853
vn 0.1669 -0.0353 -0.9853
vn 0.1642 -0.0480 -0.9853
vn 0.1658 -0.0407 -0.9853
vn 0.1680 -0.0303 -0.9853
vn 0.1664 -0.0379 -0.9853
vn 0.1682 -0.0295 -0.9853
vn 0.1672 -0.0345 -0.9853
vn 0.1710 -0.0181 -0.9851
vn 0.1718 -0.0122 -0.9851
vn 0.1806 0.0240 -0.9833
vn 0.1834 0.0443 -0.9820
vn 0.1958 0.1051 -0.9750
vn 0.2003 0.1274 -0.9714
vn 0.2176 0.2330 -0.9478
vn 0.2140 0.2112 -0.9537
vn 0.2301 0.3162 -0.9203
vn 0.2313 0.3335 -0.9139
vn 0.2379 0.3814 -0.8933
vn 0.2377 0.3815 -0.8933
vn 0.2395 0.3970 -0.8860
vn 0.2392 0.3950 -0.8870
vn 0.2406 0.4071 -0.8811
vn 0.2414 0.4156 -0.8769
vn 0.2443 0.4386 -0.8649
vn 0.2457 0.4673 -0.8493
vn 0.2516 0.5129 -0.8208
vn 0.2522 0.5457 -0.7991
vn 0.2577 0.6141 -0.7460
vn 0.2559 0.6012 -0.7570
vn 0.2574 0.6456 -0.7190
vn 0.2579 0.7038 -0.6619
vn 0.2581 0.6736 -0.6926
vn 0.2564 0.7400 -0.6218
vn 0.2567 0.7378 -0.6243
vn 0.2557 0.7650 -0.5912
vn 0.2555 0.7686 -0.5865
vn 0.2556 0.7657 -0.5902
vn 0.2555 0.7682 -0.5870
vn 0.2553 0.7708 -0.5836
vn 0.2553 0.7712 -0.5832
vn 0.2544 0.7844 -0.5657
vn 0.2542 0.7918 -0.5553
vn 0.2511 0.8224 -0.5105
vn 0.2487 0.8355 -0.4901
vn 0.2419 0.8747 -0.4199
vn 0.2436 0.8717 -0.4253
vn 0.2365 0.9037 -0.3568
vn 0.2324 0.9125 -0.3366
vn 0.2281 0.9285 -0.2929
vn 0.2210 0.9415 -0.2543
vn 0.2206 0.9444 -0.2437
vn 0.2158 0.9526 -0.2144
vn 0.2139 0.9544 -0.2082
vn 0.2133 0.9552 -0.2052
vn 0.2119 0.9567 -0.1998
vn 0.2128 0.9553 -0.2053
vn 0.2118 0.9568 -0.1994
vn 0.2126 0.9555 -0.2047
vn 0.2101 0.9570 -0.1998
vn 0.2071 0.9573 -0.2016
vn 0.2039 0.9588 -0.1978
vn 0.2021 0.9590 -0.1987
vn 0.2022 0.9598 -0.1946
vn 0.1961 0.9611 -0.1944
vn 0.1944 0.9607 -0.1981
vn 0.1936 0.9620 -0.1928
vn 0.1928 0.9612 -0.1970
vn -0.9640 0.1782 -0.1972
vn -0.9631 0.1687 -0.2096
vn -0.9639 0.1643 -0.2097
vn -0.9549 0.2225 -0.1964
vn -0.9578 0.1984 -0.2081
vn -0.9536 0.2053 -0.2204
vn -0.9617 0.1809 -0.2059
vn -0.9637 0.1887 -0.1891
vn -0.9628 0.1890 -0.1929
vn -0.9628 0.1996 -0.1824
vn -0.9643 0.1859 -0.1888
vn -0.9619 0.2049 -0.1812
vn -0.9616 0.2044 -0.1834
vn -0.9617 0.2014 -0.1858
vn -0.9626 0.1954 -0.1876
vn -0.9598 0.2262 -0.1663
vn -0.9609 0.2201 -0.1679
vn -0.9612 0.2179 -0.1690
vn -0.9612 0.2171 -0.1701
vn -0.9615 0.2148 -0.1711
vn -0.9617 0.2139 -0.1715
vn -0.9619 0.2127 -0.1720
vn -0.9621 0.2102 -0.1740
vn -0.9622 0.2104 -0.1729
vn -0.9628 0.2069 -0.1739
vn -0.9631 0.2051 -0.1743
vn -0.9635 0.2029 -0.1748
vn -0.9635 0.2019 -0.1758
vn -0.9623 0.2043 -0.1796
vn -0.9565 0.2446 -0.1591
vn -0.9582 0.2353 -0.1628
vn -0.9594 0.2278 -0.1666
vn -0.9535 0.2538 -0.1626
vn -0.9541 0.2473 -0.1688
vn -0.9543 0.2474 -0.1677
vn -0.9544 0.2477 -0.1666
vn -0.9544 0.2479 -0.1660
vn -0.9535 0.2559 -0.1595
vn -0.9507 0.2648 -0.1616
vn -0.9515 0.2631 -0.1597
vn -0.9501 0.2681 -0.1593
vn -0.9519 0.2621 -0.1586
vn -0.9524 0.2610 -0.1573
vn -0.9534 0.2589 -0.1548
vn -0.9542 0.2573 -0.1528
vn -0.9549 0.2557 -0.1507
vn -0.9555 0.2545 -0.1489
vn -0.9550 0.2537 -0.1539
vn -0.9561 0.2450 -0.1605
vn -0.9565 0.2431 -0.1611
vn -0.9569 0.2411 -0.1617
vn -0.9575 0.2388 -0.1619
vn -0.9538 0.2461 -0.1721
vn -0.9534 0.2406 -0.1823
vn -0.9544 0.2355 -0.1833
vn -0.9524 0.2293 -0.2010
vn -0.9528 0.2123 -0.2169
vn -0.9529 0.2003 -0.2276
vn -0.9532 0.1989 -0.2275
vn -0.9502 0.2579 -0.1751
vn -0.9503 0.2486 -0.1875
vn -0.9491 0.2459 -0.1967
vn -0.9520 0.2303 -0.2017
vn -0.9522 0.2252 -0.2063
vn -0.9497 0.2753 -0.1494
vn -0.9492 0.2746 -0.1537
vn -0.9509 0.2667 -0.1568
vn -0.9503 0.2660 -0.1619
vn -0.9512 0.2606 -0.1651
vn -0.9496 0.2724 -0.1552
vn -0.9483 0.2788 -0.1514
vn -0.9507 0.2743 -0.1450
vn -0.9505 0.2746 -0.1457
vn -0.9501 0.2751 -0.1474
vn -0.9477 0.2809 -0.1516
vn -0.9474 0.2817 -0.1518
vn -0.9474 0.2819 -0.1519
vn -0.9472 0.2822 -0.1520
vn -0.9473 0.2820 -0.1519
vn -0.9478 0.2808 -0.1513
vn -0.9480 0.2801 -0.1509
vn -0.9484 0.2793 -0.1503
vn -0.9489 0.2781 -0.1494
vn -0.9494 0.2768 -0.1482
vn -0.9498 0.2760 -0.1472
vn -0.9502 0.2753 -0.1464
vn -0.9505 0.2745 -0.1454
vn -0.9634 0.1978 -0.1809
vn -0.9630 0.1995 -0.1811
vn -0.9625 0.2014 -0.1816
vn -0.9630 0.2012 -0.1795
vn -0.9631 0.2029 -0.1771
vn -0.9632 0.2018 -0.1775
vn -0.9631 0.2024 -0.1773
vn -0.9624 0.2069 -0.1761
vn -0.9650 0.1865 -0.1842
vn -0.9650 0.1866 -0.1841
vn -0.9643 0.1807 -0.1937
vn -0.9646 0.1812 -0.1915
vn -0.9649 0.1823 -0.1888
vn -0.9651 0.1836 -0.1869
vn -0.9651 0.1848 -0.1856
vn -0.9651 0.1859 -0.1847
vn -0.9650 0.1875 -0.1836
vn -0.9649 0.1878 -0.1834
vn -0.9649 0.1883 -0.1831
vn -0.9648 0.1896 -0.1825
vn -0.9647 0.1904 -0.1821
vn -0.9645 0.1914 -0.1818
vn -0.9643 0.1927 -0.1814
vn -0.9642 0.1937 -0.1812
vn -0.9640 0.1949 -0.1810
vn -0.9645 0.1917 -0.1815
vn -0.9645 0.1920 -0.1815
vn -0.9640 0.1947 -0.1810
vn -0.9637 0.1962 -0.1809
vn -0.9616 0.1630 -0.2209
vn -0.9604 0.1573 -0.2299
vn -0.9588 0.1493 -0.2417
vn -0.9623 0.1870 -0.1973
vn -0.9590 0.1798 -0.2191
vn -0.9588 0.1714 -0.2266
vn -0.9580 0.1649 -0.2348
vn -0.9580 0.1572 -0.2398
vn -0.9570 0.1466 -0.2501
vn -0.9641 0.1807 -0.1945
vn 0.9632 -0.1656 0.2119
vn 0.9628 -0.1688 0.2109
vn 0.9640 -0.1782 0.1975
vn 0.9609 -0.1685 0.2199
vn 0.9588 -0.1493 0.2417
vn 0.9607 -0.1575 0.2287
vn 0.9570 -0.2410 0.1617
vn 0.9568 -0.2417 0.1615
vn 0.9540 -0.2561 0.1561
vn 0.9572 -0.2400 0.1618
vn 0.9572 -0.2399 0.1619
vn 0.9574 -0.2390 0.1620
vn 0.9565 -0.2431 0.1612
vn 0.9555 -0.2517 0.1540
vn 0.9500 -0.2683 0.1595
vn 0.9568 -0.2518 0.1450
vn 0.9557 -0.2541 0.1484
vn 0.9553 -0.2550 0.1496
vn 0.9547 -0.2562 0.1513
vn 0.9551 -0.2553 0.1501
vn 0.9536 -0.2585 0.1543
vn 0.9527 -0.2604 0.1567
vn 0.9522 -0.2616 0.1581
vn 0.9518 -0.2623 0.1589
vn 0.9513 -0.2633 0.1600
vn 0.9534 -0.2567 0.1585
vn 0.9530 -0.2549 0.1640
vn 0.9545 -0.2482 0.1655
vn 0.9544 -0.2477 0.1667
vn 0.9543 -0.2474 0.1676
vn 0.9596 -0.2267 0.1667
vn 0.9609 -0.2203 0.1679
vn 0.9593 -0.2290 0.1650
vn 0.9585 -0.2341 0.1630
vn 0.9587 -0.2342 0.1615
vn 0.9577 -0.2377 0.1620
vn 0.9632 -0.2022 0.1768
vn 0.9641 -0.1990 0.1761
vn 0.9623 -0.2089 0.1742
vn 0.9621 -0.2046 0.1803
vn 0.9628 -0.1996 0.1823
vn 0.9619 -0.2049 0.1812
vn 0.9620 -0.2047 0.1806
vn 0.9618 -0.2051 0.1816
vn 0.9635 -0.2020 0.1754
vn 0.9631 -0.2047 0.1748
vn 0.9627 -0.2073 0.1741
vn 0.9622 -0.2104 0.1730
vn 0.9618 -0.2128 0.1719
vn 0.9617 -0.2136 0.1716
vn 0.9618 -0.2134 0.1717
vn 0.9618 -0.2131 0.1717
vn 0.9619 -0.2128 0.1718
vn 0.9612 -0.2171 0.1702
vn 0.9616 -0.2144 0.1712
vn 0.9614 -0.2173 0.1691
vn 0.9615 -0.2178 0.1675
vn 0.9626 -0.1954 0.1875
vn 0.9617 -0.2014 0.1858
vn 0.9616 -0.2044 0.1834
vn 0.9610 -0.1819 0.2085
vn 0.9614 -0.1882 0.2007
vn 0.9637 -0.1886 0.1890
vn 0.9625 -0.1918 0.1918
vn 0.9643 -0.1860 0.1887
vn 0.9615 -0.1741 0.2129
vn 0.9593 -0.1723 0.2238
vn 0.9574 -0.1662 0.2360
vn 0.9579 -0.1561 0.2409
vn 0.9570 -0.1467 0.2501
vn 0.9639 -0.1951 0.1810
vn 0.9643 -0.1933 0.1813
vn 0.9646 -0.1812 0.1915
vn 0.9642 -0.1807 0.1941
vn 0.9643 -0.1928 0.1814
vn 0.9642 -0.1939 0.1812
vn 0.9643 -0.1932 0.1813
vn 0.9644 -0.1920 0.1816
vn 0.9647 -0.1901 0.1822
vn 0.9649 -0.1883 0.1831
vn 0.9650 -0.1877 0.1834
vn 0.9650 -0.1876 0.1835
vn 0.9650 -0.1867 0.1841
vn 0.9649 -0.1821 0.1892
vn 0.9650 -0.1864 0.1843
vn 0.9651 -0.1855 0.1850
vn 0.9651 -0.1845 0.1858
vn 0.9651 -0.1838 0.1867
vn 0.9650 -0.1829 0.1878
vn 0.9627 -0.2050 0.1764
vn 0.9630 -0.2034 0.1770
vn 0.9629 -0.2014 0.1795
vn 0.9624 -0.2021 0.1818
vn 0.9628 -0.2004 0.1813
vn 0.9633 -0.1984 0.1810
vn 0.9636 -0.1966 0.1809
vn 0.9481 -0.2796 0.1515
vn 0.9487 -0.2776 0.1514
vn 0.9511 -0.2656 0.1578
vn 0.9496 -0.2722 0.1552
vn 0.9499 -0.2751 0.1481
vn 0.9500 -0.2751 0.1478
vn 0.9501 -0.2749 0.1471
vn 0.9504 -0.2746 0.1459
vn 0.9507 -0.2742 0.1449
vn 0.9507 -0.2742 0.1448
vn 0.9504 -0.2749 0.1458
vn 0.9499 -0.2758 0.1470
vn 0.9499 -0.2757 0.1469
vn 0.9500 -0.2755 0.1467
vn 0.9494 -0.2769 0.1481
vn 0.9495 -0.2768 0.1481
vn 0.9492 -0.2773 0.1485
vn 0.9478 -0.2808 0.1513
vn 0.9471 -0.2826 0.1523
vn 0.9487 -0.2785 0.1496
vn 0.9482 -0.2798 0.1506
vn 0.9471 -0.2825 0.1523
vn 0.9474 -0.2817 0.1518
vn 0.9473 -0.2820 0.1520
vn 0.9474 -0.2817 0.1519
vn 0.9477 -0.2809 0.1517
vn 0.9497 -0.2639 0.1689
vn 0.9495 -0.2696 0.1604
vn 0.9492 -0.2747 0.1536
vn 0.9497 -0.2752 0.1491
vn 0.9505 -0.2331 0.2056
vn 0.9539 -0.2403 0.1796
vn 0.9496 -0.2460 0.1941
vn 0.9502 -0.2569 0.1765
vn 0.9525 -0.2311 0.1982
vn 0.9517 -0.2241 0.2101
vn 0.9582 -0.1975 0.2071
vn 0.9528 -0.2108 0.2184
vn 0.9536 -0.2052 0.2205
vn 0.9532 -0.1989 0.2275
vn 0.9529 -0.2003 0.2276
vn 0.9550 -0.2224 0.1965
vn 0.9529 -0.2425 0.1823
vn 0.9541 -0.2473 0.1688
vn 0.9538 -0.2461 0.1721
vn 0.9544 -0.2354 0.1834
vn 0.9640 -0.1807 0.1950
vn -0.1870 0.9378 -0.2924
vn -0.1851 0.9378 -0.2937
vn -0.1880 0.9402 -0.2839
vn -0.1912 0.9392 -0.2853
vn -0.1952 0.9389 -0.2835
vn -0.1907 0.9378 -0.2903
vn -0.1893 0.9373 -0.2928
vn -0.1881 0.9404 -0.2834
vn -0.2275 -0.0495 0.9725
vn -0.2344 -0.0496 0.9709
vn -0.2326 -0.0426 0.9716
vn -0.2375 -0.0419 0.9705
vn -0.2380 -0.0491 0.9700
vn -0.2388 -0.0447 0.9700
vn -0.2380 -0.0509 0.9699
vn -0.2367 -0.0589 0.9698
vn -0.2369 -0.0589 0.9698
vn -0.2321 -0.0891 0.9686
vn -0.2305 -0.0957 0.9684
vn -0.2155 -0.1766 0.9604
vn -0.2136 -0.1868 0.9589
vn -0.1862 -0.3110 0.9320
vn -0.1932 -0.2798 0.9404
vn -0.1765 -0.3508 0.9197
vn -0.1621 -0.4055 0.8996
vn -0.1614 -0.4088 0.8982
vn -0.1514 -0.4452 0.8826
vn -0.1534 -0.4380 0.8858
vn -0.1492 -0.4528 0.8790
vn -0.1483 -0.4559 0.8776
vn -0.1462 -0.4634 0.8740
vn -0.1349 -0.5036 0.8533
vn -0.1362 -0.4985 0.8561
vn -0.1201 -0.5415 0.8321
vn -0.0966 -0.6141 0.7833
vn -0.0233 -0.7955 0.6055
vn -0.0242 -0.7928 0.6090
vn -0.0257 -0.7896 0.6131
vn -0.0257 -0.7897 0.6130
vn -0.0317 -0.7771 0.6285
vn -0.0445 -0.7497 0.6602
vn -0.0493 -0.7366 0.6746
vn -0.0694 -0.6926 0.7180
vn -0.0789 -0.6637 0.7439
vn -0.1110 -0.5777 0.8087
vn -0.0089 -0.8210 0.5709
vn 0.0002 -0.8397 0.5431
vn 0.0222 -0.8745 0.4846
vn 0.0247 -0.8803 0.4738
vn 0.0530 -0.9198 0.3888
vn 0.0546 -0.9216 0.3843
vn 0.0775 -0.9473 0.3107
vn 0.0774 -0.9467 0.3126
vn 0.0881 -0.9580 0.2728
vn 0.0912 -0.9603 0.2636
vn 0.0896 -0.9570 0.2758
vn 0.0933 -0.9609 0.2606
vn 0.0947 -0.9596 0.2651
vn 0.0931 -0.9608 0.2612
vn 0.0928 -0.9588 0.2686
vn 0.1018 -0.9587 0.2655
vn 0.1030 -0.9592 0.2633
vn 0.1066 -0.9602 0.2582
vn 0.1056 -0.9583 0.2654
vn 0.1074 -0.9597 0.2597
vn 0.1145 -0.9674 0.2261
vn 0.1135 -0.9640 0.2404
vn 0.1271 -0.9772 0.1700
vn 0.1257 -0.9742 0.1874
vn 0.1406 -0.9835 0.1137
vn 0.1472 -0.9860 0.0788
vn 0.1599 -0.9868 0.0272
vn 0.1757 -0.9822 -0.0672
vn 0.1843 -0.9773 -0.1043
vn 0.1960 -0.9634 -0.1826
vn 0.1998 -0.9587 -0.2023
vn 0.2037 -0.9518 -0.2294
vn 0.2426 -0.5013 -0.8306
vn 0.2428 -0.5055 -0.8280
vn 0.2427 -0.5045 -0.8286
vn 0.2433 -0.5176 -0.8203
vn 0.2461 -0.5718 -0.7826
vn 0.2449 -0.5585 -0.7925
vn 0.2477 -0.6578 -0.7113
vn 0.2473 -0.6523 -0.7165
vn 0.2432 -0.7636 -0.5981
vn 0.2430 -0.7591 -0.6039
vn 0.2330 -0.8617 -0.4508
vn 0.2334 -0.8415 -0.4873
vn 0.2188 -0.9209 -0.3226
vn 0.2204 -0.9080 -0.3564
vn 0.2103 -0.9400 -0.2688
vn 0.2118 -0.9344 -0.2863
vn 0.2054 -0.9487 -0.2402
vn 0.2059 -0.9476 -0.2442
vn 0.2053 -0.9490 -0.2394
vn 0.2050 -0.9494 -0.2378
vn 0.1842 -0.0199 -0.9827
vn 0.1870 -0.0310 -0.9819
vn 0.1961 -0.0873 -0.9767
vn 0.1997 -0.1051 -0.9742
vn 0.2071 -0.1609 -0.9650
vn 0.2162 -0.2158 -0.9522
vn 0.2224 -0.2876 -0.9316
vn 0.2322 -0.3537 -0.9061
vn 0.2313 -0.3725 -0.8987
vn 0.2389 -0.4256 -0.8728
vn 0.2409 -0.4740 -0.8469
vn 0.1758 0.0259 -0.9841
vn 0.1753 0.0265 -0.9842
vn 0.1784 0.0122 -0.9839
vn 0.1744 0.0313 -0.9842
vn 0.1752 0.0303 -0.9841
vn 0.1736 0.0372 -0.9841
vn 0.1728 0.0386 -0.9842
vn 0.1714 0.0338 -0.9846
vn 0.1652 0.0384 -0.9855
vn 0.1649 0.0333 -0.9858
vn 0.1638 0.0358 -0.9858
vn 0.1601 0.0406 -0.9863
vn 0.1562 0.0382 -0.9870
vn 0.1518 0.0446 -0.9874
vn 0.1507 0.0395 -0.9878
vn 0.1475 0.0419 -0.9882
vn 0.1444 0.0362 -0.9889
vn -0.2299 -0.0441 0.9722
vn -0.2179 -0.0499 0.9747
vn -0.2111 -0.0533 0.9760
vn -0.2039 -0.0515 0.9776
vn -0.1975 -0.0583 0.9786
vn -0.2002 -0.0512 0.9784
vn -0.1948 -0.0609 0.9789
vn -0.2148 0.9339 -0.2857
vn -0.2138 0.9339 -0.2865
vn -0.2152 0.9353 -0.2809
vn -0.2169 0.9347 -0.2818
vn -0.2189 0.9345 -0.2807
vn -0.2168 0.9339 -0.2842
vn -0.2161 0.9337 -0.2857
vn -0.2153 0.9353 -0.2808
vn -0.1759 -0.0397 0.9836
vn -0.1799 -0.0353 0.9831
vn -0.1760 -0.0368 0.9837
vn -0.1566 -0.0421 0.9868
vn -0.1517 -0.0385 0.9877
vn -0.1536 -0.0463 0.9870
vn -0.1549 -0.0487 0.9867
vn -0.1600 -0.0451 0.9861
vn -0.1651 -0.0400 0.9855
vn -0.1680 -0.0427 0.9849
vn -0.1696 -0.0370 0.9848
vn -0.1724 -0.0371 0.9843
vn -0.1728 -0.0442 0.9840
vn -0.1735 -0.0429 0.9839
vn -0.1358 0.9523 -0.2732
vn -0.1322 0.9502 -0.2822
vn -0.1336 0.9513 -0.2777
vn -0.1227 0.9399 -0.3186
vn -0.1217 0.9390 -0.3217
vn -0.1027 0.9146 -0.3911
vn -0.1020 0.9138 -0.3932
vn -0.0767 0.8743 -0.4792
vn -0.0764 0.8739 -0.4801
vn -0.0502 0.8258 -0.5617
vn -0.0503 0.8260 -0.5614
vn -0.0356 0.7960 -0.6042
vn -0.0386 0.8023 -0.5956
vn -0.0328 0.7901 -0.6121
vn -0.0318 0.7881 -0.6147
vn -0.0227 0.7680 -0.6400
vn -0.0301 0.7844 -0.6196
vn -0.0265 0.7765 -0.6295
vn -0.0020 0.7193 -0.6947
vn -0.0024 0.7207 -0.6933
vn 0.0452 0.5936 -0.8035
vn 0.0465 0.5900 -0.8061
vn 0.0940 0.4408 -0.8927
vn 0.0951 0.4378 -0.8940
vn 0.1343 0.2917 -0.9470
vn 0.1406 0.2714 -0.9521
vn 0.1687 0.1463 -0.9748
vn 0.1732 0.1298 -0.9763
vn 0.1867 0.0633 -0.9804
vn 0.1865 0.0643 -0.9803
vn 0.1910 0.0424 -0.9807
vn 0.1894 0.0500 -0.9806
vn 0.1913 0.0410 -0.9807
vn 0.1895 0.0495 -0.9806
vn 0.1895 0.0496 -0.9806
vn 0.1919 0.0377 -0.9807
vn 0.1897 0.0455 -0.9808
vn 0.1913 0.0380 -0.9808
vn 0.1895 0.0463 -0.9808
vn 0.1890 0.0461 -0.9809
vn 0.1898 0.0385 -0.9811
vn 0.1750 0.0450 -0.9835
vn 0.1855 0.0414 -0.9818
vn 0.1872 0.0483 -0.9811
vn 0.1883 0.0466 -0.9810
vn 0.1603 0.0535 -0.9856
vn 0.1639 0.0424 -0.9856
vn 0.1610 0.0519 -0.9856
vn 0.1663 0.0444 -0.9851
vn 0.1764 0.0405 -0.9835
vn -0.1359 0.9535 -0.2690
vn -0.1367 0.9529 -0.2707
vn -0.1380 0.9517 -0.2742
vn -0.2009 0.9360 -0.2891
vn -0.2053 0.9362 -0.2852
vn -0.2037 0.9361 -0.2865
vn -0.2081 0.9364 -0.2827
vn -0.2042 -0.0498 0.9777
vn -0.2041 -0.0477 0.9778
vn -0.1998 -0.0453 0.9788
vn -0.1923 -0.0456 0.9803
vn -0.1935 -0.0414 0.9802
vn -0.1814 -0.0464 0.9823
vn -0.1750 -0.0516 0.9832
vn -0.1764 -0.0474 0.9832
vn -0.1702 -0.0546 0.9839
vn -0.1255 0.9531 -0.2755
vn -0.1213 0.9511 -0.2842
vn -0.1236 0.9525 -0.2785
vn -0.1065 0.9360 -0.3356
vn -0.1050 0.9347 -0.3396
vn -0.0691 0.8877 -0.4552
vn -0.0683 0.8866 -0.4575
vn -0.0331 0.8278 -0.5601
vn -0.0337 0.8289 -0.5583
vn -0.0207 0.8044 -0.5937
vn -0.0175 0.7981 -0.6023
vn -0.0136 0.7903 -0.6126
vn -0.0135 0.7902 -0.6127
vn 0.0090 0.7424 -0.6699
vn -0.0112 0.7855 -0.6188
vn -0.0010 0.7642 -0.6449
vn 0.0402 0.6683 -0.7428
vn 0.0400 0.6693 -0.7419
vn 0.0960 0.5137 -0.8526
vn 0.0918 0.5257 -0.8457
vn 0.1123 0.4620 -0.8798
vn 0.1108 0.4669 -0.8773
vn 0.1208 0.4342 -0.8927
vn 0.1388 0.3676 -0.9196
vn 0.1549 0.3173 -0.9356
vn 0.1564 0.3036 -0.9399
vn 0.1695 0.2580 -0.9512
vn 0.1868 0.1804 -0.9657
vn 0.1921 0.1583 -0.9685
vn 0.2070 0.0873 -0.9744
vn 0.2071 0.0877 -0.9744
vn 0.2151 0.0481 -0.9754
vn 0.2133 0.0563 -0.9754
vn 0.2162 0.0421 -0.9755
vn 0.2139 0.0515 -0.9755
vn 0.2135 0.0549 -0.9754
vn 0.2148 0.0424 -0.9757
vn 0.2137 0.0511 -0.9756
vn 0.2120 0.0527 -0.9759
vn 0.2097 0.0455 -0.9767
vn 0.2003 0.0534 -0.9783
vn 0.1958 0.0471 -0.9795
vn 0.1906 0.0509 -0.9803
vn 0.1860 0.0441 -0.9816
vn -0.1267 0.9546 -0.2696
vn -0.1268 0.9543 -0.2707
vn -0.1271 0.9526 -0.2765
vn -0.9570 -0.1789 -0.2282
vn -0.9579 -0.1861 -0.2188
vn -0.9578 -0.1806 -0.2235
vn -0.9519 -0.2463 -0.1822
vn -0.9540 -0.2427 -0.1762
vn -0.9567 -0.2245 -0.1853
vn -0.9601 -0.1972 -0.1984
vn -0.9604 -0.1959 -0.1983
vn -0.9601 -0.1936 -0.2016
vn -0.9608 -0.1903 -0.2016
vn -0.9598 -0.1892 -0.2075
vn -0.9623 -0.1768 -0.2068
vn -0.9621 -0.1850 -0.2006
vn -0.9622 -0.1848 -0.2003
vn -0.9608 -0.1876 -0.2042
vn -0.9615 -0.1862 -0.2019
vn -0.9611 -0.1873 -0.2032
vn -0.9612 -0.1869 -0.2028
vn -0.9626 -0.1838 -0.1993
vn -0.9630 -0.1826 -0.1983
vn -0.9635 -0.1812 -0.1973
vn -0.9649 -0.1922 -0.1789
vn -0.9643 -0.1837 -0.1909
vn -0.9635 -0.1829 -0.1957
vn -0.9638 -0.1801 -0.1965
vn -0.9602 -0.1968 -0.1983
vn -0.9594 -0.1994 -0.1993
vn -0.9597 -0.1986 -0.1988
vn -0.9588 -0.2059 -0.1957
vn -0.9579 -0.2031 -0.2029
vn -0.9589 -0.2008 -0.2004
vn -0.9600 -0.1975 -0.1985
vn -0.9505 -0.2548 -0.1777
vn -0.9496 -0.2626 -0.1712
vn -0.9508 -0.2566 -0.1733
vn -0.9518 -0.2543 -0.1713
vn -0.9554 -0.2330 -0.1813
vn -0.9555 -0.2203 -0.1963
vn -0.9582 -0.2105 -0.1939
vn -0.9587 -0.1989 -0.2033
vn -0.9603 -0.1839 -0.2100
vn -0.9594 -0.1710 -0.2243
vn -0.9599 -0.1788 -0.2157
vn -0.9585 -0.1848 -0.2173
vn -0.9547 -0.1926 -0.2267
vn -0.9542 -0.1940 -0.2277
vn -0.9544 -0.1948 -0.2264
vn -0.9548 -0.1920 -0.2268
vn -0.9546 -0.1906 -0.2288
vn -0.9568 -0.1799 -0.2285
vn -0.9540 -0.1913 -0.2309
vn -0.9544 -0.1897 -0.2304
vn -0.9549 -0.1879 -0.2300
vn -0.9555 -0.1829 -0.2316
vn -0.9583 -0.1718 -0.2285
vn -0.9550 -0.1816 -0.2347
vn -0.9555 -0.1802 -0.2334
vn -0.9564 -0.1780 -0.2317
vn -0.9571 -0.1759 -0.2302
vn -0.9574 -0.1749 -0.2296
vn -0.9578 -0.1738 -0.2289
vn -0.9573 -0.1753 -0.2299
vn -0.9534 -0.2018 -0.2242
vn -0.9516 -0.2194 -0.2152
vn -0.9517 -0.2243 -0.2098
vn -0.9491 -0.2414 -0.2024
vn -0.9501 -0.2407 -0.1984
vn -0.9469 -0.2474 -0.2051
vn -0.9473 -0.2475 -0.2037
vn -0.9497 -0.2416 -0.1991
vn -0.9578 -0.1706 -0.2314
vn -0.9575 -0.1678 -0.2345
vn -0.9576 -0.1670 -0.2347
vn -0.9578 -0.1656 -0.2349
vn -0.9578 -0.1655 -0.2349
vn -0.9577 -0.1661 -0.2351
vn -0.9578 -0.1659 -0.2348
vn -0.9581 -0.1653 -0.2340
vn -0.9576 -0.1662 -0.2352
vn -0.9577 -0.1659 -0.2350
vn -0.9578 -0.1657 -0.2349
vn -0.9579 -0.1653 -0.2349
vn -0.9579 -0.1654 -0.2349
vn -0.9587 -0.1644 -0.2320
vn -0.9607 -0.1569 -0.2290
vn -0.9596 -0.1743 -0.2211
vn -0.9634 -0.1626 -0.2131
vn -0.9650 -0.1651 -0.2035
vn -0.9654 -0.1737 -0.1944
vn -0.9668 -0.1661 -0.1944
vn -0.9661 -0.1795 -0.1853
vn -0.9664 -0.1776 -0.1856
vn -0.9668 -0.1753 -0.1858
vn -0.9671 -0.1735 -0.1862
vn -0.9672 -0.1726 -0.1865
vn -0.9673 -0.1719 -0.1867
vn -0.9673 -0.1712 -0.1870
vn -0.9674 -0.1709 -0.1872
vn -0.9674 -0.1706 -0.1873
vn -0.9674 -0.1703 -0.1875
vn -0.9674 -0.1699 -0.1877
vn -0.9674 -0.1696 -0.1880
vn -0.9674 -0.1694 -0.1882
vn -0.9674 -0.1699 -0.1876
vn -0.9673 -0.1680 -0.1898
vn -0.9672 -0.1672 -0.1913
vn -0.9671 -0.1668 -0.1923
vn -0.9674 -0.1703 -0.1872
vn -0.9674 -0.1688 -0.1887
vn -0.9674 -0.1689 -0.1886
vn -0.9674 -0.1686 -0.1890
vn -0.9658 -0.1854 -0.1812
vn -0.9633 -0.2052 -0.1729
vn -0.9634 -0.2045 -0.1733
vn -0.9602 -0.2195 -0.1726
vn -0.9617 -0.2157 -0.1691
vn -0.9581 -0.2364 -0.1615
vn -0.9627 -0.2200 -0.1576
vn -0.9576 -0.2372 -0.1635
vn -0.9548 -0.2529 -0.1560
vn -0.9547 -0.2550 -0.1530
vn -0.9529 -0.2586 -0.1587
vn -0.9530 -0.2586 -0.1579
vn -0.9538 -0.2574 -0.1549
vn 0.9473 0.2474 0.2034
vn 0.9470 0.2474 0.2048
vn 0.9506 0.2381 0.1991
vn 0.9542 0.1940 0.2279
vn 0.9534 0.2019 0.2242
vn 0.9514 0.2222 0.2130
vn 0.9530 0.2586 0.1577
vn 0.9529 0.2586 0.1584
vn 0.9568 0.2490 0.1500
vn 0.9587 0.2018 0.2003
vn 0.9589 0.2078 0.1933
vn 0.9581 0.2108 0.1940
vn 0.9571 0.2240 0.1839
vn 0.9556 0.2324 0.1813
vn 0.9538 0.2412 0.1791
vn 0.9517 0.2554 0.1704
vn 0.9507 0.2570 0.1737
vn 0.9496 0.2625 0.1713
vn 0.9601 0.1971 0.1984
vn 0.9600 0.1976 0.1985
vn 0.9597 0.1930 0.2045
vn 0.9598 0.1981 0.1987
vn 0.9592 0.2000 0.1998
vn 0.9615 0.1862 0.2020
vn 0.9608 0.1876 0.2043
vn 0.9616 0.1794 0.2075
vn 0.9649 0.1929 0.1783
vn 0.9652 0.1753 0.1938
vn 0.9639 0.1800 0.1964
vn 0.9635 0.1812 0.1972
vn 0.9630 0.1826 0.1983
vn 0.9625 0.1838 0.1993
vn 0.9622 0.1847 0.2002
vn 0.9621 0.1849 0.2004
vn 0.9620 0.1852 0.2007
vn 0.9610 0.1886 0.2022
vn 0.9607 0.1937 0.1987
vn 0.9604 0.1955 0.1984
vn 0.9623 0.1917 0.1928
vn 0.9657 0.1858 0.1813
vn 0.9637 0.2033 0.1729
vn 0.9634 0.2044 0.1734
vn 0.9618 0.2120 0.1729
vn 0.9611 0.2177 0.1699
vn 0.9584 0.2338 0.1639
vn 0.9575 0.2399 0.1604
vn 0.9603 0.2251 0.1650
vn 0.9548 0.2484 0.1631
vn 0.9549 0.2530 0.1552
vn 0.9538 0.2573 0.1549
vn 0.9674 0.1690 0.1885
vn 0.9674 0.1691 0.1884
vn 0.9657 0.1723 0.1945
vn 0.9672 0.1673 0.1910
vn 0.9673 0.1681 0.1897
vn 0.9674 0.1685 0.1891
vn 0.9674 0.1687 0.1889
vn 0.9674 0.1688 0.1887
vn 0.9674 0.1707 0.1873
vn 0.9675 0.1695 0.1879
vn 0.9674 0.1694 0.1882
vn 0.9674 0.1697 0.1879
vn 0.9674 0.1699 0.1878
vn 0.9674 0.1703 0.1875
vn 0.9664 0.1778 0.1856
vn 0.9663 0.1783 0.1856
vn 0.9661 0.1795 0.1853
vn 0.9671 0.1734 0.1862
vn 0.9669 0.1750 0.1859
vn 0.9666 0.1768 0.1857
vn 0.9674 0.1698 0.1877
vn 0.9673 0.1716 0.1868
vn 0.9672 0.1723 0.1866
vn 0.9665 0.1668 0.1950
vn 0.9637 0.1613 0.2129
vn 0.9645 0.1748 0.1980
vn 0.9597 0.1732 0.2213
vn 0.9605 0.1572 0.2294
vn 0.9589 0.1642 0.2314
vn 0.9579 0.1653 0.2349
vn 0.9593 0.1724 0.2237
vn 0.9579 0.1654 0.2349
vn 0.9577 0.1660 0.2351
vn 0.9577 0.1661 0.2351
vn 0.9577 0.1658 0.2350
vn 0.9576 0.1664 0.2353
vn 0.9572 0.1676 0.2361
vn 0.9578 0.1654 0.2349
vn 0.9578 0.1655 0.2349
vn 0.9578 0.1657 0.2349
vn 0.9577 0.1659 0.2350
vn 0.9583 0.1650 0.2333
vn 0.9585 0.1647 0.2325
vn 0.9580 0.1654 0.2342
vn 0.9568 0.1687 0.2369
vn 0.9576 0.1662 0.2352
vn 0.9577 0.1660 0.2349
vn 0.9588 0.1644 0.2318
vn 0.9566 0.1836 0.2263
vn 0.9572 0.1734 0.2317
vn 0.9575 0.1683 0.2343
vn 0.9576 0.1675 0.2346
vn 0.9577 0.1666 0.2347
vn 0.9578 0.1657 0.2348
vn 0.9588 0.1706 0.2270
vn 0.9570 0.1828 0.2251
vn 0.9585 0.1848 0.2172
vn 0.9578 0.1737 0.2288
vn 0.9575 0.1749 0.2296
vn 0.9561 0.1788 0.2321
vn 0.9554 0.1809 0.2334
vn 0.9564 0.1780 0.2317
vn 0.9561 0.1806 0.2308
vn 0.9568 0.1797 0.2287
vn 0.9555 0.1852 0.2296
vn 0.9551 0.1870 0.2298
vn 0.9545 0.1892 0.2303
vn 0.9548 0.1899 0.2287
vn 0.9548 0.1923 0.2268
vn 0.9547 0.1930 0.2266
vn 0.9544 0.1948 0.2264
vn 0.9501 0.2278 0.2133
vn 0.9506 0.2354 0.2024
vn 0.9498 0.2416 0.1990
vn 0.9618 0.1797 0.2066
vn 0.9605 0.1756 0.2160
vn 0.9554 0.2200 0.1968
vn 0.9505 0.2547 0.1777
vn 0.9520 0.2460 0.1821
vn -0.0457 -0.9528 -0.3003
vn -0.2475 -0.9005 -0.3574
vn -0.0279 -0.9270 -0.3741
vn -0.0261 -0.9240 -0.3815
vn 0.0064 -0.8613 -0.5080
vn 0.0065 -0.8610 -0.5086
vn 0.0443 -0.7643 -0.6433
vn 0.0443 -0.7645 -0.6431
vn 0.0804 -0.6470 -0.7583
vn 0.0801 -0.6480 -0.7574
vn -0.4675 -0.7950 -0.3865
vn -0.0247 -0.9334 -0.3579
vn -0.0261 -0.9327 -0.3597
vn -0.0276 -0.9328 -0.3594
vn -0.0288 -0.9322 -0.3609
vn -0.0300 -0.9324 -0.3601
vn -0.0310 -0.9319 -0.3613
vn 0.1774 0.9611 -0.2119
vn 0.1765 0.9622 -0.2075
vn 0.1771 0.9614 -0.2107
vn 0.1753 0.9623 -0.2078
vn 0.1719 0.9631 -0.2071
vn 0.1693 0.9638 -0.2058
vn 0.1674 0.9644 -0.2048
vn 0.1650 0.9650 -0.2036
vn 0.1778 -0.0296 -0.9836
vn 0.1769 -0.0353 -0.9836
vn 0.1781 -0.0285 -0.9836
vn 0.1788 -0.0327 -0.9833
vn 0.1830 -0.0281 -0.9827
vn 0.1843 -0.0315 -0.9824
vn 0.1848 -0.0262 -0.9824
vn 0.1851 -0.0303 -0.9823
vn -0.2001 -0.9585 0.2028
vn -0.2046 -0.9579 0.2016
vn -0.2014 -0.9576 0.2062
vn -0.1815 -0.9633 0.1975
vn -0.1809 -0.9642 0.1937
vn -0.1820 -0.9630 0.1989
vn -0.1827 -0.9635 0.1957
vn -0.1872 -0.9618 0.1999
vn -0.1890 -0.9620 0.1972
vn -0.1916 -0.9602 0.2031
vn -0.1928 -0.9608 0.1992
vn -0.1955 -0.9592 0.2041
vn -0.1968 -0.9597 0.2009
vn -0.1988 -0.9579 0.2069
vn -0.1987 -0.9573 0.2100
vn -0.1314 0.6585 0.7410
vn -0.1322 0.6565 0.7426
vn -0.1574 0.5758 0.8023
vn -0.1500 0.6009 0.7851
vn -0.1653 0.5478 0.8201
vn -0.1687 0.5357 0.8274
vn -0.1671 0.5413 0.8240
vn -0.1700 0.5307 0.8303
vn -0.1681 0.5379 0.8261
vn -0.1782 0.4995 0.8478
vn -0.1785 0.4983 0.8484
vn -0.2016 0.4013 0.8935
vn -0.2014 0.4016 0.8934
vn -0.2284 0.2653 0.9367
vn -0.2250 0.2783 0.9338
vn -0.2479 0.1415 0.9584
vn -0.2385 0.1972 0.9509
vn -0.2494 0.1293 0.9597
vn -0.2582 0.0610 0.9642
vn -0.2575 0.0643 0.9641
vn -0.2612 0.0328 0.9647
vn -0.2601 0.0367 0.9649
vn -0.2600 0.0309 0.9651
vn -0.2594 0.0350 0.9651
vn -0.2586 0.0362 0.9653
vn -0.2578 0.0319 0.9657
vn -0.2575 0.0358 0.9656
vn -0.2562 0.0316 0.9661
vn -0.0087 0.9181 0.3963
vn -0.0469 0.8572 0.5128
vn -0.0134 0.9116 0.4109
vn -0.0155 0.9087 0.4171
vn -0.0387 0.8721 0.4878
vn -0.0402 0.8700 0.4915
vn -0.0864 0.7765 0.6242
vn -0.0876 0.7744 0.6266
vn -0.0715 0.8082 0.5846
vn -0.0822 0.7847 0.6144
vn 0.0136 0.9346 0.3554
vn 0.0129 0.9338 0.3577
vn 0.0135 0.9346 0.3554
vn 0.0123 0.9339 0.3572
vn 0.0120 0.9346 0.3555
vn 0.0101 0.9340 0.3571
vn 0.0097 0.9348 0.3552
vn 0.0085 0.9342 0.3565
vn 0.0091 0.9350 0.3545
vn 0.0032 0.9340 0.3573
vn -0.1387 -0.9689 0.2048
vn -0.1385 -0.9691 0.2041
vn -0.1389 -0.9687 0.2058
vn -0.1391 -0.9688 0.2052
vn -0.1408 -0.9679 0.2082
vn -0.1415 -0.9680 0.2073
vn -0.1428 -0.9674 0.2089
vn -0.1438 -0.9676 0.2077
vn -0.2714 0.0194 0.9623
vn -0.2705 0.0200 0.9625
vn -0.2699 0.0203 0.9627
vn -0.2689 0.0209 0.9629
vn 0.1243 0.9683 -0.2167
vn 0.1234 0.9685 -0.2163
vn 0.1224 0.9688 -0.2154
vn 0.1217 0.9690 -0.2149
vn 0.1212 0.9693 -0.2137
vn 0.1209 0.9695 -0.2134
vn 0.1203 0.9699 -0.2117
vn 0.1202 0.9701 -0.2106
vn 0.1205 0.9701 -0.2107
vn 0.1019 -0.5636 -0.8197
vn 0.1100 -0.5264 -0.8431
vn 0.1112 -0.5234 -0.8448
vn 0.1226 -0.4721 -0.8730
vn 0.1379 -0.3924 -0.9094
vn 0.1460 -0.3576 -0.9224
vn 0.1588 -0.2725 -0.9490
vn 0.1704 -0.2123 -0.9622
vn 0.1760 -0.1502 -0.9729
vn 0.1851 -0.0986 -0.9778
vn 0.1884 -0.0575 -0.9804
vn 0.1913 -0.0401 -0.9807
vn 0.1931 -0.0219 -0.9809
vn 0.1932 -0.0255 -0.9808
vn 0.1943 -0.0186 -0.9808
vn 0.1941 -0.0207 -0.9808
vn 0.1947 -0.0192 -0.9807
vn 0.1955 -0.0174 -0.9806
vn 0.1953 -0.0182 -0.9806
vn 0.1961 -0.0166 -0.9804
vn -0.9685 0.1608 -0.1902
vn -0.9673 0.1684 -0.1898
vn -0.9704 0.1479 -0.1909
vn -0.9615 0.1224 -0.2461
vn -0.9586 0.1235 -0.2564
vn -0.9610 0.1232 -0.2476
vn -0.9628 0.0703 -0.2608
vn -0.9653 0.0730 -0.2508
vn -0.9629 0.0667 -0.2616
vn -0.9641 0.0804 -0.2530
vn -0.9630 0.0587 -0.2629
vn -0.9664 0.0869 -0.2418
vn -0.9689 0.0765 -0.2353
vn -0.9692 0.0844 -0.2314
vn -0.9716 0.0981 -0.2156
vn -0.9723 0.0786 -0.2202
vn -0.9733 0.0853 -0.2130
vn -0.9705 0.1418 -0.1949
vn -0.9702 0.1054 -0.2181
vn -0.9679 0.1087 -0.2267
vn -0.9680 0.1030 -0.2288
vn -0.9649 0.1114 -0.2376
vn -0.9631 0.0845 -0.2557
vn -0.9568 0.1213 -0.2642
vn -0.9613 0.1155 -0.2499
vn -0.9613 0.1283 -0.2440
vn -0.9622 0.1118 -0.2484
vn -0.9626 0.1104 -0.2475
vn -0.9626 0.1103 -0.2474
vn -0.9625 0.1105 -0.2476
vn -0.9623 0.1112 -0.2482
vn -0.9619 0.1122 -0.2492
vn -0.9617 0.1128 -0.2498
vn -0.9617 0.1127 -0.2498
vn -0.9611 0.1143 -0.2516
vn -0.9610 0.1145 -0.2518
vn -0.9611 0.1142 -0.2515
vn -0.9607 0.1151 -0.2526
vn -0.9603 0.1159 -0.2538
vn -0.9603 0.1160 -0.2538
vn -0.9571 0.1215 -0.2629
vn -0.9612 0.1144 -0.2512
vn -0.9684 0.1449 -0.2032
vn -0.9671 0.1395 -0.2127
vn -0.9665 0.1311 -0.2207
vn -0.9633 0.1352 -0.2318
vn -0.9693 0.1470 -0.1971
vn -0.9701 0.1370 -0.2003
vn -0.9690 0.1290 -0.2106
vn -0.9702 0.1418 -0.1967
vn -0.9720 0.1405 -0.1885
vn -0.9649 0.1154 -0.2360
vn -0.9702 0.1053 -0.2182
vn -0.9741 0.1014 -0.2020
vn -0.9744 0.1027 -0.2002
vn -0.9746 0.1034 -0.1984
vn -0.9744 0.1032 -0.1996
vn -0.9745 0.1036 -0.1993
vn -0.9744 0.1034 -0.1995
vn -0.9745 0.1040 -0.1990
vn -0.9745 0.1039 -0.1991
vn -0.9738 0.1000 -0.2044
vn -0.9741 0.0996 -0.2031
vn -0.9727 0.0969 -0.2109
vn -0.9752 0.0817 -0.2059
vn -0.9752 0.0851 -0.2043
vn -0.9741 0.0971 -0.2040
vn -0.9735 0.0962 -0.2075
vn -0.9696 0.0915 -0.2270
vn -0.9650 -0.0540 -0.2568
vn 0.9649 -0.1115 0.2377
vn 0.9631 -0.0847 0.2556
vn 0.9679 -0.1087 0.2267
vn 0.9605 -0.1147 0.2534
vn 0.9614 -0.1154 0.2499
vn 0.9605 -0.1204 0.2509
vn 0.9624 -0.1255 0.2411
vn 0.9734 -0.0869 0.2121
vn 0.9747 -0.0906 0.2042
vn 0.9752 -0.0817 0.2059
vn 0.9736 -0.0999 0.2052
vn 0.9745 -0.1012 0.2003
vn 0.9746 -0.1047 0.1979
vn 0.9746 -0.1045 0.1981
vn 0.9745 -0.1039 0.1991
vn 0.9745 -0.1040 0.1989
vn 0.9753 -0.1014 0.1961
vn 0.9744 -0.0999 0.2014
vn 0.9727 -0.0969 0.2109
vn 0.9722 -0.0961 0.2137
vn 0.9696 -0.0915 0.2271
vn 0.9693 -0.0910 0.2286
vn 0.9746 -0.1041 0.1985
vn 0.9749 -0.1045 0.1965
vn 0.9745 -0.1040 0.1990
vn 0.9747 -0.1041 0.1980
vn 0.9752 -0.1041 0.1955
vn 0.9703 -0.1463 0.1928
vn 0.9720 -0.1405 0.1885
vn 0.9713 -0.1391 0.1929
vn 0.9696 -0.1363 0.2033
vn 0.9672 -0.1275 0.2198
vn 0.9662 -0.1381 0.2178
vn 0.9686 -0.1687 0.1823
vn 0.9698 -0.1626 0.1817
vn 0.9704 -0.1553 0.1849
vn 0.9693 -0.1496 0.1953
vn 0.9679 -0.1446 0.2056
vn 0.9652 -0.1404 0.2206
vn 0.9650 -0.1158 0.2354
vn 0.9654 -0.1289 0.2265
vn 0.9596 -0.1262 0.2513
vn 0.9586 -0.1235 0.2564
vn 0.9705 -0.1417 0.1950
vn 0.9702 -0.1053 0.2182
vn 0.9613 -0.1142 0.2508
vn 0.9601 -0.1164 0.2545
vn 0.9603 -0.1160 0.2539
vn 0.9607 -0.1152 0.2527
vn 0.9611 -0.1142 0.2515
vn 0.9626 -0.1103 0.2475
vn 0.9626 -0.1104 0.2475
vn 0.9622 -0.1118 0.2483
vn 0.9614 -0.1134 0.2505
vn 0.9616 -0.1129 0.2500
vn 0.9617 -0.1128 0.2499
vn 0.9619 -0.1121 0.2492
vn 0.9623 -0.1111 0.2481
vn 0.9715 -0.0978 0.2161
vn 0.9702 -0.1054 0.2181
vn 0.9680 -0.1030 0.2288
vn 0.9630 -0.0587 0.2629
vn 0.9701 -0.0727 0.2317
vn 0.9644 -0.0810 0.2518
vn 0.9684 -0.0879 0.2334
vn 0.9653 -0.0732 0.2507
vn 0.9628 -0.0703 0.2608
vn 0.9629 -0.0668 0.2616
vn 0.9710 -0.0834 0.2240
vn 0.9690 -0.0783 0.2343
vn -0.1143 -0.9716 0.2074
vn -0.1134 -0.9714 0.2087
vn -0.1129 -0.9711 0.2102
vn -0.1122 -0.9710 0.2112
vn -0.1118 -0.9707 0.2128
vn -0.1115 -0.9706 0.2134
vn -0.1117 -0.9704 0.2143
vn -0.1116 -0.9703 0.2146
vn -0.1119 -0.9700 0.2159
vn -0.1119 -0.9700 0.2158
vn -0.1122 -0.9696 0.2173
vn -0.1124 -0.9697 0.2169
vn -0.1130 -0.9693 0.2185
vn -0.1132 -0.9694 0.2179
vn -0.1134 -0.9691 0.2190
vn -0.1137 -0.9693 0.2182
vn -0.3014 0.0107 0.9534
vn -0.3015 0.0094 0.9534
vn -0.3014 0.0112 0.9534
vn -0.3017 0.0102 0.9534
vn -0.3019 0.0126 0.9533
vn -0.3023 0.0121 0.9531
vn -0.3023 0.0138 0.9531
vn -0.3026 0.0134 0.9530
vn 0.1984 -0.0129 -0.9800
vn 0.1984 -0.0123 -0.9800
vn 0.1981 -0.0134 -0.9801
vn 0.1981 -0.0130 -0.9801
vn 0.1977 -0.0142 -0.9802
vn 0.1979 -0.0136 -0.9801
vn 0.1974 -0.0148 -0.9802
vn 0.1989 -0.0040 -0.9800
vn 0.1987 -0.0099 -0.9800
vn 0.1986 -0.0118 -0.9800
vn 0.2012 0.0368 -0.9789
vn 0.1996 0.0025 -0.9799
vn 0.1989 -0.0077 -0.9800
vn 0.2069 0.1903 -0.9597
vn 0.2070 0.2329 -0.9502
vn 0.2051 0.1144 -0.9720
vn 0.2045 0.1238 -0.9710
vn 0.2015 0.0426 -0.9786
vn 0.2067 0.2363 -0.9495
vn 0.2058 0.2911 -0.9343
vn 0.2065 0.3393 -0.9177
vn 0.2043 0.3722 -0.9054
vn 0.2013 0.4490 -0.8706
vn 0.2039 0.4118 -0.8881
vn 0.1807 0.6720 -0.7182
vn 0.1897 0.5974 -0.7792
vn 0.1954 0.5465 -0.8143
vn 0.1988 0.5095 -0.8372
vn 0.2016 0.4526 -0.8687
vn 0.1866 0.6407 -0.7448
vn 0.1781 0.6993 -0.6923
vn 0.1739 0.7287 -0.6624
vn 0.1710 0.7416 -0.6486
vn 0.1670 0.7648 -0.6223
vn 0.1590 0.7983 -0.5809
vn 0.1625 0.7866 -0.5956
vn 0.1594 0.8004 -0.5778
vn 0.1533 0.8267 -0.5413
vn 0.1410 0.8661 -0.4796
vn 0.1389 0.8784 -0.4573
vn 0.1235 0.9155 -0.3828
vn 0.1185 0.9299 -0.3482
vn 0.1090 0.9449 -0.3087
vn 0.1018 0.9586 -0.2661
vn 0.0974 0.9634 -0.2499
vn 0.0942 0.9684 -0.2311
vn 0.0924 0.9705 -0.2226
vn 0.0930 0.9700 -0.2245
vn 0.0927 0.9709 -0.2208
vn 0.0926 0.9708 -0.2213
vn 0.0934 0.9712 -0.2193
vn 0.0942 0.9713 -0.2183
vn 0.0957 0.9715 -0.2169
vn 0.0956 0.9719 -0.2152
vn 0.0955 0.9722 -0.2139
vn 0.0970 0.9717 -0.2155
vn 0.0984 0.9722 -0.2126
vn 0.0994 0.9716 -0.2147
vn 0.0993 0.9719 -0.2134
vn 0.0994 0.9726 -0.2103
vn -0.9538 0.0341 -0.2985
vn -0.9539 0.0323 -0.2983
vn -0.9555 0.0386 -0.2923
vn -0.9762 0.0573 -0.2093
vn -0.9764 0.0588 -0.2076
vn -0.9761 0.0589 -0.2091
vn -0.9759 0.0560 -0.2109
vn -0.9759 0.0559 -0.2111
vn -0.9758 0.0558 -0.2113
vn -0.9758 0.0558 -0.2112
vn -0.9760 0.0563 -0.2106
vn -0.9768 0.0614 -0.2052
vn -0.9770 0.0653 -0.2032
vn -0.9770 0.0677 -0.2024
vn -0.9755 0.0575 -0.2122
vn -0.9755 0.0574 -0.2122
vn -0.9733 0.0502 -0.2239
vn -0.9754 0.0521 -0.2144
vn -0.9755 0.0556 -0.2129
vn -0.9755 0.0572 -0.2123
vn -0.9755 0.0577 -0.2122
vn -0.9755 0.0576 -0.2122
vn -0.9755 0.0572 -0.2122
vn -0.9757 0.0562 -0.2118
vn -0.9759 0.0560 -0.2108
vn -0.9727 0.0449 -0.2277
vn -0.9677 0.0459 -0.2480
vn -0.9677 0.0421 -0.2485
vn -0.9626 0.0409 -0.2677
vn -0.9605 0.0447 -0.2748
vn -0.9589 0.0398 -0.2809
vn -0.9561 0.0416 -0.2900
vn -0.9563 0.0438 -0.2890
vn -0.9594 0.0478 -0.2778
vn -0.9652 0.0490 -0.2568
vn -0.9744 0.0556 -0.2177
vn -0.9715 0.0526 -0.2311
vn -0.9687 0.0518 -0.2427
vn 0.9755 -0.0578 0.2122
vn 0.9733 -0.0502 0.2241
vn 0.9755 -0.0574 0.2122
vn 0.9757 -0.0562 0.2118
vn 0.9755 -0.0573 0.2122
vn 0.9755 -0.0576 0.2122
vn 0.9755 -0.0546 0.2133
vn 0.9753 -0.0519 0.2145
vn 0.9755 -0.0563 0.2126
vn 0.9755 -0.0579 0.2122
vn 0.9755 -0.0575 0.2123
vn 0.9761 -0.0588 0.2091
vn 0.9770 -0.0677 0.2024
vn 0.9770 -0.0653 0.2032
vn 0.9768 -0.0615 0.2052
vn 0.9765 -0.0588 0.2075
vn 0.9763 -0.0580 0.2084
vn 0.9762 -0.0574 0.2092
vn 0.9761 -0.0569 0.2097
vn 0.9759 -0.0562 0.2106
vn 0.9759 -0.0559 0.2111
vn 0.9759 -0.0560 0.2109
vn 0.9759 -0.0560 0.2110
vn 0.9759 -0.0560 0.2108
vn 0.9676 -0.0463 0.2480
vn 0.9690 -0.0512 0.2418
vn 0.9759 -0.0561 0.2108
vn 0.9745 -0.0555 0.2176
vn 0.9714 -0.0517 0.2316
vn 0.9561 -0.0416 0.2900
vn 0.9563 -0.0438 0.2891
vn 0.9599 -0.0471 0.2764
vn 0.9540 -0.0321 0.2982
vn 0.9538 -0.0339 0.2985
vn 0.9555 -0.0387 0.2923
vn 0.9606 -0.0457 0.2740
vn 0.9651 -0.0477 0.2576
vn 0.9726 -0.0450 0.2280
vn 0.9677 -0.0423 0.2484
vn 0.9626 -0.0410 0.2677
vn 0.9589 -0.0398 0.2809
vn 0.2528 -0.4041 -0.8791
vn 0.2433 -0.4989 -0.8318
vn 0.2443 -0.4872 -0.8384
vn 0.2531 -0.3944 -0.8834
vn 0.2596 -0.2814 -0.9238
vn 0.2620 -0.2299 -0.9373
vn 0.2621 -0.1795 -0.9482
vn 0.2617 -0.0785 -0.9620
vn 0.2623 -0.0859 -0.9612
vn 0.2596 -0.0100 -0.9657
vn 0.2603 -0.0176 -0.9654
vn 0.2595 0.0034 -0.9657
vn 0.2594 0.0054 -0.9657
vn 0.2594 0.0064 -0.9658
vn 0.2593 0.0079 -0.9658
vn 0.2597 -0.0024 -0.9657
vn 0.2592 0.0097 -0.9658
vn 0.2593 0.0092 -0.9658
vn 0.2592 0.0086 -0.9658
vn 0.2590 0.0082 -0.9658
vn 0.2591 0.0077 -0.9658
vn 0.2589 0.0071 -0.9659
vn 0.2589 0.0070 -0.9659
vn 0.2587 0.0065 -0.9659
vn 0.1847 -0.8022 -0.5677
vn 0.2294 -0.6020 -0.7648
vn 0.2300 -0.5989 -0.7671
vn 0.2049 -0.7279 -0.6544
vn 0.2041 -0.7309 -0.6512
vn 0.1277 -0.9338 -0.3343
vn 0.1098 -0.9584 -0.2636
vn 0.1436 -0.9056 -0.3991
vn 0.1688 -0.8483 -0.5018
vn 0.1697 -0.8462 -0.5050
vn -0.1604 -0.6519 0.7412
vn -0.1599 -0.6547 0.7388
vn -0.1254 -0.7746 0.6199
vn -0.1265 -0.7707 0.6245
vn -0.0941 -0.8570 0.5066
vn -0.0891 -0.8635 0.4964
vn -0.0736 -0.9022 0.4250
vn -0.0453 -0.9455 0.3224
vn -0.0210 -0.9718 0.2349
vn -0.0211 -0.9718 0.2351
vn -0.0247 -0.9679 0.2503
vn -0.0217 -0.9713 0.2367
vn -0.0557 -0.9271 0.3706
vn -0.0305 -0.9627 0.2688
vn -0.0218 -0.9710 0.2382
vn -0.0167 -0.9760 0.2171
vn -0.0220 -0.9713 0.2367
vn -0.0163 -0.9762 0.2162
vn -0.0211 -0.9717 0.2352
vn 0.0058 -0.9910 0.1335
vn 0.0058 -0.9910 0.1336
vn 0.0247 -0.9977 0.0628
vn 0.0471 -0.9987 -0.0213
vn 0.0708 -0.9912 -0.1122
vn 0.0715 -0.9909 -0.1141
vn -0.2409 -0.0067 0.9705
vn -0.2407 -0.0058 0.9706
vn -0.2409 -0.0061 0.9705
vn -0.1904 -0.5081 0.8400
vn -0.2030 -0.4272 0.8811
vn -0.2018 -0.4395 0.8753
vn -0.2024 -0.4358 0.8770
vn -0.2410 -0.0070 0.9705
vn -0.2410 -0.0080 0.9705
vn -0.2411 -0.0079 0.9705
vn -0.2407 -0.0186 0.9704
vn -0.2393 -0.0328 0.9704
vn -0.2385 -0.0842 0.9675
vn -0.2345 -0.1256 0.9640
vn -0.2280 -0.2303 0.9460
vn -0.2230 -0.2671 0.9375
vn -0.2122 -0.3651 0.9065
vn -0.2042 -0.4230 0.8828
vn -0.1902 -0.5100 0.8389
vn -0.1817 -0.5550 0.8118
vn -0.1740 -0.5927 0.7864
vn -0.0001 -0.9962 0.0874
vn 0.0655 -0.9813 -0.1812
vn 0.0001 -0.9963 0.0865
vn 0.0656 -0.9817 -0.1789
vn 0.1210 -0.8905 -0.4385
vn 0.1207 -0.8902 -0.4393
vn 0.1205 -0.8909 -0.4378
vn 0.1250 -0.8925 -0.4334
vn 0.1241 -0.8914 -0.4360
vn 0.1226 -0.8922 -0.4347
vn 0.1225 -0.8909 -0.4374
vn 0.1213 -0.8915 -0.4364
vn 0.1204 -0.8912 -0.4374
vn 0.1987 0.0114 -0.9800
vn 0.1985 0.0123 -0.9800
vn 0.1986 0.0113 -0.9800
vn 0.1992 0.0093 -0.9799
vn 0.1997 0.0079 -0.9798
vn 0.1995 0.0082 -0.9799
vn 0.1993 0.0096 -0.9799
vn 0.1986 0.0107 -0.9800
vn -0.1482 0.8699 0.4705
vn -0.1485 0.8701 0.4700
vn -0.1481 0.8710 0.4685
vn -0.1471 0.8691 0.4723
vn -0.1468 0.8687 0.4731
vn -0.1470 0.8685 0.4734
vn -0.1469 0.8689 0.4727
vn -0.1483 0.8705 0.4694
vn 0.2291 0.0103 -0.9733
vn 0.2290 0.0106 -0.9734
vn 0.2289 0.0130 -0.9734
vn 0.2289 0.0124 -0.9734
vn 0.2282 0.0241 -0.9733
vn 0.2284 0.0222 -0.9733
vn 0.2266 0.0539 -0.9725
vn 0.2269 0.0514 -0.9726
vn 0.2222 0.1166 -0.9680
vn 0.2231 0.1112 -0.9684
vn 0.2132 0.2203 -0.9519
vn 0.2139 0.2144 -0.9530
vn 0.2004 0.3320 -0.9217
vn 0.2000 0.3361 -0.9204
vn 0.1895 0.4091 -0.8926
vn 0.1900 0.4067 -0.8936
vn 0.1855 0.4350 -0.8811
vn 0.1858 0.4331 -0.8820
vn 0.1806 0.4643 -0.8671
vn 0.1810 0.4622 -0.8681
vn 0.1838 0.4454 -0.8763
vn 0.1011 0.7861 -0.6098
vn 0.0942 0.8074 -0.5824
vn 0.0989 0.7944 -0.5993
vn 0.1667 0.5390 -0.8257
vn 0.1705 0.5270 -0.8326
vn 0.1438 0.6370 -0.7573
vn 0.1530 0.6115 -0.7763
vn 0.1254 0.7068 -0.6962
vn 0.1266 0.7067 -0.6961
vn 0.1139 0.7483 -0.6535
vn 0.1045 0.7776 -0.6200
vn 0.0834 0.8342 -0.5451
vn 0.0854 0.8302 -0.5509
vn 0.0036 0.9704 -0.2414
vn 0.0029 0.9709 -0.2397
vn 0.0025 0.9708 -0.2401
vn 0.0016 0.9726 -0.2323
vn 0.0038 0.9715 -0.2369
vn -0.0082 0.9809 -0.1942
vn -0.0007 0.9754 -0.2206
vn -0.0098 0.9822 -0.1875
vn -0.0293 0.9928 -0.1161
vn -0.0946 0.9881 0.1211
vn -0.0938 0.9885 0.1185
vn -0.0665 0.9977 0.0162
vn -0.0615 0.9981 0.0007
vn -0.0416 0.9963 -0.0756
vn -0.0234 0.9900 -0.1390
vn 0.0697 0.8675 -0.4926
vn 0.0629 0.8790 -0.4726
vn 0.0468 0.9123 -0.4069
vn 0.0407 0.9203 -0.3892
vn 0.0244 0.9455 -0.3246
vn 0.0231 0.9469 -0.3207
vn 0.0095 0.9631 -0.2690
vn 0.0097 0.9629 -0.2696
vn 0.0034 0.9695 -0.2452
vn 0.0039 0.9690 -0.2468
vn 0.0022 0.9706 -0.2405
vn 0.0030 0.9699 -0.2434
vn 0.0021 0.9708 -0.2399
vn 0.0023 0.9706 -0.2408
vn 0.0021 0.9707 -0.2401
vn 0.0023 0.9708 -0.2399
vn 0.0021 0.9708 -0.2400
vn 0.0016 0.9713 -0.2380
vn 0.0030 0.9703 -0.2420
vn -0.1298 0.9582 0.2548
vn -0.1321 0.9555 0.2639
vn -0.1307 0.9571 0.2585
vn -0.1142 0.9741 0.1952
vn -0.1145 0.9739 0.1962
vn -0.1219 0.9668 0.2246
vn -0.1216 0.9672 0.2232
vn -0.1368 0.9488 0.2846
vn -0.2765 0.3017 0.9124
vn -0.2733 0.3526 0.8950
vn -0.2711 0.4051 0.8732
vn -0.2673 0.4443 0.8551
vn -0.2617 0.5138 0.8170
vn -0.2611 0.5118 0.8185
vn -0.2742 0.0405 0.9608
vn -0.2747 0.0334 0.9609
vn -0.2761 0.0893 0.9570
vn -0.2757 0.1089 0.9550
vn -0.2787 0.1806 0.9433
vn -0.2776 0.2046 0.9387
vn -0.2770 0.2772 0.9200
vn -0.2730 0.0004 0.9620
vn -0.2739 -0.0110 0.9617
vn -0.2754 -0.0013 0.9613
vn -0.2722 -0.0138 0.9621
vn -0.2721 -0.0145 0.9622
vn -0.2721 -0.0148 0.9622
vn -0.2722 -0.0140 0.9621
vn -0.2724 -0.0119 0.9621
vn -0.2722 -0.0119 0.9622
vn -0.2721 -0.0079 0.9622
vn -0.2717 -0.0082 0.9624
vn -0.2707 -0.0060 0.9627
vn -0.2700 -0.0063 0.9628
vn -0.2583 0.5368 0.8032
vn -0.2567 0.5516 0.7936
vn -0.2479 0.6106 0.7522
vn -0.2478 0.6102 0.7525
vn -0.2334 0.6923 0.6828
vn -0.2258 0.7243 0.6514
vn -0.2129 0.7746 0.5956
vn -0.1923 0.8389 0.5092
vn -0.2011 0.8162 0.5416
vn -0.1836 0.8635 0.4698
vn -0.1708 0.8938 0.4146
vn -0.1597 0.9128 0.3759
vn -0.1463 0.9368 0.3180
vn -0.0500 -0.9723 0.2284
vn -0.0512 -0.9721 0.2290
vn -0.0497 -0.9720 0.2296
vn -0.0484 -0.9722 0.2291
vn -0.0472 -0.9717 0.2314
vn -0.0458 -0.9719 0.2309
vn -0.0447 -0.9717 0.2319
vn -0.0432 -0.9719 0.2313
vn 0.1999 0.0019 -0.9798
vn 0.1996 0.0017 -0.9799
vn 0.1997 0.0017 -0.9798
vn 0.1995 0.0015 -0.9799
vn 0.0377 0.9720 -0.2321
vn 0.0382 0.9719 -0.2322
vn 0.0376 0.9723 -0.2307
vn 0.0343 0.9716 -0.2340
vn 0.0333 0.9717 -0.2338
vn 0.0341 0.9715 -0.2347
vn 0.0344 0.9714 -0.2348
vn 0.0357 0.9717 -0.2334
vn 0.0363 0.9719 -0.2325
vn 0.0367 0.9718 -0.2328
vn 0.0372 0.9721 -0.2317
vn 0.0377 0.9723 -0.2308
vn -0.9667 -0.0417 -0.2525
vn -0.9662 -0.0415 -0.2545
vn -0.9661 -0.0470 -0.2539
vn -0.9737 -0.0319 -0.2256
vn -0.9709 -0.0245 -0.2383
vn -0.9724 -0.0278 -0.2318
vn -0.9704 -0.0256 -0.2401
vn -0.9709 -0.0285 -0.2376
vn -0.9704 -0.0435 -0.2376
vn -0.9721 -0.0347 -0.2320
vn -0.9741 -0.0378 -0.2232
vn -0.9757 -0.0364 -0.2162
vn -0.9743 -0.0503 -0.2195
vn -0.9776 -0.0389 -0.2069
vn -0.9775 -0.0434 -0.2066
vn -0.9784 -0.0393 -0.2028
vn -0.9773 -0.0497 -0.2059
vn -0.9775 -0.0568 -0.2032
vn -0.9778 -0.0546 -0.2022
vn -0.9704 -0.0495 -0.2366
vn -0.9707 -0.0490 -0.2352
vn -0.9699 -0.0497 -0.2385
vn -0.9700 -0.0497 -0.2378
vn -0.9702 -0.0496 -0.2370
vn -0.9711 -0.0483 -0.2336
vn -0.9712 -0.0475 -0.2336
vn -0.9714 -0.0468 -0.2330
vn -0.9716 -0.0456 -0.2324
vn -0.9703 -0.0496 -0.2367
vn -0.9706 -0.0491 -0.2356
vn -0.9706 -0.0491 -0.2357
vn -0.9707 -0.0489 -0.2352
vn -0.9709 -0.0483 -0.2344
vn -0.9646 -0.0508 -0.2586
vn -0.9664 -0.0507 -0.2519
vn -0.9678 -0.0493 -0.2468
vn -0.9675 -0.0502 -0.2480
vn -0.9680 -0.0490 -0.2460
vn -0.9686 -0.0478 -0.2439
vn -0.9689 -0.0472 -0.2430
vn -0.9691 -0.0465 -0.2421
vn -0.9693 -0.0461 -0.2415
vn -0.9692 -0.0480 -0.2416
vn -0.9697 -0.0497 -0.2390
vn -0.9633 -0.0442 -0.2647
vn -0.9639 -0.0495 -0.2616
vn -0.9643 -0.0522 -0.2598
vn -0.9644 -0.0532 -0.2589
vn -0.9643 -0.0527 -0.2594
vn -0.9642 -0.0521 -0.2601
vn -0.9640 -0.0516 -0.2607
vn -0.9639 -0.0511 -0.2613
vn -0.9638 -0.0507 -0.2618
vn -0.9637 -0.0504 -0.2623
vn -0.9636 -0.0501 -0.2626
vn -0.9635 -0.0499 -0.2630
vn -0.9634 -0.0497 -0.2634
vn -0.9633 -0.0495 -0.2636
vn -0.9640 -0.0510 -0.2608
vn -0.9635 -0.0496 -0.2632
vn -0.9637 -0.0499 -0.2624
vn -0.9639 -0.0502 -0.2613
vn -0.9643 -0.0515 -0.2599
vn -0.9633 -0.0494 -0.2638
vn -0.9633 -0.0494 -0.2639
vn -0.9634 -0.0495 -0.2636
vn -0.9657 -0.0419 -0.2561
vn -0.9643 -0.0471 -0.2605
vn -0.9638 -0.0465 -0.2626
vn -0.9639 -0.0478 -0.2620
vn -0.9638 -0.0470 -0.2624
vn -0.9634 -0.0435 -0.2647
vn -0.9632 -0.0426 -0.2652
vn -0.9631 -0.0419 -0.2657
vn -0.9628 -0.0400 -0.2673
vn -0.9625 -0.0382 -0.2687
vn -0.9631 -0.0293 -0.2674
vn -0.9624 -0.0375 -0.2689
vn -0.9625 -0.0373 -0.2687
vn -0.9622 -0.0386 -0.2698
vn -0.9619 -0.0394 -0.2704
vn -0.9630 -0.0356 -0.2672
vn -0.9635 -0.0318 -0.2657
vn -0.9630 -0.0256 -0.2681
vn -0.9645 -0.0163 -0.2634
vn -0.9762 -0.0159 -0.2165
vn -0.9752 -0.0081 -0.2210
vn -0.9724 -0.0130 -0.2328
vn -0.9690 -0.0101 -0.2470
vn -0.9675 -0.0145 -0.2525
vn -0.9620 -0.0226 -0.2723
vn -0.9774 -0.0117 -0.2112
vn -0.9780 -0.0067 -0.2083
vn -0.9776 -0.0087 -0.2105
vn -0.9662 -0.0182 -0.2571
vn -0.9691 -0.0175 -0.2459
vn -0.9728 -0.0165 -0.2311
vn -0.9715 -0.0374 -0.2341
vn -0.9709 -0.0387 -0.2363
vn -0.9717 -0.0330 -0.2340
vn -0.9724 -0.0351 -0.2308
vn -0.9723 -0.0358 -0.2309
vn -0.9705 -0.0398 -0.2379
vn -0.9702 -0.0406 -0.2389
vn -0.9698 -0.0419 -0.2404
vn -0.9695 -0.0431 -0.2414
vn -0.9692 -0.0442 -0.2423
vn -0.9687 -0.0464 -0.2439
vn -0.9683 -0.0487 -0.2452
vn -0.9682 -0.0469 -0.2456
vn -0.9673 -0.0427 -0.2499
vn 0.9738 0.0325 0.2250
vn 0.9721 0.0289 0.2328
vn 0.9716 0.0249 0.2352
vn 0.9740 0.0377 0.2232
vn 0.9743 0.0501 0.2194
vn 0.9773 0.0497 0.2059
vn 0.9706 0.0248 0.2395
vn 0.9679 0.0505 0.2461
vn 0.9676 0.0522 0.2470
vn 0.9703 0.0440 0.2379
vn 0.9683 0.0484 0.2450
vn 0.9684 0.0482 0.2448
vn 0.9685 0.0477 0.2445
vn 0.9662 0.0416 0.2545
vn 0.9669 0.0419 0.2518
vn 0.9661 0.0471 0.2537
vn 0.9681 0.0466 0.2461
vn 0.9689 0.0455 0.2432
vn 0.9694 0.0433 0.2416
vn 0.9698 0.0419 0.2403
vn 0.9702 0.0406 0.2389
vn 0.9705 0.0397 0.2378
vn 0.9706 0.0394 0.2373
vn 0.9708 0.0388 0.2365
vn 0.9711 0.0383 0.2357
vn 0.9717 0.0369 0.2333
vn 0.9711 0.0381 0.2354
vn 0.9723 0.0355 0.2308
vn 0.9722 0.0345 0.2318
vn 0.9704 0.0248 0.2400
vn 0.9710 0.0285 0.2376
vn 0.9717 0.0330 0.2339
vn 0.9627 0.0396 0.2676
vn 0.9629 0.0407 0.2667
vn 0.9633 0.0442 0.2646
vn 0.9629 0.0359 0.2675
vn 0.9629 0.0302 0.2681
vn 0.9635 0.0318 0.2657
vn 0.9636 0.0278 0.2661
vn 0.9626 0.0369 0.2683
vn 0.9625 0.0376 0.2688
vn 0.9625 0.0384 0.2686
vn 0.9631 0.0418 0.2658
vn 0.9632 0.0426 0.2653
vn 0.9634 0.0438 0.2645
vn 0.9636 0.0455 0.2634
vn 0.9639 0.0478 0.2620
vn 0.9656 0.0421 0.2566
vn 0.9659 0.0417 0.2554
vn 0.9638 0.0201 0.2657
vn 0.9645 0.0160 0.2635
vn 0.9661 0.0174 0.2577
vn 0.9678 0.0137 0.2515
vn 0.9692 0.0175 0.2459
vn 0.9720 0.0107 0.2346
vn 0.9726 0.0175 0.2320
vn 0.9776 0.0119 0.2102
vn 0.9766 0.0123 0.2148
vn 0.9780 0.0066 0.2083
vn 0.9751 0.0085 0.2217
vn 0.9776 0.0087 0.2105
vn 0.9699 0.0137 0.2432
vn 0.9638 0.0469 0.2625
vn 0.9639 0.0495 0.2615
vn 0.9638 0.0510 0.2616
vn 0.9639 0.0460 0.2621
vn 0.9634 0.0512 0.2631
vn 0.9645 0.0505 0.2593
vn 0.9634 0.0521 0.2631
vn 0.9637 0.0486 0.2625
vn 0.9636 0.0490 0.2629
vn 0.9633 0.0509 0.2636
vn 0.9631 0.0517 0.2640
vn 0.9618 0.0556 0.2680
vn 0.9618 0.0554 0.2679
vn 0.9616 0.0581 0.2684
vn 0.9615 0.0569 0.2687
vn 0.9622 0.0573 0.2664
vn 0.9617 0.0585 0.2677
vn 0.9617 0.0585 0.2679
vn 0.9630 0.0521 0.2643
vn 0.9630 0.0525 0.2645
vn 0.6663 -0.6673 -0.3329
vn 0.9624 0.0564 0.2657
vn 0.9624 0.0565 0.2657
vn 0.9634 0.0524 0.2628
vn 0.9634 0.0525 0.2629
vn 0.9633 0.0527 0.2632
vn 0.9632 0.0532 0.2634
vn 0.9632 0.0535 0.2635
vn 0.9632 0.0537 0.2635
vn 0.9632 0.0535 0.2634
vn 0.9633 0.0530 0.2632
vn 0.9687 0.0476 0.2437
vn 0.9685 0.0480 0.2444
vn 0.9693 0.0460 0.2415
vn 0.9692 0.0464 0.2420
vn 0.9689 0.0471 0.2430
vn 0.9682 0.0487 0.2455
vn 0.9681 0.0488 0.2457
vn 0.9678 0.0492 0.2468
vn 0.9634 0.0527 0.2630
vn 0.9664 0.0507 0.2519
vn 0.9705 0.0493 0.2361
vn 0.9704 0.0493 0.2363
vn 0.9724 0.0366 0.2302
vn 0.9716 0.0456 0.2324
vn 0.9705 0.0492 0.2359
vn 0.9713 0.0468 0.2331
vn 0.9711 0.0476 0.2337
vn 0.9709 0.0484 0.2345
vn 0.9707 0.0489 0.2353
vn 0.9706 0.0491 0.2357
vn 0.9700 0.0497 0.2381
vn 0.9699 0.0497 0.2382
vn 0.9699 0.0497 0.2383
vn 0.9699 0.0497 0.2385
vn 0.9703 0.0495 0.2367
vn 0.9702 0.0496 0.2372
vn 0.9701 0.0496 0.2378
vn 0.9692 0.0480 0.2414
vn 0.9693 0.0459 0.2414
vn 0.9775 0.0434 0.2066
vn 0.9778 0.0545 0.2021
vn 0.9775 0.0567 0.2032
vn 0.9784 0.0393 0.2029
vn 0.9776 0.0389 0.2069
vn 0.9757 0.0364 0.2162
vn -0.0890 -0.9723 0.2162
vn -0.0897 -0.9716 0.2190
vn -0.0890 -0.9723 0.2163
vn -0.0893 -0.9716 0.2190
vn -0.0885 -0.9721 0.2174
vn -0.0883 -0.9716 0.2197
vn -0.0881 -0.9719 0.2181
vn -0.0878 -0.9715 0.2204
vn -0.2700 -0.0012 0.9629
vn -0.2694 -0.0007 0.9630
vn -0.2688 -0.0002 0.9632
vn -0.2685 0.0002 0.9633
vn -0.2687 0.0007 0.9632
vn -0.2689 0.0014 0.9632
vn -0.2695 0.0022 0.9630
vn -0.2701 0.0039 0.9628
vn -0.2708 0.0048 0.9626
vn -0.2711 0.0058 0.9625
vn -0.2717 0.0065 0.9623
vn 0.0573 0.9726 -0.2253
vn 0.0589 0.9722 -0.2264
vn 0.0584 0.9724 -0.2261
vn 0.0600 0.9720 -0.2272
vn 0.2548 0.0002 -0.9670
vn 0.2546 -0.0002 -0.9671
vn 0.2549 0.0001 -0.9670
vn 0.2552 0.0002 -0.9669
vn 0.2554 0.0000 -0.9668
vn 0.2554 0.0001 -0.9668
vn 0.0486 0.9716 -0.2315
vn 0.0500 0.9713 -0.2325
vn 0.0504 0.9715 -0.2315
vn 0.0517 0.9712 -0.2328
vn 0.0516 0.9717 -0.2305
vn 0.0529 0.9712 -0.2321
vn 0.0530 0.9718 -0.2297
vn 0.0547 0.9714 -0.2311
vn 0.0557 0.9719 -0.2287
vn 0.0574 0.9714 -0.2304
vn 0.0570 0.9722 -0.2272
vn 0.0588 0.9716 -0.2291
vn 0.0603 0.9721 -0.2266
vn 0.0612 0.9716 -0.2288
vn 0.0613 0.9718 -0.2276
vn 0.0616 0.9725 -0.2246
vn 0.1772 -0.0024 -0.9842
vn -0.0708 -0.9723 0.2228
vn -0.0696 -0.9719 0.2248
vn -0.0689 -0.9720 0.2246
vn -0.0680 -0.9716 0.2267
vn -0.0672 -0.9719 0.2255
vn -0.0667 -0.9715 0.2276
vn -0.0660 -0.9719 0.2261
vn -0.0660 -0.9714 0.2283
vn -0.0655 -0.9718 0.2265
vn -0.0652 -0.9714 0.2283
vn -0.0640 -0.9715 0.2280
vn -0.0635 -0.9712 0.2295
vn -0.0632 -0.9715 0.2286
vn -0.0628 -0.9712 0.2298
vn -0.0619 -0.9712 0.2299
vn -0.0618 -0.9710 0.2308
vn -0.0618 -0.9711 0.2307
vn -0.0613 -0.9713 0.2299
vn 0.2572 -0.0065 -0.9663
vn 0.2563 -0.0056 -0.9666
vn 0.2559 -0.0050 -0.9667
vn 0.2555 -0.0045 -0.9668
vn 0.2557 -0.0043 -0.9668
vn -0.9825 0.0121 -0.1861
vn -0.9805 0.0125 -0.1961
vn -0.9814 0.0113 -0.1917
vn -0.9785 0.0114 -0.2057
vn -0.9811 0.0145 -0.1931
vn -0.9793 0.0096 -0.2022
vn -0.9775 0.0083 -0.2109
vn -0.9766 0.0100 -0.2150
vn -0.9751 0.0053 -0.2218
vn -0.9830 0.0121 -0.1832
vn -0.9839 0.0131 -0.1782
vn -0.9689 0.0095 -0.2471
vn -0.9721 0.0123 -0.2344
vn -0.9738 0.0079 -0.2273
vn -0.9651 0.0006 -0.2618
vn -0.9648 -0.0022 -0.2628
vn -0.9649 -0.0022 -0.2627
vn -0.9650 -0.0017 -0.2621
vn -0.9651 0.0006 -0.2619
vn -0.9658 0.0070 -0.2593
vn -0.9657 0.0051 -0.2598
vn -0.9688 0.0045 -0.2476
vn -0.9657 0.0199 -0.2587
vn -0.9648 0.0192 -0.2621
vn -0.9676 0.0037 -0.2526
vn -0.9635 0.0200 -0.2668
vn -0.9750 0.0094 -0.2221
vn -0.9733 0.0072 -0.2293
vn -0.9712 0.0056 -0.2384
vn -0.9651 0.0174 -0.2613
vn -0.9625 0.0213 -0.2703
vn 0.9812 -0.0136 0.1923
vn 0.9805 -0.0121 0.1960
vn 0.9785 -0.0100 0.2060
vn 0.9829 -0.0118 0.1835
vn 0.9839 -0.0131 0.1784
vn 0.9825 -0.0122 0.1861
vn 0.9732 -0.0108 0.2295
vn 0.9751 -0.0055 0.2217
vn 0.9776 -0.0102 0.2103
vn 0.9655 -0.0073 0.2603
vn 0.9655 -0.0194 0.2595
vn 0.9660 -0.0110 0.2583
vn 0.9637 -0.0181 0.2664
vn 0.9634 -0.0175 0.2677
vn 0.9644 -0.0206 0.2637
vn 0.9604 -0.0161 0.2782
vn 0.9654 -0.0237 0.2596
vn 0.9647 0.0006 0.2632
vn 0.9651 0.0010 0.2620
vn 0.9662 -0.0073 0.2577
vn 0.9658 0.0016 0.2594
vn 0.9654 -0.0004 0.2608
vn 0.9694 -0.0065 0.2455
vn 0.9652 -0.0021 0.2616
vn 0.9682 -0.0069 0.2501
vn 0.9722 -0.0158 0.2334
vn 0.9714 -0.0073 0.2373
vn 0.9733 -0.0075 0.2292
vn 0.9752 -0.0083 0.2213
vn 0.9765 -0.0080 0.2152
vn 0.9791 -0.0111 0.2031
vn 0.9813 -0.0118 0.1922
vn -0.0031 -0.8800 0.4749
vn -0.0032 -0.8788 0.4772
vn 0.0078 -0.7990 0.6013
vn 0.0079 -0.8006 0.5992
vn 0.0258 -0.6282 0.7776
vn 0.0259 -0.6277 0.7780
vn -0.0158 -0.9359 0.3519
vn -0.0145 -0.9352 0.3539
vn -0.0147 -0.9358 0.3522
vn -0.0138 -0.9350 0.3543
vn -0.0134 -0.9360 0.3517
vn -0.0171 -0.9353 0.3535
vn -0.0186 -0.9357 0.3522
vn -0.0193 -0.9355 0.3529
vn -0.0207 -0.9359 0.3517
vn 0.0413 0.9701 0.2392
vn 0.0413 0.9700 0.2396
vn 0.0409 0.9699 0.2400
vn 0.0407 0.9700 0.2398
vn 0.0407 0.9699 0.2403
vn 0.0407 0.9699 0.2402
vn 0.0417 0.9702 0.2385
vn 0.0415 0.9702 0.2388
vn 0.0413 0.9701 0.2391
vn 0.0682 -0.0002 0.9977
vn 0.0699 -0.0014 0.9976
vn 0.0691 -0.0009 0.9976
vn 0.0709 -0.0020 0.9975
vn -0.0342 -0.9704 -0.2392
vn -0.0339 -0.9706 -0.2382
vn -0.0340 -0.9704 -0.2393
vn -0.0336 -0.9706 -0.2384
vn -0.0333 -0.9703 -0.2395
vn -0.0328 -0.9705 -0.2387
vn -0.0307 -0.9701 -0.2407
vn -0.0308 -0.9701 -0.2408
vn -0.0309 -0.9702 -0.2405
vn -0.0311 -0.9701 -0.2407
vn -0.0314 -0.9703 -0.2399
vn -0.0328 -0.9702 -0.2400
vn -0.0323 -0.9704 -0.2393
vn -0.0318 -0.9702 -0.2401
vn -0.0316 -0.9701 -0.2406
vn 0.0111 0.6115 -0.7912
vn 0.0111 0.6108 -0.7917
vn 0.0015 0.4082 -0.9129
vn 0.0016 0.4088 -0.9126
vn -0.0072 0.2015 -0.9795
vn -0.0072 0.2014 -0.9795
vn -0.0129 0.0555 -0.9984
vn -0.0130 0.0545 -0.9984
vn -0.0149 0.0042 -0.9999
vn -0.0150 0.0050 -0.9999
vn -0.0155 -0.0003 -0.9999
vn -0.0155 0.0004 -0.9999
vn -0.0157 0.0000 -0.9999
vn -0.0162 -0.0006 -0.9999
vn 0.0254 0.8746 -0.4841
vn 0.0261 0.8739 -0.4855
vn 0.0157 0.7027 -0.7113
vn 0.0158 0.7018 -0.7122
vn 0.0306 0.9413 -0.3362
vn 0.0262 0.8786 -0.4768
vn 0.0318 0.9472 -0.3190
vn 0.0284 0.9088 -0.4163
vn 0.0336 0.9663 -0.2550
vn 0.0387 0.9990 -0.0230
vn 0.0306 0.9356 -0.3518
vn 0.0366 0.9907 -0.1314
vn 0.0407 0.9946 0.0957
vn 0.0387 0.9990 -0.0226
vn 0.0251 0.9357 -0.3520
vn 0.0263 0.9353 -0.3529
vn 0.0274 0.9353 -0.3528
vn 0.0285 0.9349 -0.3537
vn -0.0543 -0.9689 -0.2415
vn -0.0547 -0.9689 -0.2412
vn -0.0540 -0.9690 -0.2412
vn -0.0529 -0.9693 -0.2400
vn -0.0531 -0.9693 -0.2402
vn -0.0532 -0.9692 -0.2404
vn -0.0535 -0.9691 -0.2407
vn -0.0540 -0.9689 -0.2415
vn -0.0129 0.0007 -0.9999
vn -0.0129 -0.0005 -0.9999
vn -0.0127 -0.0006 -0.9999
vn -0.0129 0.0005 -0.9999
vn -0.0124 0.0004 -0.9999
vn -0.0115 -0.0008 -0.9999
vn -0.0107 -0.0006 -0.9999
vn -0.0093 -0.0021 -1.0000
vn 0.0656 0.9686 0.2397
vn 0.0665 0.9688 0.2387
vn 0.0671 0.9685 0.2397
vn 0.0679 0.9688 0.2384
vn 0.0684 0.9682 0.2409
vn 0.0692 0.9685 0.2392
vn 0.0696 0.9678 0.2418
vn 0.0709 0.9681 0.2401
vn 0.0726 0.9675 0.2423
vn 0.0737 0.9680 0.2397
vn 0.0738 0.9670 0.2438
vn 0.0753 0.9676 0.2409
vn 0.0772 0.9673 0.2418
vn 0.0799 0.9676 0.2395
vn 0.0798 0.9676 0.2397
vn 0.0638 -0.0009 0.9980
vn 0.0632 -0.0022 0.9980
vn 0.0632 -0.0014 0.9980
vn 0.0626 -0.0026 0.9980
vn 0.0624 -0.0031 0.9980
vn 0.0639 -0.0038 0.9980
vn 0.0648 -0.0013 0.9979
vn 0.0628 -0.0226 0.9978
vn 0.0637 -0.0183 0.9978
vn 0.0617 -0.0530 0.9967
vn 0.0597 -0.0896 0.9942
vn 0.0608 -0.0957 0.9936
vn 0.0577 -0.1664 0.9844
vn 0.0558 -0.1855 0.9811
vn 0.0533 -0.2501 0.9667
vn 0.0516 -0.2676 0.9621
vn 0.0481 -0.3379 0.9400
vn 0.0457 -0.3602 0.9318
vn 0.0392 -0.4692 0.8822
vn 0.0376 -0.4800 0.8765
vn 0.9984 -0.0528 -0.0189
vn 0.9983 -0.0546 -0.0189
vn 0.9983 -0.0525 -0.0271
vn 0.9992 -0.0365 -0.0181
vn 0.9992 -0.0364 -0.0181
vn 0.9992 -0.0363 -0.0183
vn 0.9990 -0.0406 -0.0158
vn 0.9993 -0.0315 -0.0208
vn 0.9992 -0.0345 -0.0195
vn 0.9990 -0.0371 -0.0252
vn 0.9992 -0.0355 -0.0193
vn 0.9992 -0.0360 -0.0187
vn 0.9987 -0.0271 -0.0421
vn 0.9987 -0.0265 -0.0425
vn 0.9990 -0.0281 -0.0357
vn 0.9989 -0.0338 -0.0312
vn 0.9992 -0.0291 -0.0278
vn 0.9993 -0.0297 -0.0221
vn 0.9984 -0.0248 -0.0514
vn 0.9983 -0.0249 -0.0529
vn 0.9980 -0.0233 -0.0596
vn 0.9992 -0.0354 -0.0192
vn 0.9990 -0.0381 -0.0224
vn 0.9987 -0.0384 -0.0321
vn 0.9984 -0.0391 -0.0405
vn 0.9981 -0.0428 -0.0453
vn 0.9978 -0.0408 -0.0520
vn 0.9980 -0.0519 -0.0365
vn 0.9977 -0.0505 -0.0440
vn 0.9968 -0.0615 -0.0504
vn 0.9981 -0.0523 -0.0328
vn 0.9983 -0.0529 -0.0234
vn 0.9984 -0.0532 -0.0189
vn 0.9979 -0.0233 -0.0610
vn 0.9975 -0.0221 -0.0670
vn 0.9977 -0.0225 -0.0644
vn 0.9973 -0.0217 -0.0701
vn 0.9973 -0.0461 -0.0578
vn 0.9974 -0.0431 -0.0571
vn 0.9976 -0.0414 -0.0561
vn 0.9976 -0.0410 -0.0558
vn 0.9976 -0.0412 -0.0560
vn 0.9976 -0.0414 -0.0563
vn 0.9975 -0.0418 -0.0566
vn 0.9975 -0.0423 -0.0573
vn 0.9974 -0.0429 -0.0580
vn 0.9973 -0.0434 -0.0588
vn 0.9974 -0.0430 -0.0579
vn 0.9976 -0.0668 -0.0195
vn 0.9978 -0.0612 -0.0234
vn 0.9976 -0.0679 -0.0143
vn 0.9980 -0.0613 -0.0168
vn 0.9975 -0.0700 -0.0105
vn 0.9976 -0.0575 -0.0389
vn 0.9975 -0.0503 -0.0498
vn 0.9972 -0.0505 -0.0543
vn 0.9972 -0.0500 -0.0551
vn 0.9975 -0.0652 -0.0258
vn 0.9980 -0.0537 -0.0321
vn 0.9974 -0.0577 -0.0429
vn -0.9993 0.0309 0.0214
vn -0.9993 0.0298 0.0224
vn -0.9992 0.0288 0.0285
vn -0.9990 0.0372 0.0252
vn -0.9992 0.0355 0.0194
vn -0.9992 0.0343 0.0196
vn -0.9992 0.0360 0.0194
vn -0.9992 0.0353 0.0191
vn -0.9992 0.0356 0.0192
vn -0.9992 0.0359 0.0194
vn -0.9989 0.0340 0.0315
vn -0.9991 0.0372 0.0216
vn -0.9992 0.0353 0.0192
vn -0.9992 0.0350 0.0190
vn -0.9991 0.0404 0.0160
vn -0.9984 0.0404 0.0389
vn -0.9980 0.0450 0.0445
vn -0.9987 0.0377 0.0332
vn -0.9978 0.0408 0.0514
vn -0.9975 0.0483 0.0510
vn -0.9981 0.0504 0.0346
vn -0.9980 0.0500 0.0384
vn -0.9982 0.0542 0.0246
vn -0.9984 0.0511 0.0232
vn -0.9983 0.0547 0.0182
vn -0.9984 0.0527 0.0182
vn -0.9979 0.0240 0.0603
vn -0.9982 0.0246 0.0545
vn -0.9984 0.0248 0.0514
vn -0.9988 0.0270 0.0420
vn -0.9988 0.0267 0.0405
vn -0.9973 0.0217 0.0701
vn -0.9978 0.0229 0.0617
vn -0.9975 0.0226 0.0667
vn -0.9974 0.0432 0.0572
vn -0.9972 0.0468 0.0578
vn -0.9976 0.0422 0.0547
vn -0.9974 0.0430 0.0580
vn -0.9973 0.0436 0.0592
vn -0.9973 0.0434 0.0588
vn -0.9974 0.0429 0.0580
vn -0.9975 0.0424 0.0574
vn -0.9975 0.0419 0.0567
vn -0.9975 0.0415 0.0564
vn -0.9976 0.0413 0.0561
vn -0.9976 0.0411 0.0559
vn -0.9976 0.0415 0.0562
vn -0.9979 0.0625 0.0171
vn -0.9978 0.0620 0.0227
vn -0.9975 0.0693 0.0150
vn -0.9976 0.0672 0.0175
vn -0.9974 0.0529 0.0485
vn -0.9974 0.0580 0.0429
vn -0.9976 0.0568 0.0394
vn -0.9981 0.0533 0.0321
vn -0.9975 0.0652 0.0258
vn -0.9971 0.0509 0.0566
vn 0.1026 0.9653 0.2402
vn 0.1038 0.9655 0.2389
vn 0.1039 0.9650 0.2407
vn 0.1054 0.9655 0.2381
vn 0.1054 0.9646 0.2419
vn 0.1070 0.9651 0.2391
vn 0.1084 0.9641 0.2422
vn 0.1102 0.9645 0.2401
vn 0.1118 0.9634 0.2435
vn 0.1130 0.9640 0.2406
vn 0.1141 0.9628 0.2450
vn 0.1147 0.9637 0.2409
vn 0.1153 0.9622 0.2466
vn 0.1158 0.9585 0.2604
vn 0.1147 0.9547 0.2746
vn 0.1133 0.9367 0.3314
vn 0.1151 0.9430 0.3123
vn 0.1115 0.9096 0.4003
vn 0.1125 0.9147 0.3882
vn 0.1076 0.8661 0.4882
vn 0.1059 0.8546 0.5083
vn 0.1022 0.8179 0.5662
vn 0.0953 0.7560 0.6476
vn 0.0977 0.7698 0.6308
vn 0.0905 0.6930 0.7152
vn 0.0844 0.6513 0.7541
vn 0.0777 0.5748 0.8146
vn 0.0749 0.5540 0.8292
vn 0.0607 0.4275 0.9020
vn 0.0653 0.4706 0.8799
vn 0.0519 0.3680 0.9284
vn 0.0458 0.3085 0.9501
vn 0.0388 0.2566 0.9657
vn 0.0346 0.2142 0.9762
vn 0.0278 0.1647 0.9859
vn 0.0204 0.0985 0.9949
vn 0.0166 0.0763 0.9969
vn 0.0089 0.0183 0.9998
vn 0.0088 0.0148 0.9999
vn 0.0056 0.0005 1.0000
vn 0.0050 0.0028 1.0000
vn 0.0024 -0.0229 0.9997
vn 0.0036 -0.0027 1.0000
vn -0.0114 -0.1068 0.9942
vn -0.0366 -0.2455 0.9687
vn -0.0078 -0.0581 0.9983
vn -0.0697 -0.4531 0.8887
vn -0.0852 -0.5537 0.8283
vn -0.0469 -0.3225 0.9454
vn -0.0327 -0.2225 0.9744
vn -0.0973 -0.6059 0.7896
vn -0.1183 -0.7287 0.6746
vn -0.1304 -0.8140 0.5660
vn -0.1369 -0.8344 0.5339
vn -0.1511 -0.9141 0.3762
vn -0.1570 -0.9588 0.2369
vn -0.1612 -0.9737 0.1612
vn -0.1632 -0.9858 -0.0389
vn -0.1631 -0.9841 -0.0703
vn -0.1627 -0.9734 -0.1610
vn -0.1601 -0.9612 -0.2247
vn -0.1605 -0.9611 -0.2248
vn -0.1596 -0.9572 -0.2414
vn -0.1595 -0.9550 -0.2500
vn -0.1479 -0.9590 -0.2416
vn -0.1531 -0.9572 -0.2458
vn -0.1533 -0.9579 -0.2429
vn -0.1565 -0.9563 -0.2471
vn -0.1584 -0.9574 -0.2415
vn -0.1589 -0.9553 -0.2493
vn -0.1594 -0.9550 -0.2500
vn -0.1420 -0.9611 -0.2369
vn -0.1432 -0.9605 -0.2385
vn -0.1431 -0.9607 -0.2380
vn -0.1446 -0.9600 -0.2399
vn -0.1457 -0.9599 -0.2394
vn -0.1467 -0.9598 -0.2394
vn 0.0606 -0.0018 0.9982
vn 0.0597 -0.0026 0.9982
vn 0.0591 -0.0027 0.9982
vn 0.0586 -0.0031 0.9983
vn 0.0584 -0.0026 0.9983
vn 0.1975 0.9502 0.2410
vn 0.1995 0.9505 0.2383
vn 0.2001 0.9495 0.2417
vn 0.2020 0.9500 0.2380
vn 0.2025 0.9481 0.2450
vn 0.2047 0.9490 0.2396
vn 0.2055 0.9470 0.2469
vn 0.2083 0.9480 0.2408
vn 0.2092 0.9455 0.2496
vn 0.2134 0.9462 0.2433
vn 0.2177 0.9430 0.2515
vn 0.2229 0.9437 0.2445
vn 0.2243 0.9394 0.2592
vn 0.2282 0.9445 0.2363
vn 0.2263 0.9377 0.2637
vn 0.2255 0.9348 0.2744
vn 0.2282 0.9397 0.2546
vn 0.2292 0.9516 0.2047
vn 0.2316 0.9450 0.2309
vn 0.2342 0.9625 0.1373
vn 0.2341 0.9541 0.1871
vn 0.2362 0.9641 0.1212
vn 0.2390 0.9701 0.0434
vn 0.2383 0.9711 0.0124
vn 0.2392 0.9702 -0.0389
vn 0.2379 0.9652 -0.1085
vn 0.2383 0.9622 -0.1317
vn 0.2358 0.9531 -0.1896
vn 0.2328 0.9357 -0.2652
vn 0.2316 0.9367 -0.2628
vn 0.2232 0.9062 -0.3592
vn 0.2199 0.8869 -0.4063
vn 0.2070 0.8456 -0.4920
vn 0.2046 0.8347 -0.5113
vn 0.1851 0.7508 -0.6341
vn 0.1948 0.7983 -0.5699
vn 0.1842 0.7525 -0.6323
vn 0.1646 0.6662 -0.7274
vn 0.1616 0.6584 -0.7351
vn 0.1451 0.5958 -0.7899
vn 0.1313 0.5414 -0.8304
vn 0.1213 0.4950 -0.8604
vn 0.0924 0.3737 -0.9229
vn 0.1094 0.4548 -0.8839
vn 0.0901 0.3728 -0.9235
vn 0.0578 0.2341 -0.9705
vn 0.0701 0.2887 -0.9549
vn 0.0510 0.2067 -0.9771
vn 0.0275 0.1065 -0.9939
vn 0.0345 0.1355 -0.9902
vn 0.0198 0.0634 -0.9978
vn 0.0103 0.0295 -0.9995
vn 0.0074 0.0116 -0.9999
vn 0.0042 -0.0003 -1.0000
vn 0.0033 -0.0049 -1.0000
vn -0.0032 -0.0010 -1.0000
vn -0.0028 -0.0020 -1.0000
vn -0.0024 -0.0012 -1.0000
vn -0.0022 -0.0024 -1.0000
vn -0.0019 -0.0010 -1.0000
vn -0.0015 -0.0025 -1.0000
vn -0.0005 -0.0013 -1.0000
vn -0.0001 -0.0035 -1.0000
vn 0.0007 -0.0012 -1.0000
vn 0.0009 -0.0037 -1.0000
vn 0.0020 -0.0019 -1.0000
vn 0.0026 -0.0039 -1.0000
vn 0.0033 -0.0046 -1.0000
vn -0.0042 -0.0076 -1.0000
vn -0.0039 -0.0043 -1.0000
vn -0.0041 -0.0077 -1.0000
vn -0.0036 -0.0029 -1.0000
vn -0.0046 -0.0107 -0.9999
vn -0.0072 -0.0279 -0.9996
vn -0.0076 -0.0415 -0.9991
vn -0.0127 -0.0762 -0.9970
vn -0.0162 -0.1131 -0.9935
vn -0.0185 -0.1407 -0.9899
vn -0.0260 -0.2152 -0.9762
vn -0.0260 -0.2011 -0.9792
vn -0.0337 -0.2852 -0.9579
vn -0.0334 -0.2765 -0.9604
vn -0.0420 -0.3611 -0.9316
vn -0.0384 -0.3266 -0.9444
vn -0.0435 -0.3865 -0.9212
vn -0.0525 -0.4639 -0.8844
vn -0.0524 -0.4844 -0.8733
vn -0.0613 -0.5602 -0.8261
vn -0.0617 -0.5833 -0.8099
vn -0.0667 -0.6248 -0.7779
vn -0.0687 -0.6638 -0.7448
vn -0.0707 -0.6782 -0.7315
vn -0.0753 -0.7453 -0.6625
vn -0.0747 -0.7284 -0.6811
vn -0.0776 -0.7716 -0.6313
vn -0.0814 -0.8198 -0.5668
vn -0.0819 -0.8155 -0.5729
vn -0.0847 -0.8637 -0.4969
vn -0.0849 -0.8673 -0.4905
vn -0.0855 -0.8878 -0.4522
vn -0.0862 -0.9155 -0.3930
vn -0.0876 -0.9153 -0.3932
vn -0.0889 -0.9441 -0.3175
vn -0.0879 -0.9476 -0.3071
vn -0.0888 -0.9593 -0.2681
vn -0.0884 -0.9607 -0.2631
vn -0.0884 -0.9647 -0.2481
vn -0.0871 -0.9653 -0.2462
vn -0.0846 -0.9665 -0.2422
vn -0.0835 -0.9674 -0.2392
vn -0.0825 -0.9673 -0.2397
vn -0.0812 -0.9670 -0.2415
vn -0.0796 -0.9676 -0.2396
vn -0.0760 -0.9684 -0.2375
vn -0.0768 -0.9680 -0.2389
vn -0.0767 -0.9682 -0.2381
vn -0.0775 -0.9678 -0.2394
vn -0.0774 -0.9680 -0.2386
vn -0.0785 -0.9676 -0.2399
vn -0.0796 -0.9671 -0.2415
vn 0.0564 -0.0059 0.9984
vn 0.0568 -0.0053 0.9984
vn 0.0569 -0.0062 0.9984
vn 0.0573 -0.0060 0.9983
vn 0.0577 -0.0074 0.9983
vn 0.0579 -0.0071 0.9983
vn 0.0584 -0.0085 0.9983
vn 0.9948 -0.0949 -0.0366
vn 0.9953 -0.0861 -0.0440
vn 0.9953 -0.0924 -0.0289
vn 0.9942 -0.1075 -0.0082
vn 0.9943 -0.1064 -0.0087
vn 0.9950 -0.0988 -0.0162
vn 0.9823 -0.1856 -0.0265
vn 0.9826 -0.1802 -0.0442
vn 0.9805 -0.1936 -0.0352
vn 0.9814 -0.1903 -0.0251
vn 0.9804 -0.1965 -0.0157
vn 0.9781 -0.2077 -0.0151
vn 0.9768 -0.2142 -0.0045
vn 0.9793 -0.2025 -0.0028
vn 0.9760 -0.2176 0.0046
vn 0.9771 -0.2127 0.0011
vn 0.9761 -0.2173 0.0002
vn 0.9755 -0.2198 -0.0005
vn 0.9752 -0.2214 -0.0010
vn 0.9749 -0.2228 -0.0015
vn 0.9746 -0.2239 -0.0020
vn 0.9744 -0.2247 -0.0024
vn 0.9743 -0.2252 -0.0027
vn 0.9743 -0.2253 -0.0027
vn 0.9743 -0.2251 -0.0026
vn 0.9744 -0.2246 -0.0022
vn 0.9746 -0.2238 -0.0016
vn 0.9749 -0.2224 -0.0003
vn 0.9753 -0.2208 0.0014
vn 0.9756 -0.2196 0.0029
vn 0.9758 -0.2186 0.0042
vn 0.9760 -0.2176 0.0057
vn 0.9761 -0.2172 0.0064
vn 0.9839 -0.1787 -0.0062
vn 0.9833 -0.1819 -0.0014
vn 0.9799 -0.1996 0.0003
vn 0.9857 -0.1683 -0.0080
vn 0.9857 -0.1683 -0.0069
vn 0.9857 -0.1685 -0.0060
vn 0.9856 -0.1690 -0.0048
vn 0.9852 -0.1715 -0.0018
vn 0.9850 -0.1728 -0.0010
vn 0.9854 -0.1704 0.0001
vn 0.9857 -0.1686 0.0010
vn 0.9860 -0.1668 0.0020
vn 0.9863 -0.1650 0.0030
vn 0.9864 -0.1642 0.0008
vn 0.9862 -0.1658 -0.0012
vn 0.9870 -0.1608 -0.0011
vn 0.9873 -0.1590 -0.0013
vn 0.9882 -0.1530 -0.0008
vn 0.9880 -0.1546 -0.0019
vn 0.9894 -0.1452 -0.0026
vn 0.9905 -0.1374 -0.0037
vn 0.9914 -0.1310 -0.0049
vn 0.9918 -0.1277 -0.0040
vn 0.9922 -0.1246 -0.0032
vn 0.9932 -0.1163 -0.0063
vn 0.9923 -0.1237 -0.0024
vn 0.9925 -0.1225 -0.0032
vn 0.9926 -0.1212 -0.0040
vn 0.9929 -0.1188 -0.0041
vn 0.9939 -0.1100 -0.0098
vn 0.9930 -0.1178 -0.0034
vn 0.9932 -0.1161 -0.0042
vn 0.9941 -0.1076 -0.0113
vn 0.9936 -0.1132 -0.0048
vn 0.9943 -0.1061 -0.0126
vn 0.9938 -0.1109 -0.0054
vn 0.9944 -0.1048 -0.0134
vn 0.9944 -0.1053 -0.0136
vn 0.9940 -0.1095 -0.0068
vn 0.9945 -0.1042 -0.0112
vn 0.9945 -0.1043 -0.0137
vn 0.9956 -0.0920 -0.0159
vn 0.9956 -0.0926 -0.0149
vn 0.9955 -0.0936 -0.0137
vn 0.9954 -0.0947 -0.0127
vn 0.9953 -0.0957 -0.0120
vn 0.9952 -0.0970 -0.0113
vn 0.9951 -0.0985 -0.0108
vn 0.9950 -0.0998 -0.0104
vn 0.9948 -0.1013 -0.0102
vn 0.9958 -0.0891 -0.0232
vn 0.9957 -0.0911 -0.0184
vn 0.9954 -0.0781 -0.0561
vn 0.9956 -0.0792 -0.0495
vn 0.9959 -0.0813 -0.0402
vn 0.9959 -0.0846 -0.0313
vn 0.9952 -0.0769 -0.0600
vn 0.9953 -0.0808 -0.0536
vn 0.9947 -0.0905 -0.0480
vn 0.9943 -0.1063 -0.0114
vn 0.9945 -0.1033 -0.0169
vn 0.9948 -0.0996 -0.0230
vn 0.9871 -0.1574 -0.0297
vn 0.9881 -0.1483 -0.0405
vn 0.9887 -0.1453 -0.0359
vn 0.9877 -0.1482 -0.0491
vn 0.9880 -0.1451 -0.0536
vn 0.9858 -0.1606 -0.0493
vn 0.9847 -0.1700 -0.0385
vn 0.9848 -0.1728 -0.0201
vn 0.9865 -0.1630 -0.0170
vn 0.9853 -0.1703 -0.0130
vn 0.9838 -0.1730 -0.0459
vn -0.9940 0.1086 0.0119
vn -0.9930 0.1178 0.0055
vn -0.9935 0.1140 0.0068
vn -0.9937 0.1116 0.0074
vn -0.9939 0.1097 0.0079
vn -0.9940 0.1094 0.0080
vn -0.9942 0.1075 0.0094
vn -0.9951 0.0975 0.0166
vn -0.9942 0.1071 0.0108
vn -0.9943 0.1058 0.0104
vn -0.9945 0.1047 0.0102
vn -0.9945 0.1038 0.0101
vn -0.9946 0.1029 0.0101
vn -0.9940 0.1084 0.0159
vn -0.9934 0.1137 0.0122
vn -0.9935 0.1138 0.0102
vn -0.9935 0.1138 0.0063
vn -0.9933 0.1151 0.0062
vn -0.9935 0.1133 0.0088
vn -0.9937 0.1122 0.0070
vn -0.9937 0.1118 0.0066
vn -0.9931 0.1167 0.0059
vn -0.9929 0.1186 0.0055
vn -0.9927 0.1206 0.0049
vn -0.9925 0.1219 0.0044
vn -0.9924 0.1231 0.0038
vn -0.9916 0.1291 0.0042
vn -0.9911 0.1328 0.0038
vn -0.9898 0.1425 -0.0027
vn -0.9880 0.1545 0.0020
vn -0.9922 0.1247 0.0037
vn -0.9897 0.1426 0.0090
vn -0.9870 0.1610 -0.0002
vn -0.9851 0.1717 0.0004
vn -0.9873 0.1587 0.0007
vn -0.9881 0.1541 0.0015
vn -0.9852 0.1715 0.0013
vn -0.9837 0.1796 0.0066
vn -0.9854 0.1700 0.0012
vn -0.9863 0.1648 0.0007
vn -0.9855 0.1694 0.0042
vn -0.9857 0.1684 0.0064
vn -0.9790 0.2040 -0.0014
vn -0.9798 0.2000 -0.0009
vn -0.9793 0.2024 0.0041
vn -0.9820 0.1888 0.0001
vn -0.9761 0.2173 -0.0064
vn -0.9761 0.2172 -0.0067
vn -0.9761 0.2174 -0.0059
vn -0.9761 0.2174 -0.0061
vn -0.9751 0.2217 -0.0009
vn -0.9777 0.2100 -0.0013
vn -0.9786 0.2059 -0.0014
vn -0.9732 0.2300 -0.0021
vn -0.9733 0.2294 -0.0027
vn -0.9737 0.2279 -0.0036
vn -0.9743 0.2253 -0.0044
vn -0.9753 0.2210 -0.0043
vn -0.9767 0.2148 -0.0019
vn -0.9729 0.2310 -0.0039
vn -0.9730 0.2307 -0.0033
vn -0.9761 0.2172 -0.0065
vn -0.9746 0.2238 -0.0014
vn -0.9729 0.2311 -0.0041
vn -0.9730 0.2306 -0.0028
vn -0.9731 0.2305 -0.0023
vn -0.9731 0.2305 -0.0018
vn -0.9731 0.2305 -0.0015
vn -0.9731 0.2304 -0.0016
vn -0.9825 0.1813 0.0437
vn -0.9821 0.1862 0.0269
vn -0.9804 0.1939 0.0352
vn -0.9816 0.1892 0.0253
vn -0.9804 0.1962 0.0156
vn -0.9781 0.2073 0.0158
vn -0.9769 0.2136 0.0050
vn -0.9850 0.1661 0.0473
vn -0.9832 0.1765 0.0469
vn -0.9848 0.1695 0.0373
vn -0.9887 0.1447 0.0404
vn -0.9874 0.1503 0.0489
vn -0.9886 0.1400 0.0550
vn -0.9883 0.1440 0.0497
vn -0.9877 0.1529 0.0322
vn -0.9846 0.1734 0.0204
vn -0.9857 0.1684 0.0075
vn -0.9857 0.1684 0.0077
vn -0.9856 0.1687 0.0091
vn -0.9858 0.1676 0.0119
vn -0.9867 0.1605 0.0245
vn -0.9954 0.0919 0.0287
vn -0.9947 0.0991 0.0278
vn -0.9946 0.1019 0.0203
vn -0.9955 0.0797 0.0515
vn -0.9949 0.0871 0.0514
vn -0.9952 0.0871 0.0435
vn -0.9948 0.0926 0.0429
vn -0.9952 0.0913 0.0363
vn -0.9957 0.0725 0.0572
vn -0.9957 0.0715 0.0595
vn -0.9958 0.0762 0.0507
vn -0.9958 0.0816 0.0418
vn -0.9957 0.0849 0.0372
vn -0.9956 0.0919 0.0160
vn -0.9957 0.0908 0.0200
vn -0.9959 0.0867 0.0269
vn -0.9948 0.1016 0.0102
vn -0.9949 0.1001 0.0104
vn -0.9950 0.0990 0.0106
vn -0.9951 0.0981 0.0109
vn -0.9952 0.0972 0.0112
vn -0.9953 0.0964 0.0116
vn -0.9954 0.0955 0.0121
vn -0.9954 0.0946 0.0127
vn -0.9955 0.0941 0.0132
vn -0.9955 0.0935 0.0138
vn -0.9956 0.0926 0.0148
vn 0.0313 0.0011 0.9995
vn 0.0318 0.0018 0.9995
vn 0.0333 -0.0000 0.9994
vn 0.0251 0.0009 0.9997
vn 0.0256 0.0027 0.9997
vn 0.0259 0.0013 0.9997
vn 0.0263 0.0030 0.9996
vn 0.0273 0.0015 0.9996
vn 0.0270 0.0029 0.9996
vn 0.0281 0.0023 0.9996
vn 0.0290 0.0010 0.9996
vn 0.0296 0.0020 0.9996
vn 0.0296 0.0004 0.9996
vn 0.0311 0.0028 0.9995
vn 0.1967 -0.9483 -0.2491
vn 0.1978 -0.9489 -0.2459
vn 0.1982 -0.9481 -0.2487
vn 0.1987 -0.9485 -0.2469
vn 0.2003 -0.9472 -0.2504
vn 0.0956 -0.9652 -0.2434
vn 0.0957 -0.9656 -0.2417
vn 0.0958 -0.9652 -0.2432
vn 0.0959 -0.9656 -0.2416
vn 0.0961 -0.9652 -0.2431
vn 0.0962 -0.9656 -0.2416
vn 0.0964 -0.9652 -0.2430
vn 0.0965 -0.9656 -0.2415
vn 0.0966 -0.9652 -0.2429
vn 0.0966 -0.9656 -0.2416
vn 0.0968 -0.9652 -0.2428
vn 0.0955 -0.9652 -0.2436
vn 0.0956 -0.9656 -0.2417
vn 0.0955 -0.9655 -0.2421
vn 0.0955 -0.9652 -0.2433
vn 0.0933 -0.9581 -0.2709
vn 0.0954 -0.9647 -0.2454
vn 0.0742 -0.8437 -0.5317
vn 0.0838 -0.9096 -0.4070
vn 0.0923 -0.9374 -0.3359
vn 0.0934 -0.9510 -0.2947
vn 0.0950 -0.9633 -0.2510
vn 0.0851 -0.8851 -0.4575
vn 0.0738 -0.8232 -0.5630
vn 0.0671 -0.7653 -0.6402
vn 0.0651 -0.7541 -0.6535
vn 0.0543 -0.6603 -0.7491
vn 0.0555 -0.6768 -0.7341
vn 0.0454 -0.5989 -0.7995
vn 0.0381 -0.5261 -0.8496
vn 0.0341 -0.5004 -0.8651
vn 0.0196 -0.3724 -0.9279
vn 0.0177 -0.3615 -0.9322
vn 0.0016 -0.2124 -0.9772
vn 0.0004 -0.2047 -0.9788
vn -0.0146 -0.0690 -0.9975
vn -0.0119 -0.0787 -0.9968
vn -0.0220 -0.0036 -0.9998
vn -0.0190 -0.0139 -0.9997
vn -0.0216 0.0013 -0.9998
vn -0.0209 -0.0020 -0.9998
vn -0.0210 0.0011 -0.9998
vn -0.0200 -0.0012 -0.9998
vn -0.0192 0.0008 -0.9998
vn -0.0178 -0.0010 -0.9998
vn -0.0185 0.0013 -0.9998
vn -0.0172 0.0009 -0.9999
vn -0.0157 -0.0009 -0.9999
vn -0.0165 0.0014 -0.9999
vn -0.0154 0.0011 -0.9999
vn -0.0142 -0.0012 -0.9999
vn -0.0144 0.0014 -0.9999
vn -0.0121 -0.0012 -0.9999
vn -0.0136 0.0009 -0.9999
vn -0.0133 -0.0008 -0.9999
vn -0.0140 -0.0013 -0.9999
vn 0.0014 -0.0040 1.0000
vn 0.0023 -0.0016 1.0000
vn 0.0027 -0.0032 1.0000
vn 0.0034 -0.0006 1.0000
vn 0.0042 -0.0030 1.0000
vn 0.0050 -0.0006 1.0000
vn 0.0061 -0.0023 1.0000
vn 0.0068 -0.0001 1.0000
vn 0.0073 -0.0023 1.0000
vn 0.0080 -0.0004 1.0000
vn 0.0096 -0.0013 1.0000
vn 0.0093 0.0007 1.0000
vn 0.0100 -0.0001 1.0000
vn 0.0115 -0.0024 0.9999
vn 0.1913 -0.9500 -0.2466
vn 0.1896 -0.9510 -0.2443
vn 0.1890 -0.9513 -0.2434
vn 0.1872 -0.9523 -0.2411
vn -0.0625 0.9682 0.2423
vn -0.0625 0.9679 0.2433
vn -0.0614 0.9656 0.2527
vn 0.0592 0.0110 0.9982
vn 0.0591 0.0097 0.9982
vn 0.0590 0.0104 0.9982
vn 0.0589 0.0089 0.9982
vn 0.0586 0.0094 0.9982
vn 0.0584 0.0078 0.9983
vn 0.0582 0.0083 0.9983
vn 0.0578 0.0070 0.9983
vn 0.0574 0.0070 0.9983
vn 0.0570 0.0059 0.9984
vn 0.0569 0.0057 0.9984
vn 0.0567 0.0052 0.9984
vn 0.0566 0.0043 0.9984
vn 0.0568 0.0048 0.9984
vn 0.0568 0.0035 0.9984
vn 0.0572 0.0045 0.9984
vn 0.0573 0.0031 0.9984
vn 0.0579 0.0044 0.9983
vn 0.0577 0.0043 0.9983
vn 0.0578 0.0093 0.9983
vn 0.0554 0.0273 0.9981
vn 0.0552 0.0445 0.9975
vn 0.0507 0.0798 0.9955
vn 0.0496 0.1035 0.9934
vn 0.0448 0.1436 0.9886
vn 0.0437 0.1557 0.9868
vn 0.0368 0.2326 0.9719
vn 0.0369 0.2301 0.9725
vn 0.0287 0.3169 0.9480
vn 0.0260 0.3485 0.9369
vn 0.0227 0.3779 0.9256
vn 0.0128 0.4591 0.8883
vn 0.0140 0.4512 0.8923
vn 0.0003 0.5563 0.8310
vn 0.0031 0.5441 0.8390
vn -0.0072 0.6401 0.7683
vn -0.0100 0.6513 0.7587
vn -0.0198 0.7248 0.6887
vn -0.0200 0.7260 0.6874
vn -0.0301 0.8029 0.5953
vn -0.0309 0.7878 0.6152
vn -0.0386 0.8641 0.5019
vn -0.0396 0.8491 0.5267
vn -0.0482 0.9050 0.4226
vn -0.0462 0.8953 0.4430
vn -0.0513 0.9153 0.3994
vn -0.0545 0.9373 0.3442
vn -0.0546 0.9347 0.3511
vn -0.0584 0.9558 0.2881
vn -0.0587 0.9572 0.2834
vn -0.0618 0.9649 0.2553
vn -0.0627 0.9680 0.2430
vn -0.0626 0.9681 0.2425
vn -0.0625 0.9680 0.2432
vn -0.0625 0.9682 0.2424
vn -0.0641 0.9681 0.2424
vn -0.0632 0.9682 0.2422
vn -0.0628 0.9682 0.2423
vn -0.0662 0.9661 0.2495
vn -0.0663 0.9672 0.2451
vn -0.0664 0.9715 0.2274
vn -0.0665 0.9687 0.2391
vn -0.0663 0.9665 0.2480
vn -0.0661 0.9673 0.2448
vn -0.0665 0.9679 0.2425
vn -0.0665 0.9678 0.2426
vn -0.0658 0.9679 0.2426
vn -0.0651 0.9682 0.2416
vn -0.0639 0.9683 0.2413
vn -0.0679 0.9741 0.2156
vn -0.0675 0.9766 0.2040
vn -0.0699 0.9828 0.1710
vn -0.0696 0.9885 0.1340
vn -0.0715 0.9916 0.1076
vn -0.0720 0.9964 0.0449
vn -0.0739 0.9973 -0.0000
vn -0.0741 0.9967 -0.0320
vn -0.0748 0.9905 -0.1152
vn -0.0746 0.9887 -0.1299
vn -0.0750 0.9791 -0.1892
vn -0.0737 0.9607 -0.2678
vn -0.0751 0.9636 -0.2567
vn -0.0752 0.9339 -0.3494
vn -0.0730 0.9136 -0.4001
vn -0.0731 0.8723 -0.4835
vn -0.0728 0.8636 -0.4988
vn -0.0668 0.7791 -0.6234
vn -0.0710 0.8211 -0.5663
vn -0.0665 0.7687 -0.6362
vn -0.0614 0.6962 -0.7152
vn -0.0597 0.6720 -0.7381
vn -0.0576 0.6192 -0.7831
vn -0.0516 0.5529 -0.8317
vn -0.0502 0.5083 -0.8597
vn -0.0453 0.4602 -0.8867
vn -0.0394 0.3733 -0.9269
vn -0.0407 0.3770 -0.9253
vn -0.0260 0.2319 -0.9724
vn -0.0343 0.2723 -0.9616
vn -0.0175 0.1307 -0.9913
vn -0.0233 0.1579 -0.9872
vn -0.0156 0.0909 -0.9957
vn -0.0147 0.0793 -0.9967
vn -0.0139 0.0621 -0.9980
vn -0.0108 0.0385 -0.9992
vn -0.0100 0.0235 -0.9997
vn -0.0077 0.0090 -0.9999
vn -0.0077 0.0045 -1.0000
vn -0.0072 -0.0006 -1.0000
vn -0.0062 -0.0002 -1.0000
vn -0.0071 0.0026 -1.0000
vn -0.0075 0.0030 -1.0000
vn -0.0035 0.0018 -1.0000
vn -0.0050 0.0026 -1.0000
vn -0.0043 0.0003 -1.0000
vn -0.0056 0.0023 -1.0000
vn -0.0067 0.0028 -1.0000
vn -0.0030 0.0003 -1.0000
vn -0.0027 0.0012 -1.0000
vn -0.0025 0.0023 -1.0000
vn -0.0020 0.0012 -1.0000
vn -0.0015 0.0024 -1.0000
vn -0.0017 0.0007 -1.0000
vn -0.0000 0.0018 -1.0000
vn 0.0030 0.0015 -1.0000
vn 0.0018 0.0036 -1.0000
vn 0.0024 0.0016 -1.0000
vn 0.0010 0.0035 -1.0000
vn -0.0004 0.0037 -1.0000
vn 0.2041 -0.9443 -0.2581
vn 0.2080 -0.9446 -0.2539
vn 0.2068 -0.9445 -0.2553
vn 0.2106 -0.9447 -0.2513
vn 0.2102 -0.9446 -0.2522
vn -0.0432 -0.0043 -0.9991
vn -0.0432 -0.0045 -0.9991
vn -0.0428 -0.0051 -0.9991
vn -0.0341 -0.1173 -0.9925
vn -0.0357 -0.0807 -0.9961
vn -0.0430 -0.0155 -0.9990
vn 0.0935 -0.9654 -0.2434
vn 0.0937 -0.9652 -0.2442
vn 0.0934 -0.9652 -0.2441
vn 0.0932 -0.9655 -0.2430
vn 0.0932 -0.9656 -0.2428
vn 0.0908 -0.9579 -0.2723
vn 0.0931 -0.9652 -0.2443
vn 0.0933 -0.9653 -0.2438
vn 0.0934 -0.9654 -0.2435
vn 0.0854 -0.9385 -0.3347
vn 0.0919 -0.9629 -0.2537
vn 0.0931 -0.9652 -0.2442
vn 0.0712 -0.8718 -0.4846
vn 0.0824 -0.9159 -0.3929
vn 0.0893 -0.9507 -0.2971
vn 0.0551 -0.7691 -0.6367
vn 0.0639 -0.8237 -0.5634
vn 0.0723 -0.8677 -0.4918
vn -0.0217 -0.2066 -0.9782
vn -0.0193 -0.2219 -0.9749
vn -0.0017 -0.3623 -0.9321
vn -0.0015 -0.3632 -0.9317
vn 0.0188 -0.5175 -0.8555
vn 0.0188 -0.5182 -0.8551
vn 0.0380 -0.6541 -0.7554
vn 0.0376 -0.6522 -0.7571
vn 0.0542 -0.7599 -0.6478
vn -0.0443 -0.0038 -0.9990
vn -0.0440 -0.0049 -0.9990
vn -0.0430 -0.0448 -0.9981
vn -0.0434 -0.0040 -0.9991
vn -0.0437 -0.0035 -0.9990
vn -0.0439 -0.0037 -0.9990
vn -0.0442 -0.0027 -0.9990
vn -0.0443 -0.0023 -0.9990
vn -0.0420 -0.0064 -0.9991
vn -0.0424 -0.0059 -0.9991
vn -0.0423 -0.0060 -0.9991
vn -0.0426 -0.0056 -0.9991
vn -0.0429 -0.0048 -0.9991
vn 0.9820 0.1877 -0.0228
vn 0.9797 0.1998 -0.0182
vn 0.9793 0.2021 -0.0136
vn 0.9948 0.0887 -0.0509
vn 0.9946 0.0916 -0.0489
vn 0.9950 0.0905 -0.0432
vn 0.9752 0.2146 -0.0541
vn 0.9756 0.2139 -0.0498
vn 0.9777 0.2041 -0.0502
vn 0.9946 0.0963 -0.0379
vn 0.9936 0.1023 -0.0479
vn 0.9940 0.1023 -0.0397
vn 0.9937 0.1018 -0.0476
vn 0.9922 0.1134 -0.0520
vn 0.9925 0.1107 -0.0514
vn 0.9931 0.1055 -0.0507
vn 0.9930 0.1059 -0.0525
vn 0.9945 0.0941 -0.0452
vn 0.9932 0.1033 -0.0543
vn 0.9949 0.0910 -0.0434
vn 0.9935 0.1002 -0.0531
vn 0.9939 0.0978 -0.0514
vn 0.9943 0.0950 -0.0487
vn 0.9918 0.1167 -0.0514
vn 0.9919 0.1161 -0.0510
vn 0.9912 0.1225 -0.0507
vn 0.9903 0.1290 -0.0508
vn 0.9900 0.1316 -0.0506
vn 0.9880 0.1457 -0.0505
vn 0.9883 0.1444 -0.0499
vn 0.9854 0.1623 -0.0506
vn 0.9742 0.2177 -0.0590
vn 0.9773 0.2054 -0.0527
vn 0.9803 0.1908 -0.0506
vn 0.9820 0.1820 -0.0497
vn 0.9831 0.1757 -0.0514
vn 0.9861 0.1581 -0.0506
vn 0.9953 0.0840 -0.0480
vn 0.9952 0.0845 -0.0488
vn 0.9952 0.0847 -0.0492
vn 0.9952 0.0849 -0.0494
vn 0.9951 0.0851 -0.0496
vn 0.9951 0.0854 -0.0498
vn 0.9951 0.0857 -0.0500
vn 0.9950 0.0861 -0.0502
vn 0.9950 0.0864 -0.0504
vn 0.9949 0.0869 -0.0506
vn 0.9949 0.0875 -0.0507
vn 0.9948 0.0882 -0.0508
vn 0.9954 0.0912 -0.0290
vn 0.9957 0.0836 -0.0403
vn 0.9954 0.0834 -0.0464
vn 0.9963 0.0835 -0.0186
vn 0.9962 0.0854 -0.0182
vn 0.9955 0.0929 -0.0168
vn 0.9961 0.0849 -0.0226
vn 0.9959 0.0840 -0.0328
vn 0.9949 0.1002 -0.0086
vn 0.9956 0.0932 -0.0116
vn 0.9960 0.0887 -0.0143
vn 0.9961 0.0876 -0.0138
vn 0.9964 0.0828 -0.0158
vn 0.9969 0.0767 -0.0143
vn 0.9969 0.0766 -0.0149
vn 0.9969 0.0767 -0.0154
vn 0.9969 0.0767 -0.0157
vn 0.9969 0.0770 -0.0162
vn 0.9968 0.0778 -0.0171
vn 0.9962 0.0856 -0.0123
vn 0.9964 0.0843 -0.0118
vn 0.9965 0.0826 -0.0114
vn 0.9966 0.0814 -0.0114
vn 0.9967 0.0806 -0.0115
vn 0.9967 0.0797 -0.0117
vn 0.9968 0.0787 -0.0121
vn 0.9969 0.0779 -0.0127
vn 0.9969 0.0776 -0.0130
vn 0.9969 0.0773 -0.0133
vn 0.9969 0.0770 -0.0138
vn 0.9949 0.1002 -0.0152
vn 0.9949 0.0998 -0.0133
vn 0.9949 0.1009 -0.0086
vn 0.9939 0.1103 -0.0083
vn 0.9926 0.1208 -0.0090
vn 0.9937 0.1123 -0.0030
vn 0.9917 0.1285 -0.0060
vn 0.9918 0.1273 -0.0046
vn 0.9901 0.1403 -0.0036
vn 0.9899 0.1416 -0.0038
vn 0.9877 0.1566 -0.0018
vn 0.9873 0.1589 -0.0013
vn 0.9842 0.1768 -0.0003
vn 0.9846 0.1751 0.0001
vn 0.9827 0.1852 -0.0009
vn 0.9827 0.1853 -0.0008
vn 0.9934 0.1123 -0.0246
vn 0.9937 0.1093 -0.0238
vn 0.9938 0.1081 -0.0268
vn 0.9942 0.1043 -0.0266
vn 0.9941 0.1036 -0.0327
vn 0.9944 0.1020 -0.0295
vn 0.9945 0.1010 -0.0278
vn 0.9946 0.1002 -0.0267
vn 0.9947 0.0995 -0.0257
vn 0.9948 0.0986 -0.0247
vn 0.9950 0.0975 -0.0236
vn 0.9952 0.0957 -0.0222
vn 0.9953 0.0945 -0.0214
vn 0.9954 0.0934 -0.0208
vn 0.9952 0.0956 -0.0207
vn 0.9949 0.0993 -0.0172
vn 0.9912 0.1301 -0.0236
vn 0.9923 0.1216 -0.0251
vn 0.9927 0.1168 -0.0284
vn 0.9845 0.1744 -0.0167
vn 0.9878 0.1509 -0.0387
vn 0.9852 0.1701 -0.0199
vn 0.9904 0.1349 -0.0306
vn 0.9887 0.1489 -0.0149
vn 0.9830 0.1823 -0.0223
vn 0.9855 0.1684 -0.0228
vn 0.9819 0.1884 -0.0208
vn 0.9791 0.2022 -0.0231
vn 0.9924 0.1202 -0.0270
vn 0.9911 0.1320 -0.0198
vn 0.9882 0.1510 -0.0239
vn 0.9944 0.1000 -0.0335
vn -0.9880 -0.1525 0.0238
vn -0.9889 -0.1470 0.0225
vn -0.9848 -0.1722 0.0207
vn -0.9940 -0.1006 0.0440
vn -0.9936 -0.1053 0.0408
vn -0.9936 -0.1057 0.0409
vn -0.9938 -0.1039 0.0403
vn -0.9943 -0.0989 0.0388
vn -0.9950 -0.0905 0.0430
vn -0.9942 -0.1024 0.0325
vn -0.9903 -0.1369 0.0252
vn -0.9927 -0.1177 0.0251
vn -0.9918 -0.1254 0.0237
vn -0.9849 -0.1720 0.0208
vn -0.9806 -0.1951 0.0169
vn -0.9823 -0.1867 0.0164
vn -0.9844 -0.1754 0.0173
vn -0.9814 -0.1898 0.0302
vn -0.9810 -0.1934 0.0138
vn -0.9789 -0.2033 0.0205
vn -0.9795 -0.2001 0.0229
vn -0.9927 -0.1180 0.0261
vn -0.9907 -0.1338 0.0236
vn -0.9895 -0.1435 0.0197
vn -0.9875 -0.1557 0.0242
vn -0.9869 -0.1592 0.0257
vn -0.9937 -0.1098 0.0239
vn -0.9932 -0.1133 0.0253
vn -0.9936 -0.1090 0.0281
vn -0.9930 -0.1154 0.0270
vn -0.9952 -0.0952 0.0218
vn -0.9950 -0.0968 0.0230
vn -0.9954 -0.0911 0.0289
vn -0.9954 -0.0938 0.0210
vn -0.9953 -0.0943 0.0212
vn -0.9953 -0.0946 0.0215
vn -0.9955 -0.0929 0.0169
vn -0.9951 -0.0966 0.0198
vn -0.9956 -0.0915 0.0198
vn -0.9954 -0.0934 0.0207
vn -0.9954 -0.0940 0.0211
vn -0.9949 -0.0983 0.0244
vn -0.9947 -0.0993 0.0255
vn -0.9946 -0.1004 0.0270
vn -0.9944 -0.1018 0.0292
vn -0.9943 -0.1027 0.0270
vn -0.9939 -0.1072 0.0242
vn -0.9946 -0.1031 0.0083
vn -0.9934 -0.1143 0.0060
vn -0.9934 -0.1148 0.0059
vn -0.9949 -0.1005 0.0090
vn -0.9949 -0.0998 0.0133
vn -0.9949 -0.1002 0.0152
vn -0.9917 -0.1289 0.0047
vn -0.9918 -0.1274 0.0050
vn -0.9897 -0.1431 0.0030
vn -0.9901 -0.1406 0.0040
vn -0.9872 -0.1594 0.0010
vn -0.9877 -0.1565 0.0023
vn -0.9842 -0.1771 0.0002
vn -0.9844 -0.1757 -0.0000
vn -0.9827 -0.1854 0.0009
vn -0.9962 -0.0855 0.0159
vn -0.9962 -0.0857 0.0148
vn -0.9969 -0.0770 0.0133
vn -0.9969 -0.0777 0.0126
vn -0.9965 -0.0823 0.0158
vn -0.9968 -0.0785 0.0121
vn -0.9968 -0.0792 0.0119
vn -0.9967 -0.0802 0.0117
vn -0.9966 -0.0816 0.0116
vn -0.9964 -0.0834 0.0119
vn -0.9963 -0.0845 0.0123
vn -0.9969 -0.0771 0.0166
vn -0.9969 -0.0766 0.0160
vn -0.9970 -0.0764 0.0155
vn -0.9970 -0.0763 0.0150
vn -0.9970 -0.0763 0.0147
vn -0.9970 -0.0764 0.0143
vn -0.9970 -0.0765 0.0139
vn -0.9962 -0.0856 0.0157
vn -0.9963 -0.0836 0.0182
vn -0.9968 -0.0781 0.0173
vn -0.9963 -0.0852 0.0127
vn -0.9961 -0.0870 0.0143
vn -0.9961 -0.0875 0.0152
vn -0.9961 -0.0875 0.0151
vn -0.9961 -0.0862 0.0160
vn -0.9959 -0.0890 0.0141
vn -0.9959 -0.0893 0.0139
vn -0.9959 -0.0899 0.0135
vn -0.9956 -0.0925 0.0120
vn -0.9951 -0.0981 0.0099
vn -0.9958 -0.0832 0.0375
vn -0.9961 -0.0838 0.0278
vn -0.9961 -0.0852 0.0213
vn -0.9954 -0.0838 0.0475
vn -0.9955 -0.0833 0.0461
vn -0.9952 -0.0848 0.0493
vn -0.9952 -0.0845 0.0489
vn -0.9953 -0.0841 0.0483
vn -0.9948 -0.0881 0.0508
vn -0.9949 -0.0876 0.0507
vn -0.9949 -0.0872 0.0507
vn -0.9949 -0.0869 0.0506
vn -0.9950 -0.0864 0.0504
vn -0.9950 -0.0860 0.0502
vn -0.9951 -0.0857 0.0500
vn -0.9951 -0.0853 0.0498
vn -0.9951 -0.0850 0.0495
vn -0.9954 -0.0835 0.0470
vn -0.9954 -0.0833 0.0462
vn -0.9956 -0.0829 0.0443
vn -0.9945 -0.0918 0.0507
vn -0.9947 -0.0897 0.0509
vn -0.9947 -0.0888 0.0509
vn -0.9925 -0.1110 0.0511
vn -0.9937 -0.1005 0.0499
vn -0.9942 -0.0950 0.0499
vn -0.9936 -0.1049 0.0407
vn -0.9936 -0.1056 0.0413
vn -0.9935 -0.1052 0.0430
vn -0.9936 -0.1037 0.0449
vn -0.9941 -0.0932 0.0552
vn -0.9944 -0.0894 0.0570
vn -0.9937 -0.0981 0.0542
vn -0.9932 -0.1037 0.0526
vn -0.9929 -0.1074 0.0517
vn -0.9926 -0.1102 0.0513
vn -0.9924 -0.1122 0.0511
vn -0.9921 -0.1147 0.0511
vn -0.9910 -0.1238 0.0512
vn -0.9917 -0.1184 0.0509
vn -0.9913 -0.1218 0.0506
vn -0.9905 -0.1277 0.0507
vn -0.9889 -0.1396 0.0507
vn -0.9886 -0.1422 0.0495
vn -0.9865 -0.1555 0.0509
vn -0.9854 -0.1628 0.0499
vn -0.9832 -0.1751 0.0519
vn -0.9819 -0.1830 0.0497
vn -0.9794 -0.1953 0.0520
vn -0.9776 -0.2044 0.0507
vn -0.9748 -0.2168 0.0522
vn -0.9751 -0.2160 0.0509
vn -0.9728 -0.2259 0.0515
vn 0.0304 0.9706 0.2388
vn 0.0297 0.9704 0.2396
vn 0.0290 0.9705 0.2395
vn 0.0285 0.9703 0.2402
vn 0.0282 0.9704 0.2398
vn 0.0279 0.9703 0.2405
vn 0.0278 0.9704 0.2401
vn 0.0275 0.9702 0.2406
vn 0.0270 0.9702 0.2406
vn 0.0269 0.9702 0.2410
vn 0.0267 0.9703 0.2406
vn 0.0310 0.9705 0.2389
vn 0.0316 0.9707 0.2380
vn 0.0319 0.9706 0.2384
vn 0.0332 0.9710 0.2368
vn 0.0328 0.9708 0.2375
vn 0.0326 0.9709 0.2373
vn 0.0323 0.9707 0.2382
vn 0.0322 0.9709 0.2374
vn 0.0321 0.9708 0.2375
vn 0.1013 0.0005 0.9949
vn 0.1043 -0.0014 0.9945
vn 0.1029 -0.0005 0.9947
vn 0.1059 -0.0024 0.9944
vn -0.0300 -0.9708 -0.2382
vn -0.0290 -0.9710 -0.2371
vn -0.0290 -0.9708 -0.2382
vn -0.0280 -0.9711 -0.2371
vn -0.0275 -0.9707 -0.2388
vn -0.0268 -0.9711 -0.2373
vn -0.0269 -0.9705 -0.2396
vn -0.0261 -0.9709 -0.2380
vn -0.0252 -0.9706 -0.2395
vn -0.0242 -0.9709 -0.2384
vn -0.0168 0.0004 -0.9999
vn -0.0172 0.0002 -0.9999
vn -0.0171 -0.0001 -0.9999
vn -0.0173 -0.0003 -0.9999
vn -0.0173 -0.0002 -0.9998
vn -0.0175 0.0004 -0.9998
vn -0.0173 0.0099 -0.9998
vn -0.0176 -0.0059 -0.9998
vn -0.0174 0.0031 -0.9998
vn -0.0175 -0.0035 -0.9998
vn -0.0175 -0.0037 -0.9998
vn -0.0175 -0.0020 -0.9998
vn -0.0176 -0.0078 -0.9998
vn -0.0176 -0.0091 -0.9998
vn -0.0180 -0.0316 -0.9993
vn -0.0186 -0.0385 -0.9991
vn -0.0198 -0.1046 -0.9943
vn -0.0194 -0.0952 -0.9953
vn -0.0213 -0.1874 -0.9821
vn -0.0209 -0.1936 -0.9809
vn -0.0222 -0.2652 -0.9639
vn -0.0221 -0.2663 -0.9636
vn -0.0229 -0.3370 -0.9412
vn -0.0230 -0.3365 -0.9414
vn -0.0239 -0.4185 -0.9079
vn -0.0254 -0.4387 -0.8983
vn -0.0232 -0.4976 -0.8671
vn -0.0231 -0.5729 -0.8193
vn -0.0271 -0.5393 -0.8417
vn -0.0242 -0.6360 -0.7713
vn -0.0255 -0.6227 -0.7820
vn -0.0254 -0.6863 -0.7269
vn -0.0247 -0.7020 -0.7117
vn -0.0259 -0.7336 -0.6791
vn -0.0252 -0.7607 -0.6486
vn -0.0259 -0.7754 -0.6309
vn -0.0252 -0.7979 -0.6022
vn -0.0260 -0.8254 -0.5640
vn -0.0250 -0.8373 -0.5462
vn -0.0251 -0.8766 -0.4806
vn -0.0245 -0.8740 -0.4854
vn -0.0238 -0.8962 -0.4431
vn -0.0232 -0.9168 -0.3987
vn -0.0231 -0.9187 -0.3944
vn -0.0219 -0.9490 -0.3144
vn -0.0209 -0.9704 -0.2407
vn -0.0212 -0.9668 -0.2548
vn -0.0205 -0.9656 -0.2593
vn -0.0217 -0.9476 -0.3187
vn -0.0235 -0.9705 -0.2399
vn -0.0227 -0.9707 -0.2393
vn -0.0221 -0.9704 -0.2405
vn -0.0214 -0.9707 -0.2394
vn -0.0209 -0.9707 -0.2395
vn 0.9983 -0.0135 -0.0565
vn 0.9991 -0.0162 -0.0381
vn 0.9988 -0.0123 -0.0466
vn 0.9991 -0.0178 -0.0373
vn 0.9996 -0.0179 -0.0238
vn 0.9995 -0.0175 -0.0266
vn 0.9995 -0.0149 -0.0278
vn 0.9996 -0.0188 -0.0199
vn 0.9996 -0.0191 -0.0205
vn 0.9996 -0.0187 -0.0197
vn 0.9997 -0.0177 -0.0190
vn 0.9997 -0.0180 -0.0191
vn 0.9996 -0.0184 -0.0194
vn 0.9996 -0.0195 -0.0212
vn 0.9996 -0.0215 -0.0189
vn 0.9996 -0.0196 -0.0216
vn 0.9996 -0.0200 -0.0210
vn 0.9996 -0.0217 -0.0185
vn 0.9997 -0.0167 -0.0199
vn 0.9997 -0.0170 -0.0193
vn 0.9997 -0.0174 -0.0190
vn 0.9991 -0.0143 -0.0400
vn 0.9993 -0.0174 -0.0319
vn 0.9994 -0.0222 -0.0283
vn 0.9993 -0.0238 -0.0275
vn 0.9993 -0.0240 -0.0274
vn 0.9993 -0.0241 -0.0273
vn 0.9993 -0.0239 -0.0274
vn 0.9993 -0.0237 -0.0275
vn 0.9993 -0.0234 -0.0276
vn 0.9993 -0.0232 -0.0276
vn 0.9995 -0.0192 -0.0269
vn 0.9996 -0.0166 -0.0206
vn 0.9986 -0.0148 -0.0501
vn 0.9980 -0.0135 -0.0622
vn 0.9967 -0.0104 -0.0801
vn 0.9961 -0.0096 -0.0873
vn 0.9957 -0.0083 -0.0919
vn 0.9955 -0.0090 -0.0945
vn 0.9951 -0.0069 -0.0987
vn 0.9973 -0.0122 -0.0719
vn 0.9975 -0.0119 -0.0700
vn 0.9967 -0.0106 -0.0800
vn -0.9991 0.0161 0.0383
vn -0.9984 0.0138 0.0555
vn -0.9988 0.0121 0.0469
vn -0.9981 0.0127 0.0604
vn -0.9987 0.0152 0.0484
vn -0.9991 0.0144 0.0402
vn -0.9993 0.0162 0.0334
vn -0.9996 0.0175 0.0238
vn -0.9995 0.0187 0.0267
vn -0.9993 0.0232 0.0277
vn -0.9993 0.0235 0.0276
vn -0.9993 0.0238 0.0276
vn -0.9993 0.0240 0.0275
vn -0.9993 0.0242 0.0274
vn -0.9993 0.0239 0.0275
vn -0.9994 0.0218 0.0286
vn -0.9997 0.0168 0.0196
vn -0.9997 0.0171 0.0192
vn -0.9997 0.0174 0.0191
vn -0.9997 0.0166 0.0201
vn -0.9997 0.0166 0.0206
vn -0.9996 0.0201 0.0209
vn -0.9995 0.0202 0.0225
vn -0.9994 0.0226 0.0267
vn -0.9996 0.0186 0.0195
vn -0.9996 0.0190 0.0203
vn -0.9996 0.0188 0.0200
vn -0.9996 0.0185 0.0195
vn -0.9997 0.0180 0.0192
vn -0.9997 0.0177 0.0191
vn -0.9996 0.0217 0.0186
vn -0.9995 0.0201 0.0227
vn -0.9994 0.0171 0.0301
vn -0.9991 0.0177 0.0384
vn -0.9951 0.0069 0.0986
vn -0.9955 0.0089 0.0945
vn -0.9957 0.0083 0.0918
vn -0.9961 0.0096 0.0874
vn -0.9967 0.0103 0.0800
vn -0.9966 0.0102 0.0813
vn -0.9970 0.0114 0.0761
vn -0.9973 0.0115 0.0721
vn -0.9976 0.0126 0.0678
vn -0.0618 0.0004 -0.9981
vn -0.0612 0.0007 -0.9981
vn -0.0615 0.0005 -0.9981
vn -0.0610 0.0008 -0.9981
vn 0.0229 0.9711 0.2374
vn 0.0240 0.9708 0.2386
vn 0.0243 0.9707 0.2389
vn 0.0254 0.9704 0.2400
vn 0.0771 -0.0005 0.9970
vn 0.0759 -0.0013 0.9971
vn 0.0765 -0.0008 0.9971
vn 0.0786 0.0000 0.9969
vn 0.0785 -0.0000 0.9969
vn 0.0777 -0.0004 0.9970
vn 0.0774 -0.0001 0.9970
vn 0.0785 0.0001 0.9969
vn -0.0123 -0.9714 -0.2373
vn -0.0147 -0.9707 -0.2397
vn -0.0141 -0.9709 -0.2392
vn -0.0165 -0.9702 -0.2416
vn -0.0619 -0.0001 -0.9981
vn -0.0619 -0.0000 -0.9981
vn -0.0620 -0.0001 -0.9981
vn -0.0158 -0.9717 -0.2357
vn -0.0153 -0.9713 -0.2373
vn -0.0158 -0.9700 -0.2424
vn -0.0157 -0.9702 -0.2416
vn -0.0047 -0.9709 -0.2394
vn -0.0056 -0.9707 -0.2402
vn -0.0064 -0.9708 -0.2398
vn -0.0074 -0.9706 -0.2408
vn -0.0080 -0.9709 -0.2395
vn -0.0151 -0.9706 -0.2403
vn -0.0140 -0.9710 -0.2388
vn -0.0125 -0.9707 -0.2401
vn -0.0115 -0.9710 -0.2387
vn -0.0114 -0.9705 -0.2407
vn -0.0105 -0.9709 -0.2394
vn -0.0091 -0.9706 -0.2405
vn -0.0085 -0.9705 -0.2411
vn -0.0031 -0.0000 -1.0000
vn -0.0031 0.0000 -1.0000
vn -0.0032 0.0000 -1.0000
vn -0.0033 0.0001 -1.0000
vn 0.0184 0.9713 0.2372
vn 0.0178 0.9704 0.2407
vn 0.0162 0.9709 0.2391
vn 0.0151 0.9706 0.2403
vn 0.0143 0.9708 0.2394
vn 0.0086 0.9704 0.2414
vn 0.0089 0.9707 0.2401
vn 0.0088 0.9704 0.2412
vn 0.0094 0.9707 0.2403
vn 0.0106 0.9705 0.2408
vn 0.0112 0.9708 0.2397
vn 0.0113 0.9705 0.2410
vn 0.0120 0.9707 0.2398
vn 0.0133 0.9706 0.2404
vn 0.0138 0.9705 0.2408
vn 0.0186 0.9716 0.2359
vn 0.0185 0.9701 0.2419
vn 0.9975 -0.0006 -0.0707
vn 0.9974 0.0020 -0.0715
vn 0.9979 0.0017 -0.0655
vn 0.9972 -0.0007 -0.0747
vn 0.9974 0.0033 -0.0718
vn 0.9977 0.0037 -0.0680
vn 0.9978 -0.0001 -0.0658
vn 0.9977 -0.0068 -0.0677
vn 0.9976 -0.0075 -0.0692
vn 0.9980 -0.0035 -0.0637
vn 0.9978 -0.0023 -0.0656
vn 0.9982 -0.0030 -0.0602
vn 0.9975 -0.0029 -0.0710
vn 0.9973 -0.0056 -0.0730
vn 0.9985 -0.0024 -0.0545
vn 0.9977 -0.0060 -0.0678
vn 0.9999 -0.0050 -0.0092
vn 0.9998 -0.0049 -0.0171
vn 0.9999 -0.0039 -0.0153
vn 0.9996 -0.0089 -0.0255
vn 0.9993 -0.0033 -0.0372
vn 0.9996 -0.0087 -0.0275
vn 0.9986 -0.0039 -0.0532
vn 0.9989 -0.0052 -0.0464
vn 0.9993 -0.0029 -0.0363
vn 0.9989 0.0037 -0.0471
vn 0.9993 -0.0046 -0.0383
vn 0.9999 -0.0058 -0.0155
vn 0.9997 -0.0033 -0.0238
vn 0.9995 -0.0034 -0.0306
vn 1.0000 -0.0058 -0.0070
vn 1.0000 -0.0059 -0.0038
vn -0.9978 0.0007 0.0670
vn -0.9976 -0.0023 0.0695
vn -0.9975 0.0006 0.0701
vn -0.9975 -0.0022 0.0710
vn -0.9972 0.0002 0.0746
vn -0.9977 0.0027 0.0671
vn -0.9985 0.0025 0.0541
vn -0.9983 0.0030 0.0586
vn -0.9981 0.0042 0.0615
vn -0.9976 0.0031 0.0688
vn -0.9976 0.0031 0.0697
vn -0.9977 0.0060 0.0678
vn -0.9977 0.0061 0.0679
vn -0.9976 0.0056 0.0685
vn -1.0000 0.0053 0.0074
vn -1.0000 0.0059 0.0038
vn -0.9999 0.0055 0.0098
vn -0.9999 0.0054 0.0149
vn -0.9993 0.0037 0.0371
vn -0.9989 -0.0034 0.0470
vn -0.9995 0.0034 0.0317
vn -0.9998 0.0040 0.0181
vn -0.9997 0.0031 0.0241
vn -0.9993 0.0030 0.0362
vn -0.9989 0.0045 0.0457
vn -0.9986 0.0036 0.0533
vn -0.9998 0.0055 0.0181
vn -0.9996 0.0128 0.0252
vn 0.0387 -0.9437 0.3286
vn 0.0391 -0.9430 0.3306
vn 0.0519 -0.8347 0.5482
vn 0.0525 -0.8325 0.5515
vn 0.0619 -0.6864 0.7246
vn 0.0624 -0.6826 0.7282
vn 0.0685 -0.5115 0.8566
vn 0.0692 -0.5069 0.8592
vn 0.0724 -0.2800 0.9573
vn 0.0730 -0.2761 0.9584
vn 0.0725 -0.0894 0.9934
vn 0.0729 -0.0870 0.9935
vn 0.0721 -0.0107 0.9973
vn 0.0726 -0.0093 0.9973
vn 0.0726 0.0003 0.9974
vn 0.0731 0.0018 0.9973
vn 0.0732 0.0001 0.9973
vn 0.0738 0.0013 0.9973
vn 0.0748 0.0005 0.9972
vn 0.0755 0.0011 0.9971
vn 0.0772 0.0010 0.9970
vn 0.0779 0.0013 0.9970
vn 0.0310 -0.9787 0.2031
vn 0.0310 -0.9788 0.2024
vn 0.0053 -0.9760 -0.2177
vn 0.0040 -0.9715 -0.2369
vn 0.0031 -0.9701 -0.2426
vn 0.0018 -0.9703 -0.2420
vn 0.0043 -0.9754 -0.2205
vn 0.0071 -0.9835 -0.1805
vn 0.0082 -0.9855 -0.1695
vn 0.0092 -0.9903 -0.1383
vn 0.0121 -0.9951 -0.0986
vn 0.0260 -0.9918 0.1253
vn 0.0265 -0.9912 0.1297
vn 0.0183 -0.9998 0.0057
vn 0.0192 -0.9997 0.0117
vn 0.0129 -0.9962 -0.0861
vn -0.0098 -0.8191 -0.5736
vn -0.0104 -0.8171 -0.5764
vn -0.0045 -0.8850 -0.4655
vn -0.0048 -0.8838 -0.4678
vn -0.0010 -0.9194 -0.3934
vn -0.0013 -0.9184 -0.3956
vn 0.0014 -0.9390 -0.3440
vn 0.0025 -0.9425 -0.3343
vn 0.0033 -0.9537 -0.3008
vn 0.0053 -0.9622 -0.2724
vn 0.0048 -0.9647 -0.2632
vn 0.0056 -0.9699 -0.2433
vn 0.0053 -0.9698 -0.2438
vn 0.0048 -0.9708 -0.2398
vn 0.0050 -0.9704 -0.2416
vn -0.0391 -0.0001 -0.9992
vn -0.0390 -0.0006 -0.9992
vn -0.0390 -0.0001 -0.9992
vn -0.0389 -0.0009 -0.9992
vn -0.0388 -0.0087 -0.9992
vn -0.0387 -0.0095 -0.9992
vn -0.0380 -0.0578 -0.9976
vn -0.0379 -0.0580 -0.9976
vn -0.0355 -0.1786 -0.9833
vn -0.0356 -0.1779 -0.9834
vn -0.0308 -0.3582 -0.9331
vn -0.0312 -0.3564 -0.9338
vn -0.0243 -0.5449 -0.8381
vn -0.0248 -0.5425 -0.8397
vn -0.0168 -0.7047 -0.7093
vn -0.0175 -0.7023 -0.7117
vn 0.0310 -0.8665 0.4982
vn 0.0296 -0.8672 0.4972
vn 0.0279 -0.8672 0.4971
vn 0.0265 -0.8672 0.4972
vn 0.0251 -0.8665 0.4986
vn -0.0184 0.0002 -0.9998
vn -0.0181 -0.0000 -0.9998
vn -0.0177 -0.0002 -0.9998
vn -0.0174 -0.0004 -0.9998
vn -0.0152 0.9811 -0.1927
vn -0.0162 0.9809 -0.1940
vn -0.0247 0.8887 -0.4579
vn -0.0189 0.8878 -0.4599
vn -0.0203 0.8885 -0.4584
vn -0.0209 0.8881 -0.4591
vn -0.0224 0.8889 -0.4576
vn -0.0246 0.8895 -0.4563
vn -0.0028 0.9963 0.0865
vn -0.0027 0.9962 0.0875
vn -0.0176 0.9947 -0.1016
vn -0.0171 0.9959 -0.0887
vn -0.0099 0.9994 0.0333
vn -0.0065 0.9963 0.0859
vn -0.0040 0.9910 0.1338
vn 0.0003 0.9777 0.2102
vn 0.0006 0.9774 0.2116
vn 0.0031 0.9630 0.2694
vn 0.0029 0.9641 0.2656
vn 0.0074 0.9345 0.3559
vn 0.0073 0.9334 0.3587
vn 0.0150 0.8667 0.4985
vn 0.0149 0.8675 0.4972
vn 0.0231 0.7649 0.6438
vn 0.0232 0.7643 0.6444
vn 0.0290 0.6645 0.7468
vn 0.0291 0.6635 0.7476
vn 0.0335 0.5706 0.8206
vn 0.0333 0.5731 0.8188
vn 0.0391 0.4245 0.9046
vn 0.0388 0.4273 0.9033
vn 0.0442 0.2344 0.9711
vn 0.0441 0.2359 0.9708
vn 0.0469 0.0844 0.9953
vn 0.0469 0.0848 0.9953
vn 0.0478 0.0140 0.9988
vn 0.0478 0.0143 0.9988
vn 0.0481 0.0004 0.9988
vn 0.0480 0.0008 0.9988
vn 0.0482 0.0005 0.9988
vn 0.0484 0.0004 0.9988
vn -0.0314 0.9414 -0.3358
vn -0.0318 0.9343 -0.3551
vn -0.0226 0.9808 -0.1937
vn -0.0472 0.7819 -0.6217
vn -0.0471 0.7785 -0.6259
vn -0.0578 0.5443 -0.8369
vn -0.0579 0.5394 -0.8400
vn -0.0629 -0.0006 -0.9980
vn -0.0631 -0.0010 -0.9980
vn -0.0628 -0.0009 -0.9980
vn -0.0625 -0.0005 -0.9980
vn -0.0624 -0.0010 -0.9981
vn -0.0624 0.0027 -0.9981
vn -0.0623 0.0018 -0.9981
vn -0.0625 0.0358 -0.9974
vn -0.0626 0.0345 -0.9974
vn -0.0631 0.1443 -0.9875
vn -0.0630 0.1467 -0.9872
vn -0.0623 0.3209 -0.9451
vn -0.0621 0.3251 -0.9436
vn -0.0065 -0.9710 -0.2392
vn -0.0078 -0.9702 -0.2420
vn -0.0073 -0.9712 -0.2383
vn -0.0083 -0.9701 -0.2426
vn -0.0083 -0.9702 -0.2422
vn 0.0013 -0.9709 -0.2395
vn 0.0001 -0.9706 -0.2405
vn -0.0009 -0.9707 -0.2402
vn -0.0015 -0.9703 -0.2417
vn -0.0019 -0.9709 -0.2396
vn -0.0017 -0.9703 -0.2418
vn -0.0022 -0.9704 -0.2414
vn -0.0025 -0.9709 -0.2395
vn -0.0028 -0.9703 -0.2417
vn -0.0033 -0.9705 -0.2412
vn -0.0034 -0.9709 -0.2394
vn -0.0048 -0.9705 -0.2411
vn -0.0073 -0.9703 -0.2416
vn -0.0194 -0.0001 -0.9998
vn -0.0193 -0.0001 -0.9998
vn -0.0193 -0.0002 -0.9998
vn -0.0192 -0.0002 -0.9998
vn 0.0106 0.9712 0.2381
vn 0.0108 0.9706 0.2404
vn 0.0087 0.9709 0.2395
vn 0.0074 0.9705 0.2408
vn 0.0061 0.9708 0.2397
vn 0.0056 0.9704 0.2415
vn 0.0022 0.9704 0.2415
vn 0.0027 0.9708 0.2397
vn 0.0026 0.9705 0.2413
vn 0.0035 0.9708 0.2399
vn 0.0049 0.9706 0.2408
vn 0.0148 0.9714 0.2371
vn 0.0135 0.9705 0.2407
vn 0.0128 0.9710 0.2386
vn 0.9982 0.0149 -0.0575
vn 0.9982 0.0149 -0.0577
vn 0.9988 0.0130 -0.0481
vn 0.9988 0.0125 -0.0470
vn 0.9985 0.0160 -0.0527
vn 0.9988 0.0122 -0.0466
vn 0.9988 0.0122 -0.0465
vn 0.9989 0.0121 -0.0464
vn 0.9988 0.0121 -0.0465
vn 0.9988 0.0125 -0.0468
vn 0.9988 0.0131 -0.0473
vn 0.9988 0.0139 -0.0478
vn 0.9987 0.0145 -0.0481
vn 0.9983 0.0150 -0.0568
vn 0.9984 0.0147 -0.0540
vn 0.9986 0.0139 -0.0502
vn 0.9990 0.0123 -0.0430
vn 0.9990 0.0137 -0.0434
vn 0.9992 0.0122 -0.0374
vn 0.9991 0.0098 -0.0424
vn 0.9990 0.0106 -0.0423
vn 0.9990 0.0112 -0.0426
vn 0.9989 0.0086 -0.0460
vn 0.9988 0.0086 -0.0480
vn 0.9992 0.0099 -0.0392
vn 0.9989 0.0152 -0.0437
vn 0.9989 0.0163 -0.0438
vn 0.9988 0.0188 -0.0441
vn 0.9987 0.0238 -0.0444
vn 0.9985 0.0321 -0.0446
vn 0.9985 0.0226 -0.0497
vn 0.9995 0.0131 -0.0276
vn 0.9995 0.0113 -0.0298
vn 0.9996 0.0149 -0.0250
vn 0.9997 0.0151 -0.0208
vn 0.9997 0.0133 -0.0223
vn 0.9987 0.0146 -0.0482
vn 0.9988 0.0148 -0.0475
vn 0.9990 0.0128 -0.0417
vn 0.9982 0.0055 -0.0602
vn 0.9982 0.0049 -0.0598
vn 0.9980 0.0040 -0.0638
vn 0.9976 0.0054 -0.0693
vn 0.9981 0.0148 -0.0600
vn 0.9981 0.0151 -0.0593
vn 0.9980 0.0148 -0.0614
vn 0.9979 0.0146 -0.0626
vn 0.9978 0.0141 -0.0649
vn 0.9980 0.0154 -0.0619
vn 0.9978 0.0140 -0.0653
vn 0.9977 0.0139 -0.0656
vn 0.9978 0.0142 -0.0647
vn 0.9978 0.0143 -0.0642
vn 0.9979 0.0144 -0.0635
vn 0.9978 0.0147 -0.0642
vn 0.9978 0.0143 -0.0649
vn 0.9978 0.0140 -0.0655
vn 0.9977 0.0139 -0.0657
vn 0.9978 0.0146 -0.0644
vn 0.9978 0.0153 -0.0642
vn 0.9977 0.0133 -0.0661
vn 0.9977 0.0118 -0.0674
vn 0.9977 0.0144 -0.0659
vn 0.9977 0.0129 -0.0668
vn 0.9976 0.0118 -0.0676
vn 0.9976 0.0107 -0.0687
vn 0.9976 0.0081 -0.0690
vn 0.9975 0.0108 -0.0694
vn 0.9976 0.0103 -0.0690
vn 0.9975 0.0080 -0.0696
vn 0.9975 0.0058 -0.0711
vn 0.9995 0.0046 -0.0322
vn 0.9992 0.0048 -0.0390
vn 0.9995 0.0046 -0.0313
vn 0.9992 0.0049 -0.0403
vn 0.9993 0.0049 -0.0381
vn 0.9993 0.0047 -0.0364
vn 0.9994 0.0045 -0.0348
vn 0.9997 0.0045 -0.0240
vn 0.9997 0.0053 -0.0259
vn 0.9998 0.0043 -0.0206
vn 0.9989 0.0054 -0.0457
vn 0.9989 0.0049 -0.0470
vn 0.9985 0.0055 -0.0547
vn -0.9987 -0.0233 0.0446
vn -0.9992 -0.0124 0.0374
vn -0.9985 -0.0315 0.0449
vn -0.9984 -0.0284 0.0490
vn -0.9988 -0.0186 0.0442
vn -0.9989 -0.0163 0.0440
vn -0.9989 -0.0151 0.0438
vn -0.9990 -0.0137 0.0435
vn -0.9990 -0.0123 0.0430
vn -0.9990 -0.0112 0.0426
vn -0.9988 -0.0086 0.0483
vn -0.9989 -0.0090 0.0459
vn -0.9991 -0.0093 0.0415
vn -0.9990 -0.0106 0.0423
vn -0.9990 -0.0142 0.0420
vn -0.9985 -0.0162 0.0523
vn -0.9987 -0.0142 0.0480
vn -0.9988 -0.0130 0.0480
vn -0.9987 -0.0136 0.0495
vn -0.9985 -0.0146 0.0530
vn -0.9983 -0.0151 0.0569
vn -0.9982 -0.0149 0.0579
vn -0.9982 -0.0149 0.0584
vn -0.9988 -0.0122 0.0466
vn -0.9988 -0.0124 0.0469
vn -0.9988 -0.0126 0.0473
vn -0.9988 -0.0121 0.0465
vn -0.9989 -0.0121 0.0464
vn -0.9987 -0.0146 0.0482
vn -0.9987 -0.0145 0.0481
vn -0.9988 -0.0139 0.0478
vn -0.9988 -0.0131 0.0473
vn -0.9988 -0.0124 0.0468
vn -0.9995 -0.0155 0.0281
vn -0.9995 -0.0180 0.0259
vn -0.9992 -0.0102 0.0399
vn -0.9995 -0.0112 0.0295
vn -0.9997 -0.0135 0.0224
vn -0.9978 -0.0141 0.0649
vn -0.9978 -0.0140 0.0653
vn -0.9980 -0.0152 0.0613
vn -0.9976 -0.0067 0.0686
vn -0.9983 -0.0054 0.0578
vn -0.9982 -0.0043 0.0598
vn -0.9974 -0.0070 0.0717
vn -0.9977 -0.0047 0.0677
vn -0.9976 -0.0087 0.0694
vn -0.9976 -0.0093 0.0688
vn -0.9976 -0.0104 0.0687
vn -0.9976 -0.0118 0.0676
vn -0.9976 -0.0111 0.0681
vn -0.9977 -0.0129 0.0668
vn -0.9977 -0.0140 0.0658
vn -0.9977 -0.0133 0.0661
vn -0.9978 -0.0151 0.0639
vn -0.9977 -0.0139 0.0657
vn -0.9977 -0.0139 0.0658
vn -0.9978 -0.0140 0.0655
vn -0.9978 -0.0143 0.0650
vn -0.9978 -0.0147 0.0642
vn -0.9978 -0.0146 0.0646
vn -0.9980 -0.0148 0.0611
vn -0.9979 -0.0146 0.0624
vn -0.9979 -0.0146 0.0631
vn -0.9979 -0.0145 0.0636
vn -0.9978 -0.0143 0.0642
vn -0.9978 -0.0142 0.0646
vn -0.9998 -0.0043 0.0207
vn -0.9997 -0.0052 0.0251
vn -0.9997 -0.0043 0.0240
vn -0.9995 -0.0047 0.0301
vn -0.9994 -0.0041 0.0341
vn -0.9994 -0.0048 0.0348
vn -0.9992 -0.0048 0.0400
vn -0.9989 -0.0048 0.0464
vn -0.9988 -0.0052 0.0484
vn 0.0636 0.0013 0.9980
vn 0.0635 0.0026 0.9980
vn 0.0636 0.0024 0.9980
vn 0.0647 0.0018 0.9979
vn 0.0656 0.0010 0.9978
vn 0.0658 0.0024 0.9978
vn 0.0658 0.0023 0.9978
vn 0.0661 0.0020 0.9978
vn 0.0664 0.0008 0.9978
vn 0.0667 0.0021 0.9978
vn 0.0668 0.0006 0.9978
vn 0.0669 0.0006 0.9978
vn 0.0670 0.0020 0.9977
vn 0.0673 0.0006 0.9977
vn 0.0673 0.0020 0.9977
vn 0.0676 0.0006 0.9977
vn 0.0677 0.0027 0.9977
vn 0.0678 0.0004 0.9977
vn 0.0678 0.0006 0.9977
vn 0.0679 0.0025 0.9977
vn 0.0675 0.0110 0.9977
vn 0.0678 0.0068 0.9977
vn 0.0680 0.0289 0.9973
vn 0.0661 0.0527 0.9964
vn 0.0667 0.0746 0.9950
vn 0.0645 0.1360 0.9886
vn 0.0637 0.1330 0.9891
vn 0.0616 0.2407 0.9686
vn 0.0605 0.2254 0.9724
vn 0.0559 0.3477 0.9359
vn 0.0558 0.3468 0.9363
vn 0.0508 0.4324 0.9002
vn 0.0497 0.4604 0.8863
vn 0.0464 0.4986 0.8656
vn 0.0428 0.5525 0.8324
vn 0.0413 0.5749 0.8172
vn 0.0371 0.6537 0.7559
vn 0.0356 0.6232 0.7812
vn 0.0304 0.7249 0.6882
vn 0.0306 0.6864 0.7265
vn 0.0276 0.7348 0.6778
vn 0.0234 0.7803 0.6250
vn 0.0234 0.7743 0.6324
vn 0.0186 0.8187 0.5739
vn 0.0197 0.8083 0.5884
vn 0.0163 0.8437 0.5366
vn 0.0145 0.8536 0.5207
vn 0.0105 0.8837 0.4679
vn -0.0076 0.9709 0.2393
vn -0.0073 0.9703 0.2418
vn -0.0056 0.9670 0.2546
vn -0.0055 0.9656 0.2601
vn -0.0013 0.9482 0.3175
vn -0.0009 0.9499 0.3125
vn 0.0041 0.9166 0.3999
vn 0.0047 0.9206 0.3904
vn 0.0099 0.8863 0.4630
vn -0.0073 0.9702 0.2422
vn -0.0075 0.9702 0.2420
vn -0.0084 0.9707 0.2401
vn 0.0627 0.0026 0.9980
vn 0.0619 0.0015 0.9981
vn 0.0614 0.0023 0.9981
vn 0.0604 0.0009 0.9982
vn 0.0498 -0.9691 -0.2417
vn 0.0491 -0.9689 -0.2425
vn 0.0493 -0.9690 -0.2422
vn 0.0486 -0.9688 -0.2430
vn -0.0501 -0.0026 -0.9987
vn -0.0509 -0.0010 -0.9987
vn -0.0507 -0.0025 -0.9987
vn -0.0518 -0.0008 -0.9987
vn -0.0529 -0.0019 -0.9986
vn -0.0541 -0.0005 -0.9985
vn -0.0180 -0.6900 -0.7236
vn -0.0177 -0.7004 -0.7135
vn -0.0275 -0.5679 -0.8226
vn -0.0261 -0.5781 -0.8155
vn -0.0372 -0.4185 -0.9075
vn -0.0324 -0.4881 -0.8722
vn -0.0391 -0.3938 -0.9184
vn -0.0459 -0.2584 -0.9650
vn -0.0465 -0.2534 -0.9662
vn -0.0523 -0.1138 -0.9921
vn -0.0525 -0.1120 -0.9923
vn -0.0554 -0.0250 -0.9982
vn -0.0556 -0.0252 -0.9981
vn -0.0558 -0.0013 -0.9984
vn -0.0546 -0.0017 -0.9985
vn -0.0554 -0.0006 -0.9985
vn -0.0559 -0.0004 -0.9984
vn 0.0193 -0.9700 -0.2423
vn 0.0186 -0.9701 -0.2419
vn 0.0186 -0.9705 -0.2404
vn 0.0184 -0.9707 -0.2398
vn 0.0183 -0.9707 -0.2396
vn 0.0179 -0.9695 -0.2445
vn 0.0179 -0.9695 -0.2443
vn 0.0180 -0.9703 -0.2414
vn 0.0178 -0.9695 -0.2444
vn 0.0167 -0.9648 -0.2624
vn 0.0166 -0.9645 -0.2634
vn 0.0112 -0.9407 -0.3389
vn 0.0123 -0.9433 -0.3317
vn 0.0024 -0.8792 -0.4765
vn 0.0037 -0.8921 -0.4517
vn -0.0071 -0.8108 -0.5852
vn -0.0080 -0.7883 -0.6152
vn 0.0457 0.0014 0.9990
vn 0.0451 0.0005 0.9990
vn 0.0451 0.0013 0.9990
vn 0.0444 0.0005 0.9990
vn 0.0427 0.0012 0.9991
vn 0.0420 0.0001 0.9991
vn 0.0418 0.0018 0.9991
vn 0.0412 0.0003 0.9992
vn 0.0410 0.0012 0.9992
vn 0.0402 -0.0002 0.9992
vn 0.0522 -0.9691 -0.2412
vn 0.0515 -0.9689 -0.2420
vn 0.0517 -0.9690 -0.2418
vn 0.0509 -0.9688 -0.2426
vn -0.0315 -0.0014 -0.9995
vn -0.0321 -0.0000 -0.9995
vn -0.0320 -0.0011 -0.9995
vn -0.0326 0.0002 -0.9995
vn -0.0327 -0.0010 -0.9995
vn -0.0332 0.0001 -0.9994
vn 0.0225 -0.9700 -0.2419
vn 0.0228 -0.9705 -0.2402
vn 0.0233 -0.9700 -0.2419
vn 0.0232 -0.9704 -0.2406
vn 0.0239 -0.9699 -0.2421
vn 0.0222 -0.9700 -0.2421
vn 0.0225 -0.9705 -0.2401
vn 0.0225 -0.9705 -0.2400
vn -0.0002 -0.7411 -0.6714
vn 0.0078 -0.8487 -0.5288
vn 0.0112 -0.8715 -0.4902
vn 0.0138 -0.8927 -0.4505
vn 0.0136 -0.9071 -0.4206
vn 0.0171 -0.9382 -0.3455
vn 0.0204 -0.9528 -0.3028
vn 0.0185 -0.9504 -0.3104
vn 0.0212 -0.9616 -0.2737
vn 0.0199 -0.9615 -0.2741
vn 0.0221 -0.9699 -0.2425
vn 0.0223 -0.9707 -0.2393
vn 0.0037 -0.7807 -0.6249
vn -0.0066 -0.6601 -0.7511
vn -0.0078 -0.5992 -0.8005
vn -0.0148 -0.5256 -0.8506
vn -0.0169 -0.4364 -0.8996
vn -0.0220 -0.3805 -0.9245
vn -0.0250 -0.2709 -0.9623
vn -0.0288 -0.2255 -0.9738
vn -0.0307 -0.1256 -0.9916
vn -0.0315 -0.1089 -0.9936
vn -0.0343 -0.0293 -0.9990
vn -0.0333 -0.0009 -0.9994
vn -0.0339 -0.0002 -0.9994
vn -0.0349 -0.0007 -0.9994
vn -0.0354 -0.0000 -0.9994
vn -0.0356 -0.0067 -0.9993
vn -0.0336 -0.0422 -0.9985
vn 0.0208 -0.0001 0.9998
vn 0.0206 0.0005 0.9998
vn 0.0225 0.0002 0.9997
vn 0.0231 -0.0002 0.9997
vn 0.0233 0.0002 0.9997
vn 0.0238 -0.0005 0.9997
vn 0.0204 0.0004 0.9998
vn 0.0202 -0.0006 0.9998
vn 0.0202 0.0004 0.9998
vn 0.0200 -0.0007 0.9998
vn 0.0533 -0.9690 -0.2413
vn 0.0532 -0.9690 -0.2414
vn 0.0531 -0.9690 -0.2415
vn -0.0124 -0.0002 -0.9999
vn -0.0127 0.0009 -0.9999
vn -0.0126 -0.0001 -0.9999
vn -0.0128 0.0009 -0.9999
vn -0.0128 -0.0000 -0.9999
vn -0.0131 0.0008 -0.9999
vn -0.0100 0.9704 0.2414
vn -0.0114 0.9706 0.2403
vn -0.0132 0.9704 0.2413
vn -0.0137 0.9707 0.2398
vn -0.0140 0.9709 0.2389
vn -0.0142 0.9705 0.2408
vn -0.0153 0.9768 0.2138
vn -0.0150 0.9764 0.2156
vn -0.0179 0.9924 0.1219
vn -0.0182 0.9925 0.1211
vn -0.0220 0.9991 -0.0367
vn -0.0220 0.9991 -0.0370
vn -0.0257 0.9726 -0.2313
vn -0.0256 0.9726 -0.2310
vn -0.0284 0.8913 -0.4525
vn -0.0282 0.8921 -0.4510
vn -0.0291 0.7455 -0.6659
vn -0.0289 0.7469 -0.6643
vn -0.0277 0.5566 -0.8303
vn -0.0274 0.5591 -0.8287
vn -0.0246 0.3579 -0.9334
vn -0.0244 0.3600 -0.9326
vn -0.0212 0.1868 -0.9822
vn -0.0210 0.1879 -0.9820
vn -0.0184 0.0704 -0.9973
vn -0.0184 0.0717 -0.9973
vn -0.0173 0.0281 -0.9995
vn -0.0171 0.0269 -0.9995
vn -0.0164 -0.0004 -0.9999
vn -0.0162 -0.0066 -0.9998
vn -0.0164 -0.0001 -0.9999
vn -0.0164 -0.0029 -0.9999
vn -0.0164 0.0002 -0.9999
vn -0.0164 0.0003 -0.9999
vn -0.0159 -0.0001 -0.9999
vn -0.0162 0.0004 -0.9999
vn -0.0131 0.0000 -0.9999
vn -0.0136 0.0005 -0.9999
vn -0.0142 0.0000 -0.9999
vn -0.0146 0.0006 -0.9999
vn -0.0148 -0.0002 -0.9999
vn -0.0152 0.0003 -0.9999
vn -0.0160 0.0006 -0.9999
vn 0.9982 0.0246 -0.0550
vn 0.9984 0.0214 -0.0526
vn 0.9980 0.0251 -0.0582
vn 0.9978 0.0272 -0.0602
vn 0.9978 0.0273 -0.0606
vn 0.9978 0.0278 -0.0606
vn 0.9979 0.0270 -0.0592
vn 0.9980 0.0269 -0.0578
vn 0.9978 0.0274 -0.0609
vn 0.9978 0.0275 -0.0610
vn 0.9978 0.0275 -0.0611
vn 0.9977 0.0275 -0.0611
vn 0.9977 0.0275 -0.0612
vn 0.9978 0.0273 -0.0607
vn 0.9978 0.0270 -0.0603
vn 0.9979 0.0266 -0.0598
vn 0.9979 0.0263 -0.0594
vn 0.9979 0.0261 -0.0592
vn 0.9979 0.0262 -0.0593
vn 0.9979 0.0266 -0.0596
vn 0.9977 0.0289 -0.0613
vn 0.9978 0.0272 -0.0599
vn 0.9977 0.0295 -0.0613
vn 0.9978 0.0280 -0.0604
vn 0.9977 0.0288 -0.0608
vn 0.9977 0.0304 -0.0614
vn 0.9977 0.0304 -0.0613
vn 0.9976 0.0316 -0.0615
vn 0.9976 0.0326 -0.0613
vn 0.9976 0.0329 -0.0615
vn 0.9975 0.0347 -0.0618
vn 0.9975 0.0368 -0.0608
vn 0.9976 0.0344 -0.0606
vn 0.9975 0.0359 -0.0608
vn 0.9974 0.0392 -0.0600
vn 0.9974 0.0412 -0.0595
vn 0.9975 0.0380 -0.0603
vn 0.9975 0.0367 -0.0607
vn 0.9974 0.0411 -0.0599
vn 0.9973 0.0432 -0.0588
vn 0.9971 0.0486 -0.0586
vn 0.9973 0.0444 -0.0584
vn 0.9972 0.0480 -0.0575
vn 0.9987 0.0468 -0.0191
vn 0.9986 0.0503 -0.0180
vn 0.9985 0.0529 -0.0167
vn 0.9989 0.0253 -0.0406
vn 0.9986 0.0286 -0.0443
vn 0.9986 0.0323 -0.0408
vn 0.9987 0.0312 -0.0408
vn 0.9987 0.0298 -0.0408
vn 0.9988 0.0277 -0.0411
vn 0.9988 0.0269 -0.0408
vn 0.9989 0.0263 -0.0389
vn 0.9979 0.0269 -0.0592
vn 0.9980 0.0268 -0.0565
vn 0.9981 0.0267 -0.0549
vn 0.9982 0.0266 -0.0538
vn 0.9982 0.0265 -0.0535
vn 0.9982 0.0265 -0.0530
vn 0.9982 0.0265 -0.0534
vn 0.9984 0.0260 -0.0510
vn 0.9990 0.0258 -0.0372
vn 0.9990 0.0253 -0.0359
vn 0.9991 0.0249 -0.0349
vn 0.9991 0.0244 -0.0338
vn 0.9992 0.0249 -0.0328
vn 0.9992 0.0256 -0.0299
vn 0.9992 0.0257 -0.0295
vn 0.9993 0.0258 -0.0262
vn 0.9993 0.0288 -0.0224
vn 0.9994 0.0258 -0.0246
vn 0.9994 0.0260 -0.0235
vn 0.9994 0.0257 -0.0232
vn 0.9995 0.0246 -0.0190
vn 0.9995 0.0247 -0.0191
vn 0.9995 0.0234 -0.0209
vn 0.9994 0.0250 -0.0227
vn 0.2539 0.7593 -0.5991
vn 0.9994 0.0233 -0.0247
vn 0.9994 0.0230 -0.0240
vn 0.9995 0.0226 -0.0204
vn 0.9995 0.0224 -0.0214
vn 0.9995 0.0224 -0.0226
vn 0.9995 0.0249 -0.0193
vn 0.9995 0.0243 -0.0192
vn 0.9995 0.0239 -0.0192
vn 0.9995 0.0235 -0.0194
vn 0.9995 0.0231 -0.0197
vn 0.9991 0.0384 -0.0195
vn 0.9989 0.0417 -0.0197
vn 0.9992 0.0355 -0.0186
vn 0.9994 0.0284 -0.0213
vn 0.9993 0.0271 -0.0245
vn 0.9984 0.0383 -0.0405
vn 0.9986 0.0343 -0.0412
vn 0.9986 0.0329 -0.0409
vn 0.9980 0.0513 -0.0375
vn 0.9982 0.0443 -0.0403
vn 0.9981 0.0483 -0.0383
vn 0.9985 0.0382 -0.0399
vn 0.9967 0.0575 -0.0569
vn 0.9966 0.0588 -0.0583
vn 0.9971 0.0519 -0.0554
vn 0.9966 0.0573 -0.0591
vn 0.9977 0.0578 -0.0368
vn 0.9976 0.0583 -0.0372
vn 0.9978 0.0547 -0.0368
vn 0.9977 0.0561 -0.0374
vn 0.9982 0.0576 -0.0165
vn 0.9982 0.0569 -0.0164
vn 0.9983 0.0559 -0.0165
vn 0.9983 0.0554 -0.0165
vn -0.9977 -0.0291 0.0611
vn -0.9978 -0.0270 0.0599
vn -0.9978 -0.0278 0.0608
vn -0.9979 -0.0263 0.0594
vn -0.9979 -0.0261 0.0593
vn -0.9978 -0.0267 0.0599
vn -0.9978 -0.0270 0.0603
vn -0.9978 -0.0272 0.0607
vn -0.9978 -0.0274 0.0608
vn -0.9978 -0.0275 0.0610
vn -0.9977 -0.0275 0.0611
vn -0.9978 -0.0275 0.0611
vn -0.9978 -0.0274 0.0606
vn -0.9978 -0.0272 0.0602
vn -0.9979 -0.0271 0.0594
vn -0.9979 -0.0269 0.0585
vn -0.9980 -0.0269 0.0577
vn -0.9980 -0.0256 0.0583
vn -0.9982 -0.0252 0.0550
vn -0.9983 -0.0227 0.0529
vn -0.9976 -0.0311 0.0614
vn -0.9977 -0.0298 0.0612
vn -0.9977 -0.0302 0.0613
vn -0.9977 -0.0287 0.0608
vn -0.9978 -0.0278 0.0603
vn -0.9976 -0.0318 0.0615
vn -0.9976 -0.0316 0.0615
vn -0.9976 -0.0322 0.0615
vn -0.9976 -0.0329 0.0615
vn -0.9976 -0.0333 0.0615
vn -0.9975 -0.0343 0.0612
vn -0.9974 -0.0378 0.0610
vn -0.9974 -0.0380 0.0612
vn -0.9972 -0.0460 0.0595
vn -0.9972 -0.0410 0.0621
vn -0.9972 -0.0481 0.0579
vn -0.9990 -0.0258 0.0377
vn -0.9989 -0.0265 0.0396
vn -0.9986 -0.0257 0.0459
vn -0.9982 -0.0265 0.0530
vn -0.9982 -0.0266 0.0533
vn -0.9982 -0.0267 0.0537
vn -0.9981 -0.0268 0.0550
vn -0.9980 -0.0269 0.0569
vn -0.9978 -0.0270 0.0601
vn -0.9987 -0.0307 0.0406
vn -0.9987 -0.0322 0.0402
vn -0.9986 -0.0320 0.0425
vn -0.9988 -0.0273 0.0408
vn -0.9987 -0.0291 0.0408
vn -0.9986 -0.0275 0.0454
vn -0.9984 -0.0261 0.0510
vn -0.9992 -0.0390 0.0098
vn -0.9978 -0.0447 0.0500
vn -0.9980 -0.0501 0.0396
vn -0.9980 -0.0510 0.0373
vn -0.9983 -0.0446 0.0384
vn -0.9984 -0.0381 0.0419
vn -0.9986 -0.0338 0.0403
vn -0.9991 -0.0246 0.0350
vn -0.9990 -0.0254 0.0368
vn -0.9991 -0.0241 0.0341
vn -0.9991 -0.0240 0.0338
vn -0.9991 -0.0240 0.0339
vn -0.9991 -0.0242 0.0342
vn -0.9992 -0.0237 0.0334
vn -0.9992 -0.0227 0.0318
vn -0.9991 -0.0255 0.0352
vn -0.9992 -0.0247 0.0307
vn -0.9992 -0.0258 0.0308
vn -0.9993 -0.0291 0.0222
vn -0.9993 -0.0257 0.0263
vn -0.9994 -0.0257 0.0252
vn -0.9995 -0.0249 0.0193
vn -0.9995 -0.0254 0.0196
vn -0.9512 -0.2411 0.1928
vn -0.9995 -0.0235 0.0194
vn -0.9995 -0.0239 0.0192
vn -0.9995 -0.0243 0.0192
vn -0.9994 -0.0230 0.0240
vn -0.9995 -0.0224 0.0226
vn -0.9995 -0.0224 0.0214
vn -0.9995 -0.0226 0.0204
vn -0.9995 -0.0231 0.0197
vn -0.9994 -0.0263 0.0227
vn -0.9994 -0.0260 0.0234
vn -0.9994 -0.0261 0.0227
vn -0.9994 -0.0292 0.0204
vn -0.9991 -0.0384 0.0194
vn -0.9992 -0.0336 0.0198
vn -0.9990 -0.0410 0.0195
vn -0.9986 -0.0503 0.0180
vn -0.9987 -0.0464 0.0195
vn -0.9985 -0.0528 0.0167
vn -0.9969 -0.0546 0.0573
vn -0.9968 -0.0568 0.0564
vn -0.9966 -0.0596 0.0570
vn -0.9966 -0.0606 0.0561
vn -0.9976 -0.0587 0.0366
vn -0.9976 -0.0581 0.0371
vn -0.9977 -0.0561 0.0369
vn -0.9978 -0.0548 0.0373
vn -0.9983 -0.0567 0.0167
vn -0.9982 -0.0575 0.0163
vn -0.9983 -0.0555 0.0166
vn -0.9983 -0.0560 0.0164
vn -0.0727 0.9613 -0.2656
vn -0.0714 0.9612 -0.2665
vn -0.0736 0.9629 -0.2596
vn -0.0757 0.9624 -0.2610
vn -0.0783 0.9624 -0.2600
vn -0.0752 0.9615 -0.2644
vn -0.0743 0.9611 -0.2659
vn -0.0736 0.9630 -0.2594
vn -0.2043 -0.4717 0.8577
vn -0.2054 -0.4642 0.8616
vn -0.2078 -0.4527 0.8671
vn -0.2098 -0.4432 0.8715
vn -0.2120 -0.4324 0.8764
vn -0.2182 -0.4012 0.8896
vn -0.2177 -0.4084 0.8864
vn -0.2334 -0.3055 0.9232
vn -0.2312 -0.3427 0.9106
vn -0.2476 -0.2049 0.9469
vn -0.2472 -0.2319 0.9408
vn -0.2590 -0.1274 0.9574
vn -0.2591 -0.1230 0.9580
vn -0.2662 -0.0615 0.9619
vn -0.1007 -0.8076 0.5811
vn -0.1026 -0.8023 0.5881
vn -0.1038 -0.7995 0.5916
vn -0.1044 -0.7982 0.5933
vn -0.1095 -0.7856 0.6089
vn -0.1183 -0.7652 0.6329
vn -0.1246 -0.7454 0.6549
vn -0.1416 -0.7033 0.6966
vn -0.1495 -0.6736 0.7238
vn -0.1667 -0.6225 0.7647
vn -0.1741 -0.5901 0.7884
vn -0.1867 -0.5466 0.8163
vn -0.1949 -0.5076 0.8392
vn -0.0080 -0.9577 0.2876
vn -0.0089 -0.9565 0.2915
vn -0.0309 -0.9311 0.3635
vn -0.0314 -0.9301 0.3660
vn -0.0572 -0.8920 0.4485
vn -0.0617 -0.8828 0.4657
vn -0.0805 -0.8502 0.5202
vn -0.0897 -0.8289 0.5521
vn 0.0066 -0.9710 0.2389
vn 0.0063 -0.9708 0.2397
vn 0.0029 -0.9679 0.2515
vn 0.0046 -0.9701 0.2426
vn 0.0016 -0.9676 0.2523
vn 0.0049 -0.9696 0.2446
vn 0.0070 -0.9698 0.2436
vn 0.0051 -0.9697 0.2443
vn 0.0090 -0.9698 0.2436
vn 0.0094 -0.9701 0.2427
vn 0.0108 -0.9699 0.2434
vn 0.0110 -0.9695 0.2450
vn 0.0118 -0.9703 0.2416
vn 0.0124 -0.9711 0.2384
vn 0.0165 -0.9743 0.2248
vn 0.0195 -0.9785 0.2053
vn 0.0309 -0.9857 0.1654
vn 0.0375 -0.9917 0.1230
vn 0.0512 -0.9961 0.0719
vn 0.0605 -0.9980 0.0209
vn 0.0745 -0.9965 -0.0389
vn 0.0811 -0.9938 -0.0761
vn 0.0983 -0.9828 -0.1561
vn 0.1018 -0.9785 -0.1794
vn 0.1121 -0.9670 -0.2289
vn 0.1178 -0.9590 -0.2579
vn 0.1204 -0.9544 -0.2731
vn 0.1368 -0.9204 -0.3662
vn 0.1338 -0.9328 -0.3348
vn 0.1574 -0.8567 -0.4912
vn 0.1545 -0.8764 -0.4561
vn 0.1764 -0.7774 -0.6038
vn 0.1761 -0.7811 -0.5991
vn 0.1930 -0.6738 -0.7133
vn 0.2036 -0.5442 -0.8139
vn 0.2051 -0.5269 -0.8248
vn 0.2049 -0.5307 -0.8224
vn 0.1901 -0.6947 -0.6938
vn 0.1967 -0.6299 -0.7513
vn 0.2015 -0.5812 -0.7884
vn 0.2042 -0.5413 -0.8157
vn 0.2104 -0.3051 -0.9288
vn 0.2074 -0.4599 -0.8634
vn 0.2115 -0.3861 -0.8979
vn 0.2058 -0.5061 -0.8376
vn 0.2069 -0.4928 -0.8452
vn 0.1969 0.0142 -0.9803
vn 0.1971 0.0110 -0.9803
vn 0.1971 0.0062 -0.9804
vn 0.1985 -0.0038 -0.9801
vn 0.2005 -0.0408 -0.9789
vn 0.2012 -0.0460 -0.9785
vn 0.2049 -0.1086 -0.9727
vn 0.2059 -0.1202 -0.9712
vn 0.2076 -0.1808 -0.9614
vn 0.2101 -0.2240 -0.9517
vn 0.2100 -0.3482 -0.9136
vn 0.1962 0.0160 -0.9804
vn 0.1956 0.0188 -0.9805
vn 0.1952 0.0177 -0.9806
vn 0.1941 0.0204 -0.9808
vn 0.1915 0.0227 -0.9812
vn 0.1906 0.0238 -0.9814
vn 0.1888 0.0256 -0.9817
vn 0.1857 0.0261 -0.9823
vn 0.1844 0.0278 -0.9825
vn 0.1842 0.0258 -0.9826
vn -0.2658 -0.0594 0.9622
vn -0.2679 -0.0327 0.9629
vn -0.2683 -0.0297 0.9629
vn -0.2681 -0.0248 0.9631
vn -0.2677 -0.0265 0.9631
vn -0.2668 -0.0243 0.9634
vn -0.2657 -0.0290 0.9636
vn -0.2645 -0.0265 0.9640
vn -0.2631 -0.0320 0.9642
vn -0.2616 -0.0291 0.9647
vn -0.2596 -0.0351 0.9651
vn -0.2578 -0.0318 0.9657
vn -0.2543 -0.0370 0.9664
vn -0.2548 -0.0332 0.9664
vn -0.2532 -0.0365 0.9667
vn -0.2502 -0.0405 0.9673
vn -0.0913 0.9606 -0.2627
vn -0.0906 0.9605 -0.2631
vn -0.0915 0.9613 -0.2598
vn -0.0915 0.9614 -0.2596
vn -0.0922 0.9612 -0.2598
vn -0.0926 0.9605 -0.2625
vn -0.0929 0.9611 -0.2600
vn -0.0932 0.9604 -0.2626
vn -0.1949 -0.0273 0.9804
vn -0.1956 -0.0315 0.9802
vn -0.1970 -0.0278 0.9800
vn -0.1961 -0.0307 0.9801
vn -0.2012 -0.0262 0.9792
vn -0.2066 -0.0234 0.9781
vn -0.2052 -0.0218 0.9785
vn -0.2038 -0.0238 0.9787
vn -0.2030 -0.0214 0.9789
vn -0.2023 -0.0238 0.9790
vn -0.0335 0.9676 -0.2501
vn -0.0307 0.9655 -0.2587
vn -0.0315 0.9659 -0.2569
vn -0.0161 0.9488 -0.3155
vn -0.0160 0.9486 -0.3160
vn 0.0169 0.8984 -0.4388
vn 0.0168 0.8985 -0.4386
vn 0.0477 0.8356 -0.5473
vn 0.0479 0.8353 -0.5478
vn 0.0612 0.8032 -0.5926
vn 0.0588 0.8092 -0.5846
vn 0.0638 0.7964 -0.6014
vn 0.0644 0.7949 -0.6033
vn 0.0629 0.7989 -0.5981
vn 0.0775 0.7598 -0.6456
vn 0.0754 0.7655 -0.6390
vn 0.0668 0.7886 -0.6112
vn 0.1129 0.6475 -0.7536
vn 0.1130 0.6473 -0.7538
vn 0.1562 0.4693 -0.8691
vn 0.1576 0.4639 -0.8718
vn 0.1914 0.2807 -0.9405
vn 0.1884 0.2940 -0.9370
vn 0.2121 0.1306 -0.9685
vn 0.2220 0.0405 -0.9742
vn 0.2236 0.0215 -0.9744
vn 0.2235 0.0226 -0.9744
vn 0.2079 0.1608 -0.9648
vn 0.2174 0.0849 -0.9724
vn 0.2211 0.0468 -0.9741
vn 0.2232 0.0255 -0.9744
vn 0.2233 0.0248 -0.9744
vn 0.2235 0.0215 -0.9745
vn 0.2220 0.0246 -0.9747
vn 0.2235 0.0220 -0.9745
vn 0.2220 0.0242 -0.9747
vn 0.2202 0.0263 -0.9751
vn 0.2172 0.0288 -0.9757
vn 0.2173 0.0312 -0.9756
vn 0.2138 0.0303 -0.9764
vn 0.2114 0.0277 -0.9770
vn -0.0352 0.9681 -0.2482
vn -0.0342 0.9676 -0.2500
vn -0.0346 0.9680 -0.2484
vn -0.0341 0.9681 -0.2481
vn -0.0828 0.9608 -0.2645
vn -0.0818 0.9607 -0.2651
vn -0.0832 0.9620 -0.2601
vn -0.0849 0.9616 -0.2610
vn -0.0869 0.9616 -0.2602
vn -0.0846 0.9609 -0.2636
vn -0.0839 0.9606 -0.2648
vn -0.0833 0.9620 -0.2599
vn -0.2231 -0.0312 0.9743
vn -0.2238 -0.0363 0.9740
vn -0.2254 -0.0320 0.9737
vn -0.2242 -0.0354 0.9739
vn -0.2310 -0.0294 0.9725
vn -0.2371 -0.0246 0.9712
vn -0.2372 -0.0220 0.9712
vn -0.2370 -0.0255 0.9712
vn -0.2364 -0.0230 0.9714
vn -0.2352 -0.0273 0.9716
vn -0.2339 -0.0248 0.9719
vn -0.2319 -0.0271 0.9724
vn 0.2172 0.2843 -0.9338
vn 0.2154 0.2942 -0.9312
vn 0.2398 0.1323 -0.9618
vn 0.1818 0.4636 -0.8672
vn 0.1832 0.4587 -0.8695
vn 0.1379 0.6338 -0.7611
vn 0.1374 0.6349 -0.7603
vn 0.0971 0.7539 -0.6498
vn 0.1101 0.7184 -0.6868
vn 0.0831 0.7887 -0.6091
vn 0.0801 0.7957 -0.6003
vn 0.0735 0.8108 -0.5806
vn 0.0787 0.7990 -0.5961
vn 0.0757 0.8058 -0.5873
vn 0.0617 0.8365 -0.5445
vn 0.0611 0.8376 -0.5428
vn 0.0277 0.8990 -0.4371
vn 0.0274 0.8994 -0.4363
vn -0.0086 0.9487 -0.3160
vn -0.0092 0.9492 -0.3146
vn -0.0251 0.9655 -0.2591
vn -0.0262 0.9663 -0.2562
vn -0.0283 0.9677 -0.2506
vn 0.2511 0.0249 -0.9676
vn 0.2508 0.0284 -0.9676
vn 0.2494 0.0439 -0.9674
vn 0.2486 0.0503 -0.9673
vn 0.2392 0.1333 -0.9618
vn 0.2508 0.0250 -0.9677
vn 0.2506 0.0283 -0.9677
vn 0.2502 0.0289 -0.9678
vn 0.2499 0.0255 -0.9679
vn 0.2493 0.0299 -0.9680
vn 0.2489 0.0263 -0.9682
vn 0.2482 0.0314 -0.9682
vn 0.2472 0.0280 -0.9685
vn 0.2454 0.0344 -0.9688
vn 0.2433 0.0314 -0.9694
vn 0.2403 0.0338 -0.9701
vn 0.2376 0.0310 -0.9709
vn -0.0288 0.9685 -0.2474
vn -0.0289 0.9683 -0.2483
vn -0.0292 0.9675 -0.2512
vn -0.9718 -0.1308 -0.1960
vn -0.9725 -0.1318 -0.1922
vn -0.9727 -0.1224 -0.1971
vn -0.9631 -0.0833 -0.2558
vn -0.9643 -0.0854 -0.2506
vn -0.9651 -0.0795 -0.2495
vn -0.9648 -0.0854 -0.2486
vn -0.9659 -0.0839 -0.2450
vn -0.9694 -0.0803 -0.2321
vn -0.9682 -0.0860 -0.2352
vn -0.9679 -0.1062 -0.2277
vn -0.9700 -0.0931 -0.2248
vn -0.9604 -0.0945 -0.2621
vn -0.9618 -0.0875 -0.2594
vn -0.9607 -0.0953 -0.2608
vn -0.9607 -0.0975 -0.2598
vn -0.9608 -0.0980 -0.2592
vn -0.9610 -0.0919 -0.2609
vn -0.9614 -0.0884 -0.2605
vn -0.9630 -0.0817 -0.2567
vn -0.9618 -0.0857 -0.2602
vn -0.9634 -0.0802 -0.2559
vn -0.9619 -0.0845 -0.2599
vn -0.9634 -0.0799 -0.2559
vn -0.9622 -0.0834 -0.2593
vn -0.9626 -0.0806 -0.2587
vn -0.9627 -0.0820 -0.2580
vn -0.9629 -0.0813 -0.2572
vn -0.9603 -0.1085 -0.2571
vn -0.9605 -0.1035 -0.2585
vn -0.9606 -0.1007 -0.2591
vn -0.9611 -0.1287 -0.2445
vn -0.9605 -0.1299 -0.2462
vn -0.9602 -0.1223 -0.2512
vn -0.9597 -0.1205 -0.2537
vn -0.9603 -0.1095 -0.2566
vn -0.9572 -0.1363 -0.2552
vn -0.9577 -0.1363 -0.2535
vn -0.9596 -0.1338 -0.2477
vn -0.9625 -0.0786 -0.2597
vn -0.9624 -0.0788 -0.2599
vn -0.9625 -0.0783 -0.2596
vn -0.9633 -0.0762 -0.2572
vn -0.9629 -0.0772 -0.2585
vn -0.9627 -0.0779 -0.2592
vn -0.9623 -0.0793 -0.2601
vn -0.9623 -0.0792 -0.2601
vn -0.9624 -0.0791 -0.2600
vn -0.9623 -0.0792 -0.2600
vn -0.9750 -0.0763 -0.2088
vn -0.9741 -0.0747 -0.2135
vn -0.9737 -0.0800 -0.2131
vn -0.9709 -0.0741 -0.2279
vn -0.9662 -0.0736 -0.2470
vn -0.9639 -0.0752 -0.2553
vn -0.9753 -0.0836 -0.2046
vn -0.9741 -0.0795 -0.2117
vn -0.9750 -0.0746 -0.2093
vn -0.9756 -0.0731 -0.2070
vn -0.9758 -0.0730 -0.2063
vn -0.9758 -0.0725 -0.2063
vn -0.9759 -0.0722 -0.2059
vn -0.9758 -0.0724 -0.2065
vn -0.9759 -0.0722 -0.2060
vn -0.9757 -0.0726 -0.2070
vn -0.9759 -0.0723 -0.2061
vn -0.9759 -0.0721 -0.2058
vn -0.9757 -0.0732 -0.2064
vn -0.9757 -0.0733 -0.2065
vn -0.9758 -0.0731 -0.2062
vn -0.9755 -0.0740 -0.2073
vn -0.9751 -0.0754 -0.2086
vn -0.9749 -0.0864 -0.2051
vn -0.9747 -0.0967 -0.2017
vn -0.9741 -0.1075 -0.1988
vn -0.9740 -0.1095 -0.1984
vn -0.9730 -0.1186 -0.1978
vn -0.9740 -0.1392 -0.1790
vn -0.9711 -0.1387 -0.1942
vn -0.9700 -0.1420 -0.1975
vn -0.9659 -0.0929 -0.2416
vn -0.9676 -0.0907 -0.2356
vn -0.9651 -0.0938 -0.2444
vn -0.9658 -0.0935 -0.2418
vn -0.9671 -0.0962 -0.2354
vn -0.9687 -0.0891 -0.2317
vn -0.9695 -0.0876 -0.2288
vn -0.9692 -0.0886 -0.2298
vn -0.9696 -0.0876 -0.2285
vn -0.9704 -0.0854 -0.2258
vn -0.9704 -0.0855 -0.2260
vn -0.9708 -0.0842 -0.2247
vn -0.9713 -0.0821 -0.2231
vn -0.9717 -0.0812 -0.2217
vn -0.9724 -0.0850 -0.2175
vn -0.9680 -0.1089 -0.2262
vn -0.9670 -0.1345 -0.2163
vn -0.9638 -0.1159 -0.2403
vn -0.9638 -0.1414 -0.2261
vn -0.9641 -0.1414 -0.2247
vn -0.9670 -0.1321 -0.2180
vn -0.9662 -0.1337 -0.2206
vn -0.9672 -0.1183 -0.2248
vn -0.9673 -0.1034 -0.2317
vn -0.9666 -0.1326 -0.2194
vn 0.9730 0.1198 0.1972
vn 0.9746 0.1057 0.1974
vn 0.9739 0.1138 0.1962
vn 0.9680 0.1049 0.2280
vn 0.9704 0.0967 0.2214
vn 0.9696 0.0806 0.2312
vn 0.9680 0.0875 0.2351
vn 0.9649 0.0795 0.2502
vn 0.9656 0.0849 0.2457
vn 0.9654 0.1192 0.2319
vn 0.9666 0.1327 0.2193
vn 0.9660 0.1368 0.2192
vn 0.9713 0.0821 0.2230
vn 0.9708 0.0842 0.2247
vn 0.9752 0.0877 0.2035
vn 0.9731 0.0871 0.2131
vn 0.9735 0.0797 0.2143
vn 0.9720 0.0820 0.2203
vn 0.9720 0.0795 0.2213
vn 0.9703 0.0856 0.2261
vn 0.9702 0.0861 0.2267
vn 0.9709 0.0841 0.2243
vn 0.9708 0.0844 0.2247
vn 0.9695 0.0876 0.2288
vn 0.9687 0.0892 0.2318
vn 0.9675 0.0909 0.2360
vn 0.9660 0.0929 0.2414
vn 0.9674 0.1059 0.2300
vn 0.9685 0.1323 0.2111
vn 0.9705 0.1127 0.2130
vn 0.9650 0.1364 0.2241
vn 0.9671 0.0963 0.2353
vn 0.9684 0.1072 0.2250
vn 0.9641 0.1414 0.2247
vn 0.9638 0.1414 0.2261
vn 0.9661 0.0940 0.2404
vn 0.9667 0.0953 0.2373
vn 0.9668 0.0955 0.2368
vn 0.9654 0.0924 0.2439
vn 0.9753 0.0893 0.2018
vn 0.9717 0.1346 0.1943
vn 0.9719 0.1339 0.1936
vn 0.9713 0.1407 0.1919
vn 0.9717 0.1377 0.1920
vn 0.9702 0.1420 0.1965
vn 0.9699 0.1420 0.1979
vn 0.9750 0.0740 0.2095
vn 0.9749 0.0734 0.2102
vn 0.9751 0.0744 0.2090
vn 0.9751 0.0754 0.2087
vn 0.9754 0.0757 0.2072
vn 0.9755 0.0760 0.2064
vn 0.9755 0.0760 0.2065
vn 0.9755 0.0759 0.2067
vn 0.9754 0.0758 0.2068
vn 0.9754 0.0757 0.2069
vn 0.9754 0.0756 0.2072
vn 0.9753 0.0753 0.2077
vn 0.9752 0.0750 0.2081
vn 0.9751 0.0747 0.2086
vn 0.9751 0.0761 0.2081
vn 0.9751 0.0755 0.2085
vn 0.9749 0.0733 0.2103
vn 0.9750 0.0738 0.2098
vn 0.9750 0.0748 0.2090
vn 0.9750 0.0737 0.2098
vn 0.9749 0.0733 0.2102
vn 0.9753 0.0788 0.2065
vn 0.9702 0.0738 0.2308
vn 0.9738 0.0747 0.2146
vn 0.9748 0.0752 0.2098
vn 0.9642 0.0748 0.2544
vn 0.9652 0.0734 0.2510
vn 0.9623 0.0797 0.2601
vn 0.9623 0.0798 0.2602
vn 0.9624 0.0790 0.2600
vn 0.9626 0.0807 0.2586
vn 0.9623 0.0791 0.2600
vn 0.9624 0.0791 0.2600
vn 0.9624 0.0790 0.2599
vn 0.9625 0.0787 0.2598
vn 0.9624 0.0787 0.2598
vn 0.9626 0.0782 0.2595
vn 0.9622 0.0802 0.2602
vn 0.9623 0.0792 0.2601
vn 0.9623 0.0793 0.2601
vn 0.9624 0.0792 0.2600
vn 0.9633 0.0764 0.2575
vn 0.9637 0.0756 0.2562
vn 0.9638 0.0754 0.2558
vn 0.9630 0.0764 0.2584
vn 0.9624 0.0789 0.2599
vn 0.9626 0.0783 0.2595
vn 0.9626 0.0780 0.2593
vn 0.9629 0.0773 0.2586
vn 0.9648 0.0854 0.2486
vn 0.9637 0.0829 0.2539
vn 0.9636 0.0791 0.2552
vn 0.9629 0.0812 0.2573
vn 0.9627 0.0819 0.2579
vn 0.9627 0.0818 0.2578
vn 0.9626 0.0827 0.2581
vn 0.9634 0.0799 0.2558
vn 0.9634 0.0800 0.2559
vn 0.9614 0.0894 0.2601
vn 0.9617 0.0875 0.2597
vn 0.9620 0.0858 0.2592
vn 0.9629 0.0818 0.2572
vn 0.9633 0.0804 0.2563
vn 0.9609 0.0920 0.2610
vn 0.9608 0.0937 0.2608
vn 0.9607 0.0976 0.2599
vn 0.9609 0.0957 0.2597
vn 0.9609 0.0965 0.2595
vn 0.9609 0.0970 0.2594
vn 0.9608 0.0980 0.2592
vn 0.9573 0.1363 0.2550
vn 0.9599 0.1311 0.2479
vn 0.9577 0.1363 0.2534
vn 0.9596 0.1337 0.2477
vn 0.9606 0.1007 0.2592
vn 0.9605 0.1035 0.2585
vn 0.9602 0.1082 0.2573
vn 0.9603 0.1093 0.2565
vn 0.9598 0.1201 0.2538
vn 0.9602 0.1197 0.2524
vn 0.9605 0.1315 0.2453
# 4895 vertex normals

vt 0.0000 0.0000 0.0000
# 1 texture coords

o node
g node
usemtl DefaultMaterial
s off
f 1/1/1 2/1/2 3/1/3 
f 3/1/3 2/1/2 4/1/4 
f 3/1/3 4/1/4 5/1/5 
f 5/1/5 4/1/4 6/1/6 
f 5/1/5 6/1/6 7/1/7 
f 7/1/7 6/1/6 8/1/8 
f 7/1/7 8/1/8 9/1/9 
f 9/1/9 8/1/8 10/1/10 
f 11/1/11 12/1/12 13/1/13 
f 14/1/14 14/1/15 15/1/16 
f 15/1/17 16/1/18 17/1/19 
f 17/1/19 16/1/18 18/1/20 
f 17/1/19 18/1/20 19/1/21 
f 19/1/21 18/1/20 20/1/22 
f 19/1/21 20/1/22 21/1/23 
f 21/1/23 20/1/22 22/1/24 
f 21/1/23 22/1/24 23/1/25 
f 23/1/25 22/1/24 24/1/26 
f 23/1/25 24/1/26 25/1/27 
f 25/1/27 24/1/26 26/1/28 
f 25/1/27 26/1/28 27/1/29 
f 27/1/29 26/1/28 28/1/30 
f 27/1/29 28/1/30 29/1/31 
f 29/1/31 28/1/30 30/1/32 
f 29/1/31 30/1/32 31/1/33 
f 15/1/16 14/1/15 15/1/17 
f 15/1/17 14/1/15 32/1/34 
f 15/1/17 32/1/34 16/1/18 
f 33/1/35 34/1/36 15/1/16 
f 15/1/16 34/1/36 14/1/37 
f 15/1/16 14/1/37 14/1/14 
f 12/1/12 11/1/11 35/1/38 
f 35/1/38 11/1/11 36/1/39 
f 35/1/38 36/1/39 37/1/40 
f 37/1/40 36/1/39 38/1/41 
f 37/1/40 38/1/41 33/1/35 
f 33/1/35 38/1/41 38/1/42 
f 33/1/35 38/1/42 34/1/36 
f 39/1/43 39/1/44 13/1/45 
f 13/1/45 39/1/44 39/1/46 
f 13/1/45 39/1/46 13/1/47 
f 13/1/13 39/1/48 40/1/49 
f 13/1/13 40/1/49 11/1/11 
f 39/1/43 13/1/45 41/1/50 
f 41/1/50 13/1/45 42/1/51 
f 41/1/50 42/1/51 43/1/52 
f 43/1/52 42/1/51 44/1/53 
f 44/1/53 42/1/51 45/1/54 
f 44/1/53 45/1/54 46/1/55 
f 46/1/55 45/1/54 47/1/56 
f 47/1/56 45/1/54 48/1/57 
f 47/1/56 48/1/57 49/1/58 
f 50/1/59 51/1/60 52/1/61 
f 52/1/61 51/1/60 49/1/58 
f 52/1/61 49/1/58 53/1/62 
f 53/1/62 49/1/58 48/1/57 
f 54/1/63 55/1/64 50/1/65 
f 50/1/59 56/1/66 57/1/67 
f 50/1/59 57/1/67 51/1/60 
f 56/1/68 56/1/69 54/1/63 
f 54/1/63 56/1/69 55/1/64 
f 56/1/68 54/1/63 56/1/70 
f 56/1/70 54/1/63 58/1/71 
f 56/1/70 58/1/71 59/1/72 
f 59/1/72 58/1/71 60/1/73 
f 59/1/72 60/1/73 61/1/74 
f 61/1/74 60/1/73 62/1/75 
f 62/1/75 60/1/73 63/1/76 
f 62/1/75 63/1/76 64/1/77 
f 64/1/78 63/1/79 65/1/80 
f 66/1/81 67/1/82 68/1/83 
f 68/1/83 67/1/82 64/1/84 
f 68/1/83 64/1/84 65/1/80 
f 65/1/80 64/1/84 64/1/85 
f 65/1/80 64/1/85 64/1/78 
f 68/1/83 69/1/86 66/1/81 
f 66/1/81 69/1/86 70/1/87 
f 66/1/81 70/1/87 66/1/88 
f 66/1/88 70/1/87 71/1/89 
f 66/1/88 71/1/89 72/1/90 
f 72/1/90 71/1/89 73/1/91 
f 72/1/92 73/1/93 73/1/94 
f 74/1/95 75/1/96 76/1/97 
f 76/1/97 75/1/96 72/1/98 
f 76/1/97 72/1/98 73/1/94 
f 73/1/94 72/1/98 72/1/99 
f 73/1/94 72/1/99 72/1/92 
f 76/1/97 77/1/100 74/1/95 
f 74/1/95 77/1/100 78/1/101 
f 74/1/95 78/1/101 79/1/102 
f 79/1/102 78/1/101 80/1/103 
f 79/1/102 80/1/103 81/1/104 
f 81/1/104 80/1/103 82/1/105 
f 81/1/104 82/1/105 83/1/106 
f 83/1/106 82/1/105 84/1/107 
f 83/1/106 84/1/107 85/1/108 
f 84/1/107 86/1/109 85/1/108 
f 85/1/108 86/1/109 87/1/110 
f 85/1/108 87/1/110 88/1/111 
f 88/1/111 87/1/110 89/1/112 
f 88/1/111 89/1/112 90/1/113 
f 90/1/113 89/1/112 91/1/114 
f 90/1/113 91/1/114 92/1/115 
f 92/1/115 91/1/114 9/1/116 
f 92/1/115 9/1/116 10/1/117 
f 93/1/118 31/1/119 30/1/120 
f 30/1/120 94/1/121 93/1/118 
f 93/1/118 94/1/121 95/1/122 
f 93/1/118 95/1/122 96/1/123 
f 2/1/124 1/1/125 97/1/126 
f 2/1/124 97/1/126 98/1/127 
f 98/1/127 97/1/126 99/1/128 
f 98/1/127 99/1/128 100/1/129 
f 100/1/129 99/1/128 101/1/130 
f 100/1/129 101/1/130 102/1/131 
f 102/1/131 101/1/130 103/1/132 
f 102/1/131 103/1/132 104/1/133 
f 104/1/133 103/1/132 105/1/134 
f 104/1/133 105/1/134 106/1/135 
f 106/1/135 105/1/134 107/1/136 
f 107/1/136 105/1/134 108/1/137 
f 107/1/136 108/1/137 107/1/138 
f 109/1/139 110/1/140 111/1/141 
f 111/1/141 110/1/140 112/1/142 
f 111/1/141 112/1/142 108/1/137 
f 108/1/137 112/1/142 113/1/143 
f 108/1/137 113/1/143 107/1/138 
f 111/1/141 114/1/144 109/1/139 
f 109/1/139 114/1/144 115/1/145 
f 109/1/139 115/1/145 116/1/146 
f 116/1/146 115/1/145 117/1/147 
f 116/1/146 117/1/147 118/1/148 
f 118/1/148 117/1/147 119/1/149 
f 118/1/148 119/1/149 120/1/150 
f 120/1/150 119/1/149 121/1/151 
f 120/1/152 120/1/150 121/1/151 
f 122/1/153 123/1/154 124/1/155 
f 124/1/155 123/1/154 125/1/156 
f 124/1/155 125/1/156 121/1/151 
f 121/1/151 125/1/156 120/1/157 
f 121/1/151 120/1/157 120/1/152 
f 124/1/155 126/1/158 122/1/153 
f 122/1/153 126/1/158 127/1/159 
f 122/1/153 127/1/159 128/1/160 
f 128/1/160 127/1/159 129/1/161 
f 128/1/160 129/1/161 130/1/162 
f 130/1/162 129/1/161 131/1/163 
f 131/1/164 130/1/165 131/1/163 
f 131/1/163 130/1/165 130/1/162 
f 132/1/166 133/1/167 134/1/168 
f 134/1/168 133/1/167 135/1/169 
f 134/1/168 135/1/169 131/1/170 
f 131/1/170 135/1/169 130/1/171 
f 131/1/170 130/1/171 130/1/172 
f 134/1/168 136/1/173 132/1/166 
f 132/1/166 136/1/173 137/1/174 
f 132/1/166 137/1/174 138/1/175 
f 138/1/175 137/1/174 139/1/176 
f 138/1/175 139/1/176 140/1/177 
f 140/1/177 139/1/176 141/1/178 
f 140/1/177 141/1/178 142/1/179 
f 142/1/179 141/1/178 143/1/180 
f 142/1/179 143/1/180 144/1/181 
f 144/1/181 143/1/180 145/1/182 
f 143/1/180 146/1/183 145/1/182 
f 145/1/182 146/1/183 147/1/184 
f 145/1/182 147/1/184 148/1/185 
f 148/1/185 147/1/184 149/1/186 
f 149/1/186 147/1/184 150/1/187 
f 149/1/186 150/1/187 151/1/188 
f 151/1/188 150/1/187 152/1/189 
f 151/1/188 152/1/189 153/1/190 
f 153/1/190 152/1/189 154/1/191 
f 153/1/190 154/1/191 155/1/192 
f 154/1/191 156/1/193 155/1/192 
f 155/1/192 156/1/193 157/1/194 
f 155/1/192 157/1/194 158/1/195 
f 158/1/195 157/1/194 159/1/196 
f 158/1/197 159/1/196 159/1/198 
f 158/1/195 159/1/196 158/1/197 
f 158/1/199 159/1/199 159/1/199 
f 158/1/200 159/1/201 160/1/202 
f 160/1/202 159/1/201 161/1/203 
f 160/1/202 161/1/203 162/1/204 
f 162/1/204 161/1/203 163/1/205 
f 162/1/204 163/1/205 164/1/206 
f 164/1/206 163/1/205 165/1/207 
f 164/1/206 165/1/207 166/1/208 
f 165/1/207 167/1/209 166/1/208 
f 166/1/208 167/1/209 168/1/210 
f 166/1/208 168/1/210 169/1/211 
f 169/1/211 168/1/210 170/1/212 
f 170/1/212 168/1/210 171/1/213 
f 170/1/212 171/1/213 172/1/214 
f 172/1/214 171/1/213 173/1/215 
f 172/1/214 173/1/215 173/1/216 
f 172/1/217 173/1/217 173/1/217 
f 172/1/214 173/1/216 172/1/218 
f 172/1/218 173/1/216 173/1/219 
f 172/1/218 173/1/219 174/1/220 
f 174/1/220 173/1/219 175/1/221 
f 174/1/220 175/1/221 176/1/222 
f 176/1/222 175/1/221 177/1/223 
f 176/1/222 177/1/223 178/1/224 
f 177/1/223 179/1/225 178/1/224 
f 178/1/224 179/1/225 180/1/226 
f 178/1/224 180/1/226 181/1/227 
f 181/1/227 180/1/226 182/1/228 
f 181/1/227 182/1/228 183/1/229 
f 183/1/230 182/1/230 184/1/230 
f 183/1/231 184/1/232 183/1/233 
f 183/1/231 184/1/234 184/1/232 
f 183/1/233 184/1/232 183/1/235 
f 184/1/232 184/1/236 183/1/235 
f 183/1/235 184/1/236 185/1/237 
f 183/1/235 185/1/237 186/1/238 
f 186/1/238 185/1/237 187/1/239 
f 186/1/238 187/1/239 188/1/240 
f 188/1/240 187/1/239 189/1/241 
f 189/1/241 187/1/239 190/1/242 
f 189/1/241 190/1/242 191/1/243 
f 191/1/243 190/1/242 192/1/244 
f 191/1/243 192/1/244 193/1/245 
f 193/1/245 192/1/244 194/1/246 
f 193/1/245 194/1/246 195/1/247 
f 195/1/247 194/1/246 196/1/248 
f 196/1/248 194/1/246 197/1/249 
f 196/1/248 197/1/249 198/1/250 
f 198/1/250 197/1/249 199/1/251 
f 198/1/250 199/1/251 198/1/252 
f 198/1/252 199/1/251 200/1/253 
f 198/1/252 200/1/253 201/1/254 
f 201/1/254 200/1/253 202/1/255 
f 201/1/254 202/1/255 203/1/256 
f 203/1/256 202/1/255 204/1/257 
f 203/1/256 204/1/257 205/1/258 
f 204/1/257 206/1/259 205/1/258 
f 205/1/258 206/1/259 207/1/260 
f 205/1/258 207/1/260 208/1/261 
f 208/1/261 207/1/260 96/1/262 
f 208/1/261 96/1/262 95/1/263 
f 202/1/264 209/1/265 204/1/266 
f 89/1/267 210/1/268 91/1/269 
f 211/1/270 212/1/271 25/1/272 
f 25/1/272 212/1/271 213/1/273 
f 25/1/272 213/1/273 23/1/274 
f 213/1/273 15/1/275 17/1/276 
f 17/1/276 19/1/277 213/1/273 
f 213/1/273 19/1/277 21/1/278 
f 213/1/273 21/1/278 23/1/274 
f 150/1/279 48/1/280 45/1/281 
f 150/1/279 45/1/281 152/1/282 
f 152/1/282 45/1/281 42/1/283 
f 152/1/282 42/1/283 154/1/284 
f 154/1/284 42/1/283 13/1/285 
f 154/1/284 13/1/285 156/1/286 
f 13/1/285 13/1/287 156/1/286 
f 156/1/286 13/1/287 12/1/288 
f 156/1/286 12/1/288 35/1/289 
f 35/1/289 37/1/290 156/1/286 
f 156/1/286 37/1/290 33/1/291 
f 156/1/286 33/1/291 213/1/273 
f 213/1/273 33/1/291 15/1/292 
f 213/1/273 15/1/292 15/1/275 
f 147/1/293 52/1/294 150/1/279 
f 150/1/279 52/1/294 53/1/295 
f 150/1/279 53/1/295 48/1/280 
f 214/1/296 84/1/297 82/1/298 
f 82/1/298 80/1/299 214/1/296 
f 214/1/296 80/1/299 78/1/300 
f 214/1/296 78/1/300 77/1/301 
f 76/1/302 73/1/303 146/1/304 
f 146/1/304 73/1/303 73/1/305 
f 146/1/304 73/1/305 71/1/306 
f 71/1/306 70/1/307 146/1/304 
f 146/1/304 70/1/307 69/1/308 
f 146/1/304 69/1/308 68/1/309 
f 68/1/309 65/1/310 146/1/304 
f 146/1/304 65/1/310 63/1/311 
f 146/1/304 63/1/311 147/1/293 
f 147/1/293 63/1/311 60/1/312 
f 147/1/293 60/1/312 58/1/313 
f 58/1/313 54/1/314 147/1/293 
f 147/1/293 54/1/314 50/1/315 
f 147/1/293 50/1/315 52/1/294 
f 84/1/297 214/1/296 86/1/316 
f 86/1/316 214/1/296 215/1/317 
f 86/1/316 215/1/317 87/1/318 
f 87/1/318 215/1/317 89/1/267 
f 89/1/267 215/1/317 216/1/319 
f 89/1/267 216/1/319 210/1/268 
f 210/1/268 216/1/319 5/1/320 
f 210/1/268 5/1/320 91/1/269 
f 91/1/269 5/1/320 7/1/321 
f 91/1/269 7/1/321 9/1/322 
f 217/1/323 97/1/324 218/1/325 
f 218/1/325 97/1/324 1/1/326 
f 218/1/325 1/1/326 3/1/327 
f 105/1/328 103/1/329 219/1/330 
f 219/1/330 103/1/329 101/1/331 
f 219/1/330 101/1/331 217/1/323 
f 217/1/323 101/1/331 99/1/332 
f 217/1/323 99/1/332 97/1/324 
f 219/1/330 143/1/333 141/1/334 
f 114/1/335 111/1/336 219/1/330 
f 219/1/330 111/1/336 108/1/337 
f 219/1/330 108/1/337 105/1/328 
f 141/1/334 139/1/338 219/1/330 
f 219/1/330 139/1/338 137/1/339 
f 219/1/330 137/1/339 136/1/340 
f 136/1/340 134/1/340 219/1/330 
f 219/1/330 134/1/340 131/1/341 
f 219/1/330 131/1/341 131/1/342 
f 131/1/342 129/1/343 219/1/330 
f 219/1/330 129/1/343 127/1/344 
f 219/1/330 127/1/344 126/1/345 
f 126/1/345 124/1/346 219/1/330 
f 219/1/330 124/1/346 121/1/347 
f 219/1/330 121/1/347 119/1/348 
f 119/1/348 117/1/349 219/1/330 
f 219/1/330 117/1/349 115/1/350 
f 219/1/330 115/1/350 114/1/335 
f 143/1/333 214/1/296 146/1/304 
f 146/1/304 214/1/296 77/1/301 
f 146/1/304 77/1/301 76/1/302 
f 167/1/351 165/1/352 212/1/271 
f 165/1/352 163/1/353 212/1/271 
f 212/1/271 163/1/353 161/1/354 
f 212/1/271 161/1/354 213/1/273 
f 213/1/273 161/1/354 159/1/355 
f 213/1/273 159/1/355 159/1/356 
f 159/1/356 159/1/357 213/1/273 
f 213/1/273 159/1/357 157/1/358 
f 213/1/273 157/1/358 156/1/286 
f 185/1/359 184/1/360 212/1/271 
f 199/1/361 197/1/362 212/1/271 
f 212/1/271 197/1/362 194/1/363 
f 212/1/271 194/1/363 192/1/364 
f 192/1/364 190/1/365 212/1/271 
f 212/1/271 190/1/365 187/1/366 
f 212/1/271 187/1/366 185/1/359 
f 184/1/360 184/1/367 212/1/271 
f 212/1/271 184/1/367 184/1/368 
f 184/1/368 182/1/369 212/1/271 
f 212/1/271 182/1/369 180/1/370 
f 212/1/271 180/1/370 179/1/371 
f 179/1/371 177/1/372 212/1/271 
f 212/1/271 177/1/372 175/1/373 
f 212/1/271 175/1/373 173/1/374 
f 173/1/374 173/1/375 212/1/271 
f 212/1/271 173/1/375 173/1/376 
f 212/1/271 173/1/376 173/1/377 
f 173/1/377 171/1/378 212/1/271 
f 212/1/271 171/1/378 168/1/379 
f 212/1/271 168/1/379 167/1/351 
f 204/1/266 209/1/265 206/1/380 
f 206/1/380 209/1/265 220/1/381 
f 206/1/380 220/1/381 207/1/382 
f 25/1/272 27/1/383 211/1/270 
f 211/1/270 27/1/383 29/1/384 
f 211/1/270 29/1/384 221/1/385 
f 221/1/385 29/1/384 31/1/386 
f 221/1/385 31/1/386 93/1/387 
f 143/1/333 219/1/330 214/1/296 
f 214/1/296 219/1/330 217/1/323 
f 214/1/296 217/1/323 215/1/317 
f 215/1/317 217/1/323 218/1/325 
f 215/1/317 218/1/325 216/1/319 
f 216/1/319 218/1/325 3/1/327 
f 216/1/319 3/1/327 5/1/320 
f 96/1/388 207/1/382 93/1/387 
f 93/1/387 207/1/382 220/1/381 
f 93/1/387 220/1/381 221/1/385 
f 221/1/385 220/1/381 209/1/265 
f 221/1/385 209/1/265 211/1/270 
f 211/1/270 209/1/265 202/1/264 
f 211/1/270 202/1/264 212/1/271 
f 212/1/271 202/1/264 200/1/389 
f 212/1/271 200/1/389 199/1/361 
f 203/1/390 222/1/391 201/1/392 
f 205/1/393 208/1/394 223/1/395 
f 56/1/396 56/1/397 148/1/398 
f 56/1/396 148/1/398 56/1/399 
f 57/1/400 56/1/400 148/1/400 
f 148/1/398 55/1/401 56/1/399 
f 56/1/397 59/1/402 148/1/398 
f 148/1/398 59/1/402 61/1/403 
f 148/1/398 61/1/403 145/1/404 
f 145/1/404 61/1/403 62/1/405 
f 145/1/404 62/1/405 64/1/406 
f 64/1/407 67/1/408 145/1/404 
f 145/1/404 64/1/406 64/1/409 
f 145/1/404 64/1/409 64/1/407 
f 67/1/408 66/1/410 145/1/404 
f 145/1/404 66/1/410 66/1/411 
f 145/1/404 66/1/411 72/1/412 
f 145/1/404 72/1/412 72/1/413 
f 72/1/413 72/1/414 145/1/404 
f 145/1/404 72/1/414 75/1/415 
f 145/1/404 75/1/415 224/1/416 
f 75/1/415 74/1/417 224/1/416 
f 224/1/416 74/1/417 79/1/418 
f 224/1/416 79/1/418 81/1/419 
f 149/1/420 47/1/421 49/1/422 
f 149/1/420 49/1/422 148/1/423 
f 148/1/423 49/1/422 51/1/424 
f 148/1/423 51/1/424 57/1/425 
f 34/1/426 38/1/427 155/1/428 
f 14/1/429 34/1/426 225/1/430 
f 225/1/430 32/1/431 14/1/432 
f 14/1/429 225/1/430 14/1/432 
f 225/1/433 14/1/433 14/1/433 
f 38/1/427 38/1/434 155/1/428 
f 155/1/428 38/1/434 36/1/435 
f 155/1/428 36/1/435 11/1/436 
f 11/1/436 40/1/437 155/1/428 
f 155/1/428 40/1/437 39/1/438 
f 155/1/428 39/1/438 153/1/439 
f 153/1/440 39/1/440 39/1/440 
f 39/1/438 39/1/441 153/1/439 
f 153/1/439 39/1/441 41/1/442 
f 153/1/439 41/1/442 151/1/443 
f 41/1/442 43/1/444 151/1/443 
f 151/1/443 43/1/444 44/1/445 
f 151/1/443 44/1/445 149/1/420 
f 149/1/420 44/1/445 46/1/446 
f 149/1/420 46/1/446 47/1/421 
f 20/1/447 18/1/448 225/1/430 
f 225/1/430 18/1/448 16/1/449 
f 225/1/430 16/1/449 32/1/431 
f 226/1/450 26/1/451 227/1/452 
f 227/1/452 26/1/451 24/1/453 
f 227/1/452 24/1/453 225/1/430 
f 225/1/430 24/1/453 22/1/454 
f 225/1/430 22/1/454 20/1/447 
f 28/1/455 26/1/451 228/1/456 
f 228/1/456 26/1/451 226/1/450 
f 228/1/456 226/1/450 223/1/395 
f 28/1/455 228/1/456 30/1/457 
f 30/1/457 228/1/456 223/1/395 
f 30/1/457 223/1/395 94/1/458 
f 94/1/458 223/1/395 208/1/394 
f 94/1/458 208/1/394 95/1/459 
f 170/1/460 172/1/461 227/1/452 
f 196/1/462 198/1/463 227/1/452 
f 227/1/452 172/1/461 172/1/464 
f 172/1/464 172/1/465 227/1/452 
f 227/1/452 172/1/465 174/1/466 
f 227/1/452 174/1/466 176/1/467 
f 176/1/467 178/1/468 227/1/452 
f 227/1/452 178/1/468 181/1/469 
f 227/1/452 181/1/469 183/1/470 
f 227/1/452 183/1/470 183/1/471 
f 227/1/452 183/1/471 183/1/472 
f 196/1/462 227/1/452 195/1/473 
f 183/1/472 186/1/474 227/1/452 
f 227/1/452 186/1/474 188/1/475 
f 227/1/452 188/1/475 189/1/476 
f 189/1/476 191/1/477 227/1/452 
f 227/1/452 191/1/477 193/1/478 
f 227/1/452 193/1/478 195/1/473 
f 34/1/426 155/1/428 225/1/430 
f 225/1/430 155/1/428 158/1/479 
f 158/1/479 158/1/480 225/1/430 
f 225/1/430 158/1/480 160/1/481 
f 225/1/430 160/1/481 227/1/452 
f 227/1/452 160/1/481 162/1/482 
f 227/1/452 162/1/482 164/1/483 
f 164/1/483 166/1/484 227/1/452 
f 227/1/452 166/1/484 169/1/485 
f 227/1/452 169/1/485 170/1/460 
f 140/1/486 142/1/487 229/1/488 
f 229/1/488 142/1/487 144/1/489 
f 229/1/488 107/1/490 107/1/491 
f 107/1/491 113/1/492 229/1/488 
f 229/1/488 113/1/492 112/1/493 
f 229/1/488 112/1/493 110/1/494 
f 110/1/494 109/1/495 229/1/488 
f 229/1/488 109/1/495 116/1/496 
f 229/1/488 116/1/496 118/1/497 
f 118/1/497 120/1/498 229/1/488 
f 120/1/498 120/1/499 229/1/488 
f 229/1/500 120/1/500 120/1/500 
f 229/1/488 120/1/501 125/1/502 
f 128/1/503 130/1/504 229/1/488 
f 125/1/502 123/1/505 229/1/488 
f 229/1/488 123/1/505 122/1/506 
f 229/1/488 122/1/506 128/1/503 
f 229/1/488 130/1/504 130/1/507 
f 130/1/507 130/1/508 229/1/488 
f 229/1/488 130/1/508 135/1/509 
f 229/1/488 135/1/509 133/1/509 
f 133/1/509 132/1/510 229/1/488 
f 229/1/488 132/1/510 138/1/511 
f 229/1/488 138/1/511 140/1/486 
f 100/1/512 102/1/513 229/1/488 
f 102/1/513 104/1/514 229/1/488 
f 229/1/488 104/1/514 106/1/515 
f 229/1/488 106/1/515 107/1/490 
f 2/1/516 98/1/517 230/1/518 
f 230/1/518 98/1/517 100/1/512 
f 230/1/518 100/1/512 231/1/519 
f 231/1/519 100/1/512 229/1/488 
f 2/1/516 232/1/520 4/1/521 
f 4/1/521 232/1/520 233/1/522 
f 4/1/521 233/1/522 6/1/523 
f 92/1/524 10/1/525 8/1/526 
f 8/1/526 6/1/523 92/1/524 
f 92/1/524 6/1/523 233/1/522 
f 92/1/524 233/1/522 90/1/527 
f 90/1/527 233/1/522 232/1/520 
f 90/1/527 232/1/520 234/1/528 
f 81/1/419 83/1/529 224/1/416 
f 224/1/416 83/1/529 85/1/530 
f 224/1/416 85/1/530 234/1/528 
f 234/1/528 85/1/530 88/1/531 
f 234/1/528 88/1/531 90/1/527 
f 2/1/516 230/1/518 232/1/520 
f 232/1/520 230/1/518 231/1/519 
f 232/1/520 231/1/519 234/1/528 
f 234/1/528 231/1/519 229/1/488 
f 234/1/528 229/1/488 224/1/416 
f 224/1/416 229/1/488 144/1/489 
f 224/1/416 144/1/489 145/1/404 
f 198/1/463 198/1/532 227/1/452 
f 227/1/452 198/1/532 201/1/392 
f 227/1/452 201/1/392 226/1/450 
f 226/1/450 201/1/392 222/1/391 
f 226/1/450 222/1/391 223/1/395 
f 223/1/395 222/1/391 203/1/390 
f 223/1/395 203/1/390 205/1/393 
f 235/1/533 236/1/534 237/1/535 
f 238/1/536 239/1/537 240/1/538 
f 240/1/538 241/1/539 238/1/536 
f 238/1/536 241/1/539 235/1/533 
f 238/1/536 235/1/533 242/1/540 
f 242/1/540 235/1/533 237/1/535 
f 243/1/541 244/1/542 245/1/543 
f 245/1/543 244/1/542 246/1/544 
f 246/1/544 244/1/542 247/1/545 
f 246/1/544 247/1/545 248/1/546 
f 248/1/546 247/1/545 249/1/547 
f 248/1/546 249/1/547 250/1/548 
f 249/1/547 251/1/549 250/1/548 
f 250/1/548 251/1/549 252/1/550 
f 250/1/548 252/1/550 253/1/551 
f 253/1/551 252/1/550 254/1/552 
f 253/1/551 254/1/552 255/1/553 
f 255/1/553 254/1/552 256/1/554 
f 254/1/552 257/1/555 256/1/554 
f 256/1/554 257/1/555 258/1/556 
f 256/1/554 258/1/556 259/1/557 
f 259/1/557 258/1/556 260/1/558 
f 259/1/557 260/1/558 259/1/559 
f 259/1/559 260/1/558 261/1/560 
f 259/1/559 261/1/560 262/1/561 
f 262/1/562 261/1/562 263/1/562 
f 262/1/563 263/1/564 264/1/565 
f 264/1/565 263/1/564 265/1/566 
f 264/1/565 265/1/566 266/1/567 
f 267/1/568 268/1/569 268/1/570 
f 268/1/570 268/1/571 267/1/568 
f 267/1/568 268/1/571 269/1/572 
f 267/1/568 269/1/572 270/1/573 
f 270/1/573 269/1/572 271/1/574 
f 270/1/573 271/1/574 272/1/575 
f 272/1/575 271/1/574 273/1/576 
f 272/1/575 273/1/576 266/1/567 
f 266/1/567 273/1/576 274/1/577 
f 266/1/567 274/1/577 264/1/565 
f 268/1/569 267/1/568 275/1/578 
f 275/1/578 267/1/568 276/1/579 
f 275/1/578 276/1/579 277/1/580 
f 276/1/579 278/1/581 277/1/580 
f 277/1/580 278/1/581 279/1/582 
f 277/1/580 279/1/582 280/1/583 
f 280/1/583 279/1/582 281/1/584 
f 281/1/584 279/1/582 282/1/585 
f 281/1/584 282/1/585 283/1/586 
f 283/1/586 282/1/585 284/1/587 
f 284/1/587 282/1/585 285/1/588 
f 284/1/587 285/1/588 284/1/589 
f 286/1/590 284/1/591 285/1/588 
f 285/1/588 284/1/591 284/1/589 
f 285/1/588 287/1/592 286/1/590 
f 286/1/590 287/1/592 288/1/593 
f 286/1/590 288/1/593 289/1/594 
f 289/1/594 288/1/593 290/1/595 
f 288/1/593 291/1/596 290/1/595 
f 290/1/595 291/1/596 292/1/597 
f 290/1/595 292/1/597 293/1/598 
f 293/1/598 292/1/597 294/1/599 
f 293/1/598 294/1/599 295/1/600 
f 295/1/600 294/1/599 296/1/601 
f 295/1/600 296/1/601 297/1/602 
f 297/1/602 296/1/601 298/1/603 
f 297/1/602 298/1/603 299/1/604 
f 299/1/604 298/1/603 300/1/605 
f 299/1/604 300/1/605 301/1/606 
f 301/1/606 300/1/605 302/1/607 
f 301/1/606 302/1/607 303/1/608 
f 303/1/608 302/1/607 304/1/609 
f 305/1/610 305/1/611 306/1/612 
f 306/1/612 305/1/611 305/1/613 
f 306/1/612 305/1/613 307/1/614 
f 307/1/614 305/1/613 308/1/615 
f 307/1/614 308/1/615 309/1/616 
f 309/1/616 308/1/615 310/1/617 
f 309/1/616 310/1/617 311/1/618 
f 311/1/618 310/1/617 312/1/619 
f 311/1/618 312/1/619 313/1/620 
f 313/1/620 312/1/619 314/1/621 
f 313/1/620 314/1/621 315/1/622 
f 315/1/622 314/1/621 316/1/623 
f 315/1/622 316/1/623 304/1/624 
f 304/1/624 316/1/623 303/1/625 
f 304/1/626 303/1/627 304/1/628 
f 304/1/628 303/1/627 304/1/609 
f 304/1/609 303/1/627 303/1/629 
f 304/1/609 303/1/629 303/1/608 
f 317/1/630 318/1/631 319/1/632 
f 319/1/632 318/1/631 320/1/633 
f 319/1/632 320/1/633 321/1/634 
f 321/1/634 320/1/633 322/1/635 
f 321/1/634 322/1/635 323/1/636 
f 323/1/636 322/1/635 324/1/637 
f 323/1/636 324/1/637 325/1/638 
f 325/1/638 324/1/637 305/1/639 
f 325/1/640 305/1/610 306/1/612 
f 326/1/641 327/1/642 317/1/630 
f 317/1/630 327/1/642 328/1/643 
f 317/1/630 328/1/643 318/1/631 
f 329/1/644 330/1/645 326/1/641 
f 326/1/641 330/1/645 327/1/642 
f 326/1/641 331/1/646 329/1/644 
f 329/1/644 331/1/646 332/1/647 
f 329/1/644 332/1/647 333/1/648 
f 333/1/648 332/1/647 334/1/649 
f 333/1/648 334/1/649 335/1/650 
f 335/1/650 334/1/649 336/1/651 
f 336/1/651 334/1/649 337/1/652 
f 336/1/651 337/1/652 338/1/653 
f 338/1/653 337/1/652 339/1/654 
f 338/1/653 339/1/654 340/1/655 
f 340/1/655 339/1/654 341/1/656 
f 340/1/655 341/1/656 342/1/657 
f 245/1/543 343/1/658 243/1/541 
f 243/1/541 343/1/658 344/1/659 
f 243/1/541 344/1/659 345/1/660 
f 345/1/660 344/1/659 346/1/661 
f 345/1/660 346/1/661 347/1/662 
f 347/1/662 346/1/661 237/1/663 
f 347/1/662 237/1/663 236/1/664 
f 348/1/665 348/1/666 349/1/667 
f 350/1/668 342/1/669 341/1/670 
f 341/1/670 351/1/671 350/1/668 
f 350/1/668 351/1/671 348/1/665 
f 350/1/668 348/1/665 352/1/672 
f 352/1/672 348/1/665 349/1/667 
f 353/1/673 354/1/674 355/1/675 
f 356/1/676 349/1/677 348/1/678 
f 348/1/678 357/1/679 356/1/676 
f 356/1/676 357/1/679 358/1/680 
f 356/1/676 358/1/680 359/1/681 
f 359/1/681 358/1/680 360/1/682 
f 359/1/681 360/1/682 361/1/683 
f 361/1/683 360/1/682 362/1/684 
f 362/1/684 360/1/682 363/1/685 
f 362/1/684 363/1/685 355/1/675 
f 355/1/675 363/1/685 364/1/686 
f 355/1/675 364/1/686 353/1/673 
f 365/1/687 366/1/688 367/1/689 
f 367/1/689 366/1/688 368/1/690 
f 368/1/690 366/1/688 369/1/691 
f 368/1/690 369/1/691 370/1/692 
f 370/1/692 369/1/691 371/1/693 
f 370/1/692 371/1/693 372/1/694 
f 372/1/694 371/1/693 373/1/695 
f 372/1/694 373/1/695 374/1/696 
f 374/1/696 373/1/695 375/1/697 
f 374/1/696 375/1/697 376/1/698 
f 376/1/698 375/1/697 377/1/699 
f 376/1/698 377/1/699 376/1/700 
f 376/1/701 377/1/701 378/1/701 
f 376/1/702 378/1/703 378/1/704 
f 376/1/702 378/1/704 379/1/705 
f 378/1/704 378/1/706 379/1/705 
f 379/1/705 378/1/706 380/1/707 
f 379/1/705 380/1/707 381/1/708 
f 381/1/708 380/1/707 382/1/709 
f 382/1/709 380/1/707 383/1/710 
f 382/1/709 383/1/710 384/1/711 
f 384/1/711 383/1/710 385/1/712 
f 384/1/711 385/1/712 386/1/713 
f 386/1/713 385/1/712 387/1/714 
f 386/1/713 387/1/714 388/1/715 
f 388/1/715 387/1/714 389/1/716 
f 388/1/715 389/1/716 390/1/717 
f 390/1/717 389/1/716 391/1/718 
f 390/1/717 391/1/718 390/1/719 
f 390/1/719 391/1/718 391/1/720 
f 390/1/719 391/1/720 391/1/721 
f 390/1/722 391/1/723 392/1/724 
f 391/1/723 393/1/725 392/1/724 
f 392/1/724 393/1/725 394/1/726 
f 392/1/724 394/1/726 395/1/727 
f 396/1/728 397/1/729 398/1/730 
f 398/1/730 397/1/729 395/1/727 
f 398/1/730 395/1/727 399/1/731 
f 399/1/731 395/1/727 394/1/726 
f 400/1/732 401/1/733 402/1/734 
f 402/1/734 401/1/733 403/1/735 
f 402/1/734 403/1/735 396/1/728 
f 396/1/728 403/1/735 404/1/736 
f 396/1/728 404/1/736 397/1/729 
f 367/1/689 405/1/737 365/1/687 
f 365/1/687 405/1/737 354/1/738 
f 365/1/687 354/1/738 353/1/739 
f 406/1/740 407/1/741 400/1/742 
f 400/1/742 407/1/741 401/1/743 
f 408/1/744 409/1/745 410/1/746 
f 408/1/744 410/1/746 411/1/747 
f 410/1/746 412/1/748 411/1/747 
f 411/1/747 412/1/748 413/1/749 
f 411/1/747 413/1/749 414/1/750 
f 414/1/750 413/1/749 407/1/751 
f 414/1/750 407/1/751 406/1/752 
f 415/1/753 416/1/754 417/1/755 
f 417/1/755 416/1/754 418/1/756 
f 418/1/756 416/1/754 419/1/757 
f 418/1/756 419/1/757 420/1/758 
f 419/1/757 421/1/759 420/1/758 
f 420/1/758 421/1/759 422/1/760 
f 420/1/758 422/1/760 423/1/761 
f 423/1/761 422/1/760 422/1/762 
f 423/1/761 422/1/762 424/1/763 
f 424/1/763 422/1/762 424/1/764 
f 424/1/765 422/1/765 425/1/765 
f 424/1/766 425/1/767 425/1/768 
f 424/1/766 425/1/768 426/1/769 
f 425/1/768 427/1/770 426/1/769 
f 426/1/769 427/1/770 428/1/771 
f 426/1/769 428/1/771 429/1/772 
f 429/1/772 428/1/771 429/1/773 
f 428/1/774 428/1/774 429/1/774 
f 429/1/773 428/1/771 430/1/775 
f 429/1/776 430/1/777 431/1/778 
f 431/1/778 430/1/777 432/1/779 
f 431/1/778 432/1/779 433/1/780 
f 433/1/780 432/1/779 434/1/781 
f 433/1/780 434/1/781 435/1/782 
f 435/1/782 434/1/781 436/1/783 
f 435/1/782 436/1/783 437/1/784 
f 437/1/784 436/1/783 438/1/785 
f 437/1/784 438/1/785 437/1/786 
f 437/1/786 438/1/785 438/1/787 
f 437/1/788 438/1/788 438/1/788 
f 437/1/786 438/1/787 439/1/789 
f 438/1/787 440/1/790 439/1/789 
f 439/1/789 440/1/790 441/1/791 
f 439/1/789 441/1/791 442/1/792 
f 442/1/792 441/1/791 443/1/793 
f 442/1/792 443/1/793 444/1/794 
f 444/1/794 443/1/793 240/1/795 
f 444/1/794 240/1/795 239/1/796 
f 417/1/755 445/1/797 415/1/753 
f 415/1/753 445/1/797 410/1/798 
f 415/1/753 410/1/798 409/1/799 
f 421/1/800 419/1/801 446/1/802 
f 414/1/803 447/1/804 448/1/805 
f 389/1/806 387/1/807 449/1/808 
f 385/1/809 383/1/810 450/1/811 
f 377/1/812 375/1/813 450/1/811 
f 383/1/810 380/1/814 450/1/811 
f 450/1/811 380/1/814 378/1/815 
f 450/1/811 378/1/815 378/1/816 
f 377/1/812 450/1/811 378/1/817 
f 450/1/811 378/1/816 378/1/817 
f 375/1/813 373/1/818 450/1/811 
f 450/1/811 373/1/818 371/1/819 
f 450/1/811 371/1/819 369/1/820 
f 353/1/821 451/1/822 365/1/823 
f 365/1/823 451/1/822 450/1/811 
f 365/1/823 450/1/811 366/1/824 
f 366/1/824 450/1/811 369/1/820 
f 389/1/806 449/1/808 391/1/825 
f 393/1/826 391/1/827 449/1/808 
f 398/1/828 399/1/829 449/1/808 
f 449/1/808 399/1/829 394/1/830 
f 449/1/808 394/1/830 393/1/826 
f 449/1/808 391/1/827 391/1/831 
f 449/1/808 391/1/831 391/1/825 
f 406/1/832 400/1/833 452/1/834 
f 452/1/834 400/1/833 402/1/835 
f 452/1/834 402/1/835 396/1/836 
f 414/1/803 448/1/805 411/1/837 
f 411/1/837 448/1/805 453/1/838 
f 411/1/837 453/1/838 408/1/839 
f 409/1/840 408/1/839 449/1/808 
f 449/1/808 408/1/839 453/1/838 
f 449/1/808 453/1/838 398/1/828 
f 398/1/828 453/1/838 448/1/805 
f 398/1/828 448/1/805 396/1/836 
f 396/1/836 448/1/805 447/1/804 
f 396/1/836 447/1/804 452/1/834 
f 452/1/834 447/1/804 414/1/803 
f 452/1/834 414/1/803 406/1/832 
f 387/1/807 385/1/809 449/1/808 
f 449/1/808 385/1/809 450/1/811 
f 449/1/808 450/1/811 409/1/840 
f 409/1/840 450/1/811 454/1/841 
f 409/1/840 454/1/841 415/1/842 
f 415/1/842 454/1/841 446/1/802 
f 415/1/842 446/1/802 416/1/843 
f 416/1/843 446/1/802 419/1/801 
f 438/1/844 243/1/845 440/1/846 
f 438/1/844 438/1/847 243/1/845 
f 243/1/845 438/1/847 438/1/848 
f 243/1/845 438/1/848 244/1/849 
f 244/1/849 438/1/848 436/1/850 
f 244/1/849 436/1/850 434/1/851 
f 434/1/851 432/1/852 244/1/849 
f 244/1/849 432/1/852 430/1/853 
f 244/1/849 430/1/853 247/1/854 
f 247/1/854 430/1/853 428/1/855 
f 428/1/855 428/1/856 247/1/854 
f 247/1/854 428/1/856 427/1/857 
f 247/1/854 427/1/857 425/1/858 
f 422/1/859 422/1/860 247/1/854 
f 422/1/859 247/1/854 425/1/861 
f 247/1/854 425/1/858 425/1/861 
f 440/1/846 243/1/845 441/1/862 
f 441/1/862 243/1/845 345/1/863 
f 441/1/862 345/1/863 443/1/864 
f 443/1/864 345/1/863 347/1/865 
f 443/1/864 347/1/865 240/1/866 
f 236/1/867 235/1/868 347/1/865 
f 347/1/865 235/1/868 241/1/869 
f 347/1/865 241/1/869 240/1/866 
f 422/1/860 421/1/800 247/1/854 
f 247/1/854 421/1/800 446/1/802 
f 247/1/854 446/1/802 249/1/870 
f 249/1/870 446/1/802 454/1/841 
f 249/1/870 454/1/841 251/1/871 
f 251/1/871 454/1/841 252/1/872 
f 265/1/873 263/1/874 454/1/841 
f 278/1/875 454/1/841 279/1/876 
f 279/1/876 454/1/841 282/1/877 
f 278/1/875 276/1/878 454/1/841 
f 454/1/841 276/1/878 267/1/878 
f 454/1/841 267/1/878 270/1/875 
f 270/1/875 272/1/879 454/1/841 
f 454/1/841 272/1/879 266/1/880 
f 454/1/841 266/1/880 265/1/873 
f 263/1/874 261/1/874 454/1/841 
f 454/1/841 261/1/874 260/1/881 
f 454/1/841 260/1/881 258/1/882 
f 258/1/882 257/1/882 454/1/841 
f 454/1/841 257/1/882 254/1/876 
f 454/1/841 254/1/876 252/1/872 
f 285/1/883 455/1/884 287/1/885 
f 287/1/885 455/1/884 456/1/886 
f 287/1/885 456/1/886 288/1/887 
f 288/1/887 456/1/886 457/1/888 
f 288/1/887 457/1/888 291/1/889 
f 331/1/890 326/1/891 457/1/888 
f 457/1/888 326/1/891 317/1/892 
f 457/1/888 317/1/892 319/1/893 
f 319/1/893 321/1/894 457/1/888 
f 457/1/888 321/1/894 323/1/895 
f 457/1/888 323/1/895 325/1/896 
f 325/1/896 306/1/897 457/1/888 
f 457/1/888 306/1/897 307/1/898 
f 457/1/888 307/1/898 309/1/899 
f 309/1/899 311/1/900 457/1/888 
f 457/1/888 311/1/900 313/1/901 
f 457/1/888 313/1/901 315/1/902 
f 315/1/902 304/1/903 457/1/888 
f 296/1/904 294/1/905 457/1/888 
f 457/1/888 294/1/905 292/1/906 
f 457/1/888 292/1/906 291/1/889 
f 304/1/903 304/1/907 457/1/888 
f 457/1/888 304/1/907 304/1/908 
f 457/1/888 304/1/908 302/1/909 
f 302/1/909 300/1/908 457/1/888 
f 457/1/888 300/1/908 298/1/910 
f 457/1/888 298/1/910 296/1/904 
f 331/1/890 451/1/822 332/1/911 
f 332/1/911 451/1/822 353/1/821 
f 332/1/911 353/1/821 334/1/912 
f 334/1/912 353/1/821 364/1/913 
f 334/1/912 364/1/913 337/1/914 
f 337/1/914 364/1/913 363/1/915 
f 337/1/914 363/1/915 339/1/916 
f 339/1/916 363/1/915 360/1/917 
f 360/1/917 358/1/918 339/1/916 
f 339/1/916 358/1/918 357/1/919 
f 339/1/916 357/1/919 341/1/920 
f 348/1/921 348/1/922 357/1/919 
f 357/1/919 348/1/922 351/1/923 
f 357/1/919 351/1/923 341/1/920 
f 331/1/890 457/1/888 451/1/822 
f 451/1/822 457/1/888 456/1/886 
f 451/1/822 456/1/886 450/1/811 
f 450/1/811 456/1/886 455/1/884 
f 450/1/811 455/1/884 454/1/841 
f 454/1/841 455/1/884 285/1/883 
f 454/1/841 285/1/883 282/1/877 
f 242/1/924 237/1/925 346/1/926 
f 343/1/927 442/1/928 344/1/929 
f 352/1/930 349/1/931 356/1/932 
f 395/1/933 397/1/934 458/1/935 
f 459/1/936 404/1/937 460/1/938 
f 460/1/938 404/1/937 403/1/939 
f 460/1/938 403/1/939 461/1/940 
f 461/1/940 403/1/939 401/1/941 
f 388/1/942 390/1/943 462/1/944 
f 462/1/944 390/1/943 390/1/945 
f 462/1/944 390/1/945 392/1/946 
f 379/1/947 381/1/948 463/1/949 
f 354/1/950 405/1/951 463/1/949 
f 463/1/949 405/1/951 367/1/952 
f 463/1/949 367/1/952 368/1/953 
f 368/1/953 370/1/954 463/1/949 
f 463/1/949 370/1/954 372/1/955 
f 463/1/949 372/1/955 374/1/956 
f 374/1/956 376/1/957 463/1/949 
f 463/1/949 376/1/957 376/1/958 
f 463/1/949 376/1/958 379/1/947 
f 382/1/959 384/1/960 462/1/944 
f 462/1/944 384/1/960 386/1/961 
f 462/1/944 386/1/961 388/1/942 
f 463/1/949 464/1/962 354/1/950 
f 354/1/950 464/1/962 333/1/963 
f 354/1/950 333/1/963 355/1/964 
f 355/1/964 333/1/963 335/1/965 
f 355/1/964 335/1/965 362/1/966 
f 362/1/966 335/1/965 336/1/967 
f 338/1/968 359/1/969 336/1/967 
f 336/1/967 359/1/969 361/1/970 
f 336/1/967 361/1/970 362/1/966 
f 338/1/968 340/1/971 359/1/969 
f 359/1/969 340/1/971 342/1/972 
f 359/1/969 342/1/972 356/1/932 
f 356/1/932 342/1/972 350/1/973 
f 356/1/932 350/1/973 352/1/930 
f 303/1/974 303/1/975 465/1/976 
f 293/1/977 295/1/978 465/1/976 
f 465/1/976 295/1/978 297/1/979 
f 465/1/976 297/1/979 299/1/980 
f 299/1/980 301/1/981 465/1/976 
f 465/1/976 301/1/981 303/1/974 
f 465/1/976 303/1/974 303/1/974 
f 305/1/982 305/1/983 465/1/976 
f 303/1/975 316/1/984 465/1/976 
f 465/1/976 316/1/984 314/1/985 
f 465/1/976 314/1/985 312/1/986 
f 312/1/986 310/1/987 465/1/976 
f 465/1/976 310/1/987 308/1/982 
f 465/1/976 308/1/982 305/1/982 
f 327/1/988 330/1/989 465/1/976 
f 465/1/976 330/1/989 329/1/990 
f 320/1/991 318/1/992 465/1/976 
f 465/1/976 318/1/992 328/1/993 
f 465/1/976 328/1/993 327/1/988 
f 305/1/983 305/1/994 465/1/976 
f 305/1/994 324/1/995 465/1/976 
f 465/1/976 324/1/995 322/1/996 
f 465/1/976 322/1/996 320/1/991 
f 293/1/977 465/1/976 290/1/997 
f 290/1/997 465/1/976 466/1/998 
f 290/1/997 466/1/998 289/1/999 
f 289/1/999 466/1/998 286/1/1000 
f 286/1/1000 466/1/998 467/1/1001 
f 286/1/1000 467/1/1001 284/1/1002 
f 256/1/1003 259/1/1003 468/1/1004 
f 468/1/1004 259/1/1003 259/1/1003 
f 468/1/1005 259/1/1005 262/1/1005 
f 271/1/1006 269/1/1007 468/1/1008 
f 468/1/1008 269/1/1007 268/1/1009 
f 468/1/1008 268/1/1009 268/1/1010 
f 468/1/1008 262/1/1011 264/1/1012 
f 264/1/1012 274/1/1013 468/1/1008 
f 468/1/1008 274/1/1013 273/1/1014 
f 468/1/1008 273/1/1014 271/1/1006 
f 283/1/1015 284/1/1016 468/1/1004 
f 283/1/1015 468/1/1004 281/1/1017 
f 268/1/1010 268/1/1018 468/1/1008 
f 468/1/1019 268/1/1019 275/1/1019 
f 275/1/1019 277/1/1019 468/1/1004 
f 468/1/1004 277/1/1019 280/1/1020 
f 468/1/1004 280/1/1020 281/1/1017 
f 284/1/1016 284/1/1002 468/1/1004 
f 468/1/1021 284/1/1021 284/1/1021 
f 469/1/1022 246/1/1023 468/1/1004 
f 468/1/1004 246/1/1023 248/1/1024 
f 468/1/1004 248/1/1024 250/1/1025 
f 250/1/1025 253/1/1026 468/1/1004 
f 468/1/1004 253/1/1026 255/1/1027 
f 468/1/1004 255/1/1027 256/1/1003 
f 420/1/1028 246/1/1023 418/1/1029 
f 418/1/1029 246/1/1023 469/1/1022 
f 418/1/1029 469/1/1022 417/1/1030 
f 420/1/1028 423/1/1031 246/1/1023 
f 246/1/1023 423/1/1031 424/1/1032 
f 246/1/1023 424/1/1032 424/1/1033 
f 424/1/1033 424/1/1034 246/1/1023 
f 424/1/1034 426/1/1035 246/1/1023 
f 246/1/1023 426/1/1035 429/1/1036 
f 246/1/1023 429/1/1036 245/1/1037 
f 245/1/1037 429/1/1036 429/1/1038 
f 245/1/1037 429/1/1038 431/1/1039 
f 431/1/1039 433/1/1040 245/1/1037 
f 245/1/1037 433/1/1040 435/1/1041 
f 245/1/1037 435/1/1041 343/1/927 
f 435/1/1041 437/1/1042 343/1/927 
f 343/1/927 437/1/1042 437/1/1043 
f 343/1/927 437/1/1043 439/1/1044 
f 343/1/927 439/1/1044 442/1/928 
f 442/1/928 444/1/1045 344/1/929 
f 344/1/929 444/1/1045 239/1/1046 
f 344/1/929 239/1/1046 346/1/926 
f 346/1/926 239/1/1046 238/1/1047 
f 346/1/926 238/1/1047 242/1/924 
f 381/1/948 382/1/959 463/1/949 
f 463/1/949 382/1/959 462/1/944 
f 463/1/949 462/1/944 468/1/1004 
f 468/1/1004 462/1/944 410/1/1048 
f 468/1/1004 410/1/1048 469/1/1022 
f 469/1/1022 410/1/1048 445/1/1049 
f 469/1/1022 445/1/1049 417/1/1030 
f 392/1/946 395/1/933 462/1/944 
f 462/1/944 395/1/933 458/1/935 
f 462/1/944 458/1/935 410/1/1048 
f 410/1/1048 458/1/935 412/1/1050 
f 401/1/941 407/1/1051 461/1/940 
f 461/1/940 407/1/1051 413/1/1052 
f 461/1/940 413/1/1052 460/1/938 
f 460/1/938 413/1/1052 412/1/1050 
f 460/1/938 412/1/1050 459/1/936 
f 459/1/936 412/1/1050 458/1/935 
f 459/1/936 458/1/935 404/1/937 
f 404/1/937 458/1/935 397/1/934 
f 284/1/1002 467/1/1001 468/1/1004 
f 468/1/1004 467/1/1001 466/1/998 
f 468/1/1004 466/1/998 463/1/949 
f 463/1/949 466/1/998 465/1/976 
f 463/1/949 465/1/976 464/1/962 
f 464/1/962 465/1/976 329/1/990 
f 464/1/962 329/1/990 333/1/963 
f 470/1/1053 471/1/1054 470/1/1055 
f 470/1/1055 471/1/1054 472/1/1056 
f 470/1/1055 472/1/1056 473/1/1057 
f 473/1/1057 472/1/1056 474/1/1058 
f 473/1/1057 474/1/1058 475/1/1059 
f 475/1/1059 474/1/1058 476/1/1060 
f 475/1/1059 476/1/1060 477/1/1061 
f 477/1/1061 476/1/1060 478/1/1062 
f 470/1/1063 471/1/1063 470/1/1063 
f 470/1/1053 471/1/1063 471/1/1054 
f 479/1/1064 480/1/1065 481/1/1066 
f 481/1/1066 480/1/1065 482/1/1067 
f 481/1/1066 482/1/1067 470/1/1068 
f 470/1/1068 482/1/1067 471/1/1069 
f 483/1/1070 484/1/1071 485/1/1072 
f 485/1/1072 484/1/1071 486/1/1073 
f 485/1/1072 486/1/1073 487/1/1074 
f 487/1/1074 486/1/1073 488/1/1075 
f 487/1/1074 488/1/1075 479/1/1076 
f 479/1/1076 488/1/1075 480/1/1077 
f 489/1/1078 490/1/1079 491/1/1080 
f 491/1/1080 490/1/1079 492/1/1081 
f 491/1/1080 492/1/1081 493/1/1082 
f 493/1/1082 492/1/1081 494/1/1083 
f 493/1/1082 494/1/1083 483/1/1084 
f 483/1/1084 494/1/1083 484/1/1085 
f 495/1/1086 490/1/1087 489/1/1088 
f 496/1/1089 497/1/1090 498/1/1091 
f 498/1/1091 497/1/1090 499/1/1092 
f 498/1/1091 499/1/1092 500/1/1093 
f 500/1/1093 499/1/1092 501/1/1094 
f 500/1/1093 501/1/1094 502/1/1095 
f 502/1/1095 501/1/1094 503/1/1096 
f 502/1/1095 503/1/1096 504/1/1097 
f 504/1/1097 503/1/1096 505/1/1098 
f 504/1/1097 505/1/1098 506/1/1099 
f 506/1/1099 505/1/1098 495/1/1086 
f 506/1/1099 495/1/1086 507/1/1100 
f 507/1/1100 495/1/1086 489/1/1088 
f 508/1/1101 509/1/1102 510/1/1103 
f 510/1/1103 509/1/1102 511/1/1104 
f 510/1/1103 511/1/1104 510/1/1105 
f 511/1/1106 511/1/1107 510/1/1108 
f 510/1/1108 511/1/1107 511/1/1109 
f 510/1/1108 511/1/1109 510/1/1110 
f 510/1/1110 511/1/1109 511/1/1111 
f 510/1/1110 511/1/1111 512/1/1112 
f 512/1/1112 511/1/1111 513/1/1113 
f 512/1/1112 513/1/1113 514/1/1114 
f 514/1/1114 513/1/1113 515/1/1115 
f 514/1/1114 515/1/1115 516/1/1116 
f 515/1/1115 517/1/1117 516/1/1116 
f 516/1/1116 517/1/1117 518/1/1118 
f 516/1/1116 518/1/1118 519/1/1119 
f 519/1/1119 518/1/1118 520/1/1120 
f 519/1/1119 520/1/1120 521/1/1121 
f 521/1/1121 520/1/1120 522/1/1122 
f 521/1/1121 522/1/1122 523/1/1123 
f 522/1/1122 524/1/1124 523/1/1123 
f 523/1/1123 524/1/1124 525/1/1125 
f 523/1/1123 525/1/1125 526/1/1126 
f 526/1/1126 525/1/1125 497/1/1127 
f 526/1/1126 497/1/1127 496/1/1128 
f 527/1/1129 528/1/1130 527/1/1131 
f 527/1/1131 528/1/1130 528/1/1132 
f 527/1/1131 528/1/1132 529/1/1133 
f 529/1/1133 528/1/1132 530/1/1134 
f 529/1/1133 530/1/1134 531/1/1135 
f 531/1/1135 530/1/1134 532/1/1136 
f 531/1/1135 532/1/1136 508/1/1101 
f 508/1/1101 532/1/1136 509/1/1102 
f 527/1/1137 528/1/1137 528/1/1137 
f 527/1/1129 528/1/1138 528/1/1130 
f 533/1/1139 534/1/1140 535/1/1141 
f 535/1/1141 534/1/1140 536/1/1142 
f 535/1/1141 536/1/1142 537/1/1143 
f 537/1/1143 536/1/1142 538/1/1144 
f 537/1/1143 538/1/1144 539/1/1145 
f 539/1/1145 538/1/1144 540/1/1146 
f 539/1/1145 540/1/1146 527/1/1147 
f 527/1/1148 540/1/1148 528/1/1148 
f 541/1/1149 542/1/1150 543/1/1151 
f 543/1/1151 542/1/1150 544/1/1152 
f 543/1/1151 544/1/1152 545/1/1153 
f 545/1/1153 544/1/1152 546/1/1154 
f 545/1/1153 546/1/1154 533/1/1155 
f 533/1/1155 546/1/1154 534/1/1156 
f 547/1/1157 548/1/1158 541/1/1159 
f 541/1/1159 548/1/1158 542/1/1160 
f 549/1/1161 550/1/1162 551/1/1163 
f 551/1/1163 550/1/1162 552/1/1164 
f 551/1/1163 552/1/1164 553/1/1165 
f 553/1/1165 552/1/1164 554/1/1166 
f 553/1/1165 554/1/1166 555/1/1167 
f 555/1/1167 554/1/1166 556/1/1167 
f 555/1/1167 556/1/1167 547/1/1168 
f 547/1/1168 556/1/1167 548/1/1169 
f 477/1/1061 478/1/1062 557/1/1170 
f 557/1/1170 478/1/1062 558/1/1171 
f 557/1/1170 558/1/1171 557/1/1172 
f 557/1/1172 558/1/1171 559/1/1173 
f 559/1/1173 558/1/1171 560/1/1174 
f 559/1/1173 560/1/1174 561/1/1175 
f 561/1/1175 560/1/1174 562/1/1176 
f 561/1/1175 562/1/1176 563/1/1177 
f 563/1/1177 562/1/1176 564/1/1178 
f 563/1/1177 564/1/1178 565/1/1179 
f 565/1/1179 564/1/1178 566/1/1180 
f 565/1/1179 566/1/1180 567/1/1181 
f 567/1/1181 566/1/1180 568/1/1182 
f 568/1/1182 566/1/1180 569/1/1183 
f 568/1/1182 569/1/1183 570/1/1184 
f 569/1/1183 571/1/1185 570/1/1184 
f 570/1/1184 571/1/1185 572/1/1186 
f 570/1/1184 572/1/1186 573/1/1187 
f 573/1/1187 572/1/1186 550/1/1188 
f 573/1/1187 550/1/1188 549/1/1189 
f 492/1/1190 490/1/1191 495/1/1192 
f 499/1/1193 497/1/1194 525/1/1195 
f 548/1/1196 556/1/1197 542/1/1198 
f 542/1/1198 556/1/1197 574/1/1199 
f 542/1/1198 574/1/1199 544/1/1200 
f 544/1/1200 574/1/1199 546/1/1201 
f 556/1/1197 554/1/1202 574/1/1199 
f 574/1/1199 554/1/1202 575/1/1203 
f 574/1/1199 575/1/1203 546/1/1201 
f 546/1/1201 575/1/1203 534/1/1204 
f 554/1/1202 552/1/1205 575/1/1203 
f 575/1/1203 552/1/1205 576/1/1206 
f 575/1/1203 576/1/1206 534/1/1204 
f 534/1/1204 576/1/1206 577/1/1207 
f 534/1/1204 577/1/1207 536/1/1208 
f 536/1/1208 577/1/1207 578/1/1209 
f 536/1/1208 578/1/1209 538/1/1210 
f 538/1/1210 578/1/1209 540/1/1211 
f 540/1/1211 578/1/1209 579/1/1212 
f 540/1/1211 579/1/1212 528/1/1213 
f 525/1/1195 524/1/1214 580/1/1215 
f 580/1/1215 524/1/1214 522/1/1216 
f 580/1/1215 522/1/1216 520/1/1217 
f 520/1/1217 518/1/1218 580/1/1215 
f 580/1/1215 518/1/1218 517/1/1219 
f 580/1/1215 517/1/1219 515/1/1220 
f 515/1/1220 513/1/1221 580/1/1215 
f 580/1/1215 513/1/1221 511/1/1222 
f 580/1/1215 511/1/1222 511/1/1223 
f 511/1/1223 511/1/1224 580/1/1215 
f 580/1/1215 511/1/1224 511/1/1225 
f 580/1/1215 511/1/1225 509/1/1226 
f 509/1/1226 532/1/1227 580/1/1215 
f 580/1/1215 532/1/1227 530/1/1228 
f 580/1/1215 530/1/1228 528/1/1229 
f 528/1/1229 528/1/1213 580/1/1215 
f 580/1/1215 528/1/1213 528/1/1230 
f 580/1/1215 528/1/1230 528/1/1231 
f 505/1/1232 503/1/1233 581/1/1234 
f 581/1/1234 503/1/1233 501/1/1235 
f 494/1/1236 492/1/1190 582/1/1237 
f 582/1/1237 492/1/1190 495/1/1192 
f 582/1/1237 495/1/1192 505/1/1232 
f 505/1/1232 581/1/1234 582/1/1237 
f 582/1/1237 581/1/1234 488/1/1238 
f 582/1/1237 488/1/1238 494/1/1236 
f 494/1/1236 488/1/1238 486/1/1239 
f 494/1/1236 486/1/1239 484/1/1240 
f 499/1/1193 525/1/1195 501/1/1235 
f 501/1/1235 525/1/1195 580/1/1215 
f 501/1/1235 580/1/1215 581/1/1234 
f 581/1/1234 580/1/1215 480/1/1241 
f 581/1/1234 480/1/1241 488/1/1238 
f 580/1/1215 528/1/1231 579/1/1212 
f 580/1/1215 579/1/1212 480/1/1241 
f 480/1/1241 579/1/1212 578/1/1209 
f 480/1/1241 578/1/1209 482/1/1242 
f 482/1/1242 578/1/1209 577/1/1207 
f 564/1/1243 562/1/1244 472/1/1245 
f 472/1/1245 562/1/1244 560/1/1246 
f 560/1/1246 558/1/1247 472/1/1245 
f 472/1/1245 558/1/1247 478/1/1248 
f 472/1/1245 478/1/1248 474/1/1249 
f 474/1/1249 478/1/1248 476/1/1250 
f 564/1/1243 472/1/1245 566/1/1251 
f 566/1/1251 472/1/1245 471/1/1252 
f 566/1/1251 471/1/1252 569/1/1253 
f 552/1/1205 550/1/1254 576/1/1206 
f 576/1/1206 550/1/1254 572/1/1255 
f 576/1/1256 572/1/1257 471/1/1252 
f 471/1/1252 572/1/1257 571/1/1258 
f 471/1/1252 571/1/1258 569/1/1253 
f 576/1/1206 471/1/1063 471/1/1259 
f 576/1/1206 471/1/1259 577/1/1207 
f 577/1/1207 471/1/1259 482/1/1242 
f 539/1/1260 583/1/1261 584/1/1262 
f 583/1/1261 539/1/1260 527/1/1263 
f 523/1/1264 526/1/1265 585/1/1266 
f 586/1/1267 573/1/1268 549/1/1269 
f 470/1/1270 573/1/1268 586/1/1267 
f 470/1/1063 586/1/1063 470/1/1063 
f 587/1/1271 470/1/1272 470/1/1273 
f 470/1/1273 473/1/1274 587/1/1271 
f 587/1/1271 473/1/1274 475/1/1275 
f 587/1/1271 475/1/1275 477/1/1275 
f 565/1/1276 567/1/1277 587/1/1271 
f 587/1/1271 567/1/1277 568/1/1278 
f 587/1/1271 568/1/1278 470/1/1279 
f 470/1/1279 568/1/1278 570/1/1280 
f 470/1/1279 570/1/1280 573/1/1281 
f 477/1/1275 557/1/1282 587/1/1271 
f 587/1/1271 557/1/1282 557/1/1283 
f 587/1/1271 557/1/1283 559/1/1284 
f 559/1/1284 561/1/1285 587/1/1271 
f 587/1/1271 561/1/1285 563/1/1286 
f 587/1/1271 563/1/1286 565/1/1276 
f 493/1/1287 483/1/1288 485/1/1289 
f 493/1/1287 485/1/1289 588/1/1290 
f 588/1/1290 589/1/1291 502/1/1292 
f 489/1/1293 491/1/1294 507/1/1295 
f 507/1/1295 491/1/1294 493/1/1287 
f 507/1/1295 493/1/1287 506/1/1296 
f 506/1/1296 493/1/1287 588/1/1290 
f 506/1/1296 588/1/1290 504/1/1297 
f 504/1/1297 588/1/1290 502/1/1292 
f 485/1/1289 487/1/1298 588/1/1290 
f 588/1/1290 487/1/1298 479/1/1299 
f 588/1/1290 479/1/1299 589/1/1291 
f 589/1/1291 479/1/1299 585/1/1266 
f 589/1/1291 585/1/1266 502/1/1292 
f 502/1/1292 585/1/1266 500/1/1300 
f 500/1/1300 585/1/1266 498/1/1301 
f 498/1/1301 585/1/1266 526/1/1265 
f 498/1/1301 526/1/1265 496/1/1302 
f 470/1/1270 586/1/1267 590/1/1303 
f 470/1/1270 590/1/1303 481/1/1304 
f 481/1/1304 590/1/1303 584/1/1262 
f 481/1/1304 584/1/1262 479/1/1299 
f 479/1/1299 584/1/1262 583/1/1261 
f 479/1/1299 583/1/1261 585/1/1266 
f 585/1/1266 583/1/1261 527/1/1305 
f 585/1/1266 527/1/1305 527/1/1263 
f 585/1/1266 527/1/1263 527/1/1306 
f 527/1/1306 529/1/1307 585/1/1266 
f 585/1/1266 529/1/1307 531/1/1308 
f 585/1/1266 531/1/1308 508/1/1309 
f 516/1/1310 519/1/1311 585/1/1266 
f 585/1/1266 519/1/1311 521/1/1312 
f 585/1/1266 521/1/1312 523/1/1264 
f 508/1/1309 510/1/1313 585/1/1266 
f 585/1/1266 510/1/1313 510/1/1314 
f 585/1/1266 510/1/1314 510/1/1315 
f 510/1/1315 512/1/1316 585/1/1266 
f 585/1/1266 512/1/1316 514/1/1317 
f 585/1/1266 514/1/1317 516/1/1310 
f 586/1/1267 533/1/1318 590/1/1303 
f 590/1/1303 533/1/1318 535/1/1319 
f 590/1/1303 535/1/1319 584/1/1262 
f 584/1/1262 535/1/1319 537/1/1320 
f 584/1/1262 537/1/1320 539/1/1260 
f 543/1/1321 545/1/1322 591/1/1323 
f 591/1/1323 545/1/1322 533/1/1318 
f 591/1/1323 533/1/1318 592/1/1324 
f 592/1/1324 533/1/1318 586/1/1267 
f 555/1/1325 547/1/1326 541/1/1327 
f 549/1/1269 551/1/1328 586/1/1267 
f 586/1/1267 551/1/1328 553/1/1329 
f 586/1/1267 553/1/1329 592/1/1324 
f 592/1/1324 553/1/1329 555/1/1325 
f 592/1/1324 555/1/1325 591/1/1323 
f 591/1/1323 555/1/1325 541/1/1327 
f 591/1/1323 541/1/1327 543/1/1321 
f 593/1/1330 594/1/1331 595/1/1332 
f 595/1/1332 594/1/1331 596/1/1333 
f 595/1/1332 596/1/1333 597/1/1334 
f 597/1/1334 596/1/1333 598/1/1335 
f 597/1/1334 598/1/1335 599/1/1336 
f 599/1/1336 598/1/1335 600/1/1337 
f 599/1/1336 600/1/1337 601/1/1338 
f 601/1/1338 600/1/1337 602/1/1339 
f 601/1/1338 602/1/1339 603/1/1340 
f 603/1/1340 602/1/1339 604/1/1341 
f 603/1/1340 604/1/1341 605/1/1342 
f 605/1/1342 604/1/1341 606/1/1343 
f 605/1/1342 606/1/1343 607/1/1344 
f 607/1/1344 606/1/1343 608/1/1345 
f 609/1/1346 610/1/1347 611/1/1348 
f 611/1/1348 610/1/1347 612/1/1349 
f 611/1/1348 612/1/1349 613/1/1350 
f 613/1/1350 612/1/1349 614/1/1351 
f 613/1/1350 614/1/1351 593/1/1352 
f 593/1/1352 614/1/1351 594/1/1353 
f 615/1/1354 616/1/1355 617/1/1356 
f 617/1/1356 616/1/1355 618/1/1357 
f 617/1/1356 618/1/1357 619/1/1358 
f 619/1/1358 618/1/1357 607/1/1359 
f 619/1/1358 607/1/1359 608/1/1360 
f 620/1/1361 621/1/1362 615/1/1354 
f 615/1/1354 621/1/1362 622/1/1363 
f 615/1/1354 622/1/1363 616/1/1355 
f 623/1/1364 624/1/1365 620/1/1361 
f 620/1/1361 624/1/1365 621/1/1366 
f 620/1/1361 621/1/1366 621/1/1362 
f 625/1/1367 626/1/1368 627/1/1369 
f 627/1/1369 626/1/1368 628/1/1370 
f 627/1/1369 628/1/1370 623/1/1364 
f 623/1/1364 628/1/1370 629/1/1371 
f 623/1/1364 629/1/1371 624/1/1365 
f 625/1/1367 630/1/1372 626/1/1368 
f 626/1/1368 630/1/1372 630/1/1373 
f 626/1/1368 630/1/1373 631/1/1374 
f 631/1/1374 630/1/1373 632/1/1375 
f 633/1/1376 634/1/1377 632/1/1375 
f 632/1/1375 634/1/1377 631/1/1374 
f 635/1/1378 636/1/1379 637/1/1380 
f 637/1/1380 636/1/1379 638/1/1381 
f 637/1/1380 638/1/1381 633/1/1376 
f 633/1/1376 638/1/1381 634/1/1382 
f 633/1/1376 634/1/1382 634/1/1377 
f 637/1/1380 639/1/1383 635/1/1378 
f 635/1/1378 639/1/1383 640/1/1384 
f 635/1/1378 640/1/1384 641/1/1385 
f 641/1/1385 640/1/1384 642/1/1386 
f 641/1/1385 642/1/1386 643/1/1387 
f 643/1/1387 642/1/1386 644/1/1388 
f 643/1/1387 644/1/1388 645/1/1389 
f 645/1/1390 645/1/1389 644/1/1388 
f 645/1/1390 644/1/1388 646/1/1391 
f 646/1/1391 644/1/1388 647/1/1392 
f 646/1/1391 647/1/1392 648/1/1393 
f 648/1/1393 647/1/1392 649/1/1394 
f 648/1/1393 649/1/1394 650/1/1395 
f 650/1/1395 649/1/1394 651/1/1396 
f 650/1/1395 651/1/1396 652/1/1397 
f 652/1/1397 651/1/1396 653/1/1398 
f 652/1/1397 653/1/1398 654/1/1399 
f 654/1/1399 653/1/1398 655/1/1400 
f 655/1/1400 653/1/1398 656/1/1401 
f 655/1/1400 656/1/1401 657/1/1402 
f 656/1/1401 658/1/1403 657/1/1402 
f 657/1/1402 658/1/1403 659/1/1404 
f 657/1/1402 659/1/1404 660/1/1405 
f 660/1/1405 659/1/1404 661/1/1406 
f 660/1/1405 661/1/1406 662/1/1407 
f 662/1/1407 661/1/1406 663/1/1408 
f 663/1/1408 661/1/1406 664/1/1409 
f 663/1/1408 664/1/1409 665/1/1410 
f 664/1/1409 666/1/1411 665/1/1410 
f 665/1/1410 666/1/1411 610/1/1412 
f 665/1/1410 610/1/1412 609/1/1413 
f 612/1/1414 610/1/1415 666/1/1416 
f 620/1/1417 615/1/1418 606/1/1419 
f 632/1/1420 630/1/1421 606/1/1419 
f 606/1/1419 630/1/1421 630/1/1422 
f 606/1/1419 630/1/1422 625/1/1423 
f 625/1/1423 627/1/1421 606/1/1419 
f 606/1/1419 627/1/1421 623/1/1424 
f 606/1/1419 623/1/1424 620/1/1417 
f 615/1/1418 617/1/1425 606/1/1419 
f 606/1/1419 617/1/1425 619/1/1426 
f 606/1/1419 619/1/1426 608/1/1427 
f 642/1/1428 640/1/1429 667/1/1430 
f 656/1/1431 653/1/1432 667/1/1430 
f 667/1/1430 653/1/1432 651/1/1433 
f 667/1/1430 651/1/1433 649/1/1434 
f 649/1/1434 647/1/1434 667/1/1430 
f 667/1/1430 647/1/1434 644/1/1435 
f 667/1/1430 644/1/1435 642/1/1428 
f 640/1/1429 639/1/1436 667/1/1430 
f 667/1/1430 639/1/1436 637/1/1437 
f 667/1/1430 637/1/1437 606/1/1419 
f 606/1/1419 637/1/1437 633/1/1438 
f 606/1/1419 633/1/1438 632/1/1420 
f 656/1/1431 667/1/1430 658/1/1439 
f 658/1/1439 667/1/1430 668/1/1440 
f 658/1/1439 668/1/1440 659/1/1441 
f 659/1/1441 668/1/1440 661/1/1442 
f 661/1/1442 668/1/1440 669/1/1443 
f 661/1/1442 669/1/1443 664/1/1444 
f 664/1/1444 669/1/1443 666/1/1416 
f 666/1/1416 669/1/1443 614/1/1445 
f 666/1/1416 614/1/1445 612/1/1414 
f 594/1/1446 614/1/1445 596/1/1447 
f 596/1/1447 614/1/1445 669/1/1443 
f 596/1/1447 669/1/1443 598/1/1448 
f 598/1/1448 669/1/1443 668/1/1440 
f 606/1/1419 604/1/1449 667/1/1430 
f 667/1/1430 604/1/1449 602/1/1450 
f 667/1/1430 602/1/1450 668/1/1440 
f 668/1/1440 602/1/1450 600/1/1451 
f 668/1/1440 600/1/1451 598/1/1448 
f 645/1/1452 670/1/1453 643/1/1454 
f 636/1/1455 635/1/1456 670/1/1453 
f 670/1/1453 635/1/1456 641/1/1457 
f 670/1/1453 641/1/1457 643/1/1454 
f 654/1/1458 655/1/1459 670/1/1453 
f 654/1/1458 670/1/1453 652/1/1460 
f 670/1/1453 645/1/1452 645/1/1461 
f 670/1/1453 645/1/1461 646/1/1452 
f 646/1/1452 648/1/1452 670/1/1453 
f 670/1/1453 648/1/1452 650/1/1462 
f 670/1/1453 650/1/1462 652/1/1460 
f 605/1/1463 607/1/1464 618/1/1465 
f 618/1/1465 616/1/1466 605/1/1463 
f 605/1/1463 616/1/1466 622/1/1467 
f 605/1/1463 622/1/1467 621/1/1468 
f 605/1/1463 621/1/1468 621/1/1469 
f 621/1/1469 624/1/1470 605/1/1463 
f 605/1/1463 624/1/1470 629/1/1471 
f 605/1/1463 629/1/1471 628/1/1472 
f 628/1/1472 626/1/1472 605/1/1463 
f 605/1/1463 626/1/1472 631/1/1473 
f 605/1/1463 631/1/1473 634/1/1474 
f 605/1/1463 634/1/1474 634/1/1475 
f 670/1/1453 671/1/1476 599/1/1477 
f 634/1/1475 638/1/1478 605/1/1463 
f 605/1/1463 638/1/1478 636/1/1455 
f 605/1/1463 636/1/1455 603/1/1479 
f 603/1/1479 636/1/1455 670/1/1453 
f 603/1/1479 670/1/1453 601/1/1480 
f 601/1/1480 670/1/1453 599/1/1477 
f 613/1/1481 593/1/1482 595/1/1483 
f 609/1/1484 611/1/1485 665/1/1486 
f 665/1/1486 611/1/1485 613/1/1481 
f 665/1/1486 613/1/1481 672/1/1487 
f 672/1/1487 613/1/1481 595/1/1483 
f 672/1/1487 595/1/1483 671/1/1476 
f 671/1/1476 595/1/1483 597/1/1488 
f 671/1/1476 597/1/1488 599/1/1477 
f 655/1/1459 657/1/1489 670/1/1453 
f 670/1/1453 657/1/1489 660/1/1490 
f 670/1/1453 660/1/1490 671/1/1476 
f 671/1/1476 660/1/1490 662/1/1491 
f 671/1/1476 662/1/1491 672/1/1487 
f 672/1/1487 662/1/1491 663/1/1492 
f 672/1/1487 663/1/1492 665/1/1486 
f 673/1/1493 674/1/1494 675/1/1495 
f 675/1/1495 676/1/1496 673/1/1493 
f 673/1/1493 676/1/1496 677/1/1497 
f 673/1/1493 677/1/1497 678/1/1498 
f 678/1/1498 677/1/1497 679/1/1499 
f 678/1/1498 679/1/1499 680/1/1500 
f 680/1/1500 679/1/1499 681/1/1501 
f 680/1/1500 681/1/1501 682/1/1502 
f 682/1/1502 681/1/1501 683/1/1503 
f 682/1/1502 683/1/1503 684/1/1504 
f 684/1/1504 683/1/1503 685/1/1505 
f 684/1/1504 685/1/1505 684/1/1506 
f 684/1/1506 685/1/1505 685/1/1507 
f 684/1/1508 685/1/1508 684/1/1508 
f 684/1/1506 685/1/1507 684/1/1509 
f 685/1/1507 686/1/1510 684/1/1509 
f 684/1/1509 686/1/1510 687/1/1511 
f 684/1/1509 687/1/1511 688/1/1512 
f 688/1/1512 687/1/1511 689/1/1513 
f 688/1/1512 689/1/1513 690/1/1514 
f 690/1/1514 689/1/1513 691/1/1515 
f 690/1/1514 691/1/1515 692/1/1516 
f 693/1/1517 693/1/1517 694/1/1517 
f 695/1/1518 675/1/1495 674/1/1494 
f 674/1/1494 696/1/1519 695/1/1518 
f 695/1/1518 696/1/1519 693/1/1520 
f 695/1/1518 693/1/1520 694/1/1521 
f 697/1/1522 697/1/1523 698/1/1524 
f 694/1/1525 694/1/1521 693/1/1520 
f 693/1/1520 699/1/1526 694/1/1525 
f 694/1/1525 699/1/1526 697/1/1522 
f 694/1/1525 697/1/1522 698/1/1524 
f 700/1/1527 701/1/1528 702/1/1529 
f 702/1/1529 701/1/1528 703/1/1530 
f 702/1/1529 703/1/1530 704/1/1531 
f 704/1/1531 703/1/1530 705/1/1532 
f 704/1/1531 705/1/1532 706/1/1533 
f 706/1/1533 705/1/1532 707/1/1534 
f 708/1/1535 708/1/1536 709/1/1537 
f 709/1/1537 708/1/1536 710/1/1538 
f 705/1/1532 711/1/1539 707/1/1534 
f 707/1/1534 711/1/1539 712/1/1540 
f 707/1/1534 712/1/1540 709/1/1537 
f 709/1/1537 712/1/1540 713/1/1541 
f 709/1/1537 713/1/1541 708/1/1535 
f 714/1/1542 715/1/1543 716/1/1544 
f 716/1/1544 715/1/1543 710/1/1538 
f 716/1/1544 710/1/1538 717/1/1545 
f 717/1/1545 710/1/1538 708/1/1536 
f 714/1/1542 716/1/1544 718/1/1546 
f 718/1/1546 716/1/1544 719/1/1547 
f 718/1/1546 719/1/1547 720/1/1548 
f 719/1/1547 721/1/1549 720/1/1548 
f 720/1/1548 721/1/1549 698/1/1550 
f 720/1/1551 722/1/1551 697/1/1551 
f 723/1/1552 724/1/1553 725/1/1554 
f 726/1/1555 727/1/1556 728/1/1557 
f 729/1/1558 728/1/1557 727/1/1556 
f 725/1/1554 730/1/1559 723/1/1552 
f 723/1/1552 730/1/1559 731/1/1560 
f 723/1/1552 731/1/1560 732/1/1561 
f 732/1/1561 731/1/1560 733/1/1562 
f 732/1/1561 733/1/1562 734/1/1563 
f 734/1/1563 733/1/1562 735/1/1564 
f 734/1/1563 735/1/1564 736/1/1565 
f 736/1/1565 735/1/1564 737/1/1566 
f 736/1/1565 737/1/1566 738/1/1567 
f 738/1/1567 737/1/1566 729/1/1568 
f 738/1/1567 729/1/1568 727/1/1556 
f 727/1/1556 729/1/1568 729/1/1569 
f 727/1/1556 729/1/1569 729/1/1558 
f 729/1/1570 739/1/1571 726/1/1572 
f 726/1/1572 739/1/1571 701/1/1528 
f 726/1/1572 701/1/1528 700/1/1527 
f 724/1/1573 740/1/1574 725/1/1575 
f 725/1/1575 740/1/1574 741/1/1576 
f 742/1/1577 743/1/1578 744/1/1579 
f 741/1/1576 740/1/1574 745/1/1580 
f 745/1/1580 740/1/1574 746/1/1581 
f 745/1/1580 746/1/1581 747/1/1582 
f 747/1/1582 746/1/1581 748/1/1583 
f 747/1/1582 748/1/1583 749/1/1584 
f 749/1/1584 748/1/1583 742/1/1577 
f 749/1/1584 742/1/1577 750/1/1585 
f 750/1/1585 742/1/1577 744/1/1579 
f 751/1/1586 752/1/1587 753/1/1588 
f 754/1/1589 744/1/1590 743/1/1591 
f 743/1/1591 755/1/1592 754/1/1589 
f 754/1/1589 755/1/1592 751/1/1586 
f 754/1/1589 751/1/1586 756/1/1593 
f 756/1/1593 751/1/1586 753/1/1588 
f 757/1/1594 758/1/1595 759/1/1596 
f 760/1/1597 753/1/1598 752/1/1599 
f 752/1/1599 761/1/1600 760/1/1597 
f 760/1/1597 761/1/1600 757/1/1594 
f 760/1/1597 757/1/1594 762/1/1601 
f 762/1/1601 757/1/1594 759/1/1596 
f 759/1/1602 758/1/1603 763/1/1604 
f 763/1/1604 758/1/1603 764/1/1605 
f 763/1/1604 764/1/1605 765/1/1606 
f 765/1/1606 764/1/1605 766/1/1607 
f 765/1/1606 766/1/1607 767/1/1608 
f 767/1/1608 766/1/1607 768/1/1609 
f 767/1/1608 768/1/1609 769/1/1610 
f 769/1/1610 768/1/1609 770/1/1611 
f 769/1/1610 770/1/1611 771/1/1612 
f 770/1/1611 772/1/1613 771/1/1612 
f 771/1/1612 772/1/1613 773/1/1614 
f 771/1/1612 773/1/1614 774/1/1615 
f 774/1/1615 773/1/1614 775/1/1616 
f 775/1/1616 773/1/1614 776/1/1617 
f 775/1/1616 776/1/1617 777/1/1618 
f 777/1/1618 776/1/1617 778/1/1619 
f 777/1/1618 778/1/1619 777/1/1620 
f 777/1/1620 778/1/1619 779/1/1621 
f 777/1/1622 779/1/1622 779/1/1622 
f 780/1/1623 781/1/1624 781/1/1625 
f 777/1/1620 779/1/1621 782/1/1626 
f 782/1/1626 779/1/1621 783/1/1627 
f 782/1/1626 783/1/1627 784/1/1628 
f 784/1/1628 783/1/1627 785/1/1629 
f 784/1/1628 785/1/1629 786/1/1630 
f 786/1/1630 785/1/1629 787/1/1631 
f 786/1/1630 787/1/1631 788/1/1632 
f 788/1/1632 787/1/1631 780/1/1623 
f 788/1/1632 780/1/1623 789/1/1633 
f 789/1/1633 780/1/1623 781/1/1625 
f 781/1/1624 780/1/1623 790/1/1634 
f 781/1/1624 790/1/1634 791/1/1635 
f 792/1/1636 793/1/1637 794/1/1638 
f 793/1/1637 792/1/1636 795/1/1639 
f 795/1/1639 792/1/1636 796/1/1640 
f 795/1/1639 796/1/1640 797/1/1641 
f 796/1/1640 798/1/1642 797/1/1641 
f 797/1/1641 798/1/1642 799/1/1643 
f 797/1/1641 799/1/1643 800/1/1644 
f 801/1/1645 802/1/1646 803/1/1647 
f 803/1/1647 802/1/1646 804/1/1648 
f 803/1/1647 804/1/1648 805/1/1649 
f 805/1/1649 804/1/1648 800/1/1644 
f 805/1/1649 800/1/1644 806/1/1650 
f 806/1/1650 800/1/1644 799/1/1643 
f 791/1/1635 790/1/1634 807/1/1651 
f 807/1/1651 790/1/1634 808/1/1652 
f 807/1/1651 808/1/1652 809/1/1653 
f 809/1/1653 808/1/1652 810/1/1654 
f 809/1/1653 810/1/1654 811/1/1655 
f 811/1/1655 810/1/1654 812/1/1656 
f 811/1/1655 812/1/1656 813/1/1657 
f 813/1/1657 812/1/1656 814/1/1658 
f 813/1/1657 814/1/1658 815/1/1659 
f 815/1/1659 814/1/1658 816/1/1660 
f 815/1/1659 816/1/1660 815/1/1661 
f 815/1/1661 816/1/1660 816/1/1662 
f 815/1/1661 816/1/1662 817/1/1663 
f 817/1/1664 816/1/1664 816/1/1664 
f 817/1/1665 816/1/1666 817/1/1667 
f 817/1/1665 816/1/1668 816/1/1666 
f 817/1/1667 816/1/1666 794/1/1638 
f 794/1/1638 816/1/1666 818/1/1669 
f 794/1/1638 818/1/1669 792/1/1636 
f 819/1/1670 819/1/1671 820/1/1672 
f 820/1/1673 802/1/1646 801/1/1645 
f 801/1/1645 801/1/1674 820/1/1673 
f 820/1/1673 801/1/1674 819/1/1675 
f 820/1/1673 819/1/1675 820/1/1676 
f 820/1/1672 819/1/1671 820/1/1677 
f 821/1/1678 822/1/1679 823/1/1680 
f 823/1/1680 822/1/1679 824/1/1681 
f 823/1/1680 824/1/1681 825/1/1682 
f 825/1/1682 824/1/1681 826/1/1683 
f 827/1/1684 828/1/1685 829/1/1686 
f 829/1/1686 828/1/1685 830/1/1687 
f 829/1/1686 830/1/1687 831/1/1688 
f 831/1/1688 830/1/1687 832/1/1689 
f 831/1/1688 832/1/1689 821/1/1678 
f 821/1/1678 832/1/1689 832/1/1690 
f 821/1/1678 832/1/1690 822/1/1679 
f 833/1/1691 834/1/1692 827/1/1684 
f 827/1/1684 834/1/1692 835/1/1693 
f 827/1/1684 835/1/1693 828/1/1685 
f 836/1/1694 834/1/1695 833/1/1691 
f 833/1/1691 834/1/1695 834/1/1696 
f 833/1/1691 834/1/1696 834/1/1692 
f 833/1/1691 837/1/1697 836/1/1694 
f 836/1/1694 837/1/1697 838/1/1698 
f 836/1/1694 838/1/1698 839/1/1699 
f 839/1/1699 838/1/1698 840/1/1700 
f 839/1/1699 840/1/1700 841/1/1701 
f 841/1/1701 840/1/1700 842/1/1702 
f 841/1/1701 842/1/1702 843/1/1703 
f 826/1/1683 826/1/1704 825/1/1682 
f 825/1/1682 826/1/1704 826/1/1705 
f 825/1/1682 826/1/1705 844/1/1706 
f 844/1/1706 826/1/1705 845/1/1707 
f 844/1/1706 845/1/1707 846/1/1708 
f 846/1/1708 845/1/1707 847/1/1709 
f 846/1/1708 847/1/1709 848/1/1710 
f 848/1/1710 847/1/1709 849/1/1711 
f 847/1/1709 850/1/1712 849/1/1711 
f 849/1/1711 850/1/1712 851/1/1713 
f 849/1/1711 851/1/1713 852/1/1714 
f 852/1/1714 851/1/1713 853/1/1715 
f 852/1/1714 853/1/1715 854/1/1716 
f 854/1/1716 853/1/1715 820/1/1677 
f 854/1/1716 820/1/1677 819/1/1671 
f 843/1/1717 842/1/1718 855/1/1719 
f 843/1/1717 855/1/1719 856/1/1720 
f 856/1/1720 855/1/1719 857/1/1721 
f 856/1/1720 857/1/1721 858/1/1722 
f 858/1/1722 857/1/1721 859/1/1723 
f 858/1/1722 859/1/1723 860/1/1724 
f 861/1/1725 860/1/1726 862/1/1727 
f 862/1/1727 860/1/1726 859/1/1728 
f 863/1/1729 692/1/1730 691/1/1731 
f 864/1/1732 861/1/1733 862/1/1734 
f 862/1/1734 865/1/1735 864/1/1732 
f 864/1/1732 865/1/1735 866/1/1736 
f 864/1/1732 866/1/1736 867/1/1737 
f 867/1/1737 866/1/1736 868/1/1738 
f 867/1/1737 868/1/1738 869/1/1739 
f 869/1/1739 868/1/1738 863/1/1729 
f 869/1/1739 863/1/1729 870/1/1740 
f 870/1/1740 863/1/1729 691/1/1731 
f 714/1/1741 718/1/1742 871/1/1743 
f 746/1/1744 740/1/1745 872/1/1746 
f 872/1/1746 740/1/1745 724/1/1747 
f 872/1/1746 724/1/1747 723/1/1748 
f 872/1/1746 873/1/1749 746/1/1744 
f 746/1/1744 873/1/1749 758/1/1750 
f 746/1/1744 758/1/1750 757/1/1751 
f 748/1/1752 874/1/1753 742/1/1754 
f 742/1/1754 874/1/1753 755/1/1755 
f 742/1/1754 755/1/1755 743/1/1756 
f 761/1/1757 752/1/1758 751/1/1759 
f 751/1/1759 755/1/1755 761/1/1757 
f 761/1/1757 755/1/1755 874/1/1753 
f 761/1/1757 874/1/1753 757/1/1751 
f 757/1/1751 874/1/1753 748/1/1752 
f 757/1/1751 748/1/1752 746/1/1744 
f 783/1/1760 779/1/1761 873/1/1749 
f 780/1/1762 787/1/1763 873/1/1749 
f 873/1/1749 787/1/1763 785/1/1764 
f 873/1/1749 785/1/1764 783/1/1760 
f 873/1/1749 779/1/1761 779/1/1765 
f 768/1/1766 766/1/1767 873/1/1749 
f 873/1/1749 766/1/1767 764/1/1768 
f 873/1/1749 764/1/1768 758/1/1750 
f 779/1/1765 778/1/1769 873/1/1749 
f 873/1/1749 778/1/1769 776/1/1770 
f 873/1/1749 776/1/1770 773/1/1771 
f 773/1/1771 772/1/1772 873/1/1749 
f 873/1/1749 772/1/1772 770/1/1773 
f 873/1/1749 770/1/1773 768/1/1766 
f 796/1/1774 792/1/1775 871/1/1743 
f 871/1/1743 792/1/1775 818/1/1776 
f 818/1/1776 816/1/1777 871/1/1743 
f 871/1/1743 816/1/1777 816/1/1778 
f 871/1/1743 816/1/1778 816/1/1779 
f 816/1/1779 816/1/1779 871/1/1743 
f 871/1/1743 816/1/1779 814/1/1780 
f 871/1/1743 814/1/1780 812/1/1781 
f 812/1/1781 810/1/1782 871/1/1743 
f 871/1/1743 810/1/1782 808/1/1783 
f 871/1/1743 808/1/1783 873/1/1749 
f 873/1/1749 808/1/1783 790/1/1784 
f 873/1/1749 790/1/1784 780/1/1762 
f 838/1/1785 837/1/1786 871/1/1743 
f 871/1/1743 837/1/1786 833/1/1787 
f 871/1/1743 833/1/1787 827/1/1788 
f 827/1/1788 829/1/1788 871/1/1743 
f 871/1/1743 829/1/1788 831/1/1789 
f 871/1/1743 831/1/1789 821/1/1790 
f 821/1/1790 823/1/1791 871/1/1743 
f 871/1/1743 823/1/1791 825/1/1792 
f 871/1/1743 825/1/1792 844/1/1793 
f 844/1/1793 846/1/1794 871/1/1743 
f 871/1/1743 846/1/1794 848/1/1795 
f 871/1/1743 848/1/1795 849/1/1796 
f 849/1/1796 852/1/1797 871/1/1743 
f 871/1/1743 852/1/1797 854/1/1798 
f 871/1/1743 854/1/1798 819/1/1799 
f 806/1/1800 799/1/1801 871/1/1743 
f 871/1/1743 799/1/1801 798/1/1802 
f 871/1/1743 798/1/1802 796/1/1774 
f 819/1/1799 819/1/1803 871/1/1743 
f 871/1/1743 819/1/1803 801/1/1804 
f 871/1/1743 801/1/1804 801/1/1805 
f 801/1/1805 803/1/1804 871/1/1743 
f 871/1/1743 803/1/1804 805/1/1806 
f 871/1/1743 805/1/1806 806/1/1800 
f 718/1/1742 720/1/1807 871/1/1743 
f 871/1/1743 720/1/1807 697/1/1808 
f 871/1/1743 697/1/1809 838/1/1785 
f 838/1/1785 697/1/1809 697/1/1808 
f 697/1/1808 699/1/1810 838/1/1785 
f 838/1/1785 699/1/1810 693/1/1811 
f 838/1/1785 693/1/1811 693/1/1811 
f 693/1/1811 696/1/1812 838/1/1785 
f 838/1/1785 696/1/1812 674/1/1813 
f 838/1/1785 674/1/1813 673/1/1814 
f 673/1/1814 678/1/1815 838/1/1785 
f 838/1/1785 678/1/1815 680/1/1816 
f 838/1/1785 680/1/1816 840/1/1817 
f 680/1/1816 682/1/1818 840/1/1817 
f 840/1/1817 682/1/1818 684/1/1819 
f 840/1/1817 684/1/1819 684/1/1820 
f 684/1/1820 684/1/1821 840/1/1817 
f 840/1/1817 684/1/1821 684/1/1822 
f 684/1/1822 688/1/1823 840/1/1817 
f 840/1/1817 688/1/1823 690/1/1824 
f 840/1/1817 690/1/1824 842/1/1825 
f 875/1/1826 857/1/1827 876/1/1828 
f 876/1/1828 857/1/1827 855/1/1829 
f 876/1/1828 855/1/1829 877/1/1830 
f 877/1/1830 855/1/1829 842/1/1825 
f 877/1/1830 842/1/1825 692/1/1831 
f 692/1/1831 842/1/1825 690/1/1824 
f 876/1/1828 865/1/1832 875/1/1826 
f 875/1/1826 865/1/1832 862/1/1833 
f 875/1/1826 862/1/1833 857/1/1827 
f 857/1/1827 862/1/1833 859/1/1834 
f 692/1/1831 863/1/1835 877/1/1830 
f 877/1/1830 863/1/1835 868/1/1836 
f 877/1/1830 868/1/1836 876/1/1828 
f 876/1/1828 868/1/1836 866/1/1837 
f 876/1/1828 866/1/1837 865/1/1832 
f 738/1/1838 727/1/1839 873/1/1749 
f 723/1/1748 732/1/1840 872/1/1746 
f 872/1/1746 732/1/1840 734/1/1841 
f 872/1/1746 734/1/1841 873/1/1749 
f 873/1/1749 734/1/1841 736/1/1842 
f 873/1/1749 736/1/1842 738/1/1838 
f 727/1/1839 726/1/1843 873/1/1749 
f 873/1/1749 726/1/1843 700/1/1844 
f 873/1/1749 700/1/1844 702/1/1845 
f 702/1/1845 704/1/1846 873/1/1749 
f 873/1/1749 704/1/1846 706/1/1847 
f 873/1/1749 706/1/1847 707/1/1848 
f 707/1/1848 709/1/1849 873/1/1749 
f 873/1/1749 709/1/1849 710/1/1850 
f 873/1/1749 710/1/1850 871/1/1743 
f 871/1/1743 710/1/1850 715/1/1851 
f 871/1/1743 715/1/1851 714/1/1741 
f 747/1/1852 878/1/1853 745/1/1854 
f 762/1/1855 879/1/1856 760/1/1857 
f 745/1/1854 878/1/1853 741/1/1858 
f 708/1/1859 708/1/1860 880/1/1861 
f 880/1/1862 708/1/1862 713/1/1862 
f 880/1/1861 713/1/1863 712/1/1864 
f 719/1/1865 716/1/1866 881/1/1867 
f 881/1/1867 716/1/1866 717/1/1868 
f 881/1/1867 717/1/1868 880/1/1861 
f 880/1/1861 717/1/1868 708/1/1859 
f 712/1/1864 711/1/1869 880/1/1861 
f 880/1/1861 711/1/1869 705/1/1870 
f 880/1/1861 705/1/1870 703/1/1871 
f 703/1/1871 701/1/1872 880/1/1861 
f 880/1/1861 701/1/1872 739/1/1873 
f 880/1/1861 739/1/1873 729/1/1874 
f 729/1/1874 729/1/1875 880/1/1861 
f 880/1/1861 729/1/1875 729/1/1876 
f 880/1/1861 729/1/1876 737/1/1877 
f 880/1/1878 728/1/1878 729/1/1878 
f 735/1/1879 733/1/1880 878/1/1853 
f 725/1/1881 741/1/1858 730/1/1882 
f 730/1/1882 741/1/1858 878/1/1853 
f 730/1/1882 878/1/1853 731/1/1883 
f 731/1/1883 878/1/1853 733/1/1880 
f 679/1/1884 677/1/1885 839/1/1886 
f 686/1/1887 841/1/1888 687/1/1889 
f 687/1/1889 841/1/1888 689/1/1890 
f 686/1/1887 685/1/1891 841/1/1888 
f 685/1/1891 685/1/1891 841/1/1888 
f 841/1/1888 685/1/1891 683/1/1892 
f 841/1/1888 683/1/1892 839/1/1886 
f 839/1/1886 683/1/1892 681/1/1893 
f 839/1/1886 681/1/1893 679/1/1884 
f 677/1/1885 676/1/1894 839/1/1886 
f 839/1/1886 676/1/1894 675/1/1895 
f 839/1/1886 675/1/1895 695/1/1896 
f 695/1/1896 694/1/1897 839/1/1886 
f 839/1/1886 694/1/1897 694/1/1898 
f 881/1/1899 698/1/1899 721/1/1899 
f 881/1/1867 721/1/1900 719/1/1865 
f 689/1/1890 841/1/1888 691/1/1901 
f 691/1/1901 841/1/1888 843/1/1902 
f 691/1/1901 843/1/1902 870/1/1903 
f 870/1/1903 843/1/1902 882/1/1904 
f 870/1/1903 882/1/1904 869/1/1905 
f 869/1/1905 882/1/1904 883/1/1906 
f 869/1/1905 883/1/1906 867/1/1907 
f 864/1/1908 884/1/1909 861/1/1910 
f 861/1/1910 884/1/1909 858/1/1911 
f 861/1/1910 858/1/1911 860/1/1912 
f 843/1/1902 856/1/1913 882/1/1904 
f 882/1/1904 856/1/1913 858/1/1911 
f 882/1/1904 858/1/1911 883/1/1906 
f 883/1/1906 858/1/1911 884/1/1909 
f 883/1/1906 884/1/1909 867/1/1907 
f 867/1/1907 884/1/1909 864/1/1908 
f 694/1/1898 698/1/1914 839/1/1886 
f 839/1/1886 698/1/1914 881/1/1867 
f 839/1/1886 881/1/1867 836/1/1915 
f 836/1/1915 881/1/1867 834/1/1916 
f 797/1/1917 826/1/1918 795/1/1919 
f 795/1/1919 826/1/1918 826/1/1920 
f 795/1/1921 826/1/1921 826/1/1921 
f 797/1/1917 800/1/1922 826/1/1918 
f 826/1/1918 800/1/1922 804/1/1923 
f 826/1/1918 804/1/1923 802/1/1924 
f 845/1/1925 826/1/1926 885/1/1927 
f 845/1/1925 885/1/1927 847/1/1928 
f 853/1/1929 851/1/1930 885/1/1927 
f 885/1/1927 851/1/1930 850/1/1931 
f 885/1/1927 850/1/1931 847/1/1928 
f 802/1/1924 820/1/1932 826/1/1918 
f 826/1/1918 820/1/1932 820/1/1933 
f 826/1/1934 820/1/1934 885/1/1934 
f 885/1/1927 820/1/1935 820/1/1936 
f 885/1/1927 820/1/1936 853/1/1929 
f 834/1/1937 834/1/1916 795/1/1919 
f 834/1/1937 795/1/1919 835/1/1938 
f 795/1/1919 826/1/1920 824/1/1939 
f 824/1/1939 822/1/1940 795/1/1919 
f 795/1/1919 822/1/1940 832/1/1941 
f 795/1/1919 832/1/1941 832/1/1942 
f 832/1/1942 830/1/1943 795/1/1919 
f 795/1/1919 830/1/1943 828/1/1944 
f 795/1/1919 828/1/1944 835/1/1938 
f 815/1/1945 815/1/1946 881/1/1867 
f 809/1/1947 811/1/1948 881/1/1867 
f 881/1/1867 811/1/1948 813/1/1949 
f 881/1/1867 813/1/1949 815/1/1945 
f 815/1/1946 817/1/1950 881/1/1867 
f 881/1/1867 817/1/1950 817/1/1951 
f 881/1/1867 817/1/1951 794/1/1952 
f 834/1/1953 834/1/1953 795/1/1953 
f 795/1/1919 834/1/1916 881/1/1867 
f 795/1/1919 881/1/1867 793/1/1954 
f 793/1/1954 881/1/1867 794/1/1952 
f 777/1/1955 777/1/1956 880/1/1861 
f 880/1/1861 759/1/1957 763/1/1958 
f 777/1/1955 880/1/1861 775/1/1959 
f 763/1/1958 765/1/1960 880/1/1861 
f 880/1/1861 765/1/1960 767/1/1961 
f 880/1/1861 767/1/1961 769/1/1962 
f 769/1/1962 771/1/1963 880/1/1861 
f 880/1/1861 771/1/1963 774/1/1964 
f 880/1/1861 774/1/1964 775/1/1959 
f 788/1/1965 789/1/1966 880/1/1861 
f 880/1/1861 789/1/1966 781/1/1967 
f 880/1/1861 781/1/1967 781/1/1968 
f 880/1/1861 777/1/1956 782/1/1969 
f 782/1/1969 784/1/1970 880/1/1861 
f 880/1/1861 784/1/1970 786/1/1971 
f 880/1/1861 786/1/1971 788/1/1965 
f 880/1/1861 781/1/1968 791/1/1972 
f 880/1/1861 791/1/1972 881/1/1867 
f 881/1/1867 791/1/1972 807/1/1973 
f 881/1/1867 807/1/1973 809/1/1947 
f 879/1/1856 754/1/1974 760/1/1857 
f 760/1/1857 754/1/1974 756/1/1975 
f 760/1/1857 756/1/1975 753/1/1976 
f 744/1/1977 754/1/1974 750/1/1978 
f 750/1/1978 754/1/1974 879/1/1856 
f 750/1/1978 879/1/1856 749/1/1979 
f 749/1/1979 879/1/1856 762/1/1855 
f 749/1/1979 762/1/1855 747/1/1852 
f 747/1/1852 762/1/1855 759/1/1957 
f 747/1/1852 759/1/1957 878/1/1853 
f 878/1/1853 759/1/1957 880/1/1861 
f 878/1/1853 880/1/1861 735/1/1879 
f 735/1/1879 880/1/1861 737/1/1877 
f 886/1/1980 887/1/1981 888/1/1982 
f 888/1/1982 887/1/1981 887/1/1983 
f 888/1/1982 887/1/1983 889/1/1984 
f 889/1/1984 887/1/1983 890/1/1985 
f 889/1/1984 890/1/1985 891/1/1986 
f 891/1/1986 890/1/1985 892/1/1987 
f 893/1/1988 894/1/1989 895/1/1990 
f 895/1/1990 894/1/1989 896/1/1991 
f 895/1/1990 896/1/1991 897/1/1991 
f 897/1/1991 896/1/1991 898/1/1992 
f 898/1/1992 896/1/1991 899/1/1993 
f 898/1/1992 899/1/1993 900/1/1994 
f 900/1/1994 899/1/1993 901/1/1995 
f 900/1/1994 901/1/1995 902/1/1996 
f 902/1/1996 901/1/1995 887/1/1997 
f 902/1/1996 887/1/1997 886/1/1998 
f 903/1/1999 904/1/2000 893/1/2001 
f 893/1/2001 904/1/2000 894/1/2002 
f 905/1/2003 906/1/2004 907/1/2005 
f 905/1/2003 907/1/2005 903/1/2006 
f 903/1/2006 907/1/2005 908/1/2007 
f 903/1/2006 908/1/2007 904/1/2008 
f 909/1/2009 910/1/2010 911/1/2011 
f 911/1/2011 910/1/2010 912/1/2012 
f 911/1/2011 912/1/2012 913/1/2013 
f 913/1/2013 912/1/2012 914/1/2014 
f 913/1/2013 914/1/2014 915/1/2015 
f 915/1/2015 914/1/2014 916/1/2016 
f 915/1/2015 916/1/2016 917/1/2017 
f 917/1/2017 916/1/2016 918/1/2018 
f 917/1/2017 918/1/2018 919/1/2019 
f 919/1/2019 918/1/2018 920/1/2020 
f 919/1/2019 920/1/2020 921/1/2021 
f 920/1/2020 922/1/2022 921/1/2021 
f 921/1/2021 922/1/2022 906/1/2023 
f 921/1/2021 906/1/2023 905/1/2024 
f 923/1/2025 910/1/2025 924/1/2025 
f 924/1/2025 910/1/2025 909/1/2025 
f 925/1/2026 926/1/2027 927/1/2028 
f 927/1/2028 926/1/2027 928/1/2029 
f 927/1/2028 928/1/2029 929/1/2030 
f 929/1/2030 928/1/2029 930/1/2031 
f 929/1/2030 930/1/2031 931/1/2032 
f 931/1/2032 930/1/2031 932/1/2033 
f 931/1/2032 932/1/2033 933/1/2034 
f 933/1/2034 932/1/2033 934/1/2035 
f 933/1/2034 934/1/2035 935/1/2036 
f 935/1/2036 934/1/2035 936/1/2037 
f 935/1/2036 936/1/2037 937/1/2038 
f 937/1/2038 936/1/2037 938/1/2039 
f 937/1/2038 938/1/2039 939/1/2040 
f 938/1/2039 940/1/2041 939/1/2040 
f 939/1/2040 940/1/2041 923/1/2042 
f 939/1/2040 923/1/2042 924/1/2043 
f 891/1/2044 892/1/2045 941/1/2046 
f 941/1/2046 892/1/2045 926/1/2047 
f 941/1/2046 926/1/2047 925/1/2048 
f 910/1/2049 942/1/2050 912/1/2051 
f 936/1/2052 942/1/2050 938/1/2053 
f 912/1/2051 942/1/2050 914/1/2054 
f 914/1/2054 942/1/2050 936/1/2052 
f 914/1/2054 936/1/2052 916/1/2055 
f 916/1/2055 936/1/2052 934/1/2056 
f 916/1/2055 934/1/2056 943/1/2057 
f 938/1/2053 942/1/2050 940/1/2058 
f 940/1/2058 942/1/2050 910/1/2049 
f 940/1/2058 910/1/2049 923/1/2059 
f 944/1/2060 920/1/2061 943/1/2057 
f 943/1/2057 920/1/2061 918/1/2062 
f 943/1/2057 918/1/2062 916/1/2055 
f 896/1/2063 894/1/2064 904/1/2065 
f 904/1/2065 908/1/2066 896/1/2063 
f 896/1/2063 908/1/2066 907/1/2067 
f 896/1/2063 907/1/2067 899/1/2068 
f 899/1/2068 907/1/2067 906/1/2069 
f 899/1/2068 906/1/2069 944/1/2060 
f 944/1/2060 906/1/2069 922/1/2070 
f 944/1/2060 922/1/2070 920/1/2061 
f 892/1/2071 890/1/2072 926/1/2073 
f 926/1/2073 890/1/2072 887/1/2074 
f 934/1/2056 932/1/2075 943/1/2057 
f 943/1/2057 932/1/2075 930/1/2076 
f 943/1/2057 930/1/2076 944/1/2060 
f 944/1/2060 930/1/2076 928/1/2077 
f 944/1/2060 928/1/2077 899/1/2068 
f 899/1/2068 928/1/2077 926/1/2073 
f 899/1/2068 926/1/2073 901/1/2078 
f 901/1/2078 926/1/2073 887/1/2074 
f 901/1/2078 887/1/2074 887/1/2079 
f 937/1/2080 945/1/2081 935/1/2082 
f 939/1/2083 924/1/2084 909/1/2085 
f 917/1/2086 946/1/2087 915/1/2088 
f 900/1/2089 902/1/2090 925/1/2091 
f 925/1/2091 902/1/2090 886/1/2092 
f 886/1/2092 888/1/2093 925/1/2091 
f 925/1/2091 888/1/2093 889/1/2094 
f 925/1/2091 889/1/2094 941/1/2095 
f 941/1/2095 889/1/2094 891/1/2096 
f 903/1/2097 893/1/2098 905/1/2099 
f 905/1/2099 893/1/2098 895/1/2100 
f 905/1/2099 895/1/2100 897/1/2101 
f 946/1/2087 917/1/2086 947/1/2102 
f 897/1/2101 898/1/2103 905/1/2099 
f 905/1/2099 898/1/2103 900/1/2089 
f 905/1/2099 900/1/2089 921/1/2104 
f 921/1/2104 900/1/2089 947/1/2102 
f 921/1/2104 947/1/2102 919/1/2105 
f 919/1/2105 947/1/2102 917/1/2086 
f 900/1/2089 925/1/2091 947/1/2102 
f 947/1/2102 925/1/2091 927/1/2106 
f 947/1/2102 927/1/2106 946/1/2087 
f 927/1/2106 929/1/2107 946/1/2087 
f 946/1/2087 929/1/2107 931/1/2108 
f 946/1/2087 931/1/2108 915/1/2088 
f 915/1/2088 931/1/2108 933/1/2109 
f 915/1/2088 933/1/2109 913/1/2110 
f 913/1/2110 933/1/2109 935/1/2082 
f 913/1/2110 935/1/2082 911/1/2111 
f 911/1/2111 935/1/2082 945/1/2081 
f 911/1/2111 945/1/2081 909/1/2085 
f 909/1/2085 945/1/2081 937/1/2080 
f 909/1/2085 937/1/2080 939/1/2083 
f 948/1/2112 949/1/2113 950/1/2114 
f 948/1/2112 950/1/2114 951/1/2115 
f 951/1/2115 950/1/2114 952/1/2116 
f 951/1/2115 952/1/2116 953/1/2117 
f 954/1/2118 955/1/2119 956/1/2120 
f 956/1/2120 955/1/2119 949/1/2121 
f 956/1/2122 949/1/2122 948/1/2122 
f 955/1/2119 954/1/2118 957/1/2123 
f 957/1/2123 954/1/2118 958/1/2124 
f 957/1/2123 958/1/2124 959/1/2125 
f 959/1/2125 958/1/2124 960/1/2126 
f 961/1/2127 962/1/2128 963/1/2129 
f 961/1/2127 963/1/2129 964/1/2130 
f 964/1/2130 963/1/2129 959/1/2131 
f 964/1/2130 959/1/2131 960/1/2132 
f 965/1/2133 966/1/2134 961/1/2127 
f 961/1/2127 966/1/2134 967/1/2135 
f 961/1/2127 967/1/2135 962/1/2128 
f 965/1/2136 968/1/2137 966/1/2138 
f 966/1/2138 968/1/2137 969/1/2139 
f 969/1/2140 968/1/2141 970/1/2142 
f 970/1/2142 968/1/2141 971/1/2143 
f 970/1/2142 971/1/2143 972/1/2144 
f 972/1/2144 971/1/2143 973/1/2145 
f 974/1/2146 975/1/2147 976/1/2148 
f 976/1/2148 975/1/2147 977/1/2149 
f 976/1/2148 977/1/2149 978/1/2150 
f 972/1/2144 973/1/2145 979/1/2151 
f 979/1/2151 973/1/2145 980/1/2152 
f 979/1/2151 980/1/2152 981/1/2153 
f 981/1/2153 980/1/2152 978/1/2150 
f 981/1/2153 978/1/2150 982/1/2154 
f 982/1/2154 978/1/2150 977/1/2149 
f 983/1/2155 984/1/2156 985/1/2157 
f 983/1/2155 985/1/2157 986/1/2158 
f 986/1/2158 985/1/2157 987/1/2159 
f 986/1/2158 987/1/2159 988/1/2160 
f 988/1/2160 987/1/2159 989/1/2161 
f 988/1/2160 989/1/2161 990/1/2162 
f 990/1/2162 989/1/2161 991/1/2163 
f 991/1/2163 989/1/2161 992/1/2164 
f 991/1/2163 992/1/2164 993/1/2165 
f 992/1/2164 994/1/2166 993/1/2165 
f 993/1/2165 994/1/2166 975/1/2167 
f 993/1/2165 975/1/2167 974/1/2168 
f 995/1/2169 996/1/2169 997/1/2169 
f 997/1/2170 996/1/2170 998/1/2170 
f 997/1/2171 998/1/2172 983/1/2155 
f 983/1/2155 998/1/2172 984/1/2156 
f 995/1/2173 996/1/2174 995/1/2175 
f 995/1/2173 996/1/2176 996/1/2174 
f 995/1/2177 996/1/2177 995/1/2177 
f 995/1/2178 996/1/2179 996/1/2180 
f 995/1/2178 996/1/2181 995/1/2182 
f 995/1/2178 996/1/2180 996/1/2181 
f 999/1/2183 1000/1/2184 1001/1/2185 
f 1001/1/2185 1000/1/2184 1002/1/2186 
f 1001/1/2185 1002/1/2186 995/1/2173 
f 995/1/2173 1002/1/2186 996/1/2176 
f 1003/1/2187 1004/1/2188 1005/1/2189 
f 1000/1/2190 999/1/2191 1006/1/2192 
f 1006/1/2192 999/1/2191 1007/1/2193 
f 1006/1/2192 1007/1/2193 1005/1/2189 
f 1005/1/2189 1007/1/2193 1008/1/2194 
f 1005/1/2189 1008/1/2194 1003/1/2187 
f 1004/1/2195 1003/1/2196 1004/1/2195 
f 1004/1/2195 1003/1/2196 1003/1/2197 
f 1004/1/2195 1003/1/2197 1004/1/2198 
f 1004/1/2198 1003/1/2197 1009/1/2199 
f 1009/1/2199 1003/1/2197 1010/1/2200 
f 1009/1/2199 1010/1/2200 1011/1/2201 
f 1011/1/2201 1010/1/2200 1012/1/2202 
f 1013/1/2203 1014/1/2204 1015/1/2205 
f 1015/1/2205 1014/1/2204 1016/1/2206 
f 1015/1/2205 1016/1/2206 1017/1/2207 
f 1017/1/2207 1016/1/2206 1018/1/2208 
f 1017/1/2207 1018/1/2208 1019/1/2209 
f 1019/1/2209 1018/1/2208 1020/1/2210 
f 1019/1/2209 1020/1/2210 1021/1/2211 
f 1021/1/2211 1020/1/2210 1022/1/2212 
f 1021/1/2211 1022/1/2212 1023/1/2213 
f 1023/1/2213 1022/1/2212 1024/1/2214 
f 1023/1/2213 1024/1/2214 1012/1/2215 
f 1012/1/2215 1024/1/2214 1025/1/2216 
f 1012/1/2215 1025/1/2216 1011/1/2217 
f 1026/1/2218 1027/1/2219 1013/1/2220 
f 1013/1/2220 1027/1/2219 1028/1/2221 
f 1013/1/2220 1028/1/2221 1014/1/2222 
f 1027/1/2219 1026/1/2218 1029/1/2223 
f 1029/1/2223 1026/1/2218 1030/1/2224 
f 1029/1/2223 1030/1/2224 1031/1/2225 
f 1031/1/2225 1030/1/2224 1032/1/2226 
f 1031/1/2225 1032/1/2226 1033/1/2227 
f 1033/1/2227 1032/1/2226 1034/1/2228 
f 1033/1/2227 1034/1/2228 1035/1/2229 
f 1035/1/2229 1034/1/2228 1036/1/2230 
f 1036/1/2230 1034/1/2228 1037/1/2231 
f 1036/1/2230 1037/1/2231 1038/1/2232 
f 1038/1/2232 1037/1/2231 1039/1/2233 
f 1038/1/2232 1039/1/2233 1040/1/2234 
f 1040/1/2234 1039/1/2233 1041/1/2235 
f 1040/1/2234 1041/1/2235 1042/1/2236 
f 1041/1/2235 1043/1/2237 1042/1/2236 
f 1042/1/2236 1043/1/2237 953/1/2117 
f 1042/1/2236 953/1/2117 952/1/2116 
f 1004/1/2238 1004/1/2239 1044/1/2240 
f 985/1/2241 984/1/2242 996/1/2243 
f 996/1/2243 984/1/2242 998/1/2241 
f 996/1/2243 998/1/2241 996/1/2244 
f 994/1/2245 992/1/2246 1045/1/2247 
f 1045/1/2247 992/1/2246 989/1/2248 
f 1045/1/2247 989/1/2248 996/1/2243 
f 996/1/2243 989/1/2248 987/1/2249 
f 996/1/2243 987/1/2249 985/1/2241 
f 963/1/2250 981/1/2251 982/1/2252 
f 963/1/2250 982/1/2252 959/1/2253 
f 959/1/2253 982/1/2252 977/1/2254 
f 959/1/2253 977/1/2254 1045/1/2247 
f 1045/1/2247 977/1/2254 975/1/2255 
f 1045/1/2247 975/1/2255 994/1/2245 
f 981/1/2251 963/1/2250 979/1/2256 
f 979/1/2256 963/1/2250 962/1/2257 
f 979/1/2256 962/1/2257 972/1/2258 
f 996/1/2243 996/1/2259 1045/1/2247 
f 1045/1/2247 996/1/2259 996/1/2260 
f 1045/1/2247 996/1/2260 959/1/2253 
f 959/1/2253 996/1/2260 1002/1/2261 
f 959/1/2253 1002/1/2261 957/1/2262 
f 957/1/2262 1002/1/2261 1000/1/2263 
f 957/1/2262 1000/1/2263 955/1/2264 
f 1046/1/2265 1047/1/2266 1000/1/2263 
f 1000/1/2263 1047/1/2266 1048/1/2267 
f 1000/1/2263 1048/1/2267 955/1/2264 
f 1000/1/2263 1006/1/2268 1046/1/2265 
f 1046/1/2265 1006/1/2268 1005/1/2269 
f 1046/1/2265 1005/1/2269 1044/1/2240 
f 1044/1/2240 1005/1/2269 1004/1/2270 
f 1044/1/2240 1004/1/2270 1004/1/2238 
f 972/1/2258 962/1/2257 967/1/2271 
f 972/1/2258 967/1/2271 970/1/2272 
f 970/1/2272 967/1/2271 966/1/2273 
f 970/1/2272 966/1/2273 969/1/2274 
f 1048/1/2267 1027/1/2275 1029/1/2276 
f 1029/1/2276 1031/1/2277 1048/1/2267 
f 1048/1/2267 1031/1/2277 1033/1/2278 
f 1048/1/2267 1033/1/2278 1035/1/2278 
f 1035/1/2278 1036/1/2279 1048/1/2267 
f 1048/1/2267 1036/1/2279 1038/1/2280 
f 1048/1/2267 1038/1/2280 1040/1/2281 
f 1040/1/2281 1042/1/2282 1048/1/2267 
f 1048/1/2267 1042/1/2282 952/1/2283 
f 1048/1/2267 952/1/2283 950/1/2284 
f 950/1/2284 949/1/2285 1048/1/2267 
f 1048/1/2267 949/1/2285 955/1/2264 
f 1024/1/2286 1049/1/2287 1025/1/2288 
f 1025/1/2288 1049/1/2287 1009/1/2289 
f 1025/1/2288 1009/1/2289 1011/1/2290 
f 1004/1/2239 1009/1/2289 1044/1/2240 
f 1044/1/2240 1009/1/2289 1049/1/2287 
f 1044/1/2240 1049/1/2287 1046/1/2265 
f 1046/1/2265 1049/1/2287 1050/1/2291 
f 1046/1/2265 1050/1/2291 1047/1/2266 
f 1016/1/2292 1014/1/2293 1028/1/2294 
f 1050/1/2291 1016/1/2292 1047/1/2266 
f 1047/1/2266 1016/1/2292 1028/1/2294 
f 1047/1/2266 1028/1/2294 1048/1/2267 
f 1048/1/2267 1028/1/2294 1027/1/2275 
f 1024/1/2286 1022/1/2295 1049/1/2287 
f 1049/1/2287 1022/1/2295 1020/1/2296 
f 1049/1/2287 1020/1/2296 1050/1/2291 
f 1050/1/2291 1020/1/2296 1018/1/2297 
f 1050/1/2291 1018/1/2297 1016/1/2292 
f 993/1/2298 974/1/2299 976/1/2300 
f 1051/1/2301 990/1/2302 991/1/2303 
f 990/1/2302 1051/1/2301 988/1/2304 
f 997/1/2305 983/1/2306 1051/1/2301 
f 1051/1/2301 983/1/2306 986/1/2307 
f 1051/1/2301 986/1/2307 988/1/2304 
f 960/1/2308 995/1/2309 1051/1/2301 
f 1051/1/2301 995/1/2309 995/1/2310 
f 1051/1/2301 995/1/2310 997/1/2305 
f 997/1/2311 995/1/2311 995/1/2311 
f 997/1/2312 995/1/2312 995/1/2312 
f 958/1/2313 999/1/2314 960/1/2308 
f 960/1/2308 999/1/2314 1001/1/2315 
f 960/1/2308 1001/1/2315 995/1/2309 
f 958/1/2313 954/1/2316 999/1/2314 
f 999/1/2314 954/1/2316 1052/1/2317 
f 999/1/2314 1052/1/2317 1007/1/2318 
f 1052/1/2317 1053/1/2319 1007/1/2318 
f 1007/1/2318 1053/1/2319 1054/1/2320 
f 1007/1/2318 1054/1/2320 1008/1/2321 
f 1008/1/2321 1054/1/2320 1003/1/2322 
f 1008/1/2321 1003/1/2322 1003/1/2323 
f 973/1/2324 961/1/2325 980/1/2326 
f 980/1/2326 961/1/2325 964/1/2327 
f 980/1/2326 964/1/2327 978/1/2328 
f 978/1/2328 964/1/2327 960/1/2308 
f 978/1/2328 960/1/2308 976/1/2300 
f 976/1/2300 960/1/2308 1051/1/2301 
f 976/1/2300 1051/1/2301 993/1/2298 
f 993/1/2298 1051/1/2301 991/1/2303 
f 968/1/2329 965/1/2330 971/1/2331 
f 971/1/2331 965/1/2330 961/1/2325 
f 971/1/2331 961/1/2325 973/1/2324 
f 1030/1/2332 1026/1/2333 1052/1/2317 
f 954/1/2316 956/1/2334 1052/1/2317 
f 1052/1/2335 956/1/2335 948/1/2335 
f 948/1/2336 951/1/2337 1052/1/2317 
f 1052/1/2317 951/1/2337 953/1/2338 
f 1052/1/2317 953/1/2338 1043/1/2339 
f 1043/1/2339 1041/1/2340 1052/1/2317 
f 1052/1/2317 1041/1/2340 1039/1/2341 
f 1052/1/2317 1039/1/2341 1037/1/2342 
f 1037/1/2342 1034/1/2343 1052/1/2317 
f 1052/1/2317 1034/1/2343 1032/1/2344 
f 1052/1/2317 1032/1/2344 1030/1/2332 
f 1010/1/2345 1055/1/2346 1012/1/2347 
f 1012/1/2347 1055/1/2346 1023/1/2348 
f 1015/1/2349 1017/1/2350 1056/1/2351 
f 1056/1/2351 1017/1/2350 1019/1/2352 
f 1056/1/2351 1019/1/2352 1055/1/2346 
f 1055/1/2346 1019/1/2352 1021/1/2353 
f 1055/1/2346 1021/1/2353 1023/1/2348 
f 1026/1/2333 1013/1/2354 1052/1/2317 
f 1052/1/2317 1013/1/2354 1015/1/2349 
f 1052/1/2317 1015/1/2349 1053/1/2319 
f 1015/1/2349 1056/1/2351 1053/1/2319 
f 1053/1/2319 1056/1/2351 1055/1/2346 
f 1053/1/2319 1055/1/2346 1054/1/2320 
f 1054/1/2320 1055/1/2346 1010/1/2345 
f 1054/1/2320 1010/1/2345 1003/1/2322 
f 1057/1/2355 1058/1/2356 1059/1/2357 
f 1059/1/2357 1058/1/2356 1060/1/2358 
f 1059/1/2357 1060/1/2358 1061/1/2359 
f 1061/1/2359 1060/1/2358 1062/1/2360 
f 1061/1/2359 1062/1/2360 1063/1/2361 
f 1063/1/2361 1062/1/2360 1064/1/2362 
f 1063/1/2361 1064/1/2362 1065/1/2363 
f 1065/1/2363 1064/1/2362 1066/1/2364 
f 1065/1/2363 1066/1/2364 1067/1/2365 
f 1067/1/2365 1066/1/2364 1068/1/2366 
f 1067/1/2365 1068/1/2366 1069/1/2367 
f 1069/1/2367 1068/1/2366 1070/1/2368 
f 1069/1/2367 1070/1/2368 1071/1/2369 
f 1071/1/2369 1070/1/2368 1072/1/2370 
f 1072/1/2370 1070/1/2368 1073/1/2371 
f 1072/1/2370 1073/1/2371 1072/1/2372 
f 1072/1/2372 1073/1/2371 1074/1/2373 
f 1072/1/2372 1074/1/2373 1075/1/2374 
f 1075/1/2374 1074/1/2373 1076/1/2375 
f 1075/1/2374 1076/1/2375 1075/1/2376 
f 1075/1/2376 1076/1/2375 1077/1/2377 
f 1075/1/2376 1077/1/2377 1078/1/2378 
f 1078/1/2378 1077/1/2377 1079/1/2379 
f 1079/1/2379 1077/1/2377 1080/1/2380 
f 1079/1/2379 1080/1/2380 1081/1/2381 
f 1081/1/2381 1080/1/2380 1082/1/2382 
f 1081/1/2381 1082/1/2382 1083/1/2383 
f 1082/1/2382 1084/1/2384 1083/1/2383 
f 1083/1/2383 1084/1/2384 1085/1/2385 
f 1083/1/2383 1085/1/2385 1086/1/2386 
f 1086/1/2386 1085/1/2385 1087/1/2387 
f 1086/1/2386 1087/1/2387 1086/1/2388 
f 1086/1/2388 1087/1/2387 1088/1/2389 
f 1086/1/2388 1088/1/2389 1089/1/2390 
f 1089/1/2390 1088/1/2389 1090/1/2391 
f 1089/1/2390 1090/1/2391 1091/1/2392 
f 1090/1/2391 1092/1/2393 1091/1/2392 
f 1091/1/2392 1092/1/2393 1093/1/2394 
f 1091/1/2392 1093/1/2394 1094/1/2395 
f 1094/1/2395 1093/1/2394 1095/1/2396 
f 1094/1/2395 1095/1/2396 1096/1/2397 
f 1097/1/2398 1098/1/2399 1095/1/2396 
f 1095/1/2396 1098/1/2399 1099/1/2400 
f 1095/1/2396 1099/1/2400 1096/1/2397 
f 1100/1/2401 1101/1/2402 1102/1/2403 
f 1102/1/2403 1101/1/2402 1098/1/2399 
f 1102/1/2403 1098/1/2399 1103/1/2404 
f 1103/1/2404 1098/1/2399 1097/1/2398 
f 1100/1/2401 1104/1/2405 1101/1/2402 
f 1101/1/2402 1104/1/2405 1105/1/2406 
f 1101/1/2402 1105/1/2406 1106/1/2407 
f 1105/1/2406 1107/1/2408 1106/1/2407 
f 1106/1/2407 1107/1/2408 1107/1/2409 
f 1106/1/2407 1107/1/2409 1108/1/2410 
f 1107/1/2409 1109/1/2411 1108/1/2410 
f 1108/1/2410 1109/1/2411 1110/1/2412 
f 1108/1/2410 1110/1/2412 1111/1/2413 
f 1111/1/2413 1110/1/2412 1112/1/2414 
f 1111/1/2413 1112/1/2414 1113/1/2415 
f 1113/1/2415 1112/1/2414 1114/1/2416 
f 1115/1/2417 1113/1/2418 1114/1/2416 
f 1114/1/2416 1113/1/2418 1113/1/2415 
f 1116/1/2419 1117/1/2420 1118/1/2421 
f 1118/1/2421 1117/1/2420 1119/1/2422 
f 1118/1/2421 1119/1/2422 1120/1/2423 
f 1120/1/2423 1119/1/2422 1121/1/2424 
f 1120/1/2423 1121/1/2424 1115/1/2417 
f 1115/1/2417 1121/1/2424 1122/1/2425 
f 1115/1/2417 1122/1/2425 1113/1/2418 
f 1123/1/2426 1124/1/2427 1125/1/2428 
f 1125/1/2428 1124/1/2427 1126/1/2429 
f 1125/1/2428 1126/1/2429 1127/1/2430 
f 1127/1/2430 1126/1/2429 1116/1/2419 
f 1127/1/2430 1116/1/2419 1128/1/2431 
f 1128/1/2431 1116/1/2419 1118/1/2421 
f 1129/1/2432 1130/1/2433 1131/1/2434 
f 1131/1/2434 1130/1/2433 1058/1/2435 
f 1131/1/2434 1058/1/2435 1057/1/2436 
f 1132/1/2437 1133/1/2438 1134/1/2439 
f 1134/1/2439 1133/1/2438 1135/1/2440 
f 1134/1/2439 1135/1/2440 1136/1/2441 
f 1136/1/2441 1135/1/2440 1137/1/2442 
f 1136/1/2441 1137/1/2442 1138/1/2443 
f 1138/1/2443 1137/1/2442 1139/1/2444 
f 1138/1/2443 1139/1/2444 1140/1/2445 
f 1140/1/2445 1139/1/2444 1141/1/2446 
f 1140/1/2445 1141/1/2446 1142/1/2447 
f 1142/1/2447 1141/1/2446 1143/1/2448 
f 1142/1/2447 1143/1/2448 1144/1/2449 
f 1144/1/2449 1143/1/2448 1145/1/2450 
f 1144/1/2451 1144/1/2449 1145/1/2450 
f 1145/1/2452 1144/1/2452 1144/1/2452 
f 1144/1/2451 1145/1/2450 1146/1/2453 
f 1146/1/2453 1145/1/2450 1147/1/2454 
f 1146/1/2453 1147/1/2454 1148/1/2455 
f 1148/1/2455 1147/1/2454 1149/1/2456 
f 1148/1/2455 1149/1/2456 1150/1/2457 
f 1150/1/2457 1149/1/2456 1151/1/2458 
f 1151/1/2458 1149/1/2456 1152/1/2459 
f 1151/1/2458 1152/1/2459 1153/1/2460 
f 1153/1/2460 1152/1/2459 1154/1/2461 
f 1153/1/2460 1154/1/2461 1155/1/2462 
f 1155/1/2462 1154/1/2461 1156/1/2463 
f 1155/1/2462 1156/1/2463 1157/1/2464 
f 1157/1/2464 1156/1/2463 1158/1/2465 
f 1157/1/2464 1158/1/2465 1159/1/2466 
f 1159/1/2466 1158/1/2465 1160/1/2467 
f 1160/1/2467 1158/1/2465 1161/1/2468 
f 1160/1/2467 1161/1/2468 1162/1/2469 
f 1162/1/2469 1161/1/2468 1163/1/2470 
f 1162/1/2469 1163/1/2470 1164/1/2471 
f 1163/1/2470 1165/1/2472 1164/1/2471 
f 1164/1/2471 1165/1/2472 1165/1/2473 
f 1164/1/2471 1165/1/2473 1166/1/2474 
f 1166/1/2474 1165/1/2473 1167/1/2475 
f 1166/1/2474 1167/1/2475 1166/1/2476 
f 1166/1/2476 1167/1/2475 1168/1/2477 
f 1166/1/2476 1168/1/2477 1169/1/2478 
f 1169/1/2478 1168/1/2477 1170/1/2479 
f 1168/1/2477 1171/1/2480 1170/1/2479 
f 1170/1/2479 1171/1/2480 1172/1/2481 
f 1170/1/2479 1172/1/2481 1173/1/2482 
f 1172/1/2481 1174/1/2483 1173/1/2482 
f 1173/1/2482 1174/1/2483 1175/1/2484 
f 1173/1/2482 1175/1/2484 1176/1/2485 
f 1175/1/2484 1177/1/2486 1176/1/2485 
f 1176/1/2485 1177/1/2486 1178/1/2487 
f 1176/1/2485 1178/1/2487 1179/1/2488 
f 1179/1/2488 1178/1/2487 1180/1/2489 
f 1179/1/2488 1180/1/2489 1181/1/2490 
f 1181/1/2490 1180/1/2489 1181/1/2491 
f 1182/1/2492 1183/1/2493 1184/1/2494 
f 1184/1/2494 1183/1/2493 1185/1/2495 
f 1184/1/2494 1185/1/2495 1186/1/2496 
f 1186/1/2496 1185/1/2495 1187/1/2497 
f 1186/1/2496 1187/1/2497 1188/1/2498 
f 1188/1/2498 1187/1/2497 1189/1/2499 
f 1188/1/2498 1189/1/2499 1190/1/2500 
f 1190/1/2500 1189/1/2499 1191/1/2501 
f 1190/1/2500 1191/1/2501 1192/1/2502 
f 1192/1/2502 1191/1/2501 1193/1/2503 
f 1192/1/2502 1193/1/2503 1180/1/2489 
f 1180/1/2489 1193/1/2503 1194/1/2504 
f 1180/1/2489 1194/1/2504 1181/1/2491 
f 1195/1/2505 1196/1/2506 1197/1/2507 
f 1196/1/2506 1196/1/2508 1197/1/2507 
f 1197/1/2509 1196/1/2509 1196/1/2509 
f 1197/1/2507 1196/1/2508 1182/1/2492 
f 1182/1/2492 1196/1/2508 1183/1/2493 
f 1195/1/2505 1197/1/2507 1198/1/2510 
f 1198/1/2510 1197/1/2507 1199/1/2511 
f 1198/1/2510 1199/1/2511 1200/1/2512 
f 1200/1/2512 1199/1/2511 1201/1/2513 
f 1200/1/2512 1201/1/2513 1202/1/2514 
f 1202/1/2514 1201/1/2513 1203/1/2515 
f 1203/1/2515 1201/1/2513 1204/1/2516 
f 1203/1/2515 1204/1/2516 1205/1/2517 
f 1205/1/2517 1204/1/2516 1206/1/2518 
f 1205/1/2517 1206/1/2518 1207/1/2519 
f 1206/1/2518 1208/1/2520 1207/1/2519 
f 1207/1/2519 1208/1/2520 1209/1/2521 
f 1207/1/2519 1209/1/2521 1210/1/2522 
f 1210/1/2522 1209/1/2521 1211/1/2523 
f 1210/1/2522 1211/1/2523 1212/1/2524 
f 1212/1/2524 1211/1/2523 1213/1/2525 
f 1212/1/2524 1213/1/2525 1214/1/2526 
f 1214/1/2526 1213/1/2525 1215/1/2527 
f 1214/1/2526 1215/1/2527 1216/1/2528 
f 1216/1/2528 1215/1/2527 1217/1/2529 
f 1216/1/2528 1217/1/2529 1218/1/2530 
f 1218/1/2530 1217/1/2529 1219/1/2531 
f 1219/1/2531 1217/1/2529 1220/1/2532 
f 1220/1/2532 1217/1/2529 1221/1/2533 
f 1220/1/2532 1221/1/2533 1222/1/2534 
f 1222/1/2534 1221/1/2533 1223/1/2535 
f 1222/1/2534 1223/1/2535 1222/1/2536 
f 1222/1/2536 1223/1/2535 1224/1/2537 
f 1222/1/2536 1224/1/2537 1225/1/2538 
f 1225/1/2538 1224/1/2537 1226/1/2539 
f 1226/1/2539 1224/1/2537 1227/1/2540 
f 1226/1/2539 1227/1/2540 1228/1/2541 
f 1228/1/2541 1227/1/2540 1229/1/2542 
f 1228/1/2541 1229/1/2542 1230/1/2543 
f 1230/1/2543 1229/1/2542 1231/1/2544 
f 1230/1/2543 1231/1/2544 1232/1/2545 
f 1231/1/2544 1233/1/2546 1232/1/2545 
f 1232/1/2545 1233/1/2546 1234/1/2547 
f 1232/1/2545 1234/1/2547 1235/1/2548 
f 1235/1/2548 1234/1/2547 1236/1/2549 
f 1130/1/2550 1129/1/2551 1237/1/2552 
f 1237/1/2552 1129/1/2551 1238/1/2553 
f 1237/1/2552 1238/1/2553 1239/1/2554 
f 1239/1/2554 1238/1/2553 1240/1/2555 
f 1239/1/2554 1240/1/2555 1236/1/2549 
f 1236/1/2549 1240/1/2555 1241/1/2556 
f 1236/1/2549 1241/1/2556 1235/1/2548 
f 1124/1/2557 1123/1/2558 1242/1/2559 
f 1242/1/2559 1123/1/2558 1243/1/2560 
f 1242/1/2559 1243/1/2560 1244/1/2561 
f 1244/1/2561 1243/1/2560 1133/1/2562 
f 1244/1/2561 1133/1/2562 1132/1/2563 
f 1062/1/2564 1245/1/2565 1246/1/2566 
f 1073/1/2567 1070/1/2568 1247/1/2569 
f 1137/1/2570 1135/1/2571 1248/1/2572 
f 1137/1/2570 1248/1/2572 1139/1/2573 
f 1139/1/2573 1248/1/2572 1249/1/2574 
f 1139/1/2573 1249/1/2574 1141/1/2575 
f 1141/1/2575 1249/1/2574 1143/1/2576 
f 1143/1/2576 1249/1/2574 1250/1/2577 
f 1143/1/2576 1250/1/2577 1145/1/2578 
f 1178/1/2579 1177/1/2580 1250/1/2577 
f 1250/1/2577 1177/1/2580 1175/1/2581 
f 1250/1/2577 1175/1/2581 1174/1/2582 
f 1174/1/2582 1172/1/2583 1250/1/2577 
f 1250/1/2577 1172/1/2583 1171/1/2584 
f 1250/1/2577 1171/1/2584 1168/1/2585 
f 1168/1/2585 1167/1/2586 1250/1/2577 
f 1250/1/2577 1167/1/2586 1165/1/2587 
f 1250/1/2577 1165/1/2587 1165/1/2588 
f 1165/1/2588 1163/1/2589 1250/1/2577 
f 1250/1/2577 1163/1/2589 1161/1/2590 
f 1250/1/2577 1161/1/2590 1158/1/2591 
f 1158/1/2591 1156/1/2592 1250/1/2577 
f 1250/1/2577 1156/1/2592 1154/1/2593 
f 1250/1/2577 1154/1/2593 1152/1/2594 
f 1152/1/2594 1149/1/2595 1250/1/2577 
f 1250/1/2577 1149/1/2595 1147/1/2596 
f 1250/1/2577 1147/1/2596 1145/1/2578 
f 1251/1/2597 1192/1/2598 1180/1/2599 
f 1115/1/2600 1114/1/2601 1251/1/2597 
f 1251/1/2597 1114/1/2601 1112/1/2602 
f 1112/1/2602 1110/1/2603 1251/1/2597 
f 1251/1/2597 1110/1/2603 1109/1/2604 
f 1251/1/2597 1109/1/2604 1192/1/2598 
f 1192/1/2598 1109/1/2604 1107/1/2605 
f 1107/1/2605 1107/1/2606 1192/1/2598 
f 1192/1/2598 1107/1/2606 1105/1/2607 
f 1192/1/2598 1105/1/2607 1104/1/2608 
f 1104/1/2608 1100/1/2609 1192/1/2598 
f 1192/1/2598 1100/1/2609 1102/1/2610 
f 1192/1/2598 1102/1/2610 1190/1/2611 
f 1102/1/2610 1103/1/2612 1190/1/2611 
f 1190/1/2611 1103/1/2612 1097/1/2613 
f 1190/1/2611 1097/1/2613 1188/1/2614 
f 1097/1/2613 1095/1/2615 1188/1/2614 
f 1188/1/2614 1095/1/2615 1093/1/2616 
f 1188/1/2614 1093/1/2616 1186/1/2617 
f 1186/1/2617 1093/1/2616 1092/1/2618 
f 1186/1/2617 1092/1/2618 1184/1/2619 
f 1184/1/2619 1092/1/2618 1090/1/2620 
f 1184/1/2619 1090/1/2620 1182/1/2621 
f 1182/1/2621 1090/1/2620 1088/1/2622 
f 1182/1/2621 1088/1/2622 1087/1/2623 
f 1087/1/2623 1085/1/2624 1182/1/2621 
f 1182/1/2621 1085/1/2624 1084/1/2625 
f 1182/1/2621 1084/1/2625 1197/1/2626 
f 1084/1/2625 1082/1/2627 1197/1/2626 
f 1197/1/2626 1082/1/2627 1080/1/2628 
f 1197/1/2626 1080/1/2628 1199/1/2629 
f 1199/1/2629 1080/1/2628 1077/1/2630 
f 1199/1/2629 1077/1/2630 1201/1/2631 
f 1076/1/2632 1206/1/2633 1077/1/2630 
f 1077/1/2630 1206/1/2633 1204/1/2634 
f 1077/1/2630 1204/1/2634 1201/1/2631 
f 1074/1/2635 1209/1/2636 1076/1/2632 
f 1076/1/2632 1209/1/2636 1208/1/2637 
f 1076/1/2632 1208/1/2637 1206/1/2633 
f 1247/1/2569 1229/1/2638 1227/1/2639 
f 1227/1/2639 1224/1/2640 1247/1/2569 
f 1247/1/2569 1224/1/2640 1223/1/2641 
f 1247/1/2569 1223/1/2641 1221/1/2642 
f 1221/1/2642 1217/1/2643 1247/1/2569 
f 1247/1/2569 1217/1/2643 1215/1/2644 
f 1247/1/2569 1215/1/2644 1213/1/2645 
f 1074/1/2635 1073/1/2567 1209/1/2636 
f 1209/1/2636 1073/1/2567 1247/1/2569 
f 1209/1/2636 1247/1/2569 1211/1/2646 
f 1211/1/2646 1247/1/2569 1213/1/2645 
f 1246/1/2566 1233/1/2647 1247/1/2569 
f 1247/1/2569 1233/1/2647 1231/1/2648 
f 1247/1/2569 1231/1/2648 1229/1/2638 
f 1237/1/2649 1239/1/2650 1245/1/2565 
f 1245/1/2565 1239/1/2650 1236/1/2651 
f 1245/1/2565 1236/1/2651 1246/1/2566 
f 1246/1/2566 1236/1/2651 1234/1/2652 
f 1246/1/2566 1234/1/2652 1233/1/2647 
f 1130/1/2653 1237/1/2649 1058/1/2654 
f 1058/1/2654 1237/1/2649 1245/1/2565 
f 1058/1/2654 1245/1/2565 1060/1/2655 
f 1060/1/2655 1245/1/2565 1062/1/2564 
f 1070/1/2568 1068/1/2656 1247/1/2569 
f 1247/1/2569 1068/1/2656 1066/1/2657 
f 1247/1/2569 1066/1/2657 1246/1/2566 
f 1246/1/2566 1066/1/2657 1064/1/2658 
f 1246/1/2566 1064/1/2658 1062/1/2564 
f 1128/1/2659 1252/1/2660 1127/1/2661 
f 1127/1/2661 1252/1/2660 1125/1/2662 
f 1123/1/2663 1125/1/2662 1243/1/2664 
f 1243/1/2664 1125/1/2662 1252/1/2660 
f 1243/1/2664 1252/1/2660 1253/1/2665 
f 1253/1/2665 1252/1/2660 1128/1/2659 
f 1253/1/2665 1128/1/2659 1254/1/2666 
f 1254/1/2666 1128/1/2659 1118/1/2667 
f 1254/1/2666 1118/1/2667 1251/1/2597 
f 1251/1/2597 1118/1/2667 1120/1/2668 
f 1251/1/2597 1120/1/2668 1115/1/2600 
f 1133/1/2669 1243/1/2664 1135/1/2571 
f 1135/1/2571 1243/1/2664 1253/1/2665 
f 1135/1/2571 1253/1/2665 1248/1/2572 
f 1248/1/2572 1253/1/2665 1254/1/2666 
f 1248/1/2572 1254/1/2666 1249/1/2574 
f 1249/1/2574 1254/1/2666 1251/1/2597 
f 1249/1/2574 1251/1/2597 1250/1/2577 
f 1250/1/2577 1251/1/2597 1180/1/2599 
f 1250/1/2577 1180/1/2599 1178/1/2579 
f 1255/1/2670 1183/1/2671 1196/1/2672 
f 1255/1/2670 1196/1/2672 1196/1/2673 
f 1255/1/2670 1196/1/2673 1196/1/2674 
f 1196/1/2674 1195/1/2675 1255/1/2670 
f 1255/1/2670 1195/1/2675 1198/1/2676 
f 1255/1/2670 1198/1/2676 1256/1/2677 
f 1256/1/2677 1198/1/2676 1200/1/2678 
f 1256/1/2677 1200/1/2678 1202/1/2679 
f 1202/1/2679 1203/1/2680 1256/1/2677 
f 1256/1/2677 1203/1/2680 1205/1/2681 
f 1256/1/2677 1205/1/2681 1207/1/2682 
f 1067/1/2683 1069/1/2684 1255/1/2670 
f 1255/1/2670 1069/1/2684 1071/1/2685 
f 1075/1/2686 1078/1/2687 1183/1/2671 
f 1071/1/2685 1072/1/2688 1255/1/2670 
f 1255/1/2670 1072/1/2688 1072/1/2689 
f 1255/1/2670 1072/1/2689 1183/1/2671 
f 1183/1/2671 1072/1/2689 1075/1/2690 
f 1183/1/2671 1075/1/2690 1075/1/2686 
f 1078/1/2687 1079/1/2691 1183/1/2671 
f 1183/1/2671 1079/1/2691 1081/1/2692 
f 1183/1/2671 1081/1/2692 1083/1/2693 
f 1083/1/2693 1086/1/2694 1183/1/2671 
f 1183/1/2671 1086/1/2694 1086/1/2695 
f 1183/1/2671 1086/1/2695 1185/1/2696 
f 1091/1/2697 1094/1/2698 1189/1/2699 
f 1086/1/2695 1089/1/2700 1185/1/2696 
f 1185/1/2696 1089/1/2700 1091/1/2697 
f 1185/1/2696 1091/1/2697 1187/1/2701 
f 1187/1/2701 1091/1/2697 1189/1/2699 
f 1098/1/2702 1191/1/2703 1099/1/2704 
f 1099/1/2704 1191/1/2703 1189/1/2699 
f 1099/1/2704 1189/1/2699 1096/1/2705 
f 1096/1/2705 1189/1/2699 1094/1/2698 
f 1108/1/2706 1257/1/2707 1106/1/2708 
f 1106/1/2708 1257/1/2707 1191/1/2703 
f 1106/1/2708 1191/1/2703 1101/1/2709 
f 1101/1/2709 1191/1/2703 1098/1/2702 
f 1108/1/2706 1111/1/2710 1257/1/2707 
f 1257/1/2711 1111/1/2711 1113/1/2711 
f 1181/1/2712 1194/1/2713 1258/1/2714 
f 1258/1/2714 1194/1/2713 1193/1/2715 
f 1144/1/2716 1144/1/2717 1258/1/2714 
f 1258/1/2714 1144/1/2717 1144/1/2718 
f 1258/1/2714 1144/1/2718 1146/1/2719 
f 1259/1/2720 1179/1/2721 1258/1/2714 
f 1258/1/2714 1179/1/2721 1181/1/2722 
f 1258/1/2714 1181/1/2722 1181/1/2712 
f 1166/1/2723 1166/1/2724 1259/1/2720 
f 1259/1/2720 1166/1/2724 1169/1/2725 
f 1259/1/2720 1169/1/2725 1170/1/2726 
f 1170/1/2726 1173/1/2727 1259/1/2720 
f 1259/1/2720 1173/1/2727 1176/1/2728 
f 1259/1/2720 1176/1/2728 1179/1/2721 
f 1153/1/2729 1155/1/2730 1259/1/2720 
f 1146/1/2719 1148/1/2731 1258/1/2714 
f 1258/1/2714 1148/1/2731 1150/1/2732 
f 1258/1/2714 1150/1/2732 1259/1/2720 
f 1259/1/2720 1150/1/2732 1151/1/2733 
f 1259/1/2720 1151/1/2733 1153/1/2729 
f 1155/1/2730 1157/1/2734 1259/1/2720 
f 1259/1/2720 1157/1/2734 1159/1/2735 
f 1259/1/2720 1159/1/2735 1160/1/2736 
f 1160/1/2736 1162/1/2737 1259/1/2720 
f 1259/1/2720 1162/1/2737 1164/1/2738 
f 1259/1/2720 1164/1/2738 1166/1/2723 
f 1134/1/2739 1136/1/2740 1260/1/2741 
f 1260/1/2741 1136/1/2740 1138/1/2742 
f 1260/1/2741 1138/1/2742 1261/1/2743 
f 1261/1/2743 1138/1/2742 1140/1/2744 
f 1261/1/2743 1140/1/2744 1258/1/2714 
f 1258/1/2714 1140/1/2744 1142/1/2745 
f 1258/1/2714 1142/1/2745 1144/1/2716 
f 1244/1/2746 1132/1/2747 1134/1/2739 
f 1134/1/2739 1262/1/2748 1244/1/2746 
f 1244/1/2746 1262/1/2748 1263/1/2749 
f 1244/1/2746 1263/1/2749 1242/1/2750 
f 1124/1/2751 1242/1/2750 1126/1/2752 
f 1126/1/2752 1242/1/2750 1263/1/2749 
f 1126/1/2752 1263/1/2749 1116/1/2753 
f 1116/1/2753 1263/1/2749 1262/1/2748 
f 1116/1/2753 1262/1/2748 1264/1/2754 
f 1257/1/2707 1113/1/2755 1113/1/2755 
f 1257/1/2707 1113/1/2755 1122/1/2756 
f 1122/1/2756 1121/1/2757 1257/1/2707 
f 1257/1/2707 1121/1/2757 1119/1/2758 
f 1257/1/2707 1119/1/2758 1264/1/2754 
f 1264/1/2754 1119/1/2758 1117/1/2759 
f 1264/1/2754 1117/1/2759 1116/1/2753 
f 1265/1/2760 1063/1/2761 1065/1/2762 
f 1131/1/2763 1057/1/2764 1266/1/2765 
f 1266/1/2765 1057/1/2764 1059/1/2766 
f 1266/1/2765 1059/1/2766 1265/1/2760 
f 1265/1/2760 1059/1/2766 1061/1/2767 
f 1265/1/2760 1061/1/2767 1063/1/2761 
f 1238/1/2768 1129/1/2769 1131/1/2763 
f 1238/1/2768 1131/1/2763 1240/1/2770 
f 1240/1/2770 1131/1/2763 1266/1/2765 
f 1240/1/2770 1266/1/2765 1241/1/2771 
f 1241/1/2771 1266/1/2765 1265/1/2760 
f 1241/1/2771 1265/1/2760 1235/1/2772 
f 1228/1/2773 1230/1/2774 1256/1/2677 
f 1256/1/2677 1230/1/2774 1232/1/2775 
f 1067/1/2683 1255/1/2670 1065/1/2762 
f 1065/1/2762 1255/1/2670 1256/1/2677 
f 1065/1/2762 1256/1/2677 1265/1/2760 
f 1265/1/2760 1256/1/2677 1232/1/2775 
f 1265/1/2760 1232/1/2775 1235/1/2772 
f 1207/1/2682 1210/1/2776 1256/1/2677 
f 1256/1/2677 1210/1/2776 1212/1/2777 
f 1256/1/2677 1212/1/2777 1214/1/2778 
f 1214/1/2778 1216/1/2779 1256/1/2677 
f 1256/1/2677 1216/1/2779 1218/1/2780 
f 1256/1/2677 1218/1/2780 1219/1/2781 
f 1219/1/2781 1220/1/2782 1256/1/2677 
f 1256/1/2677 1220/1/2782 1222/1/2783 
f 1256/1/2677 1222/1/2783 1222/1/2784 
f 1222/1/2784 1225/1/2785 1256/1/2677 
f 1256/1/2677 1225/1/2785 1226/1/2786 
f 1256/1/2677 1226/1/2786 1228/1/2773 
f 1134/1/2739 1260/1/2741 1262/1/2748 
f 1262/1/2748 1260/1/2741 1261/1/2743 
f 1262/1/2748 1261/1/2743 1264/1/2754 
f 1264/1/2754 1261/1/2743 1258/1/2714 
f 1264/1/2754 1258/1/2714 1257/1/2707 
f 1257/1/2707 1258/1/2714 1193/1/2715 
f 1257/1/2707 1193/1/2715 1191/1/2703 
f 1267/1/2787 1268/1/2788 1269/1/2789 
f 1270/1/2790 1271/1/2791 1272/1/2792 
f 1272/1/2792 1271/1/2791 1273/1/2793 
f 1272/1/2792 1273/1/2793 1274/1/2794 
f 1273/1/2793 1275/1/2795 1274/1/2794 
f 1274/1/2794 1275/1/2795 1276/1/2796 
f 1274/1/2794 1276/1/2796 1277/1/2797 
f 1277/1/2797 1276/1/2796 1278/1/2798 
f 1277/1/2797 1278/1/2798 1279/1/2799 
f 1279/1/2799 1278/1/2798 1267/1/2787 
f 1267/1/2787 1278/1/2798 1280/1/2800 
f 1267/1/2787 1280/1/2800 1268/1/2788 
f 1281/1/2801 1282/1/2802 1283/1/2803 
f 1283/1/2803 1282/1/2802 1271/1/2804 
f 1283/1/2803 1271/1/2804 1270/1/2805 
f 1284/1/2806 1285/1/2807 1286/1/2808 
f 1286/1/2808 1285/1/2807 1287/1/2809 
f 1286/1/2808 1287/1/2809 1288/1/2810 
f 1288/1/2810 1287/1/2809 1289/1/2811 
f 1288/1/2810 1289/1/2811 1290/1/2812 
f 1290/1/2812 1289/1/2811 1291/1/2813 
f 1290/1/2812 1291/1/2813 1292/1/2814 
f 1292/1/2814 1291/1/2813 1293/1/2815 
f 1292/1/2814 1293/1/2815 1294/1/2816 
f 1295/1/2817 1296/1/2818 1284/1/2806 
f 1284/1/2806 1296/1/2818 1297/1/2818 
f 1284/1/2806 1297/1/2818 1285/1/2807 
f 1296/1/2819 1296/1/2820 1295/1/2821 
f 1295/1/2821 1296/1/2820 1296/1/2822 
f 1298/1/2823 1299/1/2824 1300/1/2825 
f 1300/1/2825 1299/1/2824 1301/1/2826 
f 1300/1/2825 1301/1/2826 1295/1/2821 
f 1295/1/2821 1301/1/2826 1296/1/2827 
f 1295/1/2821 1296/1/2827 1296/1/2819 
f 1300/1/2825 1302/1/2828 1298/1/2823 
f 1298/1/2823 1302/1/2828 1303/1/2829 
f 1298/1/2823 1303/1/2829 1304/1/2830 
f 1304/1/2830 1303/1/2829 1305/1/2831 
f 1304/1/2830 1305/1/2831 1306/1/2832 
f 1305/1/2831 1307/1/2833 1306/1/2832 
f 1306/1/2832 1307/1/2833 1308/1/2834 
f 1306/1/2832 1308/1/2834 1309/1/2835 
f 1309/1/2835 1308/1/2834 1310/1/2836 
f 1309/1/2835 1310/1/2836 1311/1/2837 
f 1311/1/2837 1310/1/2836 1312/1/2838 
f 1311/1/2837 1312/1/2838 1313/1/2839 
f 1313/1/2839 1312/1/2838 1314/1/2840 
f 1313/1/2839 1314/1/2840 1315/1/2841 
f 1315/1/2841 1314/1/2840 1316/1/2842 
f 1315/1/2841 1316/1/2842 1317/1/2843 
f 1317/1/2843 1316/1/2842 1318/1/2844 
f 1317/1/2843 1318/1/2844 1319/1/2845 
f 1319/1/2845 1318/1/2844 1320/1/2846 
f 1319/1/2845 1320/1/2846 1321/1/2847 
f 1321/1/2847 1320/1/2846 1322/1/2848 
f 1321/1/2847 1322/1/2848 1323/1/2849 
f 1323/1/2849 1322/1/2848 1324/1/2850 
f 1323/1/2849 1324/1/2850 1325/1/2851 
f 1325/1/2851 1324/1/2850 1326/1/2852 
f 1326/1/2852 1324/1/2850 1327/1/2853 
f 1326/1/2852 1327/1/2853 1328/1/2854 
f 1328/1/2854 1327/1/2853 1329/1/2855 
f 1329/1/2855 1327/1/2853 1330/1/2856 
f 1329/1/2855 1330/1/2856 1331/1/2857 
f 1282/1/2858 1281/1/2859 1332/1/2860 
f 1332/1/2860 1281/1/2859 1331/1/2857 
f 1332/1/2860 1331/1/2857 1333/1/2861 
f 1333/1/2861 1331/1/2857 1330/1/2856 
f 1334/1/2862 1335/1/2863 1336/1/2864 
f 1336/1/2864 1335/1/2863 1337/1/2865 
f 1336/1/2864 1337/1/2865 1338/1/2866 
f 1338/1/2866 1337/1/2865 1339/1/2867 
f 1338/1/2866 1339/1/2867 1340/1/2868 
f 1340/1/2868 1339/1/2867 1341/1/2869 
f 1340/1/2868 1341/1/2869 1342/1/2870 
f 1342/1/2870 1341/1/2869 1343/1/2871 
f 1342/1/2870 1343/1/2871 1344/1/2872 
f 1343/1/2871 1345/1/2873 1344/1/2872 
f 1344/1/2872 1345/1/2873 1294/1/2874 
f 1344/1/2872 1294/1/2874 1293/1/2875 
f 1334/1/2876 1346/1/2877 1335/1/2878 
f 1335/1/2878 1346/1/2877 1347/1/2879 
f 1348/1/2880 1348/1/2881 1349/1/2882 
f 1350/1/2883 1351/1/2884 1352/1/2885 
f 1352/1/2885 1351/1/2884 1353/1/2886 
f 1352/1/2885 1353/1/2886 1354/1/2887 
f 1354/1/2887 1353/1/2886 1355/1/2888 
f 1354/1/2887 1355/1/2888 1356/1/2889 
f 1356/1/2889 1355/1/2888 1357/1/2890 
f 1356/1/2889 1357/1/2890 1358/1/2891 
f 1358/1/2891 1357/1/2890 1359/1/2892 
f 1358/1/2891 1359/1/2892 1360/1/2893 
f 1360/1/2893 1359/1/2892 1361/1/2894 
f 1360/1/2893 1361/1/2894 1362/1/2895 
f 1362/1/2895 1361/1/2894 1363/1/2896 
f 1362/1/2895 1363/1/2896 1364/1/2897 
f 1364/1/2897 1363/1/2896 1365/1/2898 
f 1364/1/2897 1365/1/2898 1366/1/2899 
f 1366/1/2899 1365/1/2898 1367/1/2900 
f 1366/1/2899 1367/1/2900 1368/1/2901 
f 1368/1/2901 1367/1/2900 1369/1/2902 
f 1368/1/2901 1369/1/2902 1370/1/2903 
f 1370/1/2903 1369/1/2902 1371/1/2904 
f 1370/1/2903 1371/1/2904 1372/1/2905 
f 1372/1/2905 1371/1/2904 1373/1/2906 
f 1372/1/2905 1373/1/2906 1374/1/2907 
f 1374/1/2907 1373/1/2906 1375/1/2908 
f 1374/1/2907 1375/1/2908 1376/1/2909 
f 1376/1/2909 1375/1/2908 1377/1/2910 
f 1376/1/2909 1377/1/2910 1378/1/2911 
f 1378/1/2911 1377/1/2910 1379/1/2912 
f 1378/1/2911 1379/1/2912 1380/1/2913 
f 1380/1/2913 1379/1/2912 1381/1/2914 
f 1380/1/2913 1381/1/2914 1382/1/2915 
f 1382/1/2915 1381/1/2914 1383/1/2916 
f 1381/1/2914 1384/1/2917 1383/1/2916 
f 1383/1/2916 1384/1/2917 1385/1/2918 
f 1383/1/2916 1385/1/2918 1386/1/2919 
f 1386/1/2919 1385/1/2918 1387/1/2920 
f 1387/1/2920 1385/1/2918 1388/1/2921 
f 1387/1/2920 1388/1/2921 1389/1/2922 
f 1389/1/2922 1388/1/2921 1390/1/2923 
f 1389/1/2922 1390/1/2923 1391/1/2924 
f 1391/1/2924 1390/1/2923 1392/1/2925 
f 1391/1/2924 1392/1/2925 1393/1/2926 
f 1392/1/2925 1394/1/2927 1393/1/2926 
f 1393/1/2926 1394/1/2927 1395/1/2928 
f 1393/1/2926 1395/1/2928 1396/1/2929 
f 1396/1/2929 1395/1/2928 1397/1/2930 
f 1396/1/2929 1397/1/2930 1398/1/2931 
f 1398/1/2931 1397/1/2930 1399/1/2932 
f 1398/1/2931 1399/1/2932 1400/1/2933 
f 1400/1/2933 1399/1/2932 1349/1/2882 
f 1400/1/2933 1349/1/2882 1348/1/2881 
f 1401/1/2934 1402/1/2935 1349/1/2936 
f 1349/1/2936 1402/1/2935 1348/1/2937 
f 1349/1/2880 1348/1/2880 1348/1/2880 
f 1403/1/2938 1404/1/2939 1401/1/2934 
f 1401/1/2934 1404/1/2939 1405/1/2940 
f 1401/1/2934 1405/1/2940 1402/1/2935 
f 1406/1/2941 1407/1/2941 1406/1/2941 
f 1406/1/2942 1407/1/2943 1408/1/2944 
f 1406/1/2945 1406/1/2946 1407/1/2947 
f 1407/1/2947 1406/1/2946 1409/1/2948 
f 1409/1/2948 1406/1/2946 1410/1/2949 
f 1410/1/2949 1406/1/2946 1411/1/2950 
f 1410/1/2949 1411/1/2950 1403/1/2938 
f 1403/1/2938 1411/1/2950 1412/1/2951 
f 1403/1/2938 1412/1/2951 1404/1/2939 
f 1408/1/2944 1407/1/2943 1413/1/2952 
f 1413/1/2952 1407/1/2943 1414/1/2953 
f 1413/1/2952 1414/1/2953 1415/1/2954 
f 1415/1/2954 1414/1/2953 1416/1/2955 
f 1415/1/2954 1416/1/2955 1417/1/2956 
f 1417/1/2956 1416/1/2955 1418/1/2957 
f 1417/1/2956 1418/1/2957 1419/1/2958 
f 1419/1/2958 1418/1/2957 1420/1/2959 
f 1419/1/2958 1420/1/2959 1421/1/2960 
f 1421/1/2960 1420/1/2959 1422/1/2961 
f 1421/1/2960 1422/1/2961 1421/1/2962 
f 1421/1/2962 1422/1/2961 1423/1/2963 
f 1421/1/2962 1423/1/2963 1424/1/2964 
f 1424/1/2964 1423/1/2963 1425/1/2965 
f 1425/1/2965 1423/1/2963 1426/1/2966 
f 1425/1/2965 1426/1/2966 1427/1/2967 
f 1427/1/2967 1426/1/2966 1428/1/2968 
f 1427/1/2967 1428/1/2968 1429/1/2969 
f 1428/1/2968 1430/1/2970 1429/1/2969 
f 1429/1/2969 1430/1/2970 1430/1/2971 
f 1429/1/2969 1430/1/2971 1431/1/2972 
f 1431/1/2972 1430/1/2971 1432/1/2973 
f 1431/1/2972 1432/1/2973 1433/1/2974 
f 1433/1/2974 1432/1/2973 1434/1/2975 
f 1433/1/2974 1434/1/2975 1435/1/2976 
f 1435/1/2976 1434/1/2975 1436/1/2977 
f 1435/1/2976 1436/1/2977 1437/1/2978 
f 1437/1/2978 1436/1/2977 1438/1/2979 
f 1437/1/2978 1438/1/2979 1439/1/2980 
f 1439/1/2980 1438/1/2979 1440/1/2981 
f 1439/1/2980 1440/1/2981 1441/1/2982 
f 1441/1/2982 1440/1/2981 1442/1/2983 
f 1441/1/2982 1442/1/2983 1441/1/2984 
f 1441/1/2984 1442/1/2983 1443/1/2985 
f 1441/1/2984 1443/1/2985 1444/1/2986 
f 1444/1/2986 1443/1/2985 1445/1/2987 
f 1444/1/2986 1445/1/2987 1446/1/2988 
f 1446/1/2988 1445/1/2987 1447/1/2989 
f 1446/1/2988 1447/1/2989 1448/1/2990 
f 1448/1/2991 1448/1/2991 1447/1/2991 
f 1447/1/2991 1448/1/2991 1448/1/2991 
f 1449/1/2992 1450/1/2993 1447/1/2989 
f 1447/1/2989 1450/1/2993 1451/1/2994 
f 1447/1/2989 1451/1/2994 1448/1/2990 
f 1452/1/2995 1453/1/2996 1454/1/2997 
f 1454/1/2997 1453/1/2996 1455/1/2998 
f 1454/1/2997 1455/1/2998 1449/1/2992 
f 1449/1/2992 1455/1/2998 1456/1/2999 
f 1449/1/2992 1456/1/2999 1450/1/2993 
f 1454/1/2997 1457/1/3000 1452/1/2995 
f 1452/1/2995 1457/1/3000 1458/1/3001 
f 1452/1/2995 1458/1/3001 1459/1/3002 
f 1459/1/3002 1458/1/3001 1460/1/3003 
f 1459/1/3002 1460/1/3003 1461/1/3004 
f 1461/1/3004 1460/1/3003 1462/1/3005 
f 1461/1/3004 1462/1/3005 1463/1/3006 
f 1347/1/3007 1346/1/3008 1464/1/3009 
f 1464/1/3009 1346/1/3008 1465/1/3010 
f 1464/1/3009 1465/1/3010 1463/1/3006 
f 1463/1/3006 1465/1/3010 1466/1/3011 
f 1463/1/3006 1466/1/3011 1461/1/3004 
f 1467/1/3012 1468/1/3013 1350/1/3014 
f 1350/1/3014 1468/1/3013 1469/1/3015 
f 1350/1/3014 1469/1/3015 1351/1/3016 
f 1470/1/3017 1471/1/3018 1472/1/3019 
f 1473/1/3020 1474/1/3021 1475/1/3022 
f 1269/1/3023 1268/1/3024 1476/1/3025 
f 1477/1/3026 1477/1/3027 1478/1/3028 
f 1478/1/3029 1477/1/3030 1476/1/3025 
f 1476/1/3025 1477/1/3030 1477/1/3031 
f 1476/1/3025 1477/1/3031 1269/1/3023 
f 1479/1/3032 1480/1/3033 1478/1/3028 
f 1478/1/3028 1480/1/3033 1477/1/3034 
f 1478/1/3028 1477/1/3034 1477/1/3026 
f 1481/1/3035 1482/1/3036 1479/1/3032 
f 1479/1/3032 1482/1/3036 1483/1/3037 
f 1479/1/3032 1483/1/3037 1480/1/3033 
f 1484/1/3038 1485/1/3039 1481/1/3035 
f 1481/1/3035 1485/1/3039 1486/1/3040 
f 1481/1/3035 1486/1/3040 1482/1/3036 
f 1474/1/3021 1473/1/3020 1487/1/3041 
f 1487/1/3041 1473/1/3020 1488/1/3042 
f 1487/1/3041 1488/1/3042 1489/1/3043 
f 1489/1/3043 1488/1/3042 1490/1/3044 
f 1489/1/3043 1490/1/3044 1491/1/3045 
f 1491/1/3045 1490/1/3044 1492/1/3046 
f 1491/1/3045 1492/1/3046 1493/1/3047 
f 1493/1/3047 1492/1/3046 1494/1/3048 
f 1493/1/3047 1494/1/3048 1484/1/3038 
f 1484/1/3038 1494/1/3048 1495/1/3049 
f 1484/1/3038 1495/1/3049 1485/1/3039 
f 1496/1/3050 1497/1/3051 1475/1/3022 
f 1475/1/3022 1497/1/3051 1498/1/3052 
f 1475/1/3022 1498/1/3052 1473/1/3020 
f 1471/1/3018 1470/1/3017 1499/1/3053 
f 1499/1/3053 1470/1/3017 1500/1/3054 
f 1499/1/3053 1500/1/3054 1501/1/3055 
f 1501/1/3055 1500/1/3054 1502/1/3056 
f 1501/1/3055 1502/1/3056 1496/1/3050 
f 1496/1/3050 1502/1/3056 1503/1/3057 
f 1496/1/3050 1503/1/3057 1497/1/3051 
f 1468/1/3058 1467/1/3059 1504/1/3060 
f 1504/1/3060 1467/1/3059 1505/1/3061 
f 1504/1/3060 1505/1/3061 1472/1/3019 
f 1472/1/3019 1505/1/3061 1506/1/3062 
f 1472/1/3019 1506/1/3062 1470/1/3017 
f 1332/1/3063 1507/1/3064 1282/1/3065 
f 1375/1/3066 1373/1/3067 1508/1/3068 
f 1469/1/3069 1468/1/3070 1504/1/3071 
f 1476/1/3072 1509/1/3073 1478/1/3074 
f 1478/1/3074 1509/1/3073 1479/1/3075 
f 1474/1/3076 1487/1/3077 1367/1/3078 
f 1367/1/3078 1487/1/3077 1489/1/3079 
f 1367/1/3078 1489/1/3079 1369/1/3080 
f 1369/1/3080 1489/1/3079 1491/1/3081 
f 1369/1/3080 1491/1/3081 1371/1/3082 
f 1371/1/3082 1491/1/3081 1493/1/3083 
f 1371/1/3082 1493/1/3083 1373/1/3067 
f 1373/1/3067 1493/1/3083 1484/1/3084 
f 1373/1/3067 1484/1/3084 1481/1/3085 
f 1474/1/3076 1367/1/3078 1475/1/3086 
f 1475/1/3086 1367/1/3078 1365/1/3087 
f 1475/1/3086 1365/1/3087 1496/1/3088 
f 1496/1/3088 1365/1/3087 1363/1/3089 
f 1496/1/3088 1363/1/3089 1501/1/3090 
f 1501/1/3090 1363/1/3089 1499/1/3091 
f 1499/1/3091 1363/1/3089 1361/1/3092 
f 1499/1/3091 1361/1/3092 1471/1/3093 
f 1351/1/3094 1469/1/3069 1353/1/3095 
f 1353/1/3095 1469/1/3069 1504/1/3071 
f 1353/1/3095 1504/1/3071 1355/1/3096 
f 1355/1/3096 1504/1/3071 1472/1/3097 
f 1355/1/3096 1472/1/3097 1357/1/3098 
f 1357/1/3098 1472/1/3097 1471/1/3093 
f 1357/1/3098 1471/1/3093 1359/1/3099 
f 1359/1/3099 1471/1/3093 1361/1/3092 
f 1399/1/3100 1397/1/3101 1508/1/3068 
f 1508/1/3068 1397/1/3101 1395/1/3102 
f 1508/1/3068 1395/1/3102 1394/1/3103 
f 1394/1/3103 1392/1/3104 1508/1/3068 
f 1508/1/3068 1392/1/3104 1390/1/3105 
f 1508/1/3068 1390/1/3105 1388/1/3106 
f 1388/1/3106 1385/1/3107 1508/1/3068 
f 1508/1/3068 1385/1/3107 1384/1/3108 
f 1508/1/3068 1384/1/3108 1381/1/3109 
f 1381/1/3109 1379/1/3110 1508/1/3068 
f 1508/1/3068 1379/1/3110 1377/1/3111 
f 1508/1/3068 1377/1/3111 1375/1/3066 
f 1510/1/3112 1401/1/3113 1508/1/3068 
f 1508/1/3068 1401/1/3113 1349/1/3114 
f 1508/1/3068 1349/1/3114 1399/1/3100 
f 1407/1/3115 1409/1/3116 1511/1/3117 
f 1511/1/3117 1409/1/3116 1410/1/3118 
f 1511/1/3117 1410/1/3118 1510/1/3112 
f 1510/1/3112 1410/1/3118 1403/1/3119 
f 1510/1/3112 1403/1/3119 1401/1/3113 
f 1454/1/3120 1449/1/3121 1511/1/3117 
f 1511/1/3117 1449/1/3121 1447/1/3122 
f 1447/1/3122 1445/1/3123 1511/1/3117 
f 1511/1/3117 1445/1/3123 1512/1/3124 
f 1511/1/3117 1512/1/3124 1407/1/3115 
f 1423/1/3125 1422/1/3126 1512/1/3124 
f 1512/1/3124 1422/1/3126 1420/1/3127 
f 1512/1/3124 1420/1/3127 1418/1/3128 
f 1418/1/3128 1416/1/3129 1512/1/3124 
f 1512/1/3124 1416/1/3129 1414/1/3130 
f 1512/1/3124 1414/1/3130 1407/1/3115 
f 1445/1/3123 1443/1/3131 1512/1/3124 
f 1512/1/3124 1443/1/3131 1442/1/3132 
f 1512/1/3124 1442/1/3132 1440/1/3133 
f 1440/1/3133 1438/1/3134 1512/1/3124 
f 1512/1/3124 1438/1/3134 1436/1/3135 
f 1512/1/3124 1436/1/3135 1434/1/3136 
f 1434/1/3136 1432/1/3137 1512/1/3124 
f 1512/1/3124 1432/1/3137 1430/1/3138 
f 1512/1/3124 1430/1/3138 1430/1/3139 
f 1430/1/3139 1428/1/3140 1512/1/3124 
f 1512/1/3124 1428/1/3140 1426/1/3141 
f 1512/1/3124 1426/1/3141 1423/1/3125 
f 1290/1/3142 1292/1/3143 1511/1/3117 
f 1511/1/3117 1292/1/3143 1294/1/3144 
f 1511/1/3117 1294/1/3144 1454/1/3120 
f 1454/1/3120 1294/1/3144 1457/1/3145 
f 1457/1/3145 1294/1/3144 1458/1/3146 
f 1458/1/3146 1294/1/3144 1345/1/3147 
f 1458/1/3146 1345/1/3147 1460/1/3148 
f 1460/1/3148 1345/1/3147 1343/1/3149 
f 1460/1/3148 1343/1/3149 1462/1/3150 
f 1462/1/3150 1343/1/3149 1341/1/3151 
f 1462/1/3150 1341/1/3151 1463/1/3152 
f 1463/1/3152 1341/1/3151 1339/1/3153 
f 1463/1/3152 1339/1/3153 1464/1/3154 
f 1339/1/3153 1337/1/3155 1464/1/3154 
f 1464/1/3154 1337/1/3155 1335/1/3156 
f 1464/1/3154 1335/1/3156 1347/1/3157 
f 1318/1/3158 1316/1/3159 1513/1/3160 
f 1513/1/3160 1316/1/3159 1314/1/3161 
f 1513/1/3160 1314/1/3161 1510/1/3112 
f 1314/1/3161 1312/1/3162 1510/1/3112 
f 1510/1/3112 1312/1/3162 1310/1/3163 
f 1510/1/3112 1310/1/3163 1308/1/3164 
f 1308/1/3164 1307/1/3165 1510/1/3112 
f 1510/1/3112 1307/1/3165 1305/1/3166 
f 1510/1/3112 1305/1/3166 1303/1/3167 
f 1303/1/3167 1302/1/3168 1510/1/3112 
f 1510/1/3112 1302/1/3168 1300/1/3169 
f 1510/1/3112 1300/1/3169 1295/1/3170 
f 1295/1/3170 1284/1/3171 1510/1/3112 
f 1510/1/3112 1284/1/3171 1286/1/3172 
f 1510/1/3112 1286/1/3172 1511/1/3117 
f 1511/1/3117 1286/1/3172 1288/1/3173 
f 1511/1/3117 1288/1/3173 1290/1/3142 
f 1514/1/3174 1322/1/3175 1513/1/3160 
f 1513/1/3160 1322/1/3175 1320/1/3176 
f 1513/1/3160 1320/1/3176 1318/1/3158 
f 1330/1/3177 1327/1/3178 1515/1/3179 
f 1515/1/3179 1327/1/3178 1324/1/3180 
f 1515/1/3179 1324/1/3180 1516/1/3181 
f 1507/1/3064 1332/1/3063 1515/1/3179 
f 1515/1/3179 1332/1/3063 1333/1/3182 
f 1515/1/3179 1333/1/3182 1330/1/3177 
f 1516/1/3181 1275/1/3183 1515/1/3179 
f 1515/1/3179 1275/1/3183 1273/1/3184 
f 1515/1/3179 1273/1/3184 1507/1/3064 
f 1507/1/3064 1273/1/3184 1271/1/3185 
f 1507/1/3064 1271/1/3185 1282/1/3065 
f 1280/1/3186 1278/1/3187 1516/1/3181 
f 1516/1/3181 1278/1/3187 1276/1/3188 
f 1516/1/3181 1276/1/3188 1275/1/3183 
f 1481/1/3085 1479/1/3075 1373/1/3067 
f 1373/1/3067 1479/1/3075 1509/1/3073 
f 1373/1/3067 1509/1/3073 1508/1/3068 
f 1508/1/3068 1509/1/3073 1476/1/3072 
f 1508/1/3068 1476/1/3072 1510/1/3112 
f 1510/1/3112 1476/1/3072 1268/1/3189 
f 1510/1/3112 1268/1/3189 1513/1/3160 
f 1513/1/3160 1268/1/3189 1280/1/3186 
f 1513/1/3160 1280/1/3186 1514/1/3174 
f 1514/1/3174 1280/1/3186 1516/1/3181 
f 1514/1/3174 1516/1/3181 1322/1/3175 
f 1322/1/3175 1516/1/3181 1324/1/3180 
f 1277/1/3190 1517/1/3191 1518/1/3192 
f 1519/1/3193 1477/1/3194 1477/1/3195 
f 1519/1/3193 1477/1/3195 1477/1/3196 
f 1477/1/3194 1519/1/3193 1477/1/3197 
f 1477/1/3197 1519/1/3193 1520/1/3198 
f 1477/1/3197 1520/1/3198 1269/1/3199 
f 1279/1/3200 1267/1/3201 1521/1/3202 
f 1521/1/3202 1267/1/3201 1269/1/3199 
f 1277/1/3190 1518/1/3192 1274/1/3203 
f 1274/1/3203 1518/1/3192 1522/1/3204 
f 1274/1/3203 1522/1/3204 1272/1/3205 
f 1329/1/3206 1331/1/3207 1518/1/3192 
f 1518/1/3192 1331/1/3207 1281/1/3208 
f 1518/1/3192 1281/1/3208 1522/1/3204 
f 1522/1/3204 1281/1/3208 1283/1/3209 
f 1522/1/3204 1283/1/3209 1272/1/3205 
f 1272/1/3205 1283/1/3209 1270/1/3210 
f 1321/1/3211 1323/1/3212 1521/1/3202 
f 1521/1/3202 1323/1/3212 1517/1/3191 
f 1521/1/3202 1517/1/3191 1279/1/3200 
f 1279/1/3200 1517/1/3191 1277/1/3190 
f 1323/1/3212 1325/1/3213 1517/1/3191 
f 1517/1/3191 1325/1/3213 1326/1/3214 
f 1517/1/3191 1326/1/3214 1518/1/3192 
f 1518/1/3192 1326/1/3214 1328/1/3215 
f 1518/1/3192 1328/1/3215 1329/1/3206 
f 1315/1/3216 1317/1/3217 1523/1/3218 
f 1523/1/3218 1317/1/3217 1319/1/3219 
f 1523/1/3218 1319/1/3219 1321/1/3211 
f 1301/1/3220 1299/1/3221 1524/1/3222 
f 1296/1/3223 1296/1/3224 1524/1/3222 
f 1524/1/3222 1296/1/3224 1296/1/3225 
f 1524/1/3222 1296/1/3225 1301/1/3220 
f 1525/1/3226 1287/1/3227 1524/1/3222 
f 1524/1/3222 1287/1/3227 1285/1/3228 
f 1524/1/3222 1285/1/3228 1297/1/3229 
f 1297/1/3229 1296/1/3230 1524/1/3222 
f 1524/1/3222 1296/1/3230 1296/1/3223 
f 1299/1/3221 1298/1/3231 1524/1/3222 
f 1524/1/3222 1298/1/3231 1304/1/3232 
f 1524/1/3222 1304/1/3232 1306/1/3233 
f 1306/1/3233 1309/1/3234 1524/1/3222 
f 1524/1/3222 1309/1/3234 1311/1/3235 
f 1524/1/3222 1311/1/3235 1523/1/3218 
f 1523/1/3218 1311/1/3235 1313/1/3236 
f 1523/1/3218 1313/1/3236 1315/1/3216 
f 1453/1/3237 1452/1/3238 1344/1/3239 
f 1293/1/3240 1291/1/3241 1525/1/3226 
f 1525/1/3226 1291/1/3241 1289/1/3242 
f 1525/1/3226 1289/1/3242 1287/1/3227 
f 1344/1/3239 1452/1/3238 1342/1/3243 
f 1342/1/3243 1452/1/3238 1459/1/3244 
f 1342/1/3243 1459/1/3244 1340/1/3245 
f 1340/1/3245 1459/1/3244 1461/1/3246 
f 1340/1/3245 1461/1/3246 1338/1/3247 
f 1461/1/3246 1466/1/3248 1338/1/3247 
f 1338/1/3247 1466/1/3248 1465/1/3249 
f 1338/1/3247 1465/1/3249 1336/1/3250 
f 1336/1/3250 1465/1/3249 1346/1/3251 
f 1336/1/3250 1346/1/3251 1334/1/3251 
f 1525/1/3226 1406/1/3252 1406/1/3253 
f 1427/1/3254 1429/1/3255 1526/1/3256 
f 1429/1/3255 1431/1/3257 1526/1/3256 
f 1526/1/3256 1431/1/3257 1433/1/3258 
f 1526/1/3256 1433/1/3258 1435/1/3259 
f 1435/1/3259 1437/1/3260 1526/1/3256 
f 1526/1/3256 1437/1/3260 1439/1/3261 
f 1526/1/3256 1439/1/3261 1441/1/3262 
f 1526/1/3256 1415/1/3263 1417/1/3264 
f 1417/1/3264 1419/1/3265 1526/1/3256 
f 1526/1/3256 1419/1/3265 1421/1/3266 
f 1526/1/3256 1421/1/3266 1421/1/3267 
f 1421/1/3267 1424/1/3268 1526/1/3256 
f 1526/1/3256 1424/1/3268 1425/1/3269 
f 1526/1/3256 1425/1/3269 1427/1/3254 
f 1406/1/3253 1406/1/3270 1525/1/3226 
f 1525/1/3226 1406/1/3270 1408/1/3271 
f 1525/1/3226 1408/1/3271 1526/1/3256 
f 1526/1/3256 1408/1/3271 1413/1/3272 
f 1526/1/3256 1413/1/3272 1415/1/3263 
f 1441/1/3262 1441/1/3273 1526/1/3256 
f 1526/1/3256 1441/1/3273 1444/1/3274 
f 1526/1/3256 1444/1/3274 1525/1/3226 
f 1525/1/3226 1444/1/3274 1446/1/3275 
f 1525/1/3226 1446/1/3275 1448/1/3276 
f 1525/1/3226 1448/1/3276 1448/1/3277 
f 1525/1/3226 1448/1/3277 1448/1/3278 
f 1448/1/3278 1451/1/3279 1525/1/3226 
f 1525/1/3226 1451/1/3279 1450/1/3280 
f 1525/1/3226 1450/1/3280 1456/1/3281 
f 1344/1/3239 1293/1/3240 1453/1/3237 
f 1453/1/3237 1293/1/3240 1525/1/3226 
f 1453/1/3237 1525/1/3226 1455/1/3282 
f 1455/1/3282 1525/1/3226 1456/1/3281 
f 1404/1/3283 1412/1/3284 1524/1/3222 
f 1524/1/3222 1412/1/3284 1411/1/3285 
f 1524/1/3222 1411/1/3285 1525/1/3226 
f 1525/1/3226 1411/1/3285 1406/1/3252 
f 1321/1/3211 1521/1/3202 1523/1/3218 
f 1523/1/3218 1521/1/3202 1269/1/3199 
f 1523/1/3218 1269/1/3199 1524/1/3222 
f 1524/1/3222 1269/1/3199 1520/1/3198 
f 1524/1/3222 1520/1/3198 1404/1/3283 
f 1400/1/3286 1348/1/3287 1520/1/3198 
f 1393/1/3288 1396/1/3289 1520/1/3198 
f 1520/1/3198 1396/1/3289 1398/1/3290 
f 1520/1/3198 1398/1/3290 1400/1/3286 
f 1376/1/3291 1378/1/3292 1520/1/3198 
f 1520/1/3198 1378/1/3292 1380/1/3293 
f 1520/1/3198 1380/1/3293 1382/1/3294 
f 1382/1/3294 1383/1/3295 1520/1/3198 
f 1520/1/3198 1383/1/3295 1386/1/3296 
f 1520/1/3198 1386/1/3296 1387/1/3297 
f 1387/1/3297 1389/1/3298 1520/1/3198 
f 1520/1/3198 1389/1/3298 1391/1/3299 
f 1520/1/3198 1391/1/3299 1393/1/3288 
f 1520/1/3198 1348/1/3287 1348/1/3287 
f 1520/1/3198 1348/1/3287 1348/1/3300 
f 1348/1/3300 1402/1/3301 1520/1/3198 
f 1520/1/3198 1402/1/3301 1405/1/3302 
f 1520/1/3198 1405/1/3302 1404/1/3283 
f 1370/1/3303 1372/1/3304 1520/1/3198 
f 1520/1/3198 1372/1/3304 1374/1/3305 
f 1520/1/3198 1374/1/3305 1376/1/3291 
f 1519/1/3193 1364/1/3306 1366/1/3307 
f 1519/1/3193 1366/1/3307 1520/1/3198 
f 1520/1/3198 1366/1/3307 1368/1/3308 
f 1520/1/3198 1368/1/3308 1370/1/3303 
f 1477/1/3196 1480/1/3309 1519/1/3193 
f 1519/1/3193 1480/1/3309 1483/1/3310 
f 1519/1/3193 1483/1/3310 1482/1/3311 
f 1482/1/3311 1486/1/3312 1519/1/3193 
f 1519/1/3193 1486/1/3312 1485/1/3313 
f 1519/1/3193 1485/1/3313 1364/1/3306 
f 1364/1/3306 1485/1/3313 1495/1/3314 
f 1364/1/3306 1495/1/3314 1494/1/3315 
f 1494/1/3315 1492/1/3316 1364/1/3306 
f 1364/1/3306 1492/1/3316 1490/1/3317 
f 1364/1/3306 1490/1/3317 1488/1/3318 
f 1488/1/3318 1473/1/3319 1364/1/3306 
f 1364/1/3306 1473/1/3319 1498/1/3320 
f 1364/1/3306 1498/1/3320 1362/1/3321 
f 1362/1/3321 1498/1/3320 1497/1/3322 
f 1497/1/3322 1503/1/3323 1362/1/3321 
f 1362/1/3321 1503/1/3323 1502/1/3324 
f 1362/1/3321 1502/1/3324 1360/1/3325 
f 1360/1/3325 1502/1/3324 1500/1/3326 
f 1360/1/3325 1500/1/3326 1358/1/3327 
f 1358/1/3327 1500/1/3326 1470/1/3328 
f 1358/1/3327 1470/1/3328 1356/1/3329 
f 1356/1/3329 1470/1/3328 1506/1/3330 
f 1356/1/3329 1506/1/3330 1354/1/3331 
f 1354/1/3331 1506/1/3330 1505/1/3332 
f 1354/1/3331 1505/1/3332 1352/1/3333 
f 1352/1/3333 1505/1/3332 1467/1/3334 
f 1352/1/3333 1467/1/3334 1350/1/3335 
f 1527/1/3336 1528/1/3337 1529/1/3338 
f 1529/1/3338 1528/1/3337 1530/1/3339 
f 1529/1/3338 1530/1/3339 1531/1/3340 
f 1531/1/3340 1530/1/3339 1532/1/3341 
f 1531/1/3340 1532/1/3341 1533/1/3342 
f 1533/1/3342 1532/1/3341 1534/1/3343 
f 1533/1/3342 1534/1/3343 1535/1/3344 
f 1534/1/3343 1536/1/3345 1535/1/3344 
f 1535/1/3344 1536/1/3345 1537/1/3345 
f 1535/1/3344 1537/1/3345 1538/1/3346 
f 1528/1/3337 1527/1/3336 1539/1/3347 
f 1539/1/3347 1527/1/3336 1540/1/3348 
f 1539/1/3347 1540/1/3348 1541/1/3349 
f 1542/1/3350 1543/1/3351 1544/1/3352 
f 1544/1/3352 1543/1/3351 1545/1/3353 
f 1544/1/3352 1545/1/3353 1546/1/3354 
f 1546/1/3354 1545/1/3353 1541/1/3349 
f 1546/1/3354 1541/1/3349 1547/1/3355 
f 1547/1/3355 1541/1/3349 1540/1/3348 
f 1542/1/3356 1548/1/3357 1543/1/3358 
f 1543/1/3358 1548/1/3357 1549/1/3359 
f 1549/1/3360 1548/1/3361 1550/1/3362 
f 1550/1/3362 1548/1/3361 1551/1/3363 
f 1550/1/3362 1551/1/3363 1552/1/3364 
f 1552/1/3364 1551/1/3363 1553/1/3365 
f 1552/1/3364 1553/1/3365 1554/1/3366 
f 1554/1/3366 1553/1/3365 1555/1/3367 
f 1554/1/3366 1555/1/3367 1556/1/3368 
f 1556/1/3368 1555/1/3367 1557/1/3369 
f 1537/1/3370 1558/1/3371 1538/1/3372 
f 1538/1/3372 1558/1/3371 1559/1/3373 
f 1559/1/3373 1558/1/3371 1560/1/3374 
f 1560/1/3374 1558/1/3371 1561/1/3375 
f 1560/1/3376 1561/1/3377 1560/1/3378 
f 1560/1/3378 1561/1/3377 1561/1/3379 
f 1560/1/3378 1561/1/3379 1560/1/3380 
f 1560/1/3380 1561/1/3379 1561/1/3381 
f 1560/1/3380 1561/1/3381 1562/1/3382 
f 1562/1/3382 1561/1/3381 1563/1/3383 
f 1562/1/3382 1563/1/3383 1564/1/3384 
f 1563/1/3383 1565/1/3385 1564/1/3384 
f 1564/1/3384 1565/1/3385 1566/1/3386 
f 1564/1/3384 1566/1/3386 1567/1/3387 
f 1567/1/3387 1566/1/3386 1568/1/3388 
f 1568/1/3388 1566/1/3386 1569/1/3389 
f 1568/1/3388 1569/1/3389 1570/1/3390 
f 1570/1/3390 1569/1/3389 1571/1/3391 
f 1570/1/3390 1571/1/3391 1572/1/3392 
f 1572/1/3392 1571/1/3391 1573/1/3393 
f 1572/1/3392 1573/1/3393 1574/1/3394 
f 1574/1/3394 1573/1/3393 1575/1/3395 
f 1574/1/3394 1575/1/3395 1576/1/3396 
f 1576/1/3396 1575/1/3395 1577/1/3397 
f 1577/1/3397 1575/1/3395 1578/1/3398 
f 1577/1/3397 1578/1/3398 1579/1/3399 
f 1579/1/3399 1578/1/3398 1580/1/3400 
f 1579/1/3399 1580/1/3400 1581/1/3401 
f 1581/1/3401 1580/1/3400 1582/1/3402 
f 1581/1/3401 1582/1/3402 1583/1/3403 
f 1583/1/3403 1582/1/3402 1584/1/3404 
f 1583/1/3403 1584/1/3404 1585/1/3405 
f 1585/1/3405 1584/1/3404 1586/1/3406 
f 1585/1/3405 1586/1/3406 1587/1/3407 
f 1587/1/3407 1586/1/3406 1588/1/3408 
f 1587/1/3407 1588/1/3408 1589/1/3409 
f 1588/1/3408 1590/1/3410 1589/1/3409 
f 1589/1/3409 1590/1/3410 1591/1/3411 
f 1589/1/3409 1591/1/3411 1592/1/3412 
f 1592/1/3412 1591/1/3411 1593/1/3413 
f 1592/1/3412 1593/1/3413 1594/1/3414 
f 1595/1/3415 1596/1/3416 1597/1/3417 
f 1597/1/3417 1596/1/3416 1594/1/3414 
f 1597/1/3417 1594/1/3414 1598/1/3418 
f 1598/1/3418 1594/1/3414 1593/1/3413 
f 1556/1/3368 1557/1/3369 1599/1/3419 
f 1599/1/3419 1557/1/3369 1600/1/3420 
f 1599/1/3419 1600/1/3420 1601/1/3421 
f 1601/1/3421 1600/1/3420 1602/1/3422 
f 1601/1/3421 1602/1/3422 1595/1/3415 
f 1595/1/3415 1602/1/3422 1603/1/3423 
f 1595/1/3415 1603/1/3423 1596/1/3416 
f 1528/1/3424 1604/1/3425 1530/1/3426 
f 1530/1/3426 1604/1/3425 1532/1/3427 
f 1605/1/3428 1536/1/3429 1604/1/3425 
f 1604/1/3425 1536/1/3429 1534/1/3430 
f 1604/1/3425 1534/1/3430 1532/1/3427 
f 1565/1/3431 1563/1/3432 1605/1/3428 
f 1605/1/3428 1563/1/3432 1561/1/3431 
f 1605/1/3428 1561/1/3431 1561/1/3433 
f 1571/1/3434 1569/1/3435 1605/1/3428 
f 1605/1/3428 1569/1/3435 1566/1/3436 
f 1605/1/3428 1566/1/3436 1565/1/3431 
f 1561/1/3433 1561/1/3437 1605/1/3428 
f 1605/1/3428 1561/1/3437 1536/1/3429 
f 1536/1/3438 1561/1/3439 1558/1/3440 
f 1536/1/3438 1558/1/3440 1537/1/3441 
f 1578/1/3442 1575/1/3443 1605/1/3428 
f 1605/1/3428 1575/1/3443 1573/1/3444 
f 1605/1/3428 1573/1/3444 1571/1/3434 
f 1601/1/3445 1595/1/3446 1604/1/3425 
f 1604/1/3425 1595/1/3446 1597/1/3447 
f 1597/1/3447 1598/1/3448 1604/1/3425 
f 1604/1/3425 1598/1/3448 1593/1/3449 
f 1604/1/3425 1593/1/3449 1591/1/3450 
f 1591/1/3450 1590/1/3451 1604/1/3425 
f 1604/1/3425 1590/1/3451 1588/1/3452 
f 1604/1/3425 1588/1/3452 1586/1/3453 
f 1586/1/3453 1584/1/3454 1604/1/3425 
f 1604/1/3425 1584/1/3454 1582/1/3455 
f 1604/1/3425 1582/1/3455 1605/1/3428 
f 1605/1/3428 1582/1/3455 1580/1/3456 
f 1605/1/3428 1580/1/3456 1578/1/3442 
f 1601/1/3445 1604/1/3425 1599/1/3457 
f 1599/1/3457 1604/1/3425 1528/1/3424 
f 1599/1/3457 1528/1/3424 1556/1/3458 
f 1552/1/3459 1545/1/3460 1550/1/3461 
f 1550/1/3461 1545/1/3460 1543/1/3462 
f 1550/1/3461 1543/1/3462 1549/1/3463 
f 1556/1/3458 1528/1/3424 1554/1/3464 
f 1554/1/3464 1528/1/3424 1539/1/3465 
f 1554/1/3464 1539/1/3465 1552/1/3459 
f 1552/1/3459 1539/1/3465 1541/1/3466 
f 1552/1/3459 1541/1/3466 1545/1/3460 
f 1606/1/3467 1527/1/3468 1529/1/3469 
f 1557/1/3470 1527/1/3468 1600/1/3471 
f 1600/1/3471 1527/1/3468 1606/1/3467 
f 1600/1/3471 1606/1/3467 1602/1/3472 
f 1602/1/3472 1606/1/3467 1603/1/3473 
f 1607/1/3474 1581/1/3475 1606/1/3467 
f 1606/1/3467 1581/1/3475 1583/1/3476 
f 1606/1/3467 1583/1/3476 1585/1/3477 
f 1585/1/3477 1587/1/3478 1606/1/3467 
f 1606/1/3467 1587/1/3478 1589/1/3479 
f 1606/1/3467 1589/1/3479 1592/1/3480 
f 1592/1/3480 1594/1/3481 1606/1/3467 
f 1606/1/3467 1594/1/3481 1596/1/3482 
f 1606/1/3467 1596/1/3482 1603/1/3473 
f 1576/1/3483 1607/1/3474 1574/1/3484 
f 1574/1/3484 1607/1/3474 1572/1/3485 
f 1576/1/3483 1577/1/3486 1607/1/3474 
f 1607/1/3474 1577/1/3486 1579/1/3487 
f 1607/1/3474 1579/1/3487 1581/1/3475 
f 1559/1/3488 1560/1/3489 1607/1/3474 
f 1607/1/3474 1560/1/3489 1560/1/3490 
f 1607/1/3474 1560/1/3490 1560/1/3491 
f 1560/1/3491 1562/1/3492 1607/1/3474 
f 1607/1/3474 1562/1/3492 1564/1/3493 
f 1607/1/3474 1564/1/3493 1567/1/3494 
f 1567/1/3494 1568/1/3495 1607/1/3474 
f 1607/1/3474 1568/1/3495 1570/1/3496 
f 1607/1/3474 1570/1/3496 1572/1/3485 
f 1538/1/3497 1559/1/3488 1535/1/3498 
f 1535/1/3498 1559/1/3488 1607/1/3474 
f 1535/1/3498 1607/1/3474 1533/1/3499 
f 1533/1/3499 1607/1/3474 1606/1/3467 
f 1533/1/3499 1606/1/3467 1531/1/3500 
f 1531/1/3500 1606/1/3467 1529/1/3469 
f 1548/1/3501 1542/1/3502 1551/1/3503 
f 1551/1/3503 1542/1/3502 1544/1/3504 
f 1551/1/3503 1544/1/3504 1553/1/3505 
f 1544/1/3504 1546/1/3506 1553/1/3505 
f 1553/1/3505 1546/1/3506 1547/1/3507 
f 1553/1/3505 1547/1/3507 1555/1/3508 
f 1555/1/3508 1547/1/3507 1540/1/3509 
f 1555/1/3508 1540/1/3509 1557/1/3470 
f 1557/1/3470 1540/1/3509 1527/1/3468 
f 1608/1/3510 1609/1/3511 1610/1/3512 
f 1610/1/3512 1609/1/3511 1611/1/3513 
f 1609/1/3514 1612/1/3515 1611/1/3516 
f 1611/1/3516 1612/1/3515 1613/1/3517 
f 1614/1/3518 1613/1/3519 1612/1/3520 
f 1615/1/3521 1616/1/3522 1617/1/3523 
f 1617/1/3523 1616/1/3522 1614/1/3518 
f 1617/1/3523 1614/1/3518 1618/1/3524 
f 1618/1/3524 1614/1/3518 1612/1/3520 
f 1619/1/3525 1620/1/3525 1615/1/3521 
f 1615/1/3521 1620/1/3525 1616/1/3522 
f 1621/1/3526 1622/1/3527 1619/1/3528 
f 1619/1/3528 1622/1/3527 1620/1/3529 
f 1621/1/3530 1623/1/3531 1622/1/3530 
f 1622/1/3530 1623/1/3531 1624/1/3530 
f 1623/1/3531 1625/1/3531 1624/1/3530 
f 1624/1/3530 1625/1/3531 1626/1/3532 
f 1625/1/3533 1627/1/3534 1626/1/3535 
f 1626/1/3535 1627/1/3534 1628/1/3536 
f 1629/1/3537 1630/1/3538 1631/1/3539 
f 1631/1/3539 1630/1/3538 1632/1/3540 
f 1631/1/3539 1632/1/3540 1633/1/3541 
f 1628/1/3536 1627/1/3534 1634/1/3542 
f 1634/1/3542 1627/1/3534 1635/1/3543 
f 1634/1/3542 1635/1/3543 1636/1/3544 
f 1636/1/3544 1635/1/3543 1637/1/3545 
f 1636/1/3544 1637/1/3545 1638/1/3546 
f 1638/1/3546 1637/1/3545 1639/1/3547 
f 1638/1/3546 1639/1/3547 1640/1/3548 
f 1640/1/3548 1639/1/3547 1633/1/3541 
f 1640/1/3548 1633/1/3541 1641/1/3549 
f 1641/1/3549 1633/1/3541 1632/1/3540 
f 1642/1/3550 1643/1/3551 1629/1/3552 
f 1629/1/3552 1643/1/3551 1630/1/3553 
f 1644/1/3554 1645/1/3555 1646/1/3556 
f 1646/1/3556 1645/1/3555 1647/1/3557 
f 1646/1/3556 1647/1/3557 1648/1/3558 
f 1643/1/3559 1642/1/3560 1649/1/3561 
f 1649/1/3561 1642/1/3560 1650/1/3562 
f 1649/1/3561 1650/1/3562 1651/1/3563 
f 1651/1/3563 1650/1/3562 1652/1/3564 
f 1651/1/3563 1652/1/3564 1653/1/3565 
f 1653/1/3565 1652/1/3564 1654/1/3566 
f 1653/1/3565 1654/1/3566 1655/1/3567 
f 1655/1/3567 1654/1/3566 1648/1/3558 
f 1655/1/3567 1648/1/3558 1656/1/3568 
f 1656/1/3568 1648/1/3558 1647/1/3557 
f 1608/1/3569 1610/1/3570 1644/1/3554 
f 1644/1/3554 1610/1/3570 1645/1/3555 
f 1657/1/3571 1658/1/3572 1659/1/3573 
f 1658/1/3572 1657/1/3571 1616/1/3574 
f 1616/1/3574 1620/1/3575 1658/1/3572 
f 1658/1/3572 1620/1/3575 1622/1/3576 
f 1658/1/3572 1622/1/3576 1659/1/3573 
f 1659/1/3573 1622/1/3576 1624/1/3577 
f 1659/1/3573 1624/1/3577 1657/1/3571 
f 1611/1/3578 1660/1/3579 1610/1/3580 
f 1626/1/3581 1628/1/3582 1661/1/3583 
f 1657/1/3571 1624/1/3577 1626/1/3581 
f 1626/1/3581 1661/1/3583 1657/1/3571 
f 1657/1/3571 1661/1/3583 1614/1/3584 
f 1657/1/3571 1614/1/3584 1616/1/3574 
f 1628/1/3582 1645/1/3585 1610/1/3580 
f 1628/1/3582 1610/1/3580 1661/1/3583 
f 1661/1/3583 1610/1/3580 1660/1/3579 
f 1661/1/3583 1660/1/3579 1614/1/3584 
f 1614/1/3584 1660/1/3579 1611/1/3578 
f 1614/1/3584 1611/1/3578 1613/1/3586 
f 1630/1/3587 1662/1/3588 1632/1/3589 
f 1632/1/3589 1662/1/3588 1641/1/3590 
f 1641/1/3590 1662/1/3588 1663/1/3591 
f 1641/1/3590 1663/1/3591 1640/1/3592 
f 1634/1/3593 1636/1/3594 1663/1/3591 
f 1663/1/3591 1636/1/3594 1638/1/3595 
f 1663/1/3591 1638/1/3595 1640/1/3592 
f 1628/1/3582 1634/1/3593 1645/1/3585 
f 1645/1/3585 1634/1/3593 1663/1/3591 
f 1645/1/3585 1663/1/3591 1647/1/3596 
f 1647/1/3596 1663/1/3591 1656/1/3597 
f 1662/1/3588 1651/1/3598 1653/1/3599 
f 1662/1/3588 1653/1/3599 1663/1/3591 
f 1663/1/3591 1653/1/3599 1655/1/3600 
f 1663/1/3591 1655/1/3600 1656/1/3597 
f 1651/1/3598 1662/1/3588 1649/1/3601 
f 1649/1/3601 1662/1/3588 1630/1/3587 
f 1649/1/3601 1630/1/3587 1643/1/3602 
f 1623/1/3603 1621/1/3604 1664/1/3605 
f 1664/1/3605 1621/1/3604 1619/1/3606 
f 1664/1/3605 1619/1/3606 1615/1/3607 
f 1608/1/3608 1644/1/3609 1665/1/3610 
f 1627/1/3611 1625/1/3612 1617/1/3613 
f 1625/1/3612 1623/1/3603 1617/1/3613 
f 1617/1/3613 1623/1/3603 1664/1/3605 
f 1617/1/3613 1664/1/3605 1615/1/3607 
f 1612/1/3614 1609/1/3615 1618/1/3616 
f 1618/1/3616 1609/1/3615 1608/1/3608 
f 1618/1/3616 1608/1/3608 1617/1/3613 
f 1617/1/3613 1608/1/3608 1665/1/3610 
f 1617/1/3613 1665/1/3610 1627/1/3611 
f 1650/1/3617 1642/1/3618 1629/1/3619 
f 1650/1/3617 1629/1/3619 1652/1/3620 
f 1666/1/3621 1665/1/3610 1644/1/3609 
f 1644/1/3609 1646/1/3622 1666/1/3621 
f 1666/1/3621 1646/1/3622 1648/1/3623 
f 1666/1/3621 1648/1/3623 1667/1/3624 
f 1667/1/3624 1648/1/3623 1654/1/3625 
f 1667/1/3624 1654/1/3625 1652/1/3620 
f 1666/1/3621 1639/1/3626 1637/1/3627 
f 1666/1/3621 1637/1/3627 1665/1/3610 
f 1665/1/3610 1637/1/3627 1635/1/3628 
f 1665/1/3610 1635/1/3628 1627/1/3611 
f 1652/1/3620 1629/1/3619 1667/1/3624 
f 1667/1/3624 1629/1/3619 1631/1/3629 
f 1667/1/3624 1631/1/3629 1666/1/3621 
f 1666/1/3621 1631/1/3629 1633/1/3630 
f 1666/1/3621 1633/1/3630 1639/1/3626 
f 1668/1/3631 1669/1/3632 1670/1/3633 
f 1670/1/3633 1669/1/3632 1671/1/3634 
f 1670/1/3633 1671/1/3634 1672/1/3635 
f 1672/1/3635 1671/1/3634 1673/1/3636 
f 1672/1/3635 1673/1/3636 1674/1/3637 
f 1674/1/3637 1673/1/3636 1675/1/3638 
f 1674/1/3637 1675/1/3638 1676/1/3639 
f 1676/1/3639 1675/1/3638 1677/1/3640 
f 1676/1/3639 1677/1/3640 1678/1/3641 
f 1678/1/3641 1677/1/3640 1679/1/3642 
f 1678/1/3641 1679/1/3642 1680/1/3643 
f 1680/1/3643 1679/1/3642 1681/1/3644 
f 1680/1/3643 1681/1/3644 1682/1/3645 
f 1682/1/3645 1681/1/3644 1683/1/3646 
f 1682/1/3645 1683/1/3646 1684/1/3647 
f 1684/1/3647 1683/1/3646 1685/1/3648 
f 1684/1/3647 1685/1/3648 1686/1/3649 
f 1686/1/3649 1685/1/3648 1687/1/3650 
f 1686/1/3649 1687/1/3650 1688/1/3651 
f 1688/1/3651 1687/1/3650 1689/1/3652 
f 1690/1/3653 1691/1/3654 1668/1/3631 
f 1668/1/3631 1691/1/3654 1669/1/3632 
f 1692/1/3655 1693/1/3656 1694/1/3657 
f 1694/1/3657 1695/1/3658 1692/1/3655 
f 1692/1/3655 1695/1/3658 1696/1/3659 
f 1692/1/3655 1696/1/3659 1697/1/3660 
f 1697/1/3660 1696/1/3659 1698/1/3661 
f 1697/1/3660 1698/1/3661 1699/1/3662 
f 1699/1/3662 1698/1/3661 1700/1/3663 
f 1691/1/3654 1690/1/3653 1701/1/3664 
f 1701/1/3664 1690/1/3653 1702/1/3665 
f 1701/1/3664 1702/1/3665 1703/1/3666 
f 1703/1/3666 1702/1/3665 1704/1/3667 
f 1703/1/3666 1704/1/3667 1700/1/3663 
f 1700/1/3663 1704/1/3667 1705/1/3668 
f 1700/1/3663 1705/1/3668 1699/1/3662 
f 1706/1/3669 1707/1/3670 1708/1/3671 
f 1708/1/3671 1707/1/3670 1709/1/3672 
f 1708/1/3671 1709/1/3672 1710/1/3673 
f 1710/1/3673 1709/1/3672 1711/1/3674 
f 1710/1/3673 1711/1/3674 1712/1/3675 
f 1712/1/3675 1711/1/3674 1713/1/3676 
f 1712/1/3675 1713/1/3676 1714/1/3677 
f 1714/1/3677 1713/1/3676 1715/1/3678 
f 1714/1/3677 1715/1/3678 1716/1/3679 
f 1716/1/3679 1715/1/3678 1717/1/3680 
f 1717/1/3680 1715/1/3678 1718/1/3681 
f 1717/1/3680 1718/1/3681 1719/1/3682 
f 1718/1/3681 1720/1/3683 1719/1/3682 
f 1719/1/3682 1720/1/3683 1694/1/3657 
f 1719/1/3682 1694/1/3657 1693/1/3656 
f 1721/1/3684 1722/1/3685 1723/1/3686 
f 1723/1/3686 1722/1/3685 1724/1/3687 
f 1723/1/3686 1724/1/3687 1725/1/3688 
f 1725/1/3688 1724/1/3687 1726/1/3689 
f 1725/1/3688 1726/1/3689 1727/1/3690 
f 1727/1/3690 1726/1/3689 1728/1/3691 
f 1727/1/3690 1728/1/3691 1729/1/3692 
f 1729/1/3692 1728/1/3691 1730/1/3693 
f 1729/1/3692 1730/1/3693 1731/1/3694 
f 1731/1/3694 1730/1/3693 1732/1/3695 
f 1731/1/3694 1732/1/3695 1733/1/3696 
f 1733/1/3696 1732/1/3695 1734/1/3697 
f 1733/1/3696 1734/1/3697 1735/1/3698 
f 1735/1/3698 1734/1/3697 1736/1/3699 
f 1735/1/3698 1736/1/3699 1706/1/3669 
f 1706/1/3669 1736/1/3699 1707/1/3670 
f 1722/1/3700 1721/1/3701 1737/1/3702 
f 1737/1/3702 1721/1/3701 1738/1/3703 
f 1737/1/3702 1738/1/3703 1739/1/3704 
f 1740/1/3705 1741/1/3706 1738/1/3707 
f 1738/1/3707 1741/1/3706 1739/1/3708 
f 1742/1/3709 1743/1/3710 1744/1/3711 
f 1741/1/3712 1740/1/3713 1745/1/3714 
f 1745/1/3714 1740/1/3713 1746/1/3715 
f 1745/1/3714 1746/1/3715 1744/1/3711 
f 1744/1/3711 1746/1/3715 1747/1/3716 
f 1744/1/3711 1747/1/3716 1742/1/3709 
f 1742/1/3717 1743/1/3718 1742/1/3709 
f 1742/1/3709 1743/1/3718 1743/1/3710 
f 1748/1/3719 1749/1/3720 1750/1/3721 
f 1748/1/3719 1750/1/3721 1751/1/3722 
f 1751/1/3722 1750/1/3721 1752/1/3723 
f 1751/1/3722 1752/1/3723 1753/1/3724 
f 1752/1/3723 1754/1/3725 1753/1/3724 
f 1753/1/3724 1754/1/3725 1755/1/3726 
f 1753/1/3724 1755/1/3726 1756/1/3727 
f 1756/1/3727 1755/1/3726 1757/1/3728 
f 1757/1/3728 1755/1/3726 1758/1/3729 
f 1757/1/3728 1758/1/3729 1759/1/3730 
f 1758/1/3729 1760/1/3731 1759/1/3730 
f 1759/1/3730 1760/1/3731 1761/1/3732 
f 1759/1/3730 1761/1/3732 1762/1/3733 
f 1762/1/3733 1761/1/3732 1763/1/3734 
f 1761/1/3732 1764/1/3735 1763/1/3734 
f 1763/1/3734 1764/1/3735 1765/1/3736 
f 1763/1/3734 1765/1/3736 1766/1/3737 
f 1766/1/3737 1765/1/3736 1767/1/3738 
f 1766/1/3737 1767/1/3738 1768/1/3739 
f 1768/1/3739 1767/1/3738 1769/1/3740 
f 1768/1/3739 1769/1/3740 1770/1/3741 
f 1770/1/3741 1769/1/3740 1771/1/3742 
f 1770/1/3741 1771/1/3742 1772/1/3743 
f 1772/1/3743 1771/1/3742 1773/1/3744 
f 1773/1/3744 1771/1/3742 1774/1/3745 
f 1773/1/3744 1774/1/3745 1775/1/3746 
f 1774/1/3745 1776/1/3747 1775/1/3746 
f 1775/1/3746 1776/1/3747 1743/1/3748 
f 1775/1/3746 1743/1/3748 1742/1/3749 
f 1777/1/3750 1778/1/3751 1748/1/3719 
f 1748/1/3719 1778/1/3751 1779/1/3752 
f 1748/1/3719 1779/1/3752 1749/1/3720 
f 1780/1/3753 1781/1/3754 1777/1/3750 
f 1777/1/3750 1781/1/3754 1778/1/3751 
f 1782/1/3755 1783/1/3756 1780/1/3753 
f 1780/1/3753 1783/1/3756 1781/1/3754 
f 1784/1/3757 1785/1/3758 1786/1/3759 
f 1784/1/3757 1786/1/3759 1787/1/3760 
f 1787/1/3760 1786/1/3759 1788/1/3761 
f 1787/1/3760 1788/1/3761 1789/1/3762 
f 1789/1/3762 1788/1/3761 1790/1/3763 
f 1789/1/3762 1790/1/3763 1791/1/3764 
f 1790/1/3763 1792/1/3765 1791/1/3764 
f 1791/1/3764 1792/1/3765 1793/1/3766 
f 1791/1/3764 1793/1/3766 1794/1/3767 
f 1794/1/3767 1793/1/3766 1795/1/3768 
f 1794/1/3767 1795/1/3768 1796/1/3769 
f 1796/1/3769 1795/1/3768 1783/1/3756 
f 1796/1/3769 1783/1/3756 1782/1/3755 
f 1797/1/3770 1798/1/3771 1784/1/3772 
f 1784/1/3772 1798/1/3771 1799/1/3773 
f 1784/1/3772 1799/1/3773 1785/1/3774 
f 1800/1/3775 1801/1/3776 1802/1/3777 
f 1802/1/3777 1801/1/3776 1803/1/3778 
f 1802/1/3777 1803/1/3778 1804/1/3779 
f 1803/1/3778 1805/1/3780 1804/1/3779 
f 1804/1/3779 1805/1/3780 1806/1/3781 
f 1804/1/3779 1806/1/3781 1807/1/3782 
f 1806/1/3781 1808/1/3783 1807/1/3782 
f 1807/1/3782 1808/1/3783 1809/1/3784 
f 1807/1/3782 1809/1/3784 1810/1/3785 
f 1810/1/3785 1809/1/3784 1811/1/3786 
f 1810/1/3785 1811/1/3786 1797/1/3770 
f 1797/1/3770 1811/1/3786 1812/1/3787 
f 1797/1/3770 1812/1/3787 1798/1/3771 
f 1813/1/3788 1814/1/3789 1800/1/3790 
f 1800/1/3790 1814/1/3789 1801/1/3791 
f 1815/1/3792 1816/1/3793 1817/1/3794 
f 1817/1/3794 1816/1/3793 1818/1/3795 
f 1817/1/3794 1818/1/3795 1819/1/3796 
f 1819/1/3796 1818/1/3795 1820/1/3797 
f 1814/1/3798 1813/1/3799 1821/1/3800 
f 1821/1/3800 1813/1/3799 1822/1/3801 
f 1821/1/3800 1822/1/3801 1823/1/3802 
f 1823/1/3802 1822/1/3801 1819/1/3796 
f 1823/1/3802 1819/1/3796 1820/1/3797 
f 1688/1/3803 1689/1/3804 1824/1/3805 
f 1824/1/3805 1689/1/3804 1816/1/3793 
f 1824/1/3805 1816/1/3793 1815/1/3792 
f 1750/1/3806 1749/1/3807 1694/1/3807 
f 1715/1/3808 1713/1/3809 1754/1/3810 
f 1754/1/3810 1713/1/3809 1711/1/3811 
f 1754/1/3810 1711/1/3811 1709/1/3812 
f 1709/1/3812 1707/1/3813 1754/1/3810 
f 1754/1/3810 1707/1/3813 1736/1/3814 
f 1754/1/3810 1736/1/3814 1734/1/3815 
f 1734/1/3815 1732/1/3816 1754/1/3810 
f 1754/1/3810 1732/1/3816 1730/1/3817 
f 1754/1/3810 1730/1/3817 1728/1/3818 
f 1750/1/3806 1694/1/3807 1752/1/3819 
f 1752/1/3819 1694/1/3807 1720/1/3820 
f 1752/1/3819 1720/1/3820 1754/1/3810 
f 1754/1/3810 1720/1/3820 1718/1/3821 
f 1754/1/3810 1718/1/3821 1715/1/3808 
f 1769/1/3822 1767/1/3823 1825/1/3824 
f 1776/1/3825 1774/1/3826 1825/1/3824 
f 1825/1/3824 1774/1/3826 1771/1/3827 
f 1825/1/3824 1771/1/3827 1769/1/3822 
f 1743/1/3828 1743/1/3829 1776/1/3825 
f 1743/1/3828 1776/1/3825 1744/1/3830 
f 1767/1/3823 1765/1/3831 1825/1/3824 
f 1825/1/3824 1765/1/3831 1764/1/3832 
f 1825/1/3824 1764/1/3832 1761/1/3833 
f 1761/1/3833 1760/1/3834 1825/1/3824 
f 1825/1/3824 1760/1/3834 1758/1/3835 
f 1825/1/3824 1758/1/3835 1755/1/3836 
f 1776/1/3825 1825/1/3824 1744/1/3830 
f 1744/1/3830 1825/1/3824 1826/1/3837 
f 1744/1/3830 1826/1/3837 1745/1/3838 
f 1737/1/3839 1739/1/3840 1741/1/3841 
f 1728/1/3818 1726/1/3842 1754/1/3810 
f 1754/1/3810 1726/1/3842 1724/1/3843 
f 1754/1/3810 1724/1/3843 1755/1/3836 
f 1755/1/3836 1724/1/3843 1722/1/3844 
f 1755/1/3836 1722/1/3844 1825/1/3824 
f 1825/1/3824 1722/1/3844 1737/1/3839 
f 1825/1/3824 1737/1/3839 1826/1/3837 
f 1826/1/3837 1737/1/3839 1741/1/3841 
f 1826/1/3837 1741/1/3841 1745/1/3838 
f 1798/1/3845 1816/1/3846 1799/1/3847 
f 1799/1/3847 1816/1/3846 1689/1/3848 
f 1694/1/3807 1749/1/3807 1695/1/3849 
f 1695/1/3849 1749/1/3807 1779/1/3850 
f 1695/1/3849 1779/1/3850 1696/1/3851 
f 1696/1/3851 1779/1/3850 1698/1/3852 
f 1691/1/3853 1778/1/3854 1669/1/3855 
f 1669/1/3855 1778/1/3854 1671/1/3856 
f 1691/1/3853 1701/1/3857 1778/1/3854 
f 1778/1/3854 1701/1/3857 1703/1/3858 
f 1778/1/3854 1703/1/3858 1779/1/3850 
f 1779/1/3850 1703/1/3858 1700/1/3859 
f 1779/1/3850 1700/1/3859 1698/1/3852 
f 1778/1/3854 1679/1/3860 1677/1/3861 
f 1677/1/3861 1675/1/3862 1778/1/3854 
f 1778/1/3854 1675/1/3862 1673/1/3863 
f 1778/1/3854 1673/1/3863 1671/1/3856 
f 1679/1/3860 1778/1/3854 1681/1/3864 
f 1681/1/3864 1778/1/3854 1781/1/3865 
f 1681/1/3864 1781/1/3865 1683/1/3866 
f 1683/1/3866 1781/1/3865 1685/1/3867 
f 1685/1/3867 1781/1/3865 1783/1/3868 
f 1685/1/3867 1783/1/3868 1795/1/3869 
f 1795/1/3869 1793/1/3870 1685/1/3867 
f 1685/1/3867 1793/1/3870 1792/1/3871 
f 1685/1/3867 1792/1/3871 1687/1/3872 
f 1687/1/3872 1792/1/3871 1790/1/3873 
f 1790/1/3873 1788/1/3874 1687/1/3872 
f 1687/1/3872 1788/1/3874 1786/1/3875 
f 1687/1/3872 1786/1/3875 1689/1/3848 
f 1689/1/3848 1786/1/3875 1785/1/3876 
f 1689/1/3848 1785/1/3876 1799/1/3847 
f 1823/1/3877 1820/1/3878 1803/1/3879 
f 1809/1/3880 1808/1/3881 1820/1/3878 
f 1820/1/3878 1808/1/3881 1806/1/3882 
f 1820/1/3878 1806/1/3882 1805/1/3883 
f 1820/1/3878 1805/1/3883 1803/1/3879 
f 1823/1/3877 1803/1/3879 1821/1/3884 
f 1821/1/3884 1803/1/3879 1801/1/3885 
f 1821/1/3884 1801/1/3885 1814/1/3886 
f 1809/1/3880 1820/1/3878 1811/1/3887 
f 1811/1/3887 1820/1/3878 1818/1/3888 
f 1811/1/3887 1818/1/3888 1812/1/3889 
f 1812/1/3889 1818/1/3888 1816/1/3846 
f 1812/1/3889 1816/1/3846 1798/1/3845 
f 1759/1/3890 1827/1/3891 1757/1/3892 
f 1757/1/3892 1827/1/3891 1756/1/3893 
f 1759/1/3890 1762/1/3894 1827/1/3891 
f 1827/1/3891 1762/1/3894 1763/1/3895 
f 1827/1/3891 1763/1/3895 1766/1/3896 
f 1766/1/3896 1768/1/3897 1827/1/3891 
f 1827/1/3891 1768/1/3897 1770/1/3898 
f 1827/1/3891 1770/1/3898 1772/1/3899 
f 1742/1/3900 1742/1/3901 1775/1/3902 
f 1775/1/3902 1742/1/3901 1827/1/3891 
f 1775/1/3902 1827/1/3891 1773/1/3903 
f 1773/1/3903 1827/1/3891 1772/1/3899 
f 1756/1/3893 1721/1/3904 1753/1/3905 
f 1753/1/3905 1721/1/3904 1723/1/3906 
f 1716/1/3907 1717/1/3908 1753/1/3905 
f 1753/1/3905 1717/1/3908 1719/1/3909 
f 1753/1/3905 1719/1/3909 1751/1/3910 
f 1751/1/3910 1719/1/3909 1693/1/3911 
f 1751/1/3910 1693/1/3911 1748/1/3912 
f 1710/1/3913 1712/1/3914 1753/1/3905 
f 1753/1/3905 1712/1/3914 1714/1/3915 
f 1753/1/3905 1714/1/3915 1716/1/3907 
f 1735/1/3916 1706/1/3917 1753/1/3905 
f 1753/1/3905 1706/1/3917 1708/1/3916 
f 1753/1/3905 1708/1/3916 1710/1/3913 
f 1723/1/3906 1725/1/3918 1753/1/3905 
f 1753/1/3905 1725/1/3918 1727/1/3919 
f 1753/1/3905 1727/1/3919 1729/1/3920 
f 1729/1/3920 1731/1/3921 1753/1/3905 
f 1753/1/3905 1731/1/3921 1733/1/3922 
f 1753/1/3905 1733/1/3922 1735/1/3916 
f 1756/1/3893 1827/1/3891 1721/1/3904 
f 1721/1/3904 1827/1/3891 1828/1/3923 
f 1721/1/3904 1828/1/3923 1738/1/3924 
f 1742/1/3901 1747/1/3925 1827/1/3891 
f 1827/1/3891 1747/1/3925 1746/1/3926 
f 1827/1/3891 1746/1/3926 1828/1/3923 
f 1828/1/3923 1746/1/3926 1740/1/3927 
f 1828/1/3923 1740/1/3927 1738/1/3924 
f 1690/1/3928 1668/1/3929 1777/1/3930 
f 1824/1/3931 1815/1/3932 1797/1/3933 
f 1824/1/3931 1797/1/3933 1688/1/3934 
f 1688/1/3934 1797/1/3933 1784/1/3935 
f 1688/1/3934 1784/1/3935 1686/1/3936 
f 1784/1/3935 1787/1/3937 1686/1/3936 
f 1686/1/3936 1787/1/3937 1789/1/3938 
f 1686/1/3936 1789/1/3938 1684/1/3939 
f 1684/1/3939 1789/1/3938 1791/1/3940 
f 1684/1/3939 1791/1/3940 1794/1/3939 
f 1794/1/3939 1796/1/3941 1684/1/3939 
f 1684/1/3939 1796/1/3941 1782/1/3942 
f 1684/1/3939 1782/1/3942 1682/1/3943 
f 1682/1/3943 1782/1/3942 1780/1/3944 
f 1668/1/3929 1670/1/3945 1777/1/3930 
f 1777/1/3930 1670/1/3945 1672/1/3946 
f 1777/1/3930 1672/1/3946 1674/1/3947 
f 1674/1/3947 1676/1/3948 1777/1/3930 
f 1777/1/3930 1676/1/3948 1678/1/3949 
f 1777/1/3930 1678/1/3949 1780/1/3944 
f 1780/1/3944 1678/1/3949 1680/1/3950 
f 1780/1/3944 1680/1/3950 1682/1/3943 
f 1748/1/3912 1693/1/3911 1777/1/3930 
f 1777/1/3930 1693/1/3911 1692/1/3951 
f 1692/1/3951 1697/1/3952 1777/1/3930 
f 1777/1/3930 1697/1/3952 1699/1/3953 
f 1777/1/3930 1699/1/3953 1705/1/3954 
f 1705/1/3954 1704/1/3955 1777/1/3930 
f 1777/1/3930 1704/1/3955 1702/1/3956 
f 1777/1/3930 1702/1/3956 1690/1/3928 
f 1813/1/3957 1800/1/3958 1822/1/3959 
f 1822/1/3959 1800/1/3958 1802/1/3960 
f 1822/1/3959 1802/1/3960 1819/1/3961 
f 1802/1/3960 1804/1/3962 1819/1/3961 
f 1819/1/3961 1804/1/3962 1807/1/3963 
f 1819/1/3961 1807/1/3963 1817/1/3964 
f 1817/1/3964 1807/1/3963 1810/1/3965 
f 1817/1/3964 1810/1/3965 1815/1/3932 
f 1815/1/3932 1810/1/3965 1797/1/3933 
f 1829/1/3966 1830/1/3967 1831/1/3967 
f 1831/1/3967 1832/1/3968 1829/1/3966 
f 1829/1/3966 1832/1/3968 1833/1/3969 
f 1829/1/3966 1833/1/3969 1834/1/3970 
f 1833/1/3969 1835/1/3971 1834/1/3970 
f 1834/1/3970 1835/1/3971 1836/1/3971 
f 1834/1/3970 1836/1/3971 1837/1/3972 
f 1837/1/3972 1838/1/3972 1834/1/3970 
f 1834/1/3970 1838/1/3972 1839/1/3973 
f 1834/1/3970 1839/1/3973 1840/1/3974 
f 1840/1/3974 1839/1/3973 1841/1/3975 
f 1840/1/3974 1841/1/3975 1842/1/3976 
f 1842/1/3976 1841/1/3975 1843/1/3976 
f 1843/1/3976 1841/1/3975 1844/1/3977 
f 1844/1/3977 1841/1/3975 1845/1/3978 
f 1844/1/3977 1845/1/3978 1846/1/3979 
f 1846/1/3979 1845/1/3978 1847/1/3980 
f 1846/1/3979 1847/1/3980 1848/1/3981 
f 1848/1/3981 1847/1/3980 1849/1/3982 
f 1848/1/3981 1849/1/3982 1850/1/3983 
f 1850/1/3983 1849/1/3982 1851/1/3984 
f 1851/1/3984 1849/1/3982 1849/1/3985 
f 1851/1/3984 1849/1/3985 1852/1/3986 
f 1849/1/3985 1853/1/3987 1852/1/3986 
f 1852/1/3986 1853/1/3987 1854/1/3988 
f 1852/1/3986 1854/1/3988 1855/1/3989 
f 1855/1/3989 1854/1/3988 1856/1/3990 
f 1855/1/3989 1856/1/3990 1857/1/3991 
f 1857/1/3991 1856/1/3990 1858/1/3992 
f 1857/1/3991 1858/1/3992 1859/1/3993 
f 1859/1/3993 1858/1/3992 1860/1/3994 
f 1859/1/3993 1860/1/3994 1861/1/3995 
f 1861/1/3995 1860/1/3994 1862/1/3996 
f 1861/1/3995 1862/1/3996 1863/1/3997 
f 1863/1/3997 1862/1/3996 1864/1/3998 
f 1863/1/3997 1864/1/3998 1865/1/3999 
f 1865/1/3999 1864/1/3998 1866/1/4000 
f 1865/1/3999 1866/1/4000 1867/1/4001 
f 1867/1/4001 1866/1/4000 1868/1/4002 
f 1868/1/4002 1866/1/4000 1869/1/4003 
f 1868/1/4002 1869/1/4003 1870/1/4004 
f 1869/1/4003 1871/1/4005 1870/1/4004 
f 1870/1/4004 1871/1/4005 1872/1/4006 
f 1870/1/4004 1872/1/4006 1873/1/4007 
f 1873/1/4007 1872/1/4006 1874/1/4008 
f 1873/1/4007 1874/1/4008 1875/1/4009 
f 1874/1/4008 1876/1/4010 1875/1/4009 
f 1875/1/4009 1876/1/4010 1876/1/4011 
f 1875/1/4009 1876/1/4011 1877/1/4012 
f 1877/1/4012 1876/1/4011 1878/1/4013 
f 1879/1/4014 1880/1/4015 1881/1/4016 
f 1881/1/4016 1880/1/4015 1882/1/4017 
f 1881/1/4016 1882/1/4017 1883/1/4018 
f 1883/1/4018 1882/1/4017 1884/1/4019 
f 1883/1/4018 1884/1/4019 1885/1/4020 
f 1885/1/4020 1884/1/4019 1886/1/4021 
f 1885/1/4020 1886/1/4021 1878/1/4013 
f 1878/1/4013 1886/1/4021 1887/1/4022 
f 1878/1/4013 1887/1/4022 1877/1/4012 
f 1881/1/4016 1888/1/4023 1879/1/4014 
f 1879/1/4014 1888/1/4023 1889/1/4024 
f 1879/1/4014 1889/1/4024 1890/1/4025 
f 1830/1/3967 1829/1/3966 1891/1/4026 
f 1891/1/4026 1829/1/3966 1892/1/4027 
f 1891/1/4026 1892/1/4027 1893/1/4028 
f 1893/1/4028 1892/1/4027 1894/1/4029 
f 1895/1/4030 1896/1/4031 1894/1/4032 
f 1894/1/4032 1896/1/4031 1893/1/4033 
f 1896/1/4034 1895/1/4035 1897/1/4036 
f 1897/1/4036 1895/1/4035 1898/1/4037 
f 1897/1/4036 1898/1/4037 1899/1/4038 
f 1899/1/4038 1898/1/4037 1900/1/4039 
f 1901/1/4040 1902/1/4041 1903/1/4042 
f 1903/1/4042 1902/1/4041 1904/1/4043 
f 1903/1/4042 1904/1/4043 1905/1/4044 
f 1904/1/4043 1906/1/4045 1905/1/4044 
f 1905/1/4044 1906/1/4045 1906/1/4046 
f 1905/1/4044 1906/1/4046 1907/1/4047 
f 1907/1/4047 1906/1/4046 1908/1/4048 
f 1907/1/4047 1908/1/4048 1909/1/4049 
f 1909/1/4049 1908/1/4048 1910/1/4050 
f 1909/1/4049 1910/1/4050 1911/1/4051 
f 1911/1/4051 1910/1/4050 1912/1/4052 
f 1911/1/4051 1912/1/4052 1913/1/4053 
f 1899/1/4038 1900/1/4039 1914/1/4054 
f 1914/1/4054 1900/1/4039 1915/1/4055 
f 1914/1/4054 1915/1/4055 1913/1/4053 
f 1913/1/4053 1915/1/4055 1916/1/4056 
f 1913/1/4053 1916/1/4056 1911/1/4051 
f 1917/1/4057 1918/1/4058 1919/1/4059 
f 1919/1/4059 1918/1/4058 1920/1/4060 
f 1920/1/4060 1918/1/4058 1921/1/4061 
f 1921/1/4061 1918/1/4058 1922/1/4062 
f 1921/1/4061 1922/1/4062 1922/1/4063 
f 1921/1/4061 1922/1/4063 1921/1/4064 
f 1921/1/4064 1922/1/4063 1923/1/4065 
f 1921/1/4064 1923/1/4065 1921/1/4066 
f 1921/1/4066 1923/1/4065 1923/1/4067 
f 1921/1/4066 1923/1/4067 1924/1/4068 
f 1924/1/4068 1923/1/4067 1925/1/4069 
f 1924/1/4068 1925/1/4069 1926/1/4070 
f 1925/1/4069 1927/1/4071 1926/1/4070 
f 1926/1/4070 1927/1/4071 1928/1/4072 
f 1926/1/4070 1928/1/4072 1929/1/4073 
f 1929/1/4073 1928/1/4072 1902/1/4041 
f 1929/1/4073 1902/1/4041 1901/1/4040 
f 1917/1/4074 1919/1/4075 1930/1/4076 
f 1930/1/4076 1919/1/4075 1931/1/4077 
f 1930/1/4076 1931/1/4077 1932/1/4078 
f 1932/1/4078 1931/1/4077 1933/1/4079 
f 1932/1/4078 1933/1/4079 1934/1/4080 
f 1934/1/4080 1933/1/4079 1935/1/4081 
f 1934/1/4080 1935/1/4081 1936/1/4082 
f 1936/1/4082 1935/1/4081 1937/1/4083 
f 1938/1/4084 1939/1/4085 1937/1/4086 
f 1937/1/4086 1939/1/4085 1936/1/4087 
f 1939/1/4088 1938/1/4089 1940/1/4090 
f 1940/1/4090 1938/1/4089 1941/1/4091 
f 1940/1/4090 1941/1/4091 1942/1/4092 
f 1942/1/4092 1941/1/4091 1943/1/4093 
f 1944/1/4094 1945/1/4095 1946/1/4096 
f 1946/1/4096 1945/1/4095 1947/1/4097 
f 1946/1/4096 1947/1/4097 1948/1/4098 
f 1949/1/4099 1950/1/4100 1944/1/4094 
f 1944/1/4094 1950/1/4100 1951/1/4101 
f 1944/1/4094 1951/1/4101 1945/1/4095 
f 1952/1/4102 1953/1/4103 1954/1/4104 
f 1954/1/4104 1953/1/4103 1955/1/4105 
f 1954/1/4104 1955/1/4105 1956/1/4106 
f 1956/1/4107 1955/1/4108 1957/1/4109 
f 1957/1/4109 1955/1/4108 1958/1/4110 
f 1957/1/4109 1958/1/4110 1949/1/4111 
f 1949/1/4111 1958/1/4110 1950/1/4112 
f 1949/1/4111 1950/1/4112 1950/1/4113 
f 1954/1/4104 1959/1/4114 1952/1/4102 
f 1952/1/4102 1959/1/4114 1960/1/4115 
f 1952/1/4102 1960/1/4115 1961/1/4116 
f 1961/1/4116 1960/1/4115 1962/1/4117 
f 1961/1/4116 1962/1/4117 1963/1/4118 
f 1963/1/4118 1962/1/4117 1964/1/4119 
f 1963/1/4118 1964/1/4119 1965/1/4120 
f 1965/1/4120 1964/1/4119 1966/1/4121 
f 1965/1/4120 1966/1/4121 1967/1/4122 
f 1967/1/4122 1966/1/4121 1968/1/4123 
f 1967/1/4122 1968/1/4123 1969/1/4124 
f 1942/1/4092 1943/1/4093 1970/1/4125 
f 1970/1/4125 1943/1/4093 1971/1/4126 
f 1970/1/4125 1971/1/4126 1972/1/4127 
f 1972/1/4127 1971/1/4126 1973/1/4128 
f 1972/1/4127 1973/1/4128 1974/1/4129 
f 1974/1/4129 1973/1/4128 1969/1/4124 
f 1974/1/4129 1969/1/4124 1975/1/4130 
f 1975/1/4130 1969/1/4124 1968/1/4123 
f 1976/1/4131 1977/1/4132 1978/1/4133 
f 1976/1/4131 1978/1/4133 1979/1/4134 
f 1979/1/4134 1978/1/4133 1948/1/4135 
f 1979/1/4134 1948/1/4135 1947/1/4136 
f 1977/1/4132 1976/1/4131 1980/1/4137 
f 1980/1/4137 1976/1/4131 1981/1/4138 
f 1980/1/4137 1981/1/4138 1982/1/4139 
f 1982/1/4139 1981/1/4138 1983/1/4140 
f 1984/1/4141 1985/1/4142 1983/1/4142 
f 1983/1/4142 1985/1/4142 1982/1/4143 
f 1985/1/4144 1984/1/4145 1986/1/4146 
f 1986/1/4146 1984/1/4145 1987/1/4147 
f 1986/1/4146 1987/1/4147 1988/1/4148 
f 1988/1/4148 1987/1/4147 1989/1/4149 
f 1890/1/4025 1889/1/4024 1990/1/4150 
f 1890/1/4025 1990/1/4150 1991/1/4151 
f 1991/1/4151 1990/1/4150 1992/1/4152 
f 1991/1/4151 1992/1/4152 1993/1/4153 
f 1993/1/4153 1992/1/4152 1994/1/4154 
f 1994/1/4154 1992/1/4152 1995/1/4155 
f 1994/1/4154 1995/1/4155 1996/1/4156 
f 1995/1/4155 1997/1/4157 1996/1/4156 
f 1996/1/4156 1997/1/4157 1998/1/4158 
f 1996/1/4156 1998/1/4158 1999/1/4159 
f 1999/1/4159 1998/1/4158 2000/1/4160 
f 1999/1/4159 2000/1/4160 2001/1/4161 
f 2001/1/4161 2000/1/4160 2002/1/4162 
f 2001/1/4161 2002/1/4162 2003/1/4163 
f 2003/1/4163 2002/1/4162 2004/1/4164 
f 2003/1/4163 2004/1/4164 2005/1/4165 
f 2005/1/4165 2004/1/4164 2006/1/4166 
f 2005/1/4165 2006/1/4166 2007/1/4167 
f 2007/1/4167 2006/1/4166 2008/1/4168 
f 2007/1/4167 2008/1/4168 2009/1/4169 
f 2009/1/4169 2008/1/4168 2010/1/4170 
f 2009/1/4169 2010/1/4170 2011/1/4171 
f 2011/1/4171 2010/1/4170 2012/1/4172 
f 2011/1/4171 2012/1/4172 2013/1/4173 
f 2013/1/4173 2012/1/4172 2014/1/4174 
f 2013/1/4173 2014/1/4174 2015/1/4175 
f 2015/1/4175 2014/1/4174 2016/1/4176 
f 2016/1/4176 2014/1/4174 2017/1/4177 
f 2016/1/4178 2017/1/4179 2018/1/4180 
f 2017/1/4179 2017/1/4181 2018/1/4180 
f 2018/1/4180 2017/1/4181 2019/1/4182 
f 2018/1/4180 2019/1/4182 2020/1/4183 
f 2021/1/4184 2022/1/4185 2023/1/4178 
f 2023/1/4178 2022/1/4185 2020/1/4183 
f 2023/1/4178 2020/1/4183 2024/1/4178 
f 2024/1/4178 2020/1/4183 2019/1/4182 
f 1988/1/4148 1989/1/4149 2025/1/4186 
f 2025/1/4186 1989/1/4149 2026/1/4187 
f 2025/1/4186 2026/1/4187 2027/1/4188 
f 2027/1/4188 2026/1/4187 2028/1/4189 
f 2027/1/4188 2028/1/4189 2029/1/4190 
f 2029/1/4190 2028/1/4189 2030/1/4191 
f 2029/1/4190 2030/1/4191 2021/1/4184 
f 2021/1/4184 2030/1/4191 2031/1/4192 
f 2021/1/4184 2031/1/4192 2022/1/4185 
f 2032/1/4193 1889/1/4194 1888/1/4195 
f 1885/1/4196 1878/1/4197 1902/1/4198 
f 1885/1/4196 1902/1/4198 1883/1/4199 
f 2032/1/4193 1888/1/4195 1902/1/4198 
f 1902/1/4198 1888/1/4195 1881/1/4200 
f 1902/1/4198 1881/1/4200 1883/1/4199 
f 1878/1/4197 1876/1/4201 1902/1/4198 
f 1902/1/4198 1876/1/4201 1876/1/4202 
f 1902/1/4198 1876/1/4202 1874/1/4203 
f 1874/1/4203 1872/1/4204 1902/1/4198 
f 1902/1/4198 1872/1/4204 1871/1/4205 
f 1902/1/4198 1871/1/4205 1869/1/4202 
f 1869/1/4202 1866/1/4201 1902/1/4198 
f 1902/1/4198 1866/1/4201 1864/1/4206 
f 1902/1/4198 1864/1/4206 1862/1/4207 
f 1862/1/4207 1860/1/4208 1902/1/4198 
f 1902/1/4198 1860/1/4208 1858/1/4209 
f 1902/1/4198 1858/1/4209 1856/1/4210 
f 1856/1/4210 1854/1/4211 1902/1/4198 
f 1902/1/4198 1854/1/4211 1853/1/4212 
f 1902/1/4198 1853/1/4212 1904/1/4213 
f 1904/1/4213 1853/1/4212 1849/1/4214 
f 1904/1/4213 1849/1/4214 1906/1/4215 
f 1849/1/4214 1849/1/4216 1906/1/4215 
f 1906/1/4215 1849/1/4216 1847/1/4217 
f 1906/1/4215 1847/1/4217 1906/1/4218 
f 1906/1/4218 1847/1/4217 1845/1/4219 
f 1906/1/4218 1845/1/4219 1908/1/4220 
f 1908/1/4220 1845/1/4219 1841/1/4221 
f 1908/1/4220 1841/1/4221 1910/1/4222 
f 1910/1/4222 1841/1/4221 1912/1/4223 
f 1912/1/4223 1841/1/4221 1913/1/4224 
f 1913/1/4224 1841/1/4221 1839/1/4225 
f 1913/1/4224 1839/1/4225 1838/1/4226 
f 1835/1/4227 1914/1/4228 1836/1/4229 
f 1836/1/4229 1914/1/4228 1913/1/4224 
f 1836/1/4229 1913/1/4224 1837/1/4230 
f 1837/1/4230 1913/1/4224 1838/1/4226 
f 1835/1/4227 1833/1/4231 1914/1/4228 
f 1914/1/4228 1833/1/4231 1832/1/4232 
f 1914/1/4228 1832/1/4232 1899/1/4233 
f 1899/1/4233 1832/1/4232 1831/1/4234 
f 1899/1/4233 1831/1/4234 1830/1/4235 
f 2025/1/4236 1977/1/4237 1988/1/4238 
f 1990/1/4239 1889/1/4194 2032/1/4193 
f 1990/1/4239 2032/1/4193 1917/1/4240 
f 1917/1/4240 1968/1/4241 1966/1/4242 
f 1966/1/4242 1964/1/4243 1917/1/4240 
f 1917/1/4240 1964/1/4243 1962/1/4244 
f 1917/1/4240 1962/1/4244 1990/1/4239 
f 1990/1/4239 1962/1/4244 1960/1/4245 
f 1990/1/4239 1960/1/4245 1959/1/4246 
f 1902/1/4198 1928/1/4247 2032/1/4193 
f 2032/1/4193 1928/1/4247 1927/1/4248 
f 1927/1/4248 1925/1/4249 2032/1/4193 
f 2032/1/4193 1925/1/4249 1923/1/4250 
f 2032/1/4193 1923/1/4250 1923/1/4251 
f 1923/1/4251 1922/1/4252 2032/1/4193 
f 2032/1/4253 1922/1/4253 1922/1/4253 
f 2032/1/4193 1922/1/4252 1918/1/4254 
f 2032/1/4193 1918/1/4254 1917/1/4240 
f 1959/1/4246 1954/1/4255 1990/1/4239 
f 1990/1/4239 1954/1/4255 1956/1/4256 
f 1990/1/4239 1956/1/4256 1957/1/4257 
f 1957/1/4257 1949/1/4258 1990/1/4239 
f 1990/1/4239 1949/1/4258 1944/1/4259 
f 1990/1/4239 1944/1/4259 1992/1/4260 
f 1992/1/4260 1944/1/4259 1946/1/4261 
f 1992/1/4260 1946/1/4261 1995/1/4262 
f 1995/1/4262 1946/1/4261 1948/1/4263 
f 1995/1/4262 1948/1/4263 1997/1/4264 
f 2024/1/4265 2019/1/4266 1997/1/4264 
f 2017/1/4267 2017/1/4268 2033/1/4269 
f 2019/1/4266 2017/1/4270 1997/1/4264 
f 1997/1/4271 2017/1/4271 2033/1/4271 
f 1997/1/4272 2033/1/4269 1998/1/4273 
f 2004/1/4274 2002/1/4275 2033/1/4269 
f 2033/1/4269 2002/1/4275 2000/1/4276 
f 2033/1/4269 2000/1/4276 1998/1/4273 
f 2017/1/4268 2014/1/4277 2033/1/4269 
f 2033/1/4269 2014/1/4277 2012/1/4278 
f 2033/1/4269 2012/1/4278 2010/1/4279 
f 2010/1/4279 2008/1/4280 2033/1/4269 
f 2033/1/4269 2008/1/4280 2006/1/4281 
f 2033/1/4269 2006/1/4281 2004/1/4274 
f 1977/1/4237 2025/1/4236 1978/1/4282 
f 2025/1/4236 2027/1/4283 1978/1/4282 
f 1978/1/4282 2027/1/4283 2029/1/4284 
f 1978/1/4282 2029/1/4284 1948/1/4263 
f 1948/1/4263 2029/1/4284 2021/1/4285 
f 1948/1/4263 2021/1/4285 1997/1/4264 
f 1997/1/4264 2021/1/4285 2023/1/4286 
f 1997/1/4264 2023/1/4286 2024/1/4265 
f 1972/1/4287 1974/1/4288 1917/1/4240 
f 1917/1/4240 1974/1/4288 1975/1/4289 
f 1917/1/4240 1975/1/4289 1968/1/4241 
f 1942/1/4290 1970/1/4291 1932/1/4292 
f 1932/1/4292 1970/1/4291 1972/1/4287 
f 1932/1/4292 1972/1/4287 1930/1/4293 
f 1930/1/4293 1972/1/4287 1917/1/4240 
f 1893/1/4294 1896/1/4295 1891/1/4296 
f 1891/1/4296 1896/1/4295 1897/1/4297 
f 1891/1/4296 1897/1/4297 1830/1/4235 
f 1830/1/4235 1897/1/4297 1899/1/4233 
f 1936/1/4298 1939/1/4299 1934/1/4300 
f 1934/1/4300 1939/1/4299 1940/1/4301 
f 1934/1/4300 1940/1/4301 1932/1/4292 
f 1932/1/4292 1940/1/4301 1942/1/4290 
f 1982/1/4302 1985/1/4303 1980/1/4304 
f 1980/1/4304 1985/1/4303 1986/1/4305 
f 1980/1/4304 1986/1/4305 1977/1/4237 
f 1977/1/4237 1986/1/4305 1988/1/4238 
f 1903/1/4306 1851/1/4307 1901/1/4308 
f 1901/1/4308 1851/1/4307 1852/1/4309 
f 1901/1/4308 1852/1/4309 1855/1/4310 
f 1855/1/4310 1857/1/4309 1901/1/4308 
f 1901/1/4308 1857/1/4309 1859/1/4311 
f 1901/1/4308 1859/1/4311 1861/1/4312 
f 1861/1/4312 1863/1/4313 1901/1/4308 
f 1901/1/4308 1863/1/4313 1865/1/4314 
f 1901/1/4308 1865/1/4314 1867/1/4315 
f 1867/1/4315 1868/1/4316 1901/1/4308 
f 1901/1/4308 1868/1/4316 1870/1/4316 
f 1901/1/4308 1870/1/4316 1873/1/4317 
f 1873/1/4317 1875/1/4315 1901/1/4308 
f 1901/1/4308 1875/1/4315 1877/1/4314 
f 1901/1/4308 1877/1/4314 1887/1/4318 
f 1887/1/4318 1886/1/4319 1901/1/4308 
f 1901/1/4308 1886/1/4319 1884/1/4320 
f 1901/1/4308 1884/1/4320 1882/1/4321 
f 1882/1/4321 1880/1/4322 1901/1/4308 
f 1901/1/4308 1880/1/4322 1879/1/4323 
f 1901/1/4308 1879/1/4323 2034/1/4324 
f 2034/1/4324 1879/1/4323 1890/1/4325 
f 1844/1/4326 1846/1/4327 1905/1/4328 
f 1905/1/4328 1846/1/4327 1848/1/4329 
f 1905/1/4328 1848/1/4329 1903/1/4306 
f 1903/1/4306 1848/1/4329 1850/1/4330 
f 1903/1/4306 1850/1/4330 1851/1/4307 
f 1844/1/4326 1905/1/4328 1843/1/4331 
f 1843/1/4331 1905/1/4328 1907/1/4332 
f 1843/1/4331 1907/1/4332 1842/1/4333 
f 1842/1/4333 1907/1/4332 1909/1/4334 
f 1842/1/4333 1909/1/4334 1840/1/4335 
f 1840/1/4335 1909/1/4334 1911/1/4336 
f 1840/1/4335 1911/1/4336 1834/1/4337 
f 1834/1/4337 1911/1/4336 1916/1/4338 
f 1834/1/4337 1916/1/4338 1829/1/4339 
f 1829/1/4339 1916/1/4338 1915/1/4340 
f 1829/1/4339 1915/1/4340 1900/1/4341 
f 1953/1/4342 1952/1/4343 1991/1/4344 
f 2034/1/4324 1890/1/4325 1991/1/4344 
f 1921/1/4345 1921/1/4346 2034/1/4324 
f 2034/1/4324 1921/1/4346 1921/1/4347 
f 2034/1/4324 1921/1/4347 1924/1/4348 
f 1924/1/4348 1926/1/4349 2034/1/4324 
f 2034/1/4324 1926/1/4349 1929/1/4350 
f 2034/1/4324 1929/1/4350 1901/1/4308 
f 1965/1/4351 1967/1/4352 2035/1/4353 
f 1961/1/4354 1963/1/4355 1919/1/4356 
f 1952/1/4343 1961/1/4354 1991/1/4344 
f 1991/1/4344 1961/1/4354 1919/1/4356 
f 1991/1/4344 1919/1/4356 2034/1/4324 
f 2034/1/4324 1919/1/4356 1920/1/4357 
f 2034/1/4324 1920/1/4357 1921/1/4345 
f 1963/1/4355 1965/1/4351 1919/1/4356 
f 1919/1/4356 1965/1/4351 2035/1/4353 
f 1919/1/4356 2035/1/4353 1931/1/4358 
f 1931/1/4358 2035/1/4353 2036/1/4359 
f 1931/1/4358 2036/1/4359 1933/1/4360 
f 1943/1/4361 1933/1/4360 1971/1/4362 
f 1971/1/4362 1933/1/4360 2036/1/4359 
f 1971/1/4362 2036/1/4359 1973/1/4363 
f 1973/1/4363 2036/1/4359 2035/1/4353 
f 1973/1/4363 2035/1/4353 1969/1/4364 
f 1969/1/4364 2035/1/4353 1967/1/4352 
f 1958/1/4365 1955/1/4365 1991/1/4365 
f 1991/1/4344 1955/1/4366 1953/1/4342 
f 1991/1/4367 1950/1/4368 1950/1/4369 
f 1991/1/4367 1950/1/4369 1958/1/4370 
f 1951/1/4371 1950/1/4371 1991/1/4371 
f 1951/1/4372 1991/1/4373 1945/1/4374 
f 1945/1/4374 1991/1/4373 1993/1/4375 
f 1945/1/4374 1993/1/4375 1947/1/4376 
f 1947/1/4376 1993/1/4375 1994/1/4377 
f 1947/1/4376 1994/1/4377 1996/1/4378 
f 2015/1/4379 2016/1/4380 2037/1/4381 
f 2009/1/4382 2011/1/4383 2037/1/4381 
f 2037/1/4381 2011/1/4383 2013/1/4384 
f 2037/1/4381 2013/1/4384 2015/1/4379 
f 1999/1/4385 2001/1/4386 2037/1/4381 
f 2037/1/4381 2001/1/4386 2003/1/4387 
f 2003/1/4387 2005/1/4388 2037/1/4381 
f 2037/1/4381 2005/1/4388 2007/1/4389 
f 2037/1/4381 2007/1/4389 2009/1/4382 
f 2016/1/4380 2018/1/4390 2037/1/4381 
f 2037/1/4381 2018/1/4390 1996/1/4378 
f 2037/1/4381 1996/1/4378 1999/1/4385 
f 2018/1/4390 2020/1/4391 1996/1/4378 
f 1996/1/4378 2020/1/4391 2022/1/4392 
f 1996/1/4378 2022/1/4392 1947/1/4376 
f 1947/1/4376 2022/1/4392 2031/1/4393 
f 1947/1/4376 2031/1/4393 1979/1/4394 
f 2031/1/4393 2030/1/4395 1979/1/4394 
f 1979/1/4394 2030/1/4395 2028/1/4396 
f 1979/1/4394 2028/1/4396 1976/1/4397 
f 1976/1/4397 2028/1/4396 2026/1/4398 
f 1976/1/4397 2026/1/4398 1989/1/4399 
f 1829/1/4339 1900/1/4341 1892/1/4400 
f 1892/1/4400 1900/1/4341 1898/1/4401 
f 1892/1/4400 1898/1/4401 1894/1/4402 
f 1894/1/4402 1898/1/4401 1895/1/4403 
f 1938/1/4404 1937/1/4405 1941/1/4406 
f 1941/1/4406 1937/1/4405 1935/1/4407 
f 1941/1/4406 1935/1/4407 1943/1/4361 
f 1943/1/4361 1935/1/4407 1933/1/4360 
f 1984/1/4408 1983/1/4409 1987/1/4410 
f 1987/1/4410 1983/1/4409 1981/1/4411 
f 1987/1/4410 1981/1/4411 1989/1/4399 
f 1989/1/4399 1981/1/4411 1976/1/4397 
f 2038/1/4412 2038/1/4413 2039/1/4414 
f 2040/1/4415 2041/1/4416 2042/1/4417 
f 2042/1/4417 2043/1/4418 2040/1/4415 
f 2040/1/4415 2043/1/4418 2038/1/4412 
f 2040/1/4415 2038/1/4412 2044/1/4419 
f 2044/1/4419 2038/1/4412 2039/1/4414 
f 2045/1/4420 2046/1/4421 2046/1/4422 
f 2046/1/4422 2046/1/4423 2045/1/4420 
f 2045/1/4420 2046/1/4423 2047/1/4424 
f 2045/1/4420 2047/1/4424 2048/1/4425 
f 2048/1/4425 2047/1/4424 2047/1/4426 
f 2048/1/4425 2047/1/4426 2049/1/4427 
f 2049/1/4427 2047/1/4426 2050/1/4428 
f 2049/1/4427 2050/1/4428 2051/1/4429 
f 2051/1/4429 2050/1/4428 2052/1/4430 
f 2051/1/4429 2052/1/4430 2053/1/4431 
f 2053/1/4431 2052/1/4430 2054/1/4432 
f 2053/1/4431 2054/1/4432 2055/1/4433 
f 2056/1/4434 2057/1/4435 2057/1/4436 
f 2057/1/4436 2058/1/4437 2056/1/4434 
f 2056/1/4434 2058/1/4437 2059/1/4438 
f 2056/1/4434 2059/1/4438 2060/1/4439 
f 2060/1/4439 2059/1/4438 2061/1/4440 
f 2060/1/4439 2061/1/4440 2062/1/4441 
f 2062/1/4441 2061/1/4440 2063/1/4442 
f 2062/1/4441 2063/1/4442 2064/1/4443 
f 2064/1/4443 2063/1/4442 2065/1/4444 
f 2064/1/4443 2065/1/4444 2066/1/4445 
f 2066/1/4445 2065/1/4444 2067/1/4446 
f 2066/1/4445 2067/1/4446 2045/1/4420 
f 2045/1/4420 2067/1/4446 2046/1/4421 
f 2068/1/4447 2069/1/4448 2070/1/4449 
f 2070/1/4449 2069/1/4448 2071/1/4450 
f 2070/1/4449 2071/1/4450 2072/1/4451 
f 2072/1/4451 2071/1/4450 2073/1/4452 
f 2072/1/4451 2073/1/4452 2074/1/4453 
f 2074/1/4453 2073/1/4452 2075/1/4454 
f 2074/1/4453 2075/1/4454 2056/1/4434 
f 2056/1/4434 2075/1/4454 2057/1/4435 
f 2076/1/4455 2076/1/4456 2077/1/4457 
f 2077/1/4457 2076/1/4456 2078/1/4458 
f 2077/1/4457 2078/1/4458 2068/1/4447 
f 2068/1/4447 2078/1/4458 2079/1/4459 
f 2068/1/4447 2079/1/4459 2069/1/4448 
f 2077/1/4457 2080/1/4460 2076/1/4455 
f 2076/1/4461 2080/1/4462 2081/1/4463 
f 2076/1/4461 2081/1/4463 2082/1/4464 
f 2082/1/4464 2081/1/4463 2083/1/4465 
f 2083/1/4465 2081/1/4463 2084/1/4466 
f 2083/1/4465 2084/1/4466 2085/1/4467 
f 2085/1/4467 2084/1/4466 2084/1/4468 
f 2085/1/4467 2084/1/4468 2086/1/4469 
f 2086/1/4469 2084/1/4468 2087/1/4470 
f 2086/1/4469 2087/1/4470 2088/1/4471 
f 2088/1/4471 2087/1/4470 2089/1/4472 
f 2088/1/4471 2089/1/4472 2090/1/4473 
f 2090/1/4473 2089/1/4472 2091/1/4474 
f 2090/1/4473 2091/1/4474 2092/1/4475 
f 2092/1/4475 2091/1/4474 2093/1/4476 
f 2092/1/4475 2093/1/4476 2094/1/4477 
f 2094/1/4477 2093/1/4476 2095/1/4478 
f 2094/1/4477 2095/1/4478 2096/1/4479 
f 2096/1/4479 2095/1/4478 2097/1/4480 
f 2096/1/4479 2097/1/4480 2096/1/4481 
f 2096/1/4481 2097/1/4480 2098/1/4482 
f 2098/1/4482 2097/1/4480 2099/1/4483 
f 2098/1/4482 2099/1/4483 2100/1/4484 
f 2100/1/4484 2099/1/4483 2101/1/4485 
f 2100/1/4484 2101/1/4485 2102/1/4486 
f 2102/1/4486 2101/1/4485 2103/1/4487 
f 2102/1/4486 2103/1/4487 2104/1/4488 
f 2105/1/4489 2106/1/4490 2106/1/4491 
f 2103/1/4487 2107/1/4492 2104/1/4488 
f 2104/1/4488 2107/1/4492 2107/1/4493 
f 2104/1/4488 2107/1/4493 2108/1/4494 
f 2108/1/4494 2107/1/4493 2105/1/4489 
f 2108/1/4494 2105/1/4489 2106/1/4495 
f 2106/1/4495 2105/1/4489 2106/1/4491 
f 2109/1/4496 2110/1/4497 2111/1/4498 
f 2111/1/4498 2110/1/4497 2106/1/4499 
f 2111/1/4500 2106/1/4490 2105/1/4489 
f 2112/1/4501 2112/1/4502 2113/1/4503 
f 2113/1/4503 2112/1/4502 2114/1/4504 
f 2113/1/4503 2114/1/4504 2115/1/4505 
f 2115/1/4505 2114/1/4504 2116/1/4506 
f 2115/1/4505 2116/1/4506 2117/1/4507 
f 2117/1/4507 2116/1/4506 2118/1/4508 
f 2117/1/4507 2118/1/4508 2119/1/4509 
f 2119/1/4509 2118/1/4508 2120/1/4510 
f 2119/1/4509 2120/1/4510 2109/1/4496 
f 2109/1/4496 2120/1/4510 2121/1/4511 
f 2109/1/4496 2121/1/4511 2110/1/4497 
f 2112/1/4501 2113/1/4503 2122/1/4512 
f 2122/1/4512 2113/1/4503 2123/1/4513 
f 2122/1/4512 2123/1/4513 2124/1/4514 
f 2124/1/4514 2123/1/4513 2125/1/4515 
f 2124/1/4514 2125/1/4515 2126/1/4516 
f 2125/1/4515 2127/1/4517 2126/1/4516 
f 2126/1/4516 2127/1/4517 2128/1/4518 
f 2126/1/4516 2128/1/4518 2129/1/4519 
f 2129/1/4519 2128/1/4518 2130/1/4520 
f 2129/1/4519 2130/1/4520 2131/1/4521 
f 2054/1/4432 2132/1/4522 2055/1/4433 
f 2055/1/4433 2132/1/4522 2133/1/4523 
f 2055/1/4433 2133/1/4523 2134/1/4524 
f 2134/1/4524 2133/1/4523 2135/1/4525 
f 2134/1/4524 2135/1/4525 2136/1/4526 
f 2136/1/4526 2135/1/4525 2137/1/4527 
f 2136/1/4526 2137/1/4527 2138/1/4528 
f 2138/1/4528 2137/1/4527 2139/1/4529 
f 2138/1/4528 2139/1/4529 2140/1/4530 
f 2140/1/4530 2139/1/4529 2141/1/4531 
f 2140/1/4530 2141/1/4531 2142/1/4532 
f 2142/1/4532 2141/1/4531 2143/1/4533 
f 2142/1/4532 2143/1/4533 2144/1/4534 
f 2143/1/4533 2145/1/4535 2144/1/4534 
f 2144/1/4534 2145/1/4535 2039/1/4536 
f 2144/1/4534 2039/1/4536 2038/1/4537 
f 2146/1/4538 2147/1/4539 2148/1/4540 
f 2148/1/4540 2149/1/4541 2146/1/4538 
f 2146/1/4538 2149/1/4541 2150/1/4542 
f 2146/1/4538 2150/1/4542 2151/1/4543 
f 2151/1/4543 2150/1/4542 2131/1/4544 
f 2151/1/4543 2131/1/4544 2130/1/4545 
f 2148/1/4546 2147/1/4547 2152/1/4548 
f 2152/1/4548 2147/1/4547 2153/1/4549 
f 2152/1/4548 2153/1/4549 2154/1/4550 
f 2155/1/4551 2156/1/4552 2157/1/4553 
f 2157/1/4553 2156/1/4552 2158/1/4554 
f 2157/1/4553 2158/1/4554 2154/1/4550 
f 2154/1/4550 2158/1/4554 2159/1/4555 
f 2154/1/4550 2159/1/4555 2152/1/4548 
f 2160/1/4556 2161/1/4557 2162/1/4558 
f 2162/1/4558 2161/1/4557 2163/1/4559 
f 2163/1/4559 2161/1/4557 2164/1/4560 
f 2163/1/4559 2164/1/4560 2165/1/4561 
f 2165/1/4561 2164/1/4560 2166/1/4562 
f 2165/1/4561 2166/1/4562 2167/1/4563 
f 2167/1/4563 2166/1/4562 2168/1/4564 
f 2167/1/4563 2168/1/4564 2169/1/4565 
f 2169/1/4565 2168/1/4564 2170/1/4566 
f 2169/1/4565 2170/1/4566 2169/1/4567 
f 2169/1/4568 2170/1/4568 2170/1/4568 
f 2169/1/4569 2170/1/4570 2169/1/4571 
f 2169/1/4569 2170/1/4572 2170/1/4570 
f 2169/1/4571 2170/1/4570 2171/1/4573 
f 2170/1/4570 2172/1/4574 2171/1/4573 
f 2171/1/4573 2172/1/4574 2173/1/4575 
f 2171/1/4573 2173/1/4575 2174/1/4576 
f 2174/1/4576 2173/1/4575 2175/1/4577 
f 2175/1/4577 2173/1/4575 2176/1/4578 
f 2175/1/4577 2176/1/4578 2177/1/4579 
f 2178/1/4580 2179/1/4581 2179/1/4582 
f 2176/1/4578 2180/1/4583 2177/1/4579 
f 2177/1/4579 2180/1/4583 2181/1/4584 
f 2177/1/4579 2181/1/4584 2182/1/4585 
f 2182/1/4585 2181/1/4584 2178/1/4580 
f 2182/1/4585 2178/1/4580 2182/1/4586 
f 2182/1/4586 2178/1/4580 2179/1/4582 
f 2179/1/4581 2178/1/4580 2183/1/4587 
f 2179/1/4588 2183/1/4589 2184/1/4590 
f 2184/1/4590 2183/1/4589 2185/1/4591 
f 2185/1/4591 2183/1/4589 2186/1/4592 
f 2185/1/4591 2186/1/4592 2187/1/4593 
f 2186/1/4592 2188/1/4594 2187/1/4593 
f 2187/1/4593 2188/1/4594 2189/1/4595 
f 2187/1/4593 2189/1/4595 2190/1/4596 
f 2156/1/4597 2155/1/4598 2191/1/4599 
f 2191/1/4599 2155/1/4598 2160/1/4556 
f 2191/1/4599 2160/1/4556 2192/1/4600 
f 2192/1/4600 2160/1/4556 2162/1/4558 
f 2193/1/4601 2194/1/4602 2195/1/4603 
f 2196/1/4604 2190/1/4605 2189/1/4606 
f 2189/1/4606 2197/1/4607 2196/1/4604 
f 2196/1/4604 2197/1/4607 2193/1/4601 
f 2196/1/4604 2193/1/4601 2198/1/4608 
f 2198/1/4608 2193/1/4601 2195/1/4603 
f 2195/1/4609 2194/1/4610 2199/1/4611 
f 2199/1/4611 2194/1/4610 2200/1/4612 
f 2199/1/4611 2200/1/4612 2201/1/4613 
f 2202/1/4614 2203/1/4615 2204/1/4616 
f 2204/1/4616 2203/1/4615 2205/1/4617 
f 2204/1/4616 2205/1/4617 2206/1/4618 
f 2206/1/4618 2205/1/4617 2207/1/4619 
f 2206/1/4618 2207/1/4619 2201/1/4613 
f 2201/1/4613 2207/1/4619 2208/1/4620 
f 2201/1/4613 2208/1/4620 2199/1/4611 
f 2209/1/4621 2210/1/4622 2211/1/4623 
f 2210/1/4622 2209/1/4621 2212/1/4624 
f 2212/1/4624 2209/1/4621 2213/1/4625 
f 2212/1/4624 2213/1/4625 2214/1/4626 
f 2214/1/4626 2213/1/4625 2215/1/4627 
f 2214/1/4626 2215/1/4627 2216/1/4628 
f 2216/1/4628 2215/1/4627 2217/1/4629 
f 2216/1/4628 2217/1/4629 2216/1/4630 
f 2216/1/4631 2217/1/4631 2218/1/4631 
f 2218/1/4632 2217/1/4633 2217/1/4634 
f 2218/1/4632 2217/1/4634 2219/1/4635 
f 2219/1/4635 2217/1/4634 2217/1/4636 
f 2219/1/4635 2217/1/4636 2220/1/4637 
f 2220/1/4637 2217/1/4636 2221/1/4638 
f 2220/1/4637 2221/1/4638 2222/1/4639 
f 2222/1/4639 2221/1/4638 2223/1/4640 
f 2222/1/4639 2223/1/4640 2224/1/4641 
f 2224/1/4641 2223/1/4640 2225/1/4642 
f 2224/1/4641 2225/1/4642 2226/1/4643 
f 2227/1/4644 2228/1/4645 2229/1/4646 
f 2229/1/4646 2228/1/4645 2228/1/4647 
f 2229/1/4646 2228/1/4647 2211/1/4623 
f 2211/1/4623 2228/1/4647 2230/1/4648 
f 2211/1/4623 2230/1/4648 2209/1/4621 
f 2231/1/4649 2227/1/4644 2229/1/4646 
f 2229/1/4646 2232/1/4650 2231/1/4649 
f 2231/1/4649 2232/1/4650 2233/1/4651 
f 2231/1/4649 2233/1/4651 2234/1/4652 
f 2234/1/4652 2233/1/4651 2235/1/4653 
f 2234/1/4652 2235/1/4653 2236/1/4654 
f 2236/1/4654 2235/1/4653 2237/1/4655 
f 2236/1/4654 2237/1/4655 2238/1/4656 
f 2238/1/4656 2237/1/4655 2239/1/4657 
f 2238/1/4656 2239/1/4657 2240/1/4658 
f 2240/1/4658 2239/1/4657 2042/1/4659 
f 2240/1/4658 2042/1/4659 2041/1/4660 
f 2225/1/4642 2241/1/4661 2226/1/4643 
f 2226/1/4643 2241/1/4661 2203/1/4662 
f 2226/1/4643 2203/1/4662 2202/1/4663 
f 2151/1/4664 2130/1/4665 2128/1/4666 
f 2220/1/4667 2222/1/4668 2242/1/4669 
f 2222/1/4668 2224/1/4670 2242/1/4669 
f 2242/1/4669 2224/1/4670 2226/1/4671 
f 2242/1/4669 2226/1/4671 2243/1/4672 
f 2243/1/4672 2226/1/4671 2202/1/4673 
f 2243/1/4672 2202/1/4673 2244/1/4674 
f 2244/1/4674 2202/1/4673 2204/1/4675 
f 2211/1/4676 2136/1/4677 2229/1/4678 
f 2229/1/4678 2136/1/4677 2138/1/4679 
f 2229/1/4678 2138/1/4679 2232/1/4680 
f 2211/1/4676 2210/1/4681 2136/1/4677 
f 2136/1/4677 2210/1/4681 2212/1/4682 
f 2136/1/4677 2212/1/4682 2134/1/4683 
f 2134/1/4683 2212/1/4682 2214/1/4684 
f 2134/1/4683 2214/1/4684 2055/1/4685 
f 2055/1/4685 2214/1/4684 2216/1/4686 
f 2055/1/4685 2216/1/4686 2053/1/4687 
f 2216/1/4686 2216/1/4688 2051/1/4689 
f 2051/1/4689 2216/1/4688 2218/1/4690 
f 2051/1/4689 2218/1/4690 2219/1/4691 
f 2053/1/4687 2216/1/4686 2051/1/4689 
f 2140/1/4692 2235/1/4693 2138/1/4679 
f 2138/1/4679 2235/1/4693 2233/1/4694 
f 2138/1/4679 2233/1/4694 2232/1/4680 
f 2144/1/4695 2042/1/4696 2142/1/4697 
f 2142/1/4697 2042/1/4696 2239/1/4698 
f 2142/1/4697 2239/1/4698 2140/1/4692 
f 2140/1/4692 2239/1/4698 2237/1/4699 
f 2140/1/4692 2237/1/4699 2235/1/4693 
f 2038/1/4700 2038/1/4701 2144/1/4695 
f 2144/1/4695 2038/1/4701 2043/1/4702 
f 2144/1/4695 2043/1/4702 2042/1/4696 
f 2056/1/4703 2060/1/4704 2242/1/4669 
f 2056/1/4703 2242/1/4669 2074/1/4705 
f 2068/1/4706 2070/1/4707 2242/1/4669 
f 2242/1/4669 2070/1/4707 2072/1/4708 
f 2242/1/4669 2072/1/4708 2074/1/4705 
f 2045/1/4709 2048/1/4710 2242/1/4669 
f 2045/1/4709 2242/1/4669 2066/1/4709 
f 2060/1/4704 2062/1/4711 2242/1/4669 
f 2242/1/4669 2062/1/4711 2064/1/4712 
f 2242/1/4669 2064/1/4712 2066/1/4709 
f 2219/1/4691 2220/1/4667 2051/1/4689 
f 2051/1/4689 2220/1/4667 2242/1/4669 
f 2051/1/4689 2242/1/4669 2049/1/4711 
f 2049/1/4711 2242/1/4669 2048/1/4710 
f 2084/1/4713 2084/1/4714 2245/1/4715 
f 2245/1/4715 2084/1/4714 2081/1/4716 
f 2245/1/4715 2081/1/4716 2243/1/4672 
f 2243/1/4672 2081/1/4716 2080/1/4717 
f 2243/1/4672 2080/1/4717 2242/1/4669 
f 2242/1/4669 2080/1/4717 2077/1/4718 
f 2242/1/4669 2077/1/4718 2068/1/4706 
f 2084/1/4713 2123/1/4719 2113/1/4720 
f 2115/1/4721 2117/1/4722 2097/1/4723 
f 2097/1/4723 2117/1/4722 2119/1/4724 
f 2097/1/4723 2119/1/4724 2099/1/4725 
f 2107/1/4726 2107/1/4727 2119/1/4724 
f 2109/1/4726 2111/1/4728 2119/1/4724 
f 2119/1/4724 2111/1/4728 2105/1/4729 
f 2119/1/4724 2105/1/4729 2107/1/4726 
f 2107/1/4727 2103/1/4730 2119/1/4724 
f 2119/1/4724 2103/1/4730 2101/1/4730 
f 2119/1/4724 2101/1/4730 2099/1/4725 
f 2093/1/4731 2091/1/4732 2113/1/4720 
f 2115/1/4721 2097/1/4723 2113/1/4720 
f 2113/1/4720 2097/1/4723 2095/1/4733 
f 2113/1/4720 2095/1/4733 2093/1/4731 
f 2091/1/4732 2089/1/4734 2113/1/4720 
f 2113/1/4720 2089/1/4734 2087/1/4735 
f 2113/1/4720 2087/1/4735 2084/1/4713 
f 2084/1/4713 2245/1/4715 2123/1/4719 
f 2123/1/4719 2245/1/4715 2155/1/4736 
f 2123/1/4719 2155/1/4736 2125/1/4737 
f 2125/1/4737 2155/1/4736 2157/1/4738 
f 2125/1/4737 2157/1/4738 2127/1/4739 
f 2127/1/4739 2157/1/4738 2128/1/4666 
f 2128/1/4666 2157/1/4738 2154/1/4740 
f 2128/1/4666 2154/1/4740 2153/1/4741 
f 2151/1/4664 2128/1/4666 2146/1/4742 
f 2146/1/4742 2128/1/4666 2153/1/4741 
f 2146/1/4742 2153/1/4741 2147/1/4743 
f 2180/1/4744 2176/1/4745 2243/1/4672 
f 2180/1/4744 2243/1/4672 2181/1/4746 
f 2181/1/4746 2243/1/4672 2178/1/4747 
f 2178/1/4747 2243/1/4672 2244/1/4674 
f 2178/1/4747 2244/1/4674 2183/1/4748 
f 2176/1/4745 2173/1/4749 2243/1/4672 
f 2243/1/4672 2173/1/4749 2172/1/4750 
f 2243/1/4672 2172/1/4750 2170/1/4751 
f 2170/1/4752 2170/1/4753 2243/1/4672 
f 2243/1/4672 2170/1/4753 2168/1/4754 
f 2243/1/4672 2168/1/4754 2166/1/4755 
f 2243/1/4672 2170/1/4751 2170/1/4752 
f 2166/1/4755 2164/1/4756 2243/1/4672 
f 2243/1/4672 2164/1/4756 2161/1/4757 
f 2243/1/4672 2161/1/4757 2245/1/4715 
f 2245/1/4715 2161/1/4757 2160/1/4758 
f 2245/1/4715 2160/1/4758 2155/1/4736 
f 2183/1/4748 2244/1/4674 2186/1/4759 
f 2186/1/4759 2244/1/4674 2246/1/4760 
f 2186/1/4759 2246/1/4760 2188/1/4761 
f 2194/1/4762 2193/1/4763 2200/1/4764 
f 2200/1/4764 2193/1/4763 2197/1/4765 
f 2200/1/4764 2197/1/4765 2201/1/4766 
f 2204/1/4675 2206/1/4767 2244/1/4674 
f 2244/1/4674 2206/1/4767 2201/1/4766 
f 2244/1/4674 2201/1/4766 2246/1/4760 
f 2246/1/4760 2201/1/4766 2197/1/4765 
f 2246/1/4760 2197/1/4765 2188/1/4761 
f 2188/1/4761 2197/1/4765 2189/1/4768 
f 2159/1/4769 2158/1/4770 2126/1/4771 
f 2207/1/4772 2205/1/4773 2247/1/4774 
f 2247/1/4774 2205/1/4773 2203/1/4775 
f 2247/1/4774 2203/1/4775 2248/1/4776 
f 2248/1/4776 2203/1/4775 2241/1/4777 
f 2187/1/4778 2190/1/4779 2196/1/4780 
f 2163/1/4781 2165/1/4782 2247/1/4774 
f 2156/1/4783 2191/1/4784 2249/1/4785 
f 2249/1/4785 2191/1/4784 2192/1/4786 
f 2249/1/4785 2192/1/4786 2247/1/4774 
f 2247/1/4774 2192/1/4786 2162/1/4787 
f 2247/1/4774 2162/1/4787 2163/1/4781 
f 2165/1/4782 2167/1/4788 2247/1/4774 
f 2247/1/4774 2167/1/4788 2169/1/4789 
f 2247/1/4774 2169/1/4789 2169/1/4790 
f 2169/1/4790 2169/1/4791 2247/1/4774 
f 2169/1/4791 2171/1/4792 2247/1/4774 
f 2247/1/4774 2171/1/4792 2174/1/4793 
f 2247/1/4774 2174/1/4793 2175/1/4794 
f 2175/1/4794 2177/1/4795 2247/1/4774 
f 2247/1/4774 2177/1/4795 2250/1/4796 
f 2247/1/4774 2250/1/4796 2207/1/4772 
f 2207/1/4772 2250/1/4796 2251/1/4797 
f 2207/1/4772 2251/1/4797 2208/1/4798 
f 2208/1/4798 2251/1/4797 2199/1/4799 
f 2184/1/4800 2185/1/4801 2250/1/4796 
f 2250/1/4796 2185/1/4801 2187/1/4778 
f 2250/1/4796 2187/1/4778 2251/1/4797 
f 2251/1/4797 2187/1/4778 2196/1/4780 
f 2251/1/4797 2196/1/4780 2199/1/4799 
f 2199/1/4799 2196/1/4780 2198/1/4802 
f 2199/1/4799 2198/1/4802 2195/1/4803 
f 2177/1/4795 2182/1/4804 2250/1/4796 
f 2250/1/4796 2182/1/4804 2182/1/4805 
f 2250/1/4796 2182/1/4805 2179/1/4806 
f 2179/1/4807 2179/1/4807 2250/1/4807 
f 2250/1/4796 2179/1/4806 2184/1/4800 
f 2126/1/4771 2158/1/4770 2124/1/4808 
f 2159/1/4769 2126/1/4771 2152/1/4809 
f 2152/1/4809 2126/1/4771 2129/1/4810 
f 2152/1/4809 2129/1/4810 2131/1/4811 
f 2131/1/4811 2150/1/4812 2152/1/4809 
f 2152/1/4809 2150/1/4812 2149/1/4813 
f 2152/1/4809 2149/1/4813 2148/1/4814 
f 2106/1/4815 2106/1/4816 2249/1/4785 
f 2106/1/4815 2249/1/4785 2106/1/4817 
f 2086/1/4818 2088/1/4819 2249/1/4785 
f 2249/1/4785 2088/1/4819 2090/1/4820 
f 2249/1/4785 2090/1/4820 2092/1/4821 
f 2092/1/4821 2094/1/4822 2249/1/4785 
f 2249/1/4785 2094/1/4822 2096/1/4823 
f 2249/1/4785 2096/1/4823 2096/1/4824 
f 2096/1/4824 2098/1/4825 2249/1/4785 
f 2249/1/4785 2098/1/4825 2100/1/4826 
f 2249/1/4785 2100/1/4826 2102/1/4827 
f 2102/1/4827 2104/1/4828 2249/1/4785 
f 2249/1/4785 2104/1/4828 2108/1/4817 
f 2249/1/4785 2108/1/4817 2106/1/4817 
f 2112/1/4829 2249/1/4785 2112/1/4830 
f 2118/1/4831 2116/1/4832 2249/1/4785 
f 2249/1/4785 2116/1/4832 2114/1/4833 
f 2249/1/4785 2114/1/4833 2112/1/4830 
f 2249/1/4785 2106/1/4816 2110/1/4815 
f 2110/1/4815 2121/1/4834 2249/1/4785 
f 2249/1/4785 2121/1/4834 2120/1/4835 
f 2249/1/4785 2120/1/4835 2118/1/4831 
f 2158/1/4770 2156/1/4783 2124/1/4808 
f 2124/1/4808 2156/1/4783 2249/1/4785 
f 2124/1/4808 2249/1/4785 2122/1/4836 
f 2122/1/4836 2249/1/4785 2112/1/4829 
f 2248/1/4776 2082/1/4837 2247/1/4774 
f 2247/1/4774 2082/1/4837 2083/1/4838 
f 2247/1/4774 2083/1/4838 2249/1/4785 
f 2249/1/4785 2083/1/4838 2085/1/4839 
f 2249/1/4785 2085/1/4839 2086/1/4818 
f 2076/1/4840 2076/1/4840 2248/1/4840 
f 2248/1/4776 2076/1/4841 2082/1/4837 
f 2046/1/4842 2046/1/4843 2248/1/4776 
f 2046/1/4842 2248/1/4776 2047/1/4844 
f 2052/1/4845 2050/1/4846 2248/1/4776 
f 2248/1/4776 2050/1/4846 2047/1/4847 
f 2248/1/4776 2047/1/4847 2047/1/4844 
f 2061/1/4848 2059/1/4849 2248/1/4776 
f 2248/1/4776 2059/1/4849 2058/1/4850 
f 2248/1/4776 2058/1/4850 2057/1/4851 
f 2046/1/4852 2046/1/4852 2248/1/4852 
f 2248/1/4776 2046/1/4843 2067/1/4853 
f 2067/1/4853 2065/1/4854 2248/1/4776 
f 2248/1/4776 2065/1/4854 2063/1/4855 
f 2248/1/4776 2063/1/4855 2061/1/4848 
f 2069/1/4856 2079/1/4857 2248/1/4776 
f 2248/1/4776 2079/1/4857 2078/1/4858 
f 2248/1/4776 2078/1/4858 2076/1/4841 
f 2057/1/4851 2057/1/4859 2248/1/4776 
f 2248/1/4860 2057/1/4860 2075/1/4860 
f 2075/1/4861 2073/1/4862 2248/1/4776 
f 2248/1/4776 2073/1/4862 2071/1/4863 
f 2248/1/4776 2071/1/4863 2069/1/4856 
f 2241/1/4777 2225/1/4864 2248/1/4776 
f 2248/1/4776 2225/1/4864 2223/1/4865 
f 2248/1/4776 2223/1/4865 2052/1/4845 
f 2052/1/4845 2223/1/4865 2221/1/4866 
f 2052/1/4845 2221/1/4866 2217/1/4867 
f 2217/1/4867 2217/1/4868 2052/1/4845 
f 2052/1/4845 2217/1/4868 2217/1/4869 
f 2052/1/4845 2217/1/4869 2217/1/4870 
f 2052/1/4845 2217/1/4870 2054/1/4871 
f 2054/1/4871 2217/1/4870 2132/1/4872 
f 2213/1/4873 2137/1/4874 2215/1/4875 
f 2215/1/4875 2137/1/4874 2135/1/4876 
f 2215/1/4875 2135/1/4876 2217/1/4870 
f 2217/1/4870 2135/1/4876 2133/1/4877 
f 2217/1/4870 2133/1/4877 2132/1/4872 
f 2213/1/4873 2209/1/4878 2137/1/4874 
f 2137/1/4874 2209/1/4878 2230/1/4879 
f 2137/1/4874 2230/1/4879 2139/1/4880 
f 2230/1/4879 2228/1/4881 2139/1/4880 
f 2139/1/4880 2228/1/4881 2228/1/4882 
f 2139/1/4880 2228/1/4882 2227/1/4883 
f 2139/1/4880 2227/1/4883 2231/1/4884 
f 2039/1/4885 2145/1/4886 2044/1/4887 
f 2044/1/4887 2145/1/4886 2040/1/4888 
f 2231/1/4884 2234/1/4889 2139/1/4880 
f 2139/1/4880 2234/1/4889 2236/1/4890 
f 2139/1/4880 2236/1/4890 2141/1/4891 
f 2141/1/4891 2236/1/4890 2238/1/4892 
f 2141/1/4891 2238/1/4892 2143/1/4893 
f 2143/1/4893 2238/1/4892 2240/1/4894 
f 2143/1/4893 2240/1/4894 2145/1/4886 
f 2145/1/4886 2240/1/4894 2041/1/4895 
f 2145/1/4886 2041/1/4895 2040/1/4888 
# 0 polygons - 4804 triangles

