# This file uses centimeters as units for non-parametric coordinates.

mtllib right_shoulder_pitch_link.mtl
g default
v -0.017379 -0.004000 0.022589
v -0.018300 -0.004000 0.021849
v -0.018300 0.000000 0.021849
v 0.000000 0.000000 -0.028499
v -0.001951 0.000000 -0.028433
v 0.000000 -0.004727 -0.028500
v -0.002918 -0.004699 -0.028350
v -0.005805 -0.004624 -0.027903
v -0.008000 0.000000 -0.027354
v -0.008000 -0.004542 -0.027354
v -0.013676 0.000000 -0.025004
v -0.011362 -0.004379 -0.026137
v -0.008629 -0.004515 -0.027162
v -0.018717 0.000000 -0.021492
v -0.018740 -0.004019 -0.021473
v -0.016444 -0.004105 -0.023278
v -0.013976 -0.004234 -0.024838
v -0.013676 -0.004251 -0.025004
v -0.024461 -0.004000 -0.014626
v -0.023637 -0.004000 -0.015924
v -0.022888 0.000000 -0.016982
v -0.022776 -0.004000 -0.017133
v -0.020840 -0.004000 -0.019441
v -0.025880 -0.004000 -0.011937
v -0.025996 0.000000 -0.011682
v -0.025996 -0.004000 -0.011682
v -0.028089 -0.004000 -0.004823
v -0.027895 -0.004000 -0.005840
v -0.027895 0.000000 -0.005840
v -0.027418 -0.004000 -0.007779
v -0.027006 -0.004000 -0.009109
v -0.028442 -0.004000 -0.001812
v -0.028499 0.000000 0.000274
v -0.028499 -0.004000 0.000274
v -0.027607 -0.004000 0.007078
v -0.027778 -0.004000 0.006375
v -0.027778 0.000000 0.006375
v -0.028181 -0.004000 0.004252
v -0.028473 -0.004000 0.001235
v -0.025766 0.000000 0.012180
v -0.025766 -0.004000 0.012180
v -0.026449 -0.004000 0.010617
v -0.027425 -0.004000 0.007753
v -0.022557 0.000000 0.017419
v -0.022557 -0.004000 0.017419
v -0.023603 -0.004000 0.015974
v -0.025171 -0.004000 0.013366
v -0.019689 -0.004000 0.020606
v -0.020481 -0.004000 0.019818
v -0.021768 -0.004000 0.018395
v -0.014876 -0.004000 0.024310
v -0.013192 0.000000 0.025263
v -0.013192 -0.004000 0.025263
v -0.007472 0.000000 0.027503
v -0.009391 -0.004000 0.026909
v -0.012207 -0.004000 0.025753
v -0.005033 -0.004000 0.028052
v -0.006472 -0.004000 0.027755
v -0.007472 -0.004000 0.027503
v -0.003485 -0.004000 0.028286
v -0.001404 0.000000 0.028465
v -0.000618 -0.004000 0.028493
v 0.000000 0.000000 0.028499
v 0.000000 -0.004000 0.028499
v -0.028281 -0.004332 0.003889
v -0.028421 -0.004630 0.003904
v -0.028647 -0.004682 -0.000036
v -0.028107 -0.004698 -0.005914
v -0.027699 -0.004778 -0.007859
v -0.027514 -0.004521 -0.007807
v -0.027491 -0.004443 0.007772
v -0.028273 -0.004373 -0.003942
v -0.028537 -0.004359 -0.000030
v -0.028013 -0.004950 -0.007948
v -0.028380 -0.004908 -0.005977
v -0.028378 -0.005000 -0.008051
v -0.028764 -0.005028 -0.005999
v -0.028858 -0.005056 -0.005175
v -0.028955 -0.005100 -0.004053
v -0.029035 -0.005154 -0.002642
v -0.028639 -0.004924 -0.004002
v -0.028833 -0.004966 -0.000030
v -0.028880 -0.005072 0.004948
v -0.029002 -0.005155 0.003273
v -0.028649 -0.004892 0.003951
v -0.029073 -0.005210 0.001388
v -0.029109 -0.005229 -0.000014
v -0.028524 -0.004765 0.003923
v -0.028392 -0.004894 0.005937
v -0.028760 -0.005024 0.006039
v -0.027627 -0.004695 0.007810
v -0.028410 -0.004683 -0.003965
v -0.027827 -0.004868 0.007867
v -0.027976 -0.004937 0.007909
v -0.028102 -0.004972 0.007945
v -0.028564 -0.005000 0.007267
v -0.028387 -0.005000 0.008025
v -0.029608 -0.005454 -0.007550
v -0.029623 -0.005440 -0.008035
v -0.029521 -0.005357 -0.008035
v -0.028704 -0.005010 0.008027
v -0.029189 -0.005145 -0.008038
v -0.029239 -0.005361 -0.000010
v -0.029364 -0.005243 -0.008036
v -0.029342 -0.005510 -0.000006
v -0.029451 -0.005593 -0.001809
v -0.028955 -0.005082 0.008029
v -0.029083 -0.005203 0.008031
v -0.029165 -0.005369 0.008032
v -0.029246 -0.005680 0.008035
v -0.029329 -0.005654 0.003112
v -0.027898 -0.004972 0.008636
v -0.027399 -0.005000 0.010935
v -0.020574 -0.005000 0.021141
v -0.021199 -0.005000 0.020514
v -0.020987 -0.004972 0.020308
v -0.022675 -0.005000 0.018871
v -0.024525 -0.005000 0.016394
v -0.023942 -0.004972 0.016723
v 0.000000 -0.004432 0.028563
v -0.000397 -0.004443 0.028566
v -0.005045 -0.004443 0.028119
v -0.009437 -0.004443 0.026965
v -0.013588 -0.004443 0.025130
v -0.017126 -0.004443 0.022867
v -0.020530 -0.004443 0.019866
v -0.023421 -0.004443 0.016360
v -0.025716 -0.004443 0.012443
v -0.026106 -0.005000 0.013738
v -0.026288 -0.004972 0.012720
v -0.027624 -0.004868 0.008551
v -0.018250 -0.005000 0.023177
v -0.013024 -0.005000 0.026469
v -0.014031 -0.005000 0.025949
v -0.013890 -0.004972 0.025688
v -0.015724 -0.005000 0.024960
v -0.017507 -0.004972 0.023375
v -0.010183 -0.005000 0.027686
v -0.009647 -0.004972 0.027565
v -0.007229 -0.005000 0.028601
v -0.005157 -0.004972 0.028745
v -0.005210 -0.005000 0.029036
v 0.000000 -0.004936 0.029067
v 0.000000 -0.005000 0.029499
v -0.000406 -0.004972 0.029201
v -0.001115 -0.005000 0.029479
v -0.004194 -0.005000 0.029200
v -0.020781 -0.004868 0.020108
v -0.017335 -0.004868 0.023146
v -0.013754 -0.004868 0.025437
v -0.009552 -0.004868 0.027294
v -0.005107 -0.004868 0.028463
v -0.000402 -0.004868 0.028915
v -0.023707 -0.004868 0.016559
v -0.026030 -0.004868 0.012595
v -0.025843 -0.004695 0.012505
v -0.027426 -0.004695 0.008489
v -0.027291 -0.004444 0.008448
v 0.000000 -0.004745 0.028754
v -0.000399 -0.004695 0.028707
v -0.005070 -0.004695 0.028258
v -0.009484 -0.004695 0.027098
v -0.013655 -0.004695 0.025254
v -0.017211 -0.004695 0.022980
v -0.020632 -0.004695 0.019964
v -0.023537 -0.004695 0.016440
v -0.028395 -0.005000 0.026162
v -0.028255 -0.005000 0.031275
v -0.027782 -0.005000 0.033763
v -0.027264 -0.005000 0.034857
v -0.007830 -0.005000 0.039473
v -0.015151 -0.005000 0.038888
v -0.020844 -0.005000 0.037856
v -0.025209 -0.005000 0.036433
v -0.026219 -0.005000 0.035890
v -0.026888 -0.005000 0.035330
v -0.024906 -0.005000 0.036562
v 0.000000 -0.005000 0.039502
v -0.025970 -0.004583 -0.012057
v -0.025876 -0.004296 -0.012013
v -0.026715 -0.005000 -0.012508
v -0.025259 -0.005000 -0.015236
v -0.024099 -0.004932 -0.016235
v -0.024466 -0.005000 -0.016482
v -0.023542 -0.005000 -0.017779
v -0.027881 -0.005000 -0.009635
v -0.026355 -0.004932 -0.012235
v -0.026127 -0.004791 -0.012129
v -0.023660 -0.004296 -0.015939
v -0.020913 -0.004521 -0.019509
v -0.023746 -0.004583 -0.015997
v -0.021044 -0.004767 -0.019632
v -0.023890 -0.004791 -0.016094
v -0.021255 -0.004936 -0.019829
v -0.021326 -0.004964 -0.019895
v -0.021571 -0.005000 -0.020123
v -0.005917 -0.005675 -0.028423
v -0.008797 -0.005551 -0.027673
v -0.008932 -0.005692 -0.028100
v -0.019112 -0.004973 -0.021897
v -0.019398 -0.005051 -0.022227
v 0.000000 -0.005948 -0.029476
v -0.011761 -0.005525 -0.027044
v -0.011585 -0.005398 -0.026634
v -0.014466 -0.005346 -0.025703
v -0.014251 -0.005234 -0.025315
v -0.017020 -0.005178 -0.024092
v -0.002946 -0.005515 -0.028574
v -0.005860 -0.005436 -0.028124
v -0.008710 -0.005318 -0.027380
v -0.011468 -0.005173 -0.026349
v -0.016593 -0.004875 -0.023473
v -0.018909 -0.004774 -0.021659
v 0.000000 -0.005198 -0.028554
v -0.002929 -0.005169 -0.028403
v -0.005825 -0.005093 -0.027954
v -0.008658 -0.004978 -0.027212
v -0.018785 -0.004457 -0.021517
v -0.016488 -0.004550 -0.023321
v -0.014017 -0.004686 -0.024883
v 0.000000 -0.005785 -0.029028
v -0.003020 -0.005916 -0.029322
v 0.000000 -0.005543 -0.028725
v -0.002975 -0.005756 -0.028876
v -0.006008 -0.005828 -0.028862
v -0.011399 -0.004837 -0.026184
v -0.014105 -0.005017 -0.025042
v -0.016768 -0.005083 -0.023730
v -0.029680 -0.005360 -0.015618
v -0.029612 -0.005456 -0.020036
v -0.029045 -0.005092 -0.020082
v -0.029687 -0.005350 -0.013190
v -0.029672 -0.005373 -0.011032
v -0.028377 -0.005000 -0.020123
v -0.031012 -0.006237 -0.016782
v -0.031012 -0.006146 -0.012117
v -0.031012 -0.007053 -0.006091
v -0.030225 -0.006104 -0.006654
v -0.031012 -0.008092 -0.002736
v -0.030225 -0.006835 -0.002275
v -0.028376 -0.005284 -0.024171
v -0.028375 -0.005160 -0.023187
v -0.028704 -0.005205 -0.023389
v -0.029537 -0.005705 -0.023259
v -0.029309 -0.005473 -0.023309
v -0.029027 -0.005295 -0.023355
v -0.028377 -0.006168 -0.028023
v -0.028698 -0.006013 -0.027405
v -0.028377 -0.005650 -0.026129
v -0.028379 -0.009777 -0.034967
v -0.028377 -0.007531 -0.031357
v -0.028696 -0.007564 -0.031318
v -0.028697 -0.009816 -0.034939
v -0.029011 -0.006117 -0.027355
v -0.029003 -0.007670 -0.031254
v -0.029274 -0.006308 -0.027279
v -0.029256 -0.007856 -0.031149
v -0.029472 -0.006548 -0.027190
v -0.029439 -0.008087 -0.031023
v -0.029002 -0.009921 -0.034860
v -0.029251 -0.010097 -0.034728
v -0.029430 -0.010311 -0.034568
v -0.028938 -0.005098 0.017095
v -0.028918 -0.005099 0.026161
v -0.029038 -0.005240 0.026161
v -0.028804 -0.005036 0.017094
v -0.028709 -0.005018 0.026162
v -0.029035 -0.005197 0.017095
v -0.029107 -0.005360 0.017096
v -0.029112 -0.005700 0.026162
v -0.029118 -0.005699 0.024538
v -0.029167 -0.005694 0.015600
v -0.029208 -0.005688 0.011131
v -0.030142 -0.008923 0.005669
v -0.029357 -0.006029 0.006559
v -0.029475 -0.007220 0.010644
v -0.029391 -0.018117 0.025853
v -0.031012 -0.041370 0.017892
v -0.029456 -0.042644 0.021572
v -0.029459 -0.046717 0.020109
v -0.031012 -0.020794 0.013032
v -0.030755 -0.021703 0.015141
v -0.031012 -0.023426 0.014546
v -0.031012 -0.011095 0.003306
v -0.031012 -0.009284 0.000063
v -0.030177 -0.007690 0.001605
v -0.031012 -0.012865 0.005811
v -0.030631 -0.013140 0.008843
v -0.031012 -0.014847 0.008114
v -0.031012 -0.017035 0.010213
v -0.030325 -0.014396 0.012887
v -0.031012 -0.026203 0.015807
v -0.030233 -0.022936 0.019153
v -0.031012 -0.036687 0.018041
v -0.030069 -0.030261 0.021341
v -0.031012 -0.030655 0.017213
v -0.030875 -0.029020 0.017378
v -0.029478 -0.037045 0.023114
v -0.029459 -0.050572 0.018469
v -0.031012 -0.045850 0.017050
v -0.029429 -0.054890 0.016361
v -0.031012 -0.053573 0.014009
v -0.031012 -0.050246 0.015586
v -0.029491 -0.030683 0.024377
v -0.029735 -0.016895 0.020985
v -0.029485 -0.008440 0.014719
v -0.029341 -0.010920 0.022862
v -0.029198 -0.009416 0.026167
v -0.025090 -0.005668 0.037017
v -0.025108 -0.005504 0.037062
v -0.022377 -0.005664 0.037940
v -0.021001 -0.005408 0.038380
v -0.020991 -0.005663 0.038305
v -0.018862 -0.005662 0.038768
v -0.015253 -0.005408 0.039422
v -0.015198 -0.005660 0.039349
v -0.010849 -0.005659 0.039773
v -0.007872 -0.005410 0.040012
v -0.007875 -0.005659 0.039935
v -0.005842 -0.005660 0.039994
v 0.000000 -0.005412 0.040043
v 0.000000 -0.005660 0.039959
v -0.024982 -0.005005 0.036749
v -0.020896 -0.005005 0.038047
v -0.015182 -0.005005 0.039082
v -0.007842 -0.005006 0.039668
v 0.000000 -0.005006 0.039696
v 0.000000 -0.005147 0.039981
v -0.007862 -0.005146 0.039952
v -0.015233 -0.005144 0.039364
v -0.020976 -0.005143 0.038324
v -0.025083 -0.005094 0.037001
v -0.025116 -0.005235 0.037082
v -0.028410 -0.005218 0.033855
v -0.027694 -0.005178 0.035252
v -0.027702 -0.005359 0.035305
v -0.027341 -0.005684 0.035650
v -0.026530 -0.005363 0.036379
v -0.028793 -0.005699 0.032363
v -0.028791 -0.005354 0.032380
v -0.025620 -0.005669 0.036792
v -0.026517 -0.005179 0.036352
v -0.026461 -0.005061 0.036258
v -0.026395 -0.005020 0.036155
v -0.029049 -0.005367 0.029274
v -0.029068 -0.005700 0.029279
v -0.026492 -0.005675 0.036326
v -0.027532 -0.005018 0.035053
v -0.027623 -0.005057 0.035145
v -0.028703 -0.005019 0.029142
v -0.028502 -0.005016 0.032139
v -0.028837 -0.005059 0.029173
v -0.028627 -0.005052 0.032200
v -0.028939 -0.005130 0.029210
v -0.028715 -0.005118 0.032269
v -0.028421 -0.005697 0.033842
v -0.028420 -0.005352 0.033901
v -0.028768 -0.005219 0.032333
v -0.029009 -0.005233 0.029247
v -0.028185 -0.005016 0.033633
v -0.028298 -0.005052 0.033710
v -0.028373 -0.005118 0.033788
v -0.014362 -0.006481 -0.030656
v -0.014360 -0.007191 -0.032430
v 0.000000 -0.007202 -0.032462
v -0.014363 -0.005924 -0.028768
v -0.014357 -0.008542 -0.035259
v 0.000000 -0.008767 -0.035724
v -0.031012 -0.012467 -0.032953
v -0.031012 -0.010768 -0.030442
v -0.031012 -0.008965 -0.027034
v -0.031012 -0.007593 -0.023467
v -0.031012 -0.006814 -0.020539
v 0.000000 -0.055830 0.018043
v 0.000000 -0.017514 0.036025
v 0.000000 -0.043584 0.024399
v 0.000000 -0.031649 0.029814
v -0.018176 -0.018089 0.034292
v -0.025053 -0.043181 0.023053
v -0.027770 -0.030543 0.027450
v -0.025135 -0.030671 0.028099
v -0.026016 -0.018030 0.032407
v -0.025232 -0.018012 0.032712
v -0.021463 -0.049419 0.020565
v -0.028549 -0.043063 0.022515
v -0.028394 -0.036845 0.024919
v -0.018188 -0.055577 0.017590
v -0.028379 -0.055214 0.016942
v -0.028660 -0.049201 0.019888
v -0.008001 -0.055781 0.017955
v -0.007166 -0.043504 0.024339
v -0.007207 -0.030953 0.030053
v -0.007242 -0.018214 0.035261
v -0.014554 -0.018131 0.034762
v -0.014453 -0.030840 0.029629
v -0.021509 -0.043249 0.023456
v -0.021616 -0.030724 0.028762
v -0.021740 -0.018049 0.033634
v -0.014357 -0.043386 0.024028
v -0.014316 -0.049574 0.020999
v -0.028348 -0.030594 0.027017
v -0.028737 -0.018044 0.029787
v -0.027117 -0.017960 0.031992
v -0.027843 -0.017991 0.031413
v -0.028373 -0.018019 0.030652
v -0.029171 -0.018085 0.027908
v -0.029203 -0.030690 0.025447
v -0.029251 -0.036972 0.023817
v -0.029256 -0.043134 0.021836
v -0.029355 -0.049137 0.019283
v -0.029008 -0.049190 0.019694
v -0.029001 -0.055125 0.016783
v -0.028530 -0.055206 0.016928
v -0.028847 -0.030648 0.026411
v -0.028958 -0.043102 0.022220
v -0.028904 -0.036909 0.024429
v -0.031012 -0.030420 -0.040265
v -0.031012 -0.029074 -0.044456
v -0.031012 -0.022437 -0.041676
v -0.031012 -0.024728 -0.037916
v -0.031012 -0.018923 -0.039397
v -0.031012 -0.019701 -0.034359
v -0.031012 -0.015387 -0.036330
v -0.031012 -0.062869 0.006131
v -0.031012 -0.060408 0.002111
v -0.031012 -0.056299 0.006697
v -0.031012 -0.036492 -0.041289
v -0.031012 -0.034910 -0.045580
v -0.031012 -0.039507 0.013628
v -0.031012 -0.033360 0.013275
v -0.031012 -0.038980 -0.045708
v -0.031012 -0.051272 0.010254
v -0.031012 -0.057993 0.011026
v -0.031012 -0.060272 0.009007
v -0.031012 -0.048812 0.011455
v -0.031012 -0.045580 0.012604
v -0.031012 -0.015592 -0.029772
v -0.031012 -0.048555 -0.039224
v -0.031012 -0.050162 -0.043321
v -0.031012 -0.067998 -0.002997
v -0.031012 -0.063393 -0.003275
v -0.031012 -0.066577 0.000343
v -0.031012 -0.065097 0.003002
v -0.031012 -0.042640 -0.040936
v -0.031012 -0.043117 -0.045315
v -0.031012 -0.027444 0.011563
v -0.031012 -0.012606 -0.024386
v -0.031012 -0.069595 -0.009438
v -0.031012 -0.065105 -0.009191
v -0.031012 -0.059237 -0.037633
v -0.031012 -0.055556 -0.040464
v -0.031012 -0.053941 -0.036239
v -0.031012 -0.010894 -0.018471
v -0.031012 -0.069774 -0.016654
v -0.031012 -0.065458 -0.015338
v -0.031012 -0.022058 0.008577
v -0.031012 -0.017472 0.004468
v -0.031012 -0.068786 -0.021998
v -0.031012 -0.064434 -0.021411
v -0.031012 -0.010541 -0.012323
v -0.031012 -0.065526 -0.029823
v -0.031012 -0.062085 -0.027103
v -0.031012 -0.058528 -0.032130
v -0.031012 -0.061426 -0.035482
v -0.031012 -0.013915 -0.000559
v -0.031012 -0.011565 -0.006251
v -0.029430 -0.069484 -0.028162
v -0.029251 -0.069870 -0.027959
v -0.029251 -0.013255 -0.038387
v -0.029002 -0.013100 -0.038542
v -0.028697 -0.016678 -0.041854
v -0.028379 -0.012623 -0.038311
v -0.028697 -0.013007 -0.038635
v -0.028697 -0.025174 -0.046623
v -0.028379 -0.023706 -0.046063
v -0.028697 -0.020760 -0.044534
v -0.028379 -0.019688 -0.043963
v -0.028379 -0.015973 -0.041364
v -0.028379 -0.029824 -0.048130
v -0.028379 -0.029151 -0.047962
v -0.028697 -0.029833 -0.048083
v -0.028379 -0.027959 -0.047631
v -0.028379 -0.025158 -0.046669
v -0.028379 -0.033340 -0.048782
v -0.028697 -0.034650 -0.048883
v -0.028379 -0.034647 -0.048931
v -0.028379 -0.037894 -0.049090
v -0.028697 -0.039531 -0.049009
v -0.028379 -0.039534 -0.049057
v -0.029251 -0.044314 -0.048116
v -0.029251 -0.039510 -0.048659
v -0.029430 -0.039495 -0.048393
v -0.029251 -0.034678 -0.048534
v -0.029430 -0.034700 -0.048268
v -0.029251 -0.029910 -0.047740
v -0.029430 -0.029969 -0.047480
v -0.029251 -0.025297 -0.046295
v -0.029430 -0.025392 -0.046045
v -0.029251 -0.020929 -0.044226
v -0.029430 -0.021058 -0.043993
v -0.029251 -0.016889 -0.041574
v -0.029430 -0.017049 -0.041361
v -0.029430 -0.013444 -0.038198
v -0.028379 -0.042450 -0.048809
v -0.028697 -0.044382 -0.048460
v -0.028379 -0.044393 -0.048507
v -0.029430 -0.044262 -0.047854
v -0.029251 -0.048995 -0.046912
v -0.028379 -0.046931 -0.047940
v -0.028697 -0.049111 -0.047243
v -0.028379 -0.049127 -0.047288
v -0.029430 -0.048907 -0.046659
v -0.029251 -0.053466 -0.045074
v -0.028379 -0.051263 -0.046501
v -0.028697 -0.053627 -0.045386
v -0.028379 -0.053649 -0.045429
v -0.029430 -0.053344 -0.044836
v -0.029251 -0.057639 -0.042634
v -0.028379 -0.055373 -0.044515
v -0.028697 -0.057841 -0.042920
v -0.028379 -0.057869 -0.042960
v -0.029430 -0.057485 -0.042415
v -0.029251 -0.061434 -0.039639
v -0.028379 -0.059190 -0.042012
v -0.028697 -0.061674 -0.039896
v -0.028379 -0.061707 -0.039931
v -0.029430 -0.061251 -0.039445
v -0.029251 -0.064780 -0.036151
v -0.028379 -0.062653 -0.039039
v -0.028697 -0.065053 -0.036372
v -0.028379 -0.065090 -0.036402
v -0.029430 -0.064572 -0.035984
v -0.029251 -0.067610 -0.032232
v -0.029430 -0.067215 -0.032356
v -0.029002 -0.016757 -0.041749
v -0.029002 -0.020823 -0.044419
v -0.029002 -0.025219 -0.046500
v -0.029002 -0.029861 -0.047955
v -0.029002 -0.034660 -0.048753
v -0.029002 -0.039523 -0.048878
v -0.029002 -0.044356 -0.048331
v -0.029002 -0.049067 -0.047119
v -0.029002 -0.053567 -0.045269
v -0.029002 -0.057765 -0.042813
v -0.029002 -0.061584 -0.039800
v -0.029002 -0.064951 -0.036289
v -0.029002 -0.067798 -0.032345
v -0.028697 -0.067910 -0.032412
v -0.028379 -0.070237 -0.028115
v -0.028379 -0.068120 -0.032159
v -0.028379 -0.065704 -0.035644
v -0.028697 -0.071856 -0.023506
v -0.028697 -0.070193 -0.028096
v -0.029002 -0.071729 -0.023472
v -0.029002 -0.070072 -0.028045
v -0.029251 -0.071517 -0.023415
v -0.029430 -0.071259 -0.023346
v -0.028379 -0.071903 -0.023519
v -0.028611 -0.057013 0.015801
v -0.028697 -0.072893 -0.018543
v -0.028379 -0.072919 -0.018714
v -0.028695 -0.073211 -0.013477
v -0.028379 -0.073258 -0.014147
v -0.028379 -0.073027 -0.009790
v -0.028692 -0.072795 -0.008416
v -0.028379 -0.072071 -0.004752
v -0.028688 -0.071661 -0.003486
v -0.028379 -0.069870 0.001254
v -0.028379 -0.070543 -0.000260
v -0.028684 -0.069831 0.001235
v -0.028379 -0.071580 -0.003076
v -0.028379 -0.068890 0.003171
v -0.028681 -0.067342 0.005644
v -0.028379 -0.064268 0.009690
v -0.028379 -0.065758 0.007912
v -0.028678 -0.064237 0.009663
v -0.028379 -0.067120 0.006051
v -0.028708 -0.060178 0.013468
v -0.028379 -0.062587 0.011442
v -0.028954 -0.057012 0.015619
v -0.029223 -0.057010 0.015353
v -0.029429 -0.057014 0.015033
v -0.029287 -0.059972 0.013138
v -0.029429 -0.059838 0.012985
v -0.029267 -0.063958 0.009412
v -0.029429 -0.062938 0.010147
v -0.029264 -0.067033 0.005437
v -0.029430 -0.065165 0.007590
v -0.029430 -0.071070 -0.003675
v -0.029259 -0.071315 -0.003596
v -0.029430 -0.070173 -0.001117
v -0.029262 -0.069500 0.001076
v -0.029430 -0.068796 0.001929
v -0.029430 -0.067123 0.004841
v -0.029256 -0.072440 -0.008475
v -0.029430 -0.072008 -0.007489
v -0.029430 -0.072593 -0.014034
v -0.029254 -0.072855 -0.013486
v -0.029430 -0.072457 -0.010755
v -0.029430 -0.072281 -0.018470
v -0.029253 -0.072542 -0.018501
v -0.028379 -0.057018 0.015832
v -0.028379 -0.060159 0.013546
v -0.029027 -0.060096 0.013342
v -0.029002 -0.064134 0.009569
v -0.029002 -0.067227 0.005566
v -0.029002 -0.069707 0.001175
v -0.029002 -0.071532 -0.003528
v -0.029002 -0.072662 -0.008438
v -0.029003 -0.073077 -0.013480
v -0.029003 -0.072762 -0.018527
v -0.021135 -0.027799 -0.048169
v -0.008675 -0.027634 -0.048727
v 0.000000 -0.073109 -0.023864
v -0.008675 -0.033189 -0.049915
v -0.021135 -0.070883 -0.028040
v -0.021135 -0.068771 -0.032169
v -0.021135 -0.066145 -0.035990
v -0.021135 -0.063046 -0.039441
v -0.021135 -0.059528 -0.042462
v -0.021135 -0.055649 -0.045003
v -0.021135 -0.051474 -0.047022
v -0.021135 -0.042521 -0.049366
v -0.021135 -0.047073 -0.048484
v -0.021135 -0.037892 -0.049652
v -0.021135 -0.033266 -0.049338
v -0.008675 -0.073002 -0.023833
v -0.021255 -0.072353 -0.023647
v -0.008675 -0.071417 -0.028271
v -0.008675 -0.069271 -0.032467
v -0.008675 -0.066602 -0.036350
v -0.008675 -0.063453 -0.039857
v -0.008675 -0.059878 -0.042927
v -0.008675 -0.055936 -0.045509
v -0.008675 -0.051693 -0.047561
v -0.008675 -0.047221 -0.049047
v -0.008675 -0.042594 -0.049943
v -0.008675 -0.037891 -0.050234
v -0.021135 -0.012219 -0.038701
v -0.008675 -0.011800 -0.039105
v -0.021135 -0.023478 -0.046577
v -0.008675 -0.023242 -0.047109
v -0.008675 -0.019094 -0.044940
v -0.021135 -0.019396 -0.044443
v -0.008675 -0.015259 -0.042257
v -0.021135 -0.015623 -0.041803
v -0.008675 -0.074028 -0.019043
v -0.021135 -0.073452 -0.018959
v -0.021135 -0.059304 0.014967
v -0.021135 -0.062978 0.011845
v -0.021135 -0.066200 0.008258
v -0.021135 -0.071062 -0.000043
v -0.021135 -0.068911 0.004271
v -0.021135 -0.072614 -0.004608
v -0.021135 -0.073539 -0.009339
v -0.021135 -0.073820 -0.014152
v -0.008675 -0.059651 0.015435
v -0.008675 -0.063384 0.012262
v -0.008675 -0.066658 0.008617
v -0.008675 -0.069413 0.004565
v -0.008675 -0.071599 0.000181
v -0.008675 -0.073176 -0.004458
v -0.008675 -0.074116 -0.009266
v -0.008675 -0.074402 -0.014158
v -0.030216 -0.055404 0.014507
v -0.030216 -0.069395 -0.002864
v -0.030219 -0.070053 -0.022604
v -0.030216 -0.071255 -0.014027
v -0.030216 -0.071016 -0.017808
v -0.030216 -0.071061 -0.010243
v -0.030216 -0.070439 -0.006506
v -0.030216 -0.066104 0.003948
v -0.030216 -0.063899 0.007029
v -0.030216 -0.058515 0.012343
v -0.030216 -0.061359 0.009840
v -0.030216 -0.067944 0.000636
v -0.030221 -0.059964 -0.038789
v -0.030221 -0.043724 -0.046581
v -0.030221 -0.039192 -0.047056
v -0.030221 -0.034637 -0.046907
v -0.030221 -0.030146 -0.046136
v -0.030221 -0.025803 -0.044759
v -0.030221 -0.021688 -0.042801
v -0.030221 -0.017880 -0.040299
v -0.030221 -0.014450 -0.037299
v -0.030221 -0.011463 -0.033858
v -0.030221 -0.052382 -0.043806
v -0.030221 -0.048148 -0.045491
v -0.030221 -0.056345 -0.041558
v -0.030221 -0.063170 -0.035551
v -0.030221 -0.065904 -0.031905
v -0.030221 -0.068113 -0.027920
v 0.000000 0.000000 -0.027250
v -0.006064 0.000000 -0.026567
v -0.011823 0.000000 -0.024551
v -0.016990 0.000000 -0.021305
v -0.021305 0.000000 -0.016990
v -0.024551 0.000000 -0.011823
v -0.026567 0.000000 -0.006064
v -0.027250 0.000000 0.000000
v -0.026567 0.000000 0.006064
v -0.024551 0.000000 0.011823
v -0.021305 0.000000 0.016990
v -0.016990 0.000000 0.021305
v -0.011823 0.000000 0.024551
v -0.006064 0.000000 0.026567
v 0.000000 0.000000 0.027250
v 0.000000 -0.002000 0.027250
v -0.006064 -0.002000 0.026567
v -0.011823 -0.002000 0.024551
v -0.016990 -0.002000 0.021305
v -0.021305 -0.002000 0.016990
v -0.024551 -0.002000 0.011823
v -0.026567 -0.002000 0.006064
v -0.027250 -0.002000 0.000000
v -0.026567 -0.002000 -0.006064
v -0.024551 -0.002000 -0.011823
v -0.021305 -0.002000 -0.016990
v -0.016990 -0.002000 -0.021305
v -0.011823 -0.002000 -0.024551
v -0.006064 -0.002000 -0.026567
v 0.000000 -0.002000 -0.027250
v 0.000000 -0.002000 0.000000
v -0.030412 -0.051272 0.010254
v -0.030412 -0.056299 0.006697
v -0.030412 -0.060408 0.002111
v -0.030412 -0.063393 -0.003275
v -0.030412 -0.065105 -0.009191
v -0.030412 -0.065458 -0.015338
v -0.030412 -0.064434 -0.021411
v -0.030412 -0.062085 -0.027103
v -0.030412 -0.058528 -0.032130
v -0.030412 -0.053941 -0.036239
v -0.030412 -0.048555 -0.039224
v -0.030412 -0.042640 -0.040936
v -0.030412 -0.036492 -0.041289
v -0.030412 -0.030420 -0.040265
v -0.030412 -0.024728 -0.037916
v -0.030412 -0.019701 -0.034359
v -0.030412 -0.015592 -0.029772
v -0.030412 -0.012606 -0.024386
v -0.030412 -0.010894 -0.018471
v -0.030412 -0.010541 -0.012323
v -0.030412 -0.011565 -0.006251
v -0.030412 -0.013915 -0.000559
v -0.030412 -0.017472 0.004468
v -0.030412 -0.022058 0.008577
v -0.030412 -0.027444 0.011563
v -0.030412 -0.033360 0.013275
v -0.030412 -0.039507 0.013628
v -0.030412 -0.045580 0.012604
v -0.030412 -0.038000 -0.013831
v 0.000000 -0.011752 -0.039151
v 0.000000 -0.015217 -0.042310
v 0.000000 -0.019060 -0.044997
v 0.000000 -0.023215 -0.047170
v 0.000000 -0.027521 -0.049167
v 0.000000 -0.033180 -0.049981
v 0.000000 -0.037890 -0.050301
v 0.000000 -0.042603 -0.050009
v 0.000000 -0.047238 -0.049112
v 0.000000 -0.051718 -0.047622
v 0.000000 -0.055968 -0.045567
v 0.000000 -0.059918 -0.042980
v 0.000000 -0.063500 -0.039904
v 0.000000 -0.066654 -0.036392
v 0.000000 -0.069329 -0.032501
v 0.000000 -0.071478 -0.028297
v 0.000000 -0.074078 -0.019050
v 0.000000 -0.074452 -0.014158
v 0.000000 -0.074166 -0.009260
v 0.000000 -0.073224 -0.004445
v 0.000000 -0.071645 0.000200
v 0.000000 -0.069456 0.004591
v 0.000000 -0.066698 0.008648
v 0.000000 -0.063419 0.012298
v 0.000000 -0.059680 0.015475
v 0.017379 -0.004000 0.022589
v 0.018300 -0.004000 0.021849
v 0.018300 0.000000 0.021849
v 0.001951 0.000000 -0.028433
v 0.002918 -0.004699 -0.028350
v 0.005805 -0.004624 -0.027903
v 0.008000 0.000000 -0.027354
v 0.008000 -0.004542 -0.027354
v 0.013676 0.000000 -0.025004
v 0.011362 -0.004379 -0.026137
v 0.008629 -0.004515 -0.027162
v 0.018717 0.000000 -0.021492
v 0.018740 -0.004019 -0.021473
v 0.016444 -0.004105 -0.023278
v 0.013976 -0.004234 -0.024838
v 0.013676 -0.004251 -0.025004
v 0.024461 -0.004000 -0.014626
v 0.023637 -0.004000 -0.015924
v 0.022888 0.000000 -0.016982
v 0.022776 -0.004000 -0.017133
v 0.020840 -0.004000 -0.019441
v 0.025880 -0.004000 -0.011937
v 0.025996 0.000000 -0.011682
v 0.025996 -0.004000 -0.011682
v 0.028089 -0.004000 -0.004823
v 0.027895 -0.004000 -0.005840
v 0.027895 0.000000 -0.005840
v 0.027418 -0.004000 -0.007779
v 0.027006 -0.004000 -0.009109
v 0.028442 -0.004000 -0.001812
v 0.028499 0.000000 0.000274
v 0.028499 -0.004000 0.000274
v 0.027607 -0.004000 0.007078
v 0.027778 -0.004000 0.006375
v 0.027778 0.000000 0.006375
v 0.028181 -0.004000 0.004252
v 0.028473 -0.004000 0.001235
v 0.025766 0.000000 0.012180
v 0.025766 -0.004000 0.012180
v 0.026449 -0.004000 0.010617
v 0.027425 -0.004000 0.007753
v 0.022557 0.000000 0.017419
v 0.022557 -0.004000 0.017419
v 0.023603 -0.004000 0.015974
v 0.025171 -0.004000 0.013366
v 0.019689 -0.004000 0.020606
v 0.020481 -0.004000 0.019818
v 0.021768 -0.004000 0.018395
v 0.014876 -0.004000 0.024310
v 0.013192 0.000000 0.025263
v 0.013192 -0.004000 0.025263
v 0.007472 0.000000 0.027503
v 0.009391 -0.004000 0.026909
v 0.012207 -0.004000 0.025753
v 0.005033 -0.004000 0.028052
v 0.006472 -0.004000 0.027755
v 0.007472 -0.004000 0.027503
v 0.003485 -0.004000 0.028286
v 0.001404 0.000000 0.028465
v 0.000618 -0.004000 0.028493
v 0.028281 -0.004332 0.003889
v 0.028421 -0.004630 0.003904
v 0.028647 -0.004682 -0.000036
v 0.028107 -0.004698 -0.005914
v 0.027699 -0.004778 -0.007859
v 0.027514 -0.004521 -0.007807
v 0.027491 -0.004443 0.007772
v 0.028273 -0.004373 -0.003942
v 0.028537 -0.004359 -0.000030
v 0.028013 -0.004950 -0.007948
v 0.028380 -0.004908 -0.005977
v 0.028378 -0.005000 -0.008051
v 0.028764 -0.005028 -0.005999
v 0.028858 -0.005056 -0.005175
v 0.028955 -0.005100 -0.004053
v 0.029035 -0.005154 -0.002642
v 0.028639 -0.004924 -0.004002
v 0.028833 -0.004966 -0.000030
v 0.028880 -0.005072 0.004948
v 0.029002 -0.005155 0.003273
v 0.028649 -0.004892 0.003951
v 0.029073 -0.005210 0.001388
v 0.029109 -0.005229 -0.000014
v 0.028524 -0.004765 0.003923
v 0.028392 -0.004894 0.005937
v 0.028760 -0.005024 0.006039
v 0.027627 -0.004695 0.007810
v 0.028410 -0.004683 -0.003965
v 0.027827 -0.004868 0.007867
v 0.027976 -0.004937 0.007909
v 0.028102 -0.004972 0.007945
v 0.028564 -0.005000 0.007267
v 0.028387 -0.005000 0.008025
v 0.029608 -0.005454 -0.007550
v 0.029623 -0.005440 -0.008035
v 0.029521 -0.005357 -0.008035
v 0.028704 -0.005010 0.008027
v 0.029189 -0.005145 -0.008038
v 0.029239 -0.005361 -0.000010
v 0.029364 -0.005243 -0.008036
v 0.029342 -0.005510 -0.000006
v 0.029451 -0.005593 -0.001809
v 0.028955 -0.005082 0.008029
v 0.029083 -0.005203 0.008031
v 0.029165 -0.005369 0.008032
v 0.029246 -0.005680 0.008035
v 0.029329 -0.005654 0.003112
v 0.027898 -0.004972 0.008636
v 0.027399 -0.005000 0.010935
v 0.020574 -0.005000 0.021141
v 0.021199 -0.005000 0.020514
v 0.020987 -0.004972 0.020308
v 0.022675 -0.005000 0.018871
v 0.024525 -0.005000 0.016394
v 0.023942 -0.004972 0.016723
v 0.000397 -0.004443 0.028566
v 0.005045 -0.004443 0.028119
v 0.009437 -0.004443 0.026965
v 0.013588 -0.004443 0.025130
v 0.017126 -0.004443 0.022867
v 0.020530 -0.004443 0.019866
v 0.023421 -0.004443 0.016360
v 0.025716 -0.004443 0.012443
v 0.026106 -0.005000 0.013738
v 0.026288 -0.004972 0.012720
v 0.027624 -0.004868 0.008551
v 0.018250 -0.005000 0.023177
v 0.013024 -0.005000 0.026469
v 0.014031 -0.005000 0.025949
v 0.013890 -0.004972 0.025688
v 0.015724 -0.005000 0.024960
v 0.017507 -0.004972 0.023375
v 0.010183 -0.005000 0.027686
v 0.009647 -0.004972 0.027565
v 0.007229 -0.005000 0.028601
v 0.005157 -0.004972 0.028745
v 0.005210 -0.005000 0.029036
v 0.000406 -0.004972 0.029201
v 0.001115 -0.005000 0.029479
v 0.004194 -0.005000 0.029200
v 0.020781 -0.004868 0.020108
v 0.017335 -0.004868 0.023146
v 0.013754 -0.004868 0.025437
v 0.009552 -0.004868 0.027294
v 0.005107 -0.004868 0.028463
v 0.000402 -0.004868 0.028915
v 0.023707 -0.004868 0.016559
v 0.026030 -0.004868 0.012595
v 0.025843 -0.004695 0.012505
v 0.027426 -0.004695 0.008489
v 0.027291 -0.004444 0.008448
v 0.000399 -0.004695 0.028707
v 0.005070 -0.004695 0.028258
v 0.009484 -0.004695 0.027098
v 0.013655 -0.004695 0.025254
v 0.017211 -0.004695 0.022980
v 0.020632 -0.004695 0.019964
v 0.023537 -0.004695 0.016440
v 0.028395 -0.005000 0.026162
v 0.028255 -0.005000 0.031275
v 0.027782 -0.005000 0.033763
v 0.027264 -0.005000 0.034857
v 0.007830 -0.005000 0.039473
v 0.015151 -0.005000 0.038888
v 0.020844 -0.005000 0.037856
v 0.025209 -0.005000 0.036433
v 0.026219 -0.005000 0.035890
v 0.026888 -0.005000 0.035330
v 0.024906 -0.005000 0.036562
v 0.025970 -0.004583 -0.012057
v 0.025876 -0.004296 -0.012013
v 0.026715 -0.005000 -0.012508
v 0.025259 -0.005000 -0.015236
v 0.024099 -0.004932 -0.016235
v 0.024466 -0.005000 -0.016482
v 0.023542 -0.005000 -0.017779
v 0.027881 -0.005000 -0.009635
v 0.026355 -0.004932 -0.012235
v 0.026127 -0.004791 -0.012129
v 0.023660 -0.004296 -0.015939
v 0.020913 -0.004521 -0.019509
v 0.023746 -0.004583 -0.015997
v 0.021044 -0.004767 -0.019632
v 0.023890 -0.004791 -0.016094
v 0.021255 -0.004936 -0.019829
v 0.021326 -0.004964 -0.019895
v 0.021571 -0.005000 -0.020123
v 0.005917 -0.005675 -0.028423
v 0.008797 -0.005551 -0.027673
v 0.008932 -0.005692 -0.028100
v 0.019112 -0.004973 -0.021897
v 0.019398 -0.005051 -0.022227
v 0.011761 -0.005525 -0.027044
v 0.011585 -0.005398 -0.026634
v 0.014466 -0.005346 -0.025703
v 0.014251 -0.005234 -0.025315
v 0.017020 -0.005178 -0.024092
v 0.002946 -0.005515 -0.028574
v 0.005860 -0.005436 -0.028124
v 0.008710 -0.005318 -0.027380
v 0.011468 -0.005173 -0.026349
v 0.016593 -0.004875 -0.023473
v 0.018909 -0.004774 -0.021659
v 0.002929 -0.005169 -0.028403
v 0.005825 -0.005093 -0.027954
v 0.008658 -0.004978 -0.027212
v 0.018785 -0.004457 -0.021517
v 0.016488 -0.004550 -0.023321
v 0.014017 -0.004686 -0.024883
v 0.003020 -0.005916 -0.029322
v 0.002975 -0.005756 -0.028876
v 0.006008 -0.005828 -0.028862
v 0.011399 -0.004837 -0.026184
v 0.014105 -0.005017 -0.025042
v 0.016768 -0.005083 -0.023730
v 0.029680 -0.005360 -0.015618
v 0.029612 -0.005456 -0.020036
v 0.029045 -0.005092 -0.020082
v 0.029687 -0.005350 -0.013190
v 0.029672 -0.005373 -0.011032
v 0.028377 -0.005000 -0.020123
v 0.031012 -0.006237 -0.016782
v 0.031012 -0.006146 -0.012117
v 0.031012 -0.007053 -0.006091
v 0.030225 -0.006104 -0.006654
v 0.031012 -0.008092 -0.002736
v 0.030225 -0.006835 -0.002275
v 0.028376 -0.005284 -0.024171
v 0.028375 -0.005160 -0.023187
v 0.028704 -0.005205 -0.023389
v 0.029537 -0.005705 -0.023259
v 0.029309 -0.005473 -0.023309
v 0.029027 -0.005295 -0.023355
v 0.028377 -0.006168 -0.028023
v 0.028698 -0.006013 -0.027405
v 0.028377 -0.005650 -0.026129
v 0.028379 -0.009777 -0.034967
v 0.028377 -0.007531 -0.031357
v 0.028696 -0.007564 -0.031318
v 0.028697 -0.009816 -0.034939
v 0.029011 -0.006117 -0.027355
v 0.029003 -0.007670 -0.031254
v 0.029274 -0.006308 -0.027279
v 0.029256 -0.007856 -0.031149
v 0.029472 -0.006548 -0.027190
v 0.029439 -0.008087 -0.031023
v 0.029002 -0.009921 -0.034860
v 0.029251 -0.010097 -0.034728
v 0.029430 -0.010311 -0.034568
v 0.028938 -0.005098 0.017095
v 0.028918 -0.005099 0.026161
v 0.029038 -0.005240 0.026161
v 0.028804 -0.005036 0.017094
v 0.028709 -0.005018 0.026162
v 0.029035 -0.005197 0.017095
v 0.029107 -0.005360 0.017096
v 0.029112 -0.005700 0.026162
v 0.029118 -0.005699 0.024538
v 0.029167 -0.005694 0.015600
v 0.029208 -0.005688 0.011131
v 0.030142 -0.008923 0.005669
v 0.029357 -0.006029 0.006559
v 0.029475 -0.007220 0.010644
v 0.029391 -0.018117 0.025853
v 0.031012 -0.041370 0.017892
v 0.029456 -0.042644 0.021572
v 0.029459 -0.046717 0.020109
v 0.031012 -0.020794 0.013032
v 0.030755 -0.021703 0.015141
v 0.031012 -0.023426 0.014546
v 0.031012 -0.011095 0.003306
v 0.031012 -0.009284 0.000063
v 0.030177 -0.007690 0.001605
v 0.031012 -0.012865 0.005811
v 0.030631 -0.013140 0.008843
v 0.031012 -0.014847 0.008114
v 0.031012 -0.017035 0.010213
v 0.030325 -0.014396 0.012887
v 0.031012 -0.026203 0.015807
v 0.030233 -0.022936 0.019153
v 0.031012 -0.036687 0.018041
v 0.030069 -0.030261 0.021341
v 0.031012 -0.030655 0.017213
v 0.030875 -0.029020 0.017378
v 0.029478 -0.037045 0.023114
v 0.029459 -0.050572 0.018469
v 0.031012 -0.045850 0.017050
v 0.029429 -0.054890 0.016361
v 0.031012 -0.053573 0.014009
v 0.031012 -0.050246 0.015586
v 0.029491 -0.030683 0.024377
v 0.029735 -0.016895 0.020985
v 0.029485 -0.008440 0.014719
v 0.029341 -0.010920 0.022862
v 0.029198 -0.009416 0.026167
v 0.025090 -0.005668 0.037017
v 0.025108 -0.005504 0.037062
v 0.022377 -0.005664 0.037940
v 0.021001 -0.005408 0.038380
v 0.020991 -0.005663 0.038305
v 0.018862 -0.005662 0.038768
v 0.015253 -0.005408 0.039422
v 0.015198 -0.005660 0.039349
v 0.010849 -0.005659 0.039773
v 0.007872 -0.005410 0.040012
v 0.007875 -0.005659 0.039935
v 0.005842 -0.005660 0.039994
v 0.024982 -0.005005 0.036749
v 0.020896 -0.005005 0.038047
v 0.015182 -0.005005 0.039082
v 0.007842 -0.005006 0.039668
v 0.007862 -0.005146 0.039952
v 0.015233 -0.005144 0.039364
v 0.020976 -0.005143 0.038324
v 0.025083 -0.005094 0.037001
v 0.025116 -0.005235 0.037082
v 0.028410 -0.005218 0.033855
v 0.027694 -0.005178 0.035252
v 0.027702 -0.005359 0.035305
v 0.027341 -0.005684 0.035650
v 0.026530 -0.005363 0.036379
v 0.028793 -0.005699 0.032363
v 0.028791 -0.005354 0.032380
v 0.025620 -0.005669 0.036792
v 0.026517 -0.005179 0.036352
v 0.026461 -0.005061 0.036258
v 0.026395 -0.005020 0.036155
v 0.029049 -0.005367 0.029274
v 0.029068 -0.005700 0.029279
v 0.026492 -0.005675 0.036326
v 0.027532 -0.005018 0.035053
v 0.027623 -0.005057 0.035145
v 0.028703 -0.005019 0.029142
v 0.028502 -0.005016 0.032139
v 0.028837 -0.005059 0.029173
v 0.028627 -0.005052 0.032200
v 0.028939 -0.005130 0.029210
v 0.028715 -0.005118 0.032269
v 0.028421 -0.005697 0.033842
v 0.028420 -0.005352 0.033901
v 0.028768 -0.005219 0.032333
v 0.029009 -0.005233 0.029247
v 0.028185 -0.005016 0.033633
v 0.028298 -0.005052 0.033710
v 0.028373 -0.005118 0.033788
v 0.014362 -0.006481 -0.030656
v 0.014360 -0.007191 -0.032430
v 0.014363 -0.005924 -0.028768
v 0.014357 -0.008542 -0.035259
v 0.031012 -0.012467 -0.032953
v 0.031012 -0.010768 -0.030442
v 0.031012 -0.008965 -0.027034
v 0.031012 -0.007593 -0.023467
v 0.031012 -0.006814 -0.020539
v 0.018176 -0.018089 0.034292
v 0.025053 -0.043181 0.023053
v 0.027770 -0.030543 0.027450
v 0.025135 -0.030671 0.028099
v 0.026016 -0.018030 0.032407
v 0.025232 -0.018012 0.032712
v 0.021463 -0.049419 0.020565
v 0.028549 -0.043063 0.022515
v 0.028394 -0.036845 0.024919
v 0.018188 -0.055577 0.017590
v 0.028379 -0.055214 0.016942
v 0.028660 -0.049201 0.019888
v 0.008001 -0.055781 0.017955
v 0.007166 -0.043504 0.024339
v 0.007207 -0.030953 0.030053
v 0.007242 -0.018214 0.035261
v 0.014554 -0.018131 0.034762
v 0.014453 -0.030840 0.029629
v 0.021509 -0.043249 0.023456
v 0.021616 -0.030724 0.028762
v 0.021740 -0.018049 0.033634
v 0.014357 -0.043386 0.024028
v 0.014316 -0.049574 0.020999
v 0.028348 -0.030594 0.027017
v 0.028737 -0.018044 0.029787
v 0.027117 -0.017960 0.031992
v 0.027843 -0.017991 0.031413
v 0.028373 -0.018019 0.030652
v 0.029171 -0.018085 0.027908
v 0.029203 -0.030690 0.025447
v 0.029251 -0.036972 0.023817
v 0.029256 -0.043134 0.021836
v 0.029355 -0.049137 0.019283
v 0.029008 -0.049190 0.019694
v 0.029001 -0.055125 0.016783
v 0.028530 -0.055206 0.016928
v 0.028847 -0.030648 0.026411
v 0.028958 -0.043102 0.022220
v 0.028904 -0.036909 0.024429
v 0.031012 -0.030420 -0.040265
v 0.031012 -0.029074 -0.044456
v 0.031012 -0.022437 -0.041676
v 0.031012 -0.024728 -0.037916
v 0.031012 -0.018923 -0.039397
v 0.031012 -0.019701 -0.034359
v 0.031012 -0.015387 -0.036330
v 0.031012 -0.062869 0.006131
v 0.031012 -0.060408 0.002111
v 0.031012 -0.056299 0.006697
v 0.031012 -0.036492 -0.041289
v 0.031012 -0.034910 -0.045580
v 0.031012 -0.039507 0.013628
v 0.031012 -0.033360 0.013275
v 0.031012 -0.038980 -0.045708
v 0.031012 -0.051272 0.010254
v 0.031012 -0.057993 0.011026
v 0.031012 -0.060272 0.009007
v 0.031012 -0.048812 0.011455
v 0.031012 -0.045580 0.012604
v 0.031012 -0.015592 -0.029772
v 0.031012 -0.048555 -0.039224
v 0.031012 -0.050162 -0.043321
v 0.031012 -0.067998 -0.002997
v 0.031012 -0.063393 -0.003275
v 0.031012 -0.066577 0.000343
v 0.031012 -0.065097 0.003002
v 0.031012 -0.042640 -0.040936
v 0.031012 -0.043117 -0.045315
v 0.031012 -0.027444 0.011563
v 0.031012 -0.012606 -0.024386
v 0.031012 -0.069595 -0.009438
v 0.031012 -0.065105 -0.009191
v 0.031012 -0.059237 -0.037633
v 0.031012 -0.055556 -0.040464
v 0.031012 -0.053941 -0.036239
v 0.031012 -0.010894 -0.018471
v 0.031012 -0.069774 -0.016654
v 0.031012 -0.065458 -0.015338
v 0.031012 -0.022058 0.008577
v 0.031012 -0.017472 0.004468
v 0.031012 -0.068786 -0.021998
v 0.031012 -0.064434 -0.021411
v 0.031012 -0.010541 -0.012323
v 0.031012 -0.065526 -0.029823
v 0.031012 -0.062085 -0.027103
v 0.031012 -0.058528 -0.032130
v 0.031012 -0.061426 -0.035482
v 0.031012 -0.013915 -0.000559
v 0.031012 -0.011565 -0.006251
v 0.029430 -0.069484 -0.028162
v 0.029251 -0.069870 -0.027959
v 0.029251 -0.013255 -0.038387
v 0.029002 -0.013100 -0.038542
v 0.028697 -0.016678 -0.041854
v 0.028379 -0.012623 -0.038311
v 0.028697 -0.013007 -0.038635
v 0.028697 -0.025174 -0.046623
v 0.028379 -0.024432 -0.046366
v 0.028697 -0.020760 -0.044534
v 0.028379 -0.019688 -0.043963
v 0.028379 -0.015973 -0.041364
v 0.028379 -0.028978 -0.047908
v 0.028697 -0.029833 -0.048083
v 0.028379 -0.033340 -0.048782
v 0.028697 -0.034650 -0.048883
v 0.028379 -0.034647 -0.048931
v 0.028379 -0.037894 -0.049090
v 0.028697 -0.039531 -0.049009
v 0.028379 -0.039534 -0.049057
v 0.029251 -0.044314 -0.048116
v 0.029251 -0.039510 -0.048659
v 0.029430 -0.039495 -0.048393
v 0.029251 -0.034678 -0.048534
v 0.029430 -0.034700 -0.048268
v 0.029251 -0.029910 -0.047740
v 0.029430 -0.029969 -0.047480
v 0.029251 -0.025297 -0.046295
v 0.029430 -0.025392 -0.046045
v 0.029251 -0.020929 -0.044226
v 0.029430 -0.021058 -0.043993
v 0.029251 -0.016889 -0.041574
v 0.029430 -0.017049 -0.041361
v 0.029430 -0.013444 -0.038198
v 0.028379 -0.042450 -0.048809
v 0.028697 -0.044382 -0.048460
v 0.028379 -0.044393 -0.048507
v 0.029430 -0.044262 -0.047854
v 0.029251 -0.048995 -0.046912
v 0.028379 -0.046931 -0.047940
v 0.028697 -0.049111 -0.047243
v 0.028379 -0.049127 -0.047288
v 0.029430 -0.048907 -0.046659
v 0.029251 -0.053466 -0.045074
v 0.028379 -0.051263 -0.046501
v 0.028697 -0.053627 -0.045386
v 0.028379 -0.053649 -0.045429
v 0.029430 -0.053344 -0.044836
v 0.029251 -0.057639 -0.042634
v 0.028379 -0.055373 -0.044515
v 0.028697 -0.057841 -0.042920
v 0.028379 -0.057869 -0.042960
v 0.029430 -0.057485 -0.042415
v 0.029251 -0.061434 -0.039639
v 0.028379 -0.059190 -0.042012
v 0.028697 -0.061674 -0.039896
v 0.028379 -0.061707 -0.039931
v 0.029430 -0.061251 -0.039445
v 0.029251 -0.064780 -0.036151
v 0.028379 -0.062653 -0.039039
v 0.028697 -0.065053 -0.036372
v 0.028379 -0.065090 -0.036402
v 0.029430 -0.064572 -0.035984
v 0.029251 -0.067610 -0.032232
v 0.029430 -0.067215 -0.032356
v 0.029002 -0.016757 -0.041749
v 0.029002 -0.020823 -0.044419
v 0.029002 -0.025219 -0.046500
v 0.029002 -0.029861 -0.047955
v 0.029002 -0.034660 -0.048753
v 0.029002 -0.039523 -0.048878
v 0.029002 -0.044356 -0.048331
v 0.029002 -0.049067 -0.047119
v 0.029002 -0.053567 -0.045269
v 0.029002 -0.057765 -0.042813
v 0.029002 -0.061584 -0.039800
v 0.029002 -0.064951 -0.036289
v 0.029002 -0.067798 -0.032345
v 0.028697 -0.067910 -0.032412
v 0.028379 -0.070237 -0.028115
v 0.028379 -0.068120 -0.032159
v 0.028379 -0.065704 -0.035644
v 0.028697 -0.071856 -0.023506
v 0.028697 -0.070193 -0.028096
v 0.029002 -0.071729 -0.023472
v 0.029002 -0.070072 -0.028045
v 0.029251 -0.071517 -0.023415
v 0.029430 -0.071259 -0.023346
v 0.028379 -0.071903 -0.023519
v 0.028611 -0.057013 0.015801
v 0.028697 -0.072893 -0.018543
v 0.028379 -0.072919 -0.018714
v 0.028695 -0.073211 -0.013477
v 0.028379 -0.073258 -0.014147
v 0.028379 -0.073027 -0.009790
v 0.028692 -0.072795 -0.008416
v 0.028379 -0.072071 -0.004752
v 0.028688 -0.071661 -0.003486
v 0.028379 -0.069870 0.001254
v 0.028379 -0.070543 -0.000260
v 0.028684 -0.069831 0.001235
v 0.028379 -0.071580 -0.003076
v 0.028379 -0.068890 0.003171
v 0.028681 -0.067342 0.005644
v 0.028379 -0.064268 0.009690
v 0.028379 -0.065758 0.007912
v 0.028678 -0.064237 0.009663
v 0.028379 -0.067120 0.006051
v 0.028708 -0.060178 0.013468
v 0.028379 -0.062587 0.011442
v 0.028954 -0.057012 0.015619
v 0.029223 -0.057010 0.015353
v 0.029429 -0.057014 0.015033
v 0.029287 -0.059972 0.013138
v 0.029429 -0.059838 0.012985
v 0.029267 -0.063958 0.009412
v 0.029429 -0.062938 0.010147
v 0.029264 -0.067033 0.005437
v 0.029430 -0.065165 0.007590
v 0.029430 -0.071070 -0.003675
v 0.029259 -0.071315 -0.003596
v 0.029430 -0.070173 -0.001117
v 0.029262 -0.069500 0.001076
v 0.029430 -0.068796 0.001929
v 0.029430 -0.067123 0.004841
v 0.029256 -0.072440 -0.008475
v 0.029430 -0.072008 -0.007489
v 0.029430 -0.072593 -0.014034
v 0.029254 -0.072855 -0.013486
v 0.029430 -0.072457 -0.010755
v 0.029430 -0.072281 -0.018470
v 0.029253 -0.072542 -0.018501
v 0.028379 -0.057018 0.015832
v 0.028379 -0.060159 0.013546
v 0.029027 -0.060096 0.013342
v 0.029002 -0.064134 0.009569
v 0.029002 -0.067227 0.005566
v 0.029002 -0.069707 0.001175
v 0.029002 -0.071532 -0.003528
v 0.029002 -0.072662 -0.008438
v 0.029003 -0.073077 -0.013480
v 0.029003 -0.072762 -0.018527
v 0.021135 -0.027799 -0.048169
v 0.008675 -0.027634 -0.048727
v 0.008675 -0.033189 -0.049915
v 0.021135 -0.070883 -0.028040
v 0.021135 -0.068771 -0.032169
v 0.021135 -0.066145 -0.035990
v 0.021135 -0.063046 -0.039441
v 0.021135 -0.059528 -0.042462
v 0.021135 -0.055649 -0.045003
v 0.021135 -0.051474 -0.047022
v 0.021135 -0.042521 -0.049366
v 0.021135 -0.047073 -0.048484
v 0.021135 -0.037892 -0.049652
v 0.021135 -0.033266 -0.049338
v 0.008675 -0.073002 -0.023833
v 0.021255 -0.072353 -0.023647
v 0.008675 -0.071417 -0.028271
v 0.008675 -0.069271 -0.032467
v 0.008675 -0.066602 -0.036350
v 0.008675 -0.063453 -0.039857
v 0.008675 -0.059878 -0.042927
v 0.008675 -0.055936 -0.045509
v 0.008675 -0.051693 -0.047561
v 0.008675 -0.047221 -0.049047
v 0.008675 -0.042594 -0.049943
v 0.008675 -0.037891 -0.050234
v 0.021135 -0.012219 -0.038701
v 0.008675 -0.011800 -0.039105
v 0.021135 -0.023478 -0.046577
v 0.008675 -0.023242 -0.047109
v 0.008675 -0.019094 -0.044940
v 0.021135 -0.019396 -0.044443
v 0.008675 -0.015259 -0.042257
v 0.021135 -0.015623 -0.041803
v 0.008675 -0.074028 -0.019043
v 0.021135 -0.073452 -0.018959
v 0.021135 -0.059304 0.014967
v 0.021135 -0.062978 0.011845
v 0.021135 -0.066200 0.008258
v 0.021135 -0.071062 -0.000043
v 0.021135 -0.068911 0.004271
v 0.021135 -0.072614 -0.004608
v 0.021135 -0.073539 -0.009339
v 0.021135 -0.073820 -0.014152
v 0.008675 -0.059651 0.015435
v 0.008675 -0.063384 0.012262
v 0.008675 -0.066658 0.008617
v 0.008675 -0.069413 0.004565
v 0.008675 -0.071599 0.000181
v 0.008675 -0.073176 -0.004458
v 0.008675 -0.074116 -0.009266
v 0.008675 -0.074402 -0.014158
v 0.030216 -0.055404 0.014507
v 0.030216 -0.069395 -0.002864
v 0.030219 -0.070053 -0.022604
v 0.030216 -0.071255 -0.014027
v 0.030216 -0.071016 -0.017808
v 0.030216 -0.071061 -0.010243
v 0.030216 -0.070439 -0.006506
v 0.030216 -0.066104 0.003948
v 0.030216 -0.063899 0.007029
v 0.030216 -0.058515 0.012343
v 0.030216 -0.061359 0.009840
v 0.030216 -0.067944 0.000636
v 0.030221 -0.059964 -0.038789
v 0.030221 -0.043724 -0.046581
v 0.030221 -0.039192 -0.047056
v 0.030221 -0.034637 -0.046907
v 0.030221 -0.030146 -0.046136
v 0.030221 -0.025803 -0.044759
v 0.030221 -0.021688 -0.042801
v 0.030221 -0.017880 -0.040299
v 0.030221 -0.014450 -0.037299
v 0.030221 -0.011463 -0.033858
v 0.030221 -0.052382 -0.043806
v 0.030221 -0.048148 -0.045491
v 0.030221 -0.056345 -0.041558
v 0.030221 -0.063170 -0.035551
v 0.030221 -0.065904 -0.031905
v 0.030221 -0.068113 -0.027920
v 0.006064 0.000000 -0.026567
v 0.011823 0.000000 -0.024551
v 0.016990 0.000000 -0.021305
v 0.021305 0.000000 -0.016990
v 0.024551 0.000000 -0.011823
v 0.026567 0.000000 -0.006064
v 0.027250 0.000000 0.000000
v 0.026567 0.000000 0.006064
v 0.024551 0.000000 0.011823
v 0.021305 0.000000 0.016990
v 0.016990 0.000000 0.021305
v 0.011823 0.000000 0.024551
v 0.006064 0.000000 0.026567
v 0.006064 -0.002000 0.026567
v 0.011823 -0.002000 0.024551
v 0.016990 -0.002000 0.021305
v 0.021305 -0.002000 0.016990
v 0.024551 -0.002000 0.011823
v 0.026567 -0.002000 0.006064
v 0.027250 -0.002000 0.000000
v 0.026567 -0.002000 -0.006064
v 0.024551 -0.002000 -0.011823
v 0.021305 -0.002000 -0.016990
v 0.016990 -0.002000 -0.021305
v 0.011823 -0.002000 -0.024551
v 0.006064 -0.002000 -0.026567
v 0.030412 -0.051272 0.010254
v 0.030412 -0.056299 0.006697
v 0.030412 -0.060408 0.002111
v 0.030412 -0.063393 -0.003275
v 0.030412 -0.065105 -0.009191
v 0.030412 -0.065458 -0.015338
v 0.030412 -0.064434 -0.021411
v 0.030412 -0.062085 -0.027103
v 0.030412 -0.058528 -0.032130
v 0.030412 -0.053941 -0.036239
v 0.030412 -0.048555 -0.039224
v 0.030412 -0.042640 -0.040936
v 0.030412 -0.036492 -0.041289
v 0.030412 -0.030420 -0.040265
v 0.030412 -0.024728 -0.037916
v 0.030412 -0.019701 -0.034359
v 0.030412 -0.015592 -0.029772
v 0.030412 -0.012606 -0.024386
v 0.030412 -0.010894 -0.018471
v 0.030412 -0.010541 -0.012323
v 0.030412 -0.011565 -0.006251
v 0.030412 -0.013915 -0.000559
v 0.030412 -0.017472 0.004468
v 0.030412 -0.022058 0.008577
v 0.030412 -0.027444 0.011563
v 0.030412 -0.033360 0.013275
v 0.030412 -0.039507 0.013628
v 0.030412 -0.045580 0.012604
v 0.030412 -0.038000 -0.013831
vt 0.681076 0.677465
vt 0.678882 0.682328
vt 0.674442 0.667030
vt 0.711152 0.656024
vt 0.791105 0.188145
vt 0.743150 0.200316
vt 0.761609 0.208128
vt 0.803599 0.193702
vt 0.752566 0.179575
vt 0.725360 0.195386
vt 0.708333 0.193450
vt 0.712098 0.193621
vt 0.692177 0.194573
vt 0.716671 0.184940
vt 0.648966 0.216895
vt 0.662556 0.206246
vt 0.685147 0.204262
vt 0.676938 0.198818
vt 0.678682 0.198155
vt 0.614128 0.268405
vt 0.616233 0.258413
vt 0.619052 0.257731
vt 0.659575 0.236891
vt 0.624256 0.248106
vt 0.636113 0.230756
vt 0.641303 0.281494
vt 0.605833 0.291539
vt 0.599559 0.317165
vt 0.605170 0.293795
vt 0.595085 0.348234
vt 0.597403 0.329621
vt 0.631350 0.336075
vt 0.594257 0.358189
vt 0.593306 0.388421
vt 0.590061 0.367896
vt 0.630326 0.398052
vt 0.593937 0.410022
vt 0.590280 0.407793
vt 0.601876 0.476134
vt 0.598064 0.452631
vt 0.638377 0.464388
vt 0.603395 0.484033
vt 0.594581 0.420144
vt 0.618566 0.543252
vt 0.614998 0.547440
vt 0.613103 0.524744
vt 0.655158 0.531751
vt 0.604979 0.491675
vt 0.600504 0.492964
vt 0.643171 0.607976
vt 0.632681 0.595513
vt 0.635289 0.589661
vt 0.679837 0.596725
vt 0.623236 0.557521
vt 0.664359 0.649923
vt 0.658562 0.639330
vt 0.688132 0.595838
vt 0.649056 0.620577
vt 0.698913 0.702704
vt 0.747487 0.706693
vt 0.710764 0.717470
vt 0.703976 0.716158
vt 0.786978 0.746289
vt 0.737146 0.745355
vt 0.717650 0.725387
vt 0.757058 0.762253
vt 0.750270 0.756875
vt 0.766776 0.769286
vt 0.732813 0.746994
vt 0.777153 0.775938
vt 0.827639 0.773006
vt 0.796165 0.785840
vt 0.793610 0.788340
vt 0.836871 0.777155
vt 0.800224 0.787552
vt 0.594184 0.449498
vt 0.590526 0.450103
vt 0.586595 0.408359
vt 0.587305 0.348908
vt 0.588438 0.330280
vt 0.592035 0.330621
vt 0.583509 0.348040
vt 0.584697 0.328896
vt 0.579801 0.346970
vt 0.581701 0.326824
vt 0.579297 0.355305
vt 0.582546 0.367788
vt 0.578774 0.366797
vt 0.582751 0.408698
vt 0.578413 0.381400
vt 0.581480 0.443265
vt 0.579582 0.423487
vt 0.586618 0.450671
vt 0.583877 0.460948
vt 0.588611 0.450390
vt 0.578488 0.408788
vt 0.589321 0.472288
vt 0.585659 0.472622
vt 0.597304 0.493691
vt 0.586318 0.368164
vt 0.594388 0.494186
vt 0.592756 0.494381
vt 0.591586 0.494478
vt 0.587820 0.486043
vt 0.587137 0.493646
vt 0.589413 0.494547
vt 0.569440 0.329519
vt 0.569237 0.324410
vt 0.570679 0.324475
vt 0.571994 0.390096
vt 0.574860 0.324846
vt 0.576397 0.408822
vt 0.572771 0.324615
vt 0.574354 0.408994
vt 0.584761 0.493119
vt 0.582780 0.493101
vt 0.580711 0.493352
vt 0.577326 0.494038
vt 0.574630 0.442055
vt 0.549690 0.429718
vt 0.593328 0.502359
vt 0.606401 0.550176
vt 0.597635 0.528146
vt 0.649479 0.655813
vt 0.644895 0.647392
vt 0.646494 0.645745
vt 0.666343 0.683960
vt 0.633985 0.625782
vt 0.598276 0.686952
vt 0.620067 0.594221
vt 0.624483 0.599326
vt 0.796322 0.789345
vt 0.762683 0.771123
vt 0.654201 0.640921
vt 0.607904 0.561537
vt 0.596113 0.501988
vt 0.609056 0.549326
vt 0.703408 0.733357
vt 0.696347 0.725076
vt 0.697411 0.722638
vt 0.723133 0.754032
vt 0.684389 0.709905
vt 0.671741 0.688068
vt 0.699145 0.720076
vt 0.726909 0.754139
vt 0.743359 0.771725
vt 0.728345 0.751273
vt 0.757464 0.778780
vt 0.757027 0.781779
vt 0.745417 0.885341
vt 0.792019 0.795925
vt 0.791681 0.800618
vt 0.789096 0.796343
vt 0.789908 0.793082
vt 0.797467 0.906002
vt 0.784340 0.797438
vt 0.758592 0.775679
vt 0.763852 0.786244
vt 0.648744 0.643941
vt 0.673735 0.685845
vt 0.599016 0.501436
vt 0.626956 0.597983
vt 0.611866 0.548432
vt 0.629637 0.596737
vt 0.602209 0.500672
vt 0.791383 0.790466
vt 0.793576 0.792152
vt 0.760298 0.773176
vt 0.730275 0.748937
vt 0.701291 0.717957
vt 0.676069 0.683968
vt 0.651264 0.642363
vt 0.590638 0.589221
vt 0.601790 0.742212
vt 0.606319 0.770327
vt 0.613316 0.789697
vt 0.610466 0.783562
vt 0.695737 0.859753
vt 0.656324 0.833403
vt 0.618237 0.797577
vt 0.625508 0.806213
vt 0.627671 0.808428
vt 0.599927 0.291810
vt 0.603164 0.291680
vt 0.590894 0.286073
vt 0.599452 0.262677
vt 0.607428 0.255946
vt 0.594087 0.289820
vt 0.604214 0.252453
vt 0.609822 0.242150
vt 0.584338 0.312008
vt 0.596955 0.291200
vt 0.630923 0.231438
vt 0.613052 0.258425
vt 0.610170 0.257618
vt 0.627794 0.230533
vt 0.624769 0.228375
vt 0.624011 0.227561
vt 0.575952 0.202563
vt 0.621930 0.224563
vt 0.715047 0.193066
vt 0.697783 0.190995
vt 0.695428 0.186735
vt 0.712872 0.188872
vt 0.637751 0.214349
vt 0.640997 0.216800
vt 0.634976 0.210333
vt 0.681417 0.192021
vt 0.678917 0.187742
vt 0.665988 0.196228
vt 0.663371 0.191977
vt 0.651457 0.203661
vt 0.648751 0.199498
vt 0.735631 0.200492
vt 0.717692 0.195496
vt 0.733148 0.198141
vt 0.700564 0.193492
vt 0.684325 0.194561
vt 0.669018 0.198776
vt 0.654600 0.206180
vt 0.757417 0.209023
vt 0.738886 0.201189
vt 0.721049 0.196243
vt 0.704003 0.194289
vt 0.687844 0.195399
vt 0.644730 0.217659
vt 0.658270 0.207045
vt 0.672617 0.199635
vt 0.751970 0.206108
vt 0.731204 0.194056
vt 0.750297 0.202159
vt 0.754274 0.208373
vt 0.565970 0.245692
vt 0.548466 0.232155
vt 0.563506 0.200870
vt 0.570605 0.201101
vt 0.551443 0.279934
vt 0.568073 0.293032
vt 0.567163 0.270646
vt 0.541585 0.195423
vt 0.546094 0.345098
vt 0.559780 0.338846
vt 0.555260 0.386564
vt 0.538310 0.383089
vt 0.571505 0.162121
vt 0.573085 0.171768
vt 0.570352 0.168762
vt 0.567319 0.143349
vt 0.563887 0.168444
vt 0.560282 0.168948
vt 0.567368 0.168342
vt 0.561822 0.125760
vt 0.561307 0.130472
vt 0.526728 0.067212
vt 0.548190 0.096363
vt 0.545761 0.095805
vt 0.524248 0.066561
vt 0.558282 0.130275
vt 0.542765 0.095771
vt 0.554836 0.130784
vt 0.551392 0.131801
vt 0.539454 0.096583
vt 0.536227 0.097994
vt 0.521291 0.066672
vt 0.518114 0.067732
vt 0.502100 0.107243
vt 0.515086 0.069434
vt 0.589154 0.589010
vt 0.593738 0.685728
vt 0.591607 0.685776
vt 0.587579 0.589011
vt 0.595935 0.686105
vt 0.585590 0.589272
vt 0.579011 0.526792
vt 0.586886 0.686833
vt 0.586061 0.669451
vt 0.581400 0.574174
vt 0.563028 0.525275
vt 0.572688 0.479212
vt 0.540709 0.475957
vt 0.254826 0.690923
vt 0.256031 0.736561
vt 0.220959 0.732062
vt 0.216483 0.694091
vt 0.431898 0.584349
vt 0.426507 0.609693
vt 0.409267 0.607503
vt 0.514109 0.454960
vt 0.528887 0.415790
vt 0.499373 0.486286
vt 0.487225 0.423020
vt 0.500887 0.519939
vt 0.482675 0.516075
vt 0.457779 0.485613
vt 0.493546 0.566836
vt 0.464073 0.544272
vt 0.420860 0.656616
vt 0.385348 0.628331
vt 0.362240 0.652812
vt 0.295034 0.679991
vt 0.358510 0.699779
vt 0.359999 0.734260
vt 0.346973 0.655145
vt 0.304416 0.737867
vt 0.187993 0.725233
vt 0.201021 0.730136
vt 0.150774 0.683268
vt 0.179021 0.690645
vt 0.151544 0.714966
vt 0.472370 0.716563
vt 0.478816 0.660782
vt 0.553844 0.571729
vt 0.536170 0.665362
vt 0.552367 0.696841
vt 0.620475 0.814589
vt 0.616686 0.810716
vt 0.621882 0.814598
vt 0.639704 0.831900
vt 0.624314 0.814086
vt 0.651761 0.839686
vt 0.649442 0.839572
vt 0.664286 0.850260
vt 0.553916 0.836371
vt 0.654341 0.838456
vt 0.691570 0.866250
vt 0.719249 0.882291
vt 0.689588 0.866262
vt 0.694107 0.865008
vt 0.741671 0.892003
vt 0.739320 0.891807
vt 0.627386 0.875555
vt 0.752946 0.897736
vt 0.744134 0.890726
vt 0.794005 0.912749
vt 0.791686 0.912471
vt 0.627192 0.810252
vt 0.656011 0.835334
vt 0.695575 0.861762
vt 0.745395 0.887397
vt 0.797527 0.908067
vt 0.796398 0.911433
vt 0.625802 0.812920
vt 0.599991 0.770157
vt 0.606043 0.787105
vt 0.604346 0.788141
vt 0.598711 0.770981
vt 0.604032 0.793720
vt 0.612984 0.802965
vt 0.610348 0.803318
vt 0.614753 0.802215
vt 0.616179 0.801049
vt 0.616967 0.800006
vt 0.591901 0.719473
vt 0.593396 0.718923
vt 0.595359 0.753563
vt 0.592154 0.754309
vt 0.596736 0.752763
vt 0.588718 0.720380
vt 0.608539 0.784984
vt 0.607590 0.785819
vt 0.597441 0.718086
vt 0.600358 0.750867
vt 0.596158 0.718141
vt 0.599182 0.751271
vt 0.594814 0.718446
vt 0.597994 0.751948
vt 0.595501 0.771271
vt 0.601142 0.769268
vt 0.603308 0.767846
vt 0.602224 0.768454
vt 0.651498 0.146143
vt 0.644359 0.130635
vt 0.737653 0.176449
vt 0.657375 0.163312
vt 0.631088 0.106712
vt 0.637948 0.097383
vt 0.722201 0.149114
vt 0.486088 0.087359
vt 0.499898 0.077646
vt 0.519535 0.136016
vt 0.533312 0.167961
vt 0.282678 0.765068
vt 0.374394 0.770787
vt 0.391878 0.785019
vt 0.306811 0.778804
vt 0.499500 0.795178
vt 0.505239 0.800496
vt 0.416054 0.801481
vt 0.253981 0.765009
vt 0.259115 0.749856
vt 0.314347 0.759064
vt 0.224211 0.758997
vt 0.156359 0.724535
vt 0.205520 0.738386
vt 0.345198 0.810924
vt 0.291997 0.789567
vt 0.402793 0.825810
vt 0.450062 0.844864
vt 0.554745 0.870853
vt 0.512782 0.853171
vt 0.682285 0.900431
vt 0.578482 0.851008
vt 0.464538 0.829700
vt 0.529477 0.819791
vt 0.354950 0.803766
vt 0.301900 0.788528
vt 0.369755 0.764810
vt 0.310057 0.752751
vt 0.365560 0.757245
vt 0.492297 0.787595
vt 0.486703 0.779530
vt 0.482426 0.770060
vt 0.475079 0.738884
vt 0.362348 0.746276
vt 0.306875 0.745601
vt 0.253340 0.741108
vt 0.203122 0.735430
vt 0.152693 0.721021
vt 0.155362 0.723977
vt 0.479289 0.759935
vt 0.255825 0.745803
vt 0.328646 0.071727
vt 0.338573 0.026149
vt 0.396115 0.032276
vt 0.377905 0.076924
vt 0.427244 0.043597
vt 0.422503 0.096387
vt 0.459153 0.062834
vt 0.072188 0.628016
vt 0.053363 0.602546
vt 0.091382 0.581087
vt 0.126278 0.616261
vt 0.094110 0.650127
vt 0.277243 0.080792
vt 0.289096 0.033748
vt 0.269377 0.641934
vt 0.322106 0.621604
vt 0.255125 0.045388
vt 0.168966 0.638928
vt 0.113354 0.664556
vt 0.189902 0.644601
vt 0.217454 0.647721
vt 0.460072 0.129385
vt 0.028654 0.550526
vt 0.065828 0.535315
vt 0.040803 0.579942
vt 0.221007 0.062223
vt 0.226224 0.103431
vt 0.372874 0.587567
vt 0.488530 0.174438
vt 0.178018 0.138354
vt 0.163798 0.103462
vt 0.014549 0.491145
vt 0.050692 0.481282
vt 0.091701 0.186099
vt 0.120722 0.147611
vt 0.134854 0.183755
vt 0.506229 0.229354
vt 0.011723 0.420750
vt 0.046552 0.421624
vt 0.418943 0.541449
vt 0.018563 0.365762
vt 0.053502 0.359164
vt 0.512080 0.291322
vt 0.074605 0.213432
vt 0.098692 0.237416
vt 0.505653 0.357060
vt 0.071159 0.296803
vt 0.042995 0.280319
vt 0.488849 0.041256
vt 0.491828 0.040038
vt 0.494663 0.039834
vt 0.461388 0.019650
vt 0.469849 0.023299
vt 0.500309 0.042893
vt 0.386611 0.000000
vt 0.401480 0.001833
vt 0.425120 0.006323
vt 0.384201 0.000338
vt 0.436710 0.009562
vt 0.422561 0.006642
vt 0.354582 0.000742
vt 0.364766 0.000155
vt 0.346626 0.000699
vt 0.348842 0.001267
vt 0.344368 0.001028
vt 0.388884 0.000566
vt 0.451892 0.020161
vt 0.319083 0.006166
vt 0.303827 0.008603
vt 0.305937 0.008307
vt 0.281007 0.017663
vt 0.308102 0.008883
vt 0.263338 0.022836
vt 0.265302 0.022591
vt 0.267416 0.023180
vt 0.329631 0.035870
vt 0.222357 0.044506
vt 0.261817 0.024107
vt 0.260803 0.026061
vt 0.221637 0.046299
vt 0.302058 0.009967
vt 0.300740 0.012039
vt 0.342348 0.002450
vt 0.340722 0.004593
vt 0.381928 0.001777
vt 0.379993 0.003940
vt 0.420039 0.008050
vt 0.417803 0.010178
vt 0.455928 0.021256
vt 0.453406 0.023294
vt 0.486060 0.043152
vt 0.243412 0.034776
vt 0.223637 0.043364
vt 0.225459 0.043190
vt 0.227526 0.043800
vt 0.291510 0.053072
vt 0.183946 0.072333
vt 0.184385 0.070744
vt 0.206888 0.057201
vt 0.185435 0.069765
vt 0.187124 0.069682
vt 0.189145 0.070318
vt 0.148370 0.103606
vt 0.148547 0.102257
vt 0.171987 0.084506
vt 0.219127 0.103110
vt 0.149385 0.101471
vt 0.150950 0.101497
vt 0.152929 0.102163
vt 0.115536 0.139555
vt 0.115474 0.138478
vt 0.139231 0.116223
vt 0.185959 0.135066
vt 0.116117 0.137911
vt 0.117567 0.138061
vt 0.119509 0.138762
vt 0.085994 0.179501
vt 0.085718 0.178722
vt 0.109121 0.151860
vt 0.155472 0.170965
vt 0.086186 0.178395
vt 0.087535 0.178680
vt 0.089443 0.179422
vt 0.060216 0.222708
vt 0.059755 0.222250
vt 0.082076 0.190819
vt 0.128112 0.210235
vt 0.060075 0.222182
vt 0.061338 0.222615
vt 0.063217 0.223399
vt 0.039931 0.265440
vt 0.038055 0.268323
vt 0.458686 0.019922
vt 0.038253 0.268528
vt 0.039446 0.269118
vt 0.020968 0.316128
vt 0.022749 0.312532
vt 0.024042 0.318242
vt 0.040018 0.273117
vt 0.022203 0.317362
vt 0.058490 0.232502
vt 0.104276 0.252266
vt 0.021066 0.316613
vt 0.008814 0.365606
vt 0.009909 0.366519
vt 0.008786 0.364835
vt 0.009604 0.364253
vt 0.011737 0.367451
vt 0.139497 0.716947
vt 0.002636 0.417626
vt 0.001559 0.416539
vt 0.004597 0.416944
vt 0.050112 0.436667
vt 0.057009 0.388049
vt 0.000000 0.466652
vt 0.001082 0.467916
vt 0.002770 0.462396
vt 0.005364 0.516396
vt 0.005425 0.504413
vt 0.004252 0.514952
vt 0.014013 0.551379
vt 0.014219 0.560303
vt 0.015383 0.561924
vt 0.027129 0.591734
vt 0.031024 0.603849
vt 0.032841 0.604969
vt 0.029785 0.602057
vt 0.018268 0.566610
vt 0.059787 0.574126
vt 0.041126 0.621452
vt 0.050710 0.639292
vt 0.052044 0.641243
vt 0.067490 0.660621
vt 0.078172 0.673439
vt 0.080014 0.674594
vt 0.076723 0.671346
vt 0.056038 0.645547
vt 0.112103 0.701206
vt 0.094153 0.687871
vt 0.110512 0.698869
vt 0.137055 0.714176
vt 0.135115 0.710745
vt 0.133557 0.706952
vt 0.141257 0.695291
vt 0.109661 0.695782
vt 0.109727 0.693508
vt 0.076262 0.668597
vt 0.083628 0.672896
vt 0.050416 0.636780
vt 0.064886 0.653003
vt 0.014905 0.556431
vt 0.023009 0.557802
vt 0.022596 0.579367
vt 0.014152 0.558338
vt 0.029623 0.599809
vt 0.034287 0.605975
vt 0.048408 0.630610
vt 0.069561 0.641926
vt 0.004246 0.513282
vt 0.006674 0.521325
vt 0.000021 0.465281
vt 0.000777 0.458705
vt 0.002477 0.490447
vt 0.008227 0.489460
vt 0.002422 0.414533
vt 0.001575 0.415469
vt 0.141091 0.717905
vt 0.114586 0.702833
vt 0.414616 0.018384
vt 0.498032 0.053063
vt 0.368254 0.024352
vt 0.451009 0.058870
vt 0.535866 0.055009
vt 0.068508 0.342022
vt 0.084310 0.296417
vt 0.254487 0.075622
vt 0.136611 0.423744
vt 0.148015 0.377147
vt 0.163885 0.331340
vt 0.183985 0.287013
vt 0.208019 0.244835
vt 0.235637 0.205450
vt 0.266440 0.169468
vt 0.299978 0.137464
vt 0.335757 0.109963
vt 0.373241 0.087437
vt 0.411859 0.070293
vt 0.552332 0.061854
vt 0.521358 0.041995
vt 0.572211 0.063094
vt 0.487679 0.028047
vt 0.606441 0.077270
vt 0.193127 0.447886
vt 0.129684 0.472278
vt 0.186778 0.496146
vt 0.172345 0.734228
vt 0.141385 0.712212
vt 0.114271 0.684609
vt 0.073176 0.614918
vt 0.091422 0.651970
vt 0.051430 0.530316
vt 0.048200 0.484239
vt 0.254735 0.772209
vt 0.223245 0.749914
vt 0.195639 0.722016
vt 0.172344 0.689073
vt 0.153703 0.651710
vt 0.139978 0.610610
vt 0.131348 0.566497
vt 0.127910 0.520127
vt 0.005963 0.452854
vt 0.007140 0.415212
vt 0.013861 0.365761
vt 0.013924 0.524586
vt 0.035398 0.588692
vt 0.050970 0.616857
vt 0.114963 0.681432
vt 0.090972 0.663553
vt 0.221041 0.054389
vt 0.258348 0.035511
vt 0.296333 0.022512
vt 0.334316 0.015702
vt 0.371602 0.015287
vt 0.407487 0.021361
vt 0.441275 0.033900
vt 0.472292 0.052755
vt 0.151030 0.108103
vt 0.185063 0.078747
vt 0.119512 0.141905
vt 0.091034 0.179541
vt 0.066065 0.220344
vt 0.045013 0.263610
vt 0.028228 0.308599
vt 0.804309 0.206152
vt 0.765581 0.193686
vt 0.729097 0.195490
vt 0.696727 0.211746
vt 0.670202 0.241903
vt 0.651010 0.284649
vt 0.640286 0.337938
vt 0.638724 0.399062
vt 0.646507 0.464800
vt 0.663274 0.531606
vt 0.719711 0.654003
vt 0.756263 0.702992
vt 0.795777 0.740273
vt 0.836123 0.764031
vt 0.777405 0.745575
vt 0.817777 0.769261
vt 0.737880 0.708389
vt 0.701334 0.659511
vt 0.669775 0.601467
vt 0.644952 0.537360
vt 0.628232 0.470675
vt 0.620506 0.405047
vt 0.622131 0.344016
vt 0.632919 0.290799
vt 0.652177 0.248097
vt 0.678764 0.217957
vt 0.711190 0.201691
vt 0.747723 0.199850
vt 0.786487 0.212257
vt 0.801931 0.487171
vt 0.173168 0.640583
vt 0.130478 0.617920
vt 0.095577 0.582755
vt 0.070016 0.537000
vt 0.054870 0.482989
vt 0.050720 0.423358
vt 0.057659 0.360930
vt 0.075304 0.298603
vt 0.102825 0.239249
vt 0.138977 0.185622
vt 0.182131 0.140252
vt 0.230329 0.105358
vt 0.281342 0.082741
vt 0.332740 0.073693
vt 0.381997 0.078899
vt 0.426596 0.098364
vt 0.464167 0.131354
vt 0.492630 0.176393
vt 0.510337 0.231285
vt 0.516198 0.293224
vt 0.509783 0.358928
vt 0.491367 0.424850
vt 0.461935 0.487404
vt 0.423112 0.543205
vt 0.377055 0.589290
vt 0.326296 0.623299
vt 0.273574 0.643608
vt 0.221655 0.649382
vt 0.277502 0.359956
vt 0.694415 0.124692
vt 0.662846 0.104578
vt 0.628564 0.090363
vt 0.592179 0.082200
vt 0.554941 0.076250
vt 0.507273 0.085768
vt 0.468121 0.097009
vt 0.429512 0.113946
vt 0.392049 0.136243
vt 0.356303 0.163497
vt 0.322810 0.195241
vt 0.292064 0.230952
vt 0.264512 0.270062
vt 0.240556 0.311962
vt 0.220543 0.356014
vt 0.204766 0.401552
vt 0.185120 0.543735
vt 0.188673 0.589867
vt 0.197418 0.633767
vt 0.211252 0.674683
vt 0.229995 0.711893
vt 0.253383 0.744720
vt 0.281069 0.772539
vt 0.312627 0.794795
vt 0.908750 0.772506
vt 0.950434 0.757085
vt 0.914121 0.767347
vt 0.903304 0.775825
vt 0.816122 0.200544
vt 0.780627 0.218695
vt 0.799925 0.231912
vt 0.855163 0.230268
vt 0.814880 0.243900
vt 0.819212 0.247663
vt 0.838232 0.265795
vt 0.892248 0.271106
vt 0.890296 0.333078
vt 0.925800 0.321160
vt 0.874161 0.308640
vt 0.856677 0.286165
vt 0.854553 0.283660
vt 0.930039 0.417423
vt 0.954417 0.378208
vt 0.924160 0.402219
vt 0.921672 0.402969
vt 0.918103 0.387767
vt 0.904718 0.359301
vt 0.940446 0.448092
vt 0.976909 0.439789
vt 0.941318 0.450943
vt 0.949135 0.479300
vt 0.956643 0.514224
vt 0.958473 0.524865
vt 0.992329 0.503284
vt 0.952495 0.493636
vt 0.956840 0.535140
vt 0.962542 0.555788
vt 1.000000 0.565995
vt 0.961054 0.574765
vt 0.964208 0.576736
vt 0.963628 0.635798
vt 0.963020 0.642388
vt 0.999544 0.625230
vt 0.964771 0.615618
vt 0.964659 0.586255
vt 0.954848 0.688811
vt 0.990894 0.678388
vt 0.958095 0.674866
vt 0.950723 0.692484
vt 0.962327 0.648675
vt 0.958775 0.650203
vt 0.938141 0.733373
vt 0.974320 0.723051
vt 0.943771 0.721461
vt 0.938884 0.726035
vt 0.951901 0.699209
vt 0.922115 0.758282
vt 0.926611 0.752330
vt 0.966206 0.715303
vt 0.933809 0.741219
vt 0.893909 0.783604
vt 0.920189 0.778749
vt 0.882175 0.789797
vt 0.883750 0.788992
vt 0.884867 0.786800
vt 0.860351 0.795992
vt 0.877745 0.791462
vt 0.842001 0.797058
vt 0.832836 0.796324
vt 0.848323 0.797086
vt 0.856656 0.797832
vt 0.822897 0.794645
vt 0.846039 0.780594
vt 0.798821 0.790467
vt 0.804274 0.789153
vt 0.962191 0.613136
vt 0.958857 0.575883
vt 0.960406 0.614458
vt 0.951699 0.515981
vt 0.948446 0.495068
vt 0.947271 0.495777
vt 0.951474 0.516705
vt 0.947614 0.496260
vt 0.949352 0.496407
vt 0.952757 0.517890
vt 0.953605 0.526389
vt 0.954512 0.537911
vt 0.954154 0.537060
vt 0.955402 0.552294
vt 0.957466 0.577217
vt 0.958910 0.611125
vt 0.959952 0.627319
vt 0.959506 0.616240
vt 0.957668 0.592653
vt 0.959848 0.615287
vt 0.956842 0.578835
vt 0.959154 0.635428
vt 0.960328 0.637793
vt 0.957387 0.651617
vt 0.954918 0.536135
vt 0.957113 0.653179
vt 0.957445 0.654188
vt 0.957934 0.654980
vt 0.961363 0.657540
vt 0.960110 0.649507
vt 0.959498 0.656633
vt 0.953192 0.506075
vt 0.954582 0.562900
vt 0.953219 0.500777
vt 0.953103 0.501291
vt 0.953053 0.499228
vt 0.953258 0.500016
vt 0.956466 0.579587
vt 0.955784 0.580312
vt 0.962273 0.658425
vt 0.961984 0.659102
vt 0.961009 0.659770
vt 0.958733 0.660824
vt 0.956377 0.611735
vt 0.942570 0.604416
vt 0.957107 0.661368
vt 0.955223 0.683234
vt 0.949706 0.698180
vt 0.918997 0.768648
vt 0.905585 0.783396
vt 0.921325 0.761151
vt 0.922542 0.763889
vt 0.930778 0.751034
vt 0.937611 0.732473
vt 0.940799 0.730750
vt 0.971107 0.840255
vt 0.828916 0.798198
vt 0.922947 0.754082
vt 0.948968 0.708055
vt 0.948960 0.695961
vt 0.956294 0.659505
vt 0.874336 0.803561
vt 0.856838 0.808705
vt 0.879652 0.797707
vt 0.880459 0.800839
vt 0.901250 0.783398
vt 0.890653 0.795088
vt 0.853562 0.805955
vt 0.879573 0.794483
vt 0.838310 0.810422
vt 0.825201 0.806373
vt 0.853738 0.802636
vt 0.848703 0.925745
vt 0.825460 0.809624
vt 0.795184 0.795231
vt 0.794426 0.798511
vt 0.798983 0.803386
vt 0.825654 0.803032
vt 0.818944 0.808647
vt 0.920845 0.758308
vt 0.900963 0.780326
vt 0.956574 0.657899
vt 0.936978 0.729916
vt 0.937394 0.727811
vt 0.949293 0.694099
vt 0.957966 0.656456
vt 0.796621 0.792601
vt 0.826869 0.800359
vt 0.854750 0.799981
vt 0.880398 0.791896
vt 0.901634 0.777850
vt 0.921375 0.755996
vt 0.967516 0.749247
vt 0.973531 0.892223
vt 0.972188 0.916600
vt 0.969659 0.926576
vt 0.967611 0.930507
vt 0.895564 0.938098
vt 0.931178 0.941593
vt 0.963785 0.934619
vt 0.957799 0.937726
vt 0.955977 0.938300
vt 0.937747 0.448153
vt 0.935763 0.448790
vt 0.936373 0.447634
vt 0.934932 0.449106
vt 0.918580 0.403131
vt 0.925739 0.416534
vt 0.913599 0.386491
vt 0.920090 0.401961
vt 0.945313 0.479332
vt 0.934842 0.449102
vt 0.900522 0.360337
vt 0.919635 0.403456
vt 0.899094 0.360223
vt 0.918624 0.403509
vt 0.898791 0.359394
vt 0.898943 0.359033
vt 0.900001 0.357615
vt 0.941869 0.377648
vt 0.791074 0.230280
vt 0.790059 0.226687
vt 0.810205 0.242861
vt 0.810842 0.246230
vt 0.884562 0.333930
vt 0.883937 0.332771
vt 0.884821 0.330610
vt 0.830111 0.261478
vt 0.830362 0.264595
vt 0.849436 0.282405
vt 0.849299 0.285239
vt 0.867806 0.305500
vt 0.867288 0.308015
vt 0.773478 0.219032
vt 0.771362 0.216867
vt 0.792979 0.232335
vt 0.812507 0.248163
vt 0.831776 0.266383
vt 0.850458 0.286849
vt 0.868181 0.309415
vt 0.776510 0.219625
vt 0.795890 0.232872
vt 0.815272 0.248646
vt 0.834387 0.266798
vt 0.886685 0.334046
vt 0.870476 0.309643
vt 0.852916 0.287178
vt 0.769997 0.213083
vt 0.949443 0.426579
vt 0.945164 0.380263
vt 0.945446 0.383392
vt 0.949131 0.421450
vt 0.952128 0.471676
vt 0.952821 0.466939
vt 0.951078 0.450418
vt 0.941752 0.386371
vt 0.948556 0.528769
vt 0.951778 0.518434
vt 0.941461 0.564714
vt 0.948034 0.563746
vt 0.936875 0.338925
vt 0.932472 0.320913
vt 0.940057 0.347288
vt 0.938569 0.348168
vt 0.941444 0.350612
vt 0.940819 0.352432
vt 0.941253 0.348832
vt 0.926784 0.304001
vt 0.930474 0.310507
vt 0.891219 0.247345
vt 0.914552 0.277065
vt 0.912873 0.275638
vt 0.892841 0.248692
vt 0.915536 0.278912
vt 0.931504 0.312221
vt 0.931486 0.314284
vt 0.915520 0.281213
vt 0.930641 0.316424
vt 0.914699 0.283647
vt 0.893832 0.250671
vt 0.893902 0.253196
vt 0.893236 0.255894
vt 0.901318 0.301618
vt 0.967788 0.749759
vt 0.967505 0.750273
vt 0.972939 0.842489
vt 0.973470 0.841835
vt 0.972896 0.841100
vt 0.966486 0.750886
vt 0.960383 0.691833
vt 0.968260 0.827282
vt 0.969257 0.843811
vt 0.962904 0.736766
vt 0.948054 0.691603
vt 0.955377 0.647252
vt 0.933949 0.648032
vt 0.665850 0.851846
vt 0.627889 0.854157
vt 0.612315 0.882415
vt 0.647122 0.887288
vt 0.839445 0.753861
vt 0.817430 0.775432
vt 0.831129 0.776440
vt 0.918675 0.632522
vt 0.932663 0.595599
vt 0.891596 0.601636
vt 0.904605 0.661995
vt 0.901649 0.691856
vt 0.863472 0.660540
vt 0.888570 0.689970
vt 0.870626 0.716400
vt 0.891118 0.734600
vt 0.794097 0.794772
vt 0.819414 0.818142
vt 0.769813 0.816876
vt 0.705513 0.842192
vt 0.750578 0.887064
vt 0.756220 0.857224
vt 0.756547 0.819537
vt 0.695398 0.889476
vt 0.579496 0.875336
vt 0.591117 0.879704
vt 0.562521 0.842656
vt 0.542742 0.864758
vt 0.590674 0.850192
vt 0.860193 0.871626
vt 0.870249 0.820479
vt 0.939790 0.735707
vt 0.921840 0.823730
vt 0.936427 0.853202
vt 0.951365 0.945058
vt 0.934891 0.947880
vt 0.952989 0.945178
vt 0.954540 0.944046
vt 0.928794 0.948413
vt 0.955493 0.944764
vt 0.926360 0.948223
vt 0.794440 0.929578
vt 0.913154 0.947731
vt 0.892829 0.944921
vt 0.931016 0.947131
vt 0.890136 0.944633
vt 0.862418 0.938147
vt 0.845549 0.932516
vt 0.895074 0.943630
vt 0.723241 0.912554
vt 0.843243 0.932326
vt 0.830039 0.927787
vt 0.847865 0.931215
vt 0.956529 0.940437
vt 0.931585 0.943726
vt 0.895838 0.940219
vt 0.848845 0.927834
vt 0.956522 0.943500
vt 0.974196 0.919639
vt 0.973069 0.920453
vt 0.969434 0.933137
vt 0.970990 0.932134
vt 0.964454 0.936570
vt 0.959657 0.941412
vt 0.962759 0.941312
vt 0.964982 0.939170
vt 0.964330 0.940556
vt 0.964879 0.937841
vt 0.973864 0.874626
vt 0.974810 0.873916
vt 0.974383 0.905763
vt 0.975430 0.904903
vt 0.971261 0.906433
vt 0.970986 0.875537
vt 0.971297 0.929304
vt 0.971576 0.930564
vt 0.974776 0.871554
vt 0.975262 0.872297
vt 0.975482 0.901752
vt 0.975285 0.873112
vt 0.975977 0.902780
vt 0.975972 0.903871
vt 0.969923 0.920685
vt 0.974823 0.918612
vt 0.974474 0.916305
vt 0.974907 0.917465
vt 0.835949 0.236843
vt 0.828712 0.221604
vt 0.841933 0.253688
vt 0.815288 0.198062
vt 0.749203 0.152760
vt 0.885160 0.282338
vt 0.888498 0.268404
vt 0.919017 0.329381
vt 0.933142 0.360072
vt 0.615494 0.892510
vt 0.592553 0.888045
vt 0.725195 0.913659
vt 0.742589 0.913267
vt 0.843622 0.929500
vt 0.702750 0.911845
vt 0.839016 0.930637
vt 0.539268 0.873828
vt 0.638341 0.895388
vt 0.691187 0.904297
vt 0.466047 0.851069
vt 0.586469 0.884112
vt 0.533699 0.868630
vt 0.497998 0.862072
vt 0.398373 0.829998
vt 0.608383 0.889778
vt 0.771100 0.925510
vt 0.656250 0.903244
vt 0.817128 0.931548
vt 0.545697 0.876518
vt 0.492197 0.860979
vt 0.745556 0.910449
vt 0.747904 0.905733
vt 0.693606 0.900813
vt 0.850923 0.927819
vt 0.854864 0.923784
vt 0.857493 0.917429
vt 0.860301 0.891764
vt 0.749271 0.897059
vt 0.641870 0.890554
vt 0.694943 0.895721
vt 0.588669 0.883021
vt 0.538292 0.868380
vt 0.534713 0.868850
vt 0.859046 0.909618
vt 0.640444 0.893549
vt 0.728951 0.263951
vt 0.777865 0.269999
vt 0.795194 0.227870
vt 0.738056 0.220733
vt 0.826212 0.239355
vt 0.822360 0.289527
vt 0.858114 0.258389
vt 0.483552 0.788605
vt 0.501837 0.744282
vt 0.464414 0.763995
vt 0.505704 0.810067
vt 0.537087 0.778432
vt 0.689100 0.226861
vt 0.678107 0.271446
vt 0.731381 0.787195
vt 0.679471 0.805537
vt 0.655574 0.237195
vt 0.579841 0.800805
vt 0.525058 0.824158
vt 0.600709 0.806592
vt 0.628089 0.810074
vt 0.860081 0.321771
vt 0.438968 0.713967
vt 0.451546 0.742226
vt 0.475672 0.700195
vt 0.621976 0.252485
vt 0.627835 0.291899
vt 0.781097 0.755799
vt 0.888956 0.365267
vt 0.580532 0.324140
vt 0.565824 0.290547
vt 0.459713 0.648415
vt 0.423933 0.657103
vt 0.495528 0.367804
vt 0.538394 0.366501
vt 0.523742 0.331716
vt 0.907329 0.417890
vt 0.419927 0.589938
vt 0.454591 0.591471
vt 0.825947 0.712850
vt 0.460449 0.532064
vt 0.425801 0.537639
vt 0.914092 0.476946
vt 0.478984 0.393512
vt 0.503341 0.416906
vt 0.908774 0.539313
vt 0.476959 0.472963
vt 0.448665 0.456649
vt 0.864262 0.224614
vt 0.864530 0.227300
vt 0.863150 0.222537
vt 0.829886 0.202548
vt 0.864703 0.223553
vt 0.834239 0.204185
vt 0.755460 0.182183
vt 0.756998 0.184393
vt 0.793741 0.189044
vt 0.759880 0.181488
vt 0.801190 0.190356
vt 0.795130 0.191237
vt 0.715797 0.182007
vt 0.717490 0.184202
vt 0.721061 0.180213
vt 0.684440 0.184651
vt 0.675522 0.188427
vt 0.677366 0.190582
vt 0.673577 0.187024
vt 0.646802 0.194866
vt 0.635383 0.201242
vt 0.637376 0.203336
vt 0.633383 0.199866
vt 0.600220 0.224739
vt 0.601856 0.227547
vt 0.640447 0.209038
vt 0.639104 0.206072
vt 0.679884 0.196494
vt 0.678844 0.193414
vt 0.719449 0.190241
vt 0.718716 0.187094
vt 0.758395 0.190467
vt 0.757970 0.187301
vt 0.795978 0.197242
vt 0.795853 0.194115
vt 0.831459 0.210534
vt 0.831620 0.207498
vt 0.864104 0.230192
vt 0.609709 0.210472
vt 0.596112 0.220124
vt 0.598250 0.222136
vt 0.594057 0.218786
vt 0.562890 0.249032
vt 0.564806 0.251638
vt 0.573747 0.231195
vt 0.558413 0.244688
vt 0.560690 0.246595
vt 0.556308 0.243394
vt 0.527753 0.278424
vt 0.529931 0.280794
vt 0.539462 0.256632
vt 0.522932 0.274401
vt 0.525337 0.276185
vt 0.520777 0.273159
vt 0.495429 0.312387
vt 0.497846 0.314489
vt 0.507367 0.286350
vt 0.490291 0.308729
vt 0.492816 0.310373
vt 0.488091 0.307543
vt 0.466462 0.350277
vt 0.469092 0.352083
vt 0.477958 0.319883
vt 0.461040 0.347016
vt 0.463672 0.348509
vt 0.458799 0.345894
vt 0.441317 0.391392
vt 0.444131 0.392880
vt 0.451643 0.356666
vt 0.435653 0.388561
vt 0.438376 0.389889
vt 0.433376 0.387505
vt 0.420454 0.435034
vt 0.424627 0.433340
vt 0.831132 0.204696
vt 0.417388 0.433811
vt 0.414588 0.432656
vt 0.404208 0.480425
vt 0.408281 0.478033
vt 0.395845 0.477598
vt 0.398179 0.478511
vt 0.411051 0.434681
vt 0.428811 0.396133
vt 0.386714 0.525334
vt 0.389623 0.526132
vt 0.401042 0.479489
vt 0.392861 0.526775
vt 0.396031 0.527231
vt 0.384360 0.524495
vt 0.519924 0.862281
vt 0.380277 0.574114
vt 0.383226 0.574727
vt 0.336028 0.505587
vt 0.328151 0.551905
vt 0.378022 0.571759
vt 0.379497 0.622200
vt 0.382471 0.622631
vt 0.376913 0.615243
vt 0.384485 0.668648
vt 0.387472 0.668900
vt 0.380214 0.655514
vt 0.389495 0.700616
vt 0.395128 0.712358
vt 0.398111 0.712437
vt 0.403177 0.739460
vt 0.409067 0.752221
vt 0.411301 0.752708
vt 0.414261 0.752624
vt 0.393967 0.715267
vt 0.339400 0.685093
vt 0.417566 0.768131
vt 0.432750 0.788805
vt 0.435662 0.788573
vt 0.444395 0.806044
vt 0.457064 0.819616
vt 0.459192 0.820011
vt 0.462031 0.819646
vt 0.432773 0.791433
vt 0.493751 0.847273
vt 0.496391 0.846644
vt 0.471326 0.832549
vt 0.522027 0.861340
vt 0.523625 0.859400
vt 0.542686 0.849842
vt 0.524758 0.856803
vt 0.498950 0.845005
vt 0.500874 0.843564
vt 0.465059 0.818372
vt 0.474612 0.823438
vt 0.438822 0.787524
vt 0.455664 0.804119
vt 0.404403 0.711000
vt 0.401419 0.711909
vt 0.412424 0.733048
vt 0.422916 0.716599
vt 0.417513 0.751826
vt 0.424482 0.758673
vt 0.438921 0.782448
vt 0.470590 0.797689
vt 0.390801 0.668653
vt 0.395646 0.677307
vt 0.385794 0.622677
vt 0.390971 0.647724
vt 0.388767 0.617355
vt 0.407078 0.651103
vt 0.389692 0.575164
vt 0.386519 0.575070
vt 0.518432 0.862041
vt 0.491865 0.847193
vt 0.345381 0.460517
vt 0.360601 0.416579
vt 0.379987 0.374110
vt 0.403254 0.333753
vt 0.430062 0.296127
vt 0.460019 0.261819
vt 0.492687 0.231376
vt 0.564180 0.184037
vt 0.527583 0.205300
vt 0.601920 0.167975
vt 0.640213 0.157429
vt 0.686249 0.152380
vt 0.261626 0.425754
vt 0.250465 0.471673
vt 0.277254 0.380641
vt 0.297113 0.337015
vt 0.320910 0.295534
vt 0.348298 0.256834
vt 0.378881 0.221515
vt 0.412210 0.190142
vt 0.447795 0.163229
vt 0.485102 0.141240
vt 0.523561 0.124572
vt 0.562573 0.113554
vt 0.609460 0.108131
vt 0.723322 0.154684
vt 0.823555 0.196583
vt 0.792579 0.176894
vt 0.647209 0.110297
vt 0.758970 0.162875
vt 0.683495 0.118510
vt 0.717695 0.132717
vt 0.243782 0.519528
vt 0.453349 0.841400
vt 0.422278 0.819725
vt 0.394962 0.792687
vt 0.353217 0.724740
vt 0.371826 0.760824
vt 0.330560 0.642581
vt 0.326801 0.597934
vt 0.370071 0.816094
vt 0.338534 0.793942
vt 0.310844 0.766281
vt 0.287429 0.733661
vt 0.268637 0.696703
vt 0.254733 0.656080
vt 0.245901 0.612508
vt 0.242243 0.566734
vt 0.404219 0.616118
vt 0.404766 0.580205
vt 0.410672 0.533135
vt 0.413328 0.684734
vt 0.451697 0.773446
vt 0.435749 0.746297
vt 0.516348 0.836166
vt 0.492223 0.818695
vt 0.611635 0.240141
vt 0.648384 0.222933
vt 0.685884 0.211361
vt 0.723464 0.205699
vt 0.760436 0.206127
vt 0.796103 0.212714
vt 0.829776 0.225417
vt 0.860786 0.244076
vt 0.542928 0.289921
vt 0.576281 0.262618
vt 0.512140 0.321533
vt 0.484431 0.356878
vt 0.460259 0.395331
vt 0.440023 0.436222
vt 0.424061 0.478848
vt 0.843371 0.232035
vt 0.880908 0.269895
vt 0.915181 0.317803
vt 0.944632 0.373440
vt 0.967932 0.434197
vt 0.984022 0.497271
vt 0.992142 0.559760
vt 0.991866 0.618762
vt 0.983121 0.671473
vt 0.941809 0.747988
vt 0.910995 0.767716
vt 0.875188 0.773249
vt 0.856882 0.778430
vt 0.892742 0.772873
vt 0.923616 0.753147
vt 0.948080 0.720491
vt 0.965062 0.676711
vt 0.973873 0.624071
vt 0.974211 0.565156
vt 0.966143 0.502767
vt 0.950096 0.439801
vt 0.926826 0.379156
vt 0.897393 0.323629
vt 0.863123 0.275827
vt 0.825574 0.238061
vt 0.576084 0.799324
vt 0.533330 0.776949
vt 0.498081 0.742789
vt 0.471922 0.698686
vt 0.455970 0.646885
vt 0.450855 0.589916
vt 0.456722 0.530481
vt 0.473243 0.471350
vt 0.499636 0.415261
vt 0.534699 0.364828
vt 0.576847 0.322439
vt 0.624159 0.290174
vt 0.674439 0.269701
vt 0.725289 0.262192
vt 0.774208 0.268234
vt 0.818705 0.287761
vt 0.856426 0.320013
vt 0.885298 0.363524
vt 0.903666 0.416169
vt 0.910421 0.475251
vt 0.905093 0.537649
vt 0.887905 0.600006
vt 0.859768 0.658943
vt 0.822231 0.711286
vt 0.777369 0.754263
vt 0.727642 0.785683
vt 0.675724 0.804043
vt 0.624336 0.808589
vt 0.675074 0.533971
vn -0.583273 0.031888 0.811650
vn -0.643757 0.034487 0.764452
vn -0.662967 0.005114 0.748632
vn -0.575227 0.128124 0.807898
vn -0.117078 0.014188 -0.993021
vn 0.000000 -0.004108 -0.999992
vn 0.000000 0.020764 -0.999784
vn -0.130328 0.023430 -0.991194
vn -0.117078 0.014188 -0.993021
vn -0.130328 0.023430 -0.991194
vn -0.181428 0.029138 -0.982973
vn -0.279534 0.025614 -0.959794
vn -0.279534 0.025614 -0.959794
vn -0.181428 0.029138 -0.982973
vn -0.252675 0.011741 -0.967480
vn -0.345446 0.026821 -0.938055
vn -0.381863 0.031378 -0.923686
vn -0.473680 0.023526 -0.880383
vn -0.279534 0.025614 -0.959794
vn -0.345446 0.026821 -0.938055
vn -0.617525 0.034295 -0.785803
vn -0.651966 0.025986 -0.757802
vn -0.473680 0.023526 -0.880383
vn -0.579210 0.033597 -0.814485
vn -0.579210 0.033597 -0.814485
vn -0.473680 0.023526 -0.880383
vn -0.494840 0.015706 -0.868842
vn -0.473680 0.023526 -0.880383
vn -0.381863 0.031378 -0.923686
vn -0.444272 0.014244 -0.895779
vn -0.494840 0.015706 -0.868842
vn -0.867664 0.033144 -0.496045
vn -0.798705 0.028278 -0.601057
vn -0.829919 0.013750 -0.557714
vn -0.824877 0.063406 -0.561746
vn -0.829919 0.013750 -0.557714
vn -0.798705 0.028278 -0.601057
vn -0.759468 0.035234 -0.649590
vn -0.824877 0.063406 -0.561746
vn -0.759468 0.035234 -0.649590
vn -0.798705 0.028278 -0.601057
vn -0.651966 0.025986 -0.757802
vn -0.737266 0.036019 -0.674642
vn -0.651966 0.025986 -0.757802
vn -0.617525 0.034295 -0.785803
vn -0.737266 0.036019 -0.674642
vn -0.798705 0.028278 -0.601057
vn -0.867664 0.033144 -0.496045
vn -0.885007 0.025385 -0.464885
vn -0.904665 0.029758 -0.425084
vn -0.904665 0.029758 -0.425084
vn -0.885007 0.025385 -0.464885
vn -0.928880 0.003124 -0.370368
vn -0.946782 0.032149 -0.320267
vn -0.974318 0.053889 -0.218632
vn -0.987735 0.023176 -0.154413
vn -0.975253 0.033337 -0.218562
vn -0.956275 0.042948 -0.289299
vn -0.956275 0.042948 -0.289299
vn -0.975253 0.033337 -0.218562
vn -0.904665 0.029758 -0.425084
vn -0.946782 0.032149 -0.320267
vn -0.987735 0.023176 -0.154413
vn -0.989771 0.085899 -0.113907
vn -0.995995 0.024324 -0.086035
vn -0.975253 0.033337 -0.218562
vn -0.995995 0.024324 -0.086035
vn -0.998945 0.031673 0.033256
vn -0.975253 0.033337 -0.218562
vn -0.995995 0.024324 -0.086035
vn -0.993287 0.114504 -0.016425
vn -0.999970 0.004056 -0.006621
vn -0.998945 0.031673 0.033256
vn -0.980085 0.004011 0.198537
vn -0.975762 0.009741 0.218617
vn -0.974063 0.028658 0.224456
vn -0.991514 0.027727 0.127007
vn -0.991514 0.027727 0.127007
vn -0.974063 0.028658 0.224456
vn -0.998945 0.031673 0.033256
vn -0.994544 0.025204 0.101227
vn -0.998945 0.031673 0.033256
vn -0.999970 0.004056 -0.006621
vn -0.994544 0.025204 0.101227
vn -0.906795 0.014719 0.421316
vn -0.903214 0.030656 0.428095
vn -0.940176 0.043681 0.337877
vn -0.894667 0.125616 0.428710
vn -0.940176 0.043681 0.337877
vn -0.903214 0.030656 0.428095
vn -0.974063 0.028658 0.224456
vn -0.947259 0.035790 0.318465
vn -0.947259 0.035790 0.318465
vn -0.974063 0.028658 0.224456
vn -0.975762 0.009741 0.218617
vn -0.935517 0.253506 0.246056
vn -0.778753 0.005751 0.627304
vn -0.806280 0.031509 0.590694
vn -0.847574 0.030115 0.529822
vn -0.805838 0.165838 0.568438
vn -0.847574 0.030115 0.529822
vn -0.806280 0.031509 0.590694
vn -0.903214 0.030656 0.428095
vn -0.859049 0.030943 0.510958
vn -0.859049 0.030943 0.510958
vn -0.903214 0.030656 0.428095
vn -0.906795 0.014719 0.421316
vn -0.894667 0.125616 0.428710
vn -0.678791 0.006826 0.734300
vn -0.662967 0.005114 0.748632
vn -0.643757 0.034487 0.764452
vn -0.720772 0.037336 0.692166
vn 0.000001 1.000000 0.000000
vn -0.000001 1.000000 0.000001
vn -0.000001 1.000000 0.000001
vn -0.806280 0.031509 0.590694
vn -0.778753 0.005751 0.627304
vn -0.758644 0.004721 0.651488
vn -0.720772 0.037336 0.692166
vn -0.583273 0.031888 0.811650
vn -0.575227 0.128124 0.807898
vn -0.544007 0.029370 0.838567
vn -0.643757 0.034487 0.764452
vn -0.643757 0.034487 0.764452
vn -0.544007 0.029370 0.838567
vn -0.464093 0.030659 0.885256
vn -0.544007 0.029370 0.838567
vn -0.477069 0.163828 0.863462
vn -0.440026 0.018750 0.897789
vn -0.464093 0.030659 0.885256
vn -0.272132 0.032724 0.961703
vn -0.464093 0.030659 0.885256
vn -0.349881 0.026506 0.936419
vn -0.464093 0.030659 0.885256
vn -0.440026 0.018750 0.897789
vn -0.396971 0.020076 0.917612
vn -0.349881 0.026506 0.936419
vn -0.225412 -0.000585 0.974263
vn -0.169887 0.030052 0.985005
vn -0.272132 0.032724 0.961703
vn -0.257063 0.002099 0.966392
vn -0.257063 0.002099 0.966392
vn -0.272132 0.032724 0.961703
vn -0.349881 0.026506 0.936419
vn -0.325526 0.023691 0.945236
vn -0.169887 0.030052 0.985005
vn -0.127477 0.026039 0.991500
vn -0.272132 0.032724 0.961703
vn -0.272132 0.032724 0.961703
vn -0.127477 0.026039 0.991500
vn -0.108247 0.022990 0.993858
vn -0.127477 0.026039 0.991500
vn -0.072927 0.142700 0.987076
vn -0.056666 0.006374 0.998373
vn -0.108247 0.022990 0.993858
vn -0.056666 0.006374 0.998373
vn 0.000000 0.009662 0.999953
vn 0.000000 0.001641 0.999999
vn -0.108247 0.022990 0.993858
vn -0.941283 0.313543 0.125207
vn -0.993287 0.114504 -0.016425
vn -0.855974 0.517013 -0.002450
vn -0.873984 0.475340 0.101013
vn -0.848660 0.499920 -0.172789
vn -0.881523 0.387554 -0.269665
vn -0.594695 0.778233 -0.201722
vn -0.975762 0.009741 0.218617
vn -0.980085 0.004011 0.198537
vn -0.935517 0.253506 0.246056
vn -0.974318 0.053889 -0.218632
vn -0.989771 0.085899 -0.113907
vn -0.987735 0.023176 -0.154413
vn -0.989771 0.085899 -0.113907
vn -0.993287 0.114504 -0.016425
vn -0.995995 0.024324 -0.086035
vn -0.993287 0.114504 -0.016425
vn -0.941283 0.313543 0.125207
vn -0.994544 0.025204 0.101227
vn -0.999970 0.004056 -0.006621
vn -0.441380 0.893734 -0.080150
vn -0.848660 0.499920 -0.172789
vn -0.594695 0.778233 -0.201722
vn -0.354383 0.928481 -0.111064
vn -0.354383 0.928481 -0.111064
vn -0.121637 0.992561 -0.005246
vn -0.261806 0.965025 -0.013618
vn -0.441380 0.893734 -0.080150
vn -0.261806 0.965025 -0.013618
vn -0.345894 0.938225 -0.009542
vn -0.441380 0.893734 -0.080150
vn -0.441380 0.893734 -0.080150
vn -0.345894 0.938225 -0.009542
vn -0.414906 0.909862 0.002102
vn -0.606555 0.793615 -0.047609
vn -0.606555 0.793615 -0.047609
vn -0.595251 0.803470 -0.010604
vn -0.725547 0.688171 0.001418
vn -0.855974 0.517013 -0.002450
vn -0.574819 0.818280 0.000097
vn -0.569455 0.821753 0.021030
vn -0.614507 0.788557 0.023654
vn -0.636923 0.770847 0.011117
vn -0.614507 0.788557 0.023654
vn -0.710929 0.701345 0.051926
vn -0.725547 0.688171 0.001418
vn -0.636923 0.770847 0.011117
vn -0.725547 0.688171 0.001418
vn -0.595251 0.803470 -0.010604
vn -0.703846 0.710298 0.008808
vn -0.636923 0.770847 0.011117
vn -0.614507 0.788557 0.023654
vn -0.569455 0.821753 0.021030
vn -0.448406 0.888862 0.094108
vn -0.710929 0.701345 0.051926
vn -0.569455 0.821753 0.021030
vn -0.294160 0.955511 0.021652
vn -0.448406 0.888862 0.094108
vn -0.873984 0.475340 0.101013
vn -0.728603 0.664123 0.167567
vn -0.935517 0.253506 0.246056
vn -0.941283 0.313543 0.125207
vn -0.941283 0.313543 0.125207
vn -0.935517 0.253506 0.246056
vn -0.980085 0.004011 0.198537
vn -0.991514 0.027727 0.127007
vn -0.989771 0.085899 -0.113907
vn -0.835680 0.544076 -0.074967
vn -0.855974 0.517013 -0.002450
vn -0.993287 0.114504 -0.016425
vn -0.941283 0.313543 0.125207
vn -0.991514 0.027727 0.127007
vn -0.994544 0.025204 0.101227
vn -0.595251 0.803470 -0.010604
vn -0.606555 0.793615 -0.047609
vn -0.414906 0.909862 0.002102
vn -0.606555 0.793615 -0.047609
vn -0.835680 0.544076 -0.074967
vn -0.848660 0.499920 -0.172789
vn -0.441380 0.893734 -0.080150
vn -0.710929 0.701345 0.051926
vn -0.448406 0.888862 0.094108
vn -0.483304 0.867661 0.116538
vn -0.728603 0.664123 0.167567
vn -0.448406 0.888862 0.094108
vn -0.301609 0.949989 0.080944
vn -0.483304 0.867661 0.116538
vn -0.301609 0.949989 0.080944
vn -0.448406 0.888862 0.094108
vn -0.294160 0.955511 0.021652
vn -0.202615 0.977793 0.053558
vn -0.294160 0.955511 0.021652
vn -0.203010 0.979175 0.001576
vn -0.063430 0.997986 -0.000349
vn -0.202615 0.977793 0.053558
vn -0.063430 0.997986 -0.000349
vn -0.203010 0.979175 0.001576
vn -0.035936 0.999345 0.004231
vn -0.202615 0.977793 0.053558
vn -0.956275 0.042948 -0.289299
vn -0.946782 0.032149 -0.320267
vn -0.881523 0.387554 -0.269665
vn -0.974318 0.053889 -0.218632
vn -0.881523 0.387554 -0.269665
vn -0.848660 0.499920 -0.172789
vn -0.989771 0.085899 -0.113907
vn -0.974318 0.053889 -0.218632
vn -0.848660 0.499920 -0.172789
vn -0.835680 0.544076 -0.074967
vn -0.989771 0.085899 -0.113907
vn -0.606555 0.793615 -0.047609
vn -0.855974 0.517013 -0.002450
vn -0.835680 0.544076 -0.074967
vn -0.725547 0.688171 0.001418
vn -0.710929 0.701345 0.051926
vn -0.873984 0.475340 0.101013
vn -0.855974 0.517013 -0.002450
vn -0.710929 0.701345 0.051926
vn -0.728603 0.664123 0.167567
vn -0.873984 0.475340 0.101013
vn -0.723324 0.685400 0.083843
vn -0.826169 0.560012 0.061895
vn -0.593113 0.804638 0.027828
vn -0.541509 0.840139 0.030564
vn -0.121637 0.992561 -0.005246
vn -0.218795 0.975768 0.002203
vn -0.261806 0.965025 -0.013618
vn -0.218795 0.975768 0.002203
vn -0.414906 0.909862 0.002102
vn -0.345894 0.938225 -0.009542
vn -0.261806 0.965025 -0.013618
vn -0.218795 0.975768 0.002203
vn -0.703846 0.710298 0.008808
vn -0.595251 0.803470 -0.010604
vn -0.414906 0.909862 0.002102
vn -0.218795 0.975768 0.002203
vn -0.623142 0.781805 0.021796
vn -0.772347 0.635026 0.014905
vn -0.703846 0.710298 0.008808
vn -0.623142 0.781805 0.021796
vn -0.916965 0.398071 0.026732
vn -0.772347 0.635026 0.014905
vn -0.916965 0.398071 0.026732
vn -0.623142 0.781805 0.021796
vn -0.593113 0.804638 0.027828
vn -0.826169 0.560012 0.061895
vn -0.203010 0.979175 0.001576
vn -0.294160 0.955511 0.021652
vn -0.569455 0.821753 0.021030
vn -0.497193 0.867640 -0.000000
vn -0.497193 0.867640 -0.000000
vn -0.569455 0.821753 0.021030
vn -0.574819 0.818280 0.000097
vn -0.842036 0.539410 0.003437
vn -0.842036 0.539410 0.003437
vn -0.574819 0.818280 0.000097
vn -0.636923 0.770847 0.011117
vn -0.703846 0.710298 0.008808
vn -0.703846 0.710298 0.008808
vn -0.772347 0.635026 0.014905
vn -0.953068 0.302635 0.008520
vn -0.842036 0.539410 0.003437
vn -0.772347 0.635026 0.014905
vn -0.973286 0.227278 0.032547
vn -0.953068 0.302635 0.008520
vn -0.973286 0.227278 0.032547
vn -0.772347 0.635026 0.014905
vn -0.916965 0.398071 0.026732
vn -0.944452 0.324604 0.051407
vn -0.944452 0.324604 0.051407
vn -0.916965 0.398071 0.026732
vn -0.826169 0.560012 0.061895
vn -0.937011 0.338403 0.086571
vn -0.173172 0.982735 0.065141
vn -0.035936 0.999345 0.004231
vn -0.026337 0.999650 0.002523
vn -0.038509 0.999082 0.018780
vn -0.001200 0.999998 0.001326
vn -0.003985 0.999982 0.004537
vn -0.046763 0.997928 0.044204
vn -0.001716 0.999997 0.001700
vn -0.005231 0.999977 0.004252
vn -0.031433 0.999265 0.021955
vn -0.005540 0.999979 0.003411
vn -0.004266 0.999991 0.000191
vn -0.072927 0.142700 0.987076
vn 0.000000 0.284368 0.958715
vn 0.000000 0.009662 0.999953
vn -0.056666 0.006374 0.998373
vn -0.127477 0.026039 0.991500
vn -0.169887 0.030052 0.985005
vn -0.140077 0.025101 0.989822
vn -0.072927 0.142700 0.987076
vn -0.257063 0.002099 0.966392
vn -0.325526 0.023691 0.945236
vn -0.140077 0.025101 0.989822
vn -0.225412 -0.000585 0.974263
vn -0.140077 0.025101 0.989822
vn -0.169887 0.030052 0.985005
vn -0.225412 -0.000585 0.974263
vn -0.396971 0.020076 0.917612
vn -0.477069 0.163828 0.863462
vn -0.325526 0.023691 0.945236
vn -0.349881 0.026506 0.936419
vn -0.575227 0.128124 0.807898
vn -0.477069 0.163828 0.863462
vn -0.544007 0.029370 0.838567
vn -0.477069 0.163828 0.863462
vn -0.396971 0.020076 0.917612
vn -0.440026 0.018750 0.897789
vn -0.720772 0.037336 0.692166
vn -0.758644 0.004721 0.651488
vn -0.717020 0.096645 0.690320
vn -0.678791 0.006826 0.734300
vn -0.717020 0.096645 0.690320
vn -0.575227 0.128124 0.807898
vn -0.662967 0.005114 0.748632
vn -0.678791 0.006826 0.734300
vn -0.758644 0.004721 0.651488
vn -0.778753 0.005751 0.627304
vn -0.805838 0.165838 0.568438
vn -0.717020 0.096645 0.690320
vn -0.859049 0.030943 0.510958
vn -0.894667 0.125616 0.428710
vn -0.805838 0.165838 0.568438
vn -0.847574 0.030115 0.529822
vn -0.008051 0.999958 0.004437
vn -0.038509 0.999082 0.018780
vn -0.026337 0.999650 0.002523
vn -0.004266 0.999991 0.000191
vn -0.038509 0.999082 0.018780
vn -0.433155 0.876067 0.211859
vn -0.455747 0.873171 0.172823
vn -0.173172 0.982735 0.065141
vn -0.000670 0.999999 0.001480
vn -0.002329 0.999983 0.005315
vn -0.093042 0.981339 0.168276
vn -0.001132 0.999997 0.002053
vn -0.093042 0.981339 0.168276
vn -0.153704 0.965596 0.209762
vn -0.001177 0.999998 0.001886
vn -0.001132 0.999997 0.002053
vn -0.093042 0.981339 0.168276
vn -0.002329 0.999983 0.005315
vn -0.067757 0.978799 0.193292
vn -0.212666 0.894545 0.393145
vn -0.002329 0.999983 0.005315
vn -0.001779 0.999975 0.006819
vn -0.067757 0.978799 0.193292
vn -0.067757 0.978799 0.193292
vn -0.001779 0.999975 0.006819
vn -0.008017 0.998824 0.047809
vn -0.148448 0.891659 0.427678
vn -0.001779 0.999975 0.006819
vn -0.000042 0.999983 0.005781
vn -0.000626 0.999992 0.003863
vn -0.008017 0.998824 0.047809
vn 0.000000 0.936302 0.351195
vn -0.047180 0.852263 0.520982
vn -0.003785 0.999042 0.043604
vn 0.000000 0.999987 0.005168
vn 0.000000 0.999987 0.005168
vn -0.003785 0.999042 0.043604
vn -0.000699 0.999972 0.007476
vn 0.000000 1.000000 0.000446
vn -0.003785 0.999042 0.043604
vn -0.079083 0.887748 0.453486
vn -0.008017 0.998824 0.047809
vn -0.000699 0.999972 0.007476
vn -0.008017 0.998824 0.047809
vn -0.000626 0.999992 0.003863
vn -0.000170 0.999999 0.001571
vn -0.000699 0.999972 0.007476
vn -0.322032 0.895355 0.307627
vn -0.153704 0.965596 0.209762
vn -0.301769 0.863009 0.405156
vn -0.301769 0.863009 0.405156
vn -0.153704 0.965596 0.209762
vn -0.093042 0.981339 0.168276
vn -0.212666 0.894545 0.393145
vn -0.067757 0.978799 0.193292
vn -0.148448 0.891659 0.427678
vn -0.212666 0.894545 0.393145
vn -0.008017 0.998824 0.047809
vn -0.079083 0.887748 0.453486
vn -0.148448 0.891659 0.427678
vn -0.003785 0.999042 0.043604
vn -0.047180 0.852263 0.520982
vn -0.079083 0.887748 0.453486
vn -0.202615 0.977793 0.053558
vn -0.035936 0.999345 0.004231
vn -0.173172 0.982735 0.065141
vn -0.301609 0.949989 0.080944
vn -0.301609 0.949989 0.080944
vn -0.173172 0.982735 0.065141
vn -0.455747 0.873171 0.172823
vn -0.483304 0.867661 0.116538
vn -0.455747 0.873171 0.172823
vn -0.689835 0.676084 0.258917
vn -0.728603 0.664123 0.167567
vn -0.483304 0.867661 0.116538
vn -0.001716 0.999997 0.001700
vn -0.046763 0.997928 0.044204
vn -0.005231 0.999977 0.004252
vn -0.004266 0.999991 0.000191
vn -0.046763 0.997928 0.044204
vn -0.031433 0.999265 0.021955
vn -0.005231 0.999977 0.004252
vn -0.046763 0.997928 0.044204
vn -0.322032 0.895355 0.307627
vn -0.395122 0.876173 0.276042
vn -0.031433 0.999265 0.021955
vn -0.031433 0.999265 0.021955
vn -0.395122 0.876173 0.276042
vn -0.433155 0.876067 0.211859
vn -0.038509 0.999082 0.018780
vn -0.395122 0.876173 0.276042
vn -0.630132 0.639638 0.440224
vn -0.744705 0.563321 0.357888
vn -0.433155 0.876067 0.211859
vn -0.433155 0.876067 0.211859
vn -0.744705 0.563321 0.357888
vn -0.689835 0.676084 0.258917
vn -0.455747 0.873171 0.172823
vn -0.744705 0.563321 0.357888
vn -0.903092 0.292192 0.314720
vn -0.689835 0.676084 0.258917
vn -0.689835 0.676084 0.258917
vn -0.903092 0.292192 0.314720
vn -0.935517 0.253506 0.246056
vn -0.728603 0.664123 0.167567
vn -0.903092 0.292192 0.314720
vn -0.940176 0.043681 0.337877
vn -0.947259 0.035790 0.318465
vn -0.935517 0.253506 0.246056
vn 0.000000 0.936302 0.351195
vn 0.000001 0.693762 0.720205
vn -0.069097 0.640700 0.764676
vn -0.047180 0.852263 0.520982
vn -0.047180 0.852263 0.520982
vn -0.069097 0.640700 0.764676
vn -0.133984 0.639780 0.756789
vn -0.079083 0.887748 0.453486
vn -0.079083 0.887748 0.453486
vn -0.133984 0.639780 0.756789
vn -0.253918 0.639586 0.725573
vn -0.148448 0.891659 0.427678
vn -0.148448 0.891659 0.427678
vn -0.253918 0.639586 0.725573
vn -0.361701 0.639362 0.678519
vn -0.212666 0.894545 0.393145
vn -0.212666 0.894545 0.393145
vn -0.361701 0.639362 0.678519
vn -0.464544 0.639431 0.612639
vn -0.301769 0.863009 0.405156
vn -0.301769 0.863009 0.405156
vn -0.464544 0.639431 0.612639
vn -0.552487 0.639597 0.534485
vn -0.322032 0.895355 0.307627
vn -0.322032 0.895355 0.307627
vn -0.552487 0.639597 0.534485
vn -0.630132 0.639638 0.440224
vn -0.395122 0.876173 0.276042
vn -0.008051 0.999958 0.004437
vn -0.005540 0.999979 0.003411
vn -0.031433 0.999265 0.021955
vn -0.038509 0.999082 0.018780
vn 0.000001 0.693762 0.720205
vn 0.000000 0.284368 0.958715
vn -0.072927 0.142700 0.987076
vn -0.069097 0.640700 0.764676
vn -0.069097 0.640700 0.764676
vn -0.072927 0.142700 0.987076
vn -0.152027 0.489144 0.858852
vn -0.133984 0.639780 0.756789
vn -0.133984 0.639780 0.756789
vn -0.152027 0.489144 0.858852
vn -0.288123 0.489025 0.823310
vn -0.253918 0.639586 0.725573
vn -0.253918 0.639586 0.725573
vn -0.288123 0.489025 0.823310
vn -0.477069 0.163828 0.863462
vn -0.361701 0.639362 0.678519
vn -0.361701 0.639362 0.678519
vn -0.477069 0.163828 0.863462
vn -0.575227 0.128124 0.807898
vn -0.464544 0.639431 0.612639
vn -0.464544 0.639431 0.612639
vn -0.575227 0.128124 0.807898
vn -0.626956 0.488915 0.606538
vn -0.552487 0.639597 0.534485
vn -0.552487 0.639597 0.534485
vn -0.626956 0.488915 0.606538
vn -0.805838 0.165838 0.568438
vn -0.630132 0.639638 0.440224
vn -0.630132 0.639638 0.440224
vn -0.805838 0.165838 0.568438
vn -0.894667 0.125616 0.428710
vn -0.744705 0.563321 0.357888
vn -0.001177 0.999998 0.001886
vn -0.153704 0.965596 0.209762
vn -0.003985 0.999982 0.004537
vn -0.153704 0.965596 0.209762
vn -0.322032 0.895355 0.307627
vn -0.046763 0.997928 0.044204
vn -0.003985 0.999982 0.004537
vn -0.894667 0.125616 0.428710
vn -0.940176 0.043681 0.337877
vn -0.903092 0.292192 0.314720
vn -0.744705 0.563321 0.357888
vn -0.035936 0.999345 0.004231
vn -0.067387 0.997727 0.000128
vn -0.004266 0.999991 0.000191
vn -0.026337 0.999650 0.002523
vn -0.004266 0.999991 0.000191
vn -0.005540 0.999979 0.003411
vn -0.008051 0.999958 0.004437
vn -0.001716 0.999997 0.001700
vn -0.004266 0.999991 0.000191
vn -0.002631 0.999997 0.000171
vn -0.001200 0.999998 0.001326
vn -0.001200 0.999998 0.001326
vn -0.002631 0.999997 0.000171
vn -0.001997 0.999998 0.000787
vn -0.003985 0.999982 0.004537
vn -0.003985 0.999982 0.004537
vn -0.001997 0.999998 0.000787
vn -0.001115 0.999999 0.000638
vn -0.002109 0.999995 0.002136
vn -0.000042 0.999983 0.005781
vn -0.001779 0.999975 0.006819
vn -0.002329 0.999983 0.005315
vn -0.000493 0.999982 0.005963
vn -0.002329 0.999983 0.005315
vn -0.000670 0.999999 0.001480
vn -0.000493 0.999982 0.005963
vn -0.000670 0.999999 0.001480
vn -0.001132 0.999997 0.002053
vn -0.000874 0.999988 0.004733
vn -0.000493 0.999982 0.005963
vn -0.001091 0.999996 0.002696
vn -0.002395 0.999981 0.005727
vn -0.003985 0.999982 0.004537
vn -0.002109 0.999995 0.002136
vn -0.002395 0.999981 0.005727
vn -0.002126 0.999979 0.006058
vn -0.003985 0.999982 0.004537
vn -0.002126 0.999979 0.006058
vn -0.000874 0.999988 0.004733
vn -0.001177 0.999998 0.001886
vn -0.003985 0.999982 0.004537
vn -0.000874 0.999988 0.004733
vn -0.001132 0.999997 0.002053
vn -0.001177 0.999998 0.001886
vn -0.000042 0.999983 0.005781
vn -0.000170 0.999999 0.001571
vn -0.000626 0.999992 0.003863
vn -0.000170 0.999999 0.001571
vn -0.000042 0.999983 0.005781
vn 0.000000 1.000000 0.000446
vn -0.000699 0.999972 0.007476
vn -0.881523 0.387554 -0.269665
vn -0.893564 0.125818 -0.430945
vn -0.804241 0.454069 -0.383430
vn -0.013717 0.999885 -0.006540
vn -0.256110 0.959474 -0.117545
vn -0.294961 0.934477 -0.199377
vn -0.014688 0.999859 -0.008178
vn -0.294961 0.934477 -0.199377
vn -0.016160 0.999780 -0.013399
vn -0.009899 0.999929 -0.006688
vn -0.014688 0.999859 -0.008178
vn -0.121637 0.992561 -0.005246
vn -0.354383 0.928481 -0.111064
vn -0.091333 0.995796 -0.007017
vn -0.354383 0.928481 -0.111064
vn -0.256110 0.959474 -0.117545
vn -0.013717 0.999885 -0.006540
vn -0.091333 0.995796 -0.007017
vn -0.354383 0.928481 -0.111064
vn -0.594695 0.778233 -0.201722
vn -0.571766 0.776983 -0.263405
vn -0.256110 0.959474 -0.117545
vn -0.881523 0.387554 -0.269665
vn -0.804241 0.454069 -0.383430
vn -0.571766 0.776983 -0.263405
vn -0.594695 0.778233 -0.201722
vn -0.881523 0.387554 -0.269665
vn -0.946782 0.032149 -0.320267
vn -0.928880 0.003124 -0.370368
vn -0.893564 0.125818 -0.430945
vn -0.893564 0.125818 -0.430945
vn -0.928880 0.003124 -0.370368
vn -0.885007 0.025385 -0.464885
vn -0.867664 0.033144 -0.496045
vn -0.674600 0.391030 -0.626108
vn -0.759468 0.035234 -0.649590
vn -0.737266 0.036019 -0.674642
vn -0.824877 0.063406 -0.561746
vn -0.759468 0.035234 -0.649590
vn -0.674600 0.391030 -0.626108
vn -0.736506 0.443687 -0.510589
vn -0.736506 0.443687 -0.510589
vn -0.674600 0.391030 -0.626108
vn -0.492837 0.748621 -0.443484
vn -0.526789 0.771474 -0.356821
vn -0.526789 0.771474 -0.356821
vn -0.492837 0.748621 -0.443484
vn -0.254596 0.938427 -0.233530
vn -0.294961 0.934477 -0.199377
vn -0.294961 0.934477 -0.199377
vn -0.254596 0.938427 -0.233530
vn -0.031040 0.999048 -0.030665
vn -0.016160 0.999780 -0.013399
vn -0.016160 0.999780 -0.013399
vn -0.031040 0.999048 -0.030665
vn -0.005137 0.999470 -0.032149
vn -0.055725 0.998147 -0.024445
vn -0.256110 0.959474 -0.117545
vn -0.571766 0.776983 -0.263405
vn -0.526789 0.771474 -0.356821
vn -0.294961 0.934477 -0.199377
vn -0.571766 0.776983 -0.263405
vn -0.804241 0.454069 -0.383430
vn -0.736506 0.443687 -0.510589
vn -0.526789 0.771474 -0.356821
vn -0.804241 0.454069 -0.383430
vn -0.824877 0.063406 -0.561746
vn -0.736506 0.443687 -0.510589
vn -0.824877 0.063406 -0.561746
vn -0.804241 0.454069 -0.383430
vn -0.893564 0.125818 -0.430945
vn -0.867664 0.033144 -0.496045
vn -0.060852 0.890199 -0.451489
vn -0.017710 0.958339 -0.285084
vn -0.018278 0.964392 -0.263845
vn -0.090549 0.898046 -0.430481
vn -0.492837 0.748621 -0.443484
vn -0.450241 0.708061 -0.543997
vn -0.219764 0.930659 -0.292537
vn -0.254596 0.938427 -0.233530
vn -0.031040 0.999048 -0.030665
vn -0.010809 0.996666 -0.080867
vn -0.005137 0.999470 -0.032149
vn -0.090549 0.898046 -0.430481
vn -0.018278 0.964392 -0.263845
vn -0.027692 0.978363 -0.205036
vn -0.119509 0.907694 -0.402255
vn -0.119509 0.907694 -0.402255
vn -0.027692 0.978363 -0.205036
vn -0.022805 0.978493 -0.205016
vn -0.148137 0.918177 -0.367433
vn -0.148137 0.918177 -0.367433
vn -0.022805 0.978493 -0.205016
vn -0.015884 0.988504 -0.150361
vn -0.176465 0.929114 -0.324972
vn -0.069273 0.596277 -0.799784
vn -0.030492 0.885331 -0.463961
vn -0.060852 0.890199 -0.451489
vn -0.134512 0.639624 -0.756827
vn -0.134512 0.639624 -0.756827
vn -0.060852 0.890199 -0.451489
vn -0.090549 0.898046 -0.430481
vn -0.201021 0.648839 -0.733893
vn -0.201021 0.648839 -0.733893
vn -0.090549 0.898046 -0.430481
vn -0.119509 0.907694 -0.402255
vn -0.266561 0.660199 -0.702198
vn -0.266561 0.660199 -0.702198
vn -0.119509 0.907694 -0.402255
vn -0.148137 0.918177 -0.367433
vn -0.331380 0.672410 -0.661855
vn -0.394767 0.685942 -0.611263
vn -0.176465 0.929114 -0.324972
vn -0.219764 0.930659 -0.292537
vn -0.450241 0.708061 -0.543997
vn -0.000000 0.318561 -0.947902
vn -0.069273 0.596277 -0.799784
vn -0.099520 0.248894 -0.963404
vn 0.000000 0.020764 -0.999784
vn -0.099520 0.248894 -0.963404
vn -0.069273 0.596277 -0.799784
vn -0.134512 0.639624 -0.756827
vn -0.184384 0.271043 -0.944742
vn -0.184384 0.271043 -0.944742
vn -0.134512 0.639624 -0.756827
vn -0.201021 0.648839 -0.733893
vn -0.284646 0.307212 -0.908074
vn -0.284646 0.307212 -0.908074
vn -0.201021 0.648839 -0.733893
vn -0.266561 0.660199 -0.702198
vn -0.367200 0.285625 -0.885202
vn -0.492837 0.748621 -0.443484
vn -0.674600 0.391030 -0.626108
vn -0.617561 0.319080 -0.718893
vn -0.450241 0.708061 -0.543997
vn -0.450241 0.708061 -0.543997
vn -0.617561 0.319080 -0.718893
vn -0.538837 0.305920 -0.784900
vn -0.394767 0.685942 -0.611263
vn -0.394767 0.685942 -0.611263
vn -0.538837 0.305920 -0.784900
vn -0.457321 0.315089 -0.831611
vn -0.331380 0.672410 -0.661855
vn 0.000000 0.883795 -0.467874
vn 0.000000 0.926256 -0.376896
vn -0.002274 0.927658 -0.373423
vn -0.030492 0.885331 -0.463961
vn 0.000000 0.687403 -0.726277
vn 0.000000 0.883795 -0.467874
vn -0.030492 0.885331 -0.463961
vn -0.069273 0.596277 -0.799784
vn -0.030492 0.885331 -0.463961
vn -0.002274 0.927658 -0.373423
vn -0.017710 0.958339 -0.285084
vn -0.060852 0.890199 -0.451489
vn 0.000000 0.687403 -0.726277
vn -0.069273 0.596277 -0.799784
vn -0.000000 0.318561 -0.947902
vn -0.099520 0.248894 -0.963404
vn -0.130328 0.023430 -0.991194
vn 0.000000 0.020764 -0.999784
vn -0.130328 0.023430 -0.991194
vn -0.099520 0.248894 -0.963404
vn -0.184384 0.271043 -0.944742
vn -0.181428 0.029138 -0.982973
vn -0.181428 0.029138 -0.982973
vn -0.184384 0.271043 -0.944742
vn -0.284646 0.307212 -0.908074
vn -0.252675 0.011741 -0.967480
vn -0.252675 0.011741 -0.967480
vn -0.284646 0.307212 -0.908074
vn -0.345446 0.026821 -0.938055
vn -0.345446 0.026821 -0.938055
vn -0.284646 0.307212 -0.908074
vn -0.367200 0.285625 -0.885202
vn -0.381863 0.031378 -0.923686
vn -0.367200 0.285625 -0.885202
vn -0.266561 0.660199 -0.702198
vn -0.331380 0.672410 -0.661855
vn -0.457321 0.315089 -0.831611
vn -0.331380 0.672410 -0.661855
vn -0.148137 0.918177 -0.367433
vn -0.176465 0.929114 -0.324972
vn -0.394767 0.685942 -0.611263
vn -0.176465 0.929114 -0.324972
vn -0.015884 0.988504 -0.150361
vn -0.010809 0.996666 -0.080867
vn -0.219764 0.930659 -0.292537
vn -0.381863 0.031378 -0.923686
vn -0.367200 0.285625 -0.885202
vn -0.457321 0.315089 -0.831611
vn -0.444272 0.014244 -0.895779
vn -0.010809 0.996666 -0.080867
vn -0.031040 0.999048 -0.030665
vn -0.254596 0.938427 -0.233530
vn -0.219764 0.930659 -0.292537
vn -0.674600 0.391030 -0.626108
vn -0.737266 0.036019 -0.674642
vn -0.617525 0.034295 -0.785803
vn -0.617561 0.319080 -0.718893
vn -0.617561 0.319080 -0.718893
vn -0.617525 0.034295 -0.785803
vn -0.579210 0.033597 -0.814485
vn -0.538837 0.305920 -0.784900
vn -0.538837 0.305920 -0.784900
vn -0.579210 0.033597 -0.814485
vn -0.494840 0.015706 -0.868842
vn -0.457321 0.315089 -0.831611
vn -0.494840 0.015706 -0.868842
vn -0.444272 0.014244 -0.895779
vn -0.457321 0.315089 -0.831611
vn -0.519636 0.854248 -0.015432
vn -0.362788 0.931697 -0.018056
vn -0.634021 0.769495 -0.076776
vn -0.552444 0.832907 -0.032752
vn -0.541509 0.840139 0.030564
vn -0.593113 0.804638 0.027828
vn -0.515769 0.856446 0.021974
vn -0.568786 0.822199 0.021702
vn -0.361742 0.932274 -0.002892
vn -0.515769 0.856446 0.021974
vn -0.218795 0.975768 0.002203
vn -0.515769 0.856446 0.021974
vn -0.593113 0.804638 0.027828
vn -0.623142 0.781805 0.021796
vn -0.218795 0.975768 0.002203
vn -0.519636 0.854248 -0.015432
vn -0.361742 0.932274 -0.002892
vn -0.362788 0.931697 -0.018056
vn -0.362788 0.931697 -0.018056
vn -0.361742 0.932274 -0.002892
vn -0.218795 0.975768 0.002203
vn -0.055725 0.998147 -0.024445
vn -0.055725 0.998147 -0.024445
vn -0.218795 0.975768 0.002203
vn -0.121637 0.992561 -0.005246
vn -0.091333 0.995796 -0.007017
vn -0.552444 0.832907 -0.032752
vn -0.634021 0.769495 -0.076776
vn -0.715184 0.688686 -0.119262
vn -0.519636 0.854248 -0.015432
vn -0.552444 0.832907 -0.032752
vn -0.568786 0.822199 0.021702
vn -0.361742 0.932274 -0.002892
vn -0.568786 0.822199 0.021702
vn -0.515769 0.856446 0.021974
vn -0.361742 0.932274 -0.002892
vn -0.770338 0.626252 0.119950
vn -0.756339 0.648098 0.088995
vn -0.723324 0.685400 0.083843
vn -0.568786 0.822199 0.021702
vn -0.568786 0.822199 0.021702
vn -0.723324 0.685400 0.083843
vn -0.541509 0.840139 0.030564
vn -0.756339 0.648098 0.088995
vn -0.770338 0.626252 0.119950
vn -0.859898 0.492510 0.134202
vn -0.844894 0.523369 0.110632
vn -0.723324 0.685400 0.083843
vn -0.756339 0.648098 0.088995
vn -0.844894 0.523369 0.110632
vn -0.826169 0.560012 0.061895
vn -0.013601 0.991097 -0.132442
vn -0.029459 0.980641 -0.193585
vn -0.215703 0.968980 -0.120625
vn -0.008077 0.997790 -0.065950
vn -0.635503 0.763649 -0.113912
vn -0.757846 0.636807 -0.141940
vn -0.634021 0.769495 -0.076776
vn -0.362788 0.931697 -0.018056
vn -0.008077 0.997790 -0.065950
vn -0.215703 0.968980 -0.120625
vn -0.055725 0.998147 -0.024445
vn -0.215703 0.968980 -0.120625
vn -0.367198 0.921850 -0.123926
vn -0.362788 0.931697 -0.018056
vn -0.055725 0.998147 -0.024445
vn -0.367198 0.921850 -0.123926
vn -0.635503 0.763649 -0.113912
vn -0.362788 0.931697 -0.018056
vn -0.037834 0.957820 -0.284869
vn -0.282987 0.912812 -0.294436
vn -0.029459 0.980641 -0.193585
vn -0.078498 0.817322 -0.570808
vn -0.295106 0.857474 -0.421486
vn -0.063048 0.902145 -0.426802
vn -0.295106 0.857474 -0.421486
vn -0.282987 0.912812 -0.294436
vn -0.037834 0.957820 -0.284869
vn -0.063048 0.902145 -0.426802
vn -0.304115 0.758843 -0.575909
vn -0.295106 0.857474 -0.421486
vn -0.078498 0.817322 -0.570808
vn -0.295106 0.857474 -0.421486
vn -0.510493 0.770166 -0.382415
vn -0.472269 0.843025 -0.257433
vn -0.282987 0.912812 -0.294436
vn -0.510493 0.770166 -0.382415
vn -0.675349 0.707222 -0.209143
vn -0.472269 0.843025 -0.257433
vn -0.675349 0.707222 -0.209143
vn -0.510493 0.770166 -0.382415
vn -0.732946 0.604691 -0.311672
vn -0.816459 0.541656 -0.200007
vn -0.757846 0.636807 -0.141940
vn -0.635503 0.763649 -0.113912
vn -0.675349 0.707222 -0.209143
vn -0.816459 0.541656 -0.200007
vn -0.635503 0.763649 -0.113912
vn -0.367198 0.921850 -0.123926
vn -0.472269 0.843025 -0.257433
vn -0.675349 0.707222 -0.209143
vn -0.367198 0.921850 -0.123926
vn -0.282987 0.912812 -0.294436
vn -0.472269 0.843025 -0.257433
vn -0.282987 0.912812 -0.294436
vn -0.367198 0.921850 -0.123926
vn -0.215703 0.968980 -0.120625
vn -0.029459 0.980641 -0.193585
vn -0.732946 0.604691 -0.311672
vn -0.840930 0.479465 -0.250898
vn -0.816459 0.541656 -0.200007
vn -0.304115 0.758843 -0.575909
vn -0.548253 0.669221 -0.501560
vn -0.510493 0.770166 -0.382415
vn -0.295106 0.857474 -0.421486
vn -0.548253 0.669221 -0.501560
vn -0.732946 0.604691 -0.311672
vn -0.510493 0.770166 -0.382415
vn -0.732946 0.604691 -0.311672
vn -0.548253 0.669221 -0.501560
vn -0.810743 0.479362 -0.336017
vn -0.840930 0.479465 -0.250898
vn -0.840930 0.479465 -0.250898
vn -0.810743 0.479362 -0.336017
vn -0.854771 0.420977 -0.303554
vn -0.850025 0.463235 -0.250740
vn -0.532348 0.846524 0.001810
vn -0.835706 0.549170 0.002900
vn -0.933555 0.358409 0.004204
vn -0.565271 0.824904 0.001723
vn -0.203010 0.979175 0.001576
vn -0.067387 0.997727 0.000128
vn -0.035936 0.999345 0.004231
vn -0.067387 0.997727 0.000128
vn -0.193911 0.981019 0.000271
vn -0.004266 0.999991 0.000191
vn -0.565271 0.824904 0.001723
vn -0.193911 0.981019 0.000271
vn -0.067387 0.997727 0.000128
vn -0.532348 0.846524 0.001810
vn -0.532348 0.846524 0.001810
vn -0.067387 0.997727 0.000128
vn -0.203010 0.979175 0.001576
vn -0.497193 0.867640 -0.000000
vn -0.835706 0.549170 0.002900
vn -0.532348 0.846524 0.001810
vn -0.497193 0.867640 -0.000000
vn -0.842036 0.539410 0.003437
vn -0.835706 0.549170 0.002900
vn -0.842036 0.539410 0.003437
vn -0.966668 0.255977 0.005290
vn -0.933555 0.358409 0.004204
vn -0.966668 0.255977 0.005290
vn -0.842036 0.539410 0.003437
vn -0.953068 0.302635 0.008520
vn -0.984731 0.173258 0.016941
vn -0.966668 0.255977 0.005290
vn -0.997868 0.062482 0.018833
vn -0.998595 0.050454 0.016171
vn -0.933555 0.358409 0.004204
vn -0.996778 0.077837 0.019371
vn -0.997868 0.062482 0.018833
vn -0.966668 0.255977 0.005290
vn -0.984731 0.173258 0.016941
vn -0.984731 0.173258 0.016941
vn -0.953068 0.302635 0.008520
vn -0.973286 0.227278 0.032547
vn -0.984549 0.160801 0.069321
vn -0.964779 0.258552 0.048506
vn -0.971494 0.219314 0.090001
vn -0.984549 0.160801 0.069321
vn -0.973286 0.227278 0.032547
vn -0.929804 -0.082247 0.358748
vn -0.907697 -0.122953 0.401210
vn -0.892009 -0.144117 0.428428
vn -0.921207 -0.105159 0.374593
vn -0.988708 0.094232 0.116523
vn -0.984124 0.080572 0.158137
vn -0.988496 0.083949 0.125808
vn -0.969373 0.220680 0.107777
vn -0.937011 0.338403 0.086571
vn -0.910435 0.386255 0.148037
vn -0.826169 0.560012 0.061895
vn -0.844894 0.523369 0.110632
vn -0.937011 0.338403 0.086571
vn -0.844894 0.523369 0.110632
vn -0.859898 0.492510 0.134202
vn -0.910435 0.386255 0.148037
vn -0.937011 0.338403 0.086571
vn -0.969373 0.220680 0.107777
vn -0.971494 0.219314 0.090001
vn -0.937011 0.338403 0.086571
vn -1.000000 0.000000 0.000002
vn -1.000000 -0.000003 0.000003
vn -1.000000 -0.000001 0.000003
vn -0.971863 0.189822 0.139462
vn -0.982171 0.160010 0.098675
vn -0.969373 0.220680 0.107777
vn -1.000000 -0.000001 0.000003
vn -1.000000 -0.000001 0.000003
vn -1.000000 -0.000001 0.000003
vn -0.982171 0.160010 0.098675
vn -0.981079 0.143960 0.129460
vn -0.982700 0.125057 0.136604
vn -0.990857 0.102131 0.088161
vn -0.990857 0.102131 0.088161
vn -0.982700 0.125057 0.136604
vn -0.988708 0.094232 0.116523
vn -0.988496 0.083949 0.125808
vn -0.984124 0.080572 0.158137
vn -0.983486 0.065502 0.168717
vn -0.989290 0.031190 0.142591
vn -0.989290 0.031190 0.142591
vn -0.983486 0.065502 0.168717
vn -0.985685 0.028176 0.166229
vn -0.964036 -0.009833 0.265591
vn -0.979311 -0.020583 0.201310
vn -0.984894 0.020551 0.171933
vn -0.984894 0.020551 0.171933
vn -0.985685 0.028176 0.166229
vn -0.975043 0.036725 0.218956
vn -0.964036 -0.009833 0.265591
vn -0.964036 -0.009833 0.265591
vn -0.929804 -0.082247 0.358748
vn -0.950785 -0.062813 0.303419
vn -0.929804 -0.082247 0.358748
vn -0.921207 -0.105159 0.374593
vn -0.950785 -0.062813 0.303419
vn -0.846495 -0.220095 0.484772
vn -0.878199 -0.186544 0.440417
vn -0.892009 -0.144117 0.428428
vn -0.907697 -0.122953 0.401210
vn -0.867168 -0.235051 0.439057
vn -0.836189 -0.249113 0.488600
vn -0.846495 -0.220095 0.484772
vn -0.869558 -0.200020 0.451510
vn -0.846495 -0.220095 0.484772
vn -0.907697 -0.122953 0.401210
vn -0.869558 -0.200020 0.451510
vn -0.994077 0.010327 0.108183
vn -0.984894 0.020551 0.171933
vn -0.979311 -0.020583 0.201310
vn -0.964036 -0.009833 0.265591
vn -0.950785 -0.062813 0.303419
vn -0.979311 -0.020583 0.201310
vn -0.994077 0.010327 0.108183
vn -0.994162 0.068824 0.083101
vn -0.989290 0.031190 0.142591
vn -0.984549 0.160801 0.069321
vn -0.994271 0.092169 0.054140
vn -0.996778 0.077837 0.019371
vn -0.984731 0.173258 0.016941
vn -0.994271 0.092169 0.054140
vn -0.996594 0.069560 0.044303
vn -0.997868 0.062482 0.018833
vn -0.996778 0.077837 0.019371
vn -0.996594 0.069560 0.044303
vn -0.998552 0.017370 0.050923
vn -0.998595 0.050454 0.016171
vn -0.997868 0.062482 0.018833
vn -0.971494 0.219314 0.090001
vn -0.964779 0.258552 0.048506
vn -0.944452 0.324604 0.051407
vn -0.937011 0.338403 0.086571
vn -0.964779 0.258552 0.048506
vn -0.973286 0.227278 0.032547
vn -0.944452 0.324604 0.051407
vn -0.975043 0.036725 0.218956
vn -0.985685 0.028176 0.166229
vn -0.983486 0.065502 0.168717
vn -0.989290 0.031190 0.142591
vn -0.985685 0.028176 0.166229
vn -0.984894 0.020551 0.171933
vn -0.994077 0.010327 0.108183
vn -0.994162 0.068824 0.083101
vn -0.988496 0.083949 0.125808
vn -0.989290 0.031190 0.142591
vn -0.988496 0.083949 0.125808
vn -0.994162 0.068824 0.083101
vn -0.990857 0.102131 0.088161
vn -0.988708 0.094232 0.116523
vn -0.969373 0.220680 0.107777
vn -0.982171 0.160010 0.098675
vn -0.984549 0.160801 0.069321
vn -0.971494 0.219314 0.090001
vn -0.982171 0.160010 0.098675
vn -0.990857 0.102131 0.088161
vn -0.994271 0.092169 0.054140
vn -0.984549 0.160801 0.069321
vn -0.990857 0.102131 0.088161
vn -0.994162 0.068824 0.083101
vn -0.996594 0.069560 0.044303
vn -0.994271 0.092169 0.054140
vn -0.994162 0.068824 0.083101
vn -0.998552 0.017370 0.050923
vn -0.996594 0.069560 0.044303
vn -0.998552 0.017370 0.050923
vn -0.994162 0.068824 0.083101
vn -0.994077 0.010327 0.108183
vn -0.284735 -0.318367 0.904195
vn -0.238088 -0.321210 0.916591
vn -0.340296 -0.097639 0.935235
vn -0.379458 -0.293199 0.877523
vn -0.340296 -0.097639 0.935235
vn -0.238088 -0.321210 0.916591
vn -0.207236 -0.260988 0.942835
vn -0.329163 0.172533 0.928377
vn -0.238088 -0.321210 0.916591
vn -0.196058 -0.337820 0.920564
vn -0.207236 -0.260988 0.942835
vn -0.196058 -0.337820 0.920564
vn -0.144345 -0.356287 0.923160
vn -0.153005 -0.326114 0.932866
vn -0.207236 -0.260988 0.942835
vn -0.207236 -0.260988 0.942835
vn -0.153005 -0.326114 0.932866
vn -0.103903 -0.094987 0.990041
vn -0.216546 0.202706 0.954997
vn -0.103903 -0.094987 0.990041
vn -0.153005 -0.326114 0.932866
vn -0.099643 -0.348847 0.931868
vn -0.072528 -0.337644 0.938475
vn -0.103903 -0.094987 0.990041
vn -0.072528 -0.337644 0.938475
vn -0.039292 -0.323268 0.945491
vn -0.079140 0.113410 0.990391
vn -0.072528 -0.337644 0.938475
vn -0.050176 -0.367432 0.928696
vn -0.041257 -0.349375 0.936074
vn -0.039292 -0.323268 0.945491
vn -0.041257 -0.349375 0.936074
vn -0.050176 -0.367432 0.928696
vn -0.032716 -0.321489 0.946348
vn -0.039292 -0.323268 0.945491
vn -0.039292 -0.323268 0.945491
vn -0.032716 -0.321489 0.946348
vn 0.000000 -0.279203 0.960232
vn -0.003953 0.066149 0.997802
vn -0.032716 -0.321489 0.946348
vn 0.000000 -0.332759 0.943012
vn 0.000000 -0.279203 0.960232
vn -0.091817 0.958998 0.268129
vn -0.118785 0.812982 0.570045
vn -0.088646 0.895850 0.435424
vn -0.002126 0.999979 0.006058
vn -0.088646 0.895850 0.435424
vn -0.000874 0.999988 0.004733
vn -0.002126 0.999979 0.006058
vn -0.088646 0.895850 0.435424
vn -0.084114 0.767719 0.635242
vn -0.043128 0.895584 0.442797
vn -0.000874 0.999988 0.004733
vn -0.043128 0.895584 0.442797
vn -0.000493 0.999982 0.005963
vn -0.000874 0.999988 0.004733
vn -0.043128 0.895584 0.442797
vn -0.029521 0.771382 0.635688
vn -0.008316 0.901889 0.431888
vn -0.000493 0.999982 0.005963
vn -0.008316 0.901889 0.431888
vn -0.000042 0.999983 0.005781
vn -0.000493 0.999982 0.005963
vn -0.008316 0.901889 0.431888
vn 0.000000 0.827435 0.561562
vn 0.000000 0.974825 0.222970
vn -0.000042 0.999983 0.005781
vn 0.000000 0.974825 0.222970
vn 0.000000 1.000000 0.000446
vn -0.000042 0.999983 0.005781
vn 0.000000 0.827435 0.561562
vn -0.008316 0.901889 0.431888
vn -0.029521 0.771382 0.635688
vn 0.000000 0.649685 0.760204
vn -0.029521 0.771382 0.635688
vn -0.043128 0.895584 0.442797
vn -0.084114 0.767719 0.635242
vn -0.060215 0.650998 0.756687
vn -0.084114 0.767719 0.635242
vn -0.088646 0.895850 0.435424
vn -0.118785 0.812982 0.570045
vn -0.134743 0.653598 0.744751
vn -0.091817 0.958998 0.268129
vn -0.227021 0.707620 0.669130
vn -0.118785 0.812982 0.570045
vn -0.216546 0.202706 0.954997
vn -0.227021 0.707620 0.669130
vn -0.329163 0.172533 0.928377
vn -0.207236 -0.260988 0.942835
vn -0.865325 0.381699 0.324835
vn -0.921216 -0.059578 0.384462
vn -0.822494 -0.095402 0.560716
vn -0.710429 0.463587 0.529506
vn -0.731900 -0.190756 0.654167
vn -0.485596 -0.267157 0.832360
vn -0.563962 -0.006449 0.825776
vn -0.822494 -0.095402 0.560716
vn -0.227021 0.707620 0.669130
vn -0.371059 0.756460 0.538595
vn -0.406503 0.629745 0.661950
vn -0.329163 0.172533 0.928377
vn -0.227021 0.707620 0.669130
vn -0.144164 0.967331 0.208537
vn -0.371059 0.756460 0.538595
vn -0.984985 0.168387 0.038077
vn -0.915332 0.401986 0.023977
vn -0.933555 0.358409 0.004204
vn -0.998595 0.050454 0.016171
vn -0.988431 0.053733 0.141832
vn -0.972552 0.202347 0.114883
vn -0.984985 0.168387 0.038077
vn -0.978568 -0.039710 0.202060
vn -0.984985 0.168387 0.038077
vn -0.993370 -0.009923 0.114531
vn -0.978568 -0.039710 0.202060
vn -0.993370 -0.009923 0.114531
vn -0.998595 0.050454 0.016171
vn -0.998552 0.017370 0.050923
vn -0.379458 -0.293199 0.877523
vn -0.340296 -0.097639 0.935235
vn -0.563962 -0.006449 0.825776
vn -0.485596 -0.267157 0.832360
vn -0.142029 0.985738 0.090270
vn -0.407015 0.871713 0.272864
vn -0.144164 0.967331 0.208537
vn -0.002109 0.999995 0.002136
vn -0.407015 0.871713 0.272864
vn -0.710429 0.463587 0.529506
vn -0.371059 0.756460 0.538595
vn -0.144164 0.967331 0.208537
vn -0.710429 0.463587 0.529506
vn -0.406503 0.629745 0.661950
vn -0.371059 0.756460 0.538595
vn -0.091817 0.958998 0.268129
vn -0.002126 0.999979 0.006058
vn -0.002395 0.999981 0.005727
vn -0.227021 0.707620 0.669130
vn -0.227021 0.707620 0.669130
vn -0.002395 0.999981 0.005727
vn -0.001091 0.999996 0.002696
vn -0.144164 0.967331 0.208537
vn -0.001091 0.999996 0.002696
vn -0.002109 0.999995 0.002136
vn -0.144164 0.967331 0.208537
vn -0.142029 0.985738 0.090270
vn -0.002109 0.999995 0.002136
vn -0.001115 0.999999 0.000638
vn -0.001997 0.999998 0.000787
vn -0.107689 0.994183 0.001779
vn -0.299875 0.953939 0.008657
vn -0.143872 0.989492 0.014368
vn -0.002631 0.999997 0.000171
vn -0.299875 0.953939 0.008657
vn -0.652588 0.757427 0.020814
vn -0.540284 0.839999 0.049944
vn -0.143872 0.989492 0.014368
vn -0.652588 0.757427 0.020814
vn -0.915332 0.401986 0.023977
vn -0.789785 0.607107 0.087529
vn -0.540284 0.839999 0.049944
vn -0.978568 -0.039710 0.202060
vn -0.888453 -0.119233 0.443210
vn -0.921216 -0.059578 0.384462
vn -0.988431 0.053733 0.141832
vn -0.921216 -0.059578 0.384462
vn -0.865325 0.381699 0.324835
vn -0.972552 0.202347 0.114883
vn -0.988431 0.053733 0.141832
vn -0.972552 0.202347 0.114883
vn -0.789785 0.607107 0.087529
vn -0.915332 0.401986 0.023977
vn -0.984985 0.168387 0.038077
vn -0.915332 0.401986 0.023977
vn -0.652588 0.757427 0.020814
vn -0.565271 0.824904 0.001723
vn -0.933555 0.358409 0.004204
vn -0.710429 0.463587 0.529506
vn -0.822494 -0.095402 0.560716
vn -0.563962 -0.006449 0.825776
vn -0.556996 0.104199 0.823953
vn -0.556996 0.104199 0.823953
vn -0.563962 -0.006449 0.825776
vn -0.340296 -0.097639 0.935235
vn -0.329163 0.172533 0.928377
vn -0.888453 -0.119233 0.443210
vn -0.731900 -0.190756 0.654167
vn -0.822494 -0.095402 0.560716
vn -0.921216 -0.059578 0.384462
vn -0.865325 0.381699 0.324835
vn -0.659836 0.714055 0.233971
vn -0.789785 0.607107 0.087529
vn -0.972552 0.202347 0.114883
vn -0.652588 0.757427 0.020814
vn -0.299875 0.953939 0.008657
vn -0.565271 0.824904 0.001723
vn -0.299875 0.953939 0.008657
vn -0.107689 0.994183 0.001779
vn -0.193911 0.981019 0.000271
vn -0.565271 0.824904 0.001723
vn -0.002631 0.999997 0.000171
vn -0.143872 0.989492 0.014368
vn -0.105446 0.993973 0.029977
vn -0.001997 0.999998 0.000787
vn -0.105446 0.993973 0.029977
vn -0.291109 0.951699 0.097592
vn -0.142029 0.985738 0.090270
vn -0.001997 0.999998 0.000787
vn -0.291109 0.951699 0.097592
vn -0.659836 0.714055 0.233971
vn -0.407015 0.871713 0.272864
vn -0.142029 0.985738 0.090270
vn -0.659836 0.714055 0.233971
vn -0.865325 0.381699 0.324835
vn -0.710429 0.463587 0.529506
vn -0.407015 0.871713 0.272864
vn -0.004266 0.999991 0.000191
vn -0.193911 0.981019 0.000271
vn -0.107689 0.994183 0.001779
vn -0.002631 0.999997 0.000171
vn -0.143872 0.989492 0.014368
vn -0.540284 0.839999 0.049944
vn -0.105446 0.993973 0.029977
vn -0.540284 0.839999 0.049944
vn -0.789785 0.607107 0.087529
vn -0.291109 0.951699 0.097592
vn -0.105446 0.993973 0.029977
vn -0.789785 0.607107 0.087529
vn -0.659836 0.714055 0.233971
vn -0.291109 0.951699 0.097592
vn -0.025738 0.935409 -0.352629
vn -0.002274 0.927658 -0.373423
vn 0.000000 0.909485 -0.415736
vn -0.030636 0.900333 -0.434123
vn -0.027692 0.978363 -0.205036
vn -0.018278 0.964392 -0.263845
vn -0.030296 0.960429 -0.276872
vn -0.022805 0.978493 -0.205016
vn -0.041652 0.834685 -0.549150
vn -0.000000 0.858005 -0.513642
vn -0.025532 0.704144 -0.709598
vn -0.041652 0.834685 -0.549150
vn -0.030636 0.900333 -0.434123
vn 0.000000 0.909485 -0.415736
vn -0.000000 0.858005 -0.513642
vn -0.078498 0.817322 -0.570808
vn -0.063048 0.902145 -0.426802
vn -0.030636 0.900333 -0.434123
vn -0.041652 0.834685 -0.549150
vn -0.063048 0.902145 -0.426802
vn -0.025738 0.935409 -0.352629
vn -0.030636 0.900333 -0.434123
vn -0.025738 0.935409 -0.352629
vn -0.063048 0.902145 -0.426802
vn -0.037834 0.957820 -0.284869
vn -0.030296 0.960429 -0.276872
vn -0.030296 0.960429 -0.276872
vn -0.037834 0.957820 -0.284869
vn -0.029459 0.980641 -0.193585
vn -0.022805 0.978493 -0.205016
vn -0.022805 0.978493 -0.205016
vn -0.029459 0.980641 -0.193585
vn -0.013601 0.991097 -0.132442
vn -0.015884 0.988504 -0.150361
vn -0.010809 0.996666 -0.080867
vn -0.008077 0.997790 -0.065950
vn -0.055725 0.998147 -0.024445
vn -0.005137 0.999470 -0.032149
vn -0.013601 0.991097 -0.132442
vn -0.008077 0.997790 -0.065950
vn -0.010809 0.996666 -0.080867
vn -0.015884 0.988504 -0.150361
vn -0.025738 0.935409 -0.352629
vn -0.017710 0.958339 -0.285084
vn -0.002274 0.927658 -0.373423
vn -0.017710 0.958339 -0.285084
vn -0.025738 0.935409 -0.352629
vn -0.030296 0.960429 -0.276872
vn -0.018278 0.964392 -0.263845
vn -0.055725 0.998147 -0.024445
vn -0.091333 0.995796 -0.007017
vn -0.013717 0.999885 -0.006540
vn -0.014688 0.999859 -0.008178
vn -0.009899 0.999929 -0.006688
vn -0.016160 0.999780 -0.013399
vn -0.055725 0.998147 -0.024445
vn -0.014688 0.999859 -0.008178
vn -0.862570 0.398655 -0.311524
vn -0.850025 0.463235 -0.250740
vn -0.854771 0.420977 -0.303554
vn -0.862309 0.397245 -0.314037
vn -0.840930 0.479465 -0.250898
vn -0.850025 0.463235 -0.250740
vn -0.831734 0.514816 -0.207806
vn -0.816459 0.541656 -0.200007
vn -0.816459 0.541656 -0.200007
vn -0.831734 0.514816 -0.207806
vn -0.784038 0.600128 -0.158527
vn -0.757846 0.636807 -0.141940
vn -0.757846 0.636807 -0.141940
vn -0.784038 0.600128 -0.158527
vn -0.715184 0.688686 -0.119262
vn -0.634021 0.769495 -0.076776
vn -0.149622 -0.396203 0.905890
vn -0.109307 -0.404681 0.907902
vn -0.191021 -0.357804 0.914050
vn -0.297424 -0.337169 0.893228
vn -0.191021 -0.357804 0.914050
vn -0.314777 -0.314281 0.895624
vn -0.297424 -0.337169 0.893228
vn -0.191021 -0.357804 0.914050
vn -0.134129 -0.378683 0.915756
vn -0.254473 -0.330514 0.908848
vn -0.314777 -0.314281 0.895624
vn -0.314777 -0.314281 0.895624
vn -0.254473 -0.330514 0.908848
vn -0.284735 -0.318367 0.904195
vn -0.379458 -0.293199 0.877523
vn -0.076863 -0.446831 0.891310
vn -0.109307 -0.404681 0.907902
vn -0.149622 -0.396203 0.905890
vn -0.200669 -0.381891 0.902159
vn -0.200669 -0.381891 0.902159
vn -0.149622 -0.396203 0.905890
vn -0.295639 -0.334480 0.894830
vn -0.295639 -0.334480 0.894830
vn -0.149622 -0.396203 0.905890
vn -0.297424 -0.337169 0.893228
vn -0.057185 -0.500461 0.863868
vn -0.076863 -0.446831 0.891310
vn -0.112162 -0.434039 0.893885
vn -0.081452 -0.465735 0.881168
vn 0.000000 -0.485141 0.874436
vn 0.000000 -0.438416 0.898772
vn -0.026424 -0.433897 0.900575
vn -0.025083 -0.491201 0.870685
vn 0.000000 -0.402709 0.915328
vn -0.040730 -0.397293 0.916788
vn -0.026424 -0.433897 0.900575
vn 0.000000 -0.438416 0.898772
vn 0.000000 -0.363042 0.931773
vn 0.000000 -0.332759 0.943012
vn -0.032716 -0.321489 0.946348
vn -0.050176 -0.367432 0.928696
vn -0.072528 -0.337644 0.938475
vn -0.099643 -0.348847 0.931868
vn -0.087251 -0.362467 0.927904
vn -0.050176 -0.367432 0.928696
vn -0.099643 -0.348847 0.931868
vn -0.153005 -0.326114 0.932866
vn -0.144345 -0.356287 0.923160
vn -0.087251 -0.362467 0.927904
vn -0.144345 -0.356287 0.923160
vn -0.083269 -0.389726 0.917159
vn -0.087251 -0.362467 0.927904
vn -0.083269 -0.389726 0.917159
vn -0.040730 -0.397293 0.916788
vn -0.050176 -0.367432 0.928696
vn -0.087251 -0.362467 0.927904
vn -0.109307 -0.404681 0.907902
vn -0.134129 -0.378683 0.915756
vn -0.191021 -0.357804 0.914050
vn -0.134129 -0.378683 0.915756
vn -0.194656 -0.347861 0.917116
vn -0.254473 -0.330514 0.908848
vn -0.194656 -0.347861 0.917116
vn -0.238088 -0.321210 0.916591
vn -0.284735 -0.318367 0.904195
vn -0.254473 -0.330514 0.908848
vn -0.196058 -0.337820 0.920564
vn -0.238088 -0.321210 0.916591
vn -0.194656 -0.347861 0.917116
vn -0.144345 -0.356287 0.923160
vn -0.144345 -0.356287 0.923160
vn -0.194656 -0.347861 0.917116
vn -0.134129 -0.378683 0.915756
vn -0.083269 -0.389726 0.917159
vn -0.083269 -0.389726 0.917159
vn -0.134129 -0.378683 0.915756
vn -0.109307 -0.404681 0.907902
vn -0.065341 -0.419457 0.905421
vn -0.065341 -0.419457 0.905421
vn -0.109307 -0.404681 0.907902
vn -0.076863 -0.446831 0.891310
vn -0.046433 -0.454195 0.889691
vn 0.000000 -0.402709 0.915328
vn 0.000000 -0.363042 0.931773
vn -0.050176 -0.367432 0.928696
vn -0.040730 -0.397293 0.916788
vn -0.083269 -0.389726 0.917159
vn -0.065341 -0.419457 0.905421
vn -0.026424 -0.433897 0.900575
vn -0.040730 -0.397293 0.916788
vn -0.065341 -0.419457 0.905421
vn -0.046433 -0.454195 0.889691
vn -0.025083 -0.491201 0.870685
vn -0.026424 -0.433897 0.900575
vn -0.046433 -0.454195 0.889691
vn -0.076863 -0.446831 0.891310
vn -0.057185 -0.500461 0.863868
vn -0.025083 -0.491201 0.870685
vn -0.112162 -0.434039 0.893885
vn -0.076863 -0.446831 0.891310
vn -0.200669 -0.381891 0.902159
vn -0.767345 -0.183298 0.614479
vn -0.911486 -0.103596 0.398072
vn -0.787536 -0.188102 0.586861
vn -0.295639 -0.334480 0.894830
vn -0.295639 -0.334480 0.894830
vn -0.297424 -0.337169 0.893228
vn -0.767345 -0.183298 0.614479
vn -0.379458 -0.293199 0.877523
vn -0.485596 -0.267157 0.832360
vn -0.488548 -0.271733 0.829145
vn -0.314777 -0.314281 0.895624
vn -0.485596 -0.267157 0.832360
vn -0.731900 -0.190756 0.654167
vn -0.689126 -0.211981 0.692943
vn -0.488548 -0.271733 0.829145
vn -0.731900 -0.190756 0.654167
vn -0.888453 -0.119233 0.443210
vn -0.861226 -0.136090 0.489663
vn -0.689126 -0.211981 0.692943
vn -0.993370 -0.009923 0.114531
vn -0.998552 0.017370 0.050923
vn -0.994077 0.010327 0.108183
vn -0.988466 -0.019902 0.150133
vn -0.988466 -0.019902 0.150133
vn -0.994077 0.010327 0.108183
vn -0.979311 -0.020583 0.201310
vn -0.969437 -0.047834 0.240634
vn -0.921207 -0.105159 0.374593
vn -0.848214 -0.176013 0.499552
vn -0.914200 -0.109791 0.390107
vn -0.950785 -0.062813 0.303419
vn -0.921207 -0.105159 0.374593
vn -0.892009 -0.144117 0.428428
vn -0.848214 -0.176013 0.499552
vn -0.848214 -0.176013 0.499552
vn -0.892009 -0.144117 0.428428
vn -0.878199 -0.186544 0.440417
vn -0.579542 -0.334750 0.743016
vn -0.589828 -0.374806 0.715279
vn -0.579542 -0.334750 0.743016
vn -0.846495 -0.220095 0.484772
vn -0.836189 -0.249113 0.488600
vn -0.342422 -0.436617 0.831933
vn -0.081452 -0.465735 0.881168
vn -0.112162 -0.434039 0.893885
vn -0.914200 -0.109791 0.390107
vn -0.969437 -0.047834 0.240634
vn -0.979311 -0.020583 0.201310
vn -0.950785 -0.062813 0.303419
vn -0.914200 -0.109791 0.390107
vn -0.787536 -0.188102 0.586861
vn -0.911486 -0.103596 0.398072
vn -0.969437 -0.047834 0.240634
vn -0.969437 -0.047834 0.240634
vn -0.911486 -0.103596 0.398072
vn -0.964686 -0.057117 0.257137
vn -0.988466 -0.019902 0.150133
vn -0.988466 -0.019902 0.150133
vn -0.964686 -0.057117 0.257137
vn -0.978568 -0.039710 0.202060
vn -0.993370 -0.009923 0.114531
vn -0.589828 -0.374806 0.715279
vn -0.342422 -0.436617 0.831933
vn -0.112162 -0.434039 0.893885
vn -0.579542 -0.334750 0.743016
vn -0.579542 -0.334750 0.743016
vn -0.112162 -0.434039 0.893885
vn -0.200669 -0.381891 0.902159
vn -0.680153 -0.256063 0.686894
vn -0.680153 -0.256063 0.686894
vn -0.200669 -0.381891 0.902159
vn -0.295639 -0.334480 0.894830
vn -0.787536 -0.188102 0.586861
vn -0.861226 -0.136090 0.489663
vn -0.964686 -0.057117 0.257137
vn -0.911486 -0.103596 0.398072
vn -0.767345 -0.183298 0.614479
vn -0.767345 -0.183298 0.614479
vn -0.297424 -0.337169 0.893228
vn -0.689126 -0.211981 0.692943
vn -0.861226 -0.136090 0.489663
vn -0.297424 -0.337169 0.893228
vn -0.314777 -0.314281 0.895624
vn -0.488548 -0.271733 0.829145
vn -0.689126 -0.211981 0.692943
vn -0.888453 -0.119233 0.443210
vn -0.978568 -0.039710 0.202060
vn -0.964686 -0.057117 0.257137
vn -0.861226 -0.136090 0.489663
vn -0.848214 -0.176013 0.499552
vn -0.579542 -0.334750 0.743016
vn -0.680153 -0.256063 0.686894
vn -0.878199 -0.186544 0.440417
vn -0.846495 -0.220095 0.484772
vn -0.579542 -0.334750 0.743016
vn -1.000000 -0.000001 0.000002
vn -1.000000 -0.000001 0.000002
vn -1.000000 -0.000001 0.000002
vn -1.000000 -0.000001 0.000002
vn -1.000000 -0.000001 0.000002
vn -1.000000 -0.000001 0.000002
vn -1.000000 -0.000001 0.000002
vn -1.000000 -0.000001 0.000002
vn -1.000000 -0.000001 0.000002
vn -1.000000 0.000001 0.000002
vn -1.000000 0.000001 0.000002
vn -1.000000 0.000002 0.000003
vn -1.000000 -0.000001 0.000002
vn -1.000000 -0.000002 0.000002
vn -1.000000 -0.000001 0.000002
vn -1.000000 0.000000 0.000002
vn -1.000000 -0.000002 0.000002
vn -1.000000 -0.000002 0.000002
vn -1.000000 -0.000002 0.000003
vn -1.000000 -0.000001 0.000002
vn -1.000000 -0.000001 0.000002
vn -1.000000 -0.000001 0.000002
vn -1.000000 -0.000001 0.000002
vn -1.000000 -0.000001 0.000002
vn -1.000000 -0.000001 0.000003
vn -1.000000 -0.000001 0.000003
vn -1.000000 -0.000001 0.000003
vn -1.000000 -0.000001 0.000003
vn -1.000000 -0.000001 0.000002
vn -1.000000 -0.000001 0.000002
vn -1.000000 -0.000001 0.000003
vn -1.000000 -0.000002 0.000003
vn -1.000000 -0.000002 0.000003
vn -1.000000 -0.000001 0.000003
vn -1.000000 -0.000002 0.000003
vn -1.000000 -0.000002 0.000002
vn -1.000000 -0.000002 0.000003
vn -1.000000 -0.000001 0.000003
vn -1.000000 -0.000001 0.000003
vn -1.000000 -0.000001 0.000003
vn -1.000000 -0.000001 0.000003
vn -1.000000 -0.000001 0.000003
vn -1.000000 -0.000001 0.000003
vn -1.000000 -0.000001 0.000003
vn -1.000000 -0.000001 0.000003
vn -1.000000 -0.000001 0.000003
vn -1.000000 -0.000001 0.000003
vn -1.000000 -0.000001 0.000003
vn -1.000000 -0.000001 0.000003
vn -1.000000 -0.000001 0.000003
vn -1.000000 -0.000001 0.000003
vn -1.000000 -0.000001 0.000003
vn -1.000000 0.000002 0.000001
vn -1.000000 0.000001 0.000002
vn -1.000000 -0.000002 0.000001
vn -1.000000 0.000002 0.000001
vn -1.000000 0.000002 0.000003
vn -1.000000 0.000001 0.000002
vn -1.000000 0.000001 0.000002
vn -1.000000 0.000000 0.000003
vn -1.000000 -0.000001 0.000002
vn -1.000000 -0.000001 0.000003
vn -1.000000 -0.000001 0.000002
vn -1.000000 0.000000 0.000002
vn -1.000000 -0.000001 0.000002
vn -1.000000 -0.000001 0.000003
vn -1.000000 -0.000001 0.000003
vn -1.000000 -0.000001 0.000003
vn -1.000000 -0.000001 0.000002
vn -1.000000 -0.000001 0.000003
vn -1.000000 -0.000001 0.000003
vn -1.000000 -0.000001 0.000003
vn -1.000000 -0.000001 0.000003
vn -1.000000 -0.000001 0.000003
vn -1.000000 -0.000001 0.000003
vn -1.000000 -0.000001 0.000003
vn -1.000000 -0.000001 0.000003
vn -1.000000 -0.000001 0.000003
vn -1.000000 -0.000001 0.000003
vn -1.000000 -0.000001 0.000003
vn -1.000000 -0.000001 0.000003
vn -1.000000 -0.000001 0.000002
vn -1.000000 -0.000002 0.000001
vn -1.000000 0.000001 0.000002
vn -1.000000 -0.000001 0.000003
vn -1.000000 -0.000001 0.000003
vn -1.000000 -0.000001 0.000003
vn -1.000000 -0.000001 0.000003
vn -1.000000 -0.000001 0.000003
vn -1.000000 -0.000001 0.000003
vn -0.996694 -0.080482 0.011108
vn -1.000000 0.000000 0.000003
vn -1.000000 -0.000001 0.000003
vn -1.000000 -0.000001 0.000003
vn -1.000000 -0.000001 0.000003
vn -1.000000 -0.000001 0.000003
vn -1.000000 -0.000001 0.000003
vn -1.000000 -0.000001 0.000003
vn -1.000000 -0.000001 0.000003
vn -1.000000 -0.000001 0.000003
vn -1.000000 -0.000001 0.000003
vn -1.000000 -0.000001 0.000003
vn -1.000000 -0.000001 0.000003
vn -1.000000 -0.000001 0.000003
vn -1.000000 -0.000001 0.000003
vn -1.000000 -0.000001 0.000002
vn -0.996315 -0.085198 -0.009936
vn -0.996694 -0.080482 0.011108
vn -1.000000 -0.000001 0.000003
vn -1.000000 -0.000001 0.000003
vn -1.000000 -0.000001 0.000003
vn -1.000000 -0.000001 0.000003
vn -1.000000 -0.000001 0.000003
vn -1.000000 -0.000001 0.000003
vn -1.000000 -0.000001 0.000003
vn -1.000000 -0.000001 0.000003
vn -1.000000 -0.000001 0.000003
vn -1.000000 -0.000001 0.000003
vn -1.000000 -0.000001 0.000003
vn -1.000000 -0.000001 0.000003
vn -1.000000 -0.000001 0.000003
vn -1.000000 -0.000001 0.000003
vn -1.000000 -0.000001 0.000003
vn -1.000000 -0.000001 0.000003
vn -0.996315 -0.085198 -0.009936
vn -1.000000 -0.000001 0.000003
vn -1.000000 -0.000001 0.000003
vn -1.000000 -0.000001 0.000003
vn -1.000000 -0.000001 0.000003
vn -1.000000 -0.000001 0.000003
vn -1.000000 -0.000001 0.000003
vn -1.000000 -0.000001 0.000003
vn -1.000000 -0.000001 0.000003
vn -1.000000 -0.000001 0.000003
vn -1.000000 -0.000001 0.000003
vn -1.000000 -0.000001 0.000003
vn -1.000000 -0.000001 0.000003
vn -1.000000 -0.000003 0.000003
vn -1.000000 -0.000001 0.000003
vn -1.000000 -0.000004 0.000002
vn -1.000000 -0.000004 0.000002
vn -1.000000 -0.000002 -0.000004
vn -1.000000 -0.000004 0.000002
vn -1.000000 -0.000003 0.000003
vn -1.000000 -0.000004 0.000003
vn -1.000000 -0.000004 0.000002
vn -1.000000 -0.000003 0.000003
vn -1.000000 0.000000 0.000002
vn -1.000000 -0.000004 0.000003
vn -1.000000 -0.000001 0.000003
vn -1.000000 -0.000001 0.000003
vn -1.000000 -0.000001 0.000003
vn -1.000000 -0.000001 0.000003
vn -1.000000 -0.000002 0.000003
vn -1.000000 -0.000002 0.000003
vn -1.000000 -0.000002 0.000003
vn -1.000000 -0.000002 0.000003
vn -1.000000 -0.000001 0.000003
vn -1.000000 -0.000001 0.000003
vn -1.000000 -0.000001 0.000003
vn -1.000000 -0.000001 0.000003
vn -0.548253 0.669221 -0.501560
vn -0.531314 0.601366 -0.596712
vn -0.747309 0.471707 -0.467998
vn -0.810743 0.479362 -0.336017
vn -0.304115 0.758843 -0.575909
vn -0.294573 0.665924 -0.685400
vn -0.531314 0.601366 -0.596712
vn -0.548253 0.669221 -0.501560
vn -0.262859 0.588219 -0.764790
vn -0.294573 0.665924 -0.685400
vn -0.082612 0.724257 -0.684564
vn -0.081289 0.624111 -0.777096
vn -0.294573 0.665924 -0.685400
vn -0.304115 0.758843 -0.575909
vn -0.078498 0.817322 -0.570808
vn -0.082612 0.724257 -0.684564
vn -0.339078 0.354399 -0.871451
vn -0.546207 0.314055 -0.776548
vn -0.251439 0.478895 -0.841093
vn -0.098445 0.448237 -0.888477
vn -0.251439 0.478895 -0.841093
vn -0.089065 0.518359 -0.850512
vn -0.098445 0.448237 -0.888477
vn -0.251439 0.478895 -0.841093
vn -0.542726 0.419523 -0.727632
vn -0.262859 0.588219 -0.764790
vn -0.089065 0.518359 -0.850512
vn -0.262859 0.588219 -0.764790
vn -0.081289 0.624111 -0.777096
vn -0.089065 0.518359 -0.850512
vn -0.084610 0.256247 -0.962901
vn -0.074791 0.188590 -0.979204
vn -0.336335 0.228328 -0.913644
vn -0.099680 0.323927 -0.940816
vn -0.336335 0.228328 -0.913644
vn -0.548064 0.203345 -0.811343
vn -0.339078 0.354399 -0.871451
vn -0.099680 0.323927 -0.940816
vn -0.339078 0.354399 -0.871451
vn -0.073980 0.343162 -0.936358
vn -0.099680 0.323927 -0.940816
vn -0.073980 0.343162 -0.936358
vn -0.098445 0.448237 -0.888477
vn -0.056074 0.406763 -0.911811
vn -0.074791 0.188590 -0.979204
vn -0.100061 0.162786 -0.981574
vn -0.336335 0.228328 -0.913644
vn -0.336335 0.228328 -0.913644
vn -0.100061 0.162786 -0.981574
vn -0.304789 0.096485 -0.947520
vn -0.543387 0.089404 -0.834708
vn -0.304789 0.096485 -0.947520
vn -0.100061 0.162786 -0.981574
vn -0.076241 0.093256 -0.992719
vn -0.097598 0.044482 -0.994231
vn -0.304789 0.096485 -0.947520
vn -0.097598 0.044482 -0.994231
vn -0.339236 -0.028214 -0.940278
vn -0.546187 -0.026862 -0.837232
vn -0.097598 0.044482 -0.994231
vn -0.054605 0.002279 -0.998506
vn -0.073815 -0.063363 -0.995257
vn -0.747359 -0.120368 -0.653426
vn -0.856321 -0.095198 -0.507595
vn -0.856364 -0.023746 -0.515826
vn -0.747207 -0.028785 -0.663968
vn -0.856364 -0.023746 -0.515826
vn -0.856381 0.048142 -0.514095
vn -0.747137 0.063356 -0.661644
vn -0.747207 -0.028785 -0.663968
vn -0.856381 0.048142 -0.514095
vn -0.856349 0.119141 -0.502466
vn -0.747262 0.154306 -0.646366
vn -0.747137 0.063356 -0.661644
vn -0.856349 0.119141 -0.502466
vn -0.856306 0.187772 -0.481125
vn -0.747368 0.242131 -0.618719
vn -0.747262 0.154306 -0.646366
vn -0.856306 0.187772 -0.481125
vn -0.856341 0.252703 -0.450358
vn -0.747283 0.325349 -0.579410
vn -0.747368 0.242131 -0.618719
vn -0.856341 0.252703 -0.450358
vn -0.856379 0.312793 -0.410823
vn -0.747193 0.402474 -0.528883
vn -0.747283 0.325349 -0.579410
vn -0.856379 0.312793 -0.410823
vn -0.856334 0.366897 -0.363425
vn -0.747309 0.471707 -0.467998
vn -0.747193 0.402474 -0.528883
vn -0.856334 0.366897 -0.363425
vn -0.854771 0.420977 -0.303554
vn -0.810743 0.479362 -0.336017
vn -0.747309 0.471707 -0.467998
vn -0.073815 -0.063363 -0.995257
vn -0.098052 -0.089277 -0.991169
vn -0.339236 -0.028214 -0.940278
vn -0.339236 -0.028214 -0.940278
vn -0.098052 -0.089277 -0.991169
vn -0.344036 -0.156774 -0.925776
vn -0.548498 -0.142185 -0.823974
vn -0.098052 -0.089277 -0.991169
vn -0.054127 -0.126824 -0.990447
vn -0.073375 -0.192103 -0.978628
vn -0.856321 -0.095198 -0.507595
vn -0.747359 -0.120368 -0.653426
vn -0.747434 -0.209498 -0.630438
vn -0.856299 -0.164729 -0.489506
vn -0.073375 -0.192103 -0.978628
vn -0.088646 -0.250776 -0.963978
vn -0.344036 -0.156774 -0.925776
vn -0.344036 -0.156774 -0.925776
vn -0.088646 -0.250776 -0.963978
vn -0.345570 -0.282124 -0.894979
vn -0.549320 -0.254625 -0.795873
vn -0.088646 -0.250776 -0.963978
vn -0.073260 -0.311882 -0.947292
vn -0.345570 -0.282124 -0.894979
vn -0.856299 -0.164729 -0.489506
vn -0.747434 -0.209498 -0.630438
vn -0.747403 -0.294670 -0.595448
vn -0.856352 -0.231060 -0.461814
vn -0.073260 -0.311882 -0.947292
vn -0.053760 -0.374816 -0.925539
vn -0.098136 -0.403305 -0.909788
vn -0.345570 -0.282124 -0.894979
vn -0.098136 -0.403305 -0.909788
vn -0.345304 -0.402167 -0.847955
vn -0.549237 -0.362200 -0.753093
vn -0.098136 -0.403305 -0.909788
vn -0.073346 -0.431894 -0.898937
vn -0.345304 -0.402167 -0.847955
vn -0.856352 -0.231060 -0.461814
vn -0.747403 -0.294670 -0.595448
vn -0.747403 -0.374348 -0.548865
vn -0.856324 -0.293032 -0.425255
vn -0.073346 -0.431894 -0.898937
vn -0.054131 -0.491275 -0.869321
vn -0.098001 -0.521971 -0.847315
vn -0.345304 -0.402167 -0.847955
vn -0.098001 -0.521971 -0.847315
vn -0.343211 -0.515576 -0.785104
vn -0.548540 -0.463342 -0.696002
vn -0.098001 -0.521971 -0.847315
vn -0.073784 -0.545060 -0.835144
vn -0.343211 -0.515576 -0.785104
vn -0.856324 -0.293032 -0.425255
vn -0.747403 -0.374348 -0.548865
vn -0.747409 -0.446529 -0.491926
vn -0.856320 -0.349156 -0.380534
vn -0.073784 -0.545060 -0.835144
vn -0.054630 -0.599531 -0.798485
vn -0.097625 -0.631005 -0.769612
vn -0.343211 -0.515576 -0.785104
vn -0.097625 -0.631005 -0.769612
vn -0.337975 -0.619906 -0.708159
vn -0.546497 -0.555916 -0.626337
vn -0.097625 -0.631005 -0.769612
vn -0.074506 -0.648595 -0.757479
vn -0.337975 -0.619906 -0.708159
vn -0.856320 -0.349156 -0.380534
vn -0.747409 -0.446529 -0.491926
vn -0.743358 -0.513389 -0.428777
vn -0.859804 -0.391671 -0.327613
vn -0.074506 -0.648595 -0.757479
vn -0.055180 -0.697713 -0.714249
vn -0.096795 -0.728457 -0.678219
vn -0.337975 -0.619906 -0.708159
vn -0.096795 -0.728457 -0.678219
vn -0.332650 -0.722967 -0.605527
vn -0.524900 -0.653868 -0.544918
vn -0.096795 -0.728457 -0.678219
vn -0.075132 -0.741226 -0.667038
vn -0.332650 -0.722967 -0.605527
vn -0.859804 -0.391671 -0.327613
vn -0.743358 -0.513389 -0.428777
vn -0.745333 -0.570666 -0.344702
vn -0.853125 -0.445068 -0.272199
vn -0.531314 0.601366 -0.596712
vn -0.550285 0.513166 -0.658671
vn -0.747193 0.402474 -0.528883
vn -0.747309 0.471707 -0.467998
vn -0.550285 0.513166 -0.658671
vn -0.542726 0.419523 -0.727632
vn -0.747283 0.325349 -0.579410
vn -0.747193 0.402474 -0.528883
vn -0.542726 0.419523 -0.727632
vn -0.546207 0.314055 -0.776548
vn -0.747368 0.242131 -0.618719
vn -0.747283 0.325349 -0.579410
vn -0.546207 0.314055 -0.776548
vn -0.548064 0.203345 -0.811343
vn -0.747262 0.154306 -0.646366
vn -0.747368 0.242131 -0.618719
vn -0.548064 0.203345 -0.811343
vn -0.543387 0.089404 -0.834708
vn -0.747137 0.063356 -0.661644
vn -0.747262 0.154306 -0.646366
vn -0.543387 0.089404 -0.834708
vn -0.546187 -0.026862 -0.837232
vn -0.747207 -0.028785 -0.663968
vn -0.747137 0.063356 -0.661644
vn -0.546187 -0.026862 -0.837232
vn -0.548498 -0.142185 -0.823974
vn -0.747359 -0.120368 -0.653426
vn -0.747207 -0.028785 -0.663968
vn -0.548498 -0.142185 -0.823974
vn -0.549320 -0.254625 -0.795873
vn -0.747434 -0.209498 -0.630438
vn -0.747359 -0.120368 -0.653426
vn -0.549320 -0.254625 -0.795873
vn -0.549237 -0.362200 -0.753093
vn -0.747403 -0.294670 -0.595448
vn -0.747434 -0.209498 -0.630438
vn -0.549237 -0.362200 -0.753093
vn -0.548540 -0.463342 -0.696002
vn -0.747403 -0.374348 -0.548865
vn -0.747403 -0.294670 -0.595448
vn -0.548540 -0.463342 -0.696002
vn -0.546497 -0.555916 -0.626337
vn -0.747409 -0.446529 -0.491926
vn -0.747403 -0.374348 -0.548865
vn -0.546497 -0.555916 -0.626337
vn -0.524900 -0.653868 -0.544918
vn -0.743358 -0.513389 -0.428777
vn -0.747409 -0.446529 -0.491926
vn -0.524900 -0.653868 -0.544918
vn -0.530816 -0.719952 -0.447107
vn -0.745333 -0.570666 -0.344702
vn -0.743358 -0.513389 -0.428777
vn -0.294573 0.665924 -0.685400
vn -0.262859 0.588219 -0.764790
vn -0.550285 0.513166 -0.658671
vn -0.531314 0.601366 -0.596712
vn -0.262859 0.588219 -0.764790
vn -0.542726 0.419523 -0.727632
vn -0.550285 0.513166 -0.658671
vn -0.251439 0.478895 -0.841093
vn -0.546207 0.314055 -0.776548
vn -0.542726 0.419523 -0.727632
vn -0.339078 0.354399 -0.871451
vn -0.548064 0.203345 -0.811343
vn -0.546207 0.314055 -0.776548
vn -0.336335 0.228328 -0.913644
vn -0.543387 0.089404 -0.834708
vn -0.548064 0.203345 -0.811343
vn -0.304789 0.096485 -0.947520
vn -0.546187 -0.026862 -0.837232
vn -0.543387 0.089404 -0.834708
vn -0.339236 -0.028214 -0.940278
vn -0.548498 -0.142185 -0.823974
vn -0.546187 -0.026862 -0.837232
vn -0.344036 -0.156774 -0.925776
vn -0.549320 -0.254625 -0.795873
vn -0.548498 -0.142185 -0.823974
vn -0.345570 -0.282124 -0.894979
vn -0.549237 -0.362200 -0.753093
vn -0.549320 -0.254625 -0.795873
vn -0.345304 -0.402167 -0.847955
vn -0.548540 -0.463342 -0.696002
vn -0.549237 -0.362200 -0.753093
vn -0.343211 -0.515576 -0.785104
vn -0.546497 -0.555916 -0.626337
vn -0.548540 -0.463342 -0.696002
vn -0.337975 -0.619906 -0.708159
vn -0.524900 -0.653868 -0.544918
vn -0.546497 -0.555916 -0.626337
vn -0.332650 -0.722967 -0.605527
vn -0.302286 -0.803018 -0.513601
vn -0.530816 -0.719952 -0.447107
vn -0.524900 -0.653868 -0.544918
vn -0.754911 -0.603242 -0.257311
vn -0.857541 -0.465604 -0.218716
vn -0.853125 -0.445068 -0.272199
vn -0.745333 -0.570666 -0.344702
vn -0.079241 -0.914874 -0.395887
vn -0.282630 -0.877462 -0.387531
vn -0.302286 -0.803018 -0.513601
vn -0.081514 -0.854691 -0.512697
vn -0.081514 -0.854691 -0.512697
vn -0.302286 -0.803018 -0.513601
vn -0.332650 -0.722967 -0.605527
vn -0.085195 -0.815518 -0.572426
vn -0.085195 -0.815518 -0.572426
vn -0.075132 -0.741226 -0.667038
vn -0.056174 -0.784751 -0.617261
vn -0.282630 -0.877462 -0.387531
vn -0.341544 -0.903947 -0.257347
vn -0.588785 -0.776895 -0.223082
vn -0.531163 -0.774649 -0.343198
vn -0.531163 -0.774649 -0.343198
vn -0.588785 -0.776895 -0.223082
vn -0.753940 -0.631406 -0.181388
vn -0.754911 -0.603242 -0.257311
vn -0.754911 -0.603242 -0.257311
vn -0.753940 -0.631406 -0.181388
vn -0.852313 -0.504476 -0.138079
vn -0.857541 -0.465604 -0.218716
vn -0.754911 -0.603242 -0.257311
vn -0.745333 -0.570666 -0.344702
vn -0.530816 -0.719952 -0.447107
vn -0.531163 -0.774649 -0.343198
vn -0.531163 -0.774649 -0.343198
vn -0.530816 -0.719952 -0.447107
vn -0.302286 -0.803018 -0.513601
vn -0.282630 -0.877462 -0.387531
vn -0.079241 -0.914874 -0.395887
vn -0.078912 -0.958903 -0.272539
vn -0.341544 -0.903947 -0.257347
vn -0.282630 -0.877462 -0.387531
vn -0.280456 -0.537492 0.795265
vn -0.081452 -0.465735 0.881168
vn -0.342422 -0.436617 0.831933
vn -0.335031 -0.935745 -0.110161
vn -0.532288 -0.838236 -0.118448
vn -0.341544 -0.903947 -0.257347
vn -0.078912 -0.958903 -0.272539
vn -0.078912 -0.958903 -0.272539
vn -0.058593 -0.960447 -0.272230
vn -0.057754 -0.987321 -0.147858
vn -0.079105 -0.986210 -0.145370
vn -0.335031 -0.935745 -0.110161
vn -0.079105 -0.986210 -0.145370
vn -0.311393 -0.950164 0.014905
vn -0.505367 -0.862899 0.003114
vn -0.079105 -0.986210 -0.145370
vn -0.080103 -0.996721 -0.011410
vn -0.311393 -0.950164 0.014905
vn -0.305354 -0.940058 0.151825
vn -0.537250 -0.834205 0.124358
vn -0.311393 -0.950164 0.014905
vn -0.089872 -0.988564 0.121098
vn -0.311393 -0.950164 0.014905
vn -0.080103 -0.996721 -0.011410
vn -0.089872 -0.988564 0.121098
vn -0.089872 -0.988564 0.121098
vn -0.098516 -0.974133 0.203371
vn -0.305354 -0.940058 0.151825
vn -0.305354 -0.940058 0.151825
vn -0.098516 -0.974133 0.203371
vn -0.410090 -0.872814 0.264616
vn -0.529128 -0.812595 0.244361
vn -0.098483 -0.933805 0.343962
vn -0.071073 -0.894522 0.441338
vn -0.418086 -0.821704 0.387307
vn -0.418086 -0.821704 0.387307
vn -0.539019 -0.763486 0.355736
vn -0.410090 -0.872814 0.264616
vn -0.098483 -0.933805 0.343962
vn -0.410090 -0.872814 0.264616
vn -0.074570 -0.943341 0.323336
vn -0.098483 -0.933805 0.343962
vn -0.074570 -0.943341 0.323336
vn -0.098516 -0.974133 0.203371
vn -0.056453 -0.965662 0.253594
vn -0.071073 -0.894522 0.441338
vn -0.088814 -0.863684 0.496147
vn -0.418086 -0.821704 0.387307
vn -0.418086 -0.821704 0.387307
vn -0.088814 -0.863684 0.496147
vn -0.365206 -0.776531 0.513444
vn -0.534318 -0.707010 0.463295
vn -0.129503 -0.781215 0.610682
vn -0.072414 -0.740033 0.668661
vn -0.424428 -0.670324 0.608709
vn -0.424428 -0.670324 0.608709
vn -0.539106 -0.625805 0.563678
vn -0.365206 -0.776531 0.513444
vn -0.129503 -0.781215 0.610682
vn -0.365206 -0.776531 0.513444
vn -0.088814 -0.863684 0.496147
vn -0.075489 -0.830489 0.551896
vn -0.129503 -0.781215 0.610682
vn -0.398520 -0.581555 0.709208
vn -0.550447 -0.541394 0.635532
vn -0.424428 -0.670324 0.608709
vn -0.095962 -0.688924 0.718453
vn -0.424428 -0.670324 0.608709
vn -0.072414 -0.740033 0.668661
vn -0.095962 -0.688924 0.718453
vn -0.487661 -0.489439 0.722936
vn -0.280456 -0.537492 0.795265
vn -0.342422 -0.436617 0.831933
vn -0.589828 -0.374806 0.715279
vn -0.658945 -0.425264 0.620437
vn -0.487661 -0.489439 0.722936
vn -0.589828 -0.374806 0.715279
vn -0.836189 -0.249113 0.488600
vn -0.836189 -0.249113 0.488600
vn -0.866472 -0.277753 0.414824
vn -0.840440 -0.310662 0.444016
vn -0.658945 -0.425264 0.620437
vn -0.840440 -0.310662 0.444016
vn -0.665763 -0.485546 0.566573
vn -0.550447 -0.541394 0.635532
vn -0.840440 -0.310662 0.444016
vn -0.856937 -0.328589 0.397100
vn -0.665763 -0.485546 0.566573
vn -0.678853 -0.548050 0.488670
vn -0.539106 -0.625805 0.563678
vn -0.665763 -0.485546 0.566573
vn -0.831589 -0.395048 0.390381
vn -0.665763 -0.485546 0.566573
vn -0.856937 -0.328589 0.397100
vn -0.831589 -0.395048 0.390381
vn -0.776294 -0.521709 0.353819
vn -0.534318 -0.707010 0.463295
vn -0.678853 -0.548050 0.488670
vn -0.825508 -0.441669 0.351376
vn -0.678853 -0.548050 0.488670
vn -0.831589 -0.395048 0.390381
vn -0.825508 -0.441669 0.351376
vn -0.858498 -0.490217 0.150560
vn -0.732526 -0.650529 0.200542
vn -0.827748 -0.519256 0.212618
vn -0.870574 -0.466730 0.155770
vn -0.732526 -0.650529 0.200542
vn -0.529128 -0.812595 0.244361
vn -0.685846 -0.660537 0.305460
vn -0.827748 -0.519256 0.212618
vn -0.685846 -0.660537 0.305460
vn -0.837148 -0.483612 0.255543
vn -0.827748 -0.519256 0.212618
vn -0.685846 -0.660537 0.305460
vn -0.539019 -0.763486 0.355736
vn -0.776294 -0.521709 0.353819
vn -0.837148 -0.483612 0.255543
vn -0.776294 -0.521709 0.353819
vn -0.859654 -0.433091 0.270975
vn -0.837148 -0.483612 0.255543
vn -0.859654 -0.433091 0.270975
vn -0.776294 -0.521709 0.353819
vn -0.825508 -0.441669 0.351376
vn -0.864263 -0.389291 0.318593
vn -0.777431 -0.622629 0.089076
vn -0.537250 -0.834205 0.124358
vn -0.732526 -0.650529 0.200542
vn -0.822366 -0.558133 0.110467
vn -0.732526 -0.650529 0.200542
vn -0.858498 -0.490217 0.150560
vn -0.822366 -0.558133 0.110467
vn -0.674719 -0.738068 0.003201
vn -0.827702 -0.559604 0.041873
vn -0.856199 -0.516554 -0.009768
vn -0.674719 -0.738068 0.003201
vn -0.505367 -0.862899 0.003114
vn -0.777431 -0.622629 0.089076
vn -0.827702 -0.559604 0.041873
vn -0.827702 -0.559604 0.041873
vn -0.777431 -0.622629 0.089076
vn -0.822366 -0.558133 0.110467
vn -0.868967 -0.493517 0.036579
vn -0.856199 -0.516554 -0.009768
vn -0.851311 -0.519155 -0.075816
vn -0.674719 -0.738068 0.003201
vn -0.674719 -0.738068 0.003201
vn -0.851311 -0.519155 -0.075816
vn -0.703734 -0.704219 -0.093988
vn -0.532288 -0.838236 -0.118448
vn -0.851311 -0.519155 -0.075816
vn -0.852313 -0.504476 -0.138079
vn -0.703734 -0.704219 -0.093988
vn -0.703734 -0.704219 -0.093988
vn -0.852313 -0.504476 -0.138079
vn -0.753940 -0.631406 -0.181388
vn -0.588785 -0.776895 -0.223082
vn -0.081452 -0.465735 0.881168
vn -0.280456 -0.537492 0.795265
vn -0.077040 -0.550981 0.830954
vn -0.280456 -0.537492 0.795265
vn -0.081289 -0.606256 0.791104
vn -0.077040 -0.550981 0.830954
vn -0.280456 -0.537492 0.795265
vn -0.487661 -0.489439 0.722936
vn -0.398520 -0.581555 0.709208
vn -0.081289 -0.606256 0.791104
vn -0.398520 -0.581555 0.709208
vn -0.095962 -0.688924 0.718453
vn -0.081289 -0.606256 0.791104
vn -0.487661 -0.489439 0.722936
vn -0.658945 -0.425264 0.620437
vn -0.550447 -0.541394 0.635532
vn -0.398520 -0.581555 0.709208
vn -0.550447 -0.541394 0.635532
vn -0.665763 -0.485546 0.566573
vn -0.539106 -0.625805 0.563678
vn -0.424428 -0.670324 0.608709
vn -0.539106 -0.625805 0.563678
vn -0.678853 -0.548050 0.488670
vn -0.534318 -0.707010 0.463295
vn -0.365206 -0.776531 0.513444
vn -0.534318 -0.707010 0.463295
vn -0.776294 -0.521709 0.353819
vn -0.539019 -0.763486 0.355736
vn -0.418086 -0.821704 0.387307
vn -0.539019 -0.763486 0.355736
vn -0.685846 -0.660537 0.305460
vn -0.529128 -0.812595 0.244361
vn -0.410090 -0.872814 0.264616
vn -0.529128 -0.812595 0.244361
vn -0.732526 -0.650529 0.200542
vn -0.537250 -0.834205 0.124358
vn -0.305354 -0.940058 0.151825
vn -0.537250 -0.834205 0.124358
vn -0.777431 -0.622629 0.089076
vn -0.505367 -0.862899 0.003114
vn -0.311393 -0.950164 0.014905
vn -0.505367 -0.862899 0.003114
vn -0.674719 -0.738068 0.003201
vn -0.532288 -0.838236 -0.118448
vn -0.335031 -0.935745 -0.110161
vn -0.532288 -0.838236 -0.118448
vn -0.703734 -0.704219 -0.093988
vn -0.588785 -0.776895 -0.223082
vn -0.341544 -0.903947 -0.257347
vn -0.084610 0.256247 -0.962901
vn -0.099680 0.323927 -0.940816
vn -0.052406 0.275622 -0.959837
vn -0.039779 0.271361 -0.961655
vn -0.035587 0.137661 -0.989840
vn -0.053031 0.138926 -0.988882
vn -0.052406 0.275622 -0.959837
vn -0.056074 0.406763 -0.911811
vn -0.035117 0.412827 -0.910132
vn -0.039779 0.271361 -0.961655
vn -0.052406 0.275622 -0.959837
vn -0.078912 -0.958903 -0.272539
vn -0.079241 -0.914874 -0.395887
vn -0.058149 -0.918226 -0.391765
vn -0.058593 -0.960447 -0.272230
vn -0.079241 -0.914874 -0.395887
vn -0.081514 -0.854691 -0.512697
vn -0.057456 -0.857544 -0.511191
vn -0.058149 -0.918226 -0.391765
vn -0.085195 -0.815518 -0.572426
vn -0.056174 -0.784751 -0.617261
vn -0.057456 -0.857544 -0.511191
vn -0.081514 -0.854691 -0.512697
vn -0.055180 -0.697713 -0.714249
vn -0.074506 -0.648595 -0.757479
vn -0.097625 -0.631005 -0.769612
vn -0.054630 -0.599531 -0.798485
vn -0.096795 -0.728457 -0.678219
vn -0.055180 -0.697713 -0.714249
vn -0.056174 -0.784751 -0.617261
vn -0.075132 -0.741226 -0.667038
vn -0.054131 -0.491275 -0.869321
vn -0.073346 -0.431894 -0.898937
vn -0.098136 -0.403305 -0.909788
vn -0.053760 -0.374816 -0.925539
vn -0.098001 -0.521971 -0.847315
vn -0.054131 -0.491275 -0.869321
vn -0.054630 -0.599531 -0.798485
vn -0.073784 -0.545060 -0.835144
vn -0.073375 -0.192103 -0.978628
vn -0.054127 -0.126824 -0.990447
vn -0.054010 -0.252509 -0.966086
vn -0.088646 -0.250776 -0.963978
vn -0.088646 -0.250776 -0.963978
vn -0.054010 -0.252509 -0.966086
vn -0.053760 -0.374816 -0.925539
vn -0.073260 -0.311882 -0.947292
vn -0.073815 -0.063363 -0.995257
vn -0.054605 0.002279 -0.998506
vn -0.054127 -0.126824 -0.990447
vn -0.098052 -0.089277 -0.991169
vn -0.100061 0.162786 -0.981574
vn -0.074791 0.188590 -0.979204
vn -0.053031 0.138926 -0.988882
vn -0.076241 0.093256 -0.992719
vn -0.076241 0.093256 -0.992719
vn -0.053031 0.138926 -0.988882
vn -0.054605 0.002279 -0.998506
vn -0.097598 0.044482 -0.994231
vn -0.052406 0.275622 -0.959837
vn -0.053031 0.138926 -0.988882
vn -0.074791 0.188590 -0.979204
vn -0.074791 0.188590 -0.979204
vn -0.084610 0.256247 -0.962901
vn -0.052406 0.275622 -0.959837
vn -0.058593 -0.960447 -0.272230
vn -0.058149 -0.918226 -0.391765
vn -0.032141 -0.918228 -0.394746
vn -0.033499 -0.961769 -0.271804
vn -0.032141 -0.918228 -0.394746
vn -0.058149 -0.918226 -0.391765
vn -0.057456 -0.857544 -0.511191
vn -0.030562 -0.858628 -0.511687
vn -0.030562 -0.858628 -0.511687
vn -0.057456 -0.857544 -0.511191
vn -0.056174 -0.784751 -0.617261
vn -0.030563 -0.785332 -0.618320
vn -0.030563 -0.785332 -0.618320
vn -0.056174 -0.784751 -0.617261
vn -0.055180 -0.697713 -0.714249
vn -0.030563 -0.698873 -0.714592
vn -0.030563 -0.698873 -0.714592
vn -0.055180 -0.697713 -0.714249
vn -0.054630 -0.599531 -0.798485
vn -0.030564 -0.600704 -0.798887
vn -0.030564 -0.600704 -0.798887
vn -0.054630 -0.599531 -0.798485
vn -0.054131 -0.491275 -0.869321
vn -0.030565 -0.492467 -0.869794
vn -0.030565 -0.492467 -0.869794
vn -0.054131 -0.491275 -0.869321
vn -0.053760 -0.374816 -0.925539
vn -0.030566 -0.375977 -0.926125
vn -0.030566 -0.375977 -0.926125
vn -0.053760 -0.374816 -0.925539
vn -0.054010 -0.252509 -0.966086
vn -0.030567 -0.253186 -0.966935
vn -0.030567 -0.253186 -0.966935
vn -0.054010 -0.252509 -0.966086
vn -0.054127 -0.126824 -0.990447
vn -0.030567 -0.126151 -0.991540
vn -0.030567 -0.126151 -0.991540
vn -0.054127 -0.126824 -0.990447
vn -0.054605 0.002279 -0.998506
vn -0.030568 0.002996 -0.999528
vn -0.030568 0.002996 -0.999528
vn -0.054605 0.002279 -0.998506
vn -0.053031 0.138926 -0.988882
vn -0.035587 0.137661 -0.989840
vn -0.073980 0.343162 -0.936358
vn -0.056074 0.406763 -0.911811
vn -0.052406 0.275622 -0.959837
vn -0.099680 0.323927 -0.940816
vn -0.066252 0.713967 -0.697038
vn -0.057791 0.623639 -0.779574
vn -0.081289 0.624111 -0.777096
vn -0.082612 0.724257 -0.684564
vn -0.082612 0.724257 -0.684564
vn -0.078498 0.817322 -0.570808
vn -0.041652 0.834685 -0.549150
vn -0.066252 0.713967 -0.697038
vn -0.041652 0.834685 -0.549150
vn -0.025532 0.704144 -0.709598
vn -0.066252 0.713967 -0.697038
vn -0.035117 0.412827 -0.910132
vn -0.056074 0.406763 -0.911811
vn -0.057791 0.518462 -0.853146
vn -0.030572 0.519086 -0.854175
vn -0.057791 0.518462 -0.853146
vn -0.056074 0.406763 -0.911811
vn -0.098445 0.448237 -0.888477
vn -0.089065 0.518359 -0.850512
vn -0.030572 0.519086 -0.854175
vn -0.057791 0.518462 -0.853146
vn -0.057791 0.623639 -0.779574
vn -0.030572 0.624390 -0.780514
vn -0.057791 0.623639 -0.779574
vn -0.057791 0.518462 -0.853146
vn -0.089065 0.518359 -0.850512
vn -0.081289 0.624111 -0.777096
vn -0.030572 0.624390 -0.780514
vn -0.057791 0.623639 -0.779574
vn -0.066252 0.713967 -0.697038
vn -0.025532 0.704144 -0.709598
vn 0.000000 -0.962445 -0.271477
vn 0.000000 -0.990133 -0.140128
vn -0.031555 -0.988996 -0.144541
vn -0.033499 -0.961769 -0.271804
vn -0.033499 -0.961769 -0.271804
vn -0.031555 -0.988996 -0.144541
vn -0.057754 -0.987321 -0.147858
vn -0.058593 -0.960447 -0.272230
vn -0.059544 -0.601761 0.796453
vn -0.057185 -0.500461 0.863868
vn -0.077040 -0.550981 0.830954
vn -0.081289 -0.606256 0.791104
vn -0.095962 -0.688924 0.718453
vn -0.054749 -0.694772 0.717144
vn -0.059544 -0.601761 0.796453
vn -0.081289 -0.606256 0.791104
vn -0.129503 -0.781215 0.610682
vn -0.053848 -0.787578 0.613857
vn -0.072414 -0.740033 0.668661
vn -0.072414 -0.740033 0.668661
vn -0.053848 -0.787578 0.613857
vn -0.054749 -0.694772 0.717144
vn -0.095962 -0.688924 0.718453
vn -0.098483 -0.933805 0.343962
vn -0.053581 -0.921844 0.383840
vn -0.071073 -0.894522 0.441338
vn -0.071073 -0.894522 0.441338
vn -0.053581 -0.921844 0.383840
vn -0.054278 -0.861458 0.504920
vn -0.088814 -0.863684 0.496147
vn -0.088814 -0.863684 0.496147
vn -0.054278 -0.861458 0.504920
vn -0.053848 -0.787578 0.613857
vn -0.075489 -0.830489 0.551896
vn -0.053848 -0.787578 0.613857
vn -0.129503 -0.781215 0.610682
vn -0.075489 -0.830489 0.551896
vn -0.074570 -0.943341 0.323336
vn -0.056453 -0.965662 0.253594
vn -0.053581 -0.921844 0.383840
vn -0.098483 -0.933805 0.343962
vn -0.056453 -0.965662 0.253594
vn -0.098516 -0.974133 0.203371
vn -0.089872 -0.988564 0.121098
vn -0.057871 -0.990343 0.125980
vn -0.080103 -0.996721 -0.011410
vn -0.057151 -0.998320 -0.009497
vn -0.057871 -0.990343 0.125980
vn -0.089872 -0.988564 0.121098
vn -0.079105 -0.986210 -0.145370
vn -0.057754 -0.987321 -0.147858
vn -0.057151 -0.998320 -0.009497
vn -0.080103 -0.996721 -0.011410
vn -0.030215 -0.601320 0.798437
vn -0.059544 -0.601761 0.796453
vn -0.054749 -0.694772 0.717144
vn -0.029776 -0.697002 0.716451
vn -0.029776 -0.697002 0.716451
vn -0.054749 -0.694772 0.717144
vn -0.053848 -0.787578 0.613857
vn -0.029776 -0.786895 0.616369
vn -0.029776 -0.786895 0.616369
vn -0.053848 -0.787578 0.613857
vn -0.054278 -0.861458 0.504920
vn -0.029776 -0.862535 0.505120
vn -0.029776 -0.862535 0.505120
vn -0.054278 -0.861458 0.504920
vn -0.053581 -0.921844 0.383840
vn -0.029777 -0.922553 0.384721
vn -0.029777 -0.922553 0.384721
vn -0.053581 -0.921844 0.383840
vn -0.056453 -0.965662 0.253594
vn -0.029778 -0.965859 0.257353
vn -0.029778 -0.965859 0.257353
vn -0.056453 -0.965662 0.253594
vn -0.057871 -0.990343 0.125980
vn -0.029779 -0.991669 0.125326
vn -0.029779 -0.991669 0.125326
vn -0.057871 -0.990343 0.125980
vn -0.057151 -0.998320 -0.009497
vn -0.029780 -0.999516 -0.008973
vn -0.029780 -0.999516 -0.008973
vn -0.057151 -0.998320 -0.009497
vn -0.057754 -0.987321 -0.147858
vn -0.031555 -0.988996 -0.144541
vn -0.025083 -0.491201 0.870685
vn -0.057185 -0.500461 0.863868
vn -0.059544 -0.601761 0.796453
vn -0.030215 -0.601320 0.798437
vn -0.866472 -0.277753 0.414824
vn -0.836189 -0.249113 0.488600
vn -0.867168 -0.235051 0.439057
vn -0.872575 -0.488481 0.000184
vn -0.864663 -0.496863 -0.074059
vn -0.851311 -0.519155 -0.075816
vn -0.856199 -0.516554 -0.009768
vn -0.851311 -0.519155 -0.075816
vn -0.864663 -0.496863 -0.074059
vn -0.877255 -0.461179 -0.133184
vn -0.852313 -0.504476 -0.138079
vn -0.868967 -0.493517 0.036579
vn -0.872575 -0.488481 0.000184
vn -0.856199 -0.516554 -0.009768
vn -0.827702 -0.559604 0.041873
vn -0.873364 -0.472775 0.117131
vn -0.868967 -0.493517 0.036579
vn -0.822366 -0.558133 0.110467
vn -0.870574 -0.466730 0.155770
vn -0.873364 -0.472775 0.117131
vn -0.858498 -0.490217 0.150560
vn -0.873364 -0.472775 0.117131
vn -0.822366 -0.558133 0.110467
vn -0.858498 -0.490217 0.150560
vn -0.837148 -0.483612 0.255543
vn -0.859654 -0.433091 0.270975
vn -0.863304 -0.427250 0.268634
vn -0.863100 -0.456037 0.217000
vn -0.859654 -0.433091 0.270975
vn -0.864263 -0.389291 0.318593
vn -0.863304 -0.427250 0.268634
vn -0.866472 -0.277753 0.414824
vn -0.863997 -0.305823 0.399977
vn -0.856937 -0.328589 0.397100
vn -0.840440 -0.310662 0.444016
vn -0.856937 -0.328589 0.397100
vn -0.863997 -0.305823 0.399977
vn -0.861828 -0.355507 0.361756
vn -0.831589 -0.395048 0.390381
vn -0.831589 -0.395048 0.390381
vn -0.861828 -0.355507 0.361756
vn -0.864263 -0.389291 0.318593
vn -0.825508 -0.441669 0.351376
vn -0.867168 -0.235051 0.439057
vn -0.865837 -0.307494 0.394681
vn -0.863997 -0.305823 0.399977
vn -0.866472 -0.277753 0.414824
vn -0.865837 -0.307494 0.394681
vn -0.861990 -0.356065 0.360819
vn -0.861828 -0.355507 0.361756
vn -0.863997 -0.305823 0.399977
vn -0.861990 -0.356065 0.360819
vn -0.864210 -0.392408 0.314893
vn -0.864263 -0.389291 0.318593
vn -0.861828 -0.355507 0.361756
vn -0.870574 -0.466730 0.155770
vn -0.827748 -0.519256 0.212618
vn -0.837148 -0.483612 0.255543
vn -0.863100 -0.456037 0.217000
vn -0.863100 -0.456037 0.217000
vn -0.863304 -0.427250 0.268634
vn -0.861844 -0.429414 0.269869
vn -0.861073 -0.456191 0.224596
vn -0.861844 -0.429414 0.269869
vn -0.863304 -0.427250 0.268634
vn -0.864263 -0.389291 0.318593
vn -0.864210 -0.392408 0.314893
vn -0.868967 -0.493517 0.036579
vn -0.873364 -0.472775 0.117131
vn -0.996694 -0.080482 0.011108
vn -0.873364 -0.472775 0.117131
vn -0.870574 -0.466730 0.155770
vn -0.872277 -0.463665 0.155396
vn -0.996694 -0.080482 0.011108
vn -0.872277 -0.463665 0.155396
vn -0.870574 -0.466730 0.155770
vn -0.863100 -0.456037 0.217000
vn -0.861073 -0.456191 0.224596
vn -0.877255 -0.461179 -0.133184
vn -0.864663 -0.496863 -0.074059
vn -0.996315 -0.085198 -0.009936
vn -0.882382 -0.450908 -0.134480
vn -0.864663 -0.496863 -0.074059
vn -0.872575 -0.488481 0.000184
vn -0.996315 -0.085198 -0.009936
vn -0.872575 -0.488481 0.000184
vn -0.868967 -0.493517 0.036579
vn -0.996315 -0.085198 -0.009936
vn -0.868967 -0.493517 0.036579
vn -0.996694 -0.080482 0.011108
vn -0.996315 -0.085198 -0.009936
vn -0.862861 -0.083218 -0.498543
vn -0.861846 -0.018010 -0.506850
vn -0.856364 -0.023746 -0.515826
vn -0.856321 -0.095198 -0.507595
vn -0.861846 -0.018010 -0.506850
vn -0.864939 0.055527 -0.498797
vn -0.856381 0.048142 -0.514095
vn -0.856364 -0.023746 -0.515826
vn -0.864939 0.055527 -0.498797
vn -0.865605 0.109400 -0.488630
vn -0.856349 0.119141 -0.502466
vn -0.856381 0.048142 -0.514095
vn -0.865605 0.109400 -0.488630
vn -0.871495 0.182932 -0.455008
vn -0.856306 0.187772 -0.481125
vn -0.856349 0.119141 -0.502466
vn -0.871495 0.182932 -0.455008
vn -0.861735 0.252950 -0.439805
vn -0.856341 0.252703 -0.450358
vn -0.856306 0.187772 -0.481125
vn -0.861735 0.252950 -0.439805
vn -0.862500 0.307638 -0.401811
vn -0.856379 0.312793 -0.410823
vn -0.856341 0.252703 -0.450358
vn -0.862500 0.307638 -0.401811
vn -0.862759 0.357637 -0.357411
vn -0.856334 0.366897 -0.363425
vn -0.856379 0.312793 -0.410823
vn -0.862759 0.357637 -0.357411
vn -0.862309 0.397245 -0.314037
vn -0.854771 0.420977 -0.303554
vn -0.856334 0.366897 -0.363425
vn -0.866228 -0.223352 -0.446948
vn -0.871401 -0.143939 -0.468980
vn -0.856299 -0.164729 -0.489506
vn -0.856352 -0.231060 -0.461814
vn -0.871401 -0.143939 -0.468980
vn -0.862861 -0.083218 -0.498543
vn -0.856321 -0.095198 -0.507595
vn -0.856299 -0.164729 -0.489506
vn -0.865549 -0.272806 -0.420002
vn -0.866228 -0.223352 -0.446948
vn -0.856352 -0.231060 -0.461814
vn -0.856324 -0.293032 -0.425255
vn -0.861405 -0.331822 -0.384547
vn -0.865549 -0.272806 -0.420002
vn -0.856324 -0.293032 -0.425255
vn -0.856320 -0.349156 -0.380534
vn -0.866728 -0.378700 -0.324606
vn -0.861405 -0.331822 -0.384547
vn -0.856320 -0.349156 -0.380534
vn -0.859804 -0.391671 -0.327613
vn -0.872282 -0.408684 -0.268517
vn -0.863474 -0.373801 -0.338652
vn -0.866728 -0.378700 -0.324606
vn -0.859804 -0.391671 -0.327613
vn -0.852313 -0.504476 -0.138079
vn -0.877255 -0.461179 -0.133184
vn -0.857541 -0.465604 -0.218716
vn -0.877255 -0.461179 -0.133184
vn -0.880089 -0.435137 -0.189999
vn -0.857541 -0.465604 -0.218716
vn -0.880089 -0.435137 -0.189999
vn -0.872282 -0.408684 -0.268517
vn -0.853125 -0.445068 -0.272199
vn -0.857541 -0.465604 -0.218716
vn -0.872282 -0.408684 -0.268517
vn -0.859804 -0.391671 -0.327613
vn -0.853125 -0.445068 -0.272199
vn -0.880979 -0.417265 -0.223084
vn -0.880089 -0.435137 -0.189999
vn -0.877255 -0.461179 -0.133184
vn -0.882382 -0.450908 -0.134480
vn -0.880089 -0.435137 -0.189999
vn -0.880979 -0.417265 -0.223084
vn -0.872282 -0.408684 -0.268517
vn -0.872282 -0.408684 -0.268517
vn -0.880979 -0.417265 -0.223084
vn -0.863474 -0.373801 -0.338652
vn -0.859967 -0.336076 -0.384070
vn -0.861405 -0.331822 -0.384547
vn -0.866728 -0.378700 -0.324606
vn -0.863474 -0.373801 -0.338652
vn -0.861405 -0.331822 -0.384547
vn -0.859967 -0.336076 -0.384070
vn -0.869174 -0.266434 -0.416592
vn -0.865549 -0.272806 -0.420002
vn -0.865549 -0.272806 -0.420002
vn -0.869174 -0.266434 -0.416592
vn -0.868314 -0.194771 -0.456174
vn -0.866228 -0.223352 -0.446948
vn -0.868314 -0.194771 -0.456174
vn -0.866379 -0.073524 -0.493945
vn -0.871401 -0.143939 -0.468980
vn -0.868314 -0.194771 -0.456174
vn -0.871401 -0.143939 -0.468980
vn -0.866228 -0.223352 -0.446948
vn -0.871401 -0.143939 -0.468980
vn -0.866379 -0.073524 -0.493945
vn -0.862861 -0.083218 -0.498543
vn -0.861477 -0.015119 -0.507572
vn -0.861846 -0.018010 -0.506850
vn -0.862861 -0.083218 -0.498543
vn -0.866379 -0.073524 -0.493945
vn -0.861846 -0.018010 -0.506850
vn -0.861477 -0.015119 -0.507572
vn -0.860734 0.016371 -0.508791
vn -0.864939 0.055527 -0.498797
vn -0.864939 0.055527 -0.498797
vn -0.871645 0.088426 -0.482095
vn -0.868226 0.132257 -0.478217
vn -0.865605 0.109400 -0.488630
vn -0.871495 0.182932 -0.455008
vn -0.868226 0.132257 -0.478217
vn -0.865431 0.248788 -0.434894
vn -0.868226 0.132257 -0.478217
vn -0.871495 0.182932 -0.455008
vn -0.865605 0.109400 -0.488630
vn -0.862573 0.302775 -0.405333
vn -0.862500 0.307638 -0.401811
vn -0.861735 0.252950 -0.439805
vn -0.865431 0.248788 -0.434894
vn -0.865431 0.248788 -0.434894
vn -0.861735 0.252950 -0.439805
vn -0.871495 0.182932 -0.455008
vn -0.862309 0.397245 -0.314037
vn -0.862759 0.357637 -0.357411
vn -0.863480 0.357039 -0.356266
vn -0.862570 0.398655 -0.311524
vn -0.863480 0.357039 -0.356266
vn -0.862759 0.357637 -0.357411
vn -0.862500 0.307638 -0.401811
vn -0.862573 0.302775 -0.405333
vn 0.000000 1.000000 0.000005
vn -0.000001 1.000000 0.000006
vn 0.000001 1.000000 0.000005
vn 0.000000 1.000000 0.000006
vn 0.000000 1.000000 0.000006
vn 0.000001 1.000000 0.000005
vn 0.000001 1.000000 0.000002
vn 0.000001 1.000000 0.000004
vn 0.000001 1.000000 0.000004
vn 0.000001 1.000000 0.000002
vn 0.000003 1.000000 0.000002
vn 0.000002 1.000000 0.000002
vn 0.000002 1.000000 0.000002
vn 0.000003 1.000000 0.000002
vn 0.000003 1.000000 0.000001
vn 0.000003 1.000000 0.000002
vn 0.000003 1.000000 0.000002
vn 0.000003 1.000000 0.000001
vn 0.000000 1.000000 0.000001
vn 0.000001 1.000000 0.000001
vn 0.000001 1.000000 0.000001
vn 0.000000 1.000000 0.000001
vn -0.000002 1.000000 0.000000
vn -0.000002 1.000000 0.000000
vn -0.000002 1.000000 0.000000
vn -0.000002 1.000000 0.000000
vn -0.000002 1.000000 -0.000000
vn -0.000002 1.000000 -0.000000
vn -0.000002 1.000000 -0.000000
vn -0.000002 1.000000 -0.000000
vn -0.000003 1.000000 0.000000
vn -0.000003 1.000000 0.000000
vn -0.000003 1.000000 0.000000
vn -0.000003 1.000000 0.000000
vn -0.000004 1.000000 0.000002
vn -0.000004 1.000000 0.000002
vn -0.000004 1.000000 0.000002
vn -0.000004 1.000000 0.000002
vn -0.000003 1.000000 0.000002
vn -0.000003 1.000000 0.000002
vn 0.000001 1.000000 0.000000
vn 0.000001 1.000000 0.000000
vn -0.000001 1.000000 0.000001
vn -0.000003 1.000000 0.000003
vn -0.000003 1.000000 0.000004
vn 0.000001 1.000000 0.000000
vn -0.000002 1.000000 0.000005
vn -0.000002 1.000000 0.000005
vn -0.000003 1.000000 0.000004
vn 0.000001 1.000000 0.000002
vn 0.000000 1.000000 0.000002
vn 0.000000 1.000000 0.000002
vn -0.000002 1.000000 0.000005
vn -0.000001 1.000000 0.000006
vn 0.000000 1.000000 0.000005
vn 0.000000 1.000000 -0.000001
vn 0.000000 -0.000002 -1.000000
vn 0.000000 -0.000002 -1.000000
vn 0.222520 -0.000002 -0.974928
vn 0.222520 -0.000002 -0.974928
vn 0.222520 -0.000002 -0.974928
vn 0.222520 -0.000002 -0.974928
vn 0.433883 0.000001 -0.900969
vn 0.433883 0.000001 -0.900969
vn 0.433883 0.000001 -0.900969
vn 0.433883 0.000001 -0.900969
vn 0.623490 0.000004 -0.781831
vn 0.623490 0.000004 -0.781832
vn 0.623490 0.000004 -0.781832
vn 0.623490 0.000004 -0.781831
vn 0.781832 0.000001 -0.623489
vn 0.781832 0.000001 -0.623489
vn 0.781832 0.000001 -0.623489
vn 0.781832 0.000001 -0.623489
vn 0.900969 0.000000 -0.433884
vn 0.900969 0.000000 -0.433884
vn 0.900969 0.000000 -0.433884
vn 0.900969 0.000000 -0.433884
vn 0.974928 0.000002 -0.222520
vn 0.974928 0.000002 -0.222522
vn 0.974928 0.000002 -0.222522
vn 0.974928 0.000002 -0.222520
vn 1.000000 0.000000 0.000001
vn 1.000000 0.000000 -0.000001
vn 1.000000 0.000000 -0.000001
vn 1.000000 0.000000 0.000001
vn 0.974928 -0.000001 0.222522
vn 0.974928 -0.000001 0.222520
vn 0.974928 -0.000001 0.222520
vn 0.974928 -0.000001 0.222522
vn 0.900969 0.000001 0.433884
vn 0.900969 0.000001 0.433884
vn 0.900969 0.000001 0.433884
vn 0.900969 0.000001 0.433884
vn 0.781832 0.000001 0.623489
vn 0.781832 0.000001 0.623490
vn 0.781832 0.000001 0.623490
vn 0.781832 0.000001 0.623489
vn 0.623490 -0.000001 0.781831
vn 0.623491 -0.000001 0.781831
vn 0.623491 -0.000001 0.781831
vn 0.623490 -0.000001 0.781831
vn 0.433883 0.000001 0.900969
vn 0.433883 0.000001 0.900969
vn 0.433883 0.000001 0.900969
vn 0.433883 0.000001 0.900969
vn 0.222520 0.000004 0.974928
vn 0.222520 0.000004 0.974928
vn 0.222520 0.000004 0.974928
vn 0.222520 0.000004 0.974928
vn 0.000000 0.000003 1.000000
vn 0.000000 0.000003 1.000000
vn 0.000000 1.000000 0.000000
vn 0.000000 1.000000 0.000000
vn 0.000000 1.000000 0.000000
vn 0.000000 1.000000 0.000000
vn 0.000000 1.000000 0.000000
vn 0.000000 1.000000 0.000000
vn 0.000000 1.000000 0.000000
vn 0.000000 1.000000 0.000000
vn 0.000000 1.000000 0.000000
vn 0.000000 1.000000 0.000000
vn -0.000000 1.000000 -0.000001
vn -0.000000 1.000000 -0.000000
vn 0.000000 1.000000 0.000000
vn -0.000000 1.000000 -0.000001
vn 0.000000 1.000000 0.000000
vn 0.000000 1.000000 0.000000
vn -0.000000 1.000000 -0.000001
vn -0.000001 1.000000 -0.000001
vn 0.000000 1.000000 0.000000
vn 0.000000 1.000000 0.000000
vn 0.000000 1.000000 0.000000
vn 0.000000 1.000000 0.000000
vn -0.000000 1.000000 -0.000000
vn 0.000000 1.000000 0.000001
vn 0.000000 1.000000 0.000000
vn 0.000001 1.000000 0.000001
vn 0.000000 1.000000 0.000001
vn 0.000000 1.000000 0.000000
vn 0.000000 1.000000 0.000000
vn -0.257038 0.369070 -0.893151
vn -0.016139 0.546845 -0.837078
vn -0.000002 0.553416 -0.832905
vn -0.016139 0.546845 -0.837078
vn -0.000003 0.665416 -0.746472
vn -0.000003 0.665417 -0.746472
vn -0.000002 0.553416 -0.832905
vn -0.000003 0.665416 -0.746472
vn 0.000002 0.814839 -0.579687
vn 0.000002 0.814839 -0.579687
vn -0.000003 0.665417 -0.746472
vn 0.000002 0.814839 -0.579687
vn 0.000003 0.923402 -0.383834
vn 0.000003 0.923402 -0.383835
vn 0.000002 0.814839 -0.579687
vn 0.000003 0.923402 -0.383834
vn -0.000003 0.985661 -0.168735
vn -0.000003 0.985662 -0.168735
vn 0.000003 0.923402 -0.383835
vn -0.000003 0.985661 -0.168735
vn -0.000007 0.998496 0.054828
vn -0.000007 0.998496 0.054828
vn -0.000003 0.985662 -0.168735
vn -0.000007 0.998496 0.054828
vn -0.000005 0.961261 0.275640
vn -0.000005 0.961261 0.275640
vn -0.000007 0.998496 0.054828
vn -0.000005 0.961261 0.275640
vn -0.000002 0.875825 0.482629
vn -0.000002 0.875825 0.482630
vn -0.000005 0.961261 0.275640
vn -0.000002 0.875825 0.482629
vn -0.000003 0.746471 0.665418
vn -0.000003 0.746470 0.665419
vn -0.000002 0.875825 0.482630
vn -0.000003 0.746471 0.665418
vn -0.000002 0.579687 0.814840
vn -0.000002 0.579686 0.814840
vn -0.000003 0.746470 0.665419
vn -0.000002 0.579687 0.814840
vn 0.000004 0.383834 0.923402
vn 0.000004 0.383834 0.923402
vn -0.000002 0.579686 0.814840
vn 0.000004 0.383834 0.923402
vn 0.000004 0.168734 0.985662
vn 0.000004 0.168735 0.985662
vn 0.000004 0.383834 0.923402
vn 0.000004 0.168734 0.985662
vn 0.000004 -0.054825 0.998496
vn 0.000004 -0.054826 0.998496
vn 0.000004 0.168735 0.985662
vn 0.000004 -0.054825 0.998496
vn 0.000004 -0.275638 0.961262
vn 0.000004 -0.275638 0.961262
vn 0.000004 -0.054826 0.998496
vn 0.000004 -0.275638 0.961262
vn 0.000000 -0.482627 0.875826
vn 0.000000 -0.482627 0.875826
vn 0.000004 -0.275638 0.961262
vn 0.000000 -0.482627 0.875826
vn 0.000000 -0.665415 0.746474
vn 0.000000 -0.665415 0.746474
vn 0.000000 -0.482627 0.875826
vn 0.000000 -0.665415 0.746474
vn -0.000001 -0.814838 0.579689
vn -0.000001 -0.814838 0.579689
vn 0.000000 -0.665415 0.746474
vn -0.000001 -0.814838 0.579689
vn -0.000001 -0.923401 0.383836
vn -0.000001 -0.923401 0.383836
vn -0.000001 -0.814838 0.579689
vn -0.000001 -0.923401 0.383836
vn -0.000001 -0.985661 0.168736
vn -0.000001 -0.985661 0.168736
vn -0.000001 -0.923401 0.383836
vn -0.000001 -0.985661 0.168736
vn -0.000001 -0.998496 -0.054824
vn -0.000001 -0.998496 -0.054824
vn -0.000001 -0.985661 0.168736
vn -0.000001 -0.998496 -0.054824
vn -0.000001 -0.961262 -0.275636
vn -0.000001 -0.961262 -0.275635
vn -0.000001 -0.998496 -0.054824
vn -0.000001 -0.961262 -0.275636
vn 0.000000 -0.875827 -0.482626
vn 0.000000 -0.875827 -0.482625
vn -0.000001 -0.961262 -0.275635
vn 0.000000 -0.875827 -0.482626
vn 0.000002 -0.746473 -0.665415
vn 0.000002 -0.746473 -0.665415
vn 0.000000 -0.875827 -0.482625
vn 0.000002 -0.746473 -0.665415
vn 0.000001 -0.579689 -0.814838
vn 0.000001 -0.579689 -0.814838
vn 0.000002 -0.746473 -0.665415
vn 0.000001 -0.579689 -0.814838
vn 0.000001 -0.383836 -0.923401
vn 0.000001 -0.383836 -0.923401
vn 0.000001 -0.579689 -0.814838
vn 0.000001 -0.383836 -0.923401
vn 0.000001 -0.168736 -0.985661
vn 0.000001 -0.168735 -0.985662
vn 0.000001 -0.383836 -0.923401
vn 0.000001 -0.168736 -0.985661
vn 0.000000 0.054824 -0.998496
vn 0.000000 0.054824 -0.998496
vn 0.000001 -0.168735 -0.985662
vn 0.000000 0.054824 -0.998496
vn -0.012537 0.208400 -0.977963
vn 0.000000 0.203570 -0.979060
vn 0.000000 0.054824 -0.998496
vn -0.012537 0.208400 -0.977963
vn -0.257038 0.369070 -0.893151
vn 0.000000 0.203570 -0.979060
vn -0.016139 0.546845 -0.837078
vn -0.257038 0.369070 -0.893151
vn -0.012537 0.208400 -0.977963
vn -1.000000 0.000000 0.000000
vn -1.000000 0.000000 0.000000
vn -1.000000 0.000000 0.000000
vn -1.000000 0.000000 0.000000
vn -1.000000 0.000000 0.000000
vn -1.000000 0.000000 0.000000
vn -1.000000 0.000000 0.000000
vn -1.000000 0.000000 0.000000
vn -1.000000 0.000000 0.000000
vn -1.000000 0.000000 0.000000
vn -1.000000 0.000000 0.000000
vn -1.000000 0.000000 0.000000
vn -1.000000 0.000000 0.000000
vn -1.000000 0.000000 0.000000
vn -1.000000 0.000000 0.000000
vn -1.000000 0.000000 0.000000
vn -1.000000 0.000000 0.000000
vn -1.000000 0.000000 -0.000000
vn -1.000000 0.000000 0.000000
vn -1.000000 0.000000 0.000000
vn -1.000000 0.000000 0.000000
vn -1.000000 0.000000 0.000000
vn -1.000000 0.000000 0.000000
vn -1.000000 0.000000 -0.000000
vn -1.000000 0.000000 -0.000000
vn -1.000000 0.000000 0.000000
vn -1.000000 0.000000 -0.000000
vn -1.000000 0.000000 0.000000
vn -1.000000 0.000000 -0.000000
vn -1.000000 0.000000 -0.000000
vn -1.000000 0.000000 -0.000000
vn -1.000000 0.000000 -0.000000
vn -1.000000 0.000000 0.000000
vn -1.000000 0.000000 -0.000000
vn -1.000000 0.000000 0.000000
vn -1.000000 0.000000 -0.000000
vn -1.000000 0.000000 0.000000
vn -1.000000 0.000000 0.000000
vn -1.000000 0.000000 0.000000
vn -1.000000 0.000000 0.000000
vn -1.000000 0.000000 -0.000000
vn -1.000000 0.000000 0.000000
vn -1.000000 0.000000 0.000000
vn -1.000000 0.000000 0.000000
vn -1.000000 0.000000 0.000000
vn -1.000000 0.000000 0.000000
vn -1.000000 0.000000 0.000000
vn -1.000000 0.000000 0.000000
vn -1.000000 0.000000 0.000000
vn -1.000000 0.000000 0.000000
vn -1.000000 0.000000 0.000000
vn -1.000000 0.000000 0.000000
vn -1.000000 0.000000 0.000000
vn -1.000000 0.000000 0.000000
vn -1.000000 0.000000 0.000000
vn -1.000000 0.000000 0.000000
vn -1.000000 0.000000 0.000000
vn -1.000000 0.000000 0.000000
vn -0.971863 0.189822 0.139462
vn -0.981079 0.143960 0.129460
vn -0.982171 0.160010 0.098675
vn -1.000000 0.000000 0.000000
vn -1.000000 0.000000 0.000000
vn -1.000000 0.000000 0.000000
vn -0.335031 -0.935745 -0.110161
vn -0.078912 -0.958903 -0.272539
vn -0.079105 -0.986210 -0.145370
vn -0.074570 -0.943341 0.323336
vn -0.410090 -0.872814 0.264616
vn -0.098516 -0.974133 0.203371
vn -0.081452 -0.465735 0.881168
vn -0.077040 -0.550981 0.830954
vn -0.057185 -0.500461 0.863868
vn -0.836189 -0.249113 0.488600
vn -0.840440 -0.310662 0.444016
vn -0.658945 -0.425264 0.620437
vn -1.000000 0.000000 0.000000
vn -1.000000 0.000000 0.000000
vn -1.000000 0.000000 -0.000000
vn -0.993370 -0.009923 0.114531
vn -0.984985 0.168387 0.038077
vn -0.998595 0.050454 0.016171
vn -0.680153 -0.256063 0.686894
vn -0.787536 -0.188102 0.586861
vn -0.914200 -0.109791 0.390107
vn -0.848214 -0.176013 0.499552
vn -0.643757 0.034487 0.764452
vn -0.806280 0.031509 0.590694
vn -0.720772 0.037336 0.692166
vn 0.000001 1.000000 0.000000
vn -0.000003 1.000000 0.000003
vn 0.000001 1.000000 0.000000
vn -0.000002 1.000000 0.000005
vn -0.000003 1.000000 0.000004
vn -0.000003 1.000000 0.000003
vn -0.000002 1.000000 0.000005
vn 0.000001 1.000000 0.000002
vn -0.000002 1.000000 0.000005
vn 0.000000 1.000000 0.000000
vn 0.000000 1.000000 0.000000
vn 0.000000 1.000000 0.000001
vn 0.000000 0.926256 -0.376896
vn 0.000000 0.909485 -0.415736
vn -0.002274 0.927658 -0.373423
vn -0.025532 0.704144 -0.709598
vn -0.000000 0.858005 -0.513642
vn 0.000000 0.700940 -0.713220
vn -0.000000 0.624681 -0.780880
vn -0.030572 0.624390 -0.780514
vn -0.025532 0.704144 -0.709598
vn 0.000000 0.700940 -0.713220
vn -0.000000 0.519329 -0.854575
vn -0.030572 0.519086 -0.854175
vn -0.030572 0.624390 -0.780514
vn -0.000000 0.624681 -0.780880
vn 0.000000 0.423904 -0.905707
vn -0.035117 0.412827 -0.910132
vn -0.030572 0.519086 -0.854175
vn -0.000000 0.519329 -0.854575
vn -0.039779 0.271361 -0.961655
vn -0.035117 0.412827 -0.910132
vn 0.000000 0.423904 -0.905707
vn 0.000000 0.271393 -0.962469
vn -0.035587 0.137661 -0.989840
vn -0.039779 0.271361 -0.961655
vn 0.000000 0.271393 -0.962469
vn 0.000000 0.126977 -0.991906
vn 0.000000 0.002997 -0.999996
vn -0.030568 0.002996 -0.999528
vn -0.035587 0.137661 -0.989840
vn 0.000000 0.126977 -0.991906
vn 0.000000 -0.126211 -0.992004
vn -0.030567 -0.126151 -0.991540
vn -0.030568 0.002996 -0.999528
vn 0.000000 0.002997 -0.999996
vn 0.000000 -0.253305 -0.967386
vn -0.030567 -0.253186 -0.966935
vn -0.030567 -0.126151 -0.991540
vn 0.000000 -0.126211 -0.992004
vn 0.000000 -0.376154 -0.926557
vn -0.030566 -0.375977 -0.926125
vn -0.030567 -0.253186 -0.966935
vn 0.000000 -0.253305 -0.967386
vn 0.000000 -0.492698 -0.870200
vn -0.030565 -0.492467 -0.869794
vn -0.030566 -0.375977 -0.926125
vn 0.000000 -0.376154 -0.926557
vn 0.000000 -0.600986 -0.799260
vn -0.030564 -0.600704 -0.798887
vn -0.030565 -0.492467 -0.869794
vn 0.000000 -0.492698 -0.870200
vn 0.000000 -0.699201 -0.714925
vn -0.030563 -0.698873 -0.714592
vn -0.030564 -0.600704 -0.798887
vn 0.000000 -0.600986 -0.799260
vn 0.000000 -0.785699 -0.618609
vn -0.030563 -0.785332 -0.618320
vn -0.030563 -0.698873 -0.714592
vn 0.000000 -0.699201 -0.714925
vn 0.000000 -0.859030 -0.511925
vn -0.030562 -0.858628 -0.511687
vn -0.030563 -0.785332 -0.618320
vn 0.000000 -0.785699 -0.618609
vn 0.000000 -0.917037 -0.398802
vn -0.032141 -0.918228 -0.394746
vn -0.030562 -0.858628 -0.511687
vn 0.000000 -0.859030 -0.511925
vn 0.000000 -0.962445 -0.271477
vn -0.033499 -0.961769 -0.271804
vn -0.032141 -0.918228 -0.394746
vn 0.000000 -0.917037 -0.398802
vn -0.031555 -0.988996 -0.144541
vn 0.000000 -0.990133 -0.140128
vn 0.000000 -0.999960 -0.008975
vn -0.029780 -0.999516 -0.008973
vn -0.029780 -0.999516 -0.008973
vn 0.000000 -0.999960 -0.008975
vn 0.000000 -0.992109 0.125382
vn -0.029779 -0.991669 0.125326
vn -0.029779 -0.991669 0.125326
vn 0.000000 -0.992109 0.125382
vn 0.000000 -0.966287 0.257468
vn -0.029778 -0.965859 0.257353
vn -0.029778 -0.965859 0.257353
vn 0.000000 -0.966287 0.257468
vn 0.000000 -0.922962 0.384892
vn -0.029777 -0.922553 0.384721
vn -0.029777 -0.922553 0.384721
vn 0.000000 -0.922962 0.384892
vn 0.000000 -0.862918 0.505345
vn -0.029776 -0.862535 0.505120
vn -0.029776 -0.862535 0.505120
vn 0.000000 -0.862918 0.505345
vn 0.000000 -0.787243 0.616643
vn -0.029776 -0.786895 0.616369
vn -0.029776 -0.786895 0.616369
vn 0.000000 -0.787243 0.616643
vn 0.000000 -0.697311 0.716769
vn -0.029776 -0.697002 0.716451
vn -0.029776 -0.697002 0.716451
vn 0.000000 -0.697311 0.716769
vn 0.000000 -0.602153 0.798381
vn -0.030215 -0.601320 0.798437
vn -0.025083 -0.491201 0.870685
vn -0.030215 -0.601320 0.798437
vn 0.000000 -0.602153 0.798381
vn 0.000000 -0.485141 0.874436
vn 0.583273 0.031887 0.811650
vn 0.575227 0.128123 0.807898
vn 0.662967 0.005113 0.748632
vn 0.643757 0.034487 0.764453
vn 0.117078 0.014188 -0.993021
vn 0.130328 0.023430 -0.991194
vn 0.000000 0.020764 -0.999784
vn 0.000000 -0.004108 -0.999992
vn 0.117078 0.014188 -0.993021
vn 0.279534 0.025614 -0.959794
vn 0.181428 0.029138 -0.982973
vn 0.130328 0.023430 -0.991194
vn 0.279534 0.025614 -0.959794
vn 0.345446 0.026821 -0.938055
vn 0.252675 0.011741 -0.967480
vn 0.181428 0.029138 -0.982973
vn 0.381863 0.031378 -0.923686
vn 0.345446 0.026821 -0.938055
vn 0.279534 0.025614 -0.959794
vn 0.473680 0.023525 -0.880383
vn 0.617525 0.034295 -0.785803
vn 0.579210 0.033597 -0.814486
vn 0.473680 0.023525 -0.880383
vn 0.651967 0.025986 -0.757802
vn 0.579210 0.033597 -0.814486
vn 0.494840 0.015706 -0.868842
vn 0.473680 0.023525 -0.880383
vn 0.473680 0.023525 -0.880383
vn 0.494840 0.015706 -0.868842
vn 0.444272 0.014244 -0.895779
vn 0.381863 0.031378 -0.923686
vn 0.867664 0.033144 -0.496045
vn 0.824877 0.063406 -0.561746
vn 0.829919 0.013750 -0.557714
vn 0.798705 0.028278 -0.601057
vn 0.829919 0.013750 -0.557714
vn 0.824877 0.063406 -0.561746
vn 0.759468 0.035234 -0.649590
vn 0.798705 0.028278 -0.601057
vn 0.759468 0.035234 -0.649590
vn 0.737266 0.036019 -0.674642
vn 0.651967 0.025986 -0.757802
vn 0.798705 0.028278 -0.601057
vn 0.651967 0.025986 -0.757802
vn 0.737266 0.036019 -0.674642
vn 0.617525 0.034295 -0.785803
vn 0.798705 0.028278 -0.601057
vn 0.904665 0.029758 -0.425084
vn 0.885007 0.025385 -0.464885
vn 0.867664 0.033144 -0.496045
vn 0.904665 0.029758 -0.425084
vn 0.946782 0.032149 -0.320267
vn 0.928880 0.003124 -0.370368
vn 0.885007 0.025385 -0.464885
vn 0.974318 0.053888 -0.218632
vn 0.956275 0.042948 -0.289299
vn 0.975253 0.033338 -0.218562
vn 0.987735 0.023176 -0.154413
vn 0.956275 0.042948 -0.289299
vn 0.946782 0.032149 -0.320267
vn 0.904665 0.029758 -0.425084
vn 0.975253 0.033338 -0.218562
vn 0.987735 0.023176 -0.154413
vn 0.975253 0.033338 -0.218562
vn 0.995995 0.024324 -0.086035
vn 0.989771 0.085898 -0.113907
vn 0.995995 0.024324 -0.086035
vn 0.975253 0.033338 -0.218562
vn 0.998945 0.031674 0.033256
vn 0.995995 0.024324 -0.086035
vn 0.998945 0.031674 0.033256
vn 0.999970 0.004056 -0.006621
vn 0.993287 0.114503 -0.016425
vn 0.980085 0.004011 0.198537
vn 0.991514 0.027728 0.127007
vn 0.974063 0.028659 0.224456
vn 0.975762 0.009741 0.218617
vn 0.991514 0.027728 0.127007
vn 0.994544 0.025205 0.101227
vn 0.998945 0.031674 0.033256
vn 0.974063 0.028659 0.224456
vn 0.998945 0.031674 0.033256
vn 0.994544 0.025205 0.101227
vn 0.999970 0.004056 -0.006621
vn 0.906795 0.014719 0.421316
vn 0.894667 0.125616 0.428710
vn 0.940176 0.043682 0.337877
vn 0.903214 0.030656 0.428095
vn 0.940176 0.043682 0.337877
vn 0.947259 0.035791 0.318465
vn 0.974063 0.028659 0.224456
vn 0.903214 0.030656 0.428095
vn 0.947259 0.035791 0.318465
vn 0.935517 0.253506 0.246056
vn 0.975762 0.009741 0.218617
vn 0.974063 0.028659 0.224456
vn 0.778753 0.005750 0.627304
vn 0.805839 0.165838 0.568438
vn 0.847574 0.030115 0.529822
vn 0.806280 0.031509 0.590694
vn 0.847574 0.030115 0.529822
vn 0.859049 0.030944 0.510958
vn 0.903214 0.030656 0.428095
vn 0.806280 0.031509 0.590694
vn 0.859049 0.030944 0.510958
vn 0.894667 0.125616 0.428710
vn 0.906795 0.014719 0.421316
vn 0.903214 0.030656 0.428095
vn 0.678790 0.006826 0.734301
vn 0.720772 0.037336 0.692166
vn 0.643757 0.034487 0.764453
vn 0.662967 0.005113 0.748632
vn -0.000001 1.000000 -0.000000
vn 0.000001 1.000000 0.000001
vn 0.000001 1.000000 0.000001
vn 0.806280 0.031509 0.590694
vn 0.720772 0.037336 0.692166
vn 0.758644 0.004721 0.651488
vn 0.778753 0.005750 0.627304
vn 0.583273 0.031887 0.811650
vn 0.643757 0.034487 0.764453
vn 0.544007 0.029370 0.838567
vn 0.575227 0.128123 0.807898
vn 0.643757 0.034487 0.764453
vn 0.464093 0.030659 0.885256
vn 0.544007 0.029370 0.838567
vn 0.544007 0.029370 0.838567
vn 0.464093 0.030659 0.885256
vn 0.440026 0.018750 0.897789
vn 0.477069 0.163827 0.863462
vn 0.272131 0.032724 0.961704
vn 0.349881 0.026506 0.936419
vn 0.464093 0.030659 0.885256
vn 0.464093 0.030659 0.885256
vn 0.349881 0.026506 0.936419
vn 0.396971 0.020076 0.917612
vn 0.440026 0.018750 0.897789
vn 0.225412 -0.000585 0.974263
vn 0.257063 0.002099 0.966392
vn 0.272131 0.032724 0.961704
vn 0.169887 0.030052 0.985005
vn 0.257063 0.002099 0.966392
vn 0.325526 0.023691 0.945236
vn 0.349881 0.026506 0.936419
vn 0.272131 0.032724 0.961704
vn 0.169887 0.030052 0.985005
vn 0.272131 0.032724 0.961704
vn 0.127477 0.026039 0.991500
vn 0.272131 0.032724 0.961704
vn 0.108247 0.022990 0.993858
vn 0.127477 0.026039 0.991500
vn 0.127477 0.026039 0.991500
vn 0.108247 0.022990 0.993858
vn 0.056667 0.006374 0.998373
vn 0.072928 0.142700 0.987076
vn 0.056667 0.006374 0.998373
vn 0.108247 0.022990 0.993858
vn 0.000000 0.001641 0.999999
vn 0.000000 0.009662 0.999953
vn 0.941283 0.313543 0.125207
vn 0.873984 0.475340 0.101013
vn 0.855974 0.517013 -0.002450
vn 0.993287 0.114503 -0.016425
vn 0.848661 0.499919 -0.172789
vn 0.594695 0.778233 -0.201722
vn 0.881523 0.387554 -0.269665
vn 0.975762 0.009741 0.218617
vn 0.935517 0.253506 0.246056
vn 0.980085 0.004011 0.198537
vn 0.974318 0.053888 -0.218632
vn 0.987735 0.023176 -0.154413
vn 0.989771 0.085898 -0.113907
vn 0.989771 0.085898 -0.113907
vn 0.995995 0.024324 -0.086035
vn 0.993287 0.114503 -0.016425
vn 0.993287 0.114503 -0.016425
vn 0.999970 0.004056 -0.006621
vn 0.994544 0.025205 0.101227
vn 0.941283 0.313543 0.125207
vn 0.441379 0.893734 -0.080150
vn 0.354383 0.928481 -0.111064
vn 0.594695 0.778233 -0.201722
vn 0.848661 0.499919 -0.172789
vn 0.354383 0.928481 -0.111064
vn 0.441379 0.893734 -0.080150
vn 0.261807 0.965024 -0.013618
vn 0.121637 0.992561 -0.005246
vn 0.261807 0.965024 -0.013618
vn 0.441379 0.893734 -0.080150
vn 0.345895 0.938225 -0.009542
vn 0.441379 0.893734 -0.080150
vn 0.606555 0.793615 -0.047609
vn 0.414908 0.909861 0.002103
vn 0.345895 0.938225 -0.009542
vn 0.606555 0.793615 -0.047609
vn 0.855974 0.517013 -0.002450
vn 0.725547 0.688171 0.001418
vn 0.595252 0.803469 -0.010604
vn 0.574814 0.818284 0.000097
vn 0.636920 0.770850 0.011117
vn 0.614508 0.788556 0.023654
vn 0.569456 0.821753 0.021030
vn 0.614508 0.788556 0.023654
vn 0.636920 0.770850 0.011117
vn 0.725547 0.688171 0.001418
vn 0.710928 0.701345 0.051926
vn 0.725547 0.688171 0.001418
vn 0.636920 0.770850 0.011117
vn 0.703846 0.710298 0.008808
vn 0.595252 0.803469 -0.010604
vn 0.614508 0.788556 0.023654
vn 0.710928 0.701345 0.051926
vn 0.448407 0.888862 0.094108
vn 0.569456 0.821753 0.021030
vn 0.569456 0.821753 0.021030
vn 0.448407 0.888862 0.094108
vn 0.294159 0.955511 0.021652
vn 0.873984 0.475340 0.101013
vn 0.941283 0.313543 0.125207
vn 0.935517 0.253506 0.246056
vn 0.728603 0.664122 0.167567
vn 0.941283 0.313543 0.125207
vn 0.991514 0.027728 0.127007
vn 0.980085 0.004011 0.198537
vn 0.935517 0.253506 0.246056
vn 0.989771 0.085898 -0.113907
vn 0.993287 0.114503 -0.016425
vn 0.855974 0.517013 -0.002450
vn 0.835680 0.544076 -0.074967
vn 0.941283 0.313543 0.125207
vn 0.994544 0.025205 0.101227
vn 0.991514 0.027728 0.127007
vn 0.595252 0.803469 -0.010604
vn 0.414908 0.909861 0.002103
vn 0.606555 0.793615 -0.047609
vn 0.606555 0.793615 -0.047609
vn 0.441379 0.893734 -0.080150
vn 0.848661 0.499919 -0.172789
vn 0.835680 0.544076 -0.074967
vn 0.710928 0.701345 0.051926
vn 0.728603 0.664122 0.167567
vn 0.483306 0.867660 0.116538
vn 0.448407 0.888862 0.094108
vn 0.448407 0.888862 0.094108
vn 0.483306 0.867660 0.116538
vn 0.301609 0.949989 0.080944
vn 0.301609 0.949989 0.080944
vn 0.202615 0.977793 0.053558
vn 0.294159 0.955511 0.021652
vn 0.448407 0.888862 0.094108
vn 0.294159 0.955511 0.021652
vn 0.202615 0.977793 0.053558
vn 0.063430 0.997986 -0.000349
vn 0.203010 0.979175 0.001576
vn 0.063430 0.997986 -0.000349
vn 0.202615 0.977793 0.053558
vn 0.035936 0.999345 0.004231
vn 0.203010 0.979175 0.001576
vn 0.956275 0.042948 -0.289299
vn 0.974318 0.053888 -0.218632
vn 0.881523 0.387554 -0.269665
vn 0.946782 0.032149 -0.320267
vn 0.881523 0.387554 -0.269665
vn 0.974318 0.053888 -0.218632
vn 0.989771 0.085898 -0.113907
vn 0.848661 0.499919 -0.172789
vn 0.848661 0.499919 -0.172789
vn 0.989771 0.085898 -0.113907
vn 0.835680 0.544076 -0.074967
vn 0.606555 0.793615 -0.047609
vn 0.835680 0.544076 -0.074967
vn 0.855974 0.517013 -0.002450
vn 0.725547 0.688171 0.001418
vn 0.855974 0.517013 -0.002450
vn 0.873984 0.475340 0.101013
vn 0.710928 0.701345 0.051926
vn 0.710928 0.701345 0.051926
vn 0.873984 0.475340 0.101013
vn 0.728603 0.664122 0.167567
vn 0.723324 0.685400 0.083843
vn 0.541508 0.840140 0.030564
vn 0.593112 0.804639 0.027828
vn 0.826170 0.560011 0.061895
vn 0.121637 0.992561 -0.005246
vn 0.261807 0.965024 -0.013618
vn 0.218795 0.975768 0.002203
vn 0.218795 0.975768 0.002203
vn 0.261807 0.965024 -0.013618
vn 0.345895 0.938225 -0.009542
vn 0.414908 0.909861 0.002103
vn 0.218795 0.975768 0.002203
vn 0.414908 0.909861 0.002103
vn 0.595252 0.803469 -0.010604
vn 0.703846 0.710298 0.008808
vn 0.218795 0.975768 0.002203
vn 0.703846 0.710298 0.008808
vn 0.772347 0.635026 0.014905
vn 0.623142 0.781805 0.021796
vn 0.623142 0.781805 0.021796
vn 0.772347 0.635026 0.014905
vn 0.916965 0.398070 0.026732
vn 0.916965 0.398070 0.026732
vn 0.826170 0.560011 0.061895
vn 0.593112 0.804639 0.027828
vn 0.623142 0.781805 0.021796
vn 0.203010 0.979175 0.001576
vn 0.497192 0.867641 0.000000
vn 0.569456 0.821753 0.021030
vn 0.294159 0.955511 0.021652
vn 0.497192 0.867641 0.000000
vn 0.842035 0.539412 0.003437
vn 0.574814 0.818284 0.000097
vn 0.569456 0.821753 0.021030
vn 0.842035 0.539412 0.003437
vn 0.703846 0.710298 0.008808
vn 0.636920 0.770850 0.011117
vn 0.574814 0.818284 0.000097
vn 0.703846 0.710298 0.008808
vn 0.842035 0.539412 0.003437
vn 0.953068 0.302637 0.008520
vn 0.772347 0.635026 0.014905
vn 0.772347 0.635026 0.014905
vn 0.953068 0.302637 0.008520
vn 0.973286 0.227278 0.032547
vn 0.973286 0.227278 0.032547
vn 0.944452 0.324604 0.051407
vn 0.916965 0.398070 0.026732
vn 0.772347 0.635026 0.014905
vn 0.944452 0.324604 0.051407
vn 0.937011 0.338403 0.086571
vn 0.826170 0.560011 0.061895
vn 0.916965 0.398070 0.026732
vn 0.173172 0.982735 0.065141
vn 0.038509 0.999082 0.018780
vn 0.026337 0.999650 0.002523
vn 0.035936 0.999345 0.004231
vn 0.001200 0.999998 0.001326
vn 0.001716 0.999997 0.001700
vn 0.046763 0.997928 0.044204
vn 0.003985 0.999982 0.004537
vn 0.005231 0.999977 0.004252
vn 0.004266 0.999991 0.000191
vn 0.005540 0.999979 0.003411
vn 0.031433 0.999265 0.021955
vn 0.072928 0.142700 0.987076
vn 0.056667 0.006374 0.998373
vn 0.000000 0.009662 0.999953
vn 0.000000 0.284368 0.958715
vn 0.127477 0.026039 0.991500
vn 0.072928 0.142700 0.987076
vn 0.140077 0.025101 0.989822
vn 0.169887 0.030052 0.985005
vn 0.257063 0.002099 0.966392
vn 0.225412 -0.000585 0.974263
vn 0.140077 0.025101 0.989822
vn 0.325526 0.023691 0.945236
vn 0.140077 0.025101 0.989822
vn 0.225412 -0.000585 0.974263
vn 0.169887 0.030052 0.985005
vn 0.396971 0.020076 0.917612
vn 0.349881 0.026506 0.936419
vn 0.325526 0.023691 0.945236
vn 0.477069 0.163827 0.863462
vn 0.575227 0.128123 0.807898
vn 0.544007 0.029370 0.838567
vn 0.477069 0.163827 0.863462
vn 0.477069 0.163827 0.863462
vn 0.440026 0.018750 0.897789
vn 0.396971 0.020076 0.917612
vn 0.720772 0.037336 0.692166
vn 0.678790 0.006826 0.734301
vn 0.717020 0.096644 0.690321
vn 0.758644 0.004721 0.651488
vn 0.717020 0.096644 0.690321
vn 0.678790 0.006826 0.734301
vn 0.662967 0.005113 0.748632
vn 0.575227 0.128123 0.807898
vn 0.758644 0.004721 0.651488
vn 0.717020 0.096644 0.690321
vn 0.805839 0.165838 0.568438
vn 0.778753 0.005750 0.627304
vn 0.859049 0.030944 0.510958
vn 0.847574 0.030115 0.529822
vn 0.805839 0.165838 0.568438
vn 0.894667 0.125616 0.428710
vn 0.008051 0.999958 0.004437
vn 0.004266 0.999991 0.000191
vn 0.026337 0.999650 0.002523
vn 0.038509 0.999082 0.018780
vn 0.038509 0.999082 0.018780
vn 0.173172 0.982735 0.065141
vn 0.455748 0.873170 0.172823
vn 0.433154 0.876067 0.211859
vn 0.000670 0.999999 0.001480
vn 0.001132 0.999997 0.002053
vn 0.093042 0.981339 0.168276
vn 0.002329 0.999983 0.005315
vn 0.093042 0.981339 0.168276
vn 0.001132 0.999997 0.002053
vn 0.001177 0.999998 0.001886
vn 0.153704 0.965596 0.209762
vn 0.093042 0.981339 0.168276
vn 0.212666 0.894545 0.393145
vn 0.067757 0.978799 0.193292
vn 0.002329 0.999983 0.005315
vn 0.002329 0.999983 0.005315
vn 0.067757 0.978799 0.193292
vn 0.001779 0.999975 0.006819
vn 0.067757 0.978799 0.193292
vn 0.148448 0.891659 0.427677
vn 0.008017 0.998824 0.047808
vn 0.001779 0.999975 0.006819
vn 0.001779 0.999975 0.006819
vn 0.008017 0.998824 0.047808
vn 0.000626 0.999992 0.003863
vn 0.000042 0.999983 0.005781
vn 0.000000 0.936302 0.351195
vn 0.000000 0.999987 0.005168
vn 0.003785 0.999042 0.043604
vn 0.047180 0.852263 0.520982
vn 0.000000 0.999987 0.005168
vn 0.000000 1.000000 0.000446
vn 0.000699 0.999972 0.007476
vn 0.003785 0.999042 0.043604
vn 0.003785 0.999042 0.043604
vn 0.000699 0.999972 0.007476
vn 0.008017 0.998824 0.047808
vn 0.079083 0.887748 0.453486
vn 0.008017 0.998824 0.047808
vn 0.000699 0.999972 0.007476
vn 0.000170 0.999999 0.001571
vn 0.000626 0.999992 0.003863
vn 0.322032 0.895356 0.307626
vn 0.301769 0.863009 0.405156
vn 0.153704 0.965596 0.209762
vn 0.301769 0.863009 0.405156
vn 0.212666 0.894545 0.393145
vn 0.093042 0.981339 0.168276
vn 0.153704 0.965596 0.209762
vn 0.067757 0.978799 0.193292
vn 0.212666 0.894545 0.393145
vn 0.148448 0.891659 0.427677
vn 0.008017 0.998824 0.047808
vn 0.148448 0.891659 0.427677
vn 0.079083 0.887748 0.453486
vn 0.003785 0.999042 0.043604
vn 0.079083 0.887748 0.453486
vn 0.047180 0.852263 0.520982
vn 0.202615 0.977793 0.053558
vn 0.301609 0.949989 0.080944
vn 0.173172 0.982735 0.065141
vn 0.035936 0.999345 0.004231
vn 0.301609 0.949989 0.080944
vn 0.483306 0.867660 0.116538
vn 0.455748 0.873170 0.172823
vn 0.173172 0.982735 0.065141
vn 0.455748 0.873170 0.172823
vn 0.483306 0.867660 0.116538
vn 0.728603 0.664122 0.167567
vn 0.689835 0.676084 0.258917
vn 0.001716 0.999997 0.001700
vn 0.004266 0.999991 0.000191
vn 0.005231 0.999977 0.004252
vn 0.046763 0.997928 0.044204
vn 0.046763 0.997928 0.044204
vn 0.005231 0.999977 0.004252
vn 0.031433 0.999265 0.021955
vn 0.046763 0.997928 0.044204
vn 0.031433 0.999265 0.021955
vn 0.395122 0.876173 0.276041
vn 0.322032 0.895356 0.307626
vn 0.031433 0.999265 0.021955
vn 0.038509 0.999082 0.018780
vn 0.433154 0.876067 0.211859
vn 0.395122 0.876173 0.276041
vn 0.395122 0.876173 0.276041
vn 0.433154 0.876067 0.211859
vn 0.744705 0.563321 0.357888
vn 0.630132 0.639638 0.440224
vn 0.433154 0.876067 0.211859
vn 0.455748 0.873170 0.172823
vn 0.689835 0.676084 0.258917
vn 0.744705 0.563321 0.357888
vn 0.744705 0.563321 0.357888
vn 0.689835 0.676084 0.258917
vn 0.903092 0.292192 0.314720
vn 0.689835 0.676084 0.258917
vn 0.728603 0.664122 0.167567
vn 0.935517 0.253506 0.246056
vn 0.903092 0.292192 0.314720
vn 0.903092 0.292192 0.314720
vn 0.935517 0.253506 0.246056
vn 0.947259 0.035791 0.318465
vn 0.940176 0.043682 0.337877
vn 0.000000 0.936302 0.351195
vn 0.047180 0.852263 0.520982
vn 0.069097 0.640700 0.764676
vn 0.000001 0.693762 0.720205
vn 0.047180 0.852263 0.520982
vn 0.079083 0.887748 0.453486
vn 0.133984 0.639780 0.756789
vn 0.069097 0.640700 0.764676
vn 0.079083 0.887748 0.453486
vn 0.148448 0.891659 0.427677
vn 0.253918 0.639585 0.725573
vn 0.133984 0.639780 0.756789
vn 0.148448 0.891659 0.427677
vn 0.212666 0.894545 0.393145
vn 0.361701 0.639362 0.678520
vn 0.253918 0.639585 0.725573
vn 0.212666 0.894545 0.393145
vn 0.301769 0.863009 0.405156
vn 0.464544 0.639431 0.612639
vn 0.361701 0.639362 0.678520
vn 0.301769 0.863009 0.405156
vn 0.322032 0.895356 0.307626
vn 0.552487 0.639597 0.534485
vn 0.464544 0.639431 0.612639
vn 0.322032 0.895356 0.307626
vn 0.395122 0.876173 0.276041
vn 0.630132 0.639638 0.440224
vn 0.552487 0.639597 0.534485
vn 0.008051 0.999958 0.004437
vn 0.038509 0.999082 0.018780
vn 0.031433 0.999265 0.021955
vn 0.005540 0.999979 0.003411
vn 0.000001 0.693762 0.720205
vn 0.069097 0.640700 0.764676
vn 0.072928 0.142700 0.987076
vn 0.000000 0.284368 0.958715
vn 0.069097 0.640700 0.764676
vn 0.133984 0.639780 0.756789
vn 0.152027 0.489144 0.858852
vn 0.072928 0.142700 0.987076
vn 0.133984 0.639780 0.756789
vn 0.253918 0.639585 0.725573
vn 0.288123 0.489025 0.823310
vn 0.152027 0.489144 0.858852
vn 0.253918 0.639585 0.725573
vn 0.361701 0.639362 0.678520
vn 0.477069 0.163827 0.863462
vn 0.288123 0.489025 0.823310
vn 0.361701 0.639362 0.678520
vn 0.464544 0.639431 0.612639
vn 0.575227 0.128123 0.807898
vn 0.477069 0.163827 0.863462
vn 0.464544 0.639431 0.612639
vn 0.552487 0.639597 0.534485
vn 0.626956 0.488915 0.606538
vn 0.575227 0.128123 0.807898
vn 0.552487 0.639597 0.534485
vn 0.630132 0.639638 0.440224
vn 0.805839 0.165838 0.568438
vn 0.626956 0.488915 0.606538
vn 0.630132 0.639638 0.440224
vn 0.744705 0.563321 0.357888
vn 0.894667 0.125616 0.428710
vn 0.805839 0.165838 0.568438
vn 0.001177 0.999998 0.001886
vn 0.003985 0.999982 0.004537
vn 0.153704 0.965596 0.209762
vn 0.153704 0.965596 0.209762
vn 0.003985 0.999982 0.004537
vn 0.046763 0.997928 0.044204
vn 0.322032 0.895356 0.307626
vn 0.894667 0.125616 0.428710
vn 0.744705 0.563321 0.357888
vn 0.903092 0.292192 0.314720
vn 0.940176 0.043682 0.337877
vn 0.035936 0.999345 0.004231
vn 0.026337 0.999650 0.002523
vn 0.004266 0.999991 0.000191
vn 0.067387 0.997727 0.000128
vn 0.004266 0.999991 0.000191
vn 0.008051 0.999958 0.004437
vn 0.005540 0.999979 0.003411
vn 0.001716 0.999997 0.001700
vn 0.001200 0.999998 0.001326
vn 0.002631 0.999997 0.000172
vn 0.004266 0.999991 0.000191
vn 0.001200 0.999998 0.001326
vn 0.003985 0.999982 0.004537
vn 0.001997 0.999998 0.000787
vn 0.002631 0.999997 0.000172
vn 0.003985 0.999982 0.004537
vn 0.002109 0.999995 0.002136
vn 0.001115 0.999999 0.000638
vn 0.001997 0.999998 0.000787
vn 0.000042 0.999983 0.005781
vn 0.000493 0.999982 0.005964
vn 0.002329 0.999983 0.005315
vn 0.001779 0.999975 0.006819
vn 0.002329 0.999983 0.005315
vn 0.000493 0.999982 0.005964
vn 0.000670 0.999999 0.001480
vn 0.000670 0.999999 0.001480
vn 0.000493 0.999982 0.005964
vn 0.000874 0.999988 0.004733
vn 0.001132 0.999997 0.002053
vn 0.001091 0.999996 0.002696
vn 0.002109 0.999995 0.002136
vn 0.003985 0.999982 0.004537
vn 0.002395 0.999981 0.005727
vn 0.002395 0.999981 0.005727
vn 0.003985 0.999982 0.004537
vn 0.002126 0.999979 0.006058
vn 0.002126 0.999979 0.006058
vn 0.003985 0.999982 0.004537
vn 0.001177 0.999998 0.001886
vn 0.000874 0.999988 0.004733
vn 0.000874 0.999988 0.004733
vn 0.001177 0.999998 0.001886
vn 0.001132 0.999997 0.002053
vn 0.000042 0.999983 0.005781
vn 0.000626 0.999992 0.003863
vn 0.000170 0.999999 0.001571
vn 0.000170 0.999999 0.001571
vn 0.000699 0.999972 0.007476
vn 0.000000 1.000000 0.000446
vn 0.000042 0.999983 0.005781
vn 0.881523 0.387554 -0.269665
vn 0.804241 0.454069 -0.383430
vn 0.893564 0.125817 -0.430945
vn 0.013717 0.999885 -0.006540
vn 0.014688 0.999859 -0.008178
vn 0.294961 0.934477 -0.199376
vn 0.256111 0.959474 -0.117546
vn 0.294961 0.934477 -0.199376
vn 0.014688 0.999859 -0.008178
vn 0.009899 0.999929 -0.006688
vn 0.016160 0.999780 -0.013399
vn 0.121637 0.992561 -0.005246
vn 0.091333 0.995796 -0.007017
vn 0.354383 0.928481 -0.111064
vn 0.354383 0.928481 -0.111064
vn 0.091333 0.995796 -0.007017
vn 0.013717 0.999885 -0.006540
vn 0.256111 0.959474 -0.117546
vn 0.354383 0.928481 -0.111064
vn 0.256111 0.959474 -0.117546
vn 0.571766 0.776983 -0.263405
vn 0.594695 0.778233 -0.201722
vn 0.881523 0.387554 -0.269665
vn 0.594695 0.778233 -0.201722
vn 0.571766 0.776983 -0.263405
vn 0.804241 0.454069 -0.383430
vn 0.881523 0.387554 -0.269665
vn 0.893564 0.125817 -0.430945
vn 0.928880 0.003124 -0.370368
vn 0.946782 0.032149 -0.320267
vn 0.893564 0.125817 -0.430945
vn 0.867664 0.033144 -0.496045
vn 0.885007 0.025385 -0.464885
vn 0.928880 0.003124 -0.370368
vn 0.674600 0.391029 -0.626108
vn 0.737266 0.036019 -0.674642
vn 0.759468 0.035234 -0.649590
vn 0.824877 0.063406 -0.561746
vn 0.736506 0.443687 -0.510589
vn 0.674600 0.391029 -0.626108
vn 0.759468 0.035234 -0.649590
vn 0.736506 0.443687 -0.510589
vn 0.526789 0.771474 -0.356821
vn 0.492838 0.748621 -0.443484
vn 0.674600 0.391029 -0.626108
vn 0.526789 0.771474 -0.356821
vn 0.294961 0.934477 -0.199376
vn 0.254596 0.938427 -0.233530
vn 0.492838 0.748621 -0.443484
vn 0.294961 0.934477 -0.199376
vn 0.016160 0.999780 -0.013399
vn 0.031040 0.999048 -0.030665
vn 0.254596 0.938427 -0.233530
vn 0.016160 0.999780 -0.013399
vn 0.055726 0.998147 -0.024445
vn 0.005137 0.999470 -0.032149
vn 0.031040 0.999048 -0.030665
vn 0.256111 0.959474 -0.117546
vn 0.294961 0.934477 -0.199376
vn 0.526789 0.771474 -0.356821
vn 0.571766 0.776983 -0.263405
vn 0.571766 0.776983 -0.263405
vn 0.526789 0.771474 -0.356821
vn 0.736506 0.443687 -0.510589
vn 0.804241 0.454069 -0.383430
vn 0.804241 0.454069 -0.383430
vn 0.736506 0.443687 -0.510589
vn 0.824877 0.063406 -0.561746
vn 0.824877 0.063406 -0.561746
vn 0.867664 0.033144 -0.496045
vn 0.893564 0.125817 -0.430945
vn 0.804241 0.454069 -0.383430
vn 0.060852 0.890199 -0.451489
vn 0.090549 0.898046 -0.430481
vn 0.018278 0.964392 -0.263845
vn 0.017710 0.958339 -0.285084
vn 0.492838 0.748621 -0.443484
vn 0.254596 0.938427 -0.233530
vn 0.219764 0.930659 -0.292537
vn 0.450241 0.708061 -0.543997
vn 0.031040 0.999048 -0.030665
vn 0.005137 0.999470 -0.032149
vn 0.010809 0.996666 -0.080867
vn 0.090549 0.898046 -0.430481
vn 0.119509 0.907694 -0.402255
vn 0.027692 0.978363 -0.205036
vn 0.018278 0.964392 -0.263845
vn 0.119509 0.907694 -0.402255
vn 0.148137 0.918177 -0.367433
vn 0.022805 0.978493 -0.205016
vn 0.027692 0.978363 -0.205036
vn 0.148137 0.918177 -0.367433
vn 0.176465 0.929114 -0.324973
vn 0.015884 0.988504 -0.150361
vn 0.022805 0.978493 -0.205016
vn 0.069273 0.596277 -0.799784
vn 0.134512 0.639624 -0.756827
vn 0.060852 0.890199 -0.451489
vn 0.030492 0.885331 -0.463960
vn 0.134512 0.639624 -0.756827
vn 0.201021 0.648839 -0.733893
vn 0.090549 0.898046 -0.430481
vn 0.060852 0.890199 -0.451489
vn 0.201021 0.648839 -0.733893
vn 0.266561 0.660200 -0.702198
vn 0.119509 0.907694 -0.402255
vn 0.090549 0.898046 -0.430481
vn 0.266561 0.660200 -0.702198
vn 0.331380 0.672410 -0.661855
vn 0.148137 0.918177 -0.367433
vn 0.119509 0.907694 -0.402255
vn 0.394768 0.685942 -0.611263
vn 0.450241 0.708061 -0.543997
vn 0.219764 0.930659 -0.292537
vn 0.176465 0.929114 -0.324973
vn -0.000000 0.318561 -0.947902
vn 0.000000 0.020764 -0.999784
vn 0.099520 0.248894 -0.963404
vn 0.069273 0.596277 -0.799784
vn 0.099520 0.248894 -0.963404
vn 0.184384 0.271043 -0.944742
vn 0.134512 0.639624 -0.756827
vn 0.069273 0.596277 -0.799784
vn 0.184384 0.271043 -0.944742
vn 0.284646 0.307212 -0.908074
vn 0.201021 0.648839 -0.733893
vn 0.134512 0.639624 -0.756827
vn 0.284646 0.307212 -0.908074
vn 0.367200 0.285625 -0.885202
vn 0.266561 0.660200 -0.702198
vn 0.201021 0.648839 -0.733893
vn 0.492838 0.748621 -0.443484
vn 0.450241 0.708061 -0.543997
vn 0.617561 0.319080 -0.718893
vn 0.674600 0.391029 -0.626108
vn 0.450241 0.708061 -0.543997
vn 0.394768 0.685942 -0.611263
vn 0.538837 0.305920 -0.784900
vn 0.617561 0.319080 -0.718893
vn 0.394768 0.685942 -0.611263
vn 0.331380 0.672410 -0.661855
vn 0.457321 0.315089 -0.831611
vn 0.538837 0.305920 -0.784900
vn 0.000000 0.883795 -0.467874
vn 0.030492 0.885331 -0.463960
vn 0.002274 0.927658 -0.373423
vn 0.000000 0.926256 -0.376896
vn 0.000000 0.687403 -0.726277
vn 0.069273 0.596277 -0.799784
vn 0.030492 0.885331 -0.463960
vn 0.000000 0.883795 -0.467874
vn 0.030492 0.885331 -0.463960
vn 0.060852 0.890199 -0.451489
vn 0.017710 0.958339 -0.285084
vn 0.002274 0.927658 -0.373423
vn 0.000000 0.687403 -0.726277
vn -0.000000 0.318561 -0.947902
vn 0.069273 0.596277 -0.799784
vn 0.099520 0.248894 -0.963404
vn 0.000000 0.020764 -0.999784
vn 0.130328 0.023430 -0.991194
vn 0.130328 0.023430 -0.991194
vn 0.181428 0.029138 -0.982973
vn 0.184384 0.271043 -0.944742
vn 0.099520 0.248894 -0.963404
vn 0.181428 0.029138 -0.982973
vn 0.252675 0.011741 -0.967480
vn 0.284646 0.307212 -0.908074
vn 0.184384 0.271043 -0.944742
vn 0.252675 0.011741 -0.967480
vn 0.345446 0.026821 -0.938055
vn 0.284646 0.307212 -0.908074
vn 0.345446 0.026821 -0.938055
vn 0.381863 0.031378 -0.923686
vn 0.367200 0.285625 -0.885202
vn 0.284646 0.307212 -0.908074
vn 0.367200 0.285625 -0.885202
vn 0.457321 0.315089 -0.831611
vn 0.331380 0.672410 -0.661855
vn 0.266561 0.660200 -0.702198
vn 0.331380 0.672410 -0.661855
vn 0.394768 0.685942 -0.611263
vn 0.176465 0.929114 -0.324973
vn 0.148137 0.918177 -0.367433
vn 0.176465 0.929114 -0.324973
vn 0.219764 0.930659 -0.292537
vn 0.010809 0.996666 -0.080867
vn 0.015884 0.988504 -0.150361
vn 0.381863 0.031378 -0.923686
vn 0.444272 0.014244 -0.895779
vn 0.457321 0.315089 -0.831611
vn 0.367200 0.285625 -0.885202
vn 0.010809 0.996666 -0.080867
vn 0.219764 0.930659 -0.292537
vn 0.254596 0.938427 -0.233530
vn 0.031040 0.999048 -0.030665
vn 0.674600 0.391029 -0.626108
vn 0.617561 0.319080 -0.718893
vn 0.617525 0.034295 -0.785803
vn 0.737266 0.036019 -0.674642
vn 0.617561 0.319080 -0.718893
vn 0.538837 0.305920 -0.784900
vn 0.579210 0.033597 -0.814486
vn 0.617525 0.034295 -0.785803
vn 0.538837 0.305920 -0.784900
vn 0.457321 0.315089 -0.831611
vn 0.494840 0.015706 -0.868842
vn 0.579210 0.033597 -0.814486
vn 0.494840 0.015706 -0.868842
vn 0.457321 0.315089 -0.831611
vn 0.444272 0.014244 -0.895779
vn 0.519636 0.854248 -0.015432
vn 0.552444 0.832907 -0.032752
vn 0.634021 0.769495 -0.076776
vn 0.362789 0.931696 -0.018056
vn 0.541508 0.840140 0.030564
vn 0.568786 0.822199 0.021702
vn 0.515768 0.856446 0.021974
vn 0.593112 0.804639 0.027828
vn 0.361742 0.932274 -0.002892
vn 0.218795 0.975768 0.002203
vn 0.515768 0.856446 0.021974
vn 0.515768 0.856446 0.021974
vn 0.218795 0.975768 0.002203
vn 0.623142 0.781805 0.021796
vn 0.593112 0.804639 0.027828
vn 0.519636 0.854248 -0.015432
vn 0.362789 0.931696 -0.018056
vn 0.361742 0.932274 -0.002892
vn 0.362789 0.931696 -0.018056
vn 0.055726 0.998147 -0.024445
vn 0.218795 0.975768 0.002203
vn 0.361742 0.932274 -0.002892
vn 0.055726 0.998147 -0.024445
vn 0.091333 0.995796 -0.007017
vn 0.121637 0.992561 -0.005246
vn 0.218795 0.975768 0.002203
vn 0.552444 0.832907 -0.032752
vn 0.715184 0.688686 -0.119262
vn 0.634021 0.769495 -0.076776
vn 0.519636 0.854248 -0.015432
vn 0.361742 0.932274 -0.002892
vn 0.568786 0.822199 0.021702
vn 0.552444 0.832907 -0.032752
vn 0.568786 0.822199 0.021702
vn 0.361742 0.932274 -0.002892
vn 0.515768 0.856446 0.021974
vn 0.770338 0.626252 0.119950
vn 0.568786 0.822199 0.021702
vn 0.723324 0.685400 0.083843
vn 0.756339 0.648098 0.088995
vn 0.568786 0.822199 0.021702
vn 0.541508 0.840140 0.030564
vn 0.723324 0.685400 0.083843
vn 0.756339 0.648098 0.088995
vn 0.844894 0.523369 0.110632
vn 0.859898 0.492510 0.134202
vn 0.770338 0.626252 0.119950
vn 0.723324 0.685400 0.083843
vn 0.826170 0.560011 0.061895
vn 0.844894 0.523369 0.110632
vn 0.756339 0.648098 0.088995
vn 0.013601 0.991097 -0.132442
vn 0.008077 0.997790 -0.065950
vn 0.215703 0.968980 -0.120625
vn 0.029459 0.980641 -0.193585
vn 0.635503 0.763649 -0.113912
vn 0.362789 0.931696 -0.018056
vn 0.634021 0.769495 -0.076776
vn 0.757846 0.636807 -0.141940
vn 0.008077 0.997790 -0.065950
vn 0.055726 0.998147 -0.024445
vn 0.215703 0.968980 -0.120625
vn 0.215703 0.968980 -0.120625
vn 0.055726 0.998147 -0.024445
vn 0.362789 0.931696 -0.018056
vn 0.367199 0.921850 -0.123926
vn 0.367199 0.921850 -0.123926
vn 0.362789 0.931696 -0.018056
vn 0.635503 0.763649 -0.113912
vn 0.037834 0.957819 -0.284869
vn 0.029459 0.980641 -0.193585
vn 0.282986 0.912812 -0.294436
vn 0.078498 0.817322 -0.570808
vn 0.063048 0.902145 -0.426802
vn 0.295105 0.857474 -0.421487
vn 0.295105 0.857474 -0.421487
vn 0.063048 0.902145 -0.426802
vn 0.037834 0.957819 -0.284869
vn 0.282986 0.912812 -0.294436
vn 0.304114 0.758844 -0.575909
vn 0.078498 0.817322 -0.570808
vn 0.295105 0.857474 -0.421487
vn 0.295105 0.857474 -0.421487
vn 0.282986 0.912812 -0.294436
vn 0.472268 0.843025 -0.257432
vn 0.510492 0.770166 -0.382416
vn 0.510492 0.770166 -0.382416
vn 0.472268 0.843025 -0.257432
vn 0.675349 0.707222 -0.209143
vn 0.675349 0.707222 -0.209143
vn 0.816460 0.541656 -0.200007
vn 0.732945 0.604692 -0.311672
vn 0.510492 0.770166 -0.382416
vn 0.757846 0.636807 -0.141940
vn 0.816460 0.541656 -0.200007
vn 0.675349 0.707222 -0.209143
vn 0.635503 0.763649 -0.113912
vn 0.635503 0.763649 -0.113912
vn 0.675349 0.707222 -0.209143
vn 0.472268 0.843025 -0.257432
vn 0.367199 0.921850 -0.123926
vn 0.367199 0.921850 -0.123926
vn 0.472268 0.843025 -0.257432
vn 0.282986 0.912812 -0.294436
vn 0.282986 0.912812 -0.294436
vn 0.029459 0.980641 -0.193585
vn 0.215703 0.968980 -0.120625
vn 0.367199 0.921850 -0.123926
vn 0.732945 0.604692 -0.311672
vn 0.816460 0.541656 -0.200007
vn 0.840930 0.479465 -0.250898
vn 0.304114 0.758844 -0.575909
vn 0.295105 0.857474 -0.421487
vn 0.510492 0.770166 -0.382416
vn 0.548251 0.669222 -0.501560
vn 0.548251 0.669222 -0.501560
vn 0.510492 0.770166 -0.382416
vn 0.732945 0.604692 -0.311672
vn 0.732945 0.604692 -0.311672
vn 0.840930 0.479465 -0.250898
vn 0.810743 0.479363 -0.336017
vn 0.548251 0.669222 -0.501560
vn 0.840930 0.479465 -0.250898
vn 0.850025 0.463235 -0.250740
vn 0.854771 0.420977 -0.303554
vn 0.810743 0.479363 -0.336017
vn 0.532349 0.846523 0.001810
vn 0.565273 0.824902 0.001723
vn 0.933556 0.358407 0.004204
vn 0.835706 0.549170 0.002900
vn 0.203010 0.979175 0.001576
vn 0.035936 0.999345 0.004231
vn 0.067387 0.997727 0.000128
vn 0.067387 0.997727 0.000128
vn 0.004266 0.999991 0.000191
vn 0.193912 0.981019 0.000271
vn 0.565273 0.824902 0.001723
vn 0.532349 0.846523 0.001810
vn 0.067387 0.997727 0.000128
vn 0.193912 0.981019 0.000271
vn 0.532349 0.846523 0.001810
vn 0.497192 0.867641 0.000000
vn 0.203010 0.979175 0.001576
vn 0.067387 0.997727 0.000128
vn 0.835706 0.549170 0.002900
vn 0.842035 0.539412 0.003437
vn 0.497192 0.867641 0.000000
vn 0.532349 0.846523 0.001810
vn 0.835706 0.549170 0.002900
vn 0.933556 0.358407 0.004204
vn 0.966669 0.255974 0.005290
vn 0.842035 0.539412 0.003437
vn 0.966669 0.255974 0.005290
vn 0.984730 0.173260 0.016941
vn 0.953068 0.302637 0.008520
vn 0.842035 0.539412 0.003437
vn 0.966669 0.255974 0.005290
vn 0.933556 0.358407 0.004204
vn 0.998596 0.050453 0.016171
vn 0.997868 0.062482 0.018833
vn 0.996778 0.077837 0.019371
vn 0.984730 0.173260 0.016941
vn 0.966669 0.255974 0.005290
vn 0.997868 0.062482 0.018833
vn 0.984730 0.173260 0.016941
vn 0.984549 0.160801 0.069321
vn 0.973286 0.227278 0.032547
vn 0.953068 0.302637 0.008520
vn 0.964779 0.258551 0.048506
vn 0.973286 0.227278 0.032547
vn 0.984549 0.160801 0.069321
vn 0.971494 0.219314 0.090001
vn 0.929804 -0.082247 0.358748
vn 0.921207 -0.105159 0.374593
vn 0.892009 -0.144117 0.428428
vn 0.907697 -0.122953 0.401210
vn 0.988708 0.094232 0.116523
vn 0.988496 0.083949 0.125808
vn 0.984124 0.080571 0.158137
vn 0.969373 0.220680 0.107777
vn 0.910435 0.386254 0.148037
vn 0.937011 0.338403 0.086571
vn 0.826170 0.560011 0.061895
vn 0.937011 0.338403 0.086571
vn 0.844894 0.523369 0.110632
vn 0.844894 0.523369 0.110632
vn 0.937011 0.338403 0.086571
vn 0.910435 0.386254 0.148037
vn 0.859898 0.492510 0.134202
vn 0.969373 0.220680 0.107777
vn 0.937011 0.338403 0.086571
vn 0.971494 0.219314 0.090001
vn 1.000000 0.000000 0.000002
vn 1.000000 -0.000001 0.000003
vn 1.000000 -0.000003 0.000003
vn 0.971863 0.189822 0.139462
vn 0.969373 0.220680 0.107777
vn 0.982171 0.160010 0.098675
vn 1.000000 -0.000001 0.000003
vn 1.000000 -0.000001 0.000003
vn 1.000000 -0.000001 0.000003
vn 0.982171 0.160010 0.098675
vn 0.990857 0.102131 0.088161
vn 0.982700 0.125057 0.136604
vn 0.981079 0.143961 0.129460
vn 0.990857 0.102131 0.088161
vn 0.988708 0.094232 0.116523
vn 0.982700 0.125057 0.136604
vn 0.988496 0.083949 0.125808
vn 0.989290 0.031190 0.142591
vn 0.983486 0.065502 0.168718
vn 0.984124 0.080571 0.158137
vn 0.989290 0.031190 0.142591
vn 0.985685 0.028176 0.166229
vn 0.983486 0.065502 0.168718
vn 0.964036 -0.009833 0.265591
vn 0.984894 0.020551 0.171933
vn 0.979311 -0.020583 0.201310
vn 0.984894 0.020551 0.171933
vn 0.964036 -0.009833 0.265591
vn 0.975043 0.036725 0.218956
vn 0.985685 0.028176 0.166229
vn 0.964036 -0.009833 0.265591
vn 0.950785 -0.062813 0.303419
vn 0.929804 -0.082247 0.358748
vn 0.929804 -0.082247 0.358748
vn 0.950785 -0.062813 0.303419
vn 0.921207 -0.105159 0.374593
vn 0.846495 -0.220095 0.484772
vn 0.907697 -0.122953 0.401210
vn 0.892009 -0.144117 0.428428
vn 0.878199 -0.186544 0.440418
vn 0.867168 -0.235051 0.439057
vn 0.869558 -0.200020 0.451510
vn 0.846495 -0.220095 0.484772
vn 0.836189 -0.249113 0.488600
vn 0.846495 -0.220095 0.484772
vn 0.869558 -0.200020 0.451510
vn 0.907697 -0.122953 0.401210
vn 0.994077 0.010327 0.108183
vn 0.979311 -0.020583 0.201310
vn 0.984894 0.020551 0.171933
vn 0.964036 -0.009833 0.265591
vn 0.979311 -0.020583 0.201310
vn 0.950785 -0.062813 0.303419
vn 0.994077 0.010327 0.108183
vn 0.989290 0.031190 0.142591
vn 0.994162 0.068824 0.083101
vn 0.984549 0.160801 0.069321
vn 0.984730 0.173260 0.016941
vn 0.996778 0.077837 0.019371
vn 0.994270 0.092170 0.054140
vn 0.994270 0.092170 0.054140
vn 0.996778 0.077837 0.019371
vn 0.997868 0.062482 0.018833
vn 0.996594 0.069561 0.044303
vn 0.996594 0.069561 0.044303
vn 0.997868 0.062482 0.018833
vn 0.998596 0.050453 0.016171
vn 0.998552 0.017369 0.050923
vn 0.971494 0.219314 0.090001
vn 0.937011 0.338403 0.086571
vn 0.944452 0.324604 0.051407
vn 0.964779 0.258551 0.048506
vn 0.964779 0.258551 0.048506
vn 0.944452 0.324604 0.051407
vn 0.973286 0.227278 0.032547
vn 0.975043 0.036725 0.218956
vn 0.983486 0.065502 0.168718
vn 0.985685 0.028176 0.166229
vn 0.989290 0.031190 0.142591
vn 0.994077 0.010327 0.108183
vn 0.984894 0.020551 0.171933
vn 0.985685 0.028176 0.166229
vn 0.994162 0.068824 0.083101
vn 0.989290 0.031190 0.142591
vn 0.988496 0.083949 0.125808
vn 0.988496 0.083949 0.125808
vn 0.988708 0.094232 0.116523
vn 0.990857 0.102131 0.088161
vn 0.994162 0.068824 0.083101
vn 0.969373 0.220680 0.107777
vn 0.971494 0.219314 0.090001
vn 0.984549 0.160801 0.069321
vn 0.982171 0.160010 0.098675
vn 0.982171 0.160010 0.098675
vn 0.984549 0.160801 0.069321
vn 0.994270 0.092170 0.054140
vn 0.990857 0.102131 0.088161
vn 0.990857 0.102131 0.088161
vn 0.994270 0.092170 0.054140
vn 0.996594 0.069561 0.044303
vn 0.994162 0.068824 0.083101
vn 0.994162 0.068824 0.083101
vn 0.996594 0.069561 0.044303
vn 0.998552 0.017369 0.050923
vn 0.998552 0.017369 0.050923
vn 0.994077 0.010327 0.108183
vn 0.994162 0.068824 0.083101
vn 0.284735 -0.318367 0.904195
vn 0.379458 -0.293199 0.877523
vn 0.340296 -0.097639 0.935235
vn 0.238088 -0.321210 0.916591
vn 0.340296 -0.097639 0.935235
vn 0.329163 0.172532 0.928377
vn 0.207235 -0.260988 0.942836
vn 0.238088 -0.321210 0.916591
vn 0.238088 -0.321210 0.916591
vn 0.207235 -0.260988 0.942836
vn 0.196058 -0.337820 0.920564
vn 0.196058 -0.337820 0.920564
vn 0.207235 -0.260988 0.942836
vn 0.153005 -0.326114 0.932866
vn 0.144345 -0.356287 0.923160
vn 0.207235 -0.260988 0.942836
vn 0.216546 0.202705 0.954997
vn 0.103903 -0.094987 0.990041
vn 0.153005 -0.326114 0.932866
vn 0.103903 -0.094987 0.990041
vn 0.072528 -0.337644 0.938475
vn 0.099643 -0.348847 0.931867
vn 0.153005 -0.326114 0.932866
vn 0.103903 -0.094987 0.990041
vn 0.079140 0.113410 0.990391
vn 0.039292 -0.323268 0.945491
vn 0.072528 -0.337644 0.938475
vn 0.072528 -0.337644 0.938475
vn 0.039292 -0.323268 0.945491
vn 0.041256 -0.349376 0.936074
vn 0.050176 -0.367432 0.928696
vn 0.041256 -0.349376 0.936074
vn 0.039292 -0.323268 0.945491
vn 0.032716 -0.321489 0.946348
vn 0.050176 -0.367432 0.928696
vn 0.039292 -0.323268 0.945491
vn 0.003953 0.066149 0.997802
vn 0.000000 -0.279203 0.960232
vn 0.032716 -0.321489 0.946348
vn 0.032716 -0.321489 0.946348
vn 0.000000 -0.279203 0.960232
vn 0.000000 -0.332759 0.943012
vn 0.091817 0.958998 0.268129
vn 0.002126 0.999979 0.006058
vn 0.088646 0.895850 0.435424
vn 0.118785 0.812981 0.570045
vn 0.088646 0.895850 0.435424
vn 0.002126 0.999979 0.006058
vn 0.000874 0.999988 0.004733
vn 0.088646 0.895850 0.435424
vn 0.000874 0.999988 0.004733
vn 0.043128 0.895584 0.442797
vn 0.084114 0.767719 0.635242
vn 0.043128 0.895584 0.442797
vn 0.000874 0.999988 0.004733
vn 0.000493 0.999982 0.005964
vn 0.043128 0.895584 0.442797
vn 0.000493 0.999982 0.005964
vn 0.008316 0.901889 0.431888
vn 0.029521 0.771382 0.635688
vn 0.008316 0.901889 0.431888
vn 0.000493 0.999982 0.005964
vn 0.000042 0.999983 0.005781
vn 0.008316 0.901889 0.431888
vn 0.000042 0.999983 0.005781
vn 0.000000 0.974825 0.222970
vn 0.000000 0.827435 0.561562
vn 0.000000 0.974825 0.222970
vn 0.000042 0.999983 0.005781
vn 0.000000 1.000000 0.000446
vn 0.000000 0.827435 0.561562
vn 0.000000 0.649685 0.760204
vn 0.029521 0.771382 0.635688
vn 0.008316 0.901889 0.431888
vn 0.029521 0.771382 0.635688
vn 0.060215 0.650999 0.756687
vn 0.084114 0.767719 0.635242
vn 0.043128 0.895584 0.442797
vn 0.084114 0.767719 0.635242
vn 0.134743 0.653598 0.744751
vn 0.118785 0.812981 0.570045
vn 0.088646 0.895850 0.435424
vn 0.091817 0.958998 0.268129
vn 0.118785 0.812981 0.570045
vn 0.227022 0.707619 0.669131
vn 0.216546 0.202705 0.954997
vn 0.207235 -0.260988 0.942836
vn 0.329163 0.172532 0.928377
vn 0.227022 0.707619 0.669131
vn 0.865325 0.381700 0.324835
vn 0.710430 0.463586 0.529507
vn 0.822494 -0.095403 0.560716
vn 0.921216 -0.059578 0.384462
vn 0.731900 -0.190756 0.654168
vn 0.822494 -0.095403 0.560716
vn 0.563962 -0.006450 0.825776
vn 0.485596 -0.267157 0.832360
vn 0.227022 0.707619 0.669131
vn 0.329163 0.172532 0.928377
vn 0.406504 0.629741 0.661952
vn 0.371059 0.756458 0.538596
vn 0.227022 0.707619 0.669131
vn 0.371059 0.756458 0.538596
vn 0.144164 0.967331 0.208537
vn 0.984985 0.168389 0.038077
vn 0.998596 0.050453 0.016171
vn 0.933556 0.358407 0.004204
vn 0.915331 0.401987 0.023978
vn 0.988431 0.053732 0.141832
vn 0.978568 -0.039710 0.202060
vn 0.984985 0.168389 0.038077
vn 0.972552 0.202346 0.114883
vn 0.984985 0.168389 0.038077
vn 0.978568 -0.039710 0.202060
vn 0.993370 -0.009923 0.114531
vn 0.993370 -0.009923 0.114531
vn 0.998552 0.017369 0.050923
vn 0.998596 0.050453 0.016171
vn 0.379458 -0.293199 0.877523
vn 0.485596 -0.267157 0.832360
vn 0.563962 -0.006450 0.825776
vn 0.340296 -0.097639 0.935235
vn 0.142028 0.985738 0.090269
vn 0.002109 0.999995 0.002136
vn 0.144164 0.967331 0.208537
vn 0.407013 0.871714 0.272863
vn 0.407013 0.871714 0.272863
vn 0.144164 0.967331 0.208537
vn 0.371059 0.756458 0.538596
vn 0.710430 0.463586 0.529507
vn 0.710430 0.463586 0.529507
vn 0.371059 0.756458 0.538596
vn 0.406504 0.629741 0.661952
vn 0.091817 0.958998 0.268129
vn 0.227022 0.707619 0.669131
vn 0.002395 0.999981 0.005727
vn 0.002126 0.999979 0.006058
vn 0.227022 0.707619 0.669131
vn 0.144164 0.967331 0.208537
vn 0.001091 0.999996 0.002696
vn 0.002395 0.999981 0.005727
vn 0.001091 0.999996 0.002696
vn 0.144164 0.967331 0.208537
vn 0.002109 0.999995 0.002136
vn 0.142028 0.985738 0.090269
vn 0.001997 0.999998 0.000787
vn 0.001115 0.999999 0.000638
vn 0.002109 0.999995 0.002136
vn 0.107689 0.994183 0.001779
vn 0.002631 0.999997 0.000172
vn 0.143873 0.989492 0.014368
vn 0.299875 0.953939 0.008657
vn 0.299875 0.953939 0.008657
vn 0.143873 0.989492 0.014368
vn 0.540286 0.839998 0.049944
vn 0.652588 0.757427 0.020814
vn 0.652588 0.757427 0.020814
vn 0.540286 0.839998 0.049944
vn 0.789785 0.607106 0.087529
vn 0.915331 0.401987 0.023978
vn 0.978568 -0.039710 0.202060
vn 0.988431 0.053732 0.141832
vn 0.921216 -0.059578 0.384462
vn 0.888453 -0.119232 0.443210
vn 0.921216 -0.059578 0.384462
vn 0.988431 0.053732 0.141832
vn 0.972552 0.202346 0.114883
vn 0.865325 0.381700 0.324835
vn 0.972552 0.202346 0.114883
vn 0.984985 0.168389 0.038077
vn 0.915331 0.401987 0.023978
vn 0.789785 0.607106 0.087529
vn 0.915331 0.401987 0.023978
vn 0.933556 0.358407 0.004204
vn 0.565273 0.824902 0.001723
vn 0.652588 0.757427 0.020814
vn 0.710430 0.463586 0.529507
vn 0.556996 0.104195 0.823953
vn 0.563962 -0.006450 0.825776
vn 0.822494 -0.095403 0.560716
vn 0.556996 0.104195 0.823953
vn 0.329163 0.172532 0.928377
vn 0.340296 -0.097639 0.935235
vn 0.563962 -0.006450 0.825776
vn 0.888453 -0.119232 0.443210
vn 0.921216 -0.059578 0.384462
vn 0.822494 -0.095403 0.560716
vn 0.731900 -0.190756 0.654168
vn 0.865325 0.381700 0.324835
vn 0.972552 0.202346 0.114883
vn 0.789785 0.607106 0.087529
vn 0.659838 0.714053 0.233971
vn 0.652588 0.757427 0.020814
vn 0.565273 0.824902 0.001723
vn 0.299875 0.953939 0.008657
vn 0.299875 0.953939 0.008657
vn 0.565273 0.824902 0.001723
vn 0.193912 0.981019 0.000271
vn 0.107689 0.994183 0.001779
vn 0.002631 0.999997 0.000172
vn 0.001997 0.999998 0.000787
vn 0.105446 0.993973 0.029977
vn 0.143873 0.989492 0.014368
vn 0.105446 0.993973 0.029977
vn 0.001997 0.999998 0.000787
vn 0.142028 0.985738 0.090269
vn 0.291109 0.951699 0.097591
vn 0.291109 0.951699 0.097591
vn 0.142028 0.985738 0.090269
vn 0.407013 0.871714 0.272863
vn 0.659838 0.714053 0.233971
vn 0.659838 0.714053 0.233971
vn 0.407013 0.871714 0.272863
vn 0.710430 0.463586 0.529507
vn 0.865325 0.381700 0.324835
vn 0.004266 0.999991 0.000191
vn 0.002631 0.999997 0.000172
vn 0.107689 0.994183 0.001779
vn 0.193912 0.981019 0.000271
vn 0.143873 0.989492 0.014368
vn 0.105446 0.993973 0.029977
vn 0.540286 0.839998 0.049944
vn 0.540286 0.839998 0.049944
vn 0.105446 0.993973 0.029977
vn 0.291109 0.951699 0.097591
vn 0.789785 0.607106 0.087529
vn 0.789785 0.607106 0.087529
vn 0.291109 0.951699 0.097591
vn 0.659838 0.714053 0.233971
vn 0.025738 0.935409 -0.352629
vn 0.030636 0.900333 -0.434123
vn 0.000000 0.909485 -0.415736
vn 0.002274 0.927658 -0.373423
vn 0.027692 0.978363 -0.205036
vn 0.022805 0.978493 -0.205016
vn 0.030296 0.960429 -0.276872
vn 0.018278 0.964392 -0.263845
vn 0.041652 0.834685 -0.549150
vn 0.025532 0.704144 -0.709598
vn -0.000000 0.858005 -0.513642
vn 0.041652 0.834685 -0.549150
vn -0.000000 0.858005 -0.513642
vn 0.000000 0.909485 -0.415736
vn 0.030636 0.900333 -0.434123
vn 0.078498 0.817322 -0.570808
vn 0.041652 0.834685 -0.549150
vn 0.030636 0.900333 -0.434123
vn 0.063048 0.902145 -0.426802
vn 0.063048 0.902145 -0.426802
vn 0.030636 0.900333 -0.434123
vn 0.025738 0.935409 -0.352629
vn 0.025738 0.935409 -0.352629
vn 0.030296 0.960429 -0.276872
vn 0.037834 0.957819 -0.284869
vn 0.063048 0.902145 -0.426802
vn 0.030296 0.960429 -0.276872
vn 0.022805 0.978493 -0.205016
vn 0.029459 0.980641 -0.193585
vn 0.037834 0.957819 -0.284869
vn 0.022805 0.978493 -0.205016
vn 0.015884 0.988504 -0.150361
vn 0.013601 0.991097 -0.132442
vn 0.029459 0.980641 -0.193585
vn 0.010809 0.996666 -0.080867
vn 0.005137 0.999470 -0.032149
vn 0.055726 0.998147 -0.024445
vn 0.008077 0.997790 -0.065950
vn 0.013601 0.991097 -0.132442
vn 0.015884 0.988504 -0.150361
vn 0.010809 0.996666 -0.080867
vn 0.008077 0.997790 -0.065950
vn 0.025738 0.935409 -0.352629
vn 0.002274 0.927658 -0.373423
vn 0.017710 0.958339 -0.285084
vn 0.017710 0.958339 -0.285084
vn 0.018278 0.964392 -0.263845
vn 0.030296 0.960429 -0.276872
vn 0.025738 0.935409 -0.352629
vn 0.055726 0.998147 -0.024445
vn 0.014688 0.999859 -0.008178
vn 0.013717 0.999885 -0.006540
vn 0.091333 0.995796 -0.007017
vn 0.009899 0.999929 -0.006688
vn 0.014688 0.999859 -0.008178
vn 0.055726 0.998147 -0.024445
vn 0.016160 0.999780 -0.013399
vn 0.862570 0.398656 -0.311524
vn 0.862309 0.397245 -0.314037
vn 0.854771 0.420977 -0.303554
vn 0.850025 0.463235 -0.250740
vn 0.840930 0.479465 -0.250898
vn 0.816460 0.541656 -0.200007
vn 0.831734 0.514816 -0.207806
vn 0.850025 0.463235 -0.250740
vn 0.816460 0.541656 -0.200007
vn 0.757846 0.636807 -0.141940
vn 0.784038 0.600128 -0.158527
vn 0.831734 0.514816 -0.207806
vn 0.757846 0.636807 -0.141940
vn 0.634021 0.769495 -0.076776
vn 0.715184 0.688686 -0.119262
vn 0.784038 0.600128 -0.158527
vn 0.149622 -0.396203 0.905890
vn 0.297424 -0.337169 0.893228
vn 0.191021 -0.357804 0.914050
vn 0.109307 -0.404681 0.907902
vn 0.191021 -0.357804 0.914050
vn 0.297424 -0.337169 0.893228
vn 0.314776 -0.314281 0.895625
vn 0.191021 -0.357804 0.914050
vn 0.314776 -0.314281 0.895625
vn 0.254473 -0.330514 0.908848
vn 0.134129 -0.378683 0.915756
vn 0.314776 -0.314281 0.895625
vn 0.379458 -0.293199 0.877523
vn 0.284735 -0.318367 0.904195
vn 0.254473 -0.330514 0.908848
vn 0.076863 -0.446831 0.891310
vn 0.200669 -0.381891 0.902159
vn 0.149622 -0.396203 0.905890
vn 0.109307 -0.404681 0.907902
vn 0.200669 -0.381891 0.902159
vn 0.295640 -0.334480 0.894830
vn 0.149622 -0.396203 0.905890
vn 0.295640 -0.334480 0.894830
vn 0.297424 -0.337169 0.893228
vn 0.149622 -0.396203 0.905890
vn 0.057185 -0.500461 0.863868
vn 0.081452 -0.465735 0.881168
vn 0.112162 -0.434039 0.893885
vn 0.076863 -0.446831 0.891310
vn 0.000000 -0.485141 0.874436
vn 0.025083 -0.491201 0.870685
vn 0.026423 -0.433897 0.900575
vn 0.000000 -0.438416 0.898772
vn 0.000000 -0.402709 0.915328
vn 0.000000 -0.438416 0.898772
vn 0.026423 -0.433897 0.900575
vn 0.040729 -0.397293 0.916788
vn 0.000000 -0.363042 0.931773
vn 0.050176 -0.367432 0.928696
vn 0.032716 -0.321489 0.946348
vn 0.000000 -0.332759 0.943012
vn 0.072528 -0.337644 0.938475
vn 0.050176 -0.367432 0.928696
vn 0.087251 -0.362467 0.927903
vn 0.099643 -0.348847 0.931867
vn 0.099643 -0.348847 0.931867
vn 0.087251 -0.362467 0.927903
vn 0.144345 -0.356287 0.923160
vn 0.153005 -0.326114 0.932866
vn 0.144345 -0.356287 0.923160
vn 0.087251 -0.362467 0.927903
vn 0.083269 -0.389726 0.917159
vn 0.083269 -0.389726 0.917159
vn 0.087251 -0.362467 0.927903
vn 0.050176 -0.367432 0.928696
vn 0.040729 -0.397293 0.916788
vn 0.109307 -0.404681 0.907902
vn 0.191021 -0.357804 0.914050
vn 0.134129 -0.378683 0.915756
vn 0.134129 -0.378683 0.915756
vn 0.254473 -0.330514 0.908848
vn 0.194656 -0.347861 0.917116
vn 0.194656 -0.347861 0.917116
vn 0.254473 -0.330514 0.908848
vn 0.284735 -0.318367 0.904195
vn 0.238088 -0.321210 0.916591
vn 0.196058 -0.337820 0.920564
vn 0.144345 -0.356287 0.923160
vn 0.194656 -0.347861 0.917116
vn 0.238088 -0.321210 0.916591
vn 0.144345 -0.356287 0.923160
vn 0.083269 -0.389726 0.917159
vn 0.134129 -0.378683 0.915756
vn 0.194656 -0.347861 0.917116
vn 0.083269 -0.389726 0.917159
vn 0.065341 -0.419457 0.905421
vn 0.109307 -0.404681 0.907902
vn 0.134129 -0.378683 0.915756
vn 0.065341 -0.419457 0.905421
vn 0.046433 -0.454195 0.889691
vn 0.076863 -0.446831 0.891310
vn 0.109307 -0.404681 0.907902
vn 0.000000 -0.402709 0.915328
vn 0.040729 -0.397293 0.916788
vn 0.050176 -0.367432 0.928696
vn 0.000000 -0.363042 0.931773
vn 0.083269 -0.389726 0.917159
vn 0.040729 -0.397293 0.916788
vn 0.026423 -0.433897 0.900575
vn 0.065341 -0.419457 0.905421
vn 0.065341 -0.419457 0.905421
vn 0.026423 -0.433897 0.900575
vn 0.025083 -0.491201 0.870685
vn 0.046433 -0.454195 0.889691
vn 0.046433 -0.454195 0.889691
vn 0.025083 -0.491201 0.870685
vn 0.057185 -0.500461 0.863868
vn 0.076863 -0.446831 0.891310
vn 0.112162 -0.434039 0.893885
vn 0.200669 -0.381891 0.902159
vn 0.076863 -0.446831 0.891310
vn 0.767344 -0.183298 0.614479
vn 0.295640 -0.334480 0.894830
vn 0.787536 -0.188102 0.586860
vn 0.911486 -0.103596 0.398071
vn 0.295640 -0.334480 0.894830
vn 0.767344 -0.183298 0.614479
vn 0.297424 -0.337169 0.893228
vn 0.379458 -0.293199 0.877523
vn 0.314776 -0.314281 0.895625
vn 0.488548 -0.271733 0.829146
vn 0.485596 -0.267157 0.832360
vn 0.485596 -0.267157 0.832360
vn 0.488548 -0.271733 0.829146
vn 0.689125 -0.211981 0.692943
vn 0.731900 -0.190756 0.654168
vn 0.731900 -0.190756 0.654168
vn 0.689125 -0.211981 0.692943
vn 0.861226 -0.136090 0.489663
vn 0.888453 -0.119232 0.443210
vn 0.993370 -0.009923 0.114531
vn 0.988466 -0.019902 0.150133
vn 0.994077 0.010327 0.108183
vn 0.998552 0.017369 0.050923
vn 0.988466 -0.019902 0.150133
vn 0.969437 -0.047834 0.240634
vn 0.979311 -0.020583 0.201310
vn 0.994077 0.010327 0.108183
vn 0.921207 -0.105159 0.374593
vn 0.950785 -0.062813 0.303419
vn 0.914201 -0.109791 0.390107
vn 0.848214 -0.176013 0.499552
vn 0.921207 -0.105159 0.374593
vn 0.848214 -0.176013 0.499552
vn 0.892009 -0.144117 0.428428
vn 0.848214 -0.176013 0.499552
vn 0.579542 -0.334751 0.743016
vn 0.878199 -0.186544 0.440418
vn 0.892009 -0.144117 0.428428
vn 0.589827 -0.374807 0.715279
vn 0.836189 -0.249113 0.488600
vn 0.846495 -0.220095 0.484772
vn 0.579542 -0.334751 0.743016
vn 0.342422 -0.436617 0.831933
vn 0.112162 -0.434039 0.893885
vn 0.081452 -0.465735 0.881168
vn 0.914201 -0.109791 0.390107
vn 0.950785 -0.062813 0.303419
vn 0.979311 -0.020583 0.201310
vn 0.969437 -0.047834 0.240634
vn 0.914201 -0.109791 0.390107
vn 0.969437 -0.047834 0.240634
vn 0.911486 -0.103596 0.398071
vn 0.787536 -0.188102 0.586860
vn 0.969437 -0.047834 0.240634
vn 0.988466 -0.019902 0.150133
vn 0.964686 -0.057117 0.257137
vn 0.911486 -0.103596 0.398071
vn 0.988466 -0.019902 0.150133
vn 0.993370 -0.009923 0.114531
vn 0.978568 -0.039710 0.202060
vn 0.964686 -0.057117 0.257137
vn 0.589827 -0.374807 0.715279
vn 0.579542 -0.334751 0.743016
vn 0.112162 -0.434039 0.893885
vn 0.342422 -0.436617 0.831933
vn 0.579542 -0.334751 0.743016
vn 0.680152 -0.256064 0.686895
vn 0.200669 -0.381891 0.902159
vn 0.112162 -0.434039 0.893885
vn 0.680152 -0.256064 0.686895
vn 0.787536 -0.188102 0.586860
vn 0.295640 -0.334480 0.894830
vn 0.200669 -0.381891 0.902159
vn 0.861226 -0.136090 0.489663
vn 0.767344 -0.183298 0.614479
vn 0.911486 -0.103596 0.398071
vn 0.964686 -0.057117 0.257137
vn 0.767344 -0.183298 0.614479
vn 0.861226 -0.136090 0.489663
vn 0.689125 -0.211981 0.692943
vn 0.297424 -0.337169 0.893228
vn 0.297424 -0.337169 0.893228
vn 0.689125 -0.211981 0.692943
vn 0.488548 -0.271733 0.829146
vn 0.314776 -0.314281 0.895625
vn 0.888453 -0.119232 0.443210
vn 0.861226 -0.136090 0.489663
vn 0.964686 -0.057117 0.257137
vn 0.978568 -0.039710 0.202060
vn 0.848214 -0.176013 0.499552
vn 0.680152 -0.256064 0.686895
vn 0.579542 -0.334751 0.743016
vn 0.878199 -0.186544 0.440418
vn 0.579542 -0.334751 0.743016
vn 0.846495 -0.220095 0.484772
vn 1.000000 -0.000001 0.000002
vn 1.000000 -0.000001 0.000002
vn 1.000000 -0.000001 0.000002
vn 1.000000 -0.000001 0.000002
vn 1.000000 -0.000001 0.000002
vn 1.000000 -0.000001 0.000002
vn 1.000000 -0.000001 0.000002
vn 1.000000 -0.000001 0.000002
vn 1.000000 0.000001 0.000002
vn 1.000000 -0.000001 0.000002
vn 1.000000 0.000001 0.000002
vn 1.000000 -0.000001 0.000002
vn 1.000000 0.000002 0.000003
vn 1.000000 -0.000001 0.000002
vn 1.000000 0.000000 0.000002
vn 1.000000 -0.000001 0.000002
vn 1.000000 -0.000001 0.000002
vn 1.000000 -0.000001 0.000002
vn 1.000000 -0.000002 0.000003
vn 1.000000 -0.000002 0.000002
vn 1.000000 -0.000001 0.000002
vn 1.000000 -0.000001 0.000002
vn 1.000000 -0.000001 0.000002
vn 1.000000 -0.000001 0.000002
vn 1.000000 -0.000001 0.000003
vn 1.000000 -0.000001 0.000003
vn 1.000000 -0.000001 0.000003
vn 1.000000 -0.000001 0.000003
vn 1.000000 -0.000001 0.000002
vn 1.000000 -0.000001 0.000002
vn 1.000000 -0.000001 0.000003
vn 1.000000 -0.000001 0.000003
vn 1.000000 -0.000002 0.000003
vn 1.000000 -0.000002 0.000003
vn 1.000000 -0.000002 0.000003
vn 1.000000 -0.000002 0.000003
vn 1.000000 -0.000002 0.000002
vn 1.000000 -0.000001 0.000003
vn 1.000000 -0.000001 0.000003
vn 1.000000 -0.000001 0.000003
vn 1.000000 -0.000001 0.000003
vn 1.000000 -0.000001 0.000003
vn 1.000000 -0.000001 0.000003
vn 1.000000 -0.000002 0.000003
vn 1.000000 -0.000001 0.000003
vn 1.000000 -0.000001 0.000003
vn 1.000000 -0.000001 0.000003
vn 1.000000 -0.000001 0.000003
vn 1.000000 -0.000001 0.000003
vn 1.000000 -0.000001 0.000003
vn 1.000000 -0.000002 0.000003
vn 1.000000 -0.000001 0.000003
vn 1.000000 0.000002 0.000001
vn 1.000000 -0.000001 0.000001
vn 1.000000 0.000001 0.000002
vn 1.000000 0.000002 0.000001
vn 1.000000 0.000001 0.000002
vn 1.000000 0.000001 0.000002
vn 1.000000 0.000002 0.000003
vn 1.000000 0.000000 0.000003
vn 1.000000 0.000000 0.000003
vn 1.000000 -0.000001 0.000002
vn 1.000000 -0.000001 0.000002
vn 1.000000 0.000000 0.000003
vn 1.000000 -0.000001 0.000002
vn 1.000000 0.000000 0.000002
vn 1.000000 -0.000001 0.000003
vn 1.000000 -0.000001 0.000003
vn 1.000000 -0.000001 0.000002
vn 1.000000 -0.000001 0.000003
vn 1.000000 -0.000001 0.000003
vn 1.000000 -0.000001 0.000003
vn 1.000000 -0.000001 0.000003
vn 1.000000 -0.000001 0.000003
vn 1.000000 -0.000001 0.000003
vn 1.000000 -0.000001 0.000003
vn 1.000000 -0.000001 0.000003
vn 1.000000 -0.000001 0.000003
vn 1.000000 -0.000001 0.000003
vn 1.000000 -0.000001 0.000003
vn 1.000000 -0.000001 0.000003
vn 1.000000 0.000001 0.000002
vn 1.000000 -0.000001 0.000001
vn 1.000000 -0.000001 0.000002
vn 1.000000 -0.000001 0.000003
vn 1.000000 -0.000001 0.000003
vn 1.000000 -0.000001 0.000003
vn 1.000000 -0.000001 0.000003
vn 1.000000 0.000000 0.000003
vn 1.000000 0.000000 0.000003
vn 0.996694 -0.080482 0.011108
vn 1.000000 -0.000001 0.000003
vn 1.000000 -0.000001 0.000003
vn 1.000000 0.000000 0.000003
vn 1.000000 0.000000 0.000003
vn 1.000000 0.000000 0.000003
vn 1.000000 0.000000 0.000003
vn 1.000000 -0.000001 0.000003
vn 1.000000 -0.000001 0.000003
vn 1.000000 -0.000001 0.000003
vn 1.000000 -0.000001 0.000003
vn 1.000000 -0.000001 0.000003
vn 1.000000 -0.000001 0.000003
vn 1.000000 -0.000001 0.000003
vn 1.000000 -0.000001 0.000002
vn 1.000000 -0.000001 0.000003
vn 0.996315 -0.085198 -0.009936
vn 1.000000 -0.000001 0.000003
vn 1.000000 -0.000001 0.000003
vn 0.996694 -0.080482 0.011108
vn 1.000000 -0.000001 0.000003
vn 1.000000 -0.000001 0.000003
vn 1.000000 -0.000001 0.000003
vn 1.000000 -0.000001 0.000003
vn 1.000000 -0.000001 0.000003
vn 1.000000 -0.000001 0.000003
vn 1.000000 -0.000001 0.000003
vn 1.000000 -0.000001 0.000003
vn 1.000000 -0.000001 0.000003
vn 1.000000 -0.000001 0.000003
vn 1.000000 -0.000001 0.000003
vn 1.000000 -0.000001 0.000003
vn 0.996315 -0.085198 -0.009936
vn 1.000000 -0.000001 0.000003
vn 1.000000 -0.000001 0.000003
vn 1.000000 -0.000001 0.000003
vn 1.000000 -0.000001 0.000003
vn 1.000000 -0.000001 0.000003
vn 1.000000 -0.000001 0.000003
vn 1.000000 -0.000001 0.000003
vn 1.000000 -0.000001 0.000003
vn 1.000000 -0.000001 0.000003
vn 1.000000 -0.000001 0.000003
vn 1.000000 -0.000001 0.000003
vn 1.000000 0.000000 0.000003
vn 1.000000 -0.000001 0.000003
vn 1.000000 -0.000001 0.000003
vn 1.000000 -0.000001 0.000003
vn 1.000000 -0.000003 0.000003
vn 1.000000 -0.000004 0.000002
vn 1.000000 -0.000002 -0.000004
vn 1.000000 -0.000004 0.000002
vn 1.000000 -0.000004 0.000002
vn 1.000000 -0.000004 0.000002
vn 1.000000 -0.000004 0.000003
vn 1.000000 -0.000003 0.000003
vn 1.000000 -0.000003 0.000003
vn 1.000000 -0.000004 0.000003
vn 1.000000 0.000000 0.000002
vn 1.000000 -0.000001 0.000003
vn 1.000000 -0.000001 0.000003
vn 1.000000 -0.000001 0.000003
vn 1.000000 -0.000001 0.000003
vn 1.000000 -0.000002 0.000003
vn 1.000000 -0.000002 0.000003
vn 1.000000 -0.000002 0.000003
vn 1.000000 -0.000002 0.000003
vn 1.000000 -0.000001 0.000003
vn 1.000000 -0.000001 0.000003
vn 1.000000 -0.000001 0.000003
vn 1.000000 -0.000001 0.000003
vn 0.548251 0.669222 -0.501560
vn 0.810743 0.479363 -0.336017
vn 0.747309 0.471707 -0.467998
vn 0.531314 0.601366 -0.596711
vn 0.304114 0.758844 -0.575909
vn 0.548251 0.669222 -0.501560
vn 0.531314 0.601366 -0.596711
vn 0.294573 0.665923 -0.685400
vn 0.262861 0.588218 -0.764790
vn 0.081289 0.624111 -0.777096
vn 0.082612 0.724257 -0.684564
vn 0.294573 0.665923 -0.685400
vn 0.294573 0.665923 -0.685400
vn 0.082612 0.724257 -0.684564
vn 0.078498 0.817322 -0.570808
vn 0.304114 0.758844 -0.575909
vn 0.236821 0.356484 -0.903789
vn 0.089596 0.392983 -0.915171
vn 0.217387 0.477578 -0.851271
vn 0.534766 0.316811 -0.783362
vn 0.217387 0.477578 -0.851271
vn 0.089596 0.392983 -0.915171
vn 0.090633 0.513100 -0.853531
vn 0.217387 0.477578 -0.851271
vn 0.090633 0.513100 -0.853531
vn 0.262861 0.588218 -0.764790
vn 0.542727 0.419524 -0.727631
vn 0.262861 0.588218 -0.764790
vn 0.090633 0.513100 -0.853531
vn 0.081289 0.624111 -0.777096
vn 0.246901 0.230481 -0.941232
vn 0.089697 0.273597 -0.957653
vn 0.236821 0.356484 -0.903789
vn 0.535630 0.205293 -0.819119
vn 0.236821 0.356484 -0.903789
vn 0.089697 0.273597 -0.957653
vn 0.089596 0.392983 -0.915171
vn 0.089697 0.273597 -0.957653
vn 0.246901 0.230481 -0.941232
vn 0.096753 0.175696 -0.979678
vn 0.246901 0.230481 -0.941232
vn 0.543386 0.089404 -0.834709
vn 0.304793 0.096485 -0.947519
vn 0.096753 0.175696 -0.979678
vn 0.304793 0.096485 -0.947519
vn 0.097599 0.044482 -0.994231
vn 0.076317 0.101987 -0.991854
vn 0.096753 0.175696 -0.979678
vn 0.304793 0.096485 -0.947519
vn 0.546189 -0.026862 -0.837231
vn 0.339238 -0.028214 -0.940277
vn 0.097599 0.044482 -0.994231
vn 0.097599 0.044482 -0.994231
vn 0.339238 -0.028214 -0.940277
vn 0.073815 -0.063363 -0.995257
vn 0.747360 -0.120367 -0.653425
vn 0.747206 -0.028785 -0.663969
vn 0.856364 -0.023746 -0.515827
vn 0.856321 -0.095198 -0.507595
vn 0.856364 -0.023746 -0.515827
vn 0.747206 -0.028785 -0.663969
vn 0.747136 0.063356 -0.661645
vn 0.856381 0.048143 -0.514096
vn 0.856381 0.048143 -0.514096
vn 0.747136 0.063356 -0.661645
vn 0.747261 0.154306 -0.646367
vn 0.856348 0.119142 -0.502467
vn 0.856348 0.119142 -0.502467
vn 0.747261 0.154306 -0.646367
vn 0.747368 0.242131 -0.618719
vn 0.856307 0.187772 -0.481124
vn 0.856307 0.187772 -0.481124
vn 0.747368 0.242131 -0.618719
vn 0.747284 0.325349 -0.579409
vn 0.856341 0.252703 -0.450357
vn 0.856341 0.252703 -0.450357
vn 0.747284 0.325349 -0.579409
vn 0.747194 0.402474 -0.528882
vn 0.856379 0.312793 -0.410823
vn 0.856379 0.312793 -0.410823
vn 0.747194 0.402474 -0.528882
vn 0.747309 0.471707 -0.467998
vn 0.856335 0.366897 -0.363425
vn 0.856335 0.366897 -0.363425
vn 0.747309 0.471707 -0.467998
vn 0.810743 0.479363 -0.336017
vn 0.854771 0.420977 -0.303554
vn 0.073815 -0.063363 -0.995257
vn 0.339238 -0.028214 -0.940277
vn 0.098052 -0.089277 -0.991169
vn 0.339238 -0.028214 -0.940277
vn 0.548498 -0.142185 -0.823974
vn 0.344032 -0.156775 -0.925777
vn 0.098052 -0.089277 -0.991169
vn 0.098052 -0.089277 -0.991169
vn 0.344032 -0.156775 -0.925777
vn 0.073375 -0.192103 -0.978628
vn 0.856321 -0.095198 -0.507595
vn 0.856299 -0.164729 -0.489506
vn 0.747435 -0.209497 -0.630438
vn 0.747360 -0.120367 -0.653425
vn 0.073375 -0.192103 -0.978628
vn 0.344032 -0.156775 -0.925777
vn 0.088646 -0.250776 -0.963978
vn 0.344032 -0.156775 -0.925777
vn 0.549321 -0.254624 -0.795873
vn 0.345570 -0.282124 -0.894979
vn 0.088646 -0.250776 -0.963978
vn 0.088646 -0.250776 -0.963978
vn 0.345570 -0.282124 -0.894979
vn 0.073260 -0.311882 -0.947292
vn 0.856299 -0.164729 -0.489506
vn 0.856352 -0.231061 -0.461814
vn 0.747403 -0.294670 -0.595448
vn 0.747435 -0.209497 -0.630438
vn 0.073260 -0.311882 -0.947292
vn 0.345570 -0.282124 -0.894979
vn 0.098136 -0.403305 -0.909788
vn 0.345570 -0.282124 -0.894979
vn 0.549237 -0.362200 -0.753094
vn 0.345301 -0.402166 -0.847956
vn 0.098136 -0.403305 -0.909788
vn 0.098136 -0.403305 -0.909788
vn 0.345301 -0.402166 -0.847956
vn 0.073346 -0.431894 -0.898937
vn 0.856352 -0.231061 -0.461814
vn 0.856324 -0.293032 -0.425255
vn 0.747404 -0.374346 -0.548865
vn 0.747403 -0.294670 -0.595448
vn 0.073346 -0.431894 -0.898937
vn 0.345301 -0.402166 -0.847956
vn 0.098001 -0.521971 -0.847315
vn 0.345301 -0.402166 -0.847956
vn 0.548540 -0.463341 -0.696002
vn 0.343210 -0.515575 -0.785104
vn 0.098001 -0.521971 -0.847315
vn 0.098001 -0.521971 -0.847315
vn 0.343210 -0.515575 -0.785104
vn 0.073784 -0.545060 -0.835144
vn 0.856324 -0.293032 -0.425255
vn 0.856320 -0.349155 -0.380534
vn 0.747412 -0.446526 -0.491925
vn 0.747404 -0.374346 -0.548865
vn 0.073784 -0.545060 -0.835144
vn 0.343210 -0.515575 -0.785104
vn 0.097625 -0.631005 -0.769612
vn 0.343210 -0.515575 -0.785104
vn 0.546500 -0.555915 -0.626336
vn 0.337977 -0.619905 -0.708159
vn 0.097625 -0.631005 -0.769612
vn 0.097625 -0.631005 -0.769612
vn 0.337977 -0.619905 -0.708159
vn 0.074505 -0.648595 -0.757479
vn 0.856320 -0.349155 -0.380534
vn 0.859804 -0.391671 -0.327613
vn 0.743359 -0.513388 -0.428777
vn 0.747412 -0.446526 -0.491925
vn 0.074505 -0.648595 -0.757479
vn 0.337977 -0.619905 -0.708159
vn 0.096795 -0.728457 -0.678219
vn 0.337977 -0.619905 -0.708159
vn 0.524901 -0.653868 -0.544918
vn 0.332649 -0.722967 -0.605527
vn 0.096795 -0.728457 -0.678219
vn 0.096795 -0.728457 -0.678219
vn 0.332649 -0.722967 -0.605527
vn 0.075132 -0.741226 -0.667038
vn 0.859804 -0.391671 -0.327613
vn 0.853125 -0.445068 -0.272199
vn 0.745334 -0.570664 -0.344703
vn 0.743359 -0.513388 -0.428777
vn 0.531314 0.601366 -0.596711
vn 0.747309 0.471707 -0.467998
vn 0.747194 0.402474 -0.528882
vn 0.550286 0.513166 -0.658670
vn 0.550286 0.513166 -0.658670
vn 0.747194 0.402474 -0.528882
vn 0.747284 0.325349 -0.579409
vn 0.542727 0.419524 -0.727631
vn 0.542727 0.419524 -0.727631
vn 0.747284 0.325349 -0.579409
vn 0.747368 0.242131 -0.618719
vn 0.534766 0.316811 -0.783362
vn 0.534766 0.316811 -0.783362
vn 0.747368 0.242131 -0.618719
vn 0.747261 0.154306 -0.646367
vn 0.535630 0.205293 -0.819119
vn 0.535630 0.205293 -0.819119
vn 0.747261 0.154306 -0.646367
vn 0.747136 0.063356 -0.661645
vn 0.543386 0.089404 -0.834709
vn 0.543386 0.089404 -0.834709
vn 0.747136 0.063356 -0.661645
vn 0.747206 -0.028785 -0.663969
vn 0.546189 -0.026862 -0.837231
vn 0.546189 -0.026862 -0.837231
vn 0.747206 -0.028785 -0.663969
vn 0.747360 -0.120367 -0.653425
vn 0.548498 -0.142185 -0.823974
vn 0.548498 -0.142185 -0.823974
vn 0.747360 -0.120367 -0.653425
vn 0.747435 -0.209497 -0.630438
vn 0.549321 -0.254624 -0.795873
vn 0.549321 -0.254624 -0.795873
vn 0.747435 -0.209497 -0.630438
vn 0.747403 -0.294670 -0.595448
vn 0.549237 -0.362200 -0.753094
vn 0.549237 -0.362200 -0.753094
vn 0.747403 -0.294670 -0.595448
vn 0.747404 -0.374346 -0.548865
vn 0.548540 -0.463341 -0.696002
vn 0.548540 -0.463341 -0.696002
vn 0.747404 -0.374346 -0.548865
vn 0.747412 -0.446526 -0.491925
vn 0.546500 -0.555915 -0.626336
vn 0.546500 -0.555915 -0.626336
vn 0.747412 -0.446526 -0.491925
vn 0.743359 -0.513388 -0.428777
vn 0.524901 -0.653868 -0.544918
vn 0.524901 -0.653868 -0.544918
vn 0.743359 -0.513388 -0.428777
vn 0.745334 -0.570664 -0.344703
vn 0.530818 -0.719950 -0.447107
vn 0.294573 0.665923 -0.685400
vn 0.531314 0.601366 -0.596711
vn 0.550286 0.513166 -0.658670
vn 0.262861 0.588218 -0.764790
vn 0.262861 0.588218 -0.764790
vn 0.550286 0.513166 -0.658670
vn 0.542727 0.419524 -0.727631
vn 0.217387 0.477578 -0.851271
vn 0.542727 0.419524 -0.727631
vn 0.534766 0.316811 -0.783362
vn 0.236821 0.356484 -0.903789
vn 0.534766 0.316811 -0.783362
vn 0.535630 0.205293 -0.819119
vn 0.246901 0.230481 -0.941232
vn 0.535630 0.205293 -0.819119
vn 0.543386 0.089404 -0.834709
vn 0.304793 0.096485 -0.947519
vn 0.543386 0.089404 -0.834709
vn 0.546189 -0.026862 -0.837231
vn 0.339238 -0.028214 -0.940277
vn 0.546189 -0.026862 -0.837231
vn 0.548498 -0.142185 -0.823974
vn 0.344032 -0.156775 -0.925777
vn 0.548498 -0.142185 -0.823974
vn 0.549321 -0.254624 -0.795873
vn 0.345570 -0.282124 -0.894979
vn 0.549321 -0.254624 -0.795873
vn 0.549237 -0.362200 -0.753094
vn 0.345301 -0.402166 -0.847956
vn 0.549237 -0.362200 -0.753094
vn 0.548540 -0.463341 -0.696002
vn 0.343210 -0.515575 -0.785104
vn 0.548540 -0.463341 -0.696002
vn 0.546500 -0.555915 -0.626336
vn 0.337977 -0.619905 -0.708159
vn 0.546500 -0.555915 -0.626336
vn 0.524901 -0.653868 -0.544918
vn 0.332649 -0.722967 -0.605527
vn 0.524901 -0.653868 -0.544918
vn 0.530818 -0.719950 -0.447107
vn 0.302288 -0.803017 -0.513601
vn 0.754912 -0.603240 -0.257312
vn 0.745334 -0.570664 -0.344703
vn 0.853125 -0.445068 -0.272199
vn 0.857541 -0.465603 -0.218716
vn 0.079241 -0.914874 -0.395887
vn 0.081514 -0.854691 -0.512697
vn 0.302288 -0.803017 -0.513601
vn 0.282631 -0.877462 -0.387531
vn 0.081514 -0.854691 -0.512697
vn 0.085195 -0.815518 -0.572426
vn 0.332649 -0.722967 -0.605527
vn 0.302288 -0.803017 -0.513601
vn 0.085195 -0.815518 -0.572426
vn 0.075132 -0.741226 -0.667038
vn 0.332649 -0.722967 -0.605527
vn 0.282631 -0.877462 -0.387531
vn 0.531165 -0.774648 -0.343198
vn 0.588785 -0.776896 -0.223082
vn 0.341544 -0.903947 -0.257347
vn 0.531165 -0.774648 -0.343198
vn 0.754912 -0.603240 -0.257312
vn 0.753940 -0.631406 -0.181388
vn 0.588785 -0.776896 -0.223082
vn 0.754912 -0.603240 -0.257312
vn 0.857541 -0.465603 -0.218716
vn 0.852314 -0.504476 -0.138079
vn 0.753940 -0.631406 -0.181388
vn 0.754912 -0.603240 -0.257312
vn 0.531165 -0.774648 -0.343198
vn 0.530818 -0.719950 -0.447107
vn 0.745334 -0.570664 -0.344703
vn 0.531165 -0.774648 -0.343198
vn 0.282631 -0.877462 -0.387531
vn 0.302288 -0.803017 -0.513601
vn 0.530818 -0.719950 -0.447107
vn 0.079241 -0.914874 -0.395887
vn 0.282631 -0.877462 -0.387531
vn 0.341544 -0.903947 -0.257347
vn 0.078912 -0.958903 -0.272540
vn 0.280456 -0.537493 0.795265
vn 0.342422 -0.436617 0.831933
vn 0.081452 -0.465735 0.881168
vn 0.335031 -0.935745 -0.110161
vn 0.078912 -0.958903 -0.272540
vn 0.341544 -0.903947 -0.257347
vn 0.532288 -0.838236 -0.118448
vn 0.078912 -0.958903 -0.272540
vn 0.079105 -0.986210 -0.145370
vn 0.057754 -0.987321 -0.147858
vn 0.058593 -0.960447 -0.272230
vn 0.335031 -0.935745 -0.110161
vn 0.505368 -0.862899 0.003115
vn 0.311394 -0.950164 0.014905
vn 0.079105 -0.986210 -0.145370
vn 0.079105 -0.986210 -0.145370
vn 0.311394 -0.950164 0.014905
vn 0.080103 -0.996721 -0.011409
vn 0.305354 -0.940058 0.151825
vn 0.089871 -0.988564 0.121099
vn 0.311394 -0.950164 0.014905
vn 0.537250 -0.834205 0.124358
vn 0.311394 -0.950164 0.014905
vn 0.089871 -0.988564 0.121099
vn 0.080103 -0.996721 -0.011409
vn 0.089871 -0.988564 0.121099
vn 0.305354 -0.940058 0.151825
vn 0.098516 -0.974133 0.203371
vn 0.305354 -0.940058 0.151825
vn 0.529127 -0.812596 0.244360
vn 0.410089 -0.872815 0.264615
vn 0.098516 -0.974133 0.203371
vn 0.098483 -0.933805 0.343962
vn 0.418086 -0.821704 0.387307
vn 0.071073 -0.894522 0.441338
vn 0.418086 -0.821704 0.387307
vn 0.098483 -0.933805 0.343962
vn 0.410089 -0.872815 0.264615
vn 0.539019 -0.763486 0.355735
vn 0.410089 -0.872815 0.264615
vn 0.098483 -0.933805 0.343962
vn 0.074570 -0.943341 0.323337
vn 0.074570 -0.943341 0.323337
vn 0.056453 -0.965662 0.253595
vn 0.098516 -0.974133 0.203371
vn 0.071073 -0.894522 0.441338
vn 0.418086 -0.821704 0.387307
vn 0.088814 -0.863684 0.496147
vn 0.418086 -0.821704 0.387307
vn 0.534318 -0.707010 0.463294
vn 0.365206 -0.776531 0.513444
vn 0.088814 -0.863684 0.496147
vn 0.129503 -0.781215 0.610682
vn 0.424428 -0.670324 0.608709
vn 0.072414 -0.740032 0.668662
vn 0.424428 -0.670324 0.608709
vn 0.129503 -0.781215 0.610682
vn 0.365206 -0.776531 0.513444
vn 0.539106 -0.625805 0.563678
vn 0.365206 -0.776531 0.513444
vn 0.129503 -0.781215 0.610682
vn 0.075489 -0.830489 0.551896
vn 0.088814 -0.863684 0.496147
vn 0.398521 -0.581555 0.709207
vn 0.095962 -0.688924 0.718453
vn 0.424428 -0.670324 0.608709
vn 0.550448 -0.541394 0.635531
vn 0.424428 -0.670324 0.608709
vn 0.095962 -0.688924 0.718453
vn 0.072414 -0.740032 0.668662
vn 0.487661 -0.489439 0.722936
vn 0.589827 -0.374807 0.715279
vn 0.342422 -0.436617 0.831933
vn 0.280456 -0.537493 0.795265
vn 0.658945 -0.425263 0.620438
vn 0.836189 -0.249113 0.488600
vn 0.589827 -0.374807 0.715279
vn 0.487661 -0.489439 0.722936
vn 0.836189 -0.249113 0.488600
vn 0.840440 -0.310662 0.444015
vn 0.866472 -0.277753 0.414824
vn 0.658945 -0.425263 0.620438
vn 0.550448 -0.541394 0.635531
vn 0.665764 -0.485544 0.566573
vn 0.840440 -0.310662 0.444015
vn 0.840440 -0.310662 0.444015
vn 0.665764 -0.485544 0.566573
vn 0.856937 -0.328590 0.397099
vn 0.678854 -0.548050 0.488671
vn 0.831589 -0.395048 0.390381
vn 0.665764 -0.485544 0.566573
vn 0.539106 -0.625805 0.563678
vn 0.665764 -0.485544 0.566573
vn 0.831589 -0.395048 0.390381
vn 0.856937 -0.328590 0.397099
vn 0.776293 -0.521710 0.353819
vn 0.825508 -0.441669 0.351375
vn 0.678854 -0.548050 0.488671
vn 0.534318 -0.707010 0.463294
vn 0.678854 -0.548050 0.488671
vn 0.825508 -0.441669 0.351375
vn 0.831589 -0.395048 0.390381
vn 0.858498 -0.490217 0.150560
vn 0.870574 -0.466729 0.155770
vn 0.827748 -0.519256 0.212617
vn 0.732526 -0.650529 0.200542
vn 0.732526 -0.650529 0.200542
vn 0.827748 -0.519256 0.212617
vn 0.685847 -0.660537 0.305460
vn 0.529127 -0.812596 0.244360
vn 0.685847 -0.660537 0.305460
vn 0.827748 -0.519256 0.212617
vn 0.837148 -0.483612 0.255543
vn 0.685847 -0.660537 0.305460
vn 0.837148 -0.483612 0.255543
vn 0.776293 -0.521710 0.353819
vn 0.539019 -0.763486 0.355735
vn 0.776293 -0.521710 0.353819
vn 0.837148 -0.483612 0.255543
vn 0.859653 -0.433092 0.270975
vn 0.859653 -0.433092 0.270975
vn 0.864263 -0.389292 0.318593
vn 0.825508 -0.441669 0.351375
vn 0.776293 -0.521710 0.353819
vn 0.777431 -0.622628 0.089076
vn 0.822366 -0.558132 0.110467
vn 0.732526 -0.650529 0.200542
vn 0.537250 -0.834205 0.124358
vn 0.732526 -0.650529 0.200542
vn 0.822366 -0.558132 0.110467
vn 0.858498 -0.490217 0.150560
vn 0.674720 -0.738067 0.003201
vn 0.856199 -0.516553 -0.009768
vn 0.827702 -0.559603 0.041873
vn 0.674720 -0.738067 0.003201
vn 0.827702 -0.559603 0.041873
vn 0.777431 -0.622628 0.089076
vn 0.505368 -0.862899 0.003115
vn 0.827702 -0.559603 0.041873
vn 0.868967 -0.493517 0.036579
vn 0.822366 -0.558132 0.110467
vn 0.777431 -0.622628 0.089076
vn 0.856199 -0.516553 -0.009768
vn 0.674720 -0.738067 0.003201
vn 0.851311 -0.519154 -0.075816
vn 0.674720 -0.738067 0.003201
vn 0.532288 -0.838236 -0.118448
vn 0.703734 -0.704219 -0.093988
vn 0.851311 -0.519154 -0.075816
vn 0.851311 -0.519154 -0.075816
vn 0.703734 -0.704219 -0.093988
vn 0.852314 -0.504476 -0.138079
vn 0.703734 -0.704219 -0.093988
vn 0.588785 -0.776896 -0.223082
vn 0.753940 -0.631406 -0.181388
vn 0.852314 -0.504476 -0.138079
vn 0.081452 -0.465735 0.881168
vn 0.077040 -0.550981 0.830954
vn 0.280456 -0.537493 0.795265
vn 0.280456 -0.537493 0.795265
vn 0.077040 -0.550981 0.830954
vn 0.081289 -0.606256 0.791104
vn 0.280456 -0.537493 0.795265
vn 0.081289 -0.606256 0.791104
vn 0.398521 -0.581555 0.709207
vn 0.487661 -0.489439 0.722936
vn 0.398521 -0.581555 0.709207
vn 0.081289 -0.606256 0.791104
vn 0.095962 -0.688924 0.718453
vn 0.487661 -0.489439 0.722936
vn 0.398521 -0.581555 0.709207
vn 0.550448 -0.541394 0.635531
vn 0.658945 -0.425263 0.620438
vn 0.550448 -0.541394 0.635531
vn 0.424428 -0.670324 0.608709
vn 0.539106 -0.625805 0.563678
vn 0.665764 -0.485544 0.566573
vn 0.539106 -0.625805 0.563678
vn 0.365206 -0.776531 0.513444
vn 0.534318 -0.707010 0.463294
vn 0.678854 -0.548050 0.488671
vn 0.534318 -0.707010 0.463294
vn 0.418086 -0.821704 0.387307
vn 0.539019 -0.763486 0.355735
vn 0.776293 -0.521710 0.353819
vn 0.539019 -0.763486 0.355735
vn 0.410089 -0.872815 0.264615
vn 0.529127 -0.812596 0.244360
vn 0.685847 -0.660537 0.305460
vn 0.529127 -0.812596 0.244360
vn 0.305354 -0.940058 0.151825
vn 0.537250 -0.834205 0.124358
vn 0.732526 -0.650529 0.200542
vn 0.537250 -0.834205 0.124358
vn 0.311394 -0.950164 0.014905
vn 0.505368 -0.862899 0.003115
vn 0.777431 -0.622628 0.089076
vn 0.505368 -0.862899 0.003115
vn 0.335031 -0.935745 -0.110161
vn 0.532288 -0.838236 -0.118448
vn 0.674720 -0.738067 0.003201
vn 0.532288 -0.838236 -0.118448
vn 0.341544 -0.903947 -0.257347
vn 0.588785 -0.776896 -0.223082
vn 0.703734 -0.704219 -0.093988
vn 0.078912 -0.958903 -0.272540
vn 0.058593 -0.960447 -0.272230
vn 0.058149 -0.918226 -0.391765
vn 0.079241 -0.914874 -0.395887
vn 0.079241 -0.914874 -0.395887
vn 0.058149 -0.918226 -0.391765
vn 0.057456 -0.857544 -0.511191
vn 0.081514 -0.854691 -0.512697
vn 0.085195 -0.815518 -0.572426
vn 0.081514 -0.854691 -0.512697
vn 0.057456 -0.857544 -0.511191
vn 0.056174 -0.784751 -0.617261
vn 0.055180 -0.697713 -0.714249
vn 0.054630 -0.599531 -0.798485
vn 0.097625 -0.631005 -0.769612
vn 0.074505 -0.648595 -0.757479
vn 0.096795 -0.728457 -0.678219
vn 0.075132 -0.741226 -0.667038
vn 0.056174 -0.784751 -0.617261
vn 0.055180 -0.697713 -0.714249
vn 0.054131 -0.491275 -0.869321
vn 0.053760 -0.374816 -0.925539
vn 0.098136 -0.403305 -0.909788
vn 0.073346 -0.431894 -0.898937
vn 0.098001 -0.521971 -0.847315
vn 0.073784 -0.545060 -0.835144
vn 0.054630 -0.599531 -0.798485
vn 0.054131 -0.491275 -0.869321
vn 0.073375 -0.192103 -0.978628
vn 0.088646 -0.250776 -0.963978
vn 0.054010 -0.252509 -0.966086
vn 0.054127 -0.126824 -0.990447
vn 0.088646 -0.250776 -0.963978
vn 0.073260 -0.311882 -0.947292
vn 0.053760 -0.374816 -0.925539
vn 0.054010 -0.252509 -0.966086
vn 0.073815 -0.063363 -0.995257
vn 0.098052 -0.089277 -0.991169
vn 0.054127 -0.126824 -0.990447
vn 0.054605 0.002279 -0.998506
vn 0.096753 0.175696 -0.979678
vn 0.076317 0.101987 -0.991854
vn 0.053713 0.139557 -0.988756
vn 0.089697 0.273597 -0.957653
vn 0.076317 0.101987 -0.991854
vn 0.097599 0.044482 -0.994231
vn 0.054605 0.002279 -0.998506
vn 0.053713 0.139557 -0.988756
vn 0.055596 0.277492 -0.959118
vn 0.089697 0.273597 -0.957653
vn 0.053713 0.139557 -0.988756
vn 0.058593 -0.960447 -0.272230
vn 0.033499 -0.961769 -0.271804
vn 0.032141 -0.918228 -0.394746
vn 0.058149 -0.918226 -0.391765
vn 0.032141 -0.918228 -0.394746
vn 0.030562 -0.858628 -0.511687
vn 0.057456 -0.857544 -0.511191
vn 0.058149 -0.918226 -0.391765
vn 0.030562 -0.858628 -0.511687
vn 0.030563 -0.785332 -0.618320
vn 0.056174 -0.784751 -0.617261
vn 0.057456 -0.857544 -0.511191
vn 0.030563 -0.785332 -0.618320
vn 0.030563 -0.698873 -0.714592
vn 0.055180 -0.697713 -0.714249
vn 0.056174 -0.784751 -0.617261
vn 0.030563 -0.698873 -0.714592
vn 0.030564 -0.600704 -0.798887
vn 0.054630 -0.599531 -0.798485
vn 0.055180 -0.697713 -0.714249
vn 0.030564 -0.600704 -0.798887
vn 0.030565 -0.492467 -0.869794
vn 0.054131 -0.491275 -0.869321
vn 0.054630 -0.599531 -0.798485
vn 0.030565 -0.492467 -0.869794
vn 0.030566 -0.375977 -0.926125
vn 0.053760 -0.374816 -0.925539
vn 0.054131 -0.491275 -0.869321
vn 0.030566 -0.375977 -0.926125
vn 0.030567 -0.253186 -0.966935
vn 0.054010 -0.252509 -0.966086
vn 0.053760 -0.374816 -0.925539
vn 0.030567 -0.253186 -0.966935
vn 0.030567 -0.126151 -0.991540
vn 0.054127 -0.126824 -0.990447
vn 0.054010 -0.252509 -0.966086
vn 0.030567 -0.126151 -0.991540
vn 0.030568 0.002996 -0.999528
vn 0.054605 0.002279 -0.998506
vn 0.054127 -0.126824 -0.990447
vn 0.030568 0.002996 -0.999528
vn 0.035587 0.137661 -0.989840
vn 0.053713 0.139557 -0.988756
vn 0.054605 0.002279 -0.998506
vn 0.039779 0.271361 -0.961655
vn 0.055596 0.277492 -0.959118
vn 0.053713 0.139557 -0.988756
vn 0.035587 0.137661 -0.989840
vn 0.089596 0.392983 -0.915171
vn 0.089697 0.273597 -0.957653
vn 0.055596 0.277492 -0.959118
vn 0.059504 0.403418 -0.913079
vn 0.066252 0.713967 -0.697038
vn 0.082612 0.724257 -0.684564
vn 0.081289 0.624111 -0.777096
vn 0.057791 0.623639 -0.779574
vn 0.082612 0.724257 -0.684564
vn 0.066252 0.713967 -0.697038
vn 0.041652 0.834685 -0.549150
vn 0.078498 0.817322 -0.570808
vn 0.041652 0.834685 -0.549150
vn 0.066252 0.713967 -0.697038
vn 0.025532 0.704144 -0.709598
vn 0.059504 0.403418 -0.913079
vn 0.055596 0.277492 -0.959118
vn 0.039779 0.271361 -0.961655
vn 0.035117 0.412827 -0.910132
vn 0.035117 0.412827 -0.910132
vn 0.030572 0.519086 -0.854175
vn 0.058931 0.516449 -0.854288
vn 0.059504 0.403418 -0.913079
vn 0.058931 0.516449 -0.854288
vn 0.090633 0.513100 -0.853531
vn 0.089596 0.392983 -0.915171
vn 0.059504 0.403418 -0.913079
vn 0.030572 0.519086 -0.854175
vn 0.030572 0.624390 -0.780514
vn 0.057791 0.623639 -0.779574
vn 0.058931 0.516449 -0.854288
vn 0.057791 0.623639 -0.779574
vn 0.081289 0.624111 -0.777096
vn 0.090633 0.513100 -0.853531
vn 0.058931 0.516449 -0.854288
vn 0.030572 0.624390 -0.780514
vn 0.025532 0.704144 -0.709598
vn 0.066252 0.713967 -0.697038
vn 0.057791 0.623639 -0.779574
vn 0.033499 -0.961769 -0.271804
vn 0.058593 -0.960447 -0.272230
vn 0.057754 -0.987321 -0.147858
vn 0.031555 -0.988996 -0.144541
vn 0.059544 -0.601761 0.796453
vn 0.081289 -0.606256 0.791104
vn 0.077040 -0.550981 0.830954
vn 0.057185 -0.500461 0.863868
vn 0.095962 -0.688924 0.718453
vn 0.081289 -0.606256 0.791104
vn 0.059544 -0.601761 0.796453
vn 0.054749 -0.694772 0.717144
vn 0.129503 -0.781215 0.610682
vn 0.072414 -0.740032 0.668662
vn 0.053848 -0.787578 0.613857
vn 0.072414 -0.740032 0.668662
vn 0.095962 -0.688924 0.718453
vn 0.054749 -0.694772 0.717144
vn 0.053848 -0.787578 0.613857
vn 0.098483 -0.933805 0.343962
vn 0.071073 -0.894522 0.441338
vn 0.053581 -0.921844 0.383840
vn 0.071073 -0.894522 0.441338
vn 0.088814 -0.863684 0.496147
vn 0.054278 -0.861458 0.504920
vn 0.053581 -0.921844 0.383840
vn 0.088814 -0.863684 0.496147
vn 0.075489 -0.830489 0.551896
vn 0.053848 -0.787578 0.613857
vn 0.054278 -0.861458 0.504920
vn 0.053848 -0.787578 0.613857
vn 0.075489 -0.830489 0.551896
vn 0.129503 -0.781215 0.610682
vn 0.074570 -0.943341 0.323337
vn 0.098483 -0.933805 0.343962
vn 0.053581 -0.921844 0.383840
vn 0.056453 -0.965662 0.253595
vn 0.056453 -0.965662 0.253595
vn 0.057871 -0.990343 0.125980
vn 0.089871 -0.988564 0.121099
vn 0.098516 -0.974133 0.203371
vn 0.080103 -0.996721 -0.011409
vn 0.089871 -0.988564 0.121099
vn 0.057871 -0.990343 0.125980
vn 0.057151 -0.998320 -0.009497
vn 0.079105 -0.986210 -0.145370
vn 0.080103 -0.996721 -0.011409
vn 0.057151 -0.998320 -0.009497
vn 0.057754 -0.987321 -0.147858
vn 0.030215 -0.601320 0.798437
vn 0.029776 -0.697002 0.716451
vn 0.054749 -0.694772 0.717144
vn 0.059544 -0.601761 0.796453
vn 0.029776 -0.697002 0.716451
vn 0.029776 -0.786895 0.616369
vn 0.053848 -0.787578 0.613857
vn 0.054749 -0.694772 0.717144
vn 0.029776 -0.786895 0.616369
vn 0.029776 -0.862535 0.505120
vn 0.054278 -0.861458 0.504920
vn 0.053848 -0.787578 0.613857
vn 0.029776 -0.862535 0.505120
vn 0.029777 -0.922553 0.384721
vn 0.053581 -0.921844 0.383840
vn 0.054278 -0.861458 0.504920
vn 0.029777 -0.922553 0.384721
vn 0.029778 -0.965859 0.257353
vn 0.056453 -0.965662 0.253595
vn 0.053581 -0.921844 0.383840
vn 0.029778 -0.965859 0.257353
vn 0.029779 -0.991669 0.125326
vn 0.057871 -0.990343 0.125980
vn 0.056453 -0.965662 0.253595
vn 0.029779 -0.991669 0.125326
vn 0.029780 -0.999516 -0.008973
vn 0.057151 -0.998320 -0.009497
vn 0.057871 -0.990343 0.125980
vn 0.029780 -0.999516 -0.008973
vn 0.031555 -0.988996 -0.144541
vn 0.057754 -0.987321 -0.147858
vn 0.057151 -0.998320 -0.009497
vn 0.025083 -0.491201 0.870685
vn 0.030215 -0.601320 0.798437
vn 0.059544 -0.601761 0.796453
vn 0.057185 -0.500461 0.863868
vn 0.866472 -0.277753 0.414824
vn 0.867168 -0.235051 0.439057
vn 0.836189 -0.249113 0.488600
vn 0.872575 -0.488481 0.000184
vn 0.856199 -0.516553 -0.009768
vn 0.851311 -0.519154 -0.075816
vn 0.864664 -0.496862 -0.074059
vn 0.851311 -0.519154 -0.075816
vn 0.852314 -0.504476 -0.138079
vn 0.877255 -0.461178 -0.133184
vn 0.864664 -0.496862 -0.074059
vn 0.868967 -0.493517 0.036579
vn 0.827702 -0.559603 0.041873
vn 0.856199 -0.516553 -0.009768
vn 0.872575 -0.488481 0.000184
vn 0.873364 -0.472775 0.117131
vn 0.822366 -0.558132 0.110467
vn 0.868967 -0.493517 0.036579
vn 0.870574 -0.466729 0.155770
vn 0.858498 -0.490217 0.150560
vn 0.873364 -0.472775 0.117131
vn 0.873364 -0.472775 0.117131
vn 0.858498 -0.490217 0.150560
vn 0.822366 -0.558132 0.110467
vn 0.837148 -0.483612 0.255543
vn 0.863099 -0.456038 0.217000
vn 0.863304 -0.427250 0.268634
vn 0.859653 -0.433092 0.270975
vn 0.859653 -0.433092 0.270975
vn 0.863304 -0.427250 0.268634
vn 0.864263 -0.389292 0.318593
vn 0.866472 -0.277753 0.414824
vn 0.840440 -0.310662 0.444015
vn 0.856937 -0.328590 0.397099
vn 0.863997 -0.305823 0.399977
vn 0.856937 -0.328590 0.397099
vn 0.831589 -0.395048 0.390381
vn 0.861828 -0.355507 0.361755
vn 0.863997 -0.305823 0.399977
vn 0.831589 -0.395048 0.390381
vn 0.825508 -0.441669 0.351375
vn 0.864263 -0.389292 0.318593
vn 0.861828 -0.355507 0.361755
vn 0.867168 -0.235051 0.439057
vn 0.866472 -0.277753 0.414824
vn 0.863997 -0.305823 0.399977
vn 0.865838 -0.307494 0.394681
vn 0.865838 -0.307494 0.394681
vn 0.863997 -0.305823 0.399977
vn 0.861828 -0.355507 0.361755
vn 0.861990 -0.356066 0.360819
vn 0.861990 -0.356066 0.360819
vn 0.861828 -0.355507 0.361755
vn 0.864263 -0.389292 0.318593
vn 0.864210 -0.392408 0.314893
vn 0.870574 -0.466729 0.155770
vn 0.863099 -0.456038 0.217000
vn 0.837148 -0.483612 0.255543
vn 0.827748 -0.519256 0.212617
vn 0.863099 -0.456038 0.217000
vn 0.861073 -0.456191 0.224596
vn 0.861844 -0.429414 0.269869
vn 0.863304 -0.427250 0.268634
vn 0.861844 -0.429414 0.269869
vn 0.864210 -0.392408 0.314893
vn 0.864263 -0.389292 0.318593
vn 0.863304 -0.427250 0.268634
vn 0.868967 -0.493517 0.036579
vn 0.996694 -0.080482 0.011108
vn 0.873364 -0.472775 0.117131
vn 0.873364 -0.472775 0.117131
vn 0.996694 -0.080482 0.011108
vn 0.872277 -0.463665 0.155396
vn 0.870574 -0.466729 0.155770
vn 0.872277 -0.463665 0.155396
vn 0.861073 -0.456191 0.224596
vn 0.863099 -0.456038 0.217000
vn 0.870574 -0.466729 0.155770
vn 0.877255 -0.461178 -0.133184
vn 0.882382 -0.450907 -0.134480
vn 0.996315 -0.085198 -0.009936
vn 0.864664 -0.496862 -0.074059
vn 0.864664 -0.496862 -0.074059
vn 0.996315 -0.085198 -0.009936
vn 0.872575 -0.488481 0.000184
vn 0.872575 -0.488481 0.000184
vn 0.996315 -0.085198 -0.009936
vn 0.868967 -0.493517 0.036579
vn 0.868967 -0.493517 0.036579
vn 0.996315 -0.085198 -0.009936
vn 0.996694 -0.080482 0.011108
vn 0.862861 -0.083218 -0.498543
vn 0.856321 -0.095198 -0.507595
vn 0.856364 -0.023746 -0.515827
vn 0.861846 -0.018010 -0.506850
vn 0.861846 -0.018010 -0.506850
vn 0.856364 -0.023746 -0.515827
vn 0.856381 0.048143 -0.514096
vn 0.864939 0.055527 -0.498797
vn 0.864939 0.055527 -0.498797
vn 0.856381 0.048143 -0.514096
vn 0.856348 0.119142 -0.502467
vn 0.865605 0.109400 -0.488630
vn 0.865605 0.109400 -0.488630
vn 0.856348 0.119142 -0.502467
vn 0.856307 0.187772 -0.481124
vn 0.871495 0.182932 -0.455008
vn 0.871495 0.182932 -0.455008
vn 0.856307 0.187772 -0.481124
vn 0.856341 0.252703 -0.450357
vn 0.861736 0.252949 -0.439805
vn 0.861736 0.252949 -0.439805
vn 0.856341 0.252703 -0.450357
vn 0.856379 0.312793 -0.410823
vn 0.862500 0.307638 -0.401811
vn 0.862500 0.307638 -0.401811
vn 0.856379 0.312793 -0.410823
vn 0.856335 0.366897 -0.363425
vn 0.862759 0.357637 -0.357411
vn 0.862759 0.357637 -0.357411
vn 0.856335 0.366897 -0.363425
vn 0.854771 0.420977 -0.303554
vn 0.862309 0.397245 -0.314037
vn 0.866228 -0.223352 -0.446948
vn 0.856352 -0.231061 -0.461814
vn 0.856299 -0.164729 -0.489506
vn 0.871401 -0.143939 -0.468980
vn 0.871401 -0.143939 -0.468980
vn 0.856299 -0.164729 -0.489506
vn 0.856321 -0.095198 -0.507595
vn 0.862861 -0.083218 -0.498543
vn 0.865549 -0.272806 -0.420002
vn 0.856324 -0.293032 -0.425255
vn 0.856352 -0.231061 -0.461814
vn 0.866228 -0.223352 -0.446948
vn 0.861404 -0.331823 -0.384547
vn 0.856320 -0.349155 -0.380534
vn 0.856324 -0.293032 -0.425255
vn 0.865549 -0.272806 -0.420002
vn 0.866728 -0.378700 -0.324607
vn 0.859804 -0.391671 -0.327613
vn 0.856320 -0.349155 -0.380534
vn 0.861404 -0.331823 -0.384547
vn 0.872282 -0.408684 -0.268517
vn 0.859804 -0.391671 -0.327613
vn 0.866728 -0.378700 -0.324607
vn 0.863474 -0.373800 -0.338652
vn 0.852314 -0.504476 -0.138079
vn 0.857541 -0.465603 -0.218716
vn 0.877255 -0.461178 -0.133184
vn 0.877255 -0.461178 -0.133184
vn 0.857541 -0.465603 -0.218716
vn 0.880089 -0.435136 -0.189999
vn 0.880089 -0.435136 -0.189999
vn 0.857541 -0.465603 -0.218716
vn 0.853125 -0.445068 -0.272199
vn 0.872282 -0.408684 -0.268517
vn 0.872282 -0.408684 -0.268517
vn 0.853125 -0.445068 -0.272199
vn 0.859804 -0.391671 -0.327613
vn 0.880979 -0.417265 -0.223084
vn 0.882382 -0.450907 -0.134480
vn 0.877255 -0.461178 -0.133184
vn 0.880089 -0.435136 -0.189999
vn 0.880089 -0.435136 -0.189999
vn 0.872282 -0.408684 -0.268517
vn 0.880979 -0.417265 -0.223084
vn 0.872282 -0.408684 -0.268517
vn 0.863474 -0.373800 -0.338652
vn 0.880979 -0.417265 -0.223084
vn 0.859967 -0.336076 -0.384070
vn 0.863474 -0.373800 -0.338652
vn 0.866728 -0.378700 -0.324607
vn 0.861404 -0.331823 -0.384547
vn 0.861404 -0.331823 -0.384547
vn 0.865549 -0.272806 -0.420002
vn 0.869174 -0.266435 -0.416592
vn 0.859967 -0.336076 -0.384070
vn 0.865549 -0.272806 -0.420002
vn 0.866228 -0.223352 -0.446948
vn 0.868314 -0.194771 -0.456174
vn 0.869174 -0.266435 -0.416592
vn 0.868314 -0.194771 -0.456174
vn 0.871401 -0.143939 -0.468980
vn 0.866379 -0.073524 -0.493945
vn 0.868314 -0.194771 -0.456174
vn 0.866228 -0.223352 -0.446948
vn 0.871401 -0.143939 -0.468980
vn 0.871401 -0.143939 -0.468980
vn 0.862861 -0.083218 -0.498543
vn 0.866379 -0.073524 -0.493945
vn 0.861477 -0.015119 -0.507572
vn 0.866379 -0.073524 -0.493945
vn 0.862861 -0.083218 -0.498543
vn 0.861846 -0.018010 -0.506850
vn 0.861846 -0.018010 -0.506850
vn 0.864939 0.055527 -0.498797
vn 0.860734 0.016371 -0.508791
vn 0.861477 -0.015119 -0.507572
vn 0.864939 0.055527 -0.498797
vn 0.865605 0.109400 -0.488630
vn 0.868226 0.132257 -0.478217
vn 0.871645 0.088426 -0.482095
vn 0.871495 0.182932 -0.455008
vn 0.865432 0.248788 -0.434894
vn 0.868226 0.132257 -0.478217
vn 0.868226 0.132257 -0.478217
vn 0.865605 0.109400 -0.488630
vn 0.871495 0.182932 -0.455008
vn 0.862573 0.302775 -0.405333
vn 0.865432 0.248788 -0.434894
vn 0.861736 0.252949 -0.439805
vn 0.862500 0.307638 -0.401811
vn 0.865432 0.248788 -0.434894
vn 0.871495 0.182932 -0.455008
vn 0.861736 0.252949 -0.439805
vn 0.862309 0.397245 -0.314037
vn 0.862570 0.398656 -0.311524
vn 0.863480 0.357039 -0.356266
vn 0.862759 0.357637 -0.357411
vn 0.863480 0.357039 -0.356266
vn 0.862573 0.302775 -0.405333
vn 0.862500 0.307638 -0.401811
vn 0.862759 0.357637 -0.357411
vn 0.000000 1.000000 0.000005
vn 0.000000 1.000000 0.000006
vn -0.000001 1.000000 0.000005
vn 0.000001 1.000000 0.000006
vn 0.000000 1.000000 0.000006
vn -0.000001 1.000000 0.000004
vn -0.000001 1.000000 0.000002
vn -0.000001 1.000000 0.000005
vn -0.000001 1.000000 0.000004
vn -0.000002 1.000000 0.000002
vn -0.000003 1.000000 0.000002
vn -0.000001 1.000000 0.000002
vn -0.000002 1.000000 0.000002
vn -0.000003 1.000000 0.000002
vn -0.000003 1.000000 0.000001
vn -0.000003 1.000000 0.000002
vn -0.000003 1.000000 0.000002
vn -0.000001 1.000000 0.000001
vn 0.000000 1.000000 0.000001
vn -0.000003 1.000000 0.000001
vn -0.000001 1.000000 0.000001
vn 0.000002 1.000000 0.000000
vn 0.000002 1.000000 0.000000
vn 0.000000 1.000000 0.000001
vn 0.000002 1.000000 0.000000
vn 0.000002 1.000000 0.000000
vn 0.000002 1.000000 0.000000
vn 0.000002 1.000000 0.000000
vn 0.000002 1.000000 0.000000
vn 0.000003 1.000000 0.000000
vn 0.000003 1.000000 0.000000
vn 0.000002 1.000000 0.000000
vn 0.000003 1.000000 0.000000
vn 0.000004 1.000000 0.000002
vn 0.000004 1.000000 0.000002
vn 0.000003 1.000000 0.000000
vn 0.000004 1.000000 0.000002
vn 0.000003 1.000000 0.000002
vn 0.000003 1.000000 0.000002
vn 0.000004 1.000000 0.000002
vn -0.000001 1.000000 -0.000000
vn 0.000001 1.000000 0.000001
vn -0.000001 1.000000 -0.000000
vn 0.000003 1.000000 0.000003
vn -0.000001 1.000000 -0.000000
vn 0.000003 1.000000 0.000004
vn 0.000002 1.000000 0.000005
vn 0.000003 1.000000 0.000004
vn 0.000002 1.000000 0.000005
vn -0.000001 1.000000 0.000002
vn 0.000002 1.000000 0.000005
vn 0.000000 1.000000 0.000002
vn 0.000000 1.000000 0.000002
vn 0.000001 1.000000 0.000006
vn 0.000000 1.000000 -0.000001
vn 0.000000 1.000000 0.000005
vn 0.000000 -0.000002 -1.000000
vn -0.222520 -0.000002 -0.974928
vn -0.222520 -0.000002 -0.974928
vn 0.000000 -0.000002 -1.000000
vn -0.222520 -0.000002 -0.974928
vn -0.433883 0.000001 -0.900969
vn -0.433883 0.000001 -0.900969
vn -0.222520 -0.000002 -0.974928
vn -0.433883 0.000001 -0.900969
vn -0.623490 0.000003 -0.781832
vn -0.623490 0.000003 -0.781831
vn -0.433883 0.000001 -0.900969
vn -0.623490 0.000003 -0.781832
vn -0.781832 0.000001 -0.623489
vn -0.781832 0.000001 -0.623489
vn -0.623490 0.000003 -0.781831
vn -0.781832 0.000001 -0.623489
vn -0.900969 0.000001 -0.433884
vn -0.900969 0.000001 -0.433884
vn -0.781832 0.000001 -0.623489
vn -0.900969 0.000001 -0.433884
vn -0.974928 0.000002 -0.222522
vn -0.974928 0.000002 -0.222520
vn -0.900969 0.000001 -0.433884
vn -0.974928 0.000002 -0.222522
vn -1.000000 0.000000 -0.000001
vn -1.000000 0.000000 0.000001
vn -0.974928 0.000002 -0.222520
vn -1.000000 0.000000 -0.000001
vn -0.974928 -0.000001 0.222520
vn -0.974928 -0.000001 0.222522
vn -1.000000 0.000000 0.000001
vn -0.974928 -0.000001 0.222520
vn -0.900969 0.000001 0.433884
vn -0.900969 0.000001 0.433884
vn -0.974928 -0.000001 0.222522
vn -0.900969 0.000001 0.433884
vn -0.781832 0.000001 0.623490
vn -0.781832 0.000001 0.623489
vn -0.900969 0.000001 0.433884
vn -0.781832 0.000001 0.623490
vn -0.623491 -0.000001 0.781831
vn -0.623490 -0.000001 0.781831
vn -0.781832 0.000001 0.623489
vn -0.623491 -0.000001 0.781831
vn -0.433883 0.000001 0.900969
vn -0.433883 0.000001 0.900969
vn -0.623490 -0.000001 0.781831
vn -0.433883 0.000001 0.900969
vn -0.222520 0.000004 0.974928
vn -0.222520 0.000004 0.974928
vn -0.433883 0.000001 0.900969
vn -0.222520 0.000004 0.974928
vn 0.000000 0.000003 1.000000
vn 0.000000 0.000003 1.000000
vn -0.222520 0.000004 0.974928
vn 0.000000 1.000000 0.000000
vn 0.000000 1.000000 0.000000
vn -0.000000 1.000000 -0.000000
vn -0.000000 1.000000 -0.000000
vn -0.000000 1.000000 -0.000000
vn 0.000000 1.000000 0.000000
vn 0.000000 1.000000 0.000000
vn 0.000000 1.000000 0.000000
vn -0.000000 1.000000 -0.000000
vn -0.000000 1.000000 -0.000000
vn 0.000000 1.000000 -0.000001
vn 0.000000 1.000000 -0.000001
vn 0.000000 1.000000 0.000000
vn 0.000000 1.000000 0.000000
vn 0.000000 1.000000 0.000000
vn 0.000000 1.000000 -0.000001
vn 0.000000 1.000000 0.000000
vn 0.000001 1.000000 -0.000001
vn 0.000000 1.000000 0.000000
vn 0.000000 1.000000 0.000000
vn 0.000000 1.000000 0.000000
vn 0.000000 1.000000 0.000000
vn 0.000000 1.000000 0.000000
vn 0.000000 1.000000 0.000001
vn 0.000000 1.000000 0.000000
vn -0.000001 1.000000 0.000001
vn 0.000000 1.000000 0.000000
vn 0.000000 1.000000 0.000000
vn 0.000000 1.000000 0.000001
vn 0.257039 0.369071 -0.893150
vn 0.000002 0.553416 -0.832905
vn 0.016139 0.546845 -0.837078
vn 0.016139 0.546845 -0.837078
vn 0.000002 0.553416 -0.832905
vn 0.000003 0.665417 -0.746472
vn 0.000003 0.665416 -0.746472
vn 0.000003 0.665416 -0.746472
vn 0.000003 0.665417 -0.746472
vn -0.000002 0.814839 -0.579687
vn -0.000002 0.814839 -0.579687
vn -0.000002 0.814839 -0.579687
vn -0.000002 0.814839 -0.579687
vn -0.000003 0.923402 -0.383835
vn -0.000003 0.923402 -0.383834
vn -0.000003 0.923402 -0.383834
vn -0.000003 0.923402 -0.383835
vn 0.000003 0.985662 -0.168735
vn 0.000003 0.985661 -0.168735
vn 0.000003 0.985661 -0.168735
vn 0.000003 0.985662 -0.168735
vn 0.000007 0.998496 0.054828
vn 0.000007 0.998496 0.054828
vn 0.000007 0.998496 0.054828
vn 0.000007 0.998496 0.054828
vn 0.000005 0.961261 0.275640
vn 0.000005 0.961261 0.275640
vn 0.000005 0.961261 0.275640
vn 0.000005 0.961261 0.275640
vn 0.000002 0.875825 0.482630
vn 0.000002 0.875825 0.482629
vn 0.000002 0.875825 0.482629
vn 0.000002 0.875825 0.482630
vn 0.000002 0.746470 0.665419
vn 0.000002 0.746470 0.665419
vn 0.000002 0.746470 0.665419
vn 0.000002 0.746470 0.665419
vn 0.000001 0.579686 0.814840
vn 0.000001 0.579686 0.814840
vn 0.000001 0.579686 0.814840
vn 0.000001 0.579686 0.814840
vn -0.000005 0.383833 0.923403
vn -0.000005 0.383833 0.923403
vn -0.000005 0.383833 0.923403
vn -0.000005 0.383833 0.923403
vn -0.000005 0.168734 0.985662
vn -0.000005 0.168734 0.985662
vn -0.000005 0.168734 0.985662
vn -0.000005 0.168734 0.985662
vn -0.000004 -0.054826 0.998496
vn -0.000004 -0.054825 0.998496
vn -0.000004 -0.054825 0.998496
vn -0.000004 -0.054826 0.998496
vn -0.000003 -0.275638 0.961262
vn -0.000003 -0.275638 0.961262
vn -0.000003 -0.275638 0.961262
vn -0.000003 -0.275638 0.961262
vn 0.000000 -0.482627 0.875826
vn 0.000000 -0.482627 0.875826
vn 0.000000 -0.482627 0.875826
vn 0.000000 -0.482627 0.875826
vn 0.000000 -0.665415 0.746474
vn 0.000000 -0.665415 0.746474
vn 0.000000 -0.665415 0.746474
vn 0.000000 -0.665415 0.746474
vn 0.000001 -0.814838 0.579689
vn 0.000001 -0.814838 0.579689
vn 0.000001 -0.814838 0.579689
vn 0.000001 -0.814838 0.579689
vn 0.000001 -0.923401 0.383836
vn 0.000001 -0.923401 0.383836
vn 0.000001 -0.923401 0.383836
vn 0.000001 -0.923401 0.383836
vn 0.000001 -0.985661 0.168736
vn 0.000001 -0.985661 0.168736
vn 0.000001 -0.985661 0.168736
vn 0.000001 -0.985661 0.168736
vn 0.000001 -0.998496 -0.054824
vn 0.000001 -0.998496 -0.054824
vn 0.000001 -0.998496 -0.054824
vn 0.000001 -0.998496 -0.054824
vn 0.000001 -0.961262 -0.275635
vn 0.000001 -0.961262 -0.275636
vn 0.000001 -0.961262 -0.275636
vn 0.000001 -0.961262 -0.275635
vn 0.000000 -0.875827 -0.482625
vn 0.000000 -0.875827 -0.482626
vn 0.000000 -0.875827 -0.482626
vn 0.000000 -0.875827 -0.482625
vn -0.000002 -0.746473 -0.665415
vn -0.000002 -0.746473 -0.665415
vn -0.000002 -0.746473 -0.665415
vn -0.000002 -0.746473 -0.665415
vn -0.000001 -0.579689 -0.814838
vn -0.000001 -0.579689 -0.814838
vn -0.000001 -0.579689 -0.814838
vn -0.000001 -0.579689 -0.814838
vn -0.000001 -0.383836 -0.923401
vn -0.000001 -0.383836 -0.923401
vn -0.000001 -0.383836 -0.923401
vn -0.000001 -0.383836 -0.923401
vn -0.000001 -0.168735 -0.985661
vn -0.000001 -0.168736 -0.985661
vn -0.000001 -0.168736 -0.985661
vn -0.000001 -0.168735 -0.985661
vn -0.000000 0.054824 -0.998496
vn -0.000000 0.054824 -0.998496
vn -0.000000 0.054824 -0.998496
vn -0.000000 0.054824 -0.998496
vn 0.000000 0.203570 -0.979060
vn 0.012537 0.208400 -0.977963
vn 0.012537 0.208400 -0.977963
vn 0.000000 0.203570 -0.979060
vn 0.257039 0.369071 -0.893150
vn 0.016139 0.546845 -0.837078
vn 0.012537 0.208400 -0.977963
vn 0.257039 0.369071 -0.893150
vn 1.000000 0.000000 0.000000
vn 1.000000 0.000000 0.000000
vn 1.000000 0.000000 0.000000
vn 1.000000 0.000000 0.000000
vn 1.000000 0.000000 0.000000
vn 1.000000 0.000000 0.000000
vn 1.000000 0.000000 0.000000
vn 1.000000 0.000000 0.000000
vn 1.000000 0.000000 0.000000
vn 1.000000 0.000000 0.000000
vn 1.000000 0.000000 0.000000
vn 1.000000 0.000000 0.000000
vn 1.000000 0.000000 0.000000
vn 1.000000 0.000000 0.000000
vn 1.000000 0.000000 0.000000
vn 1.000000 0.000000 0.000000
vn 1.000000 0.000000 0.000000
vn 1.000000 0.000000 0.000000
vn 1.000000 0.000000 0.000000
vn 1.000000 0.000000 0.000000
vn 1.000000 0.000000 0.000000
vn 1.000000 0.000000 0.000000
vn 1.000000 0.000000 0.000000
vn 1.000000 0.000000 0.000000
vn 1.000000 0.000000 0.000000
vn 1.000000 0.000000 0.000000
vn 1.000000 0.000000 0.000000
vn 1.000000 0.000000 0.000000
vn 1.000000 0.000000 0.000000
vn 1.000000 0.000000 0.000000
vn 1.000000 0.000000 0.000000
vn 1.000000 0.000000 0.000000
vn 1.000000 0.000000 0.000000
vn 1.000000 0.000000 0.000000
vn 1.000000 0.000000 0.000000
vn 1.000000 0.000000 0.000000
vn 1.000000 0.000000 0.000000
vn 1.000000 0.000000 0.000000
vn 1.000000 0.000000 0.000000
vn 1.000000 0.000000 0.000000
vn 1.000000 0.000000 0.000000
vn 1.000000 0.000000 0.000000
vn 1.000000 0.000000 0.000000
vn 1.000000 0.000000 0.000000
vn 1.000000 0.000000 0.000000
vn 1.000000 0.000000 0.000000
vn 1.000000 0.000000 0.000000
vn 1.000000 0.000000 0.000000
vn 1.000000 0.000000 0.000000
vn 1.000000 0.000000 0.000000
vn 1.000000 0.000000 0.000000
vn 1.000000 0.000000 0.000000
vn 1.000000 0.000000 0.000000
vn 1.000000 0.000000 0.000000
vn 1.000000 0.000000 0.000000
vn 1.000000 0.000000 0.000000
vn 1.000000 0.000000 0.000000
vn 1.000000 0.000000 0.000000
vn 0.971863 0.189822 0.139462
vn 0.982171 0.160010 0.098675
vn 0.981079 0.143961 0.129460
vn 1.000000 0.000000 0.000000
vn 1.000000 0.000000 0.000000
vn 1.000000 0.000000 0.000000
vn 0.335031 -0.935745 -0.110161
vn 0.079105 -0.986210 -0.145370
vn 0.078912 -0.958903 -0.272540
vn 0.074570 -0.943341 0.323337
vn 0.098516 -0.974133 0.203371
vn 0.410089 -0.872815 0.264615
vn 0.081452 -0.465735 0.881168
vn 0.057185 -0.500461 0.863868
vn 0.077040 -0.550981 0.830954
vn 0.836189 -0.249113 0.488600
vn 0.658945 -0.425263 0.620438
vn 0.840440 -0.310662 0.444015
vn 1.000000 0.000000 0.000000
vn 1.000000 0.000000 0.000000
vn 1.000000 0.000000 0.000000
vn 0.993370 -0.009923 0.114531
vn 0.998596 0.050453 0.016171
vn 0.984985 0.168389 0.038077
vn 0.680152 -0.256064 0.686895
vn 0.848214 -0.176013 0.499552
vn 0.914201 -0.109791 0.390107
vn 0.787536 -0.188102 0.586860
vn 0.643757 0.034487 0.764453
vn 0.720772 0.037336 0.692166
vn 0.806280 0.031509 0.590694
vn -0.000001 1.000000 -0.000000
vn -0.000001 1.000000 -0.000000
vn 0.000003 1.000000 0.000003
vn 0.000002 1.000000 0.000005
vn 0.000003 1.000000 0.000003
vn 0.000003 1.000000 0.000004
vn 0.000002 1.000000 0.000005
vn 0.000002 1.000000 0.000005
vn -0.000001 1.000000 0.000002
vn 0.000000 1.000000 0.000000
vn 0.000000 1.000000 0.000001
vn 0.000000 1.000000 0.000000
vn 0.000000 0.926256 -0.376896
vn 0.002274 0.927658 -0.373423
vn 0.000000 0.909485 -0.415736
vn 0.025532 0.704144 -0.709598
vn 0.000000 0.700940 -0.713220
vn -0.000000 0.858005 -0.513642
vn -0.000000 0.624681 -0.780880
vn 0.000000 0.700940 -0.713220
vn 0.025532 0.704144 -0.709598
vn 0.030572 0.624390 -0.780514
vn -0.000000 0.519329 -0.854575
vn -0.000000 0.624681 -0.780880
vn 0.030572 0.624390 -0.780514
vn 0.030572 0.519086 -0.854175
vn 0.000000 0.423904 -0.905707
vn -0.000000 0.519329 -0.854575
vn 0.030572 0.519086 -0.854175
vn 0.035117 0.412827 -0.910132
vn 0.039779 0.271361 -0.961655
vn 0.000000 0.271393 -0.962469
vn 0.000000 0.423904 -0.905707
vn 0.035117 0.412827 -0.910132
vn 0.035587 0.137661 -0.989840
vn 0.000000 0.126977 -0.991906
vn 0.000000 0.271393 -0.962469
vn 0.039779 0.271361 -0.961655
vn 0.000000 0.002997 -0.999996
vn 0.000000 0.126977 -0.991906
vn 0.035587 0.137661 -0.989840
vn 0.030568 0.002996 -0.999528
vn 0.000000 -0.126211 -0.992004
vn 0.000000 0.002997 -0.999996
vn 0.030568 0.002996 -0.999528
vn 0.030567 -0.126151 -0.991540
vn 0.000000 -0.253305 -0.967386
vn 0.000000 -0.126211 -0.992004
vn 0.030567 -0.126151 -0.991540
vn 0.030567 -0.253186 -0.966935
vn 0.000000 -0.376154 -0.926557
vn 0.000000 -0.253305 -0.967386
vn 0.030567 -0.253186 -0.966935
vn 0.030566 -0.375977 -0.926125
vn 0.000000 -0.492698 -0.870200
vn 0.000000 -0.376154 -0.926557
vn 0.030566 -0.375977 -0.926125
vn 0.030565 -0.492467 -0.869794
vn 0.000000 -0.600986 -0.799260
vn 0.000000 -0.492698 -0.870200
vn 0.030565 -0.492467 -0.869794
vn 0.030564 -0.600704 -0.798887
vn 0.000000 -0.699201 -0.714925
vn 0.000000 -0.600986 -0.799260
vn 0.030564 -0.600704 -0.798887
vn 0.030563 -0.698873 -0.714592
vn 0.000000 -0.785699 -0.618609
vn 0.000000 -0.699201 -0.714925
vn 0.030563 -0.698873 -0.714592
vn 0.030563 -0.785332 -0.618320
vn 0.000000 -0.859030 -0.511925
vn 0.000000 -0.785699 -0.618609
vn 0.030563 -0.785332 -0.618320
vn 0.030562 -0.858628 -0.511687
vn 0.000000 -0.917037 -0.398802
vn 0.000000 -0.859030 -0.511925
vn 0.030562 -0.858628 -0.511687
vn 0.032141 -0.918228 -0.394746
vn 0.000000 -0.962445 -0.271477
vn 0.000000 -0.917037 -0.398802
vn 0.032141 -0.918228 -0.394746
vn 0.033499 -0.961769 -0.271804
vn 0.000000 -0.962445 -0.271477
vn 0.033499 -0.961769 -0.271804
vn 0.031555 -0.988996 -0.144541
vn 0.000000 -0.990133 -0.140128
vn 0.031555 -0.988996 -0.144541
vn 0.029780 -0.999516 -0.008973
vn 0.000000 -0.999960 -0.008975
vn 0.000000 -0.990133 -0.140128
vn 0.029780 -0.999516 -0.008973
vn 0.029779 -0.991669 0.125326
vn 0.000000 -0.992109 0.125382
vn 0.000000 -0.999960 -0.008975
vn 0.029779 -0.991669 0.125326
vn 0.029778 -0.965859 0.257353
vn 0.000000 -0.966287 0.257468
vn 0.000000 -0.992109 0.125382
vn 0.029778 -0.965859 0.257353
vn 0.029777 -0.922553 0.384721
vn 0.000000 -0.922962 0.384892
vn 0.000000 -0.966287 0.257468
vn 0.029777 -0.922553 0.384721
vn 0.029776 -0.862535 0.505120
vn 0.000000 -0.862918 0.505345
vn 0.000000 -0.922962 0.384892
vn 0.029776 -0.862535 0.505120
vn 0.029776 -0.786895 0.616369
vn 0.000000 -0.787243 0.616643
vn 0.000000 -0.862918 0.505345
vn 0.029776 -0.786895 0.616369
vn 0.029776 -0.697002 0.716451
vn 0.000000 -0.697311 0.716769
vn 0.000000 -0.787243 0.616643
vn 0.029776 -0.697002 0.716451
vn 0.030215 -0.601320 0.798437
vn 0.000000 -0.602153 0.798381
vn 0.000000 -0.697311 0.716769
vn 0.025083 -0.491201 0.870685
vn 0.000000 -0.485141 0.874436
vn 0.000000 -0.602153 0.798381
vn 0.030215 -0.601320 0.798437
vn 0.097599 0.044482 -0.994231
vn 0.073815 -0.063363 -0.995257
vn 0.054605 0.002279 -0.998506
vn 0.098052 -0.089277 -0.991169
vn 0.073375 -0.192103 -0.978628
vn 0.054127 -0.126824 -0.990447
vn 0.073260 -0.311882 -0.947292
vn 0.098136 -0.403305 -0.909788
vn 0.053760 -0.374816 -0.925539
vn 0.073346 -0.431894 -0.898937
vn 0.098001 -0.521971 -0.847315
vn 0.054131 -0.491275 -0.869321
vn 0.073784 -0.545060 -0.835144
vn 0.097625 -0.631005 -0.769612
vn 0.054630 -0.599531 -0.798485
vn 0.085195 -0.815518 -0.572426
vn 0.056174 -0.784751 -0.617261
vn 0.075132 -0.741226 -0.667038
vn 0.074505 -0.648595 -0.757479
vn 0.096795 -0.728457 -0.678219
vn 0.055180 -0.697713 -0.714249
vn -0.085195 -0.815518 -0.572426
vn -0.332650 -0.722967 -0.605527
vn -0.075132 -0.741226 -0.667038
vn -0.074506 -0.648595 -0.757479
vn -0.096795 -0.728457 -0.678219
vn -0.337975 -0.619906 -0.708159
vn -0.073784 -0.545060 -0.835144
vn -0.097625 -0.631005 -0.769612
vn -0.343211 -0.515576 -0.785104
vn -0.073346 -0.431894 -0.898937
vn -0.098001 -0.521971 -0.847315
vn -0.345304 -0.402167 -0.847955
vn -0.073260 -0.311882 -0.947292
vn -0.098136 -0.403305 -0.909788
vn -0.345570 -0.282124 -0.894979
vn -0.098052 -0.089277 -0.991169
vn -0.073375 -0.192103 -0.978628
vn -0.344036 -0.156774 -0.925776
vn -0.097598 0.044482 -0.994231
vn -0.073815 -0.063363 -0.995257
vn -0.339236 -0.028214 -0.940278
vn -0.073980 0.343162 -0.936358
vn -0.339078 0.354399 -0.871451
vn -0.098445 0.448237 -0.888477
s off
g right_shoulder_pitch_link
usemtl initialShadingGroup
f 1/1/1 3/4/2 2/3/3 125/2/4
f 5/5/5 4/8/6 6/7/7 7/6/8
f 5/5/9 7/6/10 8/10/11 9/9/12
f 9/9/13 8/10/14 10/12/15 13/11/16
f 12/13/17 11/14/18 9/9/19 13/11/20
f 15/15/21 14/17/22 11/14/23 16/16/24
f 16/16/25 11/14/26 17/18/27
f 11/14/28 12/13/29 18/19/30 17/18/31
f 19/20/32 21/23/33 20/22/34 189/21/35
f 20/22/36 21/23/37 22/24/38 189/21/39
f 22/24/40 21/23/41 14/17/42 23/25/43
f 14/17/44 15/15/45 23/25/46
f 21/23/47 19/20/48 24/27/49 25/26/50
f 25/26/51 24/27/52 26/29/53 31/28/54
f 28/30/55 27/33/56 29/32/57 30/31/58
f 30/31/59 29/32/60 25/26/61 31/28/62
f 27/33/63 72/35/64 32/34/65 29/32/66
f 32/34/67 33/36/68 29/32/69
f 32/34/70 73/38/71 34/37/72 33/36/73
f 36/39/74 35/42/75 37/41/76 38/40/77
f 38/40/78 37/41/79 33/36/80 39/43/81
f 33/36/82 34/37/83 39/43/84
f 41/44/85 40/47/86 42/46/87 128/45/88
f 42/46/89 40/47/90 37/41/91 43/48/92
f 43/48/93 37/41/94 35/42/95 71/49/96
f 45/50/97 44/53/98 46/52/99 127/51/100
f 46/52/101 44/53/102 40/47/103 47/54/104
f 47/54/105 40/47/106 41/44/107 128/45/108
f 48/55/109 2/3/110 3/4/111 49/56/112
f 3/4/113 703/57/114 44/53/115
f 44/53/116 45/50/117 50/58/118 49/56/119
f 1/1/120 125/2/121 51/59/122 3/4/123
f 3/4/124 51/59/125 52/60/126
f 51/59/127 124/62/128 53/61/129 52/60/130
f 54/63/131 52/60/132 55/64/133
f 52/60/134 53/61/135 56/65/136 55/64/137
f 58/66/138 57/68/139 54/63/140 59/67/141
f 59/67/142 54/63/143 55/64/144 123/69/145
f 57/68/146 60/70/147 54/63/148
f 54/63/149 60/70/150 61/71/151
f 60/70/152 121/73/153 62/72/154 61/71/155
f 62/72/156 64/75/157 63/74/158 61/71/159
f 65/76/160 73/38/161 67/78/162 66/77/163
f 68/79/164 70/81/165 69/80/166
f 35/42/167 36/39/168 71/49/169
f 28/30/170 72/35/171 27/33/172
f 72/35/173 73/38/174 32/34/175
f 73/38/176 65/76/177 39/43/178 34/37/179
f 75/82/180 68/79/181 69/80/182 74/83/183
f 74/83/184 76/85/185 77/84/186 75/82/187
f 77/84/188 78/86/189 75/82/190
f 75/82/191 78/86/192 79/88/193 81/87/194
f 81/87/195 80/90/196 82/89/197 67/78/198
f 84/91/199 83/94/200 85/93/201 86/92/202
f 85/93/203 88/95/204 82/89/205 86/92/206
f 82/89/207 80/90/208 87/96/209 86/92/210
f 85/93/211 83/94/212 89/97/213 88/95/214
f 83/94/215 90/98/216 89/97/217
f 66/77/218 91/99/219 71/49/220 65/76/221
f 65/76/222 71/49/223 36/39/224 38/40/225
f 72/35/226 92/100/227 67/78/228 73/38/229
f 65/76/230 38/40/231 39/43/232
f 80/90/233 81/87/234 79/88/235
f 81/87/236 92/100/237 68/79/238 75/82/239
f 88/95/240 89/97/241 93/101/242 91/99/243
f 89/97/244 94/102/245 93/101/246
f 94/102/247 89/97/248 90/98/249 95/103/250
f 90/98/251 101/105/252 96/104/253 95/103/254
f 96/104/255 101/105/256 97/106/257 95/103/258
f 30/31/259 31/28/260 70/81/261 28/30/262
f 70/81/263 68/79/264 72/35/265 28/30/266
f 68/79/267 92/100/268 72/35/269
f 81/87/270 67/78/271 92/100/272
f 82/89/273 88/95/274 66/77/275 67/78/276
f 88/95/277 91/99/278 66/77/279
f 98/107/280 106/110/281 100/109/282 99/108/283
f 76/85/284 102/111/285 77/84/286
f 102/111/287 79/88/288 78/86/289 77/84/290
f 102/111/291 87/96/292 80/90/293 79/88/294
f 102/111/295 104/113/296 103/112/297 87/96/298
f 104/113/299 105/114/300 103/112/301
f 105/114/302 104/113/303 100/109/304 106/110/305
f 101/105/306 90/98/307 83/94/308 107/115/309
f 107/115/310 83/94/311 84/91/312 108/116/313
f 108/116/314 84/91/315 86/92/316 87/96/317
f 87/96/318 103/112/319 109/117/320 108/116/321
f 103/112/322 110/118/323 109/117/324
f 110/118/325 103/112/326 105/114/327 111/119/328
f 111/119/329 105/114/330 106/110/331 286/120/332
f 112/121/333 97/106/334 113/123/335 130/122/336
f 114/124/337 132/127/338 116/126/339 115/125/340
f 117/128/341 119/131/342 118/130/343 167/129/344
f 121/73/345 120/132/346 64/75/347 62/72/348
f 60/70/349 57/68/350 122/133/351 121/73/352
f 59/67/353 123/69/354 122/133/355 58/66/356
f 122/133/357 57/68/358 58/66/359
f 56/65/360 124/62/361 123/69/362 55/64/363
f 125/2/364 124/62/365 51/59/366
f 124/62/367 56/65/368 53/61/369
f 49/56/370 50/58/371 126/134/372 48/55/373
f 126/134/374 125/2/375 2/3/376 48/55/377
f 50/58/378 45/50/379 127/51/380 126/134/381
f 47/54/382 128/45/383 127/51/384 46/52/385
f 129/135/386 130/122/387 113/123/388 167/129/389
f 130/122/390 155/137/391 131/136/392 112/121/393
f 133/138/394 138/141/395 135/140/396 134/139/397
f 135/140/398 137/143/399 136/142/400 134/139/401
f 135/140/402 138/141/403 139/145/404 150/144/405
f 138/141/406 140/146/407 139/145/408
f 139/145/409 140/146/410 141/148/411 151/147/412
f 140/146/413 171/150/414 142/149/415 141/148/416
f 143/151/417 153/154/418 145/153/419 144/152/420
f 144/152/421 145/153/422 146/156/423 178/155/424
f 145/153/425 152/157/426 141/148/427 146/156/428
f 141/148/429 142/149/430 147/158/431 146/156/432
f 148/159/433 137/143/434 149/160/435
f 149/160/436 137/143/437 135/140/438 150/144/439
f 139/145/440 151/147/441 150/144/442
f 141/148/443 152/157/444 151/147/445
f 145/153/446 153/154/447 152/157/448
f 95/103/449 97/106/450 112/121/451 94/102/452
f 94/102/453 112/121/454 131/136/455 93/101/456
f 131/136/457 157/161/458 91/99/459 93/101/460
f 115/125/461 116/126/462 117/128/463 167/129/464
f 116/126/465 119/131/466 117/128/467
f 116/126/468 148/159/469 154/162/470 119/131/471
f 119/131/472 154/162/473 155/137/474 130/122/475
f 154/162/476 166/164/477 156/163/478 155/137/479
f 155/137/480 156/163/481 157/161/482 131/136/483
f 156/163/484 158/165/485 157/161/486
f 157/161/487 158/165/488 71/49/489 91/99/490
f 158/165/491 42/46/492 43/48/493 71/49/494
f 143/151/495 159/167/496 160/166/497 153/154/498
f 153/154/499 160/166/500 161/168/501 152/157/502
f 152/157/503 161/168/504 162/169/505 151/147/506
f 151/147/507 162/169/508 163/170/509 150/144/510
f 150/144/511 163/170/512 164/171/513 149/160/514
f 149/160/515 164/171/516 165/172/517 148/159/518
f 148/159/519 165/172/520 166/164/521 154/162/522
f 129/135/523 118/130/524 119/131/525 130/122/526
f 159/167/527 120/132/528 121/73/529 160/166/530
f 160/166/531 121/73/532 122/133/533 161/168/534
f 161/168/535 122/133/536 123/69/537 162/169/538
f 162/169/539 123/69/540 124/62/541 163/170/542
f 163/170/543 124/62/544 125/2/545 164/171/546
f 164/171/547 125/2/548 126/134/549 165/172/550
f 165/172/551 126/134/552 127/51/553 166/164/554
f 166/164/555 127/51/556 128/45/557 156/163/558
f 136/142/559 137/143/560 132/127/561
f 137/143/562 148/159/563 116/126/564 132/127/565
f 128/45/566 42/46/567 158/165/568 156/163/569
f 97/106/570 266/173/571 167/129/572 113/123/573
f 167/129/574 118/130/575 129/135/576
f 115/125/577 167/129/578 168/174/579 114/124/580
f 114/124/581 168/174/582 169/175/583 132/127/584
f 132/127/585 169/175/586 170/177/587 176/176/588
f 171/150/589 140/146/590 138/141/591 172/178/592
f 138/141/593 133/138/594 172/178/595
f 133/138/596 134/139/597 173/179/598 172/178/599
f 175/180/600 174/181/601 132/127/602 176/176/603
f 174/181/604 177/182/605 132/127/606
f 177/182/607 173/179/608 136/142/609 132/127/610
f 173/179/611 134/139/612 136/142/613
f 171/150/614 147/158/615 142/149/616
f 147/158/617 171/150/618 178/155/619 146/156/620
f 70/81/621 180/184/622 179/183/623
f 181/185/624 187/188/625 183/187/626 182/186/627
f 183/187/628 185/190/629 184/189/630 182/186/631
f 76/85/632 74/83/633 186/191/634
f 74/83/635 187/188/636 181/185/637 186/191/638
f 74/83/639 69/80/640 188/192/641 187/188/642
f 70/81/643 179/183/644 188/192/645 69/80/646
f 70/81/647 31/28/648 26/29/649 180/184/650
f 180/184/651 26/29/652 24/27/653 19/20/654
f 190/193/655 22/24/656 23/25/657
f 189/21/658 22/24/659 190/193/660 191/194/661
f 191/194/662 190/193/663 192/196/664 193/195/665
f 193/195/666 192/196/667 194/197/668 183/187/669
f 183/187/670 194/197/671 195/198/672 185/190/673
f 185/190/674 195/198/675 196/200/676 234/199/677
f 187/188/678 188/192/679 193/195/680 183/187/681
f 188/192/682 179/183/683 191/194/684 193/195/685
f 179/183/686 189/21/687 191/194/688
f 189/21/689 179/183/690 180/184/691 19/20/692
f 197/201/693 225/204/694 199/203/695 198/202/696
f 192/196/697 213/206/698 200/205/699 194/197/700
f 195/198/701 201/207/702 196/200/703
f 198/202/704 199/203/705 203/209/706 204/208/707
f 204/208/708 203/209/709 205/211/710 206/210/711
f 206/210/712 205/211/713 207/213/714 228/212/715
f 208/214/716 224/216/717 197/201/718 209/215/719
f 209/215/720 197/201/721 198/202/722 210/217/723
f 210/217/724 198/202/725 204/208/726 211/218/727
f 211/218/728 204/208/729 206/210/730 227/219/731
f 212/220/732 228/212/733 200/205/734 213/206/735
f 214/221/736 208/214/737 215/222/738 6/7/739
f 215/222/740 208/214/741 209/215/742 216/223/743
f 216/223/744 209/215/745 210/217/746 217/224/747
f 217/224/748 210/217/749 211/218/750 226/225/751
f 192/196/752 190/193/753 218/226/754 213/206/755
f 213/206/756 218/226/757 219/227/758 212/220/759
f 212/220/760 219/227/761 220/228/762 227/219/763
f 221/229/764 202/231/765 222/230/766 224/216/767
f 223/232/768 221/229/769 224/216/770 208/214/771
f 224/216/772 222/230/773 225/204/774 197/201/775
f 223/232/776 208/214/777 214/221/778
f 215/222/779 7/6/780 6/7/781
f 7/6/782 215/222/783 216/223/784 8/10/785
f 8/10/786 216/223/787 217/224/788 10/12/789
f 10/12/790 217/224/791 13/11/792
f 13/11/793 217/224/794 226/225/795 12/13/796
f 226/225/797 211/218/798 227/219/799 220/228/800
f 227/219/801 206/210/802 228/212/803 212/220/804
f 228/212/805 207/213/806 201/207/807 200/205/808
f 12/13/809 226/225/810 220/228/811 18/19/812
f 201/207/813 195/198/814 194/197/815 200/205/816
f 190/193/817 23/25/818 15/15/819 218/226/820
f 218/226/821 15/15/822 16/16/823 219/227/824
f 219/227/825 16/16/826 17/18/827 220/228/828
f 17/18/829 18/19/830 220/228/831
f 229/233/832 231/236/833 230/235/834 235/234/835
f 99/108/836 100/109/837 233/238/838 236/237/839
f 232/239/840 233/238/841 102/111/842
f 233/238/843 100/109/844 104/113/845 102/111/846
f 229/233/847 232/239/848 231/236/849
f 231/236/850 232/239/851 102/111/852 234/199/853
f 234/199/854 102/111/855 76/85/856 186/191/857
f 235/234/858 230/235/859 373/240/860
f 229/233/861 235/234/862 236/237/863 232/239/864
f 236/237/865 233/238/866 232/239/867
f 237/241/868 238/242/869 98/107/870 236/237/871
f 236/237/872 98/107/873 99/108/874
f 238/242/875 237/241/876 239/244/877 240/243/878
f 98/107/879 238/242/880 240/243/881 106/110/882
f 241/245/883 249/248/884 243/247/885 242/246/886
f 245/249/887 244/250/888 230/235/889 231/236/890
f 242/246/891 243/247/892 234/199/893
f 243/247/894 246/251/895 231/236/896 234/199/897
f 246/251/898 245/249/899 231/236/900
f 247/252/901 248/253/902 249/248/903
f 250/254/904 252/256/905 251/255/906
f 252/256/907 248/253/908 247/252/909 251/255/910
f 253/257/911 252/256/912 250/254/913
f 252/256/914 255/259/915 254/258/916 248/253/917
f 255/259/918 256/260/919 254/258/920
f 256/260/921 255/259/922 257/262/923 258/261/924
f 244/250/925 245/249/926 256/260/927 258/261/928
f 245/249/929 246/251/930 254/258/931 256/260/932
f 246/251/933 248/253/934 254/258/935
f 248/253/936 246/251/937 243/247/938 249/248/939
f 257/262/940 259/263/941 258/261/942
f 253/257/943 260/264/944 255/259/945 252/256/946
f 260/264/947 257/262/948 255/259/949
f 257/262/950 260/264/951 261/265/952 259/263/953
f 259/263/954 261/265/955 262/267/956 370/266/957
f 263/268/958 268/271/959 265/270/960 264/269/961
f 101/105/962 266/173/963 97/106/964
f 266/173/965 267/272/966 167/129/967
f 264/269/968 267/272/969 266/173/970 263/268/971
f 263/268/972 266/173/973 101/105/974 107/115/975
f 268/271/976 263/268/977 107/115/978 108/116/979
f 268/271/980 108/116/981 269/273/982 265/270/983
f 269/273/984 108/116/985 109/117/986 273/274/987
f 269/273/988 271/276/989 270/275/990 265/270/991
f 272/277/992 271/276/993 269/273/994 273/274/995
f 273/274/996 109/117/997 110/118/998 276/278/999
f 275/279/1000 274/280/1001 276/278/1002 110/118/1003
f 278/281/1004 300/284/1005 280/283/1006 279/282/1007
f 281/285/1008 283/287/1009 282/286/1010
f 284/288/1011 286/120/1012 285/289/1013
f 106/110/1014 240/243/1015 286/120/1016
f 240/243/1017 239/244/1018 285/289/1019 286/120/1020
f 284/288/1021 274/280/1022 286/120/1023
f 284/288/1024 465/291/1025 287/290/1026
f 287/290/1027 288/292/1028 284/288/1029
f 287/290/1030 457/294/1031 289/293/1032
f 288/292/1033 289/293/1034 290/296/1035 291/295/1036
f 291/295/1037 290/296/1038 281/285/1039
f 282/286/1040 283/287/1041 292/298/1042 293/297/1043
f 293/297/1044 292/298/1045 297/299/1046
f 294/300/1047 304/302/1048 295/301/1049
f 295/301/1050 297/299/1051 296/303/1052 294/300/1053
f 294/300/1054 278/281/1055 298/304/1056
f 278/281/1057 279/282/1058 298/304/1059
f 299/305/1060 410/306/1061 280/283/1062 300/284/1063
f 302/307/1064 301/309/1065 299/305/1066 303/308/1067
f 299/305/1068 300/284/1069 303/308/1070
f 277/310/1071 295/301/1072 304/302/1073
f 294/300/1074 298/304/1075 304/302/1076
f 277/310/1077 305/311/1078 293/297/1079
f 276/278/1080 306/312/1081 272/277/1082 273/274/1083
f 306/312/1084 307/313/1085 271/276/1086 272/277/1087
f 307/313/1088 308/314/1089 270/275/1090 271/276/1091
f 274/280/1092 275/279/1093 111/119/1094 286/120/1095
f 275/279/1096 110/118/1097 111/119/1098
f 296/303/1099 297/299/1100 292/298/1101
f 293/297/1102 297/299/1103 295/301/1104 277/310/1105
f 305/311/1106 282/286/1107 293/297/1108
f 282/286/1109 305/311/1110 291/295/1111 281/285/1112
f 284/288/1113 288/292/1114 276/278/1115 274/280/1116
f 288/292/1117 291/295/1118 306/312/1119 276/278/1120
f 291/295/1121 305/311/1122 307/313/1123 306/312/1124
f 305/311/1125 308/314/1126 307/313/1127
f 308/314/1128 305/311/1129 277/310/1130
f 309/315/1131 311/318/1132 310/317/1133 341/316/1134
f 310/317/1135 311/318/1136 312/320/1137 333/319/1138
f 311/318/1139 313/321/1140 312/320/1141
f 313/321/1142 378/323/1143 314/322/1144 312/320/1145
f 312/320/1146 314/322/1147 315/325/1148 331/324/1149
f 315/325/1150 314/322/1151 316/327/1152 317/326/1153
f 315/325/1154 317/326/1155 318/329/1156 330/328/1157
f 317/326/1158 393/331/1159 319/330/1160 318/329/1161
f 319/330/1162 393/331/1163 320/332/1164 318/329/1165
f 318/329/1166 320/332/1167 321/334/1168 329/333/1169
f 320/332/1170 322/335/1171 321/334/1172
f 323/336/1173 331/324/1174 324/337/1175 177/182/1176
f 324/337/1177 173/179/1178 177/182/1179
f 324/337/1180 330/328/1181 325/338/1182 173/179/1183
f 325/338/1184 172/178/1185 173/179/1186
f 325/338/1187 329/333/1188 326/339/1189 172/178/1190
f 326/339/1191 171/150/1192 172/178/1193
f 326/339/1194 328/341/1195 327/340/1196 171/150/1197
f 327/340/1198 178/155/1199 171/150/1200
f 328/341/1201 326/339/1202 329/333/1203 321/334/1204
f 329/333/1205 325/338/1206 330/328/1207 318/329/1208
f 330/328/1209 324/337/1210 331/324/1211 315/325/1212
f 323/336/1213 332/342/1214 331/324/1215
f 331/324/1216 332/342/1217 333/319/1218 312/320/1219
f 334/343/1220 357/346/1221 336/345/1222 335/344/1223
f 337/347/1224 347/349/1225 338/348/1226 336/345/1227
f 332/342/1228 343/351/1229 342/350/1230 333/319/1231
f 332/342/1232 344/352/1233 343/351/1234
f 345/353/1235 359/354/1236 265/270/1237 270/275/1238
f 340/355/1239 358/357/1240 345/353/1241 339/356/1242
f 345/353/1243 346/358/1244 339/356/1245
f 346/358/1246 270/275/1247 308/314/1248
f 341/316/1249 310/317/1250 338/348/1251 347/349/1252
f 348/359/1253 349/360/1254 344/352/1255 176/176/1256
f 349/360/1257 335/344/1258 343/351/1259 344/352/1260
f 335/344/1261 342/350/1262 343/351/1263
f 323/336/1264 177/182/1265 174/181/1266 332/342/1267
f 332/342/1268 174/181/1269 175/180/1270 344/352/1271
f 175/180/1272 176/176/1273 344/352/1274
f 348/359/1275 176/176/1276 170/177/1277 169/175/1278
f 350/361/1279 352/363/1280 351/362/1281 168/174/1282
f 352/363/1283 354/365/1284 353/364/1285 351/362/1286
f 354/365/1287 359/354/1288 355/366/1289 353/364/1290
f 339/356/1291 356/367/1292 357/346/1293 340/355/1294
f 357/346/1295 334/343/1296 358/357/1297 340/355/1298
f 358/357/1299 355/366/1300 359/354/1301 345/353/1302
f 359/354/1303 354/365/1304 264/269/1305 265/270/1306
f 335/344/1307 336/345/1308 338/348/1309 342/350/1310
f 342/350/1311 338/348/1312 310/317/1313 333/319/1314
f 356/367/1315 337/347/1316 336/345/1317 357/346/1318
f 334/343/1319 362/368/1320 355/366/1321 358/357/1322
f 354/365/1323 352/363/1324 264/269/1325
f 352/363/1326 350/361/1327 267/272/1328 264/269/1329
f 168/174/1330 351/362/1331 360/369/1332 169/175/1333
f 360/369/1334 361/370/1335 348/359/1336 169/175/1337
f 361/370/1338 362/368/1339 349/360/1340 348/359/1341
f 362/368/1342 334/343/1343 335/344/1344 349/360/1345
f 167/129/1346 267/272/1347 350/361/1348 168/174/1349
f 351/362/1350 353/364/1351 360/369/1352
f 353/364/1353 355/366/1354 361/370/1355 360/369/1356
f 355/366/1357 362/368/1358 361/370/1359
f 363/371/1360 222/230/1361 365/373/1362 364/372/1363
f 203/209/1364 199/203/1365 366/374/1366 205/211/1367
f 367/375/1368 368/377/1369 640/376/1370
f 367/375/1371 364/372/1372 365/373/1373 368/377/1374
f 250/254/1375 251/255/1376 364/372/1377 367/375/1378
f 251/255/1379 363/371/1380 364/372/1381
f 363/371/1382 251/255/1383 247/252/1384 366/374/1385
f 366/374/1386 247/252/1387 249/248/1388 205/211/1389
f 205/211/1390 249/248/1391 241/245/1392 207/213/1393
f 201/207/1394 242/246/1395 234/199/1396 196/200/1397
f 241/245/1398 242/246/1399 201/207/1400 207/213/1401
f 363/371/1402 225/204/1403 222/230/1404
f 225/204/1405 363/371/1406 366/374/1407 199/203/1408
f 234/199/1409 186/191/1410 181/185/1411 182/186/1412
f 184/189/1413 185/190/1414 234/199/1415 182/186/1416
f 369/378/1417 370/266/1418 262/267/1419 686/379/1420
f 259/263/1421 370/266/1422 371/380/1423 258/261/1424
f 258/261/1425 371/380/1426 372/381/1427 244/250/1428
f 244/250/1429 372/381/1430 373/240/1431 230/235/1432
f 379/382/1433 396/385/1434 381/384/1435 380/383/1436
f 381/384/1437 382/386/1438 380/383/1439
f 381/384/1440 397/388/1441 383/387/1442 382/386/1443
f 382/386/1444 383/387/1445 309/315/1446 341/316/1447
f 384/389/1448 396/385/1449 379/382/1450 385/390/1451
f 385/390/1452 379/382/1453 386/391/1454
f 386/391/1455 379/382/1456 380/383/1457
f 387/392/1458 384/389/1459 389/394/1460 388/393/1461
f 374/395/1462 376/398/1463 391/397/1464 390/396/1465
f 377/399/1466 392/400/1467 391/397/1468 376/398/1469
f 375/401/1470 322/335/1471 320/332/1472 393/331/1473
f 317/326/1474 316/327/1475 394/402/1476 393/331/1477
f 316/327/1478 314/322/1479 378/323/1480 394/402/1481
f 378/323/1482 395/403/1483 394/402/1484
f 395/403/1485 392/400/1486 393/331/1487 394/402/1488
f 396/385/1489 397/388/1490 381/384/1491
f 397/388/1492 398/404/1493 383/387/1494
f 398/404/1495 311/318/1496 309/315/1497 383/387/1498
f 313/321/1499 311/318/1500 398/404/1501 378/323/1502
f 378/323/1503 398/404/1504 397/388/1505 395/403/1506
f 395/403/1507 397/388/1508 396/385/1509 399/405/1510
f 399/405/1511 396/385/1512 384/389/1513 400/406/1514
f 377/399/1515 375/401/1516 393/331/1517 392/400/1518
f 395/403/1519 399/405/1520 391/397/1521 392/400/1522
f 399/405/1523 400/406/1524 390/396/1525 391/397/1526
f 400/406/1527 384/389/1528 387/392/1529 390/396/1530
f 389/394/1531 384/389/1532 385/390/1533
f 401/407/1534 414/409/1535 416/408/1536 386/391/1537
f 386/391/1538 380/383/1539 401/407/1540
f 341/316/1541 347/349/1542 403/410/1543 382/386/1544
f 347/349/1545 337/347/1546 404/411/1547 403/410/1548
f 337/347/1549 356/367/1550 405/412/1551 404/411/1552
f 346/358/1553 308/314/1554 277/310/1555 406/413/1556
f 406/413/1557 277/310/1558 304/302/1559 407/414/1560
f 279/282/1561 409/416/1562 408/415/1563 298/304/1564
f 279/282/1565 280/283/1566 409/416/1567
f 409/416/1568 280/283/1569 410/306/1570 411/417/1571
f 412/418/1572 411/417/1573 299/305/1574 301/309/1575
f 413/419/1576 388/393/1577 389/394/1578
f 408/415/1579 407/414/1580 304/302/1581 298/304/1582
f 408/415/1583 416/408/1584 414/409/1585 407/414/1586
f 407/414/1587 414/409/1588 402/420/1589 406/413/1590
f 406/413/1591 402/420/1592 339/356/1593 346/358/1594
f 412/418/1595 413/419/1596 389/394/1597 411/417/1598
f 411/417/1599 389/394/1600 385/390/1601 415/421/1602
f 415/421/1603 385/390/1604 386/391/1605 416/408/1606
f 405/412/1607 402/420/1608 414/409/1609 401/407/1610
f 401/407/1611 380/383/1612 404/411/1613 405/412/1614
f 380/383/1615 382/386/1616 403/410/1617 404/411/1618
f 356/367/1619 339/356/1620 402/420/1621 405/412/1622
f 409/416/1623 411/417/1624 415/421/1625
f 410/306/1626 299/305/1627 411/417/1628
f 417/422/1629 420/425/1630 419/424/1631 418/423/1632
f 419/424/1633 420/425/1634 421/426/1635
f 421/426/1636 420/425/1637 422/427/1638
f 422/427/1639 423/428/1640 421/426/1641
f 424/429/1642 425/431/1643 443/430/1644
f 424/429/1645 434/433/1646 426/432/1647 425/431/1648
f 418/423/1649 428/435/1650 427/434/1651 417/422/1652
f 294/300/1653 430/437/1654 429/436/1655
f 431/438/1656 427/434/1657 428/435/1658
f 432/439/1659 426/432/1660 433/440/1661 302/307/1662
f 426/432/1663 434/433/1664 433/440/1665
f 432/439/1666 302/307/1667 303/308/1668 435/441/1669
f 303/308/1670 300/284/1671 436/442/1672 435/441/1673
f 429/436/1674 278/281/1675 294/300/1676
f 278/281/1677 429/436/1678 436/442/1679 300/284/1680
f 369/378/1681 437/443/1682 370/266/1683
f 369/378/1684 423/428/1685 422/427/1686 437/443/1687
f 440/444/1688 442/446/1689 441/445/1690
f 442/446/1691 443/430/1692 425/431/1693 441/445/1694
f 445/447/1695 444/448/1696 427/434/1697 431/438/1698
f 446/449/1699 430/437/1700 296/303/1701 292/298/1702
f 430/437/1703 294/300/1704 296/303/1705
f 292/298/1706 283/287/1707 446/449/1708
f 447/450/1709 371/380/1710 370/266/1711 437/443/1712
f 438/451/1713 444/448/1714 445/447/1715 439/452/1716
f 441/445/1717 449/454/1718 448/453/1719 440/444/1720
f 450/455/1721 452/457/1722 451/456/1723
f 452/457/1724 438/451/1725 439/452/1726 451/456/1727
f 453/458/1728 373/240/1729 372/381/1730 447/450/1731
f 447/450/1732 372/381/1733 371/380/1734
f 454/459/1735 448/453/1736 449/454/1737 455/460/1738
f 446/449/1739 283/287/1740 281/285/1741 456/461/1742
f 456/461/1743 281/285/1744 290/296/1745
f 290/296/1746 289/293/1747 457/294/1748 456/461/1749
f 455/460/1750 459/463/1751 458/462/1752 454/459/1753
f 235/234/1754 373/240/1755 453/458/1756
f 235/234/1757 453/458/1758 460/464/1759 236/237/1760
f 464/465/1761 463/466/1762 452/457/1763 450/455/1764
f 287/290/1765 465/291/1766 457/294/1767
f 466/467/1768 239/244/1769 237/241/1770
f 466/467/1771 465/291/1772 285/289/1773 239/244/1774
f 465/291/1775 284/288/1776 285/289/1777
f 462/468/1778 463/466/1779 464/465/1780 461/469/1781
f 236/237/1782 460/464/1783 466/467/1784 237/241/1785
f 458/462/1786 459/463/1787 462/468/1788 461/469/1789
f 260/264/1790 470/471/1791 469/470/1792 261/265/1793
f 253/257/1794 473/472/1795 470/471/1796 260/264/1797
f 471/473/1798 473/472/1799 472/475/1800 478/474/1801
f 473/472/1802 253/257/1803 250/254/1804 472/475/1805
f 474/476/1806 537/479/1807 476/478/1808 475/477/1809
f 476/478/1810 477/480/1811 475/477/1812
f 476/478/1813 536/481/1814 471/473/1815 477/480/1816
f 471/473/1817 478/474/1818 477/480/1819
f 480/482/1820 479/485/1821 481/484/1822 482/483/1823
f 481/484/1824 538/486/1825 474/476/1826 482/483/1827
f 474/476/1828 483/487/1829 482/483/1830
f 483/487/1831 475/477/1832 641/488/1833
f 479/485/1834 484/489/1835 481/484/1836
f 481/484/1837 484/489/1838 485/491/1839 539/490/1840
f 485/491/1841 484/489/1842 486/493/1843 487/492/1844
f 485/491/1845 487/492/1846 488/495/1847 540/494/1848
f 487/492/1849 625/497/1850 489/496/1851
f 490/498/1852 507/501/1853 492/500/1854 491/499/1855
f 492/500/1856 494/503/1857 493/502/1858 491/499/1859
f 494/503/1860 496/505/1861 495/504/1862 493/502/1863
f 496/505/1864 498/507/1865 497/506/1866 495/504/1867
f 498/507/1868 500/509/1869 499/508/1870 497/506/1871
f 500/509/1872 502/511/1873 501/510/1874 499/508/1875
f 502/511/1876 503/512/1877 469/470/1878 501/510/1879
f 503/512/1880 262/267/1881 261/265/1882 469/470/1883
f 489/496/1884 504/513/1885 488/495/1886
f 488/495/1887 504/513/1888 505/515/1889 541/514/1890
f 504/513/1891 623/517/1892 506/516/1893
f 507/501/1894 490/498/1895 508/519/1896 512/518/1897
f 506/516/1898 509/520/1899 505/515/1900
f 505/515/1901 509/520/1902 510/522/1903 542/521/1904
f 509/520/1905 511/523/1906 510/522/1907
f 512/518/1908 508/519/1909 513/525/1910 517/524/1911
f 511/523/1912 622/527/1913 514/526/1914
f 510/522/1915 514/526/1916 515/529/1917 543/528/1918
f 514/526/1919 516/530/1920 515/529/1921
f 517/524/1922 513/525/1923 518/532/1924 522/531/1925
f 516/530/1926 621/534/1927 519/533/1928
f 515/529/1929 519/533/1930 520/536/1931 544/535/1932
f 519/533/1933 521/537/1934 520/536/1935
f 522/531/1936 518/532/1937 523/539/1938 527/538/1939
f 521/537/1940 620/541/1941 524/540/1942
f 520/536/1943 524/540/1944 525/543/1945 545/542/1946
f 524/540/1947 526/544/1948 525/543/1949
f 527/538/1950 523/539/1951 528/546/1952 532/545/1953
f 526/544/1954 619/548/1955 529/547/1956
f 525/543/1957 529/547/1958 530/550/1959 546/549/1960
f 529/547/1961 531/551/1962 530/550/1963
f 532/545/1964 528/546/1965 533/553/1966 534/552/1967
f 470/471/1968 535/554/1969 501/510/1970 469/470/1971
f 535/554/1972 536/481/1973 499/508/1974 501/510/1975
f 536/481/1976 537/479/1977 497/506/1978 499/508/1979
f 537/479/1980 538/486/1981 495/504/1982 497/506/1983
f 538/486/1984 539/490/1985 493/502/1986 495/504/1987
f 539/490/1988 540/494/1989 491/499/1990 493/502/1991
f 540/494/1992 541/514/1993 490/498/1994 491/499/1995
f 541/514/1996 542/521/1997 508/519/1998 490/498/1999
f 542/521/2000 543/528/2001 513/525/2002 508/519/2003
f 543/528/2004 544/535/2005 518/532/2006 513/525/2007
f 544/535/2008 545/542/2009 523/539/2010 518/532/2011
f 545/542/2012 546/549/2013 528/546/2014 523/539/2015
f 546/549/2016 547/555/2017 533/553/2018 528/546/2019
f 473/472/2020 471/473/2021 535/554/2022 470/471/2023
f 471/473/2024 536/481/2025 535/554/2026
f 476/478/2027 537/479/2028 536/481/2029
f 474/476/2030 538/486/2031 537/479/2032
f 481/484/2033 539/490/2034 538/486/2035
f 485/491/2036 540/494/2037 539/490/2038
f 488/495/2039 541/514/2040 540/494/2041
f 505/515/2042 542/521/2043 541/514/2044
f 510/522/2045 543/528/2046 542/521/2047
f 515/529/2048 544/535/2049 543/528/2050
f 520/536/2051 545/542/2052 544/535/2053
f 525/543/2054 546/549/2055 545/542/2056
f 530/550/2057 548/556/2058 547/555/2059 546/549/2060
f 468/557/2061 467/558/2062 534/552/2063 533/553/2064
f 549/559/2065 553/561/2066 548/556/2067 550/560/2068
f 550/560/2069 548/556/2070 530/550/2071 551/562/2072
f 551/562/2073 531/551/2074 618/563/2075
f 553/561/2076 552/566/2077 554/565/2078 555/564/2079
f 555/564/2080 554/565/2081 556/567/2082 468/557/2083
f 468/557/2084 556/567/2085 557/568/2086 467/558/2087
f 468/557/2088 533/553/2089 547/555/2090 555/564/2091
f 555/564/2092 547/555/2093 548/556/2094 553/561/2095
f 549/559/2096 558/569/2097 552/566/2098 553/561/2099
f 559/570/2100 388/393/2101 413/419/2102
f 560/571/2103 611/572/2104 552/566/2105 558/569/2106
f 558/569/2107 628/575/2108 648/574/2109 561/573/2110
f 560/571/2111 561/573/2112 562/577/2113 610/576/2114
f 561/573/2115 563/578/2116 562/577/2117
f 565/579/2118 609/581/2119 562/577/2120 564/580/2121
f 562/577/2122 563/578/2123 564/580/2124
f 564/580/2125 566/582/2126 565/579/2127
f 565/579/2128 566/582/2129 567/584/2130 608/583/2131
f 569/585/2132 568/587/2133 570/586/2134
f 570/586/2135 607/588/2136 567/584/2137 569/585/2138
f 567/584/2139 571/589/2140 569/585/2141
f 571/589/2142 566/582/2143 654/590/2144
f 568/587/2145 572/591/2146 570/586/2147
f 570/586/2148 572/591/2149 573/593/2150 606/592/2151
f 575/594/2152 574/596/2153 576/595/2154
f 576/595/2155 605/597/2156 573/593/2157 575/594/2158
f 573/593/2159 572/591/2160 577/598/2161 575/594/2162
f 578/599/2163 604/601/2164 576/595/2165 579/600/2166
f 576/595/2167 574/596/2168 579/600/2169
f 580/602/2170 559/570/2171 413/419/2172 412/418/2173
f 581/603/2174 580/602/2175 412/418/2176 301/309/2177
f 301/309/2178 665/605/2179 582/604/2180
f 581/603/2181 582/604/2182 583/606/2183 604/601/2184
f 582/604/2185 584/607/2186 583/606/2187
f 585/608/2188 605/597/2189 583/606/2190 586/609/2191
f 583/606/2192 584/607/2193 586/609/2194
f 587/610/2195 606/592/2196 585/608/2197 588/611/2198
f 585/608/2199 586/609/2200 588/611/2201
f 589/612/2202 590/615/2203 591/614/2204 666/613/2205
f 590/615/2206 608/583/2207 592/616/2208 591/614/2209
f 592/616/2210 593/617/2211 591/614/2212
f 592/616/2213 607/588/2214 587/610/2215 593/617/2216
f 587/610/2217 594/618/2218 593/617/2219
f 594/618/2220 587/610/2221 588/611/2222 673/619/2223
f 595/620/2224 609/581/2225 590/615/2226 596/621/2227
f 590/615/2228 589/612/2229 596/621/2230
f 598/622/2231 599/624/2232 597/623/2233
f 598/622/2234 610/576/2235 595/620/2236 599/624/2237
f 599/624/2238 595/620/2239 596/621/2240 670/625/2241
f 597/623/2242 600/626/2243 598/622/2244
f 598/622/2245 600/626/2246 601/627/2247 611/572/2248
f 600/626/2249 557/568/2250 601/627/2251
f 601/627/2252 557/568/2253 556/567/2254 554/565/2255
f 388/393/2256 559/570/2257 602/628/2258
f 559/570/2259 603/629/2260 602/628/2261
f 559/570/2262 580/602/2263 578/599/2264 603/629/2265
f 578/599/2266 579/600/2267 603/629/2268
f 580/602/2269 581/603/2270 604/601/2271 578/599/2272
f 604/601/2273 583/606/2274 605/597/2275 576/595/2276
f 605/597/2277 585/608/2278 606/592/2279 573/593/2280
f 606/592/2281 587/610/2282 607/588/2283 570/586/2284
f 607/588/2285 592/616/2286 608/583/2287 567/584/2288
f 608/583/2289 590/615/2290 609/581/2291 565/579/2292
f 609/581/2293 595/620/2294 610/576/2295 562/577/2296
f 610/576/2297 598/622/2298 611/572/2299 560/571/2300
f 611/572/2301 601/627/2302 554/565/2303 552/566/2304
f 480/482/2305 482/483/2306 612/630/2307
f 613/631/2308 615/633/2309 626/632/2310 612/630/2311
f 641/488/2312 642/634/2313 613/631/2314 612/630/2315
f 558/569/2316 549/559/2317 616/635/2318 628/575/2319
f 549/559/2320 550/560/2321 617/636/2322 616/635/2323
f 551/562/2324 618/563/2325 617/636/2326 550/560/2327
f 619/548/2328 526/544/2329 524/540/2330 620/541/2331
f 529/547/2332 619/548/2333 618/563/2334 531/551/2335
f 621/534/2336 516/530/2337 514/526/2338 622/527/2339
f 519/533/2340 621/534/2341 620/541/2342 521/537/2343
f 506/516/2344 623/517/2345 624/637/2346 509/520/2347
f 509/520/2348 624/637/2349 622/527/2350 511/523/2351
f 489/496/2352 625/497/2353 623/517/2354 504/513/2355
f 484/489/2356 479/485/2357 626/632/2358 486/493/2359
f 486/493/2360 626/632/2361 625/497/2362 487/492/2363
f 612/630/2364 626/632/2365 479/485/2366
f 479/485/2367 480/482/2368 612/630/2369
f 628/575/2370 616/635/2371 629/639/2372 627/638/2373
f 629/639/2374 616/635/2375 617/636/2376 630/640/2377
f 630/640/2378 617/636/2379 618/563/2380 631/641/2381
f 631/641/2382 618/563/2383 619/548/2384 632/642/2385
f 632/642/2386 619/548/2387 620/541/2388 633/643/2389
f 633/643/2390 620/541/2391 621/534/2392 634/644/2393
f 634/644/2394 621/534/2395 622/527/2396 635/645/2397
f 635/645/2398 622/527/2399 624/637/2400 636/646/2401
f 636/646/2402 624/637/2403 623/517/2404 637/647/2405
f 637/647/2406 623/517/2407 625/497/2408 638/648/2409
f 638/648/2410 625/497/2411 626/632/2412 615/633/2413
f 483/487/2414 641/488/2415 612/630/2416 482/483/2417
f 639/649/2418 646/650/2419 478/474/2420 472/475/2421
f 472/475/2422 250/254/2423 367/375/2424 639/649/2425
f 367/375/2426 640/376/2427 639/649/2428
f 642/634/2429 641/488/2430 644/652/2431 643/651/2432
f 644/652/2433 641/488/2434 475/477/2435 477/480/2436
f 643/651/2437 644/652/2438 646/650/2439 645/653/2440
f 646/650/2441 644/652/2442 477/480/2443 478/474/2444
f 645/653/2445 646/650/2446 639/649/2447 640/376/2448
f 614/654/2449 769/656/2450 647/655/2451 627/638/2452
f 627/638/2453 647/655/2454 648/574/2455 628/575/2456
f 649/657/2457 387/392/2458 602/628/2459 603/629/2460
f 579/600/2461 650/658/2462 649/657/2463 603/629/2464
f 575/594/2465 651/659/2466 574/596/2467
f 574/596/2468 651/659/2469 650/658/2470 579/600/2471
f 569/585/2472 652/660/2473 568/587/2474
f 568/587/2475 652/660/2476 653/661/2477 572/591/2478
f 572/591/2479 653/661/2480 651/659/2481 577/598/2482
f 651/659/2483 575/594/2484 577/598/2485
f 571/589/2486 654/590/2487 652/660/2488 569/585/2489
f 654/590/2490 566/582/2491 564/580/2492 655/662/2493
f 563/578/2494 656/663/2495 655/662/2496 564/580/2497
f 561/573/2498 648/574/2499 656/663/2500 563/578/2501
f 657/664/2502 649/657/2503 650/658/2504 658/665/2505
f 658/665/2506 650/658/2507 651/659/2508 659/666/2509
f 659/666/2510 651/659/2511 653/661/2512 660/667/2513
f 660/667/2514 653/661/2515 652/660/2516 661/668/2517
f 661/668/2518 652/660/2519 654/590/2520 662/669/2521
f 662/669/2522 654/590/2523 655/662/2524 663/670/2525
f 663/670/2526 655/662/2527 656/663/2528 664/671/2529
f 664/671/2530 656/663/2531 648/574/2532 647/655/2533
f 390/396/2534 387/392/2535 649/657/2536 657/664/2537
f 665/605/2538 301/309/2539 302/307/2540
f 668/672/2541 669/673/2542 600/626/2543 597/623/2544
f 600/626/2545 669/673/2546 667/674/2547 557/568/2548
f 670/625/2549 668/672/2550 597/623/2551 599/624/2552
f 671/675/2553 670/625/2554 596/621/2555
f 666/613/2556 671/675/2557 589/612/2558
f 671/675/2559 596/621/2560 589/612/2561
f 593/617/2562 594/618/2563 672/677/2564 676/676/2565
f 594/618/2566 673/619/2567 672/677/2568
f 665/605/2569 674/678/2570 584/607/2571 582/604/2572
f 584/607/2573 674/678/2574 675/679/2575 586/609/2576
f 586/609/2577 675/679/2578 673/619/2579 588/611/2580
f 302/307/2581 433/440/2582 674/678/2583 665/605/2584
f 433/440/2585 434/433/2586 675/679/2587 674/678/2588
f 434/433/2589 424/429/2590 673/619/2591 675/679/2592
f 666/613/2593 591/614/2594 593/617/2595 676/676/2596
f 676/676/2597 672/677/2598 443/430/2599 442/446/2600
f 443/430/2601 672/677/2602 673/619/2603 424/429/2604
f 670/625/2605 671/675/2606 448/453/2607
f 671/675/2608 666/613/2609 440/444/2610 448/453/2611
f 440/444/2612 666/613/2613 676/676/2614 442/446/2615
f 667/674/2616 669/673/2617 454/459/2618 458/462/2619
f 669/673/2620 668/672/2621 454/459/2622
f 668/672/2623 670/625/2624 454/459/2625
f 670/625/2626 448/453/2627 454/459/2628
f 678/680/2629 679/681/2630 492/500/2631 507/501/2632
f 679/681/2633 680/682/2634 494/503/2635 492/500/2636
f 680/682/2637 681/683/2638 496/505/2639 494/503/2640
f 681/683/2641 682/684/2642 498/507/2643 496/505/2644
f 682/684/2645 683/685/2646 500/509/2647 498/507/2648
f 683/685/2649 684/686/2650 502/511/2651 500/509/2652
f 684/686/2653 685/687/2654 503/512/2655 502/511/2656
f 685/687/2657 686/379/2658 262/267/2659 503/512/2660
f 687/688/2661 688/689/2662 512/518/2663 517/524/2664
f 688/689/2665 678/680/2666 507/501/2667 512/518/2668
f 689/690/2669 687/688/2670 517/524/2671 522/531/2672
f 677/691/2673 689/690/2674 522/531/2675 527/538/2676
f 690/692/2677 677/691/2678 527/538/2679 532/545/2680
f 691/693/2681 464/465/2682 690/692/2683 532/545/2684
f 557/568/2685 667/674/2686 467/558/2687
f 667/674/2688 692/694/2689 467/558/2690
f 692/694/2691 691/693/2692 534/552/2693 467/558/2694
f 691/693/2695 532/545/2696 534/552/2697
f 461/469/2698 692/694/2699 667/674/2700 458/462/2701
f 692/694/2702 461/469/2703 691/693/2704
f 691/693/2705 461/469/2706 464/465/2707
f 450/455/2708 677/691/2709 690/692/2710 464/465/2711
f 677/691/2712 450/455/2713 451/456/2714 689/690/2715
f 689/690/2716 451/456/2717 439/452/2718 687/688/2719
f 439/452/2720 445/447/2721 688/689/2722
f 439/452/2723 688/689/2724 687/688/2725
f 688/689/2726 445/447/2727 678/680/2728
f 431/438/2729 679/681/2730 678/680/2731 445/447/2732
f 679/681/2733 431/438/2734 428/435/2735 680/682/2736
f 680/682/2737 428/435/2738 418/423/2739 681/683/2740
f 682/684/2741 418/423/2742 419/424/2743
f 418/423/2744 682/684/2745 681/683/2746
f 421/426/2747 684/686/2748 683/685/2749 419/424/2750
f 419/424/2751 683/685/2752 682/684/2753
f 686/379/2754 685/687/2755 423/428/2756 369/378/2757
f 423/428/2758 685/687/2759 684/686/2760 421/426/2761
f 693/695/2762 5/5/2763 9/9/2764 694/696/2765
f 694/696/2766 9/9/2767 11/14/2768 695/697/2769
f 695/697/2770 11/14/2771 14/17/2772 696/698/2773
f 696/698/2774 14/17/2775 21/23/2776 697/699/2777
f 697/699/2778 21/23/2779 25/26/2780 698/700/2781
f 698/700/2782 25/26/2783 29/32/2784 699/701/2785
f 699/701/2786 29/32/2787 33/36/2788 700/702/2789
f 700/702/2790 33/36/2791 37/41/2792 701/703/2793
f 701/703/2794 37/41/2795 40/47/2796 702/704/2797
f 702/704/2798 40/47/2799 44/53/2800 703/57/2801
f 3/4/2802 704/705/2803 703/57/2804
f 52/60/2805 705/706/2806 704/705/2807
f 54/63/2808 706/707/2809 705/706/2810
f 61/71/2811 63/74/2812 707/708/2813 706/707/2814
f 5/5/2815 693/695/2816 4/8/2817
f 707/708/2818 708/710/2819 709/709/2820 706/707/2821
f 706/707/2822 709/709/2823 710/711/2824 705/706/2825
f 705/706/2826 710/711/2827 711/712/2828 704/705/2829
f 704/705/2830 711/712/2831 712/713/2832 703/57/2833
f 703/57/2834 712/713/2835 713/714/2836 702/704/2837
f 702/704/2838 713/714/2839 714/715/2840 701/703/2841
f 701/703/2842 714/715/2843 715/716/2844 700/702/2845
f 700/702/2846 715/716/2847 716/717/2848 699/701/2849
f 699/701/2850 716/717/2851 717/718/2852 698/700/2853
f 698/700/2854 717/718/2855 718/719/2856 697/699/2857
f 697/699/2858 718/719/2859 719/720/2860 696/698/2861
f 696/698/2862 719/720/2863 720/721/2864 695/697/2865
f 695/697/2866 720/721/2867 721/722/2868 694/696/2869
f 694/696/2870 721/722/2871 722/723/2872 693/695/2873
f 722/723/2874 721/722/2875 723/724/2876
f 719/720/2877 718/719/2878 723/724/2879 720/721/2880
f 723/724/2881 721/722/2882 720/721/2883
f 716/717/2884 715/716/2885 723/724/2886 717/718/2887
f 723/724/2888 718/719/2889 717/718/2890
f 712/713/2891 711/712/2892 723/724/2893 713/714/2894
f 723/724/2895 715/716/2896 714/715/2897 713/714/2898
f 710/711/2899 709/709/2900 723/724/2901 711/712/2902
f 435/441/2903 724/725/2904 432/439/2905
f 724/725/2906 725/726/2907 426/432/2908 432/439/2909
f 725/726/2910 726/727/2911 425/431/2912 426/432/2913
f 726/727/2914 727/728/2915 441/445/2916 425/431/2917
f 727/728/2918 728/729/2919 449/454/2920 441/445/2921
f 728/729/2922 729/730/2923 455/460/2924 449/454/2925
f 729/730/2926 730/731/2927 459/463/2928 455/460/2929
f 730/731/2930 731/732/2931 462/468/2932 459/463/2933
f 731/732/2934 732/733/2935 463/466/2936 462/468/2937
f 732/733/2938 733/734/2939 452/457/2940 463/466/2941
f 733/734/2942 734/735/2943 438/451/2944 452/457/2945
f 734/735/2946 735/736/2947 444/448/2948 438/451/2949
f 735/736/2950 736/737/2951 427/434/2952 444/448/2953
f 736/737/2954 737/738/2955 417/422/2956 427/434/2957
f 737/738/2958 738/739/2959 420/425/2960 417/422/2961
f 738/739/2962 739/740/2963 422/427/2964 420/425/2965
f 739/740/2966 740/741/2967 437/443/2968 422/427/2969
f 740/741/2970 741/742/2971 447/450/2972 437/443/2973
f 741/742/2974 742/743/2975 453/458/2976 447/450/2977
f 742/743/2978 743/744/2979 460/464/2980 453/458/2981
f 743/744/2982 744/745/2983 466/467/2984 460/464/2985
f 744/745/2986 745/746/2987 465/291/2988 466/467/2989
f 745/746/2990 746/747/2991 457/294/2992 465/291/2993
f 746/747/2994 747/748/2995 456/461/2996 457/294/2997
f 747/748/2998 748/749/2999 446/449/3000 456/461/3001
f 748/749/3002 749/750/3003 430/437/3004 446/449/3005
f 749/750/3006 750/751/3007 429/436/3008 430/437/3009
f 750/751/3010 751/752/3011 436/442/3012 429/436/3013
f 751/752/3014 435/441/3015 436/442/3016
f 724/725/3017 435/441/3018 751/752/3019
f 738/739/3020 737/738/3021 752/753/3022 739/740/3023
f 734/735/3024 733/734/3025 752/753/3026 735/736/3027
f 752/753/3028 737/738/3029 736/737/3030 735/736/3031
f 732/733/3032 731/732/3033 752/753/3034 733/734/3035
f 729/730/3036 728/729/3037 752/753/3038 730/731/3039
f 752/753/3040 731/732/3041 730/731/3042
f 726/727/3043 725/726/3044 752/753/3045 727/728/3046
f 752/753/3047 728/729/3048 727/728/3049
f 750/751/3050 749/750/3051 752/753/3052 751/752/3053
f 752/753/3054 725/726/3055 724/725/3056
f 748/749/3057 747/748/3058 752/753/3059 749/750/3060
f 745/746/3061 744/745/3062 752/753/3063 746/747/3064
f 752/753/3065 747/748/3066 746/747/3067
f 742/743/3068 741/742/3069 752/753/3070
f 752/753/3071 744/745/3072 743/744/3073
f 752/753/3074 741/742/3075 740/741/3076 739/740/3077
f 287/290/3078 289/293/3079 288/292/3080
f 742/743/3081 752/753/3082 743/744/3083
f 560/571/3084 558/569/3085 561/573/3086
f 571/589/3087 567/584/3088 566/582/3089
f 388/393/3090 602/628/3091 387/392/3092
f 301/309/3093 582/604/3094 581/603/3095
f 752/753/3096 724/725/3097 751/752/3098
f 346/358/3099 345/353/3100 270/275/3101
f 415/421/3102 416/408/3103 408/415/3104 409/416/3105
f 3/4/3106 44/53/3107 49/56/3108
f 3/4/3109 52/60/3110 704/705/3111
f 54/63/3112 705/706/3113 52/60/3114
f 54/63/3115 61/71/3116 706/707/3117
f 708/710/3118 723/724/3119 709/709/3120
f 202/231/3121 365/373/3122 222/230/3123
f 640/376/3124 368/377/3125 753/754/3126
f 754/755/3127 645/653/3128 640/376/3129 753/754/3130
f 755/756/3131 643/651/3132 645/653/3133 754/755/3134
f 756/757/3135 642/634/3136 643/651/3137 755/756/3138
f 613/631/3139 642/634/3140 756/757/3141 757/758/3142
f 615/633/3143 613/631/3144 757/758/3145 758/759/3146
f 759/760/3147 638/648/3148 615/633/3149 758/759/3150
f 760/761/3151 637/647/3152 638/648/3153 759/760/3154
f 761/762/3155 636/646/3156 637/647/3157 760/761/3158
f 762/763/3159 635/645/3160 636/646/3161 761/762/3162
f 763/764/3163 634/644/3164 635/645/3165 762/763/3166
f 764/765/3167 633/643/3168 634/644/3169 763/764/3170
f 765/766/3171 632/642/3172 633/643/3173 764/765/3174
f 766/767/3175 631/641/3176 632/642/3177 765/766/3178
f 767/768/3179 630/640/3180 631/641/3181 766/767/3182
f 768/769/3183 629/639/3184 630/640/3185 767/768/3186
f 614/654/3187 627/638/3188 629/639/3189 768/769/3190
f 647/655/3191 769/656/3192 770/770/3193 664/671/3194
f 664/671/3195 770/770/3196 771/771/3197 663/670/3198
f 663/670/3199 771/771/3200 772/772/3201 662/669/3202
f 662/669/3203 772/772/3204 773/773/3205 661/668/3206
f 661/668/3207 773/773/3208 774/774/3209 660/667/3210
f 660/667/3211 774/774/3212 775/775/3213 659/666/3214
f 659/666/3215 775/775/3216 776/776/3217 658/665/3218
f 658/665/3219 776/776/3220 777/777/3221 657/664/3222
f 390/396/3223 657/664/3224 777/777/3225 374/395/3226
f 778/778/3227 897/781/3228 779/780/3229 780/779/3230
f 781/782/3231 782/783/3232 6/7/3233 4/8/3234
f 781/782/3235 784/785/3236 783/784/3237 782/783/3238
f 784/785/3239 788/787/3240 785/786/3241 783/784/3242
f 787/788/3243 788/787/3244 784/785/3245 786/789/3246
f 790/790/3247 791/792/3248 786/789/3249 789/791/3250
f 791/792/3251 792/793/3252 786/789/3253
f 786/789/3254 792/793/3255 793/794/3256 787/788/3257
f 794/795/3258 957/798/3259 795/797/3260 796/796/3261
f 795/797/3262 957/798/3263 797/799/3264 796/796/3265
f 797/799/3266 798/800/3267 789/791/3268 796/796/3269
f 789/791/3270 798/800/3271 790/790/3272
f 796/796/3273 800/802/3274 799/801/3275 794/795/3276
f 800/802/3277 806/804/3278 801/803/3279 799/801/3280
f 803/805/3281 805/808/3282 804/807/3283 802/806/3284
f 805/808/3285 806/804/3286 800/802/3287 804/807/3288
f 802/806/3289 804/807/3290 807/810/3291 845/809/3292
f 807/810/3293 804/807/3294 808/811/3295
f 807/810/3296 808/811/3297 809/813/3298 846/812/3299
f 811/814/3300 813/817/3301 812/816/3302 810/815/3303
f 813/817/3304 814/818/3305 808/811/3306 812/816/3307
f 808/811/3308 814/818/3309 809/813/3310
f 816/819/3311 900/822/3312 817/821/3313 815/820/3314
f 817/821/3315 818/823/3316 812/816/3317 815/820/3318
f 818/823/3319 844/824/3320 810/815/3321 812/816/3322
f 820/825/3323 899/828/3324 821/827/3325 819/826/3326
f 821/827/3327 822/829/3328 815/820/3329 819/826/3330
f 822/829/3331 900/822/3332 816/819/3333 815/820/3334
f 823/830/3335 824/831/3336 780/779/3337 779/780/3338
f 780/779/3339 819/826/3340 1452/832/3341
f 819/826/3342 824/831/3343 825/833/3344 820/825/3345
f 778/778/3346 780/779/3347 826/834/3348 897/781/3349
f 780/779/3350 827/835/3351 826/834/3352
f 826/834/3353 827/835/3354 828/837/3355 896/836/3356
f 829/838/3357 830/839/3358 827/835/3359
f 827/835/3360 830/839/3361 831/840/3362 828/837/3363
f 833/841/3364 834/843/3365 829/838/3366 832/842/3367
f 834/843/3368 895/844/3369 830/839/3370 829/838/3371
f 832/842/3372 829/838/3373 835/845/3374
f 829/838/3375 836/846/3376 835/845/3377
f 835/845/3378 836/846/3379 837/848/3380 893/847/3381
f 837/848/3382 836/846/3383 63/74/3384 64/75/3385
f 838/849/3386 839/851/3387 840/850/3388 846/812/3389
f 841/852/3390 842/854/3391 843/853/3392
f 810/815/3393 844/824/3394 811/814/3395
f 803/805/3396 802/806/3397 845/809/3398
f 845/809/3399 807/810/3400 846/812/3401
f 846/812/3402 809/813/3403 814/818/3404 838/849/3405
f 848/855/3406 847/856/3407 842/854/3408 841/852/3409
f 847/856/3410 848/855/3411 850/858/3412 849/857/3413
f 850/858/3414 848/855/3415 851/859/3416
f 848/855/3417 854/861/3418 852/860/3419 851/859/3420
f 854/861/3421 840/850/3422 855/863/3423 853/862/3424
f 857/864/3425 859/867/3426 858/866/3427 856/865/3428
f 858/866/3429 859/867/3430 855/863/3431 861/868/3432
f 855/863/3433 859/867/3434 860/869/3435 853/862/3436
f 858/866/3437 861/868/3438 862/870/3439 856/865/3440
f 856/865/3441 862/870/3442 863/871/3443
f 839/851/3444 838/849/3445 844/824/3446 864/872/3447
f 838/849/3448 813/817/3449 811/814/3450 844/824/3451
f 845/809/3452 846/812/3453 840/850/3454 865/873/3455
f 838/849/3456 814/818/3457 813/817/3458
f 853/862/3459 852/860/3460 854/861/3461
f 854/861/3462 848/855/3463 841/852/3464 865/873/3465
f 861/868/3466 864/872/3467 866/874/3468 862/870/3469
f 862/870/3470 866/874/3471 867/875/3472
f 867/875/3473 868/876/3474 863/871/3475 862/870/3476
f 863/871/3477 868/876/3478 869/878/3479 874/877/3480
f 869/878/3481 868/876/3482 870/879/3483 874/877/3484
f 805/808/3485 803/805/3486 843/853/3487 806/804/3488
f 843/853/3489 803/805/3490 845/809/3491 841/852/3492
f 841/852/3493 845/809/3494 865/873/3495
f 854/861/3496 865/873/3497 840/850/3498
f 855/863/3499 840/850/3500 839/851/3501 861/868/3502
f 861/868/3503 839/851/3504 864/872/3505
f 871/880/3506 872/883/3507 873/882/3508 879/881/3509
f 849/857/3510 850/858/3511 875/884/3512
f 875/884/3513 850/858/3514 851/859/3515 852/860/3516
f 875/884/3517 852/860/3518 853/862/3519 860/869/3520
f 875/884/3521 860/869/3522 876/886/3523 877/885/3524
f 877/885/3525 876/886/3526 878/887/3527
f 878/887/3528 879/881/3529 873/882/3530 877/885/3531
f 874/877/3532 880/888/3533 856/865/3534 863/871/3535
f 880/888/3536 881/889/3537 857/864/3538 856/865/3539
f 881/889/3540 860/869/3541 859/867/3542 857/864/3543
f 860/869/3544 881/889/3545 882/890/3546 876/886/3547
f 876/886/3548 882/890/3549 883/891/3550
f 883/891/3551 884/892/3552 878/887/3553 876/886/3554
f 884/892/3555 1050/893/3556 879/881/3557 878/887/3558
f 885/894/3559 902/896/3560 886/895/3561 870/879/3562
f 887/897/3563 888/900/3564 889/899/3565 904/898/3566
f 890/901/3567 936/904/3568 891/903/3569 892/902/3570
f 893/847/3571 837/848/3572 64/75/3573 120/132/3574
f 835/845/3575 893/847/3576 894/905/3577 832/842/3578
f 834/843/3579 833/841/3580 894/905/3581 895/844/3582
f 894/905/3583 833/841/3584 832/842/3585
f 831/840/3586 830/839/3587 895/844/3588 896/836/3589
f 897/781/3590 826/834/3591 896/836/3592
f 896/836/3593 828/837/3594 831/840/3595
f 824/831/3596 823/830/3597 898/906/3598 825/833/3599
f 898/906/3600 823/830/3601 779/780/3602 897/781/3603
f 825/833/3604 898/906/3605 899/828/3606 820/825/3607
f 822/829/3608 821/827/3609 899/828/3610 900/822/3611
f 901/907/3612 936/904/3613 886/895/3614 902/896/3615
f 902/896/3616 885/894/3617 903/909/3618 925/908/3619
f 905/910/3620 906/913/3621 907/912/3622 910/911/3623
f 907/912/3624 906/913/3625 908/915/3626 909/914/3627
f 907/912/3628 920/917/3629 911/916/3630 910/911/3631
f 910/911/3632 911/916/3633 912/918/3634
f 911/916/3635 921/920/3636 913/919/3637 912/918/3638
f 912/918/3639 913/919/3640 914/922/3641 940/921/3642
f 143/151/3643 144/152/3644 915/924/3645 923/923/3646
f 144/152/3647 178/155/3648 916/925/3649 915/924/3650
f 915/924/3651 916/925/3652 913/919/3653 922/926/3654
f 913/919/3655 916/925/3656 917/927/3657 914/922/3658
f 918/928/3659 919/929/3660 909/914/3661
f 919/929/3662 920/917/3663 907/912/3664 909/914/3665
f 911/916/3666 920/917/3667 921/920/3668
f 913/919/3669 921/920/3670 922/926/3671
f 915/924/3672 922/926/3673 923/923/3674
f 868/876/3675 867/875/3676 885/894/3677 870/879/3678
f 867/875/3679 866/874/3680 903/909/3681 885/894/3682
f 903/909/3683 866/874/3684 864/872/3685 927/930/3686
f 888/900/3687 936/904/3688 890/901/3689 889/899/3690
f 889/899/3691 890/901/3692 892/902/3693
f 889/899/3694 892/902/3695 924/931/3696 918/928/3697
f 892/902/3698 902/896/3699 925/908/3700 924/931/3701
f 924/931/3702 925/908/3703 926/933/3704 935/932/3705
f 925/908/3706 903/909/3707 927/930/3708 926/933/3709
f 926/933/3710 927/930/3711 928/934/3712
f 927/930/3713 864/872/3714 844/824/3715 928/934/3716
f 928/934/3717 844/824/3718 818/823/3719 817/821/3720
f 143/151/3721 923/923/3722 929/935/3723 159/167/3724
f 923/923/3725 922/926/3726 930/936/3727 929/935/3728
f 922/926/3729 921/920/3730 931/937/3731 930/936/3732
f 921/920/3733 920/917/3734 932/938/3735 931/937/3736
f 920/917/3737 919/929/3738 933/939/3739 932/938/3740
f 919/929/3741 918/928/3742 934/940/3743 933/939/3744
f 918/928/3745 924/931/3746 935/932/3747 934/940/3748
f 901/907/3749 902/896/3750 892/902/3751 891/903/3752
f 159/167/3753 929/935/3754 893/847/3755 120/132/3756
f 929/935/3757 930/936/3758 894/905/3759 893/847/3760
f 930/936/3761 931/937/3762 895/844/3763 894/905/3764
f 931/937/3765 932/938/3766 896/836/3767 895/844/3768
f 932/938/3769 933/939/3770 897/781/3771 896/836/3772
f 933/939/3773 934/940/3774 898/906/3775 897/781/3776
f 934/940/3777 935/932/3778 899/828/3779 898/906/3780
f 935/932/3781 926/933/3782 900/822/3783 899/828/3784
f 908/915/3785 904/898/3786 909/914/3787
f 909/914/3788 904/898/3789 889/899/3790 918/928/3791
f 900/822/3792 926/933/3793 928/934/3794 817/821/3795
f 870/879/3796 886/895/3797 936/904/3798 1030/941/3799
f 936/904/3800 901/907/3801 891/903/3802
f 888/900/3803 887/897/3804 937/942/3805 936/904/3806
f 887/897/3807 904/898/3808 938/943/3809 937/942/3810
f 904/898/3811 945/945/3812 939/944/3813 938/943/3814
f 940/921/3815 941/946/3816 910/911/3817 912/918/3818
f 910/911/3819 941/946/3820 905/910/3821
f 905/910/3822 941/946/3823 942/947/3824 906/913/3825
f 944/948/3826 945/945/3827 904/898/3828 943/949/3829
f 943/949/3830 904/898/3831 946/950/3832
f 946/950/3833 904/898/3834 908/915/3835 942/947/3836
f 942/947/3837 908/915/3838 906/913/3839
f 940/921/3840 914/922/3841 917/927/3842
f 917/927/3843 916/925/3844 178/155/3845 940/921/3846
f 843/853/3847 947/952/3848 948/951/3849
f 949/953/3850 950/956/3851 951/955/3852 955/954/3853
f 951/955/3854 950/956/3855 952/958/3856 953/957/3857
f 849/857/3858 954/959/3859 847/856/3860
f 847/856/3861 954/959/3862 949/953/3863 955/954/3864
f 847/856/3865 955/954/3866 956/960/3867 842/854/3868
f 843/853/3869 842/854/3870 956/960/3871 947/952/3872
f 843/853/3873 948/951/3874 801/803/3875 806/804/3876
f 948/951/3877 794/795/3878 799/801/3879 801/803/3880
f 958/961/3881 798/800/3882 797/799/3883
f 957/798/3884 959/962/3885 958/961/3886 797/799/3887
f 959/962/3888 961/964/3889 960/963/3890 958/961/3891
f 961/964/3892 951/955/3893 962/965/3894 960/963/3895
f 951/955/3896 953/957/3897 963/966/3898 962/965/3899
f 953/957/3900 998/968/3901 964/967/3902 963/966/3903
f 955/954/3904 951/955/3905 961/964/3906 956/960/3907
f 956/960/3908 961/964/3909 959/962/3910 947/952/3911
f 947/952/3912 959/962/3913 957/798/3914
f 957/798/3915 794/795/3916 948/951/3917 947/952/3918
f 965/969/3919 966/972/3920 967/971/3921 989/970/3922
f 960/963/3923 962/965/3924 968/974/3925 980/973/3926
f 963/966/3927 964/967/3928 969/975/3929
f 966/972/3930 971/977/3931 970/976/3932 967/971/3933
f 971/977/3934 973/979/3935 972/978/3936 970/976/3937
f 973/979/3938 992/981/3939 974/980/3940 972/978/3941
f 975/982/3942 976/984/3943 965/969/3944 988/983/3945
f 976/984/3946 977/985/3947 966/972/3948 965/969/3949
f 977/985/3950 978/986/3951 971/977/3952 966/972/3953
f 978/986/3954 991/987/3955 973/979/3956 971/977/3957
f 979/988/3958 980/973/3959 968/974/3960 992/981/3961
f 214/221/3962 6/7/3963 981/989/3964 975/982/3965
f 981/989/3966 982/990/3967 976/984/3968 975/982/3969
f 982/990/3970 983/991/3971 977/985/3972 976/984/3973
f 983/991/3974 990/992/3975 978/986/3976 977/985/3977
f 960/963/3978 980/973/3979 984/993/3980 958/961/3981
f 980/973/3982 979/988/3983 985/994/3984 984/993/3985
f 979/988/3986 991/987/3987 986/995/3988 985/994/3989
f 221/229/3990 988/983/3991 987/996/3992 202/231/3993
f 223/232/3994 975/982/3995 988/983/3996 221/229/3997
f 988/983/3998 965/969/3999 989/970/4000 987/996/4001
f 223/232/4002 214/221/4003 975/982/4004
f 981/989/4005 6/7/4006 782/783/4007
f 782/783/4008 783/784/4009 982/990/4010 981/989/4011
f 783/784/4012 785/786/4013 983/991/4014 982/990/4015
f 785/786/4016 788/787/4017 983/991/4018
f 788/787/4019 787/788/4020 990/992/4021 983/991/4022
f 990/992/4023 986/995/4024 991/987/4025 978/986/4026
f 991/987/4027 979/988/4028 992/981/4029 973/979/4030
f 992/981/4031 968/974/4032 969/975/4033 974/980/4034
f 787/788/4035 793/794/4036 986/995/4037 990/992/4038
f 969/975/4039 968/974/4040 962/965/4041 963/966/4042
f 958/961/4043 984/993/4044 790/790/4045 798/800/4046
f 984/993/4047 985/994/4048 791/792/4049 790/790/4050
f 985/994/4051 986/995/4052 792/793/4053 791/792/4054
f 792/793/4055 986/995/4056 793/794/4057
f 993/997/4058 999/1000/4059 994/999/4060 995/998/4061
f 872/883/4062 1000/1002/4063 997/1001/4064 873/882/4065
f 996/1003/4066 875/884/4067 997/1001/4068
f 997/1001/4069 875/884/4070 877/885/4071 873/882/4072
f 993/997/4073 995/998/4074 996/1003/4075
f 995/998/4076 998/968/4077 875/884/4078 996/1003/4079
f 998/968/4080 954/959/4081 849/857/4082 875/884/4083
f 999/1000/4084 1131/1004/4085 994/999/4086
f 993/997/4087 996/1003/4088 1000/1002/4089 999/1000/4090
f 1000/1002/4091 996/1003/4092 997/1001/4093
f 1001/1005/4094 1000/1002/4095 871/880/4096 1002/1006/4097
f 1000/1002/4098 872/883/4099 871/880/4100
f 1002/1006/4101 1004/1008/4102 1003/1007/4103 1001/1005/4104
f 871/880/4105 879/881/4106 1004/1008/4107 1002/1006/4108
f 1005/1009/4109 1006/1012/4110 1007/1011/4111 1013/1010/4112
f 1009/1013/4113 995/998/4114 994/999/4115 1008/1014/4116
f 1006/1012/4117 998/968/4118 1007/1011/4119
f 1007/1011/4120 998/968/4121 995/998/4122 1010/1015/4123
f 1010/1015/4124 995/998/4125 1009/1013/4126
f 1011/1016/4127 1013/1010/4128 1012/1017/4129
f 1014/1018/4130 1015/1020/4131 1016/1019/4132
f 1016/1019/4133 1015/1020/4134 1011/1016/4135 1012/1017/4136
f 1017/1021/4137 1014/1018/4138 1016/1019/4139
f 1016/1019/4140 1012/1017/4141 1018/1023/4142 1019/1022/4143
f 1019/1022/4144 1018/1023/4145 1020/1024/4146
f 1020/1024/4147 1022/1026/4148 1021/1025/4149 1019/1022/4150
f 1008/1014/4151 1022/1026/4152 1020/1024/4153 1009/1013/4154
f 1009/1013/4155 1020/1024/4156 1018/1023/4157 1010/1015/4158
f 1010/1015/4159 1018/1023/4160 1012/1017/4161
f 1012/1017/4162 1013/1010/4163 1007/1011/4164 1010/1015/4165
f 1021/1025/4166 1022/1026/4167 1023/1027/4168
f 1017/1021/4169 1016/1019/4170 1019/1022/4171 1024/1028/4172
f 1024/1028/4173 1019/1022/4174 1021/1025/4175
f 1021/1025/4176 1023/1027/4177 1025/1029/4178 1024/1028/4179
f 1023/1027/4180 1128/1031/4181 1026/1030/4182 1025/1029/4183
f 1027/1032/4184 1028/1035/4185 1029/1034/4186 1032/1033/4187
f 874/877/4188 870/879/4189 1030/941/4190
f 1030/941/4191 936/904/4192 1031/1036/4193
f 1028/1035/4194 1027/1032/4195 1030/941/4196 1031/1036/4197
f 1027/1032/4198 880/888/4199 874/877/4200 1030/941/4201
f 1032/1033/4202 881/889/4203 880/888/4204 1027/1032/4205
f 1032/1033/4206 1029/1034/4207 1033/1037/4208 881/889/4209
f 1033/1037/4210 1037/1038/4211 882/890/4212 881/889/4213
f 1033/1037/4214 1029/1034/4215 1034/1040/4216 1035/1039/4217
f 1036/1041/4218 1037/1038/4219 1033/1037/4220 1035/1039/4221
f 1037/1038/4222 1040/1042/4223 883/891/4224 882/890/4225
f 1039/1043/4226 883/891/4227 1040/1042/4228 1038/1044/4229
f 1042/1045/4230 1043/1048/4231 1044/1047/4232 1064/1046/4233
f 1045/1049/4234 1046/1051/4235 1047/1050/4236
f 1048/1052/4237 1049/1053/4238 1050/893/4239
f 879/881/4240 1050/893/4241 1004/1008/4242
f 1004/1008/4243 1050/893/4244 1049/1053/4245 1003/1007/4246
f 1048/1052/4247 1050/893/4248 1038/1044/4249
f 1048/1052/4250 1051/1055/4251 1219/1054/4252
f 1051/1055/4253 1048/1052/4254 1052/1056/4255
f 1051/1055/4256 1053/1058/4257 1211/1057/4258
f 1052/1056/4259 1055/1060/4260 1054/1059/4261 1053/1058/4262
f 1055/1060/4263 1045/1049/4264 1054/1059/4265
f 1046/1051/4266 1057/1062/4267 1056/1061/4268 1047/1050/4269
f 1057/1062/4270 1061/1063/4271 1056/1061/4272
f 1058/1064/4273 1059/1066/4274 1068/1065/4275
f 1059/1066/4276 1058/1064/4277 1060/1067/4278 1061/1063/4279
f 1058/1064/4280 1062/1068/4281 1042/1045/4282
f 1042/1045/4283 1062/1068/4284 1043/1048/4285
f 1063/1069/4286 1064/1046/4287 1044/1047/4288 1164/1070/4289
f 1066/1071/4290 1067/1073/4291 1063/1069/4292 1065/1072/4293
f 1063/1069/4294 1067/1073/4295 1064/1046/4296
f 1041/1074/4297 1068/1065/4298 1059/1066/4299
f 1058/1064/4300 1068/1065/4301 1062/1068/4302
f 1041/1074/4303 1057/1062/4304 1069/1075/4305
f 1040/1042/4306 1037/1038/4307 1036/1041/4308 1070/1076/4309
f 1070/1076/4310 1036/1041/4311 1035/1039/4312 1071/1077/4313
f 1071/1077/4314 1035/1039/4315 1034/1040/4316 1072/1078/4317
f 1038/1044/4318 1050/893/4319 884/892/4320 1039/1043/4321
f 1039/1043/4322 884/892/4323 883/891/4324
f 1060/1067/4325 1056/1061/4326 1061/1063/4327
f 1057/1062/4328 1041/1074/4329 1059/1066/4330 1061/1063/4331
f 1069/1075/4332 1057/1062/4333 1046/1051/4334
f 1046/1051/4335 1045/1049/4336 1055/1060/4337 1069/1075/4338
f 1048/1052/4339 1038/1044/4340 1040/1042/4341 1052/1056/4342
f 1052/1056/4343 1040/1042/4344 1070/1076/4345 1055/1060/4346
f 1055/1060/4347 1070/1076/4348 1071/1077/4349 1069/1075/4350
f 1069/1075/4351 1071/1077/4352 1072/1078/4353
f 1072/1078/4354 1041/1074/4355 1069/1075/4356
f 1073/1079/4357 1101/1082/4358 1074/1081/4359 1075/1080/4360
f 1074/1081/4361 1093/1084/4362 1076/1083/4363 1075/1080/4364
f 1075/1080/4365 1076/1083/4366 1077/1085/4367
f 1077/1085/4368 1076/1083/4369 1078/1087/4370 1132/1086/4371
f 1076/1083/4372 1091/1089/4373 1079/1088/4374 1078/1087/4375
f 1079/1088/4376 1081/1091/4377 1080/1090/4378 1078/1087/4379
f 1079/1088/4380 1090/1093/4381 1082/1092/4382 1081/1091/4383
f 1081/1091/4384 1082/1092/4385 1083/1095/4386 1147/1094/4387
f 1083/1095/4388 1082/1092/4389 1084/1096/4390 1147/1094/4391
f 1082/1092/4392 1089/1097/4393 321/334/4394 1084/1096/4395
f 1084/1096/4396 321/334/4397 322/335/4398
f 1085/1098/4399 946/950/4400 1086/1099/4401 1091/1089/4402
f 1086/1099/4403 946/950/4404 942/947/4405
f 1086/1099/4406 942/947/4407 1087/1100/4408 1090/1093/4409
f 1087/1100/4410 942/947/4411 941/946/4412
f 1087/1100/4413 941/946/4414 1088/1101/4415 1089/1097/4416
f 1088/1101/4417 941/946/4418 940/921/4419
f 1088/1101/4420 940/921/4421 327/340/4422 328/341/4423
f 327/340/4424 940/921/4425 178/155/4426
f 328/341/4427 321/334/4428 1089/1097/4429 1088/1101/4430
f 1089/1097/4431 1082/1092/4432 1090/1093/4433 1087/1100/4434
f 1090/1093/4435 1079/1088/4436 1091/1089/4437 1086/1099/4438
f 1085/1098/4439 1091/1089/4440 1092/1102/4441
f 1091/1089/4442 1076/1083/4443 1093/1084/4444 1092/1102/4445
f 1094/1103/4446 1095/1106/4447 1096/1105/4448 1117/1104/4449
f 1097/1107/4450 1096/1105/4451 1098/1109/4452 1107/1108/4453
f 1092/1102/4454 1093/1084/4455 1102/1111/4456 1103/1110/4457
f 1092/1102/4458 1103/1110/4459 1104/1112/4460
f 1105/1113/4461 1034/1040/4462 1029/1034/4463 1119/1114/4464
f 1100/1115/4465 1099/1117/4466 1105/1113/4467 1118/1116/4468
f 1105/1113/4469 1099/1117/4470 1106/1118/4471
f 1106/1118/4472 1072/1078/4473 1034/1040/4474
f 1101/1082/4475 1107/1108/4476 1098/1109/4477 1074/1081/4478
f 1108/1119/4479 945/945/4480 1104/1112/4481 1109/1120/4482
f 1109/1120/4483 1104/1112/4484 1103/1110/4485 1095/1106/4486
f 1095/1106/4487 1103/1110/4488 1102/1111/4489
f 1085/1098/4490 1092/1102/4491 943/949/4492 946/950/4493
f 1092/1102/4494 1104/1112/4495 944/948/4496 943/949/4497
f 944/948/4498 1104/1112/4499 945/945/4500
f 1108/1119/4501 938/943/4502 939/944/4503 945/945/4504
f 1110/1121/4505 937/942/4506 1111/1123/4507 1112/1122/4508
f 1112/1122/4509 1111/1123/4510 1113/1125/4511 1114/1124/4512
f 1114/1124/4513 1113/1125/4514 1115/1126/4515 1119/1114/4516
f 1099/1117/4517 1100/1115/4518 1117/1104/4519 1116/1127/4520
f 1117/1104/4521 1100/1115/4522 1118/1116/4523 1094/1103/4524
f 1118/1116/4525 1105/1113/4526 1119/1114/4527 1115/1126/4528
f 1119/1114/4529 1029/1034/4530 1028/1035/4531 1114/1124/4532
f 1095/1106/4533 1102/1111/4534 1098/1109/4535 1096/1105/4536
f 1102/1111/4537 1093/1084/4538 1074/1081/4539 1098/1109/4540
f 1116/1127/4541 1117/1104/4542 1096/1105/4543 1097/1107/4544
f 1094/1103/4545 1118/1116/4546 1115/1126/4547 1122/1128/4548
f 1114/1124/4549 1028/1035/4550 1112/1122/4551
f 1112/1122/4552 1028/1035/4553 1031/1036/4554 1110/1121/4555
f 937/942/4556 938/943/4557 1120/1129/4558 1111/1123/4559
f 1120/1129/4560 938/943/4561 1108/1119/4562 1121/1130/4563
f 1121/1130/4564 1108/1119/4565 1109/1120/4566 1122/1128/4567
f 1122/1128/4568 1109/1120/4569 1095/1106/4570 1094/1103/4571
f 936/904/4572 937/942/4573 1110/1121/4574 1031/1036/4575
f 1111/1123/4576 1120/1129/4577 1113/1125/4578
f 1113/1125/4579 1120/1129/4580 1121/1130/4581 1115/1126/4582
f 1115/1126/4583 1121/1130/4584 1122/1128/4585
f 1123/1131/4586 1124/1132/4587 365/373/4588 987/996/4589
f 970/976/4590 972/978/4591 1125/1133/4592 967/971/4593
f 1126/1134/4594 1390/1135/4595 368/377/4596
f 1126/1134/4597 368/377/4598 365/373/4599 1124/1132/4600
f 1014/1018/4601 1126/1134/4602 1124/1132/4603 1015/1020/4604
f 1015/1020/4605 1124/1132/4606 1123/1131/4607
f 1123/1131/4608 1125/1133/4609 1011/1016/4610 1015/1020/4611
f 1125/1133/4612 972/978/4613 1013/1010/4614 1011/1016/4615
f 972/978/4616 974/980/4617 1005/1009/4618 1013/1010/4619
f 969/975/4620 964/967/4621 998/968/4622 1006/1012/4623
f 1005/1009/4624 974/980/4625 969/975/4626 1006/1012/4627
f 1123/1131/4628 987/996/4629 989/970/4630
f 989/970/4631 967/971/4632 1125/1133/4633 1123/1131/4634
f 998/968/4635 950/956/4636 949/953/4637 954/959/4638
f 952/958/4639 950/956/4640 998/968/4641 953/957/4642
f 1127/1136/4643 1436/1137/4644 1026/1030/4645 1128/1031/4646
f 1023/1027/4647 1022/1026/4648 1129/1138/4649 1128/1031/4650
f 1022/1026/4651 1008/1014/4652 1130/1139/4653 1129/1138/4654
f 1008/1014/4655 994/999/4656 1131/1004/4657 1130/1139/4658
f 1133/1140/4659 1134/1143/4660 1135/1142/4661 1150/1141/4662
f 1135/1142/4663 1134/1143/4664 1136/1144/4665
f 1135/1142/4666 1136/1144/4667 1137/1146/4668 1151/1145/4669
f 1136/1144/4670 1101/1082/4671 1073/1079/4672 1137/1146/4673
f 1138/1147/4674 1139/1148/4675 1133/1140/4676 1150/1141/4677
f 1139/1148/4678 1140/1149/4679 1133/1140/4680
f 1140/1149/4681 1134/1143/4682 1133/1140/4683
f 1141/1150/4684 1142/1152/4685 1143/1151/4686 1138/1147/4687
f 374/395/4688 1144/1154/4689 1145/1153/4690 376/398/4691
f 377/399/4692 376/398/4693 1145/1153/4694 1146/1155/4695
f 375/401/4696 1147/1094/4697 1084/1096/4698 322/335/4699
f 1081/1091/4700 1147/1094/4701 1148/1156/4702 1080/1090/4703
f 1080/1090/4704 1148/1156/4705 1132/1086/4706 1078/1087/4707
f 1132/1086/4708 1148/1156/4709 1149/1157/4710
f 1149/1157/4711 1148/1156/4712 1147/1094/4713 1146/1155/4714
f 1150/1141/4715 1135/1142/4716 1151/1145/4717
f 1151/1145/4718 1137/1146/4719 1152/1158/4720
f 1152/1158/4721 1137/1146/4722 1073/1079/4723 1075/1080/4724
f 1077/1085/4725 1132/1086/4726 1152/1158/4727 1075/1080/4728
f 1132/1086/4729 1149/1157/4730 1151/1145/4731 1152/1158/4732
f 1149/1157/4733 1153/1159/4734 1150/1141/4735 1151/1145/4736
f 1153/1159/4737 1154/1160/4738 1138/1147/4739 1150/1141/4740
f 377/399/4741 1146/1155/4742 1147/1094/4743 375/401/4744
f 1149/1157/4745 1146/1155/4746 1145/1153/4747 1153/1159/4748
f 1153/1159/4749 1145/1153/4750 1144/1154/4751 1154/1160/4752
f 1154/1160/4753 1144/1154/4754 1141/1150/4755 1138/1147/4756
f 1143/1151/4757 1139/1148/4758 1138/1147/4759
f 1155/1161/4760 1140/1149/4761 1170/1163/4762 1168/1162/4763
f 1140/1149/4764 1155/1161/4765 1134/1143/4766
f 1101/1082/4767 1136/1144/4768 1157/1164/4769 1107/1108/4770
f 1107/1108/4771 1157/1164/4772 1158/1165/4773 1097/1107/4774
f 1097/1107/4775 1158/1165/4776 1159/1166/4777 1116/1127/4778
f 1106/1118/4779 1160/1167/4780 1041/1074/4781 1072/1078/4782
f 1160/1167/4783 1161/1168/4784 1068/1065/4785 1041/1074/4786
f 1043/1048/4787 1062/1068/4788 1162/1170/4789 1163/1169/4790
f 1043/1048/4791 1163/1169/4792 1044/1047/4793
f 1163/1169/4794 1165/1171/4795 1164/1070/4796 1044/1047/4797
f 1166/1172/4798 1065/1072/4799 1063/1069/4800 1165/1171/4801
f 1167/1173/4802 1143/1151/4803 1142/1152/4804
f 1162/1170/4805 1062/1068/4806 1068/1065/4807 1161/1168/4808
f 1162/1170/4809 1161/1168/4810 1168/1162/4811 1170/1163/4812
f 1161/1168/4813 1160/1167/4814 1156/1174/4815 1168/1162/4816
f 1160/1167/4817 1106/1118/4818 1099/1117/4819 1156/1174/4820
f 1166/1172/4821 1165/1171/4822 1143/1151/4823 1167/1173/4824
f 1165/1171/4825 1169/1175/4826 1139/1148/4827 1143/1151/4828
f 1169/1175/4829 1170/1163/4830 1140/1149/4831 1139/1148/4832
f 1159/1166/4833 1155/1161/4834 1168/1162/4835 1156/1174/4836
f 1155/1161/4837 1159/1166/4838 1158/1165/4839 1134/1143/4840
f 1134/1143/4841 1158/1165/4842 1157/1164/4843 1136/1144/4844
f 1116/1127/4845 1159/1166/4846 1156/1174/4847 1099/1117/4848
f 1163/1169/4849 1169/1175/4850 1165/1171/4851
f 1164/1070/4852 1165/1171/4853 1063/1069/4854
f 1171/1176/4855 1172/1179/4856 1173/1178/4857 1174/1177/4858
f 1173/1178/4859 1175/1180/4860 1174/1177/4861
f 1175/1180/4862 1176/1181/4863 1174/1177/4864
f 1176/1181/4865 1175/1180/4866 1177/1182/4867
f 1178/1183/4868 1197/1185/4869 1179/1184/4870
f 1178/1183/4871 1179/1184/4872 1180/1187/4873 1188/1186/4874
f 1172/1179/4875 1171/1176/4876 1181/1189/4877 1182/1188/4878
f 1058/1064/4879 1183/1191/4880 1184/1190/4881
f 1185/1192/4882 1182/1188/4883 1181/1189/4884
f 1186/1193/4885 1066/1071/4886 1187/1194/4887 1180/1187/4888
f 1180/1187/4889 1187/1194/4890 1188/1186/4891
f 1186/1193/4892 1189/1195/4893 1067/1073/4894 1066/1071/4895
f 1067/1073/4896 1189/1195/4897 1190/1196/4898 1064/1046/4899
f 1183/1191/4900 1058/1064/4901 1042/1045/4902
f 1042/1045/4903 1064/1046/4904 1190/1196/4905 1183/1191/4906
f 1127/1136/4907 1128/1031/4908 1191/1197/4909
f 1127/1136/4910 1191/1197/4911 1176/1181/4912 1177/1182/4913
f 1194/1198/4914 1195/1200/4915 1196/1199/4916
f 1196/1199/4917 1195/1200/4918 1179/1184/4919 1197/1185/4920
f 1199/1201/4921 1185/1192/4922 1181/1189/4923 1198/1202/4924
f 1200/1203/4925 1056/1061/4926 1060/1067/4927 1184/1190/4928
f 1184/1190/4929 1060/1067/4930 1058/1064/4931
f 1056/1061/4932 1200/1203/4933 1047/1050/4934
f 1201/1204/4935 1191/1197/4936 1128/1031/4937 1129/1138/4938
f 1192/1205/4939 1193/1206/4940 1199/1201/4941 1198/1202/4942
f 1195/1200/4943 1194/1198/4944 1202/1208/4945 1203/1207/4946
f 1204/1209/4947 1205/1211/4948 1206/1210/4949
f 1206/1210/4950 1205/1211/4951 1193/1206/4952 1192/1205/4953
f 1207/1212/4954 1201/1204/4955 1130/1139/4956 1131/1004/4957
f 1201/1204/4958 1129/1138/4959 1130/1139/4960
f 1208/1213/4961 1209/1214/4962 1203/1207/4963 1202/1208/4964
f 1200/1203/4965 1210/1215/4966 1045/1049/4967 1047/1050/4968
f 1210/1215/4969 1054/1059/4970 1045/1049/4971
f 1054/1059/4972 1210/1215/4973 1211/1057/4974 1053/1058/4975
f 1209/1214/4976 1208/1213/4977 1212/1217/4978 1213/1216/4979
f 999/1000/4980 1207/1212/4981 1131/1004/4982
f 999/1000/4983 1000/1002/4984 1214/1218/4985 1207/1212/4986
f 1218/1219/4987 1204/1209/4988 1206/1210/4989 1217/1220/4990
f 1051/1055/4991 1211/1057/4992 1219/1054/4993
f 1220/1221/4994 1001/1005/4995 1003/1007/4996
f 1220/1221/4997 1003/1007/4998 1049/1053/4999 1219/1054/5000
f 1219/1054/5001 1049/1053/5002 1048/1052/5003
f 1216/1222/5004 1215/1223/5005 1218/1219/5006 1217/1220/5007
f 1000/1002/5008 1001/1005/5009 1220/1221/5010 1214/1218/5011
f 1212/1217/5012 1215/1223/5013 1216/1222/5014 1213/1216/5015
f 1024/1028/5016 1025/1029/5017 1223/1225/5018 1224/1224/5019
f 1017/1021/5020 1024/1028/5021 1224/1224/5022 1227/1226/5023
f 1225/1227/5024 1232/1229/5025 1226/1228/5026 1227/1226/5027
f 1227/1226/5028 1226/1228/5029 1014/1018/5030 1017/1021/5031
f 1228/1230/5032 1229/1233/5033 1230/1232/5034 1288/1231/5035
f 1230/1232/5036 1229/1233/5037 1231/1234/5038
f 1230/1232/5039 1231/1234/5040 1225/1227/5041 1287/1235/5042
f 1225/1227/5043 1231/1234/5044 1232/1229/5045
f 1234/1236/5046 1233/1238/5047 1228/1230/5048 1289/1237/5049
f 1228/1230/5050 1233/1238/5051 1229/1233/5052
f 1233/1238/5053 1234/1236/5054 1235/1239/5055
f 1234/1236/5056 1290/1241/5057 1236/1240/5058 1235/1239/5059
f 1236/1240/5060 1238/1243/5061 1237/1242/5062 1235/1239/5063
f 1236/1240/5064 1291/1245/5065 1239/1244/5066 1238/1243/5067
f 1238/1243/5068 1239/1244/5069 1240/1246/5070
f 1241/1247/5071 1242/1250/5072 1243/1249/5073 1258/1248/5074
f 1243/1249/5075 1242/1250/5076 1244/1252/5077 1245/1251/5078
f 1245/1251/5079 1244/1252/5080 1246/1254/5081 1247/1253/5082
f 1247/1253/5083 1246/1254/5084 1248/1256/5085 1249/1255/5086
f 1249/1255/5087 1248/1256/5088 1250/1258/5089 1251/1257/5090
f 1251/1257/5091 1250/1258/5092 1252/1260/5093 1253/1259/5094
f 1253/1259/5095 1252/1260/5096 1223/1225/5097 1254/1261/5098
f 1254/1261/5099 1223/1225/5100 1025/1029/5101 1026/1030/5102
f 1240/1246/5103 1239/1244/5104 1255/1262/5105
f 1239/1244/5106 1292/1264/5107 1256/1263/5108 1255/1262/5109
f 1255/1262/5110 1256/1263/5111 1257/1265/5112
f 1258/1248/5113 1263/1267/5114 1259/1266/5115 1241/1247/5116
f 1257/1265/5117 1256/1263/5118 1260/1268/5119
f 1256/1263/5120 1293/1270/5121 1261/1269/5122 1260/1268/5123
f 1260/1268/5124 1261/1269/5125 1262/1271/5126
f 1263/1267/5127 1268/1273/5128 1264/1272/5129 1259/1266/5130
f 1262/1271/5131 1261/1269/5132 1265/1274/5133
f 1261/1269/5134 1294/1276/5135 1266/1275/5136 1265/1274/5137
f 1265/1274/5138 1266/1275/5139 1267/1277/5140
f 1268/1273/5141 1273/1279/5142 1269/1278/5143 1264/1272/5144
f 1267/1277/5145 1266/1275/5146 1270/1280/5147
f 1266/1275/5148 1295/1282/5149 1271/1281/5150 1270/1280/5151
f 1270/1280/5152 1271/1281/5153 1272/1283/5154
f 1273/1279/5155 1278/1285/5156 1274/1284/5157 1269/1278/5158
f 1272/1283/5159 1271/1281/5160 1275/1286/5161
f 1271/1281/5162 1296/1288/5163 1276/1287/5164 1275/1286/5165
f 1275/1286/5166 1276/1287/5167 1277/1289/5168
f 1278/1285/5169 1283/1291/5170 1279/1290/5171 1274/1284/5172
f 1277/1289/5173 1276/1287/5174 1280/1292/5175
f 1276/1287/5176 1297/1294/5177 1281/1293/5178 1280/1292/5179
f 1280/1292/5180 1281/1293/5181 1282/1295/5182
f 1283/1291/5183 1285/1297/5184 1284/1296/5185 1279/1290/5186
f 1224/1224/5187 1223/1225/5188 1252/1260/5189 1286/1298/5190
f 1286/1298/5191 1252/1260/5192 1250/1258/5193 1287/1235/5194
f 1287/1235/5195 1250/1258/5196 1248/1256/5197 1288/1231/5198
f 1288/1231/5199 1248/1256/5200 1246/1254/5201 1289/1237/5202
f 1289/1237/5203 1246/1254/5204 1244/1252/5205 1290/1241/5206
f 1290/1241/5207 1244/1252/5208 1242/1250/5209 1291/1245/5210
f 1291/1245/5211 1242/1250/5212 1241/1247/5213 1292/1264/5214
f 1292/1264/5215 1241/1247/5216 1259/1266/5217 1293/1270/5218
f 1293/1270/5219 1259/1266/5220 1264/1272/5221 1294/1276/5222
f 1294/1276/5223 1264/1272/5224 1269/1278/5225 1295/1282/5226
f 1295/1282/5227 1269/1278/5228 1274/1284/5229 1296/1288/5230
f 1296/1288/5231 1274/1284/5232 1279/1290/5233 1297/1294/5234
f 1297/1294/5235 1279/1290/5236 1284/1296/5237 1298/1299/5238
f 1227/1226/5239 1224/1224/5240 1286/1298/5241 1225/1227/5242
f 1225/1227/5243 1286/1298/5244 1287/1235/5245
f 1230/1232/5246 1287/1235/5247 1288/1231/5248
f 1228/1230/5249 1288/1231/5250 1289/1237/5251
f 1234/1236/5252 1289/1237/5253 1290/1241/5254
f 1236/1240/5255 1290/1241/5256 1291/1245/5257
f 1239/1244/5258 1291/1245/5259 1292/1264/5260
f 1256/1263/5261 1292/1264/5262 1293/1270/5263
f 1261/1269/5264 1293/1270/5265 1294/1276/5266
f 1266/1275/5267 1294/1276/5268 1295/1282/5269
f 1271/1281/5270 1295/1282/5271 1296/1288/5272
f 1276/1287/5273 1296/1288/5274 1297/1294/5275
f 1281/1293/5276 1297/1294/5277 1298/1299/5278 1299/1300/5279
f 1222/1301/5280 1284/1296/5281 1285/1297/5282 1221/1302/5283
f 1300/1303/5284 1301/1305/5285 1299/1300/5286 1304/1304/5287
f 1301/1305/5288 1302/1306/5289 1281/1293/5290 1299/1300/5291
f 1302/1306/5292 1282/1295/5293 1281/1293/5294
f 1304/1304/5295 1306/1309/5296 1305/1308/5297 1303/1307/5298
f 1306/1309/5299 1222/1301/5300 1307/1310/5301 1305/1308/5302
f 1222/1301/5303 1221/1302/5304 1308/1311/5305 1307/1310/5306
f 1222/1301/5307 1306/1309/5308 1298/1299/5309 1284/1296/5310
f 1306/1309/5311 1304/1304/5312 1299/1300/5313 1298/1299/5314
f 1300/1303/5315 1304/1304/5316 1303/1307/5317 1309/1312/5318
f 1310/1313/5319 1167/1173/5320 1142/1152/5321
f 1311/1314/5322 1309/1312/5323 1303/1307/5324 1362/1315/5325
f 1309/1312/5326 1312/1318/5327 1398/1317/5328 1378/1316/5329
f 1311/1314/5330 1361/1320/5331 1313/1319/5332 1312/1318/5333
f 1312/1318/5334 1313/1319/5335 1314/1321/5336
f 1316/1322/5337 1315/1324/5338 1313/1319/5339 1360/1323/5340
f 1313/1319/5341 1315/1324/5342 1314/1321/5343
f 1315/1324/5344 1316/1322/5345 1317/1325/5346
f 1316/1322/5347 1359/1327/5348 1318/1326/5349 1317/1325/5350
f 1320/1328/5351 1321/1330/5352 1319/1329/5353
f 1321/1330/5354 1320/1328/5355 1318/1326/5356 1358/1331/5357
f 1318/1326/5358 1320/1328/5359 1322/1332/5360
f 1322/1332/5361 1404/1333/5362 1317/1325/5363
f 1319/1329/5364 1321/1330/5365 1323/1334/5366
f 1321/1330/5367 1357/1336/5368 1324/1335/5369 1323/1334/5370
f 1326/1337/5371 1327/1339/5372 1325/1338/5373
f 1327/1339/5374 1326/1337/5375 1324/1335/5376 1356/1340/5377
f 1324/1335/5378 1326/1337/5379 1328/1341/5380 1323/1334/5381
f 1329/1342/5382 1330/1344/5383 1327/1339/5384 1355/1343/5385
f 1327/1339/5386 1330/1344/5387 1325/1338/5388
f 1331/1345/5389 1166/1172/5390 1167/1173/5391 1310/1313/5392
f 1332/1346/5393 1065/1072/5394 1166/1172/5395 1331/1345/5396
f 1065/1072/5397 1333/1348/5398 1415/1347/5399
f 1332/1346/5400 1355/1343/5401 1334/1349/5402 1333/1348/5403
f 1333/1348/5404 1334/1349/5405 1335/1350/5406
f 1336/1351/5407 1337/1352/5408 1334/1349/5409 1356/1340/5410
f 1334/1349/5411 1337/1352/5412 1335/1350/5413
f 1338/1353/5414 1339/1354/5415 1336/1351/5416 1357/1336/5417
f 1336/1351/5418 1339/1354/5419 1337/1352/5420
f 1340/1355/5421 1416/1358/5422 1342/1357/5423 1341/1356/5424
f 1341/1356/5425 1342/1357/5426 1343/1359/5427 1359/1327/5428
f 1343/1359/5429 1342/1357/5430 1344/1360/5431
f 1343/1359/5432 1344/1360/5433 1338/1353/5434 1358/1331/5435
f 1338/1353/5436 1344/1360/5437 1345/1361/5438
f 1345/1361/5439 1423/1362/5440 1339/1354/5441 1338/1353/5442
f 1346/1363/5443 1347/1364/5444 1341/1356/5445 1360/1323/5446
f 1341/1356/5447 1347/1364/5448 1340/1355/5449
f 1349/1365/5450 1348/1367/5451 1350/1366/5452
f 1349/1365/5453 1350/1366/5454 1346/1363/5455 1361/1320/5456
f 1350/1366/5457 1420/1368/5458 1347/1364/5459 1346/1363/5460
f 1348/1367/5461 1349/1365/5462 1351/1369/5463
f 1349/1365/5464 1362/1315/5465 1352/1370/5466 1351/1369/5467
f 1351/1369/5468 1352/1370/5469 1308/1311/5470
f 1352/1370/5471 1305/1308/5472 1307/1310/5473 1308/1311/5474
f 1142/1152/5475 1353/1371/5476 1310/1313/5477
f 1310/1313/5478 1353/1371/5479 1354/1372/5480
f 1310/1313/5481 1354/1372/5482 1329/1342/5483 1331/1345/5484
f 1329/1342/5485 1354/1372/5486 1330/1344/5487
f 1331/1345/5488 1329/1342/5489 1355/1343/5490 1332/1346/5491
f 1355/1343/5492 1327/1339/5493 1356/1340/5494 1334/1349/5495
f 1356/1340/5496 1324/1335/5497 1357/1336/5498 1336/1351/5499
f 1357/1336/5500 1321/1330/5501 1358/1331/5502 1338/1353/5503
f 1358/1331/5504 1318/1326/5505 1359/1327/5506 1343/1359/5507
f 1359/1327/5508 1316/1322/5509 1360/1323/5510 1341/1356/5511
f 1360/1323/5512 1313/1319/5513 1361/1320/5514 1346/1363/5515
f 1361/1320/5516 1311/1314/5517 1362/1315/5518 1349/1365/5519
f 1362/1315/5520 1303/1307/5521 1305/1308/5522 1352/1370/5523
f 1309/1312/5524 1378/1316/5525 1366/1373/5526 1300/1303/5527
f 1300/1303/5528 1366/1373/5529 1367/1374/5530 1301/1305/5531
f 1302/1306/5532 1301/1305/5533 1367/1374/5534 1368/1375/5535
f 1369/1376/5536 1370/1377/5537 1275/1286/5538 1277/1289/5539
f 1280/1292/5540 1282/1295/5541 1368/1375/5542 1369/1376/5543
f 1371/1378/5544 1372/1379/5545 1265/1274/5546 1267/1277/5547
f 1270/1280/5548 1272/1283/5549 1370/1377/5550 1371/1378/5551
f 1257/1265/5552 1260/1268/5553 1374/1381/5554 1373/1380/5555
f 1260/1268/5556 1262/1271/5557 1372/1379/5558 1374/1381/5559
f 1240/1246/5560 1255/1262/5561 1373/1380/5562 1375/1382/5563
f 1235/1239/5564 1237/1242/5565 1376/1383/5566 1233/1238/5567
f 1237/1242/5568 1238/1243/5569 1375/1382/5570 1376/1383/5571
f 1363/1384/5572 1233/1238/5573 1376/1383/5574
f 1378/1316/5575 1377/1386/5576 1379/1385/5577 1366/1373/5578
f 1379/1385/5579 1380/1387/5580 1367/1374/5581 1366/1373/5582
f 1380/1387/5583 1381/1388/5584 1368/1375/5585 1367/1374/5586
f 1381/1388/5587 1382/1389/5588 1369/1376/5589 1368/1375/5590
f 1382/1389/5591 1383/1390/5592 1370/1377/5593 1369/1376/5594
f 1383/1390/5595 1384/1391/5596 1371/1378/5597 1370/1377/5598
f 1384/1391/5599 1385/1392/5600 1372/1379/5601 1371/1378/5602
f 1385/1392/5603 1386/1393/5604 1374/1381/5605 1372/1379/5606
f 1386/1393/5607 1387/1394/5608 1373/1380/5609 1374/1381/5610
f 1387/1394/5611 1388/1395/5612 1375/1382/5613 1373/1380/5614
f 1388/1395/5615 1365/1396/5616 1376/1383/5617 1375/1382/5618
f 1364/1397/5619 1363/1384/5620 1376/1383/5621 1365/1396/5622
f 1229/1233/5623 1233/1238/5624 1363/1384/5625 1391/1398/5626
f 1389/1399/5627 1226/1228/5628 1232/1229/5629 1396/1400/5630
f 1226/1228/5631 1389/1399/5632 1126/1134/5633 1014/1018/5634
f 1126/1134/5635 1389/1399/5636 1390/1135/5637
f 1391/1398/5638 1363/1384/5639 1364/1397/5640 1392/1401/5641
f 1392/1401/5642 1393/1403/5643 1394/1402/5644 1391/1398/5645
f 1394/1402/5646 1231/1234/5647 1229/1233/5648 1391/1398/5649
f 1393/1403/5650 1395/1404/5651 1396/1400/5652 1394/1402/5653
f 1396/1400/5654 1232/1229/5655 1231/1234/5656 1394/1402/5657
f 1395/1404/5658 1390/1135/5659 1389/1399/5660 1396/1400/5661
f 1377/1386/5662 1378/1316/5663 1398/1317/5664 1397/1405/5665
f 1399/1406/5666 1354/1372/5667 1353/1371/5668 1141/1150/5669
f 1330/1344/5670 1354/1372/5671 1399/1406/5672 1400/1407/5673
f 1326/1337/5674 1325/1338/5675 1401/1408/5676
f 1325/1338/5677 1330/1344/5678 1400/1407/5679 1401/1408/5680
f 1320/1328/5681 1319/1329/5682 1402/1409/5683
f 1319/1329/5684 1323/1334/5685 1403/1410/5686 1402/1409/5687
f 1323/1334/5688 1328/1341/5689 1401/1408/5690 1403/1410/5691
f 1401/1408/5692 1328/1341/5693 1326/1337/5694
f 1322/1332/5695 1320/1328/5696 1402/1409/5697 1404/1333/5698
f 1404/1333/5699 1405/1411/5700 1315/1324/5701 1317/1325/5702
f 1314/1321/5703 1315/1324/5704 1405/1411/5705 1406/1412/5706
f 1312/1318/5707 1314/1321/5708 1406/1412/5709 1398/1317/5710
f 1407/1413/5711 1408/1414/5712 1400/1407/5713 1399/1406/5714
f 1408/1414/5715 1409/1415/5716 1401/1408/5717 1400/1407/5718
f 1409/1415/5719 1410/1416/5720 1403/1410/5721 1401/1408/5722
f 1410/1416/5723 1411/1417/5724 1402/1409/5725 1403/1410/5726
f 1411/1417/5727 1412/1418/5728 1404/1333/5729 1402/1409/5730
f 1412/1418/5731 1413/1419/5732 1405/1411/5733 1404/1333/5734
f 1413/1419/5735 1414/1420/5736 1406/1412/5737 1405/1411/5738
f 1414/1420/5739 1397/1405/5740 1398/1317/5741 1406/1412/5742
f 1144/1154/5743 1407/1413/5744 1399/1406/5745 1141/1150/5746
f 1415/1347/5747 1066/1071/5748 1065/1072/5749
f 1418/1421/5750 1348/1367/5751 1351/1369/5752 1419/1422/5753
f 1351/1369/5754 1308/1311/5755 1417/1423/5756 1419/1422/5757
f 1420/1368/5758 1350/1366/5759 1348/1367/5760 1418/1421/5761
f 1421/1424/5762 1347/1364/5763 1420/1368/5764
f 1416/1358/5765 1340/1355/5766 1421/1424/5767
f 1421/1424/5768 1340/1355/5769 1347/1364/5770
f 1344/1360/5771 1426/1426/5772 1422/1425/5773 1345/1361/5774
f 1345/1361/5775 1422/1425/5776 1423/1362/5777
f 1415/1347/5778 1333/1348/5779 1335/1350/5780 1424/1427/5781
f 1335/1350/5782 1337/1352/5783 1425/1428/5784 1424/1427/5785
f 1337/1352/5786 1339/1354/5787 1423/1362/5788 1425/1428/5789
f 1066/1071/5790 1415/1347/5791 1424/1427/5792 1187/1194/5793
f 1187/1194/5794 1424/1427/5795 1425/1428/5796 1188/1186/5797
f 1188/1186/5798 1425/1428/5799 1423/1362/5800 1178/1183/5801
f 1416/1358/5802 1426/1426/5803 1344/1360/5804 1342/1357/5805
f 1426/1426/5806 1196/1199/5807 1197/1185/5808 1422/1425/5809
f 1197/1185/5810 1178/1183/5811 1423/1362/5812 1422/1425/5813
f 1420/1368/5814 1202/1208/5815 1421/1424/5816
f 1421/1424/5817 1202/1208/5818 1194/1198/5819 1416/1358/5820
f 1194/1198/5821 1196/1199/5822 1426/1426/5823 1416/1358/5824
f 1417/1423/5825 1212/1217/5826 1208/1213/5827 1419/1422/5828
f 1419/1422/5829 1208/1213/5830 1418/1421/5831
f 1418/1421/5832 1208/1213/5833 1420/1368/5834
f 1420/1368/5835 1208/1213/5836 1202/1208/5837
f 1428/1429/5838 1258/1248/5839 1243/1249/5840 1429/1430/5841
f 1429/1430/5842 1243/1249/5843 1245/1251/5844 1430/1431/5845
f 1430/1431/5846 1245/1251/5847 1247/1253/5848 1431/1432/5849
f 1431/1432/5850 1247/1253/5851 1249/1255/5852 1432/1433/5853
f 1432/1433/5854 1249/1255/5855 1251/1257/5856 1433/1434/5857
f 1433/1434/5858 1251/1257/5859 1253/1259/5860 1434/1435/5861
f 1434/1435/5862 1253/1259/5863 1254/1261/5864 1435/1436/5865
f 1435/1436/5866 1254/1261/5867 1026/1030/5868 1436/1137/5869
f 1437/1437/5870 1268/1273/5871 1263/1267/5872 1438/1438/5873
f 1438/1438/5874 1263/1267/5875 1258/1248/5876 1428/1429/5877
f 1439/1439/5878 1273/1279/5879 1268/1273/5880 1437/1437/5881
f 1427/1440/5882 1278/1285/5883 1273/1279/5884 1439/1439/5885
f 1440/1441/5886 1283/1291/5887 1278/1285/5888 1427/1440/5889
f 1441/1442/5890 1283/1291/5891 1440/1441/5892 1218/1219/5893
f 1308/1311/5894 1221/1302/5895 1417/1423/5896
f 1417/1423/5897 1221/1302/5898 1442/1443/5899
f 1442/1443/5900 1221/1302/5901 1285/1297/5902 1441/1442/5903
f 1441/1442/5904 1285/1297/5905 1283/1291/5906
f 1215/1223/5907 1212/1217/5908 1417/1423/5909 1442/1443/5910
f 1442/1443/5911 1441/1442/5912 1215/1223/5913
f 1441/1442/5914 1218/1219/5915 1215/1223/5916
f 1204/1209/5917 1218/1219/5918 1440/1441/5919 1427/1440/5920
f 1427/1440/5921 1439/1439/5922 1205/1211/5923 1204/1209/5924
f 1439/1439/5925 1437/1437/5926 1193/1206/5927 1205/1211/5928
f 1193/1206/5929 1438/1438/5930 1199/1201/5931
f 1193/1206/5932 1437/1437/5933 1438/1438/5934
f 1438/1438/5935 1428/1429/5936 1199/1201/5937
f 1185/1192/5938 1199/1201/5939 1428/1429/5940 1429/1430/5941
f 1429/1430/5942 1430/1431/5943 1182/1188/5944 1185/1192/5945
f 1430/1431/5946 1431/1432/5947 1172/1179/5948 1182/1188/5949
f 1432/1433/5950 1173/1178/5951 1172/1179/5952
f 1172/1179/5953 1431/1432/5954 1432/1433/5955
f 1175/1180/5956 1173/1178/5957 1433/1434/5958 1434/1435/5959
f 1173/1178/5960 1432/1433/5961 1433/1434/5962
f 1436/1137/5963 1127/1136/5964 1177/1182/5965 1435/1436/5966
f 1177/1182/5967 1175/1180/5968 1434/1435/5969 1435/1436/5970
f 693/695/5971 1443/1444/5972 784/785/5973 781/782/5974
f 1443/1444/5975 1444/1445/5976 786/789/5977 784/785/5978
f 1444/1445/5979 1445/1446/5980 789/791/5981 786/789/5982
f 1445/1446/5983 1446/1447/5984 796/796/5985 789/791/5986
f 1446/1447/5987 1447/1448/5988 800/802/5989 796/796/5990
f 1447/1448/5991 1448/1449/5992 804/807/5993 800/802/5994
f 1448/1449/5995 1449/1450/5996 808/811/5997 804/807/5998
f 1449/1450/5999 1450/1451/6000 812/816/6001 808/811/6002
f 1450/1451/6003 1451/1452/6004 815/820/6005 812/816/6006
f 1451/1452/6007 1452/832/6008 819/826/6009 815/820/6010
f 780/779/6011 1452/832/6012 1453/1453/6013
f 827/835/6014 1453/1453/6015 1454/1454/6016
f 829/838/6017 1454/1454/6018 1455/1455/6019
f 836/846/6020 1455/1455/6021 707/708/6022 63/74/6023
f 781/782/6024 4/8/6025 693/695/6026
f 707/708/6027 1455/1455/6028 1456/1456/6029 708/710/6030
f 1455/1455/6031 1454/1454/6032 1457/1457/6033 1456/1456/6034
f 1454/1454/6035 1453/1453/6036 1458/1458/6037 1457/1457/6038
f 1453/1453/6039 1452/832/6040 1459/1459/6041 1458/1458/6042
f 1452/832/6043 1451/1452/6044 1460/1460/6045 1459/1459/6046
f 1451/1452/6047 1450/1451/6048 1461/1461/6049 1460/1460/6050
f 1450/1451/6051 1449/1450/6052 1462/1462/6053 1461/1461/6054
f 1449/1450/6055 1448/1449/6056 1463/1463/6057 1462/1462/6058
f 1448/1449/6059 1447/1448/6060 1464/1464/6061 1463/1463/6062
f 1447/1448/6063 1446/1447/6064 1465/1465/6065 1464/1464/6066
f 1446/1447/6067 1445/1446/6068 1466/1466/6069 1465/1465/6070
f 1445/1446/6071 1444/1445/6072 1467/1467/6073 1466/1466/6074
f 1444/1445/6075 1443/1444/6076 1468/1468/6077 1467/1467/6078
f 1443/1444/6079 693/695/6080 722/723/6081 1468/1468/6082
f 722/723/6083 723/724/6084 1468/1468/6085
f 1466/1466/6086 1467/1467/6087 723/724/6088 1465/1465/6089
f 723/724/6090 1467/1467/6091 1468/1468/6092
f 1463/1463/6093 1464/1464/6094 723/724/6095 1462/1462/6096
f 723/724/6097 1464/1464/6098 1465/1465/6099
f 1459/1459/6100 1460/1460/6101 723/724/6102 1458/1458/6103
f 723/724/6104 1460/1460/6105 1461/1461/6106 1462/1462/6107
f 1457/1457/6108 1458/1458/6109 723/724/6110 1456/1456/6111
f 1189/1195/6112 1186/1193/6113 1469/1469/6114
f 1469/1469/6115 1186/1193/6116 1180/1187/6117 1470/1470/6118
f 1470/1470/6119 1180/1187/6120 1179/1184/6121 1471/1471/6122
f 1471/1471/6123 1179/1184/6124 1195/1200/6125 1472/1472/6126
f 1472/1472/6127 1195/1200/6128 1203/1207/6129 1473/1473/6130
f 1473/1473/6131 1203/1207/6132 1209/1214/6133 1474/1474/6134
f 1474/1474/6135 1209/1214/6136 1213/1216/6137 1475/1475/6138
f 1475/1475/6139 1213/1216/6140 1216/1222/6141 1476/1476/6142
f 1476/1476/6143 1216/1222/6144 1217/1220/6145 1477/1477/6146
f 1477/1477/6147 1217/1220/6148 1206/1210/6149 1478/1478/6150
f 1478/1478/6151 1206/1210/6152 1192/1205/6153 1479/1479/6154
f 1479/1479/6155 1192/1205/6156 1198/1202/6157 1480/1480/6158
f 1480/1480/6159 1198/1202/6160 1181/1189/6161 1481/1481/6162
f 1481/1481/6163 1181/1189/6164 1171/1176/6165 1482/1482/6166
f 1482/1482/6167 1171/1176/6168 1174/1177/6169 1483/1483/6170
f 1483/1483/6171 1174/1177/6172 1176/1181/6173 1484/1484/6174
f 1484/1484/6175 1176/1181/6176 1191/1197/6177 1485/1485/6178
f 1485/1485/6179 1191/1197/6180 1201/1204/6181 1486/1486/6182
f 1486/1486/6183 1201/1204/6184 1207/1212/6185 1487/1487/6186
f 1487/1487/6187 1207/1212/6188 1214/1218/6189 1488/1488/6190
f 1488/1488/6191 1214/1218/6192 1220/1221/6193 1489/1489/6194
f 1489/1489/6195 1220/1221/6196 1219/1054/6197 1490/1490/6198
f 1490/1490/6199 1219/1054/6200 1211/1057/6201 1491/1491/6202
f 1491/1491/6203 1211/1057/6204 1210/1215/6205 1492/1492/6206
f 1492/1492/6207 1210/1215/6208 1200/1203/6209 1493/1493/6210
f 1493/1493/6211 1200/1203/6212 1184/1190/6213 1494/1494/6214
f 1494/1494/6215 1184/1190/6216 1183/1191/6217 1495/1495/6218
f 1495/1495/6219 1183/1191/6220 1190/1196/6221 1496/1496/6222
f 1496/1496/6223 1190/1196/6224 1189/1195/6225
f 1469/1469/6226 1496/1496/6227 1189/1195/6228
f 1483/1483/6229 1484/1484/6230 1497/1497/6231 1482/1482/6232
f 1479/1479/6233 1480/1480/6234 1497/1497/6235 1478/1478/6236
f 1497/1497/6237 1480/1480/6238 1481/1481/6239 1482/1482/6240
f 1477/1477/6241 1478/1478/6242 1497/1497/6243 1476/1476/6244
f 1474/1474/6245 1475/1475/6246 1497/1497/6247 1473/1473/6248
f 1497/1497/6249 1475/1475/6250 1476/1476/6251
f 1471/1471/6252 1472/1472/6253 1497/1497/6254 1470/1470/6255
f 1497/1497/6256 1472/1472/6257 1473/1473/6258
f 1495/1495/6259 1496/1496/6260 1497/1497/6261 1494/1494/6262
f 1497/1497/6263 1469/1469/6264 1470/1470/6265
f 1493/1493/6266 1494/1494/6267 1497/1497/6268 1492/1492/6269
f 1490/1490/6270 1491/1491/6271 1497/1497/6272 1489/1489/6273
f 1497/1497/6274 1491/1491/6275 1492/1492/6276
f 1487/1487/6277 1497/1497/6278 1486/1486/6279
f 1497/1497/6280 1488/1488/6281 1489/1489/6282
f 1497/1497/6283 1484/1484/6284 1485/1485/6285 1486/1486/6286
f 1051/1055/6287 1052/1056/6288 1053/1058/6289
f 1487/1487/6290 1488/1488/6291 1497/1497/6292
f 1311/1314/6293 1312/1318/6294 1309/1312/6295
f 1322/1332/6296 1317/1325/6297 1318/1326/6298
f 1142/1152/6299 1141/1150/6300 1353/1371/6301
f 1065/1072/6302 1332/1346/6303 1333/1348/6304
f 1497/1497/6305 1496/1496/6306 1469/1469/6307
f 1106/1118/6308 1034/1040/6309 1105/1113/6310
f 1169/1175/6311 1163/1169/6312 1162/1170/6313 1170/1163/6314
f 780/779/6315 824/831/6316 819/826/6317
f 780/779/6318 1453/1453/6319 827/835/6320
f 829/838/6321 827/835/6322 1454/1454/6323
f 829/838/6324 1455/1455/6325 836/846/6326
f 708/710/6327 1456/1456/6328 723/724/6329
f 202/231/6330 987/996/6331 365/373/6332
f 1390/1135/6333 753/754/6334 368/377/6335
f 754/755/6336 753/754/6337 1390/1135/6338 1395/1404/6339
f 755/756/6340 754/755/6341 1395/1404/6342 1393/1403/6343
f 756/757/6344 755/756/6345 1393/1403/6346 1392/1401/6347
f 1364/1397/6348 757/758/6349 756/757/6350 1392/1401/6351
f 1365/1396/6352 758/759/6353 757/758/6354 1364/1397/6355
f 759/760/6356 758/759/6357 1365/1396/6358 1388/1395/6359
f 760/761/6360 759/760/6361 1388/1395/6362 1387/1394/6363
f 761/762/6364 760/761/6365 1387/1394/6366 1386/1393/6367
f 762/763/6368 761/762/6369 1386/1393/6370 1385/1392/6371
f 763/764/6372 762/763/6373 1385/1392/6374 1384/1391/6375
f 764/765/6376 763/764/6377 1384/1391/6378 1383/1390/6379
f 765/766/6380 764/765/6381 1383/1390/6382 1382/1389/6383
f 766/767/6384 765/766/6385 1382/1389/6386 1381/1388/6387
f 767/768/6388 766/767/6389 1381/1388/6390 1380/1387/6391
f 768/769/6392 767/768/6393 1380/1387/6394 1379/1385/6395
f 614/654/6396 768/769/6397 1379/1385/6398 1377/1386/6399
f 614/654/6400 1377/1386/6401 1397/1405/6402 769/656/6403
f 1397/1405/6404 1414/1420/6405 770/770/6406 769/656/6407
f 1414/1420/6408 1413/1419/6409 771/771/6410 770/770/6411
f 1413/1419/6412 1412/1418/6413 772/772/6414 771/771/6415
f 1412/1418/6416 1411/1417/6417 773/773/6418 772/772/6419
f 1411/1417/6420 1410/1416/6421 774/774/6422 773/773/6423
f 1410/1416/6424 1409/1415/6425 775/775/6426 774/774/6427
f 1409/1415/6428 1408/1414/6429 776/776/6430 775/775/6431
f 1408/1414/6432 1407/1413/6433 777/777/6434 776/776/6435
f 1144/1154/6436 374/395/6437 777/777/6438 1407/1413/6439
f 1238/1243/6440 1240/1246/6441 1375/1382/6442
f 1255/1262/6443 1257/1265/6444 1373/1380/6445
f 1262/1271/6446 1265/1274/6447 1372/1379/6448
f 1267/1277/6449 1270/1280/6450 1371/1378/6451
f 1272/1283/6452 1275/1286/6453 1370/1377/6454
f 1302/1306/6455 1368/1375/6456 1282/1295/6457
f 1277/1289/6458 1280/1292/6459 1369/1376/6460
f 551/562/6461 530/550/6462 531/551/6463
f 526/544/6464 529/547/6465 525/543/6466
f 521/537/6467 524/540/6468 520/536/6469
f 516/530/6470 519/533/6471 515/529/6472
f 511/523/6473 514/526/6474 510/522/6475
f 504/513/6476 506/516/6477 505/515/6478
f 487/492/6479 489/496/6480 488/495/6481
f 483/487/6482 474/476/6483 475/477/6484
